182
8
15482
60
33 2
38 2
38 2
31 4
35 2
42 3
34 3
37 1
40 4
42 2
34 1
32 1
31 4
34 1
38 2
40 1
41 3
33 4
31 5
31 3
34 2
34 1
41 3
32 5
36 2
31 1
34 5
36 1
31 3
42 4
42 4
39 1
34 1
37 2
35 1
31 2
35 5
42 1
35 2
30 4
35 4
31 2
31 4
39 2
39 5
35 2
35 2
35 5
30 4
35 4
35 3
35 5
40 2
40 2
42 4
35 2
35 2
33 5
37 3
32 1
37 4
34 2
40 3
30 1
30 2
33 3
39 4
38 2
40 5
30 3
40 2
33 4
35 1
32 1
39 3
34 4
42 3
30 2
38 1
39 3
30 5
32 3
37 4
40 2
30 1
32 5
37 4
32 1
37 1
31 3
40 4
38 2
41 5
40 3
37 3
35 2
38 2
42 4
33 5
33 4
30 2
37 4
38 1
40 4
42 4
41 3
41 5
32 5
33 1
37 2
40 5
42 3
37 3
32 4
38 3
41 3
37 5
35 1
39 4
36 4
30 2
34 1
42 2
35 3
31 4
38 3
39 2
30 3
31 2
34 4
30 4
42 1
37 5
41 5
38 3
33 3
40 5
30 2
32 3
41 5
35 4
40 1
30 4
40 5
37 5
41 4
36 4
37 2
42 4
34 2
34 3
30 4
32 3
39 1
39 1
37 2
35 1
30 2
38 3
33 3
30 1
38 2
33 2
37 2
33 1
31 5
30 1
37 4
33 3
35 2
35 3
34 2
31 3
33 4
30 2
30 5
35 4
34 1
35 2
42 2
30 5
42 4
4 110
10 56
17 46
147 157
11 132
32 62
6 171
27 48
30 128
14 92
34 176
97 156
4 15
19 94
83 96
59 137
62 97
41 156
49 146
2 83
97 129
56 77
38 94
93 151
146 170
108 136
33 76
83 165
43 146
100 174
132 138
113 118
22 26
108 171
30 75
54 76
21 121
48 153
49 120
49 163
119 144
95 109
31 181
27 80
7 154
17 112
86 171
137 157
75 147
56 96
72 132
61 138
3 105
46 161
15 168
58 144
27 59
134 171
18 23
111 156
15 46
21 28
80 97
85 167
66 77
75 169
83 109
14 149
137 180
54 65
69 153
51 132
122 126
102 114
89 106
63 117
3 117
38 60
34 138
69 98
70 161
68 103
59 162
101 174
106 167
69 83
155 176
28 126
4 152
131 135
42 136
83 180
72 152
83 173
61 91
73 76
49 77
155 164
160 173
57 118
12 20
142 147
36 110
62 174
78 82
90 169
31 155
25 61
21 132
78 101
10 86
130 131
5 149
71 90
80 151
39 171
32 174
9 118
34 161
124 173
10 172
150 158
69 142
139 162
147 159
135 176
7 98
65 102
33 178
35 48
2 57
33 107
7 152
14 89
89 109
20 45
117 177
27 147
47 170
27 28
88 170
156 176
18 123
37 99
77 87
46 73
171 179
4 99
93 104
14 55
85 181
109 126
84 143
92 142
26 142
28 105
27 134
87 161
56 113
115 164
1 140
92 112
51 151
16 160
114 145
12 167
11 130
42 78
28 139
99 140
57 136
90 134
7 75
8 158
39 159
33 49
21 56
125 154
44 52
117 145
99 156
121 123
15 81
25 54
39 70
139 146
104 174
14 152
73 141
30 162
17 77
16 173
1 51
94 180
100 125
28 85
56 71
32 123
0 110
64 164
163 170
39 90
115 149
10 133
6 152
21 52
153 176
30 59
142 160
57 95
32 168
14 105
102 132
2 150
96 165
118 162
75 135
65 116
30 102
153 167
119 169
120 157
60 143
0 96
50 75
64 122
39 56
17 75
15 106
3 81
110 127
81 136
15 18
38 132
64 75
83 141
9 79
40 149
22 117
35 150
15 119
8 59
156 165
49 56
31 159
3 136
18 109
47 112
26 116
53 56
84 116
25 174
23 70
137 178
34 96
81 106
2 19
28 138
45 137
40 92
44 50
134 137
62 114
96 141
2 18
50 67
47 88
2 138
135 138
42 56
125 153
45 74
22 130
6 91
80 110
24 36
102 128
10 53
56 162
95 150
1 91
20 61
76 147
91 113
1 101
14 58
109 148
50 135
89 150
102 160
91 133
45 84
29 119
50 138
76 102
44 106
27 125
74 88
84 128
97 177
17 103
79 144
83 137
30 151
1 86
9 44
134 143
141 161
4 146
1 23
68 121
60 142
116 163
62 151
29 62
24 92
41 78
6 87
44 82
57 140
51 113
63 155
32 100
138 145
165 173
93 180
3 139
92 121
70 85
14 66
129 155
77 165
8 174
15 70
109 113
138 178
42 81
133 180
77 109
146 178
48 78
67 143
141 165
19 115
99 179
55 81
21 165
87 119
61 111
34 54
21 86
13 84
50 86
28 98
73 107
151 169
57 74
1 158
5 98
43 130
89 102
45 49
114 165
35 46
50 54
119 141
154 173
31 67
83 167
41 66
26 154
7 103
111 139
67 128
25 35
0 79
20 153
151 171
68 108
148 152
50 79
171 178
6 97
48 175
61 109
142 149
21 29
22 132
34 63
43 174
41 72
94 134
89 175
13 93
166 173
34 144
110 133
6 99
9 33
20 160
48 62
126 167
106 155
127 151
25 129
154 176
24 109
9 147
96 102
138 140
0 82
25 53
31 143
88 113
10 17
93 154
31 173
18 167
12 15
49 121
6 144
110 117
34 84
65 87
110 180
106 118
56 98
44 68
10 30
126 139
99 131
37 144
43 139
132 159
44 153
146 160
78 91
151 158
56 168
33 58
9 137
53 95
43 55
26 103
56 149
5 97
34 151
60 104
39 161
93 163
12 101
109 173
85 140
101 128
11 167
75 170
56 171
43 46
17 165
85 112
18 176
97 179
85 179
34 113
79 90
80 100
35 57
77 116
30 111
33 63
149 151
37 74
153 172
75 108
55 119
57 102
12 64
90 157
39 87
61 150
82 140
110 128
84 119
89 125
51 89
1 42
14 60
69 176
16 100
45 114
40 98
60 166
32 64
23 126
73 159
29 138
2 52
12 175
83 106
8 76
61 108
89 132
11 49
22 96
135 142
140 169
82 131
94 97
26 88
47 115
81 149
100 119
0 43
104 142
171 175
6 78
33 125
2 8
2 109
110 159
11 149
118 122
45 66
17 144
29 103
19 26
15 57
134 154
10 160
57 158
55 84
35 134
95 115
80 101
83 166
13 89
52 79
81 105
115 117
28 117
4 55
156 173
18 157
14 59
54 181
36 172
111 154
33 175
58 66
72 112
140 150
41 116
6 70
22 72
91 163
49 57
2 39
87 181
110 111
172 176
24 34
103 179
178 179
42 87
9 43
36 122
44 107
6 123
29 54
3 19
25 117
18 170
58 169
110 158
3 95
174 178
54 64
128 147
52 155
84 100
17 20
59 130
27 63
82 86
41 107
25 96
4 65
42 172
26 173
9 104
55 156
54 138
9 66
17 42
4 67
50 129
99 145
83 94
27 160
28 70
95 113
4 156
31 59
78 148
15 38
23 40
160 180
82 122
104 140
43 104
11 31
124 130
106 131
29 122
12 82
16 19
88 156
127 165
151 152
20 27
30 116
2 47
157 165
33 61
90 116
92 157
35 38
8 142
94 114
148 179
35 67
14 109
113 146
86 125
134 173
3 144
89 97
90 175
96 149
88 177
119 138
102 135
11 96
33 147
13 73
32 47
21 179
0 71
67 155
39 165
48 140
77 126
44 103
89 163
72 90
20 122
11 82
2 144
36 153
104 141
96 150
96 148
72 79
82 180
109 160
27 126
58 120
89 122
37 117
56 76
16 52
126 157
131 144
6 9
6 26
114 171
21 171
6 150
73 139
122 175
53 81
64 67
3 158
2 125
60 94
44 102
42 167
13 134
156 174
60 117
46 110
5 75
126 150
62 88
23 164
94 167
68 153
25 58
142 155
2 82
141 172
117 132
43 96
138 164
55 135
34 153
34 155
39 81
143 169
118 172
58 152
33 176
97 146
10 146
39 54
2 49
40 144
5 172
99 151
84 175
1 104
98 145
15 80
0 129
38 143
15 99
71 147
40 178
131 163
61 178
25 37
23 145
29 160
121 142
0 64
40 110
91 132
25 115
17 106
100 118
52 67
140 152
93 124
44 177
16 79
141 145
19 159
48 53
67 139
88 110
35 45
39 84
4 66
64 134
23 64
129 153
50 181
30 53
41 97
76 168
25 161
96 129
32 151
17 157
89 101
174 180
120 136
89 181
144 159
2 102
13 81
61 105
44 138
108 159
43 54
66 73
77 94
27 84
3 55
24 176
118 142
85 125
114 166
83 102
46 167
98 159
30 94
17 179
29 97
38 165
127 164
114 126
85 88
68 76
32 37
110 134
43 118
38 102
20 139
57 117
26 66
147 176
52 141
14 33
23 121
10 72
17 115
23 67
10 16
3 28
42 152
35 73
91 102
51 117
129 180
85 98
143 155
89 117
119 154
40 65
23 53
35 99
106 170
123 142
45 69
20 158
69 135
90 113
109 135
53 91
116 159
44 155
16 90
130 158
82 154
17 180
25 68
38 164
82 95
72 167
6 139
31 141
10 137
14 49
25 145
45 89
79 112
24 108
73 129
10 83
39 64
2 44
63 176
138 161
34 152
45 174
31 164
148 167
28 57
12 51
5 23
24 39
149 153
44 61
59 181
35 58
144 152
2 176
16 117
54 58
2 177
26 169
156 169
100 109
71 176
27 110
12 94
44 154
128 167
63 130
8 32
109 133
105 167
15 36
43 122
40 155
160 168
76 165
49 91
73 174
36 53
74 99
27 117
5 135
6 162
17 104
143 150
88 140
32 118
52 158
2 146
31 114
75 96
84 134
34 104
26 166
14 46
8 126
127 170
46 177
18 48
71 122
119 159
40 63
61 78
159 161
87 172
12 149
73 172
12 172
47 65
10 84
113 181
13 28
5 181
55 123
63 87
110 121
10 88
13 79
36 108
126 131
44 165
50 163
84 122
113 170
120 141
25 144
95 138
3 57
22 160
1 37
14 157
13 70
14 131
86 94
129 157
0 48
43 126
33 53
60 164
24 60
116 125
141 147
79 86
5 63
115 179
22 105
6 44
68 171
33 89
85 163
109 137
6 142
140 177
12 75
74 117
95 104
26 61
31 179
32 166
5 105
28 29
29 148
160 177
53 154
0 15
62 161
148 157
116 164
64 73
43 137
22 138
17 125
58 155
114 177
77 167
48 55
147 148
108 125
4 113
27 107
72 140
64 109
49 105
124 179
74 159
28 71
98 137
16 68
41 94
22 30
65 147
38 105
62 162
36 143
51 177
61 158
96 143
43 105
120 143
72 145
0 126
73 115
3 27
25 94
12 156
86 161
12 72
71 146
76 89
12 114
68 100
79 105
104 133
18 165
21 151
93 145
168 178
22 115
19 51
38 170
54 81
94 109
83 150
19 175
43 109
8 148
35 56
33 70
5 45
77 122
29 73
129 159
12 85
121 175
59 80
37 110
63 180
52 107
57 76
6 148
18 175
30 127
71 144
16 133
43 92
42 50
22 94
36 117
68 123
99 170
37 96
36 63
0 125
1 175
0 45
16 107
26 172
3 47
42 80
30 115
14 35
81 113
8 138
25 90
7 51
1 148
19 139
28 37
134 146
105 122
117 173
123 157
59 112
17 68
3 160
105 164
62 63
44 90
4 115
47 163
68 73
2 153
126 127
127 136
48 80
45 124
95 125
44 56
89 127
52 170
85 148
68 162
32 98
24 27
82 115
14 64
9 119
78 86
134 158
10 165
13 17
14 82
74 114
121 177
93 119
79 130
29 178
74 142
65 94
124 134
51 70
77 179
111 178
107 174
33 166
82 102
106 110
95 175
1 141
12 110
101 164
137 162
112 124
4 125
80 163
2 96
1 70
101 149
96 98
31 52
40 146
3 132
40 170
92 139
65 172
19 156
43 75
15 75
120 174
111 149
11 40
83 86
9 105
7 120
66 97
133 135
31 73
67 127
86 101
17 140
1 112
57 154
3 140
69 118
150 153
85 169
23 171
20 85
38 123
121 128
56 58
26 162
88 114
82 90
17 82
80 138
33 144
99 158
43 48
18 26
109 112
44 127
6 132
81 160
65 85
37 143
90 101
71 84
153 170
57 151
79 139
10 74
69 168
59 139
22 153
28 32
9 59
102 127
46 98
23 56
41 93
57 153
127 168
36 144
79 109
138 143
35 179
47 70
90 110
65 75
74 165
46 140
91 130
31 166
28 91
78 93
52 75
29 87
36 131
35 121
6 118
9 163
42 70
72 117
62 167
59 174
83 111
25 74
7 133
11 121
67 107
30 44
108 156
27 57
60 139
73 163
86 144
17 37
121 153
29 171
48 110
57 91
62 105
82 132
72 98
97 118
33 108
85 136
124 142
36 120
55 103
168 175
21 140
50 165
43 176
0 181
30 93
101 158
63 103
85 174
68 77
123 155
106 160
52 103
85 128
9 96
62 73
9 110
48 118
61 121
74 125
4 179
40 134
10 37
124 168
19 173
49 80
54 55
21 176
31 178
138 142
65 88
88 176
36 61
147 171
97 138
15 110
71 156
50 73
63 175
6 177
24 28
90 178
59 70
79 124
99 141
27 119
99 127
65 118
56 146
122 134
100 131
13 48
93 148
10 159
12 16
93 170
97 175
52 123
117 158
28 84
142 153
1 52
68 112
110 156
90 91
98 111
17 139
16 118
40 119
101 152
23 51
117 129
40 125
132 141
7 171
19 83
72 126
13 37
96 159
34 174
53 57
8 62
14 91
64 173
24 138
72 83
37 78
69 87
96 151
44 81
13 105
72 86
30 68
94 170
3 23
77 96
43 53
5 138
148 156
40 151
1 92
70 177
32 130
43 173
97 141
22 23
50 139
86 138
107 118
108 179
54 165
24 54
70 145
42 66
80 173
71 101
104 139
6 95
80 125
43 72
134 178
56 59
62 81
18 166
9 19
66 82
84 170
102 110
32 102
113 163
55 107
70 160
108 110
4 62
107 171
155 179
50 101
47 94
73 140
33 79
62 181
43 164
79 87
103 116
9 139
44 96
20 147
19 99
112 118
112 145
65 139
77 152
122 181
23 30
5 127
64 140
6 133
96 115
92 125
21 68
106 133
27 42
10 68
43 62
18 83
68 96
1 31
17 96
133 147
12 39
35 50
68 93
93 107
65 70
52 71
67 98
59 143
0 67
71 112
34 86
79 156
62 119
56 107
48 126
92 113
97 180
13 25
33 87
37 108
75 137
1 15
18 101
12 174
40 138
85 100
103 158
32 46
26 32
59 116
14 84
40 60
15 24
14 134
48 163
68 110
0 62
63 85
97 169
13 155
48 73
125 131
73 148
10 54
90 102
7 10
70 106
12 128
166 174
15 117
23 111
129 181
145 149
33 47
81 84
160 171
41 135
9 85
16 30
20 149
179 181
19 62
67 124
1 8
101 171
80 158
114 149
53 88
74 75
154 180
4 132
45 152
165 168
127 131
15 132
95 176
57 72
89 143
141 156
27 58
170 172
96 140
138 155
81 101
38 86
39 92
76 164
22 157
112 180
20 92
12 152
115 158
63 112
25 26
51 79
84 163
108 145
15 54
24 50
66 160
50 69
88 122
117 142
89 161
63 131
38 81
83 131
22 120
58 142
38 74
132 154
75 171
106 125
105 129
126 181
23 73
67 178
32 69
117 141
44 121
100 152
49 158
17 142
23 119
11 87
72 74
66 72
4 164
115 180
66 163
46 173
40 69
113 175
13 41
27 169
50 128
29 57
28 52
163 174
6 30
56 161
28 40
103 123
132 168
54 59
30 58
112 146
16 78
84 140
85 87
42 138
52 131
16 36
9 49
113 133
49 171
12 49
2 98
4 166
159 165
16 95
8 168
90 171
24 121
45 102
76 110
3 52
65 80
134 157
63 126
54 127
101 110
35 95
43 134
32 83
132 139
132 164
16 158
25 124
24 169
52 55
61 133
13 87
70 74
128 174
37 101
80 136
121 163
93 106
12 79
102 152
10 112
89 180
105 160
64 141
36 73
89 174
9 153
6 89
22 146
80 84
15 31
84 160
23 77
99 107
16 98
85 144
8 114
146 173
57 67
60 100
94 157
80 94
39 65
31 111
12 115
0 174
16 146
141 151
30 82
39 157
53 128
44 181
73 166
1 75
64 116
62 180
78 85
99 177
24 91
73 137
68 166
80 142
100 151
59 93
39 97
30 85
89 93
40 106
73 74
104 131
16 49
57 132
36 121
41 161
59 154
62 86
128 172
56 111
53 61
24 159
105 158
49 96
58 104
102 113
74 168
13 151
25 49
46 78
118 138
45 176
27 75
152 168
94 112
4 151
101 125
24 46
19 70
38 128
52 99
35 49
68 105
23 122
14 146
55 159
44 142
63 90
102 134
15 146
83 168
73 110
17 23
71 126
91 180
136 143
9 135
61 101
22 122
109 150
90 118
20 72
2 34
10 147
123 151
14 124
53 163
15 71
155 174
162 175
54 130
152 163
26 100
10 85
52 118
114 125
66 100
13 165
5 179
130 139
46 138
6 111
6 137
104 151
12 13
89 116
59 85
15 133
64 86
104 171
19 32
52 121
5 85
33 37
32 161
4 148
26 119
62 138
78 181
122 149
136 144
50 95
121 162
29 167
80 137
96 134
89 133
79 101
45 88
86 158
144 145
57 138
115 162
38 178
126 132
63 96
93 118
26 44
7 16
39 153
62 156
99 117
10 44
66 176
69 80
56 90
15 62
17 62
158 175
124 125
34 179
112 143
62 93
75 127
33 100
12 118
122 172
150 179
91 129
71 136
36 161
18 92
37 39
112 162
28 95
54 108
47 119
60 102
35 64
4 44
28 143
94 179
17 84
59 133
57 77
23 72
43 113
77 125
84 123
70 174
30 83
99 125
142 148
11 53
74 123
114 133
83 132
54 89
19 152
91 176
52 119
39 176
105 136
21 122
32 136
64 108
107 117
76 109
79 152
28 151
73 158
37 100
77 160
56 173
89 129
30 176
24 154
47 173
21 32
43 61
74 87
165 174
137 174
132 135
98 175
29 123
73 121
2 9
86 111
4 145
14 52
136 177
117 122
89 178
47 126
25 135
38 134
2 24
89 173
53 117
109 128
55 173
124 149
45 169
138 174
115 154
74 179
67 150
7 146
30 72
86 149
32 146
33 153
128 155
55 98
17 166
41 55
76 126
77 156
73 94
101 145
91 168
44 109
9 152
58 72
17 160
105 139
109 111
94 149
80 118
139 159
44 143
16 76
78 100
77 135
49 124
19 176
71 104
103 145
162 179
11 89
7 150
68 157
168 169
6 108
24 116
150 178
140 165
6 23
85 124
105 173
111 113
3 4
13 102
107 178
25 102
47 92
74 78
13 19
99 100
78 156
127 146
71 111
150 164
47 125
12 112
70 83
32 54
139 150
25 50
38 166
72 111
28 88
0 49
14 36
62 129
31 118
52 151
152 174
8 27
51 55
13 68
23 141
8 123
127 181
64 155
52 174
12 139
76 179
0 28
57 169
101 108
80 166
67 94
109 124
80 150
56 126
72 173
23 166
41 123
63 79
83 107
41 165
92 100
41 159
89 164
25 151
136 157
45 157
64 79
52 168
50 158
106 119
99 104
95 127
58 108
52 147
52 172
103 141
73 156
44 152
85 164
95 133
24 64
12 179
168 176
103 130
17 155
49 99
1 63
4 97
57 58
115 130
48 130
129 150
3 25
35 177
85 95
24 83
117 175
86 147
120 155
5 93
4 35
35 117
58 81
73 120
20 77
51 61
108 175
16 20
128 132
51 163
63 147
11 14
5 88
33 164
12 124
55 128
67 108
82 164
1 68
163 168
18 57
13 146
24 38
21 158
3 106
29 117
36 178
29 49
136 140
51 178
22 158
38 142
49 54
68 177
152 159
19 79
1 115
33 60
37 85
15 172
59 152
45 90
22 66
95 101
71 140
19 113
67 117
39 83
27 70
42 112
51 66
164 179
50 172
5 171
18 91
54 134
143 158
46 102
88 174
54 69
113 148
21 167
128 176
71 118
3 147
58 173
6 167
17 21
18 21
139 157
16 157
45 119
56 68
15 151
20 162
54 148
49 74
72 77
45 133
99 160
81 172
53 97
16 70
17 158
56 135
124 166
30 146
101 120
104 113
109 161
45 94
74 127
75 146
38 124
6 146
26 181
70 75
58 179
35 61
78 90
64 84
16 75
6 45
74 90
168 173
42 119
138 168
67 75
153 173
47 133
2 17
38 180
56 176
15 145
15 113
31 160
122 161
6 76
26 39
63 148
37 173
0 22
73 96
21 152
27 151
133 157
89 179
93 165
44 171
2 70
24 161
163 176
75 121
60 110
34 42
35 44
73 165
48 173
22 148
53 166
153 158
76 116
68 134
55 137
28 86
51 74
7 26
44 87
86 135
65 171
61 89
28 124
54 112
133 172
142 145
39 119
65 107
0 32
129 161
0 14
124 155
72 100
87 103
39 175
26 128
126 168
9 126
143 151
0 168
22 165
48 84
108 158
93 174
106 132
92 152
12 177
90 132
2 108
69 110
39 85
19 143
87 176
70 100
165 181
164 167
112 174
28 130
14 116
35 132
114 176
40 57
128 162
80 111
33 118
54 131
2 14
2 11
89 123
2 165
47 93
32 140
2 23
62 83
58 70
82 118
121 138
113 126
13 77
48 133
71 179
13 111
69 151
45 126
49 114
36 95
2 51
21 160
60 109
84 88
25 181
122 127
5 176
41 171
114 155
111 123
1 44
104 107
58 111
108 117
35 98
31 148
165 171
14 31
3 111
71 128
19 133
74 95
0 175
120 129
60 90
55 133
31 47
49 66
71 94
1 48
15 156
36 75
19 157
114 162
62 145
28 89
45 166
26 129
10 156
78 125
5 177
57 145
83 179
22 75
29 133
104 153
38 97
37 134
25 52
33 41
28 83
21 58
72 129
91 92
20 68
29 151
105 148
7 93
63 78
55 157
69 171
33 114
4 75
54 135
44 92
88 115
19 108
68 145
14 85
98 172
54 170
4 175
13 86
89 126
142 151
63 93
93 110
144 154
20 107
124 180
43 88
129 168
78 175
93 173
47 177
66 96
76 144
141 153
108 164
15 65
68 150
74 128
72 87
13 139
57 166
135 163
51 95
15 120
136 166
27 82
99 139
33 44
107 129
5 170
96 126
9 40
21 44
75 156
30 166
22 47
120 172
47 113
74 91
83 153
135 151
66 150
20 54
1 134
52 169
4 5
27 154
87 98
13 44
54 132
115 129
3 26
2 53
14 158
150 170
13 174
34 107
82 181
122 153
23 116
10 19
68 98
29 50
17 145
17 146
24 141
32 49
98 102
40 81
12 38
122 179
5 20
154 164
97 124
66 165
40 62
12 60
91 124
132 142
118 132
126 176
17 97
132 151
112 156
4 169
95 152
134 141
16 89
73 77
12 136
31 137
35 124
31 43
160 181
46 93
61 103
32 119
141 163
81 133
54 178
4 37
79 106
2 78
66 87
3 89
55 106
56 118
4 54
161 164
28 96
27 44
71 110
53 115
59 66
25 134
11 70
13 66
70 162
88 134
85 134
53 164
17 149
97 106
111 130
88 101
29 94
77 121
52 72
106 151
14 74
149 150
26 176
70 118
52 138
2 16
33 116
10 175
110 140
1 118
5 132
22 118
76 138
93 143
67 82
95 178
116 124
4 56
54 95
134 140
12 163
21 137
36 82
10 144
93 150
62 121
10 106
60 106
11 107
20 87
79 161
42 106
117 155
55 175
36 52
120 181
97 108
84 153
55 109
60 75
35 104
99 176
37 162
11 171
37 66
33 84
76 140
7 175
31 82
82 145
10 46
71 165
54 115
82 134
34 145
161 171
47 129
7 169
75 98
24 41
26 140
158 177
13 75
51 106
13 175
6 125
117 164
56 115
80 140
15 121
32 115
15 44
143 165
159 175
22 124
76 143
37 86
13 92
30 171
8 60
134 139
163 173
45 63
18 44
4 61
87 139
85 132
20 41
37 55
75 103
124 126
149 180
31 62
108 131
2 113
14 56
136 173
34 50
75 165
57 119
81 180
32 94
3 97
89 147
153 162
47 89
47 82
24 107
28 72
79 84
69 79
5 129
131 166
13 109
96 112
27 97
10 145
116 144
31 133
35 138
53 160
93 133
43 127
108 160
53 87
19 145
2 56
34 83
36 67
45 180
97 144
89 158
34 112
8 90
97 162
75 116
38 145
91 144
25 28
34 114
28 44
99 163
59 109
15 25
139 143
14 78
31 161
92 95
8 111
47 87
142 156
59 163
41 52
4 93
17 169
18 40
136 138
80 85
45 172
113 139
133 145
138 148
127 132
79 160
10 87
77 143
67 168
115 156
93 164
0 16
2 50
81 116
58 71
6 113
22 98
29 45
16 53
8 65
0 88
74 133
78 119
91 146
83 95
57 165
37 133
143 146
106 135
10 151
94 181
5 37
67 134
17 178
36 85
91 158
8 30
100 158
90 145
41 105
66 67
51 157
120 133
58 178
134 150
56 80
72 170
22 35
32 33
73 101
154 168
11 12
16 140
163 171
112 117
100 124
21 156
25 176
59 108
58 85
10 66
46 97
63 67
65 160
120 145
116 136
20 35
40 71
32 171
14 175
17 19
139 145
39 152
100 171
133 140
98 181
37 116
86 122
82 136
114 147
144 148
33 137
25 131
21 118
93 168
76 152
32 133
81 162
57 123
126 156
146 180
66 109
52 159
117 125
3 110
4 79
26 165
27 146
92 134
48 169
108 139
104 121
39 130
30 126
163 175
101 117
104 168
30 45
53 123
138 159
20 172
3 142
29 48
25 93
2 43
74 109
69 181
58 96
85 158
42 49
43 157
53 58
118 158
14 144
111 132
134 153
56 128
13 150
4 34
118 181
46 115
10 118
23 71
71 130
30 32
36 51
0 162
48 77
119 139
58 174
118 155
73 122
13 120
83 93
99 102
43 166
42 44
113 168
92 158
48 52
137 144
71 95
54 72
18 119
15 85
37 54
58 125
112 116
75 124
28 36
15 84
26 150
10 124
20 124
10 59
91 149
39 126
51 56
50 108
39 164
29 105
87 148
60 159
83 181
36 49
55 125
100 106
25 75
48 122
29 153
49 169
130 144
95 148
9 157
15 97
32 96
1 6
67 159
62 172
33 115
46 53
60 64
64 129
94 121
47 106
136 163
119 156
45 100
2 119
3 59
92 106
3 164
75 112
39 106
34 91
87 170
14 111
61 149
80 132
7 151
82 116
94 164
123 135
49 83
125 149
44 144
48 107
63 118
91 96
116 175
37 56
130 157
78 176
63 102
117 133
45 115
8 172
60 181
115 177
59 89
25 82
18 64
17 110
75 85
15 95
32 51
20 25
37 45
142 173
6 147
53 168
12 40
82 163
78 136
107 158
82 111
115 172
97 151
109 114
119 171
8 116
152 173
0 104
2 166
40 162
45 156
100 164
90 139
33 161
80 102
78 127
77 95
27 100
87 171
91 154
40 68
36 77
57 107
122 163
3 103
146 163
67 177
11 28
63 160
66 154
131 172
79 116
23 151
8 79
63 162
48 79
7 27
84 152
45 143
94 135
145 168
33 95
53 155
101 121
18 102
44 130
5 25
40 41
46 136
167 176
22 69
54 122
16 63
121 127
170 175
86 143
51 73
86 157
12 98
48 128
5 33
127 163
25 154
100 170
75 143
125 139
27 99
93 122
27 167
35 135
34 52
50 65
45 113
132 145
114 136
126 175
102 172
41 70
59 72
96 171
30 60
62 76
151 178
43 138
58 76
12 57
64 121
63 169
91 122
77 132
50 88
20 136
77 174
60 169
126 170
8 164
20 26
80 96
26 174
25 97
34 102
64 139
63 145
64 125
114 156
77 82
96 139
59 102
60 91
13 50
83 112
64 165
8 120
42 135
68 120
75 120
26 93
94 173
133 160
167 174
53 98
103 177
59 79
65 148
136 175
86 166
81 153
11 58
47 121
17 167
148 172
5 124
7 77
76 142
104 146
3 181
45 148
9 156
20 170
95 153
7 114
27 36
42 122
123 181
61 97
21 82
95 180
58 86
36 164
52 98
140 153
27 111
68 144
25 167
64 146
14 162
23 139
13 26
77 129
41 158
38 117
53 99
93 155
105 121
39 148
1 62
29 72
10 152
6 135
127 139
47 124
76 91
9 130
105 132
88 161
171 180
8 35
134 177
6 140
23 181
5 118
30 177
37 152
33 117
103 180
30 41
4 126
67 76
18 25
94 159
50 142
58 167
86 98
33 133
72 76
170 180
2 94
23 38
52 140
6 28
44 129
1 27
8 105
27 79
24 131
120 175
150 177
45 95
22 113
151 161
110 179
120 127
85 111
39 46
99 171
69 88
96 153
84 125
36 93
11 83
89 115
72 151
55 142
84 151
129 139
23 156
129 140
42 148
44 147
25 47
37 153
133 152
28 104
9 108
72 134
13 76
63 165
116 181
41 119
105 123
16 129
101 156
80 143
76 82
98 156
3 17
19 58
55 112
58 154
44 57
22 40
60 121
98 149
11 98
80 89
89 103
59 159
48 61
99 111
27 132
91 101
69 134
17 57
12 155
76 155
105 131
79 171
33 162
73 100
86 129
128 150
156 166
128 139
118 157
142 179
126 174
51 129
93 158
20 175
62 135
44 59
34 129
12 150
70 171
115 175
78 174
37 107
4 161
103 113
76 79
84 115
61 131
12 70
88 154
125 130
100 112
50 122
95 122
11 24
8 160
92 166
114 167
53 134
101 168
14 73
91 127
70 132
21 177
51 92
20 118
111 143
28 159
46 168
13 56
28 119
35 76
18 137
76 131
63 141
25 89
26 152
98 150
147 178
45 60
21 164
20 47
88 162
38 174
32 128
35 173
0 33
149 170
100 148
21 144
57 130
56 88
89 166
27 60
1 73
3 16
97 133
22 109
76 177
44 73
58 157
13 24
78 126
4 133
16 125
50 120
81 154
49 174
14 170
110 177
33 97
144 153
57 84
41 87
151 170
12 106
30 31
94 119
112 126
15 116
29 74
10 120
28 43
97 135
110 164
35 87
122 130
70 104
145 150
58 149
44 58
20 106
26 111
81 161
25 88
8 18
5 41
88 104
76 104
34 135
84 109
30 81
128 165
87 136
130 170
14 168
140 161
175 181
86 103
66 102
68 133
24 135
76 169
12 36
94 106
21 51
106 178
123 168
3 152
154 157
114 117
149 152
25 66
101 135
23 41
39 127
8 73
19 147
59 150
105 149
18 164
16 112
101 157
92 144
15 76
62 116
11 178
69 143
9 73
6 117
90 112
157 181
87 174
16 178
18 104
95 108
63 179
49 150
56 57
37 149
4 87
72 99
24 124
49 143
47 130
27 174
68 181
42 166
140 174
59 179
123 167
90 114
114 144
19 66
140 175
35 140
20 157
48 135
2 38
30 89
53 179
28 101
40 45
29 47
40 153
22 106
120 170
13 130
122 142
42 134
47 105
33 179
6 96
44 162
8 12
43 148
29 116
142 170
56 139
17 107
29 53
73 118
11 181
130 141
141 150
5 121
142 162
60 73
80 181
14 167
9 68
12 100
35 102
43 44
105 153
37 43
9 45
3 51
113 138
20 46
96 121
88 179
140 167
111 166
108 141
24 69
35 72
26 43
66 95
6 165
10 91
39 58
67 96
146 152
34 37
21 61
78 103
11 13
112 155
77 159
147 180
129 130
99 118
86 177
62 94
35 96
92 147
7 65
140 166
68 173
43 179
13 181
73 81
13 101
53 105
136 172
51 173
72 96
116 177
9 113
85 159
18 39
63 143
25 85
103 178
29 93
151 179
33 152
144 180
25 62
85 115
39 89
14 107
40 104
64 159
83 125
14 113
25 87
6 10
37 48
22 149
134 151
21 131
10 15
81 176
86 126
47 150
78 96
81 93
55 172
16 35
47 181
42 76
131 154
0 143
73 127
6 122
39 71
72 125
24 144
117 140
47 98
8 180
51 171
107 168
72 180
28 118
8 16
122 176
89 137
25 60
118 176
26 36
98 136
61 122
0 63
22 36
22 108
19 117
34 109
54 157
42 181
161 175
72 157
69 141
92 140
90 180
32 178
65 168
60 77
116 162
63 167
39 62
154 158
111 167
108 126
40 96
48 56
74 134
147 164
23 150
40 129
104 163
47 49
5 92
0 83
2 127
50 70
33 57
127 152
18 72
90 98
154 156
5 164
49 166
77 181
39 131
49 144
7 21
129 154
25 32
71 123
105 166
7 168
15 29
21 129
167 171
38 90
21 139
50 85
14 126
3 162
32 91
81 175
11 54
2 164
105 175
43 110
13 163
29 42
66 158
62 154
82 88
38 78
60 129
31 116
162 174
17 147
136 169
90 159
21 31
70 148
84 161
24 59
54 163
88 181
71 106
3 123
134 149
157 168
0 161
66 135
43 108
71 109
22 172
2 64
22 86
1 13
27 144
25 45
57 157
49 165
17 177
72 97
0 120
42 175
38 167
14 76
102 167
28 93
13 21
86 163
5 154
86 170
8 178
104 150
61 129
19 21
37 139
77 107
55 164
169 171
144 160
34 67
15 19
18 88
63 83
44 118
60 161
47 166
79 127
4 63
71 75
93 127
36 66
5 65
5 150
26 45
57 59
21 113
1 108
167 168
41 47
8 169
53 139
40 66
11 39
21 57
12 52
71 100
21 162
87 129
2 88
7 153
16 124
86 151
16 39
18 24
33 155
34 55
107 141
26 34
57 85
35 153
87 166
4 41
34 80
148 168
1 10
10 101
19 38
0 34
3 176
0 2
178 180
8 25
87 160
66 164
105 171
102 153
65 86
162 181
18 47
30 179
75 134
42 65
14 77
154 162
32 70
133 181
134 144
56 81
27 31
22 92
78 145
3 48
30 55
93 161
47 61
105 119
66 121
150 152
16 21
72 138
17 175
12 157
27 159
70 103
24 126
122 139
50 166
11 101
147 181
9 61
20 167
46 61
63 161
155 158
4 176
6 18
20 114
41 88
157 180
104 164
52 137
34 175
125 145
43 81
155 170
103 117
23 124
116 168
39 149
16 169
52 81
140 160
12 18
41 163
17 36
8 88
59 118
74 158
147 174
96 106
32 58
51 148
44 137
30 164
39 114
58 122
49 126
102 154
21 112
3 34
41 137
42 93
55 171
107 142
97 167
80 121
98 177
140 146
60 128
55 115
102 150
5 146
9 90
38 99
46 55
69 105
21 37
16 136
92 135
128 156
113 178
29 83
86 128
26 157
96 162
113 179
17 130
15 30
81 88
29 179
99 142
63 113
96 97
41 43
94 175
91 141
109 141
143 175
22 129
90 104
67 164
62 106
16 34
75 150
55 77
73 133
101 159
90 161
71 115
70 89
83 97
22 76
90 129
135 179
28 167
12 27
62 140
67 161
159 170
76 150
15 72
48 150
21 107
11 56
82 166
12 46
71 164
11 136
121 135
94 130
42 178
94 128
27 173
121 159
54 169
46 89
5 82
5 46
58 88
112 139
120 124
10 24
43 65
137 163
139 174
50 84
41 146
106 179
69 138
40 48
20 163
57 82
2 114
93 135
19 71
36 126
92 97
0 73
15 150
111 138
65 73
17 26
66 180
63 174
4 27
11 146
52 153
2 10
87 153
28 168
130 168
144 164
65 84
9 17
18 126
79 179
79 135
49 100
33 43
113 161
79 93
74 111
46 142
119 165
48 152
34 101
126 135
38 51
70 163
175 180
118 145
50 63
48 154
68 127
100 155
31 79
146 155
124 146
22 162
39 55
46 166
59 178
88 139
46 135
6 92
130 172
8 51
44 150
37 155
37 180
28 164
113 132
130 176
0 179
3 170
69 150
91 134
57 66
35 141
18 67
109 139
16 40
168 171
25 36
69 92
30 169
100 136
41 50
110 120
23 109
62 85
42 179
108 168
9 69
58 145
53 54
85 103
49 94
8 84
15 20
49 170
81 156
62 110
37 164
28 69
48 113
9 50
40 79
147 152
94 139
48 170
10 43
110 154
69 173
149 162
157 170
15 128
41 56
63 114
51 65
30 84
20 74
63 116
80 126
3 125
16 44
114 151
154 161
43 142
57 161
118 171
144 170
34 57
143 164
14 22
58 77
96 133
11 29
5 87
48 112
31 56
23 131
152 171
5 139
27 171
101 137
19 110
67 132
37 64
27 109
76 96
131 164
91 173
115 145
174 181
99 168
141 170
94 147
34 65
81 110
101 179
37 61
36 113
67 149
44 148
54 172
25 171
47 85
34 39
56 87
110 119
0 92
85 178
124 127
7 132
67 123
26 177
9 16
112 177
142 157
94 171
109 153
22 142
22 24
148 181
62 71
97 149
75 154
80 169
122 166
36 123
70 111
97 127
96 107
29 60
29 140
108 181
28 76
11 92
11 34
38 55
2 126
101 163
78 151
24 90
12 113
57 70
20 43
123 141
71 143
64 179
20 82
23 97
1 5
66 136
96 100
77 168
73 157
42 140
26 175
3 149
62 173
61 62
4 172
17 98
17 64
37 176
39 63
33 142
133 134
13 164
26 141
36 56
35 167
1 98
60 116
61 180
49 79
116 173
3 44
65 79
92 141
63 105
125 140
74 148
168 180
94 169
5 32
45 171
58 69
56 150
77 120
30 120
119 146
2 4
70 84
44 89
118 151
98 180
0 177
50 140
7 43
7 50
32 39
14 19
102 108
155 167
34 78
39 167
26 144
96 136
14 130
107 128
29 165
31 134
81 171
3 134
35 71
73 104
96 125
129 149
16 170
42 118
35 53
91 103
92 118
7 99
20 155
19 47
90 143
80 87
10 114
3 71
130 169
17 59
54 139
82 135
39 138
2 101
29 44
23 107
8 63
112 119
74 166
20 103
125 160
73 86
41 68
48 57
48 59
53 132
22 121
51 160
53 101
92 176
37 178
29 36
110 155
8 124
85 165
127 171
91 162
8 118
11 21
52 132
0 109
95 131
65 123
126 141
28 150
85 131
75 180
1 64
66 71
70 151
49 85
51 138
53 72
69 81
101 144
77 153
39 95
37 77
79 113
48 101
31 144
37 57
70 99
159 164
91 111
76 178
46 109
42 155
32 114
83 171
126 162
93 177
21 62
61 104
57 149
39 132
25 146
108 138
113 140
23 33
102 103
65 164
30 56
84 141
123 137
6 73
35 100
48 131
148 151
68 113
34 38
150 154
7 22
63 146
22 34
108 172
78 161
120 135
31 170
76 78
167 179
43 89
61 102
54 117
32 144
131 156
116 153
38 146
71 127
48 111
8 87
0 51
44 128
11 166
18 90
23 144
53 175
99 157
50 126
75 136
38 122
49 161
69 115
70 129
107 175
52 152
25 57
110 147
7 136
120 142
73 138
76 173
57 178
64 132
87 179
102 104
67 101
27 149
67 179
61 65
51 180
72 150
142 176
39 162
111 175
58 101
32 165
63 121
49 97
85 147
93 99
70 169
102 126
48 93
77 151
118 135
97 119
29 76
13 46
22 133
102 149
145 178
3 35
127 166
37 159
76 90
18 69
152 179
83 103
118 159
4 25
87 130
11 95
33 145
30 142
104 119
1 24
119 172
42 105
7 94
105 162
90 146
9 151
67 138
12 134
99 103
40 85
17 28
90 154
1 61
11 67
19 165
150 161
25 109
33 143
96 175
38 151
11 165
61 135
103 108
162 176
18 95
18 105
96 131
125 159
34 156
54 161
130 137
50 82
9 98
39 121
39 53
108 180
46 112
1 53
23 106
49 76
40 164
117 134
80 95
79 125
22 54
16 26
42 123
58 112
45 135
12 166
156 162
134 136
26 127
103 176
70 153
63 134
60 130
66 141
41 153
155 160
25 168
36 74
164 173
167 169
104 181
39 177
138 147
24 127
13 80
24 86
128 129
79 142
31 57
69 149
95 124
54 147
39 41
20 22
14 63
15 127
162 164
51 139
52 125
81 83
115 173
131 173
14 23
32 74
54 124
60 158
36 152
2 60
76 145
36 132
94 142
50 118
53 90
12 154
131 153
44 174
60 78
108 147
19 160
73 152
41 155
175 177
106 141
40 145
15 73
22 102
147 155
29 58
91 153
34 72
76 127
154 165
52 164
12 91
66 105
19 72
116 152
76 172
30 180
39 136
75 79
30 54
115 174
19 153
39 140
11 47
130 155
91 118
99 119
38 98
80 154
86 104
45 116
78 138
104 132
68 139
47 48
73 112
54 94
161 178
88 130
19 100
41 132
25 173
16 147
90 106
35 139
65 98
31 163
19 33
74 177
25 178
5 131
48 176
26 91
26 137
8 22
5 79
56 129
123 169
40 49
73 173
13 142
31 42
70 94
5 29
155 177
51 77
94 156
35 148
13 85
103 155
55 94
40 179
140 159
45 105
46 81
20 127
167 181
23 157
165 175
128 171
62 66
85 106
61 148
97 143
3 40
43 101
24 40
50 148
87 128
0 18
157 169
16 151
18 158
2 66
30 150
66 112
39 91
109 177
29 95
64 83
26 30
8 64
105 142
59 145
8 61
46 170
20 32
130 164
4 121
34 64
13 99
30 122
18 117
149 178
65 162
37 41
93 179
23 138
27 45
0 93
18 71
2 140
35 106
46 181
2 22
78 163
79 181
151 156
43 171
21 100
81 173
122 171
46 139
30 99
16 88
74 120
49 162
30 136
27 64
21 22
87 167
26 108
54 100
45 138
99 173
152 155
82 129
62 147
29 180
47 171
32 97
4 71
39 115
122 152
51 85
51 104
123 149
117 126
44 112
75 176
135 154
18 45
113 115
9 36
117 176
65 96
34 106
84 86
68 81
12 81
24 29
116 167
89 169
88 166
134 155
3 121
29 31
77 140
20 24
83 140
93 95
19 118
19 144
10 166
121 178
125 126
98 115
15 94
3 18
112 148
131 142
42 107
103 114
39 73
4 13
29 99
41 108
77 162
13 29
42 117
30 97
53 125
38 130
33 111
69 123
65 122
29 174
139 177
47 144
71 133
78 124
40 130
58 65
38 111
15 32
29 65
69 102
24 82
39 143
103 132
45 78
40 133
71 158
11 177
44 157
150 172
24 149
69 126
55 89
9 12
39 52
96 144
38 104
24 89
126 177
73 160
12 29
75 91
5 70
53 71
19 55
67 73
11 57
10 178
30 124
79 175
98 108
102 158
92 94
99 172
40 180
17 22
71 124
75 181
86 165
102 121
99 154
126 165
27 164
117 121
111 161
107 180
70 110
49 63
70 126
77 104
80 123
4 141
67 142
16 180
106 180
118 123
13 169
37 124
100 179
22 97
44 164
34 75
56 175
95 164
83 175
82 138
12 34
41 134
77 93
126 137
143 174
28 157
142 171
29 79
42 169
8 33
0 135
110 157
53 131
7 148
79 166
141 174
155 180
24 33
118 124
42 54
41 117
58 78
4 64
102 138
47 99
158 162
18 94
98 101
13 148
1 109
74 83
15 26
50 96
9 122
5 13
81 166
18 106
109 127
52 80
54 86
137 160
16 97
107 146
71 119
97 150
20 21
6 149
116 176
136 146
64 76
70 108
9 26
22 49
64 103
46 143
127 149
3 15
45 144
7 47
9 169
30 165
107 135
43 76
82 155
127 138
38 46
8 104
61 139
9 141
1 100
121 129
80 171
67 137
47 62
63 69
110 144
0 94
19 30
18 77
84 168
11 117
139 163
3 49
6 7
19 84
128 170
60 122
69 94
102 106
74 152
118 136
68 109
18 52
39 170
22 63
70 102
48 136
102 140
109 138
1 162
23 132
88 131
43 114
78 97
60 70
45 117
135 162
110 135
19 122
84 93
88 93
61 140
16 46
122 162
107 149
97 104
24 97
125 180
33 148
116 151
66 80
43 149
30 57
118 121
111 153
44 151
1 9
35 42
32 95
53 100
8 99
3 100
141 152
45 77
35 119
118 161
39 44
88 163
67 114
163 178
45 123
62 150
4 177
0 39
7 69
20 126
105 151
103 142
84 108
69 114
131 170
124 175
20 59
26 74
161 181
32 63
10 99
13 126
53 129
8 52
103 164
47 110
70 125
53 70
71 114
121 156
35 39
50 64
92 109
48 91
17 161
67 147
3 96
34 130
25 143
49 177
61 167
77 172
19 116
8 58
98 130
116 143
107 114
68 84
44 132
45 71
159 160
48 127
36 80
27 168
87 116
43 93
17 108
69 75
30 112
135 150
22 107
24 136
10 81
160 162
104 179
52 97
102 155
125 168
70 112
28 66
10 140
88 107
12 158
46 158
28 53
63 157
12 65
54 102
166 171
128 154
79 100
91 167
116 149
6 158
115 122
13 53
23 69
90 96
50 159
21 127
43 94
166 167
81 144
10 169
48 147
1 3
103 153
56 130
122 137
52 53
123 129
120 138
158 180
33 34
110 146
83 144
30 108
36 68
50 94
107 152
9 102
50 57
74 113
36 43
123 172
15 154
25 141
35 105
26 76
60 144
28 137
75 113
19 162
18 85
6 141
7 52
103 169
26 96
85 137
31 109
81 85
120 178
40 148
63 81
4 78
0 156
77 114
95 97
106 139
149 156
87 117
59 99
85 151
27 29
32 121
17 81
119 149
47 165
18 100
79 118
40 76
36 76
20 60
128 173
45 108
33 104
6 54
26 94
30 141
32 44
5 61
6 159
26 135
47 79
4 7
18 125
9 165
63 74
149 169
28 170
22 140
44 159
85 109
90 135
14 39
15 74
8 49
3 94
46 134
2 172
20 39
0 3
0 136
5 160
59 176
81 107
124 174
96 123
26 62
2 115
67 136
1 32
24 102
137 147
62 159
92 127
113 135
55 176
72 108
4 45
119 134
91 108
112 131
20 99
50 115
10 40
92 143
28 127
67 102
11 152
23 112
2 79
62 125
77 89
48 132
26 71
132 175
36 160
129 141
51 126
9 56
53 68
77 154
98 107
27 62
71 105
102 122
20 100
11 150
162 172
14 38
28 61
51 112
123 165
49 53
68 138
116 130
149 164
25 110
159 167
172 174
37 151
64 99
46 66
16 149
1 164
74 84
82 93
103 129
46 85
18 93
140 171
46 92
92 130
137 175
130 134
66 170
38 163
98 170
68 69
99 115
14 57
121 132
33 131
19 141
10 162
148 150
11 124
14 139
47 102
14 180
42 151
64 150
11 111
34 71
7 112
0 153
113 142
2 178
59 95
67 86
63 122
14 166
94 124
102 175
24 63
103 171
87 95
64 161
3 85
89 156
58 97
30 95
49 84
163 165
12 54
77 102
55 105
100 132
32 127
111 147
52 134
40 159
98 163
85 152
9 22
28 122
6 81
41 131
82 104
24 167
38 52
41 100
1 87
69 129
18 86
11 79
14 71
13 147
78 81
50 99
41 179
28 60
37 72
66 92
89 139
36 55
134 179
109 172
135 175
8 50
47 122
40 131
32 134
79 174
97 122
4 131
36 162
156 180
13 30
106 173
11 126
57 160
46 117
60 63
3 108
23 175
28 135
8 128
156 172
23 58
33 165
74 174
112 169
49 95
108 111
53 161
139 181
67 119
5 90
6 170
11 106
27 166
111 145
111 125
10 67
32 163
36 94
36 101
112 130
22 170
48 120
7 59
152 162
127 158
114 152
98 147
143 178
21 115
159 173
41 57
77 164
51 103
95 118
61 172
24 49
27 122
56 92
20 125
107 173
93 162
1 2
30 172
12 62
100 165
30 178
59 151
136 171
17 24
106 145
39 166
31 129
0 124
164 174
45 165
71 178
131 181
36 133
60 111
45 111
159 178
82 83
120 154
90 107
50 72
40 177
63 77
3 30
96 176
140 172
25 31
74 94
10 135
31 81
135 155
1 111
105 156
62 126
62 87
116 133
80 82
14 100
48 151
62 158
8 137
95 135
6 46
34 150
19 27
74 144
67 156
12 119
112 161
2 28
92 167
41 92
24 162
28 33
59 158
57 90
27 116
46 83
2 99
31 132
19 78
51 109
21 109
68 75
50 77
131 174
127 148
54 171
145 166
57 171
54 97
125 151
157 166
138 167
53 112
99 161
11 86
49 176
70 133
138 158
50 124
45 96
18 138
29 81
76 118
16 32
88 167
61 146
46 121
28 39
7 30
29 102
10 176
6 55
7 138
38 39
96 158
73 179
10 142
51 153
122 135
61 175
23 42
93 147
67 175
14 79
123 171
2 76
91 160
30 123
174 179
84 89
66 151
36 177
86 140
61 179
99 105
29 90
119 142
127 167
29 145
1 65
117 130
60 174
45 139
13 90
85 154
43 59
151 166
57 150
113 157
38 76
51 120
130 140
55 82
109 176
119 120
111 179
86 142
21 71
103 140
61 160
15 79
56 165
16 111
4 89
26 54
80 148
32 60
108 155
45 128
29 80
150 157
57 139
136 147
13 57
129 147
78 115
42 180
100 114
44 48
74 105
41 64
137 141
60 170
50 61
1 136
37 82
64 127
105 163
83 155
74 153
91 181
46 111
121 126
18 31
131 137
62 67
40 141
55 78
43 77
38 100
117 174
46 163
129 167
6 19
42 121
41 164
47 146
9 76
51 150
76 94
27 88
12 161
50 66
44 170
126 152
76 175
127 133
118 128
59 103
33 48
115 123
98 125
7 140
109 129
47 159
49 141
95 120
73 111
70 127
3 63
55 174
120 137
49 153
90 164
30 114
42 161
15 167
6 105
144 158
46 74
63 91
65 68
25 30
28 128
8 28
65 97
111 136
36 78
91 109
7 32
35 88
47 139
11 159
64 149
73 177
40 67
1 173
86 118
27 161
31 101
28 75
44 100
127 145
26 80
2 130
29 46
85 145
46 51
18 19
0 17
60 80
131 145
34 77
0 166
84 99
42 46
160 170
38 50
15 138
96 181
24 146
6 13
2 124
98 132
2 25
139 151
66 173
18 38
35 172
133 168
156 168
35 69
61 113
9 175
8 56
39 141
147 169
14 95
45 164
26 160
77 144
4 9
46 68
19 60
35 68
75 106
31 135
83 160
39 79
51 130
21 111
54 88
17 150
99 134
28 45
12 43
25 43
69 170
76 170
37 123
52 143
66 172
59 135
2 116
86 110
63 82
55 97
133 169
55 99
152 161
44 63
75 81
35 137
95 143
79 120
151 164
58 161
113 130
137 170
27 73
5 112
102 144
36 134
66 127
74 157
49 55
93 178
167 178
114 132
25 101
131 133
48 76
61 156
69 154
156 160
8 31
94 148
101 132
15 173
31 53
38 109
46 65
116 146
21 49
83 113
45 57
71 150
36 70
7 126
81 108
73 170
142 175
84 106
1 146
117 172
91 135
26 40
64 123
21 64
64 157
78 157
29 61
57 126
21 106
51 58
31 37
7 37
23 59
130 166
20 154
57 78
48 69
137 153
11 74
94 108
101 169
20 112
13 20
48 115
58 135
12 42
107 181
98 110
46 114
65 153
34 62
1 107
65 105
80 103
35 110
48 146
8 108
71 153
101 162
35 156
75 177
133 149
15 105
54 110
79 168
107 134
75 153
37 59
106 140
51 68
21 159
26 46
115 125
69 108
25 108
106 134
61 70
48 98
78 132
47 86
59 123
72 85
22 28
128 137
119 147
19 65
128 142
3 37
4 60
14 103
28 108
142 163
85 99
38 110
26 179
47 54
140 173
15 92
80 117
76 132
64 113
134 163
8 43
70 175
101 138
112 128
25 166
30 67
3 83
54 152
58 127
6 176
135 143
97 128
158 174
3 175
119 163
9 146
41 118
55 76
16 103
61 171
62 152
139 178
96 157
7 137
11 153
57 167
111 168
33 94
7 87
60 150
55 58
113 143
44 70
49 51
7 157
24 61
5 107
158 159
102 157
77 105
113 150
46 127
66 116
7 178
105 110
19 137
2 120
128 181
70 107
108 153
43 60
49 148
88 135
106 129
17 128
66 167
61 117
32 149
55 70
36 141
71 138
164 176
118 178
149 174
6 82
129 170
19 114
32 59
123 179
3 166
14 62
59 171
75 95
127 176
25 172
133 142
86 174
47 58
69 174
155 168
65 132
8 42
67 110
44 104
32 80
48 86
26 132
75 94
12 31
7 13
123 143
7 46
48 156
4 19
9 23
77 90
58 106
147 172
113 152
19 77
56 120
43 136
63 172
44 173
147 166
115 178
49 137
21 39
42 162
50 149
73 125
0 101
65 74
94 102
161 173
110 176
37 129
27 128
3 72
61 66
122 170
54 167
24 96
26 28
59 142
19 31
62 141
130 138
2 157
133 146
69 159
4 144
24 177
10 132
13 112
79 99
3 78
60 157
72 106
141 149
112 158
12 67
82 156
107 166
79 114
6 110
108 146
91 166
50 127
105 169
16 47
56 63
93 121
71 169
65 158
61 151
90 158
27 140
65 103
5 161
39 173
57 173
6 47
41 81
38 152
95 110
100 111
25 126
18 42
81 158
10 33
31 152
14 86
8 53
23 99
66 171
112 178
13 15
124 156
43 103
62 72
22 37
14 48
72 102
42 174
64 163
45 56
0 122
93 94
132 166
5 77
12 170
39 80
91 177
32 52
58 140
95 160
125 127
41 166
144 169
64 178
37 163
23 118
26 56
111 146
7 122
42 48
43 150
70 149
61 100
63 65
14 97
54 176
131 167
41 112
43 151
69 70
141 164
61 118
43 106
99 169
31 128
42 51
15 137
5 102
14 112
80 88
56 177
49 159
40 99
23 102
86 153
27 53
38 157
43 172
23 162
115 181
11 115
32 126
25 33
81 134
48 54
66 75
75 141
124 133
45 52
13 55
7 160
45 83
116 129
46 69
157 159
4 17
20 91
91 117
40 152
17 133
13 127
25 63
100 168
34 177
149 160
132 136
66 111
17 45
78 168
86 121
78 117
10 181
101 167
76 157
70 115
119 126
11 137
56 72
154 159
26 148
65 91
69 177
49 92
52 179
24 98
55 181
110 116
13 91
83 85
88 92
93 166
3 131
4 47
127 160
73 78
41 167
114 142
95 170
68 78
49 110
123 126
4 92
97 168
103 166
29 41
31 120
37 127
55 148
4 16
72 78
61 85
114 140
94 120
102 112
161 165
68 164
49 181
56 131
45 85
35 78
42 88
122 131
89 120
20 178
96 116
14 148
44 95
31 168
32 152
0 121
6 31
44 60
11 129
37 112
35 116
105 137
25 133
82 123
29 109
91 105
46 159
45 141
86 156
63 132
114 154
22 85
65 120
9 94
161 172
15 28
87 121
56 137
73 153
16 42
28 171
65 173
30 175
144 177
69 140
31 139
35 112
128 131
39 104
82 150
17 33
82 101
59 160
148 174
121 158
147 168
59 94
126 136
27 81
72 92
147 175
5 174
41 160
25 76
18 75
86 152
173 176
32 129
173 181
73 175
53 78
91 99
69 103
3 84
67 129
10 100
153 180
122 167
93 149
98 164
15 23
90 173
45 65
149 158
69 179
18 62
40 83
133 178
21 146
13 38
1 50
53 177
54 150
16 153
13 133
26 73
10 77
51 156
34 171
98 157
51 133
62 131
101 148
144 171
30 40
0 29
79 81
48 125
75 88
88 149
111 176
41 85
48 68
83 121
40 108
61 147
124 158
48 50
53 165
45 149
23 93
46 164
29 113
114 146
82 103
95 103
51 159
10 23
26 68
84 95
97 103
4 158
109 130
51 80
122 123
79 103
112 171
76 153
60 74
27 72
1 124
29 134
58 133
6 129
40 74
113 159
43 170
113 165
41 84
91 97
111 148
89 128
143 181
1 130
63 163
26 158
124 163
88 136
22 68
51 111
16 110
1 36
71 120
151 165
116 127
9 167
48 63
30 144
133 163
0 137
89 124
78 179
23 136
38 147
77 83
83 136
78 92
17 88
13 107
126 163
88 102
95 105
50 98
152 153
98 166
33 149
160 163
133 164
72 110
148 153
135 139
29 159
35 127
12 84
22 167
47 56
96 135
92 163
100 123
62 113
104 138
123 177
39 147
83 110
63 66
58 87
12 165
90 127
64 128
56 143
79 126
22 123
106 165
40 59
58 164
48 142
0 115
64 143
77 175
33 181
130 152
91 150
18 30
66 178
30 63
56 141
8 173
54 123
19 164
174 177
30 38
59 132
30 174
65 175
19 180
9 30
3 67
113 124
107 125
69 77
88 133
27 93
41 180
70 88
16 165
26 151
123 125
15 170
67 84
30 64
31 150
0 159
24 101
110 149
8 97
72 94
104 167
34 121
59 88
12 89
8 117
29 144
56 64
129 133
5 28
84 96
76 148
44 53
66 179
21 85
69 107
63 129
17 123
3 116
21 110
123 128
67 120
128 179
57 98
142 158
66 78
51 102
89 121
37 119
121 151
44 86
61 68
14 72
42 74
65 95
5 39
92 177
50 100
56 170
72 128
141 160
130 136
42 69
72 164
47 59
74 118
36 136
81 123
38 125
20 67
9 120
6 66
52 181
53 63
24 119
148 171
57 142
18 96
19 140
26 72
48 96
68 106
144 165
124 169
4 43
11 108
51 100
69 100
98 148
13 31
139 158
15 21
13 42
33 173
14 147
39 145
165 166
94 174
70 72
112 137
13 22
116 141
60 107
67 72
65 142
30 98
80 99
101 161
70 137
82 107
30 100
15 61
1 99
15 101
135 168
33 151
69 164
22 39
117 124
64 145
51 67
0 11
57 168
90 166
98 138
0 144
13 122
66 177
22 87
74 129
120 171
4 178
13 35
49 89
52 84
52 104
0 107
11 37
24 163
41 96
3 156
7 141
104 156
22 126
123 130
68 180
56 103
71 139
45 62
68 99
18 177
38 79
6 51
36 163
32 175
41 172
21 130
16 66
1 120
21 53
28 169
75 119
155 172
169 173
7 29
102 131
45 129
34 115
94 105
24 84
32 88
50 137
7 90
32 85
8 109
9 65
119 140
56 169
152 156
70 155
14 65
119 136
106 117
71 88
71 93
33 83
103 160
72 166
128 153
106 175
110 175
33 88
1 34
26 171
57 101
58 121
19 129
17 138
139 170
160 175
12 61
8 134
25 179
145 181
115 160
150 173
146 181
47 84
6 181
83 129
38 82
24 140
94 137
39 158
23 108
111 126
25 157
60 123
47 153
3 126
28 123
29 37
46 104
165 169
51 60
96 173
114 180
80 92
113 172
28 178
90 155
153 163
45 47
43 140
119 151
29 77
16 148
87 110
67 118
80 116
104 149
76 161
50 71
144 147
38 181
14 129
169 180
79 146
12 90
114 131
20 34
88 123
41 151
54 155
53 133
112 159
6 172
59 81
35 82
7 49
1 46
78 95
19 161
9 21
12 142
23 85
19 148
15 69
43 121
0 59
99 108
107 122
57 62
119 181
0 40
41 67
79 82
19 50
135 153
128 136
106 143
0 75
27 66
127 135
56 178
26 109
34 160
7 42
56 167
92 105
94 116
62 70
10 139
15 135
101 111
66 159
31 123
64 71
36 159
8 113
55 160
22 151
28 176
102 137
112 121
86 176
172 180
64 170
62 100
38 162
117 136
13 161
51 64
24 76
1 171
82 130
76 95
18 35
38 161
121 180
84 172
101 127
13 51
132 157
59 87
68 129
98 121
80 90
71 80
7 41
18 58
127 177
19 85
69 130
139 142
49 102
133 166
32 87
97 165
115 138
34 126
68 102
41 71
85 139
141 155
55 74
139 161
86 95
25 112
156 157
70 120
111 169
2 12
70 96
52 102
112 134
11 16
3 138
116 171
77 155
81 90
32 173
24 170
79 153
21 72
145 180
98 124
109 147
52 177
63 142
56 159
88 96
61 127
96 109
114 175
45 125
79 110
4 70
69 158
26 178
1 40
14 69
17 47
30 48
32 92
129 156
111 172
110 163
130 181
40 142
89 145
28 125
24 58
85 108
84 174
53 180
28 129
7 54
114 137
63 123
32 45
88 100
36 79
2 111
53 149
37 69
60 76
12 32
31 91
42 160
121 134
42 128
64 105
86 178
102 136
61 142
27 67
73 136
38 89
118 149
36 116
49 81
46 154
59 131
55 116
78 169
67 130
21 104
20 81
85 180
19 126
14 121
21 79
90 125
70 124
123 139
16 150
84 101
11 173
5 106
50 123
115 147
49 60
43 160
25 70
36 165
91 115
27 33
92 150
4 49
9 172
151 175
21 123
118 126
47 158
109 180
6 50
87 107
42 84
121 176
42 163
12 80
77 98
126 169
17 132
69 95
20 37
30 107
65 78
11 125
23 37
1 80
62 109
53 144
170 173
91 93
28 172
92 164
19 104
110 141
47 127
51 110
23 159
49 175
4 112
26 113
150 174
98 109
5 122
88 164
59 77
37 104
65 165
97 154
64 124
41 177
44 105
108 121
11 78
94 146
45 118
122 168
15 155
0 134
64 88
18 136
26 38
92 168
37 156
8 181
52 78
2 181
46 146
9 15
95 141
60 97
9 125
36 38
33 46
7 115
90 142
53 102
29 112
102 178
143 157
101 143
111 142
5 27
88 112
21 97
22 77
11 138
21 78
116 155
86 108
7 147
110 161
70 130
43 144
115 119
29 75
145 167
119 160
115 148
59 96
50 111
64 98
49 145
72 144
34 53
65 77
94 122
52 58
52 128
31 95
21 147
61 165
9 41
41 44
26 118
78 173
90 103
104 180
123 166
55 170
42 165
5 165
40 73
67 79
114 139
161 168
140 158
80 179
109 132
31 92
85 91
5 17
136 156
66 119
86 130
99 136
104 157
48 166
169 179
110 160
1 133
3 11
48 174
67 162
57 81
14 80
112 168
67 115
69 72
52 59
4 96
25 118
40 117
98 165
98 120
13 140
53 152
67 93
15 82
7 64
51 82
23 160
34 163
34 180
18 172
86 180
104 152
8 70
92 96
32 122
15 162
77 150
56 153
26 41
39 163
129 152
4 108
59 91
132 180
4 142
34 66
55 80
26 90
3 7
84 145
4 95
109 123
96 119
63 107
72 101
144 151
111 157
121 146
96 99
31 117
114 120
119 164
10 89
104 144
60 67
164 166
46 47
33 51
5 52
106 108
36 106
107 167
1 84
110 152
50 176
32 78
134 135
59 140
40 118
26 33
124 152
84 171
69 157
92 154
108 163
119 168
28 67
58 162
21 166
97 98
136 141
59 166
2 163
23 29
47 167
62 107
100 120
102 164
27 41
79 159
32 48
16 25
37 63
28 180
0 47
76 128
19 134
100 121
43 45
140 155
61 73
70 165
89 104
97 137
69 104
50 55
40 175
97 170
61 87
26 67
26 126
38 101
81 131
23 36
30 168
20 137
1 139
54 85
46 63
44 116
3 165
56 134
19 69
29 141
64 78
5 141
16 123
50 105
116 128
27 150
52 166
62 175
73 164
144 149
36 45
81 146
36 139
53 59
143 144
111 165
1 93
58 163
83 134
0 60
37 140
17 27
85 120
6 33
44 117
6 145
74 97
72 178
54 162
161 177
111 128
43 91
10 36
3 169
20 65
104 122
120 132
88 109
144 175
34 137
5 57
107 126
69 178
59 98
17 54
79 111
5 140
23 26
4 162
47 151
8 171
20 173
23 90
64 89
27 177
35 166
46 76
89 113
106 130
91 136
88 137
124 165
21 155
38 47
37 160
24 171
51 81
121 130
67 109
54 113
96 101
88 180
62 96
7 129
14 21
34 105
31 115
113 169
10 105
33 160
7 83
32 180
104 106
11 116
4 32
6 136
4 50
86 154
98 103
9 81
27 40
112 166
53 107
18 141
33 93
35 142
136 161
50 80
38 168
120 158
35 36
19 178
66 174
58 63
67 163
44 47
18 118
96 138
135 174
21 96
23 165
82 147
4 102
29 161
106 124
37 81
35 59
10 11
91 165
113 154
39 96
86 92
87 132
82 96
53 137
4 168
44 149
83 84
6 157
28 110
49 157
49 88
127 140
111 180
97 99
63 150
60 87
75 166
20 95
141 173
59 153
90 179
2 75
59 157
116 148
8 94
95 137
124 154
56 62
40 72
43 135
146 154
4 8
37 58
29 164
95 173
112 147
13 74
12 25
86 114
1 39
102 165
103 106
44 55
9 60
123 173
96 110
31 99
87 89
22 80
90 170
85 177
19 90
13 129
10 179
68 151
83 101
138 180
129 145
0 133
121 139
50 125
51 128
44 101
7 44
29 169
73 88
23 169
79 176
63 73
122 128
146 177
21 145
41 154
85 150
127 161
25 84
69 106
51 164
82 175
38 153
14 44
164 177
22 46
78 178
78 113
18 168
89 153
6 80
6 104
23 173
118 139
144 163
40 181
33 120
12 69
146 171
73 144
73 97
125 132
23 68
142 177
68 83
52 156
105 180
113 153
78 162
109 167
96 104
150 176
76 166
46 95
18 116
149 165
7 14
28 153
153 168
75 114
66 155
109 168
41 104
101 147
82 125
23 45
100 128
46 157
58 89
68 111
155 181
80 145
37 136
6 120
53 96
88 147
9 101
89 98
59 175
127 141
106 146
97 153
35 55
10 148
36 135
19 40
11 44
33 71
78 121
60 175
27 153
26 63
1 45
11 23
100 181
44 64
28 116
70 91
5 22
59 92
7 53
12 95
148 160
53 170
60 133
85 135
45 104
109 152
15 52
87 96
44 172
104 120
46 160
4 117
16 137
56 75
3 120
56 181
84 165
114 115
95 177
44 111
12 180
39 51
22 67
72 161
78 94
98 118
108 149
82 142
154 177
63 95
26 131
37 118
2 40
7 104
48 161
29 91
17 127
23 89
66 113
109 171
157 176
99 155
68 146
41 169
117 128
82 87
20 70
7 161
18 68
49 152
78 116
102 148
47 83
143 176
130 179
10 163
31 125
89 92
68 140
32 40
102 143
85 146
120 165
27 113
42 62
146 165
112 165
58 114
116 150
40 173
38 49
176 177
56 148
5 156
112 114
19 150
24 152
117 143
54 121
5 166
6 35
8 175
17 70
172 177
3 151
55 92
42 146
52 139
79 131
117 166
14 83
2 3
107 112
79 108
52 62
29 130
64 74
16 164
16 37
19 131
39 109
19 166
100 161
28 148
30 62
11 35
8 36
164 171
79 143
2 168
72 153
66 86
66 145
18 179
4 160
17 168
29 124
37 125
40 126
51 101
42 111
33 75
28 113
72 165
11 93
53 64
7 100
109 134
30 161
31 70
86 119
21 67
69 71
28 79
82 160
28 146
4 155
26 78
95 161
61 132
95 169
68 172
91 142
82 176
43 111
21 65
18 152
51 116
132 173
42 171
161 167
21 128
100 102
83 148
6 49
34 41
67 92
161 162
72 148
70 101
9 63
152 178
86 131
12 19
140 181
10 57
48 137
114 158
85 117
123 170
77 169
79 149
43 78
85 156
89 152
122 148
151 159
25 132
64 106
81 169
27 142
33 146
64 102
12 169
59 71
55 65
25 111
33 91
107 140
22 95
75 87
109 157
111 124
140 141
94 162
111 158
8 82
110 113
18 147
61 134
16 181
48 99
56 124
16 161
34 56
71 177
53 158
36 149
33 45
67 166
87 169
92 160
51 134
145 163
120 150
130 133
106 144
170 176
1 60
45 64
1 169
92 178
15 131
27 90
33 98
43 156
27 76
14 140
66 118
41 75
62 75
10 168
92 116
106 169
150 168
75 129
132 150
22 161
134 172
51 88
62 143
78 114
52 162
36 104
72 147
38 120
13 106
80 81
41 90
8 135
15 63
75 139
9 34
112 129
50 178
14 150
21 94
52 68
0 128
74 77
13 100
48 171
88 111
67 95
66 74
61 71
30 145
0 23
8 72
17 38
91 131
63 72
2 105
39 122
48 139
59 78
133 151
129 178
86 160
68 90
42 75
122 178
24 123
63 68
55 91
110 114
15 149
35 54
0 170
10 63
13 65
62 74
7 86
87 125
123 132
25 41
77 137
57 68
44 156
103 105
102 124
27 43
33 123
151 163
141 159
93 152
8 177
100 141
148 149
19 75
35 149
0 36
63 168
57 71
13 178
3 168
78 180
125 135
100 166
132 137
15 43
73 126
56 105
87 101
128 134
16 174
0 50
32 67
27 68
1 178
61 177
134 166
126 149
37 115
92 99
39 77
10 45
20 69
46 169
68 114
18 131
60 132
3 141
45 145
124 137
66 117
5 44
49 122
58 158
11 113
86 113
93 96
115 161
49 75
63 64
79 141
118 137
23 94
0 97
118 173
0 61
30 76
103 170
10 42
142 180
38 154
138 152
76 159
169 175
40 101
43 98
60 177
114 170
30 157
44 78
0 173
116 137
31 72
77 101
29 139
88 91
39 101
29 92
29 39
13 157
21 126
88 105
21 63
154 179
89 177
119 173
98 153
4 104
9 77
14 47
120 164
98 123
9 180
127 155
170 179
0 21
34 117
18 53
40 140
89 100
45 136
50 117
116 174
17 154
53 120
22 134
42 116
119 178
46 54
15 58
77 100
37 83
91 151
59 75
47 157
71 117
42 101
168 177
73 87
62 111
14 132
52 76
11 69
104 148
95 181
0 118
103 167
107 138
46 59
96 147
69 131
35 37
45 53
46 56
131 146
23 79
43 97
106 142
36 119
130 132
38 136
20 144
46 122
94 115
0 6
75 172
141 181
21 42
5 30
49 59
97 109
37 120
80 178
53 173
20 131
12 58
37 91
40 107
23 158
135 167
3 122
136 178
34 132
94 96
14 119
39 178
57 113
0 66
32 76
28 107
137 181
24 147
104 128
7 130
5 100
5 120
116 179
55 101
86 168
28 64
18 33
168 181
0 169
131 159
132 167
88 94
130 151
2 45
12 117
1 43
148 163
137 145
86 141
37 93
167 177
134 142
114 174
15 42
54 91
52 94
71 141
86 106
5 168
81 168
77 115
9 92
138 151
69 165
92 145
72 105
60 179
34 99
6 175
20 30
64 100
18 143
52 60
62 149
71 174
136 160
108 118
95 146
86 133
40 172
49 155
2 84
36 46
7 181
75 89
142 152
57 135
148 165
67 106
58 75
68 116
121 165
14 161
166 175
157 164
53 141
71 129
153 169
85 96
111 131
15 86
73 171
69 122
39 112
79 102
88 120
92 175
99 138
75 84
102 163
111 115
45 103
31 149
97 164
43 67
112 132
104 176
5 49
140 143
135 161
34 123
56 79
75 142
12 138
10 90
81 130
9 106
4 85
89 172
143 168
55 179
5 125
42 47
80 122
136 152
0 112
31 104
37 147
9 55
45 55
67 169
18 108
60 176
70 150
26 35
22 43
119 153
123 124
21 46
94 141
24 134
48 108
53 86
82 109
123 163
62 98
11 160
78 170
156 159
79 128
34 128
75 131
152 160
8 131
77 117
15 143
47 97
66 94
52 160
71 173
8 132
69 119
35 163
107 160
50 156
34 172
92 159
11 174
84 139
51 54
21 99
58 124
47 77
19 56
101 151
98 173
152 180
93 126
5 94
22 156
9 171
111 159
141 169
97 115
27 101
152 170
9 37
18 161
91 143
4 128
66 101
7 66
103 111
27 124
100 134
43 141
65 159
27 91
100 104
13 114
25 51
32 131
65 93
14 94
14 15
86 99
31 158
21 108
103 149
126 172
43 145
44 180
148 170
75 158
98 141
91 170
40 102
36 69
111 135
32 42
62 139
106 164
55 68
24 160
30 117
77 139
80 156
101 104
18 60
96 174
7 39
60 153
40 77
60 83
8 112
59 68
29 82
82 157
85 142
122 146
35 77
99 135
49 62
153 157
17 109
2 131
59 111
75 93
13 137
24 67
139 176
16 71
2 86
62 95
27 115
91 172
65 177
41 147
23 74
5 113
25 38
115 163
97 176
53 118
34 136
39 66
52 110
51 145
44 91
64 144
23 24
49 131
27 120
55 100
125 150
83 154
41 45
12 30
35 113
158 166
70 121
102 166
0 157
90 120
42 149
161 170
76 105
158 179
42 143
129 174
14 179
63 99
162 166
155 156
116 147
175 179
88 89
39 102
110 124
61 116
18 146
33 42
59 164
123 178
83 128
65 112
74 112
31 90
56 172
90 93
5 173
2 160
59 165
10 70
12 143
85 86
58 59
138 160
43 95
65 108
49 111
96 156
21 95
51 152
90 94
59 113
111 137
59 100
75 159
5 119
67 140
11 72
105 134
22 64
113 173
65 99
11 141
48 100
36 128
54 62
91 98
47 91
74 108
0 74
58 132
1 49
114 164
151 157
0 167
12 146
52 83
156 181
86 162
131 169
57 88
20 98
90 108
20 180
112 113
94 151
3 104
72 121
10 75
68 95
119 167
103 125
18 129
64 90
14 127
62 91
36 170
49 138
38 85
101 172
102 151
3 45
103 151
63 111
24 62
59 63
155 173
39 144
46 57
21 138
117 118
66 175
44 80
59 149
131 176
6 21
47 180
50 91
145 179
139 175
66 137
36 169
137 158
54 63
2 54
8 165
85 162
37 73
151 172
43 177
30 86
70 116
35 175
57 120
36 167
37 166
38 70
90 95
30 69
120 162
12 129
17 31
67 148
62 115
33 68
141 144
25 152
14 75
83 176
20 29
81 141
31 136
42 127
1 176
39 61
131 177
142 178
53 156
24 129
74 155
18 134
40 111
76 107
10 39
45 110
0 65
38 56
81 98
12 162
75 148
90 168
154 163
46 126
74 146
5 71
47 156
37 95
60 108
14 87
84 127
99 159
93 111
56 82
94 110
61 63
69 96
107 153
144 174
17 170
145 158
87 152
99 122
34 87
16 84
57 155
4 88
7 108
131 136
70 95
50 131
70 168
16 139
74 160
66 125
120 148
87 141
87 155
8 163
83 127
86 167
29 125
97 121
40 91
135 152
131 148
34 70
91 139
92 126
125 179
53 150
97 105
19 123
24 71
65 136
78 88
84 121
58 131
78 146
117 123
33 127
77 133
18 27
128 166
35 60
23 125
8 95
65 101
3 56
19 172
15 147
144 166
78 79
53 108
127 128
103 173
27 54
69 128
47 51
12 35
69 152
118 179
81 100
30 132
122 124
111 164
10 34
65 156
76 154
56 147
69 163
109 154
20 33
156 177
94 126
32 89
14 96
56 144
56 121
27 163
46 75
134 175
41 149
76 119
21 69
1 144
86 123
92 115
143 163
93 169
25 34
40 42
61 76
84 159
21 66
27 127
3 65
116 154
12 153
60 85
29 52
9 67
33 154
48 164
142 161
48 60
13 32
29 147
74 135
33 35
44 124
48 143
56 67
53 171
5 43
20 102
3 24
2 97
24 145
29 66
128 178
49 52
4 109
91 171
55 87
81 174
12 45
164 181
122 138
92 174
105 135
28 121
97 148
80 124
58 143
21 98
82 158
121 150
75 179
133 162
15 164
2 173
69 162
57 93
70 172
28 77
40 86
132 169
123 140
3 68
141 142
78 109
54 77
53 80
84 133
74 92
23 60
127 143
23 83
62 65
102 177
42 79
120 167
36 150
148 176
35 90
152 166
30 110
42 109
50 60
91 179
47 76
115 131
133 167
113 123
21 134
1 179
36 107
126 144
11 18
79 97
97 131
136 174
3 114
7 25
109 116
40 56
80 141
27 175
28 177
0 171
54 92
73 150
105 120
94 103
45 142
54 84
55 152
100 103
63 140
40 51
15 40
78 112
47 143
4 173
4 53
84 118
153 164
136 148
77 128
131 139
145 153
84 129
43 83
75 155
135 144
15 37
38 91
32 176
36 84
31 108
81 138
18 74
44 114
109 131
69 160
17 134
69 78
95 147
81 181
42 55
54 90
116 157
36 99
104 134
83 162
13 62
80 161
15 175
70 135
3 36
134 156
72 181
33 169
13 172
14 61
71 171
70 105
28 109
53 151
24 150
11 61
40 43
100 175
42 153
77 123
41 51
83 135
47 142
22 111
8 101
24 26
141 146
78 167
138 177
97 159
141 154
19 177
115 142
26 124
34 154
25 64
78 106
95 100
159 177
9 80
77 97
69 121
74 119
8 13
55 95
0 1
8 21
29 132
81 94
53 55
27 133
112 115
5 126
27 176
53 157
26 101
94 99
58 64
146 156
16 132
74 162
49 107
46 113
0 58
19 61
43 123
2 147
11 169
37 168
4 124
25 103
43 70
32 138
33 130
79 115
92 104
48 75
120 126
25 104
50 170
85 126
24 85
93 132
52 91
82 106
63 115
59 115
57 105
20 31
82 124
120 168
77 163
114 124
132 163
66 108
51 53
1 153
66 162
0 52
28 152
44 163
72 122
1 161
60 148
115 157
8 41
37 142
26 89
67 145
28 133
88 117
44 72
91 152
31 110
0 42
8 98
151 176
109 162
144 155
98 161
67 116
30 159
41 121
64 131
13 124
123 175
2 93
76 171
151 168
85 143
148 178
16 83
17 78
17 87
18 97
125 172
18 121
144 156
87 88
14 137
100 147
12 24
1 67
117 127
36 44
35 89
80 91
1 174
55 158
13 16
11 66
26 147
65 145
32 53
142 166
9 158
31 119
94 168
138 153
162 170
16 162
28 74
76 158
12 96
158 164
18 133
47 138
23 161
20 88
5 114
4 18
80 113
121 157
88 160
64 171
7 78
86 137
161 169
108 128
12 22
108 122
63 120
60 103
51 158
20 123
1 96
38 140
82 173
100 167
60 86
37 154
104 177
123 150
15 108
107 115
87 147
3 109
10 80
55 145
59 141
70 109
160 174
68 70
30 51
94 101
173 177
170 181
0 72
2 104
11 131
76 133
19 93
105 159
33 56
14 70
113 180
63 100
94 166
38 93
37 174
84 169
92 114
56 155
70 176
136 158
55 86
74 163
87 177
80 105
65 179
79 119
0 27
10 55
108 124
85 123
90 162
31 94
38 96
0 142
7 166
42 98
13 72
2 154
116 126
4 105
28 131
95 112
52 144
71 81
18 153
54 93
68 169
151 153
5 123
65 109
64 133
80 119
13 132
46 133
47 80
68 118
27 77
22 104
1 181
10 62
117 180
8 91
65 169
40 139
163 181
32 43
41 69
56 109
50 90
52 173
99 175
74 115
103 175
20 89
3 70
119 145
16 38
99 137
12 116
19 45
11 157
47 169
8 96
7 48
19 87
67 97
58 107
149 176
20 75
116 118
19 35
64 87
7 19
62 108
4 180
9 70
71 77
99 120
35 43
3 177
4 103
55 61
21 77
6 121
125 142
42 120
125 181
30 104
9 142
134 159
52 135
32 162
90 136
11 63
62 177
118 164
32 61
11 140
23 66
47 155
100 180
21 133
108 137
16 17
137 156
19 29
53 65
34 68
82 121
108 133
45 92
151 180
20 143
39 82
68 136
120 153
82 99
6 156
39 117
31 89
44 71
51 143
5 147
36 118
91 110
10 164
24 74
124 177
110 122
15 96
15 66
81 114
11 114
61 79
31 153
111 155
1 30
164 178
20 58
73 124
6 109
49 140
19 96
115 118
52 142
79 91
3 5
25 136
47 141
22 79
73 151
54 114
14 178
78 110
160 169
106 123
81 122
15 142
88 118
7 92
98 152
28 179
52 112
84 179
30 88
7 106
103 118
46 150
30 137
30 37
38 115
12 56
12 88
31 76
58 113
105 150
81 145
65 157
145 177
70 77
55 62
79 95
160 161
28 102
64 172
10 116
31 61
32 164
101 114
70 166
55 149
101 102
16 176
23 82
46 60
98 131
27 114
122 147
104 173
23 25
77 130
108 129
62 84
161 176
57 144
2 13
92 119
111 117
24 44
20 49
52 175
128 133
17 176
35 80
24 72
5 83
84 135
161 163
176 180
61 119
27 52
51 52
41 162
82 177
9 47
44 161
156 179
114 179
53 79
95 179
6 115
0 91
138 179
99 112
51 90
7 38
1 41
7 149
89 141
112 123
88 121
50 136
23 170
2 143
19 89
68 152
65 67
140 168
32 57
92 149
52 92
60 98
76 92
101 155
43 99
19 22
32 77
64 174
41 157
0 57
87 156
40 158
0 13
33 69
16 175
90 137
3 12
68 104
78 149
64 147
12 176
150 151
123 147
23 177
44 141
50 106
126 134
122 180
13 39
35 114
169 177
63 159
21 88
96 160
92 169
8 153
120 169
58 138
0 10
99 143
78 137
22 29
148 158
13 95
116 170
29 67
55 144
24 168
0 158
35 128
0 68
8 15
161 180
33 150
143 159
10 65
126 140
112 149
96 169
22 44
30 35
62 166
107 144
14 159
21 141
7 34
92 111
13 110
9 27
82 146
106 177
3 173
2 29
35 109
43 169
84 112
124 140
130 148
37 167
58 177
18 73
13 78
61 107
60 180
17 58
73 109
45 177
44 49
61 86
158 171
137 139
80 177
105 143
23 180
9 179
9 162
128 138
62 68
32 38
120 179
38 87
142 181
22 73
17 55
2 134
3 119
111 120
80 135
101 181
95 128
55 110
7 116
159 174
100 146
117 160
85 175
46 175
55 132
93 109
25 46
14 154
103 134
35 122
70 138
2 69
14 18
40 61
36 180
119 162
79 151
92 103
56 106
35 81
61 98
60 79
6 128
2 133
27 178
119 176
145 151
50 145
80 115
31 35
55 66
65 126
11 180
99 153
22 70
125 157
123 164
57 100
36 129
13 98
41 99
41 63
16 144
24 30
63 86
70 73
19 95
17 89
85 113
36 147
113 129
133 158
28 149
138 166
30 66
115 167
16 51
20 165
57 128
106 156
16 177
1 155
6 48
65 167
114 148
81 135
54 106
155 162
44 167
90 100
21 43
25 86
75 162
108 116
91 178
76 129
68 94
67 74
84 154
1 17
8 38
116 119
83 159
140 163
92 156
102 123
125 178
16 141
37 42
35 51
54 75
71 172
22 84
48 64
50 83
8 103
4 30
4 90
87 109
66 148
97 117
14 42
9 71
77 86
39 128
28 48
16 60
28 97
63 138
47 179
55 154
146 158
66 70
11 42
135 136
54 116
79 89
113 120
131 155
125 177
72 141
46 49
146 151
45 98
30 153
101 106
49 109
52 165
70 154
15 134
59 69
63 166
81 87
0 4
27 108
83 99
31 138
3 14
75 132
52 136
36 102
19 63
35 94
50 97
107 154
76 122
39 172
30 78
157 160
38 42
10 125
65 161
53 111
73 106
36 59
100 122
62 179
57 111
107 164
119 128
53 116
145 156
13 82
70 123
49 154
24 157
41 65
7 9
54 177
72 109
24 106
69 99
10 21
45 50
101 116
26 86
104 159
145 174
26 81
56 158
4 77
105 126
4 24
2 169
11 143
153 171
123 159
17 143
65 155
42 102
35 111
109 151
5 137
136 168
59 169
108 150
129 160
57 159
165 167
42 147
140 142
0 55
71 99
76 81
10 126
10 51
24 137
17 172
95 168
114 163
18 162
13 58
132 133
104 105
106 116
87 137
22 174
4 82
7 135
45 153
46 176
69 74
75 80
153 161
43 50
5 178
34 48
40 169
14 118
15 27
129 171
25 105
128 159
89 91
149 154
65 143
65 121
37 181
54 73
21 125
83 174
64 167
33 170
100 160
33 171
47 67
118 150
29 38
44 66
137 169
76 162
57 75
15 161
30 79
143 145
88 178
115 144
48 71
95 126
56 65
46 82
29 70
76 136
103 115
0 180
110 165
64 82
31 69
0 117
57 86
71 89
50 62
65 89
117 169
94 117
59 129
8 139
21 47
155 161
90 149
16 143
27 135
12 141
108 166
18 55
8 23
106 122
30 155
21 150
27 179
18 59
11 109
65 127
171 172
83 119
89 118
95 159
15 34
32 106
35 65
55 118
66 69
131 180
82 143
39 113
66 143
12 132
65 163
93 139
129 134
142 159
63 97
34 44
158 167
124 144
87 138
82 85
102 145
46 70
83 139
0 80
172 178
131 179
64 162
76 80
5 152
65 137
109 118
137 177
50 133
109 115
86 96
20 76
30 34
85 122
40 90
1 137
48 129
88 175
67 71
103 154
58 67
101 140
35 101
114 130
131 161
43 71
60 61
20 63
53 147
80 159
114 159
124 167
48 138
25 92
17 95
34 125
1 18
90 126
1 170
0 87
58 176
44 54
20 78
102 181
84 87
103 174
70 141
139 169
15 125
10 14
107 145
128 161
21 34
36 137
103 104
33 77
39 142
73 154
95 167
2 139
65 154
155 163
50 92
134 148
13 160
11 161
22 52
70 134
48 178
153 179
23 115
140 157
55 56
23 50
162 180
0 146
88 90
100 110
127 153
80 108
41 49
20 53
8 129
42 67
30 148
70 80
40 113
22 119
39 45
93 153
35 84
15 130
56 101
3 79
5 14
7 15
84 124
26 97
8 14
10 76
13 125
143 152
107 150
5 162
65 106
108 120
13 23
26 29
64 130
56 160
26 57
104 111
103 162
59 119
132 172
18 174
15 124
72 124
141 168
115 135
148 177
87 94
156 178
54 104
3 50
30 167
138 169
11 145
73 82
84 132
110 132
7 68
109 121
30 46
44 97
51 105
108 170
85 127
86 173
24 155
62 124
13 67
11 158
30 152
122 169
49 135
8 45
129 143
75 130
57 106
101 131
126 142
34 116
57 110
61 157
26 121
83 133
0 12
103 159
16 138
29 177
60 173
63 80
104 143
142 165
56 95
33 177
47 149
57 108
109 122
49 58
85 90
137 155
78 143
146 157
24 114
121 137
30 50
39 105
0 131
67 89
69 125
10 48
47 64
65 113
23 27
65 149
26 65
31 85
147 154
32 148
153 154
27 105
20 57
36 145
2 91
16 172
130 177
89 157
57 61
55 73
6 68
33 135
139 167
22 136
112 142
71 116
58 95
149 171
93 172
74 136
125 164
22 88
54 99
100 163
30 39
16 65
48 155
131 175
84 130
49 103
2 30
10 107
123 156
17 148
24 143
23 148
47 101
106 115
119 130
24 37
44 134
25 55
59 134
1 76
119 157
57 63
120 149
26 27
55 147
85 104
139 160
46 90
114 116
59 173
51 108
113 134
103 168
57 92
74 110
71 170
43 86
25 69
31 176
87 104
25 83
131 160
21 40
25 48
4 165
61 115
7 56
92 171
37 53
32 117
103 165
56 69
24 94
115 176
18 128
56 164
9 148
123 145
72 118
51 140
11 30
110 170
12 122
3 58
116 165
77 177
72 93
18 29
115 155
88 99
117 168
98 126
112 136
1 22
35 79
29 68
60 84
70 122
67 135
47 172
6 85
163 172
74 96
65 104
132 177
95 139
33 168
52 69
90 97
89 168
27 145
7 105
151 173
31 36
14 160
65 69
19 64
123 136
27 96
42 94
4 130
69 148
51 72
37 47
85 102
32 56
11 94
42 83
139 149
100 138
119 177
152 164
36 90
15 129
8 67
56 157
60 127
125 129
125 162
23 130
27 34
35 47
115 132
28 160
63 110
43 56
22 59
37 84
1 114
133 156
7 71
12 120
38 88
7 113
68 147
87 146
142 167
4 22
19 112
19 59
78 128
119 132
75 149
137 152
41 140
140 162
121 168
35 66
12 77
33 38
138 170
0 130
15 88
10 29
76 141
30 106
53 126
75 174
104 125
5 31
38 69
56 119
52 63
2 62
42 126
86 90
12 111
72 95
45 99
78 139
58 146
3 130
39 174
95 106
6 52
59 107
46 116
102 147
85 172
125 137
33 74
21 143
61 69
66 139
117 146
24 142
169 170
2 128
66 130
129 164
6 168
127 147
74 131
65 81
107 121
32 107
95 98
6 56
159 166
40 87
21 60
69 172
5 110
58 156
29 172
65 181
53 167
47 131
83 149
23 137
20 150
27 139
46 105
47 74
128 151
21 180
19 24
35 108
118 146
67 170
157 167
50 146
87 114
73 132
105 179
118 169
126 130
97 126
40 163
88 152
13 49
36 157
38 59
15 55
37 62
56 93
54 173
100 162
43 51
62 132
5 175
23 98
1 55
80 167
24 95
90 124
80 86
2 174
83 126
71 125
129 177
76 156
45 155
82 144
141 177
18 124
0 69
8 152
4 68
17 159
47 57
31 97
15 165
27 56
78 166
41 59
163 177
0 123
25 39
66 106
73 102
79 98
149 179
95 165
5 73
44 125
100 105
32 105
9 88
105 154
61 164
38 135
9 93
25 78
74 76
35 62
28 59
81 111
26 133
53 140
34 90
71 91
59 67
108 127
46 48
25 29
55 165
36 92
38 43
74 175
102 179
10 131
103 128
116 123
103 139
102 130
90 128
80 172
52 149
75 115
75 110
99 106
4 28
94 145
0 26
31 162
90 119
112 152
38 92
30 101
120 122
171 174
63 158
26 110
80 131
21 81
134 145
19 41
22 144
75 83
9 48
119 166
23 174
50 110
37 121
29 63
49 119
18 173
8 133
76 167
74 150
102 133
32 141
86 112
13 52
97 139
27 148
35 145
42 154
142 146
8 115
49 101
139 153
40 95
119 125
28 58
7 107
3 161
70 180
90 176
6 43
21 84
104 127
0 99
13 173
61 120
93 101
105 152
32 125
56 127
51 87
137 140
12 109
60 178
99 180
165 180
6 15
13 94
31 113
84 113
96 103
10 104
56 97
65 90
32 34
46 118
24 75
17 76
0 113
68 149
9 114
117 144
17 171
115 124
23 87
25 127
43 68
20 177
76 149
76 139
62 160
74 100
115 139
11 112
2 110
101 176
74 138
87 126
22 65
39 156
80 164
109 119
18 63
77 158
147 162
19 130
11 73
50 87
79 121
56 142
16 31
64 65
7 167
141 176
58 93
130 167
70 142
147 167
35 86
125 138
89 165
91 95
21 70
8 144
16 54
127 142
104 129
44 76
61 162
6 53
24 35
1 125
92 120
141 171
54 146
34 111
3 41
28 161
53 109
65 66
37 161
15 78
42 82
56 110
70 114
79 177
138 141
26 170
108 115
26 59
9 150
117 149
5 104
102 156
4 80
41 111
78 159
77 106
32 132
111 171
112 151
84 181
107 113
76 134
23 43
39 125
116 131
6 41
69 112
31 103
15 159
36 181
97 132
41 73
93 175
24 156
126 160
79 104
60 114
27 49
64 181
37 157
124 178
96 117
64 137
60 105
74 170
45 72
21 38
87 99
5 67
38 169
97 114
23 104
108 151
95 136
23 32
8 147
60 131
87 111
136 176
15 103
115 143
112 154
74 102
13 144
97 171
90 99
30 77
86 136
14 114
18 149
9 29
7 174
109 145
96 132
101 112
8 46
52 56
68 124
72 123
95 155
4 154
32 124
5 111
46 123
105 106
46 124
139 144
25 56
147 150
136 145
122 165
157 163
165 178
62 146
26 83
32 135
55 151
146 153
115 127
0 111
50 58
4 101
5 101
6 174
103 181
81 86
90 122
25 140
35 181
24 153
54 68
18 142
16 28
132 134
33 172
109 163
39 107
50 168
23 114
23 179
39 155
5 86
22 114
61 99
90 156
62 103
53 119
72 81
11 46
5 108
65 110
25 120
21 168
13 135
6 11
50 141
96 167
52 105
51 99
83 178
28 120
57 147
43 158
37 114
38 73
122 151
40 82
86 150
13 168
52 150
52 70
109 170
158 161
14 151
33 121
19 43
148 155
67 68
9 149
57 170
91 159
6 154
111 181
2 81
104 109
53 122
62 176
28 92
67 125
98 133
10 177
44 79
34 148
7 89
39 98
65 134
23 46
81 99
23 163
6 116
17 41
36 89
44 123
168 174
13 27
76 137
38 177
128 130
163 179
118 160
47 154
7 81
3 10
82 172
172 175
47 53
29 71
2 35
34 46
12 59
148 164
66 181
100 127
0 163
150 180
32 143
103 127
1 12
42 141
9 11
58 153
2 71
85 107
111 127
164 165
138 139
135 140
11 77
101 136
66 147
7 24
42 177
127 162
98 112
87 105
30 113
73 176
33 119
48 148
34 146
14 34
139 168
45 67
105 178
60 155
33 101
19 121
126 143
101 160
36 81
46 77
6 138
102 171
43 153
31 124
50 171
132 156
23 142
5 47
22 25
132 148
60 167
86 109
43 125
31 44
119 175
18 98
37 79
49 172
1 180
100 108
69 169
21 174
24 47
125 156
6 75
57 97
23 110
36 64
64 136
5 62
73 95
59 172
73 161
78 171
70 76
60 112
11 32
57 83
67 100
15 169
102 139
25 138
41 53
42 130
129 132
29 96
0 98
49 115
6 17
72 115
54 120
72 116
45 132
2 152
58 137
29 176
58 90
30 131
78 99
10 180
48 159
132 165
41 175
41 101
11 119
37 128
125 143
108 177
59 74
54 74
63 149
85 93
10 121
55 64
26 130
24 151
137 164
8 146
1 131
26 69
109 178
48 177
95 107
46 162
15 114
22 61
13 180
47 120
83 104
83 156
63 70
29 157
82 137
145 152
2 90
157 175
67 85
117 163
56 138
25 95
44 51
55 140
42 90
4 135
18 140
132 140
34 120
40 46
5 72
66 104
31 131
27 155
28 51
7 55
28 31
28 73
75 138
7 84
39 123
41 62
112 179
3 62
13 103
24 113
54 144
16 106
44 115
23 49
46 88
39 93
89 154
48 95
9 35
78 140
82 169
61 88
67 91
39 116
99 167
1 78
2 80
11 50
51 125
30 158
58 92
43 143
31 49
139 140
101 141
49 65
129 144
131 147
42 156
36 88
107 130
68 175
38 155
88 155
9 159
41 80
157 173
57 127
46 62
72 176
27 138
53 103
15 53
81 178
17 25
42 173
164 168
15 17
54 168
93 98
58 79
48 81
48 121
18 154
95 156
80 165
145 170
38 64
52 130
137 166
87 162
5 169
28 68
33 180
124 151
36 39
120 128
49 71
9 117
106 111
93 159
13 69
10 96
31 157
32 36
92 138
6 114
47 137
22 145
28 54
104 154
104 166
20 133
77 103
72 171
131 150
23 128
103 163
43 152
46 148
56 112
112 125
5 42
98 179
133 165
38 176
20 93
43 120
37 113
27 85
120 139
31 93
118 140
12 103
74 151
143 171
65 150
116 160
135 173
93 117
111 121
42 43
24 42
158 178
7 177
1 14
4 31
39 134
25 121
79 164
66 149
23 100
46 145
87 93
35 159
11 179
8 39
18 155
113 121
11 65
42 68
124 139
16 104
24 70
118 120
12 108
36 98
7 117
38 65
2 7
8 48
141 143
131 165
121 155
36 57
103 157
28 35
132 144
0 76
2 92
58 91
104 118
137 138
56 123
44 158
17 67
125 173
7 124
107 132
83 122
11 123
60 172
32 90
90 117
59 106
37 68
54 107
50 155
27 157
33 81
17 85
5 80
116 135
63 76
14 37
17 105
76 87
157 171
18 159
101 130
102 176
23 133
88 143
149 159
57 73
0 103
132 147
77 134
5 153
74 161
93 146
53 62
157 174
80 152
67 133
3 159
30 71
82 126
90 133
35 165
41 136
71 72
5 151
49 73
23 152
34 134
135 171
71 76
21 41
101 115
0 116
94 140
31 41
5 53
42 97
38 68
47 134
133 176
35 83
121 131
118 165
80 120
123 131
29 33
54 79
64 112
83 161
58 126
53 174
120 140
110 174
45 121
43 180
71 162
0 154
15 148
96 137
11 91
43 115
39 133
88 150
111 162
114 119
56 140
101 153
16 102
54 78
83 142
51 59
61 154
42 124
1 85
154 155
50 177
60 88
53 181
166 169
99 121
35 93
18 120
47 140
43 64
71 113
49 136
30 130
17 30
32 112
50 173
18 145
46 96
15 160
91 145
146 166
156 175
56 89
119 133
5 26
67 69
54 118
135 178
22 58
42 60
87 133
60 96
8 74
64 85
34 147
174 175
77 171
83 157
106 138
37 105
76 103
61 166
18 171
52 108
49 90
46 152
22 45
1 81
93 125
24 68
46 107
49 139
56 73
93 141
46 99
19 107
134 176
18 150
126 171
112 127
46 52
66 152
45 122
132 170
42 114
9 54
49 179
51 119
35 115
5 115
65 178
72 104
61 143
52 117
156 164
74 86
94 100
127 129
34 181
5 48
44 85
4 57
7 123
125 171
31 33
68 97
107 179
4 29
17 32
72 156
135 157
34 93
65 82
51 147
41 148
48 160
89 135
61 125
12 93
38 121
115 166
122 129
45 146
7 73
68 74
84 92
14 172
121 164
18 139
41 126
126 179
78 118
47 55
11 60
121 173
104 112
12 73
33 67
50 167
109 174
37 80
12 78
36 124
102 109
45 162
17 137
39 160
87 120
68 91
44 166
58 130
1 121
143 160
19 132
96 180
29 156
68 155
88 172
57 181
134 152
122 158
5 58
84 164
20 64
126 129
87 97
160 165
23 123
96 111
51 114
96 177
25 44
2 32
39 49
141 158
4 86
17 63
125 133
33 82
24 133
56 78
82 159
33 90
36 173
47 116
149 177
117 135
77 141
113 117
134 160
77 173
97 113
3 77
18 22
20 129
35 144
75 161
26 145
158 170
61 106
61 112
131 178
38 160
74 137
100 137
103 137
44 69
23 63
42 57
114 135
18 111
23 168
17 136
59 62
124 131
68 131
57 89
45 179
28 100
6 22
30 140
8 54
12 41
76 113
78 87
84 107
90 150
15 177
1 129
107 137
43 128
0 85
111 160
123 158
38 139
35 160
20 134
21 73
45 51
51 78
58 73
97 166
57 121
122 160
18 81
18 50
21 59
117 154
41 143
84 102
16 87
40 116
137 172
136 154
28 154
43 100
49 134
6 16
129 142
25 130
5 157
32 153
74 173
146 149
125 147
70 146
152 165
5 24
80 134
5 18
68 125
122 154
86 155
33 105
22 60
22 56
83 114
126 155
11 75
15 163
35 97
0 41
84 114
57 137
43 79
107 119
1 59
16 154
24 87
48 65
8 34
34 127
20 132
93 103
0 31
68 79
73 108
98 158
16 93
27 74
24 111
42 45
9 39
117 156
11 15
81 95
19 37
123 138
50 107
58 60
92 117
47 104
38 179
34 162
11 62
99 110
83 98
38 150
71 154
45 81
73 143
24 165
137 146
51 175
18 20
22 116
0 172
54 179
71 160
38 58
113 136
57 146
82 168
63 106
100 173
29 136
21 93
13 128
147 165
4 120
117 148
40 88
45 109
146 147
55 104
86 102
11 59
14 181
79 173
47 117
125 144
72 103
0 20
16 58
84 150
56 122
51 172
98 129
38 148
63 133
87 122
102 118
4 42
67 126
37 148
93 102
23 78
38 106
18 87
8 125
5 180
16 50
68 80
52 161
106 157
77 79
167 180
20 142
20 38
18 135
17 44
35 152
52 86
29 162
63 136
24 73
96 161
35 107
11 155
99 166
17 90
41 82
1 103
128 180
43 90
55 161
35 162
93 129
92 137
139 173
29 166
120 159
11 103
84 136
17 65
114 141
132 161
98 99
32 113
122 125
38 63
39 86
39 76
17 60
4 52
35 129
11 26
16 29
51 141
52 148
55 69
12 63
43 117
16 55
132 155
3 60
21 36
18 79
106 171
99 174
37 171
30 139
12 50
53 69
110 118
15 104
23 91
106 109
54 142
138 144
62 102
60 120
4 118
73 103
124 181
94 118
79 107
55 57
9 38
109 181
32 109
109 175
41 113
9 91
43 162
31 171
8 156
64 114
18 76
88 157
64 168
7 18
137 154
139 152
9 140
108 165
3 172
129 137
37 67
145 173
98 171
164 170
78 155
133 150
12 17
14 125
47 132
38 119
170 171
108 112
121 160
105 157
29 56
41 174
32 154
37 60
51 83
42 131
97 125
39 110
95 116
60 72
34 61
103 110
33 59
106 168
132 149
47 107
14 81
27 180
79 155
130 145
13 43
22 27
78 135
33 39
28 140
57 148
1 97
86 93
118 154
6 107
60 119
4 83
24 57
128 157
64 81
95 171
113 145
42 64
90 148
54 154
83 147
82 178
146 161
68 137
82 91
47 68
47 178
55 129
6 124
42 115
55 143
60 152
64 152
140 151
51 107
77 112
1 74
13 71
17 52
10 129
102 120
84 148
115 170
77 118
57 152
4 14
0 102
19 109
88 148
24 31
66 132
15 118
38 57
83 92
67 113
81 163
73 89
38 61
95 117
121 171
109 136
23 134
66 103
15 102
90 123
3 143
102 161
44 83
10 157
77 113
22 125
37 146
116 158
55 141
112 150
59 101
27 121
52 129
73 145
8 155
113 176
9 155
51 176
88 159
45 106
116 139
13 14
95 172
36 151
49 82
9 52
75 157
97 116
8 100
81 97
106 136
89 155
66 110
44 140
58 119
90 172
64 95
19 80
20 36
40 167
56 163
111 150
124 160
152 158
49 78
98 169
138 146
26 79
69 175
72 136
94 127
24 112
30 43
33 163
43 154
20 148
3 74
20 161
125 167
91 128
85 101
17 86
40 84
80 130
69 124
150 159
32 155
19 163
35 52
85 168
60 101
179 180
66 140
155 178
31 77
5 8
122 174
108 173
7 158
76 83
152 167
105 146
105 138
86 115
4 153
26 53
92 133
31 130
66 157
13 97
76 114
12 21
90 131
34 94
11 80
4 11
13 61
2 6
91 156
62 123
37 122
23 84
155 165
37 87
37 132
5 91
99 129
89 171
70 86
84 180
162 163
96 124
57 141
114 128
160 176
138 165
3 33
87 173
74 167
41 150
28 81
14 155
70 136
78 152
75 152
20 116
89 146
110 138
3 80
29 128
34 79
40 52
62 134
84 110
170 178
25 177
55 130
24 25
76 115
84 138
36 100
30 129
165 176
11 102
40 55
90 144
28 141
74 81
170 177
60 81
96 118
12 164
103 122
75 125
13 115
59 126
16 135
5 89
40 166
26 139
87 142
24 174
0 149
38 53
20 96
69 93
37 145
6 32
12 125
33 112
6 61
35 40
6 25
27 71
13 96
54 149
17 122
116 169
19 171
101 134
36 54
91 121
150 171
148 161
130 149
71 108
19 88
60 134
68 88
122 164
100 176
27 136
24 158
143 170
20 176
11 90
102 146
177 181
54 70
66 144
37 150
78 98
118 125
32 71
20 108
43 155
45 101
135 137
29 127
136 180
5 11
10 60
61 126
3 8
145 154
48 172
94 107
42 104
90 138
143 161
153 181
92 131
34 73
34 59
57 176
80 168
38 113
36 111
151 154
59 97
95 129
21 89
60 71
12 151
34 168
94 136
113 141
30 138
91 94
58 94
149 166
55 79
31 167
19 124
40 105
120 156
58 80
124 138
29 40
7 180
19 91
14 138
28 99
20 56
98 167
2 61
23 120
5 95
18 78
95 99
113 158
43 163
112 170
81 177
41 54
25 142
137 161
141 167
43 129
92 136
3 102
3 32
145 147
28 62
111 170
23 96
90 109
65 76
15 35
23 146
81 92
44 98
31 180
8 106
94 165
18 34
85 176
86 172
19 42
48 90
44 176
26 75
37 170
124 161
16 48
35 125
67 121
42 63
16 41
1 66
68 179
42 103
85 89
69 139
66 115
61 153
75 86
58 172
86 124
69 147
71 107
20 164
138 175
119 121
39 120
47 50
27 158
166 181
52 133
0 78
102 111
51 170
24 55
39 150
70 117
79 83
104 135
21 24
48 74
8 89
100 154
75 151
94 158
26 37
113 160
27 61
110 173
13 145
129 169
141 148
2 100
15 139
65 170
77 178
58 170
46 50
129 138
20 152
110 115
35 131
55 177
49 113
58 110
142 169
97 178
57 109
58 83
128 135
37 50
17 92
44 169
12 83
128 164
16 142
112 172
146 174
133 138
27 69
61 110
49 108
56 133
143 173
148 173
75 122
79 136
47 128
34 141
15 59
29 170
80 176
134 164
49 151
67 87
62 90
63 170
53 142
126 138
101 165
117 161
121 143
0 152
116 145
22 55
19 119
0 145
49 132
54 175
43 84
17 114
124 162
2 141
9 131
22 33
87 123
104 147
38 112
78 80
64 160
59 60
11 168
38 141
25 91
54 164
78 102
67 104
89 134
74 149
146 176
86 91
121 161
14 165
41 129
41 176
91 104
159 171
22 82
138 172
12 126
71 148
33 52
32 179
136 149
31 54
48 94
24 148
104 114
97 134
27 137
31 46
37 165
61 93
122 140
11 41
16 69
67 173
79 140
32 79
68 158
130 171
55 88
59 124
29 181
35 74
28 181
60 95
45 151
39 59
73 80
39 111
138 150
80 147
63 153
87 127
71 78
54 126
0 35
150 156
8 19
50 119
65 166
140 154
92 123
116 138
18 54
57 112
48 117
38 175
68 72
54 109
26 167
112 120
16 56
82 179
43 131
77 81
16 168
10 18
11 71
66 133
174 176
66 124
95 145
14 104
3 113
66 76
104 126
32 181
54 153
131 171
6 36
15 39
106 137
118 134
37 103
17 80
92 173
139 156
45 159
16 171
67 158
23 135
35 133
32 84
29 89
104 130
97 110
23 54
76 151
40 122
140 144
2 180
100 153
28 78
54 166
47 60
129 151
25 116
4 123
79 150
35 171
113 177
99 146
147 151
1 33
12 97
105 112
73 91
62 157
44 62
54 98
115 151
85 160
138 163
64 177
130 173
82 127
117 138
117 171
158 169
3 75
3 145
73 178
59 177
42 133
149 155
26 163
22 74
81 167
106 152
33 139
59 121
56 85
102 105
33 134
36 155
62 130
107 116
87 145
52 65
49 168
26 64
40 64
69 132
1 95
41 145
146 172
0 119
36 171
81 112
29 86
28 145
133 159
105 181
81 164
113 125
1 117
76 146
68 82
7 121
13 64
27 87
53 114
13 118
54 96
56 61
57 162
2 33
55 75
68 115
85 153
126 151
40 112
32 177
8 9
31 55
131 162
55 67
75 100
16 74
21 163
64 68
137 171
41 170
84 155
99 147
5 84
18 148
111 118
7 79
92 98
74 176
78 129
43 80
130 147
116 120
173 175
130 175
55 136
22 99
118 177
21 102
120 161
18 56
26 134
43 116
26 143
17 173
25 149
21 90
88 142
112 167
66 128
95 142
103 126
48 92
76 160
67 146
149 181
100 159
141 175
98 122
17 35
55 138
71 149
166 177
73 79
34 149
95 114
71 79
27 46
150 155
8 86
6 86
111 122
41 42
115 165
33 65
51 131
64 142
14 17
60 147
84 166
147 149
16 73
1 47
37 130
42 85
43 133
104 161
62 120
114 157
162 167
2 59
53 130
47 161
87 149
33 99
71 166
31 156
16 99
115 168
33 132
17 43
124 150
45 175
109 158
43 112
44 145
130 156
66 120
42 110
124 148
107 108
21 92
10 78
90 181
53 73
41 77
57 180
83 115
5 99
60 118
14 122
30 42
74 104
119 124
26 85
16 77
47 176
76 99
99 124
66 153
3 180
100 143
34 108
57 79
124 159
29 154
16 119
64 148
54 61
172 181
2 65
65 138
133 153
83 138
5 109
120 173
9 164
34 45
64 118
37 65
106 126
57 124
41 114
7 111
41 106
82 139
11 99
79 158
4 20
136 139
14 133
79 123
17 74
104 175
6 14
69 86
15 22
10 155
102 162
59 122
76 106
18 112
11 88
104 155
29 158
114 169
104 110
6 102
11 147
156 163
125 155
87 154
35 151
59 120
132 178
38 95
122 141
6 65
78 84
70 181
9 177
9 87
20 174
25 137
6 173
89 107
15 153
129 165
19 39
80 174
92 129
39 118
30 73
108 169
12 86
74 89
118 167
76 123
105 174
18 65
64 166
45 61
0 37
48 145
5 59
40 47
121 172
142 168
8 68
1 106
7 96
51 135
39 75
54 103
97 102
86 97
105 130
8 122
99 152
35 41
81 170
10 50
77 180
17 48
109 140
52 124
74 126
122 132
43 175
103 156
138 181
37 49
1 159
53 67
35 130
5 6
11 175
105 111
86 89
2 136
34 82
126 180
107 127
52 122
58 68
37 131
32 111
97 160
26 156
139 165
17 121
30 96
11 48
31 151
70 164
83 87
117 157
82 98
139 179
29 121
67 90
3 90
65 115
1 177
95 162
89 94
25 128
114 138
19 179
165 179
111 116
48 124
68 122
126 164
77 88
3 93
159 172
46 91
123 133
89 151
53 60
67 176
112 173
23 34
19 170
28 114
40 70
91 174
16 94
85 105
143 153
4 139
18 114
115 121
47 52
52 120
42 132
99 109
89 111
15 174
52 146
82 94
43 52
31 80
47 111
42 91
64 80
150 163
60 141
52 111
22 38
39 60
20 80
49 180
90 177
20 166
141 180
8 10
3 107
74 124
10 128
0 89
3 20
99 181
5 159
178 181
74 181
101 103
147 179
77 92
68 165
75 109
12 121
95 166
22 137
9 116
25 156
13 176
154 175
63 144
36 114
74 140
60 145
62 78
14 171
39 103
8 93
2 151
15 77
48 104
118 156
47 123
44 93
1 69
152 172
53 75
33 124
24 172
16 27
140 145
136 142
60 65
50 143
24 180
99 132
48 70
139 171
9 95
116 172
9 129
82 117
12 145
3 92
39 88
136 159
19 20
108 148
45 58
86 120
0 138
86 117
18 84
17 131
104 178
70 131
3 13
82 119
10 154
68 167
74 82
19 73
6 153
66 134
67 111
43 58
110 172
132 176
64 120
61 72
36 175
1 11
25 113
11 97
27 130
133 179
4 81
15 67
135 147
39 78
70 152
23 147
110 139
27 98
36 154
86 146
18 110
11 20
52 90
64 97
68 174
18 49
3 174
24 65
10 134
72 162
128 175
123 154
34 40
77 78
24 66
57 177
94 155
14 174
36 166
45 87
65 152
117 167
29 35
95 151
152 169
78 154
66 114
96 128
53 178
79 157
34 36
50 153
52 180
96 113
48 180
6 57
21 33
24 78
148 159
55 162
92 165
82 170
43 119
147 158
57 87
68 135
147 153
86 139
77 166
1 122
66 129
0 86
66 68
136 137
6 60
83 169
56 179
115 159
4 116
83 164
72 168
48 123
55 139
43 147
73 98
97 140
63 84
19 28
81 129
2 26
76 86
103 124
48 116
62 165
116 178
52 74
153 178
29 146
4 94
114 134
10 174
20 120
80 83
162 177
23 105
81 142
65 71
132 174
26 136
21 25
57 115
30 134
19 155
63 92
16 23
132 153
53 153
85 161
54 56
51 165
38 138
153 156
13 113
115 120
73 123
66 90
5 55
128 163
33 140
143 179
40 157
76 111
4 6
112 133
63 177
86 159
49 142
30 181
107 161
5 78
118 141
33 73
1 35
62 144
92 93
22 100
149 173
47 168
56 145
39 42
29 155
9 32
27 170
104 136
42 157
62 136
64 111
90 130
36 40
31 34
18 163
129 176
79 178
161 174
67 180
25 81
61 74
7 155
11 55
76 112
86 127
32 68
70 81
6 79
32 160
16 126
164 172
63 94
64 107
77 148
75 104
26 180
84 97
66 169
166 170
84 157
116 122
133 137
78 142
41 130
11 85
13 121
16 43
85 170
78 147
11 139
34 167
15 56
58 181
46 100
50 134
12 48
19 138
22 177
31 40
9 154
69 76
37 75
2 46
63 181
96 179
85 110
106 158
126 145
2 74
40 165
68 148
93 136
73 169
20 121
29 143
16 81
129 148
156 170
13 141
11 76
5 15
89 99
82 167
125 148
27 55
31 60
75 105
105 144
33 136
27 47
29 118
6 71
33 157
41 103
81 147
11 38
53 113
153 174
75 76
67 80
34 100
81 128
45 48
55 96
21 154
48 58
80 104
121 154
69 156
22 176
36 58
22 57
2 55
6 93
68 126
11 120
117 178
145 171
92 148
52 88
51 137
62 178
82 112
126 159
87 165
53 135
91 120
58 150
49 130
42 159
122 143
8 47
97 123
98 114
87 100
137 176
104 158
72 142
90 152
73 168
100 150
54 137
41 95
101 126
23 28
71 86
30 121
49 167
42 129
52 87
127 156
41 128
120 180
94 111
121 148
133 175
83 170
25 155
71 92
23 155
87 124
61 84
153 159
14 40
35 155
7 33
7 134
37 44
28 50
13 153
80 162
81 148
119 129
0 38
125 174
71 155
51 144
50 53
36 146
2 42
73 146
131 143
116 142
9 174
92 179
13 149
5 40
66 123
10 35
17 117
121 179
49 116
17 29
37 98
112 164
16 86
4 10
20 169
82 84
34 89
124 171
115 141
98 128
106 154
34 133
113 119
123 174
101 154
14 101
30 154
27 106
31 145
29 126
54 80
79 117
40 147
76 108
74 101
145 148
105 141
59 155
48 181
50 144
39 179
82 128
62 92
104 116
17 51
21 74
42 52
103 146
22 150
99 128
23 117
89 131
19 169
63 173
7 35
69 109
4 107
121 141
24 118
25 114
101 124
53 145
47 118
27 123
36 105
28 166
72 160
1 132
38 77
80 133
12 133
103 172
8 145
89 176
159 169
29 104
24 93
82 165
123 162
41 86
53 84
130 165
58 139
45 181
40 135
102 142
15 91
56 108
77 149
160 166
80 155
2 117
89 167
20 79
39 139
59 65
32 139
42 170
109 149
31 45
49 173
65 117
51 179
55 126
36 125
32 167
35 85
28 156
121 167
140 148
33 96
175 176
99 133
7 119
6 58
41 98
120 123
62 79
10 82
90 153
165 177
46 80
49 69
137 159
5 54
87 151
12 148
9 170
121 144
88 169
91 119
75 102
91 100
46 131
84 111
15 144
79 172
61 75
4 129
87 159
19 46
83 90
171 176
52 64
1 168
84 149
46 178
1 88
162 171
58 99
147 163
45 93
81 159
108 113
17 153
43 87
61 170
20 156
25 139
40 121
115 146
120 163
6 38
45 70
139 172
149 163
133 155
22 178
55 63
10 31
81 151
62 112
107 176
31 32
38 71
82 89
45 120
106 176
23 113
74 169
8 77
50 103
4 76
95 121
7 142
41 173
80 149
60 136
55 120
12 123
95 123
102 129
24 45
84 146
39 50
25 72
2 148
80 106
117 147
51 118
96 172
61 64
113 166
14 90
4 58
18 132
128 158
107 169
85 129
114 168
109 166
87 158
24 77
70 79
65 135
120 151
99 148
140 179
120 131
57 156
28 42
17 156
6 67
53 92
69 111
85 116
43 63
24 48
21 175
66 83
34 51
1 152
167 175
163 164
37 92
21 117
20 119
56 156
31 107
135 166
58 134
22 139
26 92
71 145
141 178
76 88
25 148
42 99
46 172
10 110
122 177
139 164
89 130
93 137
46 58
20 104
21 80
1 127
17 164
29 111
85 149
114 150
49 128
52 171
35 143
107 131
17 93
69 117
13 138
61 130
62 164
38 72
8 107
110 151
64 115
159 176
7 28
41 152
45 140
62 163
3 29
131 140
87 108
59 82
96 168
19 151
60 113
27 156
11 100
102 107
65 119
139 155
146 169
107 163
108 162
0 106
70 143
43 167
2 112
119 122
19 167
60 154
26 105
101 146
59 114
102 159
39 74
28 144
29 43
6 90
40 50
54 57
42 59
109 120
32 142
9 83
56 125
68 85
89 159
61 137
104 117
55 108
80 114
46 120
138 173
67 151
4 98
61 144
96 170
26 55
83 151
84 131
43 74
27 51
47 136
79 94
101 173
80 107
75 163
106 114
73 93
168 170
4 143
21 173
88 98
13 83
8 143
24 56
38 137
16 33
2 129
106 174
34 169
114 122
100 140
75 107
47 108
36 50
13 162
39 72
7 127
4 91
26 149
91 125
5 163
56 116
41 124
40 124
22 93
20 130
64 66
84 137
26 77
51 96
10 93
36 71
20 44
175 178
25 106
47 73
36 42
3 98
57 80
56 84
55 168
20 50
78 177
142 143
52 154
24 103
12 33
6 62
20 73
166 176
25 65
82 141
121 149
97 111
4 174
157 158
33 40
97 101
145 159
48 72
148 162
92 180
13 116
68 107
27 39
63 128
26 106
61 124
56 104
105 155
3 127
59 148
21 50
11 33
7 67
95 132
99 130
120 147
27 118
10 25
95 157
101 175
12 28
59 180
62 168
110 148
3 115
12 37
81 137
71 181
128 160
32 41
82 153
88 119
1 105
25 158
130 163
155 175
7 102
154 169
77 84
36 158
54 160
94 163
24 32
121 122
9 13
98 106
40 53
17 124
28 111
75 160
4 119
130 146
17 111
38 171
23 149
130 161
40 58
3 155
58 82
127 144
50 154
145 161
62 69
117 153
81 127
68 117
42 164
14 142
110 143
118 175
49 64
131 141
6 37
75 111
50 116
21 101
49 156
108 130
14 28
50 160
28 142
40 78
7 163
13 131
72 133
54 129
92 146
158 160
84 162
40 128
64 96
55 167
0 141
81 165
97 181
83 123
48 67
132 158
11 128
71 73
39 137
138 176
28 106
58 74
1 25
5 128
7 11
11 51
9 99
42 158
66 146
98 143
73 130
81 120
1 157
103 119
54 145
138 154
6 84
110 181
17 101
39 57
4 181
68 92
81 121
137 149
72 73
86 134
94 98
59 146
58 103
92 151
124 147
110 162
57 163
9 166
49 147
46 180
4 38
13 170
125 161
120 130
42 92
94 132
51 69
130 180
44 122
9 134
93 113
50 112
57 114
121 152
9 181
22 159
52 157
120 160
68 71
78 160
85 118
6 101
134 138
108 140
122 144
21 30
1 128
105 117
21 45
50 147
15 89
112 157
135 181
121 169
93 138
52 82
6 179
68 159
47 90
52 61
133 173
135 164
15 126
77 99
69 161
30 143
43 161
8 83
138 162
136 165
16 105
70 179
26 52
140 176
21 170
123 153
105 114
143 149
135 141
16 67
77 85
12 140
11 84
10 109
154 172
127 174
158 176
150 160
2 68
34 166
107 111
31 58
17 40
94 152
33 103
10 13
23 75
30 135
20 84
4 12
136 151
40 132
14 20
28 41
139 180
6 143
32 172
8 150
97 145
46 71
105 127
125 146
103 135
53 146
11 127
4 136
25 175
4 111
9 51
98 146
113 114
79 88
10 12
53 159
64 180
3 64
100 129
65 125
7 143
130 154
18 51
77 147
108 176
67 165
125 152
34 60
60 160
139 166
60 156
48 165
19 136
15 181
92 102
8 55
100 107
30 170
47 174
53 89
9 124
158 181
17 53
176 181
93 100
43 73
16 179
20 171
22 51
20 40
74 107
10 143
87 157
20 51
68 178
4 59
39 40
20 23
87 102
127 180
120 146
6 12
88 158
85 114
99 149
145 146
126 147
159 168
76 85
26 82
51 63
97 163
50 93
19 49
31 83
155 157
16 155
120 134
51 76
9 112
129 131
64 135
106 112
128 146
104 124
58 62
49 133
96 154
3 73
134 181
115 150
36 65
93 128
19 98
129 158
110 129
113 131
120 176
23 88
40 120
130 159
18 115
29 30
21 153
1 123
7 72
135 159
58 61
67 152
149 175
3 43
71 163
59 144
112 122
87 180
150 166
37 40
114 127
1 20
143 177
49 123
98 140
84 103
31 147
19 67
69 89
26 99
0 178
23 127
102 125
77 119
74 132
92 132
83 105
58 148
75 97
94 177
74 147
78 105
75 123
59 168
146 148
47 145
101 177
85 166
23 129
9 128
102 168
49 68
19 168
3 53
118 131
1 167
62 82
61 94
162 169
128 152
15 60
79 167
108 152
7 131
58 100
40 136
111 174
146 167
10 138
101 109
141 157
74 139
71 157
78 150
77 161
126 148
4 137
100 144
13 177
47 96
37 106
31 78
13 40
37 51
30 74
115 171
25 164
54 82
22 103
19 76
26 50
51 121
19 146
26 146
77 111
32 75
39 68
59 64
48 162
26 138
15 90
13 104
29 120
49 127
86 175
67 78
8 130
101 133
0 46
4 48
39 43
7 110
9 42
119 143
101 178
40 100
6 155
167 170
52 116
65 124
54 140
42 95
28 136
40 168
151 177
9 78
65 140
67 70
79 170
52 66
116 161
54 133
78 158
133 174
76 125
67 141
105 140
127 179
80 146
3 112
41 181
88 129
93 130
29 101
16 128
64 92
9 173
23 167
58 116
81 118
85 171
53 76
93 140
2 107
18 156
92 153
28 94
24 128
67 99
62 77
111 144
2 118
75 128
11 81
60 138
48 168
62 137
40 93
98 139
144 178
21 114
83 124
97 173
17 94
52 101
30 163
31 105
25 77
18 180
38 54
55 166
118 130
37 97
7 45
44 94
32 110
11 27
11 176
15 136
96 145
88 168
74 178
22 112
135 180
154 174
12 173
39 48
71 87
128 149
3 148
85 130
110 131
127 173
133 136
72 107
131 168
63 101
31 38
111 151
169 176
44 45
107 159
24 122
87 163
96 130
58 151
142 172
57 103
3 179
97 142
121 170
100 130
122 155
93 171
17 99
95 174
88 144
9 178
127 134
3 87
23 31
72 179
9 100
21 23
21 48
24 130
22 91
152 176
56 91
0 95
64 101
88 95
9 107
63 109
31 98
87 131
19 125
48 141
99 165
46 108
32 169
164 169
116 134
60 163
62 169
118 127
45 130
83 146
48 144
48 103
2 5
62 127
118 170
96 155
4 114
73 135
56 100
45 107
103 120
128 168
25 153
79 138
84 142
0 84
109 164
29 110
60 171
80 160
49 61
35 91
25 98
9 25
28 46
16 62
146 159
22 90
14 32
89 144
13 156
152 157
96 114
83 163
29 69
9 121
25 67
83 117
79 80
89 160
19 111
36 48
79 148
2 36
125 170
21 103
39 154
162 173
145 164
127 157
97 172
83 177
16 114
68 89
50 157
11 162
100 115
29 137
22 110
1 82
134 167
160 172
99 114
130 142
32 147
1 38
27 30
37 38
35 154
39 69
83 88
8 81
104 123
15 166
39 129
85 97
1 4
133 170
9 72
19 106
72 88
31 65
20 48
28 65
30 49
59 117
11 163
40 114
32 99
0 70
16 115
20 109
84 105
108 154
22 53
86 107
76 100
71 167
44 146
29 175
24 175
14 30
102 174
105 115
15 179
77 170
27 37
138 156
123 148
0 151
22 81
16 61
111 163
23 62
77 176
62 133
29 34
65 72
148 169
3 163
50 130
50 174
19 52
69 167
64 154
48 82
33 102
16 85
2 159
89 149
54 119
46 147
43 159
3 171
44 108
53 93
24 139
31 75
79 169
15 49
70 178
14 106
92 128
35 157
48 149
47 175
44 99
27 143
8 119
22 179
132 179
25 80
131 157
12 147
50 132
15 171
2 77
153 165
65 100
129 163
42 72
98 100
25 71
29 150
33 66
27 141
13 59
81 109
35 120
130 150
66 122
76 98
51 155
5 66
123 176
56 152
69 155
103 112
43 168
92 122
61 77
128 177
47 72
38 48
7 63
97 107
86 148
22 141
67 131
14 143
34 92
10 92
6 161
14 88
20 28
38 66
19 127
16 122
63 125
54 111
106 147
24 99
14 24
24 132
73 113
30 91
65 151
47 114
16 96
58 123
1 126
112 141
15 51
40 75
61 174
86 87
57 164
7 128
128 143
76 135
23 178
68 143
29 85
12 102
87 118
9 62
29 173
41 89
56 166
18 70
103 107
61 95
90 115
113 164
52 178
2 37
1 94
91 123
106 148
124 172
27 152
17 71
1 163
159 179
6 69
64 119
8 176
68 130
51 149
49 125
75 178
75 78
11 68
4 163
59 105
113 171
1 142
16 152
67 154
0 148
55 117
67 160
5 116
72 114
78 83
15 83
116 156
6 83
11 144
35 70
63 98
36 60
54 71
80 112
20 110
6 74
31 106
53 138
26 98
42 125
36 156
33 141
154 166
104 170
140 147
14 156
47 69
7 91
38 40
105 176
4 134
118 168
91 140
74 171
10 64
43 124
33 80
73 162
110 153
83 108
33 138
6 126
30 36
30 33
78 130
25 107
108 178
124 157
97 174
51 71
46 103
15 141
34 119
11 36
95 163
176 179
108 174
4 170
76 181
106 150
23 176
84 156
98 151
27 94
87 144
5 7
90 141
57 179
82 133
94 144
88 173
6 20
3 167
114 153
90 140
56 94
82 149
53 121
14 176
84 90
76 163
49 112
6 103
82 171
12 74
14 25
51 161
0 160
21 161
20 181
14 54
43 66
100 149
36 168
72 139
11 133
61 81
54 136
78 111
55 102
108 167
31 165
20 66
39 169
37 90
98 127
138 149
60 149
7 36
2 58
10 122
91 107
125 169
83 118
18 127
96 108
14 99
59 125
35 161
69 136
136 153
52 73
20 90
5 64
61 67
41 142
45 168
80 129
45 82
5 10
81 125
120 121
25 100
6 151
103 138
41 168
59 76
142 144
95 111
37 46
101 139
23 103
39 151
160 179
19 135
14 145
144 161
54 151
31 146
58 180
63 88
8 110
46 119
79 162
123 180
8 149
5 130
60 146
70 147
38 173
68 87
17 126
54 174
64 158
106 120
20 94
68 161
8 157
100 116
74 122
112 135
6 130
33 167
28 115
71 168
173 179
114 181
10 115
9 133
21 169
41 48
53 127
157 172
1 119
2 158
132 181
119 131
78 104
41 61
2 89
123 152
18 130
58 98
26 49
12 47
83 152
48 97
79 137
81 139
51 86
68 141
117 152
85 133
58 129
3 9
117 181
101 122
65 130
33 72
2 73
47 148
41 122
8 162
155 171
78 133
45 160
44 160
1 72
3 137
139 154
55 71
32 55
44 133
94 138
11 118
9 82
86 169
44 74
99 113
41 144
89 138
24 181
116 121
59 110
24 164
66 161
16 121
135 172
29 59
61 141
176 178
77 127
81 96
54 67
115 126
104 169
107 165
7 17
26 120
40 89
22 50
41 109
53 172
6 64
50 151
169 181
1 19
84 178
33 78
107 109
144 162
86 179
147 173
29 84
21 119
2 123
26 102
60 151
20 62
36 127
69 97
1 147
85 155
163 167
35 63
9 18
94 161
82 105
74 143
2 135
83 130
44 119
26 155
69 82
10 28
25 150
75 145
61 96
94 133
111 141
169 172
46 130
52 57
130 174
31 175
0 132
57 104
30 119
20 138
91 106
97 147
56 180
24 125
14 110
40 115
53 162
23 92
3 135
91 114
96 166
18 151
158 173
71 85
155 166
81 89
103 152
49 87
102 119
84 158
61 163
70 144
143 180
88 124
45 173
10 113
51 168
38 131
116 132
99 150
56 99
12 105
100 126
8 29
26 31
21 142
105 107
26 60
73 99
9 58
124 141
139 141
35 123
169 174
28 34
72 146
21 149
19 81
0 127
27 35
47 71
17 69
69 120
98 113
7 173
55 127
110 126
8 69
34 142
111 134
0 105
11 142
30 87
70 140
124 176
60 92
20 101
112 140
45 163
79 180
116 117
36 109
34 170
143 156
1 7
60 69
6 164
110 130
13 171
24 104
93 105
133 143
116 180
105 165
10 158
16 127
32 82
24 120
24 117
39 146
3 82
20 128
39 94
42 53
63 89
105 145
1 110
154 160
8 140
72 174
39 135
21 124
66 91
66 156
9 111
51 136
148 154
81 152
31 66
78 108
70 90
37 135
10 79
26 168
122 173
133 154
45 73
63 104
33 62
20 115
38 44
33 54
28 87
31 140
75 167
21 27
68 154
50 164
64 93
102 116
122 156
0 77
8 102
48 134
35 146
16 82
73 167
5 142
78 165
81 155
58 117
72 75
27 165
84 104
171 173
122 133
106 153
58 102
112 153
17 91
68 168
48 66
90 92
13 54
12 144
87 143
34 95
74 164
14 45
4 26
143 162
76 120
2 171
84 126
150 162
101 180
67 88
69 133
70 170
5 103
46 141
9 74
44 88
34 122
9 10
4 74
143 154
129 179
48 87
44 65
18 82
3 118
61 161
41 127
89 112
23 48
93 157
1 90
102 180
91 147
8 75
42 71
47 75
15 98
89 140
97 152
62 122
98 119
96 105
129 173
101 170
139 147
32 103
110 125
89 142
119 148
145 155
145 165
60 66
2 31
65 129
24 166
149 172
31 68
51 84
126 154
144 181
9 127
36 41
43 85
7 159
68 142
143 147
57 60
31 71
82 174
34 140
36 140
160 178
34 47
27 50
1 165
55 60
68 128
29 78
93 181
29 32
130 162
84 147
128 148
101 166
19 34
75 82
54 125
81 179
6 24
45 154
68 101
158 163
69 144
50 169
16 109
122 157
72 131
55 153
6 63
77 146
3 124
57 134
73 119
8 154
73 181
16 108
22 48
114 143
20 151
56 114
1 56
38 84
83 158
47 95
58 105
100 133
133 139
85 173
110 171
12 135
32 93
88 106
62 155
46 151
16 72
12 107
118 119
36 115
30 160
39 180
99 116
45 80
41 79
119 174
7 95
167 172
64 176
15 180
28 173
106 163
96 146
1 149
79 96
36 47
34 88
95 134
83 120
110 137
5 51
105 125
78 153
2 155
73 128
26 95
10 49
9 14
56 174
117 162
3 22
114 118
59 138
59 167
36 142
63 119
34 97
22 143
8 71
160 167
118 147
105 113
8 159
64 70
121 124
32 104
87 92
52 106
62 99
22 173
100 142
87 150
46 144
41 76
45 76
91 157
69 137
97 112
66 166
12 131
21 120
14 120
95 140
3 128
40 160
0 108
4 69
38 83
7 23
66 131
50 104
18 66
109 144
49 104
47 103
93 116
31 169
151 174
115 128
46 86
88 103
80 128
7 62
96 127
0 140
14 169
13 45
118 144
30 118
71 142
2 142
20 159
23 86
100 145
94 131
43 178
10 22
14 41
12 53
60 165
107 148
135 177
148 166
17 18
4 150
9 143
156 161
39 168
17 49
136 162
25 163
126 178
152 154
3 91
123 146
32 137
112 175
70 113
26 104
8 78
109 159
99 144
64 151
26 159
50 114
39 108
37 52
18 36
98 168
54 158
173 178
32 157
4 72
3 133
162 165
113 147
11 104
24 53
43 181
13 158
42 61
31 86
78 164
61 152
100 117
34 58
57 125
74 154
74 80
127 175
3 146
98 134
12 130
33 126
5 50
81 124
119 179
32 66
71 175
40 137
6 119
108 143
25 160
2 15
22 42
148 180
19 120
70 128
12 137
79 163
76 121
66 99
33 64
62 142
57 96
26 161
17 119
7 164
119 170
45 127
23 153
126 166
131 151
30 103
67 167
128 144
65 128
43 132
92 155
100 139
76 124
135 160
41 178
72 135
14 68
91 155
19 74
117 170
64 91
58 118
18 41
28 112
108 123
154 181
61 155
75 99
44 126
81 119
118 166
132 162
127 154
20 113
123 127
0 114
166 180
66 79
34 131
109 179
37 179
4 167
95 119
114 161
63 139
43 82
7 82
92 162
89 114
55 85
64 104
55 150
74 116
31 172
133 177
75 173
74 98
28 158
108 134
26 117
7 76
109 169
14 115
115 116
149 161
53 82
61 136
89 148
117 139
45 46
150 181
25 159
54 141
16 64
45 167
6 180
18 32
32 65
32 158
6 40
16 166
62 118
53 74
75 133
26 115
30 52
79 85
8 167
18 181
71 96
167 173
101 113
49 117
68 132
26 51
53 106
72 91
80 175
7 8
2 106
62 104
9 136
126 161
20 71
115 136
49 72
57 174
98 160
101 118
26 125
104 160
134 180
15 176
35 92
131 152
13 36
60 162
25 169
109 143
9 46
75 175
3 69
66 89
91 161
125 163
125 128
92 107
87 113
35 103
118 153
67 172
29 107
75 92
150 169
82 151
61 80
37 94
93 108
84 91
143 167
67 77
73 85
0 9
157 179
78 144
107 143
106 161
24 79
19 149
33 106
97 130
100 177
22 71
82 161
82 120
55 163
1 160
42 73
40 97
9 123
32 81
121 181
48 167
165 170
67 112
145 157
84 177
23 143
4 84
5 38
87 175
140 180
49 70
37 158
177 178
56 83
65 146
74 180
119 180
67 174
0 7
48 83
92 172
6 112
42 176
67 144
69 91
24 178
1 28
67 171
3 46
38 103
82 152
72 163
78 141
14 117
137 142
40 109
102 115
52 85
7 61
2 149
65 114
54 101
21 91
77 145
119 135
6 39
13 123
21 54
110 166
8 37
73 105
53 143
3 153
117 179
134 162
41 91
110 168
57 131
33 86
77 91
66 88
43 57
72 172
20 97
27 65
76 84
95 102
131 158
92 181
66 168
33 55
18 46
58 166
145 169
10 27
8 80
28 134
31 112
86 164
42 145
28 175
119 150
38 156
12 71
29 135
136 179
67 181
1 166
91 112
24 51
12 168
93 156
49 106
5 81
38 159
53 110
89 136
16 101
30 156
33 128
109 142
3 101
56 132
158 172
19 181
101 119
106 113
64 153
53 94
62 89
0 139
72 159
76 117
24 81
98 162
11 105
109 146
25 42
2 121
5 21
2 41
126 153
22 131
37 89
10 153
10 123
70 156
63 171
45 75
50 113
108 157
156 171
56 151
43 69
93 131
29 108
67 83
7 162
52 127
4 40
3 6
11 151
130 143
75 77
1 26
16 116
37 177
2 48
84 144
107 157
29 129
41 58
14 136
5 74
6 98
112 163
78 120
83 91
108 132
114 129
58 84
78 134
43 102
71 74
34 165
16 167
25 27
42 137
28 56
0 90
46 171
22 164
13 136
44 135
118 133
8 57
126 158
30 105
64 169
13 63
46 94
97 157
14 67
122 145
109 117
94 123
38 114
85 92
70 93
88 146
29 106
45 112
28 162
38 45
94 125
76 176
66 126
45 97
47 162
21 83
57 69
156 167
23 52
13 159
146 179
60 140
151 162
70 71
72 175
61 123
24 52
56 102
5 96
43 49
50 179
75 101
106 172
25 122
51 122
47 152
58 160
33 92
40 154
126 146
27 92
48 49
16 57
46 72
5 36
37 102
17 50
45 178
105 133
56 66
7 40
136 170
64 110
25 162
52 145
6 59
92 101
38 118
125 165
2 170
9 75
96 164
73 116
41 133
31 96
52 54
31 84
25 123
17 152
35 118
46 137
56 86
72 80
140 178
67 81
69 146
73 114
166 168
55 178
78 107
36 148
22 180
51 123
80 109
34 158
53 176
3 157
70 173
66 142
2 63
44 139
15 111
124 145
131 149
154 178
90 121
10 26
124 135
72 130
26 87
48 89
1 102
79 147
17 34
72 84
153 160
22 166
57 94
11 19
78 123
55 90
54 180
24 115
26 107
10 98
33 50
7 118
17 129
144 173
61 82
146 162
143 148
145 175
43 47
30 70
75 164
51 93
23 57
54 66
5 76
51 75
16 131
24 88
71 137
94 160
73 147
2 27
21 55
134 169
97 120
55 122
72 82
0 54
118 129
161 166
46 153
31 50
67 122
32 116
120 152
130 160
30 90
0 155
117 165
96 163
51 98
111 152
105 177
4 159
17 118
47 147
63 135
33 109
44 113
42 150
18 43
3 61
32 120
72 158
11 25
19 102
29 51
4 100
119 152
94 129
81 115
40 161
5 167
52 126
36 87
86 100
42 86
15 41
8 179
25 40
30 133
162 178
1 58
5 117
107 124
23 76
153 166
101 142
25 73
91 148
119 127
14 163
103 147
19 97
20 140
8 11
52 109
58 141
97 100
14 98
15 16
72 89
87 178
63 137
53 77
44 178
58 168
87 90
62 171
59 156
10 20
15 107
145 162
10 150
107 177
99 126
10 32
1 57
9 57
88 153
4 140
22 89
69 113
68 119
159 163
79 145
34 159
27 78
70 159
94 154
105 128
134 165
51 62
111 129
26 153
55 131
110 169
4 36
19 105
162 168
31 127
26 122
150 167
129 175
22 171
36 62
100 169
77 131
108 119
1 16
48 114
15 109
3 154
28 82
20 111
7 156
21 105
31 39
6 163
51 154
17 73
118 143
64 94
48 119
19 23
72 127
177 180
114 160
121 140
94 143
10 41
17 100
59 170
106 149
37 175
96 152
55 134
38 127
118 180
22 127
110 142
106 181
45 79
93 114
1 21
149 157
29 115
79 134
44 77
34 164
103 143
135 156
15 64
77 142
33 113
9 144
31 63
56 136
22 101
106 159
81 104
60 99
62 148
2 21
19 54
113 156
98 142
59 61
122 136
14 43
59 84
17 56
6 72
112 160
9 20
105 161
52 113
7 70
135 165
31 177
22 168
50 161
74 79
14 27
5 144
48 109
50 150
0 56
37 137
42 89
147 170
7 74
105 108
66 81
29 98
80 180
105 172
40 174
127 169
18 80
2 167
40 156
31 121
78 172
152 175
34 110
93 167
134 174
122 150
3 150
45 131
75 168
76 130
81 103
82 148
63 178
44 131
132 146
34 118
6 42
10 173
55 121
55 155
12 23
14 135
26 123
105 168
20 55
8 66
24 43
3 129
130 153
63 108
124 128
103 136
21 87
25 170
18 122
5 158
23 81
65 133
12 76
61 159
24 105
164 175
113 149
110 136
34 76
72 120
13 166
133 148
19 53
13 117
84 176
151 160
101 123
151 167
50 175
28 90
50 102
69 101
44 67
8 127
48 106
76 97
75 118
65 174
23 44
103 109
45 59
93 160
115 153
18 28
58 109
94 95
19 86
49 98
71 82
133 161
29 142
60 168
112 176
77 80
19 103
27 181
38 158
34 43
1 116
106 162
103 144
24 100
89 170
60 135
93 120
129 162
44 120
21 148
108 109
34 157
73 83
29 55
6 106
44 175
36 174
39 47
42 142
6 8
12 68
23 154
9 168
17 83
58 136
137 173
39 181
15 115
107 139
111 173
37 70
51 162
107 120
81 157
24 110
71 98
33 129
113 151
1 150
50 56
119 161
11 45
70 98
10 73
40 150
53 66
81 140
69 166
31 154
32 108
6 100
34 178
41 60
90 160
46 149
25 147
73 142
113 155
70 119
38 172
67 153
127 137
106 128
31 64
163 169
103 161
34 124
1 135
33 158
109 125
26 112
81 126
57 143
35 170
49 164
6 134
137 151
11 135
3 42
87 115
93 112
36 138
34 139
17 162
9 84
61 128
109 155
166 179
46 106
0 53
149 168
117 151
155 169
93 142
7 88
7 109
168 179
62 80
45 170
35 178
91 126
58 171
62 117
170 174
37 109
10 69
16 59
74 121
4 51
50 52
11 154
74 156
62 153
12 44
38 144
119 155
4 147
21 181
107 156
136 150
92 161
125 136
40 103
8 121
107 155
75 140
63 154
111 112
177 179
21 136
8 40
5 143
32 156
71 159
10 103
22 152
22 163
61 83
16 80
9 89
4 21
65 131
45 161
37 88
45 150
14 53
100 157
53 104
14 141
21 35
85 141
127 178
35 75
18 99
22 175
151 181
52 167
136 167
40 44
30 65
90 147
74 106
80 153
26 70
107 123
94 104
11 64
116 140
107 172
76 93
57 116
70 87
46 128
95 96
5 9
5 134
25 180
7 176
125 166
10 167
157 162
79 154
80 93
172 173
36 97
12 160
74 141
61 176
40 176
35 169
8 92
86 132
10 117
51 181
21 116
22 32
0 24
6 29
124 143
128 145
51 167
0 147
52 77
6 77
50 51
12 66
96 122
135 149
125 175
27 162
44 46
141 166
75 117
28 165
57 65
47 160
126 128
111 177
121 136
15 45
102 173
118 174
1 145
13 119
2 132
69 73
13 88
35 168
121 147
7 139
27 129
144 168
89 162
35 126
1 79
36 112
135 146
72 155
16 45
19 44
24 179
85 121
22 31
52 89
88 126
130 178
60 89
12 127
40 143
98 154
103 148
30 80
77 108
113 174
9 161
30 125
73 155
12 87
82 162
71 151
71 121
98 105
72 143
45 54
19 174
92 110
132 152
17 174
101 150
29 163
82 114
15 48
62 64
63 124
149 167
18 103
88 125
146 168
94 176
107 162
137 167
54 156
4 149
10 97
15 178
65 180
126 133
98 176
3 86
13 33
146 150
55 114
71 132
18 144
70 78
28 174
54 159
16 113
70 82
90 167
46 84
64 175
25 99
121 133
61 90
110 167
54 83
73 92
37 169
5 19
132 171
6 34
67 103
140 149
51 142
44 110
13 34
73 180
39 67
57 99
112 138
79 129
131 134
3 31
20 86
5 60
60 126
6 169
71 152
23 47
25 59
91 164
19 154
2 161
95 144
22 154
15 123
11 164
4 46
66 84
15 140
159 162
14 173
29 64
59 90
10 171
84 94
108 114
42 139
17 72
9 28
52 115
57 129
21 135
84 98
8 26
74 130
31 88
66 93
23 61
38 149
29 152
69 145
10 58
30 149
121 166
80 157
5 12
51 57
