197
10
17182
60
168 2
272 2
123 2
180 4
160 2
212 3
130 3
248 1
270 4
249 2
109 1
282 1
192 4
218 1
83 2
106 1
150 3
136 4
165 5
260 3
190 2
184 1
175 3
84 5
278 2
275 1
82 5
143 1
188 3
250 4
267 4
253 1
126 1
251 2
286 1
125 2
276 5
164 1
88 2
244 4
252 4
137 2
230 4
170 2
126 5
240 2
253 2
256 5
151 4
151 4
82 3
271 5
268 2
272 2
157 4
87 2
125 2
120 5
279 3
153 1
176 4
139 2
198 3
287 1
137 2
122 3
225 4
131 2
236 5
161 3
232 2
284 4
259 1
264 1
215 3
159 4
265 3
106 2
291 1
85 3
105 5
86 3
134 4
206 2
141 1
261 5
182 4
205 1
188 1
135 3
244 4
140 2
186 5
144 3
252 3
87 2
269 2
134 4
268 5
116 4
222 2
196 4
146 1
108 4
189 4
198 3
102 5
289 5
92 1
156 2
178 5
277 3
200 3
89 4
260 3
183 3
285 5
180 1
143 4
291 4
291 2
148 1
181 2
265 3
265 4
228 3
266 2
291 3
138 2
154 4
82 4
126 1
97 5
196 5
227 3
158 3
218 5
278 2
282 3
236 5
194 4
139 1
201 4
249 5
275 5
264 4
207 4
219 2
179 4
243 2
158 3
247 4
177 3
84 1
157 1
245 2
282 1
108 2
91 3
142 3
110 1
106 2
223 2
238 2
178 1
227 5
202 1
107 4
142 3
289 2
214 3
222 2
159 3
217 4
229 2
210 5
232 4
279 1
168 2
236 2
269 5
116 4
286 2
161 2
243 2
276 3
185 4
97 3
205 4
273 5
186 3
124 2
93 5
108 4
289 4
137 4
246 1
87 152
0 104
15 91
113 138
140 164
28 191
6 20
16 164
0 26
156 161
6 91
127 169
27 176
20 22
6 116
52 183
55 77
125 172
5 63
19 140
2 81
10 165
68 156
50 186
92 157
91 107
72 167
48 112
86 107
121 130
106 114
94 138
13 78
124 183
90 195
84 132
153 159
143 147
23 120
54 193
10 27
81 136
28 161
2 27
15 157
18 150
85 107
49 100
102 125
41 140
63 149
54 140
41 180
106 145
72 98
24 105
50 133
107 149
8 40
65 113
60 106
172 189
39 41
135 186
66 118
57 106
72 109
4 95
109 116
48 73
112 154
137 190
144 146
33 84
128 156
40 188
56 80
8 85
141 160
62 92
39 104
140 158
131 185
127 139
89 196
21 98
36 110
10 104
43 63
105 154
20 102
5 16
63 169
116 125
140 169
29 74
76 112
63 146
51 63
4 140
111 121
80 168
31 189
82 99
53 58
78 108
4 156
19 111
45 89
85 143
69 193
104 187
32 38
49 172
180 193
29 138
3 26
31 89
178 194
26 43
46 164
61 98
36 55
150 170
113 140
64 173
138 149
118 143
21 161
20 53
25 175
25 183
28 98
116 146
53 170
61 103
18 142
79 114
105 175
76 161
117 131
116 187
40 128
25 131
41 94
120 139
127 194
64 85
79 195
21 36
139 163
157 189
79 143
42 85
159 176
7 95
86 177
75 181
61 146
133 164
79 111
116 154
6 63
3 164
138 141
3 165
7 165
1 57
107 146
162 166
17 125
58 59
26 111
41 49
19 37
10 20
5 134
102 132
100 124
45 57
22 136
48 164
2 53
69 97
85 125
2 115
88 163
3 110
55 150
15 66
53 71
42 113
59 62
57 178
35 80
13 45
22 160
10 163
57 102
3 152
76 138
12 132
137 179
47 64
20 97
27 57
115 183
18 149
113 151
5 22
146 182
29 109
66 111
25 149
2 175
66 84
94 161
147 189
161 163
77 95
98 170
137 171
38 84
74 151
57 60
4 195
101 196
29 195
125 166
92 139
70 192
94 135
8 128
43 50
72 143
20 79
46 83
0 108
3 39
130 181
95 130
89 126
16 139
21 105
120 148
2 94
36 114
47 85
59 127
73 92
81 139
0 64
109 114
62 139
178 185
146 190
104 164
36 67
82 189
39 109
77 128
107 115
70 131
71 72
147 162
54 95
12 78
26 27
18 75
40 115
14 35
32 41
30 171
69 192
24 194
55 142
50 128
61 115
21 131
34 107
80 150
78 144
87 154
103 120
11 182
47 102
141 190
12 175
133 160
78 164
119 140
170 191
152 168
146 156
175 176
155 156
29 69
162 196
33 69
57 173
121 161
165 182
36 38
181 196
0 92
107 121
7 80
0 171
43 82
53 164
58 110
77 181
75 82
178 192
36 195
38 150
167 188
51 85
45 184
38 179
56 115
62 81
109 124
50 51
80 153
49 50
61 150
128 135
108 144
7 42
4 81
187 195
10 118
44 196
60 141
122 146
107 111
16 162
66 101
59 149
15 121
3 109
11 195
85 96
164 167
58 68
75 139
0 32
26 49
54 163
4 155
1 89
54 119
158 180
114 190
16 32
9 33
90 121
76 187
18 176
2 158
95 149
19 71
29 42
127 171
94 180
116 131
36 183
57 123
44 128
59 77
93 118
69 151
3 183
7 123
24 187
114 192
27 156
113 166
83 162
44 100
46 81
48 88
81 188
99 109
69 75
39 88
22 189
136 150
0 10
58 83
30 140
78 104
119 147
92 172
15 130
150 187
42 51
102 169
50 57
125 128
89 184
103 139
14 92
26 30
36 103
6 196
82 98
88 161
50 173
17 18
63 137
23 190
80 127
6 93
19 182
24 118
41 145
1 143
19 78
92 129
47 92
3 120
28 194
59 156
32 158
14 74
53 125
102 170
84 159
49 147
127 187
110 155
23 70
87 157
37 120
106 147
78 159
191 195
38 134
3 103
185 192
31 79
52 126
35 155
53 128
8 36
93 159
141 165
86 116
74 90
86 98
163 191
150 178
0 47
54 147
113 145
73 184
34 184
48 134
56 157
51 61
107 180
132 185
74 87
86 181
81 99
59 72
13 89
142 182
17 76
115 179
4 131
50 192
35 83
78 96
60 134
54 152
140 154
0 62
6 62
125 152
9 190
58 101
61 130
1 172
174 196
71 74
53 190
26 152
29 173
103 194
161 177
40 156
183 194
99 190
48 66
131 176
44 126
139 140
33 47
40 44
18 86
170 178
155 167
80 157
29 178
58 164
95 102
70 152
15 29
126 129
88 131
120 133
13 134
5 164
98 159
89 107
92 171
125 167
2 64
8 196
14 75
25 141
130 175
14 134
51 103
10 123
1 92
175 187
156 175
10 112
6 71
16 187
59 179
134 167
0 115
125 149
54 90
147 191
31 44
48 191
28 32
150 180
42 170
40 163
63 129
54 116
0 50
110 124
28 114
9 143
78 194
11 142
35 53
76 81
92 123
51 104
120 145
88 93
50 169
120 181
39 134
50 187
37 121
47 172
62 71
169 171
25 60
101 171
153 154
31 71
19 114
33 41
118 141
52 160
57 192
73 76
39 78
97 147
24 65
99 154
16 76
89 97
135 178
0 23
14 50
88 174
155 181
105 159
128 154
45 68
0 156
4 49
84 173
38 77
129 176
93 135
81 140
25 182
13 103
9 179
106 115
67 181
6 84
118 126
96 118
0 126
20 175
23 177
101 142
105 113
106 185
74 170
76 147
103 153
113 153
69 123
46 116
122 128
29 145
149 153
106 191
103 122
40 54
87 96
53 161
20 139
26 155
127 196
94 164
190 192
126 140
176 182
37 69
78 114
39 122
30 103
147 159
86 190
67 168
9 185
34 185
2 144
35 159
59 161
16 138
34 140
67 159
20 90
168 194
18 185
16 185
17 179
21 157
10 88
32 161
82 148
121 126
110 131
6 21
96 106
92 99
24 114
105 181
49 188
29 185
51 178
82 150
12 61
118 145
17 51
25 181
95 155
15 99
52 116
63 97
121 150
140 181
35 175
53 118
38 108
71 138
29 68
60 146
71 184
31 133
116 185
1 48
130 164
99 165
126 193
81 110
128 139
80 86
40 51
59 194
61 187
110 192
97 112
126 177
160 168
181 188
33 192
22 63
48 83
111 175
28 122
80 158
21 158
83 119
8 33
57 63
8 110
16 46
62 67
107 138
34 156
21 143
84 91
47 96
36 155
62 188
97 175
39 81
97 105
105 182
31 93
10 183
84 138
90 110
130 162
51 144
154 174
17 174
9 111
85 118
6 177
153 196
110 126
34 102
22 93
14 62
193 194
22 28
59 145
76 103
88 132
19 176
28 147
57 72
155 175
183 189
15 80
50 76
67 95
9 70
48 155
42 69
37 129
30 63
3 154
48 145
30 126
99 101
136 157
3 53
40 43
22 102
144 155
117 177
61 191
67 125
29 163
15 88
97 189
26 67
1 132
62 78
74 139
90 142
82 152
84 105
12 127
127 176
47 164
172 195
89 130
75 88
78 179
135 184
129 138
40 46
6 133
3 8
20 187
26 33
161 183
84 150
100 194
133 195
59 76
143 156
150 192
31 147
40 122
81 193
13 127
74 147
26 52
139 174
56 60
117 161
25 196
111 161
37 103
23 148
131 183
18 50
159 180
32 65
38 103
31 77
77 170
22 150
21 129
30 163
103 184
51 168
172 187
73 101
9 102
127 149
28 121
71 123
42 133
26 135
114 157
13 155
69 177
35 150
2 101
17 53
38 161
22 187
33 91
15 167
84 94
50 193
41 60
28 174
109 140
11 37
29 55
3 139
71 196
3 151
18 113
16 41
157 181
26 91
47 134
38 133
103 160
112 113
3 35
92 110
19 112
150 195
15 42
1 122
40 59
124 186
79 178
22 174
22 96
40 127
65 135
148 170
12 173
34 60
163 176
101 113
10 161
116 134
124 160
13 195
123 192
34 56
59 160
15 183
38 98
85 191
76 131
154 167
153 179
135 169
6 171
18 175
73 110
8 53
119 146
6 165
106 117
23 138
75 134
9 151
54 164
102 165
98 160
144 181
171 192
55 145
64 165
117 162
6 82
173 175
55 66
69 71
49 110
144 191
55 185
175 188
33 43
121 182
92 133
0 188
45 102
17 89
143 161
73 153
113 143
42 195
94 188
104 146
75 90
26 185
21 182
151 167
41 146
27 190
6 95
21 39
20 67
134 179
125 169
104 148
67 152
112 114
117 193
27 135
81 165
42 131
96 129
125 168
23 125
3 178
42 44
96 152
28 159
45 181
132 178
50 70
83 190
116 124
12 172
141 177
5 65
41 109
75 130
67 141
24 85
55 141
15 44
57 73
6 57
86 95
96 179
52 79
58 89
94 107
15 169
39 145
95 161
108 194
11 97
15 166
137 180
40 175
52 102
33 61
148 189
51 120
18 165
83 195
14 192
7 155
14 22
2 14
16 175
46 98
38 99
54 160
77 189
20 98
69 108
25 51
173 191
84 148
76 184
31 153
97 173
50 132
122 170
20 77
37 173
79 98
60 83
69 84
12 47
21 181
30 37
146 174
139 158
40 184
18 146
48 89
119 179
96 122
80 169
29 182
110 113
17 85
55 140
1 119
20 106
15 192
67 155
80 140
144 163
52 148
5 132
27 125
38 178
50 166
63 102
57 59
8 183
25 86
121 141
14 120
10 64
125 182
5 86
70 141
34 39
6 115
19 38
6 179
113 149
100 132
22 172
92 126
75 176
15 113
20 59
88 116
22 83
137 149
71 140
29 147
45 81
95 162
73 173
10 61
53 107
18 137
88 187
88 158
7 104
101 110
6 100
54 184
26 101
89 122
16 174
16 140
41 43
138 167
88 176
40 165
108 184
63 89
81 150
29 60
171 173
9 45
60 132
74 98
11 53
42 93
157 180
90 115
153 188
138 144
2 10
56 124
94 192
57 181
138 150
38 61
8 192
5 19
48 189
36 137
57 148
90 95
14 127
6 180
101 146
8 168
12 168
23 96
127 151
82 86
22 90
61 125
44 78
117 171
86 140
115 136
93 176
22 69
90 105
10 98
82 94
131 158
129 188
70 73
69 161
38 154
58 88
130 174
137 158
126 165
14 115
99 139
6 174
93 128
24 102
59 148
2 99
115 160
89 121
80 82
74 144
3 84
51 99
59 146
77 121
51 117
26 95
96 186
114 150
1 10
62 63
83 164
30 90
99 153
76 107
29 157
18 114
70 94
65 110
10 33
32 82
145 162
177 184
91 157
20 115
136 171
59 178
118 159
77 158
13 144
126 158
128 142
115 177
94 101
52 185
46 111
164 188
148 162
173 188
50 131
86 182
15 194
11 191
140 150
67 100
22 79
69 88
16 35
26 142
109 122
37 108
65 136
5 119
59 68
31 34
62 115
46 99
68 101
8 91
0 53
21 124
32 173
98 123
45 190
38 166
55 147
10 47
188 192
55 108
24 36
28 63
59 113
37 77
0 51
5 93
7 143
91 129
65 112
2 151
73 131
32 188
56 78
55 85
21 164
94 163
114 141
62 110
83 89
141 142
74 86
10 44
48 50
101 154
28 185
7 86
17 156
79 124
8 100
40 136
56 61
151 184
74 122
124 137
48 128
103 148
101 108
74 78
54 194
71 128
46 105
65 95
65 96
155 176
7 15
9 154
170 181
48 63
28 85
111 124
50 59
21 130
14 41
57 142
76 169
30 45
143 181
191 196
83 109
153 182
77 83
176 193
9 69
8 195
52 115
71 98
11 20
6 9
171 175
59 158
120 142
84 155
116 126
33 62
73 83
92 176
80 121
27 69
142 165
136 146
54 168
17 96
64 174
97 134
122 138
94 123
111 125
73 130
121 134
42 77
83 169
86 169
63 72
76 135
147 155
77 116
12 152
39 183
63 143
102 173
137 154
93 175
88 104
168 170
152 193
52 113
170 171
154 190
161 184
0 48
32 154
5 173
29 162
63 103
79 102
133 159
128 146
40 109
67 127
63 84
13 193
21 156
39 95
113 170
15 59
29 183
69 185
16 36
109 135
43 60
5 190
48 175
15 139
45 191
71 186
67 130
34 79
62 142
163 178
48 133
56 68
80 88
24 123
29 135
55 61
127 165
113 185
41 111
59 114
90 117
128 159
25 130
49 94
48 117
27 185
17 19
50 179
90 186
90 170
64 133
81 113
116 163
55 161
122 147
57 98
68 193
78 181
52 154
123 191
25 136
48 113
19 165
78 178
93 170
67 185
86 139
164 192
100 171
188 196
51 116
44 75
151 196
98 139
24 170
89 164
15 68
7 87
144 174
45 123
3 185
184 196
7 152
120 194
39 188
41 96
148 179
46 87
73 177
0 86
24 131
18 25
3 131
47 155
55 99
83 176
6 89
91 102
59 171
104 140
83 155
34 62
63 132
97 145
31 158
147 170
12 141
18 138
73 174
132 181
51 191
30 157
5 44
37 141
72 128
36 68
68 94
60 93
99 110
55 183
127 162
42 94
7 174
15 102
64 141
25 184
5 193
149 156
39 74
7 10
137 185
6 113
13 121
70 125
80 138
38 56
62 88
70 140
20 176
120 138
20 116
149 167
11 29
34 168
47 81
20 66
20 92
120 185
70 114
43 126
64 175
6 50
95 133
3 126
65 74
23 90
46 142
114 168
119 127
129 189
38 152
22 108
35 168
82 138
110 176
8 43
162 179
40 158
109 134
79 157
10 59
94 111
20 125
23 62
94 132
101 187
132 192
20 137
8 125
47 182
81 131
34 94
23 159
88 130
76 115
95 100
23 98
43 172
120 164
82 161
27 123
24 56
71 156
106 177
130 196
135 159
106 128
150 175
5 125
165 174
44 117
84 158
26 85
19 191
85 152
63 91
183 186
136 165
0 17
41 192
58 194
61 145
25 70
42 90
50 55
25 53
121 124
32 64
49 137
139 193
120 122
105 157
10 150
66 154
48 67
132 149
23 92
87 149
106 140
54 109
75 78
94 98
51 118
15 100
15 39
25 170
10 166
8 58
5 123
102 127
16 43
11 26
40 143
2 171
167 193
117 166
72 96
66 164
128 162
67 139
48 135
32 159
13 108
107 135
41 122
85 190
23 80
76 164
30 89
81 138
90 122
131 134
140 161
35 160
39 100
34 159
13 29
13 33
70 92
104 125
80 183
80 81
42 56
41 81
77 146
145 164
11 141
89 118
158 176
24 181
5 24
25 127
69 168
65 151
73 138
66 77
28 91
96 140
74 94
57 76
82 107
70 167
77 81
113 120
156 172
2 118
125 136
44 192
138 193
15 119
47 157
29 111
49 129
64 159
13 71
5 131
56 191
136 172
43 166
68 93
55 80
172 177
4 50
41 47
113 141
182 192
91 130
54 149
24 104
64 67
31 116
27 151
64 128
27 183
41 156
109 147
45 114
185 188
65 167
24 121
44 55
131 171
104 123
85 185
11 112
142 153
79 128
41 62
86 168
71 102
19 133
70 99
7 54
51 180
31 123
37 59
44 104
115 141
17 35
122 158
8 83
128 172
88 96
21 117
124 143
28 88
127 145
2 159
88 112
77 110
160 186
49 189
8 189
63 82
6 101
92 112
68 126
5 88
42 177
84 86
17 170
77 195
91 193
10 136
163 170
88 114
87 174
138 145
144 189
11 18
42 149
46 168
93 112
70 143
118 160
62 169
26 63
10 91
95 109
22 43
132 135
23 183
98 162
137 172
52 131
27 134
89 159
126 173
178 190
5 7
31 190
37 84
142 158
11 61
1 131
110 175
165 184
84 172
68 185
18 20
80 180
7 184
100 141
58 177
108 123
99 187
174 177
69 80
43 74
74 160
10 54
43 95
105 187
146 178
74 99
88 100
31 101
80 93
69 149
137 156
17 21
16 151
86 165
109 185
75 154
30 46
7 51
132 164
81 185
90 129
46 62
55 73
12 30
134 184
30 191
90 145
52 173
62 79
24 177
90 109
162 178
33 171
60 111
45 90
17 134
120 156
53 126
94 114
12 119
27 81
27 166
117 151
123 159
161 194
115 176
52 151
79 100
162 169
44 186
81 171
65 176
73 75
63 130
84 153
135 138
57 80
0 76
38 41
27 152
95 117
0 183
28 125
45 133
56 183
89 94
63 194
61 157
0 145
90 116
21 186
31 38
31 33
75 92
42 174
7 110
40 99
6 40
9 148
126 180
10 71
23 156
74 131
110 185
87 158
16 59
109 110
119 133
112 194
74 154
50 171
10 48
13 160
52 174
77 144
22 50
38 127
97 102
50 149
49 160
65 186
159 165
56 93
105 129
3 22
8 41
65 150
6 34
22 175
122 163
10 53
90 167
12 29
136 173
31 129
47 159
6 155
66 180
18 111
67 189
92 116
116 132
77 101
11 111
107 156
23 47
102 115
29 159
48 120
55 172
81 94
44 83
89 99
10 169
124 165
22 53
45 162
23 113
78 163
102 151
14 180
1 191
87 169
59 111
5 101
118 164
79 132
122 162
165 179
73 196
9 180
22 132
108 143
84 96
94 115
28 182
86 126
39 133
25 118
48 91
75 84
143 178
127 160
89 163
21 86
61 148
17 101
22 37
19 172
71 142
125 175
7 182
144 147
47 68
55 109
15 30
107 176
49 81
27 58
72 182
20 143
33 53
9 92
115 149
32 192
1 129
49 128
6 112
103 171
91 156
23 192
26 191
107 118
70 122
85 188
70 106
30 114
91 167
79 94
55 177
56 70
72 107
53 87
38 167
79 99
11 87
77 130
174 181
70 87
14 32
66 75
68 184
10 32
46 177
93 185
81 152
48 147
20 135
64 149
99 192
4 104
129 178
81 158
12 182
134 138
2 49
4 19
91 150
30 143
50 148
67 82
119 177
15 28
45 157
122 131
31 191
112 136
68 85
146 167
26 138
74 190
10 191
51 149
184 186
64 113
38 162
80 100
30 110
47 105
46 84
19 90
56 105
62 123
170 188
98 119
103 175
36 64
0 24
149 151
12 64
141 147
33 70
29 50
43 180
104 162
4 161
4 15
111 170
41 183
53 150
143 162
43 165
22 112
103 138
15 86
108 119
6 16
18 105
82 171
40 131
25 159
17 52
35 79
35 78
68 194
159 194
81 128
61 101
126 152
14 130
34 72
127 191
58 173
121 136
18 160
93 144
4 102
13 57
59 164
71 187
57 149
5 40
76 167
7 106
81 181
52 97
182 191
94 166
37 75
104 127
33 195
51 122
49 180
32 43
71 76
43 185
109 178
39 128
42 109
24 73
42 165
179 186
181 193
71 103
5 11
46 176
1 160
28 177
40 135
52 88
41 124
149 172
101 180
39 105
65 169
83 88
80 136
61 140
52 103
3 48
1 163
65 85
137 144
58 149
64 88
131 188
23 28
63 100
132 168
59 83
67 136
46 145
50 142
165 172
145 169
14 87
62 90
37 155
128 152
89 179
27 45
35 43
113 163
64 89
19 142
18 127
13 129
64 161
73 167
22 98
29 85
25 116
143 171
54 141
66 183
84 129
6 64
25 154
47 195
30 195
47 84
62 195
27 47
66 170
60 117
118 137
30 100
115 163
46 96
35 115
42 191
74 178
29 84
83 106
13 53
14 72
35 169
27 137
83 92
87 119
106 192
111 119
128 136
60 155
11 109
146 180
36 165
115 148
110 143
26 160
154 169
20 174
25 160
111 157
138 154
56 94
91 131
11 24
79 153
61 68
101 157
20 44
27 119
80 184
30 64
134 168
12 140
17 159
16 89
14 78
12 76
49 164
94 126
95 172
21 32
22 149
42 92
23 140
104 113
50 135
108 146
47 148
176 177
86 117
12 53
22 107
11 122
95 108
88 186
121 159
44 73
99 163
7 74
94 146
8 30
119 196
122 182
129 144
7 103
58 184
76 84
88 144
7 153
17 172
165 178
10 190
100 117
51 179
31 171
95 139
93 102
121 148
17 47
5 189
104 168
175 189
140 151
64 195
22 104
53 114
27 66
80 129
34 149
134 165
27 107
11 72
18 66
11 146
53 76
55 125
5 108
19 80
165 192
34 110
180 196
125 187
68 131
142 193
20 165
126 132
33 109
129 166
131 138
13 142
4 148
50 155
3 65
30 60
22 47
31 48
76 154
123 140
124 161
134 171
10 128
81 153
111 146
48 143
28 155
64 142
20 134
14 151
98 169
85 139
118 127
59 159
28 150
21 37
64 94
114 195
77 92
55 149
104 196
24 43
91 113
80 85
111 123
19 25
112 115
86 114
168 172
103 104
67 69
121 172
146 177
37 105
57 137
40 151
51 111
91 137
13 130
58 93
1 115
1 24
179 195
12 71
107 185
1 67
84 167
97 99
108 145
82 124
157 184
75 138
30 109
46 149
13 151
64 191
5 186
95 98
72 155
99 137
75 118
147 173
32 78
138 165
122 176
24 42
124 147
4 88
44 183
7 189
112 118
41 101
125 157
95 179
37 109
72 83
37 81
16 75
60 182
60 81
4 118
141 169
4 109
12 156
53 180
112 148
64 107
120 188
149 194
23 68
26 170
24 112
58 196
183 191
28 117
3 47
27 191
162 163
16 44
26 128
8 9
11 184
29 115
33 50
126 163
38 149
74 93
94 108
33 66
107 119
23 43
52 172
151 187
9 95
12 57
39 137
79 158
3 122
17 42
39 92
150 168
152 164
50 84
17 126
12 171
56 144
156 180
111 182
156 159
5 102
121 123
104 149
48 127
118 130
9 157
47 193
113 173
20 128
74 84
95 190
23 147
189 196
102 149
2 32
25 172
109 153
21 168
130 155
46 188
89 180
5 10
91 146
102 159
114 118
127 193
65 181
32 167
64 102
152 173
66 192
73 113
32 174
48 103
161 173
17 80
112 140
51 106
168 177
96 139
37 145
117 195
135 177
80 123
53 115
99 172
52 178
6 26
49 162
69 144
50 141
49 101
65 154
49 96
52 186
161 172
32 33
45 65
31 167
45 178
32 139
31 73
1 87
6 17
66 194
122 194
48 123
171 172
42 128
168 178
21 171
14 173
61 175
11 131
12 56
75 108
49 79
105 179
31 68
0 161
13 153
54 79
43 54
33 118
95 96
47 52
117 156
131 148
49 156
97 140
155 186
8 184
79 174
125 165
111 171
49 59
8 55
60 157
117 178
19 195
133 139
140 148
61 147
107 117
75 159
118 176
65 182
25 102
27 124
30 179
20 36
152 166
101 136
14 106
114 146
66 114
75 132
25 52
71 111
109 177
64 176
7 179
92 170
45 131
65 101
136 151
18 47
115 169
100 134
42 95
62 114
28 60
39 49
82 110
47 189
69 165
40 124
12 122
173 184
9 91
96 159
32 98
0 16
34 158
109 195
91 133
72 110
16 186
53 133
83 115
77 124
92 96
157 182
23 186
83 137
2 182
7 121
165 177
29 75
15 131
65 165
167 183
8 73
114 135
0 168
53 92
53 66
109 164
3 142
28 178
41 58
114 117
101 144
134 180
12 110
157 178
0 93
76 99
46 59
108 117
11 129
29 97
5 57
54 154
107 125
20 142
51 139
80 137
79 164
78 165
16 28
47 118
76 106
2 130
15 188
65 104
30 141
36 57
114 189
74 79
99 162
12 125
60 65
77 187
166 173
67 154
81 122
89 166
61 158
33 112
44 177
77 193
143 185
35 118
144 172
85 158
120 193
49 192
158 195
71 92
174 194
59 74
123 155
104 160
0 152
163 177
46 166
170 177
59 166
29 151
69 101
51 153
119 150
85 124
189 195
11 30
118 174
35 114
156 173
33 148
132 162
75 194
78 107
43 149
23 131
72 152
163 194
67 104
116 142
46 117
92 100
109 166
84 127
4 45
106 158
24 142
30 99
144 145
128 147
38 50
111 193
80 141
0 22
71 93
2 39
58 140
27 43
68 136
39 135
62 133
46 189
2 188
0 186
25 144
79 133
91 134
45 170
24 179
144 164
28 97
20 191
147 188
26 94
11 44
96 182
88 157
118 178
141 157
39 79
109 138
40 183
24 70
192 193
129 131
102 109
15 52
53 165
125 135
106 121
41 136
35 106
51 101
59 86
62 175
29 187
172 184
79 175
72 108
6 140
98 122
100 119
42 123
57 168
64 115
54 114
127 133
111 178
72 93
98 142
33 86
148 195
22 51
68 157
48 150
62 136
79 161
29 167
94 186
51 193
9 53
108 167
144 193
25 41
53 91
152 177
3 150
15 146
93 168
47 66
16 176
143 158
32 101
78 180
94 181
36 98
29 58
49 112
121 170
72 183
82 105
149 165
28 36
47 95
25 73
85 104
28 51
103 167
48 70
43 68
42 66
70 181
59 165
17 46
53 88
24 60
134 142
128 187
175 180
42 62
80 181
36 166
11 116
1 59
161 174
35 126
72 147
79 103
63 75
86 171
22 68
159 170
56 92
49 181
70 88
3 51
68 181
9 183
15 46
57 146
83 120
49 72
15 184
100 183
61 184
54 128
7 91
104 167
121 147
48 152
4 138
44 144
105 124
61 63
20 126
48 54
61 120
58 67
65 164
96 127
56 142
31 137
48 49
43 156
108 116
56 62
15 196
95 152
156 171
36 139
115 194
23 196
21 92
39 72
151 160
21 96
131 195
26 159
91 159
98 172
59 105
151 169
129 183
77 196
92 120
69 186
73 93
43 88
101 143
75 191
99 134
19 99
5 191
5 25
2 96
59 183
146 186
32 105
51 66
100 153
171 186
112 193
18 58
63 96
19 120
180 195
43 178
73 128
108 178
39 191
38 185
80 195
52 106
5 56
85 172
122 189
112 163
166 176
22 159
15 159
43 51
85 117
5 127
62 103
22 42
95 183
127 132
75 79
34 155
62 185
53 160
70 136
120 123
149 159
62 87
72 106
103 151
36 187
69 121
7 55
0 49
141 152
21 81
24 107
48 65
128 165
107 154
11 152
69 173
7 126
103 111
17 118
24 75
47 113
7 40
62 107
56 129
24 192
59 163
18 124
67 165
33 81
8 42
68 79
81 107
35 166
43 76
123 171
44 77
44 178
101 147
0 173
143 166
8 112
55 188
67 113
121 153
5 6
122 156
8 170
81 95
7 154
60 103
96 116
57 79
47 127
34 189
168 191
22 139
69 135
117 133
43 196
58 64
26 45
106 180
88 91
24 157
36 111
14 188
119 130
20 150
18 23
66 196
4 58
129 153
33 56
113 188
105 161
150 184
110 152
8 63
87 112
9 105
8 60
108 190
7 57
55 126
34 130
101 134
135 149
60 127
34 174
21 169
57 84
46 157
18 96
12 34
52 96
7 166
41 147
104 190
60 113
70 79
63 136
27 175
7 58
27 39
25 78
9 41
33 186
2 148
109 187
11 123
0 3
103 127
81 169
20 75
89 90
7 141
7 146
44 179
35 66
62 157
16 40
11 60
4 52
13 166
94 153
52 91
5 48
81 102
63 93
46 190
7 196
110 115
97 169
10 159
106 129
76 128
10 155
10 80
30 68
58 183
27 49
0 132
19 87
108 142
106 173
34 40
9 34
114 170
133 145
42 137
60 181
114 184
27 181
85 88
132 191
13 76
51 102
7 178
158 159
65 187
14 119
133 189
46 88
6 108
22 59
55 116
140 183
22 196
104 143
3 161
51 130
132 151
12 163
106 170
119 178
124 173
5 59
59 93
8 52
129 196
20 107
132 141
86 132
48 154
58 75
98 109
75 162
125 189
131 144
77 102
176 195
84 95
23 69
15 22
3 153
61 90
60 109
141 176
62 83
40 89
110 151
1 26
64 93
69 154
43 192
149 187
24 139
140 186
28 46
97 115
18 116
79 118
40 63
147 174
97 196
116 175
111 147
62 102
5 196
35 182
87 130
44 149
157 186
1 169
99 102
58 109
19 143
130 176
103 196
122 149
76 145
122 167
43 108
56 58
85 112
115 192
102 183
102 108
79 169
62 190
45 118
72 119
171 185
15 49
95 151
4 111
37 78
12 18
53 111
11 93
17 23
113 127
93 122
20 52
48 95
27 158
11 68
99 188
132 142
142 162
28 195
4 103
105 189
76 153
117 157
68 142
51 75
65 115
78 183
80 103
1 62
103 192
86 172
114 136
151 154
143 151
95 134
52 81
11 121
161 190
0 124
183 188
13 140
117 119
63 118
20 190
131 184
71 85
50 174
118 171
127 142
53 93
21 139
21 180
92 189
83 107
135 172
49 93
94 136
110 138
83 177
67 162
50 68
24 161
93 178
98 177
94 175
1 133
68 72
17 162
77 157
22 148
43 90
58 127
112 145
109 173
18 68
66 158
83 132
21 34
79 80
107 116
102 137
45 132
98 157
50 71
122 135
100 136
80 117
43 150
19 31
88 122
35 123
110 165
23 104
58 137
120 171
63 120
33 49
114 191
21 170
91 140
13 99
116 136
40 71
11 15
115 191
114 120
21 183
13 21
160 180
31 166
31 67
18 139
79 145
43 70
46 124
49 99
109 189
131 172
35 125
146 163
66 117
84 186
98 137
4 157
5 89
3 117
21 128
52 196
14 42
134 145
109 165
121 143
12 174
53 82
42 67
2 72
21 150
13 147
2 122
79 89
109 179
110 148
18 60
104 186
1 20
112 166
9 30
14 27
22 25
42 104
26 42
58 123
40 67
2 168
62 111
100 154
124 159
1 154
33 177
99 135
121 144
31 62
7 116
21 142
23 107
22 49
150 165
84 101
59 82
76 96
27 102
38 66
15 48
14 185
30 56
13 31
9 133
111 190
110 168
6 168
37 102
127 195
8 181
16 66
40 166
32 91
85 151
18 21
74 118
15 76
20 34
94 156
9 195
11 35
58 126
41 141
29 90
10 31
121 125
4 72
27 60
56 72
0 174
102 119
114 115
29 169
37 112
111 154
39 101
18 65
75 99
8 24
52 71
54 91
143 184
104 133
29 114
87 164
30 98
66 73
92 180
110 140
50 73
3 133
35 147
13 106
56 101
4 126
108 151
59 176
14 182
20 95
132 161
1 102
123 137
78 93
48 158
128 150
146 185
115 123
20 87
15 126
120 135
16 63
102 163
90 187
124 168
48 166
25 148
138 181
29 122
42 182
71 107
1 99
1 76
107 129
127 137
95 160
19 194
56 170
132 190
121 167
8 108
10 182
46 92
3 180
1 159
60 72
100 174
5 58
82 135
54 107
22 183
97 118
50 122
0 75
132 167
49 123
54 124
15 172
100 144
91 116
12 111
83 133
93 139
127 164
12 101
52 146
53 158
173 192
22 89
69 105
92 166
79 141
58 84
4 185
56 127
157 170
79 168
15 19
64 138
62 177
78 90
96 177
57 77
174 190
135 164
91 97
136 185
83 134
35 127
74 179
10 55
81 149
82 87
93 125
44 91
120 195
45 51
42 45
26 54
102 143
50 97
78 139
57 193
164 165
8 44
108 110
157 161
27 196
1 72
18 128
104 157
89 124
22 82
23 32
10 30
61 165
42 171
112 155
149 192
9 22
72 186
119 159
97 141
29 67
26 157
0 172
32 75
52 61
67 146
21 70
13 191
60 122
32 104
35 133
48 173
78 98
164 196
21 174
9 59
27 50
2 125
29 101
28 52
60 62
90 149
67 78
61 93
15 43
102 135
107 127
23 127
32 176
148 159
41 159
39 126
23 65
33 147
26 147
150 169
25 34
186 189
30 160
6 123
9 10
0 43
40 147
75 85
34 134
87 113
99 148
50 119
14 169
96 174
88 139
39 56
146 187
81 137
97 165
4 31
0 58
45 151
37 151
53 129
112 119
69 106
36 41
67 156
5 12
23 89
1 94
8 160
76 165
11 139
10 67
12 189
17 25
43 168
57 115
24 48
12 105
6 158
42 193
75 114
126 190
62 113
11 155
75 149
61 153
9 128
74 194
76 136
28 156
157 176
137 195
10 57
24 77
27 177
0 13
90 140
22 64
29 40
43 142
130 150
26 75
56 84
3 40
25 125
130 184
51 141
114 165
33 156
110 161
57 140
170 172
134 155
103 147
42 116
7 117
87 99
79 96
35 71
90 185
38 130
42 60
65 69
118 175
66 163
62 74
68 151
19 61
9 74
3 64
7 140
58 152
139 185
40 139
115 150
61 168
84 126
8 130
10 135
41 82
96 150
102 154
2 19
8 122
19 91
69 195
56 121
16 141
16 171
100 133
35 145
113 162
54 176
15 24
121 138
55 151
28 187
17 38
125 129
26 40
88 153
13 30
47 78
162 177
110 121
166 188
13 25
87 143
5 159
68 196
191 193
37 188
33 152
110 134
104 188
53 183
82 104
148 163
39 185
120 168
140 185
14 19
126 171
49 158
30 119
53 168
15 32
84 156
28 107
0 25
98 129
6 53
41 76
184 195
11 114
103 188
12 149
49 121
62 119
35 90
110 120
148 184
3 18
4 176
80 176
26 125
7 185
93 105
175 182
38 89
183 187
86 159
104 107
119 134
70 144
138 151
140 146
166 174
76 80
11 56
16 152
81 116
81 147
78 172
50 108
139 160
121 195
32 74
28 35
25 50
111 183
62 156
47 192
29 81
151 192
64 139
72 97
150 174
47 168
43 131
77 186
59 167
103 130
20 184
27 30
67 77
182 186
11 32
154 166
26 129
30 106
27 82
48 170
72 91
74 177
48 179
38 144
56 108
30 96
37 104
140 160
29 113
105 149
122 188
59 187
32 181
26 28
11 17
100 150
13 171
61 94
145 152
182 196
177 192
27 99
5 17
182 185
7 164
73 147
23 82
14 65
51 185
25 112
142 150
132 150
47 160
174 180
9 104
28 129
76 148
36 144
49 60
68 110
148 194
55 81
76 110
25 139
34 66
28 59
41 89
117 174
69 162
24 193
154 159
64 101
69 72
39 102
27 118
44 153
75 170
62 94
73 191
70 151
85 193
60 186
98 166
148 151
39 86
57 85
89 190
102 168
48 81
126 151
93 143
126 185
33 87
71 143
32 51
112 185
22 169
101 158
23 41
51 173
14 61
17 114
9 139
108 118
124 152
2 117
131 142
66 122
1 162
30 145
50 154
139 196
73 95
25 138
60 185
36 130
0 118
119 180
22 99
55 65
37 39
47 83
85 136
34 77
44 129
32 130
110 127
26 51
22 29
14 54
3 190
91 141
0 150
70 163
71 87
134 154
125 190
132 144
2 126
129 157
0 72
15 55
37 100
100 168
45 136
91 138
30 150
166 192
121 160
55 180
7 75
16 120
16 190
86 153
114 130
70 82
33 189
117 124
5 147
12 13
11 47
42 159
68 98
51 145
130 148
95 135
93 184
115 195
98 112
51 67
112 129
30 158
154 196
1 80
24 69
37 63
2 186
70 175
92 158
23 116
56 114
66 150
22 126
6 8
48 176
30 43
137 146
79 87
33 172
159 185
42 84
81 92
70 166
95 195
13 23
94 179
115 161
154 157
21 192
45 80
48 183
93 191
6 130
74 126
96 180
145 187
141 146
142 186
92 131
34 195
48 87
25 59
36 158
81 114
141 174
34 70
70 89
15 135
111 127
61 176
9 67
96 196
84 104
21 82
45 161
17 98
81 118
24 33
117 143
44 124
143 172
62 173
2 190
50 160
26 180
68 155
5 38
62 184
67 92
51 98
103 164
167 175
129 163
145 168
96 158
44 72
100 189
82 96
124 170
67 144
54 64
9 42
18 108
104 118
30 59
34 162
10 51
10 85
27 162
154 183
48 178
66 165
94 105
15 160
54 182
13 113
10 142
106 152
28 82
6 15
62 137
33 163
111 179
131 143
37 89
57 161
51 137
4 117
20 78
114 163
1 5
149 175
168 171
102 118
101 114
14 113
143 155
165 167
133 148
11 71
44 82
68 176
116 188
103 186
37 164
97 190
108 136
72 89
11 54
60 75
149 150
99 138
145 158
82 134
110 125
9 140
64 97
116 151
24 144
39 69
84 192
58 85
88 168
4 182
22 91
78 161
25 96
78 132
79 117
99 194
39 112
138 163
78 82
51 128
36 185
4 119
71 161
130 134
23 179
45 108
39 187
3 31
165 171
105 136
95 168
47 161
32 112
136 189
137 143
47 121
16 173
23 86
25 109
5 194
22 103
102 138
117 125
52 128
79 179
46 182
36 128
35 68
73 186
34 43
92 167
23 130
184 189
143 157
81 156
103 159
152 182
56 96
72 194
2 23
63 80
94 133
17 39
17 108
102 172
48 140
38 96
60 116
49 159
124 172
61 164
86 118
16 83
34 53
129 156
141 184
67 105
90 165
4 179
171 181
13 175
72 173
40 171
15 111
137 150
45 91
55 135
63 162
84 112
75 91
11 140
58 80
40 48
5 32
91 109
32 106
31 163
20 162
94 158
0 169
38 168
26 61
56 86
100 185
100 128
30 115
173 179
68 165
99 182
48 125
66 134
41 127
8 76
39 189
91 145
65 92
38 85
65 178
43 138
68 132
38 101
91 196
182 183
119 167
17 152
53 86
0 142
42 147
32 60
55 154
50 184
61 194
84 185
31 125
1 66
4 127
2 154
92 160
64 131
51 123
21 112
107 190
33 124
136 160
18 155
59 107
92 159
99 107
148 178
63 167
122 159
9 164
51 169
85 195
52 54
52 82
100 188
10 77
70 77
62 100
74 187
30 65
25 40
32 196
93 158
9 158
16 137
9 63
1 111
45 154
4 64
18 94
3 5
1 181
97 174
66 144
38 46
27 174
87 95
72 103
112 173
122 154
27 67
17 95
51 55
152 176
28 45
129 152
98 100
34 164
15 162
58 155
82 147
14 168
4 135
51 79
159 172
89 120
11 177
49 75
84 131
6 13
139 153
180 194
38 69
165 166
87 138
2 139
95 148
36 159
23 77
17 41
114 156
48 171
26 97
14 111
24 140
59 118
30 102
48 100
25 191
128 144
69 131
4 93
81 101
32 153
22 74
136 182
104 195
129 130
91 153
69 104
49 193
31 96
48 180
28 37
63 70
18 183
166 183
62 84
53 154
56 150
1 71
75 96
112 146
11 16
34 196
112 160
0 112
117 159
24 167
64 77
7 190
26 117
14 164
132 188
49 153
67 73
84 180
47 194
33 95
5 154
109 126
119 157
32 187
171 174
7 109
91 176
69 96
128 193
78 102
29 79
4 82
135 141
78 155
11 189
16 129
105 115
90 154
80 148
96 123
11 178
23 189
105 192
126 138
55 88
11 14
98 103
142 173
6 195
82 191
6 187
13 183
148 156
13 55
115 186
105 172
80 192
33 141
89 172
104 112
0 109
78 184
23 87
40 52
58 136
192 194
39 114
21 102
67 99
65 156
56 88
0 77
116 121
40 157
64 135
96 167
25 132
12 138
37 90
65 152
111 130
70 110
64 100
84 147
18 178
144 148
124 136
105 122
97 131
29 164
98 191
35 124
76 123
30 97
36 91
43 157
124 130
38 43
65 189
74 165
18 196
50 153
118 144
128 158
127 147
27 72
45 93
68 188
5 145
31 196
99 164
7 125
37 73
5 148
32 88
189 191
167 170
101 120
93 103
11 40
136 154
34 35
148 193
1 114
38 180
16 147
92 132
127 141
116 161
107 164
74 103
149 155
68 108
181 189
73 178
51 62
40 180
12 99
52 111
19 125
119 169
130 194
8 11
60 118
15 151
78 168
33 129
1 137
85 121
59 154
26 168
110 130
33 133
32 86
61 159
94 131
29 89
6 54
124 174
33 173
91 184
85 181
4 190
20 61
60 124
174 187
87 183
25 43
39 93
39 108
11 43
33 130
93 117
41 158
114 144
8 80
28 152
162 188
44 121
149 179
70 158
61 65
8 78
45 58
10 175
40 179
124 164
81 195
31 75
69 171
0 151
100 161
42 172
25 69
75 187
55 127
54 178
37 127
78 193
45 156
85 90
30 147
53 145
1 52
6 27
63 101
52 77
9 166
123 149
72 172
164 180
53 149
127 129
16 167
153 162
57 150
77 127
94 185
97 106
49 148
177 195
11 13
2 59
97 152
137 177
27 95
76 157
47 116
38 164
107 162
128 148
28 80
154 179
65 137
83 104
107 133
19 148
55 160
172 178
72 115
36 179
83 173
89 117
1 34
100 109
57 61
19 89
102 104
9 15
58 97
67 195
94 100
64 144
76 116
19 101
57 176
5 55
131 141
6 32
51 133
142 168
101 103
50 104
18 133
126 164
60 195
88 192
25 79
121 149
10 186
166 182
10 15
68 75
49 76
63 192
17 194
61 82
16 90
115 146
32 34
33 136
46 136
41 123
13 137
64 153
82 142
4 137
65 170
77 169
139 184
49 157
16 117
59 81
21 178
16 131
103 113
10 93
63 83
97 161
159 188
139 175
59 168
94 137
133 157
66 132
130 153
75 87
34 163
40 70
137 163
31 162
80 89
73 102
160 194
116 162
21 73
101 135
102 147
102 194
16 114
93 140
17 59
29 30
21 35
53 55
73 109
61 75
53 142
48 184
144 183
97 162
43 114
72 177
25 72
68 104
67 186
144 194
7 173
134 176
10 73
9 76
2 97
18 40
10 81
133 147
43 71
58 146
127 135
111 139
26 58
88 162
0 134
92 169
26 69
129 139
1 135
72 154
72 165
18 173
110 194
64 183
55 70
71 84
88 152
112 180
151 193
54 98
41 171
5 171
25 63
71 97
12 160
3 6
62 160
63 64
15 93
41 162
4 151
156 186
45 100
56 153
83 125
23 194
135 193
34 154
2 43
62 77
36 175
145 196
129 167
108 125
17 91
12 109
12 177
31 114
153 156
71 181
140 179
47 51
124 185
90 134
1 88
9 184
73 115
55 167
51 194
26 90
37 41
20 47
38 194
142 185
85 189
7 20
166 195
78 125
128 151
108 166
14 96
121 135
161 169
91 154
20 130
30 79
17 192
109 184
32 151
33 68
104 121
90 139
30 94
124 157
51 69
17 132
53 94
34 187
173 185
65 93
68 105
91 181
50 195
54 142
39 71
152 174
19 86
111 184
16 23
31 193
89 135
92 147
38 91
169 189
86 163
24 50
90 148
95 196
110 169
70 119
24 147
121 194
75 163
0 70
127 136
108 120
72 132
97 160
17 136
28 55
4 183
138 168
154 168
23 48
77 159
143 145
76 82
131 145
105 111
98 102
42 164
29 96
61 72
91 186
137 193
21 195
14 193
1 33
56 190
12 70
7 11
2 68
47 99
28 62
61 190
5 43
31 82
102 114
18 39
16 170
99 116
5 165
54 187
131 159
167 168
153 173
28 40
73 105
151 159
99 181
106 131
24 150
4 150
38 172
90 173
98 173
75 80
142 194
104 106
36 75
78 186
83 148
5 142
102 187
37 196
124 153
31 106
23 163
39 66
146 195
171 176
46 181
1 37
34 133
71 159
99 124
73 181
35 89
34 98
4 121
99 112
89 158
131 133
45 193
101 195
109 149
21 136
79 162
117 186
136 179
102 146
57 83
22 105
115 165
13 95
79 81
143 173
131 194
32 123
84 160
104 105
15 175
158 179
122 190
119 145
71 75
138 180
5 182
38 125
25 32
82 127
123 130
176 184
133 182
87 175
51 74
119 141
70 105
145 185
30 162
100 177
99 103
7 130
34 157
146 153
53 166
36 74
1 150
34 74
40 102
44 93
120 170
33 58
20 192
31 186
31 122
128 138
175 196
71 119
49 163
79 127
55 179
38 171
61 139
87 191
7 159
72 116
3 76
138 160
58 116
99 143
156 169
79 183
75 137
136 140
89 170
30 153
64 72
7 34
41 57
128 189
114 124
12 154
141 149
59 70
25 95
98 152
42 80
20 123
27 92
85 127
4 120
85 171
20 54
126 196
47 142
24 113
14 57
172 186
119 126
12 42
14 97
7 36
7 38
160 166
34 84
51 108
77 192
145 188
50 111
52 110
154 178
50 88
8 15
17 142
66 103
37 45
109 117
129 164
166 170
22 181
60 174
65 121
10 45
64 106
110 157
85 167
101 188
33 52
63 177
35 184
135 142
27 132
32 128
17 82
102 189
32 92
30 142
1 22
55 105
32 120
53 131
3 78
60 192
135 185
47 97
20 156
0 27
17 92
187 191
135 162
142 189
62 146
34 117
67 187
13 35
123 195
21 115
83 165
35 65
81 97
90 163
140 190
148 168
66 91
4 97
89 171
0 37
20 72
82 149
134 150
2 18
19 152
26 103
151 191
94 109
39 87
96 145
91 155
52 171
158 162
9 127
128 191
117 168
22 185
65 179
120 143
87 155
6 186
11 144
32 145
36 182
96 181
13 27
16 132
84 143
0 29
152 154
18 141
74 137
10 152
99 157
0 190
15 164
7 33
52 141
113 164
126 169
33 39
67 94
7 13
91 118
22 186
63 128
37 117
54 166
53 186
129 181
94 160
139 147
16 166
49 92
19 192
87 123
88 190
45 113
31 194
67 133
4 59
8 171
122 145
33 104
124 169
85 132
18 38
27 145
74 102
1 156
103 144
118 168
106 125
44 189
19 134
81 177
31 50
7 171
28 170
126 147
150 172
14 172
68 89
84 108
72 86
7 120
25 104
25 194
9 110
35 94
31 66
51 136
21 64
6 145
41 138
6 188
39 106
36 188
92 111
77 125
107 155
108 109
127 146
57 155
47 165
3 37
164 185
41 134
90 96
112 130
16 95
88 98
0 113
10 139
116 191
31 136
133 176
27 97
150 152
129 135
76 156
140 192
35 74
86 142
116 183
24 128
174 186
50 113
45 103
95 187
7 149
32 183
26 37
52 190
135 163
93 104
84 92
21 152
39 89
154 173
84 97
101 131
92 174
84 93
129 190
115 135
94 143
182 188
136 180
52 114
6 178
50 115
55 57
53 54
40 154
97 117
117 176
150 171
117 163
76 182
17 116
90 155
16 72
15 47
28 154
52 163
14 63
89 176
18 195
132 152
70 123
18 72
100 170
50 175
106 189
12 135
32 44
151 171
77 164
24 63
118 194
68 137
99 119
82 176
45 119
43 136
55 67
31 72
56 158
33 102
110 146
21 83
105 123
69 166
126 182
89 114
127 138
22 110
159 195
59 131
3 7
29 180
85 108
129 137
41 157
149 169
27 52
117 173
39 62
45 180
44 167
14 124
36 92
50 120
10 92
186 195
123 131
83 90
76 140
48 105
150 162
36 106
47 141
15 145
60 150
99 158
43 81
142 149
143 170
34 54
62 64
21 134
41 142
112 161
85 183
84 189
61 85
28 118
29 73
109 146
6 153
162 164
32 122
87 115
13 44
118 181
142 181
37 149
127 170
15 17
44 96
41 195
97 181
137 178
56 146
63 179
37 153
107 150
11 136
57 133
10 14
33 122
25 145
5 82
43 176
129 151
100 129
147 171
67 68
7 30
101 122
124 128
90 123
51 132
54 56
67 88
160 182
158 168
186 188
22 75
24 152
131 147
74 104
26 53
135 170
3 12
34 175
83 188
102 123
97 110
16 172
89 192
69 145
169 173
40 169
66 173
93 169
48 75
36 181
92 117
79 188
151 153
105 155
93 162
36 58
5 95
34 108
20 129
16 178
156 165
25 98
21 187
37 48
104 152
173 193
149 196
27 76
145 148
42 151
5 130
139 189
4 165
25 58
63 185
125 139
16 184
72 157
86 131
117 127
75 179
73 120
79 93
0 89
33 60
18 46
13 145
36 126
66 83
99 151
55 162
14 102
16 78
13 172
30 74
94 129
105 156
97 150
58 113
90 153
55 169
138 156
83 182
7 113
23 106
143 183
34 129
14 109
60 98
7 148
13 46
61 192
73 80
32 133
83 183
103 121
21 185
67 76
20 194
110 123
8 102
69 153
53 106
130 140
65 105
55 189
128 188
42 138
57 122
26 82
130 163
43 62
7 9
7 25
68 169
15 128
39 161
18 29
92 122
7 17
78 140
68 160
114 194
76 90
10 164
136 137
6 36
172 183
95 118
2 55
13 16
31 56
150 185
53 104
28 56
152 157
3 29
28 34
46 95
29 141
103 133
119 138
14 141
47 123
33 125
76 108
24 185
44 187
36 156
84 120
115 182
3 41
105 164
59 67
41 50
99 152
11 192
26 175
10 158
144 160
19 160
14 133
33 143
28 188
109 172
76 129
45 70
27 126
106 188
67 177
4 136
116 177
30 66
56 182
28 179
113 150
90 151
13 167
39 194
25 124
145 193
128 173
46 159
118 121
59 190
117 121
67 97
5 62
32 189
74 189
2 98
39 118
12 96
63 74
7 45
100 106
60 63
65 160
52 85
130 193
46 58
77 174
81 168
78 103
121 133
94 155
130 149
87 170
114 175
65 128
98 149
163 186
113 123
7 43
92 140
148 160
13 72
108 193
24 175
162 171
41 149
56 143
24 146
69 95
8 186
44 90
22 76
50 106
5 175
23 66
115 126
105 152
97 139
60 139
64 163
143 187
116 169
70 164
12 74
29 46
27 109
96 161
3 132
10 125
51 71
49 165
78 166
68 161
111 143
88 149
66 133
100 104
50 168
155 194
8 144
4 168
50 80
30 185
62 165
56 67
10 117
52 59
72 153
26 169
47 74
49 117
15 53
43 127
140 182
19 22
48 186
172 188
97 119
58 86
23 142
62 194
64 140
90 184
125 140
85 145
25 169
140 168
153 181
57 121
59 124
30 137
12 167
66 102
84 114
86 138
41 63
50 60
61 66
2 195
85 149
30 32
52 169
4 68
49 142
34 128
18 170
14 68
130 167
18 19
98 145
11 110
95 175
166 186
33 137
124 144
73 125
81 191
68 170
120 126
62 109
15 101
50 82
100 162
129 147
165 186
103 185
143 175
12 65
4 146
124 149
30 40
51 57
51 195
17 176
139 162
10 41
171 184
19 41
162 192
10 35
107 141
51 68
21 52
93 180
20 127
31 164
11 28
64 164
17 166
122 169
107 165
5 141
98 164
83 128
121 140
122 143
25 48
14 84
41 148
2 163
60 152
15 137
39 97
17 105
29 37
77 143
4 29
158 174
100 182
6 120
50 78
69 169
61 172
5 36
58 90
51 172
87 103
31 109
30 151
135 155
94 168
117 138
170 176
59 61
160 185
4 25
109 171
82 131
89 160
48 94
27 89
57 71
32 160
6 157
4 175
150 159
13 80
45 128
109 191
126 187
1 78
86 179
61 128
43 154
114 140
152 169
118 196
101 130
172 194
144 151
43 137
121 179
95 194
12 19
63 147
137 152
154 194
30 131
48 55
9 138
28 94
62 176
50 86
3 148
67 121
67 114
161 191
45 88
60 84
100 191
26 104
3 193
72 105
87 156
46 48
82 118
27 110
86 111
94 170
60 88
26 144
11 36
54 68
48 177
25 29
105 139
149 195
41 129
164 184
30 192
95 176
55 176
12 81
70 157
27 179
84 184
121 186
20 180
59 138
114 139
83 166
22 124
72 126
81 89
91 182
108 138
6 35
2 149
106 164
36 76
65 175
3 170
134 153
1 123
23 145
79 112
41 153
63 77
7 145
59 109
108 172
158 190
19 64
146 160
43 112
21 137
83 150
136 156
23 195
50 151
38 182
3 112
48 163
26 83
88 136
15 50
109 121
133 141
35 58
71 89
4 35
61 100
63 175
36 149
9 77
32 147
8 20
113 187
135 195
28 75
79 194
23 105
39 162
58 147
125 179
127 128
13 32
94 130
101 168
24 30
79 185
14 159
37 70
162 193
15 96
189 193
9 32
57 118
28 50
106 138
37 148
52 60
62 80
12 62
180 184
124 156
98 130
72 156
31 84
24 135
157 172
60 163
109 131
1 106
155 157
19 106
4 76
98 101
180 188
149 185
65 129
49 187
107 126
85 86
159 184
17 189
105 186
42 188
110 184
74 196
65 75
44 68
45 55
18 97
17 44
41 90
9 52
58 141
58 106
122 171
66 90
99 108
0 39
70 129
155 193
169 176
145 186
36 162
47 49
56 148
147 195
137 155
23 38
28 31
179 181
61 123
163 167
128 161
0 85
134 169
170 187
109 167
134 185
85 168
74 164
49 184
88 183
40 133
102 179
7 156
7 73
151 173
114 128
106 112
34 41
13 56
29 93
88 120
7 93
47 79
53 178
101 121
108 176
1 110
119 172
64 71
76 85
151 179
64 160
88 102
35 190
60 61
102 103
0 179
162 183
56 82
88 173
17 79
20 158
70 127
138 192
83 143
12 84
21 51
10 101
140 176
41 99
60 145
38 196
18 57
169 175
39 121
3 121
10 147
20 171
151 182
11 21
17 31
45 79
77 86
30 55
82 114
139 143
11 63
20 141
131 174
63 131
5 71
100 123
104 192
37 49
71 149
10 74
66 69
1 139
27 28
136 149
78 136
22 145
107 140
136 169
25 189
39 76
148 171
30 165
57 67
156 188
75 141
61 96
82 111
59 97
71 104
22 144
102 133
31 60
63 168
7 188
116 123
168 186
135 161
25 84
16 45
100 105
97 143
11 137
26 154
14 112
30 186
45 94
47 107
66 191
20 111
99 183
20 28
113 190
12 147
160 178
38 87
69 109
113 156
59 135
45 183
68 158
102 177
82 123
25 88
40 65
132 195
40 126
90 127
0 66
80 101
120 153
96 100
4 21
88 150
149 190
8 98
115 187
46 54
54 85
3 158
98 126
123 181
114 126
55 111
56 185
61 95
107 109
43 49
67 182
124 163
26 195
110 163
131 191
13 93
108 130
86 120
70 100
145 156
25 173
34 165
82 177
12 79
14 156
46 80
20 172
17 158
133 144
58 159
12 86
3 71
71 131
65 81
7 163
81 130
145 174
101 172
162 175
101 149
71 152
86 93
25 62
69 82
129 177
17 67
120 182
7 44
83 160
91 173
143 180
1 49
24 101
100 113
122 141
60 149
67 122
45 182
40 105
153 192
78 126
7 108
77 94
114 179
7 192
92 149
11 66
76 127
36 100
16 125
6 24
10 156
111 189
35 60
19 23
186 191
10 82
77 175
34 144
74 113
77 90
2 142
24 184
2 86
46 150
0 119
43 69
35 143
59 126
19 127
55 192
81 132
24 68
65 194
90 104
7 21
36 171
29 106
43 134
102 192
36 46
28 192
55 93
54 75
137 165
59 137
51 155
2 150
106 184
16 88
107 161
43 123
68 130
150 155
108 186
88 127
0 159
22 156
77 184
137 184
143 165
46 106
58 103
108 180
54 159
31 40
89 194
20 183
40 132
40 192
21 53
76 137
64 188
131 156
8 143
25 113
38 107
72 162
82 115
96 98
52 90
64 91
104 142
103 170
118 131
15 92
124 188
14 49
49 138
108 173
101 183
121 173
0 95
90 124
120 161
57 177
22 106
24 78
94 144
126 144
60 86
17 186
80 94
30 178
53 187
100 173
9 160
139 173
32 136
0 185
57 86
92 161
124 184
0 56
80 133
131 152
6 81
39 147
60 94
166 172
25 142
22 77
35 73
7 102
138 140
37 168
102 105
146 164
158 166
19 95
24 163
76 126
58 119
165 170
20 94
6 11
3 46
63 145
35 189
60 158
29 126
72 118
33 34
45 109
50 125
12 187
2 183
37 60
49 133
14 18
43 77
51 87
113 165
56 176
35 141
2 36
110 180
19 70
0 163
109 129
26 116
60 89
25 47
5 81
15 187
123 147
60 193
17 155
93 127
71 126
129 179
66 168
9 35
7 191
31 42
6 60
53 90
18 154
0 31
17 70
20 133
71 178
1 58
159 175
113 117
62 68
76 176
17 184
155 166
20 177
122 134
71 135
45 138
61 118
38 148
17 20
119 125
111 148
13 98
83 158
11 125
65 70
40 161
5 64
107 110
126 167
34 92
46 134
59 71
65 100
87 122
20 160
168 175
97 104
7 132
40 103
146 158
48 57
13 135
11 83
2 196
0 143
31 43
60 161
91 125
31 187
16 127
4 189
26 31
68 140
33 76
90 131
130 131
46 187
146 154
104 114
19 47
21 148
54 157
89 183
167 194
5 104
180 189
13 176
14 116
54 146
10 177
170 189
20 112
48 109
60 92
12 21
47 196
80 165
4 79
64 132
123 128
47 133
81 125
33 157
96 148
28 77
29 103
2 141
63 183
147 183
62 167
80 124
86 101
28 49
51 189
147 193
115 129
71 83
48 102
35 109
99 156
4 191
95 166
119 194
3 56
24 195
92 187
124 177
167 177
53 167
82 117
170 182
76 121
70 102
72 129
12 130
6 103
41 115
94 96
38 40
21 177
183 190
114 166
113 128
18 189
2 169
121 164
49 107
114 129
138 195
166 168
156 187
72 170
60 180
65 183
69 176
13 38
48 119
36 70
78 94
84 154
54 82
111 150
68 129
1 152
27 193
94 190
0 61
20 147
15 143
134 183
133 154
138 173
27 33
76 144
39 43
52 127
10 170
27 172
12 126
114 183
14 56
148 192
12 191
6 119
177 182
64 86
95 115
68 103
14 33
119 193
20 152
162 185
28 100
41 70
21 46
44 188
49 108
138 178
140 196
7 114
18 77
52 107
40 110
151 156
9 153
164 168
53 117
6 129
98 182
24 132
123 129
25 27
89 174
66 179
42 74
107 175
103 179
121 163
11 163
103 123
57 87
75 152
4 144
142 179
54 74
22 86
136 181
122 123
0 130
82 112
86 175
52 182
164 195
75 144
53 96
44 174
48 86
86 192
5 46
35 178
47 188
144 176
52 133
144 167
69 79
55 96
139 156
97 114
140 175
120 149
113 167
145 182
134 195
158 177
69 174
100 111
141 189
35 107
82 163
47 104
6 146
57 141
66 81
0 182
153 184
166 191
16 159
103 165
46 152
75 106
48 80
37 98
88 182
106 186
24 39
12 58
29 80
73 139
19 69
46 170
41 135
58 188
109 182
88 106
8 165
70 146
116 180
93 150
31 179
69 136
166 167
67 169
107 112
93 188
8 27
5 80
23 184
97 185
76 89
23 46
16 69
129 187
118 183
28 38
24 80
134 190
22 146
114 161
55 144
2 56
100 127
107 166
66 105
114 119
80 95
35 98
137 164
19 132
116 192
176 187
73 152
19 54
104 159
5 21
53 100
50 53
26 120
105 150
132 156
14 110
87 90
39 77
126 179
2 170
54 144
95 121
64 129
6 106
169 172
116 170
132 145
52 177
92 142
47 152
47 108
99 159
83 101
45 194
68 173
44 156
39 175
161 187
74 128
157 177
27 148
117 141
115 138
82 195
67 102
33 167
77 182
44 141
146 176
45 61
38 104
131 169
35 120
23 24
132 170
91 124
56 85
126 136
43 190
123 163
78 146
79 151
15 56
20 23
96 97
4 142
75 133
160 188
20 110
83 96
121 192
24 111
115 117
158 171
42 126
67 138
92 121
178 182
86 124
19 139
100 107
35 96
113 175
14 140
128 164
103 105
12 83
25 174
78 122
16 148
171 196
76 101
79 167
116 128
40 159
53 191
25 99
23 149
42 130
92 153
76 155
57 62
164 173
120 121
56 188
16 26
125 186
102 117
83 129
46 128
4 66
58 145
60 114
13 54
20 25
17 93
87 121
162 190
40 73
108 160
137 159
121 146
104 130
37 150
67 98
81 166
8 103
139 186
64 98
77 135
54 125
145 179
38 136
51 60
164 174
144 171
31 175
17 28
12 35
29 44
89 123
118 191
13 185
29 52
3 123
126 141
61 161
49 131
142 187
13 128
14 93
56 173
63 161
75 164
41 190
12 148
25 146
92 173
108 148
29 64
39 85
89 175
95 169
76 91
142 177
40 86
125 164
91 126
68 177
52 168
16 47
5 143
166 187
173 183
74 89
70 85
56 98
30 180
141 155
9 31
88 169
31 39
129 161
43 155
118 161
58 150
116 186
25 61
22 128
130 166
75 192
105 137
129 173
169 195
43 72
53 120
2 178
12 43
118 134
108 135
133 193
47 181
134 152
39 63
117 183
101 185
26 184
27 88
59 99
7 147
85 97
5 105
46 114
84 111
94 120
39 186
37 91
175 178
131 189
61 79
89 119
3 105
37 183
20 29
28 151
52 137
67 183
71 176
88 141
40 144
36 172
26 79
164 189
13 51
56 152
70 75
60 175
131 173
19 59
137 188
53 153
167 185
104 155
27 40
32 165
106 150
45 142
71 80
125 194
19 97
79 147
21 57
32 71
29 181
29 92
103 124
93 136
99 171
40 116
89 115
88 133
34 171
123 189
15 134
182 184
4 42
91 168
123 160
90 166
123 193
18 177
30 77
118 186
69 179
55 164
79 155
38 124
9 97
107 113
55 87
57 109
82 182
101 164
15 81
71 94
121 132
100 176
17 111
44 152
121 155
70 165
8 115
85 120
160 187
62 96
31 95
61 73
58 63
131 178
61 62
24 137
41 84
160 183
59 94
114 155
45 177
67 134
176 196
32 45
41 161
154 171
106 107
184 192
26 166
128 130
165 194
26 140
32 68
53 121
56 155
34 44
33 71
110 141
54 93
55 155
6 136
64 157
73 145
8 129
39 50
123 135
66 67
47 114
52 87
17 164
88 138
70 179
188 195
164 181
1 56
142 191
118 165
18 89
5 20
79 160
73 192
33 46
46 76
93 142
36 152
24 176
23 36
18 61
0 140
21 79
42 150
1 196
51 147
61 132
125 156
9 165
93 95
75 110
32 185
21 43
109 150
69 90
88 111
32 102
98 194
86 183
61 69
15 73
103 166
15 75
128 184
36 44
55 78
74 171
11 107
14 90
184 191
13 49
99 130
128 157
62 149
30 182
160 163
84 194
58 91
15 149
139 187
4 51
68 153
73 140
13 189
109 127
9 120
9 51
21 140
99 122
99 155
44 62
167 184
20 178
22 32
6 30
2 137
72 140
12 183
134 186
5 188
37 179
88 95
103 136
22 122
83 161
180 183
51 131
106 119
97 127
51 84
10 94
152 195
57 188
54 97
7 122
22 95
94 118
90 190
30 193
82 136
71 173
99 123
97 167
168 190
84 130
3 73
69 77
142 166
65 139
88 94
130 187
16 39
91 114
78 196
118 125
46 169
12 144
90 91
54 130
122 184
155 163
29 38
132 180
94 172
127 190
21 119
53 60
67 124
164 176
49 174
10 167
38 117
35 153
34 57
78 118
26 158
20 120
81 162
87 178
46 68
105 173
50 67
9 122
61 99
42 110
9 144
82 84
103 162
134 143
26 193
101 166
28 104
37 154
79 166
2 124
3 162
42 141
93 107
82 108
3 100
75 107
99 180
87 111
27 48
157 169
72 101
80 174
111 152
67 111
62 117
93 155
74 97
60 183
14 176
55 171
162 181
23 155
79 182
52 153
8 51
129 132
114 193
58 112
61 64
86 123
74 100
3 44
5 51
72 77
34 115
26 164
4 6
25 177
113 124
32 37
68 119
62 164
43 148
139 169
152 167
139 176
41 177
133 186
7 158
144 170
135 157
42 83
71 154
88 110
49 154
7 133
13 48
50 194
97 178
140 184
73 143
20 196
49 186
22 40
141 196
141 191
13 126
159 178
89 138
161 181
102 110
77 141
22 164
51 157
0 103
96 172
71 151
145 171
53 171
89 181
86 143
12 136
130 177
9 150
92 107
157 159
85 128
115 175
89 193
53 97
39 96
15 165
15 170
76 183
77 177
81 179
31 88
118 135
86 119
148 172
116 165
97 113
40 145
61 156
83 123
125 147
187 190
40 123
114 167
21 66
86 141
21 44
60 80
147 156
62 126
76 174
171 178
14 157
113 135
16 128
55 58
23 114
8 72
35 172
56 156
1 15
82 97
12 169
113 174
75 122
91 195
4 12
88 109
82 88
5 91
27 83
66 181
129 193
92 148
26 74
17 180
32 172
75 190
21 75
42 105
16 30
95 99
127 184
44 111
54 65
58 144
35 54
54 138
103 156
60 129
38 193
53 123
19 121
19 158
23 172
71 117
116 135
43 160
12 85
138 152
88 124
37 130
20 50
17 69
81 133
152 178
16 54
97 108
56 131
117 132
145 146
74 96
50 114
62 121
2 123
33 116
87 146
48 129
80 178
68 168
123 169
105 148
79 130
110 145
153 185
19 76
37 159
11 62
112 195
67 80
38 191
96 165
18 36
50 72
54 112
115 142
147 177
93 166
66 99
30 184
21 191
56 151
29 139
63 180
142 170
89 195
110 195
95 105
57 153
69 147
36 85
126 139
71 192
36 73
13 14
119 148
45 172
108 114
69 126
58 176
99 128
34 131
5 106
151 176
168 189
4 69
41 98
4 96
84 152
38 53
50 63
81 159
37 47
138 155
54 99
135 180
130 156
1 118
39 176
74 162
99 174
54 134
175 177
0 28
57 110
60 153
91 177
94 171
81 186
28 169
81 194
47 82
34 65
57 171
94 147
128 149
44 74
101 125
11 127
2 66
44 48
61 166
63 165
41 91
149 180
48 64
55 106
85 100
35 67
1 12
4 125
188 194
67 196
42 157
23 84
13 161
61 193
7 128
4 14
64 166
52 94
69 132
102 136
74 106
115 153
52 117
118 128
20 26
50 129
20 83
37 128
58 191
131 150
26 106
64 104
58 125
60 135
65 166
114 182
20 93
73 118
54 136
50 90
97 195
47 187
68 106
69 182
11 34
63 85
5 42
13 102
86 174
63 108
53 59
34 153
9 39
74 127
66 140
92 125
26 99
30 91
75 189
8 31
44 84
13 91
79 163
86 87
11 174
101 179
18 45
90 150
73 188
54 196
4 100
49 56
99 115
29 127
22 138
23 165
83 86
104 191
5 152
66 78
79 115
117 185
35 41
123 194
44 181
90 92
80 188
22 143
13 88
66 171
149 191
25 167
20 46
7 96
66 88
64 194
28 33
106 124
54 69
64 177
69 189
172 179
25 57
157 187
10 171
59 101
113 161
92 106
21 55
86 146
2 42
15 178
0 176
71 180
45 196
13 124
13 194
56 193
54 94
15 67
157 196
69 157
78 173
8 136
19 124
27 194
109 155
115 144
65 133
167 172
42 134
90 138
62 104
50 158
33 59
17 185
18 100
14 86
141 180
37 158
38 106
75 145
3 167
19 144
40 153
6 172
100 102
19 48
27 170
59 147
134 148
14 148
103 178
61 141
80 125
7 100
48 141
87 131
3 80
53 195
64 119
114 186
1 53
121 175
1 45
26 102
82 184
29 192
135 160
75 119
31 176
85 166
43 140
39 154
38 71
45 87
83 168
67 70
162 194
53 156
22 141
82 101
23 137
115 116
103 177
23 100
23 85
113 133
58 148
68 90
1 2
44 164
102 180
1 113
32 127
77 153
18 31
0 110
73 121
165 187
92 138
128 186
69 124
186 187
61 163
150 179
77 185
23 157
72 94
28 126
24 143
96 111
9 78
14 40
97 176
57 81
5 23
98 114
10 108
87 180
19 149
140 178
0 78
14 100
5 156
50 150
25 83
71 73
63 159
6 99
29 48
141 161
40 177
38 48
44 106
27 117
45 56
169 188
9 131
31 98
3 67
64 126
84 99
38 190
60 169
125 177
58 65
103 110
9 64
122 187
52 62
116 137
146 166
27 75
1 35
77 80
37 131
103 172
62 158
139 172
67 131
52 78
130 151
55 91
120 127
36 83
96 189
155 174
60 104
31 142
64 184
24 122
131 154
55 196
82 92
39 158
73 193
16 143
38 140
77 179
66 145
26 113
88 137
43 89
9 93
31 184
87 189
37 177
137 175
27 71
91 108
160 162
1 194
62 69
46 123
143 186
37 61
128 155
79 109
44 182
161 196
46 138
37 171
70 134
4 20
124 135
13 177
45 121
66 131
33 132
28 119
27 169
35 104
194 196
152 158
127 155
49 88
78 111
22 195
9 149
66 113
7 172
8 32
107 189
7 61
108 162
17 139
17 36
52 162
82 125
2 88
141 172
170 196
6 144
47 186
149 184
74 161
76 87
182 193
34 148
20 195
74 184
36 151
62 182
31 131
85 161
97 159
39 149
96 155
23 191
33 98
114 153
110 177
46 110
71 99
5 178
95 156
78 177
56 175
104 139
55 129
70 171
16 65
85 135
119 165
18 76
162 191
169 177
125 161
148 164
109 130
74 176
138 175
51 140
51 143
65 168
3 136
86 92
52 132
156 181
28 99
145 176
38 81
155 162
122 196
96 128
46 103
173 194
12 146
61 78
35 70
33 99
56 194
73 170
113 189
38 58
0 20
28 96
25 107
26 121
87 159
76 113
70 91
30 69
93 110
33 89
23 123
117 120
119 149
5 97
127 161
83 172
83 139
49 166
87 109
68 186
93 94
43 64
10 84
168 180
65 173
119 164
7 77
32 76
93 186
11 92
128 170
70 78
54 58
113 191
59 175
34 178
25 128
47 115
64 170
26 119
0 60
40 94
28 164
36 95
46 151
16 91
113 131
21 108
54 57
33 51
81 86
78 156
11 159
47 61
10 121
98 154
66 80
50 77
28 69
76 120
63 81
36 81
43 164
17 117
51 148
101 116
142 156
40 42
61 133
17 191
41 59
139 190
150 164
115 133
50 87
11 132
69 115
59 174
18 69
9 12
14 178
33 123
46 90
24 169
22 194
147 160
66 174
64 96
84 119
5 138
93 161
47 60
0 129
124 151
58 132
146 168
33 174
13 122
4 122
115 155
23 75
93 138
25 35
31 188
23 25
5 137
115 143
86 135
85 134
1 47
31 46
152 159
87 137
74 119
115 190
124 129
74 153
13 148
37 114
41 191
57 163
5 161
49 91
190 196
67 194
49 195
78 89
87 173
33 158
13 179
15 84
92 135
43 173
22 179
149 176
173 177
76 130
93 114
9 28
82 174
64 92
25 150
85 184
71 183
85 169
87 160
74 92
2 44
8 131
75 102
191 194
141 192
10 21
121 128
84 163
23 94
124 148
17 61
153 189
46 160
152 183
161 171
22 191
130 183
133 180
35 85
35 49
78 150
12 150
35 152
2 152
3 19
57 82
43 187
83 151
116 160
174 179
48 193
39 192
10 172
93 99
17 83
96 113
70 180
46 161
125 183
31 53
20 136
9 18
37 187
71 79
26 146
56 57
94 145
27 168
55 138
9 85
102 128
35 51
123 154
11 80
37 181
36 66
62 178
123 182
93 193
118 129
119 144
57 166
37 180
55 112
53 68
104 179
118 136
117 158
66 175
30 167
15 54
26 93
77 150
76 98
47 145
112 164
80 128
150 158
26 98
2 129
184 188
26 165
82 154
44 46
55 98
91 180
58 135
55 76
24 34
121 183
18 143
20 42
22 48
7 136
184 193
77 149
57 185
31 128
121 169
35 170
47 135
110 187
32 80
70 189
61 196
140 153
63 114
33 67
89 105
26 41
18 182
133 143
157 171
54 59
63 121
39 136
15 154
40 185
25 117
114 180
77 78
139 194
114 133
132 169
97 126
34 50
179 196
169 182
44 184
35 82
56 69
105 188
92 144
41 189
52 74
193 196
98 168
121 122
87 151
46 73
120 154
59 69
135 183
16 99
160 190
5 135
41 182
19 137
15 37
44 146
43 52
58 168
90 171
4 43
34 97
145 189
19 62
68 88
116 157
97 98
34 126
139 168
46 191
9 113
8 35
16 195
41 79
109 196
55 59
55 95
108 181
30 80
147 178
77 152
36 84
28 81
19 32
26 71
47 185
3 69
20 153
10 134
45 112
140 189
131 182
99 127
4 75
60 128
65 126
107 158
113 121
13 196
73 81
71 150
74 91
129 145
27 42
82 89
28 186
12 28
150 177
70 154
129 143
61 135
80 170
20 173
63 65
105 196
19 51
1 142
16 73
187 196
6 33
60 189
16 149
48 168
134 149
8 12
24 89
84 187
65 140
42 161
116 119
61 160
92 152
56 64
75 174
85 116
90 152
25 188
128 131
124 196
123 188
65 73
183 192
82 157
5 111
112 153
81 105
140 180
72 127
75 161
75 175
20 121
171 189
72 178
49 62
13 169
17 123
9 172
99 113
7 70
79 125
78 170
19 126
35 158
4 172
19 128
11 51
24 38
67 157
36 160
47 137
32 85
111 192
130 159
42 125
51 90
41 92
29 59
2 60
34 80
187 189
48 58
39 70
68 87
70 160
40 196
9 124
1 189
104 117
32 131
110 119
33 78
70 156
58 72
124 125
112 125
87 195
67 81
14 118
136 144
23 55
11 158
53 80
121 196
98 120
1 140
84 116
48 69
10 187
25 162
51 94
19 40
101 133
82 95
85 177
129 172
34 125
78 147
63 172
34 161
1 75
66 139
78 99
111 118
29 155
49 85
36 150
107 153
69 141
158 173
6 163
87 166
111 169
65 106
66 135
44 131
29 165
105 177
144 177
19 186
39 64
28 142
96 169
3 106
90 137
32 166
21 109
82 113
37 113
111 131
31 70
34 192
9 163
5 78
52 67
71 105
44 76
79 85
55 120
3 88
157 192
3 169
96 146
95 182
79 177
104 129
83 121
31 107
49 145
69 187
6 49
26 133
61 113
12 77
24 155
23 109
47 150
137 196
7 160
113 195
68 115
54 186
41 117
3 155
106 182
26 163
21 76
125 193
140 156
157 194
51 150
146 172
152 171
164 194
48 132
14 55
22 180
110 162
1 7
127 152
36 119
103 131
87 125
25 54
117 153
89 140
43 84
132 165
112 135
113 192
115 139
93 129
82 85
132 137
167 190
64 143
37 195
167 176
171 190
59 157
33 63
30 128
89 139
19 107
49 175
63 116
108 153
91 161
44 142
151 166
118 185
120 192
88 185
42 79
142 184
73 94
6 176
2 84
32 115
87 94
66 104
178 191
83 136
40 79
60 166
59 191
61 114
35 137
37 67
36 42
70 194
24 188
108 127
94 142
115 171
24 96
43 98
81 172
38 123
105 158
62 66
80 114
29 47
3 97
133 188
44 135
66 159
61 170
63 79
23 164
174 183
35 148
28 84
88 123
98 185
76 190
100 120
8 47
50 139
21 87
14 28
50 176
148 153
84 170
63 69
120 158
72 137
32 59
135 139
3 87
68 171
2 28
31 97
34 81
133 183
156 193
24 25
49 82
76 172
56 106
14 181
14 153
74 188
61 89
18 91
132 136
44 159
46 115
109 156
7 193
64 190
110 172
7 88
0 36
109 137
8 194
149 157
4 123
73 97
138 153
3 75
6 74
22 115
110 183
163 175
117 180
12 89
26 196
17 22
21 67
38 93
13 63
166 189
25 171
40 148
20 131
21 62
69 94
35 39
156 174
25 123
79 101
112 128
56 73
55 156
74 76
34 135
7 127
56 126
140 194
106 161
75 98
0 137
11 113
98 188
137 174
30 170
92 130
130 189
63 139
48 62
1 46
16 194
92 113
51 93
51 82
41 64
53 193
99 133
29 100
8 154
88 148
94 169
6 105
4 89
8 123
80 162
32 164
137 167
30 85
47 109
0 100
15 61
29 107
96 107
12 60
34 104
58 115
13 170
28 44
84 107
2 134
22 44
92 101
63 112
67 128
34 127
4 107
1 18
39 45
84 136
12 124
44 176
101 126
83 180
5 150
31 41
167 196
74 109
36 123
113 194
8 22
135 151
46 140
30 149
47 126
117 181
65 77
139 177
18 125
27 122
22 87
93 97
179 182
66 93
36 196
67 85
156 160
35 105
10 168
121 187
22 114
138 161
77 133
13 141
170 173
5 92
24 74
109 132
74 180
102 112
133 149
41 110
7 142
36 140
112 190
12 46
19 66
15 45
33 113
72 75
22 133
116 150
64 78
141 163
4 39
91 93
20 114
182 189
74 149
68 71
75 167
59 189
33 64
30 84
188 190
104 158
161 176
90 114
47 55
41 112
4 196
80 161
44 67
48 90
169 179
59 192
29 144
8 111
46 93
57 104
35 156
66 149
12 27
0 147
122 152
90 193
104 171
118 120
36 186
2 21
4 55
6 154
120 129
14 70
95 97
65 107
25 193
5 99
22 71
13 26
26 137
139 145
170 190
155 187
15 138
15 97
17 130
91 95
59 128
4 153
71 136
100 118
68 78
62 129
68 76
26 161
3 58
63 142
60 101
29 196
36 112
16 49
96 141
13 69
19 116
64 193
145 166
54 137
133 194
145 151
82 185
60 90
21 194
45 135
65 86
19 108
11 57
17 107
43 177
177 179
31 83
29 142
97 156
31 112
135 148
41 194
48 96
117 145
59 103
10 65
142 188
88 89
14 122
65 190
38 129
118 184
62 118
98 148
182 194
85 187
66 141
38 126
52 86
30 124
17 74
35 128
14 108
75 136
23 83
82 137
15 107
114 142
161 170
96 133
55 157
15 108
145 170
41 130
128 169
13 120
37 55
24 61
66 109
13 52
56 128
79 123
19 170
37 74
1 103
17 73
102 120
52 170
113 119
71 147
107 137
0 9
169 194
77 113
134 175
29 33
33 160
28 148
41 45
71 127
143 188
12 180
42 181
108 179
78 113
23 188
34 179
17 154
15 103
140 167
159 190
180 191
15 147
122 180
135 182
70 170
46 192
36 194
65 89
52 143
23 60
35 40
33 37
50 145
125 151
1 193
10 110
142 148
58 95
46 74
76 86
11 186
181 184
15 155
74 195
56 113
68 120
96 160
156 184
147 186
70 178
18 162
7 66
119 121
52 66
76 111
6 70
89 154
51 181
20 48
33 35
50 159
23 91
1 41
61 142
10 12
11 49
18 179
39 47
127 188
10 25
37 54
49 136
69 74
57 112
1 27
7 131
48 84
89 108
154 177
3 81
35 76
148 150
19 73
3 135
66 184
51 89
32 144
94 177
4 13
85 194
32 175
7 63
85 182
11 194
83 189
43 102
0 166
2 80
141 178
52 89
30 113
78 157
19 58
47 170
174 178
100 139
42 187
78 119
16 160
157 191
33 196
135 181
42 154
93 96
89 147
22 119
4 154
109 151
113 193
155 173
146 159
82 90
5 144
16 93
102 171
11 106
75 146
6 19
22 70
156 190
106 139
70 184
75 81
6 126
77 106
120 175
95 163
67 192
32 177
32 48
109 158
133 179
29 45
3 99
14 131
25 157
57 114
28 73
44 191
53 67
167 186
20 119
53 138
47 53
110 142
89 141
9 20
30 88
78 195
28 76
80 116
139 164
16 116
116 194
26 183
14 170
76 109
32 84
160 174
37 161
15 78
79 170
46 108
9 84
83 110
21 120
68 180
23 135
69 150
114 148
57 131
68 143
45 140
105 127
7 14
29 166
8 54
85 93
84 171
89 131
48 114
15 133
109 163
5 94
14 194
2 162
35 47
105 107
31 51
110 160
113 172
43 110
32 125
187 192
56 138
75 94
34 100
63 148
30 57
74 181
103 109
111 165
19 29
104 156
6 183
45 67
54 62
143 154
23 35
155 160
90 100
54 88
70 153
2 74
35 186
30 125
124 142
18 107
65 120
43 75
19 21
154 189
25 39
49 78
101 152
26 192
8 187
53 157
1 77
8 68
52 98
3 173
3 83
10 148
57 117
29 190
26 88
27 192
71 179
31 86
148 176
164 179
3 66
59 122
138 170
27 53
161 193
2 22
132 163
43 93
129 186
61 81
0 120
136 143
11 75
47 86
190 193
8 163
152 185
11 50
97 136
60 140
121 184
19 109
20 99
123 173
25 71
15 90
46 67
104 176
110 159
168 195
57 180
112 152
27 78
95 174
144 180
25 110
131 196
139 183
61 138
60 162
10 38
75 104
130 172
145 163
13 90
60 154
64 134
17 75
11 101
127 183
120 152
62 91
138 176
85 155
31 91
125 130
69 194
36 174
124 193
17 141
63 88
126 188
3 195
79 152
50 109
49 87
25 185
10 105
68 172
41 179
106 176
111 134
14 17
73 159
60 77
96 117
118 139
6 45
19 24
58 130
4 32
36 109
73 132
110 167
72 161
119 188
5 116
90 192
60 100
23 117
89 145
114 121
188 193
38 170
20 157
90 135
34 147
28 54
12 59
15 65
86 178
2 30
21 74
75 129
67 117
59 88
43 96
102 156
41 152
44 173
126 143
44 172
29 158
50 144
77 111
129 169
68 195
119 156
41 169
32 190
9 155
178 179
43 161
60 170
45 59
118 153
54 113
13 107
24 183
53 177
62 89
22 24
106 162
39 40
159 181
85 186
16 97
94 140
18 120
45 167
112 181
105 174
166 184
10 100
66 176
138 166
81 189
122 168
107 194
8 161
55 159
42 166
20 113
106 111
54 132
47 190
61 188
9 192
6 192
15 25
131 136
137 166
127 189
16 68
93 98
85 122
63 156
80 107
23 101
122 174
70 147
15 181
151 165
116 195
174 195
16 188
26 32
76 159
21 159
177 187
10 26
80 112
138 177
5 184
85 196
38 192
53 72
44 150
123 144
94 159
0 96
49 63
86 187
14 71
177 181
171 188
81 173
60 177
83 152
39 98
69 120
39 55
55 132
46 82
101 112
79 138
63 67
159 192
95 178
91 121
133 167
108 147
122 185
20 144
123 148
104 163
60 167
110 116
56 109
75 157
41 187
120 172
58 99
94 195
31 183
41 52
7 162
0 83
95 147
16 107
17 102
20 30
23 74
16 119
61 155
116 172
159 162
66 115
67 110
142 169
9 174
61 77
128 192
147 176
43 56
150 186
123 151
149 171
72 158
137 142
151 168
31 111
67 171
85 160
114 122
125 132
71 96
47 54
160 184
76 171
37 175
66 190
156 189
72 188
17 165
29 61
52 158
52 175
40 114
79 156
129 146
169 191
24 145
95 107
58 81
12 155
101 169
23 95
87 141
145 150
92 177
12 131
96 108
177 180
78 88
143 164
73 185
8 141
1 51
23 81
151 180
22 55
21 125
49 64
38 67
72 121
7 49
40 101
136 174
91 139
38 92
49 102
116 145
23 119
119 132
66 70
65 149
101 155
84 168
2 133
7 195
86 149
0 33
53 163
44 113
36 125
42 152
73 123
71 115
152 188
128 163
70 187
37 93
156 196
124 150
17 37
39 180
104 137
111 129
36 37
119 174
1 43
87 91
101 156
126 178
51 165
73 194
59 79
117 146
128 174
3 182
130 191
16 20
14 103
106 108
82 128
47 138
15 83
42 119
134 144
36 107
31 185
89 101
86 112
29 32
169 178
42 82
35 171
46 125
62 72
31 49
18 42
27 59
30 127
11 78
6 142
85 101
138 148
105 180
162 172
2 69
23 162
64 147
123 180
127 153
58 62
60 64
0 177
58 70
120 190
87 129
81 192
90 144
45 166
2 24
21 123
137 140
69 113
52 70
55 60
20 105
123 185
56 195
52 140
20 70
38 141
11 48
102 155
75 97
19 163
46 132
76 83
37 192
37 194
117 123
116 147
20 24
85 110
40 117
85 123
128 166
60 179
16 181
52 123
7 60
94 119
103 141
98 113
178 183
96 120
127 148
57 160
69 133
5 76
8 139
57 68
113 171
70 121
49 161
8 134
63 141
18 41
4 152
68 116
90 181
136 194
117 147
13 165
18 85
90 196
12 196
64 75
135 174
2 143
46 146
123 167
127 179
61 117
114 159
12 112
48 148
73 108
125 127
134 166
106 144
6 80
24 156
10 119
95 185
110 188
15 168
15 173
31 124
4 40
0 175
177 186
10 193
116 189
115 158
13 41
44 125
91 143
20 159
6 86
35 48
39 151
6 76
72 135
179 184
147 164
59 90
100 159
120 184
15 18
76 146
62 105
43 144
74 185
5 96
112 124
42 55
44 87
87 181
37 80
73 164
86 109
59 95
59 180
44 130
27 178
15 116
11 25
72 150
91 165
105 193
11 69
57 97
85 142
29 43
58 138
45 152
169 185
112 187
151 170
32 90
95 113
62 193
36 170
83 138
82 159
19 92
26 132
7 67
34 86
111 138
122 183
40 189
14 143
44 61
30 34
115 157
43 107
146 191
144 153
80 145
13 97
10 106
17 153
105 144
93 165
73 106
30 121
109 188
107 139
18 132
93 196
160 192
146 150
75 100
104 193
31 178
1 81
27 184
123 125
36 157
37 156
2 121
74 117
51 78
89 146
36 131
105 194
73 176
44 95
170 175
155 192
54 161
26 189
29 121
57 167
31 80
98 158
23 146
27 144
32 143
146 184
122 140
65 163
100 138
56 186
28 68
17 150
34 151
101 165
119 192
163 173
94 154
141 195
69 152
27 32
17 160
25 158
11 74
58 122
49 69
61 127
47 162
164 178
87 187
73 157
37 123
60 159
137 162
42 49
68 166
45 176
34 114
30 35
18 59
59 141
100 193
168 181
6 94
39 67
151 163
74 83
36 50
65 99
7 65
10 102
38 76
103 176
97 144
5 52
81 106
161 179
114 147
93 190
77 134
61 104
45 111
2 11
101 151
22 46
19 52
40 87
44 50
79 136
28 141
2 57
109 159
52 109
86 151
71 145
161 192
6 118
107 174
0 180
47 176
39 46
30 54
24 174
171 191
132 133
85 138
69 128
161 166
2 131
121 157
35 181
98 178
109 170
112 192
49 155
115 137
1 144
131 179
47 130
25 178
41 160
74 182
69 163
42 78
36 79
102 140
52 184
24 49
40 178
3 27
175 192
7 170
106 174
41 87
178 184
22 152
35 100
8 69
77 145
122 165
115 122
16 153
1 141
38 59
138 159
108 168
156 157
108 175
110 136
91 178
68 154
103 146
24 83
79 108
80 92
14 21
133 134
29 161
122 132
15 23
53 113
19 169
53 79
125 171
53 62
68 162
58 170
49 57
47 98
99 126
7 68
14 195
0 164
163 192
24 53
25 133
67 184
94 173
24 117
36 189
21 104
37 50
63 92
107 160
38 62
25 153
97 122
23 166
150 154
123 186
93 181
100 130
25 68
85 178
103 135
104 169
122 130
10 70
119 183
106 133
51 142
167 182
22 170
163 180
154 195
58 73
40 81
92 98
54 76
52 92
5 129
174 192
53 56
45 101
75 195
129 134
139 144
83 97
2 155
21 49
17 43
12 129
62 196
155 164
33 114
11 173
26 62
31 148
98 110
4 94
68 189
40 76
167 189
147 148
69 170
39 59
108 126
91 158
42 72
1 68
18 32
44 162
48 97
76 114
29 91
29 146
71 78
134 140
64 95
76 142
166 185
26 73
17 81
151 183
39 80
0 189
133 177
38 65
23 115
120 146
81 190
91 160
15 171
26 127
0 4
96 178
24 138
67 120
160 176
38 86
1 40
22 173
56 90
99 100
43 100
137 170
2 166
89 112
118 180
87 114
80 132
12 51
44 170
1 127
73 111
110 111
71 164
17 65
179 191
65 192
96 170
37 64
38 88
70 128
102 181
45 82
101 137
149 161
13 105
65 161
19 42
87 127
92 190
22 177
87 163
179 188
72 136
77 178
53 175
26 89
75 166
65 162
150 189
132 189
1 69
117 165
4 34
67 90
112 134
8 188
64 68
98 184
3 62
94 104
17 63
85 137
53 159
130 139
0 55
26 77
124 178
35 140
51 134
20 68
50 112
21 50
7 135
4 115
135 196
13 84
86 188
56 97
54 84
147 165
35 69
57 187
7 92
111 126
57 64
26 107
13 66
41 165
55 72
23 180
54 60
56 132
109 174
77 107
29 86
8 180
106 193
19 189
25 89
79 173
89 110
42 156
61 131
9 112
19 65
38 78
34 88
185 191
45 99
28 78
108 163
43 55
27 70
12 75
42 46
131 137
44 64
123 187
2 48
86 121
48 159
90 107
157 164
119 139
150 188
66 153
12 55
41 175
97 120
131 163
28 153
39 119
70 120
20 86
47 139
67 191
16 121
6 167
69 100
39 190
17 103
86 152
95 189
67 108
10 89
25 33
32 148
38 159
173 176
142 164
9 189
49 118
24 182
94 121
25 45
28 175
84 196
29 119
59 108
3 10
79 121
100 122
30 82
0 195
137 189
163 185
113 148
105 134
35 61
127 174
69 103
102 116
75 180
28 124
2 6
36 115
152 163
23 139
4 170
125 146
17 88
83 117
0 106
33 161
72 179
68 163
10 42
67 137
22 116
35 173
58 195
160 177
23 54
61 70
65 153
109 120
2 104
43 128
40 190
113 169
10 179
27 153
56 164
128 176
11 19
151 155
56 59
93 152
34 188
15 106
43 194
45 72
54 171
35 52
8 95
21 188
100 178
25 100
187 194
19 103
17 178
75 117
132 147
24 95
3 179
67 115
33 184
121 129
4 106
40 174
16 94
34 112
101 192
75 131
25 77
2 112
31 108
8 153
10 192
4 98
123 170
175 184
81 129
17 188
46 154
70 101
56 87
34 45
82 130
108 155
85 179
43 169
95 193
192 196
94 106
67 158
20 140
85 192
45 192
24 116
87 102
37 51
87 140
13 136
12 184
180 187
25 111
9 60
66 187
88 171
37 118
64 118
8 29
43 91
57 127
58 94
79 144
19 33
39 152
70 142
100 155
57 157
160 181
111 195
6 159
20 71
82 187
112 183
92 124
55 89
95 177
44 160
119 137
153 167
22 165
48 82
24 41
42 140
5 126
108 112
166 171
27 91
21 42
43 119
10 151
16 25
15 127
106 110
5 75
49 178
18 169
17 54
102 195
44 70
135 153
6 181
153 195
18 87
12 93
20 64
117 155
164 193
18 181
64 120
53 61
135 188
87 190
8 70
44 99
91 152
49 61
15 179
73 149
29 82
103 180
55 190
100 143
3 114
92 109
37 170
1 6
25 37
36 168
163 166
67 96
61 162
12 54
20 73
181 190
6 134
117 140
32 99
127 131
93 164
98 147
49 105
13 40
48 139
33 126
77 168
56 145
129 155
49 116
125 173
16 33
116 164
16 192
74 173
101 173
18 84
7 181
25 65
81 127
13 86
19 135
42 173
30 101
133 185
103 173
159 161
179 189
49 135
119 175
40 186
4 159
6 66
70 145
17 140
118 182
82 169
113 178
74 75
181 183
0 127
46 113
87 153
5 70
75 123
20 84
115 154
39 54
93 106
0 102
50 188
56 120
109 118
169 190
38 102
35 185
127 182
52 194
36 52
40 95
53 196
17 129
77 91
11 84
89 136
4 186
31 104
42 118
115 134
38 72
74 152
86 136
8 167
138 174
23 76
87 117
102 174
97 155
72 144
142 151
76 92
69 181
17 120
87 172
15 98
156 168
106 130
136 153
29 129
134 151
106 122
68 175
106 127
23 93
89 187
21 144
33 57
29 117
2 62
62 153
129 185
27 77
63 133
83 156
110 135
102 134
40 137
11 120
68 138
42 160
34 122
1 16
10 95
7 168
110 149
42 158
76 124
173 178
46 144
68 107
44 194
59 121
24 189
155 191
143 150
39 156
1 97
1 170
17 77
50 56
39 170
39 127
71 101
20 193
4 147
16 169
131 157
5 192
65 159
79 90
42 101
99 118
2 177
81 134
32 179
36 164
66 169
24 186
9 21
180 192
1 54
154 185
83 124
23 103
108 187
103 128
92 119
65 71
42 99
45 49
8 190
117 179
28 112
104 138
54 181
24 158
103 154
22 39
72 84
155 159
51 154
141 156
157 160
19 157
65 145
93 115
24 81
93 167
31 52
27 35
104 134
36 40
28 87
112 176
127 172
3 42
1 182
106 116
1 84
33 138
26 176
40 97
71 195
60 73
77 120
24 180
4 11
50 156
28 172
33 83
50 140
41 86
43 58
8 13
81 115
84 195
7 169
164 169
52 138
145 161
8 86
36 87
27 115
24 86
66 166
132 193
153 158
85 115
78 87
23 72
113 179
4 8
87 192
96 104
8 174
7 48
20 49
71 109
104 145
24 153
94 128
8 133
33 191
92 194
147 151
47 163
51 186
24 120
146 165
154 160
111 128
34 137
24 133
158 164
10 113
102 145
60 196
20 154
67 176
37 86
42 121
4 78
118 157
36 51
4 194
152 161
153 194
118 188
112 165
83 174
88 128
22 30
108 189
3 187
9 17
118 169
1 39
41 119
54 145
3 95
17 119
44 51
37 157
146 149
81 187
12 94
88 155
126 155
115 174
46 193
13 186
65 122
86 97
132 159
84 125
27 36
17 50
50 178
52 104
128 194
74 115
170 180
0 15
57 196
71 124
30 129
102 121
24 108
25 67
18 73
27 64
104 108
17 94
35 110
50 98
159 183
107 124
111 177
60 130
60 184
107 195
17 144
11 108
8 14
102 185
62 85
176 186
82 102
52 161
43 135
32 126
52 76
70 137
51 159
122 137
36 133
35 180
66 147
43 109
28 83
43 99
73 133
62 120
22 117
51 151
30 52
9 23
42 176
48 74
101 127
31 195
87 179
51 112
42 76
36 117
12 17
88 107
13 47
35 151
123 138
9 107
106 118
18 79
10 129
157 188
92 181
172 180
162 165
8 124
158 192
43 105
76 78
56 63
109 123
35 62
153 177
128 181
59 139
56 89
4 130
50 181
67 167
86 100
68 152
27 86
123 146
95 104
78 121
120 130
135 146
36 153
61 154
48 106
95 140
77 190
24 126
42 47
17 183
43 101
143 146
29 124
30 169
0 2
84 162
130 170
42 189
141 166
43 179
3 111
24 129
37 68
139 178
117 130
24 28
114 123
55 124
125 154
96 134
107 193
72 163
55 174
144 154
18 71
40 108
116 152
130 160
53 116
45 53
135 173
17 128
106 196
50 147
100 179
105 167
76 141
40 149
13 180
99 105
48 130
79 122
34 85
47 111
38 181
145 191
40 160
62 154
49 170
43 147
45 137
21 100
141 150
13 19
28 120
2 7
95 103
79 186
45 126
75 150
178 181
97 109
53 173
60 78
95 126
100 152
5 160
130 186
18 190
115 189
162 187
78 176
15 112
21 114
188 191
36 93
41 181
2 136
29 87
141 162
88 156
24 93
18 110
72 159
72 189
47 177
29 76
98 136
23 175
150 191
23 168
32 146
99 196
180 182
12 90
50 102
62 179
4 67
43 195
29 54
37 72
12 45
173 190
92 168
44 168
175 195
10 18
59 102
14 149
53 172
143 189
120 159
40 98
39 125
12 121
40 176
52 122
39 57
9 135
98 135
44 89
37 95
45 62
69 196
103 107
138 169
63 173
49 109
141 168
106 142
68 178
46 178
57 91
50 75
41 67
87 108
44 157
15 176
8 116
135 171
25 28
133 172
23 44
103 119
13 139
116 173
90 182
95 186
139 155
2 91
0 146
72 191
3 124
29 193
35 142
48 182
107 179
5 128
28 131
67 103
47 112
101 132
86 195
0 160
71 118
12 92
100 121
168 179
52 166
3 157
99 189
71 130
88 196
88 101
47 50
35 45
103 115
70 195
148 169
103 116
45 146
61 80
92 115
14 85
86 164
76 163
126 133
57 65
35 55
62 171
73 142
162 182
75 115
36 120
9 136
70 133
16 80
186 190
55 128
13 156
82 83
16 155
28 134
5 47
153 180
71 185
23 50
79 140
26 124
14 38
47 132
3 160
91 144
102 162
147 166
67 179
20 32
69 91
13 158
82 139
21 27
5 15
110 178
65 108
46 78
75 105
121 152
21 24
16 48
35 93
146 170
25 151
4 85
69 155
123 126
151 175
154 165
56 122
99 168
47 57
9 88
124 195
49 115
68 150
35 144
13 150
96 144
58 192
54 105
169 193
57 145
68 95
122 144
168 184
95 119
80 194
101 129
47 178
97 168
78 131
150 193
147 158
161 188
50 79
44 53
3 196
90 136
31 121
34 139
38 158
22 111
25 85
46 179
4 164
83 141
73 78
20 138
40 193
43 106
147 185
62 150
65 144
40 41
31 63
57 95
146 193
68 128
129 150
3 104
54 183
97 130
148 183
43 145
86 196
70 90
65 78
109 111
75 77
108 195
63 195
11 42
23 30
30 155
1 173
71 165
18 88
58 156
165 185
112 179
134 182
94 187
128 175
125 174
89 178
30 112
40 62
19 174
98 163
97 135
122 129
122 139
90 118
102 184
22 54
163 189
168 188
109 141
24 54
14 187
41 185
8 79
58 77
155 196
22 192
148 167
13 163
25 26
19 173
8 152
57 139
158 193
172 196
40 45
2 71
146 162
44 66
175 185
9 186
50 54
29 83
92 182
49 54
42 132
23 176
67 140
41 46
87 136
165 189
3 24
27 112
2 145
85 111
52 134
146 147
126 148
99 146
8 65
124 167
98 181
90 157
149 193
8 45
92 183
106 169
34 101
69 156
43 163
55 143
8 66
73 126
150 161
11 187
113 146
97 124
21 40
2 82
10 180
134 146
31 174
52 142
83 187
30 135
101 107
166 177
71 132
9 188
15 163
79 193
102 122
68 117
39 60
81 174
59 188
9 116
63 163
3 82
55 84
20 31
5 61
89 186
62 151
62 170
12 48
25 114
70 149
88 184
125 138
21 60
122 151
41 44
29 191
43 175
65 148
61 151
155 180
76 160
120 136
76 193
73 112
50 118
49 70
133 190
62 144
161 165
49 55
2 95
49 191
61 180
148 154
1 29
83 157
26 114
7 19
9 24
109 194
64 83
64 172
55 74
4 10
72 168
131 135
135 137
100 115
23 122
60 121
38 52
37 85
28 30
148 161
50 62
72 92
24 141
109 145
167 171
43 59
10 69
109 133
37 110
25 156
128 171
124 182
37 111
29 104
189 190
89 142
41 150
89 157
30 166
93 137
67 71
104 178
58 108
148 182
136 176
4 101
35 57
37 52
6 124
138 146
73 179
132 143
40 68
12 82
143 190
139 191
45 153
18 135
80 155
0 101
135 166
6 47
64 156
84 117
33 107
132 153
50 183
128 132
108 177
3 92
5 158
169 187
6 151
2 192
30 132
108 192
46 183
51 176
106 168
88 159
90 188
17 167
146 148
99 185
84 190
67 148
118 190
140 162
70 196
124 141
63 193
36 154
139 167
119 195
49 124
5 174
64 82
153 178
78 83
128 183
24 165
28 105
39 75
81 196
19 178
20 60
21 78
144 169
36 101
16 142
57 93
105 112
136 196
54 169
115 166
58 129
45 189
62 180
24 149
47 119
54 167
2 5
48 53
6 141
131 165
3 171
149 168
108 152
59 73
147 180
14 101
34 180
67 151
24 110
44 116
4 162
13 20
76 139
21 41
23 174
112 120
129 171
45 63
14 166
57 189
14 184
75 156
143 193
58 134
9 159
170 193
30 118
61 107
2 181
19 57
10 120
77 180
5 168
81 183
50 105
132 146
22 67
91 179
72 131
49 51
89 191
16 189
12 108
38 189
87 107
15 71
85 113
79 86
24 57
32 69
101 175
52 105
1 179
58 104
18 102
143 153
16 165
27 90
94 102
83 87
57 103
57 194
48 93
94 194
195 196
30 130
57 132
141 186
74 80
31 59
25 122
9 126
55 153
9 40
60 151
52 145
172 174
63 153
97 179
45 48
84 115
46 109
80 187
33 142
112 186
155 168
121 193
17 169
147 149
115 131
147 187
181 195
86 125
55 168
74 116
0 12
67 142
25 166
88 193
5 167
64 66
128 143
37 169
75 101
24 134
44 136
41 131
96 130
74 158
52 167
35 92
68 91
114 154
19 196
66 106
1 36
54 122
81 111
182 187
129 194
12 104
89 104
89 96
116 138
76 152
3 89
55 173
103 126
1 14
32 77
60 102
35 192
39 164
48 138
159 160
8 177
10 131
63 190
73 158
26 92
154 191
141 159
84 157
145 159
82 119
24 168
148 196
75 193
12 113
163 172
98 165
41 164
38 188
103 174
16 135
69 188
156 170
33 149
3 177
73 86
63 171
134 191
138 139
101 139
24 91
136 167
170 192
31 134
37 167
5 133
118 122
32 163
24 46
101 189
22 92
51 158
46 135
49 71
74 150
82 116
9 57
68 118
47 156
166 180
150 167
4 86
113 177
87 147
6 55
6 148
53 182
12 123
44 193
70 177
16 122
7 112
51 76
37 182
33 180
119 135
121 168
69 127
18 145
18 151
59 133
120 125
2 176
138 190
38 109
9 108
9 55
6 161
4 26
78 152
31 99
9 109
135 152
15 129
124 146
82 164
78 175
16 77
3 98
88 181
95 145
130 141
9 81
114 164
62 148
16 104
33 111
21 97
31 145
44 139
0 153
105 116
165 195
0 122
42 108
131 168
47 100
44 185
54 96
67 178
21 132
5 170
20 81
97 164
80 167
72 124
144 188
141 153
91 96
107 159
56 77
65 82
108 159
131 166
106 151
62 192
112 149
63 123
36 134
0 135
96 154
130 161
11 67
37 185
26 118
14 64
85 129
80 173
47 72
32 178
59 110
90 174
45 130
53 99
47 174
41 144
118 179
94 141
75 112
47 101
48 187
167 181
139 152
81 126
114 132
84 113
23 63
43 141
78 117
39 94
101 150
148 174
12 15
43 133
54 170
146 157
79 137
132 174
5 29
75 76
8 158
148 152
77 166
94 176
44 175
19 141
47 166
94 122
53 65
65 79
81 108
37 65
19 20
28 183
98 189
47 76
82 193
76 186
56 136
21 59
64 112
33 72
130 157
90 119
52 56
51 107
29 156
73 183
33 175
7 97
28 162
94 167
8 57
158 187
76 102
38 153
61 102
133 136
11 148
95 142
94 139
69 114
14 51
99 106
40 182
19 181
9 61
16 111
107 134
22 188
4 63
80 104
33 165
50 121
117 137
109 154
6 44
3 55
99 170
89 153
74 130
84 106
85 154
106 143
94 113
33 135
48 85
19 193
70 97
119 155
12 25
16 105
37 126
3 43
10 11
138 158
92 185
94 178
89 151
6 150
19 88
88 126
122 150
110 166
18 153
156 176
37 66
92 127
144 165
104 141
79 116
9 169
0 111
136 152
111 137
122 127
125 195
133 137
153 170
36 97
128 137
70 132
83 144
56 167
12 66
104 115
167 187
112 171
106 156
94 124
110 117
42 97
55 102
116 178
111 181
79 142
175 194
106 141
72 123
0 71
52 95
12 162
52 112
86 88
59 170
9 168
80 189
26 76
75 143
137 139
155 172
54 102
63 95
20 33
46 63
33 154
56 110
26 141
121 142
44 45
25 121
143 152
95 110
125 126
22 120
184 185
13 34
28 71
170 179
56 71
70 191
65 157
36 146
80 149
40 181
7 161
191 192
3 94
100 164
132 184
144 157
44 54
83 105
69 164
51 52
53 162
122 153
1 177
33 96
146 189
88 103
23 181
53 124
148 185
11 166
119 190
10 185
56 154
144 178
180 190
46 131
150 183
46 85
33 176
60 70
71 139
75 147
133 142
19 150
60 133
24 26
23 111
46 133
98 141
106 135
157 168
61 169
38 113
8 16
60 171
72 81
167 192
71 166
2 45
30 116
62 159
42 96
165 175
16 180
111 112
6 156
144 150
55 56
81 170
22 137
96 153
64 103
38 114
19 118
171 194
68 192
12 87
93 172
45 187
36 47
90 111
131 193
27 128
6 56
6 42
88 115
79 92
57 107
159 182
121 180
1 73
7 89
11 23
27 34
33 155
0 138
108 188
66 129
55 175
93 179
105 190
150 151
71 106
88 119
22 130
154 180
18 180
125 180
6 85
23 88
41 69
27 31
40 88
1 28
121 131
110 118
30 188
56 111
74 110
25 30
38 183
46 167
50 127
11 103
88 177
16 101
12 106
40 96
113 132
33 170
41 100
99 132
34 152
84 178
91 105
9 137
47 125
53 98
96 101
109 142
97 100
101 191
69 175
97 116
61 183
105 140
75 165
31 140
59 91
24 130
72 145
37 163
46 186
117 148
86 160
78 137
71 95
59 181
7 35
13 117
83 102
10 133
32 39
91 174
156 162
130 147
42 91
162 170
2 191
22 167
11 175
62 76
48 77
15 105
32 132
34 119
28 89
94 99
8 25
7 118
11 188
81 88
41 55
95 122
64 192
104 172
121 145
97 133
57 96
76 100
35 87
51 127
31 120
2 65
28 116
19 129
49 182
5 28
79 97
102 182
93 189
169 180
50 191
18 44
14 104
16 193
60 71
34 47
43 158
30 196
19 171
1 21
18 167
22 85
1 44
44 155
56 168
76 133
59 119
16 22
96 176
17 127
142 159
17 49
105 114
16 87
105 142
63 181
16 126
53 122
133 135
120 124
84 146
152 160
177 183
42 89
47 179
26 78
38 63
134 156
37 88
0 94
5 60
66 186
2 100
30 134
47 154
8 178
83 192
84 88
28 173
12 32
31 65
6 189
40 83
1 101
58 157
59 196
66 68
107 120
60 178
119 151
7 144
145 172
82 179
20 166
45 129
65 131
113 130
34 71
159 193
67 109
12 165
92 188
19 146
89 169
36 184
95 141
29 116
66 100
11 153
49 140
54 106
49 86
78 120
64 145
92 97
135 168
118 152
36 191
101 162
19 83
5 149
12 176
85 91
122 155
125 148
101 160
118 147
62 181
48 59
96 124
41 163
62 82
67 75
63 150
62 140
54 117
22 178
137 151
17 24
21 29
24 52
22 60
154 187
30 175
16 154
11 33
2 128
18 104
14 135
77 103
21 155
18 82
120 186
68 133
8 148
38 120
161 164
38 157
64 121
57 130
31 181
25 31
20 51
46 89
3 33
53 192
10 43
2 110
51 171
14 123
28 101
142 145
31 127
17 27
112 184
154 170
72 171
105 151
65 171
27 51
29 160
1 134
72 78
24 45
13 67
88 99
52 136
73 122
16 123
64 181
144 158
59 100
149 158
37 76
29 102
57 74
8 126
143 194
149 186
7 167
106 148
181 185
26 187
41 108
102 144
156 179
65 91
9 82
18 164
43 80
51 64
55 100
98 179
73 98
51 138
14 48
89 132
7 18
74 140
12 179
44 118
98 108
59 195
82 186
68 149
8 87
23 118
9 147
52 80
65 138
179 190
100 103
18 156
123 132
165 176
30 73
24 190
52 189
7 72
40 168
159 169
139 157
97 151
8 93
3 188
91 183
0 84
58 92
91 166
63 157
0 69
22 118
7 150
38 82
17 113
6 122
15 60
109 160
55 86
90 126
110 133
72 95
55 139
40 167
4 160
38 115
10 52
36 60
80 98
30 39
12 44
71 108
90 93
76 179
26 131
37 166
109 186
57 154
13 73
64 81
60 143
17 45
49 130
75 124
6 18
126 194
167 191
44 195
62 97
52 192
5 172
31 126
71 153
29 123
62 70
68 183
61 124
9 167
15 110
53 75
73 182
77 163
68 86
100 181
31 180
4 41
32 113
4 124
16 112
26 96
43 171
84 137
26 181
137 145
19 183
111 159
51 86
100 196
5 77
121 176
143 163
41 186
78 116
16 38
10 58
24 84
116 120
128 190
25 76
113 139
62 134
41 118
114 158
87 134
9 194
0 178
85 98
59 186
65 177
41 85
0 14
40 49
51 83
51 177
21 69
111 115
110 189
3 146
16 115
97 193
10 28
15 33
108 164
113 160
144 175
6 67
24 32
13 70
10 79
0 170
111 162
54 71
3 54
120 183
36 108
125 133
46 57
15 156
87 162
92 104
65 90
116 133
135 192
77 171
45 107
15 27
2 103
36 138
40 93
151 157
20 37
134 135
142 144
142 157
24 59
130 144
62 127
62 152
50 126
18 123
122 172
80 130
109 192
162 173
13 24
96 187
144 159
112 126
32 109
12 38
47 77
88 167
95 136
58 187
133 161
20 89
20 164
25 135
10 60
26 150
18 163
121 177
159 173
36 54
67 74
143 169
13 112
32 63
78 101
56 66
124 158
83 114
30 136
127 178
23 79
9 146
2 184
135 158
62 73
127 134
146 179
5 117
185 189
92 151
113 157
42 88
51 190
18 193
91 122
119 152
6 23
42 112
81 176
126 145
17 97
80 166
10 83
53 81
82 126
2 79
143 148
58 162
11 41
49 67
47 117
38 51
122 175
47 94
55 181
41 139
38 79
173 182
74 82
39 83
49 139
10 97
123 153
18 121
25 80
7 139
60 138
19 30
72 190
132 183
19 145
23 45
83 154
135 187
75 89
40 80
126 184
32 62
55 110
169 181
3 189
80 90
121 166
57 156
83 111
159 189
0 165
53 137
80 126
31 192
11 46
58 181
57 126
7 56
96 109
24 125
69 98
68 97
59 185
182 190
98 117
105 191
100 146
154 192
154 184
26 162
48 99
31 161
64 152
41 72
42 61
15 20
96 193
41 133
141 158
109 119
21 179
115 185
129 148
51 72
12 193
106 137
58 61
93 147
35 194
110 139
50 177
39 140
69 130
75 173
118 162
77 108
32 73
155 185
32 70
49 127
42 146
14 183
64 178
151 172
39 99
44 137
3 156
79 107
11 128
90 160
163 165
11 134
23 73
32 50
172 190
17 109
140 147
40 134
108 182
14 98
21 193
88 178
5 79
18 112
153 165
88 125
7 81
24 99
125 160
133 184
84 118
15 79
12 118
55 117
173 196
69 129
158 196
48 136
149 154
33 131
36 89
66 108
47 91
43 115
104 181
58 128
64 116
11 39
121 191
130 142
5 37
95 138
38 57
60 85
118 140
41 151
112 167
69 139
70 107
55 158
1 149
133 166
91 172
26 60
115 188
0 11
11 172
118 192
25 190
117 126
5 166
56 165
1 3
29 118
56 75
60 136
57 119
60 165
33 92
45 163
41 88
80 109
52 121
147 190
63 134
56 135
58 100
69 143
5 8
48 142
71 193
49 150
138 164
18 186
55 191
152 165
102 176
17 187
85 99
2 12
21 135
50 66
16 124
104 151
30 108
89 102
66 142
115 130
72 120
18 134
36 180
21 95
160 165
102 126
175 190
122 160
18 28
91 136
41 105
2 58
56 177
79 190
39 115
11 45
0 80
91 92
14 73
87 124
115 181
121 151
99 179
52 150
75 185
151 158
45 85
127 143
25 94
13 173
69 125
0 181
97 154
6 164
44 138
53 185
57 183
136 163
101 193
16 64
80 164
35 183
102 188
158 186
36 129
18 191
88 147
85 150
7 46
47 169
86 96
117 135
121 189
109 112
104 122
91 170
78 134
1 61
19 166
47 69
70 148
9 49
48 192
6 173
12 143
7 69
99 145
128 160
116 144
99 173
14 147
25 180
73 129
146 194
181 186
55 131
6 7
6 170
123 172
21 176
51 97
132 175
21 38
42 73
14 189
64 114
160 175
13 36
132 158
23 144
10 62
97 183
98 99
61 110
176 179
102 152
58 98
158 194
64 73
42 169
17 173
96 157
114 185
44 52
105 162
32 194
9 118
142 183
128 185
39 53
6 194
76 192
1 50
72 184
94 116
107 108
66 162
44 71
17 138
8 151
95 191
133 155
44 140
125 163
48 196
158 184
5 121
45 117
44 151
41 113
0 149
57 151
88 140
70 108
19 55
112 143
88 105
73 146
56 123
34 95
111 166
132 148
13 81
10 184
7 115
6 75
71 175
13 68
9 173
121 156
86 94
66 71
56 172
79 82
89 137
27 164
82 93
32 95
13 184
78 95
27 167
23 182
40 152
120 160
71 177
48 162
168 185
71 81
33 181
117 139
20 163
23 167
117 167
27 147
51 119
22 184
111 114
147 181
74 191
35 116
22 62
82 166
57 190
102 113
117 170
57 195
105 132
62 186
1 168
40 119
9 129
73 162
29 112
19 49
56 83
10 96
163 184
8 19
164 166
84 161
25 49
117 190
22 190
150 163
84 166
71 155
26 38
83 193
77 173
110 122
114 143
21 63
60 168
12 88
11 183
10 72
97 187
102 193
35 102
7 98
30 42
135 143
30 183
21 167
120 137
99 169
136 184
137 194
163 187
81 151
62 93
57 165
50 167
43 61
104 128
48 76
161 182
80 186
76 132
83 94
15 41
19 36
71 162
4 18
55 123
171 182
130 178
19 105
14 175
157 179
113 144
34 67
10 157
150 181
14 23
1 116
19 131
11 22
53 151
118 156
53 73
14 152
39 182
81 148
1 112
73 87
37 162
76 195
93 187
2 73
73 151
135 167
120 162
18 159
4 87
119 158
16 191
77 117
51 105
12 107
27 65
151 164
82 172
32 116
9 141
22 61
38 75
86 184
7 32
65 66
28 103
8 119
11 98
104 132
56 95
38 165
4 167
17 40
90 168
168 174
49 97
11 88
37 97
125 141
75 86
183 184
38 145
104 109
34 173
49 134
20 101
35 50
158 189
148 188
155 190
61 137
154 182
39 107
30 123
104 110
28 65
36 80
26 126
8 118
3 176
96 114
42 68
153 157
52 120
32 191
65 158
30 190
133 191
101 123
36 53
28 113
46 61
30 172
87 168
49 176
157 174
122 136
1 108
119 163
43 143
127 181
47 88
58 69
111 113
100 167
60 194
33 134
105 145
123 156
58 107
55 114
90 130
90 179
121 158
3 184
0 42
0 5
105 141
25 168
38 74
49 141
159 191
29 98
53 130
22 81
92 163
2 138
140 177
73 160
178 187
18 152
61 119
65 146
82 103
49 167
28 61
51 126
31 100
5 33
90 162
31 32
63 66
70 71
17 30
59 104
91 135
113 116
109 176
93 121
4 44
15 40
85 133
43 103
120 191
42 81
137 181
14 167
42 114
17 62
21 85
132 157
9 46
2 132
91 163
63 124
82 170
14 125
127 192
37 165
65 147
49 194
148 166
26 39
147 194
92 95
29 189
30 152
38 142
159 171
3 52
49 152
13 64
58 189
145 175
163 174
49 53
127 140
28 133
64 80
97 137
0 184
57 147
47 65
133 192
45 173
16 67
65 132
4 90
141 185
58 193
18 187
62 95
41 167
19 79
69 78
55 82
125 143
119 171
27 114
70 74
5 14
155 182
16 50
96 112
33 106
69 178
58 117
20 132
76 181
46 163
57 111
27 37
29 128
38 64
145 165
36 48
64 87
33 120
2 37
81 135
43 153
118 155
82 155
85 159
10 116
142 163
0 81
166 196
58 178
100 192
52 147
32 129
3 166
3 192
77 156
37 42
111 117
105 146
136 170
27 130
62 174
38 55
132 140
15 140
1 174
3 143
81 182
12 98
113 176
41 53
178 180
136 158
1 93
116 193
87 142
15 125
63 104
40 57
145 184
77 85
58 124
18 184
32 81
31 90
3 186
45 158
36 113
18 129
33 119
31 37
32 36
127 186
50 58
137 176
80 190
0 35
22 182
67 180
10 130
41 143
104 111
11 171
73 119
13 115
125 184
156 185
6 77
22 151
16 42
105 130
99 147
129 191
22 78
116 159
39 160
39 157
116 127
69 112
35 37
93 177
101 111
66 112
45 97
25 186
158 191
39 130
112 138
141 179
114 145
140 142
42 124
105 128
62 112
36 147
33 75
92 155
3 28
130 146
73 169
3 107
60 97
60 191
91 101
172 176
42 142
46 55
144 196
118 119
105 160
118 151
26 171
57 108
22 66
41 178
22 153
30 47
50 93
170 185
51 65
37 83
115 128
75 158
74 157
154 162
14 77
56 160
152 156
96 110
43 57
8 94
153 175
64 180
55 94
172 175
64 65
37 115
44 79
102 167
66 110
24 82
107 148
55 122
61 122
87 145
92 196
140 172
92 193
134 181
41 106
61 149
11 77
29 131
5 162
139 151
121 127
100 186
149 173
5 181
122 178
57 179
18 131
30 181
73 117
3 119
70 138
0 68
64 70
25 152
98 192
33 85
19 45
112 150
13 187
125 150
37 106
111 174
42 167
84 141
99 177
144 166
104 144
76 175
99 125
13 111
7 176
91 111
16 118
34 120
53 181
125 137
6 41
54 123
44 166
30 111
39 146
29 154
29 153
7 82
50 189
71 170
130 158
108 115
48 181
27 46
41 128
9 94
92 179
52 63
98 161
76 143
154 188
55 92
27 149
33 45
70 139
165 180
88 179
11 89
180 185
104 126
110 150
54 156
106 149
27 186
111 155
95 144
107 163
90 108
57 158
76 188
76 178
36 121
122 125
66 130
11 115
16 179
35 88
24 40
83 98
1 121
159 179
134 164
40 50
53 63
76 97
48 167
65 87
33 40
19 35
26 29
83 178
85 131
51 115
40 75
47 147
57 169
33 38
98 175
34 69
49 177
6 128
56 169
141 164
26 151
102 124
71 112
57 138
29 65
48 52
93 133
50 101
94 134
5 136
29 62
38 54
22 155
7 59
91 149
32 94
94 103
62 131
10 143
130 145
23 53
43 67
35 134
102 130
110 173
33 140
35 122
39 159
34 89
31 165
27 140
52 149
18 144
40 113
70 112
8 82
47 80
70 161
67 163
13 157
46 69
73 144
35 63
84 177
117 160
59 120
36 163
126 135
44 171
59 172
99 111
46 121
15 115
45 174
81 167
46 65
124 175
112 141
22 88
23 51
47 149
38 44
102 178
49 190
58 60
136 164
98 196
35 56
10 111
88 113
87 135
23 150
11 117
74 125
82 144
19 39
116 141
8 74
42 194
115 196
80 99
121 139
107 157
18 171
92 141
137 148
99 141
154 164
104 161
71 191
29 171
120 196
17 193
157 190
119 154
19 60
94 191
139 141
105 126
155 170
78 130
15 190
11 145
37 137
157 165
22 35
23 99
93 174
109 136
112 156
48 188
95 111
111 185
12 137
65 94
36 190
0 90
86 180
10 13
23 171
39 61
20 35
25 134
28 47
48 122
12 151
51 163
136 139
36 62
124 181
65 118
3 17
34 145
31 138
79 191
171 179
174 184
129 141
31 47
20 21
30 105
97 170
24 44
45 84
44 132
21 61
91 123
86 113
28 67
132 138
103 195
119 166
36 169
45 75
23 133
85 144
34 172
113 114
11 86
118 154
185 196
146 188
59 136
8 182
51 175
64 182
60 147
30 122
49 68
13 159
16 31
21 33
140 159
46 51
124 180
68 109
96 121
78 109
1 175
75 93
79 184
114 173
116 174
58 158
61 144
16 37
133 174
80 146
96 184
45 144
19 177
9 26
20 118
39 169
32 169
96 156
11 94
30 177
86 170
91 120
98 146
98 138
39 142
104 184
37 142
78 81
49 114
65 185
52 69
55 119
169 174
115 119
178 196
32 111
23 33
85 103
84 164
66 97
89 98
31 130
34 183
54 72
74 156
31 74
106 194
74 166
85 109
61 67
103 169
36 71
12 68
34 58
23 161
3 145
2 147
2 47
12 115
15 89
89 182
63 125
31 151
136 190
9 62
72 74
27 108
50 61
84 85
69 83
9 50
54 78
39 139
26 149
55 137
18 98
96 138
29 186
53 105
112 137
72 99
32 93
50 92
129 182
50 85
5 163
13 94
153 187
9 72
49 125
17 78
17 171
31 118
62 163
65 98
156 158
72 88
8 113
84 142
16 52
142 147
21 77
20 58
24 164
20 76
1 31
38 132
175 181
72 113
164 170
104 154
0 44
30 95
126 191
136 159
74 169
93 130
88 180
72 102
15 122
130 138
55 63
19 167
21 196
138 172
28 70
25 129
13 168
21 89
40 66
100 101
96 190
119 189
175 183
100 147
147 167
149 164
12 139
130 171
32 40
41 48
7 107
43 79
62 147
129 192
25 87
86 89
152 191
78 158
99 166
115 151
34 68
48 71
47 103
84 193
19 162
12 161
43 181
115 164
1 17
81 90
29 39
2 119
82 162
97 166
96 149
9 132
142 154
82 180
84 145
30 107
30 173
2 50
111 140
86 154
114 127
20 56
144 152
33 150
130 168
18 93
87 186
104 119
116 166
126 175
67 149
125 159
66 137
66 178
10 63
62 86
54 55
150 182
107 188
112 189
92 178
20 155
140 144
98 104
79 110
23 26
123 183
58 185
22 100
7 8
61 111
61 126
67 161
14 171
126 127
86 148
11 52
24 148
73 90
48 118
77 172
3 16
156 167
102 148
42 178
114 177
46 107
84 140
17 148
8 176
25 164
100 110
165 168
118 158
79 165
56 102
107 145
48 172
66 125
104 147
10 68
77 122
82 109
79 91
38 128
91 103
117 196
12 192
99 161
43 170
131 139
14 161
44 165
106 190
8 117
85 102
57 175
90 113
151 195
13 65
141 175
173 186
123 174
91 127
152 180
10 144
121 185
45 159
32 83
52 195
89 161
73 103
68 146
13 131
70 113
68 99
30 81
28 138
45 149
35 139
37 56
151 194
46 94
74 112
1 161
84 87
132 172
22 84
4 169
20 88
73 135
87 167
30 120
106 181
16 18
19 185
127 168
183 195
63 196
27 163
50 164
13 85
71 167
8 172
49 126
46 156
65 114
72 73
3 79
109 183
63 186
70 83
39 129
50 110
36 136
138 194
149 162
9 19
20 65
134 188
113 181
110 147
40 47
7 85
56 91
68 102
50 95
22 113
80 139
106 113
136 148
47 129
98 153
133 175
39 148
38 131
108 158
6 111
60 176
107 182
111 194
64 122
177 191
112 116
24 47
52 152
163 168
24 106
26 123
27 61
5 66
57 101
44 65
81 117
13 119
26 136
3 32
39 110
153 172
126 154
73 114
6 38
51 160
1 74
71 77
32 121
143 192
64 185
35 91
59 169
14 163
21 25
25 93
39 173
130 190
28 43
25 115
78 112
43 125
146 155
49 185
88 143
75 153
34 49
4 28
1 23
24 66
28 123
75 109
11 193
11 12
70 186
33 127
10 19
29 95
111 164
160 195
27 187
65 143
80 134
1 187
15 31
79 104
57 159
163 164
46 47
8 88
94 182
125 144
68 123
79 148
137 138
48 194
132 179
39 120
101 186
87 193
44 143
27 143
33 101
42 64
35 195
28 93
75 196
15 182
134 161
16 163
5 179
23 152
117 182
144 186
165 173
132 177
70 193
124 190
31 55
56 159
73 175
26 68
109 181
5 84
96 171
45 164
96 192
135 150
30 148
17 86
132 182
63 164
6 37
23 134
20 41
114 149
31 157
89 134
42 162
76 105
29 149
12 49
144 173
29 35
40 120
8 99
13 18
5 72
89 155
9 11
68 148
92 165
33 190
30 104
50 107
12 36
21 88
27 85
91 151
33 100
20 124
24 103
39 91
72 79
58 143
90 133
106 159
4 166
91 147
26 100
38 147
118 133
32 58
116 196
38 80
77 82
2 34
152 172
109 152
93 109
38 118
66 155
35 179
58 133
7 12
71 113
8 104
148 177
12 170
20 122
111 176
14 144
131 146
136 178
7 119
27 150
24 127
164 175
5 50
18 117
72 114
55 184
45 46
47 106
0 133
7 37
104 166
22 41
54 173
63 158
48 131
19 190
27 96
7 180
121 181
70 169
64 74
33 65
32 149
157 167
3 93
67 153
118 149
132 166
73 79
57 164
9 38
48 137
36 118
45 147
75 116
78 160
166 169
63 73
50 103
24 92
43 46
180 181
172 193
73 148
29 130
60 115
58 160
36 178
55 146
32 54
4 92
142 161
97 157
134 162
33 185
120 166
135 136
85 89
82 122
35 84
5 124
25 97
39 131
8 169
34 160
11 181
10 188
24 29
131 167
73 137
36 45
46 162
35 138
70 72
89 173
137 157
19 179
32 47
66 119
5 68
32 66
48 146
43 152
13 77
3 63
1 79
42 58
43 94
148 181
19 130
80 147
32 61
81 161
127 156
64 124
15 161
29 168
95 165
31 110
68 77
153 161
50 165
5 85
133 187
126 159
39 163
169 184
12 181
174 191
116 158
32 67
22 101
117 128
40 112
39 167
17 29
21 48
18 192
50 137
97 128
111 180
27 73
31 144
41 176
61 174
13 133
4 188
70 124
33 187
4 74
52 187
18 122
72 195
10 122
39 58
4 116
21 116
80 97
121 171
33 88
17 143
116 155
2 29
132 171
30 76
27 84
65 88
18 157
91 94
36 99
59 117
123 124
81 145
63 187
67 116
20 109
66 193
1 126
52 72
133 169
5 26
110 193
129 160
46 137
72 148
66 152
80 106
74 167
54 92
47 110
77 84
22 52
32 141
7 79
120 173
66 72
2 31
40 146
44 88
112 121
53 95
113 154
18 194
50 64
4 114
43 117
162 174
54 87
71 122
85 165
69 137
82 183
80 163
38 119
35 161
40 91
136 166
78 154
49 65
70 155
126 150
63 78
29 110
38 174
50 161
118 170
92 102
9 145
7 157
27 44
32 108
76 158
62 141
3 38
84 134
95 124
9 36
130 135
30 154
32 162
14 142
60 110
119 185
79 154
27 160
107 184
8 179
21 163
94 183
67 91
120 128
46 100
1 176
111 196
51 73
47 140
23 64
173 189
4 47
67 119
57 184
126 130
149 177
37 124
82 141
4 56
35 95
54 115
125 153
36 56
8 18
10 40
31 160
29 134
2 146
145 167
23 59
16 150
163 193
165 188
109 162
120 174
18 43
59 132
34 82
48 108
59 78
153 183
67 172
91 191
5 110
35 72
19 93
111 188
119 187
30 138
89 129
153 171
155 188
122 164
62 191
77 99
134 159
55 193
44 108
101 190
47 183
27 157
15 177
93 194
153 155
47 90
25 90
59 112
30 83
10 189
38 175
53 169
6 169
123 158
0 192
109 125
96 195
10 153
2 15
75 182
59 142
98 107
20 169
54 174
22 142
154 176
80 177
36 116
29 72
92 162
89 103
75 168
29 148
46 70
91 104
111 122
1 82
73 136
113 168
70 118
27 80
26 178
90 177
26 134
176 189
100 163
58 82
19 155
106 172
133 168
80 154
67 150
70 117
52 83
27 195
119 168
28 109
2 180
86 108
170 194
138 187
130 152
142 172
101 140
60 188
18 24
45 71
134 177
0 63
83 194
28 190
13 190
48 78
0 88
141 151
2 83
141 188
100 125
102 141
25 120
32 152
55 104
3 102
109 115
6 102
55 79
115 145
55 69
29 136
120 131
2 105
72 76
124 176
2 67
3 168
40 55
47 89
73 161
15 142
21 165
19 46
111 116
125 142
105 163
83 103
55 187
28 110
76 104
116 140
59 106
93 156
17 131
8 107
80 160
70 104
46 53
34 36
17 84
69 110
37 147
2 120
23 57
24 88
82 153
67 107
21 166
54 103
20 27
106 175
37 138
79 88
43 120
83 99
52 139
109 168
118 163
33 108
89 150
105 135
50 182
143 160
32 46
130 143
91 188
88 164
4 178
114 138
94 148
18 101
12 145
95 188
8 138
68 113
45 125
111 153
82 143
16 157
29 176
146 192
53 140
64 109
126 192
118 189
21 26
58 74
36 102
90 97
45 78
6 10
92 195
101 138
67 101
143 177
122 148
40 164
48 151
123 175
60 95
78 185
155 161
9 71
6 127
3 60
17 196
116 190
123 139
74 133
11 169
155 184
4 163
89 91
117 142
44 94
15 185
77 183
71 134
51 96
95 127
63 111
55 178
28 149
6 149
64 186
28 57
80 151
61 179
9 25
62 183
63 135
93 160
26 65
2 106
124 126
97 158
161 175
57 170
12 91
63 115
74 168
72 192
92 114
44 133
22 176
47 180
84 151
37 82
56 189
87 93
146 171
7 27
19 187
45 76
6 160
149 181
80 120
22 27
43 162
41 132
31 102
31 159
15 117
24 51
0 7
101 161
126 166
8 164
11 73
15 189
30 133
52 64
19 98
42 52
9 14
56 187
97 186
62 143
86 133
141 144
43 189
42 53
123 166
46 102
95 120
2 173
63 189
44 98
176 190
19 159
151 152
50 117
47 153
11 157
85 105
135 190
134 157
173 174
25 81
51 162
60 156
101 153
60 173
53 144
142 190
74 148
26 47
130 165
126 134
77 137
3 141
177 190
148 155
156 164
22 94
44 107
15 70
46 126
87 126
5 53
123 152
61 143
35 112
3 118
45 139
40 106
61 71
4 128
86 144
137 182
123 164
30 78
95 158
140 187
95 131
29 140
140 152
23 108
97 123
24 94
108 111
31 173
113 182
90 98
43 159
64 79
48 185
122 191
108 141
59 184
127 158
74 145
17 149
55 121
79 105
0 30
20 188
6 78
81 104
61 116
131 170
78 97
5 151
14 88
58 163
122 179
66 185
21 111
186 193
15 158
36 143
1 8
131 153
32 79
21 127
133 165
80 144
57 129
146 173
135 140
64 108
3 113
81 164
134 141
120 155
118 150
13 15
103 163
18 109
33 183
128 180
98 180
152 175
13 37
81 123
88 129
126 137
39 113
53 179
44 60
2 35
25 195
42 111
39 174
21 23
163 183
15 58
69 93
156 163
14 121
20 117
40 53
117 189
185 194
10 141
24 90
11 82
84 135
18 168
4 57
9 58
87 161
6 25
70 80
135 147
103 187
103 106
37 46
105 170
7 105
110 158
49 104
51 156
18 49
97 146
102 153
41 66
138 183
73 82
111 136
41 71
149 170
46 112
23 97
170 183
21 145
49 74
115 170
12 14
106 134
116 139
39 179
93 100
20 104
59 134
113 125
140 193
59 129
27 93
37 146
111 160
79 131
17 48
19 188
108 134
68 83
52 124
137 160
9 196
57 144
45 134
81 100
118 173
35 36
172 185
38 177
96 132
31 177
5 146
68 112
23 34
110 174
37 184
70 76
114 174
37 140
152 155
33 166
101 102
136 141
73 150
36 72
101 145
80 135
84 124
146 175
95 146
44 119
3 45
2 41
9 193
55 71
128 195
25 64
65 134
14 60
30 146
14 132
11 190
66 138
67 86
56 161
176 181
49 98
90 147
86 104
20 181
33 193
179 194
119 161
96 105
66 86
20 85
36 161
16 183
78 142
33 145
74 132
2 161
39 171
40 78
91 148
71 144
15 174
34 166
5 67
93 132
69 158
54 143
35 177
6 147
75 155
58 174
97 192
71 146
59 84
110 191
114 162
20 149
35 129
101 148
19 168
51 187
16 81
139 154
129 174
68 114
2 26
10 22
99 144
0 74
98 183
10 132
132 194
50 83
37 87
38 137
51 167
122 173
13 43
115 132
22 171
26 55
7 194
14 52
27 100
150 194
33 55
127 163
35 46
64 168
92 145
23 153
151 181
132 196
95 132
177 189
106 109
110 156
63 127
14 154
78 188
119 129
100 142
4 141
97 163
51 124
145 183
44 127
147 153
29 184
0 41
19 102
53 152
34 170
120 177
136 193
48 60
145 192
7 52
76 94
56 139
40 140
108 165
153 174
27 29
106 157
23 151
3 108
30 44
0 73
12 69
42 54
88 97
36 192
35 146
27 120
16 29
88 118
35 75
51 100
70 182
12 80
31 61
9 80
75 127
32 119
36 77
1 186
92 136
6 152
8 120
20 80
47 151
105 147
58 71
36 43
36 39
83 181
74 105
9 47
74 183
139 180
8 137
5 39
153 163
9 83
9 103
155 195
16 92
99 191
140 170
15 21
52 125
38 110
88 121
33 90
1 178
29 41
31 45
43 174
28 127
9 29
53 184
65 84
55 170
25 108
26 34
76 79
87 128
89 144
192 195
179 185
64 130
101 184
63 86
140 171
54 172
79 187
105 125
91 189
32 137
41 137
129 159
155 179
28 157
156 166
140 188
73 85
19 56
30 139
34 177
38 73
77 115
59 151
40 92
51 184
52 176
94 95
26 56
106 179
114 116
15 26
21 107
158 160
26 66
3 15
34 63
31 105
56 74
142 180
36 124
145 195
98 155
0 139
122 195
13 174
129 168
57 88
11 167
21 84
70 162
165 190
43 53
122 126
45 148
12 24
74 111
119 182
36 94
23 154
86 166
64 90
111 158
127 185
52 144
33 42
47 146
75 169
72 111
48 107
148 187
120 178
59 60
15 152
9 44
22 121
54 191
159 167
35 132
11 99
144 192
50 172
68 81
17 177
5 122
4 192
76 118
167 180
70 116
6 182
97 148
29 137
148 186
45 141
26 194
80 115
24 35
17 56
6 79
8 166
169 196
78 153
9 65
112 142
37 125
122 181
26 64
46 86
20 148
14 94
149 183
19 153
23 129
48 61
66 79
58 182
90 120
91 185
145 147
38 160
48 115
42 145
49 143
91 142
14 158
8 23
53 176
71 133
115 172
138 191
12 190
21 94
108 149
60 96
77 161
50 65
68 124
52 156
27 131
61 87
2 165
47 70
15 150
42 71
92 108
16 53
3 194
12 120
98 150
52 155
72 180
136 162
61 86
15 57
81 84
110 154
12 33
147 161
66 74
88 160
24 27
20 57
108 128
100 131
15 104
8 150
67 193
142 175
76 168
153 190
21 80
49 171
182 195
58 79
56 79
85 141
152 170
54 185
51 54
55 130
27 98
105 168
0 99
139 188
1 9
64 150
42 179
26 153
8 10
72 87
26 105
115 167
45 77
8 106
10 86
55 152
3 130
44 115
6 137
8 46
58 171
41 102
44 69
2 78
4 143
44 112
29 143
77 191
141 171
82 151
156 177
38 47
93 182
89 143
92 93
37 116
40 69
26 87
124 189
35 163
107 147
2 185
78 100
89 162
125 170
61 182
44 114
176 188
107 114
103 125
101 105
87 118
133 158
102 129
89 100
45 104
143 149
118 132
90 169
60 144
70 190
131 155
130 137
15 195
89 93
57 182
9 178
40 61
28 79
51 53
5 103
141 173
52 93
37 152
122 177
132 176
42 175
62 135
8 67
7 177
80 118
86 90
80 196
121 154
32 114
52 55
35 157
35 121
86 91
10 23
104 194
24 87
126 174
32 195
38 94
149 160
115 173
69 99
17 66
60 126
8 142
48 157
28 163
56 178
17 33
58 186
0 123
11 59
3 163
21 91
9 121
29 63
10 34
90 99
5 180
8 109
112 157
174 189
18 106
79 83
66 96
31 103
61 134
21 190
124 187
17 122
88 108
103 168
103 112
116 184
7 175
56 181
40 56
27 154
84 165
163 190
69 111
32 42
107 143
130 195
117 164
45 98
67 135
54 104
82 190
102 107
11 179
142 143
32 97
36 61
31 115
89 95
57 89
10 16
61 105
39 117
77 154
51 109
36 88
132 155
8 90
66 116
71 90
70 174
46 77
164 182
6 87
29 70
72 90
41 77
100 180
27 111
78 128
1 13
86 127
133 178
21 90
84 175
96 162
169 170
32 117
30 189
161 189
54 77
43 113
63 109
120 179
0 97
64 148
37 92
11 104
25 56
101 194
28 130
117 169
6 31
58 96
12 72
98 174
73 190
81 157
10 36
34 103
6 121
64 189
60 82
86 106
147 152
3 101
94 174
41 155
61 181
79 126
45 92
18 34
33 194
60 74
54 133
5 113
122 133
3 20
63 90
120 134
111 172
47 191
26 173
98 143
4 83
19 67
119 128
10 56
8 17
84 109
13 17
47 136
37 44
8 191
95 184
144 184
85 170
5 73
47 124
103 157
27 106
152 187
89 165
27 113
3 127
26 46
90 158
124 132
106 171
4 181
26 109
18 174
1 91
39 111
55 134
19 63
36 132
103 143
14 155
15 72
1 85
93 183
144 195
106 120
30 58
43 121
43 193
99 117
143 191
13 143
146 181
55 107
95 128
84 123
134 173
33 151
38 122
85 148
55 115
105 120
28 128
54 83
56 149
106 195
136 142
38 155
34 61
57 174
19 164
68 70
5 157
106 166
20 179
135 165
114 188
102 131
0 128
18 126
80 83
80 171
170 195
0 105
189 194
2 76
53 69
3 68
86 193
55 186
15 62
70 172
105 143
3 59
32 55
52 193
96 103
71 194
63 76
124 139
33 144
6 39
63 151
97 172
74 81
12 134
16 136
19 74
10 162
13 104
123 162
68 121
4 36
130 188
103 150
6 104
32 182
41 51
92 175
104 165
38 163
67 170
104 136
42 139
76 122
41 154
8 49
36 96
17 137
40 191
16 98
55 64
18 130
83 112
57 186
5 118
93 101
33 162
107 186
28 184
162 189
162 176
16 56
77 147
73 172
101 118
10 195
44 85
98 127
46 165
47 128
16 74
52 100
39 177
66 151
143 176
18 35
39 141
75 178
100 158
15 87
21 45
172 181
5 177
98 118
181 191
121 178
91 194
45 165
5 34
33 103
15 74
2 46
149 189
52 135
98 105
28 189
54 135
33 105
91 171
38 100
164 191
26 50
71 129
46 196
77 138
17 60
118 172
21 149
58 151
111 142
74 146
76 125
34 142
41 75
37 135
160 189
0 141
74 155
12 23
76 93
110 144
114 134
70 173
36 177
94 193
66 148
14 107
97 121
166 194
79 149
119 153
116 153
125 192
37 191
49 196
15 123
99 120
82 160
92 128
26 179
106 155
28 72
184 194
14 47
90 101
6 58
5 109
21 93
16 108
150 166
77 88
46 129
28 158
37 132
18 26
69 172
4 187
57 92
160 191
18 95
4 24
43 183
97 129
24 100
143 159
42 155
50 100
123 134
13 188
98 193
41 173
49 168
44 145
14 34
48 79
26 172
41 196
136 155
152 153
0 87
141 143
98 176
72 130
53 103
115 125
31 149
23 27
89 156
125 155
42 122
28 108
94 165
10 126
134 163
105 138
50 124
28 136
16 196
46 75
13 100
3 11
35 42
77 87
60 112
35 164
4 112
50 134
73 156
151 188
91 98
30 156
142 178
62 168
93 145
127 167
21 172
42 186
123 179
47 73
88 189
142 155
117 118
165 191
170 174
2 89
35 44
124 191
9 96
1 151
129 184
84 89
64 76
6 22
29 99
51 182
42 59
107 171
53 83
158 175
155 169
5 83
101 177
105 109
123 190
161 168
110 186
83 149
19 180
72 166
80 122
20 82
52 68
153 186
43 44
14 76
98 106
123 145
125 188
44 80
112 127
135 144
25 137
158 165
135 175
143 144
128 145
124 127
71 182
47 120
167 195
60 99
25 66
159 168
70 93
83 122
38 116
26 139
69 87
13 58
16 85
150 156
112 162
153 160
15 124
88 92
1 30
84 179
34 96
77 119
75 140
16 182
17 133
53 119
48 160
54 101
84 90
126 156
106 126
71 172
6 12
13 164
41 121
82 196
130 169
28 181
54 108
107 132
38 112
177 178
32 157
42 129
87 176
41 120
12 73
95 159
23 141
58 166
19 77
146 152
66 120
95 112
64 84
42 87
25 192
45 124
16 17
76 117
1 190
43 87
89 128
19 85
95 170
98 121
45 168
32 184
72 151
21 189
17 32
90 176
110 171
172 173
30 33
10 39
96 175
49 66
10 194
149 178
41 97
21 47
93 192
74 88
50 81
56 112
50 52
78 149
138 179
4 16
97 171
157 175
40 129
82 158
17 64
67 83
47 63
41 54
12 188
39 166
9 191
21 121
88 142
189 192
29 170
65 195
156 191
45 66
30 93
137 147
61 167
61 152
5 41
4 193
15 191
22 163
29 194
50 143
69 190
77 97
153 168
58 102
45 74
57 162
4 5
93 113
41 74
44 110
81 154
27 54
9 73
108 157
37 43
81 85
144 149
0 57
9 90
28 143
45 115
63 94
65 97
20 168
75 183
4 173
100 108
72 85
2 93
76 150
140 155
84 188
113 180
133 151
1 192
102 160
83 127
11 164
158 181
82 194
79 139
46 148
97 125
93 148
94 150
87 196
108 133
80 111
117 188
7 99
15 141
14 160
20 38
26 70
169 186
131 151
28 135
24 178
54 126
30 72
54 86
131 164
8 81
164 177
46 60
76 173
64 158
137 141
12 194
140 195
76 151
44 92
118 177
8 38
45 186
70 150
65 80
88 195
81 163
12 158
32 134
176 185
151 177
64 110
85 87
124 162
46 175
87 101
13 110
43 111
158 188
23 112
44 161
36 63
34 176
48 144
13 181
19 113
7 39
27 188
46 172
36 59
108 171
15 148
131 180
36 65
89 152
21 184
46 52
29 78
71 114
29 105
123 165
13 101
2 127
126 161
114 171
71 190
134 196
39 153
21 110
38 176
70 115
66 87
0 6
53 64
54 188
98 187
39 168
69 73
14 117
28 41
76 170
14 53
61 121
29 88
22 109
39 42
15 120
56 166
96 119
79 172
45 86
23 158
39 116
81 146
115 178
95 173
135 145
19 184
91 106
35 162
126 168
11 119
52 191
140 145
91 175
83 135
120 187
78 167
130 173
18 55
145 180
106 146
63 113
28 92
165 181
139 159
41 125
116 176
68 190
97 153
26 130
86 194
62 162
84 144
81 178
10 87
83 95
137 183
150 196
45 54
161 195
141 193
4 53
25 36
46 56
84 103
92 118
61 92
83 153
21 160
105 108
58 120
3 13
92 191
59 64
27 138
54 180
14 146
22 34
105 118
57 69
63 174
7 47
61 106
75 142
40 77
41 172
55 148
99 195
89 92
100 190
100 172
10 107
134 147
31 81
9 142
71 125
41 61
136 188
43 146
49 89
40 125
30 187
174 175
164 183
26 84
63 68
35 191
98 167
77 140
134 136
101 182
17 151
8 162
10 160
139 161
118 187
6 114
59 63
129 162
123 136
67 126
54 81
13 83
147 150
28 137
113 142
70 185
120 150
135 194
22 168
97 180
67 112
89 106
45 105
111 191
11 138
90 103
28 196
101 124
24 173
38 173
42 192
11 133
35 81
8 37
45 150
37 160
128 167
31 85
129 140
73 96
52 101
128 140
25 46
33 115
99 142
42 50
30 61
107 187
59 173
31 64
116 182
95 137
75 111
141 187
87 116
38 169
114 160
26 108
88 166
16 24
57 128
80 105
47 48
52 188
185 190
21 72
51 113
0 125
103 134
62 65
9 117
148 180
12 117
2 179
180 186
113 158
102 150
67 118
62 116
1 95
94 157
99 175
120 140
4 77
101 163
41 107
116 129
1 136
91 190
15 114
49 106
175 186
109 175
9 37
129 170
31 155
92 146
54 179
72 125
15 136
66 107
18 27
24 196
35 130
15 69
58 172
33 159
95 150
44 47
23 56
50 74
12 67
107 167
128 182
124 145
4 54
77 96
74 192
103 145
136 138
90 178
134 192
25 44
108 154
21 146
35 97
39 48
95 106
100 114
106 123
177 188
78 143
90 161
30 87
104 174
59 66
63 191
14 31
2 33
168 169
51 114
83 131
163 179
104 189
0 91
14 105
64 127
83 184
105 119
53 110
73 124
29 108
77 105
22 33
77 109
136 145
78 124
3 14
9 187
6 135
82 100
9 43
126 153
0 131
89 149
51 88
2 187
18 53
73 74
53 148
116 143
68 139
81 155
108 131
24 162
91 128
44 49
47 158
126 181
24 151
38 186
116 167
12 166
70 98
11 70
53 135
93 111
127 159
3 23
76 88
57 120
103 158
72 100
29 132
34 73
40 60
32 87
95 114
54 131
23 169
120 151
80 159
9 27
7 26
97 101
159 163
154 158
18 83
44 169
166 193
7 29
3 61
62 108
19 94
73 91
80 84
4 22
67 190
31 150
130 136
64 169
4 139
45 145
34 169
28 95
25 187
64 155
27 103
83 185
176 194
134 160
56 137
66 126
81 87
176 192
105 169
82 121
112 122
1 185
68 111
85 156
9 156
101 119
20 43
95 101
79 159
41 56
116 122
29 57
32 156
32 96
31 78
146 151
28 29
67 166
143 174
131 187
70 183
2 111
10 176
80 108
131 190
64 146
36 122
48 156
62 101
114 178
75 171
142 176
51 91
40 194
48 72
100 195
32 100
30 86
1 4
138 186
105 178
52 164
76 189
132 154
117 129
34 87
0 52
46 72
47 122
14 43
144 161
105 171
168 192
126 128
165 183
151 161
11 150
20 151
48 153
4 9
35 64
18 74
82 129
89 177
31 36
74 141
33 44
14 66
49 80
15 95
18 161
107 191
74 101
11 165
40 85
2 85
68 125
87 182
0 46
177 196
56 133
16 60
65 184
171 187
83 163
67 129
51 164
38 121
119 131
107 168
148 191
42 127
87 88
25 163
119 123
54 175
56 171
28 115
72 164
66 160
107 170
68 96
65 188
17 145
108 185
39 196
151 189
15 193
22 127
159 186
1 153
65 123
114 187
39 150
48 68
73 116
157 183
117 149
20 74
154 156
67 188
49 52
0 196
121 174
61 83
59 92
32 35
120 180
99 114
110 190
158 182
36 69
84 183
83 84
78 106
134 193
60 76
20 69
4 145
18 136
7 64
125 178
23 160
144 156
74 107
69 122
32 103
112 131
89 116
33 169
19 147
21 122
152 196
10 174
15 118
26 182
178 186
39 144
7 187
67 132
19 123
146 169
71 137
18 147
8 75
9 66
74 135
35 59
51 92
84 110
97 107
21 173
87 132
72 175
65 180
87 98
115 152
38 83
4 23
72 169
164 186
72 174
64 167
85 126
139 179
76 185
77 188
93 151
38 68
103 189
63 99
17 163
74 95
71 169
136 168
119 173
31 152
138 143
55 103
64 123
3 34
40 107
70 109
30 67
29 125
5 153
91 110
8 21
24 79
87 177
86 176
104 177
19 43
68 127
92 150
45 188
65 111
163 182
34 124
39 65
19 53
121 162
162 195
80 131
122 166
17 26
46 153
111 135
6 92
12 186
51 146
81 109
63 106
140 163
19 81
76 134
42 65
75 103
1 138
15 64
150 157
60 187
103 132
4 70
2 135
6 184
133 163
11 196
117 144
84 98
2 174
94 125
163 196
173 181
19 117
68 147
96 126
42 48
19 138
80 87
66 167
49 83
44 123
51 125
165 196
181 194
25 55
16 161
97 188
79 95
88 154
16 109
56 134
147 175
73 187
25 155
123 157
103 181
81 120
33 117
105 165
66 76
4 174
70 96
77 151
149 163
161 178
34 118
104 185
88 194
139 192
115 162
84 174
78 110
6 166
65 116
103 190
67 143
142 167
64 117
7 137
40 172
125 145
6 143
97 103
16 134
6 28
113 159
10 115
160 167
23 110
87 106
17 57
61 129
79 171
84 121
145 181
69 85
75 186
19 84
51 121
24 115
55 101
13 39
53 136
79 113
78 129
61 112
60 66
103 191
194 195
55 68
68 84
160 196
76 180
5 49
185 187
51 135
80 185
76 194
167 179
72 82
141 148
105 133
32 56
49 77
93 141
102 191
77 129
99 186
102 186
73 88
56 162
133 153
154 181
6 51
30 176
8 96
79 150
66 172
74 175
49 149
2 16
13 152
33 74
89 125
18 52
6 175
2 77
35 99
4 46
53 85
86 156
119 191
98 190
129 165
86 145
95 123
54 67
122 157
118 166
29 56
92 94
133 156
35 196
37 38
34 182
73 154
38 143
25 91
157 173
31 119
5 183
20 186
145 190
13 154
164 190
96 137
101 178
48 169
136 192
150 153
75 121
120 141
23 143
51 174
126 149
48 174
151 174
74 123
14 114
38 60
82 133
93 108
55 195
26 115
94 196
10 49
45 143
13 60
13 178
23 39
44 158
120 157
45 122
59 96
51 192
95 192
156 183
18 158
39 172
36 173
0 187
185 186
81 98
39 195
25 176
5 90
99 176
15 94
64 179
25 161
55 118
102 190
151 185
49 90
92 137
18 30
23 40
37 178
36 148
84 176
35 131
37 190
135 176
116 168
22 123
67 174
83 140
61 178
66 124
33 121
61 76
31 154
33 93
61 171
11 156
42 163
4 7
188 189
70 130
125 191
117 172
93 126
45 155
50 152
47 171
74 136
14 67
43 124
27 127
108 156
34 143
100 160
93 163
73 168
98 140
76 77
80 119
83 130
0 8
34 59
145 154
112 139
72 122
31 87
39 123
41 174
0 144
4 38
57 172
79 129
68 92
41 83
3 191
9 87
1 83
12 26
65 155
27 62
130 154
88 151
5 115
107 178
137 169
7 138
54 129
14 30
15 132
3 4
56 192
23 61
72 133
26 72
109 193
113 136
89 185
52 159
34 116
181 187
32 53
8 84
16 133
0 67
37 94
148 175
1 55
3 159
35 167
63 154
48 124
10 149
2 8
75 151
47 58
113 122
11 76
3 25
23 173
15 180
2 38
3 181
34 132
44 103
49 183
57 113
72 80
12 37
34 141
160 161
46 127
55 75
83 85
85 174
33 79
7 50
46 119
133 150
124 131
27 74
56 184
50 130
52 180
27 142
81 119
74 134
9 175
123 176
154 155
117 187
29 34
24 160
110 112
100 165
78 133
1 38
53 101
27 165
69 142
15 144
9 171
78 84
63 87
35 193
83 100
59 65
58 190
43 184
16 158
113 134
108 124
29 71
93 116
131 177
34 75
104 173
40 90
78 174
2 114
37 57
193 195
51 196
14 45
89 168
35 119
83 171
55 136
69 134
61 109
178 188
103 152
112 132
69 89
20 40
92 154
74 193
40 100
6 138
17 99
60 172
141 170
65 142
4 133
87 110
128 168
11 149
6 65
51 58
11 124
7 124
106 187
176 180
54 139
1 98
154 175
44 58
111 168
24 97
8 135
6 193
16 62
6 68
38 49
46 155
151 162
118 124
87 139
7 151
140 157
27 55
66 95
34 186
54 121
45 110
55 165
134 194
27 105
96 166
11 126
145 157
60 160
49 119
116 179
6 185
14 165
64 99
24 72
75 83
124 155
73 107
26 80
9 177
17 112
156 194
115 118
18 115
65 67
9 162
31 168
21 31
39 52
85 175
46 101
152 186
1 105
157 195
35 101
51 152
7 41
107 152
22 129
5 100
175 191
62 172
3 72
133 140
3 138
124 192
136 183
8 61
101 115
65 141
0 193
39 51
134 139
79 192
8 39
22 72
105 184
100 149
4 84
138 157
88 188
6 132
131 162
1 107
115 121
77 89
19 75
4 33
11 143
119 186
45 185
9 125
130 133
28 166
77 132
47 75
80 142
108 196
85 119
20 63
1 188
77 142
19 156
98 128
7 78
14 25
141 194
87 89
157 163
69 180
100 126
10 137
61 84
74 124
14 24
31 169
89 189
56 147
35 187
49 58
50 138
66 98
71 168
50 96
17 87
33 178
30 92
18 54
14 59
25 147
65 68
159 174
147 182
18 64
5 45
51 183
86 158
18 118
110 129
155 158
57 152
79 134
16 79
51 95
84 149
93 157
22 26
34 90
126 160
7 23
164 172
68 141
95 154
151 178
59 98
21 175
103 118
40 64
33 179
111 133
20 96
27 173
110 181
81 93
71 148
101 159
186 196
6 90
22 45
41 168
117 192
8 146
35 108
9 115
62 187
109 180
119 136
108 169
40 162
39 132
68 73
111 120
69 92
6 59
30 38
43 48
38 135
41 126
107 123
74 163
32 186
14 129
48 56
147 192
8 193
47 62
3 140
66 123
35 113
124 194
28 139
81 124
116 117
0 167
39 155
30 159
1 25
101 176
2 140
102 196
24 119
82 120
17 104
14 58
52 73
20 62
74 85
70 135
30 62
16 51
65 124
34 55
142 195
31 139
17 147
74 138
33 164
69 160
103 129
22 147
95 167
23 78
87 194
45 160
96 147
19 104
46 185
80 172
18 140
84 191
33 36
40 58
4 73
48 104
152 162
63 105
149 174
8 114
78 192
62 161
53 188
112 178
74 120
44 105
52 181
17 124
1 120
82 156
163 171
126 157
58 114
36 127
114 152
33 128
87 150
11 81
99 104
36 86
25 165
176 191
21 118
92 164
2 52
29 94
17 168
153 176
11 154
86 103
115 120
30 49
104 120
117 152
20 146
72 181
40 195
67 79
123 184
100 187
155 189
53 102
97 142
86 122
111 163
70 111
100 148
23 67
11 96
17 72
33 54
15 38
99 160
66 94
97 184
59 123
0 154
73 89
5 9
78 190
56 117
43 116
98 134
89 109
5 87
14 150
3 50
29 175
59 89
97 138
173 187
168 193
51 170
138 147
45 116
92 103
145 173
27 161
27 116
39 181
49 122
171 183
16 144
64 187
16 70
147 157
5 107
16 55
12 16
52 165
65 174
89 127
130 185
34 181
103 161
40 142
36 135
110 114
46 71
53 108
46 143
3 147
77 93
100 140
90 156
39 44
28 180
179 193
102 158
26 143
139 195
86 150
82 106
34 111
43 139
46 195
40 111
90 191
52 118
42 136
11 160
125 131
172 191
2 17
4 184
10 138
85 173
135 179
88 170
8 145
115 127
162 167
112 172
4 132
20 189
80 182
131 140
3 90
17 34
85 176
53 141
154 163
133 196
98 144
162 184
1 147
43 97
38 90
120 144
60 79
3 115
11 170
160 170
18 78
152 190
113 155
42 185
126 176
52 108
31 146
1 164
15 153
17 110
7 24
16 102
2 75
140 141
38 187
11 135
117 194
28 39
71 82
64 196
18 92
30 174
58 105
63 117
6 98
64 171
56 116
30 51
171 177
73 99
26 190
7 129
16 146
23 132
76 166
67 173
86 147
18 56
53 146
7 101
32 110
44 190
80 175
76 191
24 64
32 118
18 148
50 185
43 104
37 101
72 141
114 151
67 175
122 161
95 164
49 132
33 182
160 169
147 184
5 120
9 152
28 193
75 120
90 112
16 100
14 177
35 176
6 139
101 181
1 90
83 186
46 79
1 158
103 182
155 178
65 109
5 187
139 142
30 164
113 147
18 90
32 193
28 160
58 153
144 162
74 108
74 143
58 154
148 173
96 164
73 165
19 119
113 115
61 177
1 146
0 59
73 195
53 132
26 145
110 164
47 67
31 58
58 161
1 166
42 63
11 147
46 120
19 28
164 187
138 189
126 183
1 19
58 76
16 177
90 164
87 133
71 157
56 130
23 178
158 170
68 80
96 191
21 54
37 58
69 76
103 183
143 167
110 132
61 186
108 139
1 155
52 57
87 165
128 177
126 146
89 113
78 169
89 167
93 123
11 79
58 175
112 175
0 136
41 65
148 190
40 173
34 194
118 195
127 130
7 94
66 136
88 145
105 183
54 118
41 78
163 195
48 92
14 80
93 154
6 191
45 60
31 156
9 161
102 161
108 121
20 185
98 116
12 185
91 187
159 164
131 160
45 195
50 99
78 91
146 196
5 54
82 181
39 165
46 180
107 172
68 182
111 167
99 167
53 155
94 127
7 183
38 45
13 22
126 172
83 93
37 174
11 161
152 179
99 193
14 89
112 144
96 125
85 130
26 48
9 106
11 55
19 27
125 134
69 159
161 186
32 142
9 86
35 103
28 102
72 160
16 110
18 70
0 82
41 73
69 140
159 166
27 146
70 84
83 147
106 136
95 125
16 113
60 148
22 31
89 133
63 184
22 80
36 167
37 62
1 70
110 170
53 109
120 163
80 96
56 119
145 155
28 48
77 139
