205
5
19237
60
687 2
679 2
881 2
609 4
662 2
582 3
347 3
900 1
693 4
795 2
194 1
345 1
466 4
232 1
534 2
592 1
753 3
401 4
237 5
226 3
532 2
405 1
399 3
316 5
875 2
751 1
163 5
635 1
778 3
507 4
619 4
661 1
774 1
870 2
649 1
558 2
340 5
569 1
851 2
396 4
221 4
77 2
864 4
760 2
242 5
487 2
349 2
450 5
192 4
694 4
152 3
385 5
632 2
630 2
686 4
589 2
717 2
636 5
908 3
583 1
708 4
890 2
286 3
584 1
331 2
715 3
206 4
410 2
529 5
932 3
492 2
510 4
214 1
857 1
397 3
664 4
688 3
625 2
573 1
438 3
909 5
148 3
477 4
478 2
712 1
304 5
573 4
384 1
213 1
409 3
431 4
725 2
603 5
687 3
582 3
806 2
453 2
642 4
152 5
170 4
720 2
506 4
469 1
78 4
779 4
557 3
79 5
426 5
800 1
618 2
178 5
740 3
395 3
734 4
244 3
600 3
578 5
578 1
481 4
627 4
681 2
824 1
461 2
84 3
551 4
710 3
242 2
462 3
75 2
276 4
272 4
888 1
214 5
595 5
670 3
471 3
471 5
892 2
468 3
520 5
521 4
643 1
297 4
274 5
203 5
344 4
412 4
643 2
741 4
800 2
682 3
579 4
718 3
266 1
820 1
400 2
719 1
795 2
383 3
684 3
168 1
116 2
460 2
228 2
906 1
418 5
86 1
457 4
453 3
179 2
342 3
364 2
234 3
386 4
925 2
514 5
747 4
407 1
338 2
237 2
313 5
781 4
382 2
448 2
131 2
339 3
928 4
591 3
802 4
141 5
794 3
570 2
379 5
898 4
522 4
538 4
284 1
183 4
143 2
405 2
277 1
480 4
320 3
652 2
541 4
61 191
12 170
14 128
103 173
122 187
27 109
14 113
17 143
0 61
134 170
25 48
114 204
19 164
6 36
170 199
116 194
52 55
113 160
27 56
1 165
118 129
48 194
48 63
118 165
85 204
84 169
68 105
40 107
18 19
109 204
97 168
87 157
38 157
112 195
25 180
121 157
21 81
126 156
7 190
70 127
4 125
76 105
43 112
25 39
37 53
52 132
70 130
46 144
62 98
59 187
0 65
51 129
26 53
66 91
80 162
23 63
57 195
98 186
5 132
163 196
7 148
142 172
111 130
121 183
62 120
55 203
67 181
53 137
158 168
119 178
31 32
122 178
57 198
116 188
72 81
41 95
49 79
6 146
125 136
58 142
41 80
0 118
118 132
114 174
83 171
167 171
166 170
2 27
43 74
97 116
118 193
60 63
161 193
68 113
124 171
42 137
23 141
22 102
48 85
14 107
101 188
30 78
2 95
162 173
50 56
73 108
38 133
45 65
12 38
115 190
35 135
96 169
92 162
145 150
116 147
28 124
105 173
30 161
144 181
44 83
31 183
141 191
30 77
131 141
60 199
25 159
54 112
0 101
19 45
166 200
6 69
11 27
39 192
61 181
50 170
17 152
53 201
6 183
92 156
97 159
40 118
145 203
34 39
12 21
39 65
109 138
2 172
171 176
74 186
111 198
123 187
35 162
74 134
126 175
2 19
46 170
71 85
58 62
71 173
119 153
74 102
43 151
9 19
88 135
12 34
28 200
4 61
9 151
149 170
137 190
8 154
51 192
183 192
90 95
102 155
38 87
37 102
94 140
62 84
27 136
4 179
51 164
40 180
9 105
134 157
18 143
85 167
107 200
60 124
15 48
30 97
13 29
9 15
159 192
21 65
21 159
119 190
155 184
8 78
2 36
44 74
126 159
19 89
31 180
25 164
70 103
105 184
133 147
120 202
138 153
128 189
92 172
13 25
20 94
122 145
8 122
90 141
162 197
88 132
3 147
146 179
144 196
42 108
53 166
55 94
73 161
94 110
113 154
3 59
85 188
37 101
69 181
37 46
91 174
68 81
49 81
111 204
18 28
2 87
102 149
178 189
83 99
34 89
46 165
3 118
170 191
110 159
38 117
81 133
19 92
122 137
144 192
100 117
105 165
35 98
153 171
156 166
19 180
37 100
72 139
98 154
105 121
167 187
55 136
23 36
0 163
86 179
81 175
38 96
73 127
30 94
10 203
65 162
51 134
87 130
164 203
95 194
54 127
3 8
45 105
58 162
73 144
62 85
62 143
42 166
85 136
167 172
72 127
119 149
16 190
72 148
37 158
62 158
128 163
1 68
31 94
189 201
138 154
26 76
3 115
160 190
144 154
145 168
0 198
40 61
158 185
134 135
15 156
50 164
54 204
88 104
36 106
119 144
144 179
98 165
107 120
48 107
43 115
53 80
9 141
12 86
113 181
100 127
155 198
75 133
58 66
115 149
82 203
5 104
78 155
146 184
0 34
191 198
57 66
110 198
52 126
98 150
11 75
78 141
36 78
0 175
11 51
46 114
138 192
105 163
70 176
80 84
5 94
88 148
15 99
103 202
65 175
45 53
135 199
13 181
161 195
36 150
65 133
72 77
36 126
27 127
26 142
57 67
91 99
115 119
106 110
75 98
62 179
153 183
139 196
86 150
10 103
5 119
136 144
164 169
99 104
199 203
42 112
103 201
66 127
119 158
7 49
29 54
91 159
101 190
35 39
0 161
13 18
119 198
73 107
48 102
62 164
108 165
50 114
100 116
90 171
40 157
23 183
43 150
113 120
83 159
95 137
55 171
34 122
15 140
36 68
136 174
82 150
87 126
106 155
91 128
83 146
83 194
75 107
153 170
22 143
5 37
36 44
8 39
85 178
9 95
65 115
47 97
96 136
37 65
21 71
151 184
29 70
94 180
18 47
115 133
96 134
32 174
81 158
47 167
84 144
0 63
147 155
55 194
38 89
14 139
146 160
33 184
50 126
89 125
27 89
48 148
12 83
80 133
69 138
186 190
138 182
131 149
18 73
47 48
33 50
29 104
75 140
111 188
48 83
40 201
69 91
118 194
59 191
31 151
27 120
4 172
5 180
94 105
126 136
32 148
102 188
33 133
163 166
73 96
51 141
5 177
66 126
53 95
74 87
7 204
113 144
6 118
57 192
51 130
156 183
25 90
100 190
1 180
68 180
94 171
7 137
10 53
70 97
9 32
126 127
31 128
28 157
125 197
3 107
9 43
149 177
141 182
134 138
75 137
39 144
127 166
99 130
66 110
69 179
2 21
174 178
58 115
109 132
24 80
26 191
0 182
86 100
73 192
14 25
4 124
3 40
32 194
27 68
48 125
59 164
69 167
151 192
143 175
134 186
83 122
15 118
4 189
65 161
100 204
41 110
88 169
65 116
144 156
129 168
121 161
10 45
131 151
58 129
59 169
51 105
68 88
42 119
164 182
24 155
0 25
73 194
0 95
111 132
71 103
85 172
29 162
109 144
81 202
39 168
109 180
22 164
54 201
49 175
149 160
61 101
0 115
49 104
110 155
70 95
132 187
23 67
177 191
60 120
54 148
68 84
68 137
34 180
13 151
13 96
22 185
9 72
2 53
18 82
97 123
26 182
4 102
134 150
28 32
53 77
26 160
52 82
23 42
74 182
79 97
116 169
3 142
46 183
72 144
11 178
45 136
65 153
25 74
75 196
107 163
82 118
96 120
180 188
32 70
93 168
40 199
4 166
70 86
83 154
80 170
95 151
43 195
15 96
110 178
10 171
148 170
29 204
142 167
10 91
8 67
124 154
14 59
27 45
13 65
169 193
147 149
165 173
98 188
28 117
73 114
58 195
81 155
129 140
81 84
17 130
10 173
33 188
8 164
56 95
32 177
127 140
63 147
15 178
13 203
59 147
33 173
51 168
45 93
135 148
54 77
35 172
77 104
109 200
101 125
12 70
48 95
85 148
47 75
72 97
9 166
40 184
51 58
14 136
77 106
94 198
0 97
157 173
88 159
41 112
59 137
6 60
165 168
124 181
50 116
32 140
153 195
15 72
29 196
12 30
49 157
47 54
106 162
48 168
117 132
92 103
55 78
57 73
159 178
1 88
29 144
101 196
96 166
167 191
101 178
32 65
145 160
16 81
11 53
45 140
2 175
71 140
102 146
34 140
114 139
77 186
15 155
91 200
0 99
72 142
136 152
79 103
72 156
146 173
78 142
47 110
48 136
59 97
29 156
78 117
83 158
97 144
18 177
16 193
24 167
117 130
92 105
18 116
133 176
13 108
170 190
79 153
129 175
133 158
101 114
183 186
22 63
58 191
108 132
106 133
53 164
71 125
58 105
53 178
99 194
134 144
145 192
4 177
47 109
96 144
46 52
61 73
6 101
22 190
81 191
45 200
39 48
76 92
91 151
21 78
121 158
77 134
25 27
24 38
11 49
127 139
154 203
17 110
34 112
22 202
11 177
26 199
77 141
41 170
84 101
18 59
7 110
77 108
147 184
63 164
9 203
142 178
83 103
55 157
108 126
116 129
41 155
59 148
59 132
126 183
195 203
21 135
102 153
77 96
30 36
47 70
6 164
19 165
33 64
79 106
166 191
97 197
17 23
44 93
155 187
30 62
69 98
96 167
13 50
123 164
102 132
118 130
106 123
110 131
73 138
75 118
64 150
16 106
72 181
35 86
57 171
9 121
64 198
156 179
162 198
48 170
49 57
114 184
6 53
99 144
23 146
12 114
0 51
85 189
32 76
10 110
113 179
28 165
85 141
145 187
9 112
141 155
100 198
9 109
18 80
15 69
100 143
69 113
62 169
4 49
25 139
13 187
50 82
42 159
127 130
4 100
57 183
5 129
21 181
102 168
63 70
58 125
16 94
38 40
123 182
163 192
165 186
0 153
46 177
1 65
23 121
61 154
4 190
110 174
149 153
101 117
36 159
15 31
60 193
107 151
47 186
88 186
7 23
36 99
46 193
147 185
44 127
5 200
91 142
82 173
120 193
13 144
71 190
8 190
125 155
143 162
39 167
51 94
29 37
67 100
51 153
15 200
51 69
9 153
91 117
127 165
169 175
60 191
28 55
107 121
52 193
79 184
46 154
41 194
52 163
127 175
39 114
26 179
13 53
110 160
51 150
3 82
59 160
94 172
126 170
39 150
166 182
165 176
88 93
26 128
147 158
39 117
8 24
170 200
105 133
5 34
2 86
78 129
92 160
25 130
26 62
50 177
33 39
5 100
175 183
16 92
167 181
168 197
191 197
39 169
28 37
22 40
29 77
139 202
56 72
84 177
11 90
7 47
143 176
162 184
29 122
28 58
45 92
63 131
52 119
22 155
79 182
37 139
31 199
64 88
40 159
89 164
73 155
26 113
13 52
43 116
69 127
88 165
11 30
14 48
82 109
65 97
122 168
35 61
112 142
61 144
130 140
64 124
85 95
78 134
69 119
2 149
43 177
47 58
43 200
64 84
3 168
75 172
51 102
65 76
140 196
33 156
165 202
31 164
93 139
36 128
9 171
70 120
111 129
135 170
152 191
19 187
64 191
145 163
18 128
1 83
126 150
128 181
45 144
28 89
36 189
108 197
2 69
13 148
75 149
97 187
31 35
56 156
115 158
9 198
64 92
81 99
10 204
127 147
54 203
6 95
47 199
24 33
54 159
26 157
24 100
47 138
90 151
21 59
12 180
3 202
113 170
16 173
33 37
60 184
20 58
57 69
19 51
9 167
22 27
113 201
16 124
44 80
2 79
4 144
6 173
30 183
84 162
28 68
33 111
101 153
88 124
43 149
75 106
174 176
95 120
102 167
82 176
30 168
76 180
101 151
82 155
51 68
83 95
41 67
20 84
40 175
38 146
37 108
15 188
175 180
94 168
48 96
6 30
76 119
0 29
57 68
69 146
89 147
6 145
135 163
162 203
133 150
122 188
2 113
37 42
8 140
189 196
122 194
28 185
46 86
8 54
54 104
0 70
95 156
37 94
49 93
9 180
93 172
23 62
154 158
4 200
114 186
7 65
76 169
74 99
181 185
1 101
80 157
106 197
152 163
87 93
8 136
12 22
136 194
76 177
116 179
74 93
54 182
44 132
117 142
40 161
122 142
5 53
20 99
91 189
21 32
86 160
15 126
41 142
129 155
2 25
84 154
137 145
69 194
32 173
129 139
57 134
103 126
109 121
106 165
28 163
47 57
104 167
122 139
11 151
91 203
59 182
137 187
148 194
65 190
61 124
91 182
2 187
34 146
23 189
144 151
85 100
121 172
30 85
11 35
104 164
79 178
54 86
114 124
65 90
66 159
97 113
105 180
100 140
15 63
30 140
43 118
103 136
80 199
88 114
59 150
19 24
111 133
71 80
35 117
51 75
83 118
0 85
100 125
52 182
20 107
154 190
4 78
31 51
64 77
24 50
39 202
42 101
63 78
52 188
3 164
52 125
26 158
24 93
11 140
67 183
17 55
55 197
66 135
49 155
111 152
31 108
27 137
61 126
84 191
159 175
17 172
31 53
152 193
45 86
8 189
59 155
81 141
38 135
125 163
46 134
77 156
124 197
27 63
20 203
161 194
123 196
53 169
79 174
25 54
52 179
64 142
26 159
80 151
69 172
31 98
112 149
51 183
100 182
69 126
117 137
19 123
61 110
26 180
34 147
48 126
41 144
45 120
24 116
26 79
6 120
94 96
7 9
54 98
82 145
38 85
71 191
42 106
51 145
142 184
53 100
103 187
133 144
143 201
72 132
12 57
48 110
46 100
99 176
61 132
31 152
79 93
107 162
104 166
89 117
42 188
135 162
0 3
109 183
101 165
156 178
75 123
30 146
35 56
108 158
132 162
196 200
52 100
77 145
101 194
110 114
177 193
78 108
57 172
154 200
71 159
129 136
80 145
105 181
65 93
29 83
2 96
122 138
22 101
49 124
32 39
132 183
28 69
17 84
133 192
140 178
126 171
141 159
59 143
59 76
36 146
38 90
80 121
68 140
63 117
37 86
18 198
79 98
58 158
48 78
171 179
200 203
154 168
2 10
137 147
110 193
8 127
78 137
5 22
58 126
56 196
3 186
58 192
11 102
27 149
26 30
75 174
174 182
83 132
51 191
138 201
77 199
114 200
112 118
26 112
144 166
69 74
115 175
142 183
44 170
42 134
50 73
64 125
18 50
97 131
84 127
52 139
82 185
58 85
106 142
64 173
13 154
17 42
43 130
45 168
112 133
44 56
8 138
26 190
73 178
86 204
53 184
59 174
153 197
119 156
6 132
174 191
107 202
64 98
15 159
5 25
116 118
111 138
40 134
115 125
3 162
142 179
39 67
150 175
126 193
31 124
49 198
129 204
71 116
57 139
63 198
62 101
88 122
4 178
4 203
39 66
166 185
56 105
47 148
33 189
36 129
154 195
104 130
51 62
112 180
89 121
34 123
29 141
49 58
118 190
87 186
19 181
108 146
165 175
53 101
56 163
2 22
52 161
48 202
10 168
184 190
151 169
49 173
60 167
19 44
45 131
98 183
119 182
130 154
6 147
5 202
151 187
174 183
1 15
121 199
58 138
160 192
20 148
62 185
5 73
149 181
86 171
44 149
26 84
44 185
11 98
107 178
168 200
109 184
60 201
89 155
50 83
62 77
88 139
44 61
47 195
51 86
36 153
8 202
104 189
108 145
4 27
21 35
19 117
18 130
160 167
101 166
132 179
15 35
100 137
74 148
44 64
43 81
13 125
22 126
87 151
154 159
42 102
47 124
34 163
20 47
75 86
43 131
166 183
71 137
26 88
142 193
13 184
95 152
0 181
30 40
19 53
62 122
22 138
117 162
120 183
73 80
97 184
83 163
57 59
90 111
95 113
35 137
109 165
136 176
144 198
39 163
121 166
55 139
0 188
126 149
149 176
31 33
45 185
181 189
17 188
78 169
109 198
6 81
37 179
124 137
45 124
188 200
5 42
23 194
118 158
132 164
163 180
142 169
64 89
97 198
11 17
87 117
43 134
41 139
95 114
10 112
165 201
57 196
38 124
30 58
29 203
56 74
105 195
140 179
8 25
107 125
96 126
63 129
29 93
190 202
39 93
74 199
13 129
98 172
177 204
80 99
16 112
47 157
89 103
32 141
83 203
168 174
124 163
29 125
37 161
44 113
65 188
39 193
92 126
63 66
96 107
129 153
20 23
80 114
99 196
127 197
26 161
135 195
72 151
14 91
65 136
64 140
33 88
68 199
50 105
53 182
50 122
78 184
190 201
26 61
33 180
13 164
65 146
103 155
7 81
75 195
127 180
10 95
3 95
25 190
28 164
60 185
53 158
110 183
73 177
27 178
64 69
183 189
9 192
58 107
142 160
79 129
65 194
122 129
145 182
33 83
4 45
65 157
48 99
68 76
39 129
43 174
43 45
11 99
64 194
102 175
146 156
48 181
35 112
161 200
117 204
1 91
120 198
38 198
173 183
29 186
2 105
157 181
20 166
48 108
131 156
1 172
142 145
17 202
25 149
37 129
88 100
37 194
124 194
46 190
25 53
7 60
192 201
139 162
112 155
114 180
16 189
1 89
72 119
95 106
47 116
27 66
23 150
11 113
35 102
14 132
18 129
148 156
127 132
61 153
148 174
25 182
85 138
73 99
25 101
57 61
17 36
67 70
127 173
105 113
48 82
86 144
7 53
30 170
169 199
94 175
17 65
43 58
88 117
118 144
49 142
43 72
91 119
122 160
102 115
82 189
4 20
176 184
25 58
82 161
56 160
33 78
125 188
5 145
98 151
139 173
64 165
79 158
2 30
116 204
5 173
67 79
92 179
16 141
99 145
91 120
150 193
77 88
70 76
1 55
83 190
49 199
22 66
147 195
23 40
77 159
28 119
74 200
122 140
110 135
57 98
12 204
139 194
18 94
53 200
19 202
51 203
22 29
84 114
156 204
62 78
120 147
47 131
107 113
194 196
20 158
42 147
40 79
67 108
137 202
25 188
50 124
58 183
74 185
0 196
17 159
87 133
17 125
128 172
21 158
49 162
112 156
137 184
75 91
83 148
20 95
60 190
61 188
33 181
134 153
174 184
182 190
102 159
78 202
56 184
11 172
65 131
28 84
41 61
88 123
3 154
29 96
67 136
9 108
82 190
60 177
44 126
83 197
40 135
184 187
125 171
64 164
154 188
8 176
18 91
61 70
25 37
114 146
7 85
17 24
51 97
76 134
137 173
16 91
7 154
117 167
100 115
69 204
44 92
53 61
32 55
27 193
165 179
72 155
89 186
95 168
61 198
10 184
14 47
52 156
136 153
75 171
127 160
29 192
0 46
104 182
40 200
94 115
17 119
165 184
121 174
93 107
10 87
62 180
104 204
63 177
79 132
114 115
85 139
51 160
80 100
77 180
4 199
12 20
11 106
154 179
41 188
65 170
127 150
75 187
87 142
43 93
112 177
100 183
123 154
16 41
79 126
24 162
55 195
21 108
81 172
159 195
131 142
69 133
107 201
111 121
27 101
69 122
64 106
20 69
37 124
99 165
148 185
45 146
80 143
50 165
58 202
3 117
13 163
10 183
58 64
120 186
38 81
55 160
36 46
22 149
34 151
32 42
92 166
41 151
189 192
127 131
56 150
16 127
72 102
17 128
14 138
63 112
19 41
156 163
32 125
60 188
105 152
76 86
8 168
28 187
1 100
95 169
47 125
17 122
66 80
18 42
80 97
66 171
52 155
85 112
69 81
123 178
99 184
91 188
7 202
44 137
74 88
34 59
71 89
84 196
193 196
141 167
44 141
21 100
45 202
8 27
105 131
60 175
126 137
98 129
58 120
0 39
12 190
116 171
121 169
13 87
82 139
196 204
90 117
30 44
69 157
25 76
29 143
108 195
30 43
52 148
112 140
63 201
8 73
101 155
48 171
26 137
96 135
24 122
178 185
44 173
51 162
43 163
1 75
166 178
18 122
182 195
8 41
124 150
49 121
141 192
126 161
30 111
95 173
50 115
31 130
28 79
26 77
178 188
39 175
47 198
50 148
2 80
46 125
41 118
88 164
94 103
47 188
0 54
90 161
7 115
43 46
25 129
99 141
23 70
30 65
28 91
71 164
32 107
55 190
57 201
56 57
5 86
116 132
40 72
76 97
91 180
15 194
115 139
59 74
110 116
18 182
45 134
156 201
6 189
67 135
1 155
173 182
49 108
71 189
3 7
73 101
58 81
120 158
47 67
87 187
182 191
118 183
111 124
23 184
11 12
110 113
32 77
14 108
100 181
51 118
150 174
44 95
66 184
12 153
38 116
27 64
39 95
71 136
96 170
37 96
20 62
61 112
130 170
93 204
49 114
57 202
58 179
188 201
53 126
141 153
63 199
0 129
10 86
122 128
87 152
0 12
99 128
48 176
47 175
5 14
108 182
182 200
107 144
57 85
139 163
58 140
183 199
77 129
35 116
107 116
80 118
6 59
110 167
92 191
21 93
26 35
60 187
6 198
25 52
23 45
63 190
84 192
25 154
126 178
92 114
93 99
103 120
90 169
65 149
46 168
23 128
106 129
62 172
129 143
70 89
94 195
26 64
38 199
11 67
12 93
105 166
14 199
70 94
116 172
39 99
15 128
21 129
64 138
77 179
81 120
106 169
57 80
111 182
101 186
140 146
12 193
70 158
128 187
12 172
8 182
154 183
174 179
203 204
74 167
40 170
122 200
84 121
156 186
75 127
74 144
31 78
134 161
21 123
63 176
120 131
90 131
17 181
47 51
166 179
45 194
92 189
50 121
185 191
94 203
16 167
40 198
36 54
8 121
135 186
146 189
95 203
15 202
36 176
75 200
98 103
97 173
20 50
48 146
0 80
2 152
67 84
92 101
149 158
65 77
87 165
51 146
55 129
172 195
30 60
26 122
68 125
11 200
122 163
97 103
139 167
13 95
136 142
2 66
21 34
17 76
88 196
115 168
110 126
60 76
180 182
143 177
7 61
49 165
124 153
168 187
15 43
57 167
179 193
4 121
75 109
52 103
32 147
19 65
52 128
3 13
22 197
65 99
87 136
139 181
64 109
3 132
35 178
13 113
17 190
68 119
113 190
116 159
12 184
0 184
15 184
151 183
5 114
93 161
177 190
46 188
11 165
37 144
71 202
150 155
31 110
72 204
33 53
97 165
99 190
155 203
5 11
150 170
4 16
163 203
5 85
76 172
52 169
161 181
17 62
74 181
153 188
72 101
72 113
66 163
84 175
61 157
74 192
101 192
45 110
18 155
102 170
80 174
94 108
56 203
110 150
96 155
9 91
10 35
58 109
84 199
163 177
64 192
43 99
13 185
144 197
15 64
46 90
11 25
99 119
6 195
79 91
66 134
99 167
135 167
77 80
142 161
8 129
76 184
151 167
3 156
156 194
91 187
2 24
5 171
129 152
14 29
42 126
99 107
111 137
112 159
93 157
58 91
128 170
40 74
95 192
88 181
19 22
67 155
147 196
154 198
36 186
50 180
94 141
31 73
92 183
126 187
60 133
142 195
66 105
23 71
55 141
130 194
137 171
66 177
31 91
145 194
155 196
77 162
19 137
31 107
39 186
167 184
85 119
63 98
147 187
6 138
97 172
13 183
6 37
87 127
57 115
98 113
63 122
98 158
18 29
131 203
62 178
10 70
55 63
47 117
68 122
33 143
131 139
37 97
49 193
18 126
61 86
40 102
45 182
22 114
134 168
19 196
64 78
31 148
24 119
96 131
107 167
14 56
43 201
81 153
142 151
3 9
12 129
58 111
146 204
44 107
77 146
31 45
13 62
108 136
3 148
39 143
87 144
58 173
169 201
0 24
138 179
32 188
62 192
10 111
27 69
132 163
44 138
33 93
104 178
15 124
18 58
59 64
89 115
140 191
89 124
4 14
131 148
96 142
47 49
131 158
75 103
28 41
65 112
46 140
61 166
162 200
109 149
92 188
89 173
1 20
150 168
10 31
25 142
75 122
50 53
13 39
62 194
60 114
40 89
11 143
59 115
173 175
8 15
2 58
45 179
15 52
152 189
46 61
178 192
162 185
131 168
6 18
7 184
79 88
39 177
79 194
45 141
9 193
72 152
8 10
144 180
23 176
107 115
13 152
10 75
90 116
11 44
113 191
84 105
57 82
31 86
102 142
181 186
12 124
107 137
26 193
118 159
35 186
61 194
98 156
4 43
108 117
116 166
12 84
41 103
24 112
66 187
62 163
152 169
10 191
1 73
104 163
78 99
63 92
135 146
67 74
2 7
45 170
27 174
121 152
44 172
37 40
177 195
8 97
45 98
105 172
89 133
52 172
18 170
32 195
76 193
77 101
142 188
111 114
171 201
99 188
2 48
178 197
135 198
9 47
84 195
66 183
7 56
1 14
16 196
109 203
77 182
49 166
135 165
196 203
7 67
77 202
31 34
98 101
50 90
178 195
140 169
163 194
25 57
74 155
5 109
30 121
54 121
100 167
99 193
11 124
0 92
192 204
93 170
47 85
62 131
135 161
71 121
53 171
18 152
99 139
48 161
162 167
48 94
188 197
14 87
98 164
66 130
21 96
158 191
69 173
58 133
61 118
10 52
40 167
64 103
1 56
75 192
67 167
34 38
149 201
2 125
67 123
0 139
101 179
58 137
27 44
87 150
55 82
76 91
62 177
122 197
0 193
5 63
56 195
73 84
109 192
79 193
144 174
143 159
70 172
12 15
166 198
111 189
152 184
0 28
84 190
8 45
176 193
47 56
22 98
72 78
34 172
54 170
79 159
167 201
121 159
41 100
134 184
118 151
60 102
27 172
10 19
140 150
128 162
89 136
4 192
7 30
14 73
145 173
63 72
37 43
100 169
78 176
56 122
10 197
1 164
132 198
127 129
24 91
88 137
88 161
102 164
75 121
23 137
146 171
97 143
53 199
167 180
10 176
185 203
15 171
35 44
62 154
22 187
74 124
35 155
46 149
14 93
85 117
15 134
57 135
51 132
50 107
73 139
82 146
61 94
108 119
15 122
63 106
100 141
42 56
147 157
110 145
35 77
48 123
23 93
33 115
23 193
16 187
50 157
14 154
10 62
28 78
129 169
117 181
98 168
54 124
90 190
92 153
60 141
94 129
45 133
47 118
43 166
114 168
123 160
119 150
71 204
13 201
130 146
58 186
50 171
41 57
34 35
51 106
74 152
30 152
88 91
115 174
38 83
59 194
99 189
40 116
132 167
13 161
25 44
86 202
14 192
16 65
46 156
170 196
73 180
40 103
10 25
2 102
44 163
5 137
110 148
64 80
25 194
127 193
60 122
39 191
114 141
79 139
56 99
58 165
95 165
24 40
42 195
21 42
39 187
119 191
49 191
122 202
25 147
24 68
161 162
106 131
31 133
122 125
17 99
137 164
68 85
59 117
37 197
74 94
5 35
6 150
15 106
65 184
8 135
64 161
46 118
9 164
24 70
37 104
90 91
93 185
58 100
23 174
93 112
18 25
66 89
49 146
34 106
96 149
16 87
1 97
13 137
128 144
62 203
151 181
184 202
22 201
39 76
89 112
110 169
34 158
59 202
70 113
23 68
11 84
67 137
79 160
134 180
67 85
196 201
102 112
22 61
31 202
36 70
7 167
184 195
55 189
69 183
85 102
17 68
80 204
131 185
76 190
65 154
73 78
79 199
69 107
5 27
71 93
0 135
56 117
26 139
119 146
18 175
17 28
49 91
128 193
28 65
31 134
92 193
76 110
37 182
66 167
145 152
8 160
33 128
68 189
113 131
2 177
95 200
98 131
1 58
26 68
97 141
4 28
80 83
35 65
139 195
72 196
24 144
39 195
56 66
44 50
50 160
36 51
88 185
84 115
70 116
35 37
66 94
62 94
28 61
16 139
109 122
33 137
17 58
176 203
95 149
14 35
9 155
4 101
125 128
69 129
9 70
22 124
16 161
79 92
44 181
77 150
94 149
53 94
186 187
56 97
17 178
25 84
2 44
78 103
153 160
157 201
63 195
70 75
18 123
41 182
53 68
31 182
92 122
36 77
89 177
112 113
60 192
91 156
26 169
133 155
81 181
52 168
90 137
10 118
68 100
17 169
44 195
92 168
3 10
93 151
7 43
40 81
101 107
54 100
141 144
2 130
15 83
76 83
31 97
38 170
67 88
81 200
28 178
98 130
27 130
62 196
112 154
127 138
131 184
117 193
69 93
11 50
32 167
34 78
104 123
131 155
35 125
101 140
111 200
5 26
41 173
68 198
56 197
158 159
129 159
163 185
13 79
35 180
25 146
13 45
36 73
30 87
19 67
105 117
10 134
5 190
4 184
110 149
83 174
10 188
32 172
164 196
123 204
17 182
64 146
5 152
151 177
0 76
28 162
20 137
13 118
83 110
95 125
144 186
144 172
25 167
53 193
18 104
49 102
18 88
98 192
4 126
44 109
18 125
168 192
25 156
66 69
33 135
105 145
33 121
189 193
93 201
107 122
132 172
36 166
17 193
158 172
14 86
61 103
101 111
25 89
21 52
17 179
0 126
57 104
5 127
5 168
41 162
49 135
104 191
86 120
16 63
118 200
126 139
157 197
43 167
0 145
2 117
103 184
19 99
48 198
14 172
10 16
111 174
112 144
16 129
124 183
55 114
13 66
118 160
2 143
48 112
55 177
88 102
181 196
112 185
66 101
40 169
116 187
127 146
0 22
92 110
80 149
53 106
79 134
77 197
17 126
9 113
143 203
57 150
56 179
160 202
78 146
12 18
57 185
79 122
157 170
73 130
78 188
157 179
65 122
5 154
1 17
19 70
38 44
70 88
109 187
181 198
80 202
14 178
26 117
18 124
58 152
122 186
95 191
42 92
106 152
102 118
30 110
16 186
3 27
9 125
135 169
68 188
19 161
156 157
45 72
40 62
70 171
81 140
109 191
56 154
93 121
54 197
79 124
79 147
94 116
9 197
32 36
117 201
142 146
44 102
8 194
88 155
80 161
156 199
45 150
107 186
18 173
19 192
17 114
86 154
35 54
122 153
21 157
63 140
176 188
52 112
20 190
125 192
173 200
17 137
99 158
124 198
35 82
5 13
21 146
78 167
154 160
20 204
53 115
113 149
121 180
72 143
104 153
30 50
126 160
156 180
137 180
14 67
89 141
20 56
16 181
41 90
66 168
93 97
23 119
32 102
49 103
131 192
58 147
132 136
72 158
86 118
47 101
97 153
34 101
87 155
49 84
0 32
101 126
198 201
83 144
42 66
87 95
18 32
94 201
22 203
157 169
18 109
23 203
59 86
76 106
105 157
22 111
102 202
36 188
71 119
36 127
61 62
33 150
66 140
6 79
22 65
21 107
40 132
96 192
117 161
148 193
12 162
78 175
0 27
79 82
79 94
26 155
173 189
109 170
65 139
21 91
72 92
6 171
14 171
19 40
76 136
100 180
53 157
136 170
105 192
104 137
124 180
13 15
12 99
37 165
42 52
153 180
74 136
53 104
26 95
109 141
48 86
28 198
67 150
23 112
13 193
48 66
43 106
40 68
50 80
55 80
10 68
122 147
81 185
6 187
21 101
33 124
118 123
14 127
123 136
14 85
114 127
110 197
73 204
62 167
40 65
138 157
93 146
82 191
3 181
192 196
42 161
161 174
1 63
11 83
18 87
6 31
12 80
20 55
112 171
151 200
91 185
48 131
48 142
167 194
159 174
97 105
29 102
57 109
180 204
37 147
78 150
30 151
35 111
57 159
16 56
19 66
12 111
7 134
6 130
8 106
28 155
115 200
194 202
21 138
26 197
13 156
112 116
21 120
4 46
5 183
69 168
53 107
19 103
107 190
87 177
34 189
10 194
74 85
35 121
83 136
45 153
31 154
64 87
28 171
24 88
43 84
18 103
49 82
86 175
122 123
19 87
52 198
98 161
15 73
33 174
37 123
135 138
69 175
34 98
31 125
59 153
53 66
2 9
86 87
81 151
101 128
4 104
25 93
140 160
35 200
104 160
40 108
118 170
147 166
37 203
71 118
13 98
137 151
111 146
1 67
133 203
33 94
9 13
67 199
105 126
109 134
102 196
6 41
63 100
90 139
57 117
66 188
41 159
37 130
3 114
29 100
61 203
114 172
43 171
147 183
8 132
109 151
5 78
15 136
26 85
161 197
77 114
33 163
110 153
21 115
28 131
36 123
19 113
168 178
3 16
89 204
118 176
50 79
44 108
25 133
34 90
152 164
5 116
50 158
11 55
43 198
26 129
77 198
46 56
142 194
54 178
122 174
67 126
14 129
128 184
108 112
30 55
74 132
3 169
135 153
64 117
10 193
140 148
59 106
89 162
143 153
183 191
132 156
86 180
121 190
40 106
10 83
71 180
79 142
21 171
80 154
94 109
168 189
100 146
13 119
109 194
29 101
54 183
62 201
59 73
48 60
39 98
138 190
167 188
121 192
72 147
131 196
82 175
51 154
106 193
83 97
96 139
6 193
57 163
20 157
26 152
8 77
57 147
130 192
49 72
108 177
152 197
57 76
10 17
11 79
46 70
18 163
160 177
21 199
13 117
22 94
67 96
10 22
107 124
177 183
147 186
9 204
172 178
77 133
58 200
164 174
81 167
71 141
146 177
74 97
90 201
13 81
16 103
170 179
10 157
98 166
129 184
106 180
32 171
190 196
38 128
20 85
165 174
28 34
22 42
17 176
16 159
94 197
3 138
70 122
22 45
37 58
81 114
7 63
52 159
3 94
19 109
41 192
148 179
17 40
17 101
70 192
11 120
124 136
31 52
65 74
133 167
42 81
30 114
59 118
102 176
40 42
35 188
108 134
71 187
4 154
14 80
16 64
2 115
60 202
76 156
23 35
71 156
15 157
12 144
49 171
114 156
64 196
27 117
6 152
70 186
12 60
141 199
70 110
34 185
104 106
135 159
22 193
2 166
31 201
35 171
27 97
84 99
86 157
117 118
29 159
2 39
4 77
57 161
117 150
16 142
47 50
68 120
84 158
104 119
28 80
110 185
141 178
4 65
39 185
95 145
108 172
81 100
77 97
143 180
162 191
107 110
58 124
75 92
48 134
107 203
71 168
2 124
11 73
59 193
37 157
39 53
58 84
124 129
49 83
34 107
96 178
13 37
38 172
53 86
36 161
65 201
146 197
7 114
28 115
76 168
51 165
173 201
54 193
92 169
45 89
86 137
37 57
103 197
151 179
82 163
110 118
19 112
163 181
2 18
85 123
162 171
114 145
1 197
13 143
140 143
54 79
76 113
81 144
121 148
159 201
38 187
1 12
107 172
11 150
46 202
101 122
3 62
129 188
76 187
133 157
195 199
98 125
66 75
39 47
43 76
35 181
34 136
164 171
13 160
56 198
148 154
146 152
5 148
35 88
81 107
0 203
78 172
16 30
12 64
50 68
13 169
101 108
82 137
34 199
158 174
39 71
52 187
103 178
145 190
47 179
20 48
22 57
128 188
89 131
95 197
129 177
50 142
139 193
84 180
29 160
31 54
36 148
96 132
73 172
76 85
46 83
59 61
94 193
142 189
56 141
60 165
56 70
102 154
67 169
56 101
73 100
131 145
7 176
149 172
122 201
72 199
60 82
44 98
5 182
145 174
33 134
87 109
133 168
99 135
3 64
41 149
67 163
24 39
13 179
100 186
5 49
114 169
129 189
126 204
90 93
112 138
1 137
54 65
111 149
57 154
24 55
3 52
70 189
52 118
137 163
10 160
145 186
127 185
58 175
129 163
42 144
83 183
18 131
201 203
28 51
6 139
32 101
23 151
158 203
1 166
118 195
52 59
24 141
54 95
57 123
137 199
112 150
41 84
33 76
14 134
71 77
36 147
65 82
164 193
60 127
107 133
64 179
33 72
30 59
41 129
102 180
158 170
31 119
55 170
21 190
39 127
123 176
45 138
37 202
91 123
14 176
129 176
99 112
59 128
94 176
79 114
90 156
126 163
88 162
97 190
76 162
56 82
71 152
106 115
12 92
107 188
57 166
175 194
145 199
62 109
62 124
33 183
127 174
17 135
183 200
100 120
99 170
61 197
87 171
57 136
166 186
41 158
127 194
94 157
42 72
60 196
28 38
18 55
157 166
0 152
18 154
111 196
23 175
51 110
57 87
7 179
148 149
84 203
31 138
178 199
119 203
112 122
9 152
46 169
113 178
3 4
2 81
16 105
78 183
25 103
24 186
16 135
149 161
75 177
104 156
140 149
160 179
99 156
115 178
175 198
65 178
120 182
66 81
104 147
21 36
106 182
152 174
35 108
173 174
29 30
116 203
85 132
28 73
88 141
49 85
166 187
94 125
105 196
11 134
133 198
102 186
155 176
3 204
83 204
62 152
24 53
75 112
35 199
40 45
29 84
9 41
29 53
104 168
122 130
47 180
41 179
91 113
136 173
60 168
17 146
88 197
1 78
54 139
23 25
153 184
56 63
109 164
105 164
45 142
36 138
69 176
3 165
115 193
156 167
30 147
126 140
59 81
77 158
16 26
120 168
19 86
58 92
125 150
76 81
25 185
77 127
125 161
101 198
73 137
131 136
47 52
42 61
114 121
126 201
30 162
33 86
76 87
97 115
64 135
157 200
25 195
59 93
0 171
24 140
9 42
25 81
10 185
146 161
140 161
52 131
95 198
127 201
65 173
13 106
93 118
15 162
88 150
101 135
76 179
89 191
50 138
7 13
21 139
51 171
9 79
20 24
15 71
38 68
35 71
31 165
106 139
53 60
16 166
20 35
48 159
51 198
28 109
33 190
117 174
30 34
117 185
148 160
102 150
5 138
29 190
63 141
7 126
24 173
92 170
140 185
94 126
6 16
121 200
4 107
126 164
9 57
134 143
5 158
1 94
56 145
57 169
26 74
90 162
45 75
24 165
37 60
28 36
130 148
37 141
152 175
127 191
19 146
24 27
77 90
13 17
24 89
106 130
5 117
180 192
46 117
32 144
59 112
21 187
116 135
130 163
73 132
18 107
154 187
68 158
87 96
73 82
141 197
67 109
116 191
45 70
57 140
60 105
70 153
44 189
21 204
44 112
97 98
20 145
121 194
6 44
3 150
160 173
83 100
142 191
150 202
112 114
10 148
51 142
94 146
153 164
27 155
49 130
74 170
77 191
88 172
44 169
86 96
145 204
12 181
111 175
126 166
36 97
42 59
95 157
45 101
39 101
7 19
58 131
51 136
84 134
24 185
94 182
135 174
184 197
63 68
6 11
82 119
80 135
63 95
116 149
24 41
21 145
125 160
126 151
141 204
138 143
68 111
67 190
35 60
122 134
80 190
140 174
105 139
5 80
70 128
95 158
36 169
9 40
51 200
129 199
84 171
49 127
75 180
14 37
80 175
87 179
8 58
15 132
51 93
37 180
93 114
80 102
35 124
40 70
47 200
13 121
61 106
56 100
71 166
111 194
76 128
149 169
4 181
76 78
31 96
5 110
93 123
48 61
73 123
122 179
108 185
31 169
58 110
100 166
117 129
10 23
48 145
62 99
5 59
172 173
88 92
53 176
61 109
78 187
35 38
55 191
56 119
84 133
6 51
48 191
60 61
91 157
86 155
75 156
28 153
9 67
93 119
9 138
1 133
58 150
70 101
40 182
63 109
130 199
7 94
11 162
43 85
33 203
22 186
70 159
86 192
42 184
33 52
6 13
91 124
28 102
149 154
26 144
11 40
90 146
32 201
54 145
46 93
81 96
43 199
42 87
22 158
8 119
111 113
195 201
17 112
19 79
116 145
57 97
90 170
137 203
35 80
109 153
21 41
38 109
41 114
119 130
83 93
46 137
5 99
117 191
140 176
78 180
112 186
123 177
139 157
7 142
13 47
150 172
18 65
41 140
65 111
55 198
56 162
26 132
104 175
51 176
22 86
4 195
23 66
21 136
74 177
77 173
179 203
48 90
15 173
35 74
116 142
116 121
112 162
85 96
96 177
14 191
11 171
58 134
21 203
27 28
55 117
89 198
192 198
31 85
184 188
34 197
62 197
38 175
52 184
24 187
60 103
22 183
50 131
25 96
106 150
15 49
62 202
49 183
34 91
33 192
3 112
39 115
20 31
106 203
20 183
90 159
16 146
29 174
108 175
122 131
38 60
67 130
116 117
173 203
120 165
66 164
82 91
7 160
78 173
41 136
153 163
150 200
84 113
89 108
55 137
40 152
26 99
113 196
97 154
26 195
0 53
98 187
27 128
39 182
20 63
52 151
12 167
27 61
24 168
27 164
127 154
97 134
17 31
99 164
170 194
30 105
71 120
73 184
63 89
71 98
109 166
109 177
142 181
60 161
16 96
25 105
3 158
12 200
96 164
105 200
2 43
30 167
14 194
66 68
23 100
60 131
13 198
17 29
6 165
78 196
41 108
3 63
104 116
130 173
23 58
82 110
71 145
61 160
20 46
40 97
18 141
90 163
4 10
168 194
108 114
30 88
43 79
107 181
114 182
26 31
171 197
87 198
13 141
52 200
48 166
31 184
2 74
26 86
63 142
119 159
33 114
29 73
15 44
116 134
39 91
1 36
130 144
51 139
27 189
1 163
114 176
27 165
36 66
49 122
106 140
104 110
28 116
71 203
161 204
164 185
28 111
27 131
65 108
36 62
162 189
49 200
108 187
57 79
25 95
20 186
73 168
37 49
15 82
69 171
138 171
36 134
42 69
31 175
101 118
39 171
0 150
97 121
54 172
126 173
173 191
82 196
19 26
8 104
39 131
2 170
18 179
81 188
13 167
23 75
35 152
97 149
145 147
54 149
64 147
38 160
31 106
138 146
75 78
38 91
36 83
39 152
52 78
40 133
37 82
1 178
19 75
52 105
51 167
170 185
47 65
42 123
92 201
62 137
158 180
70 91
67 103
49 88
123 166
46 184
164 198
59 141
7 122
79 125
142 203
92 134
12 117
83 128
147 202
111 183
83 156
40 104
114 164
35 119
12 106
132 195
36 47
36 165
93 128
68 123
46 159
18 158
99 182
164 170
52 74
90 128
71 179
37 155
137 189
119 194
42 199
148 159
34 124
76 100
9 44
3 111
87 192
67 187
169 178
13 162
73 185
5 147
114 163
92 143
78 112
63 183
52 86
163 204
94 112
48 155
33 107
87 119
37 113
122 169
59 83
117 172
115 186
45 161
191 203
29 99
96 204
166 201
79 170
114 130
46 122
10 80
61 129
89 129
98 147
57 142
139 201
34 176
58 79
11 141
48 124
6 91
165 196
41 97
96 156
60 179
55 162
18 39
61 182
14 153
55 163
29 66
148 165
44 96
32 58
79 164
92 184
137 181
167 185
59 125
25 184
65 126
91 110
95 109
72 138
48 151
148 183
123 201
10 178
74 82
3 166
143 144
70 124
33 141
77 93
23 199
91 178
16 177
68 163
90 179
80 193
20 159
36 111
50 140
46 141
86 172
95 97
12 176
36 56
0 154
18 188
24 175
26 116
29 133
56 127
60 65
90 134
127 167
5 90
32 124
28 42
75 102
120 139
5 87
138 155
15 133
18 161
38 51
55 174
55 90
48 116
24 94
114 170
139 198
94 178
66 157
121 143
102 110
102 169
77 203
44 49
61 66
68 103
163 197
136 160
8 52
95 140
101 180
53 163
32 48
31 150
22 181
132 139
78 98
20 146
148 177
110 163
8 49
65 67
61 177
9 177
4 187
7 185
16 204
40 178
4 152
156 173
186 189
59 154
8 110
77 192
100 101
186 196
31 156
44 119
174 199
15 19
131 178
124 128
99 147
67 129
56 77
182 187
36 195
124 179
112 197
89 197
84 95
30 202
31 109
54 155
50 144
176 200
31 192
154 171
107 176
103 170
115 138
25 49
69 72
115 165
59 95
20 25
1 71
32 160
11 123
166 193
58 99
50 92
17 200
30 82
6 160
100 187
125 143
99 162
74 190
96 103
153 159
93 131
13 180
32 157
17 151
21 192
119 202
85 126
181 201
7 101
168 169
171 178
1 203
120 184
114 185
55 65
68 195
0 136
146 149
61 167
69 77
19 175
84 107
29 176
77 144
69 73
66 197
110 170
70 200
16 88
94 166
45 76
88 198
150 189
9 129
40 125
74 109
14 197
133 170
41 127
57 130
117 176
2 163
126 154
19 61
90 172
30 186
122 185
38 182
68 145
15 27
50 51
57 197
147 181
58 106
44 194
33 51
51 161
81 143
135 158
12 47
42 179
37 184
94 122
50 192
23 96
71 90
54 99
117 192
145 195
78 145
3 110
14 77
154 178
63 193
25 141
67 198
34 111
38 105
52 204
36 38
6 74
72 200
1 22
72 128
126 148
33 116
73 186
185 194
15 37
43 88
4 165
112 165
23 46
114 199
128 164
112 191
19 102
71 198
48 76
53 82
1 54
63 160
96 176
12 23
117 164
107 140
83 131
153 191
2 198
78 86
81 102
31 174
121 182
32 186
107 145
94 154
2 29
131 198
16 107
71 75
100 132
80 196
126 180
17 54
10 140
33 125
23 55
95 195
57 62
130 177
111 151
154 199
33 105
88 140
76 84
76 90
119 171
148 186
40 66
129 191
61 98
81 180
153 196
108 159
92 167
85 130
120 154
63 188
52 146
4 30
61 204
34 70
155 168
1 106
16 118
60 197
52 157
48 154
11 142
66 200
14 149
10 179
59 82
49 156
26 165
152 165
17 105
74 118
107 198
16 155
2 145
1 183
68 102
123 127
91 193
134 178
39 203
70 174
8 188
76 93
83 143
40 41
28 64
14 168
115 203
71 188
18 138
106 147
104 141
2 71
91 107
32 121
65 199
52 92
165 182
70 169
35 41
7 14
114 162
19 55
34 77
20 102
143 170
115 116
69 137
12 130
47 121
27 74
40 126
46 59
22 132
0 72
73 74
44 115
128 145
146 187
133 180
52 117
7 117
46 180
120 156
41 55
116 157
139 189
55 166
59 165
81 147
136 178
77 113
41 64
50 75
160 161
13 191
94 102
91 122
6 174
105 141
6 12
30 123
44 165
88 200
15 197
162 192
63 120
46 57
121 126
36 122
5 165
75 84
118 127
85 203
32 98
134 175
170 183
4 168
53 139
24 25
29 151
67 156
9 53
84 128
112 135
39 77
10 156
15 77
78 104
12 157
43 54
82 157
27 60
187 194
160 162
119 199
24 49
18 71
12 44
14 183
44 48
36 93
132 135
30 64
89 130
143 157
25 41
14 190
104 149
32 134
7 16
83 108
167 198
3 70
109 142
99 110
74 120
74 139
171 184
153 201
77 109
1 98
49 152
162 175
78 192
40 176
22 26
92 95
7 120
8 95
5 170
41 148
10 66
51 155
50 186
30 90
103 199
46 136
0 165
21 86
44 103
108 130
174 190
12 91
164 190
82 121
87 181
123 171
157 194
63 123
113 203
81 124
81 194
19 129
113 147
50 63
68 168
9 16
118 161
42 132
112 181
120 146
98 109
101 131
61 201
12 68
86 158
78 158
108 109
12 77
30 185
74 79
64 65
118 196
16 49
33 122
131 143
18 97
144 190
30 200
13 159
25 143
143 160
48 127
9 170
60 96
186 203
3 172
17 18
93 145
74 113
39 105
42 125
180 197
5 131
53 189
53 56
152 155
98 194
99 131
77 160
31 61
139 145
126 186
150 186
56 59
97 179
41 52
47 60
146 165
119 165
106 168
41 168
39 56
39 40
130 198
6 201
9 59
143 149
80 159
19 150
106 160
23 85
115 164
56 142
178 196
120 187
101 102
51 163
86 156
86 136
27 81
84 150
63 185
44 94
10 202
43 161
160 193
116 181
4 204
33 77
145 178
124 200
53 121
111 177
122 149
22 23
120 150
20 197
121 149
107 194
14 49
107 135
91 94
161 198
12 163
123 188
115 142
25 191
13 20
108 140
37 201
49 101
83 149
110 151
66 194
71 102
159 170
116 146
8 133
28 87
64 115
145 197
131 187
30 106
5 30
91 169
108 135
97 162
17 117
91 184
25 82
63 114
77 132
65 134
39 75
110 121
29 39
114 148
101 134
83 87
11 187
7 135
174 198
59 190
99 111
57 63
47 153
139 204
63 108
90 129
5 191
163 191
97 157
43 184
54 189
45 50
63 76
42 78
40 195
26 203
17 186
6 28
111 165
65 107
28 99
131 133
172 175
21 162
58 114
20 182
33 48
104 128
85 111
51 137
74 126
6 144
12 177
84 135
62 174
43 153
17 95
103 115
79 113
106 117
31 167
137 188
129 190
106 178
37 41
92 202
109 129
105 171
190 200
73 203
91 194
6 199
22 175
122 166
36 139
23 135
40 168
55 127
77 112
50 125
156 164
9 194
74 171
0 57
50 198
41 185
149 159
48 117
129 150
21 164
45 149
0 89
153 199
93 150
28 151
37 167
170 174
135 187
117 178
112 145
42 47
69 152
109 162
151 172
43 53
18 26
45 132
95 153
104 108
19 38
12 54
79 191
83 167
19 134
85 131
14 55
83 140
101 167
33 68
55 130
85 166
131 167
18 118
86 196
10 44
50 194
42 198
109 199
64 99
134 174
15 110
36 63
20 74
16 95
39 153
118 157
160 183
92 194
146 181
101 145
104 171
124 133
124 134
102 131
50 169
68 95
11 110
18 99
179 190
71 83
25 187
44 200
158 160
23 161
25 43
124 152
91 201
40 119
35 106
96 138
121 145
64 158
6 110
36 103
73 105
161 184
97 118
176 185
91 192
147 193
22 180
122 204
72 190
11 78
58 108
126 190
53 147
8 100
29 68
50 104
68 141
49 109
37 192
18 43
52 167
87 195
78 122
95 119
88 175
0 170
33 61
116 197
37 152
27 106
62 111
15 104
17 174
10 199
2 46
64 149
39 43
10 97
15 28
54 113
160 186
15 123
60 140
160 195
25 121
102 174
73 140
121 138
11 54
35 184
142 166
170 172
112 190
107 156
10 54
10 78
44 191
10 98
19 157
162 196
0 88
134 182
84 174
31 62
70 107
10 32
74 143
32 112
95 131
41 123
28 139
129 185
168 191
80 138
102 151
62 93
98 107
161 196
122 203
110 123
42 162
76 154
20 123
7 118
34 201
131 170
31 67
148 203
73 115
112 196
71 153
100 175
6 20
9 24
20 97
155 186
98 138
49 190
106 154
23 190
107 180
40 142
121 132
46 132
9 127
115 187
19 182
183 204
48 189
32 159
83 172
22 95
61 135
102 123
150 198
126 135
54 110
20 153
11 189
21 148
40 171
41 105
68 112
45 69
55 103
15 101
72 185
48 62
61 142
51 147
86 194
76 137
87 166
21 103
117 194
67 98
82 86
13 155
63 144
134 167
47 139
0 158
149 184
6 84
167 176
100 111
165 185
19 193
21 85
186 192
57 64
12 195
57 149
60 189
89 97
22 90
158 176
92 180
99 100
66 122
10 34
126 194
6 52
106 148
68 143
89 146
17 183
94 113
64 141
7 87
16 164
16 175
73 166
10 186
49 70
82 138
38 151
117 173
73 95
13 22
41 78
26 200
17 96
44 144
168 175
68 91
8 174
174 175
54 180
150 196
44 116
24 127
56 126
142 165
8 142
59 103
124 140
40 101
19 47
20 113
62 128
152 153
53 73
117 199
113 132
35 84
68 130
82 89
57 124
127 171
46 186
143 182
149 196
201 202
80 155
8 64
20 164
146 203
127 202
19 34
65 75
0 108
28 113
172 198
68 176
33 147
142 185
77 135
21 127
126 155
88 177
140 141
62 181
59 104
5 201
10 48
29 147
169 177
76 94
58 156
91 105
181 188
132 154
139 175
1 108
135 145
0 79
21 25
174 203
76 114
112 161
101 204
28 172
37 122
30 197
108 194
16 122
138 150
17 121
91 186
12 39
50 174
139 170
153 154
23 179
63 136
77 166
37 88
16 93
20 161
125 191
60 136
135 200
117 175
154 189
110 120
70 149
47 111
42 50
12 131
62 129
12 27
2 157
65 73
112 148
125 137
46 85
135 193
47 136
97 135
10 92
34 153
55 143
27 38
136 202
81 104
120 179
23 33
47 203
63 152
23 195
87 189
137 138
17 25
37 156
116 198
73 171
17 187
83 133
34 119
148 150
61 186
6 136
36 71
88 110
57 190
54 142
49 115
14 70
37 48
21 83
32 60
25 42
136 140
2 68
102 157
132 159
125 189
19 71
96 157
14 152
127 135
34 41
1 87
122 136
114 191
133 196
10 69
63 111
98 114
164 194
105 185
0 91
27 94
23 52
52 72
132 170
54 84
112 124
67 177
93 120
51 57
69 149
23 168
90 106
81 125
95 204
89 175
14 42
87 191
157 161
1 82
139 200
4 41
14 166
15 163
71 104
31 70
178 186
3 98
18 189
20 132
8 11
42 158
171 203
156 200
110 162
59 163
75 120
63 82
4 26
36 130
14 114
89 119
12 123
22 134
147 162
5 56
47 156
58 204
55 193
104 176
98 118
22 44
41 101
149 188
30 198
10 12
46 60
5 167
33 97
136 141
84 179
1 131
128 167
34 168
101 161
3 21
122 175
100 104
1 128
55 147
57 160
9 35
66 170
60 69
26 38
14 82
78 197
158 192
45 177
189 199
111 148
2 82
121 136
48 75
2 132
123 194
97 177
25 166
0 73
36 144
37 64
120 152
66 85
54 72
66 137
87 149
93 192
96 158
51 91
28 46
150 173
74 176
58 130
74 76
118 133
8 123
21 161
179 181
51 109
25 94
57 88
97 196
124 146
1 23
57 89
11 190
24 56
114 192
135 155
19 130
114 128
12 197
133 200
20 177
39 145
86 93
23 156
1 29
147 197
39 61
29 179
126 199
44 178
79 121
151 168
97 148
54 200
70 112
96 122
29 74
14 193
62 92
1 199
66 148
131 134
97 171
1 102
37 74
6 39
106 189
134 162
24 72
13 173
166 204
141 158
133 191
55 87
64 76
129 172
103 200
144 185
191 194
9 96
138 158
115 177
86 131
6 191
147 167
7 186
125 187
15 115
70 80
172 183
79 203
93 191
82 172
27 199
3 198
41 174
131 189
78 95
16 20
104 145
151 194
30 153
64 113
9 10
67 157
56 131
130 159
5 52
43 160
18 201
71 107
131 193
4 163
88 176
66 83
119 132
2 194
75 119
36 197
63 200
70 181
82 162
57 70
24 79
33 49
123 159
18 95
9 189
87 180
180 189
10 106
28 123
26 51
39 151
2 126
125 130
68 94
26 80
70 163
178 183
25 173
14 187
26 65
72 95
59 171
53 165
26 105
123 167
49 67
72 74
92 157
58 194
34 133
67 97
17 38
6 63
137 165
137 183
15 65
32 114
67 112
121 170
14 184
73 136
84 94
55 181
78 83
129 196
23 61
0 104
23 126
74 198
70 178
166 196
111 120
76 158
6 46
76 116
42 187
55 168
120 185
44 175
60 100
18 140
166 180
107 175
54 101
16 18
27 88
41 199
90 109
62 126
29 40
59 172
113 115
92 121
11 62
152 156
133 161
66 169
27 187
104 125
129 183
22 110
52 116
48 156
103 191
32 133
73 128
118 204
43 133
68 152
87 183
45 63
28 122
46 104
185 198
82 140
109 152
75 81
191 202
101 149
56 134
7 182
40 145
90 194
105 188
62 149
5 101
147 171
6 167
104 143
28 90
64 167
1 18
118 138
112 175
4 62
26 57
78 152
14 204
115 130
132 144
80 139
67 195
127 189
56 180
46 112
101 123
0 137
119 133
89 201
13 92
74 111
49 143
176 196
58 163
25 170
32 197
78 97
63 96
5 169
130 164
103 116
76 99
52 64
167 204
11 194
38 86
61 171
114 183
53 88
75 144
160 194
87 100
92 147
27 197
22 141
41 104
68 160
32 181
6 40
31 176
198 200
165 171
133 154
73 126
0 43
78 91
85 196
171 190
71 151
186 204
30 169
52 192
153 198
27 90
40 183
64 163
103 162
116 190
34 190
33 146
72 99
2 42
34 67
18 38
13 58
39 130
105 108
123 140
3 167
91 160
150 191
124 204
5 126
148 189
147 192
61 99
83 185
76 101
32 143
41 74
19 186
9 28
30 61
155 200
60 66
26 87
7 131
125 135
17 87
43 185
64 144
13 42
98 134
45 186
98 200
107 112
5 113
82 116
5 163
24 87
122 172
53 185
2 169
111 160
72 110
43 44
9 122
28 120
83 169
49 111
20 64
71 161
63 99
0 66
13 189
128 202
164 186
4 52
23 83
41 154
31 143
49 153
89 127
32 38
15 51
75 182
39 132
24 138
120 176
71 87
16 149
156 172
14 143
59 151
99 195
84 85
41 131
109 160
12 191
87 163
113 202
43 66
52 203
54 57
179 192
35 118
93 102
153 204
123 197
46 191
37 159
86 90
7 168
68 133
7 59
164 201
51 59
10 57
39 183
139 191
47 169
165 203
23 140
106 167
141 147
71 130
15 170
48 92
158 164
135 185
128 171
5 40
31 49
33 168
139 161
60 75
116 196
2 47
45 51
110 125
123 150
60 90
70 201
22 191
1 189
89 171
95 172
47 144
52 104
10 121
41 87
46 194
56 159
9 130
86 127
46 81
179 188
57 116
97 137
2 45
83 202
101 170
10 131
73 117
12 121
99 124
62 170
82 143
111 181
115 191
86 199
28 100
92 100
3 129
54 152
49 61
34 191
28 135
62 121
36 149
43 69
162 183
166 202
136 163
32 129
48 135
57 180
56 192
67 81
61 169
31 102
110 184
4 164
16 43
44 53
61 84
92 106
55 153
176 180
151 161
182 201
38 84
61 114
105 193
12 90
45 114
32 126
41 109
146 176
127 178
22 48
10 73
140 189
56 68
170 178
57 86
16 195
41 193
128 165
59 89
129 165
26 44
69 145
0 49
84 187
103 164
12 168
53 89
42 168
5 204
11 131
14 131
150 156
51 135
104 196
57 137
23 125
128 161
12 76
118 197
193 204
78 107
65 84
168 172
121 204
105 191
85 143
29 95
40 190
58 136
151 180
193 198
139 146
58 184
32 87
157 167
1 62
60 77
80 203
56 170
56 186
179 191
14 101
168 180
171 202
93 117
129 160
13 196
30 128
39 97
66 166
67 178
165 190
140 158
24 203
1 204
31 76
121 201
105 132
84 194
83 179
0 162
86 116
177 202
113 187
140 163
130 191
71 143
141 186
67 203
104 184
38 97
14 16
30 69
49 110
87 115
4 18
115 124
124 125
45 174
42 104
75 175
54 69
110 142
33 157
115 123
139 187
134 198
34 195
11 47
115 128
13 91
31 144
64 107
47 64
163 202
43 92
73 94
65 168
49 138
33 82
54 153
16 153
18 79
88 95
0 23
159 196
160 189
12 71
49 187
45 62
31 173
57 193
47 185
32 35
85 197
41 81
120 200
64 176
144 149
4 130
17 168
20 68
36 58
26 168
49 118
25 85
11 77
109 116
82 97
65 151
42 165
3 145
16 25
2 154
63 186
123 145
40 114
84 142
95 112
116 170
0 122
61 133
156 196
62 114
91 137
175 178
25 28
5 24
111 163
83 147
21 87
29 91
42 143
95 166
4 82
99 109
95 177
25 91
60 84
121 184
19 162
82 133
3 89
17 21
78 121
49 144
0 155
98 185
139 155
31 157
41 166
111 195
121 177
78 181
133 181
2 129
112 134
122 161
39 160
0 125
57 146
84 166
127 151
89 200
45 59
65 142
124 177
19 147
109 148
128 139
107 164
99 148
78 201
26 89
11 52
33 151
78 118
42 67
166 176
184 199
169 187
163 198
133 146
17 166
162 187
127 184
157 202
95 163
92 133
33 59
11 68
59 70
55 196
31 37
98 136
9 131
88 170
3 174
110 137
86 111
65 104
14 123
143 190
40 153
86 184
19 21
22 24
30 155
18 190
71 81
87 105
1 169
45 118
71 111
4 188
0 130
33 195
167 178
120 153
48 160
61 67
103 129
27 75
37 169
54 74
92 163
18 144
7 178
138 139
108 120
179 182
122 148
14 137
143 195
74 202
69 78
59 152
86 104
51 133
5 28
11 69
8 144
96 141
71 115
69 185
60 155
97 112
29 50
20 104
16 100
37 166
134 159
10 28
118 154
42 154
171 198
152 188
111 140
152 201
92 97
18 83
106 141
50 143
22 159
196 198
47 106
42 84
77 168
43 170
72 80
121 135
141 146
69 161
19 158
95 202
103 132
5 81
83 86
72 195
117 202
128 183
7 152
134 191
10 13
1 176
135 152
147 165
113 194
93 116
162 199
43 176
22 204
111 197
54 88
88 199
74 142
81 159
33 84
33 41
70 164
8 204
126 129
53 93
90 175
1 24
156 182
85 170
96 160
105 120
92 141
51 111
36 82
18 183
40 91
3 50
187 189
100 126
41 191
95 101
53 168
73 122
147 200
0 178
17 107
44 47
159 199
5 43
87 196
9 147
85 200
10 26
61 121
187 197
98 199
35 159
113 174
78 106
23 185
21 82
6 23
2 184
7 105
105 159
117 141
47 72
36 137
138 148
72 82
115 184
45 129
70 187
110 119
110 124
12 174
17 32
74 162
25 199
123 170
4 85
3 182
33 144
76 135
7 91
14 185
14 23
134 137
43 187
127 155
147 182
92 98
22 152
112 160
148 163
40 115
59 199
54 147
2 192
46 82
15 158
102 134
56 136
3 109
0 78
188 196
57 119
61 193
86 102
2 106
87 190
3 90
59 145
4 171
88 171
64 157
155 173
113 152
160 203
93 169
41 106
34 108
45 49
16 130
26 54
72 171
24 137
0 56
43 172
121 141
113 184
68 157
50 118
82 158
81 134
176 191
13 175
164 177
117 134
58 199
110 171
72 186
199 201
132 176
85 120
88 129
34 137
10 126
101 120
55 183
35 94
119 201
107 171
86 187
18 167
99 157
130 155
45 199
26 170
37 89
20 126
19 148
183 194
167 183
52 120
21 22
54 82
87 139
118 136
42 151
63 171
85 201
61 68
9 37
0 38
52 181
9 133
1 148
57 100
74 84
28 133
82 130
34 167
63 128
139 149
43 73
118 120
3 175
21 75
20 160
14 117
122 176
26 166
140 171
65 69
149 155
30 81
31 55
96 137
68 183
113 182
3 179
62 191
98 104
51 55
9 50
76 118
92 109
86 168
182 193
34 55
60 134
145 170
82 122
131 162
178 190
142 143
0 169
52 65
84 123
34 156
79 202
54 138
3 14
9 185
10 138
113 165
24 180
139 166
42 88
32 44
153 181
71 197
45 103
98 152
93 188
65 171
39 55
58 146
110 112
36 175
28 160
45 148
56 132
137 142
13 83
28 167
144 148
47 133
30 120
7 193
42 138
136 203
144 178
116 148
72 79
19 166
163 193
107 114
15 41
33 138
151 176
125 173
52 133
102 107
107 204
139 183
78 84
61 89
46 116
79 148
2 67
120 142
22 179
1 21
40 196
7 196
0 185
35 101
119 184
51 180
9 78
17 165
66 160
111 169
34 192
85 155
60 78
61 80
146 196
189 197
120 128
40 111
10 170
17 79
48 169
69 118
47 146
94 179
136 180
86 176
89 105
57 194
14 96
59 162
3 146
18 139
53 151
169 190
17 103
22 166
0 197
113 148
82 147
7 125
43 83
1 120
45 176
151 156
82 100
100 153
7 149
35 72
175 200
147 176
101 129
162 186
31 101
55 199
67 76
22 49
146 148
4 193
5 176
115 171
34 127
59 96
58 135
136 185
134 142
121 195
5 123
27 79
21 79
125 139
130 157
16 197
71 195
37 162
13 166
46 131
92 93
34 47
19 100
23 32
48 153
14 109
18 56
120 149
76 186
14 27
8 181
35 78
56 103
35 144
82 84
144 201
49 117
16 46
122 156
169 198
78 100
64 104
3 197
7 162
55 182
132 185
54 70
11 125
33 179
87 137
163 174
26 121
91 173
4 175
27 53
4 142
15 119
51 119
111 153
32 46
159 185
19 153
125 198
53 156
6 83
95 164
40 164
111 178
180 200
166 171
114 117
47 114
49 99
133 204
111 145
4 149
48 72
161 203
30 173
64 108
113 123
40 71
17 30
124 178
81 117
49 159
51 126
29 35
73 118
26 39
24 151
25 113
23 133
82 113
85 93
76 131
83 162
46 203
28 176
89 148
76 200
117 163
180 194
90 145
93 190
124 182
54 75
0 120
28 154
74 173
99 114
51 202
70 144
63 101
81 112
131 188
49 164
76 191
6 78
155 178
42 145
30 79
93 152
50 153
57 122
39 60
26 114
17 133
197 202
69 97
62 195
116 123
81 171
18 180
2 37
17 153
166 189
181 199
167 170
55 167
59 69
64 97
8 102
64 126
25 161
93 141
60 163
11 135
29 139
103 159
27 201
39 79
132 157
119 126
120 181
5 66
183 201
44 162
113 199
94 147
42 176
36 112
33 132
35 55
15 109
63 83
141 193
49 185
49 163
64 166
86 183
15 93
29 135
125 172
25 106
103 153
104 158
18 72
94 118
68 142
102 116
67 99
75 104
57 95
4 202
14 76
139 182
59 126
63 158
41 51
8 26
24 51
161 179
117 139
15 160
12 97
44 100
79 163
86 145
105 178
61 107
71 178
15 66
37 196
44 156
48 84
24 189
31 145
6 133
87 112
106 144
33 185
58 176
12 152
87 131
20 54
103 114
77 190
48 152
26 66
36 100
83 170
36 108
17 100
29 130
2 150
4 58
97 193
167 182
16 67
64 188
101 193
52 171
144 202
7 77
94 145
24 111
27 150
85 140
104 109
2 168
82 98
135 204
42 54
6 104
167 190
80 140
96 104
156 203
56 199
6 62
7 163
155 183
60 126
45 197
26 29
88 107
25 116
94 169
14 32
35 70
43 122
66 198
34 121
63 113
161 172
22 80
114 135
14 63
47 147
120 170
122 196
78 203
45 184
98 127
7 150
99 142
24 113
89 192
8 93
113 173
39 174
69 144
106 188
87 92
127 179
12 183
48 188
43 191
90 105
44 110
53 187
3 191
142 199
1 161
111 203
105 197
2 156
70 143
53 116
30 172
7 138
89 150
103 147
170 187
18 112
61 189
28 146
34 92
129 156
86 200
7 73
26 164
24 48
61 85
14 104
43 190
15 193
102 113
125 202
0 96
23 109
115 180
20 117
151 199
90 118
73 183
127 200
69 136
73 181
15 143
57 133
25 122
31 115
4 156
33 89
51 104
141 142
50 197
51 123
93 113
40 121
54 64
16 152
33 172
15 24
117 124
57 78
25 45
0 201
86 123
143 165
48 54
25 128
50 59
35 103
8 151
86 201
31 44
150 197
19 198
36 199
100 200
26 46
58 82
59 203
115 163
95 122
76 163
22 174
199 204
4 39
14 202
74 163
184 198
41 143
9 22
130 178
149 182
22 36
31 114
63 138
79 135
193 203
131 147
53 144
6 97
127 186
65 100
130 149
35 68
4 194
8 171
69 154
128 132
94 144
126 189
24 45
72 129
61 178
107 165
45 96
105 156
110 187
87 124
75 94
92 96
6 161
49 87
15 90
125 169
68 179
65 150
44 46
59 127
104 201
13 200
24 96
20 32
14 71
21 121
22 170
62 142
41 85
80 191
13 171
12 28
67 114
9 93
83 184
112 176
46 102
49 189
35 58
74 101
25 179
44 131
131 172
18 185
189 202
93 195
74 154
84 109
115 148
16 120
91 165
142 187
175 191
4 92
151 193
25 77
74 172
53 177
28 97
19 59
79 104
180 193
101 177
3 12
74 106
45 83
48 183
83 173
18 191
63 172
85 187
60 203
3 122
55 185
3 61
54 163
11 93
43 125
166 188
6 50
26 78
97 180
20 193
51 83
122 193
46 124
51 184
0 144
90 181
56 143
80 163
70 185
3 69
17 37
40 95
3 47
11 21
50 181
100 114
18 31
135 179
73 162
103 196
58 154
11 96
40 136
21 31
91 148
5 198
23 160
7 157
27 77
35 177
0 117
86 167
32 150
56 81
22 118
45 196
125 156
20 92
70 182
66 74
96 165
170 176
50 163
127 134
119 197
40 124
1 162
86 165
35 196
91 118
28 56
24 149
5 105
27 96
81 132
32 145
29 113
97 201
22 121
41 186
130 185
31 46
113 127
7 31
25 40
99 138
70 156
44 168
44 77
0 98
90 189
79 201
55 93
129 133
162 180
138 152
36 104
120 144
56 158
88 126
22 165
36 74
57 189
42 86
78 102
95 175
33 108
29 52
20 125
32 153
23 34
94 190
103 180
65 92
32 185
12 119
91 167
45 117
132 148
43 165
68 80
0 109
152 192
89 123
83 130
9 99
47 183
154 193
124 196
25 203
90 148
89 153
78 149
40 172
90 184
4 197
78 123
44 84
33 35
123 189
1 143
41 107
8 153
45 58
115 146
35 47
67 102
40 117
34 95
16 102
57 94
49 89
43 68
4 136
33 92
141 170
49 132
84 96
44 45
69 169
33 96
170 182
159 203
91 129
68 182
52 69
101 163
91 179
78 120
63 121
128 173
106 116
18 63
168 183
27 139
87 176
188 198
45 165
95 141
69 94
111 128
129 135
89 174
109 126
84 188
73 182
138 161
13 132
27 82
128 136
58 171
6 8
38 74
46 195
17 34
79 116
37 133
15 154
76 175
156 159
82 126
105 115
39 104
34 142
81 192
147 170
41 150
22 34
41 177
31 203
22 52
17 47
115 169
81 103
187 198
66 92
137 186
90 185
34 183
75 155
46 147
20 174
45 57
112 147
25 134
9 150
82 199
20 98
147 161
1 193
17 177
114 190
74 197
15 45
70 121
3 81
48 199
7 55
23 127
9 36
8 31
0 200
14 180
182 203
99 123
105 118
139 192
149 162
141 198
125 148
144 163
87 184
130 182
71 109
5 118
96 184
53 175
62 83
70 100
20 130
26 146
53 142
52 107
26 67
89 140
66 180
5 178
38 62
102 109
24 95
108 110
13 86
96 189
35 145
48 165
11 22
47 192
198 202
143 188
96 119
19 201
33 166
61 180
108 183
68 131
30 160
41 132
172 197
56 194
48 118
100 133
9 58
3 130
59 79
29 67
134 192
185 188
99 108
8 71
142 196
128 133
11 103
122 165
111 157
99 161
34 145
28 48
12 67
69 96
27 31
30 137
38 77
56 110
47 53
22 106
35 36
40 150
99 150
54 176
7 40
86 142
1 149
9 174
27 48
8 65
114 196
108 167
1 69
109 131
194 201
81 110
66 144
93 189
77 204
176 183
1 145
46 113
82 154
85 186
65 174
76 192
87 103
29 75
164 167
20 198
168 170
105 155
99 117
15 76
64 91
115 166
58 93
15 152
36 174
131 200
1 116
13 46
119 140
67 83
70 193
62 82
18 90
38 114
99 153
30 171
73 156
59 123
91 111
54 133
37 127
7 17
58 127
172 177
44 60
51 159
23 76
71 200
43 169
31 103
93 142
125 186
20 103
138 141
30 98
10 27
131 135
41 94
2 88
155 159
35 170
1 81
105 136
37 106
55 77
70 87
5 139
22 184
31 113
9 168
176 197
21 202
36 86
81 83
46 158
78 168
33 191
75 79
112 163
32 189
55 98
128 175
63 64
26 162
167 202
135 136
114 197
61 119
105 158
52 97
13 99
62 67
33 99
9 65
69 192
105 146
132 149
46 67
79 137
23 144
112 141
33 123
48 129
10 187
21 180
37 140
160 175
24 126
39 124
9 148
159 176
81 176
81 170
66 70
138 173
85 184
154 184
48 128
130 174
45 55
159 177
104 121
110 177
67 131
45 56
160 163
82 167
80 93
69 140
77 130
175 195
19 191
7 50
7 34
29 64
41 86
125 168
75 128
14 69
109 202
67 139
79 87
0 159
180 190
119 169
155 171
9 25
111 112
55 148
72 176
62 103
66 153
73 150
58 102
51 74
18 61
153 167
184 189
136 158
67 86
52 175
66 138
78 90
103 198
135 184
6 22
112 166
8 28
67 194
66 162
135 194
47 171
58 103
57 131
58 97
74 133
50 66
11 167
54 122
59 87
19 127
58 77
94 136
26 188
58 71
2 164
80 164
45 54
18 193
143 202
16 185
54 118
75 191
46 148
38 59
122 195
166 184
19 188
107 173
107 117
96 161
17 90
72 161
20 141
42 163
69 86
39 184
62 110
10 159
109 168
17 199
18 165
154 196
3 96
44 203
18 115
3 30
48 55
120 194
97 199
77 110
18 102
146 150
1 136
58 112
32 164
19 64
86 148
105 119
18 45
28 49
8 105
90 155
82 188
2 94
76 104
59 161
124 155
19 23
60 110
5 166
31 116
16 51
179 197
72 146
5 157
61 161
95 134
1 74
118 178
120 180
31 80
103 172
2 109
104 199
90 100
100 109
134 136
13 192
141 164
21 163
52 176
7 156
147 159
10 113
37 68
91 125
121 124
81 152
154 163
107 174
39 133
21 27
15 26
40 177
90 103
12 159
5 155
81 178
117 177
69 165
38 147
70 131
51 189
52 73
19 96
23 51
89 182
183 198
120 166
33 80
106 136
45 94
115 198
70 147
14 95
14 112
34 43
15 129
156 198
143 186
100 199
26 167
72 163
117 123
99 203
80 168
19 111
22 172
61 140
48 113
24 179
108 122
91 177
124 189
98 111
37 136
47 81
37 93
155 160
77 115
123 144
152 154
72 166
3 18
108 170
66 112
24 195
8 156
59 107
101 152
17 184
2 155
129 151
112 194
88 97
6 177
26 115
12 133
18 53
192 203
21 51
20 119
58 76
27 134
15 137
184 194
36 113
30 178
153 174
13 138
0 179
119 186
149 185
194 200
128 134
105 198
38 129
84 111
119 136
79 151
74 122
40 87
55 66
21 132
119 125
12 79
29 79
99 192
179 184
102 190
103 107
99 101
138 151
45 46
38 111
23 192
140 156
14 130
54 97
24 153
63 145
16 42
33 197
169 204
73 170
92 196
138 197
13 82
73 135
57 144
23 130
10 136
84 186
165 204
63 203
8 199
27 58
100 178
49 50
47 143
146 178
41 197
174 186
26 49
70 183
50 78
35 142
17 198
66 114
20 167
13 41
45 126
93 137
96 99
124 160
18 22
1 123
171 189
41 157
94 107
9 61
12 198
102 182
7 116
110 172
30 131
20 57
14 155
161 164
151 191
53 109
26 56
18 74
85 142
151 160
116 165
73 83
34 36
73 163
99 154
1 134
32 166
0 9
42 148
35 179
86 91
46 120
54 89
9 179
46 75
150 164
98 190
24 143
0 168
14 30
40 166
55 145
102 140
78 79
38 58
22 154
22 115
127 161
121 153
71 146
22 192
11 24
6 103
46 91
183 184
66 186
91 198
51 174
101 202
155 158
72 136
5 83
62 130
65 176
10 76
73 202
24 204
135 175
9 135
33 38
98 203
51 175
24 97
22 167
74 168
101 171
124 192
14 135
77 188
104 124
67 200
19 62
122 182
155 164
1 160
79 168
31 100
3 185
72 191
161 186
27 52
68 110
53 136
30 33
41 82
98 132
135 177
85 175
35 128
128 179
132 161
65 177
43 173
125 133
1 4
84 116
35 114
76 196
101 150
118 174
83 111
95 129
9 81
13 146
49 141
145 179
38 123
12 102
44 97
104 127
46 143
67 186
105 142
38 158
10 65
39 176
97 195
19 32
45 47
129 149
2 131
85 104
54 190
12 40
86 185
23 73
62 162
99 175
15 167
82 174
149 190
57 176
126 138
24 150
57 96
63 182
27 67
28 175
14 144
159 200
59 130
66 152
14 94
29 71
48 120
168 190
154 162
37 188
38 177
87 161
34 203
55 74
16 54
157 178
60 198
63 162
143 194
119 177
48 53
83 168
76 141
6 175
23 162
9 92
25 151
0 18
17 204
61 141
8 62
58 197
82 112
22 62
3 55
100 134
18 108
119 141
67 152
12 110
129 178
120 163
179 189
39 179
111 166
124 144
1 52
36 158
69 177
11 36
61 104
92 146
58 203
134 204
169 184
125 177
148 200
156 195
24 176
70 104
75 138
15 23
81 105
57 127
72 192
28 76
66 108
9 89
97 191
46 47
51 70
123 199
80 108
14 147
27 204
101 162
46 123
29 97
97 155
14 75
138 166
3 49
45 163
52 189
11 86
107 139
133 175
43 100
64 201
75 139
8 192
23 166
12 194
70 167
12 169
42 164
18 196
41 122
64 180
13 35
50 172
69 124
5 135
74 92
48 115
13 43
33 43
7 68
7 174
44 63
29 57
91 143
9 124
122 162
75 85
43 77
10 24
47 120
142 157
67 144
31 158
85 162
172 196
91 183
21 201
24 105
46 162
61 69
30 86
33 45
42 51
0 100
9 83
16 74
46 79
12 94
85 169
53 131
132 160
21 43
89 92
71 139
110 175
49 119
100 138
16 140
36 170
2 142
138 159
19 116
44 139
160 178
53 138
140 154
28 170
130 179
143 178
7 57
20 168
19 54
166 203
81 165
164 166
78 101
93 154
120 175
21 197
87 118
21 137
37 83
80 192
110 165
104 129
63 73
29 63
131 204
94 158
146 188
123 203
50 179
102 172
19 27
7 165
50 108
43 107
80 156
30 45
119 152
52 174
72 202
156 169
31 71
61 105
49 196
52 81
34 177
11 160
70 96
6 92
94 120
100 135
86 107
14 179
58 90
67 147
68 96
66 145
63 187
0 71
24 109
2 182
84 161
84 155
150 162
52 170
147 148
14 196
71 122
84 136
70 204
121 187
14 19
10 21
137 166
21 66
65 193
83 195
18 66
176 195
147 189
75 166
6 204
5 112
32 190
106 135
75 141
2 16
38 162
104 126
154 164
48 150
24 192
36 96
65 66
110 204
161 185
2 73
107 157
129 145
96 153
2 12
129 131
14 177
109 128
96 150
88 144
51 56
5 121
89 139
54 119
141 194
134 156
56 171
8 60
46 94
84 157
99 159
31 41
11 59
147 190
151 198
8 69
7 74
81 199
89 161
44 114
188 194
41 130
19 178
89 126
39 96
13 44
43 67
119 183
48 197
40 109
44 106
127 199
125 182
36 145
38 108
48 185
36 65
128 158
148 180
14 146
59 186
114 123
59 192
12 160
101 103
61 202
90 130
20 116
131 176
32 152
148 167
22 96
27 54
81 198
126 142
30 154
60 178
79 89
145 184
54 85
108 125
59 170
125 131
55 99
33 98
0 21
6 96
75 154
19 101
72 178
73 193
0 106
24 190
137 160
89 118
22 137
35 141
13 190
104 159
172 180
127 203
27 122
52 115
130 143
32 61
56 189
142 177
127 136
4 143
30 73
142 153
98 167
67 95
125 151
94 128
29 199
162 170
166 190
22 200
130 181
141 176
17 171
80 91
169 170
35 191
14 62
42 193
38 64
185 201
67 68
14 133
37 120
60 143
145 148
99 201
5 95
66 128
124 169
20 44
41 163
89 93
37 38
111 141
128 200
25 114
25 100
64 177
11 76
32 51
77 187
7 86
38 67
68 194
24 196
145 156
104 140
29 46
86 166
42 44
112 168
34 45
66 136
8 173
81 127
16 60
47 107
146 175
24 30
1 191
71 133
11 145
27 157
108 139
54 66
83 127
77 201
21 151
78 125
34 83
35 174
73 119
188 202
53 67
80 160
48 111
152 179
43 101
146 195
20 180
91 140
61 123
155 202
39 87
77 117
19 155
32 180
123 151
6 56
80 106
30 122
108 188
29 185
33 175
34 48
61 173
54 59
3 75
153 155
80 103
194 204
19 36
15 18
2 56
26 130
10 82
119 129
142 202
125 154
68 136
34 155
181 200
159 187
92 177
121 122
11 91
38 193
41 146
147 188
21 63
86 128
111 161
154 170
142 155
133 171
1 117
57 58
62 65
52 108
124 151
65 137
26 91
15 148
66 142
26 131
10 128
54 68
76 173
118 163
113 185
150 192
72 115
112 136
13 177
88 167
154 155
0 177
70 145
37 85
171 195
14 111
34 93
100 161
43 147
119 124
35 100
35 105
53 84
64 133
31 56
51 152
41 204
72 160
72 198
39 158
24 161
25 47
156 187
73 121
162 179
113 177
46 133
117 180
58 188
2 190
179 187
91 132
45 195
65 118
151 166
116 156
15 127
75 186
18 168
36 114
45 122
156 188
110 194
93 124
7 95
27 42
4 64
104 165
16 34
77 116
8 146
90 99
12 58
69 153
79 95
49 112
40 191
100 110
18 84
77 131
152 160
50 204
72 180
9 106
100 128
78 131
70 109
104 107
2 5
90 191
168 177
59 100
59 144
115 117
7 27
65 121
28 199
95 105
68 149
102 136
27 146
61 134
107 183
14 186
155 204
59 116
80 148
1 124
85 137
23 186
47 134
53 81
25 83
8 114
72 126
7 191
17 145
41 91
4 110
13 139
128 176
60 142
104 122
41 44
127 128
36 98
20 127
67 127
77 177
11 117
83 106
58 83
151 186
48 172
138 204
3 37
118 172
91 181
123 137
107 109
30 38
152 199
96 128
6 27
11 169
121 147
102 120
65 102
54 136
41 71
79 181
5 92
0 102
132 175
9 165
90 112
17 102
17 197
40 55
4 81
97 129
112 115
57 200
5 84
64 154
5 197
158 163
114 201
4 134
10 30
104 146
29 65
50 139
143 198
162 164
51 178
13 32
82 195
95 154
124 130
34 82
79 105
130 137
25 97
16 176
65 164
32 204
149 178
123 143
22 70
12 24
113 122
58 198
56 147
114 154
113 114
42 167
1 139
76 203
14 158
11 126
70 197
33 127
8 130
104 114
18 54
48 71
29 36
89 102
11 191
7 64
152 200
109 197
15 176
66 88
100 168
14 83
68 99
23 196
23 99
42 152
84 149
53 99
70 83
93 163
8 44
41 88
146 194
148 176
63 107
74 150
33 140
1 188
23 122
19 190
100 106
80 195
70 166
22 43
46 98
53 69
112 128
158 199
94 164
32 40
5 194
135 178
22 85
0 114
55 200
34 148
94 133
143 146
107 138
38 154
59 78
168 179
13 30
7 102
22 51
33 126
14 39
21 57
10 125
23 69
44 159
67 171
82 117
62 176
136 169
38 73
60 125
80 95
87 159
98 116
9 80
139 203
33 79
97 136
60 170
123 133
21 55
40 92
111 127
40 188
56 168
0 47
1 76
0 86
98 123
89 109
94 199
3 104
50 93
2 180
122 152
45 189
0 83
86 130
36 193
7 173
50 70
29 90
175 181
79 157
0 138
153 186
131 181
75 87
19 168
106 172
71 181
33 148
28 82
20 86
15 177
11 201
57 121
59 134
103 204
46 106
107 166
123 152
29 175
7 189
5 151
7 139
68 135
71 92
161 168
111 142
87 106
169 203
59 109
73 200
103 123
44 164
29 177
87 102
93 197
20 115
93 138
98 173
84 183
46 64
15 100
12 52
0 4
18 157
15 190
148 173
99 169
37 128
74 191
96 145
141 187
31 155
116 186
44 81
153 193
15 89
43 140
113 133
56 190
88 153
71 194
46 89
43 114
33 130
19 57
39 197
106 163
38 164
1 186
21 67
63 159
170 203
52 88
53 124
19 68
131 157
122 126
23 95
111 185
93 165
179 195
58 180
53 183
71 186
4 108
54 61
113 124
76 96
131 186
48 167
16 123
134 200
5 50
46 55
42 156
48 174
44 188
10 41
116 139
22 148
23 43
39 103
47 141
40 88
120 196
88 115
102 122
51 60
152 159
144 147
20 178
127 183
54 194
36 119
127 172
73 88
75 157
10 122
89 95
66 113
55 104
67 193
44 171
12 178
62 72
9 76
38 47
84 201
67 117
80 124
54 177
148 157
116 152
66 199
106 124
76 153
29 115
48 143
66 121
23 44
66 196
136 198
62 136
89 165
48 157
44 134
28 44
68 79
97 181
115 179
55 161
1 77
3 170
89 101
63 91
88 203
0 52
21 147
83 188
51 54
96 117
171 199
114 144
93 180
4 68
32 178
47 88
81 203
27 110
115 126
145 183
85 106
29 81
28 168
119 193
154 194
38 141
97 160
10 96
158 186
172 190
41 59
87 182
118 135
145 153
80 131
141 160
183 196
54 156
181 195
13 14
60 173
83 138
40 130
49 63
122 192
89 137
137 196
8 200
109 135
97 142
114 188
24 139
65 80
53 162
43 159
41 73
32 62
27 191
176 202
63 116
84 103
14 120
32 187
122 124
120 204
20 171
116 150
76 161
116 176
35 151
61 165
87 154
112 127
77 167
65 160
32 80
70 134
99 106
165 167
1 126
21 114
33 58
54 116
21 45
117 171
40 197
106 126
116 200
140 201
79 145
2 176
5 195
100 192
99 204
68 161
164 165
30 194
54 186
59 179
180 202
162 163
1 194
64 136
113 117
0 87
150 153
24 157
84 164
160 200
60 101
22 199
117 133
70 157
34 200
65 113
14 45
171 200
84 153
13 140
5 31
171 191
75 136
9 116
48 137
115 127
120 129
1 11
68 169
149 180
59 166
15 102
43 94
67 140
97 139
34 103
97 183
176 194
70 132
97 202
42 107
144 153
1 175
65 183
101 176
7 90
90 199
54 137
100 151
106 166
7 161
132 150
103 158
20 76
68 73
7 98
4 103
43 189
77 171
10 166
5 9
111 154
92 199
57 173
64 127
14 88
43 141
141 143
37 137
23 108
42 83
55 83
69 90
81 186
41 164
171 196
12 115
48 79
28 125
35 153
104 170
176 177
50 127
93 147
66 96
18 37
185 192
2 34
34 64
74 157
79 177
3 123
41 58
74 149
43 154
48 163
32 85
103 141
105 189
122 155
35 163
125 181
70 151
135 164
51 65
73 167
20 170
180 198
73 129
49 116
157 158
29 89
27 163
72 168
4 24
176 187
127 137
68 167
67 82
72 182
133 143
22 130
45 125
109 111
96 124
100 191
98 176
56 172
46 155
128 157
71 158
78 115
29 167
94 150
96 175
111 159
54 81
80 94
83 119
35 195
69 104
42 111
41 137
97 156
27 83
34 162
51 53
65 123
77 195
91 115
48 64
2 101
44 70
55 204
32 196
110 190
128 191
137 167
149 203
100 196
11 166
34 75
164 187
138 164
30 70
38 41
87 173
137 139
124 132
44 180
34 164
56 75
114 203
85 153
11 20
2 108
54 114
8 131
19 144
122 146
55 56
36 168
40 99
38 76
17 140
92 198
44 160
102 197
50 117
147 194
93 122
140 195
105 161
131 177
57 164
36 43
38 204
43 164
30 49
168 184
133 163
39 51
94 119
90 120
156 185
12 51
107 118
72 145
81 111
76 133
78 143
162 177
16 188
29 155
152 170
20 199
158 177
38 163
69 102
24 67
26 50
10 198
137 182
50 133
93 155
92 152
14 122
142 150
72 118
105 116
128 186
4 88
146 199
34 134
137 156
42 130
16 147
79 173
91 133
14 44
17 91
130 141
118 126
62 100
100 173
52 58
4 17
81 174
70 98
34 76
105 140
45 119
80 130
124 190
186 188
94 148
1 33
2 118
40 151
144 171
134 155
23 86
3 194
34 139
25 168
7 72
11 70
100 174
6 76
106 156
125 147
12 100
112 170
134 166
64 123
37 59
71 192
74 175
158 202
119 121
99 197
49 92
101 124
20 39
42 192
14 162
11 92
110 182
41 175
9 45
65 103
132 152
78 139
57 188
81 95
14 98
65 191
113 161
136 199
165 191
49 150
46 53
79 200
8 76
49 76
6 115
128 160
4 73
9 66
18 117
121 155
58 177
73 157
68 154
118 171
90 96
5 12
130 200
60 151
68 89
83 201
48 58
50 58
12 78
110 180
80 89
48 141
158 190
108 201
49 181
130 183
28 83
36 154
143 155
43 60
35 203
65 147
51 143
101 105
24 42
116 125
159 160
59 105
166 194
11 26
71 167
152 203
37 143
38 179
119 164
95 128
77 164
63 71
132 197
65 138
90 180
148 187
32 128
6 185
37 105
175 196
62 75
8 22
32 84
79 197
60 121
172 179
38 167
11 45
18 67
12 125
119 189
5 15
37 138
56 58
46 161
13 88
98 177
24 200
168 196
11 29
131 199
123 132
115 121
58 182
25 140
76 144
134 141
33 36
15 67
45 73
51 186
7 70
30 163
9 134
76 182
160 164
42 74
15 182
36 84
11 39
85 181
122 158
67 176
13 186
31 186
62 64
31 190
108 121
29 163
29 187
86 119
144 193
57 143
84 104
66 86
73 77
76 102
27 119
40 100
35 136
93 203
38 181
89 189
61 64
11 60
61 174
10 90
81 128
19 42
29 197
150 195
19 69
140 159
18 159
72 189
118 198
42 97
32 88
37 50
104 180
17 52
47 62
14 165
47 145
4 176
19 176
91 139
57 141
21 170
43 196
87 123
34 94
194 203
148 171
74 127
1 190
21 176
47 154
94 151
26 172
48 77
38 52
98 162
50 202
162 178
1 59
12 196
5 106
81 82
15 103
177 180
72 130
140 172
111 167
11 174
181 190
40 203
15 112
30 37
13 104
32 53
179 180
41 201
120 126
77 185
34 65
25 67
100 177
58 185
8 162
73 133
8 57
83 85
12 201
74 164
17 124
113 157
16 36
42 129
187 200
154 180
16 101
13 21
99 146
19 63
67 192
99 185
96 146
10 49
58 161
185 200
2 62
43 49
5 76
135 147
131 159
117 196
151 153
36 179
84 112
90 94
52 134
33 55
85 133
27 180
18 119
47 140
25 46
4 9
26 75
49 66
33 100
88 191
80 169
49 71
15 161
16 200
4 55
47 202
111 172
2 203
20 108
125 196
30 203
61 175
160 166
45 48
36 64
73 124
16 23
84 178
27 100
2 20
51 127
138 176
67 94
147 191
21 130
102 183
79 198
0 176
103 183
11 138
94 124
40 146
116 160
141 177
64 143
132 153
62 188
109 189
113 138
31 92
68 117
4 111
66 143
20 118
34 52
77 184
136 197
78 177
165 194
99 202
52 173
17 194
0 174
29 142
67 128
39 86
0 141
100 123
68 186
73 89
33 167
137 169
149 200
83 193
77 91
86 186
134 181
42 100
22 54
59 158
14 43
150 163
63 105
7 89
22 194
118 156
140 147
39 59
70 154
5 160
6 7
152 185
45 128
51 148
26 184
37 109
56 177
28 43
12 85
38 165
130 165
139 152
52 111
29 150
14 74
64 90
61 111
70 93
44 125
72 167
74 121
106 121
85 125
70 135
42 113
68 74
32 41
17 89
11 153
88 195
47 149
90 157
99 177
4 183
142 173
90 149
8 107
144 203
107 170
0 84
41 48
135 182
61 179
46 175
54 168
7 127
75 202
81 139
82 160
71 144
138 191
75 100
11 146
18 151
52 61
13 68
38 61
136 201
92 195
175 186
3 190
13 147
138 195
10 50
15 68
9 71
32 137
102 166
5 161
92 104
103 137
47 103
108 155
74 96
29 189
60 80
52 145
49 113
121 133
62 193
90 115
97 99
9 183
47 135
53 97
32 179
156 165
21 69
116 127
150 176
71 100
12 118
22 182
27 57
41 72
128 182
184 203
53 155
158 198
61 137
1 159
13 202
143 184
93 149
17 148
39 44
75 90
27 156
44 183
16 71
68 72
49 123
50 176
92 181
82 105
85 158
162 201
163 170
4 129
81 85
33 67
145 162
66 195
20 147
158 194
45 139
7 54
114 166
98 197
20 136
106 196
86 198
49 96
25 201
12 199
17 144
147 177
30 51
51 112
12 37
102 119
6 112
54 129
54 179
17 111
96 102
44 148
50 161
79 96
39 126
55 116
116 120
4 167
121 196
35 107
30 133
60 195
77 121
4 25
125 190
7 121
171 192
135 172
71 96
161 199
133 195
18 149
42 75
108 123
182 184
19 77
26 73
104 113
26 93
70 160
45 190
17 57
86 138
40 83
177 198
57 151
126 133
74 125
31 177
140 192
141 172
150 158
141 195
5 107
16 168
19 170
7 79
54 181
28 179
9 21
11 87
53 180
25 78
9 64
83 160
69 202
132 166
47 166
90 154
123 141
81 118
47 123
62 157
23 171
94 184
2 107
178 182
64 155
87 162
3 128
4 115
96 130
18 57
91 131
156 162
20 151
79 141
100 162
2 13
1 25
133 187
97 178
42 95
64 130
64 156
46 71
17 69
115 136
92 108
7 145
15 32
94 142
65 181
14 203
57 203
106 157
14 31
142 182
12 32
92 174
17 116
81 88
165 177
14 163
7 143
17 33
50 101
134 160
50 189
109 157
69 159
100 170
96 115
2 23
36 151
34 114
11 64
117 190
14 118
73 199
21 195
13 114
56 201
19 83
21 94
101 191
126 141
4 146
6 100
148 198
182 186
8 86
22 84
7 109
103 190
28 159
37 70
76 103
45 164
53 102
31 112
85 168
12 120
154 156
45 91
100 105
42 204
138 187
9 52
11 204
66 109
3 24
156 177
3 56
92 112
133 202
192 195
135 143
94 143
34 74
174 180
63 204
173 198
4 117
1 167
89 149
173 197
0 40
2 116
42 117
2 146
53 108
67 143
30 101
11 196
25 136
144 146
143 172
193 197
72 131
33 87
7 197
37 111
7 11
17 56
85 191
36 94
60 87
62 168
170 193
137 192
98 143
138 194
143 148
79 119
188 204
48 184
129 187
188 191
23 59
88 138
62 147
132 191
169 181
66 190
42 146
36 180
2 160
64 122
50 71
31 104
0 142
63 75
6 93
49 201
87 147
30 41
8 152
96 127
84 110
78 109
42 120
129 132
32 33
1 39
60 176
133 164
101 169
135 183
74 180
51 89
31 168
24 83
68 192
120 190
121 165
23 117
68 196
12 187
83 134
29 182
1 42
132 151
133 156
22 162
108 129
48 91
181 191
91 145
103 119
72 90
9 156
100 107
21 62
61 136
47 132
2 98
83 200
6 94
28 136
53 71
148 166
135 140
190 204
10 38
102 201
22 31
65 86
34 144
46 178
96 202
24 188
57 132
78 174
70 165
141 184
38 144
69 193
29 178
117 155
1 45
68 106
51 52
33 193
58 74
141 203
7 25
94 97
33 139
136 171
168 181
51 66
70 148
89 160
17 78
101 199
28 150
36 69
102 148
20 173
105 135
99 129
75 150
66 151
58 170
9 12
143 154
11 41
103 194
153 202
49 68
76 185
50 86
173 177
34 116
21 54
105 143
41 49
26 198
125 141
4 53
110 203
12 137
101 173
32 198
90 97
36 61
115 170
111 118
81 184
12 108
33 136
82 96
64 73
37 193
145 149
152 166
57 102
95 170
135 171
73 165
97 174
184 200
20 91
136 143
115 140
4 191
36 117
26 108
115 195
92 176
11 164
38 82
76 198
48 51
65 204
60 98
39 135
8 134
80 119
3 5
3 83
86 89
29 43
15 139
63 130
17 109
105 124
81 119
75 99
110 133
72 203
23 178
4 87
40 127
132 142
167 169
157 188
94 187
48 149
8 159
26 40
125 142
72 154
39 204
12 132
81 113
22 145
1 151
106 186
64 134
68 101
28 77
189 200
42 53
179 200
117 128
120 197
8 87
99 127
14 145
75 170
46 48
99 174
111 164
90 176
92 178
2 193
93 108
188 190
71 138
98 146
43 126
46 119
29 138
7 39
42 109
147 180
136 192
69 191
109 117
55 60
51 108
34 61
24 52
42 149
125 126
40 52
26 174
9 158
37 175
23 74
88 111
25 200
117 152
36 133
94 191
149 166
56 139
147 150
12 56
33 63
25 80
33 187
132 199
146 190
73 176
25 196
105 190
34 184
7 183
134 193
70 190
125 138
108 161
68 127
3 177
90 204
133 185
124 168
6 129
133 199
38 180
18 21
27 84
155 175
36 124
55 67
142 192
54 188
24 73
16 44
75 152
191 192
58 167
35 69
3 171
119 162
89 203
60 106
36 95
53 90
43 111
10 33
1 146
126 196
109 158
138 199
34 202
65 166
27 129
20 172
26 36
2 136
13 84
131 180
6 182
16 104
42 94
38 168
22 58
125 144
31 81
27 143
26 185
120 195
22 50
126 153
20 65
97 200
119 161
115 176
26 34
6 192
22 76
20 45
68 166
156 161
84 139
95 115
63 93
77 193
123 179
61 91
22 99
71 132
47 170
47 155
38 196
108 204
61 115
42 178
103 152
78 85
99 113
24 57
109 171
39 57
113 129
140 193
61 72
114 187
141 181
13 80
159 163
0 134
8 126
82 90
30 108
1 138
129 194
121 193
80 96
126 177
85 164
99 160
30 74
80 181
39 45
31 162
150 179
51 121
138 140
55 112
70 152
77 136
146 168
34 110
138 189
64 118
150 160
63 150
67 133
36 67
63 167
17 75
4 31
18 68
134 169
62 112
157 192
34 57
37 56
61 122
110 199
60 123
25 119
94 170
0 110
17 73
170 192
4 119
50 184
94 189
7 35
55 106
55 102
70 142
27 32
46 198
161 166
17 163
101 168
10 102
46 80
128 177
54 160
48 73
37 191
69 187
125 175
7 151
27 162
3 176
28 96
117 145
44 73
54 96
16 108
49 98
81 164
3 119
23 101
123 155
41 77
17 80
110 196
39 189
8 85
88 125
90 140
54 117
54 109
137 178
103 112
18 145
4 148
46 87
68 108
23 79
84 97
28 92
50 130
50 135
18 186
87 158
34 131
18 174
56 166
171 183
11 147
197 200
129 162
91 112
60 145
61 92
55 178
116 143
16 38
60 89
65 186
11 19
110 147
130 134
130 187
31 69
36 202
81 90
36 171
70 114
27 148
12 81
67 113
44 155
52 136
120 145
100 113
99 155
7 177
0 128
15 187
96 125
115 189
113 162
26 96
148 169
103 133
83 153
19 29
0 31
3 120
44 99
21 99
27 160
112 184
138 180
63 86
27 51
63 148
94 196
30 102
46 145
8 103
49 75
14 40
69 111
189 195
91 176
87 178
14 36
24 146
54 128
42 89
31 171
143 173
67 188
35 187
149 187
49 170
128 169
139 168
90 108
12 29
32 155
74 105
56 73
64 171
30 84
48 69
8 16
178 204
25 125
6 77
32 95
8 187
34 53
114 116
5 8
65 124
7 66
38 112
112 179
18 100
86 112
9 49
99 191
10 18
44 184
7 29
68 187
178 187
63 134
29 154
23 72
119 195
20 75
90 98
51 125
23 167
103 181
64 95
15 94
10 60
2 112
30 93
24 114
103 131
21 56
78 126
59 77
21 141
98 169
13 120
66 189
22 93
117 165
77 147
79 90
69 155
153 177
4 173
12 96
76 143
83 161
5 19
56 176
83 164
73 143
155 191
27 80
140 142
1 157
54 131
30 132
124 188
22 168
23 129
72 83
12 179
119 179
29 180
42 124
50 106
145 159
172 191
57 199
3 80
14 21
89 99
29 45
16 35
2 38
10 74
120 138
168 186
73 131
120 161
117 166
78 96
47 95
87 98
134 173
46 105
52 56
23 24
88 131
79 110
56 125
188 203
60 152
129 186
21 200
64 193
30 176
158 187
140 157
180 201
142 147
148 161
115 185
9 195
74 193
95 100
18 192
35 202
146 198
54 187
33 162
2 162
60 154
10 151
30 125
46 199
1 187
187 195
159 168
149 174
176 178
3 11
122 190
20 27
11 129
183 203
2 174
24 128
121 167
49 160
61 77
124 135
63 168
117 158
118 162
22 125
37 200
11 107
67 204
75 135
2 11
175 201
78 166
83 176
86 161
62 79
62 139
59 68
99 199
86 182
121 123
64 119
84 145
92 123
82 148
66 154
34 88
8 163
47 68
128 155
98 120
54 192
40 148
108 131
134 189
112 153
69 186
123 191
25 169
109 118
55 62
118 147
140 170
46 101
177 185
49 151
45 158
126 179
181 187
68 87
24 201
31 65
9 132
23 155
10 123
180 199
76 165
57 182
145 172
96 183
73 106
99 134
63 139
2 6
117 198
97 203
27 43
1 44
52 114
27 168
130 166
38 118
107 196
139 176
58 95
105 183
26 42
2 15
0 69
103 145
62 171
77 169
35 43
159 197
61 168
7 8
50 141
3 91
149 173
65 141
95 181
15 108
60 81
8 191
126 200
14 46
57 106
4 133
42 202
76 111
25 66
72 193
47 177
66 125
68 69
10 165
140 198
46 201
56 193
25 144
14 181
13 182
82 169
169 182
14 198
106 181
8 70
50 87
4 201
4 59
55 138
143 196
57 128
50 159
70 119
131 144
22 97
14 60
126 162
14 89
43 139
137 149
102 173
53 148
40 90
77 154
88 101
36 181
125 162
40 158
42 73
0 156
33 171
35 123
23 202
41 98
38 132
26 194
50 193
33 42
20 134
13 61
65 182
140 202
63 79
87 204
107 192
36 79
110 195
129 164
129 130
93 198
20 185
69 166
49 176
13 97
105 134
41 66
115 157
47 104
139 164
69 135
70 138
46 97
61 187
3 160
86 121
70 74
84 198
54 71
24 152
30 57
38 107
149 194
111 158
116 185
8 88
141 190
56 137
20 142
25 104
82 200
145 167
72 201
23 157
19 98
79 176
28 93
61 71
17 139
32 168
83 166
37 149
90 183
69 84
59 200
1 118
33 62
23 56
43 180
35 129
84 93
124 175
71 95
81 93
79 81
65 114
97 107
77 78
51 149
33 186
61 149
56 104
72 121
14 159
68 147
167 168
63 143
121 168
166 175
80 186
157 195
68 175
122 151
61 90
141 196
100 147
9 101
107 185
71 84
128 150
107 159
9 175
136 166
70 161
48 196
69 200
17 134
82 93
26 45
51 197
139 199
143 204
57 77
8 55
81 148
39 102
76 199
4 118
18 160
33 145
49 195
39 41
55 175
133 139
32 64
176 204
73 201
147 174
6 45
110 146
5 58
13 94
23 132
154 172
52 57
109 124
123 157
63 127
18 162
5 18
69 85
42 150
80 182
82 123
60 174
115 188
15 16
155 172
80 125
88 182
51 188
34 42
82 170
7 169
88 151
54 102
77 120
121 171
18 164
80 87
10 64
76 124
126 167
10 154
1 135
14 164
43 61
96 187
28 94
12 75
40 122
15 42
165 192
42 96
90 136
38 94
22 117
40 96
108 128
110 164
58 87
48 105
80 144
75 147
9 103
32 90
1 110
98 198
5 134
175 177
99 181
94 123
7 104
120 160
172 192
40 147
8 201
50 182
104 192
102 138
34 194
84 131
24 136
82 197
109 181
4 97
75 153
37 63
31 42
51 158
84 122
105 201
140 167
91 164
18 24
121 189
41 203
26 127
70 123
31 146
12 155
78 162
104 151
77 83
93 176
6 169
78 89
66 106
162 168
37 131
59 195
19 169
150 199
74 128
122 177
51 73
61 116
151 185
69 174
87 141
21 143
37 160
40 186
80 194
46 179
30 56
76 194
27 29
27 202
126 157
134 171
158 166
46 187
41 79
34 129
43 129
38 55
70 99
147 152
92 118
140 162
38 120
40 64
119 123
20 169
101 197
14 54
66 99
14 20
156 171
22 73
8 53
69 117
11 57
108 162
1 3
59 99
85 101
46 182
23 143
58 67
21 153
164 192
90 192
101 137
31 84
145 157
92 154
37 66
15 164
80 183
69 180
104 188
100 159
56 113
177 196
35 168
55 86
80 178
76 152
93 135
90 193
66 77
108 173
86 135
143 150
86 114
13 176
144 184
96 188
87 199
149 186
0 167
9 75
170 177
110 202
35 64
2 202
6 116
186 199
14 57
87 88
101 156
157 203
127 149
96 121
66 90
39 138
37 45
115 151
27 133
132 203
102 108
84 152
51 144
100 172
39 62
150 183
56 165
1 7
19 143
87 143
96 97
95 174
3 201
115 118
154 182
67 197
38 101
104 154
24 174
20 149
139 186
31 204
12 149
110 115
16 57
80 107
84 106
82 131
53 65
183 185
14 189
13 54
111 150
59 98
67 170
31 137
31 72
69 184
72 109
106 111
145 200
31 74
46 153
5 185
113 118
158 183
58 68
44 153
77 123
18 96
74 129
113 155
19 28
63 69
64 200
65 132
7 164
54 166
15 79
75 129
20 29
29 171
7 192
127 141
25 120
23 200
30 201
39 161
75 164
77 172
82 92
75 132
3 139
130 136
49 167
6 43
20 34
107 131
36 203
67 87
27 192
28 50
119 131
2 17
30 46
70 184
58 69
191 204
34 71
5 93
52 62
4 50
77 95
55 79
78 199
155 179
97 100
18 86
165 166
43 155
60 118
6 32
61 170
112 119
118 131
127 190
103 166
149 199
35 73
73 175
45 193
25 127
89 138
6 19
22 139
57 148
185 195
101 116
59 136
53 119
118 140
76 139
87 89
29 198
48 88
68 92
40 49
8 98
120 148
44 65
82 104
164 195
16 53
9 199
134 183
25 108
75 190
4 138
2 196
132 190
38 46
62 105
38 194
43 80
20 188
114 171
92 186
41 189
97 152
82 108
169 180
88 156
21 183
24 133
19 30
84 118
98 193
67 101
43 78
69 158
25 131
1 99
120 174
79 130
2 41
25 132
101 106
4 116
6 105
32 175
82 166
15 196
81 173
54 130
53 59
16 61
84 167
103 167
153 173
30 48
88 201
56 62
198 203
62 69
29 121
38 201
89 202
126 192
100 145
18 106
70 202
43 182
68 83
97 102
2 134
66 176
83 120
89 157
38 93
80 177
106 204
58 141
19 126
56 98
30 66
65 87
44 187
56 86
23 26
137 194
103 182
195 204
32 142
42 71
106 113
17 82
6 72
119 170
64 184
16 184
16 125
87 156
66 103
71 76
39 120
43 123
0 149
109 127
46 128
54 173
38 195
75 181
87 172
102 143
23 94
34 128
1 177
24 43
55 155
0 6
198 204
1 181
2 49
118 169
155 195
63 118
106 173
141 162
175 188
114 153
49 194
4 34
78 153
46 74
40 113
161 192
168 198
185 196
63 90
0 103
71 157
26 126
19 33
41 75
89 120
30 35
131 190
90 188
71 147
100 152
25 178
35 161
10 114
119 151
97 104
96 194
115 147
171 172
84 132
36 91
65 83
2 158
7 100
3 155
58 78
76 126
26 90
79 80
18 110
121 181
96 100
96 152
9 163
22 72
35 76
150 161
80 152
34 99
18 184
55 150
8 17
36 194
35 198
97 111
89 100
43 186
95 116
104 169
108 169
53 132
128 129
0 2
136 179
183 190
68 197
67 71
8 47
103 165
53 125
59 196
4 80
27 72
47 83
80 122
169 172
67 189
53 196
22 100
150 177
17 136
160 188
4 196
72 120
4 127
3 31
107 189
51 85
41 45
29 146
159 194
12 182
113 140
135 192
93 184
67 161
13 107
172 199
65 88
119 188
95 98
96 98
6 156
9 98
1 79
121 173
47 201
104 174
74 89
37 189
32 135
22 188
52 84
40 60
50 166
13 71
73 97
66 95
4 63
8 109
17 48
137 154
2 119
108 174
5 164
78 193
63 125
25 181
97 133
51 98
50 67
33 81
47 163
29 31
13 89
7 58
56 111
41 56
71 86
42 121
158 200
22 157
133 172
18 41
21 112
65 195
32 86
123 192
44 82
28 186
24 142
47 160
52 66
82 88
120 122
89 193
27 151
0 1
3 144
130 156
88 157
21 97
14 156
15 141
69 82
130 184
40 144
160 176
0 81
116 189
19 172
134 190
94 152
57 74
23 60
5 181
129 141
98 102
18 113
61 159
26 52
76 178
181 192
83 105
69 190
64 170
6 98
90 178
68 174
12 42
77 153
135 190
43 148
30 145
92 137
42 49
47 196
102 111
1 38
139 165
77 142
83 90
42 155
82 184
10 172
93 181
136 157
31 63
69 182
123 181
17 108
15 147
108 154
8 61
145 169
35 154
37 171
73 154
32 130
30 191
11 195
135 154
40 85
84 138
30 124
89 113
171 175
87 168
147 168
16 75
16 22
8 94
3 60
103 188
56 76
25 62
1 141
85 147
71 201
176 199
101 203
103 174
45 113
9 188
137 191
180 184
136 168
65 165
100 189
114 160
38 150
39 162
136 188
140 177
39 107
58 94
10 137
100 203
28 196
159 171
10 109
55 92
63 87
101 181
70 129
7 96
146 153
19 39
15 180
16 170
19 132
93 110
178 194
55 69
1 185
31 39
58 113
121 197
19 160
45 157
55 71
16 138
78 186
25 153
37 168
159 167
124 143
61 96
30 164
175 199
87 108
126 172
48 121
19 115
57 152
152 190
33 90
66 174
30 156
6 186
56 148
23 105
39 134
23 123
32 184
150 178
119 128
38 171
79 133
118 185
0 190
1 47
155 161
99 198
101 182
101 113
17 123
0 140
190 192
167 179
2 50
162 190
37 126
57 111
125 183
127 159
18 30
185 190
45 77
33 66
30 174
169 173
48 59
158 161
7 18
20 105
80 200
36 160
64 172
68 82
86 151
106 112
11 109
7 22
101 189
131 171
47 204
94 99
23 65
98 201
125 174
23 110
17 129
67 104
7 159
36 80
161 202
44 68
32 103
111 131
109 155
84 181
174 196
162 176
100 195
1 40
188 195
69 125
44 158
82 156
82 179
32 56
41 50
115 137
26 98
76 122
173 195
56 157
136 161
129 173
26 72
0 147
54 150
36 40
172 194
5 186
5 7
18 49
50 147
143 174
160 172
14 170
95 136
23 30
12 46
76 188
17 154
13 51
98 100
19 20
4 132
17 113
53 75
41 115
109 163
79 112
99 103
68 185
27 198
65 110
103 110
121 175
124 170
75 193
188 192
122 183
42 76
42 171
76 145
10 200
145 175
142 186
23 164
14 175
80 132
9 88
38 45
64 81
69 130
12 175
89 169
4 60
24 66
8 169
118 192
38 140
121 128
67 148
16 156
8 184
24 104
122 198
114 137
87 114
114 150
178 202
48 200
35 157
68 181
101 159
9 143
47 158
47 63
20 67
136 175
34 58
93 127
28 204
103 169
118 125
155 189
163 173
89 94
122 135
35 67
145 180
185 202
8 46
9 97
162 169
74 141
115 204
73 188
15 92
133 194
171 180
46 181
149 156
88 154
89 178
2 138
12 165
52 71
28 29
52 121
9 128
125 134
58 151
28 191
78 87
87 194
101 121
164 202
37 121
105 186
13 204
76 140
8 23
57 204
82 85
68 124
134 154
0 64
97 204
189 198
166 195
29 58
48 130
26 153
4 74
134 203
23 115
114 173
23 116
104 142
138 156
102 195
9 39
105 162
63 80
74 98
116 122
81 201
90 152
102 158
124 149
170 180
20 133
16 48
171 182
90 113
119 173
118 175
142 198
70 73
113 150
7 107
54 167
14 78
98 189
15 60
33 194
30 83
136 149
136 150
42 46
132 182
71 155
172 182
23 201
10 175
44 179
154 176
65 163
78 159
94 173
138 177
96 163
8 59
6 170
11 121
43 178
119 142
119 155
12 136
23 138
37 69
152 171
14 61
103 121
36 85
89 122
66 179
50 173
8 14
52 143
114 159
69 178
52 191
157 186
68 173
22 109
57 92
59 92
29 173
88 118
155 174
195 200
98 153
22 89
68 144
34 105
1 85
46 76
67 141
75 89
69 163
1 34
150 167
126 191
19 173
33 177
12 139
169 196
27 55
94 186
30 113
74 183
29 120
50 129
40 139
10 61
120 133
94 165
7 194
6 149
136 187
57 107
27 176
7 123
94 134
106 158
37 116
111 119
43 128
21 173
57 60
7 15
107 136
25 99
123 158
86 143
92 117
55 186
63 84
62 132
164 199
39 112
130 167
74 140
12 13
105 182
140 164
49 120
121 164
53 195
43 162
135 142
96 198
77 125
45 82
57 145
73 113
14 188
109 169
21 124
4 75
136 137
17 70
86 113
139 142
94 200
92 173
4 98
6 102
29 92
79 185
80 115
65 70
155 194
86 173
4 96
162 204
2 183
56 130
79 100
91 195
22 198
1 119
92 111
22 196
161 180
145 158
15 195
20 175
19 118
6 155
32 34
0 180
118 184
128 201
49 133
1 153
73 195
58 143
118 122
63 65
159 193
31 185
46 176
90 200
20 43
143 185
29 110
60 74
5 98
10 36
64 100
47 184
3 39
38 185
136 147
89 142
61 195
5 79
28 142
141 157
27 125
24 171
5 38
115 199
17 94
97 124
55 124
9 86
56 61
22 32
31 57
5 203
87 135
89 159
47 80
8 83
109 125
141 149
122 191
29 119
180 186
62 166
135 203
28 81
71 170
29 195
16 82
2 84
50 88
27 92
199 202
75 198
1 195
76 80
82 94
40 174
43 87
164 197
20 121
91 152
102 200
25 34
42 98
39 49
161 189
0 127
191 196
13 112
110 179
88 178
80 113
50 102
59 178
23 159
189 191
93 173
5 10
148 178
53 161
58 96
14 64
119 204
75 130
140 199
47 119
29 72
83 88
23 91
38 166
50 146
30 32
110 189
31 82
73 93
43 145
129 158
36 81
172 187
54 87
79 196
36 140
53 72
105 175
107 129
132 138
14 119
96 201
74 151
77 165
63 173
11 80
151 196
7 28
38 127
0 41
38 138
23 180
13 75
10 20
26 58
107 149
79 85
124 176
73 92
28 130
43 90
32 151
78 135
46 163
161 188
78 132
120 167
57 105
101 110
81 135
2 85
6 168
53 179
92 107
56 91
8 112
20 40
32 161
109 136
138 178
10 177
48 106
159 202
131 154
41 202
20 78
137 172
13 126
89 151
165 195
14 167
157 175
87 200
165 169
8 120
39 108
62 187
59 156
92 120
65 130
71 99
12 65
36 42
112 172
88 96
144 176
90 165
103 179
25 70
11 176
98 141
74 107
38 176
50 187
107 193
120 191
7 51
124 172
8 150
174 204
115 181
32 59
0 37
140 184
72 177
20 114
143 158
52 183
1 142
108 196
76 117
64 190
167 186
11 154
40 129
50 81
110 191
103 192
91 96
161 177
80 201
12 87
10 196
66 107
94 139
77 128
23 81
38 39
84 125
147 204
52 101
66 203
42 201
22 81
7 93
36 59
67 191
88 89
18 137
31 60
86 103
58 118
51 103
75 146
80 116
177 178
95 199
128 196
133 184
28 192
27 188
55 115
77 105
4 8
15 198
53 110
23 191
55 188
187 191
24 158
69 139
1 179
19 203
27 166
98 163
87 148
37 62
50 99
10 161
54 202
14 38
175 184
12 61
135 157
62 161
81 163
115 129
122 181
108 181
17 196
23 41
61 82
160 191
35 52
20 72
62 96
170 189
42 43
65 179
97 119
31 83
110 136
0 186
52 63
93 171
59 176
136 177
139 148
62 115
43 64
86 92
24 31
16 69
27 173
28 145
108 180
19 151
40 185
150 166
32 149
39 141
10 42
100 144
35 113
84 119
57 126
60 156
80 179
27 170
1 125
84 197
147 199
53 83
27 186
59 135
64 185
42 136
3 125
103 151
100 179
118 166
81 106
105 199
109 190
5 144
76 166
33 75
30 127
46 96
17 170
85 108
27 203
14 66
7 48
49 64
69 112
9 17
8 37
68 155
11 133
154 175
5 61
77 126
46 69
136 159
73 173
3 180
17 120
21 44
2 186
74 100
52 195
112 183
154 166
24 78
119 181
32 200
1 35
23 139
173 204
38 121
93 109
31 140
76 189
112 188
53 74
61 162
41 92
82 149
79 175
133 183
25 55
41 134
69 189
45 87
62 199
108 189
174 187
149 183
85 173
23 87
29 193
48 98
6 64
55 151
8 178
37 118
123 190
37 112
65 78
170 204
152 195
24 81
47 108
36 72
44 202
173 181
44 182
31 105
174 201
161 187
86 109
140 144
140 153
45 115
41 69
35 91
32 111
22 103
32 162
157 196
14 110
45 191
135 188
18 98
101 184
74 174
97 108
5 162
71 193
23 90
31 66
144 167
51 80
20 36
8 51
30 192
9 30
36 172
32 183
104 111
28 39
106 170
76 151
86 125
34 166
41 190
154 197
28 33
7 195
119 148
74 138
36 75
66 102
1 111
68 134
44 192
157 185
57 165
122 164
47 181
19 106
139 156
50 55
50 134
135 168
75 201
75 148
27 185
113 172
134 196
81 169
91 197
95 201
26 83
83 124
5 57
41 152
148 201
0 132
29 107
129 171
118 173
34 169
106 138
16 117
28 85
105 204
35 104
22 151
132 140
107 130
23 89
32 92
2 139
95 196
88 116
2 153
116 201
55 128
85 202
12 19
96 199
90 186
13 33
50 145
84 163
27 144
22 79
8 43
40 162
46 109
2 147
51 173
16 37
74 153
32 57
17 150
97 122
7 140
101 175
20 194
38 155
142 163
77 137
31 141
136 182
10 40
4 38
187 190
4 128
58 70
55 135
51 88
142 158
131 132
55 75
44 62
1 200
25 112
26 183
121 191
157 189
97 188
11 61
58 190
105 149
161 173
29 164
84 102
37 153
86 122
6 38
6 68
79 136
36 53
26 119
18 92
130 197
157 176
171 188
123 175
95 182
28 180
20 106
52 141
144 150
109 139
111 139
53 194
28 52
0 11
91 147
123 124
179 198
190 194
2 110
15 22
38 53
17 43
107 148
113 142
33 120
130 161
91 175
90 144
11 14
2 52
4 7
78 190
157 198
26 81
43 89
27 140
66 147
158 189
9 68
158 178
57 120
102 171
65 180
117 126
152 157
145 191
103 150
68 191
26 147
116 192
46 164
146 169
130 190
0 192
48 122
18 156
99 137
27 154
69 134
133 190
167 189
12 122
151 190
60 204
32 156
90 143
82 168
77 122
113 195
49 134
111 176
86 99
11 192
93 132
123 174
101 138
94 101
83 189
125 127
102 126
35 99
202 204
32 47
59 183
30 103
56 164
125 179
181 202
63 104
35 85
159 190
43 55
170 188
101 143
39 159
68 129
27 142
52 202
39 63
159 169
82 95
61 199
52 166
107 128
31 40
81 162
93 199
49 78
121 125
27 50
18 111
125 140
4 83
128 130
18 195
63 85
60 169
77 100
185 187
187 201
139 188
130 203
62 88
114 143
56 153
51 120
59 65
66 192
56 200
41 138
33 113
63 153
84 156
8 63
44 199
94 138
3 67
22 41
106 171
11 163
20 110
128 190
117 197
34 102
88 146
78 195
66 97
0 183
52 199
39 155
44 128
59 197
52 53
36 185
11 148
56 69
53 202
91 161
107 119
79 101
72 88
70 177
2 181
104 118
51 166
18 114
8 48
67 106
41 83
112 187
34 174
23 29
22 59
152 161
39 136
10 149
94 188
122 127
102 198
22 104
65 196
82 102
166 172
111 126
29 191
76 129
3 99
17 191
4 161
44 196
29 117
106 120
122 132
91 191
122 150
85 190
182 202
2 97
94 159
133 166
98 196
86 149
1 51
85 151
166 173
135 173
96 143
3 73
56 120
33 91
123 165
42 157
69 142
33 71
96 197
30 71
60 119
5 47
196 197
14 81
16 99
26 120
8 18
52 196
110 152
100 139
88 119
67 153
76 201
80 197
147 169
102 156
34 126
137 159
168 176
93 193
37 52
19 189
83 116
143 147
53 188
65 127
141 202
148 199
69 201
4 170
24 99
9 46
95 188
10 144
68 138
140 166
82 101
176 179
48 204
84 185
20 73
11 58
125 129
1 66
56 80
52 164
60 157
45 178
14 201
21 30
72 188
146 164
95 193
50 109
23 148
80 98
26 97
107 191
18 204
177 192
13 19
106 199
143 192
64 68
36 142
19 145
5 71
56 64
89 106
173 176
38 149
44 122
116 168
3 92
127 192
72 84
119 163
34 159
72 124
155 185
46 78
34 96
15 191
91 196
65 143
94 95
6 180
182 204
179 194
7 20
124 142
165 197
91 101
91 93
96 116
2 89
25 175
11 168
79 107
33 70
38 104
77 98
38 79
144 183
24 120
43 135
96 190
141 156
180 196
6 29
11 184
183 188
28 70
56 144
115 202
105 122
67 92
26 82
120 162
54 123
20 163
29 51
36 89
37 186
59 131
27 181
98 144
44 121
8 82
76 82
95 167
32 99
21 169
15 84
14 106
83 157
32 202
85 171
2 51
164 178
13 127
23 149
66 93
45 180
43 75
24 75
166 192
107 126
11 202
67 164
16 78
26 201
12 82
116 175
34 198
20 49
1 70
132 194
106 151
79 179
39 154
102 194
25 177
195 198
47 89
80 136
0 30
165 172
36 173
5 33
2 61
27 161
48 164
16 144
143 169
97 189
55 113
27 141
1 184
121 160
4 40
4 86
85 192
13 93
106 125
163 195
40 149
126 131
130 147
116 195
173 185
27 105
15 34
121 188
15 174
59 198
8 20
43 136
123 139
92 135
143 171
50 119
4 47
90 153
146 157
18 70
115 154
66 87
109 112
130 162
50 60
66 172
167 173
116 183
130 171
155 180
181 203
30 75
64 178
100 164
169 202
51 204
132 181
62 91
57 162
3 32
33 69
17 164
79 117
20 90
44 166
12 16
157 182
35 97
123 202
127 198
90 138
64 169
136 164
79 189
104 132
125 184
164 184
96 112
112 130
10 101
19 159
117 136
80 171
114 138
102 203
145 185
85 152
19 135
74 196
62 182
44 161
73 198
19 122
36 92
19 104
96 101
93 101
1 173
75 145
131 153
25 86
0 148
61 183
152 182
173 184
21 58
9 23
72 141
132 137
156 170
51 101
112 125
14 124
108 168
123 142
25 123
80 165
117 119
133 193
2 122
30 68
134 176
38 200
4 180
196 199
104 186
94 156
164 172
50 200
6 17
109 179
103 113
22 56
139 159
43 95
70 81
61 155
107 195
159 161
10 124
30 91
3 33
163 171
98 182
59 101
117 170
87 146
122 159
22 150
28 112
179 202
107 155
138 163
60 73
24 46
95 124
142 190
54 125
128 194
58 160
32 94
132 141
13 56
84 189
41 46
54 199
88 184
151 178
31 122
71 72
8 147
71 149
29 32
123 200
12 14
12 59
64 75
70 170
71 135
44 130
41 76
174 200
172 185
98 119
112 126
34 44
151 173
15 138
41 119
19 183
185 197
33 46
163 172
137 161
35 148
145 198
2 99
8 165
30 166
19 120
16 194
25 87
27 159
19 46
85 105
63 156
138 181
71 163
6 179
85 145
160 174
174 177
120 151
56 108
95 108
52 123
55 144
28 143
130 160
167 197
24 183
3 106
15 150
65 98
16 199
72 117
72 137
13 133
34 150
23 107
23 80
52 162
17 44
60 97
38 75
117 159
45 68
185 186
97 138
49 55
80 126
127 168
103 168
20 189
88 142
106 119
15 135
25 148
81 121
28 62
120 164
126 197
175 179
77 79
0 111
134 151
17 160
76 132
114 120
6 159
2 140
133 134
21 73
73 152
57 187
83 151
67 145
33 73
164 200
148 197
123 198
70 180
111 116
68 104
62 68
13 55
7 69
58 149
22 53
76 127
73 112
55 100
35 197
1 107
129 203
45 71
115 134
116 164
15 203
40 165
30 177
60 85
4 35
47 197
11 82
67 182
137 150
37 78
26 71
4 94
14 33
61 97
24 202
117 189
13 76
3 17
46 127
121 202
38 49
58 181
46 107
87 203
113 136
26 196
75 143
69 147
18 35
94 100
8 124
60 113
3 34
11 203
19 95
63 165
69 195
37 148
118 186
62 165
43 132
72 91
102 161
0 44
147 201
107 141
4 95
33 178
0 48
55 95
99 120
89 156
27 40
89 163
18 133
89 179
33 103
86 163
39 200
13 85
47 100
11 173
36 87
24 74
181 197
76 107
73 197
83 107
66 71
200 202
2 161
128 142
26 145
45 85
16 39
35 53
127 157
163 168
33 165
86 94
178 201
76 174
50 76
42 122
74 78
67 122
5 51
85 94
97 109
130 139
82 99
181 204
6 107
62 87
158 175
76 109
59 94
163 184
121 137
72 106
16 198
105 109
95 148
44 124
12 148
24 166
55 68
43 48
34 170
15 131
173 196
1 121
102 105
35 57
100 155
80 167
20 131
129 202
62 63
86 181
38 113
24 60
46 66
88 143
50 98
113 125
45 152
138 200
57 99
46 192
50 203
84 146
47 172
164 168
17 49
104 172
42 60
95 186
10 135
1 113
93 143
50 110
2 189
21 116
183 187
31 88
62 90
32 67
10 192
32 117
26 204
134 179
46 121
60 111
33 129
72 114
144 204
20 100
56 71
100 131
20 162
144 199
142 176
109 119
158 193
59 84
155 177
3 188
113 197
128 168
118 189
120 125
116 202
12 145
142 171
26 202
102 185
152 176
34 40
6 123
96 110
4 185
55 176
36 155
150 157
62 107
57 179
57 156
67 196
117 200
166 181
35 122
15 185
7 41
33 44
81 146
52 138
70 71
81 161
4 36
38 131
163 188
69 116
24 118
104 144
38 43
10 37
3 193
0 68
116 136
173 194
40 94
50 74
49 74
130 132
96 148
15 116
22 67
27 33
74 188
60 159
56 191
17 203
100 102
10 39
107 134
5 6
90 202
102 117
164 175
35 201
4 151
43 120
190 191
84 108
141 166
91 190
1 196
65 106
51 156
55 134
62 97
21 46
23 84
80 111
102 127
90 102
106 195
19 49
39 128
12 26
44 142
125 157
116 128
105 137
54 55
47 194
63 102
15 120
162 188
197 201
50 137
118 180
55 84
138 147
32 118
118 203
49 129
5 72
93 179
61 102
121 129
106 134
63 133
117 179
37 76
5 156
56 155
24 131
57 168
0 7
20 41
2 197
48 175
41 42
116 153
42 173
175 202
43 179
81 89
59 168
80 104
49 51
8 111
72 93
7 44
140 152
74 123
11 56
67 173
110 129
146 163
38 57
19 179
149 163
190 203
58 201
5 88
32 68
56 92
149 164
36 116
21 167
159 180
19 25
102 178
91 106
26 94
5 48
71 101
139 190
146 159
56 138
0 16
114 118
9 29
75 80
24 108
14 160
30 165
93 167
60 182
112 200
86 141
108 111
123 130
3 93
93 103
70 133
6 135
1 32
49 52
41 198
89 187
67 202
35 79
45 109
33 34
194 199
14 15
8 79
108 203
3 141
91 95
18 34
31 147
49 56
18 27
84 176
52 127
1 171
91 102
78 156
184 193
52 122
39 139
113 188
178 184
38 126
1 43
107 111
89 132
37 183
80 172
32 72
43 62
16 160
61 143
97 145
147 173
6 57
138 184
116 182
139 177
39 190
71 73
106 179
93 153
11 33
160 185
31 196
35 109
100 165
43 47
78 110
45 100
78 138
20 128
42 181
20 101
173 179
31 118
131 150
109 110
7 103
64 70
16 72
111 123
6 15
29 184
17 141
82 204
71 177
94 104
39 83
87 111
24 37
4 57
19 94
35 120
30 148
61 120
133 149
36 192
115 122
44 75
71 160
2 64
39 52
81 189
38 88
44 105
42 82
16 111
173 188
9 191
35 192
133 178
28 35
25 26
61 146
63 157
48 162
160 169
116 144
37 115
156 168
69 128
37 110
54 94
143 197
9 33
34 138
76 170
15 146
45 95
119 157
23 111
92 203
66 141
21 133
62 76
27 41
43 91
11 18
87 104
151 170
117 120
29 124
135 150
67 175
55 179
7 26
69 114
130 201
45 108
167 193
125 204
93 166
50 100
151 175
66 155
26 63
41 62
153 176
92 159
18 148
12 43
14 174
159 181
55 73
3 23
16 86
13 158
17 104
125 194
51 114
78 171
157 199
4 32
73 174
95 102
66 191
9 54
109 130
16 76
104 200
105 148
126 169
1 37
30 135
18 105
134 201
25 124
57 174
63 149
113 134
8 118
77 82
37 67
109 147
48 140
169 192
19 163
74 90
151 152
28 67
9 200
78 130
112 132
117 157
34 187
61 145
160 187
75 116
142 201
57 157
91 204
133 153
33 106
76 112
86 88
15 30
22 83
15 204
151 202
83 125
85 118
0 93
72 85
72 149
100 171
83 84
62 159
72 165
192 194
72 96
47 193
58 196
87 167
41 200
113 171
81 131
51 151
104 155
145 177
38 100
163 169
143 193
114 158
7 24
59 201
23 92
128 199
18 44
27 70
14 26
164 188
26 149
149 152
91 202
21 179
160 171
6 67
84 147
93 164
126 184
56 116
150 159
1 158
65 169
83 155
112 117
28 197
35 164
29 116
92 187
83 139
2 76
51 170
111 173
119 180
77 174
18 202
118 153
141 151
5 39
178 200
157 177
10 155
124 126
88 133
29 103
44 52
18 20
84 87
100 194
44 86
51 195
52 75
57 84
47 142
74 115
41 43
17 157
90 132
80 82
133 137
70 150
77 84
21 193
29 129
0 90
53 117
23 31
32 69
82 164
21 102
52 99
24 102
10 46
179 196
126 195
53 130
59 140
39 73
129 179
81 187
54 91
2 200
74 104
30 67
114 132
15 168
56 60
30 187
7 111
55 58
90 114
92 124
187 204
2 83
29 47
6 143
91 199
90 158
77 118
173 193
137 179
74 77
124 199
48 139
73 179
16 113
50 85
46 139
39 69
170 202
22 35
35 130
142 180
83 94
4 141
36 190
27 112
52 77
152 178
16 128
24 160
95 130
6 24
24 145
39 82
117 146
144 157
4 131
126 144
23 118
18 146
30 107
55 85
129 180
177 186
123 173
87 101
22 91
81 150
88 105
134 195
13 168
23 103
41 128
2 191
127 176
92 190
69 160
118 155
9 142
122 170
149 192
21 106
175 203
19 174
2 91
124 187
48 195
34 117
85 163
43 82
114 125
165 170
25 92
51 79
11 122
71 113
72 134
54 164
149 193
10 88
17 127
32 108
21 126
81 204
34 72
29 78
99 163
140 182
5 54
151 164
126 143
105 130
67 180
26 156
103 148
129 137
0 26
190 197
49 106
90 135
88 145
117 148
54 143
52 67
113 193
41 96
4 12
24 121
53 191
68 90
123 195
84 98
20 93
83 96
106 177
116 138
67 185
109 154
62 125
107 187
169 188
36 90
49 174
26 33
132 165
45 175
43 56
21 172
21 72
50 155
30 54
17 175
49 161
138 174
52 79
10 141
134 172
21 26
21 144
170 184
82 87
104 131
40 76
60 144
21 49
120 171
39 156
31 50
63 191
45 137
16 29
66 76
54 135
39 123
102 193
59 139
31 170
36 39
16 203
24 92
175 176
54 141
97 132
46 73
43 105
159 188
32 132
90 122
121 178
9 123
102 103
43 117
130 168
5 41
3 140
9 11
9 73
73 103
47 112
86 132
93 104
73 90
167 174
64 96
16 165
106 118
193 202
37 176
124 193
97 192
16 202
15 166
67 168
25 79
153 168
9 110
36 204
108 192
168 201
15 39
23 152
152 168
30 118
25 29
1 86
46 204
160 199
150 194
85 159
21 38
22 147
121 142
20 138
12 186
4 76
13 23
116 173
67 158
132 145
93 126
50 96
101 164
104 193
108 118
149 157
99 118
6 34
65 68
197 204
39 42
100 108
7 112
40 105
42 57
143 187
48 187
81 98
60 180
47 105
16 174
67 159
55 126
115 182
42 183
134 147
45 154
14 92
79 166
6 55
114 189
111 134
65 94
108 179
36 167
7 147
94 202
2 120
14 100
79 86
34 85
67 160
63 161
79 143
101 127
25 35
27 46
45 107
62 108
17 118
8 180
65 197
29 158
102 141
90 203
54 126
98 145
67 120
46 200
94 114
32 115
18 40
42 175
116 167
93 174
33 149
184 196
30 96
193 200
24 117
6 176
17 19
167 199
185 189
80 86
57 83
80 180
70 111
4 13
65 128
150 190
16 77
5 133
78 178
33 74
155 182
114 198
100 184
153 175
150 165
30 117
11 127
47 74
131 195
2 201
12 135
34 141
49 149
167 203
4 105
20 152
82 107
42 79
171 193
74 166
160 180
108 147
101 144
39 118
93 194
186 194
91 158
121 198
129 134
40 48
33 85
17 147
53 167
28 201
69 123
109 176
3 192
128 149
63 119
12 69
4 23
30 144
133 136
29 41
21 95
44 143
30 52
99 187
134 199
42 135
13 78
40 56
92 148
75 179
53 154
66 124
29 131
46 174
132 174
154 165
150 204
27 196
137 157
21 152
52 83
37 151
30 193
52 140
48 50
144 152
59 177
9 77
46 171
30 95
77 163
120 121
79 115
147 164
58 157
32 71
76 171
134 164
7 62
68 156
71 182
56 85
42 115
83 115
78 127
126 152
38 134
48 144
6 200
157 204
7 83
30 179
64 102
71 165
20 181
87 94
61 74
76 157
36 48
144 189
51 138
29 114
10 72
11 89
187 196
103 130
151 197
94 98
85 97
6 122
175 192
124 173
29 128
134 148
52 160
59 204
90 121
72 75
18 78
108 190
15 192
88 160
9 154
97 175
80 129
147 154
29 106
159 162
94 194
41 68
90 126
12 107
117 169
75 151
20 59
43 204
178 179
135 181
16 79
104 133
49 188
26 175
34 50
60 194
44 67
126 185
116 161
64 153
71 127
84 165
81 149
90 177
139 179
103 146
48 119
137 155
110 176
62 184
41 102
93 177
39 148
194 195
114 142
115 131
22 28
52 153
35 49
0 45
93 105
28 110
16 178
66 201
65 148
130 138
37 178
83 186
39 181
7 75
82 177
136 155
36 76
105 129
92 175
69 188
35 193
29 94
22 116
29 48
60 107
176 192
113 153
80 141
36 135
54 157
69 115
44 71
48 52
66 131
4 150
42 160
45 192
138 172
52 177
30 92
64 111
59 149
23 78
76 197
79 195
103 161
50 188
29 137
47 59
82 125
46 197
194 197
52 87
101 109
86 101
165 198
99 186
77 103
133 201
82 136
74 117
66 119
99 126
36 102
53 111
0 189
48 93
14 103
26 138
112 158
29 202
72 125
86 195
3 116
28 182
179 199
34 118
137 175
99 171
57 181
60 79
36 184
74 116
37 61
7 78
159 189
70 108
36 178
21 113
59 90
42 139
33 204
25 36
60 138
149 168
29 80
45 104
93 133
20 202
129 142
37 145
138 183
149 179
13 122
3 157
24 177
45 204
64 202
44 133
25 64
133 152
64 145
0 157
10 58
3 19
65 105
199 200
180 183
27 177
24 34
9 202
44 190
34 132
4 11
110 139
89 190
45 160
45 203
70 195
9 87
41 180
90 107
8 196
40 123
45 167
153 162
47 165
52 85
15 17
15 62
105 170
66 204
45 74
64 94
85 110
5 74
37 92
29 149
134 188
55 57
60 70
19 167
109 188
11 13
98 149
73 153
26 41
7 21
141 173
112 201
15 121
113 158
62 190
24 132
119 147
98 184
7 201
18 135
8 84
148 190
3 26
55 131
45 166
117 188
169 197
95 123
73 120
69 120
32 170
107 169
126 158
1 60
51 117
35 75
9 136
41 47
86 126
39 196
44 147
81 101
1 19
136 156
12 171
64 189
38 188
182 198
56 109
152 196
39 172
3 20
47 130
80 109
60 183
110 132
79 162
63 184
43 142
36 143
114 140
92 128
126 147
42 153
70 139
88 166
130 158
53 76
119 196
28 60
51 157
75 95
26 124
84 170
2 103
35 87
76 79
105 176
139 184
109 145
137 195
56 87
184 186
38 184
154 181
134 146
49 169
152 198
91 126
16 115
28 126
31 189
38 186
120 130
161 165
103 111
112 199
2 144
21 39
60 109
28 184
50 91
22 189
131 146
14 121
2 3
22 146
47 151
24 124
27 47
13 116
111 136
39 137
53 114
107 123
98 180
31 139
29 136
77 81
70 82
53 120
118 121
118 164
64 175
82 198
13 49
104 181
53 203
94 137
54 140
7 33
60 147
11 188
70 198
60 83
83 165
1 105
7 181
17 22
119 167
16 133
58 80
26 143
42 110
62 89
45 145
32 113
51 187
151 189
25 68
169 191
74 86
141 152
36 198
18 89
19 128
37 170
150 203
128 152
132 202
171 177
10 163
19 78
53 172
69 164
111 144
70 77
24 110
74 165
21 185
23 54
76 164
82 193
11 34
108 178
8 141
29 145
88 180
133 169
39 201
79 180
151 165
17 115
8 139
72 94
5 36
27 111
54 78
134 187
82 127
76 155
17 20
26 70
139 174
21 131
133 179
164 189
78 88
24 44
55 149
1 49
68 202
99 121
52 90
30 104
148 184
53 140
71 150
13 24
145 181
75 115
148 196
36 49
138 167
32 82
56 107
132 177
80 81
10 117
89 107
95 155
37 98
30 150
90 92
18 187
76 125
16 143
86 188
5 193
114 195
47 76
156 175
55 88
38 122
102 145
63 97
21 29
78 191
135 202
127 177
28 121
44 152
17 185
8 158
97 176
126 198
29 194
79 172
4 113
38 152
30 159
38 125
72 157
32 131
24 178
62 71
121 185
148 168
96 191
90 168
5 149
7 37
62 155
132 168
24 85
124 202
5 67
107 160
32 37
41 195
53 135
27 98
17 35
68 190
24 129
146 202
121 127
73 189
109 193
30 130
119 176
176 190
71 94
79 156
3 196
201 204
63 163
171 194
61 151
67 154
69 110
157 174
144 182
112 151
10 158
72 76
117 154
103 128
165 193
70 199
87 113
11 112
54 90
20 71
95 179
21 154
156 193
30 141
3 25
177 184
52 180
70 106
8 96
62 119
52 147
10 11
13 195
49 186
96 147
104 150
141 171
70 194
23 98
19 81
158 188
21 128
114 119
137 141
24 135
137 200
19 121
51 81
29 85
124 148
75 134
53 204
19 152
31 136
67 151
9 173
61 164
62 73
41 125
39 92
95 147
8 13
102 135
142 164
56 65
38 65
21 33
27 123
37 44
115 162
25 183
34 161
38 95
23 28
13 103
32 74
22 128
110 158
85 109
10 190
16 157
77 149
16 180
38 99
130 131
54 108
21 119
139 151
73 109
117 135
26 186
133 173
135 156
12 88
18 120
74 110
8 92
50 183
108 113
30 99
160 184
137 144
118 167
36 37
60 137
150 188
23 204
62 186
17 26
156 184
5 130
62 183
114 147
80 123
53 173
140 151
101 132
31 47
84 91
113 180
81 109
21 168
108 171
15 169
106 132
56 90
28 114
30 134
59 108
6 58
84 143
95 185
5 189
55 81
61 95
58 123
127 152
131 137
106 145
30 139
75 173
4 140
55 110
34 104
137 146
99 151
50 178
23 106
42 64
4 99
31 188
77 148
152 183
76 202
8 155
21 149
121 156
126 168
71 183
58 122
92 200
144 164
63 74
25 59
82 202
30 142
56 202
8 50
132 143
3 44
1 50
16 145
158 184
61 163
4 72
21 60
51 179
74 137
61 87
5 55
38 203
168 204
105 128
144 194
59 180
111 156
12 143
67 174
1 57
154 201
48 178
102 137
10 77
35 146
40 78
56 78
43 119
68 177
4 90
114 202
75 105
50 97
126 132
10 67
17 195
85 198
117 187
58 128
24 26
112 121
55 146
177 188
141 180
25 72
116 177
54 60
112 203
63 67
0 42
151 203
143 168
44 193
159 184
190 199
86 174
166 168
134 140
62 138
21 186
137 158
46 146
63 124
99 105
81 193
63 197
2 133
2 141
1 90
127 182
40 84
75 162
101 174
133 148
113 176
122 171
10 152
23 165
24 107
111 179
115 159
22 33
41 53
61 113
51 92
19 60
40 173
140 181
180 181
35 93
10 115
12 112
71 110
24 82
98 121
19 97
22 55
70 136
60 86
16 58
6 154
130 202
18 121
132 193
31 131
94 130
114 157
13 38
153 187
8 9
67 73
134 139
114 122
123 134
73 81
36 121
76 146
50 89
23 182
127 170
144 145
64 114
97 182
93 111
153 178
26 151
56 146
138 175
5 120
66 132
24 199
94 174
6 10
40 156
24 28
6 48
27 108
29 140
163 200
6 188
128 159
97 114
71 79
84 86
10 43
56 161
2 159
170 175
23 48
10 132
16 109
81 156
142 156
67 80
19 197
66 129
87 91
159 198
11 116
68 71
151 162
13 59
53 198
78 189
183 193
130 176
49 73
33 160
180 191
155 197
36 88
12 189
51 182
27 158
0 67
64 182
92 116
155 188
86 117
56 167
42 105
35 62
32 73
34 113
89 172
67 69
92 125
3 153
146 200
15 145
186 193
134 202
72 187
77 85
42 58
26 27
68 151
39 106
140 194
71 175
34 54
71 185
104 148
21 178
5 65
83 145
0 143
26 37
132 201
93 94
55 154
4 109
63 88
10 180
41 63
151 163
62 106
41 172
123 128
53 141
25 109
22 75
11 100
62 153
9 117
127 133
14 58
94 117
49 62
89 144
42 45
45 60
82 151
67 201
58 98
128 138
88 188
124 157
17 61
26 135
109 137
172 203
58 73
104 115
141 145
21 191
47 77
32 158
92 150
35 133
117 182
115 196
101 172
57 177
31 121
107 147
75 131
107 150
3 38
80 134
158 171
85 194
150 187
54 144
136 200
57 108
138 202
20 140
105 123
24 76
154 174
67 118
2 60
193 195
124 195
49 184
143 191
171 204
4 145
59 111
46 160
64 86
10 133
8 137
3 173
131 191
21 111
97 169
106 127
23 39
128 180
156 190
63 192
136 139
49 107
54 67
40 86
23 172
91 149
111 184
112 204
161 183
16 151
71 78
11 105
13 188
8 166
97 186
49 203
33 101
146 147
45 61
120 159
68 193
167 196
78 165
78 133
19 82
20 30
98 126
111 199
15 29
22 123
4 123
80 137
80 112
37 51
93 134
23 57
47 174
0 5
25 204
157 163
9 48
10 79
119 200
178 203
38 136
85 113
93 125
26 59
65 120
120 169
60 92
27 184
16 62
131 166
189 190
1 8
64 66
47 91
18 176
114 134
15 33
191 199
67 115
7 99
91 153
18 169
74 147
165 189
124 147
41 145
18 46
72 100
109 186
22 78
170 201
103 157
128 137
12 141
30 42
123 183
9 181
168 202
159 166
21 47
1 48
182 183
79 167
50 168
32 49
131 165
47 90
180 185
37 195
81 129
86 139
33 40
29 111
61 76
85 165
9 51
16 85
32 127
21 194
51 77
108 150
81 126
93 136
148 181
16 98
159 172
28 183
111 162
177 189
96 179
71 162
44 167
38 78
8 148
59 63
24 69
75 101
153 179
3 203
108 166
49 177
35 110
163 182
74 130
49 77
51 122
44 76
0 199
9 144
89 196
72 173
139 143
119 187
88 168
9 146
11 158
18 62
88 190
154 192
31 43
134 145
83 117
107 143
117 186
116 155
167 177
42 99
67 90
0 82
29 123
47 99
28 88
115 192
13 27
4 114
29 112
60 148
68 200
137 177
92 131
41 89
106 190
93 95
86 98
85 161
23 47
55 121
112 120
171 186
14 18
107 152
75 111
102 162
85 185
116 131
59 60
43 137
14 41
92 155
14 65
101 157
168 185
7 106
44 91
79 149
8 108
72 107
34 97
79 150
44 140
122 154
12 95
49 90
39 81
90 164
116 158
3 35
2 165
54 62
146 158
74 179
62 133
24 123
0 164
60 104
104 179
91 144
9 84
28 118
13 34
45 112
71 174
15 111
0 124
50 69
3 76
39 164
39 46
61 184
88 179
1 170
101 187
103 193
62 198
19 35
61 127
9 94
25 71
197 199
22 127
3 46
116 163
42 48
58 144
16 52
32 109
39 194
73 85
83 92
154 191
64 168
100 136
46 58
80 90
30 181
88 128
110 143
95 126
89 111
40 143
6 184
33 95
120 155
17 192
55 125
43 63
112 157
21 198
115 155
141 161
85 115
98 195
4 137
15 81
144 155
105 107
71 74
95 143
95 127
5 142
10 15
41 60
64 128
21 70
28 173
48 180
54 115
134 152
140 183
26 69
138 170
28 98
15 57
52 197
49 54
121 146
146 191
50 95
89 134
58 104
13 101
68 148
65 155
93 182
17 158
26 134
121 139
45 127
42 197
25 202
29 88
75 194
56 114
43 104
169 194
24 182
187 203
83 109
128 178
35 185
112 174
190 198
31 59
49 95
15 183
85 107
106 122
16 158
168 188
155 193
52 95
108 152
81 136
114 194
62 141
21 64
14 17
106 146
58 172
9 137
88 174
4 147
41 126
132 186
70 72
87 132
153 190
96 203
31 178
157 162
41 117
77 176
77 200
24 159
109 150
136 151
35 51
12 134
133 162
88 120
20 33
11 199
155 169
182 192
47 71
116 193
11 88
4 153
103 105
17 45
120 123
101 148
89 194
133 177
22 119
175 185
13 100
81 154
5 82
153 189
137 140
99 133
47 61
15 179
87 90
30 47
23 49
92 94
150 171
49 59
5 111
102 192
45 123
31 93
78 94
6 158
19 31
44 66
46 173
118 134
53 197
159 183
76 160
50 149
48 203
62 81
26 111
102 187
17 162
99 102
36 136
150 184
26 107
40 204
94 155
57 118
25 172
66 146
174 181
152 202
39 94
126 130
6 89
46 62
11 132
104 197
13 123
91 136
123 153
47 86
78 204
77 111
48 80
98 191
60 153
6 82
88 112
47 55
113 186
59 110
67 166
131 175
73 147
127 145
31 129
39 64
25 145
80 153
8 157
25 162
17 98
103 163
16 114
95 117
91 114
23 53
78 105
11 118
25 111
55 187
82 134
144 165
28 103
35 132
142 148
24 32
175 204
13 136
20 201
19 171
47 182
59 167
103 156
182 185
44 177
170 195
35 183
130 142
108 149
20 53
146 193
5 122
75 160
108 198
108 141
72 169
5 146
136 172
80 184
3 87
81 122
37 142
16 110
105 111
132 133
132 146
68 164
112 198
42 172
0 74
29 82
16 47
22 136
83 152
88 204
88 183
87 202
13 74
133 160
155 156
6 124
74 178
47 164
1 140
118 143
24 193
135 201
10 116
15 105
6 113
105 151
169 186
77 194
22 133
38 103
39 116
113 166
34 81
66 120
33 198
84 137
35 66
75 96
21 196
35 134
2 135
29 152
32 106
144 173
76 183
43 102
72 73
90 133
38 92
28 59
61 185
42 131
3 135
43 127
97 185
56 96
145 161
88 121
32 163
49 158
88 109
3 41
13 130
24 106
7 199
15 172
55 70
179 186
89 152
45 79
173 178
17 86
65 203
23 154
45 106
94 132
68 107
118 148
50 123
22 64
79 161
157 168
111 186
15 80
33 202
27 107
75 158
68 116
102 160
12 72
181 193
177 182
53 174
162 202
38 48
110 117
28 166
94 183
65 71
18 23
79 118
23 169
9 90
109 201
24 197
82 135
81 182
0 187
96 159
129 181
67 142
12 73
36 187
109 167
110 140
53 159
175 182
111 125
143 156
108 116
57 186
27 71
15 47
1 84
28 54
153 200
89 145
124 165
27 78
32 182
18 60
16 132
85 86
10 174
98 105
59 157
0 94
16 59
13 157
114 177
24 71
89 176
80 128
106 200
81 116
124 191
29 127
28 107
152 172
149 150
31 149
51 190
37 72
139 185
11 155
4 67
103 177
17 149
105 167
98 133
117 131
20 38
45 201
40 160
68 139
9 74
41 165
129 154
103 186
22 156
28 195
99 143
111 191
191 201
38 178
137 168
46 135
57 75
22 88
27 190
43 202
87 107
2 185
37 134
65 167
90 127
13 48
23 104
73 110
28 158
8 74
13 178
19 195
12 49
17 189
56 89
75 178
136 189
84 129
17 85
60 186
4 71
131 174
163 183
113 175
5 97
80 88
148 195
4 79
155 199
39 80
92 115
32 43
10 162
32 91
10 145
8 167
28 203
68 153
67 78
131 164
9 157
129 182
13 57
37 71
61 192
26 103
92 145
25 51
141 183
6 99
140 165
46 189
76 149
125 153
174 188
24 163
48 87
92 132
58 178
67 107
18 199
35 131
158 195
15 86
21 125
41 178
10 55
4 5
6 35
91 135
103 139
93 186
37 173
103 149
19 154
38 130
20 179
27 179
12 150
4 158
120 172
121 151
44 54
3 184
162 194
55 97
19 74
119 145
160 181
35 167
39 173
111 202
4 157
17 180
40 179
40 67
85 99
79 140
19 139
29 61
81 123
60 64
43 194
52 135
69 88
127 188
27 126
25 197
128 147
15 55
179 204
44 135
8 161
85 134
128 166
118 139
2 32
144 170
64 162
59 142
30 199
35 139
83 141
151 201
118 191
59 138
115 172
44 57
165 180
78 170
38 142
16 191
85 128
45 188
26 102
14 102
66 67
134 194
146 154
73 75
91 100
135 141
38 63
73 104
55 64
56 94
141 175
157 190
32 191
57 191
17 51
3 74
31 191
100 129
85 127
131 201
26 163
45 187
12 156
150 169
58 89
56 169
109 159
10 100
167 175
25 65
63 151
56 151
18 134
138 188
59 173
163 186
43 98
14 53
93 175
16 89
146 186
9 115
169 176
96 151
72 183
13 199
44 120
27 132
186 200
33 159
6 125
9 82
56 182
2 28
50 195
71 106
4 48
34 80
27 102
108 164
101 136
47 113
88 193
54 161
32 83
30 190
7 200
1 16
6 33
56 178
127 187
68 172
20 191
105 153
0 112
51 76
11 16
117 122
27 200
13 153
4 15
52 124
101 201
24 62
36 45
84 184
8 40
32 154
39 90
52 89
56 174
35 166
92 204
30 182
66 182
186 195
61 125
6 106
80 188
87 116
44 85
32 105
34 179
30 109
60 68
18 52
75 142
42 177
130 153
177 201
22 92
142 149
69 108
75 163
28 71
11 37
85 87
19 142
25 75
20 187
2 26
70 188
132 178
0 17
52 93
91 98
49 94
75 176
71 169
182 197
136 183
4 69
83 102
3 136
25 126
119 139
159 186
77 102
31 166
91 154
72 135
80 85
119 160
100 202
19 149
112 143
25 38
17 81
56 187
48 147
20 89
67 172
96 172
80 92
97 126
25 50
48 109
106 107
38 159
99 168
71 126
18 64
70 117
44 176
38 183
45 99
29 168
147 163
66 104
30 129
118 124
11 111
18 178
104 187
153 156
35 194
69 156
108 153
6 166
68 121
14 126
48 133
12 45
120 192
156 191
62 160
29 134
102 130
144 175
67 134
162 174
85 182
11 183
27 85
53 118
9 126
8 72
64 105
60 115
72 122
86 169
8 21
57 90
40 155
79 120
98 181
125 146
70 85
78 124
15 20
110 134
79 154
60 171
46 95
148 162
3 161
36 131
3 163
27 93
90 110
56 181
59 175
22 161
45 121
46 72
45 169
123 172
46 49
40 154
120 157
41 161
77 175
45 88
33 142
167 195
124 159
39 84
103 127
7 129
105 144
131 152
34 60
47 150
153 182
31 195
29 108
15 25
3 100
46 50
65 202
97 151
24 125
160 182
13 31
112 167
107 108
21 184
7 187
30 80
171 173
24 198
20 77
56 149
43 158
108 142
40 187
82 180
34 193
81 179
143 179
119 127
105 202
12 55
48 49
121 186
108 163
5 150
77 92
85 121
67 119
73 191
0 58
46 157
69 71
93 156
17 60
138 169
51 63
33 169
53 87
85 157
34 130
93 140
49 145
168 203
66 193
54 76
37 103
43 152
81 91
18 172
105 138
73 196
53 170
94 162
81 115
115 144
25 155
23 114
10 129
14 50
146 185
53 122
10 130
13 40
1 144
36 105
76 89
85 88
76 195
79 171
73 146
10 84
90 167
125 170
32 122
34 186
97 110
45 143
23 37
41 171
8 149
12 158
95 189
88 192
41 153
158 182
181 194
36 152
73 141
75 188
56 188
174 189
5 62
76 148
31 161
186 191
139 150
20 51
5 103
66 175
119 168
79 190
81 196
99 122
42 128
62 173
32 100
98 171
72 159
59 189
114 126
37 172
159 164
54 184
47 82
20 37
119 122
61 196
71 88
79 186
19 110
9 201
79 183
3 6
9 160
7 172
146 174
33 54
76 88
140 168
95 104
145 171
13 28
40 140
51 131
51 90
9 149
43 113
66 79
11 179
19 199
184 191
48 56
54 92
28 140
67 146
23 158
121 163
55 119
35 182
98 122
21 50
56 83
3 200
64 152
19 52
59 71
27 167
50 111
91 130
83 187
96 140
95 135
134 149
19 108
13 102
62 116
63 132
27 147
9 139
11 181
91 146
27 34
103 106
93 200
63 155
95 99
51 61
38 192
196 202
92 158
115 173
47 79
105 106
52 142
93 160
16 131
29 44
32 165
31 90
3 126
65 144
97 147
74 156
87 120
78 111
46 63
84 88
79 102
30 63
10 195
39 188
92 164
132 200
37 107
75 83
28 132
51 193
64 132
62 134
0 146
130 172
89 114
31 77
185 193
14 182
102 179
66 139
19 124
95 171
138 162
186 201
54 162
32 199
88 136
44 58
43 192
143 199
86 197
86 147
109 120
28 53
5 153
171 187
2 137
177 187
59 121
0 121
35 143
7 175
51 128
70 118
133 138
34 115
20 200
25 33
134 163
124 162
168 199
25 117
134 158
33 56
110 181
4 160
8 80
20 139
7 71
35 90
53 192
31 95
58 145
53 129
28 63
73 111
1 122
32 54
22 144
87 110
14 161
8 90
56 118
77 152
78 182
28 134
14 141
77 86
33 47
63 166
85 154
27 116
39 166
14 115
91 109
86 105
29 172
77 107
141 148
44 198
142 144
85 92
81 94
12 105
98 175
11 182
13 67
75 82
70 126
4 19
14 116
27 145
55 123
44 59
129 138
5 143
118 149
108 133
64 71
81 92
75 126
81 137
10 94
40 141
90 147
144 195
106 187
102 147
16 55
15 74
2 40
182 188
83 142
57 114
64 186
94 192
153 158
23 145
20 176
142 174
55 76
120 203
31 198
44 197
157 171
15 21
88 149
186 202
16 84
166 199
165 188
87 97
188 193
178 193
106 176
41 141
18 136
58 193
53 57
13 64
119 185
36 177
77 196
136 162
40 189
154 186
138 142
110 128
30 126
89 180
51 71
20 83
137 153
39 72
1 129
151 159
62 175
51 115
10 146
174 202
31 179
4 139
37 154
45 171
5 60
10 14
192 197
99 183
154 173
97 125
101 158
98 142
154 185
147 172
83 178
31 153
21 37
73 190
113 159
141 200
76 77
92 185
54 165
42 70
82 182
31 187
7 132
50 185
98 112
50 152
7 128
15 130
88 194
28 194
20 124
21 110
17 92
40 53
19 91
55 89
6 126
34 135
45 172
11 159
73 148
130 189
40 77
88 113
4 120
12 126
73 125
14 169
136 191
2 204
95 96
13 109
8 197
163 179
174 197
36 50
19 48
136 184
81 97
84 168
110 111
9 104
34 125
44 72
36 162
82 194
113 183
85 135
2 151
118 182
3 178
22 87
65 72
26 104
40 194
161 171
71 97
24 86
73 149
70 179
85 91
156 176
159 182
41 167
55 120
93 148
200 204
19 185
135 196
35 147
2 31
85 156
7 46
13 72
67 72
37 99
87 122
55 158
28 45
19 119
186 197
78 119
14 140
54 56
59 113
5 68
52 165
64 121
171 181
28 138
48 186
135 189
148 191
53 55
106 108
64 197
77 155
14 125
104 112
49 128
51 199
36 196
81 168
40 50
126 174
61 158
127 164
100 193
160 204
96 174
84 90
44 78
78 148
10 71
169 179
0 8
50 132
101 104
22 178
60 132
92 171
8 33
50 61
79 146
9 187
49 192
148 175
26 101
12 63
43 59
1 2
37 87
63 135
51 124
2 8
38 110
52 80
128 154
13 172
77 119
82 115
12 36
14 84
47 159
69 79
13 135
27 95
26 32
83 191
162 166
4 155
128 203
45 90
118 141
115 167
11 97
16 136
79 165
149 197
193 201
74 75
85 193
89 110
113 116
61 81
77 99
75 185
67 132
132 169
0 20
9 178
10 108
125 201
72 105
154 204
92 144
29 86
29 153
22 47
144 200
133 159
21 48
54 175
74 184
42 63
108 151
66 117
6 128
92 99
103 124
9 27
102 114
134 177
184 192
4 89
26 141
32 176
50 136
71 131
48 158
3 199
45 162
34 66
29 34
64 159
8 198
150 180
163 165
18 36
34 160
9 140
127 142
57 170
28 47
169 171
63 81
44 146
47 93
119 135
74 160
104 198
140 190
129 161
56 140
33 164
13 26
19 133
152 158
146 151
24 191
2 188
47 84
148 158
143 152
30 116
32 123
15 175
30 89
68 114
10 104
123 129
115 183
98 148
59 185
42 55
54 107
65 96
110 154
45 151
171 185
33 176
115 197
13 174
48 101
129 201
57 101
13 150
136 186
88 127
79 152
9 169
11 139
14 157
81 195
96 123
24 77
114 167
21 142
69 70
25 192
0 113
48 201
82 144
121 203
147 179
13 90
129 193
108 202
148 151
19 37
21 90
33 158
72 87
64 137
153 166
172 188
159 191
96 109
58 63
1 9
9 161
152 177
158 162
15 87
163 164
16 134
42 191
89 185
65 152
121 130
11 197
12 164
129 157
59 133
164 179
91 162
167 192
18 77
150 181
129 195
89 143
14 68
22 38
125 158
17 106
9 111
26 109
104 177
122 180
125 176
6 61
157 172
14 51
6 148
68 204
115 145
67 184
40 93
8 68
177 179
41 135
126 146
10 85
169 189
109 114
46 103
86 152
18 81
73 164
162 165
96 185
69 99
2 114
101 200
107 177
129 144
141 185
136 193
120 137
60 150
119 192
47 96
3 15
22 173
89 195
42 62
79 83
0 173
46 92
192 199
52 190
172 186
61 190
158 173
11 170
91 138
135 197
45 130
41 116
70 137
47 66
99 136
61 100
35 92
56 115
130 135
79 84
23 173
50 201
35 140
21 140
149 202
51 196
74 81
67 138
117 147
37 95
29 38
49 180
100 158
58 117
11 42
38 119
40 112
49 86
78 185
163 201
15 58
80 176
153 203
98 202
89 128
111 201
50 191
17 155
60 166
12 185
71 184
22 120
82 153
55 156
7 180
40 59
82 141
53 123
45 84
152 186
146 192
8 170
40 202
49 182
57 81
140 155
54 93
39 78
120 140
112 202
93 106
11 32
57 125
32 79
126 202
43 181
76 123
171 174
175 190
64 151
51 84
73 102
17 142
0 166
24 35
92 149
35 81
33 104
63 137
126 128
139 197
29 109
151 154
114 131
46 84
56 102
49 204
103 154
39 100
176 182
21 189
74 119
56 204
2 121
51 78
121 162
12 127
67 75
95 150
24 170
22 131
26 187
28 105
30 175
96 105
32 169
64 79
87 188
11 115
69 75
176 181
55 184
37 146
72 170
137 197
86 97
130 204
111 187
2 100
41 65
29 59
103 185
148 153
145 176
52 152
55 59
50 52
56 175
68 93
10 164
158 204
22 171
70 146
14 105
62 150
41 121
48 182
31 142
49 172
35 127
69 121
27 182
40 110
57 91
31 64
63 202
34 109
37 190
108 115
24 63
7 203
6 114
58 61
53 63
9 114
179 185
137 204
0 172
14 99
70 191
1 80
80 150
47 162
56 88
64 85
103 175
175 197
101 146
59 119
80 189
94 163
52 96
61 83
95 121
36 118
48 104
54 58
95 159
129 197
84 159
78 140
77 87
45 81
5 89
16 182
40 69
6 90
17 39
5 125
111 168
66 173
118 188
56 135
44 201
22 177
11 186
75 161
161 163
2 70
119 138
69 87
107 132
55 192
141 165
3 66
161 182
77 178
42 180
96 186
126 203
7 119
90 173
117 156
55 173
151 158
155 157
62 86
81 190
127 163
46 167
157 183
95 187
8 81
115 135
45 147
21 77
8 99
4 56
25 150
81 177
146 201
44 204
55 164
12 142
21 76
10 56
69 92
157 193
6 108
39 125
47 137
73 158
118 128
72 197
50 112
74 169
122 167
69 131
63 115
72 123
130 145
133 174
52 154
2 57
125 185
69 109
101 160
96 180
27 152
7 97
19 184
46 77
80 147
28 174
53 160
19 200
52 194
106 114
148 188
28 141
112 192
102 128
28 169
144 161
7 153
30 119
12 146
2 77
157 180
1 104
87 125
78 160
35 169
30 143
65 79
103 135
11 104
83 126
132 171
48 67
75 204
98 108
62 66
53 85
86 140
15 199
4 169
39 121
19 194
59 124
107 142
34 188
18 203
85 199
68 98
11 71
185 204
35 150
70 173
67 125
24 36
15 114
67 165
72 150
46 172
54 158
132 180
83 101
85 177
32 50
3 43
22 77
42 142
23 170
75 167
124 167
27 37
27 59
60 99
46 68
5 199
128 140
40 51
28 127
21 150
8 203
9 145
173 187
39 58
85 114
43 96
66 156
187 202
16 73
96 171
119 175
146 172
113 126
132 204
184 185
163 199
101 154
67 110
184 204
103 134
34 181
7 130
169 183
95 162
74 161
4 6
27 171
65 135
68 201
39 142
1 10
9 20
131 161
58 166
116 180
24 90
17 167
6 153
46 108
11 157
47 190
37 54
81 157
90 198
44 150
93 158
25 138
73 79
107 179
30 184
118 201
159 204
5 136
99 166
95 184
105 168
102 121
98 99
130 133
16 179
97 194
169 195
20 82
8 183
129 174
11 193
14 195
29 126
60 95
184 201
187 188
56 173
130 180
71 114
1 41
28 86
170 197
71 128
100 130
76 167
117 149
18 166
149 204
31 79
69 199
59 72
61 63
6 141
51 185
26 148
120 132
111 115
64 203
26 48
42 196
12 166
52 94
147 160
51 181
88 103
6 142
176 186
10 139
25 189
74 204
89 183
151 195
109 113
147 175
142 200
116 141
124 138
135 191
58 88
68 97
127 148
54 169
31 120
65 172
18 181
95 103
63 126
12 98
158 167
82 106
35 96
63 94
3 143
0 131
24 101
105 177
68 171
114 155
42 68
22 122
136 165
48 74
24 154
101 183
48 81
27 153
27 124
4 182
170 198
8 56
3 48
76 147
38 80
77 139
41 181
129 148
69 151
165 187
91 170
47 176
7 170
76 130
137 185
177 199
103 144
68 132
84 182
1 192
26 177
95 160
108 137
9 196
109 161
48 97
3 78
39 198
18 132
99 132
102 133
76 142
92 138
48 190
58 101
49 125
82 186
71 199
51 99
53 190
110 168
83 112
86 162
13 145
136 148
20 26
132 196
46 150
76 121
50 113
136 190
85 180
56 84
85 89
75 76
148 182
11 152
9 69
24 184
92 182
142 175
20 60
91 104
27 76
13 194
33 199
47 115
127 169
75 203
11 28
0 116
19 138
10 189
87 121
5 141
119 137
146 170
140 203
104 185
61 152
72 104
68 159
66 123
73 116
25 107
2 93
102 177
105 187
95 111
62 70
35 89
124 158
126 181
95 183
21 89
110 200
126 134
25 157
27 35
15 142
46 142
19 80
123 131
16 27
88 158
26 136
122 133
27 87
166 197
50 94
3 113
2 4
34 171
25 102
22 69
31 68
187 199
75 169
5 46
77 189
88 202
67 179
162 182
78 93
9 182
105 160
20 109
54 198
11 161
29 69
27 36
143 164
47 87
72 112
118 150
145 196
124 131
73 91
1 109
154 161
103 118
3 68
12 116
36 107
9 60
56 129
16 83
103 195
85 116
89 154
31 111
139 158
35 204
81 197
55 109
68 115
20 184
41 184
30 157
128 135
25 163
93 130
119 174
56 106
41 99
34 79
23 187
74 194
113 128
61 138
7 141
31 132
0 10
168 193
6 70
70 155
22 68
70 79
101 147
108 138
35 165
9 172
49 80
31 117
94 181
33 201
6 9
52 76
21 188
63 189
173 202
52 70
105 194
118 181
106 109
93 196
44 104
9 118
15 113
49 178
71 82
140 188
1 147
90 119
32 116
47 168
17 41
31 160
24 54
101 185
33 131
27 183
94 185
12 101
144 187
39 146
47 94
106 175
55 132
75 168
28 147
4 54
104 195
193 194
47 102
143 151
12 203
28 188
2 75
173 192
30 188
7 171
28 137
4 37
145 164
77 181
16 90
72 89
58 72
13 111
57 153
3 152
96 168
160 197
103 176
19 85
53 112
9 162
17 161
108 124
116 178
13 124
135 137
55 172
94 131
22 108
6 75
1 174
58 60
37 119
36 41
143 145
56 121
102 124
53 78
42 169
60 117
48 193
165 199
25 135
69 143
97 128
133 151
70 140
45 67
37 174
117 184
73 151
112 164
16 121
146 183
48 65
20 22
93 100
108 184
39 165
24 64
19 141
75 199
65 185
47 98
21 104
84 126
4 42
56 67
155 162
134 165
38 106
120 173
45 80
0 15
126 165
179 183
86 95
28 189
58 174
90 160
46 88
117 121
83 121
14 22
24 58
117 203
31 99
37 81
73 86
3 195
44 101
44 118
161 169
88 108
1 46
28 31
0 202
12 138
47 187
11 198
97 117
152 167
9 34
71 172
52 110
73 187
71 142
37 55
22 113
73 87
14 200
5 172
2 148
16 183
161 178
37 181
6 121
12 66
75 110
15 70
90 104
79 111
109 115
55 107
14 173
1 64
15 50
52 102
11 180
24 181
35 48
133 188
90 166
138 185
25 61
3 131
127 158
87 160
74 159
102 125
10 99
57 71
143 181
15 201
51 67
20 61
123 161
56 124
143 167
123 146
128 131
70 168
70 175
114 178
9 107
19 131
172 204
74 201
164 181
96 193
3 77
116 174
5 91
42 90
73 145
86 191
21 53
1 13
51 194
27 65
65 85
50 154
8 75
43 103
53 152
3 137
86 108
65 198
103 109
174 185
84 120
58 189
128 156
15 144
12 48
9 38
35 115
51 96
57 113
22 140
124 166
84 92
39 113
8 113
150 182
50 156
40 43
151 182
5 75
0 160
121 176
17 201
176 198
42 118
148 172
67 124
5 184
120 201
7 80
195 202
40 131
12 147
19 58
86 133
82 124
62 151
155 170
34 173
65 119
44 186
7 32
32 119
6 26
27 103
48 57
4 186
54 83
15 78
48 179
161 191
91 116
23 27
92 119
157 159
27 121
58 168
123 156
114 151
125 165
25 174
58 153
65 159
18 200
1 150
6 25
104 139
142 197
125 199
175 193
44 88
8 143
119 120
1 30
6 87
157 187
4 174
7 188
47 129
141 163
6 80
45 97
15 85
53 143
20 87
83 123
21 175
93 144
78 179
103 143
3 102
66 178
49 197
98 140
117 138
57 158
20 112
145 202
5 187
195 196
50 175
71 154
15 88
5 96
69 170
149 151
4 112
82 201
17 138
123 193
82 83
104 157
17 132
15 38
151 188
30 158
44 51
95 161
38 169
33 119
66 158
161 201
26 106
85 149
32 75
35 40
35 126
16 33
53 103
11 101
24 147
78 114
3 134
27 113
134 197
40 138
77 143
92 161
67 77
9 85
43 124
12 89
55 72
151 155
111 170
74 114
24 115
3 22
61 172
28 74
115 161
144 160
150 154
20 143
34 49
7 133
25 69
42 127
52 91
25 118
27 91
69 103
29 166
13 110
61 176
76 138
97 106
3 36
36 55
67 116
76 108
120 199
16 137
2 179
122 143
10 181
22 163
82 111
63 103
96 106
68 162
32 139
26 133
75 197
139 144
60 108
142 154
154 169
57 175
18 76
35 176
75 108
107 158
123 135
61 117
37 73
33 60
27 138
78 113
46 129
34 143
30 115
68 146
37 187
81 86
172 181
62 102
140 204
37 164
133 189
12 109
2 171
169 200
84 204
173 190
5 17
27 114
59 91
13 69
59 85
1 198
31 58
35 83
49 53
60 172
2 111
2 128
8 128
37 75
75 189
37 185
40 75
1 5
103 138
138 144
28 104
108 199
108 160
69 101
13 170
24 29
56 185
64 67
24 47
14 148
22 74
146 167
44 136
179 201
123 169
34 149
100 122
12 202
52 149
16 70
158 181
4 84
92 129
75 183
102 106
26 192
116 133
133 142
64 82
32 138
86 193
100 197
19 156
100 188
83 196
98 106
104 190
15 91
87 140
79 138
132 147
162 195
116 151
88 106
83 98
21 109
155 181
27 99
97 167
16 28
57 138
24 134
109 156
86 134
14 24
156 192
54 120
23 120
46 54
21 117
81 160
154 157
11 95
41 196
135 149
71 196
44 55
156 158
79 144
76 150
125 132
89 91
15 46
22 105
63 179
27 104
76 120
98 124
21 166
65 158
46 115
157 164
38 145
82 103
110 186
15 181
23 163
67 121
143 189
52 144
67 89
131 179
123 149
9 18
84 89
52 137
138 160
139 160
86 110
108 193
23 38
100 148
45 159
8 30
15 54
58 139
62 113
56 79
96 118
10 47
7 155
89 98
51 100
1 26
3 97
128 204
77 183
75 165
49 131
62 104
61 79
3 121
83 91
111 143
97 120
70 125
181 182
91 121
106 137
2 199
0 36
21 122
137 201
21 134
64 199
77 157
87 129
92 151
0 105
66 181
20 144
7 166
94 160
141 201
110 166
130 152
65 81
32 193
72 174
6 190
64 120
120 124
6 65
50 77
15 125
11 149
113 200
21 118
36 200
145 154
38 190
58 121
136 145
6 178
108 176
20 111
114 175
6 111
37 47
76 181
110 144
160 168
54 195
138 145
124 174
91 172
0 14
69 197
59 188
114 161
158 197
43 138
96 133
17 67
13 128
104 203
4 29
9 14
0 62
8 42
113 135
68 70
65 125
163 187
51 201
19 177
63 170
79 204
63 174
43 51
106 194
1 130
8 172
2 127
2 72
49 202
20 42
3 127
65 200
118 145
39 119
157 165
13 149
111 171
101 119
98 137
42 200
110 141
116 162
64 187
66 100
70 105
120 141
63 146
43 109
10 107
15 56
121 150
3 72
155 201
2 167
1 27
27 194
18 33
131 182
21 24
28 190
38 115
111 117
43 157
161 167
38 197
66 73
59 146
65 189
104 162
111 193
140 187
22 195
71 129
100 149
84 124
48 103
1 152
1 156
4 135
141 174
29 118
17 27
3 101
61 130
54 73
82 171
92 192
73 160
19 88
187 192
191 195
153 194
86 159
87 201
73 142
88 98
60 71
104 161
56 128
105 127
2 178
65 129
17 66
87 170
132 188
36 182
55 91
19 125
109 123
88 90
4 51
41 169
5 32
141 188
51 82
28 57
50 196
159 179
62 95
120 178
32 63
68 128
66 133
21 80
31 48
39 70
75 184
45 181
140 180
32 120
115 141
83 199
59 122
80 117
101 142
5 16
31 36
5 64
170 186
79 192
31 127
37 177
101 139
79 131
89 170
8 117
144 168
104 173
37 91
90 125
38 156
71 171
26 47
40 80
80 110
125 193
87 145
49 105
15 189
100 160
180 203
0 59
52 178
51 95
64 129
68 150
86 203
133 141
94 106
2 173
25 56
178 180
2 90
65 95
19 50
22 82
10 201
24 98
39 178
93 202
63 154
32 110
176 189
22 160
1 72
72 98
98 178
68 77
135 160
46 196
5 44
13 197
43 121
55 105
170 171
96 181
45 173
110 192
7 45
146 155
23 181
42 93
102 152
136 195
46 126
18 150
80 166
75 113
166 174
46 110
78 194
182 199
55 159
12 50
78 163
127 162
3 28
100 201
2 65
10 142
78 157
147 151
113 130
169 174
15 75
25 32
106 153
40 54
69 95
110 138
23 64
92 136
85 179
14 34
6 203
16 116
91 163
112 182
29 201
81 166
15 53
48 68
177 194
112 189
7 84
23 77
90 142
91 171
106 143
50 64
133 140
62 140
129 146
22 71
160 196
49 137
95 180
154 202
137 174
49 69
52 54
112 139
103 108
141 189
76 115
140 197
117 160
3 105
29 188
89 188
40 44
181 184
139 180
92 127
65 109
36 163
31 126
149 191
85 124
73 159
188 199
38 42
78 164
153 192
117 153
35 59
3 88
123 163
155 163
129 167
122 184
31 200
50 57
8 34
163 176
116 130
157 184
41 124
40 98
98 115
5 188
49 147
3 151
61 93
99 152
79 99
24 59
48 138
86 129
156 160
1 6
9 26
144 158
61 147
71 124
61 200
27 73
62 74
180 195
98 174
111 122
34 73
94 135
106 174
39 111
166 177
80 105
39 157
103 203
52 106
33 117
53 105
0 75
138 196
99 116
183 197
118 187
34 196
100 121
64 116
6 109
38 137
5 192
13 63
80 127
112 193
20 88
52 113
112 131
7 76
6 157
14 151
62 200
31 123
10 51
118 142
69 132
41 183
6 162
30 180
50 120
153 169
152 204
91 108
163 190
53 134
90 197
41 111
15 151
67 91
41 176
105 114
130 169
25 165
83 150
27 39
180 187
38 189
114 129
158 169
123 180
30 112
82 165
1 112
76 204
42 189
189 203
4 91
28 75
126 188
11 85
36 156
62 80
6 140
51 64
190 193
161 190
145 151
33 161
76 176
26 118
6 181
72 175
82 114
115 194
46 151
78 92
78 128
15 97
125 180
38 50
36 191
31 89
38 54
59 88
104 138
45 156
84 172
24 194
25 115
106 161
85 183
43 144
85 98
145 188
14 28
4 106
123 184
0 204
15 153
37 77
70 78
6 137
80 158
31 181
75 124
1 115
55 108
11 65
56 133
42 194
104 202
159 173
61 78
84 200
11 128
168 195
7 146
11 175
35 138
115 132
187 193
20 156
14 52
7 10
165 200
100 185
37 132
20 79
55 180
105 174
8 145
89 158
22 37
124 127
50 190
6 54
49 126
49 168
72 111
9 190
83 135
97 170
86 106
79 155
46 152
3 51
127 195
4 44
23 88
139 171
54 111
6 71
28 101
128 198
91 141
59 66
115 201
62 156
118 177
23 97
66 116
46 138
94 167
55 118
21 156
109 140
8 89
125 203
7 38
42 80
64 101
133 135
29 132
17 71
140 200
65 192
0 133
80 187
27 169
123 125
41 156
51 72
128 174
98 159
145 193
39 109
174 194
51 140
55 140
83 129
62 145
58 187
21 155
79 187
197 198
69 196
11 144
168 171
80 101
10 182
29 33
49 97
86 189
48 132
154 167
47 73
18 69
23 177
28 152
69 80
125 178
63 169
11 46
11 114
123 186
54 154
42 140
87 174
20 96
23 136
3 54
82 192
5 29
2 78
10 89
51 107
9 159
60 128
74 187
66 72
13 134
115 160
78 144
118 146
158 165
36 141
26 110
106 202
91 103
54 174
144 159
68 78
37 79
21 74
119 166
57 155
60 88
52 130
4 33
11 185
65 187
106 149
0 60
13 165
102 181
127 196
113 204
106 164
54 196
18 51
107 168
109 133
158 201
97 130
178 191
96 114
136 204
10 127
41 160
103 160
47 78
42 85
108 200
62 127
57 72
87 128
16 21
84 100
31 159
10 29
55 165
75 114
78 80
97 127
28 193
72 184
43 71
163 167
13 36
82 187
66 118
91 127
63 175
153 157
128 151
182 189
160 165
