207
12
14285
60
90 2
81 2
50 2
72 4
93 2
85 3
92 3
80 1
90 4
87 2
101 1
41 1
39 4
45 1
40 2
84 1
100 3
65 4
56 5
74 3
79 2
65 1
42 3
49 5
55 2
88 1
40 5
88 1
87 3
91 4
83 4
38 1
39 1
73 2
84 1
77 2
58 5
96 1
89 2
42 4
100 4
94 2
80 4
36 2
43 5
46 2
40 2
50 5
39 4
65 4
100 3
94 5
43 2
83 2
35 4
93 2
71 2
50 5
67 3
63 1
100 4
72 2
73 3
101 1
72 2
66 3
81 4
89 2
100 5
46 3
50 2
88 4
34 1
88 1
35 3
49 4
100 3
46 2
58 1
79 3
74 5
68 3
57 4
70 2
71 1
55 5
74 4
91 1
90 1
96 3
65 4
93 2
59 5
46 3
81 3
67 2
84 2
64 4
37 5
96 4
85 2
76 4
59 1
76 4
47 4
98 3
91 5
75 5
92 1
80 2
99 5
73 3
46 3
74 4
89 3
52 3
90 5
60 1
96 4
51 4
101 2
94 1
76 2
56 3
89 4
99 3
92 2
75 3
42 2
62 4
47 4
55 1
70 5
61 5
86 3
41 3
65 5
84 2
73 3
58 5
53 4
92 1
47 4
57 5
34 5
44 4
75 4
82 2
91 4
53 2
39 3
71 4
71 3
52 1
58 1
38 2
62 1
51 2
90 3
49 3
69 1
38 2
89 2
92 2
95 1
73 5
38 1
71 4
47 3
37 2
56 3
66 2
50 3
94 4
43 2
99 5
82 4
89 1
50 2
95 2
42 5
38 4
43 2
63 2
56 2
44 3
55 4
49 3
51 4
35 5
72 3
51 2
94 5
41 4
69 4
77 4
40 1
49 4
83 2
88 2
58 1
74 4
94 3
83 2
53 4
53 1
60 5
12 95
3 37
61 62
101 153
124 131
27 52
76 135
35 79
2 148
130 135
24 174
112 132
128 141
14 70
17 193
49 79
51 88
110 187
136 193
30 122
5 65
93 106
47 110
32 65
84 126
91 173
115 119
39 180
19 189
107 154
85 88
95 175
24 165
110 131
51 165
30 124
63 203
122 179
28 171
23 77
21 78
151 173
83 93
17 198
17 119
21 92
69 97
140 145
61 97
58 195
166 198
98 142
39 62
51 99
130 206
43 187
131 139
96 184
15 85
17 155
194 196
137 169
48 169
54 67
129 144
66 161
12 27
19 134
151 162
44 186
16 186
119 156
31 201
43 109
70 181
23 165
139 141
12 97
121 169
190 193
40 150
47 203
115 130
111 196
158 165
52 89
157 177
0 83
69 198
95 120
5 90
59 68
103 176
66 169
121 127
182 198
23 88
15 93
75 185
40 103
99 178
29 193
178 187
60 152
71 200
26 175
22 136
22 42
167 201
33 119
94 173
54 118
80 165
139 188
113 157
78 164
29 93
25 183
0 39
66 196
74 154
56 168
127 132
119 133
133 176
127 135
53 131
187 196
157 205
19 163
81 94
49 90
24 96
31 163
50 53
156 203
6 178
19 35
36 175
70 151
104 134
24 191
20 150
45 134
10 142
125 160
77 148
73 137
19 160
120 152
171 178
6 185
73 89
1 149
43 85
106 188
69 185
57 69
70 139
116 144
118 200
43 52
7 56
86 165
7 151
97 102
9 110
5 42
9 124
133 141
7 107
76 165
42 190
58 80
51 77
29 136
92 152
61 83
183 206
21 65
25 154
52 155
1 14
131 191
72 133
81 89
17 128
5 196
53 96
97 200
49 84
53 120
53 153
0 87
4 124
21 89
69 152
129 182
15 173
92 99
41 140
87 116
19 46
25 109
179 191
44 197
103 156
74 190
170 188
7 179
124 196
121 178
21 28
8 112
61 85
53 145
151 189
8 39
28 183
130 164
188 198
133 152
83 101
153 204
4 58
92 122
47 177
110 181
84 108
65 137
9 99
13 27
36 130
66 197
62 148
56 65
1 71
17 173
63 141
142 171
124 159
36 189
4 5
1 109
32 35
12 136
144 187
55 72
67 128
66 84
8 69
63 119
98 109
138 162
124 204
36 108
78 92
36 184
15 64
71 104
96 152
158 179
41 163
51 163
46 174
135 165
2 60
4 72
37 175
20 76
30 33
101 198
41 42
30 135
11 195
156 182
17 123
17 122
15 71
57 169
72 100
45 172
46 56
110 148
61 64
121 195
71 92
116 140
72 120
7 162
50 126
37 71
124 170
125 128
25 84
37 120
133 169
33 110
191 202
0 190
134 179
139 206
86 90
39 136
149 185
11 197
32 120
80 137
115 133
54 69
56 93
48 125
139 158
98 180
45 200
47 154
72 197
27 90
52 106
13 138
126 184
39 191
98 119
74 81
45 149
57 73
112 170
29 68
121 164
141 145
127 153
16 36
82 178
22 92
140 199
96 148
40 80
55 94
10 98
187 195
19 91
45 167
133 205
55 121
85 142
144 189
176 204
40 198
15 62
6 77
97 140
20 85
131 158
102 189
26 145
17 145
14 19
70 177
18 31
86 185
64 155
36 69
192 193
112 136
7 14
130 192
27 116
96 157
54 171
14 58
7 194
22 118
23 92
155 198
55 172
175 206
41 175
101 181
50 128
7 28
3 82
12 185
89 185
81 179
99 180
60 177
56 125
26 38
53 92
45 46
69 130
109 204
106 123
84 114
27 149
18 161
40 64
23 132
110 145
177 197
82 97
93 143
9 198
62 106
9 55
75 126
6 122
29 92
100 197
67 137
121 142
4 133
146 203
55 139
11 157
16 171
23 85
44 187
6 182
84 98
60 125
56 73
46 149
191 194
0 111
34 42
96 147
92 192
59 159
34 148
112 152
74 142
155 157
91 193
184 189
25 160
141 173
48 143
70 146
140 188
3 116
87 169
49 167
11 95
105 206
115 149
47 199
101 124
77 78
171 172
133 195
127 140
36 165
63 143
82 112
32 156
68 84
52 146
108 171
162 178
25 161
64 142
58 199
62 133
121 154
29 102
5 192
122 159
4 48
132 165
198 200
45 148
74 92
159 201
50 177
38 54
72 189
84 183
83 103
7 83
110 169
8 136
83 181
138 149
149 187
202 203
50 73
19 113
22 70
72 169
16 161
8 127
14 199
32 172
50 135
12 194
147 189
71 72
15 133
46 134
41 135
136 180
129 179
74 85
54 123
51 119
131 165
65 97
31 145
163 182
80 186
95 141
106 183
29 65
3 56
10 173
84 140
72 148
79 101
28 115
64 141
41 66
131 205
47 172
31 83
21 122
138 163
150 178
130 151
6 200
37 56
55 124
50 59
0 105
23 111
86 203
64 106
125 173
45 141
18 72
13 40
127 142
38 55
58 175
50 141
18 34
30 44
98 203
24 102
116 199
72 150
32 186
8 198
69 205
84 92
26 128
35 120
106 195
2 25
107 132
22 113
82 182
143 168
23 136
98 192
3 172
48 146
37 142
128 166
81 118
115 175
136 141
53 167
166 184
67 112
147 173
34 109
0 48
32 161
9 47
56 197
3 7
181 201
57 162
124 187
129 191
43 171
61 188
42 61
55 197
12 91
26 79
77 165
10 22
113 177
48 203
74 183
20 101
2 170
44 192
62 165
24 200
19 124
105 127
80 184
21 172
12 44
22 199
91 184
40 106
10 125
70 198
70 137
93 157
19 150
71 107
1 51
108 126
16 89
21 98
116 133
29 145
111 175
19 97
106 202
7 129
27 165
26 167
141 167
13 144
111 130
96 186
75 93
17 136
31 119
125 141
76 175
116 171
1 183
32 53
24 115
55 106
40 142
84 97
101 144
62 143
23 167
58 153
13 154
4 191
16 73
5 44
30 153
14 170
9 95
79 177
107 150
6 108
47 142
83 192
40 135
59 129
70 197
4 13
24 119
106 172
75 178
43 133
93 95
102 134
25 142
86 191
9 133
58 143
156 186
166 168
49 71
49 157
27 96
23 81
130 162
49 112
29 137
152 165
19 58
180 206
20 48
114 135
38 198
28 206
74 155
117 140
168 191
62 108
99 186
158 183
46 61
99 164
139 198
31 176
72 153
3 133
44 196
20 96
7 66
100 132
38 82
76 128
188 204
55 175
106 112
6 191
12 141
77 171
20 28
45 82
61 172
100 119
34 103
101 168
36 156
50 205
29 97
11 111
95 146
34 35
66 174
8 155
114 133
90 125
129 147
160 198
5 195
22 154
78 93
30 76
121 122
98 205
29 123
54 130
141 179
41 70
52 188
70 91
63 137
84 99
15 21
129 185
27 152
10 182
46 161
54 93
62 83
45 107
84 113
17 30
22 139
47 121
45 97
28 85
12 37
89 177
118 141
75 206
29 138
11 20
123 158
54 63
61 176
62 113
173 202
34 43
22 151
74 146
57 135
105 120
41 75
82 161
32 150
75 180
110 150
69 96
61 144
137 175
55 140
115 139
67 198
33 122
54 66
18 49
26 130
5 147
175 178
140 195
32 39
121 188
43 89
32 133
69 192
31 172
127 152
23 161
56 191
42 181
100 157
128 163
148 200
43 126
128 161
29 177
94 171
50 154
115 123
100 118
115 128
91 203
72 94
80 131
1 65
76 87
6 116
71 146
16 84
11 31
149 183
137 167
8 95
43 199
114 154
111 206
14 114
65 191
0 31
107 157
3 168
42 108
10 83
18 165
65 196
1 112
49 192
128 147
2 20
3 9
81 176
38 107
20 21
15 32
92 151
15 110
25 106
3 121
5 29
36 89
75 195
48 51
24 110
2 173
65 110
20 147
106 150
20 27
100 154
56 142
77 138
15 162
37 119
103 201
156 204
37 190
37 187
2 171
19 21
67 175
60 156
131 133
108 122
32 165
54 192
36 76
99 103
106 196
105 115
60 84
16 183
62 68
142 143
13 46
29 185
119 155
70 121
4 159
180 189
26 141
29 118
54 114
67 146
69 182
39 78
9 10
14 165
3 47
50 189
176 181
7 33
50 105
123 184
51 154
0 176
59 196
56 185
2 201
104 188
6 18
13 79
46 49
109 184
123 190
43 203
186 196
15 87
107 206
72 123
5 206
16 112
122 191
137 176
157 185
156 194
54 136
86 121
14 54
18 128
197 201
127 170
161 163
48 77
180 190
20 137
136 153
50 71
13 161
25 75
49 110
58 160
61 186
164 178
158 173
159 182
55 149
110 183
60 173
39 80
7 171
30 78
25 45
60 195
83 104
149 204
12 196
154 187
31 49
2 70
81 122
127 151
62 125
59 113
27 66
192 203
14 171
12 159
23 58
40 66
87 196
4 18
13 19
29 158
64 81
4 160
86 197
20 157
50 60
13 35
76 115
119 146
86 108
12 198
126 135
20 159
32 90
61 78
76 204
33 104
55 57
43 78
114 138
36 102
50 185
29 48
0 112
40 162
64 66
71 147
157 171
29 157
33 89
47 58
16 170
41 172
69 89
108 172
146 173
143 165
17 115
63 184
97 134
179 195
122 173
124 188
5 52
44 202
90 176
29 164
36 106
107 113
116 155
74 97
54 186
144 185
11 164
80 85
12 71
62 139
34 54
25 177
123 166
10 150
36 96
185 205
3 174
127 191
176 185
16 51
113 142
6 54
1 191
31 112
7 91
37 198
110 197
19 47
151 169
25 165
186 189
35 147
38 194
175 195
22 101
179 200
0 139
67 171
14 68
32 147
68 191
7 130
153 164
22 57
30 80
12 138
44 129
163 180
21 133
143 161
26 158
81 113
5 80
67 181
91 150
39 196
11 133
29 66
129 138
44 141
118 146
58 172
80 127
105 192
58 135
131 187
56 127
136 200
38 90
103 197
68 120
130 152
130 195
66 71
151 185
128 198
98 182
119 168
70 108
36 126
172 198
29 162
25 130
13 145
67 95
53 123
15 163
79 99
2 134
36 178
190 198
12 114
147 178
28 45
7 49
7 140
112 114
75 114
11 23
28 179
124 143
14 187
31 63
146 147
97 201
3 117
34 95
112 205
75 122
113 187
36 72
53 199
12 180
8 172
114 143
54 185
119 120
1 194
20 54
125 176
90 99
116 129
64 161
127 145
7 149
3 173
2 129
32 74
68 166
56 117
56 144
32 66
32 139
28 102
13 164
99 141
71 99
102 143
46 104
22 86
16 27
98 162
66 128
132 153
64 180
60 126
34 104
119 197
124 128
138 199
45 152
86 110
118 155
11 42
19 162
77 160
71 169
37 186
111 148
64 80
8 120
58 156
103 150
15 26
57 72
137 191
110 136
141 158
79 142
7 166
22 111
24 206
58 71
108 176
50 111
26 180
35 44
60 150
98 117
148 189
148 152
34 120
20 67
63 70
11 139
116 125
98 140
27 109
42 183
103 179
51 156
38 88
4 166
26 103
93 162
107 125
15 55
9 101
35 167
114 196
12 133
16 95
33 64
103 153
168 199
56 57
36 155
146 175
68 159
46 86
58 161
57 167
83 89
42 194
47 128
123 195
136 195
48 137
154 155
26 185
91 196
188 193
129 198
51 206
94 162
69 144
62 92
75 205
79 94
45 100
30 195
109 185
95 161
91 148
58 118
31 195
33 182
148 155
5 101
15 159
41 49
44 176
8 10
19 109
17 140
33 154
92 110
53 117
87 131
91 171
25 61
70 159
123 128
137 183
128 192
76 120
138 189
101 167
48 168
60 77
135 181
7 92
45 153
136 202
60 134
168 195
86 126
60 194
77 147
42 89
34 57
4 183
73 181
38 172
50 193
73 203
2 27
4 30
55 176
99 119
123 183
108 136
67 166
93 108
186 206
134 204
76 178
56 182
148 164
125 137
126 138
79 88
71 90
58 189
36 131
20 182
118 203
4 74
11 104
128 162
55 87
18 121
129 163
132 198
27 190
12 61
9 116
58 149
56 133
45 78
27 122
37 169
143 153
86 170
8 184
36 170
30 74
57 165
161 175
123 191
180 182
176 180
0 183
8 104
28 31
127 183
124 197
78 168
57 133
9 94
99 105
57 199
72 121
80 151
11 101
163 186
16 116
127 137
51 72
65 72
5 69
60 145
112 128
10 178
11 192
88 115
9 76
112 192
85 144
84 159
87 139
184 202
149 164
82 197
59 164
82 181
82 154
53 75
18 125
104 110
153 198
84 143
34 204
50 68
178 198
109 167
16 93
72 134
97 98
85 121
53 55
60 81
25 28
47 191
91 116
57 74
48 139
15 147
15 122
162 194
55 160
81 199
12 161
2 95
112 142
56 75
43 189
38 143
67 205
27 117
125 205
32 105
59 87
80 109
97 184
44 120
51 108
31 124
8 156
2 90
55 116
27 36
3 157
23 177
44 161
36 46
76 164
39 48
172 189
44 115
32 45
33 157
48 100
68 72
115 190
19 180
40 169
69 126
0 181
103 199
51 188
94 106
105 146
39 130
145 161
10 75
9 39
96 155
12 164
4 75
126 149
69 134
182 185
54 188
14 20
145 179
97 126
35 146
64 97
57 145
0 84
65 85
116 119
2 16
55 63
32 140
44 46
20 171
25 86
44 82
73 164
69 155
188 203
59 206
54 58
26 136
30 196
86 169
43 122
47 88
1 10
36 70
20 90
35 99
105 203
10 64
9 176
93 100
19 74
152 196
128 158
76 184
28 97
42 58
98 129
10 72
78 194
19 142
85 185
46 118
123 205
41 165
90 142
63 153
26 107
68 69
52 80
42 195
70 103
52 145
28 111
154 204
88 118
35 127
85 206
88 111
61 119
63 117
146 198
117 173
85 138
23 122
134 171
113 114
2 3
93 119
10 123
95 117
58 137
103 127
39 74
118 149
10 199
143 182
30 119
39 126
29 84
70 156
5 124
33 58
58 64
136 143
128 139
120 178
36 63
8 62
61 155
41 78
81 102
115 158
15 34
43 112
80 92
63 82
95 198
38 68
85 151
46 202
62 112
22 141
88 97
56 206
21 135
159 167
9 178
7 200
44 83
135 180
19 50
71 202
61 165
104 192
63 75
24 163
173 189
46 64
3 38
19 187
166 173
96 170
80 183
35 67
32 87
74 181
91 109
74 176
120 204
111 176
60 191
171 183
45 56
64 178
39 104
6 135
74 111
94 109
23 86
6 13
119 191
124 130
131 154
73 122
81 151
23 63
42 122
64 126
51 90
118 144
104 179
136 137
181 191
9 172
77 127
15 29
45 140
23 65
89 190
64 136
33 113
101 135
39 163
110 153
4 158
5 62
69 204
59 190
52 182
8 128
29 72
12 32
20 46
169 187
56 80
57 136
137 161
48 192
117 154
140 154
7 183
25 203
56 99
157 196
59 98
47 146
18 69
38 205
177 203
94 120
6 131
140 184
12 60
12 172
48 68
154 161
115 116
46 151
13 155
94 107
78 80
1 108
81 149
32 169
79 128
37 138
136 199
64 183
5 67
17 161
19 201
26 88
143 151
15 52
37 107
103 116
115 129
46 85
16 159
174 175
79 115
109 191
111 202
13 200
59 134
71 84
24 71
70 164
24 139
23 51
9 135
14 97
127 161
11 137
4 77
7 26
28 136
3 26
83 182
10 30
31 173
143 157
149 196
123 188
43 148
91 144
55 97
84 184
69 160
22 99
2 76
193 199
180 193
30 111
86 145
115 144
20 181
100 153
17 92
89 143
119 138
125 188
19 72
1 201
34 191
33 152
29 110
122 133
65 164
182 186
134 181
34 70
61 132
107 131
78 124
22 134
37 189
65 201
37 101
90 199
72 159
90 145
97 139
40 116
133 156
68 182
33 109
54 76
142 153
59 187
141 174
47 133
3 126
73 151
57 200
118 205
4 154
40 191
26 81
77 137
119 157
177 206
2 8
51 84
54 116
16 114
23 82
61 77
117 137
46 183
174 193
104 180
6 15
162 174
122 176
42 83
112 171
34 160
49 165
102 169
4 205
50 158
85 167
49 75
16 139
26 117
58 68
133 135
122 194
158 168
17 159
24 151
59 89
31 100
60 190
53 128
168 204
162 182
45 72
148 203
26 165
5 95
34 166
70 160
31 116
188 190
13 169
4 117
146 186
4 17
2 64
81 127
90 190
53 102
179 181
82 135
148 150
124 201
56 131
122 146
104 189
29 150
60 72
41 80
111 170
37 78
13 149
65 142
57 188
36 111
20 162
77 113
58 62
169 194
112 153
35 184
5 110
38 70
65 66
71 120
39 175
88 100
113 196
27 83
131 182
18 166
74 121
46 176
83 160
8 163
75 81
156 189
7 108
29 133
156 202
69 77
74 132
118 157
27 69
3 29
61 181
62 173
30 48
24 37
77 124
115 187
76 124
45 66
4 132
146 158
61 174
122 142
31 158
41 93
74 137
1 16
40 145
81 138
121 170
110 115
14 118
98 175
5 60
55 56
39 117
10 202
152 178
80 114
23 35
3 61
74 150
105 163
108 164
94 184
72 87
56 97
45 130
142 201
97 159
69 194
112 117
79 86
58 61
1 141
0 166
66 130
191 195
13 20
20 183
78 188
35 157
4 172
14 108
19 92
70 132
172 192
0 114
42 117
21 204
16 88
8 145
159 177
53 80
149 167
43 202
18 185
46 67
72 185
47 101
24 140
103 124
1 29
39 67
40 171
177 202
46 177
101 184
20 104
88 185
78 163
133 172
83 156
35 199
34 93
66 159
49 154
28 83
74 194
148 165
69 189
25 178
71 106
62 156
8 41
43 200
42 199
53 152
45 99
39 46
74 197
81 185
72 95
0 5
6 166
27 175
121 182
80 110
87 141
116 180
47 74
40 132
24 162
151 153
29 195
85 180
29 159
121 162
13 33
20 78
157 178
75 109
37 122
118 176
69 75
94 139
60 183
101 134
33 126
48 195
157 183
15 116
73 184
44 153
186 192
18 81
136 190
9 123
55 127
138 196
106 182
57 106
93 179
9 106
58 158
166 183
4 95
21 41
39 86
6 143
49 189
78 170
40 188
201 206
7 96
36 183
69 168
1 99
19 169
110 172
37 191
14 205
97 135
33 39
9 36
10 190
31 184
6 78
69 92
55 131
102 192
74 171
8 34
19 199
111 142
6 110
44 54
115 125
45 184
150 151
124 155
150 154
126 190
162 199
49 56
4 125
70 157
73 200
155 191
40 61
11 110
23 183
86 99
46 119
82 92
39 132
94 111
45 105
150 184
24 31
100 127
194 200
178 181
98 173
31 188
58 76
43 156
65 173
37 195
73 152
46 146
38 171
66 152
18 91
126 165
199 206
43 160
78 175
108 201
41 179
172 184
52 150
112 143
10 59
62 195
110 204
47 169
118 193
54 177
7 134
20 133
9 88
62 152
74 136
169 177
134 169
1 104
57 147
6 33
92 106
20 168
86 190
32 176
38 158
67 119
59 120
78 132
18 67
91 96
59 192
7 13
3 88
24 48
119 139
58 117
122 201
61 69
13 85
132 161
109 172
77 121
18 191
123 139
59 149
46 63
102 170
61 171
30 77
44 125
131 153
133 142
117 124
49 148
59 67
7 93
103 136
7 109
2 120
151 193
21 181
47 173
160 171
194 195
93 180
79 188
76 99
13 61
109 168
124 194
69 125
49 68
39 138
16 203
68 181
0 30
8 44
89 144
2 151
119 176
91 141
83 118
100 114
73 99
99 165
125 194
33 153
14 139
42 144
117 121
73 86
178 192
181 196
46 103
45 91
31 61
91 94
85 179
155 205
19 191
8 47
2 114
46 72
7 199
51 74
138 173
16 158
14 132
108 147
88 183
38 59
8 26
58 133
43 67
15 160
143 166
90 123
22 152
85 197
158 188
162 179
20 79
113 147
108 186
67 100
45 106
134 175
48 88
40 47
22 109
1 193
90 171
21 33
17 35
158 170
158 186
139 143
143 195
138 165
6 67
60 80
120 194
159 172
14 197
19 82
147 167
167 174
73 189
68 201
50 124
88 141
3 182
15 68
137 160
32 82
134 189
143 149
17 154
151 155
80 117
75 153
93 150
10 44
67 94
141 176
111 122
113 167
22 28
145 175
103 205
122 150
165 199
82 180
10 170
71 141
37 57
46 98
17 68
45 95
110 111
27 199
19 184
149 159
44 116
144 168
155 192
10 204
22 131
44 135
11 106
51 196
60 198
126 156
147 158
105 154
70 201
71 78
40 46
60 172
73 143
26 108
2 162
63 152
99 182
78 199
61 199
56 64
100 156
154 176
123 155
94 159
6 101
178 185
155 166
41 102
96 195
139 176
42 161
193 204
25 134
45 96
52 117
12 83
39 148
130 199
65 121
118 160
97 161
82 147
52 178
60 76
145 159
98 136
135 179
117 158
38 87
125 155
13 51
3 14
7 142
41 189
12 110
5 167
108 180
109 195
57 84
3 139
67 189
4 197
34 140
87 96
148 162
15 69
167 175
28 196
132 151
92 165
33 159
114 172
90 203
59 138
60 157
54 153
126 189
26 63
48 116
139 173
140 164
6 31
41 180
124 127
91 114
38 84
30 205
19 94
28 198
142 145
26 119
35 100
87 203
26 166
98 112
135 151
85 161
9 173
14 66
52 97
127 190
77 116
96 156
183 202
54 77
156 179
4 162
127 130
22 130
127 139
30 62
10 74
116 131
60 88
130 133
104 143
36 120
113 143
34 145
30 183
58 174
9 169
69 70
94 135
6 68
105 131
78 96
68 106
27 123
141 165
3 156
0 165
76 88
43 168
124 149
174 184
15 139
47 163
164 169
38 73
182 205
42 162
53 67
82 98
112 160
128 144
61 193
49 140
8 174
0 199
26 191
6 29
34 78
135 192
48 167
51 110
19 154
87 156
7 113
117 191
5 127
6 203
73 183
80 147
31 180
31 82
154 199
64 125
73 192
29 171
45 204
30 131
144 166
42 171
131 171
76 90
6 35
39 99
149 160
16 30
61 195
59 203
58 119
56 158
66 99
65 165
108 198
146 171
190 197
15 90
166 187
33 40
55 119
102 162
58 140
6 30
39 65
8 160
45 202
21 23
67 141
18 155
46 95
8 159
115 155
87 189
4 116
104 182
88 142
166 202
56 90
7 65
35 59
82 165
168 178
27 84
100 128
109 150
32 123
12 143
1 80
69 163
68 104
67 147
96 154
39 142
105 175
44 131
45 188
148 187
39 124
61 113
141 156
3 30
129 176
102 139
147 191
65 158
74 204
51 173
6 73
178 191
118 137
85 158
174 196
36 124
21 86
90 126
2 178
139 179
39 195
77 170
75 138
137 187
145 178
161 197
80 205
22 114
87 176
10 85
81 110
28 57
102 120
2 204
43 80
10 15
70 86
130 197
71 100
35 181
49 51
175 186
81 186
76 146
39 122
34 117
135 170
14 23
49 131
77 183
110 173
10 56
38 105
23 139
193 203
131 159
93 160
43 82
98 159
13 117
130 193
128 159
91 186
46 137
145 206
60 175
50 179
63 73
62 158
124 169
97 133
172 180
78 158
179 194
24 60
96 162
3 64
68 79
26 159
10 25
124 153
27 107
174 180
63 96
55 146
145 176
7 131
21 194
28 89
12 76
122 124
71 138
34 193
41 183
9 70
74 167
81 201
44 104
123 132
73 74
55 206
19 173
73 173
71 180
78 133
138 147
41 145
69 139
157 203
133 181
1 69
76 113
109 135
11 206
165 175
9 182
26 168
60 97
73 188
53 56
158 197
177 204
130 149
22 145
139 149
116 151
113 161
50 142
84 127
16 185
75 189
158 164
58 145
41 194
87 168
174 176
52 138
184 193
55 169
133 138
90 152
27 139
98 161
123 148
24 124
96 108
112 178
138 160
86 193
73 201
65 163
3 105
100 150
23 84
43 155
15 140
192 197
2 21
42 163
97 194
196 198
68 111
73 79
12 153
57 196
11 66
91 127
35 80
185 189
35 200
36 154
45 48
179 183
22 184
81 85
9 104
105 177
141 175
18 136
41 123
98 133
46 179
3 131
88 205
14 87
84 175
34 175
90 92
23 142
118 194
0 24
93 188
12 189
121 134
73 119
96 166
50 139
89 103
90 173
111 189
40 54
56 205
76 81
111 192
69 206
126 141
7 100
80 201
88 194
1 86
61 182
65 136
0 68
73 107
134 156
7 104
16 34
123 192
26 155
128 146
30 94
97 183
102 106
27 86
85 119
19 195
24 170
160 204
72 136
46 51
23 179
43 45
61 166
60 163
78 198
125 161
124 126
165 194
18 108
22 54
38 121
105 186
78 79
181 200
77 180
49 127
93 171
76 151
44 73
3 193
19 85
123 167
119 178
55 81
153 177
1 13
8 33
132 188
184 199
195 203
31 189
66 201
14 57
72 182
37 109
0 137
0 63
108 145
53 121
64 174
136 183
63 154
38 144
45 171
95 107
13 190
96 125
50 153
87 175
51 153
91 128
18 92
37 176
190 202
11 122
94 153
107 117
21 81
86 202
145 173
121 152
94 201
176 203
51 59
20 34
87 144
93 192
9 85
25 78
34 164
130 145
66 117
35 191
42 72
161 164
175 184
71 135
22 110
138 156
195 204
170 175
115 140
39 87
40 118
127 172
89 151
22 102
35 163
149 180
64 144
71 174
100 167
69 188
81 156
69 195
93 130
13 201
21 198
56 173
21 165
124 200
4 181
19 95
109 122
29 74
23 50
91 98
139 190
61 158
42 152
101 125
138 206
67 164
4 53
20 154
20 179
33 61
108 191
74 123
2 52
134 203
77 104
63 191
11 99
40 130
100 200
29 191
46 156
189 205
85 166
69 71
110 190
109 176
35 142
82 173
37 64
65 81
67 145
16 100
34 135
106 173
165 185
78 145
78 114
93 155
73 155
121 161
77 86
62 159
93 124
11 45
22 73
53 204
76 94
104 139
91 155
0 37
115 199
93 113
14 17
143 175
146 193
62 149
54 204
13 65
62 191
113 124
18 21
94 186
52 94
145 200
108 123
27 91
3 33
35 166
105 130
109 151
60 83
42 103
62 101
20 107
142 160
94 200
18 130
39 95
44 92
108 156
125 180
73 202
9 30
136 138
66 95
68 99
10 24
74 159
112 201
13 130
184 196
156 185
47 87
99 145
93 176
105 106
96 128
33 140
61 197
46 110
24 148
32 51
82 120
44 117
127 146
67 123
6 58
43 128
101 201
80 190
99 122
91 167
181 185
35 97
14 156
155 174
0 136
117 163
91 176
8 99
38 138
26 47
10 179
55 194
96 185
64 103
19 24
12 14
123 189
9 91
118 158
37 156
145 196
76 123
49 103
30 206
145 169
31 178
76 85
61 92
26 144
4 76
118 120
62 128
19 205
93 131
129 156
81 123
8 126
21 154
48 144
9 195
6 16
54 196
96 190
99 203
58 139
23 106
85 178
74 147
103 131
4 168
81 146
86 192
194 201
18 35
52 151
151 164
14 51
57 75
190 206
31 186
83 185
48 131
18 199
56 114
21 94
106 158
56 63
41 136
127 205
11 187
84 160
115 196
51 105
119 129
97 119
102 181
114 118
116 205
64 197
5 107
18 202
24 155
117 146
67 91
121 139
58 110
18 22
26 200
6 60
117 190
94 127
19 79
32 205
168 188
31 181
61 137
110 123
26 90
113 195
115 150
30 40
4 175
79 92
49 101
131 195
45 156
138 191
69 74
71 76
5 115
77 87
161 168
39 158
29 61
150 169
149 154
72 86
77 131
23 174
15 199
24 160
64 112
70 194
161 162
68 194
9 163
168 190
144 179
14 143
1 105
186 204
57 159
30 100
119 166
132 193
77 198
25 174
130 201
104 122
100 104
149 156
103 181
129 152
149 161
30 51
114 145
185 193
68 89
57 67
162 166
80 82
3 68
50 56
42 111
78 87
60 75
61 98
92 128
137 143
66 171
89 116
34 185
149 205
86 187
79 104
2 34
1 78
45 47
27 56
76 147
84 192
91 125
180 187
117 132
178 196
28 165
122 137
163 174
31 164
57 198
92 113
70 143
4 65
25 81
44 63
147 180
56 171
99 195
22 91
73 163
48 134
78 123
118 163
122 183
132 204
124 193
102 129
9 188
2 133
69 158
24 171
29 165
47 100
74 158
65 155
6 119
85 198
114 206
85 148
28 109
34 58
33 72
42 142
84 158
172 175
76 118
51 167
21 42
74 107
19 158
76 186
99 108
17 90
85 129
0 167
17 177
56 123
13 83
14 189
9 60
30 95
33 156
96 171
126 158
31 35
42 125
100 182
51 152
174 198
60 64
73 104
30 182
65 127
13 121
1 106
143 146
33 83
86 182
23 127
31 87
27 71
88 173
104 175
172 197
51 83
37 131
21 36
107 122
138 152
139 171
81 188
29 114
6 45
134 150
113 158
155 199
5 41
23 187
103 162
102 111
23 175
36 151
115 201
41 119
73 91
52 130
15 180
84 133
107 165
37 124
90 94
125 198
14 158
16 202
90 120
69 108
42 94
52 179
51 81
80 155
44 205
2 199
58 182
135 205
29 186
61 68
24 106
128 167
0 62
72 162
33 57
41 94
37 96
16 198
140 181
99 118
67 153
126 182
153 189
35 155
77 186
139 193
133 150
109 148
14 45
3 162
19 49
72 105
109 205
10 54
90 95
138 151
88 167
107 168
11 150
73 166
35 158
18 143
77 93
161 192
29 43
15 39
22 198
20 45
29 94
41 88
71 103
16 45
163 197
22 74
174 199
70 76
112 162
10 184
28 98
27 118
54 85
41 144
68 140
30 108
9 67
3 55
86 89
42 80
58 192
183 189
96 201
69 106
29 96
26 196
63 177
107 205
68 105
14 122
9 43
27 142
93 136
22 170
28 114
69 103
76 133
43 74
57 152
54 83
14 95
16 111
20 184
70 72
94 117
52 92
24 157
0 149
125 154
23 137
99 110
36 51
67 169
31 151
21 71
65 74
55 191
115 170
97 167
48 205
25 30
52 161
1 162
121 196
0 45
36 65
18 98
66 179
70 196
11 127
22 176
106 185
100 176
54 176
28 191
19 23
148 195
65 177
44 179
144 151
169 184
66 206
23 144
33 166
43 72
4 192
29 41
19 41
174 178
35 65
43 204
58 186
59 96
68 91
47 48
68 117
36 40
1 168
106 170
88 116
57 94
115 176
19 33
45 119
4 135
153 180
108 177
20 95
49 197
136 205
3 42
137 193
23 131
95 167
45 111
119 152
158 192
7 133
144 167
130 187
145 194
39 84
0 134
14 34
119 149
99 143
21 127
193 202
169 189
87 194
33 87
26 70
85 97
41 133
118 173
29 130
5 197
128 149
159 174
4 100
6 189
55 163
10 42
159 199
72 79
107 144
58 77
180 188
43 95
41 110
25 123
0 123
11 75
71 112
118 175
131 141
27 33
52 163
123 193
5 45
86 116
94 143
164 191
126 187
137 196
16 201
56 199
18 70
146 179
100 192
0 29
106 133
24 29
40 85
25 38
63 113
90 134
40 67
10 168
41 72
91 97
3 63
106 114
71 192
6 123
10 90
58 59
35 109
88 171
78 172
5 78
70 107
1 22
93 202
24 197
6 87
10 14
125 187
5 128
99 163
12 18
149 203
27 183
173 183
104 150
103 105
172 201
19 176
47 52
75 85
113 194
30 113
38 80
13 50
27 147
51 117
23 47
116 117
3 23
21 191
142 195
1 55
79 163
5 94
189 195
118 170
104 117
11 52
50 202
63 206
64 67
33 78
1 57
28 164
64 175
63 109
100 162
13 162
70 155
30 55
55 93
23 99
1 53
18 30
73 110
36 113
22 165
8 40
20 176
19 151
26 49
36 47
111 180
10 38
6 183
116 145
69 79
167 179
17 57
22 202
60 165
64 95
88 109
45 162
50 134
68 109
47 161
152 159
114 121
96 123
27 40
53 115
85 124
104 183
155 163
24 91
41 150
136 174
23 118
153 162
13 48
32 204
54 64
21 45
39 96
129 132
74 84
79 168
6 63
57 131
12 104
54 111
3 125
63 122
37 199
17 111
105 165
80 195
81 164
60 67
120 172
10 16
2 157
27 30
34 153
146 156
90 180
53 70
38 83
68 125
36 78
11 92
92 174
33 105
3 96
114 136
51 187
51 160
23 115
90 189
145 171
66 74
20 61
26 205
155 170
47 194
107 162
12 101
149 195
2 96
135 144
80 206
66 160
77 98
74 189
82 191
104 162
152 184
118 133
37 89
87 200
16 19
4 149
125 191
42 109
61 120
99 104
50 51
121 141
174 205
82 196
3 179
101 164
49 191
155 200
32 97
100 203
111 157
140 180
3 200
51 63
34 65
37 151
5 6
7 190
97 144
16 32
97 138
142 196
30 180
49 109
39 127
151 166
98 199
179 186
140 162
3 190
52 187
60 161
23 130
47 72
75 190
134 201
26 75
97 188
6 195
14 133
49 183
73 92
187 205
2 132
74 161
124 199
131 161
85 130
19 152
82 118
100 191
13 53
46 73
140 157
55 112
147 159
127 136
100 140
143 178
113 168
28 122
50 152
81 184
161 194
140 146
129 139
38 157
29 194
85 143
55 155
45 131
38 202
97 129
66 143
33 67
64 71
33 145
198 203
123 146
4 50
25 170
46 200
26 178
0 64
11 86
107 129
5 118
96 177
109 152
14 131
140 158
123 200
139 140
42 124
179 202
78 110
72 165
15 203
42 45
46 48
20 70
136 145
122 125
170 196
14 142
98 126
45 159
20 149
53 113
51 92
197 206
4 173
32 38
24 88
20 142
129 146
91 95
156 172
10 50
108 149
64 72
64 120
60 98
32 182
63 172
40 156
104 200
1 122
127 159
90 186
3 74
100 166
121 160
38 203
59 104
125 179
37 115
89 147
94 182
71 182
65 119
12 166
24 159
105 158
82 103
88 184
79 81
32 199
163 167
156 193
20 203
56 176
63 167
56 149
101 117
82 110
99 131
61 121
47 80
13 128
56 118
51 67
114 132
157 189
85 203
56 146
132 197
52 115
44 48
48 122
6 37
52 131
93 182
150 165
179 185
103 125
12 152
77 128
78 111
31 78
36 91
142 165
40 172
23 124
83 128
23 60
10 34
142 157
157 170
9 33
83 91
42 129
110 205
17 42
6 36
43 69
19 54
33 155
135 150
17 81
71 185
2 65
152 206
17 48
107 182
21 118
34 122
28 170
189 193
46 192
54 206
83 147
162 189
102 121
20 174
6 190
104 152
114 119
83 176
12 59
96 183
129 169
70 206
34 182
89 93
2 18
103 166
16 71
102 198
2 68
100 170
61 151
119 171
47 147
13 88
31 156
30 46
55 100
11 184
131 202
118 195
41 109
3 178
0 25
89 137
75 113
74 135
147 154
64 149
55 74
2 196
42 128
41 196
3 206
10 134
107 116
103 134
149 171
121 157
122 163
144 147
113 119
76 102
36 77
69 80
8 140
93 184
57 99
13 137
92 161
23 164
3 102
31 204
67 99
113 120
3 130
33 62
204 205
45 116
51 121
97 132
74 163
54 96
48 129
150 201
95 173
63 128
30 89
39 171
60 129
32 192
135 162
14 157
109 160
124 134
9 13
81 190
50 89
62 185
133 174
24 189
97 152
160 183
9 177
59 103
8 129
63 159
62 154
24 193
58 106
13 82
51 52
14 62
4 202
116 135
68 83
152 193
52 86
30 178
124 181
5 77
34 169
47 206
14 105
46 201
114 177
96 102
73 111
61 196
14 135
13 103
135 186
100 136
29 149
74 157
86 122
65 80
48 91
134 168
118 183
191 193
116 128
68 95
194 197
106 155
15 123
7 97
17 65
66 141
3 110
126 143
11 91
5 55
123 206
146 159
24 112
59 154
172 179
75 162
96 191
46 108
25 108
114 124
9 199
51 111
68 75
171 199
37 182
45 101
82 164
72 88
113 145
34 133
110 156
37 91
71 199
46 172
71 178
66 89
7 70
113 199
56 150
14 74
59 110
1 205
44 86
104 169
17 187
77 188
21 157
118 177
95 102
152 202
144 200
12 167
43 162
92 203
75 173
64 93
146 197
8 141
92 158
73 123
48 172
70 186
68 86
140 174
84 136
27 98
67 77
32 49
69 90
144 177
74 201
109 121
93 163
35 186
38 177
53 148
55 173
64 105
142 166
0 138
170 177
92 194
40 203
29 119
16 119
8 24
6 136
121 189
62 93
113 159
137 139
103 193
72 98
51 144
83 137
33 63
53 191
23 108
93 112
118 199
77 194
0 122
69 95
49 180
46 144
1 137
36 86
180 197
95 149
17 44
83 100
78 204
86 91
115 167
79 118
55 69
62 90
50 129
37 93
63 138
91 130
30 148
111 181
18 150
35 148
60 108
60 192
83 132
26 170
132 175
15 204
137 152
0 116
38 50
28 88
29 129
4 102
47 108
194 203
57 117
18 168
106 141
58 198
15 117
7 44
161 201
88 139
116 123
59 162
31 108
54 203
117 196
83 161
59 115
61 160
5 23
38 74
82 187
48 78
122 154
84 128
134 140
102 146
22 159
4 64
22 30
57 157
198 202
46 90
4 99
67 185
171 185
157 162
165 174
11 65
42 147
10 46
85 109
85 107
22 135
42 85
44 185
143 162
82 106
115 169
61 145
37 114
42 178
32 158
88 174
47 124
80 167
26 78
29 188
79 164
6 147
32 136
175 176
169 202
101 105
14 140
126 148
74 86
88 198
61 200
5 8
35 133
46 114
5 149
25 136
65 174
32 180
33 77
85 86
134 163
77 123
120 142
38 196
157 204
45 123
83 205
89 156
1 190
72 167
179 182
137 190
81 132
30 145
19 185
35 156
116 137
131 151
1 4
26 77
30 121
167 186
99 173
28 41
6 180
8 173
3 49
99 147
63 204
83 140
113 137
159 186
94 181
144 149
16 24
8 48
33 102
32 160
0 74
32 168
36 140
48 121
24 33
73 176
131 157
25 56
74 88
103 147
26 109
88 153
45 109
100 177
30 179
61 203
153 160
0 79
19 43
12 92
184 195
52 171
2 105
43 161
19 172
110 162
33 125
63 196
42 198
106 131
3 122
71 194
113 133
117 155
65 151
176 179
144 198
83 95
54 149
40 206
80 191
32 157
12 93
87 140
17 51
59 176
35 171
111 128
141 182
10 118
43 192
111 179
141 202
130 170
81 112
55 193
54 95
30 98
7 63
160 202
140 175
59 195
95 138
72 140
82 83
81 116
38 49
185 199
109 194
127 171
149 202
107 118
59 166
101 151
34 197
4 145
57 70
60 166
95 201
110 128
17 138
103 172
64 196
59 136
18 172
12 130
77 139
144 153
21 113
53 127
40 178
78 176
34 41
102 118
94 199
106 118
80 176
128 187
8 36
39 172
23 123
38 160
20 39
12 193
11 193
161 193
39 121
111 204
32 159
105 145
38 149
84 117
29 203
9 92
31 65
27 193
6 153
11 39
116 150
92 183
126 139
37 104
104 197
38 167
17 191
137 151
56 161
1 169
16 137
1 92
111 198
2 192
137 162
156 164
80 124
104 108
68 78
23 107
26 76
8 157
93 154
64 98
114 163
4 105
28 121
49 87
159 187
156 183
21 99
193 205
10 102
55 129
1 192
22 160
7 168
12 111
53 189
47 183
99 102
39 82
11 41
68 137
35 205
24 98
12 113
81 133
21 29
1 98
39 40
19 55
34 198
33 94
80 130
122 188
110 132
133 163
38 148
103 183
150 196
90 136
65 103
25 67
102 137
6 137
113 184
35 172
39 206
26 92
36 166
86 156
50 203
41 190
36 153
42 149
2 67
151 172
7 38
22 119
66 83
146 148
52 67
41 182
58 147
119 185
77 193
35 190
33 164
53 125
18 184
12 20
158 202
48 191
128 174
47 109
109 129
4 140
111 188
51 149
160 205
159 165
67 98
91 142
146 202
35 138
156 171
57 138
29 50
88 154
70 147
51 65
143 201
7 45
35 150
180 198
32 63
127 193
159 196
98 202
20 194
66 167
21 123
20 173
96 168
28 195
76 182
83 123
38 45
90 163
49 132
50 110
72 127
92 124
85 153
47 202
138 186
4 171
43 153
142 202
56 128
6 114
122 145
101 146
105 174
12 170
26 184
21 158
135 138
149 192
26 139
62 187
15 57
13 36
50 116
148 197
157 165
43 116
30 176
2 117
93 152
84 91
43 129
59 184
150 164
163 191
60 184
142 181
16 197
43 169
75 170
158 177
6 188
64 87
20 113
58 129
89 104
28 184
11 69
64 116
31 142
177 198
104 165
120 164
100 151
72 170
90 164
13 131
69 91
57 134
141 200
67 179
98 106
132 155
183 199
73 147
46 160
28 105
15 72
79 136
107 203
183 193
85 89
85 102
1 70
93 103
84 95
8 16
42 110
55 138
18 147
14 130
123 186
76 111
71 163
0 47
57 122
17 106
54 105
26 150
40 92
117 129
102 174
39 134
23 94
14 33
91 139
108 117
23 157
88 149
24 129
16 130
111 194
92 190
18 187
84 138
4 114
155 186
106 178
99 202
65 193
35 149
50 123
15 86
145 160
127 198
84 181
104 119
2 51
89 126
142 193
59 171
65 167
38 77
42 96
7 48
177 184
21 126
9 66
88 135
149 177
112 193
147 161
54 190
21 142
28 119
118 119
31 131
171 180
84 105
57 194
46 129
185 200
43 180
128 168
60 65
33 160
121 184
51 174
98 110
12 43
21 66
125 168
59 79
110 133
134 184
6 132
20 135
82 153
18 118
57 185
72 177
2 38
40 48
83 199
67 182
120 189
58 99
48 148
112 182
60 113
111 143
52 95
94 114
0 131
3 92
62 136
152 157
49 133
90 204
73 141
11 198
46 166
98 179
21 100
94 105
77 164
168 177
37 46
15 141
23 52
158 201
91 183
21 69
72 77
104 105
54 79
116 175
21 34
63 129
67 170
84 116
61 118
40 165
126 170
197 203
76 86
19 145
26 122
14 92
82 167
69 167
3 28
22 194
108 118
40 55
129 141
84 202
12 121
88 162
51 122
83 145
119 192
122 177
20 36
22 180
114 179
136 185
18 142
12 200
88 200
17 117
67 120
99 142
178 189
31 69
57 113
5 121
10 183
18 77
27 57
30 127
63 115
47 184
134 200
1 76
3 51
47 67
131 183
92 134
10 154
61 168
3 79
147 198
56 105
30 166
120 197
85 106
17 61
90 139
4 68
9 168
76 131
87 121
33 197
122 171
2 146
35 130
128 181
72 142
170 193
8 161
5 18
2 179
24 72
99 135
120 193
19 106
39 105
109 201
26 206
66 87
180 181
52 108
110 182
52 93
21 169
15 187
0 38
131 189
114 167
42 91
75 95
76 156
81 193
30 115
149 193
118 165
119 121
52 140
68 155
56 159
92 166
105 109
122 203
46 181
26 129
45 50
16 99
161 198
103 138
56 89
51 73
65 145
93 201
29 198
22 185
119 204
108 194
6 39
75 181
116 162
14 167
147 166
154 190
9 19
60 100
58 190
80 122
31 38
90 187
106 117
91 122
32 88
7 60
23 155
60 206
96 137
80 129
30 123
110 112
59 202
35 91
36 94
47 49
65 187
1 90
146 149
48 198
39 200
29 88
72 206
1 43
69 176
130 143
1 181
0 11
46 178
113 202
119 184
59 147
90 103
73 127
117 136
55 79
17 205
19 128
112 151
81 205
83 159
8 113
13 163
113 129
59 163
52 77
62 184
156 200
89 131
13 156
22 45
70 116
114 146
5 172
15 51
5 126
111 186
41 198
129 178
32 137
34 139
74 110
23 37
123 141
4 157
46 173
129 151
41 126
71 170
11 160
5 98
43 176
27 77
66 70
134 197
55 71
95 113
48 79
46 75
113 165
35 49
58 171
28 158
13 47
118 174
152 190
20 161
40 134
72 157
8 52
51 114
92 116
36 73
176 196
50 198
154 193
88 89
21 40
96 165
106 164
94 102
130 146
23 43
117 199
140 206
101 112
73 124
167 177
34 64
150 206
92 101
66 194
30 168
92 149
51 106
132 133
14 101
108 119
32 148
38 153
109 171
182 199
24 144
15 149
14 192
74 184
36 162
196 202
43 99
180 201
145 188
60 87
48 55
2 142
25 145
138 145
91 158
83 142
87 162
5 70
52 125
33 56
29 156
7 185
113 131
29 179
37 66
177 178
73 75
104 194
106 193
53 65
80 113
87 198
25 125
6 152
77 135
26 50
14 180
9 115
33 135
19 96
90 117
19 133
175 199
59 197
50 191
50 69
46 148
74 202
24 176
11 113
163 196
1 132
33 146
91 105
53 169
141 188
87 97
150 195
22 46
139 159
25 94
96 101
71 98
12 45
79 192
22 72
120 125
19 26
2 163
71 137
43 193
6 128
77 200
110 119
128 203
3 100
105 110
77 101
2 164
42 170
23 158
165 192
105 167
127 134
115 194
18 181
29 116
12 46
122 206
2 58
38 185
180 185
23 110
8 83
10 143
33 55
93 120
6 17
162 180
2 198
30 141
44 130
167 204
38 181
83 204
145 199
134 151
16 153
76 104
123 126
171 177
124 161
144 184
97 125
23 156
84 193
10 86
84 139
145 186
22 27
126 193
4 59
26 149
38 135
91 131
0 191
104 138
32 117
9 103
24 57
71 175
172 187
42 167
166 191
195 205
4 62
104 130
11 194
117 177
50 199
98 193
21 52
89 206
26 101
62 181
153 165
40 115
86 100
175 181
113 189
77 85
81 187
24 58
38 170
99 139
36 103
19 68
22 94
109 123
103 112
21 175
154 159
14 126
12 169
82 183
95 191
16 21
104 202
51 180
164 179
110 170
4 179
0 187
25 116
34 190
180 191
82 87
53 198
127 174
22 56
21 129
18 68
55 107
63 108
71 140
26 121
5 193
34 157
83 178
89 195
105 193
75 204
2 19
55 76
121 202
137 174
64 124
38 151
132 138
24 184
19 67
163 206
16 87
81 147
26 31
74 205
2 156
35 177
155 180
143 204
46 205
113 152
32 47
43 141
45 133
45 57
0 177
9 48
44 106
49 156
16 187
58 134
126 203
92 193
161 203
13 111
45 146
109 111
6 51
34 106
123 187
98 148
47 79
135 141
73 81
50 173
34 174
21 83
38 186
34 80
82 189
133 139
77 181
163 205
13 183
100 198
5 177
15 188
16 150
42 157
98 139
193 201
20 125
173 187
99 121
59 78
66 112
31 106
54 139
119 144
110 191
78 196
45 132
14 77
7 34
90 148
34 92
87 205
11 190
125 153
50 81
29 126
8 158
90 185
60 127
76 199
131 146
160 180
140 194
115 153
11 114
30 110
3 21
104 145
114 181
91 169
113 170
109 181
56 107
59 73
107 114
20 111
44 188
123 143
93 159
88 108
78 131
35 83
18 153
17 107
31 193
127 156
32 80
18 19
8 191
20 156
64 190
130 139
85 113
19 121
81 168
50 77
55 153
138 148
63 92
154 206
126 191
1 40
27 188
153 157
14 21
2 154
39 64
59 84
120 176
51 58
62 94
135 177
19 52
102 147
21 156
37 135
11 30
69 183
2 112
2 55
151 154
18 182
49 186
79 147
68 119
12 202
40 63
51 176
90 111
61 149
153 192
153 199
18 111
18 183
165 167
46 94
30 125
81 172
88 152
95 122
123 130
175 197
17 196
44 55
22 132
105 196
23 59
114 142
67 116
174 202
49 145
151 187
37 105
86 107
97 150
50 100
39 174
93 125
116 177
23 171
113 203
138 180
37 65
39 173
23 36
159 161
22 76
16 177
13 125
63 142
38 119
81 198
21 177
21 22
153 167
24 81
15 136
120 157
58 166
1 28
160 178
157 186
118 123
94 196
24 84
10 157
38 130
130 147
154 197
36 191
44 111
5 166
33 97
24 61
132 173
41 193
54 161
49 104
65 170
22 203
61 106
159 176
93 137
80 197
33 35
22 81
154 157
3 77
13 166
47 157
96 169
53 68
6 124
28 82
42 63
95 130
29 35
143 156
24 62
112 164
56 129
62 161
105 117
65 172
100 139
3 158
25 62
5 84
98 167
56 196
26 45
59 123
96 136
42 54
36 141
104 181
117 205
68 136
25 128
101 165
147 203
112 206
48 76
144 196
27 176
33 172
53 129
177 205
89 98
135 153
13 204
12 47
67 93
66 180
144 203
40 78
5 35
52 113
27 46
71 150
60 142
75 82
85 111
50 183
95 127
42 116
189 201
22 33
114 197
71 102
81 154
143 190
9 89
101 150
23 148
174 192
46 191
53 178
6 70
85 108
171 174
98 101
30 202
32 95
34 61
168 201
66 165
151 168
9 84
126 146
123 136
78 189
14 79
65 109
95 118
17 131
86 142
25 198
21 193
87 178
104 116
92 121
7 36
72 122
52 58
24 73
11 196
41 82
48 112
25 101
80 202
102 166
30 158
159 160
99 206
109 158
20 103
65 192
144 194
30 59
166 186
10 101
33 112
25 181
63 111
161 204
58 107
11 186
41 81
5 156
112 169
145 197
1 49
62 114
86 158
85 98
82 195
37 143
110 157
93 110
157 184
143 202
28 71
159 193
12 157
176 182
46 81
32 100
149 166
140 183
140 143
20 152
13 84
79 201
16 163
45 52
87 183
27 54
135 142
31 125
12 192
100 109
48 62
16 42
87 92
31 149
8 135
114 170
15 98
57 163
138 202
168 180
113 172
61 187
60 131
89 129
122 205
2 7
11 153
0 100
23 87
16 64
93 189
133 165
147 185
109 197
29 106
21 44
52 105
99 194
8 87
44 59
146 187
44 151
36 205
85 131
11 85
76 110
96 176
70 128
63 183
2 169
21 125
81 192
1 50
20 189
89 145
3 204
63 127
96 202
107 164
21 58
58 102
131 152
174 188
178 183
48 193
29 206
28 62
133 164
90 144
52 133
8 27
23 202
9 112
23 79
138 184
88 113
91 201
136 178
132 164
13 157
86 101
85 176
92 195
8 96
90 158
151 161
133 158
42 121
104 164
126 204
49 60
7 143
122 174
56 200
53 161
33 65
179 189
61 130
0 195
35 162
40 158
135 163
44 143
138 188
9 128
17 66
49 166
44 168
123 154
129 167
41 96
105 195
94 161
48 105
71 187
118 201
42 81
67 109
81 115
18 88
62 109
19 37
96 110
90 116
90 202
53 103
49 178
7 139
37 92
66 157
43 197
131 201
91 136
45 129
10 27
88 132
60 147
75 146
86 103
77 143
42 172
11 171
3 140
29 60
78 150
23 173
166 181
116 181
54 100
11 168
161 199
78 156
106 192
62 140
92 133
10 78
58 169
33 129
171 191
108 110
31 143
152 183
10 160
3 161
29 71
186 193
59 177
53 187
58 63
24 132
146 160
58 123
143 194
20 140
181 203
96 114
70 104
19 116
74 196
124 174
85 163
60 69
107 139
109 186
12 156
19 78
92 107
23 201
73 108
30 139
56 170
12 42
105 166
66 94
118 198
19 88
126 144
59 145
16 104
174 182
76 101
135 143
109 202
15 44
10 58
24 135
118 121
79 117
125 166
148 191
85 140
112 195
6 26
60 155
100 103
34 203
85 183
13 192
104 167
155 195
100 123
120 185
103 195
38 166
72 164
26 67
94 198
166 201
1 177
181 192
37 42
50 145
3 184
130 189
57 130
106 116
21 184
89 111
88 191
14 89
27 49
133 170
7 64
13 86
177 180
111 152
142 155
21 131
49 200
43 147
15 70
7 41
70 202
125 148
77 189
13 199
40 139
122 192
69 81
51 145
109 116
2 160
7 170
99 156
61 91
129 203
119 131
65 135
43 178
50 72
188 205
36 158
124 152
12 203
81 194
40 111
87 148
139 162
67 71
133 173
1 111
93 96
44 89
78 134
72 104
141 189
1 134
158 172
112 194
13 24
162 167
32 98
68 186
33 174
88 119
127 176
15 100
62 132
59 205
81 109
49 142
70 178
41 79
55 187
49 184
6 164
55 142
35 143
102 119
94 192
26 133
127 182
24 32
29 108
107 169
1 12
38 140
173 204
41 188
73 199
31 128
88 159
106 162
103 164
93 118
68 131
33 80
38 56
81 99
127 179
26 35
13 44
184 204
28 66
129 164
44 45
9 151
121 163
26 197
123 147
39 60
57 80
73 126
24 76
86 102
12 124
12 116
22 37
70 195
7 167
4 123
42 90
75 142
57 201
153 154
32 57
18 196
90 177
60 107
7 55
55 105
52 185
90 200
118 135
20 87
72 92
56 166
125 199
11 119
9 108
8 68
35 54
73 149
157 201
69 145
13 206
16 90
43 145
15 138
50 164
133 196
39 167
52 169
7 124
178 201
151 184
117 175
44 72
30 140
142 154
87 161
90 159
57 96
155 187
105 139
55 141
61 125
18 52
10 146
66 202
27 177
192 198
90 141
58 96
34 44
5 31
12 98
33 95
91 147
115 159
17 175
35 69
1 151
34 171
115 200
101 171
16 86
42 197
23 38
170 197
126 183
73 161
182 200
98 176
50 101
80 204
106 203
52 157
91 102
22 35
141 193
75 163
71 85
111 195
46 66
103 160
100 115
19 105
2 195
63 160
102 117
115 136
10 144
110 113
98 144
123 204
128 199
50 151
66 175
79 80
1 41
33 200
36 139
16 206
71 179
116 124
35 86
75 103
65 199
23 186
148 153
126 159
117 120
87 143
74 173
23 71
22 179
86 88
63 182
18 27
92 100
56 82
15 35
79 127
37 165
52 114
54 108
28 77
184 187
1 52
3 18
47 135
128 202
11 62
35 183
40 174
73 116
175 196
72 84
70 203
50 132
39 73
127 143
84 118
147 168
51 101
171 190
45 194
44 67
100 133
17 147
20 50
85 100
125 164
89 134
13 60
51 89
45 136
102 108
100 146
161 190
112 159
14 154
58 173
84 197
69 196
34 119
142 205
33 79
196 205
48 147
74 175
45 86
12 139
15 192
1 103
70 166
82 123
52 196
61 104
0 147
96 205
93 101
64 91
5 113
22 181
5 53
7 23
65 82
62 134
38 44
90 156
149 162
96 132
45 83
122 195
132 181
25 139
119 150
80 182
189 203
81 166
91 170
2 46
10 31
22 32
50 180
24 136
70 127
22 204
82 107
62 97
9 147
188 191
114 202
20 115
46 77
7 67
111 167
53 160
83 191
0 106
73 156
172 181
25 127
69 187
29 46
36 115
48 149
5 25
188 201
64 201
119 163
19 200
44 113
97 189
82 143
0 129
107 112
147 174
144 148
47 123
35 173
120 160
33 143
47 112
91 118
61 205
156 180
134 164
134 199
77 82
22 189
73 193
40 43
108 125
17 133
63 147
131 144
39 94
17 158
124 178
12 16
119 164
151 158
187 197
38 200
44 172
58 191
61 164
111 137
35 77
59 80
20 165
9 164
98 170
62 126
40 98
47 156
14 37
53 124
7 156
33 101
30 163
91 195
122 132
112 139
114 192
31 169
22 59
54 187
180 195
56 126
76 157
6 82
31 205
86 204
45 92
98 206
112 179
187 193
30 50
49 129
142 148
61 169
13 67
2 128
0 141
53 171
109 127
113 117
20 122
12 90
77 190
158 159
120 127
151 152
0 77
106 110
36 66
1 54
124 191
72 111
39 83
123 197
82 158
65 203
65 94
34 161
109 124
94 130
125 170
145 151
60 86
57 58
107 171
14 168
15 176
31 67
140 202
60 116
135 145
71 197
135 190
44 170
35 66
160 184
28 203
56 94
124 172
31 203
88 102
73 146
73 168
58 93
32 201
11 70
23 194
41 68
87 99
2 24
15 109
83 114
83 109
1 82
144 154
135 185
46 203
124 168
122 204
2 26
57 176
152 155
2 57
38 154
0 113
45 61
174 191
28 155
41 202
85 120
64 74
118 187
49 128
59 201
31 155
16 43
174 181
57 191
190 203
38 76
96 133
74 93
24 153
4 19
167 172
68 170
79 146
7 114
125 165
20 130
7 153
33 69
12 75
157 159
125 175
20 158
141 166
65 153
93 178
43 123
104 185
34 150
81 183
142 178
16 80
135 164
122 134
177 195
119 189
136 184
82 117
67 115
70 109
64 188
111 153
66 183
50 168
76 173
86 188
35 145
85 149
48 152
192 194
94 116
14 111
134 195
132 152
26 41
61 101
103 143
9 61
2 161
107 186
112 140
102 163
187 202
45 88
66 92
6 206
11 90
63 100
156 181
83 99
194 199
136 159
194 202
48 180
25 169
2 40
86 123
83 195
5 57
116 134
13 124
2 39
89 133
111 160
4 103
44 118
19 110
71 193
138 197
47 78
16 69
63 72
12 191
154 196
79 189
46 47
32 151
148 167
15 194
48 160
1 115
127 157
102 160
141 150
161 202
17 103
16 143
45 102
77 94
119 202
8 116
54 147
25 199
39 110
7 94
35 47
61 111
112 125
111 155
39 189
89 161
44 134
15 99
55 103
53 83
45 64
108 206
82 85
12 72
32 75
3 118
5 170
97 103
49 135
146 164
142 190
153 166
21 134
26 58
20 138
48 186
3 6
130 194
1 17
56 179
132 145
53 114
43 79
162 172
109 141
79 152
56 156
194 206
51 129
67 186
9 165
38 136
121 133
124 148
9 57
117 118
28 176
63 107
28 64
5 99
106 199
90 165
128 194
76 188
120 181
170 179
36 61
34 205
67 73
58 176
8 51
32 84
150 203
43 150
94 146
68 160
67 163
93 169
60 63
90 153
88 203
134 154
94 100
17 176
0 117
134 190
98 132
13 181
65 91
62 153
69 116
110 158
85 101
3 176
40 60
98 177
69 181
47 59
85 139
84 107
41 74
133 204
44 174
35 137
33 158
27 63
20 192
33 43
117 143
86 132
32 195
96 135
4 176
54 158
187 206
21 79
90 183
49 139
138 183
2 41
134 182
119 126
67 188
31 162
15 97
87 111
84 144
0 104
50 169
170 174
70 81
8 38
19 131
94 145
74 130
17 18
101 128
136 148
179 206
95 116
42 187
86 157
10 87
146 183
115 154
28 50
105 142
40 194
14 65
69 122
102 122
90 119
36 123
136 140
76 112
41 149
68 150
75 107
25 74
89 184
52 76
88 188
124 190
19 73
6 176
5 83
71 160
25 119
5 66
114 205
179 188
31 191
191 206
22 24
3 95
78 162
7 68
72 102
111 126
91 132
44 138
8 194
73 97
87 114
109 143
141 162
69 131
3 114
37 204
16 166
139 150
44 173
50 190
108 116
84 90
19 61
93 174
36 55
7 62
90 161
79 84
29 32
171 192
6 187
69 94
52 192
164 167
43 84
70 89
93 107
96 141
152 182
82 204
134 139
52 154
18 149
78 140
84 122
70 145
171 200
11 203
97 114
76 176
79 159
8 169
18 99
110 201
106 171
76 138
50 174
181 197
35 84
105 164
77 122
27 95
18 94
36 54
17 87
79 190
22 187
23 195
186 195
38 86
86 148
178 184
106 124
155 201
125 134
22 107
35 119
16 148
123 174
39 69
82 146
9 96
52 164
114 148
142 179
43 88
43 158
97 120
72 113
39 51
59 60
3 141
93 102
54 166
6 194
50 194
22 61
41 130
42 168
111 125
100 120
150 174
84 142
54 181
58 151
148 186
70 79
15 41
153 175
63 150
17 127
16 142
50 160
110 179
54 109
184 205
40 176
9 148
32 131
71 136
63 202
185 198
8 63
67 132
45 196
155 206
165 173
56 81
124 171
29 95
94 98
120 195
7 117
127 199
36 138
175 204
13 30
174 186
108 203
3 32
6 65
69 136
49 124
28 199
90 128
116 194
14 29
12 79
24 51
158 175
105 135
34 102
97 151
8 67
9 186
107 153
106 154
48 190
13 112
85 173
77 103
73 112
115 134
14 44
109 142
32 125
60 70
56 108
89 202
40 89
134 155
33 162
36 149
10 135
58 154
74 122
188 206
7 163
88 175
135 172
97 136
169 178
102 164
3 128
10 28
145 202
119 154
61 139
32 152
15 126
67 158
152 199
3 177
26 194
156 177
111 114
25 158
73 93
84 191
96 100
84 206
184 203
90 129
160 191
17 163
123 163
166 185
37 94
24 35
13 41
197 205
80 188
109 165
51 98
76 181
82 177
7 159
46 132
53 94
109 169
3 120
16 98
73 101
41 153
105 185
70 165
3 91
42 102
59 185
76 80
64 100
132 168
91 206
35 58
42 192
136 161
36 92
154 202
34 127
153 168
35 63
29 59
48 97
66 188
155 182
46 185
2 36
129 186
124 151
43 194
37 206
0 173
134 191
28 69
108 169
44 127
38 190
102 204
76 154
106 122
2 88
85 96
41 98
59 188
52 101
21 97
14 179
44 140
60 93
8 189
25 26
64 191
106 108
3 34
30 52
134 147
141 157
33 192
123 171
125 144
42 114
59 94
109 115
72 117
85 164
0 168
87 160
39 184
68 92
10 128
139 155
19 101
85 93
32 50
82 150
160 162
7 138
1 199
19 164
7 82
45 68
6 126
117 164
19 156
39 203
78 90
11 108
63 190
25 104
42 145
48 65
3 52
67 139
35 129
45 73
154 189
25 118
98 143
140 176
23 83
5 178
12 160
69 86
129 183
132 142
14 185
22 121
29 181
30 199
125 136
137 170
5 165
63 124
193 197
120 174
13 135
67 176
21 115
60 121
9 202
70 163
18 43
61 116
114 184
146 196
44 165
44 156
90 115
40 105
163 179
47 200
55 114
53 163
117 139
2 69
50 136
10 17
160 170
43 177
8 171
90 98
128 164
76 170
119 134
80 152
12 188
32 46
17 58
53 91
18 156
4 110
121 146
85 171
122 128
31 174
82 201
7 160
17 125
75 164
89 199
122 143
152 168
50 155
15 82
177 190
53 180
108 196
6 59
151 205
7 197
49 99
35 193
20 106
112 119
46 113
165 204
10 71
34 177
4 115
86 105
24 67
53 184
179 197
43 48
9 90
108 163
15 172
84 161
85 150
39 146
106 180
77 192
114 180
23 66
11 161
75 76
26 192
32 83
58 184
128 177
102 126
49 175
89 100
3 67
15 144
87 180
19 135
9 155
4 94
27 73
88 143
101 130
14 100
103 135
56 116
51 178
39 71
75 136
57 98
62 99
85 194
79 180
52 124
35 89
35 141
74 126
22 82
20 26
91 166
119 169
133 182
175 192
4 27
26 59
29 53
7 21
25 90
54 179
113 139
68 122
12 131
66 129
42 185
15 142
169 182
63 90
38 163
6 76
3 166
128 138
59 168
48 141
100 179
120 156
6 196
47 118
116 166
169 197
101 139
117 171
93 153
46 125
22 195
54 143
120 179
79 87
40 153
101 186
97 160
1 30
48 66
121 201
8 107
44 90
24 79
5 14
16 172
102 114
120 159
27 151
144 145
18 64
49 117
81 171
101 133
108 195
39 145
73 194
8 162
150 160
100 102
56 69
162 204
27 186
111 165
83 200
112 137
69 162
58 112
78 103
29 155
37 137
70 173
110 174
58 178
63 98
97 128
103 148
38 100
0 204
35 51
142 184
119 147
57 183
180 183
27 169
15 202
85 165
6 20
104 112
104 201
93 133
20 88
55 75
9 12
20 80
33 73
27 58
32 103
80 161
112 131
51 192
51 198
73 172
23 192
107 119
29 127
73 102
58 138
29 146
6 138
83 184
35 73
54 103
73 204
21 164
75 116
150 153
184 206
80 164
148 196
38 204
1 178
52 55
23 30
58 122
120 121
97 180
8 17
45 144
202 204
48 158
146 170
55 204
41 156
153 187
42 188
65 185
52 122
66 148
62 111
17 38
29 103
5 137
119 172
1 203
116 169
3 39
84 135
132 179
103 186
74 162
123 194
70 167
88 106
90 108
12 112
2 119
11 147
26 174
76 155
33 187
104 158
37 130
43 92
173 192
46 157
50 137
30 204
79 158
8 50
44 147
156 162
109 149
147 199
6 24
22 193
125 159
87 182
18 180
69 186
81 114
101 127
9 64
24 156
14 30
122 147
54 135
106 186
87 147
31 43
78 118
5 39
145 191
185 187
26 189
0 52
49 194
29 139
88 144
65 96
68 110
20 185
135 206
12 82
82 202
20 31
152 205
34 59
30 159
40 125
131 167
15 105
68 129
50 159
48 171
56 86
154 198
173 174
3 78
138 153
9 180
15 161
68 184
11 19
8 66
28 87
38 64
37 110
49 206
25 32
179 184
83 166
3 60
196 199
57 89
75 100
38 178
75 108
59 64
140 151
112 180
25 27
126 173
37 50
102 176
143 188
7 182
3 107
34 56
53 88
127 138
74 140
110 192
77 203
52 168
88 133
45 151
41 134
5 179
2 110
36 39
64 90
123 201
183 197
1 197
68 128
14 200
103 203
74 118
3 155
92 156
8 117
68 175
50 161
46 175
44 152
59 62
2 183
105 129
189 198
30 84
67 154
80 181
58 131
192 200
46 198
64 140
8 9
11 136
101 158
2 206
13 15
62 130
102 179
61 141
15 28
87 201
7 87
53 196
79 134
62 84
84 94
16 199
69 193
51 66
45 155
54 146
103 121
134 160
43 190
33 131
73 109
173 175
114 116
62 200
37 108
164 186
145 185
10 61
61 79
89 191
16 74
89 132
16 129
43 98
9 93
167 200
19 181
18 203
72 194
17 39
94 177
30 45
48 70
61 89
84 173
18 80
75 165
157 193
82 111
23 26
17 112
1 172
107 191
17 188
60 151
170 178
47 113
52 184
70 82
25 33
95 180
22 25
47 188
56 172
10 132
2 125
131 136
61 84
79 106
35 93
13 187
79 85
21 151
14 96
72 118
117 142
31 102
57 161
56 103
21 140
26 157
24 154
32 73
86 172
93 132
138 142
29 38
78 108
71 115
187 200
28 149
42 148
44 155
82 157
160 182
33 106
27 47
27 200
47 189
64 202
56 95
94 169
0 16
82 104
116 190
124 175
66 146
1 47
59 150
20 180
9 51
73 185
12 186
83 139
15 48
23 151
79 200
41 138
30 60
55 178
6 133
41 91
80 171
14 27
70 180
133 167
26 98
124 133
102 183
78 141
43 138
64 170
1 159
18 116
23 114
89 136
24 123
1 119
21 182
3 148
76 172
160 165
9 126
41 151
3 138
27 29
93 181
11 102
49 116
188 202
108 179
141 204
30 136
92 202
47 137
49 202
88 105
79 193
89 193
120 201
132 171
71 109
49 86
116 189
19 147
104 137
125 184
17 108
87 128
53 111
89 120
130 188
134 158
17 139
35 110
89 95
120 154
42 49
51 143
65 143
72 141
68 177
110 206
109 132
56 102
185 204
136 164
53 72
39 190
26 91
55 65
4 153
6 155
14 32
160 190
48 174
52 69
101 102
152 186
77 91
43 106
47 149
124 180
63 173
89 153
52 74
159 168
14 127
62 117
89 205
142 180
57 158
8 54
31 136
29 196
81 180
103 188
47 89
93 147
36 58
72 138
11 14
96 117
87 206
78 190
40 93
106 177
32 200
9 24
136 181
31 103
31 68
182 206
149 163
74 106
139 183
27 202
66 125
6 86
121 156
25 60
60 141
56 181
80 192
12 56
26 93
51 203
133 137
80 136
42 182
181 199
12 123
4 55
112 186
166 176
94 160
72 188
28 161
45 187
16 101
79 83
141 183
1 67
1 62
43 111
179 196
109 183
72 151
22 67
80 157
11 38
76 167
112 118
123 145
22 97
40 166
140 147
89 112
45 51
61 194
4 79
143 170
121 179
126 177
139 144
97 112
143 163
114 168
9 159
174 200
102 195
32 60
80 172
42 105
43 90
68 206
91 187
64 181
57 180
47 106
9 65
51 138
18 29
84 153
87 172
115 193
65 169
4 26
15 181
1 68
7 19
83 187
95 142
35 87
0 82
175 198
24 89
55 180
55 123
146 176
162 181
60 182
132 147
63 101
130 157
106 139
110 164
40 202
58 83
26 164
56 148
19 178
170 187
74 82
98 125
137 195
52 177
138 146
82 205
31 185
116 197
83 173
8 109
34 167
68 93
118 124
97 155
108 200
33 124
0 40
128 179
84 109
34 154
44 53
83 127
46 105
179 192
79 125
162 190
87 105
72 201
25 117
185 195
2 77
32 177
2 47
112 124
55 120
65 124
164 206
104 146
65 131
109 206
44 80
134 198
182 195
155 196
25 159
186 188
85 137
28 139
23 73
112 161
122 164
9 80
93 138
39 79
2 100
63 84
58 74
97 111
26 125
111 151
17 28
171 187
40 177
113 204
24 116
11 118
110 200
165 178
21 195
74 129
39 53
161 205
1 48
97 147
158 180
89 135
18 24
8 180
10 92
122 131
0 148
50 195
71 133
126 205
29 190
18 177
91 156
148 172
75 101
16 167
138 192
37 90
164 185
70 120
65 188
58 90
91 117
61 175
11 35
73 148
15 46
165 179
44 201
103 110
76 121
9 23
80 119
124 182
133 202
93 200
23 109
46 206
46 53
48 73
4 47
72 130
109 199
85 87
1 101
12 57
12 197
3 10
128 130
51 128
35 50
15 49
59 63
68 164
78 109
141 154
118 202
124 205
146 190
169 172
141 171
103 118
63 69
0 34
179 190
132 177
4 185
78 128
37 84
54 92
147 204
146 169
160 169
77 79
84 104
80 118
152 158
118 188
113 166
179 193
84 186
26 116
98 186
152 192
35 192
197 198
101 199
164 190
41 116
43 140
121 197
64 203
49 130
27 203
75 135
170 198
128 152
95 99
53 59
148 184
5 201
56 167
169 186
16 35
116 160
83 183
97 142
65 132
72 106
53 186
147 187
22 77
28 168
169 205
9 114
53 78
84 167
51 202
1 130
149 170
20 92
139 151
14 153
65 125
21 57
37 77
70 140
87 130
50 143
107 163
65 149
25 114
21 68
109 178
124 179
47 64
12 30
58 91
37 177
49 107
35 140
32 162
47 196
114 198
147 149
92 148
81 162
53 137
157 187
74 141
57 178
9 44
146 180
28 40
100 131
1 128
22 188
98 130
21 166
17 63
60 123
126 199
71 126
94 165
107 189
3 40
148 160
35 161
117 202
145 150
80 81
74 148
108 143
107 120
36 135
124 189
140 178
18 105
27 102
157 182
30 42
57 119
39 154
28 174
34 86
20 91
74 94
84 188
36 43
18 54
5 174
75 171
111 199
120 196
144 165
81 125
42 44
102 178
104 155
32 187
167 180
27 137
103 175
100 145
53 69
48 162
14 178
129 177
162 184
82 168
54 163
175 183
108 175
49 91
74 139
34 98
88 126
59 151
141 181
72 173
150 176
102 177
19 168
12 34
3 5
30 137
30 126
95 152
89 149
180 196
48 199
134 180
107 146
34 195
31 46
65 106
25 193
182 203
79 166
6 40
54 126
80 120
41 148
4 122
120 155
51 70
108 159
166 178
18 71
17 114
88 96
180 192
83 157
44 150
52 201
26 89
8 57
4 200
104 123
103 189
78 86
4 15
61 100
71 128
12 28
181 193
113 136
35 195
60 140
158 196
121 145
50 80
47 160
26 113
75 137
77 96
89 203
49 171
129 148
18 189
48 89
46 133
1 147
3 46
37 145
66 82
58 111
110 178
65 99
74 156
118 206
8 132
99 134
86 125
48 71
111 159
9 152
87 135
174 177
144 157
60 154
26 46
95 158
54 115
73 150
35 71
32 64
38 127
28 178
19 22
46 204
77 179
158 160
174 197
44 144
38 193
120 141
9 41
73 77
78 91
60 143
67 161
103 170
112 166
82 171
115 206
14 144
137 147
69 179
11 98
24 93
118 132
23 190
140 179
100 172
19 171
100 190
160 176
33 191
7 71
37 70
192 199
190 204
52 98
94 134
46 184
56 154
157 173
36 159
56 178
114 166
68 143
0 108
140 204
11 37
75 161
62 199
6 8
163 192
48 92
110 160
11 120
65 105
63 95
46 195
27 129
11 28
23 104
49 119
47 127
112 121
161 185
4 182
44 182
12 99
35 128
94 101
22 84
60 99
16 53
31 138
121 168
109 173
80 142
145 183
153 179
144 205
46 158
89 101
108 120
0 186
34 105
5 173
83 186
39 85
68 188
113 173
108 121
47 73
29 86
59 69
10 141
16 44
62 144
33 82
144 162
152 197
134 174
47 75
93 104
27 119
101 206
122 196
7 77
22 183
10 12
96 188
123 180
32 164
48 120
70 92
12 89
34 136
22 105
87 186
100 126
20 73
17 174
28 150
22 161
16 60
127 141
131 132
65 175
44 74
111 187
41 76
72 158
61 129
69 190
99 192
16 109
22 146
60 181
42 140
32 173
73 121
24 43
51 56
76 130
68 147
74 188
15 59
94 113
63 86
95 203
3 85
8 177
18 200
16 175
153 201
90 133
16 46
36 202
71 156
78 120
128 142
124 186
28 151
31 113
26 44
46 135
16 138
23 143
114 140
12 119
24 198
17 178
126 134
22 47
58 105
45 147
53 176
72 166
76 158
99 132
13 99
115 174
19 84
93 135
81 173
12 158
115 146
171 175
7 103
14 78
16 83
47 111
28 193
101 205
65 156
74 149
4 198
103 114
2 32
11 34
83 148
55 136
137 148
12 149
143 196
62 145
67 130
61 105
56 104
149 188
97 169
102 158
19 144
66 164
126 154
23 180
4 148
182 202
147 182
5 185
23 147
67 121
184 194
157 174
21 160
22 158
85 193
152 177
150 179
57 93
78 138
99 185
24 44
58 125
27 205
75 86
116 168
108 135
0 188
52 135
103 144
95 124
102 190
53 60
5 85
11 26
165 186
43 50
17 190
58 115
130 138
107 185
33 45
12 154
106 184
167 170
1 188
74 104
66 191
68 127
130 169
117 153
142 176
37 149
159 202
122 170
29 63
55 61
60 106
149 201
9 196
149 158
106 160
33 181
78 122
69 73
66 76
27 75
120 133
62 166
46 154
5 87
71 89
136 201
54 150
120 162
50 82
133 179
85 184
51 55
99 136
0 73
98 151
79 119
26 37
99 144
7 57
11 79
147 205
52 64
49 57
74 87
11 17
101 182
37 63
133 140
63 194
48 106
104 204
39 59
50 138
18 160
66 78
37 121
87 181
14 46
22 140
72 180
68 98
50 55
19 42
29 64
94 178
55 96
58 185
62 66
73 165
50 84
50 156
42 184
156 163
119 140
8 185
63 179
128 131
39 155
15 135
83 206
76 179
28 125
23 125
15 189
45 122
6 80
90 93
9 113
34 74
46 57
30 34
83 85
21 132
16 127
67 183
25 70
44 76
51 69
102 196
36 59
106 142
87 124
20 57
25 34
26 115
2 13
6 129
61 124
77 99
54 80
124 139
2 37
48 118
41 60
5 73
19 196
35 43
75 115
28 142
14 94
21 53
72 199
0 152
8 45
5 175
163 187
117 165
15 155
141 149
36 125
172 186
56 153
8 164
18 129
62 71
102 103
91 151
111 173
92 170
10 106
164 201
32 206
3 66
149 173
39 125
49 149
100 158
53 182
8 125
143 181
178 186
36 206
51 112
70 141
47 125
49 83
41 56
21 187
57 97
128 185
66 124
92 132
66 127
0 158
98 127
13 104
144 160
62 183
10 166
57 164
9 29
16 107
6 66
132 190
83 86
77 206
123 173
78 88
65 68
8 15
26 99
109 180
142 147
165 177
7 106
21 116
17 149
2 63
61 82
74 89
36 88
147 184
31 107
117 168
21 85
44 128
36 119
5 203
4 89
66 86
43 174
205 206
38 139
174 187
52 129
2 44
81 152
108 152
117 162
129 197
99 171
94 157
136 192
34 152
26 57
31 130
106 179
120 134
82 174
21 26
5 102
37 47
38 123
39 88
156 205
4 35
8 187
83 88
74 80
145 158
97 153
26 142
40 124
60 78
97 186
45 124
131 169
32 37
124 132
23 91
122 127
11 155
116 174
48 84
54 199
98 178
18 82
18 188
39 182
13 153
200 204
35 126
117 194
200 205
69 164
15 63
75 197
108 199
82 126
102 173
142 183
119 165
122 165
88 158
144 173
17 85
60 117
140 156
25 73
113 122
97 106
38 132
54 113
18 133
80 144
89 127
185 191
41 63
4 119
5 16
132 186
87 107
38 95
35 78
3 12
39 161
22 55
124 136
64 101
18 74
117 131
87 150
44 157
38 129
77 150
142 188
14 120
112 202
102 135
22 75
126 128
142 192
31 144
72 202
157 195
154 173
39 58
189 197
95 187
4 111
48 49
112 183
37 86
38 101
8 18
98 152
33 103
27 173
57 60
96 172
4 38
139 186
43 172
48 196
97 130
11 166
21 192
188 200
18 28
10 149
2 50
24 27
65 115
97 195
21 77
34 130
152 171
59 121
16 134
87 163
36 122
107 141
139 194
42 82
63 67
18 41
7 73
76 137
14 104
22 78
94 128
48 90
112 127
31 196
129 136
111 185
80 203
145 190
113 138
87 171
57 65
117 138
70 99
18 104
65 98
16 184
5 20
38 72
146 188
36 137
73 88
53 142
105 197
31 80
153 206
51 179
44 177
63 174
15 200
46 168
113 182
47 158
42 88
53 84
47 143
8 167
26 118
94 96
72 83
58 88
119 206
126 198
32 106
81 141
113 146
41 181
62 147
32 141
16 103
59 107
9 183
38 91
13 119
174 201
121 183
137 199
116 193
95 151
75 79
116 120
6 149
168 192
152 170
39 197
84 103
10 103
191 198
25 98
147 190
90 197
117 195
36 112
38 162
84 168
100 141
126 160
17 200
139 167
120 192
49 161
108 204
2 155
19 129
103 168
34 94
75 118
53 89
144 190
65 129
105 143
9 158
160 161
1 72
186 191
71 80
55 168
161 191
49 177
86 199
10 163
9 184
81 178
116 203
107 126
39 165
51 193
28 107
113 132
26 195
52 110
30 146
101 116
166 172
148 171
149 191
31 59
134 136
12 50
8 150
37 167
47 83
64 88
184 188
99 112
167 168
74 152
114 183
19 38
71 129
7 50
27 34
11 201
11 96
64 108
41 146
63 114
5 181
50 204
15 79
19 48
80 187
31 190
18 23
75 188
39 123
108 142
32 122
20 127
25 151
71 127
41 173
102 141
77 178
4 24
48 154
158 204
21 170
12 145
146 194
77 126
37 62
159 162
1 64
0 75
14 83
87 202
4 6
50 113
99 130
37 43
170 184
101 187
20 139
27 187
112 134
48 179
80 105
93 111
37 160
45 93
60 136
40 164
104 157
119 195
42 66
162 196
12 69
203 205
120 187
142 172
27 134
2 92
81 108
102 138
17 120
51 123
39 91
59 135
0 185
184 191
165 200
134 145
30 143
18 42
66 107
3 75
31 99
54 112
19 98
65 118
9 34
50 125
6 151
146 181
5 182
135 201
115 172
119 194
8 151
113 185
128 154
118 129
93 185
39 61
104 176
18 159
78 121
64 92
34 112
127 167
120 169
100 106
25 55
140 171
37 113
141 160
57 61
30 200
101 140
151 165
157 188
128 151
51 87
3 183
119 125
129 174
92 95
154 167
30 68
52 83
95 181
121 194
114 141
46 171
54 121
19 167
96 153
84 121
168 189
143 184
53 202
12 15
69 129
24 143
112 148
64 154
119 200
107 159
46 162
54 89
64 189
110 147
6 201
86 98
110 139
19 87
111 178
24 75
40 127
52 81
11 144
63 81
10 189
155 181
48 175
42 97
34 141
35 206
164 165
24 41
75 77
67 168
130 204
65 75
27 94
12 117
162 176
141 155
96 115
45 165
126 186
36 114
82 203
5 144
38 48
10 66
73 105
17 156
129 130
16 133
62 105
47 50
69 133
117 152
22 90
43 51
79 138
10 198
24 74
193 200
33 51
26 137
63 168
1 66
92 176
6 41
43 166
159 164
21 61
87 101
151 181
102 130
12 17
4 144
35 169
40 167
131 198
11 76
62 192
13 186
60 139
49 168
72 181
66 151
135 140
57 128
4 120
11 68
146 152
145 146
78 161
50 157
53 179
24 42
133 136
96 112
44 51
42 120
3 69
119 190
63 169
98 150
95 140
101 113
143 159
182 189
48 163
108 170
4 194
21 130
11 54
66 108
20 94
5 37
119 130
127 168
147 156
164 176
30 118
45 145
78 97
163 201
49 111
25 141
74 112
13 91
4 12
21 82
70 149
56 62
108 178
56 110
27 74
57 197
25 180
6 55
104 142
8 92
43 62
78 171
19 114
38 182
153 183
19 193
25 79
24 169
145 166
103 123
144 193
56 100
49 89
81 117
119 141
30 172
27 127
25 187
117 170
13 176
100 206
39 97
91 152
83 110
142 189
110 188
27 48
149 194
24 194
9 179
152 167
17 121
108 151
5 54
11 18
97 163
11 176
94 149
3 11
120 177
0 20
98 195
79 179
86 183
13 143
2 6
180 203
45 55
36 127
18 157
2 165
127 148
112 145
71 155
52 148
94 126
181 186
62 77
47 102
53 110
143 179
4 85
167 178
61 192
130 165
27 62
61 191
46 69
65 198
109 131
85 196
74 178
70 161
141 172
169 174
69 120
150 202
21 108
102 113
31 54
100 187
118 136
52 63
15 20
113 149
57 154
35 116
145 203
138 195
54 59
80 123
27 158
7 78
84 146
54 133
74 105
1 8
80 84
100 108
12 70
124 177
38 145
72 137
41 85
20 93
66 173
159 169
39 54
44 68
73 160
142 173
172 191
125 202
72 179
75 98
104 205
36 190
36 136
36 163
57 190
6 99
31 37
93 198
13 205
24 138
102 142
152 201
103 196
22 168
79 131
47 204
66 195
48 74
21 199
51 142
10 177
172 203
7 10
161 195
19 188
51 199
62 89
87 120
48 101
99 197
36 169
4 206
84 201
94 121
122 200
111 168
148 156
91 198
118 148
37 174
115 189
16 77
52 205
67 107
151 178
42 112
136 154
104 172
5 162
19 190
95 160
4 78
65 112
50 74
106 197
78 197
57 204
139 147
6 44
114 134
106 146
3 135
107 195
40 180
18 112
42 159
119 170
73 196
25 71
88 163
52 186
18 78
49 115
113 174
112 116
1 139
106 190
10 39
26 151
94 166
13 118
3 185
75 106
157 168
118 189
25 138
7 154
24 80
82 163
35 85
56 112
77 142
19 71
200 201
192 201
98 185
109 161
19 70
135 202
73 114
63 65
56 119
0 143
52 198
15 74
96 175
7 196
97 162
155 194
30 106
58 200
61 76
88 147
8 203
1 136
103 198
9 58
0 50
63 99
2 74
17 62
28 42
93 145
27 179
5 140
5 10
39 131
46 92
144 191
59 106
33 138
100 159
80 133
161 187
104 151
105 124
8 110
13 72
54 202
64 137
83 84
143 186
115 171
23 41
52 103
90 166
48 107
112 144
117 119
157 172
33 163
10 104
109 147
167 176
176 193
66 80
126 168
87 102
65 116
5 184
84 93
178 206
143 167
155 167
3 137
22 80
35 106
138 166
142 150
36 199
12 168
49 93
66 189
147 171
7 112
34 187
104 136
11 59
44 114
31 182
13 189
31 84
4 96
26 74
91 104
82 96
78 178
42 205
67 200
22 182
10 126
13 64
44 47
156 170
34 46
11 178
164 200
80 128
41 131
105 118
122 172
170 191
116 147
63 187
4 51
152 153
96 149
78 117
122 180
5 160
89 178
40 128
127 166
99 196
86 149
115 137
10 35
28 144
48 85
99 115
40 101
101 119
17 95
150 155
8 130
33 178
29 69
32 101
123 156
165 169
41 201
101 120
23 193
73 205
112 191
34 39
5 22
78 202
124 164
16 17
8 97
103 130
85 147
41 105
46 150
95 110
55 159
23 170
114 150
38 120
176 188
89 138
11 151
1 75
1 163
92 162
94 179
89 166
46 100
9 170
108 202
20 155
135 159
81 181
15 33
95 156
124 198
54 81
151 159
6 11
11 138
133 177
35 179
58 181
156 166
126 142
25 153
22 95
37 61
108 138
110 120
19 137
85 205
40 97
144 195
2 203
71 201
174 190
23 113
36 142
53 133
168 169
55 111
41 99
26 53
4 118
12 125
88 137
25 168
135 196
62 164
127 164
53 168
80 134
87 193
6 163
18 163
130 158
107 147
56 174
202 205
37 147
91 138
43 201
90 112
149 189
3 119
23 57
1 73
121 148
87 122
37 168
75 78
88 146
104 171
71 130
71 110
90 170
36 145
17 116
16 122
132 206
49 126
4 193
6 156
139 203
70 130
51 185
14 98
100 147
115 183
161 170
37 73
0 180
132 182
39 56
24 50
64 86
115 142
123 181
151 197
81 158
6 84
40 185
78 113
102 193
35 189
21 72
70 84
89 157
66 156
62 190
115 124
41 184
11 146
68 204
49 159
47 99
170 205
98 165
100 149
139 152
72 135
42 176
185 192
18 175
10 117
92 160
4 139
130 131
18 148
27 124
22 155
38 188
7 120
19 117
61 146
31 146
122 138
54 129
7 54
96 124
151 194
23 168
89 188
90 151
104 126
79 155
149 186
99 198
2 86
36 45
25 175
99 106
97 191
14 181
82 170
68 142
132 158
24 166
108 130
31 97
23 163
113 192
28 38
24 117
138 154
6 159
30 150
33 185
1 185
16 126
160 197
14 22
17 100
52 141
126 195
29 132
79 162
27 105
67 81
84 147
24 49
75 203
29 39
88 122
56 155
66 205
9 171
40 75
58 132
151 182
78 153
18 135
110 144
82 139
138 143
108 128
93 139
39 166
189 204
10 29
106 157
157 199
39 112
16 26
105 148
58 109
20 198
146 185
128 176
70 133
11 116
39 108
7 192
21 95
91 137
119 143
135 176
142 203
199 201
32 146
85 190
62 69
64 128
108 139
89 91
162 163
21 55
21 54
52 112
78 137
164 177
4 21
59 126
54 60
15 157
46 74
11 15
6 91
116 182
33 144
31 177
13 110
15 184
89 96
20 193
46 159
57 189
119 161
92 181
21 32
71 143
8 42
9 26
112 138
84 111
34 48
41 117
117 174
32 40
25 149
15 167
14 59
118 186
109 188
73 94
21 119
52 173
57 168
133 134
127 147
119 136
140 165
139 172
31 140
61 63
182 188
81 145
20 99
69 174
124 145
105 179
34 85
61 180
65 73
59 117
65 70
86 106
48 138
135 160
161 174
49 80
92 109
64 204
48 115
60 176
40 168
43 130
32 129
31 127
83 165
151 177
71 154
79 116
14 201
129 140
90 118
87 137
12 179
23 112
39 76
19 89
8 176
137 154
40 73
41 191
142 187
89 163
37 141
25 188
12 19
20 60
125 206
65 122
48 108
20 84
21 107
154 183
164 199
58 120
29 51
125 147
22 112
23 90
165 189
127 177
96 160
50 94
114 144
79 148
168 182
76 177
19 36
15 104
35 57
68 149
41 132
109 113
109 192
2 143
21 64
19 202
29 100
89 109
33 193
8 77
97 192
37 80
73 117
4 43
147 200
41 204
98 169
81 143
26 193
24 68
22 96
24 201
0 22
130 181
114 171
51 175
58 82
20 120
170 199
141 196
10 127
152 173
39 41
144 204
97 179
15 196
48 206
109 163
3 59
25 49
114 199
77 102
86 140
88 120
106 115
33 149
5 49
23 89
15 179
16 31
118 154
137 179
25 36
77 196
5 81
158 174
122 141
71 93
79 112
53 104
19 204
28 104
49 121
53 166
133 189
53 116
37 184
72 82
28 127
54 160
142 194
142 149
23 93
3 197
22 63
72 200
34 188
44 193
8 121
128 134
72 198
94 188
30 117
47 77
75 111
64 118
97 176
37 136
105 136
95 100
101 163
63 136
132 156
179 198
201 202
157 163
82 114
74 100
9 162
64 179
140 197
54 62
88 195
8 131
4 127
24 187
80 135
49 50
75 191
73 84
143 206
85 126
38 197
34 62
98 104
9 107
96 189
12 77
98 115
47 165
135 148
9 56
107 137
76 114
82 131
64 193
56 163
37 98
38 66
69 121
146 167
112 141
115 156
27 28
59 125
44 65
119 167
65 150
4 129
46 54
17 83
69 135
39 168
108 113
33 196
33 198
2 80
121 190
6 202
16 70
40 68
32 153
25 137
83 141
71 132
59 140
82 198
21 104
15 54
91 161
31 161
111 161
66 72
75 158
63 87
178 202
28 117
42 204
75 94
47 107
32 107
48 56
97 171
112 199
5 190
22 173
84 177
31 41
13 96
3 89
150 166
35 136
52 109
132 160
28 34
4 93
81 97
31 32
18 139
29 112
23 34
21 143
0 98
2 10
41 47
39 114
127 181
14 203
27 35
53 144
28 55
29 143
37 133
87 94
53 82
72 184
20 49
30 162
33 99
149 150
100 152
101 115
50 70
149 169
108 173
91 205
39 120
144 174
15 154
50 99
16 132
134 159
33 121
117 167
10 93
131 147
39 102
170 183
151 190
6 90
59 153
13 151
2 130
65 71
105 128
19 130
47 195
53 181
37 193
10 84
40 193
57 85
28 135
3 48
140 201
15 95
59 81
72 146
139 200
83 202
38 165
90 201
29 98
178 203
10 130
151 186
12 54
178 205
4 112
119 145
54 128
13 158
76 200
130 202
141 199
61 126
111 190
62 80
29 101
122 202
50 119
71 144
75 83
104 166
105 178
73 170
52 119
17 168
18 76
131 178
134 146
139 170
23 31
49 162
61 156
122 135
46 58
51 170
20 97
118 179
9 181
96 167
20 145
18 65
151 175
67 190
72 103
31 197
93 177
162 198
37 155
168 198
106 149
3 192
55 101
69 127
99 179
67 97
105 181
136 166
166 167
84 178
46 101
26 105
144 156
30 64
78 193
14 25
28 143
52 91
60 202
139 163
46 131
28 70
52 204
18 33
192 196
164 173
98 113
10 68
96 151
32 89
137 144
21 152
81 169
42 154
19 166
56 79
182 196
119 198
79 96
166 177
0 115
1 3
79 186
42 69
33 53
92 196
118 139
72 143
48 114
78 192
37 83
109 128
83 97
13 17
153 188
12 41
85 122
51 140
95 186
16 141
8 55
27 44
95 178
13 146
52 100
165 184
59 169
150 192
8 71
89 154
137 181
129 201
92 154
69 112
42 68
26 131
156 161
5 40
20 190
17 36
7 76
178 188
76 161
1 19
25 107
37 148
37 79
14 64
40 77
107 155
65 171
65 130
25 113
67 101
94 119
140 149
12 134
36 50
26 54
54 90
12 135
9 32
10 139
163 188
168 200
45 85
66 91
74 177
148 159
108 189
127 186
139 201
147 176
47 82
44 126
66 190
160 179
23 196
129 171
2 189
61 122
149 181
130 177
146 178
135 137
33 47
19 149
6 97
121 165
11 123
93 116
163 184
173 203
163 172
187 194
14 182
45 177
14 161
114 158
45 206
30 86
64 89
92 159
51 201
17 113
100 184
0 70
17 201
66 123
17 49
40 121
106 134
95 163
35 168
5 21
88 121
82 166
134 192
167 205
28 75
2 107
81 182
63 71
22 62
59 92
36 197
128 145
128 170
62 168
30 31
77 187
43 114
13 16
172 176
29 175
168 183
48 156
3 108
38 183
17 93
121 140
1 116
54 142
130 178
2 73
65 179
11 199
35 61
27 61
129 133
24 107
85 181
131 142
78 130
33 141
16 58
24 64
170 200
28 162
94 131
6 69
111 203
2 118
85 104
51 97
25 105
95 132
128 204
128 132
70 158
55 134
153 186
34 156
43 64
97 124
27 32
46 123
1 36
7 46
0 154
36 188
44 52
77 166
28 160
7 30
9 45
102 172
73 85
105 187
93 156
14 82
21 201
100 202
14 36
38 189
97 205
63 193
55 147
14 190
57 148
15 78
177 183
17 29
115 168
136 182
81 83
80 198
33 175
77 117
4 67
55 171
31 137
81 202
80 132
49 193
131 200
70 205
32 41
15 137
140 153
159 166
21 190
87 117
96 145
80 95
69 115
26 148
62 180
71 195
99 111
84 172
18 124
0 42
87 192
47 84
11 165
13 123
110 154
147 172
103 185
84 125
107 161
75 130
100 134
9 125
6 23
63 83
1 21
19 155
50 171
13 173
45 186
199 200
31 55
35 68
43 65
67 143
57 126
49 185
166 170
6 7
30 174
130 203
155 171
13 180
61 72
142 162
121 144
131 170
44 107
27 31
80 126
23 28
71 152
166 193
84 150
40 71
183 200
161 180
95 148
6 171
72 139
190 201
95 174
29 58
10 186
57 77
97 177
148 201
48 87
10 162
113 121
116 195
154 194
30 192
55 135
78 185
21 67
79 93
41 53
73 179
6 184
56 59
60 179
158 163
40 148
32 42
5 150
79 197
36 133
150 189
121 173
8 102
120 205
55 205
33 194
197 202
11 205
39 63
24 90
31 48
64 162
2 23
53 201
48 127
67 76
55 102
54 144
3 152
172 204
25 157
39 43
110 171
31 166
114 131
22 125
117 187
17 146
55 117
23 61
39 164
97 121
5 199
191 192
70 131
116 173
43 151
22 31
2 101
91 124
89 181
132 169
26 134
96 144
54 134
2 159
36 53
31 157
104 107
72 155
67 79
32 33
94 108
26 160
2 166
33 75
86 139
30 36
143 174
159 173
32 183
77 141
141 151
23 134
73 78
123 199
42 87
10 88
72 132
8 35
5 106
47 190
28 68
27 67
0 172
71 139
54 73
67 72
67 102
7 115
135 173
50 86
46 194
60 189
148 188
44 158
53 54
106 119
0 97
89 117
14 163
39 192
50 127
138 171
53 205
18 84
47 162
8 101
110 202
196 203
12 78
173 180
52 199
26 34
30 61
123 138
38 187
125 192
52 116
28 163
32 145
115 157
8 94
62 174
38 67
140 163
8 197
64 156
39 188
107 110
19 141
121 175
9 150
14 166
11 47
25 189
84 155
92 123
24 122
34 206
93 109
90 104
52 183
40 41
117 185
26 135
149 165
116 152
29 56
102 112
95 200
7 25
20 166
13 141
46 88
120 144
37 106
41 203
93 121
91 101
62 91
24 39
18 201
39 149
135 194
62 170
104 120
36 143
60 193
10 55
0 90
50 92
7 89
31 141
20 51
7 127
151 200
188 197
125 197
119 175
89 194
51 150
33 114
61 66
79 169
35 102
95 171
132 157
133 157
34 163
84 86
80 158
93 117
55 188
140 196
35 176
76 78
121 192
136 191
144 158
8 75
54 157
47 193
83 125
80 173
12 181
7 125
123 135
75 159
167 197
61 73
51 159
77 182
74 198
22 162
0 72
54 124
166 206
160 200
25 48
82 200
60 124
155 185
58 130
44 93
18 122
29 107
92 182
1 37
69 109
52 200
153 181
17 199
127 178
1 94
46 80
45 192
51 75
4 60
124 129
12 106
107 176
134 138
26 69
69 202
43 191
166 182
93 94
63 64
34 83
48 165
21 27
8 20
110 141
10 70
100 161
59 191
44 164
25 135
132 202
42 60
80 106
85 162
26 183
86 155
137 142
7 176
28 86
108 144
88 168
36 87
38 69
0 171
31 101
59 83
136 167
40 136
161 179
67 114
55 88
125 167
57 91
75 99
82 155
31 198
76 150
175 190
15 119
43 61
126 129
31 167
12 53
171 201
92 111
130 136
136 165
113 153
17 64
64 176
51 147
22 174
107 187
69 83
51 169
0 80
29 135
79 156
66 93
44 166
52 167
146 206
24 86
1 60
0 118
142 185
38 201
132 201
36 64
133 193
97 149
19 115
94 129
58 81
113 115
25 46
15 43
4 63
6 112
7 40
101 111
82 91
164 205
143 205
125 195
9 185
123 131
13 66
19 25
82 137
41 100
31 93
47 164
45 70
88 101
138 161
17 59
177 187
16 106
46 197
16 82
185 197
75 117
47 104
33 203
13 22
3 93
10 153
64 85
74 200
88 134
56 177
183 198
16 55
29 124
63 164
141 198
11 163
49 163
62 78
53 93
42 50
78 186
90 132
74 186
57 82
111 138
64 114
143 177
12 201
84 152
27 192
110 117
67 162
86 87
163 185
59 88
32 61
97 185
16 154
27 185
82 192
79 195
135 189
2 106
88 124
11 180
39 141
63 88
6 25
3 71
76 196
63 171
40 88
101 161
122 158
64 145
0 66
42 79
101 109
8 85
22 156
92 142
84 171
1 35
152 187
47 96
148 204
105 140
15 102
17 71
13 142
14 116
70 96
30 105
77 140
31 110
195 202
0 128
110 155
41 178
67 148
20 86
162 175
70 183
108 185
53 203
116 170
18 119
66 186
104 131
2 93
18 25
59 114
48 161
38 118
11 117
29 178
83 149
54 197
25 47
76 166
132 141
7 22
82 172
114 169
117 151
125 189
27 120
53 190
135 158
90 169
31 40
172 188
204 206
56 186
138 172
7 75
5 161
168 170
63 186
27 64
141 159
26 153
72 91
19 83
37 75
83 111
26 95
63 77
184 197
112 204
12 151
54 189
169 196
143 180
27 99
183 196
79 149
171 198
24 59
53 146
24 125
29 99
169 199
63 132
115 152
193 206
33 188
79 89
56 70
37 44
28 59
7 98
162 186
26 85
75 89
74 83
114 161
6 161
164 196
88 95
16 176
6 181
77 109
44 180
36 144
23 67
51 126
11 179
5 26
85 99
124 162
90 110
123 203
37 59
39 178
63 112
97 193
60 109
175 189
134 202
12 13
128 190
81 87
126 188
117 148
26 112
141 194
96 118
90 140
69 200
48 102
105 189
109 189
3 165
36 97
48 104
23 176
106 169
113 123
123 172
41 143
2 33
140 144
167 206
9 190
37 82
1 166
62 129
71 198
13 55
14 60
126 161
47 62
119 203
6 98
62 135
94 189
114 201
57 184
157 176
8 183
4 70
15 53
138 194
150 172
37 183
95 119
55 64
45 142
58 60
152 180
14 176
67 103
45 198
1 39
8 65
40 183
0 162
123 142
77 136
42 186
46 62
45 77
79 173
117 176
93 187
13 26
172 202
63 151
24 66
14 147
44 99
110 138
71 158
66 185
5 17
159 200
83 168
69 110
35 160
16 189
18 97
47 138
9 98
12 132
0 27
94 140
51 100
10 43
2 81
122 185
33 52
40 143
132 174
22 43
30 151
87 190
15 182
85 155
40 119
123 165
52 102
37 146
76 98
86 129
68 102
43 86
6 85
62 110
33 123
45 169
31 126
56 157
23 72
26 68
10 60
42 139
104 125
70 118
17 152
125 131
23 105
125 169
77 107
74 115
43 181
64 172
17 182
14 48
159 163
49 164
79 143
32 179
10 174
96 199
51 155
2 31
69 166
92 102
69 105
28 65
105 170
25 150
81 119
7 123
134 137
68 180
143 200
136 188
81 82
132 149
60 167
31 111
1 121
53 159
31 200
49 147
97 206
113 193
56 152
34 123
33 161
5 28
95 101
83 121
71 166
34 84
102 149
50 95
20 25
16 108
111 145
102 186
67 194
9 72
181 182
1 42
25 85
121 131
20 53
15 198
47 144
29 113
137 168
93 206
10 167
76 201
112 167
64 146
64 104
82 151
46 141
158 190
30 188
71 86
13 43
35 98
136 194
39 199
52 203
67 150
118 151
28 116
36 80
14 91
95 97
6 34
60 92
31 132
2 84
135 136
150 193
101 136
98 137
68 172
89 146
81 142
105 149
71 117
42 160
106 126
105 123
75 144
58 70
50 162
66 120
55 185
36 107
33 93
92 129
50 197
42 177
80 90
105 190
95 177
6 12
147 192
1 81
112 135
41 170
150 152
37 51
8 149
58 97
44 94
89 168
118 122
66 105
120 126
106 111
72 108
60 203
150 182
106 175
87 157
42 51
8 199
9 73
21 24
30 167
78 191
56 113
26 114
75 192
27 101
86 181
85 128
46 52
81 107
3 97
78 151
71 191
1 114
46 91
75 121
19 56
157 161
4 155
2 187
154 192
44 50
35 115
4 174
102 161
3 142
94 193
185 202
71 171
74 95
88 164
74 128
61 136
63 80
13 101
16 118
47 152
164 172
108 112
28 177
74 199
71 149
19 177
58 150
23 129
32 128
96 196
182 187
5 180
97 175
144 175
37 60
85 154
135 168
100 186
50 200
32 92
115 127
26 40
190 205
186 203
17 75
100 124
29 168
121 132
7 205
66 166
77 120
23 76
74 169
89 197
154 200
77 105
75 172
154 171
146 192
66 178
21 167
56 194
37 49
35 45
167 193
102 125
73 83
145 177
29 91
71 142
86 109
68 146
3 202
85 175
6 158
20 71
73 132
3 106
40 107
52 85
63 74
89 102
10 96
14 24
151 160
29 197
0 4
2 4
17 137
29 200
63 146
34 90
54 74
103 155
39 169
24 183
149 175
115 185
52 104
115 204
184 201
59 132
75 145
18 120
45 63
72 147
60 168
56 111
63 170
30 92
4 134
12 22
57 193
135 171
103 129
4 170
58 113
53 174
58 78
61 110
21 88
25 76
9 122
17 169
89 105
63 104
165 205
186 190
52 143
6 111
79 126
1 184
78 129
56 151
25 59
98 149
27 70
115 151
101 178
143 192
33 54
185 201
20 77
86 111
119 182
147 177
39 113
47 141
21 70
16 200
60 73
4 131
123 168
84 96
128 182
4 44
9 69
108 150
9 40
114 120
135 174
19 64
99 138
32 36
172 183
94 125
33 189
87 167
36 85
65 88
46 96
112 172
147 202
54 170
4 164
102 144
45 71
101 176
10 192
32 118
15 94
136 147
47 91
43 163
35 53
170 202
64 200
101 103
16 38
96 106
53 81
90 168
59 141
169 183
74 117
83 105
2 42
100 138
63 79
140 170
48 63
28 154
96 179
61 93
25 50
125 130
71 74
36 198
111 121
8 144
19 103
12 94
107 166
21 60
110 143
20 82
38 53
92 104
27 138
18 55
123 179
74 77
100 193
123 160
86 152
57 66
31 133
14 26
8 153
126 131
30 43
11 12
76 116
114 156
88 199
36 129
49 136
5 122
75 183
3 58
129 196
125 174
35 121
22 44
15 92
14 125
102 132
66 69
136 203
80 141
143 185
22 206
70 88
79 133
158 182
41 141
109 120
156 184
147 163
3 170
80 145
66 133
95 131
49 98
90 196
92 191
15 106
113 198
5 151
89 148
26 187
95 104
100 129
62 194
26 154
38 173
173 190
124 195
136 169
33 96
21 39
89 192
40 163
87 170
61 183
41 199
14 84
15 143
85 123
156 174
115 138
11 112
108 141
46 89
120 163
83 155
40 184
61 148
80 111
121 166
17 54
104 109
36 148
129 153
112 149
80 170
45 175
9 53
159 198
107 204
39 93
76 92
113 126
50 62
53 197
3 187
125 150
2 61
92 143
33 202
17 129
110 195
6 95
80 174
69 172
18 40
81 136
18 86
12 109
53 100
22 93
128 189
51 148
76 119
22 68
2 153
14 102
2 22
98 197
122 144
98 190
81 103
43 87
65 114
73 100
2 141
123 134
9 86
85 146
33 34
88 123
162 200
154 188
137 202
29 30
6 10
88 114
53 177
97 178
108 157
16 33
8 134
98 135
126 174
12 102
133 145
24 63
60 130
95 106
40 114
79 120
38 164
3 145
115 179
27 153
150 162
130 156
37 88
104 174
34 87
72 191
35 185
32 79
144 161
50 106
30 65
79 107
14 183
54 84
94 202
147 201
99 157
19 127
45 182
74 131
102 168
63 93
46 76
44 84
63 106
54 173
51 64
149 151
24 47
49 63
0 17
175 200
26 143
3 57
13 120
72 174
83 143
11 134
77 167
23 27
43 59
141 184
92 204
15 128
11 58
170 195
18 96
16 155
88 177
98 198
70 123
20 42
59 194
80 175
32 96
80 143
76 105
4 28
70 113
120 183
8 59
25 166
44 91
89 99
42 206
103 111
116 142
48 187
83 171
35 111
26 56
94 191
116 198
38 75
123 157
112 168
54 191
41 54
88 197
67 180
92 137
85 202
169 180
43 144
138 140
28 145
74 114
37 53
58 121
114 176
70 168
37 205
132 136
11 162
17 184
69 173
17 80
21 171
42 130
5 91
87 132
118 130
35 92
82 156
40 146
43 170
106 125
45 126
102 145
24 114
131 155
5 9
1 150
5 61
86 177
25 184
61 107
11 167
101 145
72 78
178 195
45 139
83 190
64 65
11 57
75 199
33 108
10 36
42 93
31 53
162 183
7 145
19 60
188 196
166 192
15 75
169 200
37 81
43 121
35 62
10 110
91 202
22 60
14 138
115 135
135 199
27 79
57 123
21 206
27 121
41 120
92 135
132 180
108 111
33 76
6 174
61 161
15 40
23 185
43 179
0 175
76 79
22 50
58 183
3 54
85 112
19 174
27 115
134 176
129 143
14 115
3 94
99 149
40 141
109 146
34 53
17 167
151 192
67 84
49 92
30 35
21 47
87 153
12 85
8 196
20 102
40 201
45 161
126 151
32 114
19 119
23 120
94 175
116 127
126 179
85 186
139 191
130 155
182 193
10 180
21 147
151 183
67 192
96 129
98 164
29 104
1 131
51 54
69 154
27 150
166 204
113 197
101 154
60 89
90 191
36 161
78 180
83 193
92 164
168 184
36 41
89 186
96 98
68 162
126 162
74 113
30 57
134 173
102 116
34 91
81 165
88 206
69 178
142 182
132 205
76 84
3 41
17 135
8 142
90 157
78 166
4 36
27 108
0 95
112 115
52 160
151 157
52 54
113 156
42 67
24 203
7 191
83 172
45 174
52 120
62 82
52 159
161 171
38 184
20 160
172 177
89 170
27 154
39 156
24 161
29 121
83 87
49 97
3 112
6 47
76 144
84 131
138 200
18 114
165 181
9 175
82 145
98 155
70 169
16 173
197 199
135 178
5 12
86 92
76 109
27 204
44 101
11 177
44 97
92 141
164 187
72 183
56 68
53 85
151 206
111 184
62 171
98 181
81 106
32 54
152 175
36 168
22 171
98 191
68 82
10 91
14 75
166 189
94 194
188 194
47 69
6 52
65 90
131 173
32 67
62 65
91 126
10 65
21 73
17 109
77 129
176 205
173 176
51 96
164 194
1 79
9 193
2 97
87 88
72 203
47 168
50 88
82 148
37 197
107 200
111 115
58 187
53 87
144 176
100 116
8 111
0 140
11 61
30 107
148 174
33 41
77 201
108 131
158 171
60 110
59 143
28 134
70 80
154 191
10 40
102 153
24 182
123 178
37 123
25 93
173 179
64 199
170 189
155 159
73 182
119 183
62 100
68 203
79 157
49 65
10 80
59 99
49 199
127 158
101 175
8 201
66 122
8 182
99 201
107 134
58 72
189 190
29 36
80 193
24 185
59 86
49 172
18 186
121 138
154 163
30 63
70 174
103 184
55 68
36 99
101 188
163 202
1 171
111 191
123 162
18 178
196 197
176 177
172 178
33 167
103 122
131 190
108 174
5 88
142 164
31 123
67 149
15 151
98 187
81 93
122 199
16 61
100 163
29 205
112 156
2 180
25 192
111 132
64 109
67 75
71 113
84 157
19 138
167 191
34 36
7 85
92 131
2 15
31 147
36 71
53 192
12 176
7 188
84 120
83 201
8 56
43 63
106 152
95 206
20 37
91 181
7 126
61 190
41 185
74 143
135 147
83 203
75 90
96 206
14 76
40 138
168 197
9 131
75 154
36 105
11 56
35 108
16 123
66 204
60 196
117 192
66 181
58 204
14 63
38 92
26 42
50 172
97 174
61 70
20 206
0 26
0 71
115 192
67 155
86 146
117 201
166 197
191 197
3 90
109 133
28 182
103 149
114 178
42 86
0 86
111 174
0 21
155 162
29 151
37 41
22 48
55 128
140 152
77 156
129 165
129 157
170 201
57 179
16 174
52 70
92 125
129 158
101 149
35 122
40 179
6 175
143 164
48 197
74 206
14 141
60 115
15 197
2 91
28 61
121 167
49 188
48 140
9 63
88 92
63 155
43 198
129 195
15 166
65 148
113 151
70 112
137 146
15 61
1 6
25 172
5 58
88 165
43 195
34 49
12 137
71 82
27 131
147 183
172 200
40 53
41 62
9 167
6 145
95 204
168 173
28 141
105 161
64 77
7 180
21 102
41 95
72 186
13 87
160 188
120 190
93 122
37 102
40 69
18 197
66 102
103 132
115 205
88 180
131 176
21 84
58 79
116 164
60 137
126 147
100 144
101 110
14 43
110 175
68 202
77 130
66 168
80 180
147 196
91 107
62 157
67 134
131 175
21 162
38 104
108 114
104 133
42 76
113 205
23 160
48 150
105 112
41 169
113 206
25 133
142 168
35 202
146 155
121 186
116 146
138 164
6 118
11 130
10 63
30 132
11 172
164 175
1 11
133 146
183 195
150 187
87 154
100 204
76 93
173 186
41 90
132 195
38 93
13 182
26 202
105 191
48 54
6 89
61 75
73 169
38 81
128 136
13 127
79 153
160 168
142 158
68 192
30 164
47 201
103 165
64 130
119 188
14 160
9 154
2 49
132 144
10 124
120 203
69 142
56 160
58 167
92 198
15 205
61 147
4 169
41 166
47 131
117 123
81 135
172 205
19 159
178 190
55 59
36 200
17 179
16 59
92 146
73 154
156 178
63 105
70 78
44 183
108 162
104 128
4 203
26 111
30 83
90 137
97 198
32 124
43 96
65 86
43 66
131 164
170 186
2 28
82 138
118 147
12 177
4 29
36 164
103 154
88 156
0 89
35 204
117 198
29 180
28 37
67 82
77 202
36 75
128 175
92 173
27 197
154 203
93 97
112 123
90 193
78 181
80 200
139 157
98 118
69 157
20 172
139 196
153 195
104 149
43 57
17 26
144 169
143 147
63 91
98 107
90 105
90 131
39 45
66 109
132 154
30 67
68 81
101 180
34 66
12 80
152 176
25 44
67 199
138 175
131 174
102 140
92 127
201 203
84 87
124 167
115 203
41 161
94 138
89 113
9 75
147 193
64 169
82 90
67 117
48 151
64 119
143 197
8 119
92 172
191 204
55 161
57 144
139 145
48 111
29 184
179 180
131 162
54 125
113 125
66 136
85 169
10 175
66 140
95 128
167 183
65 168
7 11
87 108
120 151
45 157
30 130
28 60
79 90
34 155
22 58
7 169
200 203
156 176
48 185
5 27
48 103
136 177
61 185
24 149
185 196
17 170
95 179
16 66
6 165
53 105
25 146
54 193
80 160
57 86
118 192
55 186
100 180
122 148
52 156
135 200
145 157
13 116
145 174
118 142
78 106
146 182
184 198
24 83
15 30
54 132
95 147
32 144
39 72
69 88
57 112
125 163
16 29
90 102
162 171
129 166
86 174
31 160
64 163
28 54
88 103
62 141
19 139
19 31
70 175
6 204
21 144
46 115
146 174
3 98
120 145
110 196
28 129
9 203
171 195
120 147
112 163
86 114
50 150
158 200
104 196
30 189
64 69
71 186
77 153
11 131
107 123
31 95
28 138
153 203
64 73
2 200
76 202
8 61
133 191
105 113
12 74
58 168
20 117
69 102
117 157
11 22
7 158
39 101
132 196
107 109
69 150
38 115
90 127
6 192
11 202
119 160
56 120
24 196
53 77
39 162
106 187
31 72
103 163
16 145
23 25
13 42
45 75
114 147
65 113
20 81
125 126
69 201
34 40
18 195
113 164
38 125
52 137
46 68
165 202
15 168
49 114
51 189
36 176
10 69
4 136
64 129
92 167
31 45
164 170
17 148
101 159
74 191
24 78
121 130
61 138
14 106
49 179
1 93
105 157
112 198
19 125
1 196
33 116
59 65
62 127
70 150
44 109
45 59
0 169
69 137
176 191
28 80
11 132
75 200
60 169
14 56
13 196
12 118
172 206
4 61
37 157
6 205
11 25
15 169
84 179
12 174
73 82
129 155
86 117
19 30
33 107
83 198
34 149
30 197
165 187
7 181
121 174
148 177
16 37
21 59
118 172
27 162
76 125
93 205
63 201
59 139
5 154
130 172
8 137
19 111
171 194
8 14
130 191
27 167
28 186
130 134
118 150
35 178
28 113
11 189
70 184
1 113
20 33
81 160
105 156
29 141
30 175
22 163
25 185
32 76
153 163
19 66
61 71
71 204
112 146
25 162
26 72
132 134
118 140
36 110
104 203
45 128
29 142
45 178
28 90
4 31
0 153
99 170
101 152
11 204
107 180
56 101
114 152
0 144
144 164
125 182
75 196
5 92
127 169
75 123
116 121
29 187
8 25
41 157
59 90
62 72
48 93
51 57
142 159
65 117
55 132
25 92
26 86
102 124
90 162
79 122
6 144
67 142
35 40
39 185
57 139
36 83
92 145
160 181
1 174
78 205
63 195
12 103
115 166
39 150
33 118
101 131
107 140
83 152
131 188
51 133
54 180
139 181
140 177
75 198
13 93
15 88
14 188
41 195
83 188
32 91
79 139
147 186
45 181
20 124
1 126
48 126
63 192
29 31
68 187
163 178
32 138
71 161
1 180
116 172
75 134
78 116
110 121
68 151
98 147
44 171
188 192
40 197
10 97
41 167
56 132
78 115
2 182
88 189
59 160
10 156
44 124
9 136
28 84
20 116
75 97
182 183
64 151
120 165
35 170
161 167
6 172
146 177
129 154
7 47
25 82
15 132
90 172
135 197
14 35
69 180
37 58
160 186
31 122
25 54
33 115
28 152
40 160
22 190
27 174
72 128
26 190
47 86
150 197
48 204
39 152
43 58
24 92
73 206
126 178
56 175
81 196
187 188
53 185
139 148
14 81
33 128
77 154
70 74
63 158
98 124
10 203
33 44
10 155
99 174
124 150
38 108
110 176
50 148
171 205
49 54
9 139
18 154
43 196
17 206
36 100
14 38
21 117
24 25
127 173
40 155
41 104
104 140
17 172
130 161
63 185
4 54
31 135
8 115
116 167
119 142
67 105
72 178
35 88
31 56
49 198
94 180
57 116
51 158
143 154
34 196
25 202
110 199
71 206
4 143
94 95
107 167
90 107
126 130
43 110
95 165
0 88
107 127
129 188
107 115
176 187
95 96
109 140
4 196
108 137
148 158
56 138
35 48
42 73
11 60
37 72
73 96
110 118
84 124
114 117
93 148
45 90
155 189
22 169
32 134
47 85
89 97
38 94
94 205
40 123
116 201
20 38
81 96
129 135
14 195
98 138
118 164
6 19
45 112
7 187
39 66
72 176
92 205
71 172
51 85
95 126
26 51
84 137
53 95
137 159
69 197
42 173
0 78
42 62
57 63
77 81
29 105
15 23
193 194
66 113
129 150
200 206
68 77
107 149
89 174
113 162
18 89
151 167
5 33
84 162
166 194
1 200
125 142
150 177
80 88
30 90
120 140
165 196
18 36
27 181
34 88
39 129
44 100
16 115
21 30
96 113
2 122
2 121
28 72
11 191
23 126
16 67
120 135
54 151
82 190
175 187
52 96
122 136
40 140
173 194
9 35
50 181
110 167
150 199
3 104
77 133
41 106
51 120
88 172
89 201
151 170
3 127
83 102
11 13
145 201
17 34
126 185
6 141
77 204
129 161
133 160
124 135
68 121
29 125
158 181
58 163
7 177
139 180
38 41
84 148
112 175
58 165
58 85
181 190
12 64
15 24
13 23
67 133
22 41
8 175
97 131
59 70
63 85
35 104
25 176
58 203
21 46
81 105
131 172
131 196
7 52
22 133
40 84
168 179
146 162
37 45
99 120
176 186
136 139
160 196
168 194
116 206
82 127
17 25
59 165
96 200
16 81
100 112
30 173
129 162
44 139
8 123
3 186
67 122
101 156
10 147
74 144
14 42
176 202
46 106
17 82
60 85
45 54
55 122
2 150
60 79
8 143
38 42
80 104
8 84
4 90
53 170
68 113
171 204
92 144
43 125
29 73
10 176
101 174
161 182
156 173
34 108
20 163
25 143
23 191
60 135
95 155
39 57
162 164
40 65
16 20
84 119
59 161
89 158
62 79
6 56
0 94
92 150
4 147
65 120
122 190
22 103
53 97
10 120
13 185
14 121
2 29
18 45
53 73
2 104
192 205
56 85
0 126
9 187
77 169
43 118
34 111
111 163
49 53
89 187
29 160
85 204
31 79
145 205
34 51
185 190
55 177
76 95
176 199
6 9
154 181
110 125
141 168
127 163
43 60
89 175
39 151
92 200
52 162
129 137
125 196
64 206
42 74
79 204
130 205
83 113
80 168
71 108
169 179
84 110
82 160
118 197
4 101
119 128
128 157
90 101
39 68
39 90
6 93
103 192
19 76
139 197
108 115
30 186
120 132
14 155
68 116
109 130
13 58
148 183
59 124
22 104
85 125
175 180
48 194
60 170
112 187
141 191
94 203
86 147
64 153
97 109
51 130
72 90
5 159
107 196
25 121
59 116
137 205
79 140
118 125
136 206
143 152
27 85
66 119
128 165
62 98
114 164
100 142
105 152
74 192
44 62
110 129
164 202
37 166
35 144
86 186
16 180
123 125
161 184
63 189
160 173
140 192
4 42
82 94
25 164
35 135
88 193
124 202
28 200
127 185
62 163
116 183
86 168
22 51
165 201
99 137
93 199
54 65
57 125
14 162
162 191
20 68
3 43
15 25
120 202
17 72
73 191
116 185
105 155
23 56
148 198
68 196
114 182
87 138
17 185
49 78
38 109
58 179
196 206
22 147
34 134
42 48
7 84
58 103
169 181
138 170
139 165
61 115
72 175
125 158
96 103
44 206
70 115
139 160
136 150
66 134
5 163
77 175
109 156
79 130
89 119
24 36
33 46
136 151
55 92
90 138
48 94
52 87
15 65
38 168
150 158
1 102
11 53
80 107
39 137
39 50
9 206
51 115
33 60
15 50
81 131
20 56
4 163
152 179
17 180
19 93
8 21
34 129
153 190
26 96
76 153
27 133
43 102
181 204
161 188
157 197
43 108
177 185
62 178
50 96
100 199
27 182
69 119
40 72
84 185
76 206
42 46
20 195
48 189
50 78
29 147
65 195
17 134
25 77
113 181
68 114
35 175
156 190
139 169
51 182
77 84
51 71
64 165
71 148
18 73
84 165
138 157
95 189
102 206
87 145
39 143
29 128
27 103
9 205
7 203
155 184
128 195
67 129
36 93
11 87
76 203
84 112
118 143
74 124
0 96
47 140
84 200
14 123
35 165
32 189
113 201
28 175
85 105
138 159
67 96
82 175
118 171
126 157
46 188
125 149
119 196
55 157
158 167
33 171
96 104
1 157
26 162
50 147
128 160
160 174
42 77
101 196
90 205
8 100
59 170
113 191
195 199
68 144
44 142
35 114
133 168
16 191
80 159
133 206
100 173
71 159
29 199
52 90
150 183
15 17
12 129
34 170
122 129
77 185
24 30
10 191
77 197
17 202
191 203
116 165
47 122
88 166
23 117
103 126
30 201
7 15
107 121
46 127
50 121
114 139
46 140
20 119
112 184
24 77
195 196
127 144
20 136
11 145
48 99
9 49
8 13
127 196
162 201
55 200
26 62
142 204
129 134
48 133
57 182
25 206
0 8
130 141
38 191
37 40
78 155
88 202
58 177
25 196
9 100
36 74
14 206
106 174
19 80
117 172
134 165
61 128
41 97
43 100
49 105
175 182
39 186
87 177
59 193
1 59
14 172
131 181
52 194
92 168
155 160
151 198
163 165
93 149
105 116
54 71
119 151
51 186
100 196
103 187
71 131
14 28
19 148
76 169
28 181
127 200
23 203
5 132
73 131
137 189
90 121
128 143
71 168
59 131
4 113
91 113
86 120
7 122
62 206
88 179
105 119
12 182
83 116
79 191
82 88
87 197
30 149
96 138
62 160
15 127
7 173
162 169
34 138
6 115
164 166
47 93
34 146
145 165
141 190
85 91
78 139
63 68
140 168
48 177
43 101
63 176
32 108
92 115
23 45
35 95
65 166
30 79
20 177
145 148
108 127
40 94
38 99
16 50
63 102
11 124
73 159
60 205
10 77
34 73
126 155
37 132
158 191
83 133
36 192
29 42
40 79
71 145
29 81
4 7
117 141
120 130
131 203
10 45
93 134
76 189
13 194
22 120
69 151
45 160
72 73
26 132
63 134
31 36
15 156
30 169
170 185
14 150
187 190
11 24
23 128
78 100
89 180
81 174
33 186
117 144
3 163
19 28
8 154
173 206
164 174
41 121
46 111
128 169
66 155
16 160
57 120
26 55
69 123
28 137
0 91
66 81
15 67
60 162
10 49
6 21
143 150
139 177
111 144
12 206
49 118
160 177
70 199
141 142
114 159
81 104
42 100
75 92
82 89
93 170
62 104
108 160
17 151
45 168
57 62
64 76
69 132
32 43
132 176
40 187
79 145
32 70
32 130
25 80
37 159
69 124
62 177
60 96
6 139
13 165
109 110
15 19
16 182
109 114
52 202
30 104
10 193
55 66
132 199
65 87
25 144
114 190
86 115
49 113
118 185
115 188
23 188
16 192
11 27
110 161
122 140
50 61
125 172
3 153
42 169
25 102
36 171
42 56
142 161
14 67
79 135
11 81
7 119
29 45
115 186
17 157
176 192
71 77
43 81
179 204
87 165
34 100
14 194
66 170
1 9
56 203
22 157
17 141
104 206
81 129
64 75
1 83
50 63
11 83
21 196
19 63
21 112
3 76
123 129
123 176
0 174
59 127
22 69
71 116
72 192
47 181
81 167
118 128
75 175
18 20
41 87
84 134
108 129
73 180
52 189
126 164
58 201
15 165
83 138
168 196
48 83
5 202
65 101
66 79
9 142
100 107
57 102
3 15
83 134
60 138
7 164
77 176
17 84
163 170
1 195
36 174
71 164
127 133
0 76
81 204
96 99
45 163
134 141
63 123
36 172
16 181
54 101
60 188
38 62
14 145
37 194
63 163
45 74
98 145
8 74
15 120
107 133
176 197
11 21
8 91
106 144
84 101
58 159
183 184
78 147
85 200
50 58
20 118
43 167
25 205
4 41
46 130
169 185
54 183
96 126
39 75
53 101
46 122
57 111
53 206
27 97
44 191
45 118
187 203
139 178
9 68
32 190
137 173
148 190
134 206
66 118
99 191
11 149
17 19
55 152
86 160
30 58
67 125
120 171
54 82
98 123
54 140
107 199
14 151
49 100
67 83
36 52
125 140
19 136
137 178
56 84
40 42
4 45
89 92
38 112
76 103
13 29
121 150
189 199
54 167
0 178
59 109
137 194
20 98
56 162
80 121
20 200
62 123
25 112
18 176
26 198
45 115
67 172
163 168
97 170
35 96
152 161
28 53
91 175
32 167
110 116
3 144
71 96
66 192
70 187
73 125
26 177
53 165
99 187
5 143
180 184
155 204
136 160
6 150
56 74
13 69
86 201
48 136
49 106
131 197
41 174
66 132
151 171
3 180
42 47
70 114
177 182
75 177
122 160
29 201
13 114
40 100
50 102
7 157
52 73
11 100
16 164
2 87
6 79
35 103
88 128
67 202
95 159
79 95
27 80
69 171
12 68
123 175
32 203
98 204
101 106
30 91
3 20
40 44
54 152
167 199
78 81
115 180
136 197
34 184
41 171
54 107
42 153
60 104
97 196
6 177
182 194
104 141
50 90
27 82
61 201
22 34
3 31
3 143
120 139
88 99
103 206
94 190
71 134
11 88
113 163
48 178
86 94
92 163
79 141
66 97
87 113
34 121
133 149
15 191
64 158
42 196
98 154
143 172
121 124
77 88
67 86
20 52
16 125
30 114
10 111
35 182
8 105
107 124
39 198
11 51
14 99
26 29
0 170
41 86
2 175
42 135
167 203
143 193
52 107
101 169
4 40
0 133
100 164
84 190
55 130
111 140
83 92
54 195
79 196
110 114
132 159
17 86
53 118
49 58
8 165
72 110
10 194
143 169
105 169
31 187
158 162
7 175
35 139
94 152
137 150
23 33
14 16
34 72
51 191
35 201
41 48
51 132
8 170
170 173
106 159
87 115
166 179
34 71
88 181
19 40
133 197
4 126
11 107
134 185
21 148
141 195
111 120
16 48
164 197
38 63
98 156
49 190
37 179
20 126
46 193
24 54
14 124
7 174
104 178
153 159
51 125
87 187
15 152
87 149
81 92
51 62
187 191
76 180
30 70
64 198
43 93
89 164
107 181
180 194
53 193
195 201
81 200
98 157
16 47
5 152
23 80
113 134
34 180
136 163
29 169
92 201
106 161
21 205
85 145
130 144
37 170
108 166
32 171
69 203
16 156
129 149
117 182
30 184
19 175
40 190
162 205
44 66
41 154
50 76
88 94
106 166
108 187
41 147
16 190
25 64
152 191
55 201
124 157
25 43
152 198
80 162
58 86
138 185
41 64
9 79
38 79
1 165
53 132
51 195
155 173
32 149
10 159
103 177
62 75
34 168
54 120
116 148
113 148
56 66
136 196
0 15
75 88
28 63
158 185
110 194
99 153
122 149
101 183
179 201
114 123
23 169
16 117
145 167
75 129
147 148
127 195
76 194
96 122
121 193
50 184
60 164
43 107
17 73
152 162
122 139
44 199
198 206
10 164
171 179
26 171
90 179
126 140
29 117
97 146
24 172
0 56
3 70
108 155
28 172
5 63
35 198
17 52
11 121
105 172
65 140
126 172
91 123
42 126
24 118
8 46
160 164
53 138
106 181
49 181
4 142
5 24
128 129
18 83
148 163
110 159
27 53
28 123
17 33
88 201
4 81
29 115
152 185
12 49
153 161
28 140
22 172
37 38
59 77
67 159
130 186
20 123
25 31
25 88
45 89
180 205
105 150
58 65
50 57
21 189
77 89
70 172
73 190
16 54
115 161
144 163
95 195
51 60
74 151
50 122
28 112
85 199
155 158
68 197
201 205
138 181
35 180
98 163
87 195
47 97
9 118
50 65
40 149
8 37
8 29
28 192
35 164
143 160
129 190
13 37
102 131
123 124
111 182
5 114
152 200
105 126
18 93
33 37
41 57
68 76
19 34
125 138
50 109
8 122
74 96
12 184
91 180
29 70
24 109
26 152
108 148
93 195
8 30
15 16
105 125
109 153
169 188
166 195
61 177
128 153
13 115
59 112
53 63
159 179
13 148
109 119
5 46
4 32
182 197
32 198
180 186
32 110
10 172
4 177
137 186
23 133
62 120
33 184
73 140
68 171
105 188
1 96
35 41
74 170
68 190
12 29
88 160
85 133
48 145
156 187
133 192
23 205
72 161
119 135
76 192
5 97
43 142
83 144
13 98
33 48
30 85
47 117
73 175
81 157
89 90
130 196
26 104
18 131
150 194
51 205
134 188
32 62
16 136
31 42
6 198
111 156
43 206
88 140
65 89
121 155
53 90
145 182
161 165
11 156
17 194
147 165
90 109
73 136
190 194
67 118
22 85
14 15
42 150
17 144
3 24
89 122
27 111
13 195
15 206
33 137
52 174
122 167
138 205
51 136
114 126
125 183
83 164
3 103
78 160
0 130
1 26
150 204
165 195
34 201
94 154
120 138
104 177
111 124
85 135
7 148
54 57
108 181
84 174
5 164
10 51
143 198
44 79
10 19
0 206
73 177
62 172
164 198
20 197
121 143
37 161
156 188
23 68
119 148
40 182
173 182
90 198
1 46
38 206
34 79
8 168
0 151
43 182
52 158
68 195
56 192
50 115
58 188
4 9
85 115
72 74
52 165
69 138
0 55
183 203
54 205
17 102
111 113
55 162
142 144
188 199
18 46
5 79
55 199
87 173
97 157
70 106
138 150
78 148
27 41
53 109
100 169
85 159
114 151
163 173
120 158
12 105
46 152
157 190
159 206
144 199
30 160
37 76
19 197
110 151
14 204
118 182
133 187
75 155
183 191
20 199
79 102
23 46
23 70
89 159
106 205
62 138
13 57
140 190
160 192
105 151
27 196
76 145
164 193
56 187
52 111
43 77
98 116
9 38
44 203
28 67
99 189
37 99
95 157
3 175
22 36
144 155
22 116
49 169
156 191
122 182
102 105
2 54
23 69
108 133
9 77
36 157
57 206
126 163
28 204
140 159
21 197
147 157
31 77
57 110
37 55
6 53
93 191
26 181
71 73
88 148
118 161
95 136
99 128
94 156
18 126
42 179
42 78
76 191
76 162
68 132
121 149
16 151
116 139
