218
10
18922
60
71 2
66 2
71 2
73 4
74 2
70 3
69 3
73 1
71 4
68 2
66 1
70 1
72 4
66 1
65 2
73 1
73 3
74 4
65 5
63 3
68 2
74 1
67 3
70 5
72 2
69 1
73 5
73 1
64 3
64 4
64 4
71 1
72 1
66 2
65 1
66 2
71 5
69 1
70 2
71 4
65 4
71 2
69 4
69 2
72 5
63 2
69 2
67 5
72 4
74 4
73 3
71 5
68 2
64 2
68 4
70 2
68 2
63 5
72 3
72 1
73 4
69 2
74 3
66 1
69 2
71 3
74 4
70 2
69 5
67 3
63 2
73 4
63 1
65 1
64 3
74 4
69 3
63 2
71 1
68 3
71 5
65 3
66 4
67 2
72 1
72 5
71 4
72 1
67 1
65 3
70 4
66 2
72 5
71 3
66 3
72 2
73 2
73 4
70 5
69 4
70 2
69 4
64 1
69 4
64 4
63 3
68 5
72 5
73 1
73 2
68 5
70 3
67 3
71 4
70 3
69 3
67 5
65 1
65 4
72 4
70 2
63 1
69 2
73 3
66 4
64 3
65 2
64 3
67 2
63 4
64 4
68 1
67 5
66 5
63 3
74 3
66 5
69 2
66 3
63 5
70 4
73 1
64 4
70 5
63 5
73 4
72 4
67 2
68 4
66 2
72 3
68 4
64 3
69 1
63 1
67 2
71 1
64 2
71 3
70 3
74 1
67 2
70 2
69 2
68 1
66 5
67 1
72 4
68 3
74 2
65 3
67 2
63 3
67 4
72 2
68 5
63 4
70 1
63 2
64 2
67 5
63 4
68 2
64 2
73 2
69 3
68 4
70 3
68 4
68 5
73 3
64 2
63 5
66 4
66 4
74 4
69 1
66 4
68 2
73 2
67 1
63 4
63 3
64 2
66 4
70 1
65 5
64 1
68 5
67 1
66 3
70 2
63 3
74 1
70 1
71 2
67 3
71 2
10 26
0 73
50 74
122 130
2 74
42 212
193 207
0 69
29 183
114 177
86 214
110 140
4 213
80 141
16 162
46 216
52 171
99 143
12 131
9 27
187 192
2 46
44 70
96 163
77 88
76 78
99 108
182 200
85 193
145 203
86 144
78 137
105 147
98 201
118 184
181 183
103 174
108 202
42 194
129 133
68 178
25 64
5 41
13 164
16 88
51 69
192 205
9 211
56 160
54 147
47 77
41 121
36 132
11 190
21 104
205 209
87 185
86 203
103 166
10 50
172 203
119 201
157 210
50 91
56 182
61 146
115 188
88 198
139 174
181 209
106 131
65 136
64 211
42 198
90 136
7 69
124 213
107 217
116 207
146 163
125 201
102 207
71 127
100 128
132 212
132 174
8 53
150 181
86 139
45 157
65 95
54 167
169 180
54 199
184 204
29 214
49 209
44 92
1 139
10 146
90 117
36 171
142 187
45 198
158 210
92 195
4 138
25 133
58 111
32 184
85 212
43 83
153 200
121 166
19 102
27 105
177 213
37 77
122 198
110 144
86 150
163 202
112 140
122 214
6 134
49 170
201 209
17 146
132 206
29 161
22 177
85 165
7 85
46 137
34 119
33 103
14 137
87 156
64 216
16 174
105 133
19 83
24 113
36 44
126 192
15 181
54 215
67 155
5 117
107 111
139 173
127 178
0 209
178 181
25 201
116 127
52 202
80 137
103 195
67 75
45 193
17 62
79 91
40 175
128 153
17 141
48 87
123 211
116 190
175 216
16 152
31 77
49 77
78 80
56 199
34 115
84 100
37 121
144 180
26 162
4 195
6 14
88 117
68 147
74 103
93 157
58 148
90 148
8 44
179 216
12 45
49 192
3 45
33 137
12 149
27 42
175 210
16 148
8 215
17 190
79 161
168 213
98 126
8 157
11 204
93 144
11 70
16 132
119 172
110 173
30 148
108 125
13 206
99 148
165 199
148 193
111 121
169 198
81 158
145 200
33 114
38 217
95 166
2 27
83 203
8 164
99 137
76 210
77 203
74 110
67 170
27 81
61 182
13 183
34 212
106 214
13 82
22 151
38 68
74 167
155 171
65 87
69 171
84 133
94 180
146 180
122 212
128 195
10 162
130 140
39 196
153 201
60 106
110 181
34 37
94 144
127 194
65 152
110 192
87 153
133 142
168 192
127 212
74 94
69 139
26 96
126 138
55 174
30 46
6 95
59 167
28 134
101 163
37 159
132 134
101 129
114 144
107 118
76 195
66 135
66 186
46 198
39 97
158 166
120 127
65 140
103 191
21 170
4 34
34 171
57 62
110 149
163 206
130 202
62 111
117 118
78 86
146 191
184 196
117 200
83 162
10 90
36 204
127 199
30 95
28 72
115 164
50 93
47 203
0 65
32 94
121 134
34 147
148 178
199 213
46 176
135 204
69 189
11 150
1 161
131 194
72 161
68 78
52 206
100 196
7 99
25 145
39 50
122 153
15 91
52 60
36 57
97 146
196 197
170 192
4 160
104 183
16 182
17 75
52 119
71 141
117 154
50 51
64 78
73 155
141 212
149 181
158 202
6 154
27 170
88 209
115 169
92 194
62 170
148 209
65 90
18 186
25 112
79 111
11 203
67 86
100 162
78 179
152 183
31 212
106 176
71 126
30 116
77 152
21 186
85 101
131 185
51 175
17 157
92 196
91 205
195 208
111 124
147 214
95 118
78 166
81 192
90 119
15 45
16 96
48 203
6 178
5 79
57 68
66 97
95 167
76 216
71 190
22 31
45 129
95 126
136 189
142 165
126 158
84 202
102 120
36 101
152 166
69 106
183 205
74 101
7 35
54 135
21 80
96 111
89 173
126 135
20 27
49 121
164 200
47 126
44 211
76 200
24 114
34 133
43 121
146 181
23 183
143 174
34 65
84 140
143 182
33 72
100 178
23 136
73 128
158 199
43 191
31 134
122 183
38 180
39 172
38 202
122 131
31 79
8 193
46 95
101 203
6 72
9 106
72 124
63 65
72 106
8 47
117 144
112 148
66 132
30 131
160 168
166 171
161 211
24 185
79 168
59 157
171 206
58 72
109 205
1 110
49 133
19 26
11 198
108 182
42 191
93 140
193 217
5 53
197 202
47 89
60 112
2 194
79 194
39 181
19 52
99 123
2 66
115 162
31 157
156 203
148 160
170 196
29 215
12 18
13 90
64 105
171 176
30 147
107 210
46 217
73 193
167 196
13 36
50 54
112 181
38 179
119 139
104 169
133 185
50 147
67 172
32 73
60 96
85 149
135 195
177 179
137 159
96 106
63 160
119 144
77 102
91 104
6 42
56 205
11 51
2 79
96 195
4 179
44 132
1 143
7 61
15 20
12 56
114 193
0 191
2 123
107 168
180 191
1 155
79 129
46 197
59 121
158 188
111 123
14 202
37 94
112 150
68 211
47 53
47 154
22 183
117 133
89 164
5 58
30 161
66 185
60 153
84 131
12 157
129 165
182 216
106 156
62 198
14 143
96 152
22 35
13 64
123 201
92 163
72 187
52 165
45 117
51 78
113 154
47 94
78 88
7 164
49 204
46 169
62 83
34 90
9 124
16 198
124 173
38 46
74 208
0 89
143 199
22 75
15 78
121 147
114 157
39 91
24 134
131 192
10 152
71 107
49 65
5 104
101 188
78 192
2 172
66 70
105 193
57 214
20 200
13 150
147 162
117 161
171 197
39 54
2 117
83 151
37 162
18 95
63 143
64 206
144 211
129 209
184 192
77 157
18 33
97 128
27 157
44 87
156 213
9 174
8 190
0 207
25 30
1 68
156 175
63 141
192 214
116 189
163 186
87 187
109 129
162 194
37 167
110 199
72 198
14 169
31 83
86 96
51 111
124 147
6 66
149 176
57 194
164 215
93 193
155 190
16 91
78 162
174 217
135 188
5 99
26 202
69 156
202 217
96 172
89 215
76 172
28 45
65 110
61 108
27 60
138 184
5 59
69 158
25 210
84 158
22 126
173 187
84 195
54 95
5 145
198 200
174 199
107 183
46 85
123 130
149 159
25 71
18 179
26 76
94 188
23 138
143 175
94 101
168 176
109 207
12 24
68 150
100 200
24 106
123 174
90 125
30 185
209 210
163 171
26 165
1 108
121 176
85 91
39 95
45 135
0 36
90 177
13 158
144 195
145 208
29 101
166 205
30 103
199 201
71 113
87 88
45 201
182 205
160 214
96 159
211 214
10 107
83 110
12 92
139 150
86 165
35 170
60 65
75 117
82 113
102 123
31 172
184 211
134 169
71 161
30 49
95 208
113 196
89 166
9 182
32 213
51 95
122 189
52 69
72 141
136 165
49 84
25 194
39 141
114 151
121 200
43 133
76 201
42 91
17 79
74 106
44 133
21 73
49 187
30 42
10 203
21 85
81 186
105 140
52 59
89 109
55 168
130 216
109 156
118 154
123 210
16 155
107 138
3 39
53 104
13 21
38 117
181 203
70 162
137 211
170 171
1 18
149 217
18 81
161 183
51 145
65 119
82 186
37 59
101 154
5 144
77 79
27 102
158 182
23 92
121 131
27 163
86 178
11 13
6 88
140 141
112 162
85 201
39 207
3 70
33 67
135 152
127 159
41 49
85 187
154 211
9 185
1 126
90 163
37 51
164 180
66 129
94 132
54 208
22 60
65 194
7 166
19 81
31 154
24 216
127 197
21 61
131 137
6 106
165 213
100 138
60 194
40 123
56 97
21 153
40 155
6 140
12 194
167 214
180 205
116 143
157 169
99 102
16 83
35 191
1 79
15 200
36 189
167 211
89 94
132 173
179 184
102 162
41 151
48 101
46 53
12 87
182 197
95 156
12 71
197 210
4 122
90 197
52 128
1 183
39 164
20 81
17 113
44 185
132 152
35 105
153 169
29 192
56 78
9 41
10 210
97 124
15 146
33 188
64 127
104 123
29 188
194 197
94 185
103 216
56 133
35 196
36 119
122 215
67 178
64 190
13 170
5 126
104 204
108 149
162 213
70 192
9 175
36 148
79 166
93 103
53 69
129 161
16 193
35 92
12 74
81 148
109 182
55 131
36 170
199 217
20 76
187 204
28 154
147 204
38 141
48 86
111 158
109 192
5 114
132 177
127 170
165 192
152 164
1 163
67 180
108 214
132 186
114 134
132 142
78 187
135 208
10 78
36 96
147 197
134 179
2 35
143 163
106 202
24 62
47 198
97 157
96 137
36 53
44 148
153 177
136 146
20 203
133 136
133 188
140 186
99 139
12 158
2 53
9 114
190 213
55 185
76 86
38 48
39 160
38 106
130 211
157 213
58 178
25 108
130 204
134 144
180 199
1 141
29 124
74 206
37 122
21 129
118 204
7 125
28 81
34 149
165 185
39 136
79 123
42 200
75 192
54 155
36 104
119 156
134 142
56 66
37 189
111 169
155 173
104 173
48 161
25 47
40 90
85 181
33 214
47 97
15 151
26 182
70 120
149 199
129 159
83 148
179 214
102 124
16 84
43 189
8 115
63 175
52 117
97 172
125 196
17 186
64 161
30 56
14 81
33 43
20 23
179 205
110 165
196 205
34 35
12 150
155 187
95 199
20 169
28 148
77 89
65 77
148 207
0 123
57 190
8 76
71 144
125 155
109 164
133 169
153 210
145 150
172 210
127 172
166 201
61 177
106 186
14 85
20 22
17 152
40 165
99 153
40 157
51 90
63 138
157 181
160 181
63 170
27 62
64 207
3 185
143 149
20 164
35 126
150 161
87 208
1 66
20 54
106 188
13 132
61 143
6 165
9 172
135 193
117 127
74 121
75 128
168 180
103 202
83 121
31 164
79 200
173 183
70 216
25 130
37 138
167 170
30 80
54 87
1 22
140 173
23 184
169 211
83 150
119 159
92 145
74 214
92 191
123 180
191 213
115 133
16 89
113 188
106 143
6 39
78 193
140 152
74 200
106 149
42 125
1 56
49 162
51 162
151 191
160 176
78 112
9 122
83 155
126 169
165 182
68 75
97 153
149 204
23 94
122 202
7 162
41 73
130 136
149 185
161 166
3 188
31 82
112 123
105 179
46 164
168 175
50 71
117 145
7 120
41 143
121 129
105 206
11 21
8 60
82 85
77 162
7 56
49 93
51 85
5 136
16 52
155 204
51 146
146 216
72 143
44 144
6 160
26 133
23 24
126 210
10 83
63 192
92 148
95 180
43 168
183 185
64 164
79 88
59 195
94 212
56 167
28 90
31 211
49 125
10 74
109 214
125 211
105 154
12 93
46 92
182 194
192 211
149 179
59 95
99 195
61 211
48 61
164 177
104 107
21 22
53 171
26 194
158 160
48 85
1 82
79 118
97 201
138 196
137 189
46 193
116 201
56 72
25 101
105 211
21 102
126 201
28 164
152 208
136 173
138 142
207 209
56 115
135 148
24 158
47 217
10 53
113 207
112 197
78 182
61 148
70 144
9 59
78 102
72 163
59 118
26 97
15 117
55 209
76 100
120 189
129 164
10 144
192 213
41 140
54 113
53 136
25 88
17 217
109 143
100 191
62 215
107 199
120 177
10 199
130 179
74 112
32 115
89 161
48 102
90 212
28 194
29 130
72 144
47 156
33 157
98 155
61 124
83 119
124 183
142 198
215 217
55 193
0 170
1 11
52 93
41 174
21 164
13 38
152 173
23 129
83 189
49 156
149 208
183 200
203 204
15 28
92 111
47 93
109 126
119 215
33 207
124 191
158 207
120 196
18 65
181 186
42 139
119 212
71 103
119 161
56 116
71 89
41 199
39 119
1 109
75 166
157 180
6 202
47 103
67 217
31 114
14 110
125 171
29 159
80 158
152 169
97 136
30 214
90 123
36 45
96 180
52 166
8 52
126 213
34 187
110 195
54 141
105 213
77 121
0 134
121 177
105 202
79 86
45 110
58 208
113 150
83 194
181 195
111 148
114 125
152 192
54 101
21 174
28 125
203 216
72 110
75 162
57 164
34 99
32 35
17 30
53 134
71 206
155 182
39 101
141 190
126 179
16 102
65 155
21 122
32 181
83 96
11 93
9 14
78 168
110 202
46 66
136 183
62 126
39 102
69 143
111 172
3 19
97 189
52 81
16 164
178 212
147 156
26 66
62 153
42 53
28 202
101 106
133 153
5 139
144 196
156 199
55 101
75 177
47 88
150 183
49 110
85 202
93 202
22 128
90 162
112 157
42 49
98 137
24 178
177 198
66 169
58 59
77 206
4 132
29 155
81 87
38 127
83 85
33 148
33 59
71 118
49 95
155 203
74 207
0 12
30 79
88 179
100 168
157 203
35 184
64 187
49 138
25 205
45 186
6 45
111 159
29 110
41 118
81 119
145 177
7 192
16 65
51 121
23 101
31 199
6 211
33 158
46 148
87 210
36 118
31 119
9 164
19 164
106 166
6 121
62 179
45 46
103 149
10 11
22 159
24 41
206 211
7 52
48 84
18 147
63 142
54 82
3 215
125 126
55 109
79 206
154 214
165 203
149 154
36 213
143 207
33 215
41 139
125 142
28 35
29 35
53 114
34 127
60 84
112 183
155 196
24 84
167 200
41 44
159 207
41 80
165 183
37 79
173 186
113 137
19 23
96 156
114 200
27 116
164 169
40 134
95 172
44 46
0 146
18 31
169 187
92 170
152 175
1 152
18 87
85 89
9 200
184 198
129 202
90 112
113 146
88 216
36 41
76 123
28 105
78 131
30 41
22 92
102 204
38 153
24 50
38 184
17 154
136 197
67 94
64 172
122 144
26 160
27 167
137 171
5 7
126 186
90 150
3 170
34 128
22 57
66 73
129 195
74 199
86 205
20 137
32 198
117 192
3 85
43 148
140 181
36 144
22 59
165 212
105 148
187 210
94 156
165 190
12 181
138 210
11 161
68 167
24 123
3 58
209 215
120 209
60 175
69 71
57 60
53 115
9 148
17 151
121 155
160 210
89 209
58 115
87 89
13 188
78 97
17 194
20 173
73 133
162 211
28 77
168 185
96 197
118 136
87 126
52 217
45 181
172 173
118 171
134 152
49 197
124 167
0 128
140 178
8 31
14 95
13 142
161 213
178 185
139 178
65 199
194 202
68 180
75 129
126 144
85 157
100 106
107 163
71 200
142 186
42 165
36 162
68 106
67 157
85 148
29 143
66 116
4 57
185 197
74 159
133 211
11 58
115 165
59 141
68 151
115 214
149 187
109 141
49 88
143 185
70 215
46 91
31 75
3 137
83 158
59 151
68 140
88 141
91 159
134 162
41 120
99 107
41 105
91 166
25 91
80 181
154 165
108 185
11 201
154 184
138 189
24 78
11 188
71 139
55 210
119 189
21 120
15 102
95 144
170 190
54 197
43 154
142 214
113 187
134 136
142 171
9 161
18 54
125 191
89 145
136 147
122 127
16 130
130 183
11 137
102 197
33 116
74 157
71 80
181 202
23 96
19 160
152 178
10 64
45 119
11 125
11 44
17 197
106 212
92 197
34 207
67 88
110 146
97 158
47 184
3 125
140 202
21 211
98 161
100 134
65 132
136 145
14 174
126 180
46 60
149 157
25 105
77 111
16 215
23 195
119 160
7 127
28 53
41 43
76 164
57 209
20 206
32 53
27 162
40 158
23 200
83 115
109 190
77 146
83 172
15 168
17 216
162 172
150 214
98 162
147 153
78 211
22 54
103 107
45 128
140 163
137 205
106 113
192 215
74 192
202 204
121 132
30 159
124 189
87 150
108 156
39 57
1 50
75 216
117 202
148 157
35 107
62 166
83 216
4 136
82 187
34 145
82 133
88 118
79 210
63 133
73 89
93 127
30 122
27 148
166 168
107 140
123 129
27 121
146 202
40 182
52 92
105 204
21 176
71 79
49 106
1 26
5 27
192 194
17 18
24 143
52 115
56 142
40 152
45 170
104 160
173 189
111 122
141 146
167 194
73 153
48 139
205 206
24 203
90 146
92 174
34 68
34 39
78 113
19 210
167 199
34 192
68 162
156 159
29 86
150 199
98 115
61 169
148 202
56 112
168 199
55 191
138 169
54 182
131 146
8 162
123 128
18 24
33 97
35 59
79 81
40 107
145 192
13 125
78 104
74 135
33 45
205 213
36 63
75 123
138 207
58 67
151 217
203 206
126 199
0 53
69 101
32 209
32 123
156 179
99 112
99 217
90 186
125 189
1 95
10 71
70 203
76 103
88 192
95 153
29 152
2 118
30 196
65 168
31 70
35 175
195 211
56 120
44 153
113 213
31 116
68 116
156 181
115 191
97 149
27 64
19 89
66 168
9 130
15 144
132 150
41 122
34 216
105 156
57 86
2 14
196 203
169 178
21 93
171 180
35 136
156 169
92 155
1 142
66 138
14 98
36 201
117 135
63 68
68 132
28 191
97 209
60 105
8 173
27 86
98 183
30 207
89 136
36 211
51 63
18 155
73 140
37 150
65 213
169 190
191 202
9 186
8 119
95 113
97 164
24 48
177 182
110 204
88 138
206 217
128 179
53 176
129 207
8 50
36 179
52 204
23 214
55 172
117 151
67 174
19 24
76 209
18 52
4 96
57 155
94 146
140 146
39 145
109 148
51 56
174 187
25 159
23 27
80 167
0 148
127 181
108 201
104 181
26 157
13 153
17 177
93 110
41 149
10 12
85 102
133 149
102 214
72 86
59 207
135 153
32 44
76 138
27 59
27 194
101 147
39 142
49 199
40 208
66 211
157 193
75 112
29 97
14 32
140 208
40 212
36 97
160 164
66 146
74 193
68 196
154 206
53 96
34 176
122 172
16 175
63 89
106 130
101 190
115 142
104 116
149 209
53 70
80 211
136 193
19 133
29 33
13 65
95 197
102 184
10 214
6 113
173 177
33 192
170 201
85 178
55 81
158 206
113 141
61 163
47 102
132 182
95 96
25 120
29 36
19 159
71 164
25 197
92 179
119 149
112 117
86 92
12 215
182 198
8 85
137 152
36 156
16 98
5 85
45 213
46 115
38 65
20 47
21 40
12 38
12 70
5 155
1 138
31 44
108 197
26 61
159 197
101 201
28 188
29 204
17 98
87 176
157 188
70 106
163 182
5 216
68 170
106 152
80 179
99 189
41 52
34 100
21 140
100 184
84 187
174 205
7 33
61 104
8 38
135 173
124 149
45 94
30 94
182 191
19 186
52 167
2 160
78 165
43 91
22 90
85 150
42 89
29 174
3 171
184 195
36 123
120 205
27 151
142 179
124 174
83 112
60 172
98 202
0 181
61 109
57 61
40 75
9 183
55 195
165 187
119 196
145 206
111 199
147 217
81 115
139 215
39 52
145 148
58 85
21 158
37 56
34 202
51 82
105 192
122 178
33 99
95 158
1 144
138 179
108 213
131 164
122 128
77 97
138 199
34 154
2 73
141 211
45 177
7 200
67 202
122 188
135 158
184 216
32 59
93 183
8 104
3 21
54 69
2 17
46 101
56 134
110 170
109 116
70 209
28 76
23 80
85 103
51 199
42 209
170 208
21 83
38 90
40 88
19 47
178 195
14 200
51 120
31 93
105 139
63 151
93 124
36 78
22 135
19 182
37 215
20 41
75 214
73 92
104 143
147 163
7 73
87 141
90 115
66 80
100 129
117 131
110 171
27 110
26 107
29 69
5 97
66 160
17 203
52 122
75 171
106 155
67 117
11 90
23 32
128 143
73 205
32 207
5 165
89 211
104 144
194 214
52 75
42 75
2 111
82 197
78 125
20 217
128 209
167 203
33 41
55 150
47 137
46 114
85 136
161 192
43 206
35 143
120 178
9 107
54 85
6 145
100 157
151 199
89 163
122 192
106 168
123 199
27 187
50 167
135 155
25 59
28 109
96 205
101 160
64 135
38 194
44 206
18 27
117 196
82 159
68 153
39 202
125 157
159 175
9 89
64 169
55 161
108 139
46 81
13 37
120 170
107 153
133 182
2 69
137 182
35 183
30 57
47 197
45 216
11 104
52 215
9 171
105 151
159 188
198 209
26 103
188 213
156 174
89 189
41 125
23 161
62 65
14 160
99 169
18 190
90 194
101 180
125 138
79 110
136 208
60 125
83 108
103 194
21 42
38 216
42 79
27 126
98 179
123 126
62 190
41 114
127 175
64 173
22 166
54 186
131 179
25 65
48 92
142 188
0 193
3 66
86 102
110 116
126 153
84 111
56 94
107 188
67 161
65 201
151 201
136 207
147 208
57 104
89 133
149 171
41 101
168 184
144 181
96 216
51 54
106 144
76 108
142 185
198 207
10 125
20 116
180 190
15 156
121 152
133 205
71 101
88 92
73 119
69 132
75 135
88 140
55 157
115 137
17 115
82 94
124 216
150 212
19 20
31 186
6 156
7 205
20 153
129 141
88 187
39 214
87 211
84 135
98 165
24 115
20 107
0 137
23 121
79 141
61 120
160 216
21 112
147 200
172 217
28 97
76 135
160 169
82 191
55 75
117 193
202 205
170 203
50 177
22 101
151 192
112 118
80 189
24 174
69 216
121 202
4 109
10 213
53 125
146 154
174 191
173 174
36 64
22 82
171 172
122 217
66 152
78 107
23 59
77 87
100 175
14 84
121 193
182 214
59 98
36 205
144 176
107 144
142 154
84 179
21 49
71 204
28 182
112 138
48 65
34 49
26 105
62 86
39 194
74 158
41 156
114 175
54 102
49 51
85 174
193 209
79 182
40 114
94 201
1 173
0 200
21 79
28 158
69 198
122 173
77 123
25 89
51 88
88 197
92 133
18 99
79 80
4 147
144 158
9 187
105 185
100 186
92 114
151 181
6 35
26 172
113 130
37 171
24 173
140 157
47 173
15 180
79 197
46 97
118 183
94 206
104 212
67 197
182 196
92 101
14 83
161 181
162 189
115 212
182 208
131 139
22 40
37 175
39 197
9 102
69 200
140 145
160 196
144 203
42 76
57 100
66 142
54 71
52 144
19 141
149 152
139 172
40 65
97 196
29 88
125 194
146 169
103 190
17 153
93 149
61 145
3 37
36 158
11 65
2 93
4 205
23 152
14 23
140 187
43 152
2 55
22 100
161 186
80 164
94 151
52 76
75 153
124 169
189 216
48 207
138 143
9 32
90 173
2 40
27 108
171 181
97 109
80 125
20 184
36 210
87 155
13 138
40 55
107 172
142 212
56 178
94 210
125 176
8 15
163 203
162 193
169 177
92 144
98 196
59 120
59 110
91 216
22 34
142 191
105 134
190 204
46 132
41 152
0 22
166 170
30 105
93 130
69 118
19 112
32 51
39 166
9 100
134 213
120 122
191 201
45 207
9 131
11 18
124 165
12 101
61 67
68 209
65 148
70 89
77 155
32 68
102 138
54 154
141 170
106 185
0 38
10 43
75 178
61 83
71 125
163 176
209 213
99 129
28 75
106 110
53 74
40 94
29 197
147 157
12 117
33 65
17 185
104 156
180 195
64 156
17 35
115 131
14 204
46 194
119 152
120 175
121 137
139 211
114 126
189 211
142 217
152 206
2 83
7 188
55 201
66 202
7 82
85 115
58 129
68 149
61 132
39 206
182 192
97 139
60 173
65 186
52 214
73 199
56 121
74 209
113 121
183 213
50 81
8 147
94 126
6 59
43 103
109 130
16 108
57 144
22 167
38 189
159 187
40 156
87 198
132 204
36 68
8 29
42 123
117 130
136 184
0 49
48 66
16 203
71 167
112 169
87 172
20 21
133 160
89 167
54 126
125 173
95 119
155 176
114 191
8 151
54 97
161 164
79 209
22 36
48 186
194 212
75 148
2 8
70 207
101 125
50 116
89 122
68 114
57 114
87 107
48 141
109 146
100 208
60 162
11 89
10 14
160 188
164 185
115 158
51 62
86 182
39 189
75 84
57 58
27 44
79 96
85 159
23 85
147 187
47 96
33 142
40 139
18 169
35 159
144 204
9 109
74 97
194 203
18 44
50 130
21 107
5 23
103 120
36 86
100 185
149 194
112 133
4 110
44 130
1 77
50 170
86 136
66 76
51 210
29 56
71 170
73 131
67 137
49 182
87 167
81 108
82 161
75 78
9 196
14 209
15 84
61 130
17 140
100 122
148 180
94 202
81 82
67 156
36 87
111 175
53 97
75 208
25 128
192 210
11 78
5 38
28 89
6 49
20 40
91 174
160 195
117 211
77 204
113 134
132 153
111 144
66 171
37 180
134 175
28 163
22 62
41 58
33 151
133 181
26 78
16 69
102 144
62 106
110 217
109 212
96 165
34 36
35 117
11 71
85 98
27 43
11 211
28 47
73 213
62 132
29 137
24 93
104 120
106 157
181 193
101 136
130 151
15 29
54 73
61 186
77 217
116 168
66 217
170 194
111 210
61 63
69 91
12 65
58 187
23 77
34 152
42 157
18 161
53 76
32 93
47 65
146 194
27 153
88 89
83 97
2 85
31 171
45 132
7 138
85 192
52 176
156 207
8 209
208 210
154 200
125 136
34 140
82 88
79 185
156 160
170 214
13 166
9 72
37 151
22 172
35 173
12 85
17 57
157 214
95 176
152 203
166 172
90 143
108 147
138 215
37 174
20 86
147 183
105 177
104 163
53 157
59 159
143 184
112 186
50 202
30 86
64 128
51 133
18 136
164 203
23 31
75 130
60 97
188 210
6 76
59 208
4 113
110 177
78 152
82 201
76 129
180 213
30 209
91 149
30 144
62 135
185 199
87 98
28 36
68 118
6 158
7 193
71 215
61 99
63 162
37 186
73 123
175 184
118 125
91 121
8 80
33 80
15 43
63 159
146 159
75 163
136 203
114 184
60 80
180 196
3 97
63 136
24 195
74 136
136 194
96 98
41 176
84 214
67 173
185 192
168 200
69 87
5 130
107 209
23 97
69 204
185 203
101 114
62 197
23 117
51 113
84 174
10 23
19 69
93 151
57 200
155 206
58 81
11 206
18 153
47 130
48 142
33 106
59 153
53 73
168 195
154 194
21 156
25 118
98 123
202 215
48 79
51 174
51 185
24 131
123 192
186 199
212 214
138 212
65 183
6 108
97 156
78 90
47 76
61 84
31 195
94 194
28 195
42 148
35 165
3 173
55 104
144 190
34 160
26 28
0 44
195 196
34 199
14 130
11 172
7 198
90 118
78 148
4 209
82 180
40 140
74 75
81 167
92 102
112 154
161 184
51 209
49 86
143 179
144 191
202 214
34 80
27 28
131 163
4 27
184 215
51 195
29 156
35 208
43 166
85 123
174 208
61 69
44 47
16 204
10 163
66 144
152 189
36 51
0 126
45 204
0 203
2 58
18 45
125 134
18 152
106 108
39 51
74 131
84 190
80 135
143 188
23 169
26 111
41 133
45 88
126 206
93 159
87 191
54 91
0 160
129 203
68 142
36 83
74 86
112 115
29 172
37 147
20 44
15 208
12 91
45 143
52 208
162 215
128 202
17 200
75 206
18 130
52 100
6 215
55 56
36 125
1 51
109 173
9 155
18 187
138 140
140 153
132 191
3 114
103 157
40 80
122 216
27 216
9 203
71 158
59 64
9 96
201 208
94 100
21 38
5 153
131 190
23 216
107 185
100 141
85 166
5 94
103 119
138 153
56 202
99 166
116 131
98 191
86 124
0 186
18 94
150 156
198 202
99 140
92 109
13 172
5 217
65 124
173 194
70 177
132 159
48 117
120 198
8 184
23 140
71 73
55 61
128 150
73 147
59 127
60 87
17 164
154 157
63 145
98 120
47 187
138 155
23 26
16 190
142 184
70 136
34 132
5 61
67 205
139 212
106 141
77 125
4 29
127 152
13 99
93 214
14 132
31 96
73 91
115 139
124 171
127 177
90 140
170 204
102 137
36 212
28 74
60 79
117 167
18 150
110 180
53 163
115 204
61 156
6 27
8 192
107 128
79 113
119 171
46 113
128 130
41 206
1 128
29 150
23 37
77 156
81 175
8 83
128 213
210 211
62 80
116 171
53 159
1 86
135 189
108 160
68 213
15 207
36 73
58 118
34 46
24 169
12 118
126 171
38 144
77 211
13 43
60 132
38 185
107 114
23 199
84 183
119 154
20 83
126 212
116 182
36 129
44 58
60 154
28 65
75 158
29 131
2 139
152 159
160 162
68 73
34 123
102 142
13 124
70 81
73 117
78 135
32 117
57 83
78 176
19 41
34 153
77 214
6 51
90 114
142 168
133 155
23 157
29 210
116 217
197 215
57 64
11 63
64 103
69 209
33 156
42 128
91 103
3 29
4 69
60 126
131 138
5 30
124 179
52 148
67 191
18 197
4 210
10 21
123 179
32 41
39 62
80 119
123 168
38 150
15 183
38 170
19 21
137 169
15 33
99 194
16 93
37 143
11 131
85 177
84 107
46 202
155 205
41 183
92 116
93 152
38 161
183 194
132 157
56 99
7 169
11 27
137 145
53 187
12 14
9 85
36 102
85 163
18 211
111 168
7 38
67 190
7 42
203 205
51 170
19 43
72 213
145 161
9 178
57 117
4 194
18 141
7 139
186 188
17 131
8 57
166 213
17 100
35 45
146 174
83 131
65 189
156 173
49 203
57 95
10 101
130 161
20 67
155 181
10 160
1 73
61 127
27 55
98 177
82 83
33 96
175 190
12 163
28 79
96 190
59 66
150 186
38 132
32 160
54 168
137 175
36 199
4 95
25 160
6 109
20 55
6 116
43 208
66 198
138 172
86 93
141 150
11 49
100 188
141 203
15 17
50 109
63 95
59 166
3 207
19 94
78 157
32 173
33 91
98 192
28 179
143 170
97 169
58 113
30 89
1 194
31 129
12 35
76 199
16 134
45 68
4 92
105 199
63 191
40 86
31 69
37 205
120 151
50 107
51 190
54 111
68 191
85 156
13 88
102 196
18 158
1 45
15 192
2 15
89 178
69 89
30 96
94 116
2 177
59 80
72 111
88 146
133 179
69 123
115 168
92 93
30 175
42 204
136 191
61 164
95 186
27 214
96 167
33 49
43 138
96 108
80 213
35 142
60 176
2 176
12 141
69 201
23 182
25 212
6 73
45 159
45 145
100 126
4 135
122 213
69 166
67 110
117 175
54 195
147 148
33 152
43 48
43 179
5 209
50 64
10 169
80 138
99 106
11 50
13 33
58 74
103 135
35 99
151 185
88 115
98 182
46 125
70 107
23 179
30 34
50 67
48 166
176 200
0 198
1 20
120 130
14 64
103 124
62 156
31 49
177 183
118 176
195 212
37 209
66 83
34 134
138 191
12 212
21 27
77 182
75 209
120 148
184 186
118 126
57 139
136 167
11 79
89 99
7 153
64 81
5 67
49 85
124 151
13 72
193 211
161 185
184 201
0 162
79 112
65 160
117 152
19 206
73 179
179 191
74 165
71 134
22 46
162 191
91 200
20 150
20 74
1 97
17 58
174 193
118 192
52 70
13 87
112 116
125 202
42 178
98 200
95 179
42 109
184 209
18 214
31 208
28 147
14 86
21 34
66 91
103 132
18 121
53 174
57 91
6 112
74 84
49 161
149 163
20 98
1 151
84 169
128 157
82 166
0 140
42 152
17 210
177 178
30 81
87 163
35 123
127 217
125 180
140 172
94 117
157 215
45 67
9 55
49 87
187 216
35 86
78 84
58 116
73 86
54 194
183 196
12 146
43 182
31 125
74 79
10 127
84 215
123 165
7 100
30 206
118 174
146 147
61 87
25 73
6 15
75 96
38 192
107 202
135 150
90 205
114 188
153 154
5 101
25 41
114 214
182 203
119 202
5 105
25 102
22 144
201 217
23 173
138 162
12 153
32 127
64 88
100 110
22 122
63 165
69 173
151 166
53 185
165 205
201 216
44 127
167 186
115 129
22 124
75 147
170 195
11 120
14 103
20 103
57 123
114 156
102 111
45 217
190 193
152 207
15 47
0 199
102 145
68 195
58 152
92 98
36 166
119 135
84 210
11 41
27 119
157 200
78 156
41 135
25 72
58 155
21 118
50 135
44 157
25 156
87 94
63 122
22 185
17 22
108 131
8 93
16 51
32 89
107 131
150 168
48 160
50 52
8 132
1 209
25 68
183 209
84 122
192 207
47 111
48 52
1 29
43 187
82 177
16 129
73 167
43 76
48 131
29 122
150 158
32 214
44 152
131 159
18 203
74 93
127 209
46 88
68 188
177 205
73 114
145 216
118 137
34 189
80 104
94 131
105 130
129 192
115 194
118 214
69 112
10 200
89 174
46 135
69 183
111 143
116 121
141 156
107 187
47 90
34 156
33 109
27 144
131 187
53 55
35 69
6 157
174 211
22 29
122 123
28 171
8 10
28 197
2 211
50 66
182 209
168 210
23 84
68 109
106 150
11 15
128 204
38 171
142 211
69 175
62 96
161 212
78 197
27 113
85 130
14 170
66 192
58 86
110 176
118 123
70 140
66 163
53 180
53 129
26 149
0 145
10 153
51 157
121 169
74 90
85 137
49 149
61 134
152 213
44 126
175 198
8 175
8 78
65 212
112 144
123 213
6 57
28 172
53 71
24 26
78 89
95 170
121 186
22 87
88 108
61 128
116 183
58 106
18 201
51 137
4 6
21 54
71 162
107 176
134 164
109 144
147 207
54 68
24 135
5 25
44 56
44 209
19 75
24 37
24 154
0 54
66 126
81 174
121 194
143 151
120 210
108 155
185 200
13 28
77 179
16 47
3 102
81 203
2 144
47 153
108 148
71 178
49 152
92 205
84 155
105 189
79 134
64 112
33 176
0 13
89 135
59 135
112 179
192 195
103 212
58 205
196 202
53 120
41 106
164 183
94 167
15 109
128 200
75 152
54 203
89 155
41 192
126 178
2 32
81 154
60 118
12 179
75 91
111 131
100 159
84 136
155 172
1 191
60 216
32 66
104 109
6 55
4 187
25 114
14 126
83 165
33 150
47 68
56 186
53 57
43 211
52 104
147 174
12 120
56 201
11 48
65 137
78 151
156 215
132 190
68 111
15 96
81 137
75 186
25 113
26 191
72 201
134 204
128 146
149 207
127 162
47 210
38 49
40 193
5 72
129 155
76 112
60 156
12 58
132 171
31 117
13 186
104 132
22 150
138 214
123 133
159 199
53 175
68 122
53 105
86 188
60 211
38 81
16 133
18 170
29 59
118 143
129 212
96 206
6 47
37 170
18 111
82 148
145 214
26 43
92 126
135 163
158 209
22 38
86 180
94 119
79 97
19 49
116 137
81 98
29 142
109 191
21 71
3 35
15 215
44 69
114 131
213 216
62 152
113 139
81 85
55 158
6 91
18 116
51 105
14 109
73 79
180 192
158 183
105 194
155 194
10 92
44 205
129 139
115 211
193 201
37 191
146 172
126 149
1 116
8 207
90 101
41 198
161 202
190 212
9 64
86 204
127 185
151 165
56 107
157 171
152 199
68 133
68 154
158 173
26 131
56 109
9 123
108 122
28 181
65 117
51 96
97 213
46 123
90 127
128 161
68 160
30 128
43 217
1 117
3 212
174 184
130 142
66 182
135 210
44 135
93 101
25 153
30 109
137 201
63 190
153 171
24 45
171 192
118 153
101 167
74 164
110 113
83 103
129 187
63 186
37 123
178 180
17 21
15 94
61 103
47 117
17 159
7 28
99 158
45 151
48 104
48 134
19 93
172 211
27 161
26 179
22 201
33 195
139 190
106 124
72 79
96 189
67 129
95 212
28 41
102 169
133 147
90 181
54 184
208 214
40 201
198 216
146 148
118 177
70 186
166 176
60 137
105 182
108 208
103 179
152 161
67 82
95 201
61 126
80 214
190 208
13 146
24 181
2 30
55 65
55 91
80 99
111 177
158 216
30 120
109 210
9 98
99 146
133 191
170 199
20 78
154 166
42 85
39 144
170 207
40 53
15 158
67 81
7 115
39 129
101 158
123 142
50 90
61 78
178 184
41 124
75 100
54 209
41 84
101 210
61 141
40 85
31 98
2 77
6 114
153 206
19 215
40 172
108 141
25 140
23 151
129 208
25 97
58 108
3 161
29 89
84 106
126 129
51 94
62 193
41 64
77 98
53 108
22 213
90 208
33 126
32 210
121 212
108 210
42 138
97 216
43 188
22 69
8 153
53 56
154 162
24 103
121 197
138 217
25 178
20 192
11 75
72 126
23 162
57 142
27 68
70 184
1 214
81 187
66 133
5 162
108 130
24 71
132 165
119 167
50 63
41 177
22 168
63 183
105 198
33 198
19 51
47 52
27 111
22 165
88 127
76 80
19 79
54 204
72 168
108 115
47 174
42 61
34 193
137 165
58 171
56 198
153 173
27 141
87 162
71 96
123 200
3 52
56 114
10 32
76 116
20 161
28 39
30 124
24 32
27 181
18 56
160 180
181 214
58 162
68 215
65 141
35 204
29 96
18 132
37 89
95 187
147 171
105 187
55 99
58 158
101 165
6 11
154 167
51 135
51 178
74 142
75 183
19 180
98 146
201 203
77 90
44 196
7 83
81 190
8 158
48 69
125 135
10 161
8 145
44 181
0 110
57 156
9 43
31 176
211 215
110 120
192 204
24 144
77 194
86 114
53 155
39 115
104 119
5 77
3 84
56 210
159 174
30 111
123 195
80 198
178 205
15 62
154 182
44 84
106 194
7 78
166 188
54 106
131 210
58 122
76 185
141 158
97 154
31 39
81 86
98 172
10 123
101 168
75 106
83 98
174 194
185 202
20 142
70 211
28 144
42 166
15 165
1 197
10 174
78 216
31 196
8 129
117 184
50 58
46 174
124 172
38 112
13 131
142 207
65 71
196 201
5 28
6 128
92 156
129 211
80 159
137 192
60 139
91 180
19 194
72 133
59 77
26 88
80 149
138 158
157 206
96 173
46 119
133 192
101 146
50 155
80 132
90 202
28 178
201 207
163 191
36 197
11 24
35 66
43 164
54 207
93 111
14 102
16 103
42 93
25 29
57 108
40 52
31 87
55 76
16 30
93 210
13 35
22 66
111 190
120 185
9 133
14 90
59 71
35 57
46 149
21 28
88 208
66 95
95 177
97 161
30 64
78 178
104 176
101 142
7 151
46 69
110 184
50 173
188 211
68 185
55 113
43 102
133 157
186 205
71 172
140 191
89 181
4 202
49 59
39 195
184 190
17 86
1 123
135 172
50 119
146 184
74 215
57 137
86 157
168 189
20 34
3 181
60 81
78 118
134 170
18 119
144 214
55 103
1 5
96 138
114 146
35 146
57 113
80 88
11 83
154 170
177 215
193 202
55 73
132 137
93 162
62 110
0 117
40 205
38 55
16 154
18 200
194 209
25 67
73 204
86 107
56 84
41 55
172 200
3 74
0 68
103 162
4 214
9 61
112 195
149 156
160 193
119 200
3 25
134 209
1 23
100 136
30 50
94 215
33 210
112 143
42 158
42 88
70 194
30 138
17 148
54 192
25 150
103 201
137 149
20 196
104 179
47 87
23 217
172 190
55 118
73 150
128 185
164 187
45 108
40 181
9 15
62 185
70 118
214 217
59 113
162 181
14 206
0 19
61 205
52 71
148 175
66 159
3 54
102 155
95 189
41 109
2 141
30 150
20 205
9 157
17 139
147 159
36 152
89 170
57 143
93 155
74 141
121 211
17 180
23 135
159 190
5 195
95 116
172 193
13 62
0 6
31 33
8 21
38 173
47 48
75 180
17 169
59 137
167 189
159 191
197 198
81 151
130 182
153 158
151 183
13 174
105 161
47 199
34 177
47 113
1 130
39 177
23 215
64 124
24 209
82 209
43 162
27 34
162 216
33 130
156 189
71 135
30 58
43 51
31 192
33 39
35 144
26 192
35 182
49 164
30 177
29 93
31 173
32 129
43 59
33 76
98 105
100 118
7 10
80 124
62 69
113 162
39 170
9 56
33 88
45 153
80 176
57 208
182 207
110 198
9 93
5 204
31 189
30 204
148 210
143 167
158 205
34 108
61 152
12 166
133 206
3 113
87 169
70 145
98 122
58 69
151 198
82 151
72 77
177 185
22 194
83 205
78 99
44 160
16 141
30 72
14 134
52 114
45 185
29 106
1 94
140 192
21 177
102 167
164 182
108 168
6 194
58 77
99 201
91 156
16 58
65 103
19 146
40 128
118 131
13 49
4 156
132 162
28 187
55 121
188 191
72 103
56 106
143 192
86 118
10 81
186 190
15 154
131 162
51 155
123 151
54 81
88 145
133 140
99 104
59 131
31 137
2 41
56 196
40 187
167 174
18 127
66 205
108 193
123 169
41 213
107 123
31 160
3 133
90 168
139 152
22 203
67 165
72 184
33 140
10 172
13 29
24 116
141 173
77 174
21 188
70 142
178 214
84 166
8 9
43 64
52 155
64 177
193 214
23 172
130 162
162 179
80 186
25 189
16 22
80 177
109 184
23 34
50 129
44 139
69 131
139 194
73 151
2 97
2 49
77 153
30 142
80 139
81 93
193 205
84 138
100 124
7 47
85 205
55 149
40 122
90 141
96 181
131 173
46 205
14 198
39 126
133 151
4 100
53 184
90 105
36 114
78 204
49 52
52 91
64 175
74 128
112 212
123 163
5 180
81 123
105 111
16 77
21 183
163 172
153 207
145 183
70 99
159 206
4 143
105 116
139 175
40 190
80 110
146 205
23 175
23 38
18 184
135 162
110 139
61 98
88 120
87 122
70 160
150 198
84 200
113 156
107 181
98 203
66 208
15 107
132 135
80 209
75 108
52 109
37 194
73 217
127 184
45 61
0 103
123 154
45 92
58 94
10 178
100 212
90 170
18 202
24 206
75 210
9 37
46 61
104 121
45 123
10 215
21 192
89 140
85 144
47 79
5 66
98 175
10 17
7 22
69 97
76 152
10 69
11 47
32 43
133 164
90 204
152 198
55 144
62 139
108 177
160 200
153 180
40 113
69 196
75 155
11 16
60 183
70 104
20 193
64 102
16 75
17 59
211 213
76 181
36 143
84 126
97 120
116 175
179 187
62 74
100 167
108 133
26 156
119 136
28 126
150 178
113 208
29 213
81 88
108 200
41 62
102 171
89 208
169 182
171 201
6 37
14 31
142 189
171 202
111 146
78 106
18 110
167 212
144 183
57 177
132 211
22 95
62 184
83 215
9 60
17 93
160 167
56 113
32 65
64 199
51 153
151 157
102 187
103 114
116 185
26 91
159 202
27 206
19 82
133 189
0 188
176 197
66 177
12 34
25 165
139 155
14 57
1 124
42 208
155 160
53 190
18 85
28 161
205 207
20 118
185 212
61 76
98 197
176 178
11 214
152 187
7 148
24 184
74 201
39 121
19 65
70 121
73 74
208 215
115 184
73 181
48 188
7 72
127 207
105 164
84 114
64 110
66 189
82 214
43 153
157 217
139 156
52 56
21 181
109 118
34 44
93 126
146 176
137 153
29 208
0 4
28 103
31 209
97 192
106 183
146 178
55 181
73 148
171 189
103 213
126 159
30 126
1 125
96 101
82 175
95 194
95 161
31 135
12 137
41 145
39 68
55 137
113 149
56 65
79 146
19 177
71 152
60 188
0 92
115 126
37 145
49 119
63 204
67 91
2 136
125 172
162 206
15 86
89 207
28 177
8 212
16 121
57 149
68 166
82 89
67 145
174 190
125 181
23 210
178 203
19 140
180 206
25 147
25 121
28 162
10 170
37 127
35 78
47 170
101 138
92 120
55 198
132 148
55 88
126 130
21 72
5 167
170 181
17 181
46 130
100 116
34 112
28 206
10 130
1 52
91 94
25 135
61 153
66 67
15 66
40 186
58 76
47 209
2 21
94 198
151 208
110 131
169 210
113 216
162 209
54 123
82 146
89 125
76 87
118 119
5 19
41 179
30 202
33 172
3 179
47 177
21 185
129 196
3 104
105 145
1 114
41 60
115 130
0 154
100 183
16 101
30 173
130 217
170 209
53 170
60 207
15 63
105 108
11 86
58 61
32 197
29 109
19 68
51 203
47 169
101 173
41 87
18 191
36 56
26 53
17 76
49 183
98 141
50 212
0 158
199 212
144 150
151 159
12 104
153 162
4 89
9 194
33 122
45 168
104 128
47 118
24 83
147 191
83 129
60 169
147 216
112 208
66 204
103 200
17 96
57 207
137 209
115 153
38 94
173 192
101 140
38 206
162 200
89 147
96 116
175 189
31 183
75 122
2 95
45 138
17 70
202 206
39 58
82 103
27 156
38 95
35 148
47 101
11 84
16 138
63 64
25 171
15 60
52 95
135 205
28 83
165 210
20 148
63 205
28 208
78 161
54 116
65 146
73 94
47 166
128 178
106 205
148 183
26 86
3 194
4 70
36 191
39 61
150 185
13 34
100 117
63 77
98 187
30 158
77 160
187 190
39 98
114 186
117 189
115 134
45 99
30 203
105 113
167 169
95 115
109 179
146 168
152 158
29 41
97 115
112 142
4 26
17 215
59 104
167 204
2 173
183 198
41 128
36 84
82 128
12 51
137 210
48 130
5 120
155 163
69 214
182 187
125 162
47 176
20 160
120 147
110 164
51 77
169 193
109 124
45 109
124 186
7 117
188 194
31 76
38 115
56 105
37 179
189 204
35 118
30 62
72 152
94 107
112 122
25 66
47 146
116 135
137 160
120 144
79 149
3 41
77 158
77 138
94 99
104 198
183 199
58 71
47 106
70 179
74 195
159 185
113 211
8 152
11 72
130 139
113 191
82 176
151 160
113 129
143 144
121 190
70 180
67 209
98 99
5 190
75 179
10 119
19 165
55 122
167 185
55 212
101 161
28 121
94 169
41 53
75 77
71 88
22 215
59 136
60 182
156 205
28 46
35 192
47 141
65 188
20 201
48 187
0 61
25 149
60 123
76 160
165 214
112 188
172 183
115 128
39 179
95 139
124 199
127 186
20 68
93 197
108 135
1 27
184 206
178 210
39 199
100 102
68 204
170 179
114 116
71 153
116 118
68 157
31 216
79 204
42 117
131 169
35 113
124 144
41 104
12 198
38 187
37 158
177 207
149 192
38 200
57 175
80 117
53 90
6 166
134 217
30 129
97 206
39 60
112 132
24 59
67 99
3 31
47 110
87 140
67 168
75 185
71 123
29 92
15 55
8 11
132 141
4 37
184 202
91 119
73 88
70 206
36 185
116 188
111 145
54 177
6 98
164 173
181 211
94 115
1 99
69 164
147 155
50 165
102 166
106 119
99 147
42 136
16 196
5 147
7 194
15 130
108 207
51 110
47 150
82 173
159 178
32 205
19 114
153 178
6 189
11 56
65 101
83 135
134 153
41 195
157 207
50 194
122 137
13 139
115 159
131 168
91 144
102 173
51 84
96 134
3 77
54 70
75 93
76 83
15 75
125 147
30 149
32 106
43 194
165 169
59 205
80 163
81 173
54 58
125 205
44 109
36 195
182 189
117 157
33 92
12 209
35 70
16 156
14 116
72 127
36 134
114 181
56 60
159 167
118 148
71 157
129 216
112 120
8 66
141 155
61 196
107 135
92 152
64 118
64 151
162 192
66 203
130 200
45 167
77 143
150 195
128 192
48 70
19 217
144 193
82 97
33 132
148 214
45 146
172 185
16 206
38 100
136 176
130 169
26 211
23 191
86 141
76 105
48 81
90 92
123 127
122 164
106 159
0 55
80 161
109 128
59 200
48 90
73 121
70 155
78 173
20 210
49 136
84 184
79 135
196 213
34 165
23 180
43 144
37 103
158 195
5 194
23 82
101 216
82 168
28 155
10 88
16 159
128 197
7 67
168 198
28 44
16 68
154 160
8 176
2 181
145 185
130 141
49 55
90 203
101 139
8 205
160 161
4 108
47 100
41 86
119 195
92 198
30 183
16 76
131 135
95 142
135 180
167 187
32 143
104 137
113 116
114 189
84 196
2 191
82 150
92 125
133 184
11 29
9 91
181 190
47 182
131 214
110 190
130 181
56 191
26 67
88 205
36 43
195 209
179 209
109 159
64 188
20 179
100 190
123 189
75 212
140 207
94 187
13 210
199 202
66 180
120 137
61 139
87 137
142 153
75 116
152 214
62 200
82 142
93 216
105 114
11 202
4 63
51 149
1 217
44 194
101 122
21 30
56 96
176 216
124 196
194 206
71 102
37 134
144 205
60 83
50 141
65 198
64 67
56 64
65 109
68 212
11 53
77 196
85 113
185 193
65 150
8 180
73 180
1 156
79 152
149 162
146 155
68 76
78 149
102 189
9 58
104 199
14 60
124 132
78 142
139 169
24 171
55 129
161 215
12 68
61 150
150 206
72 112
25 109
10 20
60 108
128 206
84 137
86 137
14 211
62 89
80 82
109 134
18 90
58 167
74 118
99 100
6 25
93 208
79 170
25 40
74 89
44 187
80 172
20 183
45 58
37 204
11 142
202 209
90 145
53 205
169 174
133 170
7 102
165 171
116 177
21 53
168 196
124 194
29 157
175 199
52 207
191 206
23 78
187 213
56 192
53 139
203 212
75 191
125 160
186 210
95 178
67 128
43 117
160 212
99 111
46 181
13 129
19 29
72 148
167 202
40 89
141 192
147 150
4 154
12 144
19 209
14 108
99 136
85 185
52 61
42 108
114 142
35 58
180 185
11 100
82 112
174 207
105 131
43 139
84 95
53 132
118 135
99 208
57 92
159 217
138 145
59 150
14 82
179 192
45 50
3 18
17 193
117 204
151 179
85 116
39 161
155 208
54 130
20 138
98 167
81 139
72 118
90 133
58 128
39 192
6 111
116 214
15 25
202 203
51 186
125 210
87 177
18 167
25 148
71 132
9 208
29 178
12 127
182 212
81 152
183 193
70 204
87 203
161 165
24 151
96 186
53 64
24 188
55 114
5 93
179 212
66 214
0 161
142 183
13 45
37 63
69 193
4 176
81 161
73 76
5 170
124 129
136 149
36 147
115 170
78 167
104 190
113 169
47 82
112 177
119 137
148 216
74 203
116 142
108 173
56 110
94 133
122 166
49 76
25 79
67 72
53 127
37 214
25 45
24 96
15 199
13 98
133 201
64 69
109 195
89 101
120 165
22 73
183 211
151 197
83 141
113 126
183 206
60 121
10 120
109 152
45 79
57 158
155 162
19 153
73 125
162 178
4 20
25 82
9 67
45 137
49 142
119 146
100 181
81 103
156 206
89 153
83 105
106 118
20 122
143 190
71 85
78 169
2 110
22 173
176 202
95 138
5 122
172 197
37 93
55 186
137 150
20 143
19 56
23 116
9 128
159 186
1 76
54 121
134 215
29 48
20 105
58 211
14 154
12 172
84 173
61 137
108 153
17 24
53 178
15 210
51 61
150 217
145 156
28 138
40 43
18 88
50 214
89 191
87 113
68 123
70 124
143 201
124 136
116 123
6 102
138 166
5 16
169 170
64 85
115 177
126 154
166 185
110 153
15 110
5 142
13 31
8 172
60 158
43 216
24 57
126 214
54 117
20 101
43 132
126 172
50 97
129 136
44 163
24 122
57 181
47 123
2 138
176 189
117 183
155 167
42 122
16 211
49 130
34 62
78 129
185 187
66 82
145 213
83 175
46 209
23 66
66 199
52 183
23 89
8 16
52 82
155 193
175 176
194 215
47 57
111 180
109 203
154 195
2 132
86 217
2 7
82 84
61 85
13 23
33 153
37 112
35 116
100 146
19 106
115 125
99 199
22 176
59 145
114 133
74 140
8 198
92 203
51 166
123 131
85 145
96 211
22 44
26 147
86 169
7 132
109 215
90 95
60 134
3 119
124 157
25 86
37 47
2 51
190 194
18 199
0 132
27 150
79 189
132 208
195 210
50 125
139 162
114 169
9 17
112 147
53 72
185 186
121 123
114 170
6 212
148 151
121 140
83 196
71 211
131 202
101 108
74 117
135 143
122 199
6 198
45 163
37 65
46 145
34 172
187 208
28 51
13 53
156 210
159 160
187 209
168 174
86 187
92 124
82 120
108 159
12 126
87 128
159 161
12 66
67 213
26 38
64 79
64 97
27 67
40 195
52 64
112 196
74 111
6 107
42 162
93 154
2 205
186 203
26 54
70 117
137 202
170 202
34 54
144 198
8 22
27 89
103 180
23 102
64 115
82 116
26 77
91 198
107 211
165 196
168 207
120 215
58 132
9 49
69 122
69 93
6 174
14 27
3 96
120 195
53 177
106 201
94 104
8 206
32 176
106 126
29 127
66 127
63 210
24 80
105 132
17 89
28 114
176 211
105 152
67 167
7 147
64 80
24 148
27 115
111 151
19 130
132 202
7 174
8 41
62 202
54 107
4 13
41 70
60 200
158 214
10 36
142 199
129 134
17 184
99 124
31 57
56 190
69 211
97 190
93 164
35 43
148 194
8 27
49 89
82 129
32 122
22 137
164 166
14 140
31 167
189 213
146 203
66 119
92 104
154 175
23 139
151 164
164 214
91 195
112 205
72 115
103 161
139 159
75 114
49 58
37 126
31 72
46 185
159 176
67 150
96 124
49 210
111 217
84 167
81 112
40 211
208 212
3 156
31 133
58 193
98 129
93 148
122 203
92 122
59 201
66 158
87 147
98 181
43 86
102 213
111 132
47 192
29 201
113 181
12 183
133 171
98 178
109 208
106 116
0 138
96 97
103 175
73 81
4 18
20 176
68 172
45 56
31 88
58 215
86 152
77 81
111 178
186 187
9 28
111 193
98 170
80 165
25 146
100 125
76 144
78 134
29 116
16 97
69 195
82 155
20 211
51 206
7 86
149 167
88 101
76 203
53 67
141 178
83 106
77 80
64 186
41 163
113 192
152 171
102 132
155 202
172 216
126 161
200 213
25 203
139 184
65 112
70 174
9 38
1 132
107 162
90 189
76 97
59 126
56 130
23 104
6 151
126 198
66 134
175 205
63 154
68 174
13 18
92 190
59 186
23 133
123 175
44 182
59 134
39 212
49 78
117 199
120 125
65 177
138 202
43 124
78 202
0 48
40 98
7 142
32 196
12 148
152 211
29 74
203 213
197 217
65 210
87 199
67 164
10 41
25 180
31 35
0 79
89 143
106 178
109 110
38 80
17 120
162 207
0 31
57 146
0 149
55 59
91 192
29 68
1 122
207 212
160 209
43 49
208 213
15 108
78 136
32 87
41 181
64 120
23 103
93 191
141 189
61 133
22 99
18 131
161 196
139 148
3 177
95 202
43 198
88 168
78 143
48 126
50 189
10 48
96 132
33 38
99 181
3 108
57 110
126 165
108 209
83 87
124 152
164 209
62 79
107 119
52 159
41 155
131 217
36 164
80 113
6 100
23 81
27 173
126 216
118 121
43 193
2 4
25 168
163 209
41 170
173 190
31 63
70 146
128 196
152 165
110 157
115 157
53 93
175 177
14 164
26 65
23 74
67 194
89 139
44 116
14 29
53 179
120 207
51 173
15 150
23 212
116 133
0 74
52 112
149 203
22 212
43 61
75 200
8 191
8 106
26 93
24 197
44 85
138 198
103 140
95 188
87 160
129 181
95 112
7 152
35 60
55 202
150 194
49 208
53 94
163 199
21 130
148 199
101 126
32 112
39 159
74 188
0 213
21 144
128 190
35 137
38 84
33 73
80 87
115 201
26 178
43 106
65 161
55 167
50 187
40 146
38 116
32 188
97 134
48 171
55 197
30 98
124 210
2 71
0 167
95 145
18 175
23 154
79 104
6 60
52 80
80 122
58 170
122 147
184 213
22 178
118 181
16 100
10 85
27 123
58 96
3 153
62 140
110 151
76 96
11 178
3 192
5 163
75 202
26 198
31 106
100 101
56 132
127 140
75 92
18 140
124 158
42 45
11 209
123 206
33 79
110 147
88 185
96 217
141 144
3 98
17 106
121 162
153 179
105 186
153 214
28 150
68 90
15 127
140 210
72 194
74 176
97 171
20 58
146 175
63 125
44 216
20 191
80 107
53 183
41 134
36 76
20 30
99 130
83 90
118 138
111 115
132 156
34 60
158 163
126 164
189 202
111 125
30 85
68 101
54 196
137 140
164 196
7 49
64 178
142 163
17 56
14 55
61 168
118 155
47 144
61 75
119 143
78 95
31 111
68 120
80 97
56 164
150 153
42 55
38 213
117 141
73 129
19 109
146 199
49 178
63 116
69 99
138 148
92 168
117 216
116 130
51 66
145 186
114 205
171 183
99 174
110 212
102 150
76 183
24 64
45 124
78 189
17 187
9 84
33 108
147 165
84 159
81 140
130 133
103 185
48 155
99 207
131 176
29 62
156 167
115 150
19 124
95 100
9 160
61 65
55 106
42 193
86 146
78 217
127 174
120 202
45 104
86 98
43 201
125 137
134 194
39 120
36 100
1 43
95 213
119 198
158 203
21 143
56 176
9 78
106 181
6 84
29 184
3 27
178 187
64 171
81 170
143 217
93 177
174 209
3 79
49 120
76 211
50 84
97 204
68 131
204 216
49 191
87 213
84 186
72 195
22 190
24 140
36 136
110 128
89 199
145 189
45 130
38 113
126 200
103 136
166 203
0 111
140 143
12 180
87 154
64 213
109 181
23 150
62 155
70 132
97 107
59 147
16 127
74 120
6 197
109 168
26 189
5 89
107 177
37 153
109 119
96 120
23 43
110 127
176 204
139 141
132 180
40 160
27 56
29 107
3 175
32 69
50 171
191 197
18 198
85 96
113 184
166 197
82 141
27 33
148 197
204 207
22 200
59 168
150 190
175 185
59 109
52 168
36 139
100 215
77 186
109 139
139 146
39 56
64 116
89 138
121 209
78 85
64 146
41 172
84 163
4 12
14 157
3 149
21 172
48 120
15 114
6 58
85 167
13 200
5 133
99 168
118 152
25 96
91 133
82 171
46 67
74 204
145 190
38 172
62 187
27 178
73 177
77 106
105 212
54 136
74 194
64 150
129 193
120 190
55 97
87 204
4 50
50 92
51 140
34 179
39 213
86 135
151 156
53 189
79 85
143 155
63 94
4 31
67 182
127 134
118 207
125 206
82 105
90 164
175 193
200 204
195 204
38 193
122 210
63 105
148 201
109 197
23 143
80 212
2 6
118 199
152 177
9 119
99 138
27 100
18 98
22 96
12 115
172 191
141 214
110 167
26 56
65 166
142 213
102 195
48 205
102 164
83 101
146 197
122 197
79 159
54 98
64 66
185 189
189 203
197 203
24 97
83 186
122 174
8 100
76 192
73 77
21 33
72 134
97 118
6 62
31 65
82 149
121 124
160 211
193 200
66 113
92 204
64 158
35 172
29 193
63 82
31 202
18 165
125 167
48 204
9 63
114 166
77 84
67 132
129 190
50 182
139 195
70 139
31 145
6 17
41 94
127 156
88 191
29 165
70 103
20 130
33 166
141 163
32 164
161 172
29 171
143 195
2 165
51 112
17 26
116 212
150 203
165 201
37 57
19 22
19 59
145 158
39 73
96 192
19 57
27 50
18 205
21 114
176 194
54 72
82 130
74 80
30 112
165 206
18 143
138 156
54 159
109 172
10 184
30 146
65 83
123 149
193 208
42 121
2 3
6 68
13 197
28 69
12 159
77 104
90 165
9 23
171 216
85 213
64 148
14 167
79 131
5 35
38 45
127 145
45 209
89 193
38 53
167 173
101 207
130 149
99 135
15 202
170 211
93 109
15 196
119 194
64 139
74 107
73 104
4 44
136 182
52 84
99 165
192 198
180 203
131 193
78 92
33 107
3 122
173 210
204 211
154 176
141 186
102 127
151 163
98 104
72 179
20 213
5 185
89 172
111 138
16 53
9 88
120 191
127 200
33 75
1 70
15 19
133 138
5 71
70 193
49 140
123 140
148 179
161 173
75 82
83 192
102 134
52 94
73 127
47 78
102 211
66 207
52 161
67 102
100 171
74 81
36 207
61 215
153 202
39 163
36 91
13 128
7 185
166 216
49 109
6 63
74 170
25 115
90 106
16 74
56 123
204 209
118 163
62 129
49 99
85 180
44 79
147 180
67 111
37 92
150 192
77 170
155 197
27 36
82 117
187 191
4 178
177 195
137 154
22 119
47 159
28 37
45 149
75 173
90 128
121 184
49 196
82 198
54 134
6 137
9 40
98 139
147 201
197 212
38 197
27 186
149 190
149 173
69 190
95 131
57 88
33 204
83 171
87 151
14 158
4 80
71 163
10 28
41 204
96 178
57 191
57 59
201 206
187 194
105 115
149 160
98 216
43 157
51 176
49 131
19 66
1 46
8 148
116 140
48 56
62 180
19 91
17 49
33 200
70 119
188 207
169 197
128 215
94 176
22 37
117 212
41 138
45 84
175 197
26 32
10 167
12 123
22 106
7 197
20 167
180 217
60 146
40 68
7 107
55 163
54 193
57 171
19 113
66 178
37 74
79 201
97 210
28 49
122 165
62 199
201 213
21 55
0 190
146 214
5 128
3 163
0 127
169 191
24 82
2 102
53 77
3 61
59 114
178 217
6 135
30 215
59 65
66 136
39 173
4 8
190 195
65 81
73 194
55 102
4 35
36 163
1 47
81 182
51 67
89 104
83 160
26 85
132 167
130 213
51 200
126 156
31 85
19 132
38 176
3 86
121 214
109 187
86 212
31 123
155 188
174 201
101 102
65 76
123 190
116 122
67 152
158 213
25 191
198 213
41 154
147 151
130 192
82 101
27 112
102 180
10 194
102 146
12 140
51 119
195 198
9 74
2 142
31 32
104 162
93 163
16 40
5 196
70 135
32 96
147 184
9 190
24 52
121 156
6 152
106 109
157 168
140 211
82 169
117 215
50 196
61 90
0 109
113 152
13 155
81 206
83 118
58 82
20 77
175 179
107 150
18 20
18 196
66 187
28 88
45 196
129 176
8 163
23 128
45 200
45 173
106 112
153 155
10 113
82 92
27 109
78 171
163 201
28 86
36 214
151 212
2 137
44 93
97 188
66 109
8 208
32 142
111 164
41 175
47 136
68 206
9 113
11 184
7 159
19 195
174 177
129 147
155 201
51 92
80 84
69 94
21 68
36 62
107 126
84 151
134 140
83 173
86 206
56 75
63 199
45 183
69 116
46 160
160 192
30 32
101 105
179 215
46 184
64 101
45 150
52 118
30 164
14 68
16 79
5 50
187 195
42 215
61 91
148 155
97 111
161 204
16 122
141 174
156 201
53 188
118 164
114 174
53 209
42 186
98 144
47 186
101 148
44 75
4 66
55 105
16 145
21 87
17 102
58 200
1 113
51 123
10 188
20 187
36 128
164 199
138 201
15 188
25 138
103 217
113 124
40 131
8 195
43 204
58 174
129 171
4 76
80 202
41 88
38 204
127 128
44 184
69 108
3 199
74 179
12 52
90 110
83 146
108 140
18 145
32 212
119 204
91 157
12 186
32 105
33 62
66 92
169 213
90 147
70 94
75 110
76 180
71 171
112 217
132 143
9 92
65 86
90 214
41 162
44 171
118 122
127 216
63 126
16 142
27 37
163 207
86 122
162 186
93 136
190 196
176 203
45 69
144 173
96 183
78 111
0 178
114 140
84 192
92 177
157 190
32 150
93 204
116 145
100 153
13 120
29 126
39 208
48 88
48 94
18 195
21 45
50 124
4 157
0 212
55 170
4 16
58 216
76 166
29 90
32 192
73 192
159 182
69 98
51 211
115 118
91 213
32 85
47 75
4 24
128 134
144 200
26 161
8 77
127 155
78 201
13 195
72 191
53 79
64 217
45 102
96 107
1 85
156 158
60 186
57 160
81 153
170 216
71 117
25 185
130 159
24 194
68 183
109 137
2 65
43 171
86 186
65 80
80 126
106 151
140 183
115 178
63 71
93 176
53 95
70 182
26 113
78 114
0 9
148 188
27 88
72 206
109 198
35 152
13 167
94 127
48 190
0 214
35 67
171 184
86 133
130 150
98 121
80 86
27 158
58 172
150 169
68 85
97 177
151 210
91 151
105 109
51 98
26 174
30 61
110 215
17 214
50 159
25 93
41 56
90 120
60 91
29 217
56 203
108 170
80 166
7 19
144 202
62 217
13 140
61 123
162 165
29 114
19 172
18 188
10 42
1 145
163 170
37 160
2 202
110 188
115 148
118 197
35 112
4 217
182 190
3 75
50 68
27 31
101 217
6 170
6 80
27 154
169 186
12 31
102 117
130 138
104 147
76 148
154 174
170 180
120 160
69 82
54 163
142 209
98 168
1 184
162 203
5 151
165 167
108 203
141 165
27 29
33 81
100 210
160 202
119 168
66 90
189 210
128 205
63 147
17 63
49 50
130 214
42 137
56 215
59 105
187 215
124 211
67 108
17 116
112 146
52 54
63 81
3 22
65 142
39 134
0 78
84 104
67 212
28 205
54 161
2 129
43 147
22 189
114 206
88 121
22 74
54 83
57 93
93 114
94 199
40 162
32 186
1 203
117 143
141 215
1 187
24 101
104 195
0 70
72 182
195 200
146 209
88 137
25 176
13 77
76 196
20 95
67 184
10 202
139 166
35 38
45 53
40 202
121 167
75 156
58 80
67 127
11 28
62 195
75 157
140 162
56 144
19 173
136 154
135 194
101 209
193 210
85 179
21 100
125 148
59 174
88 169
137 206
15 186
67 79
148 203
85 216
75 99
120 217
164 179
134 138
1 41
51 53
74 76
112 121
18 171
74 124
20 182
126 136
14 96
147 178
132 194
13 191
49 66
22 113
159 173
30 139
86 201
97 197
119 191
42 163
72 156
77 141
49 147
19 32
68 139
100 217
8 110
87 146
181 187
5 111
83 210
8 72
90 134
45 89
215 216
2 169
23 106
44 71
202 211
115 149
3 73
177 200
79 142
68 107
34 97
32 194
191 217
120 199
3 80
78 82
29 196
145 184
59 217
161 162
133 209
21 41
134 155
39 204
27 204
40 77
8 75
55 87
5 90
0 210
104 126
73 102
8 101
16 192
4 129
48 181
21 184
201 211
57 195
38 133
91 194
23 99
6 105
63 211
69 192
8 204
71 209
8 19
40 150
154 191
58 126
92 188
109 193
93 171
83 124
5 45
16 33
26 125
130 207
8 181
116 216
70 137
44 165
90 166
1 185
163 193
85 108
24 170
0 180
20 52
3 200
59 97
6 115
31 104
84 150
23 98
145 204
108 215
67 149
56 217
81 200
30 74
35 56
27 106
45 187
12 98
65 179
22 186
3 201
27 93
44 131
104 145
61 147
138 146
101 205
120 213
40 63
39 79
60 142
125 149
19 178
30 90
211 212
25 182
112 141
37 80
107 113
80 187
158 177
81 213
30 35
28 60
32 215
41 65
0 143
13 185
72 101
132 193
54 212
119 125
37 196
17 201
134 163
70 153
78 146
148 186
81 162
21 70
129 194
10 94
81 212
15 52
40 185
48 109
133 178
14 168
110 159
2 42
84 206
34 94
80 108
166 209
93 178
131 132
17 83
175 196
3 151
24 198
10 196
15 46
37 85
20 172
69 102
28 50
1 93
126 150
27 189
61 110
74 77
19 183
40 130
73 162
37 107
0 147
46 84
38 97
54 108
76 139
3 26
39 122
93 113
5 11
24 157
114 212
1 196
143 197
170 188
20 216
32 76
42 173
100 216
116 186
120 135
13 168
15 177
144 153
54 178
99 182
185 217
146 158
32 145
143 145
7 178
128 175
105 183
168 204
8 189
100 144
171 203
31 136
44 204
55 180
11 148
61 125
24 109
135 146
53 210
88 96
84 175
87 92
88 152
123 203
119 157
21 47
108 120
15 83
64 179
111 211
120 214
101 103
1 205
12 135
79 213
85 119
194 217
27 85
156 190
59 172
134 206
0 144
24 175
63 158
137 183
2 63
38 93
160 191
30 87
66 110
18 25
64 215
141 180
107 112
16 48
63 149
82 122
53 198
135 157
5 20
2 60
52 134
152 180
132 147
16 99
0 201
139 149
75 201
24 38
16 188
199 210
54 94
17 126
25 195
35 140
114 199
69 161
110 121
97 151
142 216
25 170
120 132
97 198
97 203
162 214
73 130
148 174
50 65
43 77
208 209
95 150
20 180
22 32
26 47
142 215
51 138
197 206
25 42
5 197
188 192
144 210
77 128
136 174
46 167
0 206
165 217
95 169
94 113
3 83
69 167
29 78
78 83
92 153
144 146
7 25
131 183
70 200
23 142
58 117
161 203
173 211
142 152
88 90
5 135
40 109
1 98
141 145
91 122
174 182
60 208
188 208
66 147
9 16
38 167
7 172
27 75
126 176
133 183
88 126
11 115
81 142
44 53
135 137
87 196
114 190
9 192
30 125
100 161
48 89
12 206
28 91
46 210
19 77
83 127
17 130
108 154
106 114
37 87
148 159
157 192
24 81
166 214
112 134
28 174
3 176
30 141
128 171
58 202
136 188
26 41
70 201
93 94
96 117
41 201
44 207
71 184
36 93
120 133
185 188
66 165
120 153
103 160
162 174
186 214
174 188
79 144
110 161
14 19
81 171
51 116
20 120
73 108
71 160
63 119
47 56
48 73
93 116
41 111
75 140
0 94
99 156
106 134
25 83
113 118
143 180
65 157
73 144
149 193
100 169
157 211
59 213
129 210
121 141
16 39
45 154
40 61
126 195
77 148
33 40
39 178
21 131
72 82
69 182
129 166
12 46
40 58
63 67
206 209
58 62
129 198
39 66
161 216
2 31
39 176
71 97
12 195
67 186
68 95
61 106
108 136
9 176
126 166
89 123
132 207
14 193
127 143
66 141
21 69
13 209
173 208
114 138
32 72
113 140
21 173
138 209
78 170
73 95
70 125
34 170
60 124
42 66
57 159
80 81
79 173
69 215
188 195
60 148
18 137
9 86
158 217
15 171
53 206
0 32
3 57
43 195
60 115
140 209
92 185
7 217
107 116
45 208
153 197
67 144
84 96
39 186
56 209
40 103
183 204
23 137
49 176
37 62
35 180
53 111
82 212
132 188
98 102
139 200
65 174
105 203
9 18
28 180
85 204
3 4
8 84
43 84
131 206
27 57
121 135
157 191
152 212
94 153
199 208
181 185
190 211
120 149
96 140
130 174
63 88
0 64
73 163
8 71
72 99
20 100
99 144
170 210
39 76
127 214
121 216
167 198
159 211
54 119
48 206
7 122
28 145
4 22
65 91
1 178
69 95
10 44
137 186
107 155
10 72
49 104
65 100
37 183
45 106
19 126
123 136
68 134
177 202
50 185
64 119
80 148
67 134
45 192
165 166
90 144
14 142
1 104
88 186
188 203
118 217
72 155
114 141
19 107
177 191
81 156
153 203
18 83
75 168
122 191
105 106
73 146
9 144
96 168
121 189
6 13
166 187
48 195
57 153
88 201
144 154
150 155
7 17
80 116
63 87
189 194
87 134
14 46
41 148
33 121
142 162
42 116
47 194
48 151
12 76
174 178
65 176
4 103
30 106
158 172
54 162
1 164
55 136
89 148
17 31
91 210
88 176
143 189
7 74
81 217
51 106
2 187
108 165
81 210
120 201
46 99
41 81
163 173
59 178
54 63
12 40
60 98
56 129
87 100
122 148
92 215
72 81
27 54
133 215
89 200
78 191
102 156
33 101
113 167
56 76
141 167
39 154
7 111
3 56
140 204
86 179
31 50
13 176
71 121
200 214
45 165
28 57
126 139
120 171
100 115
71 159
13 24
56 180
75 159
141 148
28 42
34 79
70 126
42 147
91 146
6 123
65 145
61 166
64 100
100 192
52 189
30 75
149 170
103 167
38 210
84 134
62 150
13 107
91 93
91 111
119 175
120 131
135 138
109 171
73 191
8 91
134 149
53 151
52 162
133 161
67 142
88 189
151 174
91 160
26 205
132 170
66 98
6 104
27 127
39 84
50 55
60 104
135 201
83 128
7 84
44 210
89 187
43 167
122 149
60 100
6 97
7 208
149 205
46 49
156 164
1 53
148 181
73 168
105 137
134 201
146 165
50 120
112 127
46 187
143 196
30 197
14 100
34 83
81 106
108 205
37 146
99 204
7 143
125 146
22 49
209 214
97 122
28 98
7 150
13 91
162 210
191 211
29 108
136 141
14 58
9 68
11 34
151 154
10 82
118 124
42 159
8 116
37 118
50 179
81 117
26 195
152 154
158 184
87 189
22 206
6 133
7 51
107 184
80 90
40 147
120 155
4 188
90 171
38 208
126 182
109 178
23 190
155 164
41 72
79 98
198 215
56 194
209 216
59 181
106 120
65 111
27 96
90 131
20 25
39 108
104 171
67 139
148 208
30 47
70 95
36 60
115 145
9 11
112 203
29 138
25 32
151 161
138 190
163 183
9 46
71 98
19 38
122 190
181 189
74 82
96 177
147 161
6 38
158 208
130 171
29 64
151 203
63 92
43 107
11 141
27 120
87 131
54 57
210 217
37 60
115 147
73 96
58 209
175 183
113 128
55 111
30 168
89 198
142 145
84 194
110 206
3 28
58 156
103 133
12 41
192 206
110 130
68 144
75 146
84 119
10 164
103 109
92 106
55 62
139 208
29 180
76 130
159 198
93 100
57 66
153 160
52 170
52 149
62 101
165 175
27 140
154 186
88 148
111 114
32 148
18 112
175 212
17 119
108 184
7 90
53 92
60 138
112 155
107 216
120 181
99 200
20 79
126 173
53 62
144 188
48 55
54 77
151 178
35 168
204 213
159 166
13 112
128 160
88 122
85 111
3 148
25 84
50 192
86 143
70 82
104 106
24 95
93 132
1 180
73 206
35 98
62 210
22 109
71 176
198 204
27 40
17 175
146 212
144 189
69 105
37 144
36 160
69 191
103 183
175 208
121 213
111 133
2 54
16 151
40 45
79 140
28 153
11 207
133 212
26 71
146 164
49 201
127 215
84 205
15 197
198 210
114 211
4 64
73 103
17 163
4 55
39 205
0 175
162 171
48 95
25 78
141 205
89 202
11 55
11 181
89 112
107 121
89 210
37 190
68 84
24 204
15 48
93 161
117 128
47 148
61 155
128 187
10 158
12 15
23 87
5 131
34 215
69 83
58 190
17 48
94 173
162 170
66 215
29 135
197 207
116 167
216 217
54 137
25 107
129 217
67 181
116 147
45 63
186 192
44 122
4 62
1 154
105 209
81 176
25 51
39 46
2 5
76 186
106 115
27 76
38 107
96 153
35 138
24 190
20 84
81 216
59 142
9 45
156 197
102 130
33 46
166 179
162 199
41 74
85 131
85 173
21 125
91 120
77 101
0 179
91 154
21 160
34 166
30 36
171 174
11 199
48 212
76 174
18 173
15 82
26 144
184 203
42 73
45 62
1 149
202 207
11 64
26 102
61 175
4 43
26 124
38 166
62 122
13 74
83 137
49 179
151 202
6 216
28 59
104 186
131 198
139 217
5 175
11 192
17 45
69 217
110 158
92 108
75 174
6 56
122 157
24 132
107 125
21 204
18 117
90 201
121 151
47 114
127 187
140 199
5 210
133 141
89 91
11 54
83 84
147 170
52 145
29 118
51 139
83 213
14 41
127 138
158 185
88 214
39 47
3 145
14 197
23 125
75 211
137 161
75 205
9 51
64 106
38 119
10 97
124 162
49 116
15 115
49 159
42 132
35 131
75 121
52 107
136 186
140 161
69 85
5 36
19 98
56 70
116 170
18 181
34 117
183 208
71 196
125 187
41 47
74 130
126 175
88 153
107 148
12 165
114 136
69 203
67 77
14 20
1 96
26 143
140 216
12 216
85 196
78 199
97 152
51 183
77 85
55 190
110 174
27 47
94 191
176 215
96 102
181 216
33 42
75 207
119 151
42 78
106 203
36 153
114 163
88 132
2 88
64 125
37 66
175 203
47 134
56 207
36 216
79 199
34 42
134 172
10 177
50 98
7 8
100 199
12 108
199 209
51 55
159 203
3 123
33 169
189 190
168 178
110 111
42 176
44 190
13 14
78 110
24 27
71 137
13 42
163 168
117 147
74 122
148 152
52 83
73 170
37 129
133 143
32 168
102 178
123 153
41 48
7 176
108 188
81 134
84 97
123 158
138 206
7 106
80 175
121 145
144 206
36 75
60 147
95 129
2 166
47 206
94 150
97 103
92 175
87 116
47 207
51 201
71 142
121 173
116 164
49 215
8 216
2 121
22 48
142 144
13 111
110 115
29 145
161 191
15 122
61 64
0 183
38 130
72 78
84 88
132 196
130 195
7 55
60 198
146 151
120 163
133 198
119 131
87 173
21 141
102 202
35 46
156 186
121 153
45 140
157 167
79 106
60 114
15 100
37 97
5 75
63 110
145 202
43 88
64 107
107 169
121 164
135 154
24 210
3 87
13 30
94 216
15 16
4 41
14 30
124 203
187 193
42 97
143 208
61 195
154 204
15 123
108 146
44 208
22 138
52 198
118 206
121 172
85 127
32 126
22 77
1 44
16 25
62 88
74 197
17 189
25 167
21 103
30 117
42 50
23 141
19 61
10 40
171 214
95 141
22 174
10 148
41 79
24 180
125 184
49 157
27 143
57 90
74 149
21 165
39 167
6 64
4 165
40 119
25 169
43 122
32 67
57 198
92 131
45 86
72 92
165 191
106 187
72 80
1 188
173 204
30 97
0 76
70 161
49 108
0 169
141 152
14 33
104 185
97 211
138 157
2 208
68 205
4 167
103 171
108 124
158 168
61 116
82 185
129 178
121 181
21 97
104 216
126 181
146 185
5 182
10 58
76 217
50 128
9 159
97 185
28 213
97 202
60 128
3 11
107 151
114 149
93 158
56 212
61 89
113 171
156 157
51 171
94 213
79 125
124 190
145 154
8 87
23 194
47 214
134 207
22 180
164 206
54 110
96 146
196 214
40 159
30 191
58 159
28 84
89 114
40 204
30 40
23 62
17 43
95 110
3 217
81 143
127 205
64 166
92 141
37 164
89 180
137 176
126 162
144 182
88 203
59 123
5 109
109 155
58 147
66 122
8 127
27 38
102 175
72 203
26 109
69 168
99 110
169 175
33 186
1 213
33 102
83 109
72 177
205 215
40 180
174 180
20 207
21 151
20 57
107 180
2 20
64 87
45 98
177 203
44 108
39 112
118 178
26 129
46 171
22 161
8 112
46 195
26 169
89 196
181 184
184 200
41 212
39 187
91 211
22 112
100 107
103 192
84 172
18 124
100 160
57 215
169 183
53 181
29 167
55 132
38 118
195 205
130 152
58 188
0 75
37 155
0 185
42 156
95 210
94 217
46 158
35 82
84 213
47 138
26 188
113 131
156 163
182 210
47 72
31 147
61 185
61 96
71 112
173 214
114 122
46 207
28 55
186 198
59 176
2 182
14 47
0 122
117 166
130 144
81 214
198 214
125 204
46 108
103 131
50 172
152 156
105 126
46 191
101 196
43 99
61 135
115 172
90 151
52 194
12 33
44 45
54 158
3 100
27 114
113 142
117 125
120 211
168 170
102 128
97 110
12 114
22 169
14 50
98 118
118 203
21 212
60 145
71 115
88 181
94 110
130 189
44 86
107 129
50 145
163 197
63 217
131 156
166 211
110 166
6 101
51 161
28 204
4 87
69 128
100 174
50 161
124 126
4 52
51 122
106 179
154 196
23 186
26 117
98 211
100 108
77 213
63 134
12 22
33 36
27 177
15 23
79 177
49 129
30 190
17 110
62 137
30 121
61 200
109 111
91 140
35 94
14 66
47 92
201 205
50 186
18 51
74 212
16 21
107 178
67 123
2 184
158 174
10 55
160 183
78 94
72 186
122 163
83 178
164 205
15 166
181 192
76 89
37 161
95 174
58 201
57 145
34 169
0 97
45 90
84 124
59 76
161 214
46 188
51 194
34 75
11 62
156 212
45 161
33 167
133 174
37 120
3 198
33 60
34 64
13 137
50 142
61 136
18 217
147 154
72 84
55 67
36 150
36 89
104 201
24 51
53 80
139 204
43 50
89 159
115 207
44 155
110 214
51 164
9 12
118 133
86 159
124 187
15 27
4 177
91 139
40 84
135 212
74 150
43 181
14 114
25 211
143 213
7 154
172 188
60 159
16 163
165 172
86 138
136 144
105 216
168 197
149 161
64 214
22 129
45 212
126 151
51 213
159 162
52 96
53 166
57 109
17 33
72 94
8 167
154 172
137 191
35 189
79 212
143 172
40 64
94 109
74 125
149 213
91 109
80 215
48 148
185 208
52 86
29 147
30 167
136 199
103 110
45 190
86 148
30 110
106 174
161 209
65 165
34 106
91 127
31 131
83 123
5 189
20 168
16 113
45 160
64 96
81 189
11 138
103 152
117 119
12 200
123 159
85 188
17 55
56 77
54 60
168 215
44 98
89 156
1 75
17 156
8 94
98 140
10 151
26 141
175 204
55 64
193 197
190 215
120 157
57 206
75 104
23 39
95 98
49 127
189 196
43 136
42 205
137 184
38 214
80 195
19 187
65 74
31 81
112 156
107 110
25 76
2 203
19 116
98 107
54 144
10 46
56 141
142 206
199 205
149 214
104 115
10 201
79 116
18 67
72 131
21 75
114 207
78 209
20 97
73 112
68 100
112 173
20 188
74 216
79 190
150 165
48 96
42 187
90 153
24 164
40 111
8 102
11 45
109 202
19 90
56 136
166 206
11 210
188 217
4 158
22 72
81 155
69 80
61 86
9 145
147 194
75 170
62 164
70 152
24 147
2 10
202 210
181 196
135 186
127 150
38 121
97 137
23 79
55 154
61 180
47 205
82 172
93 186
44 192
179 200
22 79
17 53
57 138
88 171
13 178
92 211
79 165
155 210
101 110
33 184
134 211
62 201
85 160
31 132
154 187
121 195
44 199
1 182
99 215
90 129
12 55
192 217
111 206
69 136
126 205
33 177
5 119
21 121
6 129
72 120
184 205
104 122
128 216
94 141
137 147
23 63
169 194
96 118
62 136
19 70
118 213
17 174
29 30
179 182
44 138
40 112
14 173
79 105
60 113
59 85
168 171
40 214
106 147
116 196
73 100
60 217
62 174
14 51
129 205
65 121
122 200
45 180
44 149
15 141
43 129
48 107
13 162
162 182
32 132
6 23
105 188
164 172
194 211
28 119
37 54
132 213
89 146
98 133
53 101
16 104
49 174
190 199
49 80
71 155
9 146
144 159
23 76
25 119
42 183
33 47
34 95
140 197
76 175
118 193
50 75
143 168
131 181
161 206
20 186
152 160
93 188
43 186
0 11
45 80
34 72
54 205
10 61
47 196
113 135
11 164
166 198
51 134
139 196
25 39
39 143
75 203
43 94
14 215
25 81
205 212
134 203
94 182
52 131
8 130
186 217
62 115
50 108
37 207
46 186
23 69
83 94
119 210
71 212
124 128
87 148
79 147
116 193
29 187
73 99
63 195
21 136
15 38
187 203
25 174
71 148
1 168
40 74
90 99
23 50
120 204
61 174
114 154
165 173
89 102
22 23
4 159
141 199
56 157
56 81
42 84
58 153
94 105
39 110
82 207
29 51
46 165
151 158
114 176
45 49
6 78
15 74
49 193
134 198
6 148
57 147
142 210
136 168
40 117
6 118
76 136
131 207
38 92
139 153
87 214
52 147
46 75
96 171
119 216
45 215
6 33
25 198
20 49
14 214
90 135
22 193
66 156
36 133
8 103
42 143
11 88
37 88
127 144
97 183
15 163
3 150
20 87
25 193
85 151
159 183
92 169
136 178
112 180
44 213
72 89
23 120
47 175
11 144
29 40
38 147
189 201
109 154
54 142
138 204
86 129
93 118
39 130
204 212
22 114
39 153
21 210
87 175
97 173
39 40
74 189
178 216
167 209
76 165
42 44
4 40
33 143
16 178
44 151
60 141
97 200
49 145
199 206
26 114
54 133
111 120
79 164
81 146
140 195
177 181
35 106
59 125
52 78
60 133
15 212
18 109
186 212
213 217
131 203
54 128
195 217
33 206
65 75
117 126
140 167
50 112
164 198
179 213
12 201
73 160
28 216
46 73
11 35
48 50
118 158
193 204
32 118
101 151
44 112
50 210
84 181
105 210
70 210
51 70
5 22
1 67
116 197
35 199
83 107
172 202
118 187
35 122
114 158
117 197
8 56
80 168
68 208
112 178
127 203
78 87
27 30
148 162
20 127
7 50
106 136
141 157
31 193
51 52
16 78
40 44
62 181
84 199
25 179
61 62
12 121
53 141
14 115
46 200
156 171
66 174
39 113
22 123
85 183
71 181
116 184
204 215
99 134
178 186
144 145
145 191
119 177
157 189
103 105
136 187
92 200
73 165
87 194
116 160
65 153
30 192
149 189
33 190
28 113
183 184
31 109
139 167
89 126
102 203
1 118
109 147
44 121
84 108
35 81
7 168
93 98
18 162
93 97
25 106
5 134
4 93
69 207
17 60
98 186
121 126
23 112
87 123
10 136
10 102
50 153
61 101
82 139
24 77
1 17
47 208
18 55
90 137
18 133
129 146
109 157
88 170
35 101
103 163
33 120
63 97
26 183
65 211
113 125
151 196
144 207
24 110
29 42
170 175
67 90
41 178
26 27
41 165
72 210
59 138
45 139
26 74
15 39
116 136
8 107
195 215
101 181
27 49
93 199
119 206
55 93
177 190
75 127
72 76
7 16
33 61
205 210
2 183
51 74
96 99
112 124
15 34
45 175
84 198
84 185
142 204
85 194
129 132
19 208
54 61
97 130
40 191
77 137
112 161
95 203
56 153
64 202
160 187
77 107
132 200
81 191
120 150
109 217
145 153
76 113
75 80
136 185
4 118
210 213
101 150
91 118
81 96
71 205
25 54
26 180
49 97
131 216
113 164
123 173
74 114
135 139
9 170
67 80
22 160
12 112
21 195
66 108
137 207
135 200
174 216
68 89
162 169
53 158
76 137
104 118
28 193
48 209
76 133
40 82
40 71
28 78
56 111
7 157
32 199
156 214
65 185
188 197
112 202
37 90
49 73
6 201
54 88
17 142
15 135
61 161
74 153
0 95
206 213
16 172
32 183
31 126
178 197
164 207
13 179
35 151
200 216
18 61
104 161
61 105
50 122
16 184
19 199
173 199
19 137
55 147
95 125
60 62
121 148
64 153
73 98
145 193
159 201
91 106
196 208
102 104
132 133
35 125
154 156
100 173
53 207
42 150
64 183
25 131
118 151
126 132
189 209
82 110
3 202
103 155
24 199
21 154
169 188
2 131
7 109
78 200
195 202
175 191
17 150
42 71
3 152
3 60
141 159
13 109
38 76
77 173
123 157
29 34
32 200
39 215
72 196
20 158
35 150
89 201
136 198
87 161
49 158
69 137
59 210
138 147
1 10
10 65
17 99
3 160
82 190
110 205
159 195
77 105
43 190
21 105
97 208
98 166
74 151
13 169
92 181
67 135
66 88
117 179
19 117
103 184
18 185
89 130
7 190
27 84
24 150
2 22
40 57
126 191
14 22
6 127
0 165
28 192
16 119
12 107
139 161
74 134
15 128
19 85
88 158
19 33
140 171
114 204
98 135
59 73
80 142
3 30
2 199
124 202
19 58
115 119
112 158
108 199
95 159
79 92
154 215
30 201
72 162
158 171
79 151
80 197
153 209
139 216
115 144
172 176
0 71
18 68
21 50
81 157
66 115
21 159
37 182
22 139
200 217
108 164
48 137
0 52
38 163
46 89
67 85
27 48
159 169
150 170
27 107
67 83
59 133
117 138
52 124
65 217
9 53
18 189
123 125
83 217
90 107
191 209
85 195
91 187
101 121
24 67
70 91
115 132
93 215
18 57
16 73
99 117
143 147
113 203
132 160
31 101
30 76
48 158
32 57
0 174
162 205
38 122
116 134
3 15
19 105
87 178
19 150
55 116
38 138
88 133
88 202
70 77
9 138
113 175
124 146
24 214
69 187
57 152
112 170
182 184
15 155
197 213
32 169
51 189
188 193
1 28
114 172
27 32
14 121
118 141
149 166
69 206
89 141
128 189
78 184
15 61
84 129
44 96
60 119
18 210
83 199
76 163
14 181
107 198
46 54
19 184
80 127
23 86
73 211
196 204
190 200
33 212
69 138
91 92
163 208
155 180
93 125
137 173
92 167
16 50
2 185
173 198
36 71
88 150
17 202
76 189
9 54
46 192
59 196
8 165
64 133
133 167
21 127
166 177
60 86
189 191
137 203
88 167
143 194
27 199
61 167
21 108
39 104
7 53
180 204
19 101
95 108
159 204
82 203
26 100
6 10
114 180
197 216
79 139
67 69
204 205
48 68
11 194
26 196
0 37
90 195
39 191
0 135
38 59
94 158
129 197
44 142
77 115
17 23
171 187
53 133
34 57
164 216
44 161
40 209
12 143
0 96
83 204
33 185
104 188
139 145
29 75
44 158
39 64
29 194
149 197
195 216
16 216
53 54
129 142
106 182
0 51
67 192
32 109
11 116
91 164
12 95
66 181
76 182
60 181
48 184
11 25
160 186
45 174
4 131
13 160
50 86
76 107
50 191
30 83
7 207
80 153
142 201
141 162
77 200
18 59
142 203
122 194
121 178
120 203
1 160
100 120
2 150
9 132
14 67
1 31
180 201
32 120
18 73
48 189
92 129
94 135
122 209
181 208
150 188
38 165
55 135
35 73
118 150
48 194
97 217
37 165
63 80
4 101
5 177
141 209
20 132
105 178
16 41
73 157
121 146
115 187
138 163
199 216
63 215
12 208
178 182
118 194
95 195
9 83
77 140
102 110
136 216
10 100
15 51
95 127
91 217
62 82
49 195
110 150
1 42
22 51
23 159
26 204
50 127
119 127
158 200
9 24
35 127
164 181
2 156
1 190
58 214
25 152
63 129
81 101
8 33
92 103
73 90
80 206
146 201
61 183
34 125
137 146
31 165
161 180
58 181
49 70
84 144
106 177
54 131
125 179
32 64
98 160
159 212
37 111
16 186
151 173
13 60
24 112
141 183
86 207
77 99
43 101
161 176
86 199
35 211
7 18
164 217
58 109
43 113
38 91
48 106
0 121
84 102
21 155
85 215
96 139
0 197
5 160
48 72
3 214
69 147
45 121
46 111
32 140
34 178
86 208
142 160
119 213
85 139
2 215
43 161
9 143
157 184
123 148
59 158
114 167
0 99
3 124
116 157
20 215
104 159
185 201
23 118
42 160
60 215
138 165
135 197
20 61
102 185
65 171
26 68
183 210
22 181
45 211
76 190
17 168
27 164
26 95
140 147
39 49
96 199
126 167
51 191
4 164
88 99
187 211
191 193
28 215
88 182
127 195
118 144
51 143
112 200
12 203
33 217
61 79
6 136
140 196
20 66
135 187
42 206
145 178
107 213
0 217
12 100
128 199
23 213
91 105
50 94
22 207
65 144
119 214
51 124
21 111
176 191
31 182
29 173
62 212
86 191
8 97
54 191
117 203
42 146
14 54
71 129
71 108
3 147
67 160
36 95
4 189
37 55
145 155
12 171
112 191
139 205
179 188
41 126
50 110
88 91
168 214
38 182
103 159
33 199
10 57
21 94
3 154
10 145
41 129
57 122
113 158
38 96
148 198
137 195
47 86
51 68
45 155
90 206
29 115
85 170
38 125
67 151
18 58
92 151
51 177
123 150
86 151
110 191
18 26
183 217
67 106
18 113
91 208
38 103
113 202
75 138
160 198
11 105
15 172
13 141
48 179
100 177
14 131
74 185
19 191
26 30
67 103
27 192
56 58
12 59
113 194
113 120
10 131
171 194
106 170
95 133
88 184
179 183
94 170
38 87
14 151
16 173
59 91
70 205
73 158
140 180
48 67
180 200
142 149
50 85
27 197
131 170
4 207
16 24
137 167
17 212
40 87
41 83
68 145
119 141
122 124
29 44
23 174
34 181
63 203
44 186
45 77
33 98
77 134
133 176
80 96
16 90
35 207
6 161
53 146
15 134
115 209
26 176
38 139
170 197
17 38
34 53
26 79
88 102
90 179
33 165
102 212
132 179
24 56
18 216
44 193
32 190
22 80
47 164
115 216
173 179
177 201
32 99
50 138
23 188
119 134
164 204
36 49
1 212
117 217
172 181
114 132
73 190
65 200
147 211
11 130
10 108
56 68
6 177
91 148
50 149
137 162
13 108
86 167
57 202
46 98
86 90
4 39
104 189
67 126
144 187
115 141
88 156
76 115
148 195
72 108
63 72
39 65
56 79
146 173
2 80
67 193
26 134
19 122
16 46
101 130
47 125
142 174
16 177
12 152
13 71
26 75
177 208
46 189
175 213
40 196
5 202
64 129
132 210
173 182
88 207
59 177
92 208
128 170
187 206
179 180
26 57
28 214
133 145
29 49
102 131
13 127
108 114
51 101
36 177
40 203
140 158
84 149
165 211
65 115
136 157
38 196
99 125
53 164
58 192
27 52
104 208
94 125
172 198
11 66
38 128
102 121
25 177
35 51
87 168
81 188
5 106
20 38
62 172
184 207
146 179
15 129
82 164
6 168
77 183
87 102
6 131
25 129
91 190
181 205
71 83
103 204
84 121
26 94
107 132
42 62
107 207
173 196
28 102
14 217
23 168
66 167
40 217
62 112
52 74
123 207
99 210
50 87
64 92
175 187
102 147
26 199
79 102
21 119
122 159
107 122
113 166
1 210
24 53
190 202
49 122
16 71
108 110
93 150
50 77
34 130
86 194
127 147
0 159
40 136
77 159
151 189
17 137
105 191
41 166
140 203
172 204
110 168
90 124
52 200
87 144
18 159
16 32
120 128
186 207
41 203
142 190
120 176
37 78
66 124
47 73
114 130
23 156
148 176
109 136
139 182
35 163
96 130
28 159
68 81
187 198
17 32
62 168
41 63
84 170
16 86
23 171
10 24
161 182
31 105
19 129
108 116
7 31
89 97
137 163
181 191
23 30
46 212
127 179
23 124
103 203
84 180
1 159
48 82
7 112
61 199
167 205
48 111
39 109
72 197
60 99
10 95
106 213
4 86
31 201
55 155
15 32
93 212
31 58
168 187
87 215
199 203
151 172
82 135
187 197
73 184
118 185
79 156
85 109
46 211
95 216
129 152
76 188
72 83
19 185
84 176
1 199
175 182
69 188
117 123
83 154
6 193
114 210
128 203
102 148
16 149
5 42
74 146
7 216
56 138
53 65
116 206
26 132
34 101
61 102
122 139
22 84
124 160
2 9
55 205
7 24
38 198
11 185
86 198
147 176
128 174
156 209
26 106
71 110
113 180
44 150
134 171
63 197
42 57
3 71
16 45
12 83
16 37
11 183
162 163
74 148
149 174
184 197
158 162
179 217
50 73
89 216
130 155
184 212
58 97
179 206
96 198
18 168
10 128
110 163
49 207
99 184
118 172
23 153
112 192
144 165
6 181
98 213
192 200
101 213
14 120
10 204
31 74
79 83
161 175
74 126
80 192
19 128
106 191
37 192
50 103
75 143
137 181
23 164
26 42
2 33
136 205
201 210
107 212
42 48
50 195
194 208
70 115
81 185
134 195
129 201
18 92
6 50
155 185
15 169
88 183
144 147
103 196
11 146
70 134
111 117
135 170
72 204
103 206
163 200
35 93
5 17
98 210
200 209
152 205
55 69
128 169
111 163
61 82
181 210
62 97
14 175
150 191
12 36
48 58
33 48
3 127
88 190
85 168
104 158
167 180
10 133
14 153
173 197
0 28
53 217
123 155
42 100
99 145
64 209
91 137
101 124
86 140
33 133
19 131
5 51
117 142
84 156
48 76
76 159
159 193
23 189
172 214
34 197
33 85
116 151
113 193
105 217
77 215
36 115
111 147
46 62
142 155
56 177
96 125
144 212
31 142
27 146
70 168
144 161
16 17
110 155
137 168
52 216
63 184
6 30
62 90
62 142
144 174
50 144
98 124
56 69
13 203
5 33
5 212
77 114
125 183
54 189
144 201
0 164
63 124
62 133
115 180
129 137
87 130
88 164
29 211
2 195
156 216
80 146
5 124
140 213
58 121
23 197
59 194
41 110
70 159
52 184
130 184
141 181
163 169
67 153
12 177
91 185
157 208
9 184
22 110
88 109
52 143
91 135
12 42
64 121
3 82
75 87
27 39
1 64
0 25
121 179
5 118
16 59
33 128
65 133
7 20
14 69
127 163
119 138
22 81
77 83
146 204
76 191
62 119
99 109
142 208
9 151
142 158
151 177
24 102
135 149
57 87
9 125
12 155
175 209
147 181
104 108
37 67
132 209
51 79
70 131
174 198
71 120
26 216
2 76
85 154
7 128
163 204
51 141
166 180
54 169
167 172
135 136
3 88
12 50
140 142
153 205
59 61
151 184
102 161
137 214
9 112
57 106
149 177
52 65
166 169
76 149
116 215
118 149
152 217
138 176
174 181
153 159
133 207
29 55
71 128
38 60
49 98
1 208
122 167
139 193
87 124
58 165
120 159
8 133
99 152
144 172
69 117
150 174
123 215
37 185
34 208
68 80
103 111
17 61
45 114
115 138
40 78
14 212
70 199
34 200
79 196
136 164
107 137
18 194
15 35
116 139
156 195
103 121
16 111
77 184
39 92
102 153
58 145
48 119
166 181
74 99
88 172
41 187
53 161
9 167
83 182
70 114
73 107
37 135
29 112
1 57
35 171
87 117
149 211
110 141
71 166
15 152
41 159
12 193
98 159
36 154
32 107
189 199
147 196
107 115
60 190
116 161
7 146
48 150
137 212
113 178
93 181
58 70
101 132
92 105
7 155
82 200
56 88
57 186
5 146
109 170
86 97
0 202
86 154
28 196
55 119
72 171
179 189
68 71
55 143
19 39
38 201
21 169
64 198
141 143
185 198
111 195
49 165
42 171
184 214
167 197
2 87
131 134
38 155
91 147
55 120
13 202
68 186
129 188
85 114
164 213
12 109
54 211
107 156
39 131
140 156
24 211
47 167
61 170
109 140
118 198
76 150
6 36
8 150
21 203
132 189
23 146
73 80
9 82
72 123
18 38
133 210
12 29
35 53
14 191
39 86
22 182
17 117
135 174
176 190
185 209
22 130
47 211
78 101
43 165
69 208
151 215
36 42
4 168
78 195
173 191
105 205
20 90
106 142
13 118
151 207
12 78
20 117
116 152
65 105
5 100
8 58
108 132
68 110
70 197
49 102
59 187
34 69
38 186
5 65
57 126
69 181
53 85
42 70
10 86
38 82
25 155
173 203
110 162
15 167
58 93
101 127
63 193
4 116
111 119
31 161
54 217
52 99
28 101
7 213
35 77
67 116
192 209
4 196
116 195
92 216
100 204
62 162
8 118
15 50
42 161
74 145
74 137
1 136
65 214
124 140
25 175
191 207
22 162
117 158
119 147
11 101
145 199
143 148
117 201
92 154
55 151
62 163
101 113
1 65
1 25
32 203
5 168
75 139
64 130
69 130
45 51
14 187
59 161
59 119
30 67
139 210
48 192
65 134
112 207
22 43
107 175
33 54
100 205
62 93
90 132
111 186
8 30
54 55
103 170
15 71
62 121
12 173
61 197
72 165
9 94
5 62
4 191
105 150
104 193
5 214
34 47
31 153
119 153
62 134
89 98
86 168
93 190
138 164
69 124
41 130
128 176
73 118
89 157
8 51
95 97
13 58
12 188
126 148
118 129
32 55
201 202
73 143
35 115
15 147
85 217
90 142
12 13
8 108
53 212
3 112
186 208
11 197
32 37
39 82
200 207
47 179
48 60
66 143
33 86
65 85
96 212
176 179
72 114
95 155
42 167
41 146
31 110
50 184
106 193
96 100
11 22
72 74
79 107
9 101
49 160
5 49
22 115
14 111
73 161
16 191
16 123
8 98
14 15
10 87
74 132
50 80
17 196
138 144
81 179
136 143
60 68
126 174
139 154
132 158
92 166
79 162
80 188
3 101
75 188
79 126
177 188
35 39
83 116
27 117
184 191
50 174
136 140
21 209
39 146
99 216
121 205
40 125
152 204
97 114
68 96
87 197
88 154
29 149
13 114
38 120
3 12
143 209
30 135
42 110
91 107
8 144
27 169
136 177
136 209
0 88
138 216
178 201
158 170
9 168
145 166
70 195
6 162
81 204
26 152
146 177
68 115
76 179
19 170
57 84
18 104
60 92
19 100
65 190
126 142
157 166
17 107
58 141
130 193
143 202
78 175
15 116
24 189
78 121
101 183
68 148
125 140
82 144
9 141
60 103
5 166
51 148
9 35
24 217
7 144
17 134
37 82
85 87
81 211
59 107
41 209
131 204
46 156
18 39
128 198
37 200
59 87
42 105
143 206
29 81
36 54
85 209
14 119
66 100
57 118
127 189
36 40
127 160
57 75
103 165
3 55
206 210
41 123
24 61
74 160
42 174
3 62
12 64
19 54
123 166
30 176
88 217
176 180
118 134
26 166
71 197
130 132
3 183
136 214
21 216
32 86
1 80
25 94
20 26
47 132
69 165
38 135
89 110
69 113
82 154
13 40
41 164
99 114
78 177
108 129
9 217
90 160
43 44
144 216
27 131
76 198
176 186
95 175
62 78
124 134
11 213
30 170
184 217
43 67
60 76
35 130
34 205
89 204
155 189
85 164
1 211
101 115
109 166
9 22
125 163
14 75
21 67
107 186
45 83
78 123
86 210
149 168
100 198
113 170
118 165
61 162
126 193
88 215
3 140
152 201
72 96
19 60
175 214
87 105
91 129
111 160
47 200
25 33
138 185
23 110
35 88
123 182
90 183
23 196
65 122
177 194
26 138
1 2
63 111
92 119
4 82
118 208
46 127
31 37
30 211
8 28
105 117
82 194
173 188
119 132
11 117
111 196
121 208
96 188
98 215
195 213
16 167
39 114
41 169
5 10
24 128
10 118
59 68
3 93
183 214
27 70
15 72
46 178
49 180
25 36
73 186
12 185
183 192
2 68
109 158
42 216
81 163
15 58
15 191
81 169
130 208
166 189
55 79
100 155
111 165
26 108
103 198
40 188
53 87
16 179
178 204
13 110
37 213
61 118
177 210
104 215
26 217
148 196
105 159
127 151
205 214
47 55
59 94
44 129
20 91
86 123
33 115
1 112
145 169
20 149
17 125
88 111
181 201
98 125
7 199
68 214
158 175
5 69
135 216
35 161
43 53
178 206
77 208
59 188
47 119
89 168
30 44
105 201
10 112
34 143
173 184
2 116
167 210
31 150
131 211
2 82
6 195
5 129
6 191
72 153
147 169
8 113
81 89
11 139
58 197
55 213
99 202
17 122
198 201
97 106
81 197
35 72
133 208
39 117
34 121
86 173
72 205
88 95
7 134
66 172
91 178
117 177
114 115
31 127
54 122
28 58
74 113
60 117
46 50
61 131
17 66
65 113
56 85
194 213
208 211
128 173
41 115
75 217
29 164
82 86
145 159
80 118
106 164
79 163
30 115
75 184
80 136
15 160
91 171
3 117
61 184
41 108
16 209
49 214
1 121
49 112
109 132
110 154
37 216
57 197
86 125
26 142
96 207
2 171
44 136
26 175
56 206
34 41
1 157
133 187
18 174
70 178
112 153
30 78
18 23
171 205
10 52
113 157
36 74
116 194
94 143
68 126
2 50
37 149
24 156
19 63
22 179
58 134
9 52
6 12
53 143
51 147
48 173
47 127
72 119
22 117
22 56
1 172
140 189
18 48
71 109
66 209
54 109
51 117
39 147
161 217
127 167
141 182
10 140
24 167
80 185
84 152
40 62
91 134
161 205
139 157
163 195
14 112
0 26
19 138
130 177
145 195
161 179
64 182
187 217
42 168
85 105
8 140
41 85
81 104
94 192
15 53
40 76
6 159
56 61
159 181
17 144
133 203
92 137
67 154
21 48
86 127
14 16
68 187
103 193
58 177
62 149
38 156
104 134
110 210
10 206
120 173
37 184
70 170
16 112
91 112
186 211
75 204
166 215
169 176
57 204
20 65
64 108
124 145
62 102
155 191
153 199
122 186
14 182
64 141
63 178
149 183
168 177
83 200
16 180
28 200
48 210
53 213
134 146
92 150
28 190
121 143
95 171
115 217
51 160
133 200
48 214
91 169
77 189
15 113
120 141
80 199
20 175
165 204
2 158
19 40
85 197
18 160
142 195
86 112
48 54
26 168
33 209
128 139
43 120
56 171
135 159
138 150
43 63
99 119
145 198
74 186
133 173
16 176
1 74
11 127
61 176
34 71
41 161
144 149
12 134
12 54
110 124
16 137
85 107
52 90
24 168
37 49
58 175
9 195
111 116
4 5
54 198
37 119
36 77
12 191
82 96
46 155
35 129
47 85
20 62
116 158
59 216
59 180
34 85
0 98
30 195
61 210
160 182
22 147
22 105
19 143
94 152
63 182
101 119
79 172
129 144
12 82
7 91
85 214
16 117
60 74
37 75
113 210
24 213
26 151
19 166
129 189
6 203
62 161
43 160
31 53
67 74
36 111
72 209
53 214
45 131
111 185
34 138
32 159
68 77
41 173
126 134
159 210
56 100
180 194
154 185
74 173
138 149
56 172
10 195
120 197
130 194
155 175
6 103
160 173
28 118
81 94
14 186
157 179
79 176
147 168
39 171
68 163
74 129
22 125
55 194
91 96
33 202
78 140
127 202
62 157
128 135
18 206
46 120
117 194
42 77
45 116
76 154
137 215
14 73
24 31
21 24
33 193
144 215
115 195
136 215
106 215
48 74
4 141
88 149
75 133
62 171
6 110
134 187
24 208
83 156
82 156
31 207
65 82
61 97
38 78
72 105
50 162
136 190
12 63
59 175
89 116
14 101
27 51
177 196
12 162
133 177
50 201
14 133
174 210
38 134
136 155
109 175
10 67
26 118
107 136
62 160
178 189
18 209
37 139
89 142
100 114
118 169
57 134
120 161
45 164
89 152
62 189
159 216
129 160
21 134
137 158
46 141
45 118
38 212
70 217
109 131
47 142
134 158
102 210
44 147
121 161
48 152
19 80
37 42
175 201
38 140
136 162
79 133
11 20
22 157
202 213
20 190
128 165
129 156
34 180
107 143
34 168
108 216
42 213
16 197
78 154
97 102
8 179
59 115
1 146
24 108
9 34
30 132
207 214
117 149
193 206
11 30
124 197
124 178
23 178
148 171
88 97
37 124
133 134
21 175
9 169
176 193
40 127
48 174
140 168
139 151
130 215
94 118
48 125
3 65
190 201
33 205
76 147
39 165
109 176
155 214
91 199
12 205
50 89
13 180
5 184
152 186
60 89
153 208
96 154
104 139
17 44
100 151
73 175
62 141
9 212
149 165
4 77
24 202
24 25
7 104
42 185
108 142
112 172
49 168
130 185
76 90
102 105
43 81
40 101
139 209
133 139
44 57
130 201
67 206
93 108
11 60
62 138
97 174
97 179
68 179
109 160
36 151
6 93
38 148
20 104
71 122
167 177
45 78
106 146
100 182
99 179
10 189
52 113
182 199
115 199
95 152
109 114
1 100
83 188
77 82
49 146
22 42
43 92
143 204
0 176
24 70
68 138
54 93
97 191
113 115
154 203
44 128
166 202
35 75
163 189
68 93
11 140
36 92
87 207
30 37
33 149
20 75
12 47
42 145
5 18
34 43
62 211
14 147
63 181
48 59
81 195
6 205
17 195
112 119
43 150
25 206
2 91
123 184
74 156
56 169
119 217
106 216
121 171
48 183
12 23
24 161
137 166
53 61
53 169
103 151
105 110
15 164
116 191
98 109
47 129
5 171
106 153
162 208
171 211
70 85
174 186
30 165
57 187
111 188
48 118
10 30
127 161
139 163
131 151
96 210
115 215
72 107
91 173
9 205
4 183
16 20
75 194
37 86
28 120
9 115
18 78
80 112
124 155
157 185
146 152
0 211
153 172
98 132
114 127
123 197
52 203
92 217
96 115
5 141
7 87
52 181
65 130
17 166
15 56
107 215
27 128
93 165
12 26
1 32
8 149
148 205
103 172
17 39
188 212
165 197
14 17
44 173
87 95
93 146
5 84
18 36
75 167
119 184
114 161
138 194
110 216
191 198
26 29
56 195
2 204
95 111
47 84
73 75
136 181
1 176
23 170
51 163
134 161
76 127
157 196
102 182
107 149
1 111
44 104
29 52
16 56
19 111
69 109
56 104
24 89
103 215
17 20
31 152
99 131
61 77
39 158
76 171
7 46
120 134
76 93
77 93
151 205
111 181
49 171
28 33
144 169
21 208
17 72
85 206
63 144
144 151
79 208
11 165
36 159
151 209
1 84
17 80
45 65
79 195
125 178
67 124
103 197
37 212
107 158
64 76
212 213
5 46
91 125
32 56
94 211
177 212
9 173
128 168
67 185
25 116
44 195
17 25
108 145
18 120
95 137
12 138
43 184
182 213
83 134
62 167
94 121
44 189
80 207
52 53
52 146
1 153
37 102
134 141
29 181
74 143
36 80
38 168
148 167
0 63
170 184
20 70
52 192
113 122
28 185
121 203
46 128
44 68
85 176
130 160
1 193
198 199
104 146
186 194
150 209
34 66
116 124
62 81
27 130
63 155
38 98
150 176
63 212
67 113
1 48
82 125
97 162
131 215
59 179
94 97
16 35
40 72
4 162
58 91
11 106
45 194
173 215
100 132
2 56
155 217
71 136
59 156
33 144
105 146
91 176
93 142
44 55
60 69
74 87
40 176
31 168
68 94
61 92
179 199
59 106
115 173
73 215
26 49
13 217
11 180
0 152
38 188
46 182
132 201
131 158
131 143
66 114
36 187
28 54
82 91
88 194
46 105
91 152
4 134
130 165
81 135
5 13
40 120
22 67
27 61
14 39
143 178
73 109
28 141
48 91
121 174
110 185
51 216
58 137
103 143
8 92
86 216
81 118
169 202
129 184
11 205
198 208
116 132
27 212
19 86
79 215
56 127
183 202
97 141
24 142
24 121
120 180
199 211
148 156
43 210
115 183
32 157
83 130
18 60
48 185
78 115
4 48
86 147
122 160
124 175
142 205
146 195
21 146
73 135
166 217
28 96
14 35
112 175
69 133
0 16
40 96
71 188
6 82
65 170
65 116
40 183
17 82
115 171
28 143
155 166
13 52
29 99
65 128
7 92
131 213
77 195
21 191
72 102
51 187
89 203
124 135
47 165
5 115
91 101
37 50
35 154
40 93
21 187
53 78
37 52
72 129
13 101
6 138
54 206
57 163
96 202
35 79
19 207
73 171
183 201
72 167
65 163
45 47
203 209
123 194
118 191
106 184
55 146
57 192
11 113
20 82
4 117
135 147
178 208
8 32
59 100
108 161
73 115
152 194
111 113
65 73
94 130
110 138
58 139
165 168
50 78
30 154
71 95
86 117
163 181
66 85
50 152
5 199
35 64
12 190
107 214
37 137
94 160
27 94
3 16
46 140
60 180
38 151
34 102
20 93
59 82
33 55
9 70
23 36
130 173
188 206
123 156
71 82
94 183
119 162
104 178
51 158
153 175
38 149
153 187
11 193
21 115
0 45
6 24
155 177
169 209
77 187
168 201
106 135
71 140
25 139
123 196
29 117
72 97
64 134
30 194
148 184
123 212
73 183
52 169
35 68
11 162
19 87
50 56
134 186
12 89
167 168
102 139
45 142
12 169
7 145
35 102
4 180
68 190
54 92
136 138
23 167
91 183
14 28
70 148
68 192
2 114
46 82
130 198
104 202
32 47
48 178
90 196
13 61
13 133
44 134
95 105
142 200
101 112
83 184
158 187
65 78
81 91
56 211
159 194
27 99
56 187
58 160
50 204
47 195
140 160
75 175
41 171
30 88
36 145
23 35
169 216
136 169
72 95
37 109
58 102
183 203
44 107
63 90
45 72
65 131
136 196
11 186
4 199
53 106
3 193
85 132
13 165
204 210
16 131
17 179
39 45
115 192
43 130
89 115
48 136
139 189
26 126
114 117
54 150
54 76
102 174
62 109
3 128
142 181
58 204
106 180
34 59
39 155
7 81
22 136
12 62
146 196
26 139
57 103
197 209
121 201
55 89
54 64
14 184
1 72
64 126
12 192
155 158
66 104
206 214
169 192
143 200
130 137
46 143
127 204
54 172
90 109
72 207
51 197
86 190
69 176
5 156
52 213
189 208
124 185
13 80
39 198
123 152
0 104
36 82
19 108
24 28
15 36
26 104
30 160
75 169
72 172
107 179
124 166
42 58
39 140
51 71
76 106
19 142
52 108
72 128
149 182
2 84
42 135
34 45
73 78
13 46
44 175
167 181
18 42
123 135
178 207
108 113
22 91
98 152
76 134
99 180
171 193
162 166
69 178
121 157
25 207
96 162
21 89
85 189
32 182
45 197
206 215
49 115
31 194
90 192
10 192
51 97
200 205
117 207
21 57
38 105
167 217
30 216
69 114
132 197
126 177
144 163
115 197
64 131
214 215
71 183
98 189
97 113
147 210
39 162
74 96
5 95
32 180
71 194
31 68
16 183
26 116
53 68
145 196
1 81
72 193
34 87
53 123
37 58
135 168
20 43
51 180
60 63
153 163
81 111
65 178
190 205
40 163
29 82
77 191
47 151
134 183
131 184
6 122
180 209
125 200
13 149
17 158
32 174
45 203
51 57
57 217
23 160
40 70
56 103
134 159
17 209
89 195
27 73
84 143
63 84
118 145
6 214
14 203
63 130
16 181
128 180
19 174
129 157
45 162
63 152
189 207
145 170
4 71
33 197
86 131
14 97
90 113
116 209
11 110
64 165
103 144
49 71
33 104
161 189
55 117
7 113
121 122
3 146
86 110
35 200
155 209
91 215
26 63
6 172
54 166
105 153
65 158
77 131
64 93
95 164
66 213
15 173
53 191
123 214
68 119
0 50
63 156
42 72
60 212
106 117
15 101
41 208
96 105
62 192
85 134
110 126
82 93
150 196
34 175
83 202
109 145
68 86
70 166
90 102
140 165
123 187
34 76
60 155
14 122
13 151
8 146
48 108
38 136
90 116
109 183
156 208
98 156
55 153
127 192
23 33
31 118
126 207
32 217
194 205
81 102
93 168
147 192
192 201
69 73
23 67
185 214
44 80
165 186
102 107
35 197
80 203
126 152
174 213
26 98
21 26
112 159
32 88
75 86
114 160
86 145
105 149
53 193
11 153
35 108
61 154
70 171
147 172
36 90
24 94
25 217
4 166
51 154
8 124
46 126
25 161
52 175
100 187
24 42
73 116
44 63
93 107
168 186
77 124
119 187
6 22
30 174
62 191
69 153
65 138
8 49
46 204
15 54
171 212
80 83
2 107
170 187
109 123
148 154
128 158
2 143
2 127
60 88
94 172
35 83
186 200
106 209
140 149
23 70
11 159
24 207
42 127
176 195
31 138
71 75
140 170
8 136
127 182
97 182
82 123
131 180
80 196
53 122
63 146
99 121
81 208
71 130
30 91
152 163
36 124
135 144
128 182
8 81
21 135
60 95
53 148
41 76
0 41
128 208
24 88
125 164
64 154
77 110
84 209
29 190
139 198
97 159
11 152
13 27
8 89
5 205
133 144
111 214
74 115
154 178
179 181
5 24
111 200
45 127
51 150
14 99
46 79
114 123
117 198
159 192
51 93
29 144
65 89
121 158
187 202
155 174
83 117
89 186
35 121
44 97
105 119
138 159
116 129
10 63
157 163
20 111
187 189
87 201
90 157
104 140
134 167
85 199
34 137
65 191
9 50
115 181
134 154
207 208
73 132
11 52
47 104
2 148
63 208
53 109
141 210
19 78
51 198
56 181
25 63
17 103
40 173
54 84
193 203
76 91
134 180
139 199
13 39
30 101
108 112
53 211
76 120
40 197
63 161
153 188
86 116
59 116
42 180
6 199
150 200
49 103
19 37
17 127
0 172
28 94
53 145
108 151
84 98
65 88
85 121
56 175
8 170
47 147
23 192
55 90
111 136
11 46
50 146
71 111
21 213
51 184
3 115
26 215
101 157
54 90
4 104
35 169
48 145
32 54
25 99
83 122
69 141
136 175
70 154
25 181
5 80
34 114
180 208
58 140
46 213
10 35
24 74
158 211
73 106
103 112
125 168
94 155
165 195
84 148
23 119
132 176
28 48
12 48
101 179
130 203
2 119
91 114
76 212
167 178
67 214
149 210
17 41
12 111
85 120
81 107
82 87
32 40
82 136
43 134
111 154
105 196
102 194
105 214
183 190
66 121
14 94
158 179
85 186
146 193
113 204
113 201
7 156
29 77
77 210
115 143
26 82
47 193
86 111
106 199
2 72
78 213
72 188
87 217
141 164
62 182
10 31
10 212
148 189
79 174
65 204
56 131
152 195
19 148
97 98
105 169
54 151
150 173
105 122
70 158
120 121
90 187
122 201
10 185
29 57
12 124
185 204
136 170
20 157
123 185
9 120
80 194
119 165
76 94
120 142
40 66
28 92
46 59
71 187
104 207
26 59
88 199
21 84
32 139
49 185
15 125
15 97
106 172
9 108
136 210
56 95
48 208
52 179
146 210
28 104
198 203
6 150
49 54
54 140
66 74
79 179
135 165
110 179
19 151
71 86
10 66
13 171
29 168
50 211
15 132
95 103
196 206
107 161
19 73
127 157
195 199
39 90
59 202
138 183
32 52
68 83
141 175
72 178
21 150
72 164
52 57
143 150
22 133
5 127
15 120
81 132
39 190
57 166
160 177
27 152
58 73
22 145
157 176
92 209
74 172
74 139
57 193
66 120
67 179
21 29
31 144
124 201
118 209
157 160
163 216
13 145
121 138
40 184
133 175
64 191
25 69
157 205
53 99
82 178
66 71
14 62
18 149
26 140
75 83
11 92
94 112
92 206
37 128
87 143
65 175
13 59
55 63
48 149
80 183
58 100
150 179
132 215
54 200
142 151
0 150
132 198
57 82
66 196
3 130
87 110
14 49
62 113
69 76
95 162
16 214
84 207
42 126
60 174
55 71
79 82
21 198
44 62
67 96
94 166
39 157
97 147
161 168
46 153
5 64
32 49
30 127
45 125
22 156
55 148
176 182
76 214
43 58
7 118
141 191
72 217
100 211
122 150
13 157
77 164
8 201
154 208
190 203
105 142
77 190
120 164
4 21
61 94
85 92
14 185
26 87
103 210
4 190
48 100
41 202
60 72
87 103
82 143
105 170
64 160
139 192
52 130
156 185
58 112
5 137
189 198
132 214
55 66
62 214
158 186
178 193
120 166
180 210
111 191
148 163
97 105
35 37
95 209
21 145
40 194
29 50
56 63
127 154
73 173
101 185
32 152
2 213
79 207
60 164
120 129
34 139
128 164
165 179
115 182
23 93
177 187
29 54
93 99
179 196
48 159
18 74
93 112
76 176
108 152
117 185
25 136
32 81
141 195
56 183
61 151
69 180
8 70
54 181
99 209
54 132
100 214
85 142
102 129
24 100
95 168
1 13
43 111
18 19
135 175
57 115
81 90
173 193
10 129
172 189
99 206
147 175
112 152
151 171
91 196
7 48
21 137
18 47
116 119
50 140
98 131
98 158
66 195
163 180
49 189
0 130
9 19
61 138
17 213
11 99
84 116
180 216
141 166
112 113
160 215
54 115
150 166
114 183
27 176
110 152
8 171
117 186
91 117
202 216
38 114
75 215
129 150
45 105
35 190
55 214
82 107
87 181
16 205
24 39
9 210
42 149
8 54
95 107
35 100
59 198
79 122
16 144
106 128
21 52
102 165
103 108
47 202
31 163
39 217
58 146
87 139
94 189
79 130
120 124
28 30
112 214
71 214
135 215
39 89
72 166
77 176
5 116
135 145
22 93
24 155
79 132
14 199
68 175
156 187
21 106
27 138
125 130
17 37
26 81
157 170
30 217
66 151
62 169
2 174
60 193
63 100
14 87
5 138
49 172
8 214
121 206
11 82
57 184
94 106
9 162
176 177
150 208
85 129
71 99
3 24
1 21
50 131
0 67
99 190
133 154
67 112
17 178
4 85
111 162
14 163
19 55
34 191
43 205
30 182
111 189
106 197
14 144
46 179
60 177
139 147
17 40
26 127
27 124
12 122
35 44
17 95
23 177
145 172
80 115
57 71
19 190
86 161
138 160
15 139
96 147
157 175
14 156
38 89
27 90
8 73
125 203
132 169
14 74
160 201
15 209
86 196
75 79
44 188
100 195
71 94
92 173
40 168
2 59
99 191
156 193
0 30
102 190
5 6
72 104
113 172
45 111
113 123
123 183
143 193
81 127
61 179
103 158
2 90
55 177
97 160
60 140
168 211
25 56
73 174
109 127
14 128
31 146
69 199
11 40
95 204
3 106
1 7
9 44
33 64
42 124
57 111
52 121
40 99
56 193
44 52
57 196
9 42
110 194
116 154
43 98
31 102
59 93
143 211
145 197
82 206
23 176
97 163
21 200
160 207
195 207
99 115
83 193
37 39
33 66
32 151
58 99
71 131
33 191
2 128
161 177
66 212
34 194
35 166
13 198
44 113
44 118
64 163
41 205
141 202
57 107
33 211
56 119
17 67
123 137
143 153
191 215
133 159
164 211
91 206
42 192
115 160
86 202
94 175
38 67
73 105
23 131
81 99
117 169
50 193
68 108
26 123
46 124
39 168
77 96
30 100
105 215
130 190
83 142
46 175
17 19
30 152
129 169
59 86
109 174
52 174
138 161
12 67
37 76
15 140
78 108
47 81
31 46
79 114
76 118
70 188
6 92
16 49
56 139
66 139
214 216
67 171
32 50
13 113
21 123
44 83
184 194
146 192
3 178
35 63
103 156
23 145
20 177
50 83
10 68
22 196
15 106
79 99
22 154
14 207
127 164
89 106
26 51
16 125
212 216
69 177
111 157
154 155
38 169
30 169
33 53
47 83
117 162
62 123
178 215
71 182
72 160
77 163
138 187
104 211
144 160
87 127
29 179
196 198
58 194
2 106
57 135
37 104
44 212
101 171
51 89
65 154
23 193
151 182
22 163
42 169
17 143
29 66
21 113
175 195
34 109
5 113
33 170
68 82
117 139
127 149
88 210
28 108
169 172
26 35
43 87
94 134
5 140
57 140
152 193
119 205
158 201
5 9
71 91
104 203
104 138
17 128
32 193
37 53
9 26
197 199
152 155
96 133
0 205
92 157
3 143
36 106
3 81
40 178
20 42
101 175
16 165
5 191
146 153
128 149
14 205
23 42
29 38
102 193
170 200
135 183
57 212
182 185
25 141
181 206
68 72
143 162
121 215
6 65
44 101
100 135
48 62
17 90
46 48
79 127
15 131
38 43
111 161
12 154
1 9
38 181
121 175
20 152
81 120
131 191
194 216
49 153
121 163
50 203
137 177
27 145
17 172
18 37
119 121
25 125
80 150
142 170
23 113
13 94
20 96
55 96
11 132
67 125
2 190
163 215
42 170
74 92
77 145
144 156
31 140
58 191
79 154
47 120
83 176
52 85
94 123
156 165
36 113
99 150
156 166
30 113
43 127
211 216
93 115
56 91
7 15
56 150
103 139
44 143
195 203
17 73
7 9
54 125
60 120
28 100
37 168
42 96
114 164
125 127
76 155
5 43
80 103
32 116
19 31
93 147
93 196
3 120
111 112
163 164
30 163
79 214
14 210
71 76
49 124
181 204
101 176
24 136
10 15
62 178
23 147
35 202
72 189
46 168
182 217
47 189
50 79
34 82
96 144
45 115
32 161
123 205
116 198
47 71
2 25
122 206
56 158
91 193
90 207
77 154
77 205
88 161
13 47
148 206
55 178
9 213
99 187
18 123
58 90
47 51
66 145
40 92
38 145
38 131
50 200
4 204
47 216
26 181
12 94
7 149
82 196
3 8
162 197
46 63
29 100
95 117
11 145
38 54
44 102
81 126
32 46
62 107
138 213
3 169
4 127
137 148
97 117
58 142
18 148
103 134
29 160
26 184
79 205
46 215
139 160
90 182
11 109
38 63
144 179
21 178
33 35
167 179
1 162
73 209
26 90
36 217
4 19
57 132
69 212
34 185
70 143
117 146
170 205
94 147
117 206
122 205
107 194
68 217
2 212
130 131
66 153
41 89
17 118
33 182
27 129
89 118
143 165
93 173
58 189
51 127
16 105
9 180
95 104
34 141
78 91
25 85
64 136
43 174
83 197
7 171
12 69
95 207
28 151
80 114
49 141
97 166
20 72
146 182
35 85
16 27
19 118
33 94
151 180
34 183
2 153
135 179
42 175
107 130
6 81
38 174
41 167
96 121
61 189
66 149
2 109
40 153
102 216
10 62
82 210
28 128
179 203
13 136
2 38
191 200
129 204
0 66
51 217
1 119
83 126
10 49
150 180
22 170
51 152
53 194
102 200
82 211
72 116
5 213
30 205
120 192
61 187
87 118
134 178
29 163
70 157
42 107
133 148
87 121
6 117
7 58
1 4
119 155
115 174
72 139
83 149
156 202
125 132
45 55
126 141
120 145
1 58
82 167
21 206
199 204
91 150
62 71
125 175
23 207
9 111
129 170
46 107
49 190
20 174
2 155
108 162
20 94
127 168
23 71
7 173
28 29
113 215
10 84
49 107
25 134
176 205
6 213
82 138
13 116
30 133
96 104
8 63
135 166
52 164
134 137
93 106
8 138
99 113
67 71
155 195
92 123
17 149
61 115
49 90
20 119
173 178
61 149
1 40
115 156
42 190
23 158
38 175
129 167
83 104
13 182
47 131
1 120
111 192
64 84
104 117
44 59
0 131
18 215
89 131
27 201
159 200
45 122
166 183
24 201
78 147
12 202
34 148
11 108
47 140
46 122
89 124
9 69
157 164
2 175
55 140
4 137
58 144
47 107
131 149
15 217
42 99
110 114
51 60
8 40
92 136
179 186
37 105
193 213
174 206
110 183
45 134
89 171
194 199
120 188
123 193
159 215
178 202
62 206
33 161
129 206
85 122
109 122
21 139
97 145
47 185
16 185
68 102
82 195
97 148
20 39
137 164
20 134
174 202
28 115
79 89
94 195
52 199
48 122
120 193
172 184
127 142
4 68
106 158
19 196
19 34
71 208
45 82
1 12
144 148
143 159
10 141
158 197
15 105
28 152
94 137
55 199
49 105
69 84
170 217
53 168
37 41
48 98
40 60
22 47
70 102
42 74
61 191
78 208
65 169
178 198
46 214
26 36
60 165
75 132
76 178
27 155
187 212
33 138
20 69
40 138
49 61
81 165
80 162
68 182
60 71
112 135
125 143
44 88
182 206
22 111
99 203
168 212
117 155
80 210
82 95
60 166
7 119
19 115
68 97
70 149
174 214
59 112
153 176
149 191
94 174
41 182
81 181
107 201
2 113
14 149
49 56
13 51
63 66
173 212
104 155
29 136
48 115
147 158
30 181
67 216
52 103
152 174
119 209
38 110
136 204
10 156
78 81
41 196
85 191
30 48
108 190
61 198
99 171
77 91
33 77
49 117
120 208
153 166
111 135
102 141
68 113
129 135
72 154
136 166
7 204
45 195
51 100
6 210
180 184
155 165
17 27
43 125
59 184
124 138
46 103
26 115
132 138
6 186
158 165
32 111
58 183
107 189
95 184
37 210
11 129
73 176
172 194
113 145
7 179
11 43
88 106
116 117
27 160
115 208
141 177
169 184
45 189
162 185
88 136
113 179
144 177
177 204
45 148
144 175
32 195
14 59
101 155
46 147
71 180
65 216
57 189
31 198
26 200
131 136
25 53
4 90
68 146
44 90
25 61
102 179
58 110
18 28
176 185
65 97
166 204
133 216
5 206
84 85
169 214
152 167
85 94
126 170
50 154
79 183
193 194
47 188
46 112
49 63
27 191
3 63
1 174
39 42
113 132
104 157
95 99
117 136
14 213
57 81
55 183
31 215
6 144
39 209
76 124
61 121
9 163
122 133
114 179
48 199
183 212
48 97
26 146
104 182
44 66
29 141
67 188
36 65
19 64
139 186
85 118
41 98
102 136
44 74
27 180
44 140
5 8
86 155
40 105
89 194
2 26
7 108
22 27
3 195
52 210
45 96
105 160
42 118
45 76
122 126
49 100
84 189
83 89
65 195
25 57
8 137
66 173
3 184
76 79
49 74
164 188
82 158
86 213
126 133
133 194
119 142
1 181
111 170
77 165
39 100
4 124
105 208
33 173
93 180
64 157
33 117
85 143
13 214
42 207
157 187
130 145
147 179
11 135
125 141
64 104
64 208
47 61
31 92
153 167
35 164
76 143
89 212
96 169
99 183
60 205
50 199
52 185
30 143
101 192
113 114
116 165
141 176
123 188
5 159
92 176
60 109
9 117
31 95
17 170
33 93
38 66
116 169
149 180
79 108
61 157
101 144
79 167
52 136
120 182
79 87
0 101
46 94
8 200
199 200
64 193
84 162
30 68
4 149
34 186
49 64
45 133
112 125
50 156
99 212
95 181
4 139
51 107
87 186
19 154
1 129
80 216
142 194
40 133
71 203
29 63
125 177
144 199
116 163
43 207
5 211
39 152
78 196
170 198
111 208
6 9
57 136
23 52
133 156
51 86
140 214
14 176
93 119
22 155
4 120
101 186
129 173
92 164
5 60
84 115
142 166
44 125
135 192
88 129
69 202
50 133
42 197
48 213
23 130
1 201
80 144
84 87
37 43
100 152
133 162
112 164
72 146
69 169
7 11
146 187
38 203
150 172
36 109
201 212
112 198
54 148
6 187
89 192
164 186
37 133
12 175
41 197
21 201
43 158
47 171
53 91
25 186
110 193
105 180
14 70
52 152
81 205
50 76
23 46
16 213
80 129
101 135
81 124
110 135
15 99
69 213
25 50
45 66
15 184
88 160
11 196
113 174
73 83
66 69
68 130
55 74
106 132
46 83
47 215
31 184
149 212
12 167
14 105
27 137
66 79
76 110
30 39
20 56
13 93
23 166
116 141
35 195
65 102
16 135
162 168
14 34
25 43
34 50
134 174
71 72
82 137
90 96
22 188
24 127
0 82
106 140
54 114
67 97
18 156
24 191
30 33
46 144
129 175
13 96
128 188
49 60
34 203
29 139
53 107
128 154
87 182
70 71
118 200
57 178
15 40
7 135
101 159
33 123
125 152
35 124
83 191
7 101
122 187
121 144
69 152
43 74
26 213
150 215
163 198
107 173
22 171
40 42
27 168
18 29
40 51
27 66
79 100
10 132
114 155
76 109
93 201
84 154
200 210
21 88
36 184
13 181
68 207
4 197
40 145
7 29
31 47
12 27
40 151
154 163
102 160
34 146
16 170
24 66
115 151
92 112
38 108
108 180
166 182
61 212
88 213
20 199
19 74
86 95
15 138
120 123
117 208
123 144
101 182
47 99
146 186
75 172
23 202
38 79
42 196
30 212
159 168
97 126
99 213
70 172
22 209
100 176
24 104
77 100
68 117
83 120
35 42
68 112
74 217
117 137
22 184
82 183
138 186
63 91
130 164
34 190
39 133
115 193
154 199
152 172
47 59
91 102
24 215
20 32
171 210
77 116
38 51
10 166
54 65
73 189
27 92
165 215
55 83
117 134
163 185
63 150
119 133
160 194
104 187
62 104
42 182
55 179
34 81
132 164
26 112
91 165
13 193
59 78
21 44
11 36
44 100
31 143
33 63
151 200
41 147
59 69
65 147
66 140
95 146
137 188
23 211
2 39
15 87
63 85
24 130
14 21
0 29
89 213
36 198
46 76
21 133
4 126
149 188
55 78
88 144
16 126
37 108
2 47
143 216
81 114
43 89
15 64
20 48
129 180
34 167
63 140
10 187
26 167
29 32
53 66
43 82
123 209
77 92
87 206
99 122
60 152
110 201
166 212
45 91
11 147
137 196
53 102
74 116
175 211
58 212
10 77
152 215
12 210
43 90
70 73
46 177
71 90
113 190
7 98
37 172
47 115
72 216
8 168
42 104
86 153
42 120
3 166
32 36
2 151
62 207
150 202
124 215
81 194
81 109
28 146
43 146
71 165
26 203
13 119
139 180
86 126
207 211
5 102
31 204
50 216
130 154
42 195
19 189
37 61
93 128
127 166
98 214
70 123
40 118
51 169
103 106
114 195
171 178
96 160
47 109
167 208
74 205
42 69
47 160
30 38
73 159
87 183
197 208
84 188
185 196
172 192
58 64
84 117
72 75
90 98
43 213
59 75
106 198
64 70
82 126
108 204
29 94
28 110
138 177
80 94
67 147
102 183
113 189
191 204
32 202
67 121
42 164
94 203
139 140
39 88
3 172
105 207
145 173
23 134
70 198
60 135
73 139
14 89
15 153
159 163
28 135
26 173
161 207
32 74
65 180
96 200
109 149
45 52
1 131
4 203
35 97
32 158
111 187
69 92
190 214
158 189
46 47
92 201
116 153
62 128
46 159
60 204
58 169
38 137
41 71
10 208
175 192
7 97
173 200
119 122
108 189
43 75
36 47
15 79
166 195
50 137
114 153
46 100
54 213
16 189
98 205
124 153
56 102
16 147
113 155
78 203
98 194
14 91
52 209
7 75
122 136
15 170
7 94
37 115
0 120
31 124
44 145
79 143
87 179
38 191
17 176
30 172
15 185
28 186
77 166
54 124
40 210
23 165
42 46
64 138
103 123
94 159
41 100
11 80
32 121
92 162
6 79
162 173
71 93
4 169
81 209
14 38
57 73
4 201
177 216
54 185
125 144
99 154
52 173
63 96
71 74
67 198
20 35
118 205
134 189
43 183
16 161
30 187
66 125
78 116
37 148
17 94
135 206
73 207
41 215
3 7
75 85
109 163
96 150
25 103
58 196
43 180
98 134
160 174
72 174
3 206
34 158
43 141
36 70
53 137
124 214
19 76
97 133
6 29
15 37
41 188
3 48
31 115
197 200
59 70
101 177
6 48
131 205
79 117
45 126
1 171
1 179
29 175
75 141
24 98
62 188
146 166
81 113
88 94
62 144
151 190
188 209
34 214
195 206
136 137
27 159
32 154
43 46
64 94
40 108
85 88
171 191
178 188
62 84
102 126
10 16
41 194
17 68
0 81
113 144
47 143
154 217
21 109
85 207
76 173
147 206
141 161
2 210
27 101
49 181
6 41
72 211
14 177
56 83
145 171
48 93
10 111
71 189
138 192
86 197
150 162
14 26
23 75
80 170
193 215
12 97
56 174
35 96
41 211
81 84
2 44
101 211
86 105
15 201
26 31
9 188
138 182
104 200
20 147
13 215
69 149
6 46
43 45
16 95
11 102
56 145
30 102
108 119
71 199
58 107
87 115
104 141
44 65
180 181
122 171
38 85
4 172
165 208
16 61
47 54
27 202
141 194
92 192
0 39
81 177
128 156
2 126
27 46
47 74
8 23
98 157
87 90
8 177
149 201
33 187
96 187
127 213
174 179
64 174
168 173
41 67
21 149
29 132
2 125
46 136
102 149
64 111
48 143
24 153
73 111
85 190
150 182
62 177
29 128
76 168
0 43
37 110
148 200
70 169
129 130
57 94
25 48
56 71
46 199
130 166
53 204
28 157
4 30
172 199
116 200
41 99
7 79
140 175
31 113
42 188
0 129
5 96
38 178
53 113
73 182
72 202
102 208
31 112
84 110
18 40
43 78
0 139
34 96
85 106
17 136
15 190
17 84
119 193
103 148
7 182
35 95
33 129
68 203
65 114
7 170
78 122
87 104
97 104
6 141
14 79
14 107
0 57
125 151
83 169
24 196
77 192
11 175
68 158
40 81
46 56
57 174
99 170
56 137
76 77
34 103
78 126
47 178
24 33
18 182
11 42
175 188
142 157
94 96
98 206
2 108
20 145
15 70
56 135
62 158
67 183
89 182
22 104
53 84
24 54
52 101
7 163
1 55
99 161
18 208
77 95
15 198
192 202
61 95
165 178
8 182
95 173
123 208
77 209
63 114
23 58
8 12
69 81
34 77
173 205
2 12
160 175
22 195
164 168
112 136
88 124
163 175
125 188
158 198
102 152
116 150
171 217
69 115
27 122
35 89
29 158
146 170
108 212
13 117
118 160
105 138
164 212
18 84
28 203
124 143
58 68
71 217
191 203
10 116
61 204
28 111
128 214
78 210
11 96
117 153
28 199
112 216
0 20
46 201
24 152
14 150
168 216
75 89
12 60
34 157
15 143
196 212
84 201
44 200
18 176
30 151
23 61
20 124
92 212
81 116
84 101
75 94
71 156
4 79
136 206
37 176
110 156
8 156
165 184
100 156
64 123
87 166
2 206
16 168
67 118
143 158
146 200
70 212
70 163
7 65
125 158
10 47
193 195
98 209
38 207
27 72
101 194
63 167
17 208
112 193
94 111
85 155
4 163
69 120
108 109
58 149
28 132
34 63
114 145
154 210
116 162
178 183
14 48
97 135
32 114
90 97
14 194
34 196
140 159
137 194
104 210
109 211
99 157
37 142
113 186
3 36
83 190
64 159
14 25
32 206
5 183
98 101
125 133
24 139
166 210
205 217
90 213
8 199
51 188
7 36
117 213
4 49
93 211
36 196
3 136
12 176
40 171
14 138
108 123
112 126
95 154
62 114
147 189
173 216
41 61
25 200
112 151
0 15
6 75
132 203
99 193
146 206
158 212
126 143
10 124
70 109
0 204
150 164
57 119
66 105
63 202
80 193
64 137
84 203
159 172
120 200
144 178
98 190
3 174
13 196
21 31
3 142
30 213
196 211
51 193
89 217
85 184
110 145
39 70
69 134
29 39
4 47
70 129
108 163
56 92
153 165
12 151
82 163
25 123
137 204
24 79
13 69
4 73
11 74
18 101
119 185
127 169
94 178
66 184
49 101
14 78
64 200
111 205
7 62
17 29
75 103
51 215
160 197
76 213
104 105
48 132
77 127
147 177
62 118
92 127
140 193
149 172
74 105
102 186
69 140
55 92
208 216
161 195
5 88
122 169
126 146
162 190
57 99
10 216
101 117
2 188
32 100
4 148
114 209
77 188
43 212
59 190
143 171
22 191
77 126
55 57
80 101
50 176
4 106
29 195
76 197
124 212
135 167
113 168
29 207
167 176
84 89
84 99
0 141
53 199
20 178
158 169
19 203
61 203
58 65
109 150
109 135
36 155
2 57
135 161
42 98
31 181
1 37
46 180
56 197
30 137
107 157
26 121
38 70
61 112
142 161
62 100
6 153
56 213
0 107
92 193
135 142
95 148
104 133
52 172
42 144
190 216
20 89
35 162
5 149
7 116
163 165
119 123
33 124
84 127
126 185
158 178
11 37
41 207
117 164
179 201
150 175
94 181
10 168
20 106
3 197
86 149
76 101
23 73
41 82
107 197
61 190
150 171
48 147
17 121
164 165
28 116
83 180
54 138
10 54
120 186
64 181
0 173
21 60
52 178
72 170
69 135
112 194
0 113
115 175
134 148
50 213
11 212
0 33
63 118
57 216
28 112
54 79
153 211
177 211
16 118
68 135
56 214
32 125
77 135
174 185
67 146
19 28
104 170
88 166
1 202
39 71
119 208
53 202
155 186
51 58
15 112
14 106
22 175
12 17
0 7
152 185
88 105
51 142
151 162
165 200
3 189
10 126
28 32
31 54
166 175
140 144
140 185
83 212
55 100
20 115
118 210
56 62
104 180
27 103
44 94
38 71
42 113
200 215
140 188
79 109
16 195
79 138
144 152
48 110
40 79
50 102
70 196
52 187
159 214
107 147
164 167
35 111
56 208
50 61
136 151
0 91
67 201
137 198
91 161
7 14
110 125
1 30
106 217
4 111
13 105
37 140
78 138
2 133
101 197
65 125
132 175
13 54
212 217
16 29
5 70
8 131
112 166
149 196
92 121
71 78
87 171
11 87
77 151
9 104
18 49
79 94
165 176
151 169
123 167
15 195
20 121
153 184
8 169
104 113
49 169
83 111
28 170
57 128
198 211
36 105
0 34
57 74
0 171
35 103
83 181
116 199
71 177
168 205
62 70
157 182
21 117
38 69
126 203
62 66
157 199
70 133
54 146
86 119
104 114
32 177
169 195
39 185
19 42
18 102
134 208
141 179
87 216
28 156
0 177
69 125
78 207
16 115
107 109
173 175
48 164
2 120
96 213
28 68
139 214
102 181
76 204
21 59
40 200
70 98
2 167
78 215
205 216
40 206
91 181
125 153
147 205
158 167
149 178
86 108
24 205
10 142
143 212
133 180
90 191
126 194
56 184
80 160
134 202
50 157
50 151
63 101
8 13
17 145
101 116
76 102
86 132
71 143
24 75
167 184
179 195
54 103
188 199
106 107
96 209
49 68
16 158
90 138
178 190
26 207
156 162
38 41
122 129
31 205
72 181
43 177
84 139
68 152
22 118
66 86
153 217
12 96
29 189
85 169
39 183
64 167
34 161
90 104
41 91
107 108
25 58
41 93
26 101
20 24
62 151
91 197
65 98
46 77
97 119
92 213
45 113
65 68
176 198
60 163
28 52
21 35
13 15
57 67
162 184
52 142
101 184
21 128
98 212
44 76
2 149
133 195
1 189
43 116
82 145
6 77
58 176
10 121
93 187
121 207
14 42
55 145
98 163
47 149
68 128
63 148
34 135
25 215
48 191
27 198
100 202
57 173
30 66
78 105
37 117
8 135
120 206
82 140
21 126
36 176
160 205
4 174
16 55
118 175
125 217
142 197
83 159
143 157
61 202
114 159
46 146
79 121
113 151
105 128
84 91
153 191
42 112
154 164
110 200
139 201
134 139
81 141
34 111
27 132
93 217
16 120
77 112
92 171
180 188
77 202
116 203
152 168
140 174
163 196
73 201
123 216
127 165
23 203
46 129
86 100
22 53
84 212
6 176
12 80
106 138
27 179
152 162
76 170
6 69
187 196
80 204
20 204
100 148
19 44
126 155
93 184
116 213
128 140
84 123
32 34
115 206
162 196
29 104
30 188
138 171
12 43
70 202
24 129
145 151
127 141
36 182
84 109
157 194
96 122
115 189
136 148
57 65
11 157
113 200
27 74
65 129
42 177
43 200
13 135
74 175
62 98
43 140
136 213
23 45
104 136
50 188
7 189
193 199
169 212
107 152
56 122
39 200
4 42
36 58
82 106
116 144
15 206
106 210
16 194
28 130
191 208
27 80
189 195
19 139
91 95
166 208
84 118
112 209
133 199
137 187
129 172
5 44
210 214
69 121
12 75
128 142
13 175
47 155
81 138
124 184
70 185
143 152
32 101
9 191
10 13
77 129
73 126
14 189
32 82
16 199
108 176
75 81
76 205
57 121
115 202
86 99
74 123
59 170
36 202
3 168
11 126
71 192
106 189
95 198
97 175
46 133
80 95
27 184
96 113
3 211
99 167
24 69
11 97
109 162
27 190
32 204
8 203
112 176
0 14
163 205
16 136
28 189
10 105
26 150
9 156
65 196
22 198
106 154
84 182
28 149
71 133
48 99
79 124
153 196
51 104
147 149
16 208
120 216
119 173
131 142
35 209
120 179
125 139
30 93
40 59
90 174
182 188
10 190
75 111
111 171
19 72
92 94
24 200
188 198
159 177
95 151
18 46
11 111
46 80
73 195
63 157
95 143
71 174
24 124
85 141
112 215
103 116
90 184
91 97
22 116
4 99
125 186
36 55
5 91
71 104
18 100
67 177
12 164
13 152
38 39
133 214
65 149
113 198
24 63
151 168
179 197
154 179
97 100
67 208
16 54
52 102
77 161
114 216
55 80
52 137
93 143
82 104
42 172
37 195
143 183
0 105
157 209
22 152
151 194
17 97
51 99
23 111
84 103
85 128
56 59
97 199
28 73
147 160
190 197
121 128
33 160
58 89
93 213
53 152
25 157
40 115
13 156
90 217
135 169
76 145
68 98
25 202
11 134
181 199
37 211
18 172
20 144
39 80
21 78
25 213
105 135
84 141
2 163
137 185
136 200
65 187
74 144
64 114
40 135
71 81
176 183
51 87
51 109
61 214
7 133
147 190
131 141
87 205
11 98
61 208
22 197
133 163
84 165
38 126
18 77
37 166
83 174
108 157
183 186
9 149
94 164
109 167
31 91
39 93
12 21
169 203
10 33
104 213
147 213
66 123
54 105
55 127
56 117
7 39
10 143
62 92
18 178
41 57
84 161
96 208
82 204
86 166
123 170
19 192
96 179
97 168
125 213
36 94
46 57
57 97
34 210
90 149
37 203
30 69
188 202
188 200
69 78
40 213
4 84
43 115
54 149
40 179
47 145
37 201
160 213
107 193
73 142
172 213
123 191
7 210
71 124
117 171
117 214
65 162
144 155
121 182
94 139
31 36
37 83
22 217
62 67
62 154
19 149
1 87
91 212
110 213
51 207
140 190
188 201
57 213
1 137
56 87
124 207
142 143
83 214
4 170
29 169
145 160
116 172
68 201
24 126
7 43
33 100
33 196
9 10
24 68
3 10
75 197
21 63
32 45
147 203
176 207
50 206
136 201
90 91
131 161
49 213
48 116
91 141
127 171
70 165
57 176
70 76
11 174
142 159
123 181
37 187
35 194
16 106
119 140
74 95
122 176
32 77
166 196
31 191
160 170
28 160
51 212
135 203
30 210
23 204
170 172
111 137
102 118
96 193
133 135
13 190
148 182
195 214
58 101
11 81
41 150
144 217
34 92
68 156
107 205
92 207
191 195
151 167
59 155
66 201
62 213
58 163
82 131
119 178
52 111
99 133
68 173
35 134
41 75
176 187
48 202
55 207
138 168
108 121
0 118
86 128
29 45
131 133
75 144
54 176
21 77
20 88
81 149
59 111
126 204
129 214
79 198
179 207
113 119
173 180
173 202
70 190
134 190
95 211
62 203
83 166
35 114
73 156
33 178
72 215
19 176
15 193
100 207
141 184
51 172
77 197
63 216
134 192
16 92
60 189
159 180
56 165
63 132
143 203
91 123
132 146
61 188
27 147
111 156
4 140
96 114
93 182
19 25
150 201
18 72
5 172
41 168
19 135
9 177
90 93
57 205
24 137
75 164
160 190
63 131
83 93
21 168
16 153
122 125
96 128
128 172
187 201
114 201
36 172
114 215
54 127
28 106
49 72
81 147
47 80
132 216
42 115
17 132
176 210
50 208
51 168
22 33
152 200
20 181
52 120
73 85
112 204
24 90
113 183
16 146
133 204
48 176
139 179
165 209
13 32
64 205
70 127
24 34
28 80
147 198
15 119
7 59
41 157
70 176
63 73
71 154
30 45
0 125
5 107
18 193
41 132
18 76
3 32
107 170
27 135
27 45
10 173
182 186
0 10
100 213
16 207
89 175
65 66
11 177
60 202
90 176
84 171
175 186
76 156
170 173
13 63
189 206
122 138
36 149
5 157
137 151
57 151
1 166
8 55
36 126
176 184
59 139
129 215
94 163
84 191
102 115
24 105
6 192
44 203
117 187
71 77
82 205
80 156
2 28
33 164
136 195
65 126
14 180
40 54
18 138
33 78
85 86
96 145
115 136
16 157
10 18
10 25
33 180
79 84
111 155
5 215
13 201
42 184
50 160
98 208
121 133
134 214
13 187
17 109
186 209
32 130
29 209
128 217
19 30
34 51
43 69
53 216
141 149
162 212
31 56
179 190
64 74
51 115
116 120
37 106
89 151
103 181
88 175
52 63
131 148
86 89
157 198
98 149
86 189
55 166
152 176
162 187
70 141
60 196
198 212
139 188
33 58
131 186
1 35
95 196
57 116
87 101
28 82
40 207
28 85
26 48
127 132
14 171
45 172
125 212
8 123
200 211
146 188
65 202
123 202
12 84
122 195
19 181
108 111
127 211
58 199
196 215
66 179
7 214
35 155
157 204
2 145
130 199
57 101
41 96
6 19
178 192
27 98
7 60
90 161
3 47
5 21
112 187
121 130
161 163
39 123
155 198
96 157
14 192
163 174
27 142
39 132
184 193
176 181
38 146
128 163
143 191
80 184
43 104
93 117
154 181
1 170
86 209
75 134
57 77
22 78
200 203
64 132
58 154
168 188
0 136
133 152
60 111
102 176
34 61
26 177
10 155
15 67
104 168
183 187
11 19
56 80
126 147
29 176
16 217
14 146
14 88
142 175
96 143
40 174
22 140
49 111
53 197
9 127
24 44
93 102
134 185
65 159
60 150
186 195
24 119
98 173
39 85
34 67
82 188
42 210
34 105
3 91
30 171
188 190
89 144
90 126
7 158
32 166
55 160
11 94
22 103
35 174
132 217
100 201
103 169
155 192
78 206
105 168
155 215
36 37
49 135
150 204
87 97
30 63
133 196
20 92
15 213
74 138
52 158
72 175
178 194
138 152
117 195
69 100
8 166
0 86
66 77
29 119
86 211
82 208
7 191
80 121
119 182
94 138
39 210
47 139
31 130
85 90
66 154
125 199
92 107
83 140
4 121
76 169
40 106
33 194
40 189
24 172
33 87
24 40
2 100
21 190
180 214
166 200
49 188
68 69
18 118
135 176
163 187
44 73
30 180
124 193
160 199
14 104
128 212
79 211
34 120
168 193
31 217
12 129
146 183
79 148
135 156
37 71
1 6
143 215
59 129
48 135
171 175
157 161
190 217
28 136
68 200
6 67
58 123
146 161
167 183
19 97
98 111
22 71
210 216
19 169
15 179
70 96
99 197
43 93
77 86
8 45
122 184
94 140
84 93
16 81
98 188
66 183
5 176
97 180
77 139
19 201
138 211
3 158
122 145
5 26
26 145
18 106
37 152
138 188
46 55
41 97
42 151
74 147
45 71
190 198
136 163
24 35
43 47
128 181
170 206
78 100
95 109
56 155
61 100
87 119
32 170
59 103
58 124
183 197
23 132
148 190
20 37
61 181
23 108
168 191
15 59
85 135
150 184
93 169
155 156
52 62
35 128
26 190
27 175
104 209
37 81
25 216
60 157
92 143
76 117
94 214
66 157
36 131
10 76
29 166
1 198
65 197
30 140
2 217
61 206
145 215
16 31
101 104
26 164
31 103
17 47
42 54
89 183
25 162
59 203
31 178
13 194
76 82
89 190
184 208
82 147
113 127
181 197
32 92
48 167
169 189
10 91
189 192
28 165
27 213
13 26
67 196
111 201
151 216
12 133
152 191
48 49
117 124
130 196
38 157
36 112
134 199
31 94
33 70
158 191
49 143
17 34
45 59
108 211
127 176
17 135
7 137
38 73
30 162
133 190
21 37
120 194
92 132
8 178
67 104
114 128
135 160
19 193
54 86
49 132
18 129
113 176
157 159
36 203
67 115
59 173
86 175
59 160
72 132
42 179
23 47
114 165
13 102
98 153
8 86
181 198
31 120
94 154
131 166
50 96
4 155
33 71
61 207
172 180
117 129
3 141
45 182
48 154
50 164
79 101
88 113
34 184
52 138
18 139
18 62
90 211
49 216
118 201
35 201
3 59
29 79
14 24
1 19
88 157
15 42
70 79
119 169
62 94
122 162
43 175
44 64
48 138
32 178
94 120
86 215
110 197
37 198
138 167
110 178
78 153
148 170
71 173
131 200
172 182
48 71
0 184
20 136
114 194
141 193
131 174
158 176
11 133
82 132
139 181
87 165
54 152
75 97
107 139
65 84
54 153
139 207
91 172
15 26
44 115
127 139
3 69
131 153
53 147
118 120
119 203
107 196
163 184
41 210
87 202
69 197
126 197
88 162
132 199
27 188
190 209
2 78
5 203
104 112
135 217
43 54
2 152
70 105
3 6
130 135
46 78
86 174
124 208
20 109
29 102
65 135
52 126
13 147
66 206
63 187
36 61
82 215
43 199
140 198
40 73
82 162
47 69
57 105
32 156
8 185
151 213
10 191
16 110
18 32
107 141
57 98
154 188
37 177
75 76
2 19
69 210
93 160
7 196
88 163
33 171
16 139
119 163
44 166
119 180
62 108
84 193
42 68
22 211
42 201
50 118
98 145
33 183
79 119
118 130
34 70
21 51
8 213
36 180
50 166
170 215
154 192
12 110
189 205
111 184
10 134
54 80
131 157
7 41
55 216
4 144
15 95
154 173
116 126
10 59
48 168
1 133
69 163
14 43
17 54
148 211
7 71
161 198
40 50
61 81
141 187
76 193
89 107
90 94
36 117
20 31
21 92
60 130
57 182
184 188
103 141
34 48
8 155
20 45
45 107
58 206
31 97
180 197
38 83
41 92
171 173
59 215
12 178
61 144
2 52
155 184
6 99
4 61
13 123
79 202
34 124
42 119
42 214
20 156
134 193
117 174
97 186
104 111
66 81
171 207
99 192
93 145
28 122
143 173
9 66
22 208
31 89
0 40
123 177
2 96
34 40
76 151
53 128
96 109
115 161
32 179
7 175
124 131
109 112
50 60
52 212
96 201
7 34
29 140
49 113
41 158
27 207
28 64
203 211
49 91
10 205
66 106
80 85
4 105
28 167
63 127
110 122
88 114
20 165
170 183
117 148
123 161
72 142
65 184
87 99
67 143
34 86
45 74
136 153
52 55
88 177
172 177
35 203
63 135
7 66
73 136
17 183
0 5
43 196
130 191
47 70
1 107
49 154
53 195
29 80
13 106
50 53
145 181
34 58
26 55
36 98
31 187
0 102
44 159
0 72
28 62
27 41
142 172
38 56
72 159
66 93
126 217
64 155
100 127
11 179
28 168
50 207
171 186
5 103
113 136
50 143
26 193
137 143
77 120
115 210
96 214
93 133
31 151
101 195
182 201
17 51
70 110
109 113
68 216
95 102
16 67
107 200
34 217
2 13
49 67
38 124
112 199
75 101
36 69
12 72
29 125
39 83
131 145
12 99
14 123
124 180
80 111
62 91
84 177
41 186
6 18
7 96
154 201
67 195
55 188
125 193
78 158
101 178
93 120
71 216
169 207
61 80
178 200
24 138
111 142
19 156
11 61
69 77
48 153
122 151
9 81
108 167
126 208
197 205
109 125
185 191
112 145
11 143
176 196
134 197
38 211
148 172
6 175
20 85
191 196
74 178
106 165
2 134
115 186
61 160
60 66
15 142
51 80
76 128
89 95
206 208
36 127
65 143
157 162
3 144
48 83
140 205
0 59
33 134
82 127
2 86
33 95
40 124
31 41
5 57
95 123
106 204
19 144
62 105
67 105
49 94
126 131
65 118
37 206
123 139
43 96
122 211
8 65
189 214
107 145
50 100
185 195
78 214
102 192
36 85
99 186
187 199
149 164
75 196
30 71
131 195
91 100
8 46
44 81
4 145
5 110
105 112
189 215
153 190
82 100
108 191
22 70
88 98
124 125
60 178
77 172
66 103
166 178
108 128
128 152
67 70
16 124
108 144
71 116
18 63
13 205
106 133
101 164
22 83
1 134
46 65
103 176
1 200
24 92
26 92
108 192
10 217
53 196
54 170
52 153
59 74
59 67
24 165
30 145
67 158
44 179
66 155
55 217
6 96
153 212
142 147
192 216
43 203
18 134
116 128
18 177
104 150
60 171
115 196
140 200
0 168
63 169
148 191
1 186
81 184
37 99
31 188
30 153
10 56
57 201
51 205
62 130
43 97
67 200
44 60
115 167
21 82
97 207
44 202
82 124
17 81
48 112
14 129
158 193
124 148
146 160
85 99
146 207
3 167
67 159
104 148
131 177
28 63
33 155
67 199
11 107
4 9
52 132
0 17
178 199
114 168
15 189
71 138
45 202
77 109
155 161
88 103
92 149
177 199
35 193
98 119
145 194
15 133
150 154
109 151
0 87
59 144
43 169
9 80
0 56
40 169
48 121
122 161
99 120
83 153
118 147
31 214
7 183
52 133
115 213
73 178
81 160
37 95
5 158
12 139
125 195
84 120
109 142
33 57
157 165
109 121
125 161
68 127
2 48
10 181
194 195
89 162
68 129
108 174
58 138
168 208
118 127
83 145
6 90
14 190
43 71
86 185
86 195
80 91
67 130
59 162
59 164
102 157
62 216
55 98
136 172
89 154
43 163
63 172
105 144
146 150
22 45
6 16
104 152
20 146
62 72
133 158
129 153
126 202
4 81
35 179
4 67
55 184
111 179
103 138
58 207
72 214
47 213
135 184
63 194
4 185
56 101
112 130
28 140
123 141
39 67
197 214
9 48
73 203
83 198
129 148
99 126
111 204
54 67
88 123
35 120
51 144
41 189
84 90
0 151
137 174
54 164
50 215
94 103
2 29
29 146
54 190
36 169
134 196
136 160
108 143
17 171
147 182
44 170
78 139
112 165
76 99
17 71
116 204
25 110
39 63
116 156
23 209
18 91
72 173
93 203
12 90
19 200
58 104
32 80
6 179
75 142
134 216
45 171
53 201
42 82
20 166
88 119
77 169
130 186
101 214
50 209
38 143
100 197
1 33
116 125
171 213
204 217
85 104
69 104
71 114
42 59
20 202
40 83
15 211
23 44
53 160
24 47
101 149
30 157
33 159
130 167
80 147
138 200
60 110
129 145
127 129
137 155
9 47
42 90
25 154
26 148
95 124
24 160
167 175
6 124
0 115
22 192
148 215
35 47
109 180
88 204
101 191
194 201
74 169
108 169
84 211
54 183
29 47
36 175
49 128
17 52
146 149
43 85
150 177
11 163
32 185
33 89
2 24
80 154
2 64
23 109
32 110
43 135
58 173
43 173
83 139
70 208
22 199
213 214
135 214
68 202
80 93
50 105
186 216
35 110
25 137
113 212
22 88
86 162
53 173
20 198
57 127
68 91
34 55
48 127
34 213
36 206
39 151
2 104
70 92
89 160
128 162
99 132
60 77
4 216
90 159
74 102
29 58
97 214
120 212
25 127
13 126
179 193
14 77
119 128
23 54
73 149
32 79
47 112
139 165
37 154
34 110
113 138
49 194
6 20
82 193
125 197
71 151
106 125
49 134
103 130
26 84
106 192
95 165
45 188
171 188
8 74
18 89
16 109
92 180
46 118
52 141
150 160
95 134
23 185
36 130
170 213
86 106
27 58
100 165
75 137
82 165
40 143
65 181
107 167
40 199
58 179
2 112
30 53
3 209
21 152
5 154
164 208
68 141
144 194
29 203
42 140
149 150
16 60
96 119
131 175
76 140
62 77
0 100
210 215
105 181
18 213
122 143
78 98
67 207
152 188
111 215
38 47
97 123
87 109
76 111
3 213
45 97
77 117
117 191
26 163
31 67
28 129
54 160
14 145
10 29
13 97
80 133
207 213
129 179
112 160
89 92
47 66
35 178
31 78
95 205
34 52
82 98
36 174
7 140
49 62
49 126
42 51
105 129
34 195
33 119
139 143
122 154
48 63
46 64
36 142
71 147
151 195
21 180
60 187
39 175
114 148
138 154
51 129
111 129
35 212
25 144
95 121
103 186
124 206
93 105
46 104
40 144
111 209
15 69
92 146
29 83
30 108
96 196
124 150
56 188
100 123
46 117
76 84
12 49
145 201
56 185
67 73
164 192
45 205
54 56
75 151
16 114
55 77
139 168
0 84
55 126
125 150
25 95
150 159
92 117
20 29
163 188
33 145
42 114
8 62
65 108
155 213
114 124
47 162
79 180
26 69
122 207
169 179
81 122
59 183
19 198
186 213
8 109
161 200
120 136
126 184
42 64
37 173
92 202
84 168
50 134
95 120
36 190
134 177
85 208
7 180
89 176
72 149
101 172
25 90
75 98
127 158
115 203
74 155
151 211
61 107
88 93
96 194
34 129
105 176
80 106
69 186
110 207
96 215
60 122
176 217
38 111
46 142
31 52
15 161
7 103
97 112
165 202
30 200
52 123
95 193
10 180
64 142
64 210
141 197
44 174
14 113
36 193
44 120
97 194
66 137
11 122
137 213
141 200
75 109
70 191
92 97
22 98
68 161
25 196
77 78
2 200
60 116
20 50
165 194
144 209
87 174
124 156
187 188
101 128
55 123
20 126
78 133
77 136
63 108
101 137
44 156
10 198
75 181
64 195
161 178
74 162
73 197
35 177
13 85
76 157
11 128
25 199
112 185
164 191
72 85
176 212
28 137
176 199
110 196
76 158
118 195
122 141
15 30
27 97
169 181
75 95
87 125
125 159
52 88
90 158
118 212
101 189
180 186
60 144
82 153
91 108
38 99
10 117
18 128
7 88
186 204
68 181
12 116
62 87
98 130
139 197
55 85
21 76
65 193
37 91
102 108
31 122
11 160
29 212
43 100
47 181
57 179
124 217
69 119
96 191
99 155
130 209
14 124
20 114
121 125
21 217
200 208
39 111
62 147
78 93
28 70
54 118
35 91
43 143
59 214
49 206
76 142
142 169
52 135
194 200
121 204
31 200
60 75
100 179
198 206
38 109
164 190
167 206
42 102
5 198
16 63
10 179
207 210
44 89
36 88
81 159
10 139
105 121
26 62
19 163
90 216
15 214
148 217
132 149
23 187
110 123
0 23
48 75
67 210
70 164
8 121
37 130
14 125
15 24
79 181
57 169
163 211
98 100
135 191
39 75
31 42
18 154
82 111
35 149
9 31
4 10
7 57
167 213
100 203
76 126
42 60
170 212
145 188
11 189
88 131
33 52
56 124
67 87
42 94
79 103
32 163
39 201
93 209
62 175
34 98
8 161
20 36
46 90
153 170
0 142
105 166
64 113
25 124
63 120
91 188
147 188
187 207
135 181
81 144
179 202
35 133
140 206
152 153
10 98
121 142
86 87
40 154
89 185
39 106
59 89
73 210
175 217
15 121
167 171
178 179
52 156
178 209
16 43
100 131
120 146
40 121
62 173
3 92
32 172
132 139
130 143
175 215
41 200
140 179
191 194
13 20
193 216
101 187
47 64
70 113
3 190
195 201
24 176
179 211
84 105
4 28
91 153
32 136
4 115
37 163
155 169
75 161
41 153
55 108
79 157
37 84
80 201
22 24
33 44
120 140
95 149
78 181
192 199
115 154
62 95
17 77
9 197
66 96
160 179
24 30
7 12
5 181
137 172
9 142
99 162
69 145
44 124
100 194
39 55
6 71
74 104
9 150
183 191
25 75
72 91
7 105
61 70
59 204
48 113
66 128
95 128
79 155
110 189
29 205
190 191
49 75
69 179
110 132
137 197
140 201
43 95
69 79
6 173
63 137
34 188
41 217
104 174
13 192
125 174
81 97
133 197
20 102
22 120
32 61
175 206
91 214
72 73
9 201
51 131
123 138
25 122
10 176
63 207
130 163
7 27
15 31
46 206
87 112
18 71
89 169
70 116
15 145
6 8
9 207
74 174
123 172
101 166
127 148
42 129
24 99
35 147
72 151
44 91
132 205
54 120
47 135
15 90
145 157
154 159
114 121
134 212
83 179
94 165
17 206
57 85
79 191
72 121
139 142
99 178
0 119
59 102
158 159
131 197
20 110
146 190
120 174
110 119
3 109
50 117
68 74
52 89
101 123
83 187
120 162
67 140
37 113
12 25
25 35
141 171
109 213
161 194
83 157
22 164
10 89
48 216
63 213
44 141
102 119
73 187
171 200
2 170
33 50
109 201
45 75
159 205
29 113
3 76
97 99
76 81
29 98
39 193
79 216
131 160
25 192
152 184
17 46
124 182
61 113
53 144
47 168
53 81
110 118
53 117
163 166
98 114
119 124
55 169
22 39
105 158
149 216
35 104
195 197
107 120
162 198
117 205
180 202
78 174
36 79
35 139
2 43
77 142
65 205
56 149
74 168
105 190
2 192
165 207
115 152
117 173
36 167
19 125
7 114
173 217
136 156
35 40
121 149
58 125
50 59
170 189
45 95
78 160
77 108
68 105
105 143
1 89
4 133
29 123
82 170
53 59
23 56
97 178
31 128
46 166
109 186
79 186
49 173
203 208
157 216
116 181
27 193
36 192
132 163
16 72
48 133
76 161
211 217
76 141
88 165
46 110
192 203
56 82
85 152
4 153
167 193
164 197
87 184
102 198
104 135
209 211
98 171
86 104
121 210
24 72
12 168
90 210
3 118
159 165
63 206
12 214
145 207
120 169
103 187
24 29
16 57
104 129
55 107
104 192
41 136
85 200
87 152
74 181
101 200
6 184
20 108
82 184
3 68
4 125
110 160
45 152
101 145
85 126
196 216
33 90
164 189
39 103
5 125
34 116
17 78
94 196
124 204
62 131
212 215
19 27
12 106
69 144
124 177
20 28
67 141
65 173
3 162
132 195
157 183
59 124
118 139
83 113
21 66
94 98
124 195
14 172
148 213
86 171
160 166
90 139
14 76
1 60
46 138
172 186
14 152
88 193
97 129
49 118
145 187
9 121
48 169
91 191
11 77
52 197
60 201
4 150
109 115
17 88
21 124
112 129
9 153
43 52
1 90
81 178
27 125
67 175
27 174
181 200
130 170
144 213
135 141
151 155
114 213
119 183
9 73
43 60
4 60
145 163
134 145
25 166
70 175
44 164
83 102
10 75
34 159
125 209
52 98
99 151
39 41
6 164
11 187
58 217
37 169
25 62
37 38
15 57
44 49
200 202
8 196
100 119
69 88
130 156
29 153
196 209
188 216
95 182
115 176
27 87
15 149
137 190
103 211
32 60
6 208
73 122
11 169
87 188
74 184
18 22
91 175
35 188
52 140
63 173
98 138
9 118
55 110
202 208
32 131
88 155
165 180
65 207
34 211
30 155
175 178
152 196
165 188
174 192
47 128
154 202
64 212
19 84
66 130
23 25
111 127
108 198
50 150
94 95
138 174
101 156
137 217
127 153
0 18
193 212
79 136
23 83
63 98
57 170
56 156
36 186
168 209
183 195
100 143
93 131
47 105
101 174
164 195
123 204
43 156
58 114
7 165
146 162
22 132
99 116
123 186
83 91
8 117
13 130
60 64
100 147
36 103
44 106
22 55
8 114
12 196
115 121
172 205
38 42
128 144
18 105
161 197
13 70
114 178
109 120
31 213
12 102
77 180
1 14
18 108
59 189
98 113
36 173
49 137
106 200
141 217
192 197
13 199
47 91
152 209
179 194
65 167
119 181
63 103
96 135
120 184
16 42
23 155
44 169
27 171
192 193
156 200
7 80
35 213
142 177
138 139
27 71
43 209
42 106
32 167
92 128
5 174
22 214
176 192
163 179
38 152
145 149
1 88
137 179
52 186
83 114
46 131
150 213
14 53
95 192
21 132
44 48
71 198
73 188
94 145
82 181
155 170
155 207
35 216
121 187
67 163
201 204
98 185
10 197
19 92
67 176
102 159
171 209
43 66
28 43
1 150
26 197
18 97
155 199
176 201
43 159
107 206
64 143
62 75
27 203
194 210
10 122
77 168
60 206
0 156
122 142
157 173
20 60
143 166
121 170
47 191
115 116
11 156
70 122
42 181
72 137
75 90
6 40
87 108
66 111
154 161
9 216
91 145
40 69
53 131
131 165
78 109
72 135
89 90
72 192
42 211
91 207
18 125
58 133
37 132
102 199
24 49
16 140
117 159
23 41
172 201
106 208
56 168
89 105
116 159
37 73
89 149
194 207
4 114
8 25
74 210
95 136
88 173
153 189
29 76
2 161
116 149
26 83
142 178
127 173
17 207
76 131
92 183
109 209
83 208
13 81
83 207
11 195
13 207
186 189
52 67
34 209
81 105
58 84
24 125
13 84
80 105
95 200
70 130
12 53
11 31
165 193
69 126
55 200
61 122
12 160
118 179
109 177
9 21
77 171
49 166
89 100
99 177
119 129
17 36
38 190
3 107
126 157
7 195
86 163
5 73
140 184
178 196
62 165
27 211
82 152
172 179
50 175
69 86
10 110
53 119
75 107
162 188
46 52
71 168
149 151
114 150
68 143
37 141
12 30
83 88
24 76
0 8
150 167
72 183
51 182
111 149
90 156
12 125
119 145
32 153
1 148
129 168
155 200
11 170
197 211
29 91
64 162
21 98
25 77
111 167
115 140
134 165
5 32
64 77
94 114
28 71
14 136
127 196
66 68
92 178
104 127
20 208
32 63
18 115
32 191
115 122
67 68
137 216
116 192
112 168
119 192
46 58
10 34
94 197
17 133
35 41
18 79
104 205
119 120
137 144
180 187
78 150
9 71
132 144
26 46
22 148
48 146
40 216
3 180
136 180
52 177
12 61
125 185
116 208
72 200
44 82
106 211
64 68
56 98
78 163
24 162
23 40
83 185
11 118
139 202
11 76
63 109
53 186
170 177
5 63
2 180
154 190
61 178
101 204
84 217
70 78
16 64
12 174
51 76
36 50
132 178
72 100
97 140
24 146
151 206
8 211
85 100
78 117
146 215
93 139
164 170
96 161
157 177
58 131
134 184
133 202
191 210
105 172
80 217
53 86
94 193
9 166
89 150
171 182
2 45
72 176
70 84
122 177
136 212
74 191
35 205
25 164
42 56
29 206
163 177
31 139
71 84
33 216
10 103
170 185
61 201
113 147
79 192
7 45
46 173
148 165
160 185
6 26
21 23
77 103
142 164
126 215
45 206
20 135
106 129
63 75
85 138
43 126
138 141
91 202
161 188
27 166
66 101
122 158
100 206
72 157
2 147
58 143
118 189
139 213
113 206
60 143
26 159
23 65
0 215
180 189
57 211
71 169
171 177
107 154
84 86
20 159
140 217
31 55
54 139
37 44
111 150
17 155
11 39
175 202
70 156
74 187
26 208
0 196
7 160
128 166
12 132
16 116
174 203
82 202
54 89
19 62
35 109
36 108
25 55
137 208
55 70
81 180
92 182
31 43
17 199
93 134
152 190
17 124
53 182
78 124
186 202
20 140
44 110
29 103
22 141
155 179
138 197
5 178
20 51
144 184
39 149
65 96
61 74
140 166
31 179
153 204
96 103
100 149
40 95
129 174
26 153
104 131
168 182
4 171
176 213
50 178
28 99
92 134
45 169
106 121
79 120
114 120
180 212
51 118
104 149
0 27
74 83
58 105
108 137
103 177
34 142
9 158
162 183
205 211
100 103
36 141
137 200
61 68
24 85
11 123
40 56
7 44
12 20
94 184
70 111
95 122
95 140
31 86
67 100
93 138
97 125
22 61
59 199
84 142
157 202
46 109
50 126
7 126
77 177
72 98
57 203
50 104
65 93
18 146
68 79
113 153
12 182
83 211
6 147
130 175
74 171
20 128
50 123
100 170
24 192
55 215
92 187
4 151
70 83
1 204
88 107
8 202
79 217
4 182
72 109
36 161
72 190
108 134
54 171
113 148
106 127
122 168
52 151
161 193
170 191
94 142
49 92
66 190
19 48
52 139
42 43
87 180
81 125
