219
9
14322
60
14 2
12 2
29 2
40 4
41 2
41 3
35 3
44 1
10 4
33 2
31 1
44 1
29 4
34 1
16 2
20 1
42 3
19 4
34 5
34 3
48 2
12 1
13 3
29 5
48 2
18 1
40 5
46 1
32 3
42 4
25 4
38 1
42 1
21 2
38 1
13 2
16 5
10 1
27 2
43 4
27 4
34 2
29 4
43 2
35 5
19 2
37 2
32 5
36 4
9 4
45 3
26 5
25 2
24 2
20 4
12 2
13 2
37 5
9 3
47 1
16 4
48 2
33 3
33 1
25 2
48 3
12 4
38 2
10 5
24 3
17 2
47 4
36 1
8 1
45 3
25 4
11 3
9 2
21 1
8 3
45 5
42 3
38 4
46 2
37 1
46 5
35 4
28 1
32 1
24 3
21 4
39 2
27 5
13 3
21 3
27 2
13 2
21 4
26 5
35 4
18 2
9 4
39 1
42 4
37 4
12 3
43 5
8 5
47 1
22 2
49 5
22 3
22 3
14 4
16 3
39 3
33 5
35 1
46 4
16 4
35 2
43 1
41 2
37 3
21 4
41 3
49 2
13 3
31 2
10 4
7 4
35 1
10 5
24 5
14 3
27 3
19 5
32 2
22 3
29 5
29 4
34 1
38 4
19 5
35 5
18 4
41 4
18 2
38 4
26 2
9 3
34 4
19 3
31 1
42 1
48 2
23 1
31 2
19 3
8 3
49 1
29 2
12 2
16 2
18 1
33 5
12 1
44 4
32 3
11 2
45 3
37 2
35 3
38 4
27 2
39 5
36 4
20 1
39 2
37 2
29 5
26 4
41 2
39 2
35 2
18 3
28 4
46 3
45 4
36 5
34 3
21 2
26 5
49 4
27 4
28 4
11 1
18 4
25 2
17 2
40 1
34 4
23 3
44 2
24 4
39 1
15 5
14 1
41 5
48 1
49 3
10 2
33 3
16 1
34 1
19 2
10 3
49 2
15 2
30 156
2 102
49 192
120 201
44 91
25 59
186 210
14 124
15 131
113 167
200 218
109 138
10 156
79 199
45 116
45 125
52 119
98 163
38 96
12 87
181 206
5 198
43 190
95 189
76 152
75 144
98 128
177 208
85 108
143 205
85 190
77 199
104 155
98 103
117 166
176 197
102 186
107 204
30 180
127 183
68 110
25 29
0 201
13 147
16 66
50 185
185 216
9 128
56 104
54 93
46 193
20 73
36 86
21 48
43 87
194 202
87 98
86 117
102 178
31 127
169 172
118 181
155 176
49 209
56 126
61 85
114 176
88 110
137 194
177 182
105 137
65 71
64 147
18 96
89 174
7 58
123 183
107 110
115 193
144 162
124 169
206 213
70 203
99 146
131 166
130 215
12 125
148 168
85 185
24 175
64 183
54 113
165 213
54 145
179 200
21 153
49 160
43 212
24 113
9 92
89 155
27 207
140 198
45 143
156 173
92 103
4 130
9 75
57 213
42 154
85 127
42 205
151 178
120 142
41 182
27 72
173 206
11 14
121 172
109 142
85 196
160 207
111 134
121 188
5 43
49 121
192 197
10 25
131 160
14 146
45 142
84 213
21 165
46 83
23 81
42 148
14 119
86 200
199 206
16 152
104 141
5 79
35 180
46 120
125 158
15 160
54 161
67 88
7 17
106 115
137 193
126 142
7 25
173 213
42 159
114 216
52 150
79 195
102 207
66 159
39 192
27 217
78 151
6 45
126 206
37 64
47 209
122 183
115 176
172 173
4 166
31 38
48 197
77 142
56 143
34 75
83 150
33 142
142 185
17 192
10 122
16 155
87 159
68 79
73 173
92 189
58 90
89 186
22 208
175 199
17 74
49 143
19 182
41 70
3 100
5 181
171 213
28 123
11 54
24 59
79 82
165 198
97 148
25 144
4 197
92 176
26 118
31 125
118 152
109 171
34 142
107 127
31 41
98 168
162 196
146 186
110 117
166 179
80 214
143 202
38 165
37 66
94 194
3 159
83 120
13 20
98 157
76 134
77 126
73 180
67 103
27 48
61 121
16 120
6 166
106 108
22 121
24 200
37 195
74 93
152 208
64 175
69 102
83 183
93 210
144 179
121 186
127 157
23 215
128 187
28 169
151 179
59 204
109 179
14 39
93 174
126 158
65 87
109 190
86 197
131 180
165 177
126 176
73 164
69 70
18 183
124 197
55 119
35 69
1 42
59 108
31 199
100 179
43 132
130 175
100 145
113 134
106 122
76 119
66 69
66 120
28 70
39 46
155 191
118 204
65 75
102 203
38 76
40 121
34 131
56 166
109 147
160 211
129 160
61 205
115 204
77 148
144 190
179 192
116 184
82 214
203 209
2 27
126 163
30 57
28 38
114 152
49 211
47 154
10 35
32 54
119 208
34 107
146 171
191 194
11 16
134 152
69 120
17 148
5 53
130 150
72 89
67 160
52 154
99 214
39 215
29 34
19 211
121 127
45 148
51 174
29 139
96 170
216 217
167 169
2 114
103 193
22 128
17 144
52 67
70 217
116 138
49 169
63 168
73 82
140 148
147 171
156 165
12 53
3 117
88 121
114 157
92 102
62 108
146 202
64 178
28 97
25 77
78 171
25 151
66 170
99 180
78 101
150 164
2 84
105 182
70 202
208 217
76 216
13 154
84 149
130 141
51 124
38 169
92 104
91 114
188 195
110 120
145 210
94 146
78 88
81 111
89 157
16 74
20 89
48 155
33 112
16 57
56 172
207 217
94 195
76 140
71 119
37 75
18 88
94 154
134 218
140 176
124 217
84 118
101 134
24 184
149 215
68 186
178 207
73 171
45 52
54 81
21 53
95 137
88 213
124 194
44 215
49 72
161 201
12 209
18 194
76 124
43 161
43 68
4 161
144 180
36 131
141 182
33 209
83 190
141 190
32 218
99 196
32 136
72 200
156 162
5 12
46 64
121 157
46 164
20 92
11 66
120 202
31 40
45 211
42 46
101 102
15 21
23 117
71 198
62 157
71 180
4 36
116 128
111 142
65 218
44 89
213 218
163 164
159 165
43 210
79 89
59 98
168 179
57 174
108 205
34 120
49 84
7 206
8 118
107 184
0 217
92 172
187 189
25 54
189 201
27 209
59 210
26 34
79 115
11 75
12 114
98 143
210 217
114 150
46 108
154 172
146 153
167 173
15 181
13 198
27 175
63 195
167 199
36 133
106 214
46 163
73 120
164 185
13 19
49 172
111 175
25 213
118 119
103 179
132 137
50 97
67 105
9 213
59 194
84 197
134 143
172 217
135 185
95 132
63 97
118 124
76 166
90 140
45 204
56 149
3 155
14 153
96 99
44 78
7 50
46 166
12 195
12 40
9 144
113 183
7 60
19 181
106 172
175 211
37 185
78 189
2 99
59 62
155 213
110 119
8 54
40 213
111 144
68 143
46 169
22 153
6 182
116 117
88 204
46 190
30 123
66 119
60 93
83 181
27 82
127 215
178 184
105 162
62 136
11 115
95 178
13 47
46 96
122 173
91 197
72 115
52 113
21 79
50 194
112 146
27 168
77 150
21 218
49 155
27 123
204 206
26 166
16 176
0 20
123 143
3 199
74 134
24 148
141 207
15 85
10 148
120 123
113 147
24 100
4 218
130 148
22 127
70 183
48 185
47 92
100 204
78 114
18 45
65 156
104 201
57 157
29 40
0 174
145 158
116 145
168 170
7 53
31 196
82 203
21 194
26 132
63 80
64 142
142 216
128 169
179 188
77 80
0 181
96 152
12 55
7 97
154 182
8 178
30 218
24 188
2 145
29 32
153 208
63 78
186 193
115 175
206 218
87 100
108 129
159 203
24 111
109 197
72 126
31 44
7 115
85 142
51 60
122 212
12 97
212 214
57 137
161 216
93 100
153 162
28 118
78 84
171 178
134 136
0 102
7 100
69 87
193 195
95 198
89 126
76 96
43 46
64 198
60 204
28 131
136 207
25 175
69 89
31 183
83 208
26 194
169 200
84 111
53 205
31 60
206 217
170 207
106 187
15 42
121 198
147 149
205 206
4 30
4 208
93 218
27 39
141 183
93 131
164 214
108 207
13 99
68 82
99 218
27 66
122 146
89 163
42 155
195 218
160 176
4 99
8 94
120 152
84 139
14 205
26 180
36 67
89 215
5 87
142 200
143 210
4 96
163 198
40 211
190 209
70 189
86 132
39 53
177 213
158 171
95 185
196 213
47 62
82 162
31 130
137 170
85 211
25 84
59 163
74 185
81 167
101 137
31 175
179 207
132 204
71 90
27 102
95 113
112 188
88 206
19 210
24 208
50 211
121 163
51 183
71 215
134 194
48 204
39 92
25 36
113 141
120 176
21 23
76 125
41 215
39 97
73 176
16 164
41 205
49 138
39 183
21 176
34 161
81 105
104 148
51 173
88 149
55 113
129 174
108 156
117 136
122 182
33 54
106 142
36 92
52 216
30 132
0 16
176 217
70 92
136 155
166 199
40 98
147 207
43 49
158 196
51 94
64 207
82 104
46 154
100 170
13 94
76 143
11 179
155 207
18 43
119 205
29 121
86 92
22 167
30 107
138 158
111 156
85 116
5 132
8 109
40 116
133 184
125 215
31 145
85 102
152 186
23 131
27 212
89 201
15 46
161 181
65 215
93 162
54 154
14 164
65 129
34 164
24 182
21 108
22 152
126 161
0 108
129 181
17 90
211 212
99 156
60 134
2 43
55 203
3 126
6 15
17 66
26 101
164 203
176 183
115 129
154 198
98 122
35 146
15 29
2 44
4 193
27 133
164 200
88 134
130 214
174 210
101 176
45 167
48 53
5 75
20 197
177 205
94 184
46 168
189 209
44 45
90 107
52 76
34 177
5 31
22 100
214 217
1 104
130 193
2 166
150 214
17 174
55 184
0 7
33 88
96 148
39 51
41 46
63 217
103 133
12 112
187 192
93 215
103 113
56 77
19 35
40 150
121 189
67 111
64 126
37 60
14 210
103 214
107 151
160 164
70 122
5 47
2 103
79 87
92 135
52 181
127 211
27 104
46 135
5 81
80 204
108 182
55 76
2 81
191 198
24 73
181 218
42 143
145 200
36 65
47 208
110 154
108 192
46 94
130 218
126 134
162 189
149 213
34 60
67 113
107 216
131 140
113 124
130 183
78 109
134 156
7 41
0 199
145 193
132 214
42 216
141 171
105 208
46 101
23 206
96 181
95 163
44 96
20 54
151 155
134 175
25 27
131 174
132 140
138 203
98 159
20 107
13 76
27 141
184 206
55 130
75 152
11 158
47 141
2 36
129 169
155 179
58 120
21 123
129 162
132 179
176 177
29 192
29 122
74 132
19 51
44 196
117 186
6 208
34 109
44 135
162 182
6 31
78 183
17 53
75 117
54 101
32 70
118 136
132 177
55 172
5 188
110 165
152 210
103 183
48 113
39 218
20 119
85 96
46 213
44 146
5 25
23 200
69 198
147 189
127 209
82 200
175 197
101 138
43 136
3 61
33 108
63 112
52 65
96 196
124 164
15 187
64 97
11 111
11 49
15 59
25 217
175 188
109 163
188 213
18 26
11 137
153 159
95 104
28 114
30 78
76 153
64 165
146 200
18 54
57 133
37 98
71 73
123 217
108 164
131 207
151 188
143 152
169 179
126 136
163 194
61 116
105 192
17 129
23 202
30 90
37 194
98 173
20 108
50 206
63 75
154 210
157 198
63 107
3 196
64 143
0 173
141 157
14 96
5 15
147 218
87 121
20 28
30 138
105 194
39 190
61 82
19 33
6 68
134 141
115 213
73 191
74 196
164 218
102 214
82 173
31 176
79 121
169 196
70 146
37 93
34 81
163 213
6 123
53 197
40 162
138 190
33 65
166 192
82 202
118 139
91 179
74 140
92 99
122 152
185 199
114 121
8 125
112 180
105 149
10 87
78 115
138 169
74 126
105 155
19 112
11 121
49 113
51 111
149 175
157 193
77 174
2 218
82 207
125 135
162 179
67 157
96 177
147 194
46 128
121 176
7 165
31 168
128 183
147 175
158 179
24 91
39 165
111 117
104 187
18 161
164 213
49 189
116 129
37 79
45 104
119 203
104 214
39 45
10 149
81 139
77 85
37 217
48 213
50 201
22 24
1 174
153 176
201 211
144 215
71 217
16 26
26 99
15 81
12 177
125 176
13 135
63 129
91 182
94 208
31 142
178 187
64 100
78 148
59 136
94 118
56 111
28 194
22 164
49 76
33 86
108 214
124 179
104 162
11 131
33 79
177 202
186 190
147 169
58 195
98 215
61 150
47 183
161 178
103 117
24 207
53 118
1 36
155 185
47 207
7 16
78 178
97 104
137 138
135 215
27 178
115 187
55 178
6 104
105 106
13 40
125 167
3 174
150 189
134 202
136 165
195 200
56 59
133 180
10 39
47 170
7 108
112 199
111 191
78 104
61 87
70 74
25 87
77 164
72 91
58 218
15 98
37 119
55 154
75 166
119 167
127 214
47 108
186 192
10 206
54 59
53 83
1 52
43 208
108 143
99 209
62 153
106 203
119 155
6 131
129 137
73 182
29 187
88 201
48 54
90 122
39 184
7 203
71 218
10 103
42 215
97 177
61 63
82 171
123 153
140 209
197 209
55 138
44 57
23 63
51 207
32 149
4 13
40 161
150 154
43 185
83 106
49 107
147 198
178 202
193 196
46 209
91 145
16 73
108 126
118 195
31 217
123 161
156 170
119 174
38 67
176 200
36 107
118 192
70 179
118 141
56 60
70 165
32 185
2 97
5 149
75 91
154 209
47 50
28 52
67 150
10 131
42 88
124 139
4 52
79 216
149 218
96 160
23 108
89 161
19 90
95 206
52 114
25 187
125 179
19 21
109 193
54 87
105 108
76 185
1 75
120 153
104 210
78 146
19 45
58 150
112 142
83 111
176 209
110 144
113 115
150 173
53 211
35 44
9 212
193 208
71 184
75 87
57 107
16 208
17 44
19 215
53 81
71 135
153 154
26 120
139 204
125 145
42 59
65 90
9 63
35 137
82 148
25 99
23 192
78 90
109 200
22 75
134 212
62 64
14 79
69 74
110 168
26 50
96 213
51 195
45 130
174 200
145 152
41 177
62 91
37 80
38 191
100 122
131 191
22 81
142 201
154 168
54 209
75 102
34 121
148 170
49 61
85 117
93 109
29 112
89 200
111 151
24 144
97 159
8 12
173 191
66 103
57 161
77 129
37 169
38 75
198 218
33 109
82 137
1 8
204 215
70 194
48 215
153 175
74 133
21 122
9 43
88 91
99 186
155 169
1 211
64 123
49 89
45 131
9 25
29 73
110 155
46 122
10 70
80 175
143 179
37 150
26 192
51 70
17 182
17 80
44 59
22 193
36 72
87 123
9 151
15 86
4 16
43 51
105 172
44 166
62 117
21 100
102 161
8 156
14 110
2 214
194 215
18 123
47 206
35 155
63 79
53 192
15 113
123 188
54 217
79 127
152 189
162 200
146 215
13 37
141 215
11 162
13 88
123 204
44 75
34 87
53 61
30 77
59 182
111 177
153 168
30 38
164 189
14 194
157 167
4 21
162 180
213 216
169 199
112 129
5 72
95 182
113 190
40 84
161 170
43 166
94 200
17 207
40 59
35 159
166 168
91 204
203 218
44 65
6 169
84 137
20 156
179 194
128 162
89 150
112 138
88 128
12 110
75 189
29 191
77 193
38 101
38 62
101 218
7 92
37 112
17 85
39 172
135 143
66 178
64 108
120 215
2 156
47 133
135 197
9 122
125 152
89 188
8 80
38 120
8 182
65 159
128 155
74 125
86 119
32 144
30 36
116 176
10 15
36 98
138 198
35 149
25 46
162 209
104 156
182 188
93 186
162 187
17 94
137 152
4 20
68 99
14 159
31 62
196 201
119 187
60 115
68 151
56 164
53 62
40 74
21 25
120 131
158 167
89 120
57 217
86 133
16 71
77 159
13 182
11 104
72 205
160 162
35 78
165 170
96 101
117 118
86 170
52 165
6 34
168 191
117 153
132 187
49 148
123 137
19 73
138 195
37 122
17 111
29 90
159 167
173 217
137 198
65 134
187 197
68 112
74 197
124 203
84 205
99 124
106 167
71 129
140 197
42 80
3 114
67 188
67 90
84 196
20 42
65 202
44 73
180 187
74 85
132 163
37 133
114 153
59 82
68 83
114 202
147 177
108 141
48 208
141 193
70 145
8 127
43 111
26 214
82 210
59 92
68 72
87 183
90 195
132 197
23 122
98 127
29 180
90 202
30 163
80 101
151 206
107 187
31 126
152 159
136 212
40 201
45 81
70 215
55 155
118 169
17 27
14 147
94 172
166 218
54 143
38 156
141 148
112 179
132 171
140 182
38 55
18 37
124 159
88 185
134 176
120 198
11 122
129 141
27 106
101 211
10 157
74 83
70 156
176 216
35 79
15 110
150 159
6 16
38 108
20 159
1 33
13 85
105 218
92 105
13 104
66 172
109 144
96 182
5 91
4 135
139 140
29 36
97 183
99 152
65 67
134 174
4 7
125 146
40 67
146 218
32 143
76 175
5 161
19 105
118 140
4 86
28 136
0 35
76 88
57 152
9 24
8 161
40 110
32 190
33 154
82 167
108 190
76 210
83 89
14 145
22 217
159 181
148 201
97 184
145 149
78 133
45 73
102 119
26 48
138 180
136 149
105 119
186 194
74 118
192 207
119 206
16 158
123 159
86 194
107 158
13 52
42 185
75 141
116 186
146 150
34 159
62 104
83 133
203 217
82 105
37 123
81 187
87 160
79 131
63 70
72 161
92 159
15 76
24 102
162 216
106 144
121 197
40 134
144 201
42 182
51 206
104 212
1 149
70 155
49 57
39 182
18 93
185 205
37 191
16 48
52 63
56 86
45 115
43 102
103 170
169 202
110 118
139 160
164 183
73 80
48 91
194 199
14 49
89 184
91 208
9 62
19 102
77 175
32 211
164 188
45 93
68 94
153 192
3 186
148 186
97 137
61 108
146 195
55 218
199 209
55 136
136 192
54 128
129 190
2 182
121 196
34 199
26 207
18 74
78 141
13 192
143 194
0 101
77 166
73 205
20 134
194 206
37 53
74 191
137 149
57 169
149 201
193 198
125 165
23 157
68 181
43 73
17 46
153 212
98 132
99 118
90 96
124 157
203 214
35 193
70 133
75 169
88 104
94 181
203 204
23 209
35 130
65 103
42 193
13 51
188 198
56 64
38 86
112 205
27 112
67 198
153 214
114 179
96 173
29 164
35 209
66 102
41 71
12 133
130 191
10 114
0 5
104 164
56 190
20 110
188 211
165 211
46 152
167 203
0 47
153 202
91 189
6 108
66 72
35 191
26 174
116 119
62 160
67 214
6 55
97 112
59 203
29 46
30 169
97 205
26 110
88 176
32 91
50 179
25 51
72 212
10 169
65 148
166 171
185 188
42 176
23 210
94 141
96 188
6 19
173 175
109 202
87 180
195 198
127 141
53 123
128 167
32 153
26 144
52 152
30 64
55 117
116 135
67 107
15 189
76 133
29 118
8 70
57 98
93 176
138 163
2 163
108 148
50 172
170 195
40 166
29 185
80 87
2 91
126 145
107 203
103 191
14 106
10 141
22 120
92 142
8 154
43 96
84 150
131 187
102 112
71 160
59 148
133 185
42 84
75 204
40 45
9 179
100 163
40 160
49 150
14 75
66 145
155 159
74 180
34 175
40 164
139 146
41 207
0 1
157 181
66 80
74 119
68 128
152 181
52 208
34 182
121 146
23 58
62 181
105 136
100 206
114 130
103 126
199 216
52 182
80 131
135 139
1 213
26 119
5 102
95 102
101 198
30 204
39 100
169 190
4 142
167 178
85 93
54 189
156 169
112 133
61 102
25 85
131 136
94 124
13 210
11 13
20 148
71 93
25 207
91 213
118 129
110 218
85 138
4 184
177 206
36 110
135 178
20 160
10 60
46 61
12 109
20 210
12 22
12 54
34 110
26 134
30 149
40 165
29 133
37 58
107 199
32 81
156 218
100 217
30 140
8 173
32 139
87 89
154 217
69 184
160 187
33 138
68 102
105 158
80 99
98 209
13 61
18 156
41 137
99 202
84 103
170 213
23 84
60 200
27 190
133 205
122 214
14 29
10 102
177 199
34 64
52 115
37 213
78 87
41 213
17 25
84 198
2 169
30 101
14 186
179 191
47 99
119 183
40 118
140 190
123 144
82 164
60 112
98 104
19 217
60 205
56 165
21 210
40 122
55 140
162 184
118 176
143 208
110 195
145 213
80 171
138 155
29 108
143 150
57 187
23 134
4 118
23 33
50 198
104 200
121 152
10 200
94 186
22 61
136 202
107 215
129 208
120 199
76 161
137 141
22 99
18 100
140 147
17 197
1 182
67 135
121 162
133 190
179 212
2 25
92 215
10 187
45 217
53 179
29 103
17 36
56 78
109 168
108 116
70 139
4 210
12 92
84 151
51 148
20 76
167 185
39 216
2 122
5 100
14 55
174 183
3 68
51 69
34 152
104 147
63 88
92 156
7 46
7 75
13 162
45 122
35 59
75 139
72 164
103 153
145 159
30 151
86 185
89 153
65 166
99 147
115 217
109 169
0 158
15 77
15 90
10 125
66 94
12 208
52 70
75 96
105 161
66 201
9 204
11 169
126 196
73 132
26 74
31 187
89 122
103 154
187 209
51 189
1 40
3 204
82 115
77 187
34 128
127 171
164 192
6 66
55 95
47 86
19 81
84 184
158 205
38 73
17 107
119 156
40 91
53 195
19 122
99 175
149 183
88 203
121 166
105 174
122 171
10 77
50 117
133 187
18 107
13 87
96 109
100 176
64 71
20 211
23 196
31 67
116 180
81 213
68 85
4 8
124 125
156 196
10 163
64 105
55 106
107 141
7 158
16 96
119 148
106 157
132 134
29 207
135 208
45 159
47 148
18 20
27 71
5 189
52 163
26 69
104 159
156 209
190 199
29 206
183 185
153 207
89 100
35 125
18 105
61 159
10 36
98 189
7 140
90 104
100 196
123 200
78 170
135 154
60 65
82 160
102 206
33 126
13 181
28 51
11 24
97 201
121 194
62 128
18 48
126 139
64 109
18 78
54 132
130 135
5 77
47 214
140 199
7 65
25 191
85 148
109 114
124 212
83 161
55 200
106 192
67 94
65 136
149 185
135 153
145 204
56 208
88 173
147 161
44 86
165 169
142 186
96 120
50 170
105 150
75 174
140 196
190 197
10 54
41 76
175 210
28 189
120 128
132 157
70 177
87 134
72 191
68 212
74 203
87 182
55 102
114 125
10 58
81 148
123 186
148 199
11 26
18 25
38 183
46 144
29 150
127 191
88 99
20 34
87 124
83 185
97 187
31 181
33 176
39 93
31 82
78 201
201 202
158 173
28 135
145 196
169 186
15 68
75 201
157 186
82 109
54 183
116 177
192 208
167 180
50 127
47 105
149 176
111 112
80 109
40 143
69 147
120 178
200 209
22 30
53 72
144 153
170 199
169 187
14 83
17 19
167 195
121 191
66 86
77 169
34 39
76 151
99 193
34 214
120 169
178 182
58 198
2 207
142 181
106 148
140 165
84 95
28 148
71 133
32 56
111 132
47 187
15 31
16 22
61 180
33 194
74 84
15 20
113 165
53 212
48 171
85 89
186 212
79 103
24 46
94 107
9 10
40 130
36 149
207 215
69 129
121 147
76 187
35 116
50 204
88 109
91 167
21 118
78 140
25 168
142 163
41 163
104 193
99 204
91 148
149 165
22 96
26 39
112 122
14 73
15 71
138 174
45 213
21 119
79 118
27 180
117 165
94 112
104 108
67 130
177 204
91 135
42 129
158 194
159 198
114 200
177 216
129 183
6 52
8 44
39 149
25 106
69 131
138 162
157 213
142 208
16 115
56 204
66 76
53 181
52 92
1 203
146 213
137 192
20 123
97 99
24 195
124 162
144 168
102 202
37 52
92 181
61 84
205 218
10 208
37 82
29 114
42 189
13 78
47 57
138 204
23 77
6 147
12 117
158 199
80 84
93 181
51 190
75 78
123 139
183 216
48 159
136 166
8 114
89 211
24 174
19 132
167 204
96 133
79 183
13 121
6 65
86 199
36 148
22 103
106 176
141 146
56 122
94 116
124 144
10 59
160 208
159 202
165 210
91 178
97 218
59 61
58 210
91 125
3 64
140 202
104 142
184 197
38 58
30 67
45 76
162 218
43 135
92 162
68 198
11 77
20 175
3 211
37 88
133 163
118 199
185 187
40 42
41 48
33 118
123 135
3 193
60 163
68 141
65 83
69 167
77 78
0 74
101 152
54 100
139 184
105 191
17 45
45 175
75 103
60 179
70 201
160 181
196 199
98 149
40 157
105 116
52 186
18 24
202 216
145 153
23 171
43 56
1 76
103 166
175 215
64 92
10 153
114 119
8 215
44 114
118 132
119 153
119 211
138 151
113 116
183 211
141 151
150 187
12 161
34 212
55 146
66 136
29 45
84 163
58 71
68 81
61 71
20 24
177 200
96 163
60 113
65 121
52 162
73 126
56 65
74 135
112 113
178 215
49 199
43 50
93 156
20 120
38 137
108 130
32 186
57 87
40 108
23 45
156 208
22 136
87 111
131 158
6 122
3 167
44 128
115 216
134 213
35 115
47 188
38 146
71 96
111 163
86 216
18 158
131 198
88 207
54 72
124 141
94 147
152 213
113 181
25 68
53 207
158 177
79 130
2 125
48 138
187 207
74 216
40 99
70 137
100 141
50 66
88 162
67 196
56 218
86 151
48 93
108 146
100 108
60 102
36 39
15 27
157 205
161 186
114 146
50 178
86 96
1 156
74 152
56 162
2 51
78 156
84 207
40 117
145 183
34 43
23 39
35 118
32 33
11 126
142 209
40 178
73 167
187 198
16 162
50 80
13 184
32 84
102 132
22 131
99 203
147 184
111 127
28 49
8 212
34 36
50 120
85 182
65 162
51 159
4 62
71 99
72 203
67 70
49 133
86 211
80 164
81 215
74 146
22 38
7 184
15 180
61 69
44 63
99 140
146 173
94 108
80 138
67 89
28 58
110 171
52 209
75 133
9 20
186 189
37 182
23 83
45 106
16 183
0 67
90 210
157 212
116 195
77 127
112 126
130 194
110 140
66 105
0 218
132 210
27 53
33 68
7 66
8 164
132 133
11 113
36 126
101 158
61 200
109 215
108 212
95 191
46 132
26 201
1 98
84 146
0 51
0 58
6 41
73 140
62 70
9 164
32 39
103 130
105 163
176 207
100 152
128 198
33 146
53 183
61 125
77 140
115 154
66 151
167 171
110 206
60 159
68 171
7 138
58 129
34 77
18 141
11 181
46 181
52 188
27 120
4 63
144 193
31 132
87 131
82 149
16 194
17 101
22 160
46 70
85 107
52 124
154 176
40 137
195 210
152 175
123 198
29 163
81 142
79 106
153 193
167 191
35 128
18 110
23 179
31 88
1 189
43 175
2 30
155 180
94 204
150 184
163 165
89 181
107 149
137 157
7 200
28 62
145 179
104 185
103 173
53 104
59 100
141 192
111 180
50 152
22 195
63 218
51 82
10 164
161 204
8 132
74 198
59 195
182 217
8 81
59 149
34 153
109 175
77 214
82 119
75 195
176 191
29 97
90 185
24 95
62 73
180 189
86 142
12 181
67 200
26 202
37 137
71 144
60 195
63 99
15 84
72 195
171 187
116 208
90 157
25 189
46 73
12 135
63 96
144 158
75 88
135 149
113 174
59 178
175 216
22 150
63 73
10 182
73 206
135 140
95 124
34 136
84 130
67 106
180 182
165 185
68 167
40 204
106 213
24 101
69 135
180 193
100 130
62 135
19 44
51 62
84 90
16 69
14 21
92 183
57 143
153 178
57 183
15 23
23 41
33 67
48 94
21 127
59 94
52 185
165 180
152 169
28 163
45 152
97 145
192 218
47 201
51 123
51 134
40 218
122 164
181 183
196 218
137 154
65 118
41 154
96 180
77 152
32 98
60 180
3 218
94 100
2 104
25 88
10 52
15 80
54 212
142 195
34 157
2 147
10 214
187 213
5 158
30 39
17 145
31 104
89 156
77 210
31 103
82 98
8 88
73 145
81 86
91 136
111 148
158 197
51 158
48 206
141 187
142 196
192 217
19 97
33 63
129 207
18 199
179 211
51 144
16 198
44 141
16 182
84 171
170 216
60 165
8 184
6 191
31 177
66 78
150 170
2 183
18 21
40 95
201 210
42 110
24 53
123 196
28 129
105 114
23 138
73 201
84 106
79 193
141 196
17 133
44 208
19 75
40 132
125 172
92 191
87 104
53 201
6 24
128 163
68 74
20 83
73 156
110 216
11 56
30 84
21 67
9 81
27 193
22 44
52 156
160 166
127 164
3 125
75 131
13 195
51 214
2 175
54 164
1 186
24 77
108 173
11 47
0 76
136 163
138 170
131 145
4 195
102 169
20 66
121 190
35 129
0 95
71 87
58 164
16 200
192 196
93 130
26 117
1 101
130 146
6 137
106 189
99 159
84 214
32 85
102 131
136 176
56 146
98 186
115 117
97 213
85 170
27 40
2 42
147 213
190 192
98 160
91 143
16 218
36 182
64 212
169 207
70 107
130 200
48 69
119 176
14 53
1 140
70 149
54 169
126 203
73 74
59 68
59 185
22 158
151 198
63 82
97 142
4 34
136 178
12 139
2 94
140 195
69 214
27 206
13 218
67 138
138 152
105 147
76 189
8 176
125 208
4 83
93 121
17 140
41 75
72 163
114 127
123 141
126 141
89 178
167 181
101 151
40 63
25 63
59 177
205 212
18 180
109 178
53 110
114 192
61 95
7 83
45 78
106 132
78 173
118 151
29 113
126 183
1 34
20 172
18 126
19 26
77 79
81 94
32 131
127 175
196 204
61 174
115 157
53 106
4 79
134 137
107 162
68 145
32 89
18 31
58 60
7 81
27 144
44 198
125 137
24 61
77 134
41 86
60 72
10 130
106 118
0 114
84 99
118 134
43 178
125 178
115 168
11 65
18 218
60 94
24 179
75 83
15 141
30 128
149 208
157 179
67 155
22 92
101 156
41 74
69 159
72 189
77 197
38 123
56 187
78 98
0 149
8 72
77 137
28 142
89 152
140 179
131 193
21 198
31 119
115 203
189 214
56 168
33 117
63 193
69 140
22 78
15 129
90 139
5 116
9 152
60 66
129 182
33 48
123 149
52 96
67 124
6 25
18 196
3 146
122 151
20 111
6 78
79 177
122 140
2 128
34 76
23 176
17 152
135 195
7 127
98 214
30 195
29 42
40 66
85 92
83 157
13 146
153 177
15 158
91 150
92 184
14 166
178 196
130 198
55 205
11 53
22 157
135 171
53 134
32 159
4 58
33 170
84 211
8 24
110 164
35 39
67 123
38 112
193 197
51 119
12 202
72 141
143 163
11 190
57 60
45 176
17 77
36 164
180 209
34 185
28 101
163 206
24 92
36 74
144 173
82 183
65 124
153 206
49 154
56 199
22 62
128 208
6 138
152 218
26 213
28 99
61 66
33 57
97 199
81 137
13 27
171 193
25 104
32 118
95 216
58 166
148 173
26 91
11 15
54 114
135 201
37 166
10 93
14 100
7 79
27 161
11 34
12 51
66 132
136 195
85 139
139 164
15 74
99 206
139 217
13 49
50 59
62 187
59 107
37 128
33 212
78 79
7 101
13 193
97 214
30 51
141 178
96 193
57 215
16 112
12 131
10 154
44 188
76 123
19 53
39 214
30 217
104 207
63 128
29 184
31 124
9 29
119 129
50 57
51 139
54 57
68 123
84 204
9 97
101 210
40 145
0 198
46 196
4 81
88 218
68 169
13 217
93 146
37 42
58 180
211 213
87 188
131 217
68 203
114 156
91 127
19 137
14 69
135 137
61 103
94 214
0 71
95 193
45 192
11 133
95 134
80 133
211 214
60 116
15 100
19 136
69 132
23 149
6 21
8 190
197 213
26 67
99 144
40 168
121 187
69 97
66 194
116 159
54 141
144 217
6 94
6 190
17 62
46 177
49 182
2 23
79 196
98 126
35 56
19 89
57 176
102 147
23 148
149 169
87 157
97 204
42 43
69 185
37 69
22 169
49 185
48 118
172 198
10 63
19 104
118 207
28 93
102 136
62 94
4 212
173 176
117 158
188 199
0 130
65 169
44 197
136 214
38 103
23 160
77 105
75 134
119 126
179 182
116 209
57 82
134 196
19 20
88 139
14 41
63 171
40 119
48 205
122 216
40 197
186 214
158 198
179 197
37 138
78 172
65 95
116 136
5 139
73 106
174 217
74 91
70 210
17 35
159 200
91 109
20 62
30 203
3 93
9 162
170 201
117 174
51 184
21 175
110 217
124 170
5 44
98 102
94 207
5 124
179 205
20 204
12 152
18 97
18 147
38 208
65 177
102 144
31 70
53 121
56 195
20 72
73 154
49 112
198 204
17 216
33 128
84 85
126 210
82 84
28 78
32 41
36 159
172 216
15 88
86 207
26 142
126 181
124 148
138 189
93 147
155 181
29 202
16 61
48 207
182 194
8 193
77 146
57 218
72 158
54 140
178 198
46 56
0 197
19 84
73 149
26 98
84 131
122 137
9 95
5 39
117 156
144 146
60 183
37 108
44 95
74 164
45 164
106 206
133 182
90 115
113 178
150 199
10 172
21 177
113 204
177 211
118 182
45 90
23 135
35 83
192 205
13 174
136 185
3 189
25 47
63 178
99 128
22 102
63 102
69 104
149 150
53 132
162 202
192 204
198 216
164 175
114 117
13 54
74 215
167 172
44 116
25 124
15 89
57 66
113 146
101 125
19 175
184 186
150 188
22 202
36 120
101 159
68 127
58 94
91 132
41 180
117 215
84 126
12 70
21 89
155 166
77 218
10 64
15 212
58 97
35 168
50 85
3 90
5 9
86 138
62 214
12 167
17 161
107 133
35 124
12 75
33 151
106 135
148 155
48 112
49 170
12 17
10 107
20 31
178 211
83 172
185 218
20 214
47 174
15 201
26 28
82 95
0 131
73 94
13 70
48 83
32 204
147 215
34 42
19 39
129 203
32 208
73 163
126 173
29 209
68 120
173 198
72 186
143 218
117 119
5 148
79 162
93 161
104 138
128 152
114 182
117 196
68 192
35 162
88 214
17 142
69 114
110 139
114 210
139 170
106 191
27 171
37 78
34 209
13 106
130 143
52 167
0 17
16 129
171 172
24 96
120 194
18 73
45 153
22 32
42 218
49 184
177 217
165 195
36 153
67 191
105 156
3 106
127 166
43 150
141 145
69 106
61 190
159 166
78 119
42 97
84 178
12 106
66 126
57 188
109 174
116 206
69 218
66 97
53 127
53 76
37 159
42 167
11 114
51 106
120 145
73 160
84 185
49 100
61 73
150 194
28 73
171 201
31 77
23 89
65 147
111 138
122 185
6 57
42 63
52 183
29 38
77 151
94 198
120 162
0 215
87 150
61 67
115 169
57 208
43 145
51 86
12 204
20 112
71 91
106 180
132 199
108 144
145 203
53 178
11 144
19 189
28 77
25 179
24 199
44 87
38 203
44 160
65 212
81 93
120 170
141 159
119 188
107 157
180 190
38 59
77 102
9 114
24 90
81 122
47 104
20 38
107 150
71 107
49 103
92 113
83 205
104 197
78 194
63 202
38 153
37 163
88 175
59 76
111 173
185 206
103 109
58 147
188 210
53 67
36 60
161 184
93 197
34 173
127 162
75 77
54 149
88 195
11 180
125 144
20 79
80 210
59 216
35 205
74 159
110 127
99 177
83 186
152 209
9 102
60 156
25 170
103 119
43 160
29 131
33 111
36 147
82 217
43 158
20 37
56 130
52 169
31 49
51 218
145 170
38 53
56 145
47 88
65 72
77 213
154 184
131 144
67 193
26 159
80 193
75 111
33 105
37 177
72 129
133 154
126 199
147 197
125 218
47 163
34 144
41 52
9 39
127 205
75 178
60 96
21 41
130 212
19 148
2 50
103 142
28 218
137 156
121 201
157 159
53 122
67 204
52 217
86 102
204 214
41 148
47 73
46 80
18 87
117 125
128 172
96 110
44 120
22 180
12 69
81 202
143 216
3 39
91 160
133 195
156 172
23 74
86 94
93 149
78 157
33 208
115 123
80 154
21 99
108 191
34 171
2 39
32 206
24 119
113 121
197 203
62 90
112 131
80 141
55 103
13 71
25 161
51 54
1 121
72 151
175 212
155 208
104 202
153 166
22 33
29 165
127 189
114 199
186 204
1 11
144 171
124 208
21 107
13 186
89 139
29 153
158 215
184 205
26 106
86 118
126 149
148 218
55 213
154 200
150 180
67 215
68 86
155 198
23 147
55 215
40 113
107 124
5 125
64 205
50 212
97 116
43 164
89 165
126 214
68 92
209 211
4 192
9 173
12 120
170 192
128 189
201 218
134 158
2 86
92 133
15 173
5 190
136 145
63 127
150 216
11 71
167 215
117 135
100 183
74 90
109 111
82 155
128 147
63 123
46 51
173 212
47 64
32 78
60 199
4 76
43 45
1 47
98 178
22 171
48 56
48 86
31 46
169 180
9 106
44 112
12 211
5 23
137 210
105 130
71 153
95 215
66 213
95 117
32 180
101 183
131 185
90 91
54 130
195 214
31 53
190 206
144 147
117 159
70 116
163 169
60 77
104 190
107 210
102 191
149 210
66 166
95 106
61 65
80 134
184 201
12 193
22 64
16 78
54 173
54 199
79 157
110 173
156 179
37 204
108 210
40 101
98 166
132 143
167 176
9 77
151 207
34 149
43 65
167 184
0 205
6 106
66 165
34 114
3 171
100 174
121 210
49 208
60 174
173 216
40 212
74 168
54 155
9 146
101 109
61 80
25 105
32 35
30 161
44 185
151 184
17 83
42 172
107 143
41 60
0 18
128 168
13 59
57 210
42 52
45 63
83 156
124 188
50 210
62 131
27 208
76 162
53 55
39 169
90 118
22 39
34 132
120 188
107 212
21 173
97 119
8 13
25 143
8 157
52 168
151 203
2 90
120 173
137 159
35 106
28 179
6 156
71 200
21 159
57 85
45 112
70 114
11 50
81 106
66 67
34 38
107 132
39 67
130 206
118 147
49 181
33 159
22 135
63 120
104 206
45 172
15 67
3 217
32 177
21 38
87 169
75 146
46 72
54 150
72 96
107 117
46 157
11 128
27 108
135 191
58 113
56 142
150 218
16 202
86 206
70 172
122 172
27 127
56 58
4 38
75 182
35 167
28 197
40 144
21 181
16 195
43 188
157 197
177 187
58 104
68 147
65 76
21 196
4 15
10 168
44 98
94 215
145 167
104 195
54 207
58 100
100 181
19 106
151 208
51 84
51 127
73 212
75 108
44 144
97 168
191 217
76 154
4 158
33 59
81 109
36 167
47 191
123 197
24 93
21 30
40 189
2 192
57 99
14 131
33 35
196 214
109 118
185 215
31 197
77 117
85 160
53 102
30 73
103 129
11 45
18 68
56 154
156 195
23 154
122 167
80 118
174 193
19 140
152 157
18 125
105 200
23 95
163 181
53 216
130 166
58 64
76 109
139 172
96 178
42 186
80 142
97 194
39 155
100 184
74 174
82 150
170 202
180 192
10 23
70 141
42 55
18 200
37 215
205 209
21 137
78 138
8 50
19 128
116 168
49 176
11 89
123 142
0 89
35 207
140 218
64 159
188 209
7 120
7 148
91 190
128 171
79 217
135 218
60 79
90 216
24 130
206 214
58 177
37 62
79 207
136 181
155 172
95 199
33 213
132 144
100 162
50 105
79 190
90 112
41 94
192 195
160 196
4 57
17 194
23 145
41 217
54 153
92 143
39 180
31 48
5 66
36 48
56 212
24 201
20 84
54 184
7 199
93 117
20 152
21 206
110 186
119 163
10 115
46 95
58 171
18 121
14 170
37 211
88 120
65 181
94 205
96 185
34 202
78 100
103 186
100 158
24 204
5 157
109 182
50 123
182 218
68 117
55 58
40 156
131 195
181 189
71 101
138 208
89 92
16 83
48 179
43 159
179 186
9 158
25 199
133 204
50 69
144 183
74 141
57 80
85 203
165 174
22 168
35 81
209 217
77 180
132 205
7 177
143 144
54 211
20 48
95 164
113 136
12 186
56 217
79 146
45 216
151 211
173 208
186 205
54 181
130 178
92 194
61 204
19 47
21 160
43 55
13 117
43 157
187 204
23 155
73 131
85 153
55 190
24 52
168 218
31 201
28 105
102 174
23 105
35 188
111 189
146 217
157 210
118 180
41 166
133 159
6 185
99 154
25 141
94 121
25 115
111 137
0 137
29 194
70 124
20 170
1 168
54 138
3 91
102 213
135 175
26 47
103 189
3 164
6 10
168 208
55 63
73 77
127 147
161 188
23 116
34 133
13 48
62 123
69 196
197 207
58 213
159 190
45 133
18 130
61 144
51 185
146 168
66 93
44 49
101 169
94 217
0 124
40 109
2 40
34 57
18 27
23 29
145 155
34 108
202 205
57 86
92 187
73 211
120 187
3 86
10 112
156 211
30 181
94 144
168 211
23 106
38 209
35 114
4 203
2 186
42 142
75 105
40 81
59 78
164 178
156 212
189 197
80 207
129 140
150 203
149 167
39 126
104 169
47 60
17 183
39 105
42 211
1 45
16 191
63 214
8 99
82 127
1 13
44 194
160 167
32 200
154 158
70 211
17 52
10 101
21 143
30 139
14 33
31 134
32 126
49 115
6 183
33 37
33 155
32 82
18 162
3 83
97 127
99 136
14 216
79 182
61 163
112 154
28 156
40 53
11 100
5 110
80 96
57 151
177 215
109 196
30 209
19 40
9 157
23 150
146 203
141 175
156 168
25 107
61 91
18 201
132 158
4 144
86 213
70 75
97 144
57 171
201 212
81 205
71 151
173 178
41 64
83 122
77 161
29 69
19 168
37 196
38 172
52 62
3 56
26 204
18 154
138 209
45 184
101 181
161 183
107 170
37 76
57 179
99 102
90 192
14 30
64 191
3 22
26 177
116 214
23 166
33 198
130 203
29 91
55 66
182 198
71 177
55 212
141 200
85 164
47 81
180 211
21 214
129 206
51 104
122 123
53 191
87 187
131 178
98 124
59 72
25 172
30 108
56 140
44 104
163 217
46 160
66 139
107 195
122 141
8 55
106 127
9 66
200 216
89 206
137 172
43 141
67 98
72 112
10 197
46 53
17 172
1 25
139 187
212 215
27 189
70 72
174 202
205 217
26 186
13 29
52 103
64 113
186 217
37 101
128 209
159 188
80 106
13 74
1 178
80 97
108 184
3 197
50 79
40 41
68 211
137 214
73 78
5 82
3 165
76 217
44 175
79 197
80 149
203 212
83 188
99 142
38 50
85 120
55 94
46 151
89 179
95 207
129 217
30 63
36 68
20 32
131 189
35 120
53 131
89 143
32 34
78 126
48 172
51 205
64 111
73 198
111 206
122 135
4 24
80 179
104 119
6 7
36 94
160 177
151 185
143 185
69 177
157 166
2 10
104 124
137 195
10 17
79 168
144 204
24 49
33 185
28 108
133 194
109 137
60 194
87 162
86 166
70 90
148 185
84 116
112 148
106 185
98 105
66 142
16 24
130 176
80 129
74 176
52 57
21 163
73 144
126 148
24 172
3 23
122 126
3 207
57 196
32 99
100 112
89 208
13 132
45 84
75 135
12 175
29 217
103 131
18 115
46 195
17 162
88 180
84 192
27 115
0 209
97 197
13 28
37 160
68 177
75 218
20 75
41 43
17 184
131 202
90 114
150 179
55 89
62 77
107 179
157 217
151 158
2 216
69 127
75 80
9 169
60 123
69 182
41 79
63 192
4 127
46 118
196 212
76 105
13 65
83 176
96 144
115 161
174 213
61 168
99 185
107 135
35 132
117 216
1 218
148 165
112 200
17 39
80 144
107 202
20 128
101 185
89 119
165 215
168 174
7 132
47 54
140 200
168 175
110 142
77 168
31 84
164 201
142 188
57 120
131 165
3 4
62 122
83 132
28 91
11 59
157 184
56 57
36 97
64 135
51 102
148 210
101 201
102 126
115 171
30 159
157 162
4 211
42 200
132 141
24 153
172 195
66 111
8 58
12 19
137 175
4 68
4 70
28 80
152 197
53 137
30 158
24 150
194 200
43 193
180 202
60 172
98 99
172 176
16 134
150 168
31 101
15 218
74 127
26 171
9 49
69 199
72 146
195 215
114 172
73 108
48 140
7 24
126 171
104 172
83 164
63 200
66 123
82 132
38 147
155 183
137 176
51 170
47 119
108 118
25 208
92 158
144 175
135 179
28 72
14 25
28 88
6 207
96 216
105 189
144 177
55 126
73 75
167 212
103 110
124 218
31 96
7 28
95 127
82 93
95 99
94 189
33 167
21 29
21 52
17 59
55 82
112 141
55 171
78 206
1 32
71 81
60 128
2 16
113 218
19 74
49 70
63 141
66 175
9 105
124 140
159 215
34 150
89 118
5 27
14 187
20 140
57 92
68 98
81 143
67 78
170 198
124 149
32 63
174 191
43 129
176 184
12 159
45 191
20 59
32 197
21 202
32 50
4 190
100 154
91 154
55 143
130 189
54 196
124 189
36 101
33 204
166 209
39 199
2 95
99 134
43 92
0 134
21 74
8 63
90 130
27 33
61 92
65 153
11 79
38 205
57 178
47 162
25 134
94 104
149 192
109 129
166 191
112 208
159 218
202 211
81 200
88 165
75 153
116 202
26 43
18 58
17 118
43 151
47 128
10 126
40 188
128 156
1 202
104 153
22 175
37 130
114 118
3 46
99 201
47 89
30 85
129 175
167 186
53 117
60 147
18 204
104 116
23 182
57 163
3 200
35 192
32 67
51 152
20 191
100 189
20 133
28 102
34 51
7 131
3 27
49 134
97 163
50 162
40 182
191 193
142 155
148 212
33 83
150 207
45 182
12 182
4 182
15 179
103 138
25 58
19 76
145 187
82 181
60 109
145 212
111 202
66 138
102 212
36 137
57 150
136 153
114 141
32 71
169 205
100 156
24 40
197 214
88 187
95 142
171 192
38 43
74 190
9 170
2 139
29 37
192 209
12 157
81 157
32 76
46 99
44 140
18 63
42 125
40 126
62 156
32 158
9 21
51 209
134 153
16 33
162 207
3 10
63 142
29 56
78 83
54 62
65 81
72 166
38 189
127 140
105 211
146 176
22 108
7 64
4 173
12 60
3 21
148 172
1 122
99 135
62 169
97 209
39 147
77 83
181 204
4 175
113 176
116 173
114 122
0 200
36 41
104 121
163 212
94 143
108 179
144 167
149 207
4 121
96 139
111 136
41 77
19 209
58 204
164 193
10 45
178 200
1 12
1 159
81 182
28 140
136 154
48 82
25 155
152 200
69 145
177 195
124 130
19 203
15 200
119 125
109 162
50 193
166 174
108 124
14 111
123 156
21 191
182 201
3 132
25 31
55 211
34 53
183 204
5 178
42 208
72 80
93 137
111 116
41 102
15 144
115 121
135 186
119 122
78 209
44 69
77 81
76 202
93 129
103 208
178 201
57 173
20 23
70 109
74 121
156 206
112 203
9 136
3 89
128 186
112 183
82 94
148 213
112 121
141 152
120 166
70 110
67 142
97 121
19 145
75 104
25 215
43 79
55 67
164 174
55 157
100 177
42 53
93 199
32 68
74 145
70 164
17 38
59 77
60 122
154 174
47 90
13 30
20 95
65 123
17 30
48 139
39 128
6 81
60 63
76 84
162 211
111 182
168 201
114 116
16 51
94 167
123 169
126 150
26 29
93 104
107 137
26 168
179 202
174 198
7 80
99 120
68 136
166 207
112 211
71 82
114 207
68 89
35 72
79 125
42 116
129 213
8 76
122 209
36 46
15 111
2 33
41 98
173 200
147 182
2 198
57 118
79 175
52 202
28 65
133 167
35 51
97 109
46 201
111 126
36 114
66 183
3 66
23 113
86 184
67 101
75 110
70 199
39 134
23 62
23 140
130 182
43 173
179 198
90 155
72 160
70 136
5 61
115 174
110 141
54 123
29 94
161 174
177 184
93 145
30 98
69 95
145 151
50 115
101 180
105 125
98 167
6 60
13 183
46 111
12 213
39 103
107 209
51 59
20 88
82 91
156 199
11 118
30 136
151 156
25 64
25 92
64 189
82 187
132 188
1 148
155 173
50 144
120 208
41 82
114 147
129 212
90 180
101 187
50 200
95 160
32 66
53 180
74 161
75 149
35 87
123 209
36 121
36 179
200 210
162 166
59 146
80 83
81 92
53 168
124 173
33 53
0 175
177 197
116 141
39 41
46 110
3 13
26 196
11 103
71 201
32 129
113 171
55 166
156 188
117 130
71 86
128 176
111 114
0 115
139 169
61 135
106 139
91 186
63 208
64 87
159 201
66 137
129 158
22 197
76 207
148 182
127 154
47 192
6 128
142 198
81 151
8 47
146 207
13 151
168 203
8 202
3 34
134 205
128 216
10 209
9 46
85 187
75 171
47 203
89 130
121 195
121 138
105 165
36 198
80 81
108 128
59 141
47 212
72 193
70 85
78 95
36 165
49 87
84 100
78 195
189 192
35 158
19 54
2 64
8 10
156 158
2 47
16 46
101 115
82 86
27 200
4 160
26 156
127 159
44 153
165 183
7 154
10 116
151 201
40 163
33 130
143 187
128 188
48 175
90 113
100 155
40 115
198 205
38 187
2 146
19 113
118 175
92 106
10 100
25 28
129 179
94 170
133 212
164 176
15 70
103 147
111 214
113 179
84 112
18 179
81 204
91 159
132 136
26 33
25 90
176 204
13 92
130 170
109 188
129 139
56 135
23 187
88 117
24 69
188 196
175 192
108 159
64 124
15 178
99 208
122 161
75 137
139 145
93 217
45 123
190 210
66 114
118 214
61 78
86 181
140 164
74 184
150 195
62 138
81 196
93 123
104 122
14 77
31 97
51 98
28 83
26 164
100 138
199 214
55 202
172 214
123 166
187 201
70 178
8 42
142 210
59 181
50 91
65 133
63 157
55 170
64 197
68 144
2 82
77 119
84 161
180 183
65 85
31 158
73 107
8 151
78 212
147 152
144 154
67 158
77 211
101 203
43 167
103 209
0 99
122 197
77 204
137 189
22 79
55 74
159 169
28 29
61 89
148 193
71 186
16 84
30 94
59 206
127 168
83 187
85 183
43 172
61 183
79 140
108 134
43 84
58 109
73 188
98 120
37 155
93 115
79 91
13 39
73 159
204 213
80 92
23 133
18 170
43 165
8 166
192 212
89 183
53 152
165 207
131 208
21 129
162 168
115 163
36 200
165 181
123 164
2 111
171 202
52 155
201 204
9 87
182 191
56 136
53 86
193 204
75 116
124 128
181 194
94 206
66 212
45 111
158 169
98 131
36 141
44 115
19 184
72 76
164 191
9 23
139 206
145 146
23 79
25 123
32 92
1 181
98 156
85 100
51 175
5 98
113 132
43 86
175 205
46 212
81 166
170 215
104 139
26 152
83 145
53 79
116 218
99 109
56 196
157 177
136 168
59 91
8 130
174 218
10 37
34 96
34 95
116 188
149 163
84 164
40 155
153 180
54 76
43 131
97 189
80 195
71 192
89 171
58 70
46 87
34 61
115 200
35 95
192 206
51 135
124 178
87 90
2 57
38 107
70 208
35 53
40 183
17 100
178 180
80 208
178 195
70 134
87 116
158 178
32 53
95 212
52 176
19 150
55 59
17 191
175 195
66 148
37 74
140 194
43 117
5 119
69 124
27 38
80 217
72 148
38 162
122 194
134 178
45 157
114 158
78 89
103 200
112 161
27 216
111 171
117 217
146 209
74 129
115 128
107 175
55 216
93 163
121 140
48 196
46 106
66 156
53 74
28 211
41 115
18 193
14 48
40 207
132 153
63 159
108 195
88 141
119 143
43 90
178 213
149 181
82 193
112 118
178 208
60 61
9 118
108 152
24 26
57 101
152 199
44 205
72 197
159 187
31 155
44 157
42 61
9 131
49 93
118 126
99 199
80 159
154 175
88 193
82 157
105 124
44 103
141 198
70 161
78 91
31 73
18 89
172 200
208 214
13 200
168 215
38 217
55 131
135 176
28 200
10 32
35 75
3 175
156 207
31 215
54 67
133 165
21 40
24 103
58 153
11 82
11 32
84 89
61 76
107 155
28 104
53 125
3 153
50 177
148 204
143 158
20 157
11 145
7 175
50 164
89 102
86 157
67 205
69 202
141 209
122 201
114 212
32 175
136 189
35 117
165 203
63 175
114 165
124 213
163 178
109 151
41 200
13 185
23 86
23 165
60 98
32 86
32 112
125 180
54 63
19 80
4 9
125 138
49 215
127 186
34 37
47 72
57 124
22 122
1 4
172 187
116 167
152 204
12 91
27 211
49 81
9 68
77 191
179 215
65 168
143 215
83 92
16 136
15 53
66 133
52 131
5 155
46 173
51 196
153 165
171 179
187 210
3 12
110 176
108 203
152 170
31 174
86 131
11 143
81 138
60 181
7 143
35 176
22 179
22 119
99 164
18 95
113 217
99 100
12 71
59 86
113 123
73 210
1 70
92 111
51 115
121 199
84 193
96 115
40 140
16 186
85 215
34 47
108 215
89 133
60 74
21 44
123 127
4 146
30 35
27 59
184 187
38 51
1 56
22 189
79 110
131 162
188 197
50 75
137 182
113 159
9 107
111 141
52 184
179 214
119 197
113 160
4 200
145 216
119 214
83 113
71 140
130 158
100 124
73 187
133 175
121 173
11 192
3 123
19 199
7 23
26 40
182 186
21 189
7 174
154 179
156 181
182 187
164 212
86 101
91 158
81 174
107 161
0 85
86 172
156 182
8 149
67 146
34 85
63 169
63 187
32 179
7 20
51 178
111 190
73 181
11 201
26 130
92 186
0 63
181 187
41 198
69 195
136 146
167 179
10 144
142 203
0 59
25 132
102 192
17 89
63 205
81 170
40 199
91 107
106 215
162 193
165 192
119 193
58 74
19 144
68 202
68 173
20 207
5 133
29 88
119 173
53 124
105 207
93 134
10 143
38 166
105 132
4 60
65 213
63 147
36 99
104 140
26 61
8 144
172 209
104 160
67 100
37 72
63 170
16 50
5 160
110 147
2 60
131 156
39 109
198 199
62 140
53 217
41 170
40 167
60 140
156 177
30 96
140 210
127 184
25 158
98 144
26 125
56 134
69 142
96 214
92 196
23 78
146 187
31 128
48 209
81 183
14 160
41 128
161 167
32 201
39 174
183 213
144 202
65 205
91 138
151 216
4 27
148 217
161 215
91 104
111 199
71 189
102 173
137 179
74 182
48 178
30 142
32 189
5 173
156 197
67 83
95 150
49 161
110 213
83 217
80 168
2 205
195 212
32 213
9 60
58 135
97 151
92 180
121 177
91 156
59 142
66 92
86 191
97 203
14 156
102 111
110 128
10 186
35 108
112 173
45 181
131 209
97 200
108 208
105 122
7 12
206 210
102 187
72 153
18 44
22 36
68 104
42 132
22 70
58 157
85 198
76 145
110 174
180 208
37 179
110 189
97 192
80 85
40 151
99 143
75 210
77 196
21 94
29 120
69 126
81 209
34 145
51 155
1 64
147 157
87 143
76 127
52 179
139 192
82 158
76 144
64 122
33 186
112 184
150 152
101 146
153 174
169 185
125 127
191 211
9 35
137 204
64 200
70 104
2 67
40 139
106 166
90 99
75 163
59 67
56 74
29 203
21 183
125 164
66 68
171 208
63 91
68 106
44 130
92 98
59 127
3 6
122 147
0 78
59 75
31 131
48 198
116 183
118 202
65 112
137 144
26 114
78 124
41 191
23 152
17 136
41 116
22 47
150 192
30 183
193 205
189 216
65 145
87 112
67 97
16 27
8 100
9 150
5 176
88 183
105 184
108 110
38 49
22 214
207 208
14 197
57 89
42 171
54 167
91 101
32 37
19 162
195 203
158 166
24 140
205 214
5 134
77 198
2 70
4 128
63 210
211 218
93 98
139 203
61 72
30 143
7 91
158 209
137 168
39 91
95 107
3 166
87 210
77 205
48 78
50 139
10 14
95 158
198 203
98 201
25 130
56 214
125 131
107 211
82 139
122 217
161 210
61 173
106 123
52 107
13 25
130 173
43 140
79 171
28 128
200 203
38 204
125 182
116 204
25 156
7 99
15 156
160 214
37 107
169 203
35 185
70 76
127 158
149 214
109 155
114 145
52 205
171 180
5 78
25 112
1 216
67 127
88 179
4 140
19 127
53 126
119 185
51 122
4 110
28 192
115 119
14 57
52 60
147 193
9 172
26 182
75 125
3 212
45 173
13 116
33 50
29 76
137 140
102 152
94 216
86 204
128 141
94 140
38 78
39 108
55 147
148 181
49 159
52 206
160 204
2 172
146 192
100 142
34 158
35 96
74 114
43 97
44 88
127 152
3 43
40 76
42 76
79 145
114 189
14 117
25 192
65 96
55 112
50 137
12 158
5 67
41 117
96 158
48 123
55 142
2 11
123 180
36 103
17 116
94 173
45 46
4 126
78 164
36 71
51 194
79 180
58 112
120 218
179 209
8 216
117 163
13 160
10 217
39 48
57 198
3 26
62 78
109 149
75 162
47 155
14 209
16 147
75 127
46 199
46 146
99 119
56 76
125 196
74 160
27 143
123 128
41 47
4 53
122 178
21 124
109 145
88 97
96 121
139 158
30 120
15 210
120 138
151 157
104 194
151 192
10 47
67 172
12 214
139 148
72 122
74 102
96 195
4 154
144 174
62 217
36 175
10 192
79 165
53 130
43 81
32 214
18 112
98 150
82 142
117 120
110 111
130 197
11 110
155 188
125 130
183 202
110 121
37 200
67 183
199 210
135 166
161 197
27 183
64 114
140 174
31 72
24 209
61 107
117 137
30 144
60 171
118 123
77 157
24 109
67 202
79 155
56 108
147 210
29 106
1 126
116 125
72 201
26 135
144 198
49 129
62 208
68 179
136 171
91 202
116 200
115 116
50 182
143 188
113 195
167 206
98 194
109 210
101 164
76 107
11 52
41 65
78 111
35 156
34 66
25 140
145 161
83 209
80 196
128 180
102 197
198 201
99 108
130 132
42 141
153 200
114 138
35 45
94 128
19 30
60 161
54 214
45 51
85 192
78 139
126 138
119 180
36 134
85 144
45 92
123 199
133 144
12 190
30 46
16 189
95 118
118 178
156 166
12 126
56 120
2 206
105 187
0 176
28 98
11 85
174 175
64 107
81 89
142 149
92 209
170 217
21 199
49 71
76 135
49 202
97 107
67 213
194 197
49 142
87 126
84 102
72 123
2 154
32 163
22 88
109 126
89 110
143 191
4 49
19 138
125 166
102 148
163 196
8 110
138 160
21 149
86 198
64 149
108 181
8 129
62 93
69 210
96 131
59 88
15 217
73 190
30 208
108 168
28 111
44 133
106 181
34 134
108 119
95 146
5 150
109 125
172 202
137 161
131 134
47 153
27 160
23 201
28 116
16 94
50 121
184 216
37 126
84 144
112 176
163 190
81 195
17 188
146 190
193 212
37 71
59 109
148 177
171 188
58 209
52 116
16 204
100 115
77 109
108 139
137 166
11 159
63 206
88 178
120 185
77 147
64 82
21 146
83 213
22 104
22 140
5 13
42 104
48 72
23 159
39 104
84 215
45 183
37 104
98 188
117 134
12 210
90 169
82 89
41 144
74 130
143 192
23 146
62 125
13 170
73 104
76 170
105 107
54 82
74 120
64 86
128 153
119 168
54 205
87 117
26 59
49 210
51 89
27 128
20 206
85 181
148 209
53 136
78 145
141 163
62 186
18 49
67 115
125 190
117 189
124 174
81 159
89 202
171 196
191 202
188 191
32 169
121 184
62 197
146 194
108 197
10 13
80 132
38 206
117 181
150 158
1 48
98 158
17 48
14 196
5 180
41 85
168 209
140 150
109 165
3 73
65 101
141 147
101 209
48 157
101 178
82 153
144 196
121 171
79 80
53 208
63 156
179 217
183 203
189 202
36 189
83 103
121 148
30 76
76 116
72 149
11 63
71 208
96 142
35 201
43 71
81 203
119 198
158 168
186 203
65 199
92 112
64 94
8 36
22 57
62 174
5 171
34 191
124 135
48 156
31 106
113 156
76 148
66 216
128 150
50 132
137 215
69 217
32 122
10 155
33 127
125 212
88 103
12 42
69 181
10 80
27 197
139 177
38 90
158 185
19 34
141 203
38 201
51 61
9 132
115 198
148 190
162 198
10 88
0 32
18 104
143 160
40 50
95 218
198 207
40 120
27 52
46 48
172 192
53 182
81 184
73 150
16 151
162 203
34 46
136 179
54 105
108 172
38 139
6 27
64 171
121 217
186 211
24 105
19 166
37 173
42 146
30 31
29 189
76 168
89 203
11 142
168 189
85 128
64 84
21 113
78 191
6 163
6 187
125 201
13 69
89 104
20 164
163 216
101 106
128 196
98 155
23 67
167 188
92 141
35 123
118 174
64 75
73 177
72 176
28 53
134 211
51 198
98 185
185 209
176 181
130 149
77 154
32 38
38 182
170 175
193 216
151 217
139 200
101 141
148 216
97 126
72 107
23 92
7 95
88 212
110 134
21 59
27 98
119 169
126 164
18 198
38 98
17 211
131 176
38 154
70 123
49 91
121 208
146 172
158 186
74 150
83 109
101 148
202 207
72 199
5 11
102 109
66 141
52 109
66 186
99 189
73 151
2 173
61 154
151 180
2 181
15 33
28 134
8 146
163 209
49 60
21 39
74 96
5 46
89 144
23 68
56 67
193 214
117 145
62 67
49 50
85 95
46 121
145 176
66 195
30 95
148 179
77 93
153 169
31 81
81 171
181 205
13 73
173 188
135 180
15 208
15 128
26 81
38 145
75 98
89 166
120 160
49 147
82 116
54 80
35 170
25 91
97 161
145 197
189 211
10 20
38 52
147 180
147 163
69 121
94 159
56 192
9 181
83 88
86 195
38 195
16 103
71 92
17 181
43 93
95 204
57 134
56 163
192 194
181 208
104 123
147 150
98 118
11 177
51 125
49 82
30 206
32 172
33 161
115 126
47 178
62 118
9 210
42 103
39 171
69 197
182 214
166 178
127 177
93 206
14 172
116 196
37 208
18 145
171 200
31 218
29 186
39 101
17 21
15 148
34 198
176 195
60 86
36 210
44 159
55 108
54 139
57 114
27 111
66 112
16 49
79 122
97 113
36 177
121 139
62 137
192 201
1 24
17 187
144 213
10 72
19 31
23 118
166 172
39 122
32 120
52 189
24 60
58 214
174 205
24 202
41 181
58 165
66 70
22 204
24 114
184 188
64 169
73 121
54 210
16 214
25 33
25 157
81 101
50 183
88 144
82 212
39 201
130 208
129 171
51 149
124 215
23 139
24 211
29 218
22 43
120 190
108 187
86 126
34 135
153 160
170 209
100 118
64 164
122 162
114 211
67 85
156 176
10 84
190 203
30 89
145 147
129 150
81 155
20 213
101 194
6 103
101 160
34 74
51 68
187 215
18 72
0 39
26 71
103 172
92 195
3 53
4 207
69 213
45 114
145 180
8 214
8 197
120 132
0 203
105 115
154 197
139 149
82 87
116 199
50 146
60 186
26 107
112 144
30 202
81 125
82 170
57 184
45 141
171 182
106 154
47 137
6 168
66 121
24 87
27 44
128 136
5 209
215 217
27 76
42 50
105 118
150 200
2 24
81 146
0 66
78 93
160 206
30 133
17 105
149 196
41 172
18 175
96 212
65 195
38 215
28 152
110 160
19 160
10 49
68 138
46 47
35 198
34 174
34 124
170 185
127 197
153 173
50 208
79 142
68 174
3 162
39 95
106 130
83 201
132 175
83 90
86 120
55 181
63 136
37 134
68 196
21 180
157 209
18 140
100 121
175 198
3 63
63 191
36 203
52 66
6 141
13 159
45 210
14 70
181 209
39 162
60 187
146 148
96 135
158 217
199 202
139 188
154 170
53 135
117 146
113 164
53 156
35 194
97 166
5 177
100 164
42 187
36 82
54 213
3 137
43 198
26 216
58 142
19 201
51 72
33 99
24 210
14 212
161 200
137 143
6 200
4 6
103 114
112 116
40 216
25 62
42 194
58 116
128 131
24 106
199 205
4 169
13 38
125 184
2 28
68 188
8 124
74 105
1 60
89 148
82 198
107 142
34 92
0 87
118 184
90 193
35 80
7 212
18 35
65 178
166 194
89 185
69 172
74 178
76 104
71 100
111 211
130 184
0 53
64 174
90 124
17 125
13 164
116 205
126 180
62 218
23 110
5 184
160 212
85 168
159 195
92 168
184 189
172 201
16 197
142 178
95 209
77 173
0 44
113 130
84 108
91 211
155 156
2 217
93 111
115 131
99 171
44 189
5 20
16 21
47 210
47 216
6 174
38 111
50 74
31 135
44 199
55 115
14 43
58 158
76 90
0 82
12 72
73 119
205 207
68 178
51 160
113 210
91 122
18 22
20 185
11 139
126 187
142 205
24 38
1 172
125 211
78 123
4 66
72 119
52 191
64 153
42 74
95 133
35 181
153 191
60 126
57 103
80 209
167 193
70 193
21 141
128 206
13 173
68 115
108 137
2 8
29 84
86 100
64 168
79 184
105 157
138 200
114 166
62 163
92 208
52 207
70 112
43 76
77 176
38 194
146 181
23 177
72 134
108 198
10 27
42 90
93 157
48 142
16 64
12 198
167 207
85 179
128 197
97 143
79 144
4 90
58 114
148 156
67 167
96 201
149 194
90 187
104 117
50 214
32 40
12 127
109 213
34 69
50 109
6 157
19 95
89 158
59 189
10 99
56 147
200 205
80 86
19 167
142 207
62 155
37 113
61 62
159 174
34 88
37 39
15 94
46 187
26 139
160 175
3 28
36 51
109 186
114 136
117 179
25 169
22 216
177 198
23 119
49 186
10 51
101 116
31 114
2 19
33 82
166 167
25 94
101 131
128 185
103 157
75 214
151 215
166 208
119 138
68 162
54 109
141 143
97 190
209 216
159 212
11 166
162 164
107 205
139 179
11 151
26 206
100 110
158 159
118 148
65 176
183 210
127 167
197 211
37 56
48 170
129 172
1 192
56 159
58 205
182 193
123 181
66 192
4 151
111 140
51 168
62 173
43 94
65 77
1 166
0 135
83 154
67 145
34 216
54 107
46 114
37 216
8 15
113 196
87 163
16 23
53 193
56 197
92 146
94 105
22 188
10 55
3 209
116 127
140 151
10 140
20 41
103 205
30 48
72 110
187 217
144 208
87 179
2 63
47 78
76 120
13 213
67 117
3 14
137 186
27 117
39 145
1 183
120 143
75 81
57 182
66 211
19 169
62 133
75 82
138 179
56 88
26 53
134 183
134 142
101 108
186 213
85 94
16 93
123 210
59 115
87 211
136 150
34 210
66 163
146 196
85 131
74 167
119 195
161 180
132 173
39 166
50 169
73 146
111 115
2 161
73 194
34 211
124 195
29 190
145 174
131 148
46 149
48 186
44 94
156 194
9 138
86 115
97 100
118 171
0 212
72 84
76 205
49 98
32 121
68 71
100 117
43 162
86 190
176 201
28 170
83 127
36 45
89 172
31 57
197 208
18 168
0 133
43 57
192 214
114 137
29 159
173 193
78 202
67 189
26 184
24 183
185 203
119 177
13 114
77 144
5 164
143 186
59 158
158 175
132 161
26 181
132 190
4 95
42 144
28 212
38 81
54 195
6 164
9 16
103 136
72 174
13 124
29 61
8 19
48 133
46 67
192 199
57 138
40 100
91 103
39 75
6 98
63 148
69 123
42 198
71 138
1 37
3 208
152 166
58 68
92 96
108 193
92 203
82 176
9 12
23 208
20 198
129 165
34 125
115 202
69 215
30 186
89 204
22 59
203 205
84 156
11 112
17 214
39 206
12 217
58 197
19 27
45 158
83 200
29 129
143 206
107 217
67 82
56 161
81 119
4 44
43 154
2 191
4 217
34 186
65 114
13 202
24 51
13 34
4 10
103 155
61 86
136 169
101 104
119 191
23 178
36 216
60 82
123 211
24 171
23 64
196 211
19 152
111 135
11 99
106 117
80 107
155 202
81 132
9 90
12 20
45 65
42 86
26 51
19 129
71 175
131 147
54 158
117 205
6 193
47 114
132 198
70 83
77 208
146 179
80 218
46 218
128 154
31 117
81 131
20 43
9 89
48 61
131 216
15 207
109 157
6 42
84 122
19 133
79 166
163 202
92 210
129 176
4 117
171 199
8 140
13 111
27 156
23 53
3 201
40 80
68 182
12 105
26 104
124 209
9 209
60 206
73 147
24 33
31 59
73 89
20 189
16 213
0 25
0 45
53 218
75 205
35 100
41 152
92 145
11 62
17 33
113 202
38 186
141 205
166 216
1 124
4 113
37 171
100 116
115 172
118 212
199 200
30 37
142 158
54 124
98 202
180 207
144 157
23 38
141 153
11 30
127 137
104 191
165 189
20 178
99 162
168 176
32 55
11 93
55 125
40 52
61 64
45 86
133 178
53 157
87 138
84 91
86 136
87 194
122 175
118 137
24 118
107 122
6 178
64 115
110 207
119 192
100 119
38 41
21 85
79 134
84 167
187 212
29 157
154 159
59 113
133 156
20 138
44 118
63 95
135 209
20 85
27 35
157 208
30 119
65 196
30 115
64 151
139 194
106 116
44 123
63 86
81 176
53 145
133 189
2 116
26 90
52 82
150 161
130 188
7 18
12 184
137 169
75 126
8 217
30 116
190 218
53 204
25 164
23 85
15 43
113 189
69 92
109 119
96 175
141 150
0 141
118 209
97 101
97 106
160 165
72 202
146 167
49 183
21 204
195 209
94 178
32 44
20 139
42 214
141 149
51 87
189 205
5 207
14 137
182 199
142 215
76 192
134 203
22 151
29 197
162 214
94 197
93 143
37 59
69 98
40 152
77 145
91 187
142 151
41 188
130 139
70 130
36 109
58 59
158 216
170 176
140 163
87 132
3 143
27 131
16 60
139 159
90 158
170 190
60 148
182 215
66 81
25 128
34 40
34 44
8 211
125 142
132 135
87 168
47 52
80 198
2 126
133 169
87 109
113 180
4 120
4 149
99 179
47 211
14 66
21 71
5 211
198 200
82 179
5 34
107 156
105 120
14 93
146 152
155 158
16 165
163 207
111 128
4 139
30 61
21 170
127 133
58 144
134 217
42 147
70 131
92 126
95 143
47 111
0 188
71 113
4 77
118 210
179 216
66 99
119 131
102 172
159 183
181 198
170 196
78 204
109 159
14 114
81 90
51 65
19 72
72 180
71 89
62 211
25 32
47 195
92 148
19 205
74 208
15 54
98 176
105 140
26 35
111 216
202 215
65 92
72 216
147 183
99 187
155 177
59 154
128 170
119 215
41 59
34 154
40 102
125 161
76 212
43 61
7 197
29 147
71 156
69 113
127 216
1 170
6 151
62 159
194 213
57 164
128 158
11 191
159 170
3 145
31 213
70 173
15 120
67 119
67 177
60 202
107 138
41 214
125 132
88 163
131 161
14 86
125 199
66 75
25 195
6 53
170 173
113 128
39 115
112 132
29 188
137 151
78 92
72 167
69 203
15 150
60 64
46 171
57 102
79 139
79 94
69 146
182 202
60 88
23 142
4 123
156 180
46 214
53 153
39 163
2 87
23 173
59 213
139 147
92 93
34 163
106 120
10 120
151 175
67 77
83 146
45 101
56 153
42 137
178 206
5 10
49 127
27 129
9 193
53 58
82 130
131 142
97 124
138 140
65 109
104 211
31 200
43 69
85 119
31 113
42 130
25 109
130 162
28 71
119 209
155 157
150 193
93 183
190 216
176 199
184 204
119 127
95 166
129 132
62 180
15 82
73 90
5 56
71 173
10 185
98 164
167 187
34 178
126 178
120 192
164 187
157 171
197 212
48 158
3 8
5 183
38 68
64 179
28 40
68 175
45 53
135 212
106 159
44 93
49 55
64 188
18 132
45 137
0 23
121 204
67 216
173 195
50 135
63 209
201 214
66 218
33 139
162 163
89 182
23 32
26 148
88 98
182 210
117 199
72 83
113 131
43 214
173 184
80 212
151 181
28 167
75 93
121 165
104 114
208 218
6 18
95 194
120 165
47 82
163 180
48 147
57 96
88 113
142 159
147 212
16 187
79 174
62 179
183 194
86 178
30 33
15 196
16 81
140 173
0 112
17 166
48 103
18 51
170 186
65 111
35 40
25 135
155 197
54 108
5 185
55 81
88 188
33 103
91 119
87 218
141 197
0 40
81 136
51 55
18 59
107 167
81 129
119 179
3 94
9 40
160 178
59 119
53 173
11 96
59 196
56 73
86 144
121 122
92 123
71 155
16 196
132 167
89 111
78 113
101 170
19 66
112 159
55 182
139 181
6 59
28 173
0 28
139 142
86 93
46 98
34 116
203 207
191 212
15 107
24 124
124 198
119 149
99 133
71 88
11 165
56 124
75 84
139 162
0 125
35 76
69 204
10 41
90 182
22 159
65 80
61 105
63 190
99 210
52 137
1 113
147 160
102 179
21 55
83 184
62 88
212 213
90 129
90 147
118 155
118 208
133 170
108 171
73 118
22 109
132 184
53 98
52 110
131 199
67 75
88 101
149 158
90 196
33 160
130 211
65 184
44 158
26 209
34 105
49 173
59 202
134 149
82 180
1 79
0 170
89 98
14 71
121 123
59 198
6 120
24 74
147 195
38 64
153 197
0 38
146 174
73 95
104 145
133 151
144 164
50 70
111 121
39 175
141 204
14 204
18 57
38 199
80 162
107 207
39 186
99 105
9 177
123 208
1 7
196 200
96 146
36 106
11 25
0 106
160 161
185 197
197 217
134 170
37 73
10 44
33 84
148 207
7 87
116 207
15 101
28 146
13 204
50 129
80 173
44 184
149 203
155 209
87 102
22 200
14 189
41 110
106 188
79 148
41 145
119 133
24 107
89 209
24 94
125 148
108 178
10 199
152 201
33 152
78 158
190 205
56 138
196 202
59 122
105 126
64 199
16 137
89 169
16 157
35 63
103 181
67 72
146 201
28 149
69 173
7 39
114 133
39 176
111 197
9 85
8 56
148 214
136 213
160 188
8 181
70 174
21 212
121 164
176 203
73 152
95 203
145 157
45 180
156 171
128 218
27 158
149 187
62 184
27 173
41 122
8 82
86 175
53 167
196 210
3 42
114 135
72 168
58 151
171 186
112 120
55 56
22 86
89 109
140 156
84 110
109 204
33 64
58 98
102 145
22 26
185 217
109 128
68 76
74 214
83 169
25 111
102 121
91 140
54 170
138 148
29 60
75 196
157 158
92 132
56 170
150 205
52 118
52 97
61 195
162 172
15 35
152 161
87 190
109 218
3 170
23 44
171 215
19 187
107 186
25 184
52 204
60 78
111 149
107 109
119 159
99 101
29 141
125 139
52 174
142 193
47 177
53 187
149 162
18 113
193 218
156 187
43 180
126 213
87 164
84 159
43 75
11 22
50 142
85 189
69 160
103 116
19 170
92 164
0 146
73 133
8 21
62 148
205 215
71 105
190 194
25 73
26 30
144 211
142 194
68 185
7 129
2 7
69 122
102 195
171 211
120 189
110 129
1 115
33 197
38 130
78 200
3 30
8 96
132 164
1 116
144 163
49 152
126 179
84 121
17 155
190 200
113 201
19 88
72 175
41 101
16 156
31 100
22 115
159 180
47 217
35 183
140 141
89 113
34 123
12 36
88 152
106 125
89 121
26 154
67 166
10 34
11 55
92 193
115 214
34 58
61 94
127 149
23 100
22 192
8 213
45 198
36 184
68 163
58 132
46 85
93 203
159 179
66 149
39 153
189 206
115 153
197 210
54 83
22 126
128 177
67 114
115 133
17 127
180 213
5 179
22 117
35 73
104 217
81 95
34 187
4 33
24 164
76 110
105 121
42 151
27 86
95 179
25 188
24 62
10 66
81 135
59 83
27 67
154 166
101 144
18 94
163 172
159 208
3 32
84 179
85 88
17 54
90 156
76 165
36 155
90 190
43 47
39 179
17 156
167 197
22 146
48 164
76 98
28 79
35 101
42 196
179 199
18 189
27 41
2 66
192 210
10 92
17 82
61 114
33 94
4 122
0 46
61 216
26 145
82 189
49 130
149 186
31 116
41 212
103 196
130 154
138 157
11 38
35 173
26 136
69 148
109 156
91 142
75 99
32 58
121 131
42 165
106 129
11 185
35 143
90 111
120 127
45 129
126 151
138 216
36 173
131 179
88 131
42 149
82 136
145 166
52 93
31 45
51 88
83 130
26 217
125 194
155 210
88 126
17 97
33 47
14 127
17 72
75 136
135 187
75 130
17 78
63 196
40 105
10 195
123 132
49 67
17 40
49 110
41 87
30 154
74 189
52 55
134 215
138 178
68 165
38 179
9 182
55 176
115 156
15 203
36 105
178 210
71 125
124 155
36 95
73 200
125 141
87 195
106 152
8 16
113 126
69 134
66 161
40 153
47 71
41 49
139 154
39 152
85 111
78 121
96 176
51 132
76 149
55 135
109 172
11 40
94 97
172 213
95 128
177 189
35 166
75 132
118 131
26 218
105 209
4 67
113 153
87 174
0 136
63 215
13 72
171 206
35 141
56 151
5 57
79 120
47 135
132 207
33 149
49 216
6 44
99 217
41 92
190 217
50 171
157 163
15 124
16 17
183 190
164 216
108 218
13 152
34 117
6 162
77 172
5 218
70 213
21 147
160 173
116 131
73 192
145 217
51 197
73 97
6 111
131 181
23 60
101 192
122 125
15 197
16 207
107 190
80 190
83 147
122 130
137 148
5 54
80 95
120 121
142 211
15 32
60 87
94 157
8 75
18 174
93 180
96 127
91 209
86 160
47 160
51 150
70 218
120 149
115 150
49 166
26 45
3 180
18 215
140 155
7 86
109 113
6 217
158 204
44 169
60 160
21 63
1 199
71 152
83 138
131 150
129 153
47 125
60 138
144 150
119 141
132 150
117 211
86 217
34 93
101 216
41 218
154 155
120 129
36 111
154 196
78 166
59 212
17 185
4 198
14 180
62 202
143 204
40 97
63 197
106 173
120 140
133 186
21 75
8 198
39 89
94 122
29 138
1 188
17 137
123 173
181 207
17 205
141 216
61 134
152 179
17 63
107 148
23 170
39 87
52 146
117 188
120 148
84 175
10 124
1 215
11 183
45 218
61 182
74 123
10 50
12 176
18 29
6 142
2 48
13 95
28 165
1 54
168 187
94 169
1 125
19 156
13 143
1 83
124 152
49 108
31 207
56 194
74 75
17 157
13 81
44 206
18 65
4 141
6 28
0 120
11 23
57 141
91 165
39 140
71 166
162 188
105 193
71 154
22 206
169 217
6 132
43 139
70 91
49 59
35 112
139 166
7 10
103 195
97 114
136 180
10 212
68 137
28 84
102 183
107 126
155 193
60 212
82 103
128 138
120 157
15 96
104 112
125 147
144 184
39 98
46 54
76 141
50 78
27 46
96 209
22 177
97 105
60 68
4 41
106 155
113 139
92 190
56 156
60 185
112 163
153 190
51 120
94 119
78 185
123 160
143 156
30 153
29 80
47 167
133 157
7 190
161 207
54 56
95 172
189 193
28 216
5 30
58 101
24 206
88 154
23 198
22 91
11 171
31 94
94 138
17 158
80 199
126 169
64 102
91 175
42 170
89 91
135 202
125 128
142 187
88 115
59 64
29 193
108 155
58 89
65 208
38 39
21 46
101 189
72 131
3 154
69 99
98 130
165 208
30 192
22 141
38 202
82 161
72 105
194 208
44 218
170 188
31 193
38 128
17 189
106 184
46 117
63 177
12 134
173 196
16 181
10 191
117 160
5 22
27 87
9 53
28 95
30 112
26 215
89 107
176 198
179 196
15 213
32 115
91 120
0 121
99 125
102 204
84 88
32 176
99 178
57 158
165 216
53 128
43 187
55 77
6 58
188 192
128 199
58 130
42 111
43 120
24 121
12 81
95 115
94 123
22 129
37 207
84 129
2 180
7 38
112 123
153 196
177 218
46 153
46 210
61 124
60 192
70 188
170 179
112 217
2 168
0 13
181 182
59 117
31 166
5 206
29 48
116 150
128 191
81 133
190 204
124 172
3 47
102 143
50 122
149 205
104 134
7 70
100 212
17 114
61 74
114 160
89 189
52 142
12 206
12 84
54 104
3 84
10 113
112 134
115 211
119 189
164 208
101 142
96 134
14 139
35 61
34 147
97 140
117 185
6 195
60 85
70 191
88 93
93 140
129 147
2 133
106 133
200 202
160 202
63 154
129 200
163 204
109 164
4 100
51 110
19 164
10 91
68 208
99 192
50 111
122 191
44 109
51 71
105 185
152 171
21 131
27 191
98 113
99 126
77 136
63 71
32 187
32 104
35 37
14 165
79 98
49 80
13 77
5 97
62 75
3 98
61 139
202 203
90 176
18 82
22 173
21 109
192 193
50 136
8 90
74 138
17 124
106 182
66 207
37 198
155 199
15 190
157 200
77 156
72 114
121 137
83 95
161 206
24 151
176 206
75 155
18 42
94 202
58 143
57 88
22 190
27 194
40 149
83 174
58 176
159 168
35 152
51 143
9 155
24 86
154 181
24 79
19 193
131 212
30 130
27 181
2 199
42 68
25 56
50 92
61 75
46 185
145 150
71 158
54 175
0 142
14 94
103 211
12 73
52 192
138 144
19 155
88 199
114 195
0 52
109 212
51 113
43 128
116 216
85 205
123 157
42 180
7 15
90 175
0 98
134 160
74 76
43 91
17 70
1 80
142 145
45 155
168 206
60 99
1 14
162 169
85 184
134 173
105 111
165 182
147 151
64 150
27 166
6 134
124 210
51 162
156 183
51 210
53 113
56 213
15 195
71 168
22 147
151 213
135 217
32 147
79 133
141 180
32 196
93 139
73 195
147 203
90 145
80 135
48 100
180 198
51 200
29 198
44 162
135 145
102 122
32 174
85 194
29 172
105 180
159 163
65 100
3 150
90 163
33 162
82 175
2 26
30 174
0 12
41 93
63 186
81 108
43 218
102 164
115 205
15 38
122 131
85 103
47 65
55 183
53 170
165 200
4 137
88 196
16 173
37 40
7 51
97 162
6 39
3 101
171 207
54 172
186 200
184 208
119 135
57 149
74 172
7 96
94 126
49 78
183 196
32 199
17 217
135 210
23 115
80 115
26 80
64 162
29 31
111 150
106 114
5 14
19 119
14 198
97 129
54 90
27 187
56 85
140 217
190 213
147 204
103 125
43 112
78 176
37 145
71 205
40 215
113 197
78 131
39 43
72 184
67 182
111 167
29 171
74 142
79 111
148 152
47 218
47 49
89 191
28 190
44 212
45 70
25 81
108 202
4 89
210 211
163 199
26 161
183 189
34 79
32 73
80 211
68 160
60 182
42 213
145 190
75 95
62 102
70 82
47 55
29 58
192 213
176 210
133 218
125 206
46 198
96 161
1 118
55 99
61 119
47 95
82 90
92 218
47 63
175 183
21 106
11 29
57 81
87 213
29 183
92 119
79 86
153 182
100 126
39 191
133 161
62 139
84 208
45 126
152 162
120 171
18 169
39 116
99 116
89 167
8 187
186 196
110 202
68 216
125 171
21 217
13 166
12 121
43 207
71 194
179 201
103 132
127 178
93 171
135 173
21 120
166 175
95 144
62 74
35 215
117 195
7 84
21 169
174 208
19 110
16 55
18 86
78 165
59 211
58 185
164 209
3 128
105 153
115 182
72 172
60 157
62 112
47 143
128 165
64 209
121 174
33 78
8 9
30 109
4 51
48 59
20 129
159 191
9 183
39 148
104 196
161 173
187 206
3 139
37 96
131 167
88 186
97 155
52 213
14 143
49 125
184 192
48 200
71 84
46 78
142 164
3 82
13 98
24 58
7 49
41 169
138 214
76 99
117 175
49 193
141 176
130 137
159 160
38 210
149 209
93 95
8 29
33 182
20 116
17 147
54 151
42 62
1 134
112 127
0 22
163 191
51 83
137 216
41 68
17 135
75 128
34 68
8 48
43 62
194 205
133 153
93 212
52 79
11 81
181 201
61 209
50 58
34 41
37 41
24 129
82 146
118 190
71 141
122 193
86 192
78 207
115 179
41 208
72 171
63 132
5 152
2 4
181 217
21 213
71 77
5 144
24 78
89 137
19 71
119 182
61 113
113 144
162 170
88 142
31 211
38 94
139 213
56 101
55 187
5 69
58 95
93 135
5 128
82 125
30 131
9 44
148 211
113 166
39 173
24 47
21 208
49 144
133 148
29 77
57 90
141 144
134 197
38 92
30 66
75 202
130 163
46 66
137 173
87 127
52 95
36 152
95 197
118 196
21 42
16 97
8 83
26 92
20 176
89 173
18 40
66 90
17 57
44 187
6 50
45 145
46 84
125 200
96 207
27 42
22 98
1 152
2 45
84 199
156 204
91 203
134 207
111 174
27 142
71 163
4 93
17 28
38 95
12 166
5 52
183 201
108 154
54 88
137 146
85 175
92 150
198 210
193 217
12 147
4 213
6 215
87 88
96 197
23 195
74 115
174 204
164 198
76 89
32 77
30 150
11 31
9 34
10 136
60 81
97 103
49 96
190 214
39 181
54 79
110 116
79 85
80 202
138 212
173 174
28 177
59 66
51 192
60 73
38 170
5 92
181 196
197 204
130 159
54 74
188 204
15 123
64 163
115 212
138 184
50 62
161 199
175 196
39 217
73 87
21 155
18 142
26 137
47 172
117 140
186 207
17 190
100 167
12 15
50 160
84 97
104 218
70 140
50 186
32 96
31 173
115 183
35 169
82 159
169 171
117 169
0 61
113 148
116 181
11 74
80 88
68 140
111 172
126 167
77 149
5 213
146 155
41 194
41 178
105 142
139 171
43 186
50 168
39 138
37 114
62 119
84 115
44 100
60 158
25 171
53 88
36 87
5 88
153 204
66 108
17 84
8 174
85 98
71 110
115 170
194 196
98 154
173 218
142 150
143 193
118 157
154 218
102 117
134 216
92 108
73 92
87 107
115 146
65 88
7 145
147 179
27 125
20 53
178 186
28 151
137 187
88 166
101 217
23 123
108 147
30 69
83 158
3 35
24 34
92 130
40 179
92 129
27 204
21 81
36 145
69 138
45 147
97 208
119 200
19 185
86 167
34 148
43 67
50 103
60 197
81 193
20 200
16 161
47 161
38 133
89 175
16 199
127 196
108 157
87 212
14 171
102 175
18 146
62 189
26 149
65 146
112 117
149 180
142 212
26 190
0 64
166 203
66 174
44 182
35 174
21 97
72 138
59 79
200 214
11 123
7 61
115 122
18 212
188 202
100 197
14 46
93 106
118 186
54 201
173 183
74 195
71 150
42 81
37 210
194 203
29 178
50 190
95 125
111 118
32 151
7 89
84 114
84 101
140 215
85 109
127 182
33 216
53 171
96 154
28 125
76 201
111 155
95 108
56 97
64 138
157 204
76 171
131 154
81 110
119 128
108 217
143 155
75 179
74 148
134 214
9 126
196 206
100 166
90 154
80 152
71 134
28 64
5 153
48 217
130 172
112 156
122 145
73 184
133 171
17 173
66 164
36 117
9 96
41 168
65 194
136 151
134 148
171 177
67 171
159 178
53 105
75 203
103 128
3 7
48 161
75 199
1 91
20 186
43 137
55 217
29 115
14 200
154 183
65 120
203 206
111 196
35 84
48 193
45 64
53 198
2 176
22 181
61 100
74 79
7 22
194 217
31 89
18 67
14 31
174 185
161 208
10 198
35 110
191 214
23 143
103 171
60 201
50 72
28 115
42 105
169 212
43 177
55 92
94 153
59 160
120 124
64 89
72 170
143 195
157 161
90 142
188 216
101 118
130 174
11 154
151 197
99 191
53 154
8 135
64 119
28 82
117 133
124 191
183 209
81 164
40 47
102 167
13 150
32 160
166 169
46 100
12 33
78 122
188 189
171 194
24 63
16 75
12 63
25 194
139 173
22 201
41 51
77 96
122 129
42 122
4 5
24 128
72 124
20 132
2 98
89 112
135 144
199 208
49 109
68 217
59 151
136 170
22 73
1 184
11 194
11 172
82 108
109 203
156 216
76 169
44 51
39 209
97 111
97 188
74 77
24 123
91 215
67 68
65 174
116 163
33 102
102 196
6 88
88 170
7 36
17 24
46 76
38 85
4 172
125 157
9 153
31 54
7 202
32 141
21 57
32 110
137 181
73 204
21 35
6 43
87 200
8 30
138 188
113 194
97 157
58 173
79 200
31 171
0 172
123 172
2 167
113 211
111 152
107 201
94 187
78 152
152 190
11 186
72 90
155 196
78 211
80 117
151 187
138 156
114 132
213 214
31 111
7 54
40 127
80 213
65 201
6 49
2 157
18 119
191 215
107 166
48 89
8 148
16 179
3 191
66 169
41 202
156 190
148 157
12 113
66 167
59 74
116 122
52 72
65 152
35 187
30 175
121 193
83 134
89 145
185 195
85 110
91 96
100 137
29 149
69 169
114 120
93 122
16 168
9 104
98 137
141 155
210 212
130 201
41 127
0 91
48 110
20 203
38 116
159 214
45 128
115 120
9 135
16 209
87 91
25 139
55 61
16 62
87 175
88 114
69 155
36 150
112 167
122 211
4 153
69 118
57 95
111 164
177 192
27 109
189 212
45 150
51 138
182 200
9 82
113 162
3 81
15 172
117 123
147 156
69 137
88 181
127 151
78 106
27 116
83 179
37 44
59 217
21 185
83 116
76 87
31 148
106 202
200 213
28 184
79 185
36 108
73 138
188 212
184 193
42 47
68 218
90 128
160 213
152 217
92 157
135 199
91 201
18 23
22 76
169 211
3 192
87 192
20 105
76 113
37 103
36 53
59 137
24 32
64 69
131 205
23 199
163 170
59 184
183 191
136 147
87 209
141 202
13 169
61 106
47 67
45 206
43 72
176 182
23 151
94 136
157 164
82 121
6 84
17 110
113 170
189 215
78 199
66 153
193 210
47 190
26 113
4 194
30 129
90 105
40 184
12 27
1 142
93 188
128 157
46 92
76 179
20 202
167 210
53 80
4 65
161 217
44 70
37 149
31 42
21 51
83 121
39 211
103 198
137 165
2 109
14 136
2 80
31 160
147 187
188 203
15 176
52 166
127 192
105 188
202 210
67 125
0 213
33 129
90 200
25 193
66 115
76 106
60 121
48 136
40 206
157 203
28 56
43 143
5 59
49 204
75 173
50 141
44 74
4 97
79 211
140 212
139 176
77 123
17 143
140 214
121 168
120 154
119 181
26 105
99 138
6 179
26 70
26 123
34 67
176 179
24 112
29 170
48 141
91 163
93 165
121 183
177 181
148 175
43 98
55 80
5 7
117 132
48 146
97 120
35 57
62 172
29 135
41 50
140 145
4 59
104 186
16 121
73 84
120 122
114 175
136 186
191 197
63 152
10 184
173 214
117 176
95 100
17 43
76 204
101 124
135 162
29 126
37 127
94 155
91 126
61 176
49 146
109 148
5 136
33 206
21 95
27 186
50 77
117 207
156 163
39 205
39 136
161 182
45 205
32 61
58 156
29 151
63 66
80 157
7 186
91 137
200 204
80 126
144 200
61 122
34 200
135 172
29 64
158 193
58 123
48 190
83 194
105 183
54 77
124 147
1 57
97 182
157 172
31 112
26 151
149 157
24 68
7 124
139 197
86 121
76 163
13 209
158 189
86 113
39 113
27 113
161 218
57 211
5 121
41 123
48 58
28 172
83 152
42 58
85 130
95 165
38 57
35 212
47 194
4 150
69 78
32 165
9 74
29 210
12 21
86 122
140 171
118 193
84 187
8 77
17 164
40 104
154 213
121 216
59 99
113 157
24 41
15 209
115 143
34 170
103 169
180 191
14 58
7 196
60 155
136 188
134 145
32 155
101 199
65 106
23 54
178 212
25 174
0 183
76 114
31 120
46 75
25 197
138 164
41 53
96 103
125 133
51 140
43 99
87 141
182 189
184 212
28 89
88 94
126 159
117 126
51 92
111 194
14 85
35 157
60 175
6 211
138 213
41 206
134 135
5 137
143 180
106 217
46 88
16 110
127 161
1 99
90 141
49 212
44 193
65 79
118 194
51 73
10 170
172 189
2 142
25 61
62 150
86 105
26 197
54 137
116 187
35 90
8 169
70 205
70 184
27 152
67 93
21 73
14 18
31 202
143 157
9 93
111 185
138 145
174 214
36 168
50 60
87 133
165 199
38 184
102 171
13 36
6 159
209 212
8 106
11 69
18 139
57 65
112 150
39 198
146 191
136 139
7 105
50 184
18 178
90 116
10 28
84 218
14 177
67 84
39 79
91 185
51 126
121 218
85 197
109 189
24 76
179 180
66 190
19 108
91 117
9 45
112 194
74 206
157 215
7 130
38 160
6 188
48 131
99 195
8 111
74 111
46 91
12 187
66 187
21 43
55 164
20 65
112 186
111 218
11 140
167 217
105 176
94 161
88 96
174 209
93 200
3 92
1 163
32 137
58 191
70 135
73 85
138 197
47 189
176 178
140 160
49 203
23 217
129 214
8 93
14 67
135 193
19 83
12 172
23 59
68 77
118 121
120 195
16 185
40 125
11 176
63 140
43 70
35 200
8 122
76 198
131 214
79 154
36 161
2 165
27 32
53 93
1 78
114 197
15 41
21 72
167 174
24 177
13 137
5 111
87 144
89 217
11 83
102 110
131 133
23 75
1 153
27 121
32 148
8 38
19 87
114 204
169 192
173 194
16 92
50 88
12 25
117 214
161 205
38 114
25 147
116 201
168 199
113 122
73 117
65 135
145 207
31 66
24 127
55 174
1 173
90 184
50 99
135 188
13 208
85 213
57 145
29 101
85 136
34 190
103 199
66 210
142 192
114 129
87 198
75 181
146 188
71 182
62 164
6 165
55 185
144 172
17 29
67 126
13 168
8 134
36 160
100 146
15 140
140 185
43 108
19 98
7 167
38 71
173 201
9 171
171 216
4 199
4 84
64 65
131 164
169 195
88 119
59 118
92 116
127 132
182 184
174 206
39 124
35 179
131 183
24 161
101 145
6 210
107 116
50 217
2 170
36 170
138 175
83 199
162 208
64 203
134 186
36 214
98 145
53 111
58 134
11 203
103 218
93 155
168 216
30 170
31 98
101 135
13 16
41 45
86 212
81 107
4 72
18 166
62 110
179 203
144 178
2 68
81 218
32 109
77 106
86 146
6 92
44 211
91 99
177 178
70 159
102 216
83 171
45 108
106 136
42 190
106 211
169 209
0 104
32 164
5 49
66 101
25 53
61 206
51 188
122 179
99 111
49 205
63 182
171 190
101 161
33 40
78 162
36 83
121 133
106 126
112 158
14 98
24 98
184 195
49 73
3 116
107 112
92 182
49 195
17 196
86 108
125 203
13 205
14 22
77 82
149 173
0 96
104 199
1 201
139 141
169 173
109 166
89 162
52 148
86 188
46 186
0 9
118 205
181 191
32 51
140 201
119 154
20 126
65 210
36 77
113 120
21 104
146 169
108 136
137 202
6 118
95 156
29 128
67 163
181 212
4 31
62 106
16 79
84 86
33 211
5 80
40 86
158 195
13 53
44 164
107 118
32 207
88 137
199 215
176 205
22 212
26 121
126 143
0 139
102 215
84 96
24 170
47 204
43 126
61 138
164 194
48 63
39 58
72 125
59 197
33 168
106 107
18 176
45 151
55 100
6 9
93 119
37 110
165 172
87 128
190 211
149 156
81 189
181 211
73 111
117 167
78 216
84 157
26 64
95 121
127 202
76 112
71 157
16 111
84 92
23 43
171 185
69 119
115 209
82 206
3 121
113 200
127 165
101 162
10 180
23 109
73 216
18 209
56 82
52 177
115 192
40 196
34 104
60 198
120 210
12 199
123 130
14 36
55 150
28 185
28 54
12 149
86 112
145 172
127 136
154 178
16 53
70 186
112 172
11 37
132 206
63 134
4 191
30 134
30 162
13 126
43 148
17 202
159 172
73 218
147 164
179 193
155 187
175 200
49 191
89 127
128 202
179 208
57 199
175 189
96 102
27 122
8 11
109 161
49 158
98 204
117 154
9 59
111 186
142 170
3 96
98 115
185 211
101 112
18 85
42 183
28 39
78 143
158 188
73 196
80 112
5 24
105 197
23 76
50 53
74 211
135 207
6 14
40 195
14 89
135 151
192 198
106 216
0 148
50 145
187 203
69 193
81 104
133 145
128 161
34 103
42 153
153 157
11 129
88 95
142 152
102 208
0 92
69 212
110 113
133 202
72 132
102 218
160 205
27 188
41 162
98 112
191 207
150 186
54 177
127 131
110 159
60 178
177 183
61 191
34 206
148 178
8 207
47 180
14 144
15 37
88 102
84 216
103 168
164 169
8 84
35 131
169 210
31 165
53 164
122 127
37 85
98 165
64 145
90 173
100 140
85 186
1 130
25 145
37 158
116 126
83 206
47 198
76 83
156 214
43 116
169 183
7 114
16 127
115 137
112 185
105 112
77 138
44 66
110 143
46 211
140 166
56 121
95 151
142 217
20 153
40 43
70 98
142 166
6 99
109 153
135 194
52 164
63 121
11 35
61 184
62 80
142 179
50 94
97 146
55 175
23 46
26 138
14 208
76 178
124 151
54 135
142 206
33 62
62 216
62 71
114 168
127 187
86 174
87 206
40 147
21 61
154 185
79 204
27 202
139 151
58 63
8 167
59 135
26 84
70 89
52 132
129 142
139 195
160 174
67 86
33 157
91 94
155 174
4 88
14 199
87 151
52 91
90 171
12 170
63 211
19 78
74 155
12 160
32 205
27 62
120 155
0 195
18 206
7 116
65 68
33 96
5 131
126 127
117 218
19 62
76 147
144 203
76 115
61 213
98 129
141 142
6 22
140 169
149 161
25 114
133 181
56 191
1 161
27 195
171 212
145 177
103 118
6 173
131 163
50 195
69 209
170 206
70 196
40 60
2 190
84 202
18 203
160 209
51 90
163 173
54 115
163 215
133 168
3 179
14 191
138 159
151 183
58 161
149 168
101 175
136 158
31 34
56 210
147 167
51 179
162 217
75 215
115 201
117 131
150 198
136 199
170 189
150 204
132 159
33 141
70 204
32 108
48 218
32 194
121 141
137 213
86 168
58 107
119 137
1 27
98 172
142 177
68 197
148 161
122 187
37 46
35 113
67 162
102 123
18 106
21 114
114 126
0 94
32 162
70 129
36 61
79 117
134 193
106 141
6 127
26 103
115 125
154 164
102 133
37 47
77 107
27 70
101 167
58 87
48 71
163 174
73 169
87 214
47 101
53 108
13 179
83 99
69 192
72 179
24 134
23 214
14 26
6 121
86 161
147 201
109 139
71 95
32 195
15 106
26 191
97 181
25 127
3 105
183 199
145 192
106 119
60 130
115 147
30 53
48 102
136 156
112 170
92 213
57 172
100 148
91 139
41 135
82 118
55 194
57 129
16 201
108 170
85 143
3 178
85 200
40 185
55 64
72 99
174 215
67 153
55 88
45 146
46 97
16 90
64 134
139 157
180 188
110 191
49 116
8 180
179 210
164 186
18 60
129 178
35 121
90 183
55 65
21 167
68 118
128 148
84 162
161 214
13 187
54 157
106 160
46 170
138 173
1 35
41 97
61 109
108 140
117 180
75 216
7 73
8 189
20 22
131 143
31 138
72 152
34 59
71 197
40 135
132 162
30 104
0 42
4 12
9 98
6 107
2 113
133 206
172 188
180 199
46 105
47 164
77 163
21 142
69 139
149 199
35 178
42 140
78 117
169 204
104 213
32 170
105 148
22 178
149 191
40 194
46 139
115 138
64 193
11 117
20 106
107 134
67 192
70 127
49 53
59 128
0 8
4 180
17 168
57 69
69 112
52 197
10 132
15 83
42 106
40 93
169 216
109 160
26 169
57 195
100 143
63 130
43 171
110 115
23 120
54 163
51 213
12 64
1 169
19 70
66 200
186 188
27 94
115 181
92 124
100 104
62 100
2 71
41 186
40 78
73 215
73 207
47 146
65 149
122 205
25 218
185 193
36 192
116 142
118 127
11 86
143 201
141 156
116 185
91 188
55 96
62 101
100 129
18 165
45 55
22 90
18 38
74 207
64 66
68 210
25 200
34 188
59 102
59 60
7 102
138 150
48 144
65 69
111 201
22 172
106 179
23 80
100 105
61 187
89 170
110 182
35 66
53 165
102 182
44 54
202 214
43 191
61 136
72 93
38 69
4 94
32 102
104 158
103 203
45 98
21 91
13 82
118 133
62 72
88 138
85 214
93 97
136 187
68 204
40 133
127 138
72 190
88 197
7 161
94 125
13 41
1 100
124 207
116 212
34 146
191 216
72 215
4 147
7 149
85 132
89 180
20 87
31 143
53 159
36 79
181 192
44 92
13 131
25 159
191 205
22 25
47 182
66 77
17 34
64 173
96 116
172 177
71 188
215 218
18 92
4 148
7 32
50 134
105 199
95 126
27 74
71 148
78 167
16 65
49 111
19 195
5 145
26 128
73 88
33 173
32 60
36 169
8 183
10 181
73 202
49 198
19 188
136 167
81 98
134 172
59 166
125 140
137 174
130 199
91 200
79 83
80 108
1 127
75 113
78 186
173 181
42 131
82 168
23 101
179 187
50 124
134 169
21 56
7 198
99 117
120 181
23 218
150 185
96 138
67 178
87 110
87 196
42 49
33 180
43 199
40 175
141 217
18 114
39 133
90 143
20 196
28 214
134 206
135 155
43 54
137 158
174 189
155 195
7 78
143 168
70 125
26 79
81 123
3 138
144 176
67 197
76 103
14 123
56 188
31 198
59 190
25 119
65 125
124 201
154 195
14 193
58 83
129 151
141 210
78 97
6 64
19 82
77 183
100 199
68 80
123 202
81 198
7 67
59 201
46 162
51 97
20 51
6 119
36 195
4 205
45 91
84 135
208 210
58 207
30 32
130 160
18 108
36 211
127 160
19 143
58 187
21 98
141 214
47 152
21 216
85 124
47 102
65 186
57 61
126 153
18 208
125 216
56 179
102 177
28 138
194 214
33 174
40 96
74 86
8 150
17 206
47 87
1 44
122 138
11 94
88 129
172 178
116 217
12 154
71 126
128 179
45 60
135 160
28 126
11 36
38 136
43 114
35 74
9 71
69 96
19 154
88 150
68 193
81 208
11 90
10 65
98 134
78 99
107 131
21 172
89 198
28 63
143 146
34 91
76 122
172 184
94 203
61 172
122 199
26 97
18 83
179 213
5 93
59 174
1 105
2 141
89 115
153 161
84 212
13 93
100 131
108 166
24 191
124 131
4 165
8 51
106 190
3 215
77 185
86 124
147 158
99 216
112 162
117 147
61 101
125 159
88 127
0 49
150 182
71 170
42 45
171 217
86 149
90 165
110 156
34 73
27 176
136 208
15 25
29 144
122 154
90 93
1 154
64 210
173 187
19 79
24 50
62 203
91 153
18 39
117 190
38 155
2 78
2 121
25 49
104 125
82 112
169 201
117 212
30 54
110 192
120 184
95 214
98 117
188 200
38 192
29 173
6 83
17 122
12 162
5 216
58 168
33 200
178 216
3 112
46 148
9 185
207 211
16 192
73 113
13 177
178 194
29 52
212 217
21 92
81 82
31 87
42 177
81 88
129 166
163 182
54 187
99 173
110 161
26 102
102 210
4 171
52 199
6 206
174 192
32 42
37 48
60 214
173 203
104 111
6 177
146 189
104 167
125 207
194 207
199 201
58 194
2 72
15 155
85 169
21 36
13 120
143 171
1 179
14 207
87 153
176 215
97 147
0 157
68 146
155 200
11 125
134 164
25 176
14 109
174 194
77 131
59 129
47 66
88 208
38 177
104 209
24 37
1 200
169 197
46 176
164 199
15 143
130 167
16 44
25 80
7 126
19 216
72 81
145 165
45 87
80 145
11 170
58 139
55 158
99 103
1 139
190 191
96 130
81 116
20 173
132 160
30 205
9 110
86 87
72 133
87 137
3 107
66 106
90 214
116 161
206 209
14 61
54 68
2 140
73 183
59 215
25 72
61 70
39 177
64 201
55 191
187 208
195 211
127 135
2 189
75 142
6 87
81 140
143 161
79 176
105 170
79 84
44 216
75 109
79 194
13 96
90 207
38 129
61 123
16 143
45 135
49 165
23 213
49 63
108 132
109 152
42 174
57 140
85 171
21 140
96 111
4 106
28 48
25 146
56 150
3 134
23 211
132 139
31 37
70 108
111 147
42 210
20 63
168 178
33 192
112 149
35 107
115 180
93 173
67 208
6 112
10 213
33 76
11 105
22 207
58 76
29 124
24 84
53 90
51 96
48 125
21 31
71 193
13 21
4 214
13 91
138 206
24 176
70 185
66 143
54 55
51 66
37 212
159 171
126 131
139 196
42 119
11 197
80 105
83 202
20 131
90 170
158 218
137 177
160 200
5 8
1 96
28 103
129 135
143 197
158 192
64 118
182 195
35 36
84 153
0 163
22 215
80 160
94 98
10 12
5 200
18 32
55 167
156 202
24 122
132 155
91 171
67 87
23 137
85 173
37 81
68 119
102 205
58 119
62 87
29 162
103 144
109 208
31 210
119 151
36 181
70 100
33 134
90 148
181 195
75 129
163 208
165 209
57 147
1 2
63 198
122 210
61 196
153 163
151 177
121 160
10 210
199 207
63 115
147 173
164 215
83 117
45 66
28 164
48 162
53 160
132 181
91 184
36 73
119 217
94 199
114 205
51 109
132 152
48 166
90 205
77 112
24 216
118 218
80 119
43 133
162 201
42 56
17 203
85 112
8 192
140 206
85 158
47 176
1 195
22 105
126 192
15 152
56 115
133 191
136 173
35 64
98 139
143 200
74 112
131 211
25 125
3 104
22 58
61 115
22 148
20 208
142 154
11 84
33 171
109 122
8 14
84 155
51 204
12 123
45 174
58 117
20 117
110 112
46 62
54 144
1 30
8 218
1 74
205 208
24 167
24 160
13 190
27 90
115 144
59 157
59 121
9 61
16 19
25 39
61 149
157 199
25 118
23 207
13 199
93 182
63 119
100 135
79 93
127 194
6 96
34 183
85 129
16 56
59 172
40 72
112 202
3 140
39 81
31 76
128 149
22 48
62 99
0 206
25 201
66 158
0 167
72 137
53 161
12 168
110 181
13 112
26 157
67 159
46 197
124 193
157 170
55 206
175 214
152 160
74 99
136 172
56 116
38 196
119 175
129 152
152 212
16 166
157 190
31 203
80 150
22 124
154 208
79 97
145 164
36 81
68 95
73 199
45 189
55 139
90 132
14 72
77 202
126 166
62 95
126 188
25 149
15 65
116 178
25 183
21 62
76 78
136 159
7 21
5 191
14 125
15 149
143 145
114 183
202 206
106 109
47 196
44 68
87 191
74 201
62 109
1 94
133 137
32 57
82 208
81 210
41 197
64 170
60 193
28 32
71 179
50 112
135 136
9 163
59 116
88 156
30 92
14 51
173 189
10 24
131 215
50 151
1 93
170 218
14 185
134 184
108 175
22 142
3 18
106 140
62 98
174 177
37 139
2 215
88 182
99 132
117 151
57 77
119 139
45 109
88 192
62 127
157 176
127 210
13 58
135 184
41 66
14 20
3 163
70 147
108 131
42 134
132 193
102 108
2 101
120 137
48 104
5 55
19 204
171 204
45 62
134 191
78 193
1 84
27 164
192 216
8 188
126 218
127 206
27 50
106 147
0 168
107 218
5 90
15 79
77 216
96 126
44 47
58 215
26 82
33 44
35 213
11 17
195 205
116 133
186 209
17 179
123 167
123 148
5 196
146 164
87 139
3 49
131 172
42 164
23 169
172 191
5 45
48 126
138 185
137 171
129 173
93 148
48 77
6 20
184 194
0 156
75 213
42 66
108 176
153 186
91 108
8 163
49 207
29 96
9 36
150 167
59 187
151 186
95 180
103 149
24 189
99 169
73 102
62 79
44 71
147 155
31 39
6 110
36 57
42 109
46 124
107 144
111 166
49 119
129 143
75 156
101 119
44 209
37 118
138 149
131 177
9 201
129 159
67 139
92 140
23 66
62 76
96 198
96 203
68 111
108 160
38 175
47 59
22 149
46 188
70 198
164 166
28 203
105 152
99 200
98 199
42 181
52 61
177 207
114 187
94 180
108 114
3 16
83 105
76 146
49 97
24 212
35 204
141 212
6 201
46 137
68 70
203 216
96 215
111 213
152 178
12 153
163 195
22 132
160 194
67 175
44 181
44 67
87 120
28 158
31 154
2 203
27 210
42 101
16 203
22 170
62 149
22 112
63 118
47 181
81 114
30 193
43 144
111 113
12 61
15 87
11 92
122 156
74 82
56 113
118 197
106 110
120 147
48 135
44 167
8 138
135 192
52 173
53 116
102 163
104 118
16 40
115 177
97 131
17 167
25 117
105 159
159 217
168 184
69 163
170 194
38 110
57 130
110 184
48 70
45 138
125 217
137 183
129 195
96 114
114 203
71 181
90 209
21 215
20 49
39 208
75 119
5 167
45 119
27 57
47 116
79 170
123 125
154 214
144 151
6 85
150 217
97 154
113 117
122 169
52 151
92 125
95 141
29 30
28 36
52 129
64 218
45 197
31 69
107 108
20 168
92 197
11 184
18 30
38 174
146 198
102 184
24 135
183 184
162 194
13 203
44 102
86 139
92 178
36 93
16 54
75 92
118 164
113 151
136 217
109 214
184 217
34 89
56 139
3 95
94 139
19 41
72 147
134 210
43 209
24 39
51 112
132 196
75 193
155 162
101 196
106 153
30 145
16 18
28 204
47 159
32 114
68 189
55 210
41 130
103 112
8 66
8 39
98 151
60 173
44 214
76 95
14 175
118 211
75 159
76 157
149 189
110 177
49 122
43 138
142 174
22 63
39 76
85 121
63 81
142 156
79 129
5 19
4 71
149 193
9 50
34 143
30 194
79 116
124 146
66 208
102 209
39 119
106 162
63 166
196 217
35 104
90 161
12 179
94 117
173 205
37 121
127 130
67 118
34 138
37 148
27 184
107 147
12 194
94 165
4 40
47 139
178 181
82 186
62 105
93 151
31 85
80 127
51 167
52 94
5 203
10 42
132 176
27 174
73 213
16 118
13 84
202 213
41 107
166 212
6 167
52 140
112 114
32 161
120 179
14 47
15 159
85 91
128 207
39 99
189 217
103 156
180 215
148 196
35 133
114 213
61 175
5 29
63 92
12 140
148 163
63 149
66 197
33 175
81 179
96 186
130 171
59 120
93 127
0 193
6 192
12 96
57 193
2 208
2 79
170 180
99 150
0 185
153 189
70 212
59 97
26 76
104 154
90 212
92 174
36 201
59 167
73 157
45 69
26 83
67 176
60 188
175 182
58 206
114 161
73 142
16 172
8 98
26 72
9 160
19 131
44 138
131 155
129 202
129 187
65 200
4 103
2 210
81 145
88 106
45 188
90 188
39 40
128 212
80 191
16 149
12 86
30 177
15 61
14 174
141 186
72 181
27 165
47 213
120 150
109 183
51 165
58 79
102 155
38 117
86 130
80 174
166 183
128 144
23 114
190 198
115 118
28 34
31 191
79 136
56 71
178 204
96 165
7 163
18 102
119 158
191 192
146 149
42 166
114 171
19 115
82 182
27 58
48 137
77 177
27 63
85 193
121 134
123 145
140 216
144 194
22 67
72 207
163 210
21 115
1 157
111 169
68 213
8 22
19 49
71 117
19 206
65 105
64 204
36 191
22 199
114 159
39 170
152 203
39 80
1 158
64 216
20 141
130 169
77 118
3 58
71 176
51 136
89 114
122 200
37 151
4 54
90 137
5 86
38 83
35 171
5 135
52 190
19 116
71 203
9 134
9 140
54 152
57 106
96 106
46 59
39 196
73 98
178 203
72 95
65 98
35 60
193 201
122 166
117 173
105 190
55 91
57 135
5 170
21 24
33 60
133 179
174 196
12 146
58 200
107 163
72 187
150 175
109 217
64 161
93 160
109 136
58 81
162 165
49 196
47 151
70 171
85 163
160 186
65 171
50 102
31 153
7 30
42 207
106 218
29 182
93 190
7 69
20 56
17 73
60 120
39 52
29 47
11 120
58 182
45 56
32 125
7 192
129 131
182 213
122 128
70 158
93 213
118 142
103 188
51 107
151 153
45 110
151 165
12 136
17 115
7 43
12 29
152 214
166 190
77 110
165 186
105 141
70 216
1 109
122 168
6 70
71 171
64 70
16 108
146 177
122 184
73 110
52 117
28 68
30 65
28 69
49 174
133 136
42 179
163 211
101 153
8 203
44 150
9 166
9 67
21 134
68 122
53 202
134 167
39 194
91 92
33 116
70 78
68 124
0 109
3 52
129 156
103 212
44 81
48 130
90 106
30 215
2 59
45 99
94 133
140 211
100 128
83 101
155 212
64 166
80 147
56 155
156 215
23 61
56 131
58 102
50 154
15 115
138 177
75 100
47 115
3 5
27 85
22 174
166 197
134 198
71 169
39 49
57 204
178 205
2 132
62 182
10 179
65 66
135 142
4 116
28 87
52 218
199 212
84 180
27 28
193 215
24 213
23 194
2 127
114 180
44 168
88 155
48 88
137 209
8 31
112 212
54 96
53 186
101 188
61 203
17 108
140 192
58 146
105 186
33 203
40 159
16 193
25 163
17 119
144 195
36 75
56 207
189 208
120 177
54 197
53 174
8 139
37 135
63 216
2 89
152 195
65 190
194 218
166 173
141 208
128 184
46 89
126 168
54 118
89 147
72 135
51 146
86 104
69 107
1 217
52 161
183 208
123 155
3 108
13 149
122 124
46 125
46 107
2 96
17 76
6 38
17 64
12 129
75 94
72 100
106 183
123 136
24 186
2 18
50 187
75 172
14 81
52 56
71 202
147 172
46 204
42 83
33 189
72 150
19 65
25 102
164 170
24 155
121 203
174 195
107 115
11 199
97 174
75 200
98 200
167 216
159 175
69 109
120 133
44 172
95 188
42 121
85 104
0 75
46 194
195 196
49 66
39 123
90 102
12 132
50 213
191 203
116 191
2 62
46 184
164 206
18 56
68 194
131 151
125 143
142 168
114 185
64 67
197 205
71 112
97 211
96 137
145 206
14 176
73 166
37 147
34 141
71 123
8 137
10 81
39 132
52 180
143 198
45 103
72 121
11 127
53 70
28 174
133 200
1 92
51 129
59 161
150 208
80 167
65 113
184 198
4 25
2 119
77 114
14 90
132 218
130 140
18 66
176 187
124 168
38 135
19 197
9 115
15 142
50 173
57 160
14 140
9 190
55 209
132 194
1 133
89 106
41 78
83 193
62 176
117 127
7 208
38 42
63 67
10 165
127 142
10 38
127 207
2 5
63 89
183 207
143 172
45 190
13 46
85 177
11 209
89 151
115 195
5 58
64 101
102 156
198 211
38 134
158 202
55 62
2 54
119 196
29 212
85 156
31 35
153 181
91 124
22 74
27 97
54 112
104 161
65 93
76 195
63 183
94 192
66 147
7 117
53 138
122 186
67 201
46 52
63 93
43 147
60 152
105 123
12 35
46 200
95 131
62 130
84 182
109 124
81 147
148 183
26 46
83 119
108 145
67 168
70 96
89 140
138 182
122 159
13 148
60 95
12 163
32 134
22 176
48 60
47 107
89 154
108 183
154 177
97 178
55 98
126 156
27 65
33 145
125 173
40 173
187 200
80 158
92 200
145 188
185 212
68 153
32 210
180 204
1 53
162 183
101 121
2 38
80 123
124 211
171 174
33 114
0 3
111 153
32 48
74 154
113 150
85 191
104 157
53 140
22 85
212 216
61 93
70 101
145 168
45 171
39 56
0 154
7 181
51 103
3 118
4 201
4 124
52 123
99 205
12 38
72 188
27 130
92 139
165 171
76 188
118 167
11 95
7 57
62 129
69 84
65 73
17 26
47 93
31 99
168 185
79 141
32 101
166 215
108 123
146 147
126 211
30 210
45 161
59 186
93 202
47 145
181 184
105 215
138 166
31 209
47 144
11 212
25 89
172 193
3 194
70 151
138 187
23 56
126 146
96 206
81 177
130 136
80 116
53 69
63 83
98 141
81 127
70 206
5 68
149 212
206 215
133 176
127 144
8 179
39 212
59 193
53 95
27 147
30 55
127 170
0 144
124 132
64 90
76 174
84 125
12 164
137 218
96 183
35 52
21 158
15 133
27 110
131 182
110 210
73 185
152 153
201 215
36 163
110 196
16 88
51 99
24 81
7 103
112 218
116 182
156 213
50 209
4 186
64 177
120 134
181 216
152 211
82 169
89 97
19 56
23 98
104 127
136 182
114 218
23 144
154 192
31 192
181 203
87 114
89 195
103 150
132 202
85 114
36 135
65 126
26 178
114 169
132 189
195 199
72 204
13 145
33 100
199 218
63 145
53 56
140 146
7 94
51 147
56 125
31 194
35 150
44 174
53 194
186 206
75 157
132 215
138 139
8 175
9 30
107 114
53 158
75 186
2 74
63 98
151 166
85 162
58 216
10 175
19 28
148 187
49 54
26 31
3 33
21 70
19 183
53 92
107 153
83 148
64 176
84 169
56 119
28 100
5 101
24 143
54 198
110 132
28 107
50 96
70 187
30 168
51 133
12 174
27 34
100 173
53 200
9 91
18 197
48 97
0 4
1 187
82 174
69 72
134 204
70 84
47 80
43 211
21 103
176 186
58 82
11 189
41 42
12 155
156 174
72 178
102 124
124 136
93 185
162 192
83 198
9 142
130 217
20 190
38 77
100 195
129 161
14 195
90 150
76 136
164 167
67 147
147 200
37 214
23 125
84 168
80 163
81 141
46 136
81 190
39 187
110 150
104 204
101 208
105 109
178 192
65 207
46 123
155 204
85 101
144 192
112 196
112 193
14 59
16 146
77 133
114 131
5 138
31 52
85 157
204 212
31 61
78 135
72 116
87 130
139 178
62 120
20 144
32 52
146 182
79 95
65 139
56 75
150 176
37 124
96 122
104 177
54 97
148 160
104 130
70 88
118 198
90 97
121 175
3 17
18 202
41 142
180 194
134 199
8 85
122 157
4 28
80 114
118 145
75 160
119 120
2 105
14 201
13 56
71 116
103 217
41 149
88 111
41 146
27 61
49 136
34 98
20 124
105 178
34 94
135 156
55 201
48 160
52 127
144 209
30 172
190 193
24 157
48 174
54 86
65 160
79 100
133 197
109 177
21 87
70 162
41 165
15 145
17 195
50 161
33 66
94 131
188 214
106 165
29 199
125 213
187 216
10 166
59 143
136 206
21 162
67 165
139 189
72 106
25 69
72 92
51 171
141 158
23 161
29 43
30 125
80 188
39 185
57 109
157 194
17 121
57 175
4 111
154 205
92 117
74 98
73 209
57 136
65 206
67 112
8 78
28 113
123 171
117 191
154 189
161 164
31 92
119 212
42 113
131 213
64 127
36 89
155 171
52 211
82 96
65 157
30 88
2 61
17 209
74 151
21 50
93 142
92 114
29 211
86 187
65 110
46 63
54 171
48 101
80 103
57 202
148 166
131 169
54 146
140 162
35 154
131 152
56 186
207 212
31 190
86 154
24 165
61 207
68 156
94 190
11 207
84 123
21 68
60 114
54 179
78 142
38 173
9 120
66 180
93 196
21 164
96 171
158 181
26 56
7 153
34 184
20 151
23 156
6 126
55 93
172 180
198 209
13 86
27 179
139 205
72 145
100 111
121 124
15 114
77 87
2 35
152 183
184 196
104 150
77 113
119 142
25 40
60 190
84 140
17 56
15 44
103 107
45 67
48 52
2 3
59 170
86 147
81 197
104 178
64 96
137 212
52 78
153 218
57 214
35 58
183 198
131 168
214 216
62 152
155 211
174 181
119 144
176 188
110 187
146 156
96 129
4 104
95 114
22 186
40 146
21 28
55 169
125 210
73 100
100 201
35 88
34 151
79 128
60 104
118 206
7 11
126 217
162 176
114 170
39 207
173 180
14 76
92 131
175 179
48 111
24 116
92 144
76 100
107 154
116 169
30 70
12 196
139 209
56 127
61 90
69 111
10 40
54 127
99 110
54 78
100 114
84 190
101 143
0 79
94 196
34 49
36 69
41 161
133 207
57 58
80 146
169 206
26 109
168 207
99 107
145 171
111 146
149 155
91 105
15 19
200 217
6 77
114 208
50 90
97 153
97 180
66 129
160 185
49 140
25 122
9 84
61 77
40 141
38 87
83 166
176 194
139 180
110 214
158 172
54 61
148 153
113 173
19 142
109 150
29 160
116 170
90 153
193 194
12 85
75 140
127 200
20 215
20 115
55 159
81 161
87 94
13 110
11 136
38 213
31 162
17 98
94 135
26 158
59 139
78 182
35 46
105 134
1 89
101 179
102 120
36 130
24 71
46 138
58 88
86 183
94 95
78 190
118 201
46 140
111 208
71 143
134 163
1 19
72 94
77 99
40 193
133 177
28 191
5 205
78 192
7 71
68 107
154 156
38 138
18 33
123 192
29 68
9 184
154 199
34 54
66 85
62 107
47 61
60 133
62 192
0 140
41 58
49 123
24 187
120 182
37 116
57 127
93 136
4 129
172 175
148 195
84 177
70 175
24 138
34 56
50 81
27 89
98 210
131 192
66 196
38 47
12 189
110 158
0 111
29 92
22 123
25 185
13 136
110 185
105 203
21 197
204 210
60 117
137 167
8 159
46 216
41 84
24 141
5 129
23 42
18 210
143 174
79 173
56 175
42 95
85 207
136 183
15 112
95 173
154 204
28 198
16 30
12 94
26 78
124 171
130 210
17 178
157 218
42 70
86 110
74 147
41 140
99 213
70 170
91 207
47 69
15 72
98 211
154 162
41 104
101 204
23 203
71 178
112 164
18 79
112 115
122 155
141 201
80 183
61 118
102 170
11 44
55 122
96 184
60 80
165 196
33 144
73 101
108 127
1 210
34 52
69 130
30 79
95 109
36 156
17 149
9 55
0 69
45 100
56 215
197 215
45 77
56 137
13 144
57 139
23 25
109 192
115 140
13 80
25 211
58 193
142 143
143 199
82 124
13 130
96 187
14 179
158 164
188 194
98 135
83 110
41 125
4 37
21 144
57 201
70 207
1 208
39 96
158 190
66 146
19 107
27 95
41 63
15 116
10 178
64 99
3 115
139 216
56 211
14 121
56 63
8 141
121 205
141 161
185 201
131 197
161 212
91 115
25 95
114 148
86 116
93 205
10 79
72 177
11 198
80 155
116 153
50 143
67 190
31 178
6 91
39 139
76 160
17 199
105 110
129 148
82 194
0 30
17 170
9 58
128 129
58 186
108 174
52 122
136 184
39 72
30 47
10 150
77 170
11 41
16 91
78 174
75 184
70 118
47 97
42 73
56 83
66 73
197 206
67 104
37 115
37 77
30 41
5 48
179 190
144 191
25 97
34 197
102 168
2 200
35 92
49 201
3 120
25 206
8 45
78 159
23 128
26 95
126 128
88 146
202 209
15 108
197 199
69 108
110 153
151 196
32 156
47 79
17 186
29 35
116 146
61 217
174 203
71 111
72 88
77 86
136 210
104 107
142 165
86 171
38 63
188 206
58 136
31 186
57 78
25 137
20 68
100 187
50 205
65 89
23 162
149 166
45 195
11 204
13 67
9 123
20 47
171 198
18 137
40 217
34 217
67 164
116 123
125 205
88 122
34 115
165 205
0 177
10 190
93 164
24 146
57 83
150 174
118 185
156 164
43 109
70 167
103 213
103 148
47 150
0 116
13 35
3 176
189 198
149 204
95 159
0 147
91 191
46 90
1 176
4 105
15 121
24 27
100 191
13 140
34 78
144 152
126 202
0 36
5 113
12 107
101 207
167 177
133 215
57 155
177 193
24 120
177 179
67 154
141 170
120 191
43 153
24 29
99 153
47 184
45 149
3 147
78 187
43 59
44 152
110 157
5 204
5 174
14 56
120 151
3 41
80 176
130 147
187 211
49 104
120 139
50 153
135 203
25 30
17 87
45 105
117 201
33 150
79 208
140 181
39 78
39 210
38 167
54 204
31 68
66 209
4 22
161 163
12 143
73 162
76 209
142 161
31 58
58 133
78 214
2 184
83 93
51 199
93 153
153 198
36 37
98 170
153 199
47 157
23 24
196 215
92 147
55 197
5 104
56 94
102 151
2 137
188 190
23 28
43 122
54 71
59 218
23 112
28 132
28 160
113 154
123 189
76 79
41 164
79 161
16 159
4 32
92 179
93 103
4 115
109 216
160 169
40 172
79 135
45 169
70 152
49 75
176 218
100 192
214 215
28 162
62 116
15 22
10 158
72 117
1 132
178 185
47 140
49 197
36 102
95 170
42 94
36 185
122 177
115 184
9 208
12 203
121 180
56 102
91 102
90 117
76 218
77 128
87 203
14 32
146 199
55 123
7 169
98 207
26 146
57 192
37 65
66 79
17 146
1 190
38 79
50 150
22 35
47 169
30 126
12 78
34 63
82 114
36 151
159 206
9 47
31 91
94 145
30 216
25 71
41 192
80 182
36 70
61 201
137 155
18 144
10 207
135 174
96 141
58 84
42 54
102 146
36 209
10 109
79 126
38 44
137 180
90 92
45 124
33 195
142 184
4 170
32 202
164 168
40 154
202 218
5 37
44 83
24 80
57 75
69 143
11 33
70 73
116 130
167 182
93 177
116 190
121 179
106 198
68 149
5 99
128 178
66 87
39 195
5 168
35 203
9 205
88 158
141 173
92 205
58 131
51 76
32 133
4 50
198 206
0 33
77 153
37 94
64 72
8 60
83 114
3 185
19 208
95 112
22 28
79 172
49 92
96 190
2 138
144 181
2 150
28 137
18 217
18 19
149 164
8 186
17 55
133 211
18 188
106 134
34 70
21 128
7 205
95 147
61 128
66 83
8 128
3 36
102 114
6 51
82 128
20 35
175 186
9 41
16 211
185 186
128 164
17 208
51 166
16 128
82 178
37 192
148 167
0 65
51 101
53 141
101 214
82 129
71 190
35 109
27 201
119 170
61 126
86 162
132 213
37 144
70 87
33 55
131 186
86 165
21 157
29 200
6 86
118 135
114 162
71 213
82 201
154 171
123 194
23 164
124 200
119 123
33 45
82 85
22 51
190 212
90 186
61 165
124 143
1 41
26 179
128 130
11 182
49 141
7 59
35 136
107 164
42 93
126 132
32 100
22 196
4 145
112 207
0 70
49 58
41 193
172 203
9 189
81 192
34 169
36 119
95 130
19 61
133 198
52 112
132 172
92 138
32 123
98 133
66 155
153 167
91 157
37 131
60 211
48 210
39 70
169 191
61 88
7 183
114 144
31 129
1 145
23 126
127 217
82 156
16 139
21 64
10 117
110 188
63 174
103 127
14 68
28 45
18 191
88 171
0 48
157 160
31 156
163 176
40 56
77 209
33 137
16 45
31 36
28 75
37 55
88 164
10 167
154 193
15 47
55 85
12 101
58 86
13 161
129 193
20 199
32 140
109 112
50 176
2 32
91 170
174 212
41 106
186 216
170 214
109 181
32 113
88 211
187 194
119 166
122 165
157 175
174 190
62 144
205 213
128 166
84 170
108 122
38 159
96 169
22 83
29 117
67 184
82 113
96 172
33 104
135 190
29 104
170 210
29 109
78 149
94 101
52 147
48 74
119 171
168 202
125 198
14 103
105 164
35 77
25 210
71 137
32 59
37 152
142 153
141 167
34 86
156 160
6 13
1 120
93 167
55 144
49 56
68 164
167 194
53 115
25 82
48 50
34 179
6 54
69 180
18 149
61 130
78 130
65 104
174 186
36 199
6 136
60 105
74 200
76 102
25 65
182 190
32 105
15 99
0 150
48 181
81 84
80 82
68 114
59 169
111 129
123 205
42 123
177 214
44 200
99 104
165 197
116 139
80 130
81 149
60 106
17 60
13 44
67 179
70 79
171 175
58 212
151 154
147 181
93 204
18 50
81 100
106 205
36 54
10 118
48 176
4 18
62 158
170 177
103 165
45 57
48 67
145 154
32 184
67 149
51 217
150 155
118 189
21 105
135 150
4 187
77 143
0 152
85 106
7 56
107 192
61 137
98 191
76 155
36 62
49 68
119 186
150 211
110 131
101 155
67 195
127 185
72 82
134 195
200 211
13 64
50 216
19 178
175 204
152 202
8 34
44 190
59 125
122 203
33 201
1 68
130 179
28 161
155 190
3 77
58 125
106 193
94 212
22 55
17 180
73 103
168 212
112 137
27 49
5 186
87 148
114 206
12 201
114 196
139 191
165 217
30 201
159 194
87 178
112 171
142 182
173 197
21 200
142 180
2 37
18 163
100 171
6 158
71 109
65 151
57 132
15 199
36 174
129 180
7 112
7 47
68 78
24 217
34 176
101 193
57 212
45 154
172 183
64 185
163 197
132 168
3 177
83 135
166 195
149 216
84 142
125 136
50 104
79 104
186 197
14 132
25 165
48 183
35 68
14 149
30 86
46 167
112 124
103 167
94 127
116 120
35 134
56 185
55 128
32 152
46 50
33 164
75 190
60 217
8 185
120 204
113 169
48 151
178 214
48 49
7 217
103 192
8 199
18 187
67 121
28 209
10 216
137 206
84 166
18 172
101 150
7 152
39 142
9 15
31 136
85 201
12 191
89 105
27 75
18 120
3 51
7 34
52 158
6 35
104 168
15 137
25 42
120 197
49 51
84 105
82 141
65 130
8 52
36 212
66 107
8 17
75 145
48 194
161 189
81 212
86 127
124 192
132 146
118 122
42 173
110 166
77 88
44 122
19 218
104 216
3 130
92 212
64 93
14 161
84 191
13 197
29 125
154 216
128 192
145 175
40 94
123 203
63 194
64 144
42 51
3 181
150 212
5 109
75 209
89 123
95 195
98 203
60 145
50 149
52 133
46 65
100 208
111 212
115 151
139 190
122 160
21 33
91 210
59 207
10 188
44 139
23 183
17 106
11 208
115 155
147 170
78 168
61 96
100 160
79 88
52 84
208 209
78 147
46 86
42 206
20 142
190 208
64 129
83 212
24 169
40 180
19 85
48 184
28 154
111 119
50 106
99 113
94 209
4 167
51 56
87 99
9 124
6 189
80 136
140 205
3 85
71 132
9 19
124 145
142 204
115 149
28 67
9 79
5 36
