220
7
21681
60
62 2
55 2
79 2
42 4
104 2
79 3
72 3
40 1
39 4
52 2
46 1
73 1
63 4
40 1
63 2
43 1
32 3
77 4
46 5
55 3
51 2
65 1
36 3
106 5
60 2
57 1
38 5
55 1
81 3
91 4
31 4
50 1
62 1
40 2
69 1
62 2
33 5
81 1
107 2
91 4
90 4
43 2
88 4
81 2
87 5
75 2
70 2
81 5
90 4
43 4
57 3
102 5
108 2
108 2
108 4
28 2
107 2
65 5
67 3
68 1
108 4
35 2
90 3
33 1
52 2
106 3
101 4
69 2
72 5
62 3
71 2
108 4
109 1
77 1
85 3
70 4
61 3
46 2
91 1
89 3
71 5
59 3
65 4
95 2
63 1
82 5
88 4
58 1
34 1
39 3
33 4
68 2
52 5
91 3
97 3
66 2
42 2
27 4
60 5
35 4
31 2
63 4
92 1
36 4
107 4
29 3
27 5
30 5
65 1
65 2
50 5
98 3
72 3
61 4
35 3
44 3
103 5
81 1
44 4
106 4
40 2
94 1
28 2
83 3
33 4
29 3
30 2
106 3
82 2
74 4
75 4
45 1
44 5
73 5
68 3
32 3
82 5
77 2
32 3
50 5
104 4
60 1
34 4
95 5
28 5
37 4
97 4
81 2
42 4
80 2
100 3
43 4
43 3
28 1
91 1
98 2
107 1
72 2
39 3
56 3
104 1
30 2
31 2
30 2
63 1
41 5
62 1
89 4
108 3
55 2
46 3
28 2
97 3
93 4
39 2
50 5
104 4
53 1
90 2
36 2
41 5
104 4
43 2
90 2
83 2
87 3
79 4
64 3
33 4
108 5
106 3
81 2
40 5
81 4
86 4
103 4
107 1
99 4
97 2
84 2
94 1
68 4
50 3
65 2
55 4
96 1
37 5
84 1
39 5
47 1
74 3
37 2
40 3
69 1
90 1
27 2
31 3
50 2
31 2
92 2
21 192
13 82
27 163
90 160
71 181
25 33
86 213
179 185
21 140
112 199
193 197
99 116
9 154
5 99
86 91
45 79
102 219
98 102
134 185
84 188
55 125
3 129
54 135
79 107
76 101
75 98
172 212
131 189
183 197
95 136
81 190
77 145
135 177
97 165
4 85
15 193
95 219
107 142
11 95
2 54
103 165
24 197
81 102
13 129
46 153
114 163
63 72
82 145
56 61
53 211
46 144
5 162
36 47
117 180
82 121
15 119
105 112
86 170
18 191
2 152
29 130
117 213
153 185
49 157
56 83
100 134
202 205
87 182
126 182
16 86
5 48
104 191
28 171
10 86
64 135
73 118
151 195
12 107
106 160
143 148
37 121
196 211
101 161
141 164
130 172
3 195
50 75
146 216
97 210
48 56
84 148
54 66
163 198
111 159
176 199
191 193
96 102
43 164
5 78
142 195
89 99
21 168
139 180
45 97
65 133
1 114
21 142
7 44
57 169
32 107
84 205
88 154
149 215
119 164
100 123
27 38
68 80
145 176
119 138
176 182
81 128
23 52
139 177
90 162
54 202
104 192
17 103
142 170
130 164
115 189
75 101
39 69
30 191
45 205
9 16
113 176
122 145
179 201
192 193
16 133
55 99
48 52
63 203
41 136
36 41
94 194
54 114
158 181
48 188
105 161
136 197
66 136
7 162
171 184
74 195
54 191
63 160
18 207
64 93
102 148
42 189
4 141
78 98
91 171
150 175
9 48
40 162
12 32
127 193
114 210
1 77
132 170
11 180
11 70
13 118
74 155
83 96
19 136
141 175
10 56
54 203
47 177
8 20
31 213
50 193
73 123
79 139
14 129
210 217
33 192
102 149
101 142
140 196
75 137
5 171
10 136
48 185
5 80
15 117
127 131
112 162
78 166
18 146
35 45
12 164
106 187
147 163
148 172
2 170
108 213
48 76
13 171
69 182
55 212
49 83
52 215
109 157
3 178
163 218
80 159
142 192
50 77
48 143
52 150
8 139
82 206
97 217
76 83
59 188
19 131
189 212
20 79
50 117
61 73
8 73
58 139
22 98
109 192
84 102
121 135
151 172
30 83
7 47
117 136
63 157
2 156
7 212
61 143
153 170
22 90
21 138
87 180
59 158
117 150
109 111
114 219
119 127
26 155
64 191
86 136
58 175
72 164
58 85
1 142
39 211
18 162
34 196
77 128
125 212
52 142
59 62
73 98
135 147
171 187
129 185
4 133
11 14
36 197
108 186
65 169
14 158
136 184
38 188
11 197
12 186
106 186
34 206
102 144
2 194
65 172
2 35
56 123
140 206
167 203
36 158
23 212
202 209
18 27
143 176
176 191
115 218
119 182
6 196
86 142
125 187
57 130
27 159
49 159
47 104
47 107
35 67
33 105
144 158
43 186
145 153
15 171
48 57
44 166
4 32
102 119
25 184
87 190
67 108
62 129
14 63
99 154
44 206
28 136
15 52
120 147
51 128
37 44
24 124
96 105
86 132
18 19
50 166
93 152
146 147
42 58
60 62
70 166
115 172
63 118
12 120
138 214
3 214
2 84
2 153
16 73
108 112
43 51
91 174
89 144
0 58
45 76
64 131
24 83
18 93
32 172
32 148
3 176
99 120
61 99
92 143
48 198
50 94
47 77
76 165
88 112
7 207
80 106
129 157
0 136
138 188
140 146
90 188
90 153
26 132
4 195
17 76
80 195
73 211
89 101
133 140
1 127
97 130
81 180
171 197
56 129
65 129
94 130
76 176
36 217
63 161
0 21
59 81
83 162
139 160
74 163
83 200
211 219
203 204
148 187
68 133
175 210
135 143
53 199
114 165
47 55
146 215
27 147
123 218
29 145
64 126
159 202
16 56
87 179
34 56
83 121
51 213
86 191
143 166
38 123
33 173
48 86
83 134
111 145
25 177
99 136
41 166
72 151
154 162
14 201
73 104
120 177
28 34
72 150
64 110
120 125
45 163
24 207
111 213
13 52
68 112
23 201
81 118
62 106
136 191
27 99
54 185
110 180
65 82
155 186
62 78
160 219
43 162
5 207
48 94
58 212
102 104
57 81
23 149
21 184
34 131
6 33
42 96
107 122
54 143
107 127
150 184
184 201
65 121
52 184
64 156
13 84
81 112
18 67
26 92
97 203
198 212
80 182
158 183
147 152
95 143
144 211
20 106
15 23
32 194
83 201
22 209
90 119
123 177
6 41
109 206
64 161
28 174
38 92
60 130
188 219
144 190
117 153
112 165
113 202
33 152
59 148
103 161
159 187
164 214
133 151
57 68
94 188
144 146
31 81
76 115
65 215
2 97
14 134
41 138
30 73
144 178
147 175
108 170
26 31
8 132
7 48
138 185
67 216
112 215
50 196
12 46
37 151
73 184
135 163
58 176
159 215
50 123
109 159
28 32
35 60
32 55
154 163
57 116
106 125
37 112
15 25
88 149
1 208
65 217
42 127
27 48
63 180
51 201
146 183
21 178
94 200
1 72
37 164
95 112
173 182
90 115
93 188
121 193
195 213
33 164
19 178
112 216
111 178
7 100
28 154
49 103
9 97
61 127
195 200
31 35
21 44
16 64
13 196
87 99
44 198
21 219
61 134
140 195
24 101
38 182
112 179
143 211
31 193
69 206
10 89
82 167
0 217
108 136
100 143
92 192
108 188
15 116
45 63
141 184
67 217
21 59
85 116
187 209
159 173
165 201
117 174
82 154
9 177
207 215
121 204
86 171
39 198
138 211
149 151
176 187
20 178
95 208
8 165
25 88
9 59
1 107
78 115
22 163
45 198
8 185
62 182
77 173
182 192
120 169
98 140
86 172
3 169
14 108
64 94
24 200
109 129
115 215
27 181
50 178
44 62
73 146
199 200
101 208
146 148
53 169
28 83
27 189
1 185
20 158
168 203
8 31
52 100
152 176
187 204
8 173
95 132
8 152
75 188
12 192
64 151
60 159
44 190
148 168
68 185
194 199
72 112
83 152
37 153
68 110
78 122
132 154
196 215
122 139
129 189
168 185
106 126
160 202
22 93
16 204
145 190
56 64
46 133
26 166
23 41
140 171
162 206
148 151
89 152
113 158
166 185
99 158
72 116
42 112
89 107
130 190
158 176
46 175
101 126
119 174
19 23
25 176
31 130
4 175
89 157
39 165
69 115
139 159
142 200
161 195
58 149
185 201
71 167
100 138
4 90
69 199
175 176
53 117
46 184
17 51
31 94
62 203
9 202
85 151
179 219
85 110
149 176
126 209
100 191
146 205
34 145
112 131
131 210
135 171
148 198
66 204
88 151
35 63
50 162
31 205
143 183
120 183
63 202
48 155
68 152
13 65
9 113
42 210
112 173
36 166
56 189
175 193
33 186
19 102
77 110
54 59
9 140
31 83
34 126
97 110
144 202
92 178
103 204
87 213
49 153
8 43
84 110
107 204
19 49
16 49
36 53
52 169
37 211
25 120
43 173
18 90
74 172
68 187
69 213
164 183
14 84
64 198
146 159
117 219
61 211
45 90
7 110
19 106
100 105
102 103
88 108
27 96
138 160
142 197
39 99
107 193
48 218
144 194
9 56
39 45
110 194
65 186
69 186
40 49
1 191
4 212
125 147
35 77
84 203
150 218
15 26
100 124
89 145
18 119
159 182
99 213
9 109
37 128
65 79
172 219
105 196
77 194
3 217
83 147
85 138
34 115
128 199
198 214
5 217
98 216
0 151
13 40
13 21
26 70
2 79
16 155
26 85
18 185
170 219
0 89
131 181
15 147
162 163
0 80
45 192
55 129
162 192
12 118
87 206
93 132
10 47
45 123
42 153
49 130
16 210
42 165
174 212
149 218
184 209
18 37
51 196
89 179
20 92
27 137
118 199
20 70
199 214
88 194
129 205
3 95
75 87
55 138
6 78
0 69
33 113
95 204
154 183
51 125
54 196
57 142
100 166
182 216
93 151
11 140
40 109
42 203
0 191
120 211
64 77
25 116
137 194
18 203
66 83
61 159
158 166
43 127
138 169
30 53
46 168
27 70
46 84
152 170
70 71
47 118
36 85
80 149
65 96
60 110
185 217
47 190
42 100
93 123
47 158
6 89
19 111
56 134
80 154
108 125
38 216
76 77
95 190
160 187
148 185
17 73
83 126
107 156
1 174
130 146
129 195
68 138
33 36
11 151
136 150
31 152
144 179
23 200
140 155
98 139
11 213
44 47
11 194
56 106
33 172
72 204
20 139
141 188
114 211
130 182
131 146
29 116
97 219
177 198
42 204
21 33
180 213
26 200
75 106
4 168
2 49
41 55
128 185
59 177
57 73
125 206
88 136
21 76
7 102
36 219
169 178
49 108
48 92
34 72
79 106
103 191
48 138
73 204
17 33
78 128
55 131
53 219
32 33
98 181
71 111
2 18
104 181
81 88
27 179
3 50
151 174
39 182
33 139
28 78
46 164
3 164
54 213
14 161
29 54
57 160
189 208
27 184
43 45
63 115
19 93
129 219
28 152
119 181
62 218
185 202
51 68
96 129
134 179
123 190
34 105
151 207
64 124
41 109
12 117
172 199
115 169
53 102
127 209
107 187
151 188
67 124
23 190
49 198
12 98
7 72
23 85
166 183
7 125
33 133
15 76
43 124
25 128
112 182
34 135
150 156
166 214
19 172
161 193
48 202
23 178
3 15
44 94
47 199
76 188
23 109
98 112
5 52
10 132
89 202
4 219
142 146
20 115
56 74
2 176
139 216
131 211
175 181
44 162
146 196
22 117
173 202
11 31
121 126
14 51
117 200
5 157
37 52
133 149
73 147
82 177
31 140
162 210
72 144
82 120
37 53
73 187
104 172
74 189
38 135
18 25
53 151
34 161
115 143
145 180
79 135
53 142
46 131
62 114
117 173
12 24
49 164
60 107
99 199
181 201
42 215
106 145
111 212
52 70
77 201
31 161
151 215
49 63
14 95
33 215
104 110
110 183
148 149
155 196
12 146
11 178
37 198
82 217
160 179
72 174
68 121
98 218
146 172
14 79
41 157
120 190
69 123
4 77
156 181
123 162
110 135
68 129
40 98
49 137
37 39
100 155
9 179
200 204
123 211
83 95
100 201
104 155
49 177
37 183
81 87
76 175
133 152
29 199
43 200
1 161
193 209
62 160
57 198
102 167
1 216
25 110
166 207
17 126
8 115
140 162
35 169
13 165
91 128
100 154
63 206
175 190
31 136
59 90
117 198
13 187
16 116
127 137
69 212
22 213
2 165
108 147
10 106
103 218
90 167
73 124
45 81
58 150
28 104
98 156
52 138
4 104
23 38
92 111
2 127
56 176
8 141
118 132
63 127
86 145
172 180
58 116
7 126
96 133
73 152
55 132
90 181
38 69
87 188
123 203
30 205
191 201
124 193
149 157
39 124
189 193
49 206
108 204
110 167
13 108
60 78
164 192
10 161
168 198
25 61
44 68
15 78
35 219
12 96
37 83
165 194
62 105
15 110
131 207
47 58
190 217
127 136
75 93
53 177
134 149
89 160
87 149
0 149
69 85
157 182
147 187
32 175
27 35
106 142
104 150
128 151
82 166
6 27
89 134
204 212
3 29
42 170
71 166
164 170
71 75
24 121
97 119
4 29
189 216
190 206
55 92
66 185
41 83
25 202
138 209
47 75
6 93
61 150
84 180
49 57
14 156
82 192
38 128
146 176
111 183
48 77
22 36
2 39
69 105
18 20
118 126
154 168
111 206
42 44
118 202
110 113
173 211
75 111
77 186
70 79
37 130
168 182
11 147
50 67
49 188
86 139
153 159
161 188
72 74
4 171
51 80
8 113
174 197
198 211
79 166
23 84
61 179
95 218
0 188
89 105
95 140
50 127
64 79
0 215
71 160
124 205
109 125
29 65
60 124
107 155
21 130
27 135
104 151
39 157
34 155
25 132
111 174
58 141
21 123
112 147
53 165
114 196
0 179
196 198
33 207
71 132
57 59
1 36
17 72
52 199
38 192
47 125
40 48
110 187
21 71
132 145
140 147
124 171
101 170
92 212
105 170
23 168
50 156
53 67
22 52
64 136
92 112
40 78
83 103
184 192
135 155
133 155
20 91
6 79
25 175
42 84
28 133
99 112
61 197
38 154
8 219
83 219
22 58
99 180
148 158
102 107
54 162
141 191
17 153
74 200
46 51
42 163
146 218
84 195
92 175
81 144
93 186
42 51
138 167
10 188
97 101
170 210
37 135
76 217
166 175
61 208
92 150
1 219
82 84
7 144
133 218
133 192
51 64
4 142
151 204
35 146
45 158
16 35
55 183
99 126
48 209
56 112
44 174
43 185
51 109
37 99
47 72
109 195
29 123
2 60
31 124
39 123
50 188
33 83
16 92
82 93
31 44
143 171
69 151
105 194
11 203
30 67
44 117
8 143
1 134
62 66
40 156
45 106
7 109
6 48
184 204
114 185
188 213
171 178
26 195
37 190
78 219
15 98
84 98
120 134
76 142
140 174
27 81
73 162
32 195
9 50
145 199
140 203
109 219
34 50
74 203
123 136
24 25
59 136
70 217
40 131
34 77
55 149
59 173
49 202
155 166
18 176
6 121
126 201
113 118
167 182
106 217
44 86
95 116
161 208
78 102
19 115
56 162
64 78
22 25
68 190
23 180
91 217
195 198
91 150
0 180
153 202
12 112
69 171
5 197
176 193
66 150
111 170
112 166
185 208
38 124
38 66
77 139
24 29
9 53
46 135
46 111
47 202
20 145
122 141
11 122
63 214
21 165
120 184
36 98
71 211
79 148
10 91
56 85
11 17
21 189
65 105
32 121
195 217
122 133
103 150
181 214
67 143
36 59
115 210
53 153
23 192
99 147
50 74
1 89
175 205
145 162
103 212
111 177
14 140
121 209
117 120
9 121
3 62
41 87
12 155
95 130
9 213
191 207
56 121
105 193
191 217
6 32
42 201
156 167
101 187
61 165
46 151
85 205
77 105
30 181
36 214
52 93
78 167
158 164
31 72
158 167
34 53
34 82
18 46
41 155
65 135
189 209
35 172
116 187
6 22
93 127
1 16
10 153
55 167
137 193
8 33
139 169
171 188
134 176
8 102
67 212
6 9
74 152
40 95
65 212
85 201
98 184
105 219
36 118
46 87
97 148
175 187
1 40
84 141
64 209
11 30
52 58
30 96
64 203
73 183
108 149
58 196
113 185
45 162
67 127
66 213
139 213
58 127
70 94
140 181
18 132
26 159
19 119
58 206
199 215
67 172
23 98
102 169
101 110
30 128
97 187
54 188
176 184
71 81
67 141
36 168
150 174
175 189
98 163
13 28
135 216
179 181
124 214
59 94
140 194
117 201
35 206
58 105
6 76
119 194
4 157
63 109
148 208
87 145
17 24
139 166
22 59
154 179
52 189
1 117
120 121
14 40
9 78
0 45
128 157
115 157
125 134
44 54
174 182
159 207
13 67
163 214
148 199
183 207
34 130
5 81
85 108
42 136
18 179
154 167
8 151
12 163
96 117
29 168
37 90
203 218
56 124
54 132
137 142
98 212
2 66
16 208
32 154
71 175
17 191
31 131
28 101
45 110
43 71
73 180
42 147
40 160
41 148
75 178
32 155
67 153
28 41
38 67
134 145
2 107
2 72
82 114
108 123
12 34
160 186
36 70
145 218
53 186
93 195
77 219
143 206
48 105
100 182
101 175
80 151
64 145
84 215
151 152
54 97
75 139
94 211
10 202
119 134
42 142
34 210
21 99
106 208
57 188
27 50
116 117
34 68
63 155
43 184
19 212
164 188
81 189
81 135
87 102
62 174
112 218
27 54
6 179
7 98
4 28
138 213
42 190
66 200
120 219
2 158
68 150
89 214
48 177
70 104
106 195
20 23
5 55
68 208
181 209
45 69
92 116
55 204
40 80
36 139
16 87
100 142
77 154
103 114
93 115
137 138
124 158
188 197
33 147
56 206
115 118
179 189
91 154
143 155
77 121
25 140
162 178
32 53
73 86
57 194
11 131
14 61
96 191
154 207
29 31
145 177
81 176
92 148
16 96
79 143
135 198
6 174
123 215
59 213
6 52
45 58
78 86
8 98
20 111
192 216
142 182
96 190
73 161
161 162
64 132
74 146
57 125
22 33
136 151
196 218
148 175
54 216
130 153
64 180
27 115
7 63
32 164
3 173
98 178
194 218
37 96
177 210
214 219
68 104
10 105
194 206
94 116
42 148
34 207
64 207
47 206
183 210
55 182
111 131
20 21
27 57
135 193
55 146
13 42
18 153
113 209
13 36
40 209
31 45
37 212
62 206
10 178
20 87
129 203
15 173
56 147
104 105
57 121
15 93
163 196
18 151
69 109
43 49
69 198
38 189
179 197
18 133
2 182
59 70
67 164
66 77
30 134
25 72
95 121
5 139
114 171
26 186
50 130
97 147
12 162
75 91
15 143
72 165
54 77
204 215
163 208
127 158
65 214
62 90
93 197
36 145
41 111
13 202
170 194
189 191
87 122
71 158
121 163
126 213
17 40
52 107
12 77
71 183
3 145
18 51
12 116
47 82
39 58
124 206
104 182
16 115
24 50
18 21
2 128
137 165
36 169
107 196
168 171
92 136
36 202
7 216
5 35
3 198
91 211
125 171
6 187
77 104
163 205
91 214
144 166
84 95
59 118
22 141
111 137
139 191
59 127
34 119
78 95
75 156
60 193
45 84
35 97
66 90
164 204
63 164
64 193
89 216
41 167
32 94
4 164
153 158
37 104
165 190
88 218
129 178
73 217
57 141
23 34
36 156
140 148
63 149
72 161
68 83
116 142
100 145
192 203
35 119
180 194
155 211
6 80
21 136
26 123
72 158
110 115
94 160
49 116
30 186
69 158
74 149
16 119
164 213
84 171
8 78
47 218
56 76
143 197
20 125
23 45
130 142
29 138
89 116
119 215
11 59
170 205
33 136
36 71
117 163
84 99
21 116
45 185
173 176
20 187
193 218
13 194
36 84
3 133
30 114
34 212
46 75
6 54
28 119
116 134
51 119
39 89
31 123
37 116
155 156
4 75
87 98
13 164
116 158
10 158
153 165
76 198
88 158
67 202
91 205
148 204
26 154
41 97
35 37
98 150
27 156
23 60
99 142
76 193
168 191
60 153
125 209
66 149
64 111
49 170
132 213
13 45
174 206
60 162
41 173
77 175
49 80
51 115
0 131
136 156
74 185
37 114
106 143
62 131
109 144
22 184
98 125
88 115
139 174
122 166
128 158
23 171
40 81
17 30
43 191
55 94
44 173
8 150
71 122
177 218
106 147
18 143
142 198
144 199
43 219
57 143
137 157
201 219
141 217
90 169
43 100
37 58
51 107
104 141
22 41
210 218
17 164
52 181
39 199
135 208
22 206
125 216
85 142
10 113
136 143
54 118
132 198
16 188
43 59
50 201
54 190
112 210
176 209
60 166
77 162
58 215
27 34
55 196
47 87
31 78
42 114
70 88
122 155
108 124
42 193
177 178
13 172
56 137
190 209
1 200
70 97
52 208
6 126
69 168
171 198
103 197
62 192
3 135
79 169
125 142
51 193
1 61
47 191
53 179
18 56
119 151
58 157
6 163
49 152
119 211
143 216
21 180
95 103
17 186
31 40
25 113
108 211
8 10
20 64
51 190
132 184
67 102
74 119
66 146
104 209
89 141
42 181
63 97
52 60
41 159
36 113
16 158
5 58
14 164
0 154
102 214
24 185
29 176
81 199
74 165
46 208
5 87
162 182
35 64
19 61
7 12
37 219
186 191
27 170
156 215
53 149
20 167
27 120
118 184
5 161
109 136
90 127
169 196
148 157
81 111
77 153
121 191
17 183
44 105
8 23
132 193
96 143
23 73
100 113
90 191
99 165
11 209
27 132
192 202
115 214
45 149
154 196
41 214
55 60
3 81
95 154
35 102
3 190
19 193
164 210
47 98
118 178
131 136
86 101
39 47
134 214
15 28
81 188
7 70
179 203
29 84
26 43
185 193
18 84
57 193
30 185
96 99
152 169
181 202
15 152
64 70
17 59
0 117
9 17
98 132
27 41
100 135
41 163
91 109
123 132
60 218
134 162
92 110
44 88
69 122
86 173
101 140
97 143
79 147
6 189
7 163
94 203
47 122
125 163
105 206
122 162
25 170
187 219
173 190
125 136
64 155
100 216
41 73
12 35
124 141
35 48
75 104
48 53
11 154
71 144
148 161
89 103
39 179
32 184
92 180
162 214
189 198
95 178
79 161
68 180
6 139
185 191
69 196
19 128
60 118
128 219
173 177
14 157
119 152
64 208
59 172
86 208
35 90
74 158
87 124
19 181
55 201
194 211
14 76
61 85
84 140
147 201
157 188
81 85
20 110
2 108
185 194
109 141
14 168
86 196
130 197
102 183
195 211
97 129
35 187
114 131
78 146
156 173
17 52
19 216
15 188
16 117
124 203
54 136
65 94
103 123
81 193
187 192
28 151
164 215
23 53
28 216
6 215
87 197
110 150
98 205
35 164
3 83
81 219
154 215
54 167
16 81
102 187
168 175
167 170
165 202
10 35
85 179
135 185
81 132
154 177
107 159
24 109
49 167
56 145
86 140
117 176
22 94
111 122
7 79
141 171
3 45
32 170
55 68
30 197
10 116
110 170
0 129
12 184
8 164
47 119
173 205
56 148
4 120
112 197
28 89
132 140
64 71
62 100
2 59
121 122
45 206
36 37
136 176
18 53
47 103
11 169
120 167
28 29
3 155
12 111
48 173
142 207
4 66
182 191
3 72
70 193
141 151
14 176
7 185
99 144
28 187
147 210
45 165
111 154
35 98
38 119
28 61
42 150
37 126
78 206
120 196
163 178
116 199
137 196
95 117
103 166
55 150
13 181
155 199
157 203
42 143
10 117
37 158
1 138
128 201
41 143
43 107
30 31
12 215
122 160
56 161
53 135
148 166
31 157
64 202
60 137
72 88
9 120
145 197
73 128
96 155
8 175
13 191
60 114
123 188
143 154
134 190
42 146
120 158
31 55
15 145
78 123
167 205
59 92
6 106
21 171
24 90
1 160
51 144
156 209
96 180
93 117
83 111
79 133
74 176
20 135
12 214
55 209
10 74
135 172
93 166
63 138
165 185
93 139
83 135
26 152
86 138
30 129
82 179
185 200
56 79
68 136
47 133
17 208
95 107
148 206
158 212
33 161
33 78
91 124
137 170
124 144
52 205
81 142
100 206
50 131
94 115
15 115
103 198
0 157
9 31
0 8
68 145
92 103
123 163
8 61
2 183
111 139
39 184
1 125
181 189
132 167
118 130
114 187
104 154
90 99
24 186
69 111
17 47
33 56
118 213
15 209
69 133
45 131
187 211
45 105
138 170
53 68
21 150
70 150
43 65
74 169
22 131
65 160
158 159
161 218
89 94
12 50
82 207
5 50
88 101
136 208
143 210
169 186
63 198
82 156
103 110
10 40
113 149
16 173
96 176
85 194
87 96
16 74
67 92
110 141
137 153
139 210
149 155
32 67
23 219
19 200
50 218
68 134
15 127
27 71
49 90
193 198
147 151
52 115
98 173
25 148
35 105
49 147
42 180
67 196
74 88
51 110
70 149
175 218
9 67
80 148
58 115
118 179
71 80
29 47
135 195
154 210
95 124
16 142
26 119
31 162
21 206
130 162
145 154
96 187
68 168
115 150
37 141
14 96
26 63
70 194
107 149
24 64
18 40
23 108
130 204
87 159
93 148
93 207
66 175
112 213
100 127
156 179
3 42
78 218
21 194
9 52
130 201
22 186
96 178
37 46
43 111
60 170
88 103
3 25
23 119
86 92
67 96
197 204
59 197
107 194
64 104
0 200
155 208
36 200
27 155
99 205
205 219
56 119
33 67
158 215
35 78
29 82
21 83
165 206
72 118
40 137
144 167
18 129
84 182
55 76
35 186
93 118
181 194
183 186
135 179
106 203
10 48
93 211
102 135
28 175
165 184
28 173
120 179
146 164
8 27
65 192
9 169
1 56
49 81
36 207
72 130
66 168
61 164
61 172
84 118
171 183
80 109
38 109
81 163
76 138
27 214
184 196
58 97
25 67
22 198
161 206
99 195
145 155
89 218
8 162
66 154
109 211
13 173
0 198
182 188
84 146
34 83
13 27
3 93
102 117
87 146
132 168
108 127
76 215
40 145
111 158
75 203
46 209
35 124
36 87
131 216
55 89
61 113
69 140
24 150
35 38
27 125
95 176
172 206
70 174
109 147
108 145
4 98
28 177
2 210
102 213
14 194
13 147
100 208
124 146
124 196
19 213
3 18
34 132
67 136
104 211
53 192
7 155
61 77
127 214
66 96
18 116
119 155
42 62
127 133
59 84
38 153
138 187
80 134
134 189
2 192
52 141
66 155
8 216
73 84
44 205
21 176
51 67
109 208
85 170
82 96
124 176
122 125
52 79
171 213
84 185
55 160
189 203
155 174
4 102
85 95
18 163
35 92
133 138
123 130
33 174
152 157
31 49
9 92
60 155
0 112
23 211
60 103
153 189
27 218
50 124
66 217
112 209
138 168
89 125
21 93
201 207
7 33
136 159
19 40
144 163
74 177
6 74
71 86
116 192
110 216
63 170
164 174
109 122
40 134
26 122
102 205
102 159
15 42
179 192
49 192
53 156
8 204
27 158
34 69
108 217
81 203
9 175
61 177
96 158
37 166
90 132
39 78
119 166
67 150
135 219
120 172
71 94
94 215
32 191
50 63
2 89
51 105
64 184
19 187
174 213
116 139
108 202
62 214
78 150
12 52
51 143
74 186
143 146
77 132
45 82
66 109
173 183
1 152
71 92
94 178
149 190
155 207
157 170
137 200
23 62
176 215
162 211
48 71
69 79
13 207
106 152
5 127
66 89
43 141
99 188
11 181
38 42
83 170
57 97
32 217
27 205
57 139
25 57
26 110
123 208
0 155
58 208
173 174
49 104
17 108
4 113
60 132
25 112
56 207
187 202
165 219
162 188
13 76
44 195
153 156
190 196
177 203
32 63
57 176
49 59
35 84
137 176
168 196
121 202
63 181
67 188
14 133
39 143
34 122
105 137
116 213
29 193
142 171
103 135
127 155
141 187
86 114
141 212
110 133
36 126
23 104
143 173
14 59
70 163
3 215
120 162
68 101
73 97
12 185
48 167
156 205
110 186
18 178
190 214
27 117
140 175
64 174
16 163
51 98
82 146
12 13
129 137
105 126
32 74
11 83
153 187
45 103
5 201
16 151
91 149
7 61
75 185
21 149
38 144
72 218
10 186
33 142
23 114
73 212
22 56
86 119
133 154
123 126
131 199
153 210
83 188
31 87
57 128
41 86
24 49
125 140
53 155
53 190
20 80
86 176
19 196
67 174
11 108
17 157
13 86
71 155
25 154
27 89
72 106
119 195
19 65
7 37
7 13
158 168
37 203
51 168
144 147
49 136
126 186
66 107
74 209
40 140
71 207
44 158
106 171
26 51
76 135
76 108
108 152
58 201
91 152
86 214
8 198
102 110
91 166
68 88
186 210
212 216
8 53
146 173
26 199
50 112
56 102
56 89
39 107
127 167
37 50
106 128
12 43
56 103
181 218
45 101
48 83
135 182
13 87
97 155
71 164
0 167
92 190
100 161
106 191
62 73
64 165
0 142
83 137
157 158
167 186
72 132
39 134
65 155
101 116
70 98
16 149
166 173
58 182
209 217
4 89
126 134
27 172
39 55
150 166
38 114
52 193
13 93
28 212
45 219
135 184
10 66
67 123
2 116
80 85
106 133
14 27
82 123
150 197
27 196
108 176
92 187
92 154
52 103
121 132
4 62
113 157
173 210
68 172
125 165
100 203
141 203
70 182
8 19
121 194
66 162
29 79
60 205
82 210
65 183
22 111
76 156
106 127
114 155
146 181
71 153
117 185
27 77
30 217
125 207
76 169
42 188
15 202
1 108
87 209
28 164
27 33
76 212
64 97
22 103
12 165
44 151
133 145
106 212
38 98
62 195
66 210
36 216
70 218
76 94
71 204
59 184
124 163
18 183
78 155
109 212
18 47
104 111
20 90
91 114
107 146
59 206
114 202
30 59
25 174
12 148
104 160
82 83
18 194
155 180
139 165
79 189
76 133
38 88
28 107
67 134
77 143
69 173
7 87
90 185
44 156
7 112
77 83
88 161
16 98
89 164
38 96
200 218
47 116
12 175
83 131
124 154
88 200
63 196
73 88
15 160
26 208
8 206
31 97
89 213
70 101
122 179
35 101
62 162
67 72
18 174
18 26
69 78
48 166
121 170
11 37
121 171
72 170
30 160
128 144
12 130
17 168
12 189
142 183
95 102
20 71
15 140
38 74
74 107
83 143
77 211
75 181
22 127
48 81
151 208
107 195
92 123
91 96
26 185
123 213
34 123
4 211
124 133
18 196
55 67
111 157
19 159
3 68
22 113
6 136
12 122
24 168
200 206
62 159
17 57
4 48
155 209
68 128
70 107
34 150
10 187
66 76
67 167
70 213
21 70
169 180
7 188
161 201
19 217
132 144
212 218
88 171
62 77
34 169
85 168
32 207
43 210
57 186
215 219
10 139
151 182
56 132
150 157
54 140
29 86
97 141
200 219
90 209
13 160
95 150
69 209
209 216
17 93
25 82
118 164
0 60
95 123
7 95
32 84
15 192
163 195
61 200
46 167
126 155
0 153
49 175
25 123
84 217
138 152
16 126
62 136
99 146
29 205
36 218
71 119
13 205
109 190
53 70
12 141
119 147
19 142
44 141
57 171
40 54
2 25
28 169
123 133
31 88
60 176
7 119
19 67
63 78
186 207
39 159
15 128
34 99
130 145
151 161
10 52
60 84
32 80
0 164
71 205
84 149
163 165
20 146
25 216
58 121
4 140
30 102
1 157
88 163
177 212
21 187
15 72
66 183
11 61
196 208
111 119
53 104
101 197
87 97
63 189
60 213
96 171
25 149
35 141
112 172
65 154
11 96
21 108
94 190
91 188
89 207
59 153
31 127
183 215
190 210
82 109
36 148
146 155
33 77
43 80
86 150
68 191
98 204
120 209
46 128
0 177
34 85
2 148
50 203
34 202
128 134
205 213
33 94
46 171
21 82
79 146
5 11
2 166
149 180
41 179
22 146
101 203
69 129
147 214
30 162
6 94
126 187
16 36
8 194
171 203
10 144
124 156
170 172
7 96
16 46
118 134
104 187
57 201
38 90
65 115
71 203
38 68
2 88
113 141
79 104
18 198
97 202
76 195
135 218
96 170
0 120
118 154
178 191
176 181
132 186
4 190
166 198
31 215
78 163
131 138
22 77
139 183
19 24
119 137
55 57
158 206
140 153
3 118
18 167
124 184
22 189
115 170
172 185
73 189
161 212
157 205
120 198
84 175
22 79
97 102
41 193
43 57
168 177
20 181
98 185
26 136
110 148
133 212
6 72
94 142
123 196
84 88
80 162
150 204
65 123
42 71
127 184
43 95
17 167
197 198
200 211
29 197
13 213
66 71
7 166
11 104
56 72
95 99
40 154
14 215
4 97
13 170
43 84
162 191
3 163
170 190
86 148
6 143
33 179
109 175
116 202
26 124
123 172
137 187
129 193
160 166
5 107
33 114
27 176
82 87
72 107
112 160
9 81
57 92
28 160
52 207
198 207
101 144
24 45
144 198
127 151
121 157
1 167
45 56
25 49
18 57
142 210
90 131
27 161
10 27
64 109
21 42
13 18
89 187
108 150
149 167
1 22
33 204
46 95
59 65
174 218
79 83
19 116
36 108
19 72
63 128
11 179
62 208
14 66
8 195
98 188
0 199
31 191
187 188
44 67
34 143
17 132
155 173
49 200
113 147
11 136
164 207
115 165
115 185
11 114
36 81
131 167
67 125
28 118
100 179
180 193
65 198
24 205
13 53
100 211
18 91
63 195
38 125
90 206
72 93
83 208
117 147
153 175
31 201
57 213
11 78
30 180
53 217
56 166
4 17
33 115
5 187
122 189
93 199
48 63
13 135
139 175
135 153
54 63
198 217
25 50
43 88
105 185
47 124
29 51
4 101
14 218
83 116
175 214
44 51
37 192
32 169
24 143
26 129
63 123
81 179
89 206
29 175
24 30
48 204
14 181
56 216
123 128
95 144
73 115
3 128
90 173
129 133
95 181
125 197
74 210
45 203
13 177
35 126
142 208
31 126
45 187
57 62
127 162
3 153
4 202
6 23
70 175
34 172
21 173
96 184
109 179
61 68
138 156
132 208
106 130
109 204
26 153
119 207
8 176
45 109
129 159
1 78
176 212
37 167
119 216
47 184
53 90
1 42
115 205
0 40
163 182
175 180
1 7
88 145
43 66
45 179
68 195
139 202
153 172
43 85
107 179
96 150
119 200
84 123
8 50
174 185
65 195
67 190
22 120
51 56
149 178
47 109
15 156
54 168
50 184
9 51
28 103
94 139
65 125
31 32
33 99
40 152
12 160
80 202
89 165
19 59
105 150
18 156
24 32
3 17
110 176
121 205
82 153
77 97
159 201
48 87
15 215
60 179
119 186
67 181
112 123
21 141
17 42
27 29
7 94
51 218
26 161
105 154
66 177
62 171
44 111
29 127
107 192
144 189
2 53
24 158
96 149
34 141
7 43
1 124
80 175
42 50
125 186
6 44
141 162
108 137
118 216
177 179
72 140
18 117
33 101
24 35
29 113
54 175
153 208
27 164
106 200
38 118
118 144
22 96
62 107
103 127
149 204
66 87
25 138
52 185
58 102
50 159
184 185
41 101
129 177
30 61
102 125
54 102
93 135
17 175
17 105
89 191
33 166
116 208
126 184
44 99
59 170
80 155
47 203
12 191
43 114
74 114
109 167
164 206
60 109
79 193
43 112
85 197
3 161
6 132
9 105
163 197
21 156
56 87
51 172
197 218
90 124
26 126
44 139
110 129
41 130
29 208
31 182
33 69
77 159
93 170
44 120
6 20
89 168
130 150
34 75
20 60
8 63
31 42
70 206
79 85
26 130
15 84
39 70
3 40
126 130
72 76
81 86
101 146
25 34
75 130
6 92
56 126
121 133
146 219
137 174
30 166
204 219
102 200
67 154
121 125
26 97
195 212
88 160
72 142
8 122
15 68
33 162
59 78
43 168
18 202
95 166
116 157
127 186
176 192
61 198
7 64
154 170
60 68
27 141
142 206
60 180
132 203
92 211
78 104
40 42
21 54
100 177
79 119
72 98
5 165
102 145
78 215
20 179
92 127
112 153
89 197
38 194
5 172
162 177
66 74
13 183
30 161
147 183
153 211
59 162
67 162
173 179
80 145
119 197
104 143
123 131
15 27
114 124
84 218
59 157
43 101
26 66
62 144
124 137
95 96
188 210
157 163
95 159
92 97
75 218
27 190
156 214
147 194
125 175
153 203
106 146
107 126
81 162
24 42
2 204
17 60
0 32
113 174
189 219
115 203
158 219
67 192
197 217
53 113
51 217
202 203
15 198
62 101
47 126
20 100
54 67
10 65
119 173
8 9
12 18
67 121
114 145
62 163
201 214
38 165
104 218
5 121
68 131
147 216
116 169
176 188
108 153
35 153
5 38
23 113
47 176
74 173
8 156
44 63
76 86
20 174
47 137
2 196
9 200
12 150
103 119
123 207
23 139
32 145
25 30
67 145
66 158
3 117
10 114
85 219
154 197
57 85
63 209
67 184
101 117
189 207
89 161
22 102
4 21
3 91
51 60
33 181
82 218
4 188
116 193
9 112
89 210
88 188
117 154
107 150
102 132
60 80
79 218
84 192
17 64
17 26
143 218
68 169
93 154
41 169
80 158
3 54
113 184
78 141
123 174
108 143
100 164
40 188
164 211
3 90
65 157
66 110
164 219
14 206
164 212
131 139
7 16
51 204
7 54
60 127
100 111
62 145
108 190
19 20
41 156
1 13
156 204
21 210
182 205
27 43
100 165
23 177
18 168
85 107
30 71
150 152
129 194
200 212
143 163
104 125
167 179
127 180
49 151
174 201
122 192
93 124
31 141
11 52
5 169
123 212
52 80
59 95
151 163
129 130
70 87
30 138
188 218
119 212
35 68
96 175
107 152
59 109
70 169
58 120
211 218
1 106
10 19
83 136
56 199
71 148
136 161
51 177
52 164
33 212
65 167
49 129
15 99
95 149
76 190
0 85
7 41
111 201
106 182
26 109
63 191
46 217
117 181
15 66
26 50
41 145
104 147
8 213
2 41
9 148
14 141
32 159
75 100
14 18
77 167
15 176
11 35
210 211
27 114
80 94
155 205
86 219
45 125
82 98
40 103
21 159
43 140
18 103
32 70
20 217
75 134
15 184
1 202
63 179
52 151
155 200
12 67
0 10
0 9
87 205
174 194
118 123
57 192
54 160
48 148
166 211
136 204
50 202
173 216
80 166
144 151
9 26
110 111
132 171
104 206
150 176
69 190
13 105
74 206
1 192
76 103
52 191
8 203
30 60
131 177
63 71
25 180
26 103
56 213
29 141
7 186
190 194
31 65
35 157
160 170
78 147
1 145
181 219
76 205
43 156
33 168
118 147
32 76
56 111
6 47
14 166
30 82
58 211
106 107
28 156
109 188
133 170
171 208
16 143
101 206
204 216
88 198
4 50
66 211
166 181
16 72
7 107
24 73
138 158
97 108
77 188
20 214
4 146
41 191
100 121
32 205
142 181
177 181
67 161
14 124
195 218
8 48
35 69
166 209
103 175
63 143
39 121
74 103
11 113
105 151
32 40
115 202
130 139
182 207
139 198
89 102
24 105
22 162
28 129
19 42
65 126
91 136
122 213
33 177
58 132
52 175
20 142
135 142
88 192
153 181
75 140
47 63
84 213
87 191
8 125
99 216
59 159
131 150
99 181
27 60
54 106
158 196
9 152
95 127
13 140
28 94
10 33
1 186
56 165
28 196
20 175
34 160
149 166
23 203
22 49
67 195
0 127
89 104
126 169
42 207
149 206
148 162
14 177
71 97
45 139
65 127
8 92
94 167
59 202
109 184
50 72
43 152
130 131
18 64
40 115
61 104
115 137
54 174
118 181
74 184
78 190
25 190
20 39
122 190
103 139
67 189
177 211
49 185
37 210
20 113
98 138
58 181
89 142
71 193
176 185
4 59
12 105
65 207
9 196
85 141
10 22
198 202
112 132
31 100
131 214
203 215
36 90
207 216
0 93
54 217
85 148
95 98
141 211
47 53
90 158
59 106
79 94
27 148
48 84
182 202
159 210
70 106
92 133
125 188
9 212
33 126
85 98
8 179
183 190
162 203
84 160
85 93
19 109
25 42
0 18
14 213
8 158
166 204
33 135
23 64
8 129
25 115
30 141
35 170
0 134
151 205
12 102
18 23
33 84
132 163
98 214
32 98
122 201
28 126
135 207
59 147
7 65
135 169
44 181
7 178
94 123
18 173
102 154
104 158
7 91
193 212
32 198
166 192
115 181
64 125
79 141
190 204
98 208
117 193
58 168
2 14
62 175
92 173
195 206
129 169
128 161
26 216
33 205
9 94
9 201
90 157
174 181
101 103
46 71
40 146
21 98
34 201
30 146
193 217
43 177
10 32
38 86
181 182
147 205
109 160
73 167
41 98
26 120
33 37
31 135
72 181
10 124
36 193
99 135
36 46
58 70
87 185
105 130
8 13
137 180
184 197
162 170
72 126
42 166
3 181
11 28
33 102
129 146
149 171
72 156
147 212
97 118
157 193
110 123
63 166
121 206
33 112
128 202
63 101
118 151
6 203
82 213
17 136
70 160
32 187
33 119
126 194
14 187
8 123
94 105
6 116
178 209
60 198
73 92
136 170
65 134
0 156
12 62
31 114
96 181
61 115
21 166
98 196
79 132
8 64
111 186
120 212
23 126
1 121
40 192
79 184
36 61
6 213
175 178
163 215
17 83
104 136
30 155
60 201
54 65
20 54
145 187
49 89
69 169
41 102
86 154
159 165
82 135
43 157
19 122
81 153
19 66
167 219
17 37
77 107
33 104
42 66
31 166
79 191
111 151
61 138
10 128
164 184
39 218
14 72
51 206
35 203
137 203
159 184
29 57
6 36
126 131
107 108
36 114
98 162
18 70
16 22
70 115
50 98
88 135
116 145
79 109
31 62
175 183
129 215
133 162
14 53
82 161
73 110
142 177
95 197
113 198
26 89
94 181
34 152
58 186
121 145
83 181
22 150
130 186
5 100
66 84
24 57
83 172
63 66
128 138
51 99
3 142
193 195
45 177
121 161
105 175
159 185
31 75
112 190
0 11
71 208
24 31
15 113
23 175
44 98
39 151
62 109
97 196
37 63
37 66
83 160
20 97
4 116
56 71
118 185
61 107
126 179
194 203
74 99
21 218
79 194
101 188
22 135
125 162
74 111
108 117
81 192
19 117
77 172
8 105
14 17
16 105
103 106
194 216
29 217
0 57
50 197
110 177
83 132
50 165
98 202
29 170
101 132
38 214
6 183
89 123
155 157
48 95
100 210
69 155
154 199
129 149
1 50
16 18
88 217
36 55
31 77
10 147
140 188
9 21
145 213
40 101
121 155
3 104
17 204
104 146
69 121
25 205
194 201
98 137
47 140
100 152
50 160
138 181
125 181
8 131
103 180
95 171
136 199
60 147
143 190
8 75
37 109
108 179
87 104
57 218
25 111
194 213
77 202
111 180
44 165
74 151
19 91
106 124
53 115
61 195
43 170
192 212
142 159
74 167
33 183
73 214
5 179
169 216
3 216
46 146
33 124
17 94
16 166
99 170
66 190
3 180
7 172
39 129
48 178
59 185
25 105
5 215
132 190
84 137
4 123
1 128
19 192
63 171
184 188
15 48
146 149
38 203
92 94
61 183
144 212
47 93
185 186
148 215
155 218
69 71
10 175
36 185
0 166
149 195
81 116
74 178
88 162
190 192
54 157
31 73
5 66
5 71
3 11
35 96
76 179
144 181
8 59
98 117
16 112
172 181
20 105
189 202
43 197
37 67
2 91
41 56
112 125
80 89
34 120
71 219
13 143
107 140
163 200
88 193
165 205
83 119
84 172
32 100
139 182
17 71
108 162
64 88
120 207
2 129
112 206
69 70
51 52
71 129
82 214
31 91
1 139
51 131
14 179
57 137
18 73
12 181
25 26
154 161
128 146
147 186
124 181
124 218
110 204
99 115
107 129
32 202
27 128
24 125
33 165
149 184
165 208
48 59
144 170
107 134
136 177
157 210
40 94
60 125
3 212
14 91
97 135
177 189
175 211
178 193
169 197
43 159
48 146
69 143
98 99
5 62
3 107
72 95
28 143
31 86
23 204
101 107
157 190
66 68
31 134
52 112
70 85
51 124
157 164
125 195
45 126
93 147
69 132
70 99
121 190
46 165
44 96
92 99
107 168
45 122
31 60
50 219
55 80
120 170
96 151
17 46
105 121
60 128
72 173
0 141
165 193
119 219
29 178
102 166
52 92
81 177
124 149
94 124
7 97
44 215
186 203
116 170
49 165
22 124
101 136
60 81
96 198
5 209
214 217
162 181
22 147
158 161
57 79
4 121
20 160
141 150
176 190
72 189
2 15
12 201
123 164
67 198
66 176
103 203
47 135
81 91
12 42
35 205
104 215
13 150
12 134
112 207
171 206
111 113
173 193
64 190
153 200
17 188
95 131
109 120
80 139
99 208
123 155
30 105
91 100
120 174
6 186
129 201
56 170
164 194
30 165
56 188
79 199
129 188
68 132
6 64
43 60
13 102
62 173
144 152
50 151
114 125
22 178
17 34
104 190
101 168
53 187
107 215
194 198
110 193
158 162
35 185
40 147
27 151
20 24
49 84
33 202
90 143
105 200
116 133
100 133
26 140
10 110
0 152
46 83
82 198
127 168
155 188
54 183
53 71
138 206
51 199
67 95
47 70
165 167
0 214
106 139
57 119
128 193
94 99
29 76
50 155
70 161
1 197
66 73
137 208
107 111
120 143
69 161
45 67
6 107
180 212
109 112
9 136
72 180
97 105
31 39
91 191
41 206
29 60
141 143
147 188
30 210
149 177
60 85
47 101
44 132
64 114
31 108
102 196
82 128
26 91
144 171
111 126
146 177
99 189
4 6
25 107
72 149
21 147
118 158
91 108
103 173
74 161
201 211
145 189
75 83
168 217
12 21
42 82
40 85
115 201
11 129
3 209
171 207
81 105
10 183
23 80
29 148
49 105
36 96
10 82
11 94
6 85
72 78
183 209
17 43
38 152
202 213
93 162
77 169
133 165
7 46
7 92
72 117
39 133
144 186
20 197
30 130
138 203
29 80
126 162
100 148
70 202
3 85
19 83
80 194
147 148
52 116
5 40
76 173
97 151
85 94
90 117
92 208
18 123
14 205
194 215
12 51
93 201
161 207
28 105
17 128
116 160
42 121
136 196
102 106
52 114
110 174
32 88
106 209
26 215
70 187
22 168
156 166
37 93
75 198
124 152
24 97
50 144
37 209
58 117
151 164
87 141
71 135
174 202
86 178
129 200
123 154
83 177
39 108
52 168
127 149
115 190
178 216
107 174
122 178
13 115
70 209
94 185
179 216
71 174
102 160
92 199
92 122
160 168
110 154
39 166
88 202
78 154
45 93
32 78
125 208
134 194
92 193
30 153
88 139
69 205
19 118
175 204
205 215
73 219
32 36
143 215
50 115
25 210
25 187
13 159
24 162
127 202
67 90
198 215
155 172
119 190
22 212
85 88
84 90
91 200
179 205
23 216
5 202
162 166
9 115
27 123
24 33
128 155
73 80
74 98
11 62
135 141
35 154
102 207
65 73
3 19
14 78
31 199
28 86
80 112
31 159
68 209
149 192
75 176
63 183
80 205
160 211
74 113
24 194
94 102
43 78
88 204
40 52
41 201
19 110
41 125
111 195
40 191
68 85
176 201
189 214
70 178
164 191
58 137
133 175
2 20
70 139
116 132
15 151
14 210
17 182
9 36
134 181
5 126
52 155
129 143
80 216
36 75
0 174
85 100
4 137
146 162
52 56
65 200
12 54
96 165
85 184
132 173
23 116
110 164
56 139
8 82
57 80
159 197
70 148
147 161
74 208
8 199
50 198
163 217
20 47
76 202
72 109
54 76
205 214
97 156
50 62
87 212
23 185
114 208
50 99
23 169
28 203
65 110
126 165
137 191
6 190
137 164
143 208
21 32
21 144
106 165
104 179
65 216
71 85
160 162
8 210
22 101
13 64
159 167
81 175
41 95
99 203
13 122
70 92
149 193
31 216
82 134
95 205
26 93
39 103
131 194
68 100
120 129
73 218
113 177
97 115
71 78
101 121
79 136
83 216
121 178
32 203
74 116
192 215
36 49
59 100
19 71
78 105
22 199
83 185
75 107
76 209
83 85
57 183
46 192
28 116
34 158
5 104
174 204
54 82
54 101
55 120
205 211
32 210
154 188
24 208
168 174
70 184
36 179
156 208
61 87
23 83
38 115
127 190
47 142
108 133
44 219
16 198
105 189
94 127
80 180
207 212
12 92
47 105
118 197
45 194
83 139
147 158
209 218
163 207
126 174
22 133
11 33
52 149
45 141
145 191
53 140
1 54
85 127
47 162
26 73
142 145
133 219
34 88
105 118
48 207
120 217
81 160
44 80
69 179
166 213
17 137
107 176
77 183
126 167
3 120
79 125
78 140
83 182
42 57
25 103
154 158
56 212
22 192
58 72
15 36
30 167
2 214
11 182
100 171
73 114
30 110
72 214
163 168
26 172
5 176
82 215
130 141
16 42
64 172
39 215
191 198
206 212
25 54
90 107
184 200
47 139
121 186
10 215
131 192
42 73
4 23
28 111
117 207
25 197
28 128
1 120
57 196
162 168
128 197
11 142
111 138
112 211
83 194
5 77
65 120
99 145
118 131
131 140
23 37
83 199
28 158
173 215
24 212
96 174
49 122
183 208
128 153
64 75
31 145
10 156
172 203
13 155
5 22
57 104
99 148
121 181
44 93
16 170
188 198
22 91
50 185
86 122
201 206
76 132
139 148
42 87
2 142
149 163
40 214
44 106
71 87
55 156
192 201
103 178
49 207
23 135
46 162
99 194
60 148
165 188
170 188
12 23
139 168
122 188
62 179
66 92
68 91
96 206
43 64
76 200
104 196
117 134
64 189
23 106
106 173
59 123
12 217
72 205
35 73
67 106
51 126
22 183
98 207
192 196
155 215
101 137
142 218
54 192
27 180
0 182
121 217
60 199
29 160
33 200
7 26
136 193
83 109
75 169
37 40
32 152
122 193
61 133
85 123
37 119
11 164
58 64
126 190
79 88
67 209
102 215
88 206
107 182
177 200
118 169
92 181
3 27
124 136
55 65
84 186
79 180
187 196
15 162
61 83
13 73
58 91
89 127
163 192
17 78
20 112
21 51
130 214
143 169
163 166
13 100
46 76
105 158
17 38
169 177
42 132
178 204
201 216
56 67
120 132
6 165
74 214
22 89
81 106
86 141
156 169
123 152
32 110
3 16
134 153
27 207
61 118
16 141
42 216
108 121
41 181
73 74
20 215
122 132
93 122
51 85
20 22
83 205
165 198
44 121
136 158
52 197
22 148
78 142
28 176
168 193
39 74
74 127
56 153
17 119
155 178
27 58
116 149
6 219
23 198
80 137
89 98
2 205
19 210
135 174
140 164
33 209
29 107
84 109
116 119
147 208
67 117
71 140
23 91
107 170
97 131
7 205
89 115
209 219
110 209
77 85
21 92
5 30
135 145
86 162
28 70
54 117
97 168
184 194
49 139
66 141
49 144
80 153
26 196
1 166
86 188
175 198
30 140
95 146
1 9
46 183
194 207
22 197
34 92
53 60
2 177
39 62
50 157
30 156
37 59
32 211
72 97
1 115
113 183
189 194
96 130
3 97
77 177
73 135
13 59
84 116
14 46
52 87
55 170
103 146
86 215
95 105
74 101
117 151
145 193
13 145
24 47
17 211
43 44
23 44
46 63
59 187
100 158
3 7
34 171
21 106
20 152
91 141
53 105
32 69
71 215
14 211
57 120
5 189
175 216
148 155
111 150
191 205
92 160
48 213
19 151
10 150
107 200
17 141
86 94
110 219
112 151
150 211
41 210
121 166
122 161
67 113
31 41
37 118
152 197
68 153
82 104
79 162
38 180
105 186
77 179
197 211
28 40
19 140
16 97
170 174
26 171
28 30
13 125
58 131
53 185
29 122
61 142
5 174
146 203
6 38
134 184
33 137
115 213
50 128
1 151
53 79
132 169
18 128
53 139
139 203
95 194
12 61
161 182
84 106
32 105
160 210
6 35
9 85
147 180
3 75
12 167
142 150
3 205
7 149
25 141
103 149
12 205
18 206
140 197
122 124
75 108
163 188
77 160
54 72
113 195
63 173
144 180
161 177
33 185
46 194
160 192
25 81
4 47
18 55
62 207
74 125
3 55
23 136
1 81
116 122
48 201
11 22
119 159
16 44
59 201
126 206
0 190
88 178
15 181
131 157
151 168
77 137
209 215
1 199
66 78
12 142
51 150
22 167
13 124
34 174
82 180
117 172
58 143
14 114
4 12
183 194
35 140
151 194
23 129
55 105
134 204
85 203
80 117
150 202
0 196
87 103
143 175
26 192
59 79
1 10
49 155
152 214
58 200
99 104
113 143
70 156
98 160
26 141
112 155
109 202
13 113
24 69
22 166
55 218
121 123
85 155
13 133
59 186
91 121
25 91
55 137
49 191
88 207
208 214
25 125
47 81
36 174
6 65
0 218
42 156
69 156
78 198
108 212
25 32
65 202
130 168
55 202
112 191
37 188
117 125
57 124
57 185
62 178
56 128
143 199
71 90
24 209
8 159
119 142
115 140
6 158
100 120
20 63
50 214
120 193
132 181
15 59
44 90
109 130
57 197
8 209
34 48
152 199
85 173
163 213
110 218
200 216
35 87
154 182
67 94
69 214
95 201
57 172
86 155
23 68
15 155
21 56
106 153
98 171
94 125
111 116
15 101
26 72
69 139
92 125
6 45
177 207
38 177
9 135
5 149
13 51
3 201
7 113
105 133
38 71
135 152
156 194
71 77
64 149
13 89
124 130
2 167
26 94
160 191
59 161
106 154
118 141
69 148
131 219
106 197
113 196
70 143
83 97
121 180
81 167
105 141
65 161
18 158
90 207
83 169
14 23
159 189
116 140
66 198
57 76
73 172
30 170
103 196
84 134
64 120
107 109
103 216
53 171
149 168
73 200
18 66
109 187
60 93
130 160
9 101
31 92
96 182
17 39
106 149
26 158
10 162
139 190
60 104
81 149
130 144
4 106
120 188
96 147
93 173
92 135
84 162
5 46
28 49
7 177
145 169
192 198
182 219
159 168
47 84
129 148
62 217
208 217
97 154
55 175
143 188
150 182
77 208
159 218
178 214
3 124
173 218
10 142
73 113
102 114
90 121
39 164
136 181
123 127
113 190
94 208
155 195
189 205
80 113
49 178
110 144
50 101
42 56
66 97
35 70
69 211
85 186
96 213
111 147
103 201
120 197
91 102
9 24
32 125
35 147
97 145
67 175
101 167
1 24
25 162
77 184
138 219
29 45
39 116
153 178
211 216
87 107
99 169
153 192
58 112
102 128
7 53
79 173
1 140
35 125
30 178
121 188
8 62
17 62
82 184
23 207
110 120
104 120
15 138
22 72
75 162
29 162
45 98
45 116
65 151
81 157
136 148
86 89
10 46
86 181
28 85
64 73
2 52
17 29
193 202
138 180
11 74
101 194
165 216
63 193
16 167
54 71
23 142
167 168
136 209
53 189
7 175
44 81
149 216
55 192
21 104
114 143
89 171
19 155
63 194
133 182
19 211
77 148
67 206
78 83
18 89
169 183
10 23
20 143
74 134
16 120
91 170
72 194
64 80
207 219
5 182
35 189
16 53
97 132
157 175
7 181
32 208
16 213
14 212
57 112
39 197
187 212
65 93
2 119
34 73
86 118
16 154
86 184
91 97
42 128
14 199
124 190
23 70
70 189
56 203
196 217
85 162
74 118
104 185
158 160
107 160
23 187
125 170
143 144
47 89
87 123
6 115
60 138
63 145
1 73
72 206
198 218
34 181
49 162
58 151
48 169
47 200
15 19
64 196
60 186
77 122
182 215
83 105
156 219
151 155
69 98
191 192
4 139
100 162
56 167
29 213
94 216
56 190
43 94
32 41
59 121
98 142
9 184
76 105
82 86
29 174
123 151
157 214
124 157
161 178
121 198
82 171
31 101
83 179
103 115
43 188
0 212
23 99
43 151
54 78
18 97
116 135
13 123
158 218
64 102
109 214
138 157
23 57
104 199
67 191
108 195
113 175
126 178
168 205
29 104
115 206
19 176
50 110
51 180
150 179
39 145
24 216
45 129
1 168
32 132
21 79
23 74
87 175
3 174
40 74
12 170
40 180
2 112
56 135
200 207
198 213
150 203
52 158
72 198
136 178
35 65
48 88
9 76
28 188
107 177
83 197
1 34
52 77
96 179
158 208
40 57
152 179
18 211
71 159
99 198
8 201
50 88
22 65
60 99
130 166
62 219
76 192
20 31
126 172
113 219
76 144
110 199
55 96
136 166
1 3
55 191
95 214
15 180
144 160
123 193
51 148
33 38
128 170
10 18
94 110
122 204
26 95
71 79
32 104
43 76
9 186
79 130
0 114
120 139
46 150
152 165
68 164
131 198
15 186
116 197
15 125
3 14
98 129
50 119
129 154
55 194
3 22
88 120
19 214
11 100
8 189
73 107
19 208
121 192
179 199
58 144
17 176
55 171
150 195
189 196
126 135
10 146
157 160
108 187
35 176
138 146
54 80
76 80
119 160
181 203
22 27
74 133
150 160
1 213
71 165
137 217
13 200
23 29
16 153
144 176
6 218
193 216
143 160
134 212
11 216
173 196
34 194
35 135
31 36
73 215
51 57
153 197
109 151
86 163
192 197
179 214
172 190
74 128
109 161
76 131
41 139
89 100
159 198
23 30
0 107
117 206
134 174
146 189
4 119
117 182
97 159
77 103
116 171
64 194
93 138
117 157
11 158
1 60
147 219
135 137
87 207
146 188
168 178
67 135
32 219
105 181
65 119
178 211
95 170
90 150
59 68
118 175
114 148
116 131
165 187
26 178
9 91
142 176
34 137
77 197
42 98
12 195
140 192
190 218
27 59
1 101
113 204
15 157
35 198
57 163
144 145
148 190
9 89
127 196
19 51
106 123
16 78
161 170
99 101
25 104
148 176
78 84
10 57
185 214
64 86
40 219
132 158
2 137
143 217
118 208
53 62
94 172
106 131
154 166
65 218
27 204
150 165
11 137
48 191
69 108
110 207
130 213
22 32
36 112
23 164
80 171
171 190
74 96
60 64
40 114
54 195
188 193
109 134
19 215
96 163
22 88
99 197
86 198
36 106
49 148
83 184
85 210
10 168
0 20
15 118
12 166
51 210
52 88
104 115
72 77
40 55
18 217
51 70
61 199
163 189
115 200
96 193
58 202
9 90
40 71
179 195
27 194
80 104
28 74
10 53
10 38
168 188
69 175
126 161
126 207
107 216
63 75
94 204
106 120
49 70
26 197
115 219
170 176
16 70
126 129
26 77
130 140
136 163
67 185
181 185
62 187
20 204
111 208
56 160
9 208
161 189
41 81
74 179
11 79
126 168
29 46
86 120
46 141
168 213
2 146
145 179
76 199
47 185
47 194
9 114
63 188
88 119
66 199
2 17
101 174
52 66
13 176
7 51
166 217
101 122
11 173
27 95
46 148
94 177
22 125
163 193
131 185
66 202
9 72
78 126
62 74
34 102
103 120
90 114
106 189
15 205
38 176
37 165
113 120
142 180
1 206
152 166
33 59
9 108
104 161
51 53
3 196
84 177
75 103
118 196
4 81
110 163
117 184
17 124
78 90
82 157
28 115
58 76
140 143
23 133
95 195
69 97
185 219
55 157
20 165
87 155
9 164
187 217
169 171
58 113
44 152
2 202
65 91
41 45
79 216
11 24
13 199
31 179
47 211
105 152
68 188
16 69
116 215
48 217
22 104
64 205
65 171
78 85
138 216
66 144
139 204
57 61
42 99
101 145
82 100
44 193
78 164
60 150
120 191
98 136
143 182
96 195
70 183
31 209
12 218
30 169
75 208
53 178
71 156
64 134
103 143
31 70
34 156
65 147
113 144
81 151
129 156
182 200
42 199
119 189
119 126
91 182
87 177
83 164
136 211
64 99
117 214
1 8
34 57
16 24
76 97
18 80
45 60
7 187
129 166
63 107
127 160
18 210
61 90
38 164
46 189
136 219
106 157
115 178
102 127
49 124
156 189
98 116
5 120
66 164
40 79
6 90
36 175
140 191
128 166
52 166
196 212
191 202
147 166
68 84
36 150
95 152
41 205
65 128
63 204
144 148
1 149
61 140
113 182
169 215
71 73
61 156
25 129
160 201
59 139
5 34
167 187
187 193
107 218
27 40
182 206
53 167
25 211
121 143
114 173
37 174
116 172
76 117
86 167
81 156
58 80
5 97
61 112
80 98
45 155
86 153
130 171
44 172
66 179
58 130
5 150
161 209
11 12
8 68
61 147
125 133
97 215
165 169
127 212
39 196
23 124
73 129
78 207
12 183
54 113
100 218
23 51
10 189
60 136
181 213
31 38
134 138
33 178
78 92
75 164
167 202
170 187
34 54
123 217
138 186
115 123
23 151
147 192
108 116
81 84
88 157
96 210
193 200
47 178
128 194
28 75
93 169
102 198
73 136
52 198
77 127
19 43
193 219
92 182
91 139
66 86
73 78
49 134
1 82
38 201
6 117
198 209
132 176
16 129
101 165
197 202
73 103
36 189
26 61
38 113
46 70
30 84
149 217
139 181
28 122
57 64
61 171
25 41
115 194
142 202
28 157
148 216
101 149
168 172
133 142
84 173
122 181
116 179
31 188
84 216
85 217
93 94
49 95
14 85
178 182
151 198
35 134
177 180
159 177
127 207
33 129
14 75
81 96
5 17
40 138
127 205
134 188
66 148
97 99
184 211
64 119
51 184
7 117
68 215
58 170
97 103
56 149
5 129
144 183
108 208
43 149
154 212
109 180
62 167
70 190
108 218
82 176
134 207
186 208
95 138
47 128
21 122
53 54
64 133
42 60
4 152
174 198
86 113
49 146
114 164
9 61
145 205
43 125
69 141
178 195
1 209
167 177
114 158
102 217
61 94
10 123
129 145
36 171
180 204
140 170
26 137
69 136
77 114
88 104
28 170
169 175
26 80
59 198
55 62
47 159
66 143
7 171
117 156
25 152
24 166
93 126
82 181
25 207
62 86
56 78
78 210
64 74
96 169
39 86
1 180
9 144
120 159
174 219
115 186
1 39
18 83
32 103
33 218
3 66
214 218
7 173
80 118
96 204
65 112
2 73
28 193
172 173
133 194
131 176
13 41
20 36
180 195
3 213
97 207
106 117
113 186
53 56
157 178
77 82
31 64
87 216
115 117
74 115
82 173
88 138
53 152
209 213
96 126
9 28
10 43
128 187
77 96
45 144
30 41
87 199
201 217
27 173
154 174
168 187
185 197
146 197
115 131
114 138
79 127
114 197
39 67
7 20
142 175
105 187
81 103
114 179
143 204
38 207
175 199
87 151
11 54
85 164
69 157
140 154
80 178
16 191
85 96
43 161
176 210
135 157
31 34
188 212
23 127
170 179
131 184
43 179
152 217
80 172
81 171
104 169
75 76
42 67
106 219
31 151
111 176
80 209
65 219
39 152
36 192
22 215
62 81
168 207
63 91
7 215
135 215
9 95
98 199
15 79
11 159
23 148
127 148
106 218
36 88
95 203
30 182
77 181
68 174
158 210
65 143
82 119
33 189
64 130
112 161
50 87
41 142
18 120
0 79
97 172
68 212
4 27
25 127
69 178
36 58
26 46
117 212
33 130
167 212
45 49
4 69
151 202
116 152
18 205
33 82
63 86
115 197
132 212
97 204
68 143
60 187
12 55
82 178
157 176
53 196
43 189
123 135
76 130
39 126
40 107
172 209
9 137
6 154
98 191
50 102
60 214
178 186
20 189
191 216
85 204
58 207
87 125
43 143
157 165
49 100
60 167
20 41
138 176
115 145
50 190
172 218
139 163
124 166
18 106
99 218
70 137
9 83
185 216
44 83
8 103
103 199
50 66
32 212
22 145
51 207
10 177
173 178
54 79
27 62
84 94
90 146
2 16
111 148
136 145
147 213
102 170
118 167
93 192
103 148
79 208
10 34
215 217
17 154
34 204
15 136
3 125
73 203
70 179
60 117
41 71
209 210
61 204
16 32
167 209
82 212
78 195
90 140
70 200
52 113
1 52
89 129
75 194
14 92
64 127
19 154
39 43
57 189
96 202
10 125
52 217
24 133
7 152
121 164
23 67
14 44
9 70
34 55
158 216
69 119
45 138
105 124
92 109
59 97
77 119
47 166
9 99
105 146
6 120
86 129
153 167
83 190
38 76
84 130
15 196
92 177
68 86
46 142
145 156
88 128
164 176
45 202
39 115
166 171
73 142
13 174
114 133
12 69
75 180
195 216
44 175
80 168
72 217
69 124
161 174
23 137
24 161
0 54
112 142
114 159
48 73
90 196
43 72
53 114
77 209
26 75
41 149
141 195
56 217
125 211
60 79
52 132
125 143
1 133
35 171
144 172
70 196
152 155
90 213
39 194
39 51
16 139
42 206
32 197
168 186
64 121
66 194
93 178
128 133
150 189
14 22
130 157
59 73
20 168
48 93
92 147
32 71
18 33
0 165
14 86
23 102
72 83
98 217
35 39
83 157
145 163
155 163
28 209
29 171
58 138
85 119
22 115
34 185
91 129
96 201
17 210
26 71
10 50
39 63
76 213
104 142
113 172
178 200
133 150
7 52
91 179
37 75
20 126
36 181
109 145
77 215
51 129
198 199
80 122
42 89
38 43
40 212
79 174
48 193
12 72
107 110
5 175
27 160
141 197
157 181
151 184
114 139
44 144
3 61
1 35
33 182
50 195
45 70
119 169
64 68
37 42
44 180
32 199
116 211
24 144
0 158
79 217
18 216
10 108
163 204
3 60
54 62
171 217
68 107
100 185
109 178
96 194
47 73
41 219
163 167
48 125
139 200
118 166
33 66
48 121
4 64
9 79
82 163
156 157
190 208
62 188
0 183
70 170
127 135
99 168
180 185
41 59
58 160
51 122
25 143
32 48
210 214
178 206
121 215
0 139
1 135
6 18
149 214
64 183
173 184
110 178
99 149
20 93
27 136
76 182
83 100
53 147
169 170
61 167
80 214
24 54
150 163
58 210
32 200
10 163
55 69
120 144
175 177
20 176
182 183
91 218
56 107
121 162
39 203
22 83
4 153
71 206
0 90
47 96
38 146
102 189
107 161
73 196
91 164
39 200
143 194
113 124
66 156
9 133
51 173
71 101
21 66
5 14
17 149
55 206
37 107
53 138
44 87
71 95
74 180
10 198
28 72
55 113
22 170
182 208
80 201
128 206
171 216
39 130
55 216
133 197
138 201
13 97
46 98
123 142
84 209
26 203
74 122
135 156
36 155
150 155
11 128
0 208
51 58
25 146
1 11
40 104
52 59
8 76
154 194
2 80
35 50
24 103
51 121
130 154
83 191
71 178
6 84
11 120
57 168
8 29
3 183
161 200
117 203
32 150
118 137
77 168
12 172
25 131
40 43
50 164
68 118
33 62
152 162
187 198
1 158
6 140
82 105
15 137
87 101
113 167
127 147
186 213
170 212
69 130
22 211
66 79
181 207
39 81
39 93
1 88
156 175
54 148
31 195
65 114
6 19
142 174
3 130
21 161
157 198
131 196
31 197
37 148
51 82
72 125
76 110
16 193
13 39
49 197
125 168
102 194
68 217
33 70
40 148
32 181
8 71
16 130
71 88
128 148
19 203
0 109
6 210
174 187
1 41
55 217
91 195
150 198
39 87
91 168
47 187
7 194
22 86
62 199
34 170
24 113
19 29
62 170
62 153
158 198
58 152
201 209
84 101
44 148
19 54
41 188
22 60
66 180
83 144
41 194
45 216
115 155
193 196
49 51
80 203
40 199
18 147
142 196
62 189
54 56
26 90
78 178
16 30
52 200
100 118
11 45
203 207
158 179
61 76
80 101
44 191
39 208
25 215
112 150
127 161
87 109
114 137
12 60
107 117
47 64
153 207
2 62
66 103
105 163
47 196
53 83
4 5
166 177
102 193
10 83
92 128
32 127
114 157
69 177
64 129
57 63
50 177
162 167
51 103
117 137
179 215
131 204
24 192
18 204
61 217
80 215
145 161
95 167
65 205
147 189
11 196
55 103
131 132
108 197
6 155
83 204
79 116
161 197
92 149
34 62
164 171
68 127
25 134
39 91
94 182
26 213
94 183
94 153
156 176
60 163
42 78
42 63
12 131
73 99
53 76
25 114
72 187
14 189
77 214
14 153
72 210
67 130
59 130
125 167
28 58
86 179
0 118
50 133
167 183
9 30
44 103
58 169
191 214
23 155
20 38
196 203
75 105
54 179
99 174
105 116
8 34
40 150
26 55
14 125
39 192
0 169
97 117
120 194
139 212
59 133
163 174
14 152
53 111
120 187
165 207
155 193
47 102
79 99
12 19
63 186
0 42
124 194
73 79
86 212
37 187
87 136
29 203
104 168
24 160
20 28
121 195
58 165
137 150
7 159
117 171
110 138
17 138
183 196
79 82
21 36
51 84
24 154
41 62
7 57
152 185
114 183
101 196
34 211
48 128
3 32
66 159
62 190
36 196
46 201
51 202
84 155
30 215
79 219
138 182
23 153
27 200
64 150
4 134
130 151
26 164
94 148
132 195
158 193
35 165
148 201
87 196
17 22
75 80
116 210
49 131
136 171
23 76
101 172
36 190
32 37
113 115
46 62
88 216
40 165
108 161
46 157
96 157
81 166
118 136
19 105
50 192
80 136
76 157
60 172
184 205
70 181
72 80
69 135
139 208
143 181
72 103
178 212
69 216
7 121
76 141
204 214
64 201
51 87
94 132
141 207
0 102
92 207
77 91
45 168
9 205
133 217
57 175
2 32
24 65
77 142
8 116
140 217
19 28
35 54
53 143
55 208
200 202
7 192
65 181
67 156
69 160
77 180
16 26
179 190
75 193
139 167
119 129
7 106
187 213
28 56
19 81
87 110
80 143
24 215
16 89
85 156
12 140
49 181
15 185
24 51
10 192
132 175
28 140
12 188
206 209
24 195
23 179
153 160
36 210
180 190
23 188
153 169
22 219
106 206
32 95
33 150
66 206
56 68
9 49
110 166
47 92
124 213
30 143
16 80
38 136
65 197
52 170
91 198
10 16
134 142
8 79
117 122
43 208
70 199
176 211
109 200
50 199
73 126
62 158
97 133
30 158
2 104
187 191
45 53
91 147
183 193
35 91
161 164
17 66
98 215
11 116
194 202
75 143
40 197
40 70
3 20
60 142
111 140
69 195
31 79
91 208
97 111
37 127
139 206
76 79
70 111
137 156
55 168
120 173
127 182
109 132
46 147
62 108
147 157
47 195
188 211
208 213
124 187
90 95
19 175
110 130
127 138
62 137
62 151
143 195
94 193
67 73
120 206
127 170
133 201
96 108
47 170
90 93
65 175
12 90
2 168
46 122
95 134
106 188
25 78
13 57
38 211
43 96
8 81
167 200
22 45
125 131
186 218
102 164
3 58
45 107
2 4
30 57
58 209
136 153
40 195
78 180
109 166
154 180
99 167
29 187
49 176
45 55
62 197
123 197
24 116
88 182
49 77
44 102
40 66
16 134
85 200
67 168
41 96
113 192
38 75
5 64
83 92
93 172
35 80
5 192
155 197
11 21
36 80
151 191
64 213
43 134
61 209
34 41
14 209
133 164
70 207
130 148
33 158
6 150
84 197
26 138
11 18
40 196
72 188
93 171
32 112
3 26
93 119
6 62
149 161
167 215
180 211
95 100
112 196
182 193
47 113
90 135
124 201
53 183
67 199
32 59
76 163
47 155
155 170
48 175
10 193
73 159
100 106
119 214
142 187
46 69
18 54
15 108
90 211
145 210
103 211
31 61
64 141
57 66
62 91
81 100
14 35
67 166
105 211
51 77
135 136
128 168
163 175
11 84
170 214
117 132
160 190
0 35
69 102
160 163
102 173
203 216
101 205
20 216
72 145
26 177
85 157
112 163
91 162
77 212
197 215
72 91
44 214
16 146
94 137
120 185
95 128
89 170
140 161
145 206
51 59
103 172
161 179
9 157
19 112
78 107
89 138
38 97
79 124
179 204
124 164
125 164
45 167
8 148
25 45
64 215
1 164
206 208
84 132
174 215
37 105
23 197
0 146
23 150
165 170
92 169
52 182
2 67
88 133
30 159
87 160
9 174
38 58
15 178
53 127
140 185
135 159
82 139
35 191
18 72
73 216
158 178
116 168
28 125
25 84
27 44
106 134
52 117
80 102
184 186
55 136
77 199
13 78
50 113
199 213
100 200
83 87
32 72
39 73
7 124
150 199
44 125
85 165
186 200
70 146
15 216
137 211
43 139
49 101
28 42
66 124
105 182
70 186
11 126
25 29
67 149
22 159
2 190
124 127
74 182
60 215
138 150
63 154
62 83
44 145
48 49
47 205
105 180
92 131
5 83
17 74
99 150
22 76
92 198
82 193
66 118
34 39
102 120
145 217
89 201
1 155
90 92
5 212
11 102
67 87
18 63
168 180
109 140
57 147
1 156
131 190
103 183
27 52
48 96
110 143
174 177
46 82
75 163
115 171
130 132
61 196
120 218
59 152
14 146
76 126
29 216
74 153
17 23
88 106
120 141
133 161
92 140
16 184
24 151
13 38
33 159
87 115
152 161
55 101
20 203
4 107
13 94
130 219
140 172
42 64
143 150
204 205
97 107
189 213
89 196
0 185
153 164
40 68
12 200
190 216
23 96
44 137
77 182
21 77
123 140
45 78
181 199
160 212
72 104
0 5
42 61
185 192
36 89
40 159
74 207
137 158
24 85
191 200
50 147
123 175
2 211
55 203
86 174
4 197
116 212
148 177
122 156
122 187
77 126
64 170
60 67
25 97
89 151
66 72
185 199
96 172
189 215
86 149
108 113
40 158
39 140
11 82
29 151
104 116
27 171
46 115
69 117
26 69
89 113
42 184
37 199
57 177
48 113
55 189
21 185
59 219
21 89
145 185
84 145
65 89
41 215
70 141
94 155
158 190
30 100
147 190
10 73
81 123
31 125
161 214
11 166
54 219
53 121
143 153
189 217
143 214
104 197
25 62
17 69
66 80
128 143
77 106
32 128
152 180
72 119
23 206
113 165
146 187
42 131
168 211
42 135
58 63
49 145
88 183
83 192
139 142
21 35
151 179
29 155
183 189
182 184
142 147
101 201
10 122
3 110
139 219
119 139
57 93
89 203
101 177
90 214
75 148
45 186
2 184
40 61
149 183
91 204
73 145
52 157
149 175
60 106
60 74
98 175
10 201
59 190
136 212
52 127
159 217
33 156
13 33
122 126
170 181
148 160
24 169
4 86
43 131
77 149
17 171
0 27
68 95
67 93
98 115
114 123
139 207
156 202
141 185
190 197
11 141
87 106
188 206
85 129
4 45
31 69
122 216
126 144
40 207
196 201
33 169
92 105
102 172
17 166
201 210
101 186
36 201
57 212
123 181
55 86
101 184
17 28
61 148
7 161
15 148
76 118
27 76
29 49
134 210
4 19
95 209
109 169
29 97
32 186
8 42
27 63
20 59
103 130
62 133
37 54
59 146
131 170
26 191
120 202
169 209
17 152
15 179
44 123
125 203
2 68
0 143
0 140
10 37
154 209
21 100
100 190
67 114
88 187
140 208
149 173
178 185
105 166
105 173
151 183
55 161
9 64
125 172
103 129
28 166
93 160
32 193
151 157
137 152
94 109
53 201
38 81
27 80
33 116
128 140
5 43
88 190
116 164
18 74
101 134
20 72
42 108
1 217
10 213
11 130
67 129
18 212
40 161
161 169
34 116
80 177
69 146
8 144
100 144
79 175
62 121
50 129
15 81
44 60
2 46
40 83
31 156
104 175
80 219
69 180
16 150
130 185
145 212
63 216
10 171
42 209
157 213
170 173
17 215
102 121
44 186
78 174
71 83
69 215
14 214
17 178
76 136
67 187
172 210
2 199
8 112
10 140
23 176
39 48
187 194
20 171
146 167
92 104
65 104
30 111
146 186
45 145
30 54
171 211
91 161
56 177
24 77
8 83
42 122
26 52
82 138
24 76
47 76
40 105
94 131
133 174
113 156
128 154
8 41
34 159
83 112
103 142
137 159
38 193
90 216
66 115
63 69
120 151
104 188
105 177
89 183
12 182
83 195
34 86
152 196
43 209
23 217
31 71
33 42
6 197
170 195
153 213
58 125
90 201
125 182
148 212
70 133
87 198
28 76
63 146
52 212
18 94
16 17
72 94
177 192
75 84
32 124
3 191
179 183
65 68
121 130
52 72
23 28
67 116
124 148
197 216
32 62
74 144
136 186
37 125
67 91
37 186
79 137
76 116
160 176
134 140
114 188
52 176
5 36
66 106
22 180
63 176
120 215
156 170
51 86
38 131
15 54
138 147
36 163
124 167
176 206
64 118
77 207
84 189
191 211
63 219
181 200
190 207
90 133
93 155
47 117
94 184
55 58
29 81
51 79
36 180
72 162
66 69
75 121
174 196
37 123
55 82
105 143
117 165
83 217
10 103
32 165
25 85
169 181
23 125
78 208
17 200
185 211
61 98
41 216
104 200
155 162
52 209
2 74
7 160
36 43
55 186
54 87
179 200
47 130
162 208
102 178
27 127
79 211
108 151
106 202
5 85
7 130
61 152
79 188
70 124
13 66
91 158
72 195
24 210
34 179
4 160
27 37
144 203
36 117
102 141
117 146
121 147
178 203
21 214
33 63
10 173
107 128
51 104
23 120
2 181
93 217
150 209
119 196
14 101
141 201
11 111
54 57
22 132
79 153
39 156
209 214
13 60
116 162
14 36
125 180
66 117
114 182
60 113
103 108
51 165
63 93
91 120
108 155
71 102
14 38
119 201
24 86
42 213
83 84
54 146
87 117
180 210
42 79
130 156
9 10
86 158
10 39
128 169
4 117
142 214
131 156
117 143
44 107
152 181
7 23
14 174
137 148
41 144
10 84
58 100
87 158
132 136
14 131
54 55
10 98
107 123
42 126
142 194
85 124
106 112
15 161
77 144
96 141
178 184
59 174
76 181
0 150
37 144
54 123
10 25
117 202
96 142
14 110
14 142
129 206
106 198
31 53
157 168
119 170
44 212
71 125
44 64
10 26
163 219
5 57
58 104
70 159
75 215
1 62
68 148
8 51
100 186
156 178
7 49
56 151
5 101
18 145
80 188
30 120
49 180
10 81
4 20
109 138
134 217
73 175
48 179
123 178
16 19
25 40
59 113
41 84
71 116
138 165
4 165
71 104
69 185
33 107
105 125
45 157
53 144
167 196
12 76
217 219
202 204
26 170
51 120
7 208
94 165
14 184
51 61
30 137
44 184
75 191
50 161
3 197
52 54
135 186
111 135
106 176
31 80
89 154
38 143
161 190
127 150
30 118
59 180
51 72
103 170
58 71
143 170
124 173
64 169
105 210
40 184
8 100
92 129
162 183
112 171
37 79
173 212
78 130
12 109
7 15
171 205
111 207
6 206
47 210
29 30
46 205
184 195
57 217
159 208
158 175
65 76
135 201
30 101
65 101
58 158
191 215
88 95
37 87
20 198
84 136
60 120
61 78
43 187
1 12
12 65
86 185
95 119
2 113
100 176
105 140
91 209
28 120
157 194
96 200
65 88
68 193
134 208
187 203
31 90
38 51
49 64
101 123
74 199
11 73
22 108
70 130
12 99
3 115
35 212
82 108
39 104
54 69
41 64
96 101
67 207
15 73
36 102
114 117
2 101
80 84
91 126
47 121
67 99
32 73
79 112
47 215
2 200
75 109
43 207
61 139
18 31
165 204
31 207
88 181
46 155
122 147
176 195
4 8
71 217
124 142
83 168
19 153
35 117
74 130
96 134
183 204
46 215
77 120
5 94
89 147
36 213
107 167
28 102
98 151
93 181
71 197
11 25
23 123
63 207
9 165
46 85
60 122
60 145
30 79
147 217
143 177
199 219
5 68
24 199
49 93
40 118
41 119
167 206
94 129
1 95
66 113
162 202
35 55
144 204
58 162
2 212
80 217
24 107
46 49
84 105
115 184
74 75
150 162
56 120
16 84
105 111
123 198
124 128
148 179
10 45
103 190
100 153
89 133
106 183
59 77
10 214
110 117
42 205
111 166
69 82
162 200
95 192
49 182
17 212
31 219
96 205
99 133
80 86
192 207
74 129
39 177
63 104
116 219
14 65
48 205
14 21
158 202
2 69
158 191
68 155
128 163
161 199
100 199
25 80
89 178
76 218
20 56
20 50
4 186
130 161
99 132
88 130
121 211
126 163
105 117
97 181
38 138
29 124
6 131
101 214
98 186
115 179
78 184
61 91
193 215
21 148
13 111
25 130
16 196
86 110
30 103
63 217
53 78
66 152
56 211
15 175
23 213
41 213
75 78
18 148
14 30
63 108
4 201
76 170
122 199
71 210
37 207
35 95
48 164
59 89
88 168
58 98
120 157
159 161
2 36
148 178
91 183
173 217
68 214
129 176
68 120
83 118
26 146
22 85
145 214
11 172
157 179
52 148
36 107
152 201
15 158
8 24
60 185
53 120
42 47
182 211
24 117
42 119
58 191
71 108
45 118
51 197
6 164
171 179
77 147
173 186
56 96
72 82
42 217
37 41
57 82
86 96
57 94
140 216
114 120
85 143
106 201
76 162
146 213
109 128
156 159
64 200
172 192
93 98
1 111
90 120
105 107
66 214
96 127
70 192
76 145
78 189
104 126
166 190
140 209
53 65
160 169
12 41
4 56
35 127
19 135
1 65
99 138
104 165
44 53
2 163
133 187
13 79
71 118
53 129
124 139
96 135
75 183
58 148
110 212
66 70
41 89
108 132
92 203
71 169
14 118
102 197
136 198
64 139
194 209
177 185
95 137
31 63
10 49
40 100
64 182
29 35
47 183
138 161
17 147
0 52
78 121
128 129
38 174
103 145
90 108
77 216
28 97
93 164
78 186
28 31
42 110
57 90
29 32
34 205
87 126
69 172
93 140
7 22
121 151
148 180
78 116
13 148
121 210
139 197
18 157
57 103
57 178
58 153
151 197
21 134
29 69
180 215
79 197
29 202
100 198
56 157
29 210
49 184
179 206
22 112
71 82
149 150
136 202
34 197
7 196
34 217
11 212
22 205
161 180
4 87
185 205
97 170
49 149
104 139
32 126
69 100
25 161
197 208
3 103
97 183
207 217
154 187
54 93
91 98
168 190
65 113
121 196
113 123
21 58
179 193
7 133
179 213
153 198
30 75
48 183
112 208
122 127
3 182
21 46
198 206
154 185
123 158
2 186
25 173
68 105
130 209
108 135
101 114
118 206
19 160
39 40
75 128
55 110
28 60
29 114
5 16
56 101
60 77
120 160
87 169
6 13
61 71
57 184
165 182
33 79
121 137
174 176
28 88
17 61
117 190
12 93
48 208
92 157
6 61
169 218
1 153
26 193
78 170
2 63
72 85
25 89
52 163
115 133
37 132
99 157
39 174
99 184
42 97
49 111
56 172
132 165
68 163
150 194
82 168
21 202
190 201
98 176
15 131
12 68
71 142
10 204
22 38
117 148
92 144
98 195
48 139
93 107
142 193
56 204
68 124
163 212
102 190
14 172
29 215
2 43
16 176
126 200
58 140
86 161
36 131
117 127
35 149
161 186
63 139
126 147
85 149
68 113
72 123
28 185
51 166
201 203
74 215
114 216
74 181
74 174
13 180
99 100
26 206
63 76
16 171
48 78
63 182
39 167
154 193
183 192
80 176
159 174
16 47
167 210
29 39
104 137
114 127
104 202
108 126
3 39
96 217
180 201
61 151
44 97
45 201
39 56
19 33
51 145
4 93
46 48
65 84
19 64
125 158
54 104
14 74
160 180
7 138
42 192
102 199
157 169
92 159
83 202
148 181
115 217
93 168
129 155
82 165
43 175
60 134
110 185
161 168
188 203
9 122
83 187
61 157
15 146
53 216
75 82
1 122
42 46
5 10
31 167
177 219
63 74
31 153
132 157
5 178
4 138
5 133
40 133
33 64
63 82
78 152
96 199
99 128
24 176
121 213
23 59
42 77
85 209
178 194
134 216
40 144
91 127
23 105
32 182
140 150
75 132
88 211
36 48
0 126
0 15
87 214
118 210
35 51
76 150
35 162
119 131
6 156
27 39
107 213
27 91
100 172
96 192
54 99
80 164
159 199
29 131
16 214
69 106
125 154
16 217
107 113
59 134
32 44
52 104
43 142
70 212
71 93
75 154
11 80
40 168
16 190
168 184
20 131
0 144
6 194
133 211
66 147
186 187
136 175
46 182
2 173
18 68
89 117
55 185
159 205
31 84
87 189
9 183
8 128
0 23
67 100
154 206
45 50
90 126
58 161
54 139
111 219
127 153
89 148
107 181
110 210
12 49
6 118
0 111
16 172
77 101
125 213
12 119
1 19
85 115
84 152
35 46
67 133
107 202
73 138
92 93
86 160
49 171
88 125
6 207
27 149
104 208
84 211
53 197
162 190
108 183
174 193
27 168
47 134
126 153
131 149
51 147
5 76
5 54
50 158
58 180
80 147
6 178
27 28
11 87
19 202
49 73
24 118
57 166
3 140
66 203
183 214
77 161
6 133
213 219
210 219
108 215
63 117
32 180
19 85
79 97
129 171
23 140
159 200
53 132
172 207
26 168
3 127
1 71
209 212
17 169
182 204
55 151
6 37
13 80
163 173
32 209
17 90
42 129
44 194
17 85
6 208
81 148
104 159
82 106
151 169
64 197
10 151
166 206
213 218
68 70
142 209
79 176
116 203
89 132
119 125
130 133
172 194
114 209
31 76
22 185
60 111
39 111
128 172
148 159
54 103
35 150
58 156
108 180
14 52
19 167
39 117
59 149
29 128
4 218
108 128
70 208
137 154
131 201
9 198
7 156
126 211
180 196
63 65
114 204
62 196
19 22
88 196
48 108
18 121
80 167
72 167
36 100
101 173
117 191
7 90
5 180
114 178
64 106
92 108
132 150
29 33
88 107
49 219
21 127
60 216
101 155
5 7
83 104
136 189
110 121
15 210
32 137
99 107
91 202
57 207
48 50
60 204
41 150
52 140
86 108
83 153
44 84
77 176
119 128
15 104
55 98
81 141
89 118
2 114
62 138
7 99
45 218
89 119
112 192
112 195
63 67
28 108
88 159
21 68
126 214
3 200
24 198
102 116
21 23
49 98
192 219
164 187
45 99
72 87
23 77
3 21
54 154
89 128
39 136
19 89
83 161
83 123
6 151
122 157
128 210
114 154
4 203
213 216
79 152
83 149
2 216
113 216
170 202
65 210
81 124
53 125
160 167
46 120
45 159
53 95
29 200
48 194
110 156
83 196
112 124
185 188
64 87
95 210
11 186
55 145
69 93
51 111
121 172
113 218
126 204
34 138
47 91
58 198
37 76
48 172
2 206
130 158
37 215
126 141
118 156
184 216
95 199
82 89
80 97
123 200
43 115
14 173
20 104
59 209
2 193
1 92
111 188
6 96
18 195
50 121
121 165
42 151
57 148
91 111
52 154
132 177
80 210
43 98
74 93
149 186
98 143
42 144
53 180
51 205
81 158
55 142
194 208
101 156
84 126
102 186
23 214
21 135
152 203
48 64
10 166
67 111
11 138
55 190
188 215
161 216
39 217
38 186
14 15
14 192
93 190
33 88
211 217
186 202
142 199
36 122
149 207
29 166
171 200
20 122
159 179
170 199
28 200
59 114
2 118
123 147
104 171
22 80
93 213
20 49
155 160
97 98
184 189
32 117
71 188
132 218
72 159
30 127
110 175
84 124
205 208
1 159
50 143
62 95
30 90
29 58
152 190
19 129
63 87
34 176
0 50
1 211
65 116
152 178
116 167
163 206
28 149
21 186
102 108
129 212
147 149
53 134
22 50
168 219
39 175
32 168
37 111
28 47
95 213
33 61
192 195
72 73
35 208
121 149
40 84
3 92
86 144
33 206
23 87
44 112
37 217
6 177
19 56
21 201
72 102
43 73
128 179
134 152
43 99
135 189
66 166
109 133
135 176
96 167
28 53
49 102
10 80
26 42
83 203
95 141
2 155
3 86
40 124
3 109
13 98
88 111
10 165
32 149
32 129
99 159
88 90
61 100
42 218
112 168
57 123
103 181
1 110
59 116
128 184
58 128
124 183
131 215
29 163
10 79
32 160
101 111
136 183
38 94
79 150
96 219
3 147
22 171
9 172
72 190
113 135
128 214
153 201
122 196
64 210
79 207
0 87
151 177
138 159
65 149
18 134
36 137
166 170
35 88
49 196
0 125
12 16
66 114
15 24
75 115
167 197
13 132
66 112
154 190
38 107
107 183
58 188
13 69
118 122
106 216
43 214
127 197
3 71
58 66
40 92
80 146
56 155
8 171
69 113
85 105
19 152
164 178
115 158
181 197
88 219
11 188
12 70
15 164
149 188
41 176
42 85
13 29
118 149
30 33
111 144
139 214
97 197
2 21
2 117
2 209
31 121
44 58
157 219
129 213
69 99
39 147
33 81
114 152
150 159
74 142
76 201
87 186
23 147
63 96
6 57
30 203
5 82
53 100
11 56
156 191
141 146
7 105
110 200
3 67
69 81
63 110
177 190
41 218
38 127
37 60
28 123
61 102
54 138
18 219
55 177
83 129
175 195
0 64
101 185
145 211
123 184
84 206
14 41
25 63
4 37
82 202
68 165
34 52
97 176
20 117
37 65
35 116
19 63
77 108
78 160
124 134
0 186
36 110
47 56
189 210
153 218
97 150
73 168
89 158
167 190
87 134
37 163
126 219
111 175
70 201
37 138
84 100
73 131
174 175
106 211
149 172
41 153
161 167
41 160
2 75
4 136
38 55
44 176
45 133
41 161
38 195
66 98
184 215
34 218
173 191
81 205
29 42
78 144
85 106
15 97
19 194
9 173
70 155
186 195
1 96
145 182
19 100
45 127
7 142
89 177
57 150
22 203
47 141
11 93
94 120
31 56
165 191
16 174
12 83
59 122
6 166
160 161
26 127
85 171
25 185
52 94
157 172
13 117
41 187
125 173
41 133
139 189
144 206
153 186
65 213
136 167
27 139
100 103
14 145
73 122
168 170
203 217
115 198
160 206
126 210
64 144
155 206
160 196
29 109
176 218
101 180
38 111
61 92
24 62
39 97
50 58
136 142
65 77
26 209
76 211
139 192
138 149
195 207
139 194
32 64
16 62
32 141
31 37
119 176
16 38
18 180
18 102
98 198
55 77
40 88
0 161
82 107
93 101
75 125
12 199
19 96
44 104
120 203
135 165
174 188
59 131
72 160
18 75
11 98
109 116
65 108
4 170
21 137
91 137
23 210
84 97
63 197
8 135
72 147
148 186
104 127
8 55
119 148
106 210
94 158
48 157
76 153
27 195
74 171
135 192
26 48
93 215
100 170
54 85
16 178
11 19
131 133
90 200
134 170
8 72
95 211
96 154
46 138
73 201
2 111
36 45
192 209
83 159
42 91
117 139
127 203
15 69
72 111
26 35
90 155
58 78
79 212
26 142
15 211
12 73
49 76
156 199
5 132
143 186
83 138
5 193
97 188
10 118
105 115
15 191
155 171
88 184
23 181
165 174
51 161
5 117
101 102
3 192
103 200
57 167
156 193
0 61
1 198
124 132
49 169
33 210
15 16
55 155
120 216
115 149
72 79
123 161
83 98
41 154
6 193
4 115
14 33
86 127
62 69
53 208
29 192
9 82
40 173
186 201
88 118
8 180
88 100
85 118
65 136
2 102
20 148
166 189
84 151
118 124
88 150
45 200
86 97
112 189
71 189
67 208
60 129
19 174
106 135
40 116
37 155
54 137
29 77
51 94
16 127
101 133
70 127
25 151
44 127
82 147
135 194
56 174
133 157
32 51
0 106
56 100
113 194
31 170
48 67
178 202
10 69
44 109
180 219
87 166
11 115
34 110
124 159
59 217
26 182
142 173
39 188
14 122
34 154
208 216
4 189
78 213
196 204
126 157
137 207
56 146
133 153
113 131
50 108
133 143
142 168
112 198
89 215
81 120
36 187
14 175
124 188
21 49
19 70
41 46
152 210
70 154
65 146
93 208
78 129
20 170
25 198
140 186
25 192
134 205
70 77
98 179
73 82
129 198
56 194
60 71
11 71
39 162
78 205
6 214
163 186
114 212
115 174
90 179
12 194
137 147
79 195
35 86
102 112
77 135
51 134
137 140
111 182
4 194
91 131
14 147
98 101
32 216
101 108
145 173
52 218
15 83
85 135
31 96
91 193
93 106
41 189
47 165
9 193
105 132
26 38
109 121
155 216
19 173
176 179
153 212
72 136
55 118
143 219
113 173
50 60
99 207
40 73
68 130
6 110
73 209
207 214
72 208
68 98
80 179
71 179
111 142
111 218
53 150
94 96
51 141
87 168
40 190
90 104
124 174
172 177
19 195
21 154
3 186
72 183
79 91
64 159
9 138
3 13
41 113
2 133
173 187
12 89
137 195
52 137
56 114
63 90
19 82
9 171
35 210
57 214
16 34
69 184
48 134
14 71
27 107
14 42
52 98
117 155
10 12
79 102
91 167
24 193
68 137
130 218
19 190
5 158
101 106
109 162
155 179
164 209
21 118
16 180
174 211
104 166
1 170
89 159
44 115
27 182
44 119
85 120
107 189
78 81
59 69
6 173
8 54
71 201
49 87
199 210
93 134
24 147
110 179
55 128
159 206
30 154
57 78
26 82
72 215
149 208
52 111
63 119
27 177
132 162
76 125
68 182
46 90
85 153
57 74
144 193
162 189
79 105
142 219
59 104
114 189
66 135
28 213
33 34
134 196
136 154
101 164
0 81
12 171
113 197
141 169
19 219
46 213
56 136
170 207
2 218
128 200
25 122
143 158
179 217
82 189
99 202
34 177
41 80
11 55
16 135
59 72
39 135
171 172
169 191
131 145
35 59
147 185
27 56
38 181
167 178
130 170
6 148
165 218
14 162
28 207
82 203
21 162
10 155
100 197
9 210
126 154
51 130
113 210
104 124
106 164
40 123
64 186
115 121
167 185
1 37
40 121
97 205
137 175
80 93
11 121
29 63
16 131
43 91
166 202
82 103
100 189
103 162
82 92
86 128
34 190
25 169
92 184
97 182
68 90
44 192
44 128
11 174
131 179
143 164
81 122
180 218
0 138
104 112
51 142
85 140
49 163
19 45
44 179
62 65
157 215
167 188
63 132
90 177
138 141
106 150
145 200
83 127
17 135
9 187
37 57
111 171
121 199
87 167
168 215
3 150
131 135
22 82
2 143
34 84
120 153
1 132
107 153
80 123
23 196
55 211
92 121
120 192
2 162
94 126
21 40
58 173
26 39
90 109
51 203
60 208
19 125
94 199
38 104
41 165
147 218
154 192
59 66
166 208
89 156
34 200
59 111
23 193
4 174
26 68
47 60
9 71
7 45
78 133
25 126
130 215
36 124
33 74
28 181
94 214
65 170
52 165
8 182
145 151
40 67
74 89
44 50
83 166
5 116
40 176
156 201
56 202
16 125
132 142
4 198
141 152
6 101
45 166
38 200
106 166
12 136
47 161
19 171
85 212
67 103
33 180
103 160
54 218
114 217
162 184
49 161
31 212
150 212
125 169
18 60
166 169
185 203
73 108
105 153
8 80
110 191
66 219
92 185
86 202
81 165
178 188
20 29
82 144
72 209
22 116
174 199
69 202
96 162
75 202
96 164
96 110
33 188
116 201
18 82
83 174
5 154
83 189
127 128
55 200
45 142
37 134
109 185
60 184
57 111
66 173
199 217
55 104
54 126
47 213
16 132
4 33
35 175
1 205
107 119
186 188
13 119
120 131
47 149
15 64
8 163
9 55
122 152
188 194
44 160
168 214
66 201
7 93
5 147
111 204
141 218
30 80
3 112
54 151
126 158
86 87
131 212
16 48
25 39
108 130
57 155
2 86
14 55
143 147
46 57
4 57
48 206
172 211
88 201
145 219
66 67
176 205
140 178
16 90
127 218
9 162
108 201
7 35
58 193
19 197
111 112
6 123
10 95
181 215
88 102
136 164
21 95
4 125
43 215
37 133
51 162
79 200
61 129
147 153
186 212
105 129
96 103
69 137
85 208
175 191
20 206
35 36
14 56
12 33
33 53
49 135
58 59
114 200
59 86
29 52
43 120
2 195
7 30
62 212
141 186
132 149
151 186
54 198
78 149
196 214
130 149
36 133
79 160
109 153
61 141
118 205
163 191
44 118
53 97
61 160
10 76
72 216
105 218
21 102
100 119
112 200
28 114
49 168
174 190
75 97
7 146
87 174
147 154
84 161
182 199
15 106
28 161
55 95
157 212
3 138
24 93
47 52
103 112
74 148
120 204
105 164
132 152
67 75
99 196
11 195
154 218
58 89
14 200
34 80
47 172
23 69
87 165
58 109
115 162
91 155
166 218
147 155
186 209
36 146
3 63
79 187
49 205
37 197
109 183
139 150
66 157
9 159
8 197
45 147
16 101
109 158
58 184
53 174
141 209
62 177
129 134
23 39
55 117
118 174
184 190
138 207
134 202
19 182
76 127
141 167
7 76
22 194
162 179
37 94
77 163
7 193
9 130
98 146
57 179
2 55
105 212
97 149
69 183
152 205
79 154
127 169
38 210
66 184
74 139
0 189
135 151
87 173
29 94
13 209
23 141
153 183
111 205
45 196
47 152
27 134
102 192
158 204
90 168
5 112
83 86
12 212
25 93
90 116
85 154
21 119
74 110
17 205
69 104
18 115
151 201
6 142
15 17
19 38
40 206
129 132
54 112
30 38
70 81
7 219
14 183
106 207
120 182
100 156
66 111
125 151
5 167
7 151
69 153
51 149
72 146
147 206
54 73
90 91
169 187
139 211
204 206
52 106
74 109
102 174
144 161
22 155
16 152
84 147
61 184
78 94
42 161
44 108
76 178
29 40
81 159
61 84
63 83
9 45
88 131
3 171
14 89
37 69
101 109
103 128
25 212
11 170
137 161
44 185
160 217
97 164
52 124
109 177
135 164
22 176
167 216
58 62
155 177
116 165
19 35
121 141
144 217
16 211
148 194
50 181
76 134
120 161
67 110
101 130
0 76
36 199
48 82
137 182
87 215
6 209
141 165
121 207
26 169
136 147
6 12
37 175
82 141
101 181
58 79
169 174
104 203
19 144
58 166
57 203
49 107
113 152
105 191
76 197
156 186
9 146
42 104
100 219
133 207
122 129
62 152
87 156
161 173
203 219
202 214
81 133
107 121
20 192
2 123
5 186
26 183
86 102
19 133
100 196
156 197
61 79
68 117
60 83
108 181
11 89
65 131
52 125
94 98
4 184
97 123
94 174
94 149
105 165
57 86
33 134
33 219
130 169
19 120
61 173
3 168
53 112
99 204
47 68
74 217
81 138
135 162
85 87
32 139
22 174
64 83
106 167
50 216
11 107
55 152
182 209
172 183
7 36
28 155
154 219
117 170
56 127
131 159
176 219
101 141
81 130
188 216
67 218
176 207
44 188
23 191
2 13
21 211
21 64
38 206
90 130
149 194
82 219
100 192
151 219
5 103
158 177
96 138
24 95
16 108
42 92
19 183
22 97
75 168
125 200
12 173
107 188
28 162
0 56
32 50
79 101
115 207
199 211
52 122
25 193
20 129
69 83
36 101
140 176
12 198
62 96
77 109
32 192
169 211
57 83
21 205
11 51
77 203
19 143
35 121
89 172
141 166
21 41
148 173
8 25
31 175
37 213
33 170
70 74
107 148
41 171
53 55
170 203
160 200
114 170
31 51
122 205
43 123
62 134
15 103
106 184
80 206
14 88
101 120
154 181
48 161
25 199
119 167
99 211
62 172
77 78
180 188
1 218
105 110
53 123
83 113
208 212
82 186
70 215
109 155
41 170
2 208
23 61
27 88
75 205
1 130
17 97
47 216
112 126
27 104
9 142
99 162
55 116
91 133
80 140
73 171
76 152
77 152
181 195
93 110
38 53
180 214
122 130
3 59
14 126
5 6
5 210
115 176
68 157
117 161
91 134
58 216
58 174
46 123
92 138
143 151
52 195
74 162
126 217
169 182
61 137
51 139
41 184
72 134
49 113
131 137
48 112
26 148
9 166
42 174
53 191
21 91
18 135
89 162
106 118
15 139
34 124
27 208
4 154
46 61
48 153
16 99
14 81
66 171
104 176
85 104
51 198
99 171
40 170
5 138
87 210
103 214
40 125
92 161
41 61
182 217
72 141
117 167
93 183
186 204
140 214
27 47
93 157
28 52
24 179
4 71
33 146
22 23
126 160
62 209
111 115
109 142
152 218
87 195
65 177
20 68
60 143
56 99
57 162
7 168
30 173
56 108
1 59
199 218
93 150
68 197
183 187
132 194
161 204
101 152
71 141
1 47
94 180
124 175
188 208
71 98
103 215
134 215
78 114
15 39
37 71
56 175
18 65
19 126
5 72
7 210
182 213
10 143
2 169
59 120
36 162
25 56
67 122
44 159
54 96
19 74
54 152
17 165
54 197
85 89
53 57
51 136
36 147
68 184
79 196
15 172
91 146
68 79
129 211
2 19
116 144
170 200
89 176
96 208
99 215
182 185
22 71
94 95
4 159
41 53
95 196
6 152
50 51
149 153
14 37
8 149
133 183
40 143
65 148
28 190
37 82
74 204
5 198
192 206
11 190
140 205
129 218
31 180
89 149
115 147
0 162
24 66
171 204
141 170
92 172
66 130
16 63
215 216
37 115
13 110
118 129
103 107
81 200
62 142
143 162
3 28
26 112
152 215
41 116
82 162
77 185
161 192
32 42
52 186
91 110
2 115
30 69
53 170
4 39
128 167
43 147
47 88
197 207
13 156
121 144
122 131
141 160
82 125
123 134
58 142
43 82
84 210
6 17
38 132
144 188
39 187
27 143
24 203
5 61
65 70
20 185
31 128
20 51
22 57
44 213
126 180
48 212
46 65
57 100
17 172
72 120
103 125
13 107
57 195
41 67
24 191
62 148
102 118
112 186
125 179
109 154
5 148
80 111
71 76
38 49
151 187
169 199
163 164
115 191
39 96
22 196
50 174
128 180
27 105
47 99
38 139
16 45
22 164
88 91
76 129
134 168
7 10
65 80
77 187
82 97
41 147
18 130
61 108
69 166
55 106
75 214
48 90
94 138
6 56
73 96
169 205
78 171
38 126
104 213
141 213
121 219
94 107
149 152
28 36
191 195
84 157
88 189
12 63
151 190
146 179
81 110
61 178
60 211
77 131
93 182
190 191
107 214
150 217
11 103
34 165
42 167
111 194
98 123
116 214
182 189
52 180
46 119
145 215
116 181
86 90
7 74
56 57
25 119
46 105
124 185
97 152
48 216
43 136
37 139
0 94
89 163
90 203
58 123
116 138
135 212
170 206
15 169
27 167
1 201
86 169
35 93
24 96
17 89
132 160
5 13
36 105
13 32
183 212
167 184
42 214
69 101
82 188
73 202
119 208
97 177
33 100
3 106
37 45
78 201
145 198
105 134
52 162
211 214
0 216
6 60
2 7
166 205
9 127
41 204
63 126
11 183
36 60
19 209
43 130
57 165
47 127
24 36
107 206
78 103
1 100
31 107
161 181
7 120
102 209
56 182
109 201
38 93
199 207
188 205
18 100
47 136
57 216
98 149
33 45
202 215
166 176
21 63
102 126
12 48
85 109
30 189
145 171
48 127
68 93
49 106
51 191
129 187
153 205
53 206
37 173
79 80
3 121
25 153
96 209
51 152
76 219
203 206
152 172
13 131
8 44
18 98
55 91
75 213
74 123
45 112
88 153
170 185
29 99
29 111
69 77
74 90
167 180
111 167
5 115
141 168
53 98
1 90
184 219
4 51
129 179
117 152
21 62
77 158
5 8
144 149
95 188
50 217
60 119
85 159
46 174
11 124
196 207
2 82
3 47
15 105
20 138
131 166
9 158
87 161
22 130
63 205
112 137
98 110
22 195
73 137
5 130
97 186
80 138
119 133
53 163
10 138
78 135
53 166
166 215
17 203
79 177
93 116
78 168
156 198
79 126
1 99
7 184
14 20
19 166
79 144
0 44
24 60
22 151
77 206
73 164
157 185
65 92
14 188
46 88
87 208
136 146
14 99
14 73
3 89
21 169
107 180
43 97
30 207
138 183
20 195
104 162
17 179
5 136
12 207
37 205
29 103
165 209
67 158
20 33
53 133
167 181
59 60
62 115
56 171
95 163
54 129
35 209
114 214
3 73
1 69
38 57
39 171
66 88
2 47
156 218
6 40
39 205
70 134
54 128
50 90
115 173
104 148
43 180
128 174
30 209
41 44
12 123
51 171
171 219
103 195
50 132
22 105
83 146
134 199
33 96
13 114
76 172
158 200
73 94
56 94
125 155
53 126
34 111
79 103
117 129
178 208
39 125
136 179
36 93
157 216
80 105
174 191
0 137
12 84
36 40
59 91
69 164
61 193
135 183
11 193
85 113
77 198
135 203
18 141
42 43
19 163
16 23
51 156
73 144
27 68
46 187
9 44
102 146
142 163
59 103
63 148
99 152
177 215
102 202
43 102
163 194
161 203
3 82
19 101
35 66
90 161
125 130
73 186
56 98
2 85
30 145
151 192
57 173
32 77
45 178
189 190
60 203
0 100
49 195
79 155
40 153
78 110
94 134
24 53
12 115
138 199
91 130
108 157
75 186
114 132
5 160
120 200
28 67
60 108
131 158
90 152
160 199
9 41
47 181
55 163
113 214
139 186
11 64
41 66
64 176
26 29
43 216
82 174
108 158
68 218
57 144
54 58
151 211
3 141
82 172
100 212
90 189
132 197
46 207
13 30
70 219
142 190
11 214
1 204
2 140
181 208
51 157
34 121
8 99
32 82
36 63
49 140
8 170
69 204
19 191
38 185
61 216
91 135
34 67
61 128
135 167
4 185
32 58
54 144
12 91
8 110
155 202
15 94
114 176
13 195
37 122
31 103
164 166
15 132
24 214
17 117
6 75
193 210
48 159
45 47
61 205
72 207
137 210
78 125
170 183
36 152
112 127
16 61
126 212
26 117
39 131
4 99
45 73
90 199
9 216
87 163
146 163
1 143
176 194
33 73
97 120
62 156
6 77
140 213
128 216
81 181
165 172
61 101
115 177
8 104
129 140
158 213
173 181
35 155
6 134
45 85
41 115
147 159
100 163
151 176
27 103
130 137
135 178
24 68
80 128
116 206
148 210
46 177
202 216
73 155
81 147
32 142
98 155
167 169
52 91
20 52
107 197
203 210
50 173
7 154
60 196
139 215
136 200
99 129
200 210
189 206
36 109
61 117
76 106
12 20
113 213
116 216
32 151
105 155
6 42
2 22
74 156
50 210
74 197
104 194
23 101
26 78
177 202
11 41
132 141
1 33
70 131
56 62
46 195
88 97
148 164
10 75
21 117
32 34
11 205
8 191
170 208
38 59
134 144
34 216
56 191
85 216
1 66
118 159
62 76
119 143
1 2
7 59
88 123
171 192
57 101
111 217
15 55
30 126
98 192
0 135
35 217
188 190
116 185
144 177
165 192
21 22
44 82
3 35
68 72
149 160
91 157
82 94
43 218
116 136
134 192
5 170
187 200
214 216
4 25
57 106
120 214
169 179
126 175
37 180
24 44
3 48
15 177
6 188
30 39
131 209
85 172
48 85
55 87
1 182
133 205
49 166
124 125
89 143
63 113
117 130
107 158
3 203
99 175
10 167
78 175
111 161
111 149
24 128
133 158
23 170
77 90
39 170
38 120
81 126
122 170
116 166
40 155
91 138
146 195
130 180
124 215
47 169
122 165
0 192
88 176
180 203
137 183
56 143
136 173
47 197
128 191
55 66
47 154
6 185
108 111
33 80
95 115
52 131
14 68
189 218
42 90
1 43
150 154
3 78
60 168
47 192
22 70
36 178
47 217
25 95
8 114
80 108
79 114
43 212
110 202
84 214
10 169
51 76
162 219
106 194
78 131
7 128
52 74
13 169
128 159
96 131
133 171
19 52
91 212
60 121
137 151
128 175
78 159
47 138
46 126
131 151
24 123
161 215
133 216
48 131
27 45
1 189
41 207
99 140
82 183
12 161
113 217
195 196
174 214
67 170
121 216
0 37
108 114
56 93
107 164
68 99
113 170
26 180
59 110
68 161
56 218
32 113
99 127
158 194
150 210
34 182
124 192
63 213
82 117
11 202
108 198
92 134
6 176
155 201
22 31
9 214
30 95
133 166
17 130
28 142
71 123
21 31
30 50
60 97
177 208
40 135
61 169
0 163
52 105
45 208
92 164
42 139
34 140
47 71
25 172
14 123
112 214
37 157
118 128
60 194
67 69
96 185
12 174
36 141
146 193
101 219
7 39
134 200
165 215
10 70
104 207
39 114
98 182
96 104
93 180
78 176
75 165
120 140
154 157
63 70
17 129
73 134
114 128
194 214
12 147
69 194
142 185
172 174
25 214
124 180
128 215
132 180
79 120
32 35
109 216
6 201
119 192
21 199
166 187
63 94
64 171
149 187
112 141
22 139
121 189
3 199
11 187
0 219
49 158
58 194
55 144
34 209
108 182
34 45
64 212
93 128
106 158
179 194
42 74
100 117
11 90
7 27
18 138
156 160
24 84
92 119
41 175
177 206
131 191
74 190
137 173
6 167
25 37
100 136
28 165
56 183
73 76
76 84
79 210
30 199
15 57
153 171
81 94
115 138
73 87
86 187
103 213
142 201
92 95
131 202
47 131
13 46
23 118
30 192
105 205
42 102
20 62
46 161
9 46
15 121
28 153
97 211
102 168
49 110
42 123
36 92
138 197
11 32
141 208
118 138
119 123
4 108
109 217
148 163
84 199
40 208
12 110
17 160
124 179
54 75
180 181
46 66
49 174
147 211
7 62
115 129
148 167
29 161
96 98
41 107
36 204
93 175
10 115
102 150
123 170
8 47
90 106
147 182
171 176
88 94
207 213
69 174
94 100
11 77
29 64
8 91
42 149
127 185
14 121
126 152
55 154
33 65
194 200
58 65
141 176
35 100
12 143
29 93
48 91
47 180
85 174
83 140
73 169
46 112
135 149
16 110
184 217
38 45
58 187
111 146
0 119
14 119
84 169
140 210
41 127
93 194
119 165
8 16
83 90
43 144
71 115
15 154
118 217
203 212
147 172
59 216
102 216
165 212
31 139
177 214
96 121
154 155
154 176
58 199
92 191
28 59
15 206
30 63
64 100
17 96
129 183
79 186
4 209
24 148
48 215
71 72
98 210
128 190
152 153
122 195
94 135
83 93
92 115
1 28
65 106
103 210
21 204
132 216
26 151
3 177
81 183
172 193
113 191
31 149
16 144
103 205
74 157
42 52
32 122
131 183
36 97
12 27
129 160
54 194
87 178
16 124
107 201
81 121
78 79
15 174
21 163
128 205
38 82
105 156
43 79
26 87
84 156
36 165
128 137
6 125
26 190
45 191
50 211
23 49
119 172
150 191
105 106
180 198
52 130
101 211
7 68
19 107
60 183
185 213
85 214
127 156
114 150
98 119
57 77
68 74
154 189
100 116
48 219
40 96
7 135
161 176
77 123
118 186
85 133
22 34
75 189
144 207
78 158
103 133
176 178
139 196
13 83
84 120
116 188
32 106
161 205
19 114
99 206
59 191
143 180
165 186
16 43
52 139
154 213
140 182
47 97
72 213
75 155
2 125
113 189
6 29
74 147
121 184
179 207
61 124
29 43
119 175
23 90
36 99
46 190
22 193
56 140
129 181
7 40
166 172
109 198
80 204
89 211
141 202
25 182
2 42
33 148
31 164
95 162
12 126
187 208
39 210
40 58
29 74
17 107
2 9
68 199
144 164
167 193
175 206
63 185
122 210
192 208
131 169
16 164
33 85
53 86
4 100
116 207
44 130
130 199
40 64
65 117
9 191
0 210
132 185
148 211
120 126
109 149
85 103
76 78
160 165
166 197
69 189
41 203
25 43
107 131
14 102
20 219
59 112
54 172
171 199
77 166
74 81
6 122
43 68
104 114
35 204
50 204
85 128
44 110
47 212
107 185
153 162
179 188
121 134
93 149
21 167
103 151
55 179
76 104
16 68
88 147
154 173
8 146
48 132
17 92
3 185
13 158
71 161
40 211
103 134
94 192
151 178
79 171
1 102
31 133
58 205
163 183
32 146
10 36
104 195
53 92
25 218
40 187
54 119
114 194
31 208
6 15
145 159
113 122
111 143
21 109
35 148
103 207
9 211
2 106
68 73
35 200
39 84
8 84
19 94
107 145
46 137
112 202
51 208
92 176
90 166
29 194
118 165
29 157
76 82
165 180
93 191
133 181
46 211
2 157
43 70
32 135
61 121
103 158
37 77
74 159
99 186
115 141
124 186
48 106
22 175
98 189
65 66
72 200
25 165
33 51
74 198
75 192
53 161
164 181
28 178
7 55
192 199
137 177
123 187
46 214
188 189
178 219
12 209
175 208
82 91
77 174
14 219
16 195
176 216
14 191
104 198
145 186
36 170
110 173
134 150
53 124
133 156
21 125
18 112
38 95
15 130
91 99
112 139
41 124
145 172
22 128
14 98
49 112
118 201
139 176
31 147
71 91
7 191
30 86
16 31
38 160
30 85
123 209
30 164
187 197
98 105
52 76
22 157
68 126
72 202
113 140
163 210
113 145
81 217
23 166
64 211
94 146
154 205
28 44
57 99
38 171
89 91
6 86
47 132
132 138
59 75
129 144
180 183
95 164
35 156
30 81
0 2
40 210
71 194
61 155
42 175
93 136
114 130
37 195
44 202
25 36
218 219
41 217
122 203
18 24
38 179
29 44
21 129
122 158
72 99
187 199
4 92
51 158
106 137
36 173
80 92
1 116
146 152
161 219
53 82
34 142
61 187
4 42
171 210
88 113
165 197
188 217
16 106
150 219
155 219
32 90
119 187
24 127
21 97
1 27
101 195
27 145
44 182
68 141
190 202
28 48
104 106
10 181
21 34
159 214
16 52
162 198
28 206
22 75
27 87
70 210
147 197
38 129
113 215
81 178
33 92
88 89
92 218
7 182
9 170
1 215
124 169
133 147
59 105
21 151
57 95
17 148
38 130
102 176
44 142
108 196
69 192
120 128
8 22
50 104
38 117
142 186
45 124
8 136
30 45
30 94
10 145
27 113
101 124
94 154
54 89
61 126
140 201
66 218
40 169
143 149
168 212
24 46
132 137
149 158
39 46
40 139
130 135
8 69
9 27
123 194
22 81
44 154
164 190
11 127
40 120
27 67
131 200
68 103
2 136
15 149
76 168
19 80
62 122
116 161
11 47
213 217
65 141
174 217
24 129
76 160
56 63
52 161
126 164
47 147
142 160
37 88
56 113
25 157
4 105
38 100
14 31
67 71
69 112
27 187
41 146
120 166
45 119
137 146
168 183
151 212
90 198
38 60
20 66
120 148
201 213
127 201
73 148
108 169
169 194
98 159
69 126
145 202
131 173
31 198
70 191
0 36
13 120
14 120
84 127
32 120
1 86
122 215
86 183
47 144
146 199
3 49
85 101
29 90
147 169
20 211
18 104
113 119
47 59
11 75
65 184
131 147
65 99
78 153
57 187
76 99
70 83
39 76
56 130
4 135
54 142
14 16
136 168
92 171
85 99
58 179
92 139
2 26
100 132
75 187
91 173
81 108
126 185
15 65
160 183
146 209
22 156
100 175
63 159
199 202
168 199
85 131
37 129
69 197
81 134
7 136
29 34
15 56
49 125
53 184
32 167
42 162
7 209
92 204
45 171
9 168
2 154
5 203
16 91
1 194
22 154
108 134
17 181
112 119
32 134
85 195
76 137
50 91
65 188
27 119
18 42
53 106
4 7
112 212
29 89
91 159
31 82
119 183
40 113
0 145
164 199
79 117
118 195
7 204
155 185
144 184
30 117
2 172
63 169
117 196
122 217
35 53
144 205
70 100
118 219
105 149
126 142
63 98
12 85
82 209
96 139
40 217
0 201
67 159
81 125
196 213
63 199
143 145
31 183
137 185
65 164
111 129
59 125
97 201
8 97
82 195
10 211
27 210
37 70
35 138
21 90
26 167
4 124
15 134
61 166
76 123
13 47
84 104
126 166
193 211
47 168
128 160
19 164
34 76
126 192
123 156
72 182
5 153
73 139
103 117
51 123
64 187
141 174
172 175
110 146
18 114
26 36
91 181
159 169
53 172
112 145
74 138
15 51
3 122
31 89
115 216
92 96
35 142
119 158
62 123
23 63
88 173
59 196
178 180
86 186
19 99
5 216
138 196
144 162
5 142
192 205
41 110
21 87
135 188
85 126
72 155
131 155
113 199
114 118
102 210
23 117
55 214
30 212
6 157
7 123
86 137
50 194
48 199
138 212
86 201
77 141
33 47
127 132
46 79
87 127
25 159
14 182
85 134
35 178
5 18
48 55
56 185
26 219
29 209
106 162
17 217
14 117
137 141
46 185
149 203
150 183
70 91
84 128
41 117
19 134
18 192
142 161
83 94
127 179
15 166
10 102
70 136
67 211
111 203
9 134
120 156
40 44
149 170
195 208
27 42
25 35
40 110
68 213
92 168
27 211
1 176
152 168
6 182
80 197
3 204
18 30
59 96
154 172
40 59
7 131
121 154
2 99
110 195
46 149
13 16
72 129
173 195
47 157
93 121
73 75
80 185
90 103
49 88
55 176
5 118
97 157
43 167
29 184
17 67
123 160
130 136
27 112
89 209
64 98
114 149
62 169
25 167
84 113
128 177
48 100
81 89
146 178
13 68
7 116
21 103
3 77
135 210
73 193
86 180
7 8
10 121
84 179
58 111
104 145
195 210
104 163
142 167
50 209
85 97
116 130
143 178
70 108
56 208
98 219
46 125
86 204
105 139
14 82
2 87
49 53
138 164
30 177
45 148
0 17
87 202
10 109
66 182
95 180
3 188
62 92
5 141
13 85
23 72
120 152
34 139
89 167
76 122
146 208
31 142
120 195
103 186
34 104
23 157
0 25
100 130
144 216
53 122
97 163
121 177
25 59
181 198
7 206
40 178
18 44
118 148
133 213
117 179
9 207
30 201
185 187
84 119
90 159
107 125
46 110
199 205
29 165
23 144
0 175
36 83
89 184
74 135
120 127
35 190
78 188
134 164
31 137
63 137
184 187
3 9
108 219
93 189
90 136
35 85
183 200
132 205
31 211
25 99
85 122
129 192
6 34
165 178
147 193
22 152
105 217
52 178
150 215
62 118
30 89
29 172
16 137
125 145
80 133
102 158
46 178
51 153
45 211
5 211
117 142
48 58
153 155
3 74
6 43
149 197
186 197
103 111
144 175
73 165
61 66
8 167
60 182
51 155
38 190
152 209
24 80
42 54
5 134
91 199
37 162
73 90
117 123
4 216
119 140
20 74
111 199
34 195
131 171
59 175
66 174
84 93
172 216
29 169
32 136
91 184
62 82
16 202
57 199
197 199
142 211
42 83
15 194
20 212
0 194
19 124
6 67
139 146
3 208
146 214
2 151
70 185
34 189
29 185
164 216
67 144
9 19
2 96
48 154
95 129
3 99
122 211
33 145
130 155
156 183
191 204
21 107
77 102
28 180
103 157
18 111
40 185
100 149
40 205
89 205
129 191
0 34
54 176
169 201
51 118
88 170
9 18
76 177
17 213
80 192
74 188
128 152
60 209
76 203
180 207
126 215
49 86
32 115
6 91
3 70
39 53
69 114
118 170
201 212
36 143
86 88
129 147
70 138
81 145
150 161
98 131
27 116
0 65
100 169
179 208
122 151
81 195
105 113
33 160
11 109
133 214
17 184
94 168
130 174
83 145
171 196
51 63
173 197
110 118
118 172
16 183
30 139
210 215
131 188
106 151
65 67
63 211
78 216
100 159
38 163
111 172
97 160
71 186
79 198
35 193
118 143
26 60
59 211
43 135
75 190
36 177
61 63
7 66
173 200
148 188
3 162
84 202
91 216
62 164
5 32
45 62
106 204
30 196
32 138
6 70
42 109
3 154
84 135
26 83
100 195
99 172
92 142
37 136
85 176
43 160
48 210
57 152
16 95
71 180
24 130
76 155
5 26
25 92
27 169
132 215
184 214
110 184
38 204
144 154
144 155
183 213
42 95
111 128
136 144
96 215
27 30
141 148
2 100
11 88
83 110
36 123
0 101
10 170
30 112
83 206
173 203
61 146
33 72
65 87
112 205
114 167
50 126
31 33
35 79
81 196
38 54
132 192
75 94
37 73
115 204
81 109
84 165
146 191
93 193
55 85
195 201
126 218
128 156
10 41
128 213
2 175
21 80
41 100
42 196
34 59
101 113
107 191
93 153
57 159
39 44
98 177
100 174
58 106
152 156
0 121
111 132
31 163
37 142
76 189
130 173
156 185
38 122
99 141
62 139
78 203
27 142
133 188
29 61
129 168
4 126
111 189
132 183
133 177
151 189
65 85
63 92
29 196
5 177
84 96
17 114
23 78
122 218
98 193
71 117
139 147
52 153
31 203
34 149
135 173
50 86
1 23
119 206
28 135
99 121
31 68
97 140
38 199
34 89
94 119
6 113
122 177
195 204
1 146
176 202
41 134
130 198
97 100
54 147
21 101
75 85
19 27
65 165
105 135
110 116
103 118
81 202
145 170
45 204
4 213
5 51
85 145
120 208
62 198
96 124
13 54
136 169
35 152
16 175
23 110
67 194
74 121
142 162
13 61
56 154
29 36
35 115
127 177
64 69
30 195
5 39
76 128
108 154
133 185
11 112
105 162
23 35
118 189
57 140
7 148
164 198
30 98
56 144
38 169
98 152
1 51
190 193
39 101
161 213
21 212
10 11
144 182
117 160
121 175
96 119
4 163
140 189
190 212
28 121
104 180
40 186
34 144
29 125
132 204
31 158
41 178
205 218
22 140
58 86
24 217
54 214
48 130
127 165
36 51
15 75
77 191
105 174
13 22
49 172
74 131
1 207
46 188
4 70
46 72
196 206
50 187
11 163
16 82
38 217
11 68
140 207
40 91
54 171
20 65
12 97
97 195
101 215
104 133
71 192
36 111
92 200
38 172
0 130
53 205
112 154
73 163
75 197
50 176
130 189
41 106
42 118
157 202
138 202
38 147
155 181
101 213
140 141
181 205
46 94
37 181
134 141
78 179
88 180
93 143
70 176
11 134
9 110
128 218
8 118
13 72
133 176
94 187
76 109
133 200
4 61
38 149
37 216
119 161
8 147
28 57
2 65
28 131
73 125
102 191
23 75
24 164
120 168
164 200
6 153
22 30
59 150
108 109
38 116
45 59
33 103
75 136
72 105
26 81
135 190
15 197
42 105
16 104
63 140
45 94
29 71
12 87
11 57
7 179
11 157
24 190
194 196
20 183
176 189
129 202
12 53
119 171
86 115
60 75
133 141
12 45
87 218
36 86
1 173
41 123
104 156
22 54
23 26
34 163
51 163
6 95
109 193
28 148
14 47
150 164
159 191
4 18
183 216
24 56
171 218
86 112
115 180
21 30
15 47
3 166
2 45
77 210
153 190
15 96
141 153
38 157
135 214
47 54
32 179
1 148
36 164
75 209
150 177
28 73
8 212
24 82
5 41
84 164
169 173
113 164
172 198
87 194
7 18
163 190
88 134
0 91
53 72
7 50
33 214
12 216
34 38
64 123
67 169
55 56
125 137
102 113
119 154
44 122
50 106
159 171
117 217
55 74
50 163
63 124
117 144
49 55
27 84
102 208
99 217
43 48
56 133
24 149
58 214
123 125
89 140
3 119
38 140
6 21
58 213
119 163
20 77
59 132
10 159
101 143
142 216
23 205
52 120
20 109
148 174
152 208
174 200
78 132
174 186
60 151
133 139
92 174
157 166
8 35
52 179
55 78
71 113
63 178
80 121
109 197
140 149
72 137
8 107
103 147
39 172
22 84
29 126
0 73
45 150
42 76
18 41
28 38
21 27
63 175
79 158
12 37
206 217
20 205
10 107
55 141
117 133
44 89
137 184
159 164
72 169
160 213
167 213
99 161
19 44
53 116
92 215
33 131
92 156
9 86
141 149
81 150
73 102
115 135
38 106
58 82
13 130
183 195
51 159
145 183
0 97
128 189
52 102
21 172
67 85
14 135
42 197
122 153
178 197
26 88
8 111
23 156
75 86
74 194
23 112
61 130
10 127
188 204
92 167
180 184
73 89
199 212
2 124
43 69
68 203
13 77
33 197
133 204
29 132
8 207
99 183
11 39
100 129
77 192
174 184
59 212
94 173
9 25
210 213
95 104
73 197
33 93
68 92
175 188
38 184
10 29
138 193
38 62
39 127
121 197
43 53
105 168
180 186
89 189
13 144
90 176
195 197
0 104
161 172
5 188
123 173
37 62
76 180
60 175
145 181
34 136
70 157
26 27
3 37
40 69
85 188
76 112
3 210
93 203
120 138
157 211
63 141
87 153
0 66
80 127
47 65
151 209
60 169
104 170
34 167
152 194
94 164
78 99
63 120
58 73
143 201
103 159
31 172
71 196
78 214
32 204
136 157
50 116
32 183
48 145
134 182
130 165
28 127
142 151
91 185
41 198
42 157
98 130
1 4
51 55
45 135
97 212
20 151
9 60
164 217
73 208
36 39
11 218
14 132
120 186
43 74
6 130
120 199
21 175
17 113
116 121
73 182
88 99
64 195
57 158
26 188
127 192
29 72
77 99
57 71
140 159
133 148
2 180
94 166
111 163
69 131
6 39
70 158
113 128
2 98
96 123
68 123
176 198
79 122
1 79
9 77
5 214
112 180
63 192
96 132
43 193
17 50
40 194
35 159
77 178
39 80
32 163
51 112
11 165
118 207
64 65
28 130
69 103
132 219
12 22
70 203
52 61
15 183
53 77
10 120
0 160
112 133
172 197
33 140
1 119
62 210
34 219
39 90
116 128
127 176
167 207
90 111
78 97
54 133
81 213
9 129
191 194
98 167
197 210
206 210
60 149
9 29
86 106
90 190
102 152
143 191
56 59
61 180
43 176
103 185
130 192
150 153
14 115
13 25
152 193
81 82
82 152
100 181
51 194
117 169
48 195
20 161
107 112
71 106
41 108
156 177
48 150
124 129
55 207
3 194
41 141
10 149
26 201
33 68
127 142
63 99
39 118
68 142
42 101
9 88
95 109
106 214
3 69
94 186
4 11
75 147
19 199
95 175
55 72
38 61
24 59
52 172
0 38
19 73
6 102
8 26
156 200
36 42
115 187
131 178
151 196
158 173
177 186
34 98
2 38
11 76
167 174
26 58
28 189
66 120
103 177
22 214
38 80
101 150
51 135
67 176
41 78
143 213
26 145
127 194
1 126
7 202
77 155
84 184
67 152
86 147
190 195
69 145
161 175
99 113
15 60
139 149
161 198
56 168
107 163
152 213
153 214
38 183
50 82
22 87
87 129
86 125
61 188
57 156
43 199
143 157
48 133
116 126
57 115
27 154
196 199
155 176
182 218
128 211
102 201
98 190
109 113
123 185
31 47
144 209
29 110
58 204
121 185
5 70
29 139
4 63
45 212
66 125
127 178
96 107
193 206
104 138
27 106
134 211
93 100
112 159
169 208
10 87
18 165
21 153
11 110
0 95
39 61
96 173
166 186
154 160
77 200
4 95
147 191
3 31
160 178
134 219
66 208
39 212
93 103
140 151
48 174
21 120
140 219
165 175
61 210
121 214
1 104
106 169
70 119
2 61
67 180
70 128
69 149
15 40
31 192
142 149
24 188
23 208
48 120
13 139
35 194
39 85
41 82
55 159
109 194
45 52
185 204
88 110
27 202
79 170
4 131
6 161
146 211
77 171
55 199
24 37
163 184
188 200
11 150
80 82
58 154
81 97
98 164
213 215
26 210
10 141
158 170
33 154
37 206
44 56
156 164
18 69
14 198
51 69
149 191
58 178
104 130
40 87
132 135
62 166
93 130
115 175
167 204
67 177
1 112
12 193
59 214
24 71
133 178
3 111
117 188
75 204
156 180
148 195
76 149
67 163
28 197
118 120
28 77
1 118
4 166
159 195
17 197
4 60
134 158
107 130
76 114
100 207
6 180
149 181
78 100
105 147
17 131
129 182
35 72
31 116
127 157
36 76
172 215
35 166
151 166
29 156
9 209
15 201
59 165
133 209
122 128
91 125
16 66
39 83
72 201
104 183
60 173
1 15
59 137
72 81
166 196
37 156
46 203
24 189
163 202
73 158
8 186
157 199
157 171
49 179
65 81
150 185
145 188
101 138
68 122
170 216
23 122
20 42
83 193
23 152
62 88
22 190
17 101
10 14
77 146
186 193
13 48
91 192
14 103
96 166
53 107
101 127
152 219
29 100
12 14
18 113
150 213
100 209
164 179
82 101
150 167
105 169
64 89
94 210
182 194
7 84
12 202
176 186
52 192
23 33
145 216
93 185
15 80
26 113
111 156
113 168
48 118
72 127
83 163
67 76
7 118
45 154
154 175
138 191
131 206
56 117
115 156
36 149
38 162
112 201
71 173
71 176
4 35
92 202
90 218
28 132
30 109
107 151
140 156
105 178
79 178
31 104
2 189
19 201
103 138
16 157
20 134
30 198
50 89
128 178
18 49
81 210
23 56
52 53
47 173
78 143
57 208
36 38
70 102
55 166
0 28
82 88
110 124
133 134
104 109
22 69
85 199
42 86
20 43
102 129
159 190
150 205
4 130
138 144
43 192
103 171
59 71
5 155
9 103
73 157
24 218
131 152
106 138
146 151
32 57
103 141
20 191
84 92
26 131
162 215
30 200
206 213
14 90
26 174
126 137
6 71
41 76
20 140
122 186
144 159
127 208
49 65
71 100
88 197
78 113
42 55
109 186
98 144
141 210
22 99
16 145
86 151
100 147
53 74
138 178
0 105
162 169
47 164
91 156
31 174
176 200
47 120
15 89
22 67
12 145
99 214
118 157
19 168
51 170
73 85
36 161
71 84
83 156
15 77
118 188
121 158
47 123
58 94
169 204
41 180
94 144
73 170
80 96
52 63
36 120
80 81
129 208
14 143
38 56
47 112
11 60
43 129
12 95
115 161
60 189
70 140
123 129
78 156
82 208
10 68
62 194
70 162
41 208
32 174
8 169
42 45
82 160
207 208
62 165
9 104
23 121
24 219
6 10
138 140
25 101
116 154
48 104
100 168
100 141
87 203
89 155
91 144
38 134
49 56
60 63
20 149
1 169
78 136
6 147
122 182
186 214
26 198
23 218
79 142
12 121
2 58
99 110
48 189
41 50
130 206
18 87
43 103
5 191
146 171
111 118
132 159
19 30
159 188
25 48
88 179
41 105
62 104
136 195
94 112
87 171
49 121
42 176
200 213
58 60
25 194
109 123
30 213
80 125
95 108
82 169
177 209
30 64
111 121
9 80
106 141
44 177
108 175
87 144
2 6
64 146
111 198
8 77
67 68
29 204
49 69
95 161
113 200
66 131
1 45
10 209
126 149
41 57
35 128
33 39
80 174
65 103
146 180
66 151
122 194
94 97
39 60
35 145
90 151
57 110
9 151
7 85
77 125
2 198
151 165
93 146
41 120
50 215
72 203
81 154
21 105
38 158
23 48
187 207
14 149
39 214
109 172
27 129
110 205
112 193
68 144
104 140
7 111
45 74
26 207
107 138
63 122
6 105
165 168
80 126
126 170
24 72
65 142
35 130
87 187
142 153
126 138
139 173
82 194
68 210
120 181
75 77
21 160
35 192
23 43
119 146
186 196
70 216
178 217
30 131
99 143
40 82
106 116
83 148
112 177
78 193
26 150
35 81
102 109
31 200
4 144
39 132
101 118
8 89
29 85
181 204
27 108
20 76
140 152
27 212
3 51
21 57
123 139
150 172
59 199
113 169
22 46
15 153
30 115
126 183
39 94
84 219
153 209
0 72
107 120
6 204
71 146
20 116
16 76
47 48
164 182
126 159
116 123
95 206
25 79
5 183
131 195
50 139
103 217
42 48
77 115
6 66
133 196
68 167
41 42
99 134
205 210
81 184
83 115
186 199
81 185
152 198
109 203
95 191
7 108
65 179
18 159
113 211
71 190
74 211
150 206
53 103
25 73
148 193
116 120
64 157
68 111
0 51
29 96
37 171
155 214
6 192
15 200
20 48
72 153
0 70
6 191
194 212
78 87
130 175
47 143
115 154
70 95
162 187
117 145
22 64
108 206
32 173
33 144
90 148
6 170
91 189
118 153
75 145
77 79
203 214
7 139
62 71
7 140
116 180
18 62
84 114
106 205
111 165
37 84
40 218
9 12
77 133
86 107
94 141
78 211
135 138
104 186
73 206
20 58
46 130
35 110
54 156
65 90
86 217
146 158
82 85
26 135
45 153
93 112
145 194
63 125
87 211
173 206
127 152
139 141
41 79
7 134
15 41
125 194
121 201
51 174
89 96
114 203
109 131
33 110
69 150
24 181
55 174
169 189
63 106
51 116
27 94
54 177
130 152
139 185
111 214
140 218
135 146
40 128
23 209
56 91
17 63
55 198
9 218
50 53
13 157
63 68
20 94
189 195
25 69
21 53
41 186
40 213
8 140
23 107
56 141
41 90
75 142
53 141
123 210
12 190
124 182
56 215
62 120
38 41
53 89
27 186
57 118
92 101
94 145
57 180
113 138
25 206
95 120
184 207
143 207
75 206
112 217
65 140
46 91
75 166
86 168
24 112
74 84
97 171
12 169
3 34
30 68
98 100
13 62
166 194
20 177
86 157
7 189
102 142
29 59
70 132
75 150
31 118
78 165
61 202
26 59
31 129
37 78
85 112
205 217
107 144
51 186
14 25
175 219
12 47
60 98
168 204
154 184
4 182
135 206
31 132
141 206
27 192
36 153
9 68
46 121
66 145
67 128
38 218
95 160
4 38
13 96
64 101
153 217
41 128
28 54
37 106
4 15
41 168
98 172
4 114
187 201
43 171
25 90
110 114
83 167
194 205
36 136
86 211
60 156
82 158
67 97
34 112
162 217
75 141
191 212
57 72
167 192
105 176
26 204
16 109
16 77
15 31
41 48
48 98
202 207
36 50
8 142
5 106
43 195
7 200
90 97
90 96
97 169
71 99
73 213
15 53
4 145
183 185
72 172
109 152
42 106
197 214
45 151
72 90
1 53
32 96
46 107
56 66
40 149
42 198
12 129
15 62
73 130
40 51
149 202
93 125
57 89
64 219
12 26
56 125
76 113
33 52
70 118
157 187
129 214
69 203
91 142
15 87
10 176
15 35
28 195
147 177
38 170
61 88
171 180
11 69
25 87
14 151
4 111
94 103
102 162
82 127
29 186
16 209
27 92
123 138
68 216
101 148
54 68
132 143
22 122
95 110
33 91
123 153
155 194
66 189
62 85
5 96
14 193
10 210
64 168
169 184
17 202
108 174
184 199
74 126
19 95
11 63
50 79
16 118
114 115
97 218
193 213
193 205
36 130
25 200
122 208
30 108
35 113
23 58
14 217
95 189
34 193
77 80
174 203
35 151
74 164
19 148
129 173
30 74
20 114
73 177
37 191
43 158
18 208
3 43
40 198
12 125
56 187
107 211
57 107
165 195
32 114
83 218
7 167
50 122
9 178
188 214
17 87
3 218
166 193
111 168
84 86
30 157
5 109
23 100
12 31
151 156
26 184
26 47
18 200
52 206
20 137
59 87
3 160
37 161
85 183
125 183
60 94
9 217
37 55
37 182
42 113
31 102
136 214
214 215
108 129
118 127
82 150
85 91
7 198
3 151
4 162
44 114
107 186
104 144
57 75
6 159
21 177
8 134
119 141
4 78
16 113
31 187
113 160
55 122
198 208
2 95
9 126
168 176
39 163
103 156
169 176
38 148
6 98
27 78
28 186
16 93
4 58
160 203
6 195
85 178
87 183
99 179
141 178
138 194
81 208
55 81
9 47
91 172
106 199
122 137
0 122
10 195
37 214
91 207
10 112
97 121
58 67
33 71
167 214
113 132
37 86
3 131
54 91
19 53
55 115
130 217
134 156
57 219
32 156
125 201
55 219
1 30
99 173
89 194
19 162
16 189
29 129
10 67
12 132
84 190
32 171
46 101
19 189
58 107
20 73
10 194
145 175
64 116
33 117
192 194
25 51
11 50
21 48
126 202
42 81
115 116
71 151
101 176
169 198
71 133
99 219
46 89
83 106
31 48
2 139
46 64
125 126
102 155
26 76
46 196
104 174
26 102
50 80
52 144
53 128
69 191
100 146
27 75
73 83
57 149
10 62
117 205
33 98
87 95
71 127
112 128
12 213
2 217
125 184
4 103
139 199
17 193
0 71
48 68
53 181
115 196
31 169
116 156
34 97
197 205
9 119
31 185
124 170
26 165
12 106
190 203
14 34
14 54
44 129
141 180
139 154
114 166
79 182
122 180
147 199
32 189
59 141
88 167
71 162
3 123
28 51
54 182
158 185
78 117
84 111
130 205
74 94
181 217
11 161
28 55
160 175
31 98
55 164
55 148
115 193
22 110
49 96
92 165
17 209
156 165
208 209
54 131
159 170
158 180
69 88
55 111
39 57
110 168
200 209
144 174
24 119
140 165
35 41
60 188
114 168
13 219
69 118
20 55
123 182
52 95
139 187
80 91
159 216
35 82
43 61
181 191
107 154
63 172
103 202
2 34
23 162
40 46
175 186
21 170
111 134
184 193
74 78
41 104
5 194
9 93
6 111
48 115
31 93
126 198
21 55
23 167
36 77
162 186
18 175
103 109
24 184
21 209
11 208
144 168
23 184
38 145
91 190
74 212
60 105
79 84
75 149
1 150
41 92
160 181
27 51
39 59
12 135
194 197
99 114
16 121
107 118
134 160
48 54
96 211
39 88
59 107
23 161
47 106
63 208
3 149
15 38
8 214
117 149
117 138
130 134
34 87
123 150
100 151
15 213
86 194
87 113
44 157
32 97
5 190
137 204
37 159
75 129
14 170
12 100
171 186
5 143
10 30
88 209
0 26
63 100
40 202
77 136
75 179
111 210
11 192
37 51
165 166
96 177
12 168
68 192
19 34
107 157
135 144
205 207
99 123
29 211
102 143
99 164
32 89
28 201
116 189
50 109
0 3
136 210
0 178
193 199
44 76
67 70
98 145
71 112
174 179
72 148
110 158
111 184
167 208
129 216
188 202
10 61
36 212
25 58
148 192
144 169
67 104
191 219
98 154
65 139
17 106
21 24
44 163
35 111
157 184
44 100
28 33
124 131
3 88
120 142
22 43
50 85
57 190
64 206
118 204
91 123
27 65
52 65
35 47
141 173
61 80
44 65
100 214
31 46
40 53
108 185
57 157
30 56
161 166
20 124
63 133
67 215
11 145
60 101
6 205
68 159
130 167
60 190
3 157
39 183
156 184
26 84
95 135
16 182
33 194
19 141
135 154
33 201
34 81
13 178
110 132
114 175
116 182
125 157
1 190
189 211
78 173
59 215
146 198
73 127
1 196
44 72
24 104
94 163
37 43
144 157
101 210
59 156
122 185
18 193
38 78
120 163
160 188
53 212
84 133
20 82
15 102
63 212
37 61
27 162
14 186
76 139
15 34
57 132
159 181
61 192
83 88
140 167
47 160
36 203
27 73
153 199
111 192
4 204
42 219
22 107
8 172
9 15
87 193
122 206
2 83
17 127
132 207
37 64
37 201
64 112
13 71
17 207
42 80
77 170
17 98
77 151
107 198
201 208
81 107
74 218
65 150
67 179
132 201
20 156
17 174
90 147
13 184
139 158
14 190
144 214
178 196
20 40
88 205
90 202
51 127
10 191
183 205
111 117
158 172
39 49
39 181
81 93
75 216
25 106
38 156
101 125
42 159
164 202
73 132
51 92
146 153
172 195
3 137
59 179
115 182
91 213
146 210
5 156
4 214
8 145
32 147
117 164
64 117
123 183
78 181
39 100
123 145
146 206
12 139
22 138
50 141
92 100
19 207
20 44
128 196
118 192
46 191
36 62
18 124
113 193
22 134
41 75
112 136
98 111
139 145
1 20
45 164
131 143
59 164
23 183
28 92
65 178
25 60
38 39
168 169
87 150
93 174
67 146
21 45
10 174
65 166
66 167
38 47
87 157
0 213
96 197
5 200
32 111
35 132
128 176
6 168
26 45
24 88
160 195
44 217
40 179
31 218
37 91
41 152
161 165
71 109
149 154
3 80
80 144
130 207
107 207
36 56
31 189
127 139
75 171
129 174
3 101
137 163
25 52
77 218
64 92
150 180
63 144
103 136
36 54
18 92
98 166
58 218
67 79
141 145
31 165
38 202
95 118
190 199
35 74
42 145
2 11
105 203
5 173
44 71
71 149
47 86
12 211
90 144
108 165
105 157
133 184
79 159
20 108
29 167
135 148
50 107
130 181
37 56
32 213
73 156
21 121
110 196
28 109
9 34
56 210
0 30
28 37
11 36
9 33
185 195
88 93
160 173
43 77
114 191
32 93
71 157
121 159
147 198
43 194
149 199
13 24
179 187
66 139
25 98
67 165
151 173
52 159
63 131
13 162
153 161
42 172
15 95
194 195
13 101
54 83
103 219
0 170
22 136
79 138
87 118
212 214
147 195
20 96
49 173
76 107
71 89
115 188
42 186
10 148
175 179
124 195
102 182
27 138
5 31
16 55
160 174
188 207
5 144
131 165
105 159
93 145
12 64
3 33
101 129
4 161
100 131
69 218
8 168
69 95
21 196
24 187
49 209
60 102
33 75
25 46
27 219
90 164
66 178
86 121
129 150
64 142
21 216
6 81
89 173
144 187
146 150
15 219
39 148
125 152
0 12
136 194
38 83
195 199
58 164
14 116
100 107
99 190
124 200
67 197
105 202
35 89
172 189
119 157
50 154
154 171
34 134
5 9
17 55
25 209
104 167
169 210
48 147
152 159
120 123
23 27
45 132
39 119
39 66
65 95
27 146
39 92
122 219
22 188
91 140
95 173
6 51
170 201
21 81
8 40
105 120
0 172
55 165
56 142
104 178
126 171
162 213
23 134
28 192
90 180
75 117
7 199
132 210
6 199
169 219
30 92
71 191
75 182
123 189
62 143
138 139
121 142
92 141
100 139
34 129
66 85
109 146
56 200
23 115
40 89
49 212
69 116
109 168
3 8
16 59
45 161
76 91
120 122
3 144
66 153
97 127
148 217
152 182
56 196
30 49
103 122
66 193
118 183
125 192
46 206
52 173
2 185
75 124
99 191
14 100
62 200
118 212
73 105
89 204
47 66
89 185
140 145
54 70
159 175
112 181
116 191
115 152
15 63
25 75
38 103
31 217
64 128
136 180
164 180
141 198
43 122
65 122
68 176
27 157
34 103
4 65
131 180
85 185
84 107
117 124
137 143
173 175
37 68
15 170
148 189
69 128
17 116
109 110
2 215
70 78
137 189
1 17
116 150
47 151
45 117
29 140
10 152
29 154
125 153
148 183
34 94
204 211
78 185
21 213
99 106
70 165
56 150
75 159
60 92
39 160
98 203
52 194
70 121
124 143
68 205
71 195
11 156
94 206
125 217
100 178
16 20
68 69
57 98
113 207
112 115
135 200
34 43
94 179
15 21
28 95
20 132
125 129
6 26
63 151
111 211
32 87
7 69
35 109
61 82
164 177
133 191
134 135
17 48
33 123
51 108
67 213
3 10
83 141
170 217
78 145
46 204
52 71
71 163
114 162
54 193
4 200
70 122
11 207
16 85
68 102
65 137
63 81
212 213
14 197
31 204
14 171
59 119
47 51
155 161
174 189
127 144
45 193
102 153
30 187
107 115
19 188
122 123
46 59
51 219
68 151
174 195
125 219
40 86
31 113
93 184
10 60
145 166
38 50
20 35
6 46
28 50
107 116
55 158
26 104
41 197
9 66
9 22
105 127
33 55
40 72
91 160
34 114
97 114
61 65
161 217
50 56
10 130
156 192
98 128
105 148
0 22
12 86
158 214
63 102
107 210
4 173
25 124
50 145
9 84
68 202
121 182
41 183
22 208
72 131
39 141
3 94
102 123
66 133
29 88
22 62
201 205
149 211
125 202
46 163
10 164
29 218
154 198
119 122
80 157
51 88
143 167
55 73
117 187
34 151
179 180
94 114
109 207
70 195
12 114
14 159
116 218
171 215
94 108
138 163
22 172
90 134
8 178
17 134
90 187
19 158
19 84
123 201
49 120
65 182
129 138
31 122
33 155
94 213
54 94
0 123
37 102
4 96
19 98
49 201
112 113
19 113
60 202
123 180
133 210
0 33
67 105
131 172
172 191
150 186
75 89
0 78
118 119
29 188
88 129
84 200
17 88
75 172
49 218
1 175
173 192
66 169
98 108
83 99
140 179
82 116
52 133
3 219
0 47
85 111
80 213
180 197
75 131
47 171
25 74
46 193
129 170
18 109
40 132
40 201
119 130
69 144
89 199
56 90
143 193
43 56
25 139
72 101
15 107
5 90
110 197
40 164
137 206
132 209
56 80
66 94
61 86
5 86
48 61
23 47
34 199
55 123
24 102
45 184
39 138
92 106
122 209
137 160
15 150
105 179
137 202
126 132
134 154
5 88
198 219
49 208
3 24
94 156
33 118
86 207
88 144
24 79
81 186
35 133
128 203
136 188
42 111
126 145
7 180
91 118
8 217
1 172
126 173
53 173
38 105
40 182
58 145
48 72
56 180
2 28
95 168
80 207
144 195
152 186
50 205
96 125
12 59
68 211
41 164
89 181
184 208
12 156
124 153
58 171
34 146
129 196
179 184
179 182
61 72
106 108
18 209
67 214
57 129
160 218
11 198
56 205
130 143
83 128
147 165
61 114
28 145
29 55
30 132
17 82
12 204
68 140
182 201
121 183
106 136
70 152
141 183
11 105
39 185
36 73
119 180
37 193
86 216
0 1
91 151
76 183
13 217
59 208
79 110
47 69
109 143
28 172
16 206
14 113
137 201
32 45
43 206
141 159
8 153
95 217
0 7
66 195
15 189
114 190
186 217
20 26
4 112
75 96
142 152
32 49
21 113
74 196
67 142
11 176
72 128
83 102
61 89
12 138
17 91
40 50
131 187
144 185
29 136
4 132
114 142
48 168
102 185
20 218
155 190
3 56
129 135
121 173
11 184
125 159
20 83
18 201
26 98
83 165
121 212
9 188
60 152
157 192
62 75
43 89
86 124
118 171
5 56
109 173
52 211
14 32
120 178
32 140
73 91
57 65
208 215
34 49
181 183
126 177
116 173
4 179
69 219
184 212
68 189
8 38
196 219
78 88
147 196
54 108
130 211
62 112
159 211
5 128
40 45
44 218
37 124
166 210
60 86
1 214
60 131
71 147
41 202
112 116
111 123
84 212
66 132
66 142
24 111
94 170
15 30
4 67
0 68
4 169
172 201
48 165
84 204
167 176
127 188
102 140
22 66
19 62
3 76
22 161
194 204
82 200
166 179
28 141
63 85
16 83
138 184
156 172
36 52
10 217
58 146
108 173
12 28
19 47
145 148
30 121
65 206
34 187
73 149
142 172
2 3
132 196
53 154
70 135
17 133
129 199
155 210
7 101
61 136
3 84
147 164
36 176
52 190
145 150
94 212
139 171
71 184
178 192
82 90
62 157
95 193
155 189
119 218
29 106
113 117
45 83
150 193
92 201
16 27
71 103
91 112
72 171
90 139
35 160
126 156
45 169
170 182
130 176
1 195
54 120
181 210
148 219
42 154
49 189
180 192
29 144
49 127
68 166
53 81
77 196
39 41
9 123
144 156
131 162
57 145
30 219
60 177
120 149
18 218
19 87
70 153
136 203
18 122
41 212
112 176
195 203
21 94
166 219
6 99
97 138
25 96
29 66
23 42
99 139
34 40
26 205
98 187
6 112
130 194
30 151
143 189
62 93
164 185
54 212
5 131
179 218
51 192
0 168
15 142
4 151
51 137
108 139
79 108
35 207
122 167
56 184
172 204
169 203
81 155
17 158
7 82
45 209
100 183
105 208
15 214
38 150
90 122
137 212
65 102
60 96
73 188
22 73
33 111
83 158
53 101
32 166
28 214
35 44
8 57
61 158
82 185
89 97
116 124
137 216
44 74
18 189
133 180
34 37
92 132
109 191
56 122
177 213
94 201
95 114
41 121
32 130
88 152
78 89
81 137
18 110
14 26
114 195
167 191
158 199
29 190
20 61
35 143
159 203
115 139
153 173
43 174
132 188
33 108
11 144
85 175
69 90
17 75
39 120
163 169
102 134
157 201
102 147
97 113
103 163
50 78
34 191
148 197
61 103
10 78
78 151
39 109
46 199
20 150
3 53
18 59
81 129
54 81
30 47
114 119
193 194
158 189
117 204
171 209
139 179
129 136
172 200
5 114
74 92
153 179
79 118
120 189
123 204
107 203
67 83
50 182
101 153
84 191
119 153
10 17
26 128
23 174
79 190
52 118
125 199
197 209
42 65
62 126
56 70
34 79
163 209
43 110
64 72
91 145
47 198
86 182
119 132
83 117
17 49
83 120
51 132
55 102
123 167
27 201
4 94
182 197
46 116
48 170
106 168
140 187
150 188
4 150
23 46
162 216
32 75
35 107
62 215
67 81
67 101
78 137
66 216
23 159
7 195
138 145
130 196
92 120
27 61
2 12
172 188
32 119
9 203
139 188
175 192
61 182
48 109
139 170
46 55
105 215
112 158
187 195
124 135
41 195
93 216
177 199
165 189
140 184
10 135
128 136
57 215
113 126
81 113
178 210
97 137
53 108
30 99
159 204
8 218
42 211
68 119
21 61
32 116
53 194
12 157
24 28
41 132
171 191
16 212
27 209
105 214
136 216
12 81
62 117
16 71
94 128
102 122
0 203
151 218
92 214
89 122
104 117
118 180
85 163
140 168
68 82
41 162
131 154
21 39
66 128
35 62
123 157
97 142
142 155
75 88
99 151
12 15
27 198
75 99
84 85
3 57
53 158
70 86
2 93
79 172
4 24
50 152
27 144
0 55
30 44
94 140
56 192
3 175
25 217
94 147
16 200
124 168
19 139
45 146
6 31
158 192
101 216
173 201
12 79
26 64
79 92
106 190
91 163
13 203
80 100
57 154
135 180
15 18
79 121
1 113
18 105
67 219
139 205
156 168
170 213
165 179
30 77
153 188
14 128
143 168
7 203
140 211
65 201
94 143
43 58
162 164
2 56
180 208
36 215
90 112
89 195
24 40
72 163
80 152
19 97
7 214
202 217
44 140
137 144
179 191
62 94
25 64
21 203
111 215
41 199
25 77
169 172
18 101
44 46
78 118
51 66
120 137
42 185
188 192
70 204
25 195
24 132
120 210
57 114
47 100
158 197
22 204
81 83
73 101
73 173
45 183
29 164
74 216
99 163
67 138
70 73
139 217
134 139
64 163
154 178
72 96
13 50
90 100
47 153
16 21
175 202
3 159
17 112
51 140
70 214
42 208
145 165
98 197
96 216
8 208
68 196
96 183
208 219
68 87
154 211
127 195
49 190
49 123
152 206
40 175
74 108
63 134
8 124
150 169
127 173
148 202
9 100
9 14
48 135
45 188
13 75
16 79
71 170
99 178
91 210
21 190
31 109
76 187
24 115
84 196
190 213
28 45
43 155
40 60
30 46
92 196
179 202
162 180
72 219
23 92
79 89
85 125
32 86
152 177
153 219
68 89
60 66
60 100
110 128
45 65
119 121
74 80
83 186
116 198
38 70
47 110
94 159
16 39
18 155
115 144
67 139
8 200
132 153
42 103
83 211
53 214
40 127
216 218
36 57
79 192
60 161
50 136
37 85
118 191
131 148
118 200
21 115
107 169
111 200
33 199
60 178
59 115
108 168
46 219
42 134
47 62
12 39
34 113
13 26
112 187
61 144
23 182
7 127
163 203
66 165
73 198
60 72
29 70
174 178
184 206
28 68
93 133
27 109
9 161
78 111
73 112
2 126
50 180
102 175
58 185
17 44
52 216
4 118
55 139
5 213
48 111
67 132
97 174
37 137
93 108
0 181
1 21
5 63
116 217
55 205
88 164
116 176
87 132
17 163
25 164
112 134
30 93
20 196
29 181
117 183
38 167
109 127
30 163
97 175
48 102
74 97
166 182
12 203
59 189
25 166
54 161
144 219
33 176
135 196
95 165
10 126
198 200
135 211
68 170
138 205
51 89
199 206
89 198
123 206
77 157
35 195
15 190
34 109
105 195
158 165
24 63
46 154
139 184
60 87
78 187
13 99
137 149
49 75
103 168
11 43
180 209
125 127
185 212
13 58
128 217
29 180
20 37
126 139
15 123
41 137
45 66
24 173
124 189
69 127
102 180
21 112
77 92
115 124
19 41
65 168
127 198
91 148
2 120
133 179
76 196
54 187
43 166
54 201
25 160
10 197
79 205
127 191
33 203
32 101
66 123
108 192
7 25
43 90
20 88
148 171
76 89
91 94
18 29
23 89
105 197
37 110
55 97
80 184
34 66
149 212
142 217
88 214
49 187
71 120
45 190
4 16
46 77
8 108
136 152
91 196
88 117
97 109
26 79
165 173
128 192
42 88
90 175
13 154
91 103
9 139
33 175
0 173
170 193
91 115
52 84
23 50
92 188
41 114
79 140
119 185
30 35
84 153
49 160
114 144
40 122
0 31
66 122
52 196
157 159
62 67
116 148
15 86
11 199
90 118
84 103
151 193
10 72
106 193
17 180
9 58
36 116
121 138
61 62
54 122
35 58
93 144
176 183
32 39
165 177
68 158
16 60
71 131
110 211
99 187
47 208
178 201
44 45
27 111
89 208
186 211
79 115
38 205
45 91
127 159
18 125
60 76
11 153
165 211
117 128
86 103
157 200
82 113
164 208
115 192
14 163
32 201
99 182
53 118
166 199
11 44
140 169
13 23
25 38
48 89
121 169
187 210
19 92
17 32
75 92
91 165
60 195
10 216
62 213
78 161
170 171
150 171
13 136
61 135
21 96
107 162
75 200
17 150
49 97
70 110
27 69
67 88
17 187
164 195
6 162
79 168
73 192
10 184
156 182
88 122
53 209
119 193
46 53
121 153
102 115
115 166
97 112
52 110
55 64
68 78
22 106
5 98
128 208
51 90
38 208
87 100
100 140
85 182
106 179
80 99
0 62
55 121
128 186
56 163
66 209
122 163
100 173
68 115
128 165
105 136
197 212
130 159
16 161
118 211
88 166
96 128
45 102
98 170
119 177
54 173
127 145
43 153
88 185
65 78
26 115
111 160
55 119
18 107
29 118
0 19
94 205
80 169
124 209
35 183
146 207
49 143
114 198
74 117
64 167
28 204
31 99
139 157
174 216
94 152
69 138
22 47
86 203
124 140
0 103
37 47
90 142
24 182
30 36
106 163
121 176
13 163
95 101
17 68
26 134
52 210
57 151
94 218
40 130
34 95
48 160
122 172
41 103
156 174
150 208
68 200
61 206
134 203
60 89
198 210
49 150
95 157
199 208
67 115
15 58
12 210
6 104
102 130
49 91
38 151
120 145
108 177
29 149
60 154
202 210
66 140
180 200
83 114
49 199
169 217
31 111
43 54
30 72
21 193
52 147
132 151
58 88
92 210
145 147
28 65
67 74
88 124
89 219
34 186
86 131
152 211
2 164
80 161
108 144
167 175
48 203
80 132
17 100
19 127
216 219
51 214
132 202
140 144
51 93
170 189
113 150
8 28
61 67
72 143
14 70
3 30
38 48
73 119
30 172
17 170
53 202
180 189
133 160
77 100
14 139
178 190
123 214
63 103
20 46
49 133
105 201
59 195
127 154
30 144
8 96
123 176
168 218
42 116
64 66
151 199
169 214
145 209
117 126
51 78
45 181
38 155
17 102
149 205
124 138
21 197
44 153
80 173
41 190
25 201
13 192
19 185
31 117
139 153
160 198
102 203
106 180
13 92
75 211
86 190
106 196
28 99
126 136
62 125
104 193
20 127
13 206
23 94
15 203
37 72
20 159
39 193
107 132
9 182
174 205
38 219
71 154
98 168
75 123
100 110
121 148
55 169
107 141
139 144
150 158
59 203
23 97
66 104
114 146
44 208
114 161
26 67
88 210
82 132
137 209
19 177
96 196
103 104
110 151
144 210
154 156
26 105
157 177
18 160
72 135
55 188
10 54
113 187
31 105
30 136
88 155
79 179
66 205
3 105
20 169
21 43
11 86
61 214
49 74
50 52
122 138
35 196
96 137
89 146
16 205
102 139
143 192
89 190
170 191
100 122
75 138
102 218
171 202
13 128
3 184
78 212
117 162
173 180
151 162
20 155
4 52
0 184
1 70
91 107
10 44
45 140
90 219
11 143
16 58
9 131
142 184
21 215
84 91
90 137
158 163
120 155
3 6
147 207
154 195
114 126
155 187
50 135
81 92
8 60
116 163
40 216
46 73
191 199
115 127
51 96
182 214
145 152
100 187
116 178
156 158
81 173
60 164
163 180
44 133
11 177
52 108
95 155
54 130
74 124
46 159
128 182
107 114
1 179
5 196
116 141
72 197
14 109
60 69
8 66
19 21
86 189
68 75
22 61
63 135
163 171
78 197
21 158
27 79
35 42
119 213
85 191
26 125
55 107
103 208
77 87
90 129
184 213
133 215
10 24
156 212
83 178
109 215
80 191
203 208
144 208
67 210
126 189
25 68
5 60
45 104
110 162
96 188
62 128
99 210
96 152
30 208
56 77
10 28
44 210
54 74
119 188
94 217
91 201
52 68
151 203
126 216
0 86
91 219
0 43
69 87
22 144
17 144
13 116
86 165
112 118
181 216
145 196
185 206
12 101
18 39
13 134
18 171
18 197
45 143
58 99
8 188
12 57
100 205
14 111
115 120
114 174
197 201
133 203
94 121
8 74
73 141
130 203
0 113
60 90
12 56
17 80
165 214
132 164
138 153
147 181
9 204
1 5
167 173
198 201
27 90
10 154
66 170
5 42
28 62
29 121
170 198
27 188
22 207
44 131
31 202
51 183
30 32
30 78
36 79
24 67
8 126
1 103
41 174
12 144
54 84
71 218
24 135
88 127
114 177
20 207
86 195
7 153
161 211
29 119
23 172
92 153
165 200
183 184
88 212
47 94
53 66
124 211
82 133
69 162
1 46
0 204
108 115
175 207
131 217
190 200
42 202
30 188
41 118
69 181
18 86
162 209
86 218
15 22
90 205
8 15
27 124
146 212
34 44
142 212
72 108
88 126
75 153
81 95
15 126
31 190
100 217
55 126
29 56
82 205
113 130
109 148
112 129
56 58
24 52
58 163
33 97
64 177
49 71
102 179
53 85
117 118
76 207
44 196
27 131
17 195
16 138
24 106
4 54
14 58
24 174
91 143
54 64
39 213
1 64
75 122
40 172
102 188
0 110
68 186
19 58
95 169
172 187
126 146
105 142
131 197
106 159
25 136
111 179
97 184
24 38
101 199
133 168
104 119
112 148
25 156
11 53
158 207
136 187
69 94
21 200
62 155
39 186
3 5
14 144
33 171
1 210
29 92
28 81
6 55
165 171
21 84
60 174
83 215
43 106
102 211
87 94
4 187
12 113
79 203
88 165
36 154
45 175
87 116
44 57
99 109
36 103
48 101
39 64
106 110
159 212
17 21
98 133
49 50
3 79
55 108
6 171
108 194
13 146
13 35
141 189
75 158
136 149
107 219
98 104
145 195
88 195
104 118
32 144
84 87
52 167
189 197
110 142
9 143
129 151
61 153
20 209
20 130
192 211
26 189
6 73
86 105
56 81
22 40
47 78
45 176
35 103
101 104
98 194
91 132
44 178
110 192
20 86
19 206
24 26
12 82
1 184
71 74
43 196
38 133
72 186
7 165
59 205
109 182
28 80
19 138
32 102
130 193
24 152
129 158
96 116
120 154
87 148
77 81
21 73
153 184
148 153
70 197
37 185
117 216
109 165
23 145
17 189
80 181
64 148
13 74
32 143
125 176
24 41
110 136
7 11
30 211
148 200
111 181
45 199
75 126
21 143
97 167
122 140
27 82
159 194
84 159
39 216
78 101
1 76
87 90
84 117
14 167
7 56
31 50
36 198
92 151
50 207
66 187
90 125
29 153
40 77
17 65
0 99
146 194
48 103
89 182
18 77
123 144
151 216
62 84
177 217
15 91
172 208
25 65
113 181
157 161
77 190
51 178
130 195
6 109
75 118
64 85
118 140
58 93
3 189
62 202
56 186
74 143
22 35
5 33
29 75
62 186
31 155
102 124
131 218
114 116
3 152
112 184
24 94
5 195
42 70
129 204
111 187
148 169
92 117
6 137
39 128
6 146
109 137
96 106
11 162
100 184
104 153
160 197
152 158
5 21
54 134
28 163
30 40
13 91
48 156
67 98
24 134
8 160
54 90
101 160
60 144
22 114
123 143
44 168
28 100
23 163
47 74
138 200
4 36
38 215
33 122
80 130
7 164
33 50
40 141
160 189
71 213
41 70
101 163
197 213
42 115
7 115
2 219
104 210
17 45
122 146
156 195
59 67
19 108
45 172
92 113
0 41
20 188
98 134
215 218
76 111
75 201
13 186
66 75
33 143
56 169
68 109
80 83
101 119
108 119
38 44
170 184
171 185
42 158
115 151
35 123
168 202
16 186
94 162
4 22
28 218
1 203
1 181
44 183
166 167
103 164
10 196
43 119
172 217
63 168
11 42
71 114
85 213
110 215
51 102
97 178
84 121
35 174
81 204
111 209
96 207
35 180
179 209
1 183
186 194
79 163
33 76
77 205
115 211
26 217
102 111
97 194
169 200
128 212
17 177
62 119
1 85
49 92
40 126
33 120
38 166
28 191
99 166
87 217
1 25
39 207
128 183
130 191
125 148
12 137
53 204
113 206
139 164
19 170
2 121
0 13
149 164
122 197
159 192
12 30
8 49
114 181
35 168
24 92
30 150
41 172
190 219
46 58
68 77
62 98
90 182
50 189
16 156
21 133
45 134
83 207
37 117
128 198
30 175
3 100
4 26
112 178
108 163
131 142
47 189
70 180
26 160
43 183
159 160
66 119
92 219
35 108
66 82
72 139
17 118
14 169
29 134
26 100
162 194
68 198
9 192
17 122
98 141
21 179
1 55
80 90
134 165
57 122
102 195
33 44
49 203
133 186
82 102
34 183
142 178
46 173
47 204
5 184
5 12
2 160
6 108
32 177
76 159
178 198
57 205
92 209
149 185
24 55
19 39
51 133
146 154
10 51
158 187
102 161
96 112
75 79
63 153
137 213
13 138
94 197
166 184
66 91
150 181
71 105
133 137
52 203
169 195
41 99
201 204
1 163
171 182
45 89
171 212
5 208
42 140
84 194
40 41
48 122
182 212
118 152
183 202
185 207
119 178
8 65
27 93
65 194
63 112
93 219
51 160
127 206
38 213
25 121
8 58
85 198
172 205
66 137
97 158
183 203
68 160
59 128
32 56
49 186
165 176
66 181
7 211
196 209
176 204
78 162
77 134
80 88
34 128
5 206
77 189
43 202
20 200
118 146
69 176
17 162
72 75
33 151
0 53
76 161
80 115
12 180
10 92
56 60
101 179
67 171
30 76
75 151
18 28
112 164
38 79
26 194
39 153
134 206
175 196
30 218
63 150
162 185
180 191
47 207
132 178
55 184
109 119
22 160
0 115
9 147
36 191
23 82
59 98
20 99
76 98
148 150
33 86
20 25
39 161
160 184
102 136
95 122
161 194
111 173
206 216
26 181
74 145
1 38
73 207
82 151
123 166
86 134
7 213
64 218
86 135
96 186
145 192
103 188
34 148
80 110
153 180
114 213
25 66
122 149
128 135
16 41
21 86
186 189
46 99
28 210
25 168
98 107
152 154
131 205
28 134
7 88
192 204
89 188
41 151
38 99
112 143
21 37
153 193
150 168
35 167
10 208
10 129
21 181
37 196
72 89
122 173
48 110
40 200
49 85
7 145
44 75
24 110
49 211
109 135
84 131
108 159
1 177
69 110
129 165
12 74
136 190
82 190
48 137
59 151
51 200
156 217
118 168
155 164
24 43
96 212
26 101
87 139
22 169
19 68
65 199
85 215
121 150
25 53
85 158
58 90
11 168
36 132
109 114
18 126
58 69
15 88
34 118
63 158
111 169
126 127
109 150
63 174
120 164
90 183
47 85
50 65
77 94
183 198
141 194
147 215
69 73
90 141
1 75
18 22
13 43
41 65
66 129
104 107
57 67
108 200
61 186
146 184
94 189
165 210
72 177
173 189
6 141
57 182
2 64
0 211
14 94
153 163
29 120
79 213
11 185
47 90
89 110
121 208
108 171
45 86
164 201
13 182
4 53
85 144
191 210
57 202
186 205
92 145
50 125
65 209
102 204
23 54
75 219
169 212
153 191
37 140
30 34
133 199
110 153
35 177
55 59
2 31
74 120
63 184
30 204
171 195
60 192
10 131
34 208
73 133
87 112
160 172
30 171
51 138
4 172
118 133
0 108
38 84
154 186
48 171
18 85
34 166
75 102
113 114
79 128
65 174
33 87
79 209
81 187
36 129
59 102
119 209
119 210
39 150
37 202
2 30
124 204
41 140
75 207
31 106
81 182
144 218
50 206
47 145
44 92
108 203
79 167
50 83
64 96
59 93
11 123
65 203
54 98
173 204
28 217
11 34
71 137
41 131
103 193
14 77
40 90
54 105
58 124
9 63
124 210
17 206
29 117
38 77
59 138
85 146
22 129
32 196
111 162
83 198
13 214
136 162
155 184
7 80
17 70
82 112
45 71
55 147
125 214
40 56
122 144
62 99
121 200
116 153
73 179
59 160
42 164
50 73
1 80
24 34
166 188
99 119
97 106
83 124
15 204
90 174
22 28
84 89
193 201
71 152
22 26
0 46
59 169
11 106
101 178
23 93
10 64
32 60
23 202
12 177
67 78
46 117
42 138
22 173
68 139
8 90
21 183
113 129
174 180
43 128
36 151
105 109
33 89
147 184
25 31
132 179
35 215
70 171
79 185
13 19
153 206
131 186
69 134
38 121
63 84
3 211
133 135
5 152
16 207
72 175
57 211
6 138
74 85
54 165
103 105
179 198
24 108
104 149
108 118
201 218
114 199
76 146
57 133
86 133
10 219
72 100
21 25
96 145
9 65
73 160
45 214
49 213
87 200
120 176
14 64
208 218
107 217
20 163
13 31
135 140
15 74
55 210
134 167
104 216
160 177
24 75
2 51
39 68
107 212
7 31
160 185
6 211
150 190
57 200
66 105
13 88
123 159
45 213
92 189
44 164
21 85
87 154
182 210
100 109
35 52
108 148
109 199
42 169
29 182
117 168
43 217
102 163
37 154
15 182
60 207
15 124
81 201
17 86
72 166
175 200
125 141
114 205
197 200
60 73
85 150
80 95
42 178
177 216
1 131
80 160
63 130
134 161
137 198
44 138
68 71
126 197
24 89
113 137
18 172
7 201
13 179
20 107
23 131
22 118
40 167
23 128
89 120
87 181
9 215
19 132
104 152
8 88
59 145
26 133
84 144
33 195
48 107
126 128
95 184
33 60
78 106
31 66
3 165
33 163
48 196
105 123
178 213
59 193
62 183
78 192
67 182
149 210
115 142
152 191
118 190
11 99
117 195
17 53
139 172
185 198
56 179
62 146
158 184
149 162
57 88
143 159
7 129
211 215
169 213
132 156
104 128
19 204
135 168
186 206
17 145
50 95
109 213
4 43
30 42
14 207
74 83
147 176
1 74
86 199
3 172
93 204
42 152
97 198
60 115
151 210
53 80
165 213
42 179
4 84
9 199
48 60
80 141
98 127
154 159
67 204
22 182
75 160
57 210
4 206
151 200
29 98
10 42
35 76
40 106
148 154
58 103
1 48
58 155
124 208
7 75
180 205
98 209
107 171
2 191
47 111
119 168
178 183
75 157
95 185
103 153
62 113
46 81
17 192
153 166
44 77
51 114
23 79
150 170
23 130
42 155
112 169
25 94
57 84
13 211
6 216
131 161
17 81
52 90
7 86
45 51
38 87
58 217
183 188
113 146
129 139
55 83
37 184
97 128
37 113
37 81
30 152
85 132
57 60
91 116
44 69
65 130
76 92
21 29
11 92
31 144
101 212
47 114
77 150
36 82
142 189
88 174
89 114
177 193
79 165
46 181
69 76
47 209
125 150
92 197
114 207
34 100
15 82
125 161
49 61
43 105
156 190
34 61
85 192
91 177
105 172
28 64
33 191
14 69
11 85
14 50
36 194
55 197
45 121
181 192
34 46
61 122
36 69
35 129
116 195
35 188
109 181
75 177
115 183
36 65
70 211
117 141
46 176
187 189
104 205
87 93
23 55
120 130
2 134
124 147
51 95
137 199
45 152
148 218
22 123
35 118
80 131
54 207
21 75
129 186
91 122
34 164
0 49
50 186
42 69
70 105
8 37
30 48
116 186
146 202
42 182
0 171
12 149
39 190
80 196
32 215
45 156
54 166
127 140
117 159
92 126
45 174
14 105
14 62
94 101
91 117
8 93
14 60
27 31
84 139
82 216
131 208
99 111
13 210
71 199
81 99
30 65
65 208
143 165
78 148
126 191
108 205
199 209
11 189
124 178
182 203
108 156
40 119
43 92
83 108
94 176
59 126
135 166
109 209
0 59
16 111
140 177
54 184
76 191
97 193
14 203
34 47
150 173
129 197
135 217
22 181
8 187
22 68
5 25
65 180
75 196
20 208
114 192
65 138
23 65
164 189
134 136
43 104
3 102
114 169
195 209
65 111
83 176
22 218
26 37
58 167
81 161
82 99
65 74
125 166
13 208
108 167
139 195
50 54
17 159
46 67
1 84
175 203
100 137
159 172
14 19
98 121
44 73
6 160
6 124
85 136
92 170
143 200
125 132
134 183
97 136
75 167
73 106
131 160
90 102
83 107
135 191
19 86
72 212
133 173
158 182
107 172
44 66
64 164
2 81
65 71
164 197
75 81
110 119
123 141
35 197
26 139
112 146
134 166
0 207
81 164
10 218
5 28
2 171
87 201
132 200
33 128
157 196
13 204
72 86
36 206
56 65
25 163
172 214
156 211
14 155
212 219
41 196
37 160
104 189
84 174
124 207
190 205
167 211
55 93
170 197
18 170
76 100
135 170
43 50
165 181
80 87
160 164
116 205
62 68
55 172
134 201
54 121
108 122
137 155
29 206
4 177
1 105
10 21
95 187
118 121
124 145
15 67
115 209
138 189
196 197
1 32
52 75
124 217
99 156
168 189
24 100
116 190
104 212
59 64
14 39
59 207
30 214
101 183
20 84
126 150
87 121
0 92
157 162
78 112
169 206
148 209
28 63
84 150
32 54
135 158
24 196
81 170
20 57
151 180
97 173
37 145
39 106
77 165
26 34
63 79
105 122
55 90
80 135
91 197
136 141
149 219
162 212
141 181
127 213
137 181
104 131
76 147
127 146
86 159
14 49
52 81
9 32
70 116
13 49
59 181
64 90
173 199
98 158
161 202
8 117
157 197
47 108
106 170
13 63
47 79
66 161
70 114
110 147
24 201
51 97
79 201
9 73
72 154
43 63
16 65
153 177
16 140
110 134
52 62
42 107
6 97
135 150
91 180
76 90
21 65
5 159
27 178
50 148
8 119
105 204
52 174
28 39
43 178
63 210
49 58
4 205
95 186
78 139
119 191
140 158
49 138
97 134
17 79
96 136
33 153
7 169
53 131
59 88
90 171
21 28
73 195
128 147
9 206
82 124
60 116
69 208
136 174
38 175
22 74
50 76
69 107
164 203
31 178
102 177
71 214
205 212
116 204
40 112
126 133
27 55
113 203
28 179
157 180
90 149
68 125
1 97
63 152
34 173
186 198
39 202
79 151
5 105
76 151
152 171
61 116
136 172
41 52
116 129
131 144
77 95
113 171
4 91
196 210
13 121
46 52
17 111
195 219
14 57
172 182
58 195
27 36
3 134
121 168
112 188
55 193
83 122
161 185
99 124
170 175
34 180
143 202
56 201
170 177
103 132
144 165
134 173
27 191
84 108
178 218
118 163
30 147
18 166
93 159
22 29
111 114
152 195
84 115
154 203
23 88
56 115
89 92
81 90
154 201
31 150
53 88
70 89
39 191
207 218
148 182
172 184
18 137
159 196
100 180
81 115
83 142
17 25
109 171
40 62
16 136
56 104
162 197
67 89
30 52
14 138
93 210
95 198
141 204
156 206
66 160
62 89
52 85
155 175
143 156
161 210
133 169
102 157
154 200
17 155
68 154
199 204
125 178
136 138
2 141
138 172
10 207
152 174
1 109
152 173
35 40
138 143
71 138
108 193
78 177
72 113
70 126
23 160
33 190
25 70
60 139
9 106
5 140
116 200
33 211
31 43
52 214
39 110
25 145
53 146
1 212
56 110
42 72
62 176
9 185
113 148
80 119
49 78
49 62
48 200
32 61
161 191
95 113
141 158
118 155
158 195
36 121
170 178
181 186
73 143
87 92
137 219
87 162
40 181
4 122
91 178
14 195
48 151
57 174
52 109
62 147
112 194
160 204
40 65
7 143
157 208
16 201
48 142
97 216
77 116
105 138
132 174
167 201
16 75
11 23
12 206
52 121
77 117
166 191
132 206
40 204
152 175
7 21
23 215
33 41
59 178
29 48
32 52
3 158
20 27
18 108
64 217
8 154
34 36
138 215
6 7
59 82
94 171
1 44
87 120
3 143
61 125
89 166
4 127
205 216
28 69
159 193
174 209
96 168
12 159
211 213
51 195
10 203
74 175
127 172
88 146
111 190
138 204
37 97
59 108
108 216
61 64
22 201
24 180
178 207
96 146
170 215
20 136
10 212
150 196
98 109
53 160
102 137
137 167
21 191
5 95
212 217
39 65
176 177
147 179
2 44
78 96
24 139
9 160
37 208
9 128
125 215
8 67
134 171
15 217
32 153
103 152
119 145
71 172
16 177
15 120
95 145
26 179
33 196
136 207
86 130
160 214
115 164
22 187
26 163
47 186
206 214
125 198
85 147
32 161
26 28
192 210
97 166
25 108
37 48
82 199
12 108
66 121
64 158
33 216
7 29
18 181
108 209
93 165
10 205
129 152
98 120
34 203
75 152
5 123
73 199
66 99
36 72
39 52
79 131
18 186
4 176
18 96
61 218
50 138
159 162
48 186
128 131
50 172
6 59
94 151
26 121
32 123
48 114
98 103
37 170
59 168
3 193
99 155
18 214
0 209
79 87
0 77
58 134
95 139
46 54
151 206
6 127
61 174
150 200
14 104
46 106
13 218
112 174
103 206
210 212
181 196
78 169
2 50
84 181
93 179
52 145
12 103
75 114
46 56
46 186
60 210
123 199
170 211
191 218
71 126
118 194
85 190
109 218
34 108
64 140
11 201
14 24
10 63
26 212
74 205
15 70
102 165
76 167
105 171
2 92
17 140
54 200
78 183
155 203
64 91
20 201
43 201
81 198
59 192
88 116
129 141
17 198
110 149
50 114
2 40
117 186
56 198
87 172
117 208
151 181
28 112
50 111
43 163
16 88
144 201
18 161
16 122
4 193
153 174
27 49
101 105
35 181
172 176
35 75
7 174
57 191
156 196
39 79
158 203
56 86
76 206
59 76
90 101
43 148
30 106
5 108
24 175
85 152
24 142
112 138
101 207
38 141
20 53
187 214
61 81
106 122
31 177
138 154
139 152
55 180
0 39
18 131
89 93
2 201
72 199
106 175
26 143
60 70
193 214
18 34
167 198
39 98
171 193
53 157
52 204
34 117
51 216
70 177
89 106
5 181
146 161
32 218
133 195
117 209
142 166
55 124
43 93
25 171
21 131
62 80
13 193
51 181
129 161
110 190
43 121
16 40
134 169
109 176
45 182
9 11
71 150
145 158
94 111
62 181
25 158
176 196
68 108
137 166
29 38
26 156
80 120
147 174
132 217
100 104
31 74
72 84
37 143
4 155
63 142
44 161
25 44
90 184
75 135
78 194
109 118
162 196
172 186
35 139
144 173
10 59
114 153
106 111
92 130
78 199
7 147
26 65
63 147
50 175
106 140
29 173
30 66
8 36
49 214
15 44
46 145
164 205
81 139
14 196
43 46
60 206
87 143
64 147
63 73
10 137
8 17
33 109
41 74
63 116
51 54
131 141
38 178
41 135
49 132
30 107
49 68
108 166
149 209
86 177
165 183
158 171
26 62
24 153
24 98
46 124
85 130
9 42
136 139
14 112
146 174
47 163
17 194
42 191
0 29
4 88
79 181
52 201
49 126
48 149
85 207
124 172
42 94
157 167
43 146
100 101
111 124
25 189
10 157
126 193
68 114
110 217
20 34
48 152
65 109
17 95
10 134
102 133
12 124
110 203
82 115
37 108
26 211
13 14
135 199
105 199
19 90
63 121
127 199
102 131
153 204
39 146
27 121
94 113
77 113
28 113
73 111
31 181
103 176
29 142
38 85
66 192
90 194
92 179
57 206
6 175
63 167
19 57
30 116
145 146
118 142
58 159
69 89
98 169
193 208
16 192
18 187
122 142
46 97
31 146
159 166
33 58
119 199
37 131
59 101
146 192
0 14
19 165
81 209
144 150
96 144
45 64
84 166
96 161
70 84
46 132
19 121
88 140
49 117
47 188
36 134
142 154
46 93
23 143
30 168
147 204
61 123
123 186
85 177
32 176
111 127
113 116
163 172
57 161
21 182
9 156
120 124
9 180
93 131
34 70
24 122
35 94
72 193
74 191
89 130
64 179
177 191
12 197
8 161
39 137
8 11
157 206
17 173
47 95
125 190
26 111
179 196
20 144
14 67
62 64
35 61
130 163
134 146
41 185
78 182
111 164
39 189
50 140
73 181
49 79
56 109
158 174
45 96
16 218
29 101
8 120
18 71
127 219
148 191
22 121
87 108
124 219
7 170
90 156
132 211
97 189
37 80
133 167
73 100
69 142
110 126
30 123
148 170
65 145
83 101
47 156
75 161
206 215
192 200
137 205
181 193
142 205
1 14
50 118
111 197
17 185
158 209
146 217
134 193
77 98
29 143
57 131
124 162
71 198
25 213
145 168
48 187
108 160
10 199
20 98
52 82
75 195
13 175
118 162
70 164
2 178
41 122
100 128
123 191
3 136
138 218
23 36
28 110
80 116
92 118
84 183
82 155
180 182
79 86
88 92
107 209
194 217
76 171
168 201
15 195
50 71
6 217
34 214
19 130
14 87
43 203
8 14
2 105
157 183
23 25
68 201
62 154
107 175
21 52
27 86
0 75
106 174
70 75
127 210
0 63
66 215
62 180
132 187
54 124
51 101
95 156
110 155
97 208
118 218
34 147
19 156
39 113
35 136
126 199
92 213
51 146
25 55
127 130
4 9
34 192
28 198
54 109
41 77
177 195
8 18
15 112
134 175
115 159
113 178
33 40
7 81
92 183
116 194
82 204
17 109
5 75
96 218
118 145
82 196
55 178
139 151
126 208
75 217
149 196
41 93
91 92
1 178
179 210
99 177
62 149
4 30
58 172
52 96
40 136
61 161
123 137
32 47
88 142
9 197
54 155
29 133
73 140
156 210
61 74
16 168
67 137
58 92
86 206
12 71
50 68
6 11
74 140
43 81
68 76
36 182
110 137
44 187
5 27
132 191
64 175
87 147
36 188
39 168
17 115
50 59
31 115
46 218
114 186
119 205
28 106
25 27
44 78
8 202
62 204
72 185
103 137
0 83
142 203
29 95
141 163
6 100
14 208
4 55
44 204
34 215
57 146
11 117
141 196
31 168
162 218
43 87
21 38
34 60
13 151
69 125
140 142
120 175
142 213
145 203
62 70
74 201
16 219
6 129
54 163
60 157
79 95
64 95
2 197
88 199
49 156
163 185
7 28
17 139
130 212
66 172
53 195
68 207
20 118
53 75
15 163
8 45
61 105
5 59
38 173
110 152
144 153
124 216
121 203
67 186
95 126
206 211
57 69
37 176
93 111
178 181
77 118
37 200
122 150
163 216
93 120
23 186
111 155
185 190
106 161
20 133
64 185
6 14
33 141
135 204
128 132
61 168
103 209
72 157
0 202
63 136
40 171
33 90
42 194
21 217
142 204
21 124
61 176
31 176
204 217
4 44
135 197
41 94
26 107
86 116
24 167
169 185
191 203
54 153
59 80
4 180
112 157
47 174
203 213
45 77
70 205
93 137
70 125
101 147
53 168
193 204
135 213
133 198
63 187
139 209
2 71
109 117
97 214
36 115
154 214
34 90
191 209
133 193
125 191
151 160
169 202
74 219
161 196
62 110
48 119
25 186
162 207
115 134
20 199
125 138
5 92
27 175
112 144
61 189
129 190
23 32
65 159
43 213
134 155
138 175
87 114
40 215
59 129
24 39
20 182
132 134
24 211
69 75
60 140
4 82
113 159
58 87
94 191
162 175
108 214
5 44
26 40
41 85
52 67
85 102
94 122
184 191
141 215
52 78
39 139
2 188
68 81
26 56
92 146
39 50
146 156
57 136
2 149
103 140
127 141
19 169
116 196
1 18
32 178
122 134
132 199
21 139
2 122
62 140
36 205
59 218
93 95
39 71
36 211
13 189
75 116
32 43
4 10
63 89
8 192
70 82
107 137
71 128
19 123
44 207
139 162
5 166
89 126
76 204
184 210
36 67
9 75
55 79
157 174
86 210
29 53
10 71
135 209
3 65
18 164
3 41
10 55
42 120
22 119
3 139
24 204
35 173
69 120
113 139
204 209
81 215
51 71
194 210
11 65
63 64
27 174
77 195
156 213
87 119
90 193
24 206
87 88
40 97
151 217
108 142
13 212
57 134
23 86
11 133
137 169
44 169
74 192
150 187
118 125
71 171
101 193
4 183
18 58
21 47
68 179
16 203
0 176
177 184
80 200
144 200
66 100
76 85
36 74
44 48
30 70
85 202
44 134
25 179
39 122
31 173
47 214
46 197
63 77
7 157
37 150
32 81
71 124
28 167
124 191
179 212
67 126
69 170
138 217
22 51
196 216
1 123
12 80
118 160
40 99
36 44
114 129
166 203
16 50
65 173
111 202
17 19
105 108
162 171
83 175
180 202
68 171
111 120
112 170
88 177
129 209
36 66
71 139
71 185
38 108
26 49
44 135
56 97
80 198
162 195
79 98
38 159
8 166
18 140
175 182
44 101
67 77
50 149
11 72
27 126
55 153
51 73
41 54
149 169
61 96
11 139
199 216
79 204
121 131
74 141
60 135
67 118
15 111
117 218
105 119
166 212
118 182
142 164
69 187
19 104
123 205
35 213
19 184
15 212
184 202
105 209
61 163
178 199
128 130
53 148
54 149
107 166
45 207
136 192
109 124
78 196
147 167
134 172
96 159
41 177
197 219
33 208
38 161
67 119
90 165
12 196
138 210
18 190
140 180
52 202
89 150
115 168
3 202
57 127
69 165
35 216
39 219
79 100
86 95
157 173
148 214
177 183
127 187
21 198
86 98
32 68
80 193
122 159
30 43
54 115
79 123
14 28
36 94
45 95
16 181
105 184
167 189
58 135
149 200
58 83
8 109
103 184
18 52
13 103
52 55
106 178
117 158
41 129
18 81
16 179
166 201
89 169
52 213
25 133
29 189
75 127
75 120
105 198
70 168
70 188
6 144
118 177
49 183
54 164
87 142
1 63
34 96
9 96
22 158
110 214
117 211
24 61
68 156
47 182
127 200
34 157
141 142
43 150
61 119
117 119
14 80
142 144
36 64
25 28
46 127
144 191
24 114
104 217
17 120
0 206
53 159
25 208
147 156
90 215
50 70
58 189
159 163
53 63
92 102
191 208
156 187
12 178
83 209
83 91
23 154
4 68
54 127
162 193
49 142
33 138
128 164
96 120
13 55
116 183
25 150
43 117
35 144
211 212
18 152
90 105
8 56
102 105
173 208
12 154
125 144
156 162
88 121
51 209
90 98
87 133
95 174
61 215
10 31
145 178
10 172
18 79
34 71
141 144
81 191
75 174
89 192
42 117
32 158
25 100
7 132
207 211
60 160
36 68
140 166
42 168
41 112
11 167
170 180
142 179
6 169
10 111
12 151
106 144
125 204
119 144
31 52
46 92
26 116
91 153
53 218
55 215
29 67
200 208
93 97
20 172
57 153
34 78
129 167
10 200
4 196
13 141
8 46
11 81
45 137
50 61
54 107
70 112
120 205
26 74
123 165
133 190
136 218
7 9
62 130
40 203
114 193
37 152
121 187
2 78
69 154
89 174
146 169
86 200
28 219
141 157
100 150
122 202
58 84
71 216
27 98
2 145
24 126
74 100
66 93
48 51
5 111
25 137
46 200
24 202
137 145
44 149
50 134
16 187
98 174
99 131
160 215
112 120
1 67
52 143
58 192
9 190
5 137
114 151
112 135
101 191
18 177
46 86
203 209
129 175
90 94
79 93
22 143
130 202
30 183
55 61
45 80
59 167
55 173
86 166
32 91
19 147
12 128
1 6
121 129
151 153
40 177
136 201
124 212
109 164
25 183
83 212
123 192
170 209
55 71
28 182
201 215
28 168
104 108
109 196
8 190
205 209
143 152
35 199
144 215
26 54
52 89
57 108
75 144
50 142
20 81
163 211
23 40
135 202
4 72
94 136
99 160
91 194
89 95
20 75
10 58
85 211
181 184
0 193
148 156
23 138
55 109
58 108
18 169
47 193
48 190
115 125
2 147
22 24
28 87
17 104
43 137
118 150
59 99
48 79
185 196
132 182
153 194
65 211
189 192
10 94
48 97
46 179
24 70
4 158
33 125
161 163
122 176
184 203
116 146
59 204
175 209
141 155
105 131
79 215
35 71
110 188
46 158
61 110
113 136
87 128
15 46
146 185
99 209
99 117
30 135
46 172
115 132
27 53
146 201
185 218
131 182
25 191
56 116
53 193
89 108
187 215
175 194
110 127
111 125
104 122
20 184
24 170
41 68
76 194
78 134
12 17
84 170
57 105
138 190
15 20
16 148
86 197
76 88
89 153
44 136
94 207
96 115
16 67
175 217
61 201
43 211
164 196
60 88
86 104
138 148
88 156
120 213
28 215
67 112
143 209
5 218
86 123
204 218
81 212
67 148
137 179
107 178
30 174
177 201
133 159
128 171
143 174
132 161
108 164
13 168
6 198
24 145
141 190
158 211
100 126
107 165
209 211
80 129
3 207
6 28
43 55
13 34
45 210
134 178
123 179
83 213
49 94
130 210
138 179
144 196
154 169
65 86
149 189
90 128
27 74
22 165
19 186
10 93
0 16
65 98
15 207
117 177
59 200
128 204
9 150
84 143
76 166
60 126
75 146
82 111
61 162
122 198
16 185
55 140
64 152
88 132
103 144
80 103
0 4
0 197
53 130
83 151
21 128
114 201
78 82
71 209
38 212
88 203
51 151
46 114
152 188
90 110
204 207
28 35
125 149
143 185
61 131
118 193
8 101
183 201
71 130
77 130
71 134
40 142
82 182
1 26
34 91
73 151
12 78
91 215
59 171
135 161
87 192
72 124
64 173
119 149
145 204
30 91
64 153
52 136
72 176
43 132
39 169
49 118
140 212
6 172
33 198
56 73
64 122
65 185
10 180
35 114
58 95
97 125
28 159
134 213
29 195
119 124
16 197
12 36
77 138
39 149
48 214
149 174
86 146
134 137
112 114
6 128
71 107
4 129
103 167
10 77
49 60
14 216
101 154
84 198
57 204
133 202
16 114
26 173
104 134
5 20
124 126
48 129
112 183
16 165
92 217
135 175
30 113
45 54
45 173
59 154
114 135
136 217
27 199
18 213
80 211
65 187
125 205
0 24
74 79
23 194
25 76
114 172
71 145
5 37
27 185
115 119
26 57
183 211
69 72
134 148
96 189
69 91
140 173
112 167
190 215
158 201
128 150
67 109
12 25
84 207
11 149
96 140
90 204
49 114
9 62
74 82
21 111
100 204
95 125
176 217
130 200
5 73
96 111
15 133
171 201
42 68
41 43
5 164
58 74
4 110
153 182
75 212
88 191
117 178
114 184
44 95
57 58
4 143
96 113
46 113
29 87
170 192
167 172
60 200
30 51
73 174
10 119
54 205
43 133
11 118
185 215
135 181
0 187
113 166
53 182
51 106
57 181
82 149
36 119
127 166
147 173
60 82
29 83
162 174
113 212
200 215
47 49
198 205
91 176
75 199
33 57
155 191
90 192
138 195
30 190
26 44
140 183
129 184
7 114
65 156
21 78
54 206
45 197
105 145
49 217
61 95
16 128
18 43
53 69
7 78
52 171
83 214
126 151
40 93
165 203
134 195
35 56
79 134
193 207
150 214
55 75
31 214
11 215
12 176
65 189
1 58
45 61
145 184
37 49
171 177
79 164
51 74
47 201
31 210
20 123
4 178
140 200
65 72
105 213
54 189
97 179
88 143
112 156
111 193
154 191
19 50
44 85
19 31
65 83
86 156
12 40
13 190
129 180
59 144
60 65
0 159
136 213
142 157
41 211
16 25
55 134
5 124
92 152
98 113
129 207
29 50
114 147
71 96
50 171
32 157
157 209
84 112
44 200
154 165
59 63
179 211
35 57
88 141
64 154
186 216
26 106
193 203
59 140
20 103
108 207
154 202
26 214
62 201
59 182
105 183
30 216
70 145
91 187
55 127
26 175
42 53
10 185
13 215
119 198
52 73
48 124
182 190
186 219
20 180
82 122
5 89
138 192
78 157
53 136
173 188
163 177
15 122
10 190
20 194
65 158
65 191
127 189
29 198
11 26
30 122
16 94
80 212
121 139
137 168
127 215
54 110
11 67
116 118
3 116
15 114
92 195
132 155
101 115
122 214
90 197
131 168
182 196
5 135
198 216
6 87
64 84
26 96
20 101
93 212
67 131
18 35
23 158
35 43
155 198
78 209
142 158
60 146
195 205
50 169
146 168
96 114
52 57
28 84
16 54
161 184
200 214
171 214
23 199
66 102
89 217
108 189
93 114
18 88
24 171
81 168
49 115
129 217
67 140
109 210
138 177
54 159
29 78
85 137
58 219
84 167
108 184
8 30
98 201
122 136
129 162
176 214
30 133
28 93
56 159
123 195
53 73
76 143
13 15
129 163
19 37
107 190
139 140
24 172
120 201
139 218
29 135
98 206
70 76
56 69
7 24
22 179
65 97
189 204
127 217
52 156
48 80
178 187
14 97
13 216
87 105
134 147
189 200
74 105
114 160
52 183
77 89
170 186
124 165
5 47
119 203
133 189
109 126
81 140
168 179
137 178
188 196
85 121
27 72
25 155
97 162
103 192
73 117
127 183
78 200
27 122
27 97
10 101
131 203
89 136
99 108
14 106
136 206
111 136
37 149
83 125
19 103
19 46
175 185
48 184
168 194
1 136
39 105
105 144
73 120
128 141
9 125
152 183
171 181
102 181
131 175
82 131
22 217
18 78
46 169
131 153
34 175
110 172
142 156
117 192
143 196
40 75
54 208
28 150
26 32
44 201
79 96
126 181
106 156
46 160
9 219
17 125
140 199
22 100
84 201
160 171
69 74
53 145
168 181
104 177
76 119
73 185
36 195
39 206
9 107
86 111
27 32
41 91
36 127
23 71
2 109
42 75
67 173
124 197
119 162
171 189
51 113
68 175
125 156
59 124
29 219
181 188
7 42
43 118
205 206
140 204
96 214
188 195
116 151
138 173
152 160
71 121
3 146
4 34
151 158
74 102
141 216
73 150
43 165
85 181
54 141
41 58
19 75
46 104
141 182
21 60
30 142
62 97
171 194
99 153
128 188
28 205
48 144
29 112
139 155
18 45
7 190
20 119
116 175
27 64
70 117
16 100
118 139
138 151
67 160
86 93
34 107
48 140
143 187
14 165
156 207
67 147
5 74
44 170
113 161
166 200
4 210
40 111
76 154
48 141
9 37
4 215
31 138
58 118
177 187
190 211
101 218
118 198
22 200
73 109
147 168
90 208
139 143
118 209
22 48
109 163
114 134
13 20
178 189
125 177
11 66
149 156
32 65
125 218
163 176
80 114
82 197
17 156
12 158
72 168
4 13
5 91
86 126
46 78
13 112
35 106
14 178
34 188
27 165
7 104
73 81
97 153
23 132
62 211
64 107
159 186
18 144
59 61
6 202
119 136
12 38
8 52
195 214
92 216
101 171
1 31
51 75
45 68
21 72
85 114
7 217
161 183
27 150
30 37
48 66
15 29
49 72
100 194
70 96
43 204
132 133
43 154
95 200
43 52
40 117
1 57
149 201
72 191
2 144
15 199
20 45
152 204
32 79
25 118
27 46
68 146
11 91
149 159
93 177
101 202
119 135
92 205
100 115
80 187
30 176
44 126
28 146
147 171
145 167
198 204
27 166
15 45
44 150
36 186
67 201
3 12
128 142
79 202
68 194
105 167
38 168
80 189
173 207
94 196
150 207
5 146
107 184
12 127
56 138
74 95
107 139
13 70
31 95
53 109
14 136
31 194
127 164
8 121
24 183
24 137
74 136
202 218
7 218
134 151
81 131
91 105
41 126
5 69
84 163
0 124
58 96
10 206
202 211
51 117
63 156
118 173
98 148
1 98
2 48
98 161
113 163
14 48
140 163
114 141
93 129
213 214
22 210
99 105
93 99
74 160
120 135
8 137
7 71
45 130
4 217
48 158
30 193
2 94
20 32
51 100
58 197
188 209
170 196
29 201
126 176
72 192
40 183
65 124
111 130
107 143
85 196
81 146
94 161
134 197
95 158
59 155
57 91
75 170
131 134
123 216
67 86
117 135
103 179
100 108
54 88
22 63
18 50
149 179
9 23
25 86
2 8
142 143
13 127
26 149
2 23
19 198
15 187
85 206
22 177
57 170
132 214
19 146
196 202
89 135
142 169
44 211
69 80
104 132
192 214
14 107
77 217
75 210
50 55
131 213
151 213
143 161
44 197
99 137
141 147
34 42
32 66
28 184
37 204
28 138
9 145
99 176
180 187
46 136
146 175
16 51
99 212
159 176
99 185
19 26
27 152
97 199
11 171
56 164
124 177
160 216
46 118
121 160
46 102
67 82
58 119
63 95
24 131
186 190
170 204
7 14
23 81
43 169
143 205
34 133
156 163
35 202
5 53
76 184
177 204
112 219
96 148
159 178
114 206
21 26
166 168
58 101
115 130
170 218
45 160
98 114
0 195
9 13
114 140
0 48
105 160
6 30
16 28
132 166
39 95
2 5
14 185
0 147
14 45
3 4
78 120
51 176
33 35
24 58
80 124
33 213
130 183
5 219
48 211
71 202
37 120
54 178
117 140
83 173
71 177
25 47
48 126
1 193
103 155
41 209
164 172
158 188
28 79
199 203
113 133
64 67
106 215
78 204
44 147
200 217
98 147
122 174
162 173
1 137
30 104
77 140
10 15
25 117
100 193
145 174
136 165
5 145
82 142
187 205
104 164
57 209
144 213
107 124
152 189
37 177
21 164
24 136
0 82
51 212
18 150
25 147
64 181
143 198
7 77
68 178
15 50
58 183
25 142
42 177
35 131
118 135
7 60
1 165
26 176
86 99
4 46
36 183
54 150
113 205
81 214
126 148
97 206
36 95
114 136
63 190
152 167
156 161
69 210
51 62
2 135
97 126
157 218
122 200
46 100
101 158
64 199
30 87
22 149
82 148
56 88
21 152
17 151
62 150
70 120
26 86
37 95
10 100
89 112
35 104
70 72
58 203
54 180
64 115
2 213
120 180
87 138
34 125
163 199
125 189
168 216
27 110
56 118
127 134
12 133
37 189
80 150
2 77
7 38
173 198
36 138
177 182
0 84
49 119
155 168
14 130
134 157
115 148
6 63
27 217
55 112
153 157
50 212
94 117
118 214
46 170
42 187
53 91
37 168
20 95
112 149
200 203
115 208
27 203
77 164
132 172
109 139
60 219
110 157
34 162
5 84
64 166
178 215
36 167
58 114
61 149
35 122
58 190
150 216
110 213
108 138
68 204
49 52
87 140
21 146
95 147
59 166
55 162
30 202
124 151
56 105
39 201
16 199
145 164
153 195
53 188
93 218
110 189
171 175
