223
8
18317
60
275 2
330 2
551 2
541 4
338 2
214 3
405 3
565 1
335 4
596 2
390 1
286 1
372 4
186 1
257 2
649 1
121 3
386 4
185 5
279 3
164 2
314 1
547 3
406 5
180 2
237 1
613 5
361 1
184 3
640 4
568 4
599 1
588 1
498 2
629 1
114 2
395 5
141 1
418 2
215 4
581 4
191 2
669 4
501 2
564 5
387 2
153 2
331 5
276 4
338 4
241 3
611 5
512 2
508 2
644 4
286 2
440 2
171 5
684 3
216 1
325 4
669 2
410 3
510 1
321 2
563 3
542 4
634 2
165 5
643 3
423 2
361 4
87 1
365 1
256 3
602 4
333 3
471 2
299 1
668 3
515 5
629 3
342 4
451 2
684 1
420 5
131 4
540 1
523 1
125 3
370 4
666 2
216 5
635 3
330 3
168 2
409 2
433 4
658 5
549 4
658 2
345 4
112 1
153 4
400 4
483 3
608 5
384 5
601 1
409 2
320 5
442 3
163 3
359 4
358 3
489 3
655 5
377 1
545 4
312 4
406 2
255 1
105 2
577 3
594 4
676 3
617 2
640 3
331 2
327 4
268 4
668 1
535 5
342 5
675 3
542 3
270 5
357 2
258 3
471 5
370 4
469 1
676 4
586 5
459 5
613 4
180 4
463 2
608 4
474 2
288 3
596 4
112 3
501 1
471 1
379 2
635 1
268 2
179 3
454 3
542 1
331 2
310 2
609 2
392 1
162 5
463 1
144 4
104 3
590 2
353 3
259 2
531 3
91 4
252 2
644 5
507 4
238 1
555 2
388 2
163 5
507 4
596 2
160 2
241 2
525 3
392 4
262 3
296 4
188 5
145 3
100 2
519 5
186 4
270 4
266 4
189 1
258 4
632 2
109 2
535 1
135 4
591 3
448 2
534 4
454 1
185 5
100 1
620 5
343 1
138 3
190 2
495 3
146 1
142 1
539 2
307 3
311 2
528 2
605 2
382 1
373 3
595 4
46 162
0 18
21 96
116 135
4 19
24 138
203 218
2 62
47 101
109 157
176 222
105 160
46 74
77 170
16 60
44 102
46 69
195 205
8 69
4 138
166 202
17 26
42 179
92 193
74 141
73 139
95 111
163 221
82 182
136 207
83 125
186 189
100 217
94 213
113 124
163 169
99 141
104 124
8 54
122 160
66 147
25 44
4 45
13 79
28 55
49 141
169 188
4 130
54 209
52 204
45 167
1 111
52 69
16 65
20 172
174 176
84 158
83 184
99 133
9 180
157 198
114 131
146 195
58 102
55 64
59 154
110 158
85 163
131 171
163 195
101 191
63 124
46 132
63 82
86 220
2 142
118 196
103 148
111 167
137 153
119 173
178 215
69 75
96 122
125 203
125 165
64 73
140 196
83 120
9 39
34 153
53 55
155 168
53 87
165 177
49 220
16 45
46 152
3 184
61 122
86 201
19 215
134 145
193 199
147 179
89 128
9 23
60 125
56 146
2 4
82 201
41 201
143 170
115 182
10 211
52 201
161 168
15 193
116 203
105 164
83 131
151 161
107 140
116 219
42 66
48 78
172 219
4 139
125 197
15 137
22 39
82 154
38 68
45 57
12 211
28 221
25 48
84 129
176 192
10 155
100 203
16 147
34 215
48 85
120 153
17 195
53 103
65 131
54 207
102 161
131 170
121 128
19 85
161 175
41 155
110 198
51 102
77 166
99 162
64 208
16 160
41 162
76 128
8 75
121 192
39 199
8 82
117 205
111 150
159 213
30 87
26 194
11 26
75 125
1 116
50 218
81 97
49 132
135 198
3 19
16 221
11 123
84 219
218 220
71 180
89 214
30 160
87 97
26 72
162 188
35 207
48 100
7 217
31 41
10 95
47 196
159 207
10 205
17 81
57 174
76 198
154 220
94 138
51 151
25 49
89 201
16 30
3 148
113 210
105 193
182 194
103 165
38 44
95 151
152 193
139 155
106 131
155 186
78 179
136 204
37 187
47 156
91 205
8 104
80 208
7 74
95 140
74 123
75 109
71 187
65 146
3 219
59 190
8 38
27 81
102 154
24 86
10 23
36 222
72 94
144 188
26 56
67 133
81 130
91 97
137 170
116 217
122 134
21 205
123 155
6 103
143 171
13 173
105 201
14 60
90 192
121 144
63 140
105 212
84 126
125 217
154 199
121 162
71 171
67 101
33 96
119 201
1 167
29 30
44 123
57 191
36 161
97 148
42 121
124 222
97 114
109 124
102 168
74 108
64 118
64 169
38 59
3 212
146 210
114 154
63 128
99 158
2 83
33 167
48 77
55 104
105 169
151 165
123 217
60 112
203 217
75 131
137 181
165 169
112 150
80 167
177 216
12 79
121 149
27 100
45 51
110 134
48 170
46 123
31 98
40 185
115 150
19 161
139 140
172 190
8 180
128 159
67 151
21 199
55 207
124 197
70 102
65 203
51 106
96 190
14 127
61 150
32 211
116 158
39 87
50 131
13 196
181 184
180 199
156 161
49 173
100 141
23 127
203 209
41 97
69 89
111 214
1 193
62 67
71 89
133 183
139 211
147 171
15 218
39 147
85 174
110 139
89 127
27 73
139 171
63 78
27 165
2 103
76 148
29 42
64 219
96 156
76 78
142 168
14 64
102 116
69 74
179 197
74 205
5 108
82 90
124 188
50 79
44 93
89 129
88 146
170 208
106 134
138 190
91 157
75 211
78 213
86 203
25 221
4 10
5 125
54 170
35 139
55 110
179 187
91 206
74 129
69 138
5 58
29 72
91 165
129 132
133 211
119 221
81 199
190 191
32 71
181 213
67 68
164 202
71 178
48 154
52 192
35 59
92 141
86 130
119 198
0 87
30 74
151 212
45 192
23 164
74 113
33 129
28 170
5 40
137 171
26 57
134 206
28 126
81 137
134 214
33 114
96 172
29 200
70 213
147 168
5 53
36 111
116 188
17 122
30 184
30 89
116 136
44 190
5 150
23 155
97 188
6 212
8 171
69 217
60 220
69 199
35 75
111 204
107 148
64 115
38 212
180 191
152 216
149 204
36 140
76 205
57 181
156 221
52 208
105 118
58 188
3 84
7 158
43 173
103 222
57 108
89 197
170 172
2 190
171 192
34 168
58 129
12 50
77 86
2 55
47 167
95 126
179 214
110 132
13 119
145 204
138 205
156 165
8 179
25 30
29 163
3 46
156 191
24 84
103 141
45 180
71 127
153 222
9 38
37 149
107 181
35 200
113 177
100 127
126 164
15 67
65 148
58 113
12 84
82 138
128 150
160 195
129 182
92 136
37 46
113 182
74 155
87 179
56 141
6 221
32 193
26 38
93 96
26 100
11 186
27 199
6 122
0 60
1 92
109 173
3 32
49 203
201 208
162 200
45 117
76 166
57 145
41 71
147 157
106 133
62 174
34 129
107 150
66 180
7 104
56 65
32 137
111 193
86 121
26 102
9 144
64 168
26 149
81 128
61 148
122 192
164 179
101 216
38 56
16 159
92 182
5 148
24 180
117 195
89 96
70 128
19 106
54 142
27 40
108 144
21 78
75 133
48 114
31 64
60 84
178 183
4 94
4 29
6 193
118 156
47 71
72 135
4 199
135 144
23 210
2 198
115 163
109 137
21 219
43 193
124 195
0 73
68 208
50 114
36 131
97 173
76 91
41 122
44 86
101 142
56 90
20 178
16 77
137 222
111 221
156 212
57 164
54 160
80 156
5 101
28 68
62 197
36 141
136 143
123 137
190 201
74 210
47 151
93 149
34 190
53 190
145 214
46 130
23 173
193 200
25 104
25 166
145 176
28 65
169 197
111 149
178 220
84 160
104 159
150 170
8 100
105 219
70 139
7 122
29 103
82 216
13 164
118 130
10 67
180 182
56 68
152 157
90 118
144 207
7 210
75 207
159 172
128 143
13 21
38 100
67 118
173 193
92 202
86 172
74 85
23 101
63 98
16 101
25 57
130 194
41 116
67 120
6 151
81 155
36 214
158 162
81 192
52 152
33 163
178 219
158 217
103 114
48 111
117 124
139 189
178 196
27 147
54 56
91 105
11 154
134 207
90 149
154 183
105 120
26 133
66 119
96 194
29 201
117 168
86 209
34 36
174 215
150 201
14 131
40 146
115 192
81 220
30 215
2 14
19 135
87 126
3 181
135 213
136 212
0 132
153 181
22 183
172 178
68 214
83 199
11 72
164 168
149 151
92 189
175 185
30 179
80 115
4 155
131 147
83 146
6 160
54 182
72 186
79 126
98 99
17 78
165 184
127 136
69 109
24 169
92 117
207 210
86 123
31 135
49 169
47 154
116 194
62 151
70 82
128 201
7 157
15 44
20 118
109 131
115 216
40 216
74 114
35 153
10 133
71 183
40 206
21 140
13 169
15 142
33 199
9 16
78 207
100 210
20 130
85 202
198 203
124 133
104 186
112 203
117 204
14 50
102 188
51 166
16 115
31 51
0 16
163 189
68 117
197 216
155 206
15 96
140 165
7 78
149 176
4 53
208 222
79 199
19 131
97 139
17 157
74 132
26 197
147 151
19 159
115 147
28 94
83 159
23 87
32 221
131 215
107 162
82 190
39 122
39 96
1 165
127 201
120 210
60 178
82 176
144 166
18 128
18 144
87 112
29 144
151 192
64 112
90 180
18 165
1 16
63 182
13 89
54 216
11 19
22 172
121 147
16 218
124 140
8 211
179 216
96 132
58 211
50 60
13 141
25 173
16 94
36 41
21 192
154 172
162 214
110 214
146 154
95 105
20 128
39 177
45 70
10 179
22 53
154 169
85 187
125 164
161 216
98 138
24 181
15 87
0 162
28 107
163 218
91 195
34 82
171 200
17 94
87 146
3 145
21 29
6 164
31 213
180 194
22 188
125 143
51 143
142 218
192 196
54 123
1 9
32 190
93 145
28 210
62 172
54 58
99 203
39 67
170 175
91 102
99 183
39 156
203 208
17 118
116 220
65 154
4 156
46 112
6 157
100 162
103 189
150 189
68 147
15 122
14 142
76 203
89 160
5 152
122 188
5 114
25 65
35 150
78 169
104 212
53 183
27 182
172 194
17 134
166 214
38 134
138 180
4 121
8 97
106 168
104 222
38 87
125 168
120 221
152 186
142 149
57 102
65 156
104 136
125 177
109 114
125 133
76 86
128 163
59 211
22 199
138 173
127 146
28 125
134 195
102 142
11 150
20 141
93 178
92 167
24 106
19 197
143 147
128 182
24 29
125 211
126 167
132 170
95 142
29 222
42 63
13 186
168 198
26 109
73 147
24 152
0 219
193 208
124 128
146 198
182 210
55 216
123 219
126 206
162 208
36 98
32 49
72 133
10 140
9 82
113 144
1 27
20 185
16 174
152 179
34 141
76 160
35 86
73 112
188 213
14 135
113 194
126 204
35 219
52 155
106 179
144 190
100 131
22 32
32 216
45 187
185 208
36 194
33 190
28 84
30 86
68 75
140 147
122 186
80 153
162 186
98 100
48 57
17 77
61 173
10 216
61 216
93 193
119 168
57 85
25 97
53 100
12 70
40 152
2 210
162 177
105 185
171 175
27 176
2 157
144 204
92 108
3 26
11 79
74 142
21 123
139 169
13 35
56 64
33 108
69 92
119 127
104 194
126 148
143 180
136 154
157 205
121 122
197 215
28 139
102 126
20 80
39 95
16 131
18 110
95 156
53 218
34 126
0 102
146 166
148 191
7 35
52 99
40 49
40 65
134 181
52 73
208 218
140 176
84 181
46 122
58 88
102 128
34 98
7 221
27 136
4 40
128 148
111 187
71 198
72 197
154 187
99 169
80 126
2 19
77 92
157 222
68 171
13 52
11 130
153 196
52 144
11 213
40 211
132 157
28 179
155 199
80 155
113 197
88 211
72 141
89 124
117 174
169 171
109 215
55 89
108 178
101 203
41 170
76 92
132 136
72 127
101 209
22 28
33 103
44 103
24 71
141 191
148 186
75 157
8 53
80 160
120 130
152 176
65 200
93 174
140 152
35 177
116 207
40 198
10 106
123 151
139 215
149 159
32 186
12 120
107 123
101 128
48 148
154 182
22 204
111 205
49 113
8 142
115 145
186 201
15 156
33 56
79 98
74 215
49 157
29 99
10 82
43 58
10 13
144 221
177 187
137 206
70 84
31 217
25 54
41 199
5 14
120 171
13 115
30 191
88 214
91 219
6 190
164 182
27 118
76 125
57 219
91 129
21 24
6 182
1 67
23 177
7 132
105 127
119 183
101 103
4 217
48 52
163 215
169 194
139 209
7 149
95 198
1 218
32 45
151 189
99 187
60 87
19 84
7 94
146 204
40 129
31 170
76 155
93 222
130 206
129 212
12 87
111 161
27 192
4 20
101 160
26 166
120 162
23 208
142 193
128 209
130 152
174 197
46 137
127 197
50 174
1 21
6 27
108 197
191 206
76 81
57 212
68 99
0 176
75 147
70 104
54 138
23 68
54 93
21 95
73 161
114 216
122 191
32 131
169 196
52 170
51 198
41 119
3 190
38 89
104 173
96 185
193 220
103 130
114 204
29 53
123 194
71 189
28 152
86 118
38 197
87 161
27 92
61 93
70 85
45 221
28 75
94 167
60 208
80 124
118 166
134 156
175 202
0 211
40 126
32 107
48 51
11 94
28 37
14 101
142 158
48 64
80 194
2 168
140 156
164 197
173 194
47 90
88 177
36 47
104 156
114 145
28 50
118 174
147 176
115 116
45 84
163 172
54 99
114 142
68 204
113 199
15 106
68 190
60 73
27 114
24 221
73 86
146 165
7 206
5 185
65 193
50 83
57 216
119 143
59 69
77 187
142 154
93 157
59 217
86 207
51 66
92 210
28 102
62 185
120 174
11 178
105 215
28 158
101 162
74 174
43 212
115 193
101 151
76 123
4 90
21 41
108 140
80 199
163 181
106 158
108 218
142 177
16 35
58 198
20 101
173 206
69 203
73 82
10 163
9 11
51 196
20 190
11 18
69 154
144 199
41 55
133 161
120 140
24 178
16 23
21 124
51 164
80 101
49 163
63 205
75 213
105 222
23 162
128 219
52 209
30 212
67 105
106 182
12 57
93 210
18 84
41 123
161 206
137 216
35 83
37 213
39 149
36 193
96 216
126 132
56 184
135 214
145 200
59 61
73 97
25 28
140 198
1 139
82 191
90 127
6 8
87 111
107 157
9 55
94 149
58 112
160 214
64 152
36 196
75 112
45 132
193 195
176 185
20 198
80 90
7 115
178 192
68 219
50 67
144 220
72 134
34 217
62 128
85 144
96 162
146 188
44 108
24 173
24 122
1 28
46 58
36 160
106 169
58 78
33 90
78 140
136 181
49 195
32 160
26 124
18 194
41 64
9 153
8 108
54 199
193 221
16 121
16 187
43 148
10 158
102 106
60 180
18 33
2 152
99 116
30 152
50 81
46 173
174 189
63 145
12 203
36 81
5 122
30 166
53 159
118 201
2 11
77 98
144 169
152 197
139 184
15 219
135 152
0 182
33 123
118 217
51 176
40 45
11 34
58 101
19 36
107 183
144 213
39 214
154 158
34 159
148 160
17 109
152 177
180 189
158 161
108 127
39 92
92 186
109 180
54 55
151 181
42 150
91 211
17 68
8 212
20 54
155 175
202 211
178 181
18 118
25 200
81 218
2 170
165 171
123 130
86 196
108 136
85 181
23 100
73 184
37 123
75 176
35 47
0 122
98 180
38 185
190 208
26 201
21 83
129 140
65 70
9 206
116 149
7 24
59 180
129 194
40 87
120 147
87 99
12 73
37 139
31 202
63 212
122 222
72 126
83 186
13 143
35 124
112 142
52 146
27 174
132 165
63 117
33 92
152 206
100 218
166 220
90 204
152 184
29 112
130 220
61 154
187 222
192 204
40 130
174 220
115 129
16 93
66 188
24 61
17 85
11 44
1 135
115 171
148 220
86 166
60 124
83 200
1 90
75 142
34 109
24 143
70 218
150 187
30 157
214 221
93 98
112 185
84 99
40 196
48 56
157 168
112 220
126 214
55 214
118 150
63 137
132 162
29 67
6 88
19 200
149 206
161 179
131 175
5 111
170 180
66 149
72 198
119 207
82 146
96 100
102 213
69 148
134 144
9 190
14 27
66 75
65 133
82 137
2 180
64 99
6 38
165 202
72 86
126 190
40 175
110 135
4 44
66 120
110 184
139 217
104 171
49 166
134 217
68 170
5 34
18 154
58 186
80 163
62 136
66 109
85 106
88 100
127 129
58 144
193 211
53 177
88 107
23 160
77 210
143 198
104 107
56 130
143 217
181 202
6 94
15 143
69 87
58 59
114 119
55 133
42 215
91 183
181 222
54 194
11 62
134 172
108 177
126 198
133 217
43 118
6 204
119 163
86 102
128 183
116 132
18 178
123 198
4 198
98 173
29 74
72 84
68 181
191 207
44 89
3 195
142 163
62 178
33 203
23 59
0 34
34 108
102 152
89 130
17 198
64 221
105 166
93 179
19 114
0 37
132 186
182 187
94 173
96 128
63 120
128 181
9 28
197 209
20 95
139 187
200 204
74 164
3 79
6 86
113 198
56 173
9 103
200 210
74 77
32 46
32 121
5 178
11 113
22 109
5 209
80 120
104 220
74 199
80 177
22 127
53 75
149 220
141 148
94 174
137 213
76 110
47 118
98 197
30 72
132 147
130 136
101 173
169 198
186 203
173 180
115 148
20 218
118 172
84 123
103 196
28 115
57 59
73 136
112 152
138 202
33 141
58 221
80 221
178 180
79 200
57 81
79 146
84 220
77 102
64 81
70 174
89 184
21 43
3 141
152 213
102 190
117 123
16 116
137 192
5 77
47 188
101 153
192 203
68 180
1 56
9 66
39 110
169 177
44 92
60 83
54 189
40 97
56 71
35 167
100 118
158 164
106 132
132 206
153 220
71 87
51 139
173 221
27 69
87 95
89 107
62 108
44 70
75 158
5 168
154 157
34 83
66 131
145 160
42 56
140 214
190 211
40 160
139 164
47 174
176 195
26 83
130 179
46 212
124 149
14 143
117 122
47 140
8 191
6 107
76 118
6 186
136 196
32 172
75 149
71 212
1 191
174 180
16 79
72 192
130 217
4 95
141 217
173 196
120 160
53 205
66 218
45 135
52 131
145 180
95 115
95 220
87 135
119 161
177 221
12 192
68 158
73 164
85 157
91 192
177 211
41 189
44 181
63 156
19 146
18 173
170 211
8 50
6 132
108 203
22 190
66 85
145 182
110 161
93 170
40 74
42 58
64 151
55 67
61 163
125 141
12 164
30 194
101 105
188 196
20 166
171 173
155 166
2 215
156 195
19 60
145 170
88 221
19 37
64 121
12 111
38 145
111 195
30 54
66 101
7 90
94 102
9 101
41 182
26 95
94 195
197 212
86 93
2 38
23 98
6 170
71 74
13 23
182 199
155 178
168 213
7 197
60 204
91 152
93 185
62 104
160 198
106 108
85 103
174 195
121 218
16 169
123 135
51 104
3 143
48 55
15 154
23 91
111 211
65 150
46 101
74 122
11 69
36 87
3 179
90 194
131 220
39 172
104 178
214 220
158 205
41 157
54 202
77 196
9 185
121 131
104 123
100 139
6 51
42 85
32 81
89 167
31 48
26 93
82 91
126 128
98 190
69 179
29 115
127 202
25 56
73 199
59 152
61 194
97 132
15 120
4 87
43 137
64 194
146 178
72 181
35 98
4 157
132 192
38 94
10 72
148 174
64 129
72 120
66 165
144 161
18 161
36 164
116 177
11 167
43 171
101 190
97 175
110 112
99 196
176 202
20 27
78 96
129 136
14 107
23 201
32 194
92 106
98 160
30 83
43 51
157 216
61 161
156 170
82 167
0 138
147 175
108 131
19 79
38 104
184 213
91 135
8 21
62 122
0 20
69 112
9 211
89 112
113 187
107 117
82 212
10 81
163 219
44 212
129 175
46 198
63 161
13 194
29 203
25 99
28 192
35 143
33 118
27 216
44 189
29 33
8 126
2 164
104 119
4 35
148 150
97 186
12 202
23 132
49 147
84 149
146 173
67 215
150 212
36 173
66 139
101 212
182 190
95 192
27 62
3 69
53 64
96 178
81 184
159 160
0 17
12 198
41 180
127 222
118 132
35 182
41 209
163 212
40 214
13 134
29 155
75 210
26 185
10 63
82 139
15 75
32 167
39 124
165 168
21 70
115 125
46 100
134 137
118 157
80 117
0 107
94 214
39 128
13 14
8 130
32 92
54 79
7 45
152 181
114 126
136 210
106 209
138 193
78 136
131 212
2 174
136 152
29 172
181 195
43 187
42 135
40 165
101 141
116 183
206 218
91 197
184 192
130 189
104 135
124 167
116 133
74 150
130 209
56 145
46 94
133 182
53 107
11 208
65 178
116 193
127 207
165 189
46 98
90 108
52 126
40 110
33 60
29 98
64 65
30 163
105 190
104 146
68 164
26 132
50 105
82 92
8 152
55 118
156 177
17 50
9 220
13 59
11 133
161 189
35 62
59 119
34 222
100 209
31 68
89 181
40 63
50 148
61 108
36 118
52 172
73 134
70 177
100 101
138 139
9 30
84 114
86 199
42 188
96 123
111 191
105 191
39 155
1 50
43 61
50 191
64 143
1 181
15 181
73 91
101 215
65 93
1 89
40 115
121 182
71 139
35 178
9 152
86 168
100 102
170 192
43 81
41 196
13 148
79 210
75 170
46 55
122 148
154 161
34 133
58 82
32 91
20 88
82 125
149 185
211 218
19 65
114 205
4 168
21 150
42 50
96 151
141 199
86 120
116 197
102 108
117 193
23 84
30 124
127 204
43 138
60 72
93 106
97 145
57 114
33 222
40 197
27 38
112 146
79 172
66 122
44 176
119 129
147 202
10 77
53 213
38 114
103 179
34 173
14 70
114 197
102 203
126 161
40 47
129 205
0 116
46 180
10 118
22 217
17 219
5 8
16 38
100 221
147 215
171 218
61 72
167 197
145 175
86 146
60 66
11 161
10 175
41 74
95 172
16 181
87 143
97 165
118 213
76 147
129 151
50 80
80 113
99 161
43 217
5 19
54 168
11 201
94 191
117 120
53 70
48 201
121 125
46 181
46 139
6 220
124 182
45 222
54 165
134 146
19 181
55 90
82 222
105 136
119 216
81 108
26 30
103 119
65 137
47 66
141 201
129 150
138 184
25 212
86 90
139 201
53 188
154 191
135 199
93 117
6 205
101 204
73 169
134 143
171 216
14 187
59 115
204 206
9 174
115 168
126 184
68 202
84 194
70 204
67 94
72 204
85 105
32 61
109 219
19 136
79 107
118 199
141 146
22 177
14 113
11 28
16 137
42 60
122 168
85 152
28 109
84 184
81 132
94 177
13 216
50 178
19 142
59 130
76 178
177 178
149 153
34 68
138 176
157 212
24 26
73 196
148 179
79 204
1 145
112 143
173 181
156 172
17 82
211 214
141 192
107 118
77 218
10 48
67 178
115 218
176 213
11 176
2 140
137 144
158 209
157 213
33 137
14 134
156 187
116 222
64 135
75 152
37 102
74 140
96 169
42 77
115 209
164 177
25 143
31 100
135 194
102 194
133 200
81 176
40 188
69 152
11 17
107 138
25 128
3 47
11 135
45 62
23 130
72 85
16 70
109 155
27 186
63 73
82 163
169 216
76 219
48 65
91 118
12 143
24 98
34 147
179 185
67 160
116 178
74 176
1 101
55 127
85 162
88 199
40 166
76 117
4 33
135 176
38 132
101 134
96 180
88 180
141 181
27 52
46 93
108 120
58 136
34 169
132 141
22 211
41 191
77 89
12 56
113 123
91 123
100 170
65 173
163 217
88 167
53 77
149 174
150 165
110 182
164 171
124 142
4 102
34 143
40 184
14 120
67 162
131 219
148 206
135 221
61 118
52 128
64 125
5 141
59 96
14 68
139 182
131 169
6 52
93 217
35 138
119 166
137 159
99 157
42 122
89 206
41 185
178 208
38 170
21 89
44 147
42 112
10 126
57 221
132 171
2 56
26 51
19 107
149 179
77 193
90 199
7 75
72 222
118 152
168 174
11 189
130 153
35 192
87 122
194 220
54 163
156 196
93 130
77 154
4 108
6 111
84 128
12 39
7 186
102 222
134 170
186 194
91 127
119 148
40 176
151 162
150 169
155 165
88 210
94 208
18 160
51 202
88 157
14 216
134 149
100 204
168 189
10 181
39 167
2 72
152 215
30 108
89 187
67 80
10 127
37 74
14 190
41 118
127 180
114 149
168 212
31 72
192 200
44 74
118 148
35 172
2 171
66 178
63 136
67 198
74 208
3 186
188 198
61 176
133 141
102 125
2 125
25 142
73 98
39 52
69 73
150 206
174 218
95 132
51 138
101 170
24 66
42 47
177 208
137 217
62 142
1 158
62 192
100 114
162 204
8 80
1 204
109 213
17 182
6 216
113 190
114 202
115 153
131 208
108 219
168 169
134 175
142 191
54 85
13 25
42 196
64 185
50 53
82 104
59 140
66 118
37 199
36 85
163 213
199 215
60 169
63 174
21 220
71 133
41 221
72 136
108 111
164 210
50 113
41 126
90 174
39 114
63 216
104 160
35 52
18 56
62 63
186 219
147 214
31 56
84 171
125 195
46 155
5 153
23 57
111 190
128 220
45 102
22 67
22 219
69 115
107 169
84 145
42 92
126 139
86 124
27 215
119 145
91 158
144 193
109 171
47 102
2 51
149 157
77 101
39 125
37 221
170 190
72 217
42 80
68 162
97 110
192 210
85 215
66 83
25 92
83 218
10 39
104 176
96 202
38 153
37 220
6 34
148 198
151 197
110 128
10 88
83 163
34 194
204 214
33 79
39 207
76 133
82 148
41 124
138 163
39 184
0 47
3 92
22 23
12 15
135 222
21 35
71 174
170 181
18 42
20 77
43 60
61 77
98 210
34 58
96 179
140 142
107 133
17 72
36 125
17 31
30 68
83 117
48 90
43 93
36 86
69 118
70 216
65 113
53 133
84 140
78 129
79 174
72 147
27 120
59 138
7 192
43 150
52 54
96 116
139 142
91 119
78 103
65 132
29 126
106 185
25 174
73 128
11 32
169 193
23 66
26 184
18 197
36 159
36 156
88 115
148 205
112 161
75 110
108 124
125 144
106 154
64 154
12 221
127 142
35 152
7 34
60 68
36 77
126 160
34 107
44 150
98 120
2 188
106 121
105 125
92 195
28 185
57 124
38 186
82 87
23 215
189 200
21 218
71 147
10 135
19 185
51 85
99 200
101 217
163 179
97 121
123 166
59 194
12 89
1 221
75 123
111 128
64 200
156 163
106 220
13 46
66 208
56 220
21 190
30 181
56 89
15 100
28 83
44 56
31 109
20 156
137 184
13 81
84 191
80 102
6 188
196 217
51 76
28 222
82 181
1 222
145 208
13 195
174 207
144 155
118 211
34 163
79 101
76 222
145 161
156 183
40 181
59 112
5 28
15 176
15 66
59 64
185 220
146 199
91 215
142 188
152 217
87 92
103 187
131 134
5 205
0 141
181 183
101 126
100 121
56 170
63 210
134 216
107 186
3 97
62 119
15 141
26 31
23 118
151 215
49 68
72 199
19 175
167 194
57 196
27 64
182 202
105 197
75 197
79 214
187 221
162 222
14 153
88 90
38 127
26 82
165 204
83 209
18 148
66 87
23 47
25 71
69 163
3 222
43 45
45 47
70 208
159 181
112 174
87 196
37 177
61 157
2 29
61 171
137 149
73 83
129 146
109 164
40 128
162 205
13 53
23 45
56 109
71 213
129 137
92 128
20 146
81 211
65 149
165 197
154 207
66 204
47 84
103 140
17 48
67 166
165 208
97 99
56 123
62 166
13 24
81 171
42 144
56 74
89 208
61 88
145 146
15 138
7 80
36 83
4 176
57 177
34 61
8 37
18 81
154 202
144 149
7 30
56 133
94 135
173 191
13 184
50 190
44 46
28 44
117 186
166 179
175 190
130 222
48 124
53 98
93 177
75 135
52 75
3 159
32 115
91 111
36 79
46 118
29 93
14 91
32 219
135 208
23 152
29 137
189 220
170 196
39 98
20 192
31 153
2 222
86 202
75 193
16 24
79 193
1 156
71 152
78 188
88 168
107 154
149 177
62 90
9 172
134 211
135 209
173 190
10 193
209 216
124 166
50 101
165 188
39 61
16 90
13 174
48 109
82 112
159 163
48 153
51 187
37 126
23 26
64 127
142 174
39 115
5 92
9 123
177 186
6 217
18 207
118 209
21 66
101 168
43 192
71 208
81 187
77 164
134 220
19 122
20 162
28 194
41 216
120 167
89 216
84 164
13 97
58 184
123 131
66 111
42 120
71 163
107 115
15 157
18 198
15 124
51 108
5 6
1 80
18 20
150 191
122 141
50 171
73 126
19 168
7 64
16 165
7 124
20 106
39 183
104 203
63 187
10 70
130 150
132 137
125 182
16 151
99 124
0 198
116 221
47 80
20 206
69 106
52 206
23 107
172 218
90 148
44 47
57 140
124 193
55 70
103 116
96 135
82 155
16 138
98 209
197 218
44 124
95 169
110 202
94 203
83 105
62 68
52 137
193 194
171 211
95 143
88 175
15 115
63 112
8 55
158 169
68 132
125 150
2 192
115 118
53 111
29 48
68 174
15 191
121 189
71 81
183 218
27 78
25 150
143 190
23 25
94 132
37 171
130 165
25 204
28 177
200 218
68 91
6 194
7 53
65 181
131 209
101 201
74 178
40 78
120 203
16 89
90 139
24 142
0 27
70 176
109 221
118 154
121 127
87 89
156 173
98 113
32 39
34 67
22 205
178 202
26 50
105 200
3 42
110 174
13 32
58 94
15 76
102 178
76 150
113 209
57 98
121 169
14 106
22 74
24 195
185 191
74 209
78 196
12 118
122 152
175 176
26 211
111 131
62 114
62 203
128 144
103 200
66 182
7 201
7 23
37 155
6 59
57 178
26 113
120 132
27 181
75 117
3 101
42 167
11 212
102 164
18 76
81 180
113 192
21 113
120 173
111 142
58 171
43 79
18 181
18 40
73 78
4 206
20 79
142 144
148 172
65 198
33 149
98 118
37 145
67 190
70 202
75 180
21 180
195 212
75 221
8 39
21 100
75 120
37 144
86 198
133 214
126 134
18 83
46 135
111 177
171 205
34 184
49 184
62 145
67 171
16 203
22 184
87 178
58 143
15 65
8 168
124 141
27 53
118 162
4 70
191 205
3 147
59 195
29 142
117 173
28 154
41 76
77 148
117 162
20 81
0 222
63 195
39 74
129 192
53 212
95 197
37 131
31 49
18 97
82 166
81 104
9 106
144 222
2 186
88 182
89 209
35 84
164 191
125 148
10 160
45 172
50 116
129 168
29 221
0 136
16 196
8 173
82 152
1 29
106 178
58 64
65 166
34 192
173 195
39 81
35 190
70 154
136 165
34 35
25 137
25 58
14 25
58 134
166 168
4 62
27 161
153 189
40 205
193 209
137 164
80 136
12 97
145 174
8 34
32 98
27 110
123 176
23 106
144 198
6 207
25 163
31 164
56 221
94 189
79 96
15 98
159 187
208 217
31 183
92 220
49 180
140 201
52 59
19 211
0 96
129 198
35 217
27 137
29 64
7 141
25 31
6 189
3 27
64 181
130 182
82 213
132 210
25 148
96 182
133 174
29 105
8 176
33 101
35 125
11 136
2 213
75 202
16 33
40 123
94 204
3 29
134 202
93 190
190 197
50 162
30 173
6 129
15 23
74 112
59 141
55 129
61 189
101 148
8 213
25 39
47 56
40 91
114 178
20 200
6 40
6 152
66 160
82 145
14 98
98 172
17 97
11 20
29 191
4 99
86 135
66 206
29 154
90 164
11 50
23 27
179 217
85 111
126 158
67 85
110 138
88 159
59 172
60 69
129 134
12 44
92 95
10 134
92 197
28 145
15 39
92 138
78 98
179 218
35 221
12 196
7 52
67 163
39 174
47 199
32 154
203 222
42 115
187 194
4 101
116 218
67 128
65 86
112 125
206 207
137 208
41 47
55 143
5 177
56 181
22 61
9 124
77 167
95 109
1 122
18 213
40 220
99 102
5 206
141 185
84 217
94 194
216 220
67 216
10 148
4 120
50 204
13 111
160 176
62 222
29 84
114 157
34 90
98 214
14 111
4 52
160 199
113 116
170 212
37 125
196 205
49 170
130 201
55 73
43 135
75 88
183 197
114 175
164 216
112 175
37 197
128 203
59 209
85 192
10 123
52 86
11 146
16 156
118 134
31 149
169 218
149 178
165 174
1 172
76 149
15 190
111 212
5 195
71 113
162 163
72 92
69 82
43 162
150 167
88 141
29 148
44 45
50 141
21 216
158 211
113 132
41 192
54 140
107 116
119 174
7 147
94 212
91 218
62 66
165 182
1 64
49 51
0 126
6 17
11 45
64 72
98 222
27 140
29 97
180 210
24 217
71 161
4 164
175 217
34 113
2 133
81 166
121 196
79 179
4 38
42 119
8 127
160 194
63 175
84 136
53 174
121 167
183 221
132 156
90 165
146 200
47 127
46 171
61 175
167 171
16 164
75 129
18 183
70 171
20 139
164 193
61 102
55 117
51 204
71 156
5 129
81 212
117 159
38 214
61 146
113 114
136 222
10 16
0 143
21 168
72 165
197 211
103 133
127 199
87 154
109 168
142 203
190 222
19 44
109 194
164 166
114 132
28 148
13 103
34 70
173 178
1 88
130 172
62 77
41 152
11 120
96 104
63 129
31 91
67 135
141 166
2 109
152 199
173 177
176 183
153 212
109 211
3 102
72 216
156 164
43 63
53 173
35 146
20 186
109 136
97 211
1 43
168 178
142 192
24 200
3 54
98 121
187 208
34 105
88 164
30 155
113 173
81 207
48 210
43 181
146 185
75 201
56 188
19 125
29 66
52 210
39 135
51 124
209 218
83 205
1 211
211 215
47 76
103 171
194 217
4 79
14 148
102 181
140 183
18 89
46 141
10 149
15 151
28 33
164 206
81 119
169 190
43 49
43 84
1 169
24 151
79 190
52 217
71 101
15 139
3 132
53 142
140 173
51 91
38 172
190 203
25 214
71 170
121 159
38 101
66 157
160 221
70 199
136 220
112 186
53 102
77 133
90 179
100 200
122 219
110 164
113 154
67 74
9 178
86 131
37 188
67 145
106 153
110 192
132 216
103 118
9 68
12 146
11 195
4 135
124 190
44 132
6 110
8 123
159 166
14 49
116 128
37 43
37 141
46 201
63 125
42 139
164 172
198 207
17 212
66 78
101 210
25 187
122 143
47 123
134 169
67 137
6 172
149 205
76 96
35 95
82 119
55 218
64 175
26 202
105 196
112 172
68 95
64 146
50 59
23 76
7 18
53 157
49 191
30 39
115 185
71 167
82 126
32 176
64 74
142 198
13 78
159 195
11 29
63 200
3 50
107 144
117 207
7 191
22 189
42 184
56 159
75 134
91 209
115 202
9 196
84 210
14 87
111 143
22 31
42 165
57 126
58 116
34 150
69 110
103 107
181 188
104 174
138 183
43 142
26 52
14 196
38 41
7 50
54 146
2 207
3 22
43 167
64 109
78 195
115 210
134 183
115 130
103 195
165 205
1 186
75 85
34 124
32 178
79 81
36 221
28 61
103 188
69 126
11 173
89 138
81 152
101 138
76 171
205 211
57 159
54 63
86 92
19 117
107 179
169 178
99 179
40 144
171 172
49 126
24 185
151 195
90 215
22 140
122 139
72 221
31 70
212 217
11 191
120 139
63 218
78 175
2 141
58 208
72 160
106 141
96 153
81 133
144 189
42 76
51 60
26 212
99 189
2 155
28 86
34 140
12 121
80 170
55 68
39 180
50 175
5 213
8 62
50 201
138 150
37 190
2 21
32 146
3 38
75 196
145 216
125 181
66 80
2 76
78 158
73 106
30 127
29 136
70 142
127 171
121 185
140 155
120 213
41 60
17 154
26 43
194 219
122 182
73 173
17 201
45 154
125 162
37 51
206 222
99 212
15 186
131 133
117 127
182 203
22 79
66 91
61 208
83 169
178 191
35 163
195 198
36 91
199 209
112 192
123 140
93 107
8 66
25 218
0 118
79 161
136 218
48 63
88 192
127 212
147 178
8 22
83 161
90 167
76 134
30 46
110 208
78 119
25 43
104 221
58 220
18 62
43 157
55 98
109 111
175 196
11 182
108 129
78 106
53 72
17 90
29 56
187 211
43 69
70 164
162 201
147 152
202 215
144 211
48 149
31 37
198 214
110 181
169 208
45 219
184 217
119 212
21 172
61 97
86 185
52 94
149 195
168 197
28 202
83 185
121 135
141 165
40 221
146 156
142 184
66 102
66 123
146 217
42 153
4 215
29 152
103 162
194 216
10 37
15 140
94 106
14 191
86 211
121 200
66 129
179 200
63 191
56 194
15 189
158 202
123 157
177 194
128 165
15 28
89 158
28 199
37 172
130 132
49 88
142 220
56 110
156 207
112 202
97 152
72 91
105 133
80 108
122 214
9 50
33 78
161 174
0 90
47 50
13 205
21 133
42 109
43 96
95 161
22 55
17 167
20 74
37 192
157 206
40 193
32 36
17 161
6 209
131 187
101 184
69 172
92 219
65 105
92 121
56 62
98 145
125 222
87 130
54 172
174 211
36 149
172 175
137 138
113 117
68 141
152 221
40 139
101 131
104 130
99 146
142 146
64 215
92 110
31 88
78 99
168 193
53 141
10 101
53 84
1 216
40 210
77 128
106 187
147 185
46 120
105 123
28 149
95 149
126 170
156 168
0 101
143 199
1 203
45 120
156 176
16 185
9 164
64 214
16 202
63 214
97 143
117 136
13 221
53 97
187 202
6 165
201 206
12 182
3 105
97 195
54 176
0 75
0 142
25 185
17 32
143 176
43 218
14 28
103 181
39 198
27 185
123 136
32 128
20 64
48 162
15 128
81 103
119 192
24 222
11 49
53 108
74 151
5 145
37 158
87 157
33 202
30 35
116 122
104 132
18 73
94 109
18 132
57 188
18 123
45 133
143 195
57 93
184 198
131 136
52 161
46 127
57 62
69 219
47 185
207 213
4 116
68 139
48 140
78 208
64 116
52 101
103 170
48 121
125 156
182 208
7 205
61 181
34 136
36 89
101 147
180 205
52 143
8 83
45 131
3 127
85 92
73 141
32 50
1 23
70 109
103 155
60 219
194 195
56 204
129 188
29 44
44 148
142 222
30 100
84 135
68 197
117 194
183 201
52 207
12 20
73 177
7 22
4 92
12 162
20 114
57 202
51 150
148 190
163 200
9 88
66 184
35 159
23 44
48 177
14 46
53 149
92 96
138 147
101 136
49 209
43 128
97 150
57 208
186 193
12 169
52 222
71 219
73 103
12 95
94 158
172 213
74 143
51 188
38 137
78 211
27 39
21 40
118 210
38 77
55 194
29 127
23 42
194 197
18 205
42 202
175 186
105 140
169 187
5 174
75 100
83 95
42 208
39 70
99 199
55 92
29 171
15 126
147 201
16 103
117 189
78 83
161 199
42 217
143 215
31 62
102 134
56 209
153 164
39 203
124 213
50 210
74 98
132 218
93 175
5 102
78 107
94 184
41 51
97 153
72 175
80 103
196 198
165 207
7 155
68 166
201 205
2 81
3 70
178 199
30 140
76 115
40 207
55 171
112 134
29 151
43 65
118 155
43 53
22 165
134 165
2 156
170 222
30 80
6 166
88 222
123 139
77 188
129 215
33 65
88 121
57 105
178 216
49 57
7 121
77 178
130 168
146 191
92 203
30 88
126 171
97 131
32 125
77 161
87 151
9 221
172 217
188 215
53 95
35 76
56 85
13 179
42 154
89 168
45 76
9 136
49 198
34 45
57 192
45 67
32 83
39 216
44 61
90 135
22 194
17 162
106 200
114 212
57 97
14 95
44 164
59 79
0 170
3 198
85 173
64 76
91 216
93 182
21 26
76 77
100 134
97 127
30 178
9 128
105 204
20 34
167 195
66 154
18 188
0 196
126 136
166 185
69 120
132 175
86 138
18 209
19 150
8 169
164 220
5 204
11 57
127 221
14 39
137 174
72 142
9 122
83 138
154 196
22 202
30 185
179 206
75 163
127 137
16 27
136 146
183 196
17 106
92 168
109 126
36 210
5 180
77 117
53 123
143 203
161 170
169 209
48 74
125 128
186 202
53 94
18 68
16 191
19 169
25 53
42 174
170 187
54 129
71 138
83 88
50 198
20 68
157 195
29 211
54 110
99 129
18 204
5 82
107 195
139 186
148 203
188 193
35 54
127 176
11 157
96 130
52 173
91 132
45 177
107 143
22 203
51 135
68 149
6 187
46 104
60 165
43 95
99 168
129 172
33 169
100 137
26 68
8 103
199 203
5 55
71 84
122 124
151 199
28 122
1 86
23 31
7 20
68 73
175 200
27 175
150 157
35 132
6 123
48 189
51 207
138 220
64 142
210 222
98 131
92 98
48 138
41 62
212 219
34 206
6 80
23 37
137 219
18 212
177 197
37 143
89 212
71 218
116 121
34 156
18 191
147 217
10 83
91 155
157 188
47 221
33 91
26 209
23 65
56 206
57 161
73 100
9 108
38 139
153 215
147 218
171 188
78 172
123 197
142 207
141 183
35 183
101 110
14 65
43 178
36 191
41 169
62 115
32 95
14 177
3 194
79 222
20 113
31 172
150 192
48 72
145 190
69 83
32 196
10 116
62 94
8 172
18 146
1 163
29 87
31 82
32 90
42 114
30 62
55 167
30 199
23 38
94 117
96 112
199 220
77 153
34 42
108 152
24 186
22 139
62 207
19 191
77 205
25 90
164 170
105 218
58 110
0 54
18 102
0 172
215 217
134 199
147 174
14 198
25 220
48 98
126 185
20 108
84 142
68 100
94 134
21 72
177 188
79 164
69 170
160 201
46 144
80 210
75 144
41 105
23 85
52 125
7 28
26 53
13 105
29 190
39 86
132 176
15 51
98 143
151 194
103 208
56 112
7 96
95 204
88 97
9 17
33 178
47 131
27 121
112 180
53 171
27 125
125 153
54 151
15 170
167 175
69 196
1 151
135 137
83 99
22 65
166 170
31 154
124 165
43 88
117 145
57 155
85 110
125 215
95 107
5 63
55 78
37 210
63 95
11 149
153 200
56 163
64 188
104 115
117 163
3 82
102 173
23 140
176 220
87 117
131 149
22 180
65 141
70 125
55 185
5 113
9 217
18 37
133 144
180 183
62 188
68 97
161 208
178 207
53 57
15 61
12 188
60 62
169 221
37 44
123 177
150 155
77 215
60 191
27 83
77 206
104 214
8 190
36 178
0 210
67 93
131 191
71 85
46 192
59 171
74 206
45 125
77 168
78 114
188 218
81 135
96 118
59 212
82 194
58 213
2 177
87 90
92 211
124 176
52 78
47 108
3 59
126 130
0 158
58 183
86 189
47 73
76 103
35 120
37 118
25 76
71 205
107 212
117 157
41 219
78 144
100 181
2 35
46 172
150 202
143 177
136 187
67 208
148 159
23 81
100 186
131 172
0 153
77 139
137 195
59 104
10 22
24 216
127 211
105 159
36 170
84 222
84 95
68 115
140 213
81 197
108 146
103 112
94 215
64 191
10 41
125 126
78 94
72 177
24 205
59 95
71 151
121 134
13 36
13 47
117 148
20 127
22 108
17 38
96 206
87 119
24 67
58 202
73 130
12 13
26 163
99 201
15 205
48 117
56 142
86 97
82 133
19 48
1 59
94 187
30 174
17 168
189 219
73 213
35 57
30 96
7 118
126 143
87 153
142 183
203 210
9 110
103 217
148 210
143 150
36 64
67 158
73 75
2 15
62 214
67 213
15 92
2 105
2 120
4 37
175 184
74 94
9 104
81 123
93 141
111 135
161 219
18 189
96 161
103 173
34 196
113 174
36 128
140 193
108 198
60 92
78 109
104 122
22 50
98 147
86 165
155 170
156 216
48 107
62 84
134 147
156 217
106 156
75 151
48 97
154 170
135 201
5 95
125 202
29 213
6 66
80 220
55 203
8 96
148 177
5 128
58 162
56 114
49 148
141 157
194 199
98 204
111 145
62 202
148 155
18 149
28 117
126 168
0 13
160 173
64 160
33 53
36 155
131 152
47 72
27 59
21 125
144 177
58 140
38 108
59 86
173 222
57 84
165 217
51 167
94 209
159 216
13 31
142 172
17 152
47 104
72 128
42 206
24 159
68 76
70 159
174 212
110 154
71 115
40 51
62 99
121 157
101 113
190 209
39 75
64 172
80 85
6 131
146 202
131 153
52 127
8 68
104 148
6 171
89 183
137 166
129 176
13 38
14 197
17 129
1 182
93 213
102 123
137 168
217 221
71 82
156 204
180 213
119 222
1 71
46 169
92 131
79 188
92 103
91 200
44 64
53 189
7 86
36 39
5 7
108 139
57 66
76 183
8 170
69 100
51 199
6 99
109 208
7 163
20 84
56 149
65 67
5 137
119 144
150 182
17 141
86 164
38 190
62 65
26 188
55 217
66 135
79 102
65 121
158 208
119 153
7 215
161 197
28 40
162 215
26 27
35 121
6 49
12 195
43 159
2 65
5 56
97 123
88 186
199 201
125 139
26 156
119 193
3 207
183 195
155 216
6 115
2 196
96 110
42 222
38 182
46 131
2 37
87 169
22 210
63 206
29 198
6 58
36 166
1 107
32 174
30 210
91 115
141 208
105 151
155 198
108 206
150 185
177 203
79 159
85 218
73 148
112 168
33 188
15 174
29 139
23 70
3 71
2 12
34 218
123 124
25 91
100 215
8 188
30 82
197 210
5 110
96 177
33 162
36 209
124 134
193 198
220 222
11 33
19 70
100 178
50 109
3 20
19 71
194 222
7 160
20 109
39 188
97 158
62 220
21 127
15 160
59 105
21 94
45 124
94 153
27 183
20 51
172 189
194 218
141 159
59 205
142 211
30 107
23 122
21 131
58 209
99 208
25 32
195 221
138 167
80 134
27 56
138 192
107 208
64 187
99 167
6 120
38 122
130 140
110 123
1 46
158 167
97 125
56 197
175 207
86 104
92 146
159 186
181 187
72 191
2 185
46 96
2 166
173 182
15 118
79 116
7 69
19 120
49 200
49 84
45 156
48 116
41 214
202 210
11 204
54 102
128 160
9 141
152 204
4 73
37 211
55 208
75 206
63 134
29 102
70 179
21 138
121 217
102 145
139 145
8 14
3 30
18 78
22 192
61 71
140 200
18 145
96 111
21 47
94 199
6 174
74 213
166 200
0 203
109 166
112 139
109 216
43 64
51 103
100 183
153 195
91 154
104 209
137 158
142 143
12 99
93 136
107 142
10 47
46 221
17 139
154 162
198 217
164 195
32 165
50 96
79 141
24 153
130 141
34 209
49 149
144 180
67 176
163 208
119 134
3 49
23 46
114 174
105 184
38 157
155 181
104 154
57 200
118 169
12 133
167 178
16 20
28 43
16 62
11 128
167 216
17 193
23 96
70 93
90 155
107 122
27 93
200 222
110 206
129 183
114 171
76 186
22 123
74 211
74 191
90 147
100 156
164 196
21 109
28 92
68 134
72 122
147 212
182 211
16 63
14 151
123 154
108 181
79 189
141 160
108 119
134 176
115 206
68 135
65 185
94 111
2 98
73 99
9 92
4 186
7 56
153 211
17 146
97 146
50 112
90 217
4 110
72 146
68 189
22 101
38 141
18 175
145 206
56 174
3 156
63 176
9 119
27 212
14 178
53 206
61 76
49 155
73 221
152 208
107 188
157 178
109 210
4 113
91 178
118 182
193 201
215 219
90 122
103 175
11 67
165 179
161 204
37 157
95 222
66 173
155 214
108 209
69 101
110 189
66 126
48 49
77 96
49 120
124 172
29 204
118 127
24 136
6 143
60 179
0 6
161 162
139 222
34 48
11 163
77 146
4 88
4 211
127 184
17 73
94 99
38 147
107 132
18 108
65 75
43 155
55 120
84 113
210 214
73 105
69 71
51 95
21 171
20 177
125 132
25 60
165 175
87 194
70 173
68 161
12 183
111 148
106 155
5 76
6 71
151 185
163 197
90 163
36 44
67 126
137 215
13 82
98 142
101 179
95 150
13 113
31 84
29 71
34 135
42 176
210 213
3 113
23 112
79 186
147 205
29 208
40 138
143 148
29 165
38 46
31 110
80 140
126 215
37 124
146 192
24 119
116 142
29 160
110 129
124 171
87 219
189 211
59 147
92 164
15 175
41 142
72 162
73 144
10 79
118 222
58 65
17 208
176 214
152 163
41 52
77 192
78 194
10 167
119 177
23 80
62 164
163 210
111 217
25 112
31 121
23 79
53 71
54 105
69 220
22 89
181 199
182 209
147 194
112 197
69 105
123 144
107 120
7 72
132 215
62 107
102 185
88 218
63 177
19 93
150 168
64 186
123 215
1 41
183 192
140 210
122 131
55 96
17 63
135 211
79 110
25 208
139 176
11 183
157 180
38 45
60 119
128 212
123 184
15 207
0 56
83 122
207 220
5 99
86 176
117 121
200 205
101 219
21 69
77 190
104 158
14 133
34 193
70 206
68 110
75 218
22 76
22 34
81 181
76 172
171 183
51 59
10 213
197 202
13 155
147 164
56 208
44 166
97 201
79 181
10 124
33 126
196 197
122 136
39 220
154 205
36 205
8 196
143 193
12 93
22 24
136 189
123 156
46 158
87 152
97 124
182 221
175 218
45 208
32 101
19 101
114 125
89 131
45 168
41 204
124 138
91 181
128 135
153 213
5 26
99 217
107 220
109 169
81 193
39 139
79 163
88 191
215 222
31 139
56 73
163 176
186 222
124 217
105 210
123 196
15 169
12 74
85 170
3 13
170 209
162 181
104 189
10 93
51 80
96 184
117 183
73 132
132 191
91 104
42 183
172 179
64 163
114 164
43 186
84 110
133 199
72 185
142 199
12 181
79 155
90 141
100 184
10 57
2 148
34 207
54 141
48 216
97 107
176 200
2 95
160 192
118 179
170 184
68 203
2 143
136 137
192 198
63 186
51 64
14 219
42 99
0 83
66 181
14 115
75 102
82 102
165 198
46 190
11 118
71 114
1 187
76 189
139 192
137 145
65 201
184 205
98 165
42 209
100 157
12 185
117 219
75 187
131 166
10 24
46 208
149 208
12 107
13 219
140 221
69 205
0 201
0 216
28 69
122 145
81 134
83 118
49 98
18 192
77 111
104 164
22 94
7 93
71 195
95 103
35 211
90 133
76 207
18 124
71 166
178 190
77 201
29 91
36 40
3 152
59 200
173 185
87 94
52 147
155 162
126 149
57 76
152 165
213 218
10 217
154 203
118 177
15 201
159 196
44 88
177 180
55 74
167 168
50 189
1 123
173 202
73 111
119 132
166 190
91 217
65 104
45 176
148 222
95 114
20 143
11 25
15 135
70 89
154 160
42 75
133 163
137 210
2 216
13 44
46 86
42 200
95 139
82 174
18 29
2 46
109 122
15 89
162 194
51 194
79 125
159 162
100 201
38 125
81 92
31 67
112 184
95 211
13 145
148 170
130 155
29 166
18 138
162 164
10 210
38 64
56 157
112 154
180 217
82 105
11 71
145 148
1 131
29 120
94 179
78 160
69 211
86 217
10 12
20 142
8 141
111 174
183 220
182 192
14 145
119 182
208 213
3 6
4 129
69 80
1 51
33 50
48 150
164 175
78 173
164 190
68 159
84 176
149 158
40 67
92 216
10 200
27 63
27 88
60 95
162 184
64 197
44 136
134 141
30 53
0 51
67 155
19 204
78 182
70 161
46 142
117 216
128 185
33 57
110 140
75 212
200 201
108 159
24 213
107 177
113 175
139 178
72 130
110 213
103 213
44 163
90 181
116 171
20 111
32 127
64 205
38 73
4 123
6 18
10 117
52 202
59 127
126 180
38 181
105 108
85 194
114 192
37 128
164 208
141 197
80 146
108 116
164 203
55 196
0 23
104 182
36 101
44 81
144 179
2 20
70 210
150 154
23 77
59 150
60 111
35 155
196 210
113 184
96 175
78 124
145 207
86 110
80 110
101 178
38 51
134 222
68 186
75 214
16 36
25 178
160 178
179 194
62 86
157 192
27 166
6 57
129 173
52 178
55 189
3 100
37 66
147 213
29 94
44 53
215 218
20 65
13 153
49 133
63 207
52 72
81 170
41 43
103 193
0 25
21 142
34 63
22 197
141 151
136 160
2 131
21 208
7 112
28 113
86 148
84 86
66 92
68 79
135 146
118 119
110 194
31 169
130 176
191 208
155 158
24 134
110 147
119 217
153 161
105 173
58 175
42 191
52 174
29 156
45 217
20 174
6 26
120 175
29 150
55 151
6 206
120 133
47 212
122 163
8 175
45 129
25 70
12 103
46 153
160 165
112 133
144 184
26 47
51 168
31 167
45 198
75 174
183 216
19 179
136 217
80 180
12 69
50 153
64 182
36 88
18 19
38 152
2 116
144 210
159 173
170 193
34 211
106 190
105 116
144 150
4 196
83 198
14 175
79 97
24 204
5 130
0 160
12 113
36 145
96 140
57 169
109 207
95 202
1 120
19 199
109 113
71 217
60 61
89 136
61 167
117 125
82 134
93 112
54 203
12 101
83 150
54 214
105 128
86 179
37 73
48 200
118 140
41 213
47 109
23 111
168 179
40 111
3 172
28 29
77 81
125 199
170 210
5 171
131 159
109 149
50 180
107 147
10 143
165 191
115 139
109 150
56 162
138 196
115 156
80 201
69 159
124 205
96 218
71 194
127 192
116 204
17 18
9 71
188 210
49 221
53 89
166 218
3 220
59 132
145 211
147 187
166 219
154 181
83 168
88 190
79 133
103 199
24 157
84 101
147 188
35 110
65 189
5 117
52 205
48 69
2 135
22 56
33 84
107 196
71 188
4 34
27 209
89 211
1 195
166 183
8 18
68 72
130 133
156 171
34 162
135 216
2 53
31 180
99 147
52 186
19 30
79 129
8 164
88 139
103 142
152 190
154 214
115 135
47 215
4 193
67 84
66 210
45 152
35 151
59 76
114 222
49 121
102 141
90 152
29 106
22 220
101 186
11 166
64 110
22 85
1 137
100 202
39 204
30 67
160 187
100 222
65 143
2 195
53 168
15 90
17 115
106 161
52 164
125 193
33 221
175 212
25 103
44 191
0 85
1 4
39 123
147 183
17 204
134 157
122 161
58 122
95 127
0 159
27 109
67 173
93 211
89 221
47 95
139 156
31 119
7 188
79 142
41 87
36 102
151 178
20 46
45 103
168 171
137 193
64 102
88 170
183 206
20 214
141 164
152 156
88 136
107 205
216 221
99 128
131 156
72 183
38 213
25 136
31 214
33 182
147 203
65 126
92 154
23 170
107 112
81 164
78 133
47 115
174 209
33 198
41 95
34 139
94 141
89 205
116 208
88 188
59 168
64 141
84 120
94 193
25 164
98 189
106 142
6 141
34 71
108 171
19 126
126 150
94 190
105 121
101 176
24 64
178 212
99 142
184 196
21 77
47 78
66 141
50 139
24 93
30 75
83 133
74 134
106 188
166 167
4 209
106 203
94 182
77 194
9 84
96 119
73 205
75 179
30 51
31 74
67 157
79 168
7 165
22 163
63 104
139 197
84 203
74 116
20 94
133 149
193 213
74 133
25 139
16 109
108 182
142 156
98 108
144 219
157 211
120 122
172 207
4 148
131 181
61 64
68 129
186 188
43 114
102 212
87 138
73 158
49 161
62 143
4 51
6 11
120 159
64 117
159 202
59 179
66 143
18 135
89 123
189 209
40 192
117 169
3 8
6 134
6 44
62 64
112 149
114 152
8 210
130 212
50 118
76 101
9 215
199 214
14 150
8 76
26 111
142 196
0 43
173 203
171 207
8 31
84 172
65 140
51 157
59 137
26 91
39 213
86 100
102 118
187 212
57 170
30 115
178 221
23 90
191 209
29 197
0 29
88 133
27 149
17 128
174 200
148 219
31 79
178 204
33 147
75 181
52 166
51 75
15 144
179 222
90 116
133 160
18 221
49 95
19 151
149 189
194 207
27 197
92 111
39 83
85 133
75 188
29 113
45 97
29 70
92 162
175 216
95 184
30 73
39 217
120 126
104 131
80 92
118 135
151 221
28 150
102 169
59 153
54 186
124 220
36 130
77 142
14 55
176 207
9 199
120 177
112 170
49 60
24 37
54 120
151 168
41 70
158 165
26 161
194 201
122 135
142 150
105 177
110 127
41 179
159 174
23 48
50 77
28 100
65 170
86 96
49 115
10 110
11 187
115 127
5 123
10 170
39 153
110 204
26 78
19 178
140 151
32 180
6 195
73 120
0 81
8 146
1 52
48 118
55 116
130 208
180 206
92 97
84 133
122 208
91 151
63 189
45 162
29 220
140 209
19 34
62 208
151 158
45 96
139 161
97 111
31 161
26 150
72 115
15 113
4 27
122 129
59 60
6 176
40 120
77 116
110 171
55 195
53 204
22 215
21 198
43 163
54 81
7 202
47 93
93 155
54 112
31 47
31 131
118 193
61 218
17 23
91 184
11 205
17 20
76 141
51 183
7 123
77 151
41 132
116 152
165 186
20 63
113 121
45 173
18 184
29 101
40 55
13 144
39 105
105 171
73 157
40 48
13 34
44 66
73 122
14 222
2 206
95 221
1 39
120 191
199 204
13 41
118 141
57 115
40 75
117 200
217 222
105 167
85 150
93 118
196 214
16 110
13 220
115 178
143 149
101 135
143 184
24 33
65 215
16 76
198 218
70 135
188 191
93 192
24 57
137 165
180 215
28 101
9 48
77 136
58 169
4 32
24 194
34 79
95 133
80 95
112 187
106 125
125 147
18 172
146 207
120 125
167 214
106 135
43 200
66 70
176 196
129 163
151 208
30 58
48 159
133 209
191 197
45 109
9 45
112 204
29 179
33 43
113 181
75 140
18 131
66 89
77 126
23 205
140 168
35 91
57 173
111 201
70 214
58 70
137 189
24 211
25 86
66 216
130 158
89 101
112 166
203 207
64 68
136 190
109 185
156 198
95 177
106 116
98 126
74 96
10 186
29 45
76 88
22 81
55 57
12 218
138 141
81 156
78 161
123 148
99 152
175 214
95 210
124 179
12 126
145 168
110 120
19 25
91 139
28 56
32 33
51 137
50 74
83 127
76 116
121 124
115 122
56 139
82 218
24 45
118 212
127 161
27 159
16 215
60 193
92 122
114 128
147 172
47 202
31 156
56 179
102 121
56 91
56 121
52 171
161 181
47 191
78 191
135 162
90 102
159 164
17 149
4 128
74 124
20 48
94 97
194 205
173 219
32 157
84 186
81 183
70 136
20 144
39 79
194 213
105 148
86 156
136 193
50 211
35 137
120 161
99 103
153 179
4 213
131 217
50 73
84 127
45 216
104 211
47 91
57 182
68 87
93 128
19 22
1 63
71 197
2 208
104 198
20 137
56 185
103 108
49 73
104 149
92 150
22 159
105 147
160 180
131 138
187 214
27 202
3 193
36 92
61 109
41 212
29 59
168 208
22 57
82 85
108 174
215 216
79 154
3 40
139 159
173 210
57 135
56 78
140 205
159 182
28 31
26 174
19 147
96 209
75 92
104 169
131 143
46 211
33 77
86 95
116 119
75 130
42 96
1 20
81 160
27 191
11 21
8 93
31 193
6 79
21 91
16 66
82 156
10 214
4 131
95 171
190 210
16 22
87 208
79 184
61 222
72 131
136 194
35 129
38 47
28 186
71 111
74 159
101 161
10 19
200 203
1 159
122 220
192 214
27 172
84 177
24 141
192 222
59 161
22 49
11 165
83 116
141 156
21 81
76 122
134 187
56 212
49 138
65 158
120 185
113 147
119 178
79 118
87 113
159 190
172 198
170 204
26 159
116 215
11 196
139 163
105 110
28 183
78 97
63 196
113 139
142 162
7 40
95 141
17 76
57 187
0 91
21 188
157 186
133 185
105 187
63 154
14 149
134 171
98 171
3 165
98 140
80 106
137 187
116 202
76 196
39 54
3 177
165 194
167 215
171 193
36 137
80 191
116 179
188 200
74 105
70 162
29 96
70 75
93 139
4 14
38 150
79 162
115 140
148 221
169 207
64 96
89 137
44 71
22 42
13 207
32 168
23 128
12 71
119 139
62 205
26 182
109 146
74 137
65 108
122 217
0 163
131 192
68 94
5 138
52 109
18 91
120 207
85 156
44 97
187 207
29 119
32 138
133 134
0 48
149 165
35 122
135 140
2 49
46 84
36 54
111 172
140 218
152 195
59 143
20 129
6 114
136 162
3 169
92 222
175 220
20 70
5 208
62 153
160 170
53 182
79 143
71 157
29 77
152 200
54 180
130 166
15 182
104 202
1 72
15 168
58 196
117 143
169 215
49 109
52 160
15 161
57 132
3 162
39 49
74 157
87 114
6 81
157 166
82 202
13 156
23 54
76 168
44 182
15 93
120 196
55 197
185 206
60 217
192 201
97 192
123 164
95 138
14 96
156 180
89 166
50 155
114 124
49 178
71 184
184 211
200 213
128 218
49 123
95 168
169 181
162 212
124 196
75 137
14 92
57 176
158 185
173 214
143 209
133 157
98 103
141 163
94 116
70 120
47 222
34 189
86 129
106 148
17 110
14 44
114 218
121 150
15 99
201 202
22 222
125 213
29 52
68 148
50 165
117 134
139 141
149 166
72 151
80 197
98 110
177 199
70 212
50 130
98 187
64 190
27 151
65 78
96 165
71 158
21 179
40 85
143 172
32 156
26 87
45 93
48 151
153 192
9 120
31 195
72 97
60 130
187 218
28 60
50 72
173 212
112 212
34 175
18 46
82 169
19 51
138 156
65 87
50 202
140 207
75 76
144 214
37 167
79 130
166 201
15 210
160 211
129 177
32 206
8 79
28 178
6 169
196 207
86 212
115 200
29 195
79 211
40 156
23 99
51 184
94 151
138 177
171 202
19 177
42 93
139 220
139 203
67 152
91 170
0 171
4 219
80 176
84 124
3 31
42 130
69 111
21 166
52 221
92 208
8 51
23 192
172 216
166 204
100 185
139 190
95 101
43 188
59 121
59 155
6 64
3 115
13 80
110 211
8 91
53 175
31 189
38 209
46 64
210 217
167 191
155 185
187 201
91 93
39 107
112 162
37 64
52 141
159 194
10 62
46 138
58 163
43 106
60 209
53 215
163 167
26 140
20 149
22 95
61 162
3 77
15 222
28 171
64 161
51 88
77 93
94 103
31 116
116 170
3 166
173 174
40 182
16 213
137 204
25 95
31 184
19 62
155 179
7 19
22 54
184 214
0 38
62 212
161 211
18 34
5 157
182 188
64 119
27 31
26 71
168 180
30 169
71 128
11 169
30 33
19 171
8 43
78 203
14 201
85 197
80 165
50 144
125 158
124 130
40 141
119 219
21 115
183 212
54 86
30 161
116 124
104 217
83 193
11 151
144 205
158 219
96 212
6 97
181 193
110 193
65 128
147 182
48 110
171 222
16 32
137 211
187 213
79 114
13 222
98 156
187 200
98 122
29 63
30 78
170 198
51 115
23 114
8 23
100 120
209 210
201 204
13 154
68 90
59 133
138 160
9 222
50 212
115 172
6 197
101 169
146 153
132 195
79 182
112 165
53 216
21 103
20 25
108 142
4 68
79 84
80 123
63 159
52 63
159 176
102 200
12 176
55 59
64 170
207 221
44 129
122 203
4 36
180 197
28 200
204 207
101 172
142 204
38 49
79 105
43 55
75 216
151 160
27 180
185 215
141 212
42 220
47 157
93 209
64 92
196 202
33 40
106 174
13 176
38 58
66 175
18 125
16 192
55 135
11 51
158 195
122 174
144 218
59 75
77 113
66 211
34 142
50 173
102 176
81 148
126 202
80 178
83 187
55 186
33 75
61 62
67 78
16 46
148 202
55 101
96 215
162 187
39 154
5 17
52 135
24 165
18 36
12 153
55 177
59 117
166 205
42 136
52 82
138 200
93 132
149 197
176 188
133 145
145 202
3 216
112 213
109 154
56 158
13 118
94 156
49 197
97 133
32 111
2 163
33 161
18 153
39 222
14 155
46 56
55 139
57 214
7 153
31 216
35 147
151 211
130 211
44 79
44 140
99 184
108 114
29 100
32 88
5 57
32 207
122 198
17 199
176 191
58 150
34 204
120 179
57 90
67 70
27 49
72 106
191 211
86 194
185 217
103 180
19 81
26 131
114 134
205 210
56 75
17 39
33 179
14 163
155 201
87 96
67 203
72 179
74 93
69 119
107 217
125 134
17 196
3 185
87 163
23 166
19 87
112 171
121 166
15 212
11 114
15 21
151 166
83 103
150 162
89 193
168 181
160 179
27 211
135 191
92 213
75 156
38 220
109 120
81 189
89 110
196 199
3 133
90 129
110 216
96 147
31 186
11 52
41 206
45 165
22 93
48 202
48 129
5 37
4 16
46 114
186 207
17 27
50 117
74 79
27 108
49 76
71 126
178 197
66 215
33 176
109 200
88 154
17 200
17 91
10 44
121 173
135 218
50 111
40 190
120 206
76 100
197 198
70 132
4 162
58 203
58 156
92 137
8 49
145 159
7 105
25 190
78 174
156 185
68 218
39 159
123 174
12 210
66 152
104 167
0 36
45 139
193 218
6 214
77 155
197 217
132 167
110 148
22 137
90 101
214 218
68 137
34 220
75 159
61 158
139 150
11 220
70 147
105 111
2 86
4 178
90 175
39 163
34 219
39 190
156 199
83 114
123 165
94 133
77 115
16 219
49 104
198 219
65 210
93 198
141 210
88 92
100 179
19 170
31 78
17 25
106 119
2 132
36 60
21 92
2 68
86 204
45 161
60 218
14 21
176 209
77 195
47 204
135 220
28 32
6 61
0 149
149 213
24 96
0 40
50 143
21 184
11 194
150 200
23 184
35 71
105 208
110 118
113 137
45 146
15 165
163 211
39 195
52 95
27 84
97 202
9 197
25 118
51 122
155 174
51 189
97 217
123 153
100 105
73 209
143 207
155 215
114 187
66 199
43 216
134 167
94 180
179 205
150 179
47 134
152 161
104 125
133 136
187 195
5 202
96 204
148 212
113 206
61 145
167 222
122 144
175 204
42 100
61 134
124 131
50 125
6 173
29 199
167 170
184 188
65 84
26 168
107 146
4 15
63 130
52 218
3 203
4 142
64 79
81 101
65 188
8 24
52 140
44 105
62 150
10 53
109 186
85 86
35 199
21 32
10 38
89 171
91 116
46 47
39 160
42 214
111 203
133 186
55 88
63 203
100 153
13 167
70 123
170 200
137 199
85 102
62 117
7 130
74 109
4 191
65 160
41 58
131 163
21 173
19 206
60 196
115 183
73 76
18 31
65 103
54 191
185 198
73 77
132 146
43 120
6 78
128 190
128 149
97 194
182 214
82 168
38 179
119 120
49 125
85 134
130 137
54 201
64 212
139 165
82 205
72 168
186 198
151 191
126 200
35 220
34 203
71 153
107 121
38 142
71 201
50 61
119 199
51 56
138 154
125 185
23 51
50 84
0 173
147 200
9 62
83 182
93 218
114 121
20 205
70 97
74 194
11 200
7 111
66 108
96 211
2 214
84 119
163 173
44 209
80 215
26 135
86 218
185 200
182 222
59 163
19 152
21 149
173 187
110 119
44 167
160 216
76 179
66 76
62 73
17 221
169 175
115 119
10 218
75 127
37 103
136 188
47 119
149 155
126 188
44 218
126 217
22 37
39 106
201 217
33 74
24 77
54 200
30 217
99 206
70 187
50 85
32 120
24 124
48 206
21 177
172 221
61 207
20 210
88 135
12 98
19 86
7 127
67 154
63 121
69 157
34 131
43 191
193 204
5 24
89 121
105 106
90 96
80 129
10 161
39 97
48 167
123 222
9 10
111 176
68 92
24 147
87 115
16 154
177 212
82 97
57 123
192 220
26 88
181 185
41 172
54 114
3 21
81 147
38 43
136 208
104 137
65 125
2 139
78 221
52 71
49 158
45 136
22 164
21 189
52 214
32 185
37 162
2 110
33 99
100 103
42 68
130 156
97 190
115 133
50 159
36 172
3 160
119 121
33 142
47 187
175 183
60 113
107 141
7 92
193 217
77 216
146 221
79 91
56 135
6 104
52 76
47 205
6 201
33 110
69 194
125 184
36 142
113 163
6 24
63 76
127 130
68 108
75 191
139 148
78 183
9 149
122 221
5 97
79 90
21 53
9 90
15 78
126 157
8 107
105 179
60 71
81 203
56 191
77 137
153 185
90 103
124 135
28 104
159 193
23 171
49 186
198 212
32 166
37 56
56 143
66 219
28 211
31 80
119 213
41 117
14 88
71 154
10 108
23 131
71 96
35 184
24 171
9 74
19 20
41 120
73 200
26 196
47 113
89 170
22 72
13 131
109 192
32 37
135 142
156 157
18 111
209 221
1 102
96 210
111 146
114 162
176 186
9 139
135 171
14 205
95 185
187 204
137 148
191 194
134 177
18 152
121 214
101 132
154 211
10 64
96 138
156 218
52 104
49 50
21 178
47 132
46 121
27 61
127 195
27 35
84 198
81 172
83 203
85 117
117 197
113 195
45 128
103 160
43 102
20 133
106 221
115 134
96 213
55 105
2 17
77 105
82 108
170 195
26 129
145 191
56 103
127 173
55 119
19 219
3 173
129 206
54 149
26 214
148 201
50 170
64 93
52 92
58 170
133 151
102 162
31 162
33 164
79 135
15 211
127 206
27 164
44 183
19 52
142 165
125 138
60 172
41 195
131 146
73 121
23 58
1 212
172 187
54 74
54 116
48 142
8 41
109 179
67 123
105 141
93 172
134 174
62 161
114 159
93 219
94 96
150 190
70 215
138 219
188 197
30 56
174 206
91 189
2 30
25 160
4 65
134 173
58 147
171 196
19 174
29 145
167 176
185 188
74 181
128 210
34 185
28 181
152 211
91 208
90 161
60 85
67 129
37 137
75 128
88 219
135 164
21 154
186 191
68 155
2 162
31 125
149 196
158 186
133 198
187 215
199 213
54 193
55 137
132 205
185 194
186 192
28 112
167 192
64 130
46 188
3 14
198 204
26 126
120 137
126 162
85 91
8 35
78 163
17 117
127 186
84 169
109 170
53 74
35 119
96 155
47 213
0 100
30 145
31 218
175 213
80 132
41 143
103 194
101 174
59 191
138 204
146 177
0 70
153 190
107 134
14 54
22 193
27 184
121 210
29 35
129 131
46 111
68 156
89 151
92 147
36 114
15 220
69 132
26 147
114 160
165 193
64 148
114 180
99 127
149 222
166 194
158 206
76 181
105 181
1 24
78 192
31 87
5 86
70 193
69 108
32 41
63 209
0 154
89 173
0 105
72 209
1 77
95 159
101 194
38 199
107 222
177 207
58 73
201 219
140 141
96 163
146 196
188 189
123 138
115 157
17 213
59 106
14 19
120 156
74 201
27 221
60 222
47 176
69 175
67 144
122 193
25 107
183 202
32 84
174 187
34 177
123 126
7 48
149 209
59 114
31 44
68 198
38 158
187 206
65 220
46 187
103 176
26 65
120 127
85 216
125 198
191 199
120 194
64 124
194 206
16 34
158 183
109 118
40 172
108 130
58 141
130 219
75 215
70 180
68 80
17 130
48 88
51 145
58 165
77 110
76 210
67 177
167 179
44 78
11 80
196 216
147 186
17 103
17 194
44 87
48 84
61 112
21 97
132 193
89 118
15 91
102 166
32 79
143 167
65 120
81 93
13 19
39 93
1 18
164 201
54 156
7 220
24 188
0 112
23 108
80 83
125 179
94 114
131 197
62 168
101 152
18 166
12 112
82 193
29 124
12 165
8 19
124 209
24 125
115 151
146 176
142 197
90 201
172 185
163 171
168 196
114 176
92 170
123 189
50 124
13 161
71 97
43 208
69 192
52 176
95 147
156 179
47 186
121 164
116 126
154 156
148 164
175 205
20 55
40 134
0 145
7 128
61 172
32 158
66 212
49 91
129 209
102 205
28 96
63 88
35 206
1 126
30 131
28 62
117 130
66 103
160 218
32 47
47 147
177 190
65 110
18 129
152 160
87 93
32 77
2 167
85 151
167 187
209 214
182 183
109 121
34 116
160 207
78 177
143 173
27 101
73 88
116 196
100 176
179 198
212 215
92 198
115 205
11 126
153 163
61 81
17 206
85 166
135 172
140 170
17 33
77 145
3 137
205 214
84 107
55 109
5 18
8 25
133 208
32 198
18 174
7 175
42 43
158 196
33 121
182 217
50 184
146 216
29 104
52 113
16 195
86 105
39 157
88 151
85 141
134 221
1 26
79 95
22 46
20 96
103 205
79 88
115 121
56 83
58 115
150 203
33 143
10 194
20 38
21 204
45 178
83 211
116 153
89 148
69 174
48 214
126 194
86 157
76 90
98 132
21 73
108 157
22 117
133 138
23 40
1 155
24 39
132 188
83 160
0 207
61 84
177 214
172 208
1 60
40 52
119 202
114 198
96 109
69 107
8 178
57 162
73 79
132 208
59 174
9 147
68 81
62 89
87 221
39 200
43 176
47 62
39 189
96 186
45 49
12 41
139 200
99 134
34 132
81 131
13 86
180 181
87 168
87 186
113 213
114 158
127 187
104 201
71 125
53 114
126 211
42 140
7 8
126 140
65 118
85 154
141 174
88 101
25 108
125 161
60 201
27 48
17 121
45 105
2 60
21 112
128 156
80 133
55 156
47 159
86 144
207 212
116 154
0 72
2 7
11 75
140 153
23 168
145 165
26 173
139 143
71 102
100 207
127 168
137 155
37 201
107 127
35 160
135 141
15 188
41 103
33 128
78 127
104 127
45 190
95 207
182 189
118 221
25 132
174 219
93 143
54 87
31 204
49 85
150 186
168 222
175 210
128 177
23 158
24 46
24 177
186 206
53 66
112 173
15 43
40 148
199 212
30 200
78 138
14 112
141 219
147 153
84 162
12 40
5 124
52 163
103 115
189 198
5 167
114 182
58 191
87 120
7 107
120 143
104 208
18 133
144 181
56 93
76 135
172 174
38 189
174 221
29 51
101 180
2 187
20 207
86 215
4 117
37 52
100 129
65 115
139 170
207 218
67 204
56 154
110 115
41 198
107 203
12 105
5 179
141 161
130 200
150 213
63 192
68 199
10 138
116 195
163 175
71 159
92 207
137 221
15 58
147 177
123 186
52 139
141 203
2 191
39 141
35 214
6 198
84 104
53 161
175 182
27 130
110 117
70 181
19 141
159 180
108 118
42 106
16 220
86 155
133 191
81 191
106 110
63 217
14 213
191 204
42 198
169 189
105 150
66 113
72 215
81 116
10 98
198 213
88 172
23 63
131 205
50 161
73 191
148 151
89 157
29 202
142 209
17 191
63 109
5 62
152 169
22 196
143 219
85 113
106 124
3 121
190 212
159 209
35 197
104 106
60 197
51 126
27 102
107 155
103 147
114 208
95 203
39 116
120 134
29 164
135 206
21 107
40 59
141 178
41 111
173 216
147 193
41 78
121 199
85 87
82 100
19 110
44 219
17 66
83 124
67 191
99 186
33 192
89 189
9 198
71 140
39 102
59 184
178 205
69 124
171 213
31 42
14 174
137 202
135 207
66 222
13 101
14 38
67 153
99 150
159 205
116 123
106 143
1 79
10 209
38 66
76 177
61 159
15 114
126 191
196 203
137 154
44 80
121 165
81 202
45 188
171 219
109 191
58 222
70 188
40 106
20 72
43 154
21 214
149 219
38 57
10 84
133 176
86 159
28 212
18 85
85 205
102 171
86 167
45 59
65 209
0 183
57 95
89 218
111 188
56 77
46 194
122 126
32 184
15 177
14 121
24 210
17 41
66 200
49 175
52 194
90 221
149 218
64 198
8 122
171 197
111 127
175 203
22 128
45 164
123 145
65 157
110 218
39 208
166 172
26 175
58 142
30 204
101 158
78 197
24 91
29 40
35 141
74 99
101 175
13 57
61 128
92 183
35 215
51 169
34 188
79 94
9 213
29 90
145 198
98 106
7 68
153 155
150 175
21 215
82 120
82 162
20 40
87 195
74 154
32 141
88 95
32 55
20 26
5 90
156 189
39 63
31 196
74 87
38 76
21 181
12 128
165 176
12 25
37 112
1 105
173 183
1 3
29 143
17 44
44 172
49 214
39 201
18 27
11 198
80 142
4 149
141 202
24 131
44 106
100 144
124 201
131 214
1 196
25 194
54 222
67 179
105 178
88 174
73 94
37 135
116 162
17 151
102 175
62 156
51 173
87 150
115 167
61 151
208 211
132 183
29 130
125 216
85 184
59 122
80 89
138 146
41 112
47 209
19 73
80 218
56 108
120 189
147 154
85 179
31 39
62 176
36 107
197 203
73 131
129 184
73 125
22 116
31 129
12 156
5 118
118 145
5 79
26 216
39 77
48 183
6 62
72 190
39 50
128 222
132 145
66 202
41 128
28 36
48 217
111 130
37 159
31 96
164 205
69 144
119 159
57 99
71 207
120 136
85 118
102 198
11 87
109 116
67 165
64 210
50 89
19 92
38 91
132 200
8 27
82 185
76 98
93 173
40 102
74 138
16 149
105 194
21 34
91 108
160 191
92 132
163 202
53 211
73 127
113 189
42 210
102 143
5 221
109 143
85 97
11 14
54 67
49 127
159 200
14 181
31 40
16 113
77 91
46 166
127 139
63 211
53 198
32 78
96 193
186 214
172 186
51 206
148 156
30 114
24 73
167 202
154 185
105 131
37 202
12 102
5 146
75 155
48 212
69 85
26 141
150 198
111 207
71 199
138 197
28 217
71 104
6 133
125 218
16 197
98 154
117 147
1 174
0 213
104 110
78 155
81 94
117 152
130 216
19 53
77 204
115 161
136 138
35 131
50 107
91 168
36 186
20 124
90 198
203 220
89 108
84 89
3 120
3 93
69 90
115 189
111 124
1 118
35 114
21 194
63 123
182 216
10 35
105 135
14 93
149 184
20 180
27 122
11 92
60 161
69 171
81 85
203 215
123 210
33 85
53 135
137 141
114 190
126 177
113 169
84 146
7 133
98 178
58 131
145 187
115 169
11 184
146 152
76 143
35 49
26 160
19 173
2 183
18 32
136 206
0 80
59 177
102 219
115 180
127 203
14 36
41 165
59 149
91 133
35 101
2 31
4 154
118 186
166 203
5 29
135 153
48 81
144 159
12 136
103 186
62 159
1 140
43 48
113 146
115 188
82 116
1 132
48 59
23 141
21 191
18 156
72 124
202 213
10 99
20 29
57 75
49 110
60 177
2 23
30 104
157 164
91 180
42 98
5 172
202 206
20 147
119 156
192 194
19 149
20 53
72 76
14 17
32 183
181 212
56 72
37 99
22 153
34 155
11 127
51 209
88 197
59 203
69 185
152 185
102 127
69 173
40 164
158 179
44 184
30 120
68 116
12 116
31 101
132 212
185 187
100 143
181 197
130 167
59 126
66 174
19 96
99 138
103 164
146 212
48 213
79 198
122 205
115 197
11 35
100 174
120 142
137 175
37 90
53 192
74 130
21 161
54 98
93 206
50 75
94 95
27 68
18 163
102 201
109 129
89 215
32 35
5 73
108 161
145 158
16 49
91 130
76 162
118 173
136 158
38 162
30 216
47 52
127 174
42 54
151 218
56 192
92 176
171 184
10 183
52 56
14 185
35 90
196 213
201 203
20 61
29 108
35 46
91 149
15 26
78 164
121 155
14 72
88 207
21 162
86 137
129 199
120 123
135 200
85 168
18 64
51 123
104 185
42 74
64 105
32 147
45 89
98 151
70 144
21 128
67 130
95 113
155 163
5 11
10 162
47 177
80 114
70 118
174 182
37 148
158 198
46 90
45 66
19 133
103 111
24 121
19 57
8 201
160 219
2 8
32 60
113 118
25 127
9 78
0 77
22 171
5 222
60 96
86 153
163 170
165 173
27 195
12 64
88 152
16 112
96 101
99 159
81 169
18 104
96 154
28 155
197 222
43 133
18 143
38 115
52 219
170 205
123 167
11 85
10 52
26 76
41 85
50 64
92 119
91 134
4 207
206 210
81 210
183 203
20 90
108 121
145 164
164 173
57 88
203 211
50 126
22 44
68 213
158 189
108 215
60 213
3 153
166 178
33 213
49 150
12 62
40 153
112 116
123 159
79 92
172 173
119 176
34 76
98 221
51 94
141 221
100 196
30 150
97 181
9 137
63 163
110 142
87 100
39 69
31 206
58 84
12 174
30 141
20 102
187 193
111 185
115 131
154 177
98 104
93 131
42 201
37 151
33 82
94 130
113 143
22 213
49 63
68 216
85 146
90 158
123 204
14 67
102 179
176 206
151 156
33 157
124 159
153 187
105 186
60 203
17 30
1 197
59 187
67 90
96 168
4 66
117 213
0 181
189 215
102 119
144 151
29 122
31 205
95 96
96 102
75 119
1 149
51 129
58 91
47 173
59 208
76 214
11 86
33 122
27 99
20 163
22 176
26 69
177 195
87 215
5 9
57 130
8 106
198 222
55 192
38 124
72 139
49 122
103 109
65 99
59 145
146 218
56 189
148 193
75 139
70 127
116 168
80 183
151 217
57 69
163 178
73 150
13 125
91 213
9 97
21 153
46 149
26 55
48 91
81 121
45 159
149 207
24 68
16 188
201 214
9 163
145 213
13 106
59 144
126 153
11 115
32 187
53 117
42 117
13 110
13 65
62 162
33 46
137 214
189 202
12 43
42 67
37 191
100 159
34 85
27 47
131 201
4 9
219 220
110 177
10 58
106 118
3 131
27 218
112 182
83 140
118 170
28 132
38 171
87 214
40 101
128 167
72 77
39 73
20 23
6 140
135 158
185 197
157 183
24 82
24 190
152 166
83 119
128 180
101 165
154 204
139 191
44 112
26 46
8 199
119 214
7 140
147 189
47 64
17 55
15 38
49 190
69 187
52 122
143 205
129 214
57 119
77 104
134 204
24 127
90 157
71 202
140 161
87 184
78 100
14 182
165 213
195 211
63 86
29 80
129 142
98 200
0 45
83 129
36 169
102 114
149 202
0 209
27 107
87 202
62 85
80 128
187 191
31 199
31 94
41 137
5 69
78 210
42 169
99 119
111 179
39 129
117 153
82 177
59 135
22 152
20 164
154 222
60 105
86 113
54 164
5 47
18 211
94 152
55 164
51 218
159 201
53 82
169 204
168 200
114 184
46 164
72 173
9 83
91 137
11 55
196 201
0 161
43 205
129 207
5 219
78 80
62 221
40 202
28 172
107 156
102 160
43 54
41 131
55 113
94 119
46 206
18 126
53 112
134 164
172 182
140 162
99 195
31 90
76 153
28 157
70 72
16 83
109 187
197 206
49 152
70 197
66 69
107 173
47 169
72 143
77 82
140 180
1 148
37 91
87 102
15 130
54 183
6 156
34 80
105 115
15 88
179 208
153 182
4 58
167 201
11 148
2 122
78 176
66 197
49 101
21 183
138 170
73 90
0 46
68 107
55 82
33 81
173 186
163 182
202 214
120 201
1 112
93 158
48 155
47 183
1 98
55 176
79 185
90 111
10 206
162 172
0 11
36 202
17 119
85 136
22 185
89 144
76 202
145 150
96 220
42 171
127 178
33 61
82 149
6 203
143 220
115 211
28 52
62 106
95 218
86 213
48 130
169 200
106 216
67 98
120 166
34 95
0 71
3 18
187 188
69 213
165 178
99 202
122 155
90 189
129 170
17 112
155 182
92 148
9 173
18 24
113 153
12 167
22 45
161 214
18 217
0 19
57 113
76 142
17 163
32 215
154 178
7 16
101 207
111 156
70 185
52 57
30 158
1 177
123 133
9 209
116 205
180 220
41 148
41 147
57 189
17 34
61 187
150 158
62 131
45 144
101 137
151 184
170 189
2 26
52 79
125 204
86 103
94 145
10 33
12 160
51 67
168 184
21 151
69 103
60 108
135 177
23 88
33 159
33 107
4 124
26 171
132 181
74 88
204 209
16 216
134 200
124 184
149 199
30 133
142 145
90 113
25 162
6 163
5 158
7 218
28 204
33 120
25 105
108 125
33 205
153 174
7 207
131 193
40 57
34 41
73 123
24 108
190 213
14 119
174 179
127 170
91 99
24 79
23 86
166 197
25 35
61 185
17 155
19 216
45 77
80 99
114 140
69 160
117 215
84 121
76 184
111 153
188 204
70 184
43 209
32 87
15 69
166 213
13 99
69 96
14 180
17 124
86 183
27 89
115 124
53 222
109 134
152 167
85 195
23 213
56 186
133 170
60 151
50 128
61 94
1 184
90 153
50 214
79 220
35 40
9 176
141 158
109 156
26 217
4 93
26 158
41 121
127 165
58 99
27 143
134 168
181 218
16 217
2 44
73 197
124 210
36 115
131 150
84 187
56 215
10 147
92 201
114 146
22 131
0 95
20 85
6 146
17 104
86 219
58 174
64 139
30 112
14 20
20 119
5 132
57 86
120 195
93 204
21 174
193 215
60 114
9 210
82 140
147 210
89 102
128 214
107 180
56 63
69 182
5 164
36 105
36 215
31 73
1 2
167 213
104 184
23 124
130 214
83 110
89 175
176 177
173 215
60 184
2 34
41 68
84 148
93 194
48 182
72 116
161 210
154 167
74 78
55 161
52 190
2 182
23 109
33 153
55 173
93 221
5 212
172 183
204 219
57 149
106 130
76 201
78 167
132 179
160 197
51 181
8 156
15 16
25 73
2 63
17 92
166 192
175 197
124 206
37 182
170 217
1 189
184 210
111 186
132 151
30 95
151 210
162 185
36 168
71 94
18 30
51 58
48 197
26 32
112 207
169 211
52 197
97 136
0 64
14 203
81 178
101 159
68 165
15 206
34 47
45 81
111 157
27 135
80 112
157 197
113 127
25 26
109 138
112 147
63 166
77 197
66 177
107 178
121 153
75 132
19 213
138 207
60 182
3 124
101 196
132 217
59 72
54 64
16 134
4 47
45 83
81 196
26 218
57 127
47 189
3 58
41 136
11 43
145 172
64 157
1 202
19 24
82 172
69 129
111 144
173 218
95 137
161 180
135 163
136 195
113 215
146 174
98 195
129 130
89 133
71 99
84 167
111 120
13 95
17 159
139 219
31 99
23 179
164 181
19 80
131 164
85 219
98 179
49 55
104 177
62 198
81 105
49 206
30 167
89 155
28 143
89 154
32 202
5 25
46 48
67 169
60 97
94 198
115 142
4 210
84 96
50 150
5 43
199 217
27 124
79 152
41 66
54 83
48 218
4 221
86 221
3 204
122 173
104 187
85 135
4 18
99 130
27 133
62 140
194 208
29 46
108 115
141 196
136 139
61 186
48 106
155 210
65 66
5 127
19 67
15 41
70 151
29 177
176 218
53 143
6 31
110 207
59 198
170 215
97 166
7 173
90 124
114 136
30 147
160 206
72 196
69 169
31 163
57 194
174 177
36 147
26 40
92 129
107 124
19 27
183 185
81 195
81 182
134 162
82 183
122 159
63 183
7 181
93 151
62 193
74 190
107 161
92 112
23 163
26 59
148 197
74 160
125 191
202 204
114 177
105 130
136 157
73 174
72 149
128 221
53 113
175 178
97 135
87 193
78 117
197 207
40 143
0 76
48 163
124 219
108 154
117 167
71 191
127 188
51 220
64 213
38 119
16 91
7 182
64 91
130 138
128 155
159 171
65 214
149 217
14 166
73 198
99 198
7 209
189 192
73 194
39 101
192 207
54 127
29 214
38 178
41 220
145 215
11 16
177 213
107 202
16 73
4 13
31 176
55 79
54 175
199 207
49 64
72 80
12 85
174 191
5 52
191 200
58 89
161 191
151 219
47 181
32 173
172 210
21 182
100 119
35 106
58 79
3 109
43 86
188 219
45 141
63 143
91 164
36 144
115 164
31 124
70 183
136 197
148 154
87 181
171 178
97 204
124 221
30 90
143 189
96 167
23 110
49 182
36 171
12 37
112 200
119 195
167 221
79 123
45 87
99 122
57 150
20 97
155 176
15 72
41 72
76 99
170 202
159 188
2 67
43 215
20 220
20 116
132 219
45 72
32 132
75 79
117 151
2 160
8 208
19 214
70 137
48 134
35 92
86 158
196 218
176 194
22 221
67 99
8 86
130 157
37 93
16 129
2 115
8 15
79 203
106 109
147 222
74 158
20 148
25 85
94 101
205 222
72 78
0 175
89 114
65 111
28 93
207 219
28 169
99 151
62 200
86 87
11 38
46 60
37 117
40 104
17 218
186 216
21 52
4 106
23 167
47 166
40 89
48 157
131 158
71 211
25 168
200 207
85 123
25 124
132 155
109 184
94 147
37 218
77 171
43 124
14 159
118 185
34 123
109 201
107 158
104 121
91 198
195 206
144 170
36 219
70 103
146 215
76 188
78 82
143 179
131 213
110 114
189 208
10 18
8 116
26 45
78 178
64 98
9 181
6 185
45 158
172 211
103 204
50 193
30 99
0 21
57 157
64 218
31 61
147 196
140 185
6 93
64 216
45 184
111 198
56 202
195 201
60 64
30 176
117 119
80 222
86 191
168 220
82 184
88 128
97 106
12 149
67 200
109 214
90 140
20 219
20 126
95 120
134 179
179 209
125 151
43 103
190 220
13 124
6 28
26 66
150 181
5 165
110 205
18 177
27 208
84 151
17 145
22 142
12 184
85 98
85 167
67 186
61 205
108 165
118 129
59 193
67 149
30 142
107 170
163 205
19 167
171 203
6 83
52 179
167 177
45 214
109 152
187 197
2 150
112 190
139 196
67 168
189 222
122 128
76 83
28 95
81 126
18 134
188 206
63 168
80 204
74 76
7 193
103 129
176 217
11 60
77 156
6 76
71 145
171 174
168 185
40 79
67 100
186 190
151 167
203 212
89 182
129 196
89 100
41 187
188 211
158 173
12 124
85 115
206 214
74 102
7 180
58 103
40 150
49 100
198 211
126 146
16 163
152 222
44 137
167 203
130 134
85 132
135 139
6 50
13 152
23 60
4 11
41 46
162 213
41 114
91 147
148 157
79 216
63 115
49 58
109 160
171 206
76 176
64 202
173 208
0 61
7 161
11 179
7 184
87 144
25 213
13 162
60 157
90 206
123 125
27 200
74 168
55 183
156 202
34 50
53 196
152 158
58 87
37 86
17 70
11 27
80 209
51 118
100 146
131 142
31 57
11 40
40 61
38 111
140 145
170 216
43 87
37 59
122 169
102 122
177 202
65 168
46 105
49 97
88 105
11 36
64 164
74 95
29 89
62 98
61 66
148 196
36 213
9 12
32 175
43 56
73 168
33 44
30 195
16 88
77 182
134 159
132 222
75 106
63 180
134 161
116 199
115 194
115 123
26 178
96 114
5 88
43 166
41 50
59 167
162 210
25 157
15 203
53 187
88 195
90 183
116 214
163 194
140 203
44 98
60 160
14 63
112 199
188 203
94 110
26 115
36 180
22 135
37 54
133 180
12 106
101 127
61 211
71 91
115 162
110 157
130 173
172 193
32 122
11 81
161 176
206 219
92 104
0 22
74 193
97 210
129 159
35 81
9 96
91 166
88 158
21 122
43 70
105 170
20 105
34 111
39 41
27 43
17 111
113 165
147 169
20 100
28 198
151 193
11 68
62 80
54 118
214 217
57 70
78 122
7 70
88 169
176 208
78 91
137 191
53 208
10 69
129 169
48 207
149 173
12 45
27 190
81 141
102 117
2 24
119 151
58 120
94 172
148 165
12 191
39 76
141 173
14 97
39 44
133 154
83 188
74 152
26 177
149 169
83 180
56 144
47 92
152 159
4 103
14 66
18 119
46 57
33 154
81 99
50 69
199 221
92 169
3 48
49 78
44 152
35 79
67 109
6 136
34 51
50 70
20 134
83 189
133 206
114 143
82 128
15 153
219 222
12 215
146 169
117 142
36 181
109 147
50 164
194 196
111 117
18 25
100 117
165 206
26 189
48 94
35 128
130 175
128 152
44 118
98 161
33 134
50 97
164 207
10 153
41 96
74 103
31 155
55 199
38 144
131 221
1 166
93 100
120 128
45 220
17 174
84 201
166 221
168 204
48 176
85 147
121 145
112 193
14 193
107 200
28 51
40 124
21 74
189 194
132 180
37 122
128 142
59 118
136 182
103 144
2 176
34 77
122 138
41 115
87 180
63 132
27 104
53 79
114 144
34 121
2 117
160 167
10 139
27 178
33 185
83 172
15 158
21 221
112 153
30 136
27 58
69 77
68 209
38 103
65 136
194 209
6 7
22 90
136 159
13 112
107 191
131 202
161 220
34 66
8 209
84 193
154 221
55 160
99 126
38 117
4 190
179 201
7 151
34 137
22 75
7 189
108 148
34 157
139 160
129 218
12 217
2 129
34 166
87 155
12 209
82 159
12 129
65 127
15 17
191 219
28 147
117 144
83 132
105 211
6 184
164 214
65 82
41 133
88 149
22 62
108 192
72 207
148 208
25 161
1 25
18 57
54 103
96 171
36 220
72 112
0 168
24 201
65 79
38 222
54 132
31 108
183 194
108 110
61 132
156 209
102 110
91 172
85 149
161 215
90 218
0 140
36 59
30 144
27 32
68 160
71 92
132 164
17 47
162 209
133 195
63 106
17 120
124 173
49 79
7 138
129 190
29 149
41 54
61 199
66 114
113 179
116 129
4 216
51 208
47 85
47 89
42 197
35 164
3 64
74 187
126 155
77 125
8 203
46 209
18 219
5 51
27 177
110 179
40 142
1 190
156 166
28 133
33 156
27 163
84 204
87 128
30 177
98 188
125 170
17 143
24 144
22 70
19 118
20 66
8 221
110 186
157 218
160 217
0 32
37 130
48 96
113 172
151 216
15 105
50 65
112 167
157 176
109 112
71 124
64 67
138 187
24 187
41 163
18 70
56 76
88 89
47 136
129 185
45 113
83 148
0 147
38 48
82 210
58 69
100 147
65 102
135 205
110 111
85 121
73 176
139 157
69 201
27 116
12 147
4 220
137 163
22 73
205 217
9 15
2 114
38 61
97 115
63 204
133 220
5 166
31 113
28 167
38 116
161 163
20 167
159 210
63 139
4 134
52 123
125 201
157 221
85 172
19 201
89 141
121 209
166 216
161 212
7 167
1 68
125 220
12 81
98 107
2 124
103 154
38 62
14 199
24 192
132 142
81 146
152 205
34 55
128 193
62 191
95 128
25 154
26 221
33 189
100 166
90 173
157 193
199 222
34 86
97 221
50 58
23 39
84 141
78 209
32 80
26 101
30 183
165 180
137 169
8 165
79 177
16 118
75 89
83 213
27 29
31 141
88 131
163 191
68 184
99 171
81 118
0 191
102 182
9 183
103 138
158 171
46 199
12 193
30 182
64 150
23 89
59 206
7 60
117 201
95 213
213 215
4 136
189 196
98 123
39 43
76 139
33 125
116 164
102 172
108 156
49 92
189 203
205 209
4 6
27 72
103 150
89 207
11 222
39 210
83 175
120 198
51 81
54 106
74 212
208 214
42 78
101 140
31 114
132 187
157 199
105 188
86 208
32 64
84 117
48 173
31 111
114 155
166 187
0 152
134 148
114 203
186 218
64 107
0 188
109 110
57 110
138 221
104 166
131 179
9 189
92 160
40 191
65 206
166 208
49 183
23 161
41 63
81 167
57 184
23 220
41 210
149 175
6 199
53 156
103 156
55 178
85 190
176 201
163 177
9 167
0 218
121 129
32 93
99 170
81 177
15 221
3 108
39 40
6 147
154 163
53 207
19 75
70 138
48 172
6 106
102 153
45 55
0 195
9 161
9 42
90 137
11 116
154 194
84 188
172 180
141 172
79 148
166 207
71 118
113 125
76 193
82 98
30 164
92 125
122 179
74 101
69 176
9 127
81 173
2 89
159 179
67 150
111 183
80 159
2 159
109 190
122 142
98 124
30 121
38 86
72 73
30 126
56 88
55 56
111 166
7 142
51 215
32 150
116 144
22 157
118 143
26 75
8 219
31 36
9 36
46 151
83 179
138 152
121 213
145 210
61 195
68 211
108 170
14 24
127 138
14 140
43 210
38 159
40 56
25 51
10 28
34 172
149 211
72 75
139 204
165 170
146 206
162 189
56 132
86 173
123 170
165 185
24 36
162 178
93 99
14 173
37 161
105 183
15 83
95 187
112 221
6 142
107 192
135 183
6 183
95 98
169 183
97 198
39 108
2 73
12 76
76 120
149 168
71 203
77 221
0 197
102 131
60 86
13 187
72 212
129 204
12 214
59 159
27 157
129 148
172 220
103 143
12 137
30 81
170 186
68 70
78 206
127 162
123 129
52 96
16 207
144 202
0 50
85 148
135 165
99 163
43 134
68 89
106 127
127 219
70 145
99 173
151 159
22 146
60 98
94 222
172 203
142 190
18 116
121 208
106 173
61 114
163 196
22 92
37 61
140 206
43 202
1 8
31 55
49 102
85 155
82 157
100 116
153 206
42 64
36 38
158 172
0 187
28 64
117 149
2 200
95 148
19 156
193 222
97 109
83 121
30 201
44 113
0 212
111 202
81 153
42 73
73 220
147 220
14 32
157 209
47 98
0 97
110 222
108 183
101 166
75 121
9 150
106 157
8 72
133 201
57 65
92 155
136 144
46 124
55 209
68 123
135 179
13 136
105 175
129 191
32 139
57 82
207 222
1 36
25 222
135 192
7 85
94 136
38 169
60 134
58 90
17 220
74 167
119 155
54 152
135 219
20 21
23 174
21 145
110 150
122 164
84 103
85 129
33 211
62 100
145 217
77 175
60 101
186 197
40 81
39 150
36 138
38 81
68 114
21 111
123 199
133 152
150 199
65 129
24 117
88 126
146 193
60 133
26 42
84 211
35 56
87 210
51 121
4 85
10 27
72 156
188 195
6 105
29 38
115 195
52 168
48 135
60 120
45 63
186 220
63 84
120 214
113 176
24 135
74 136
137 194
74 104
13 42
95 112
134 166
3 209
133 204
141 177
35 103
127 198
61 96
0 169
26 162
159 206
138 157
99 188
10 204
125 200
5 131
68 86
158 216
68 221
48 179
20 165
82 143
3 67
151 163
60 127
153 156
23 178
153 198
127 185
33 217
13 69
131 216
143 175
30 170
141 184
98 137
130 145
7 154
49 114
139 207
2 79
152 214
73 210
111 175
112 198
142 202
130 186
158 199
142 208
126 186
20 138
69 76
56 198
33 136
7 134
116 172
131 190
192 219
37 166
114 186
13 175
95 155
135 190
67 79
140 189
117 209
26 98
15 49
65 205
98 201
32 144
38 175
109 220
35 175
12 55
68 154
48 175
77 88
128 200
102 187
16 214
41 80
110 210
145 196
98 211
58 157
75 90
5 54
98 129
188 220
49 52
190 198
71 176
85 137
51 144
46 205
61 107
80 187
68 69
70 192
9 138
45 205
31 105
181 207
84 90
140 159
105 161
69 114
9 160
49 71
58 207
94 171
19 220
1 42
167 211
138 172
102 165
55 220
111 121
12 180
16 104
130 143
108 168
90 106
56 60
97 117
88 171
45 215
79 213
46 154
40 54
54 162
104 200
82 217
24 118
83 135
26 210
7 120
70 112
161 221
65 196
27 115
189 210
32 57
54 137
24 62
132 203
165 203
106 205
14 82
18 120
165 187
154 155
0 130
124 137
35 133
87 222
3 196
20 117
66 155
122 215
82 103
195 222
63 194
55 211
102 206
41 57
132 140
48 139
13 190
23 217
104 170
113 138
73 211
54 72
14 122
47 203
125 180
10 73
70 165
23 103
69 216
23 113
126 189
32 59
50 215
33 59
37 184
2 50
3 189
128 129
160 166
165 214
60 210
16 171
75 146
15 171
67 170
141 215
23 75
15 18
76 94
158 166
101 154
2 59
101 202
55 108
141 207
7 57
48 119
111 112
57 211
14 129
15 145
103 172
66 79
68 152
190 199
15 167
187 219
5 106
61 87
23 144
67 143
27 74
51 140
10 89
14 210
56 128
158 178
105 182
53 203
33 87
97 112
32 197
61 129
106 129
2 18
59 93
8 59
44 101
25 50
8 110
65 92
169 192
3 112
111 155
89 149
96 198
6 48
37 110
39 168
25 215
71 222
71 214
2 104
7 89
118 123
16 58
168 218
60 164
111 218
113 185
15 50
136 203
134 180
112 151
88 220
33 67
55 188
97 98
62 121
57 185
57 143
3 78
72 208
39 117
67 92
10 87
36 167
31 168
8 197
60 94
131 207
21 185
55 222
107 207
47 128
103 106
60 122
96 199
12 134
86 216
106 196
53 155
19 123
99 137
9 146
177 206
53 148
27 91
70 106
58 96
9 63
61 121
100 220
100 151
18 90
29 138
210 215
113 191
59 157
85 191
83 149
90 115
130 174
67 86
10 21
121 215
70 203
195 210
55 179
91 136
7 100
30 77
119 211
112 178
58 66
172 212
71 77
13 70
27 103
82 206
87 91
52 145
3 116
59 102
51 216
166 188
51 53
16 96
18 157
172 201
9 57
48 169
64 126
2 217
15 147
93 113
159 217
69 207
180 198
7 88
7 145
18 115
48 122
102 133
92 130
11 12
69 167
76 144
53 96
4 195
55 180
15 184
47 163
71 95
51 61
24 30
50 95
58 85
44 60
71 209
30 43
16 98
130 154
78 200
128 179
3 117
120 135
131 151
125 149
89 99
76 199
77 217
33 174
73 108
76 163
160 204
39 205
189 204
54 96
164 221
48 187
128 176
11 172
2 61
95 219
115 221
6 144
142 189
93 135
65 221
84 170
85 119
17 173
46 102
49 103
23 30
135 154
10 146
13 64
87 182
37 119
23 129
128 213
129 152
24 27
131 135
161 195
146 214
45 147
136 170
68 150
181 214
79 82
195 216
137 167
66 84
74 92
44 151
28 77
184 216
1 183
63 178
61 95
119 205
146 151
56 178
11 144
123 208
135 147
75 220
20 211
3 139
75 166
97 168
66 117
118 215
79 157
60 159
17 138
20 175
12 127
7 73
31 194
34 37
9 143
35 55
81 216
179 190
53 132
33 173
124 207
37 189
55 221
122 137
4 205
17 101
28 130
135 151
55 184
1 104
82 198
20 189
9 27
11 31
121 139
45 218
120 211
34 152
99 132
28 98
174 188
8 128
54 60
72 87
15 36
61 101
28 189
47 164
117 160
27 162
85 182
159 218
112 183
11 131
69 145
204 212
42 141
129 157
17 189
43 99
39 169
18 44
27 220
7 13
67 127
13 18
85 203
67 75
79 167
13 90
25 135
95 117
75 222
103 169
40 127
87 109
20 41
136 148
61 202
74 111
160 162
91 214
8 98
117 221
23 138
40 180
165 190
42 52
18 136
13 209
14 202
86 161
144 206
82 153
42 108
97 100
191 195
53 193
119 135
59 170
44 111
103 117
34 84
206 217
83 191
139 198
96 192
108 160
112 214
16 145
120 154
85 180
40 116
142 186
69 189
44 84
159 211
83 216
87 204
106 170
26 213
10 59
130 195
61 105
48 168
117 176
87 132
3 167
50 203
181 196
58 178
16 17
12 66
88 185
57 94
113 148
205 213
13 177
9 130
38 219
100 187
79 207
158 163
113 170
15 155
106 206
116 118
92 218
191 221
170 213
35 158
10 203
38 55
39 151
7 37
36 106
35 102
43 132
164 211
7 82
17 156
51 98
179 181
33 93
71 120
18 105
164 189
59 66
180 185
51 73
78 184
18 190
36 55
78 190
181 208
153 165
27 95
96 149
106 175
59 128
99 165
23 219
17 169
34 114
161 198
18 48
61 180
5 156
161 165
100 173
19 28
139 158
101 108
120 202
174 181
176 187
55 131
31 210
37 174
83 104
30 221
10 30
136 173
56 199
31 103
84 213
163 187
94 137
22 209
66 183
146 219
58 76
128 171
45 213
48 101
161 200
190 192
14 59
41 194
86 125
181 215
101 150
44 187
42 105
158 159
55 198
154 168
10 152
124 214
20 216
28 190
54 97
20 131
70 94
138 145
5 134
78 110
22 111
55 107
7 172
202 220
38 165
171 210
93 127
78 218
59 80
126 187
195 218
4 185
83 154
70 146
84 197
16 18
64 155
88 119
198 215
178 211
57 146
59 123
28 205
71 190
15 33
63 147
27 55
17 125
47 179
38 191
170 191
174 208
121 212
40 204
73 137
62 93
194 204
136 163
77 147
102 104
76 200
13 45
73 104
77 165
58 181
88 112
20 39
49 61
63 149
29 133
1 65
55 100
21 59
104 162
105 174
17 35
54 185
83 106
43 198
93 108
55 99
19 210
27 94
207 215
2 47
16 177
126 166
4 187
68 133
198 205
12 200
55 122
201 211
20 155
182 218
21 37
111 154
90 191
66 95
31 89
56 172
45 157
40 117
17 93
27 179
50 192
1 178
2 209
47 107
36 65
35 44
69 212
7 114
43 130
53 99
132 173
13 183
68 210
64 192
30 148
57 112
12 49
149 210
120 218
133 153
51 65
63 65
77 214
81 149
35 107
87 209
149 198
131 154
151 154
33 97
62 173
33 70
123 192
136 199
149 172
19 42
167 172
57 206
82 94
21 63
25 159
78 125
91 109
191 192
2 153
30 172
6 117
147 208
60 150
126 182
88 203
65 130
48 220
83 108
61 198
66 156
99 160
49 62
14 41
12 158
99 214
106 114
5 59
114 200
21 31
68 125
62 97
87 187
166 191
73 124
153 191
155 164
60 142
3 28
55 65
118 128
25 68
144 208
202 208
116 191
25 69
176 193
18 159
139 213
154 184
80 205
5 140
54 219
51 171
17 62
126 208
88 216
21 119
115 159
91 210
110 187
14 118
126 179
18 195
88 110
75 95
9 105
114 168
213 219
58 125
152 198
24 99
6 89
82 186
19 39
134 153
204 218
60 143
60 75
19 56
121 178
30 153
45 199
205 221
130 160
42 163
95 122
136 202
72 113
126 152
5 15
40 50
56 70
4 171
9 31
31 165
135 167
19 111
52 196
185 201
16 106
82 96
53 76
31 143
24 74
187 203
38 95
106 126
11 74
51 148
6 14
32 117
47 69
178 198
3 10
22 200
51 163
10 54
111 118
20 199
57 152
32 195
28 88
46 147
48 93
148 192
62 126
19 26
38 84
90 200
12 206
97 104
76 209
122 171
3 16
35 208
82 203
5 45
48 126
20 99
108 200
12 24
10 151
26 62
194 214
51 217
16 200
0 184
185 199
64 207
17 99
70 150
4 146
21 87
106 195
7 211
48 185
65 202
195 208
119 197
148 163
37 181
162 203
143 218
72 100
130 159
200 221
39 131
115 117
213 222
144 192
60 137
148 183
33 196
188 205
193 214
146 164
76 213
138 144
1 74
66 132
71 206
61 103
43 91
87 171
42 97
75 185
121 152
42 216
121 174
181 209
34 97
112 144
7 43
3 168
73 215
130 146
24 44
49 188
181 219
62 102
136 147
110 165
177 198
102 155
14 37
22 155
85 114
72 202
26 215
10 201
127 154
19 50
80 161
79 169
52 182
8 187
13 26
16 186
69 198
41 183
129 133
59 213
56 168
85 209
45 201
25 101
160 212
13 77
126 156
19 154
19 193
159 165
30 47
128 191
104 205
55 172
37 160
102 186
47 58
161 183
45 82
27 106
86 99
96 108
112 218
16 141
114 188
42 94
86 109
15 125
148 169
122 187
23 199
129 181
13 87
25 158
22 186
186 199
104 161
12 92
126 220
98 186
13 185
115 177
29 169
205 216
51 132
159 198
55 142
128 198
76 170
184 212
52 61
173 189
54 204
121 204
122 183
5 83
102 193
52 198
104 138
2 121
3 119
75 199
93 123
18 58
38 109
17 158
0 49
25 125
19 83
174 202
111 209
169 213
32 118
118 180
118 161
58 106
138 216
84 199
61 68
125 209
11 211
39 175
160 169
37 63
41 164
132 152
131 148
124 132
90 166
55 115
18 179
168 186
25 165
188 201
51 72
104 206
145 154
88 140
33 166
2 45
16 127
13 197
142 171
37 109
143 178
186 187
99 219
41 102
96 145
71 109
42 95
41 129
139 195
0 68
30 143
33 80
39 132
21 156
103 182
107 172
25 41
123 200
73 151
97 205
16 50
29 117
131 206
125 214
57 197
123 216
65 182
89 165
43 143
49 202
93 195
93 200
66 148
104 190
52 191
50 142
0 57
57 193
69 70
153 203
50 71
101 206
96 176
95 182
18 169
26 37
163 220
217 218
91 191
104 144
30 119
80 193
74 135
51 87
12 219
43 97
135 149
54 92
24 162
66 107
178 179
93 212
107 219
144 158
18 43
153 178
7 195
150 219
65 218
6 12
14 169
84 180
23 116
18 185
16 102
23 183
47 124
8 58
2 128
25 207
44 157
44 75
4 46
78 216
16 204
37 175
107 119
61 179
37 134
35 205
117 178
72 83
28 108
114 147
102 156
115 187
11 65
39 170
52 189
129 189
58 61
8 140
99 118
100 180
12 222
111 151
94 121
9 182
4 222
210 219
150 184
157 161
220 221
158 204
56 148
24 114
106 198
10 17
40 98
120 212
131 160
124 154
93 111
110 185
69 200
88 114
45 181
20 196
40 53
73 114
26 74
43 98
29 181
213 214
77 141
118 138
146 170
137 142
21 141
142 221
94 144
108 220
117 191
54 206
89 150
92 145
55 124
63 118
56 160
56 151
21 23
50 220
103 146
27 71
89 222
12 27
21 64
60 103
139 167
99 139
58 92
167 196
152 191
41 113
184 185
83 206
89 203
52 188
27 194
73 87
113 222
109 141
130 204
106 120
168 209
49 181
24 80
41 146
91 150
2 94
70 160
128 217
4 114
52 67
21 196
127 128
73 188
146 181
98 158
102 199
60 186
56 82
15 121
27 217
61 131
67 71
57 91
187 220
99 182
14 16
51 74
95 134
2 211
5 94
74 84
36 80
114 161
73 154
74 146
141 205
106 191
61 65
46 54
135 187
46 115
62 206
201 212
7 10
135 169
77 100
5 163
24 156
141 209
41 99
29 78
216 219
77 87
119 150
65 100
99 164
45 155
102 208
57 165
175 189
8 154
87 200
6 82
91 128
161 167
25 199
121 207
65 161
30 55
46 85
56 150
103 185
52 150
91 176
44 107
51 131
164 176
80 139
36 56
90 169
9 61
78 92
40 173
17 166
24 35
59 107
126 203
3 211
71 220
5 104
40 151
177 205
11 177
155 219
8 84
56 99
108 112
34 91
115 219
54 147
20 197
82 165
123 175
18 101
171 208
100 104
166 174
141 143
25 98
110 195
29 129
199 210
26 205
58 149
140 191
23 64
65 89
19 208
79 138
93 183
124 218
189 197
90 145
34 125
32 96
58 166
16 25
36 67
35 196
158 190
96 126
45 110
145 157
69 84
1 206
63 146
100 216
88 117
192 206
44 104
53 200
71 164
39 211
22 29
65 219
0 146
162 171
28 220
110 143
71 149
11 53
44 73
13 133
35 127
60 181
46 148
125 192
124 161
124 146
64 97
43 175
13 117
79 104
85 159
34 120
88 93
13 137
123 180
209 217
55 152
63 113
61 220
9 170
15 196
134 210
70 194
38 194
62 157
115 190
105 205
42 160
31 190
99 110
37 216
83 197
78 139
155 190
122 211
51 159
171 217
110 203
3 135
54 181
77 107
40 64
164 199
93 162
45 179
14 183
114 207
172 188
138 201
53 106
110 153
42 157
80 135
23 189
45 92
75 160
16 126
83 128
116 165
118 158
134 163
137 185
14 53
70 220
153 193
29 178
1 153
107 175
67 95
36 73
26 122
69 136
26 64
63 158
30 214
25 175
28 89
110 141
22 182
144 183
56 105
14 214
12 34
29 170
124 216
75 101
8 147
69 195
41 108
86 160
117 222
47 162
14 103
87 176
61 221
14 47
26 60
27 113
3 129
28 121
69 222
29 184
33 139
53 167
2 112
93 103
2 212
30 76
71 105
164 198
70 108
13 30
13 218
173 199
117 188
113 131
102 124
190 214
42 103
36 217
1 164
40 201
127 196
161 202
62 81
19 212
189 214
70 200
142 179
106 123
202 222
90 178
105 158
12 61
152 162
60 200
1 19
68 196
83 98
150 211
64 66
40 179
15 131
29 158
43 59
103 145
50 127
90 208
19 143
21 129
3 123
193 212
200 216
0 74
23 73
53 118
34 59
44 54
18 167
123 188
167 190
117 150
68 183
91 100
113 200
100 136
9 195
143 145
62 113
143 157
62 120
50 106
12 31
61 141
144 194
155 197
75 93
154 208
101 195
69 88
40 162
117 190
38 205
69 190
37 111
49 192
139 146
117 206
71 117
45 206
61 164
1 12
27 141
21 187
127 153
2 221
153 194
98 115
9 77
43 89
37 65
62 163
47 65
66 159
16 82
128 174
42 190
88 124
43 90
68 103
66 161
7 177
45 88
123 213
100 160
2 91
1 14
87 145
55 103
37 41
22 150
91 144
134 158
96 222
80 189
147 156
185 209
78 112
5 12
147 221
61 217
203 221
7 219
35 194
17 190
132 144
73 95
17 215
47 54
27 66
7 156
155 204
128 205
69 188
55 175
8 207
164 200
54 128
60 194
39 53
22 105
129 139
2 92
12 138
6 150
176 198
82 121
55 191
173 213
3 52
7 46
0 94
110 162
0 204
85 208
5 30
131 186
34 49
108 210
62 195
41 186
98 150
2 145
60 146
134 139
38 67
102 120
33 55
0 66
0 205
4 112
190 219
187 196
4 83
15 112
171 199
115 217
60 106
9 135
46 215
50 119
14 208
59 116
144 175
64 87
174 192
155 180
135 145
123 152
0 78
121 154
57 204
86 193
70 148
8 48
83 171
67 138
49 211
30 94
167 220
118 168
29 75
16 57
117 146
33 208
54 57
43 57
42 142
52 107
16 78
50 135
73 89
70 113
103 110
118 149
9 89
9 177
50 176
73 167
28 105
18 26
69 221
139 212
52 132
3 63
33 41
70 163
34 57
53 104
153 207
5 46
117 129
161 201
103 153
26 107
94 164
73 195
95 183
156 208
149 214
67 140
115 173
1 128
92 192
36 117
82 178
29 173
200 202
174 193
57 183
21 48
87 141
10 197
20 125
172 199
112 157
59 129
36 204
154 175
25 33
67 76
125 188
120 138
206 212
110 167
0 108
175 198
69 131
94 201
93 134
138 186
47 68
71 173
32 119
11 134
69 142
49 153
4 49
33 102
44 220
136 200
2 126
70 134
29 118
5 31
21 139
127 217
201 221
44 143
190 202
142 212
78 132
61 90
168 190
46 51
16 205
75 97
4 82
127 150
124 187
0 31
162 218
119 172
13 121
51 110
47 81
61 138
22 87
38 92
19 205
1 108
26 125
126 221
11 219
86 152
6 200
81 140
6 208
112 194
30 50
15 48
26 208
21 33
121 219
21 148
122 184
2 179
50 140
167 219
136 174
0 63
5 161
186 221
184 208
86 197
111 169
26 73
3 75
99 111
176 178
50 133
149 182
51 160
47 146
115 138
42 211
83 91
26 220
145 149
88 156
2 25
9 219
0 39
101 102
9 142
212 220
10 208
91 203
64 196
43 182
46 92
117 208
66 88
184 193
6 41
181 189
19 127
101 177
50 115
3 114
92 135
49 107
82 123
105 146
79 106
140 211
41 81
80 207
104 175
65 211
68 121
86 186
132 149
117 181
47 138
0 104
47 200
26 136
27 210
15 214
6 218
86 200
104 213
145 209
94 168
8 182
121 142
47 122
27 129
120 168
24 100
170 183
78 123
192 202
138 168
169 184
66 190
5 100
165 219
18 140
152 180
97 207
19 59
78 88
119 215
159 168
46 218
9 171
107 159
1 87
72 155
109 140
83 126
100 219
29 140
16 184
180 184
2 13
68 126
138 148
10 222
24 60
52 97
18 93
23 186
43 108
34 199
52 121
26 206
96 181
13 60
70 201
22 59
89 164
154 193
74 177
114 117
28 103
45 58
60 192
67 115
63 126
1 78
45 195
39 104
157 162
77 112
17 108
155 222
104 153
138 199
121 197
36 61
60 199
22 35
90 220
63 87
166 180
102 149
132 133
4 165
38 204
27 65
36 70
160 171
19 180
68 176
132 154
183 199
121 132
93 203
79 136
124 183
78 81
39 164
37 105
95 124
79 86
69 78
57 122
142 148
178 217
127 193
121 221
2 39
26 154
54 121
47 197
60 198
6 46
122 147
56 182
119 136
53 197
74 163
81 206
12 179
131 195
93 180
52 100
35 48
15 55
57 167
125 219
107 109
71 192
143 211
177 191
36 110
106 210
9 201
4 77
29 39
28 216
108 216
112 148
147 219
44 208
5 115
56 94
115 174
166 212
144 191
80 122
86 143
16 55
47 126
100 189
130 169
110 200
5 16
146 148
2 184
166 199
84 174
87 106
99 220
127 134
82 188
195 220
28 173
4 175
110 151
126 216
174 196
70 217
41 203
21 147
176 204
57 139
21 85
133 181
28 46
18 35
24 184
23 135
28 191
23 147
58 93
169 210
73 152
127 147
131 196
24 168
62 132
103 152
16 40
73 181
12 90
53 131
143 158
83 97
33 183
36 124
17 51
140 215
51 177
0 7
55 166
3 206
192 217
56 176
103 191
81 95
55 206
82 110
18 55
18 214
4 74
46 61
2 219
106 146
2 123
17 171
68 212
36 42
26 200
30 66
39 48
97 142
31 66
16 162
60 212
36 154
26 143
3 192
80 127
67 103
128 211
68 109
191 203
191 218
41 100
162 217
62 146
32 200
42 192
0 58
147 180
70 191
98 202
119 140
90 203
152 189
81 145
14 132
125 167
49 69
52 83
97 164
123 218
32 63
87 189
74 125
153 204
65 190
140 158
9 41
5 200
82 109
78 128
79 100
30 102
79 149
62 186
106 164
101 145
98 170
101 163
164 187
64 104
17 217
147 148
82 175
137 183
108 194
108 191
24 43
12 187
75 116
110 113
57 83
40 161
83 92
178 189
17 176
76 112
70 129
84 190
133 135
2 27
30 71
58 126
139 151
76 211
20 75
18 52
142 180
58 137
93 119
101 118
1 175
140 188
100 192
68 113
114 148
203 206
116 206
8 206
48 102
31 58
165 209
128 206
23 32
117 179
62 76
78 79
113 203
73 155
114 169
32 170
61 213
9 102
69 135
100 165
43 160
85 164
183 205
50 52
27 171
25 189
43 117
102 112
22 144
129 153
6 45
17 83
42 79
137 200
37 222
171 212
20 49
41 127
44 215
36 134
76 216
127 214
105 199
47 51
68 187
35 74
13 33
41 42
13 37
181 210
91 142
171 176
102 211
11 63
120 208
170 199
20 58
48 205
130 193
38 138
65 208
133 146
70 119
25 138
70 105
22 40
134 182
37 78
35 145
44 76
78 153
4 163
186 200
148 187
18 22
3 197
2 87
146 161
89 142
72 99
71 216
31 188
64 103
65 155
17 89
19 132
118 184
113 149
145 221
151 175
36 190
115 154
57 217
126 154
24 145
33 215
205 219
17 96
79 191
4 203
6 162
19 41
26 191
72 152
37 75
90 160
89 139
32 82
84 116
35 105
23 180
49 87
49 154
191 222
43 105
140 194
125 206
16 194
133 197
41 75
125 189
32 124
179 182
2 75
83 221
57 222
7 84
66 193
91 201
23 104
81 204
22 122
57 205
53 110
76 119
51 96
10 130
65 72
90 214
30 63
93 168
149 161
35 213
18 59
6 126
44 62
34 38
204 215
32 73
159 220
175 222
32 67
48 120
133 162
70 158
96 205
116 155
24 174
187 216
58 158
144 163
168 188
100 212
75 96
114 191
15 107
23 182
81 221
6 30
22 148
99 177
31 212
40 168
12 30
53 199
83 214
79 156
101 119
47 168
131 189
41 140
145 186
47 175
46 167
167 210
125 205
180 193
3 126
147 155
161 187
114 193
162 219
106 201
138 208
93 126
8 77
92 118
18 53
41 79
51 147
25 133
120 205
71 107
97 170
23 55
63 105
77 99
54 90
114 156
22 141
121 203
152 173
110 152
51 71
160 203
34 174
89 156
162 168
58 105
4 30
89 169
74 89
103 192
112 135
43 194
4 201
133 166
1 144
57 64
67 142
53 186
61 119
95 212
17 184
96 208
82 131
98 105
3 83
91 207
20 107
5 154
48 203
128 130
38 155
78 111
201 220
194 203
157 184
95 209
138 151
107 152
141 171
88 137
4 194
176 221
30 171
110 190
15 86
94 143
94 170
64 178
150 210
28 176
17 209
38 168
12 65
32 148
15 194
81 113
163 166
133 137
107 113
149 152
25 145
140 181
109 163
15 164
105 172
29 193
182 198
87 192
173 192
43 113
73 135
122 177
22 216
3 61
16 21
79 120
84 154
25 115
56 203
8 36
3 128
7 146
91 146
10 76
58 187
76 159
4 57
101 188
19 187
98 141
98 198
10 192
4 119
30 101
62 72
84 112
91 106
76 167
114 151
3 72
107 214
69 162
128 170
41 106
70 107
75 82
36 49
127 194
5 64
28 70
76 169
25 167
66 144
145 188
0 12
54 148
118 205
43 127
15 104
146 155
1 188
189 216
61 104
31 123
23 72
31 93
197 204
22 160
8 70
3 62
115 222
46 182
13 109
90 154
29 219
159 215
141 142
82 118
68 200
0 129
60 91
51 83
5 41
95 193
126 133
65 88
21 134
37 58
106 172
8 105
60 162
39 218
48 132
63 67
106 199
102 137
36 96
178 187
29 212
208 220
38 164
11 112
15 103
14 22
7 87
12 135
40 167
136 176
77 144
1 154
11 137
83 142
130 170
40 200
92 177
146 160
24 161
16 80
63 198
48 137
119 175
125 160
10 159
148 211
33 177
83 177
72 148
32 201
96 189
68 195
89 106
53 180
13 147
95 194
145 194
62 167
98 166
23 203
69 197
108 162
37 132
108 113
117 177
135 138
78 148
3 208
99 125
45 65
42 87
93 181
4 60
154 218
4 97
71 108
104 157
39 212
9 117
67 161
24 40
92 113
9 69
18 38
14 156
46 191
35 37
7 15
175 208
4 179
34 104
16 29
49 66
2 149
105 214
111 114
56 101
2 97
8 32
135 156
136 201
79 219
14 15
93 184
37 80
148 217
170 207
184 207
80 198
22 173
63 202
9 214
19 88
188 208
34 145
63 185
149 170
64 195
190 200
2 154
8 99
34 65
39 191
17 197
49 106
133 173
40 199
62 165
34 103
60 128
117 131
134 185
169 173
126 138
152 153
88 147
55 77
110 130
83 183
91 92
11 90
70 190
2 220
78 120
112 119
36 93
66 77
19 176
33 171
8 46
74 149
0 99
101 164
123 205
80 147
48 104
38 176
3 213
122 196
8 92
104 204
9 175
130 171
36 126
35 157
10 154
75 153
32 136
34 110
76 151
73 179
68 143
9 204
13 107
42 89
64 122
175 199
65 147
21 158
43 180
15 180
21 137
165 167
137 182
41 89
11 206
99 123
10 31
20 145
63 220
12 60
58 139
58 199
76 136
47 170
8 63
120 215
85 199
177 201
184 191
192 216
67 139
106 167
143 188
44 193
60 144
22 134
26 34
111 222
26 219
161 209
69 130
70 101
74 216
130 197
100 169
135 178
84 100
33 89
170 219
20 152
44 133
6 21
60 152
48 99
97 156
24 94
40 208
23 50
141 182
9 186
50 51
28 123
61 174
51 109
159 192
54 115
28 42
40 203
65 207
111 199
120 200
85 175
36 62
155 160
33 191
6 137
90 182
23 194
13 43
142 178
114 135
147 170
44 168
68 192
100 161
99 218
51 153
10 96
11 66
9 212
171 189
141 220
92 163
7 148
89 90
50 169
17 105
1 130
13 160
54 178
97 160
27 153
42 61
137 143
121 188
53 163
55 202
22 106
98 169
156 169
128 138
63 83
163 206
37 68
163 192
65 197
134 194
209 213
48 147
0 119
96 129
47 192
37 120
21 22
76 164
42 185
59 139
106 171
11 203
43 195
19 54
115 191
10 199
78 141
124 194
170 194
52 212
115 179
13 192
129 200
4 182
14 157
34 214
113 159
32 155
77 179
133 216
30 213
11 61
15 198
9 165
19 74
65 101
19 153
151 174
5 44
71 169
74 198
135 174
6 213
26 151
204 222
2 101
80 181
3 73
90 171
145 166
57 209
95 153
145 167
61 123
35 87
175 187
89 172
4 61
1 134
19 145
99 106
33 52
170 203
18 202
30 41
12 28
47 144
4 86
16 175
39 152
109 144
118 202
73 216
13 66
77 132
55 149
38 88
89 204
90 121
36 174
106 122
150 194
48 196
77 106
17 45
68 177
44 199
163 190
97 161
180 192
15 22
60 171
60 175
7 200
70 130
21 143
164 180
44 85
60 102
214 219
92 174
20 44
32 70
219 221
111 158
45 95
39 166
211 216
27 33
88 134
87 156
74 207
75 111
85 126
30 122
139 168
3 106
41 84
95 190
22 52
42 88
1 209
64 128
27 189
38 54
37 101
44 67
15 77
42 138
23 175
21 126
31 117
79 209
29 131
150 173
37 82
40 86
91 156
43 141
44 90
41 217
78 147
30 110
45 71
131 132
19 40
8 87
129 171
93 138
15 54
26 28
99 101
21 135
8 158
213 221
2 136
131 157
87 131
8 131
53 101
135 197
33 135
63 171
153 205
39 68
177 210
26 108
5 149
31 171
55 170
67 174
199 200
68 98
111 206
156 174
202 203
112 156
116 210
103 125
66 186
26 41
123 146
64 136
13 55
212 221
58 145
2 175
85 211
134 197
90 98
60 145
45 197
11 158
59 183
175 219
24 123
75 136
10 172
43 67
52 102
80 202
0 84
52 119
92 116
4 140
77 143
33 124
93 187
35 96
137 172
10 187
43 83
31 128
10 145
141 180
57 63
33 115
128 134
60 216
102 180
44 202
33 86
4 25
92 151
5 22
64 132
62 169
26 119
98 192
18 164
80 81
27 126
162 175
12 32
54 108
168 211
123 132
39 146
44 200
32 103
80 131
35 165
140 195
46 214
0 69
11 202
98 176
80 82
69 209
51 192
23 176
114 219
49 199
84 91
127 145
5 218
68 112
44 149
126 127
84 94
45 174
182 219
15 178
113 193
110 144
70 80
80 154
145 203
118 207
3 7
196 222
114 172
6 178
79 180
50 195
172 181
88 91
9 126
119 147
12 144
11 199
122 197
22 86
8 119
11 168
49 89
103 202
48 60
120 219
29 175
3 130
24 137
108 205
18 23
7 139
38 65
160 181
47 218
79 151
206 215
12 75
92 134
193 202
127 215
9 24
126 199
89 163
53 63
95 116
64 204
144 212
88 189
30 208
13 96
37 97
23 119
157 217
37 176
61 177
110 126
23 198
5 133
10 92
122 194
80 109
48 75
55 71
56 111
106 202
8 88
99 197
58 180
47 214
13 92
86 88
9 59
148 153
53 166
153 159
13 203
75 192
3 17
21 80
23 97
18 82
36 76
85 217
8 144
146 149
39 99
195 207
49 94
52 159
32 68
124 152
27 46
14 207
105 134
25 217
25 106
88 202
161 218
26 155
169 220
159 161
105 203
56 92
86 128
170 177
114 215
209 219
148 168
161 196
2 22
178 203
123 134
82 111
104 152
34 138
93 166
11 111
34 112
66 71
79 208
93 169
63 157
129 187
45 200
158 220
61 80
76 126
91 112
3 151
17 42
114 220
157 179
120 193
49 219
101 218
22 68
64 69
69 156
18 220
25 123
135 166
134 191
7 125
147 166
10 32
33 38
90 185
6 73
19 202
66 201
156 186
31 142
22 88
47 153
7 222
33 36
67 211
29 147
39 65
76 107
9 151
161 192
6 67
7 44
45 211
72 201
74 91
53 127
166 222
3 142
35 78
181 216
44 171
78 186
77 191
66 151
41 69
107 135
118 218
38 202
164 169
1 82
95 206
154 219
111 215
78 95
79 108
4 98
27 42
27 203
65 222
68 104
159 169
20 24
194 202
139 221
90 222
3 210
78 202
103 132
55 121
25 111
5 220
62 180
26 117
158 187
100 113
24 208
50 110
185 186
28 116
65 192
6 96
142 159
114 139
23 181
129 147
34 149
75 126
30 38
82 180
39 90
104 112
1 170
95 174
74 144
1 200
13 74
115 128
142 215
106 145
98 117
66 82
122 162
206 209
128 202
176 215
3 65
30 109
52 80
162 193
144 182
60 188
29 109
14 30
118 121
9 191
0 164
125 129
24 164
146 209
44 48
33 63
103 120
92 93
25 202
30 69
71 110
157 189
108 135
23 67
11 39
84 208
110 188
8 67
110 178
133 148
155 172
61 193
150 161
85 101
108 169
135 195
160 220
37 219
135 193
4 180
21 146
97 140
10 125
69 128
5 10
60 183
22 114
22 178
124 139
3 201
26 106
66 115
5 155
12 132
98 155
33 214
3 140
160 161
10 212
189 199
126 195
22 41
81 82
155 202
142 152
82 83
120 131
61 106
76 220
169 201
49 207
14 83
48 105
41 197
47 194
8 17
62 144
108 122
100 115
91 138
111 196
54 190
63 190
1 37
37 138
10 40
210 211
73 185
51 197
13 213
116 138
109 159
1 136
164 209
62 210
13 67
100 140
30 98
4 100
65 164
18 187
2 119
131 183
82 107
7 59
98 112
42 195
59 99
53 219
58 71
83 136
10 188
86 151
16 157
6 87
41 193
21 99
58 124
58 194
101 109
22 43
33 145
116 131
13 16
81 186
80 94
22 97
24 87
12 63
64 156
218 219
73 140
40 46
151 200
79 171
83 194
119 196
126 173
113 180
186 212
106 180
74 218
38 135
194 215
101 157
25 184
90 105
8 30
14 171
82 132
31 86
18 72
146 172
123 160
138 155
17 75
118 216
42 207
62 199
44 222
31 219
142 216
18 162
202 209
86 169
92 199
95 186
3 138
29 167
3 33
17 58
97 177
107 218
111 125
196 211
117 182
6 215
89 109
47 82
37 164
44 216
47 49
60 185
21 44
111 129
139 210
76 145
30 137
97 129
76 204
28 141
179 189
211 217
48 146
29 62
12 213
172 177
31 81
81 159
58 212
40 140
28 144
43 197
55 76
192 208
39 196
185 189
91 220
25 83
36 206
84 159
30 116
11 108
78 101
134 152
49 131
69 151
21 58
119 149
135 217
111 123
11 122
6 158
38 98
76 95
156 167
106 218
54 126
17 153
59 70
126 135
23 71
132 198
8 183
89 176
20 82
3 200
97 171
194 221
89 97
37 179
81 112
133 212
57 142
128 147
85 94
67 164
60 104
34 195
31 181
0 113
186 204
77 173
81 84
191 196
96 146
126 141
107 164
70 87
67 131
6 15
137 177
6 179
140 187
9 194
172 222
107 198
52 66
46 146
86 149
151 198
33 111
35 218
4 152
25 113
53 73
30 209
38 71
3 87
105 213
101 129
28 66
57 77
79 83
16 99
56 196
46 76
77 158
97 120
78 145
105 155
180 212
67 175
62 154
14 74
25 209
85 125
42 137
108 164
70 168
38 167
66 99
1 115
193 205
38 156
24 163
2 41
140 160
41 207
29 68
8 90
3 171
73 171
40 100
47 208
20 98
32 100
110 212
3 183
35 104
28 165
149 216
11 23
15 215
28 175
127 141
68 173
79 150
86 180
35 53
10 196
58 204
101 200
26 144
65 73
24 160
43 190
17 57
33 195
122 202
20 110
122 127
32 130
5 201
59 220
49 54
121 193
84 155
67 180
113 140
28 146
36 189
37 169
97 144
61 79
119 124
16 178
80 196
45 183
116 192
115 160
67 114
49 116
30 159
141 149
151 157
103 104
50 179
53 119
60 174
6 35
57 160
41 88
76 137
13 212
109 135
73 170
90 126
81 151
172 204
47 145
6 55
11 76
66 176
30 31
27 37
201 222
3 111
4 143
32 203
143 196
98 136
11 125
41 150
3 53
110 121
88 178
7 91
103 220
153 158
32 171
85 178
47 67
33 207
82 215
52 195
203 204
112 158
117 138
97 167
37 173
182 184
73 92
31 215
9 184
32 94
46 59
147 195
93 147
95 216
68 127
9 94
96 170
21 38
74 153
66 86
80 125
48 160
66 81
72 144
111 197
51 82
79 196
130 196
48 76
123 179
19 64
18 80
110 163
144 154
142 157
19 221
87 177
53 220
8 133
157 160
74 169
39 100
63 70
57 87
71 123
51 107
152 209
51 149
111 194
150 215
18 28
113 171
148 204
100 145
19 203
21 211
51 182
33 175
125 155
38 107
88 106
185 205
61 190
31 151
61 212
61 111
177 217
9 37
141 200
32 72
48 133
38 131
64 123
91 185
129 211
23 53
26 105
49 81
18 199
61 184
181 221
62 111
86 170
16 100
52 85
51 201
60 132
139 218
8 174
85 109
11 41
13 180
22 96
135 161
78 135
59 82
9 188
11 24
122 207
44 180
14 221
48 131
14 69
22 115
12 67
29 36
117 203
74 145
84 179
95 125
53 134
105 221
153 188
24 182
2 118
129 219
40 194
71 193
159 208
54 73
41 190
142 200
34 128
32 99
67 182
36 97
68 191
108 180
4 22
10 100
13 108
70 157
33 105
16 92
83 134
6 54
25 94
48 70
38 201
212 216
183 189
191 214
78 215
78 130
5 203
1 194
69 113
53 88
192 197
131 177
83 107
174 199
24 85
13 29
10 156
123 169
46 175
55 158
27 127
89 185
120 217
95 99
68 78
40 71
29 76
98 196
109 175
156 193
92 190
3 170
154 166
206 220
21 116
10 122
24 193
71 93
84 156
171 198
81 185
165 201
157 187
35 180
81 114
69 168
86 182
22 119
31 83
191 193
0 137
79 139
104 126
0 180
22 151
130 187
77 123
65 123
98 159
108 179
168 215
33 181
65 97
2 107
91 120
131 137
1 106
8 138
182 213
136 177
28 161
68 153
57 195
71 73
20 92
53 169
147 190
42 84
10 176
149 200
10 180
27 85
93 101
104 179
60 206
6 113
46 140
189 190
29 86
106 197
66 209
168 199
147 158
5 188
89 134
111 113
183 215
50 55
42 221
7 27
52 65
50 63
10 171
159 189
4 17
158 175
113 160
104 111
20 188
9 148
33 131
153 171
46 129
109 133
7 49
54 195
26 110
94 217
118 136
176 184
31 177
108 145
76 102
94 206
16 139
198 201
10 55
116 141
36 163
22 118
13 71
7 109
54 130
41 145
76 180
84 152
44 59
1 150
13 140
28 67
28 38
74 219
22 120
21 86
0 9
53 176
62 129
98 213
90 207
37 121
49 156
20 222
89 95
53 201
149 221
68 194
43 47
79 87
26 63
17 211
53 56
161 171
42 181
118 219
95 157
12 88
22 143
68 175
65 174
29 215
113 145
127 156
30 91
45 140
43 206
64 108
75 161
60 211
8 143
128 161
71 141
27 205
1 146
72 154
104 193
92 180
18 109
3 188
31 52
94 146
148 184
70 115
30 190
35 135
4 125
184 187
49 208
118 197
191 212
93 154
61 140
2 165
2 40
57 175
0 53
171 190
37 193
97 162
33 104
124 208
76 154
20 22
3 55
52 88
34 216
72 210
58 168
177 193
137 156
78 134
84 196
39 88
141 190
167 193
11 175
170 206
128 173
61 210
27 105
52 203
205 220
15 197
81 217
156 206
161 182
17 60
98 102
51 120
13 73
43 158
46 134
205 212
20 32
144 172
58 95
82 196
74 86
138 182
132 221
58 83
39 46
17 65
15 172
70 152
46 113
15 24
136 175
33 158
52 124
69 137
130 202
83 178
140 177
7 54
8 217
77 199
169 222
15 111
33 130
47 135
44 126
78 105
15 64
97 196
83 86
45 53
57 61
25 177
130 192
100 158
0 62
9 109
67 111
37 95
30 117
40 93
41 160
36 218
51 90
103 159
69 147
55 181
84 88
181 182
10 14
162 190
179 210
4 69
28 74
152 202
53 202
14 18
23 139
133 165
89 125
23 121
78 198
121 195
34 144
61 147
20 57
27 54
94 169
83 201
45 171
140 149
49 168
189 212
121 163
158 197
16 150
154 180
10 107
44 206
14 43
28 58
30 129
98 125
44 51
14 75
51 57
70 196
82 179
140 197
34 186
192 195
74 81
4 181
0 125
185 207
68 124
122 157
3 36
26 85
42 91
15 199
123 181
19 217
37 70
57 67
157 194
111 160
34 151
30 130
213 217
14 200
58 164
26 127
41 94
54 136
56 216
71 116
70 143
98 184
1 69
81 107
50 62
51 93
40 163
35 203
82 95
48 186
58 108
37 200
114 123
99 115
49 75
4 144
24 199
66 172
63 102
60 78
198 210
83 215
93 125
35 36
31 53
1 94
14 105
119 123
80 174
35 216
75 98
13 49
66 127
15 195
53 58
29 146
95 173
31 63
73 138
0 1
75 171
43 149
44 178
26 94
20 161
159 185
133 203
90 144
94 218
57 111
5 192
179 188
5 210
42 204
65 159
186 196
8 218
46 179
11 37
37 72
11 56
43 179
95 164
45 69
74 148
44 100
169 185
35 111
152 172
56 106
91 212
117 202
75 115
4 80
21 90
35 100
66 198
6 22
158 180
11 141
148 185
179 215
151 180
107 136
85 89
150 205
119 160
147 167
98 128
110 221
157 167
67 77
52 116
50 149
29 161
137 160
104 134
11 98
180 208
100 208
152 154
43 222
63 68
118 126
56 155
69 165
168 214
55 114
38 85
20 91
122 153
76 109
44 156
111 213
45 203
107 216
27 188
42 110
17 84
17 116
155 156
72 158
184 221
43 170
9 34
171 182
81 198
26 146
43 147
23 24
38 216
35 142
89 145
78 137
81 98
72 163
69 104
8 121
129 149
59 182
105 176
22 124
152 178
96 150
22 104
84 139
4 118
23 41
65 94
134 190
137 190
197 219
68 118
15 32
119 130
43 153
169 202
94 221
9 51
10 80
97 179
25 75
2 138
107 193
90 159
82 144
9 192
67 82
103 149
27 79
29 187
40 66
109 125
144 165
111 122
161 177
26 49
93 156
0 14
86 181
35 123
12 161
132 143
129 217
100 168
105 124
95 160
61 209
108 176
20 179
80 195
22 71
1 97
6 69
9 218
94 113
118 208
28 174
153 186
174 184
87 162
14 170
36 95
55 126
112 163
29 111
90 136
3 74
182 205
14 61
31 179
19 124
103 163
107 126
91 193
60 195
138 165
158 191
51 125
44 139
107 151
186 208
40 73
125 194
177 179
137 196
147 181
119 206
59 109
67 218
18 66
140 179
47 55
64 88
48 222
77 222
17 21
81 200
147 199
115 120
135 196
94 202
12 194
57 172
1 10
28 80
47 211
171 181
44 188
86 174
82 173
186 205
12 130
67 96
8 85
40 222
68 84
103 203
28 140
142 214
33 170
79 176
48 180
130 135
3 175
29 141
14 94
11 170
55 169
114 115
120 220
91 95
64 167
12 159
31 140
56 115
106 215
8 186
56 201
72 172
30 222
148 207
74 126
99 185
36 66
74 180
138 153
35 85
88 193
132 177
139 202
71 182
98 162
67 102
30 162
174 213
149 188
39 120
116 174
119 209
150 166
35 61
4 107
97 102
51 146
46 195
9 200
109 189
75 94
176 211
22 130
134 203
37 203
74 179
16 42
77 130
24 183
2 52
1 201
74 110
118 195
127 216
108 158
51 156
185 222
81 86
81 96
61 155
62 125
28 49
146 213
62 112
62 183
45 90
104 180
104 165
21 62
41 141
127 210
47 161
62 155
12 122
7 102
207 208
39 185
102 207
60 202
30 93
47 198
133 207
43 203
10 34
36 185
41 138
89 126
127 191
91 187
99 213
9 207
57 117
168 201
36 37
4 188
59 158
27 134
150 195
113 161
61 125
81 124
120 146
146 222
58 123
47 184
112 114
162 173
140 190
91 98
55 190
16 97
42 212
83 130
73 162
38 188
58 167
103 128
19 198
140 186
37 198
16 61
151 177
23 151
80 185
7 83
44 174
114 213
28 76
41 144
7 63
5 144
70 111
67 97
107 194
18 155
110 145
216 217
60 135
35 179
18 218
55 163
204 213
34 69
39 221
143 181
161 166
46 117
66 104
30 138
57 129
74 188
158 203
65 122
49 134
100 128
85 131
60 99
48 198
114 138
50 185
144 203
19 90
47 142
191 201
12 21
43 144
21 88
183 209
84 207
35 58
176 181
152 194
51 155
62 137
25 151
215 221
152 220
131 218
132 169
80 217
51 186
38 96
113 150
11 78
100 138
2 42
31 136
19 196
15 173
172 209
132 172
76 146
52 151
76 175
135 170
44 55
189 205
45 118
68 151
198 200
148 167
102 197
151 179
46 160
5 75
17 19
128 187
9 125
65 177
129 221
88 102
57 72
105 145
26 112
102 157
6 135
48 194
0 110
75 183
53 164
97 182
2 130
125 166
32 104
175 193
18 130
6 148
13 210
107 166
140 144
88 187
68 179
84 144
27 76
74 204
2 33
34 40
76 131
152 170
141 169
117 161
31 174
6 202
143 154
59 218
99 193
50 132
80 116
40 83
38 133
171 220
28 35
4 7
49 65
33 172
19 76
80 186
111 159
69 125
154 212
46 189
146 167
29 210
6 219
120 164
23 187
146 184
68 88
12 26
83 100
99 194
62 96
155 183
45 54
29 57
19 69
127 175
133 150
84 189
27 44
217 220
67 87
76 106
55 146
102 159
157 214
18 87
41 151
93 114
49 130
131 211
98 157
74 117
0 221
35 82
67 207
26 153
76 114
174 183
61 91
88 122
119 125
138 181
146 211
139 208
83 89
18 79
41 44
135 157
126 159
87 140
120 155
55 66
77 189
211 220
37 116
4 161
9 121
54 212
56 67
97 101
73 163
83 113
69 91
29 92
153 210
162 167
62 139
167 183
101 167
93 110
4 89
42 44
86 222
161 184
21 195
145 163
195 219
116 134
18 45
70 122
19 160
81 136
66 121
177 220
63 110
143 187
191 220
32 126
82 158
13 193
54 177
24 42
86 188
53 178
102 158
41 173
58 86
45 151
50 197
33 71
88 138
29 83
32 151
93 140
89 146
7 14
7 47
160 174
3 89
58 98
62 148
61 182
61 137
150 160
50 92
97 169
29 182
95 97
6 155
22 38
126 174
50 168
51 70
79 158
39 42
48 156
37 49
90 112
116 117
5 27
56 113
94 175
34 64
66 97
3 155
15 134
35 80
16 140
43 140
96 196
23 150
31 130
75 150
15 31
49 119
115 126
79 153
13 75
7 101
148 215
31 207
12 216
113 115
119 189
134 155
80 164
134 189
5 198
109 139
44 196
76 158
188 194
100 198
81 88
143 161
45 101
143 197
105 220
131 198
126 201
78 162
2 144
26 80
90 142
11 99
74 165
89 104
162 197
75 108
111 163
142 153
132 158
151 155
71 135
117 210
120 216
19 157
0 26
82 220
6 180
81 209
0 28
20 194
101 198
56 166
142 147
74 83
20 154
166 206
78 89
53 147
96 142
13 123
119 218
90 109
111 173
121 179
81 120
16 222
110 176
150 172
32 74
40 125
182 195
12 42
68 157
47 141
136 155
120 192
41 205
81 106
146 179
92 152
110 159
128 184
199 211
48 190
108 190
37 107
5 182
61 201
59 204
11 221
72 102
34 74
14 141
129 156
10 20
99 216
0 89
21 186
169 206
155 200
102 202
22 179
25 59
6 161
7 79
79 119
110 215
51 175
102 150
51 191
57 141
168 219
43 214
167 207
16 117
87 170
153 184
81 115
107 209
126 178
129 210
122 199
29 189
175 179
67 83
7 61
121 181
200 208
48 83
184 200
118 167
68 140
134 184
62 133
40 209
12 16
74 182
70 211
4 141
20 209
46 82
103 216
72 150
74 118
28 53
110 172
82 219
71 200
5 112
59 74
57 147
41 156
69 140
102 129
92 107
93 196
13 135
77 124
7 103
92 143
190 205
95 170
26 58
18 69
104 192
3 144
42 193
37 89
199 205
184 215
151 164
55 81
20 176
23 196
42 189
38 40
2 158
43 119
101 214
81 179
60 136
69 81
62 83
76 161
143 166
53 67
137 209
13 120
185 192
113 211
208 212
47 59
114 206
118 214
8 160
13 63
87 123
163 209
18 210
180 222
106 181
41 109
88 160
12 157
167 182
147 204
91 190
15 204
5 217
61 153
71 129
25 77
91 182
69 122
36 188
82 130
107 215
98 206
87 133
87 172
16 105
17 53
119 158
3 41
40 94
68 205
28 30
65 153
57 220
57 74
46 110
126 193
12 150
108 188
7 187
141 168
162 169
143 212
93 121
65 184
50 177
25 201
74 214
185 214
7 166
28 118
89 200
79 117
51 54
59 83
134 215
33 209
146 194
58 132
141 194
8 33
41 168
12 139
81 100
82 117
6 210
93 220
8 200
137 220
168 182
115 144
6 192
58 121
90 138
57 92
33 219
54 144
56 134
87 166
127 218
191 215
66 67
47 53
20 86
163 185
37 208
9 95
24 170
26 139
7 41
20 215
182 196
81 138
6 74
129 208
129 143
47 74
71 221
26 99
43 52
68 182
159 221
205 208
24 112
59 222
25 141
138 166
124 144
84 178
26 81
59 216
37 196
126 142
81 162
47 106
37 83
31 118
80 179
103 197
164 183
28 128
90 212
104 197
2 108
36 74
29 157
155 191
39 137
185 195
138 189
64 106
33 106
37 76
1 161
46 125
18 142
54 71
7 32
22 191
81 158
93 109
79 217
83 147
117 164
45 191
92 209
93 189
119 185
6 33
34 127
2 16
176 197
87 98
25 179
57 78
167 186
167 184
66 195
54 187
38 163
45 80
16 158
61 142
33 47
32 51
149 150
103 124
217 219
157 208
117 185
10 46
69 72
112 121
112 164
5 190
135 173
115 198
90 187
30 135
4 208
32 62
15 101
57 107
62 179
23 82
88 153
106 117
6 159
132 174
167 185
52 87
27 87
34 197
118 190
133 189
80 219
40 177
56 127
136 164
111 132
66 170
24 175
36 135
62 184
44 170
33 109
4 115
10 85
73 117
46 217
50 99
138 179
160 183
182 185
129 144
86 175
124 164
54 220
41 139
87 216
120 222
68 120
61 86
67 185
45 193
133 205
117 175
4 202
53 91
48 80
113 178
71 172
116 181
19 182
153 172
10 75
148 180
33 204
5 71
128 158
41 110
39 182
155 207
106 147
97 218
93 94
125 210
2 205
139 144
170 214
56 136
8 157
6 177
136 149
55 145
66 125
103 136
89 140
168 206
141 167
43 115
64 184
183 204
26 204
79 144
113 216
208 216
95 136
66 142
188 202
32 123
160 163
189 213
50 86
130 178
103 161
43 85
179 180
30 186
124 136
72 213
25 156
0 2
5 162
78 170
30 103
120 165
123 142
77 90
162 179
108 109
157 219
158 177
68 145
127 157
92 120
35 210
80 171
49 164
71 90
62 216
70 156
2 36
19 78
96 201
133 155
24 50
75 103
57 154
127 159
28 197
37 186
147 207
49 108
47 217
135 148
87 198
125 137
177 209
3 99
106 166
22 181
92 144
90 107
34 88
140 216
21 132
53 85
43 71
26 157
12 91
86 177
30 196
28 196
73 84
148 200
34 165
80 98
44 211
7 99
116 130
92 158
121 211
166 211
109 181
57 96
109 195
52 184
9 113
16 193
78 168
26 39
125 207
46 126
9 76
160 186
24 110
6 124
8 215
142 185
18 127
1 143
70 170
107 204
9 115
108 173
7 185
199 206
50 194
131 176
152 203
24 25
9 216
68 82
37 47
3 66
138 174
4 43
6 84
0 177
68 131
61 67
69 102
60 156
13 189
15 53
38 82
0 194
33 144
40 107
193 206
12 199
28 97
1 45
163 207
48 115
96 207
12 177
86 132
11 117
6 60
18 206
87 125
81 168
159 183
73 217
155 208
48 86
167 218
179 221
32 169
5 176
129 174
1 81
30 92
52 181
15 84
159 222
9 159
123 143
90 211
81 188
97 215
17 187
31 107
24 51
112 137
68 178
79 218
77 185
18 151
7 29
129 138
54 139
35 154
27 86
214 216
45 194
81 215
92 175
109 218
19 172
54 133
24 207
15 150
76 121
106 165
5 186
24 65
5 66
51 105
94 220
115 149
127 181
26 176
56 81
166 189
31 50
4 111
122 156
9 46
28 59
45 202
52 110
132 209
150 188
57 125
161 222
43 112
10 90
110 191
11 82
206 208
99 148
85 140
24 167
124 151
82 209
146 183
94 161
83 170
10 68
142 161
150 163
68 96
12 154
171 221
131 185
12 131
124 189
49 83
92 105
54 104
83 212
61 160
8 57
41 65
24 202
120 183
43 62
26 183
119 184
17 49
172 205
137 178
21 79
117 196
51 158
116 200
34 158
103 151
121 161
40 174
171 185
64 162
39 55
10 136
146 189
49 189
176 203
34 46
15 187
34 106
161 186
10 207
54 213
87 110
40 157
37 180
107 187
115 146
149 156
19 163
144 215
92 187
61 69
150 204
0 127
9 145
179 192
159 219
1 142
121 202
135 136
77 213
218 222
89 174
143 214
39 145
83 190
72 203
5 103
46 150
172 197
3 86
11 180
154 195
27 41
126 131
184 189
98 152
19 33
56 183
209 215
27 75
100 126
164 184
63 77
19 21
119 210
41 184
0 155
41 48
25 170
215 220
92 173
37 183
50 100
27 148
53 130
59 92
43 80
89 159
127 152
53 170
49 77
166 175
4 183
94 185
14 79
25 134
79 201
32 163
180 211
22 107
10 137
167 174
86 101
86 210
9 35
4 12
11 104
31 220
51 77
27 214
125 208
96 195
99 136
144 209
76 105
101 117
145 155
0 165
61 110
140 219
83 208
188 190
126 175
18 196
23 197
71 215
50 186
70 116
161 188
130 162
112 145
66 217
11 155
184 203
55 182
22 102
83 192
79 221
4 133
77 150
113 220
90 186
29 125
34 146
32 145
81 219
64 137
119 171
88 173
80 145
183 211
74 82
22 126
60 70
21 169
39 209
197 220
23 169
22 113
14 35
163 164
153 176
7 150
65 194
14 58
128 131
150 217
40 70
15 146
118 176
148 209
40 42
122 151
77 103
54 210
154 200
50 157
62 116
202 205
76 185
127 205
48 152
48 199
135 160
11 15
21 110
156 190
145 222
168 202
13 198
66 169
38 118
20 157
137 151
153 209
12 119
94 123
25 38
175 181
10 103
36 72
67 205
95 200
59 134
74 139
1 53
116 189
90 188
81 90
53 121
94 200
64 166
52 98
93 201
74 192
18 94
130 221
43 66
116 150
42 62
16 74
40 154
21 108
130 198
28 119
53 129
58 219
72 74
58 190
168 183
128 199
53 126
63 131
121 220
156 175
75 145
91 148
36 146
2 111
84 92
36 153
63 208
12 33
164 194
52 53
139 152
56 86
30 207
30 188
154 198
5 120
82 124
140 199
90 94
144 173
4 55
11 89
44 134
51 86
100 167
50 90
50 102
25 110
88 209
73 178
91 131
64 140
13 62
183 208
9 202
44 169
28 34
9 33
47 148
197 213
136 219
23 214
96 214
8 192
187 199
39 181
36 116
86 140
22 136
39 136
2 113
5 50
73 143
86 147
165 181
79 160
108 117
163 183
19 183
5 89
155 177
1 55
167 204
20 104
9 85
26 199
65 172
106 211
141 216
46 81
142 176
13 27
111 184
123 211
37 127
25 87
127 166
38 93
36 103
147 160
10 36
7 98
27 131
104 133
121 126
18 60
45 186
40 62
20 60
126 169
11 153
114 221
88 198
27 36
65 80
108 221
127 209
47 96
22 47
13 83
6 119
108 166
145 220
49 93
65 91
42 145
83 156
23 115
70 73
4 41
190 196
109 145
42 129
94 165
25 37
163 184
4 91
90 202
124 169
59 185
13 163
25 153
15 34
157 175
111 189
2 202
36 57
47 70
60 163
76 138
84 215
11 119
29 176
56 100
14 147
87 160
17 88
113 141
54 154
2 88
31 160
45 143
52 111
85 122
32 112
67 188
113 207
35 148
116 167
55 87
37 140
7 119
1 7
90 168
83 196
105 217
23 123
185 210
105 198
75 198
138 215
69 121
124 203
157 177
13 58
20 132
47 219
109 174
133 164
124 177
146 220
4 21
79 145
131 178
84 138
48 193
72 166
205 215
63 72
45 52
131 204
88 113
23 52
14 56
120 190
54 192
124 156
26 96
179 204
114 133
103 127
150 214
17 46
180 188
67 159
120 158
85 127
125 190
57 203
168 194
10 43
27 144
99 192
128 172
40 213
17 178
67 214
32 152
123 150
7 190
83 155
118 191
20 191
22 98
53 60
13 93
33 194
64 189
57 218
17 133
80 86
32 38
132 182
21 209
79 175
45 175
31 182
16 173
62 209
141 213
50 151
52 64
10 74
102 191
26 104
143 221
33 48
72 145
4 218
67 172
89 217
23 195
85 128
32 102
22 51
113 201
20 171
113 218
46 202
81 190
19 98
25 176
23 211
43 107
94 157
4 160
76 156
112 179
52 89
212 218
45 169
1 85
63 85
156 184
144 147
6 29
167 217
106 194
13 200
32 182
124 160
2 70
11 140
0 186
18 139
143 206
110 197
54 113
0 103
3 221
67 125
175 215
39 109
139 173
59 207
149 191
64 75
27 158
133 158
74 106
85 200
86 178
15 59
17 40
20 71
12 58
44 125
164 218
99 108
8 74
191 210
10 112
37 104
20 52
31 120
162 206
3 110
16 125
156 188
11 106
11 46
47 207
26 97
144 201
46 75
22 154
25 129
77 94
26 186
14 71
5 60
48 184
127 160
112 124
93 207
99 191
59 166
156 222
95 195
89 202
52 90
134 205
204 208
38 102
25 55
51 112
117 171
60 173
52 154
73 212
1 13
92 139
110 131
14 167
0 217
117 218
104 142
51 69
46 210
93 102
14 51
6 112
22 138
41 153
25 46
62 141
173 201
19 158
5 87
64 89
77 114
20 83
36 100
57 60
105 142
84 216
5 72
155 218
111 208
117 155
70 83
7 216
83 210
65 119
1 83
14 168
183 207
53 184
85 142
157 172
25 147
3 214
43 109
70 221
41 92
46 107
28 137
123 206
35 170
54 169
33 206
26 123
17 56
13 98
0 206
136 185
34 164
58 80
42 71
24 70
51 79
20 67
60 215
12 52
25 114
133 218
45 182
70 100
20 122
189 218
52 167
96 121
6 128
8 9
9 114
156 201
52 112
108 126
48 73
41 166
129 166
74 173
110 180
93 115
89 190
50 94
97 180
163 222
46 79
67 219
104 143
66 185
91 141
16 37
103 131
45 114
21 121
6 42
29 37
107 199
72 170
44 146
57 101
55 204
12 14
178 200
50 207
21 213
118 163
77 140
23 188
81 174
28 135
37 71
57 186
144 156
65 171
52 157
119 165
75 203
97 163
177 192
69 164
155 195
56 97
161 194
23 35
195 199
2 54
12 212
66 194
8 136
116 156
54 158
103 207
120 169
179 212
104 155
165 196
186 210
187 205
160 172
180 190
197 221
138 217
31 208
20 30
168 207
72 105
102 105
40 99
110 156
181 203
58 67
61 82
27 204
73 189
85 188
174 186
16 107
38 166
146 147
15 116
59 87
132 189
44 205
14 176
79 140
4 109
176 219
11 109
15 148
7 65
182 206
102 144
22 64
1 61
65 81
184 222
119 194
8 205
38 210
117 133
50 163
116 216
19 47
168 172
102 195
36 90
165 200
76 113
98 168
40 77
95 189
166 209
139 194
73 116
47 61
124 198
87 175
59 215
2 80
33 148
48 113
100 182
168 173
143 160
79 113
104 113
5 109
84 200
117 212
47 210
192 218
64 86
153 154
103 168
121 191
64 203
190 215
103 184
68 217
22 27
47 193
101 193
97 149
47 48
13 94
44 161
99 143
8 167
54 77
30 128
104 114
12 207
39 193
28 57
26 203
14 76
2 90
49 144
14 204
190 216
7 110
64 138
1 162
0 202
143 182
133 193
169 199
12 201
50 121
110 199
52 93
100 108
31 198
110 166
132 184
39 62
59 90
139 153
34 171
78 205
51 172
22 110
48 89
16 51
9 98
62 91
24 48
2 58
65 176
10 109
110 137
42 57
94 100
36 123
79 137
40 178
41 208
4 173
147 162
118 131
137 150
82 88
137 197
45 210
65 135
100 106
124 180
34 122
23 145
65 175
14 73
22 207
31 33
196 208
161 193
109 148
58 72
69 86
55 215
74 162
144 178
84 205
88 215
160 215
6 145
94 131
136 198
30 52
140 169
190 194
16 19
47 152
54 161
3 35
63 193
39 80
58 161
116 166
95 123
80 158
112 196
31 148
37 178
38 75
110 183
71 112
78 181
4 172
37 84
49 139
119 167
81 117
104 172
33 119
146 150
104 151
119 133
66 96
25 122
39 162
170 173
86 119
66 98
103 214
19 195
154 215
112 176
80 150
197 200
12 155
54 167
83 166
83 176
77 120
65 106
55 168
57 156
98 133
9 64
52 177
128 208
86 111
38 60
54 196
100 214
137 140
52 215
34 182
100 110
49 80
3 218
126 137
122 180
120 163
39 130
41 125
5 85
60 153
201 209
99 105
31 122
70 155
199 216
128 139
7 196
6 36
27 170
107 130
10 182
117 135
63 80
171 204
23 93
71 137
80 203
122 175
95 129
181 217
29 121
85 88
12 46
26 114
33 68
81 87
61 168
129 197
44 179
38 79
90 151
34 187
60 79
20 217
46 204
127 163
128 196
103 183
27 213
138 158
11 214
75 184
107 165
73 160
5 159
111 164
18 100
8 120
111 116
18 137
23 105
70 114
90 128
28 166
8 161
17 28
51 219
23 29
72 211
127 183
23 125
27 150
11 181
60 189
84 221
74 222
123 201
97 199
179 184
26 222
96 191
16 135
110 196
157 163
173 220
82 93
66 221
68 215
61 206
24 107
63 93
21 42
55 140
53 69
4 169
97 134
6 130
15 166
123 182
77 176
130 210
37 39
122 172
120 180
129 178
40 186
54 124
20 50
21 222
91 163
54 221
153 201
49 218
3 103
8 109
139 177
10 185
104 210
85 169
97 176
170 179
72 96
103 209
81 208
47 111
13 211
21 84
59 98
47 77
137 139
49 140
140 192
59 73
5 175
176 199
55 213
77 183
34 92
59 111
54 78
10 97
58 119
32 69
80 144
68 163
40 133
175 194
128 169
66 171
77 122
49 165
166 196
46 67
4 56
108 202
8 65
83 143
28 81
42 49
63 181
65 216
27 169
60 89
39 82
63 197
42 132
28 206
67 201
86 117
121 201
95 135
32 140
47 149
87 108
71 179
22 133
94 107
115 132
0 189
10 61
162 165
21 46
113 166
20 28
71 83
51 92
6 222
131 162
15 56
24 104
108 128
32 76
14 209
79 206
119 169
69 99
101 185
19 66
98 220
35 116
102 132
91 204
17 98
156 203
56 59
37 204
31 69
89 113
181 204
29 81
140 175
91 173
33 116
30 180
156 182
83 87
44 130
96 159
72 206
79 178
30 132
26 84
102 217
5 39
26 137
63 148
41 56
10 111
31 201
22 77
151 220
66 110
135 212
21 118
21 130
139 180
32 97
92 149
124 178
73 201
19 209
176 180
175 180
101 130
55 97
116 148
75 143
65 183
142 173
107 110
63 75
93 144
83 220
73 172
47 88
48 71
74 170
112 141
181 192
53 152
50 145
49 193
24 63
46 159
25 84
77 162
174 201
122 206
107 160
85 185
42 101
14 220
33 45
92 114
25 120
180 219
176 210
32 149
30 211
55 94
12 54
100 199
45 166
38 196
131 140
116 159
39 127
24 218
31 132
69 95
141 195
7 199
14 104
14 126
191 217
130 164
1 48
106 139
18 67
29 43
91 160
99 153
118 189
89 162
2 93
58 206
106 219
42 168
88 212
4 151
40 147
93 97
118 133
31 71
96 117
9 18
202 218
16 206
136 205
12 100
64 206
151 204
34 202
2 43
72 220
64 77
25 119
131 165
3 215
48 79
119 122
52 149
140 174
88 183
28 41
150 218
35 189
60 117
45 137
52 62
145 153
108 217
4 200
76 217
52 134
116 212
155 167
178 193
28 164
61 169
178 188
10 66
149 193
114 163
120 145
36 165
55 123
89 135
81 165
55 187
185 218
14 162
127 144
82 197
59 176
86 133
70 90
97 157
7 131
72 167
120 209
110 173
72 82
141 211
16 182
208 209
93 95
197 205
101 125
77 135
67 148
106 111
182 200
9 162
160 193
27 70
39 71
54 171
29 192
50 219
196 212
152 196
46 73
45 126
92 102
60 121
44 119
16 44
133 168
7 214
38 126
6 181
52 120
93 215
64 120
7 179
130 144
133 171
72 178
68 146
88 163
11 193
66 130
7 170
74 131
17 131
30 113
58 205
152 188
136 141
84 147
118 139
166 198
97 113
24 116
21 102
75 178
74 189
58 148
97 122
14 48
52 84
73 101
178 222
149 171
72 89
71 131
179 196
20 59
73 218
5 68
42 131
107 185
151 203
69 178
184 218
10 215
160 175
214 215
73 219
113 135
116 146
48 58
10 102
155 169
72 164
84 98
119 131
53 54
87 107
113 152
97 174
162 195
8 28
79 166
87 183
0 52
3 187
29 85
0 117
166 184
66 150
4 67
3 15
94 142
131 194
57 128
48 53
37 50
9 19
97 208
5 214
22 78
0 44
11 100
50 154
201 213
118 200
67 81
92 221
95 158
124 126
17 69
25 195
115 141
4 184
200 211
48 50
1 199
75 138
21 202
10 219
29 196
62 75
13 56
12 151
73 203
133 215
17 36
170 178
115 220
42 158
32 218
96 173
171 215
49 143
151 202
154 164
12 59
31 92
24 89
56 153
174 198
27 138
37 168
78 180
57 171
100 191
54 62
10 128
87 165
33 100
139 179
125 140
31 152
105 143
4 132
18 117
65 186
68 119
22 214
56 164
40 88
8 56
76 218
32 134
151 170
94 112
128 146
45 56
56 58
63 184
79 124
14 78
6 196
13 202
10 119
154 171
96 197
73 187
34 102
156 181
136 192
26 130
85 96
44 77
5 49
64 220
63 114
76 140
19 35
12 86
90 134
14 164
53 138
15 133
27 45
11 216
142 219
1 214
101 115
63 153
32 53
52 180
88 129
138 164
166 217
128 136
196 221
162 174
204 217
132 190
141 218
59 196
115 158
82 207
57 168
176 179
24 31
205 218
71 144
159 214
36 199
153 197
161 173
28 187
161 203
49 70
96 125
114 173
40 145
176 189
34 53
61 113
125 130
123 158
159 212
44 65
132 163
168 205
27 51
170 171
97 172
23 153
67 222
26 48
170 201
44 83
162 183
81 102
61 165
88 94
182 220
32 222
62 181
144 186
73 81
14 189
43 219
76 194
27 156
78 86
3 217
40 105
114 167
91 188
76 80
169 182
110 124
24 191
1 62
4 158
27 80
148 189
16 161
22 132
17 205
178 213
1 119
95 165
179 203
53 86
96 188
59 181
2 82
71 181
63 141
164 188
32 133
69 184
9 32
5 93
0 199
38 112
64 111
194 212
76 192
105 209
43 125
168 176
0 134
67 141
105 152
129 220
132 185
3 44
66 196
2 127
63 111
42 149
20 76
100 132
24 129
119 146
78 118
126 176
9 22
26 33
39 142
159 203
88 155
69 166
1 22
195 202
117 132
55 83
1 49
48 181
123 178
24 172
15 162
183 186
84 85
13 204
86 126
68 71
200 219
46 91
54 205
72 101
117 166
97 151
120 199
5 61
57 106
12 171
70 92
13 54
125 196
42 133
51 113
23 209
136 161
143 192
108 214
127 179
80 184
90 213
41 130
58 109
77 83
69 214
131 139
95 181
13 122
31 211
146 203
124 200
13 22
137 180
114 201
105 139
63 169
36 187
65 199
25 88
97 108
193 207
114 189
65 116
28 163
53 68
48 143
133 142
105 126
149 187
80 162
3 202
57 213
47 133
30 60
19 164
97 219
71 121
156 215
45 153
41 53
105 114
1 138
148 158
20 213
3 51
93 120
73 142
32 142
18 71
77 108
195 217
55 91
142 169
1 40
118 165
11 93
18 158
35 136
50 56
105 138
48 67
150 196
94 126
113 162
40 108
7 135
101 107
140 164
18 103
170 197
102 170
150 174
190 195
162 211
75 219
59 221
7 159
60 88
74 195
11 209
18 208
72 95
101 139
11 88
152 201
110 122
112 123
23 95
44 109
44 145
158 192
128 192
40 96
115 165
4 212
14 184
156 158
1 180
75 205
74 161
66 74
100 213
42 182
48 108
19 166
79 183
37 165
20 153
93 199
39 178
16 119
104 216
77 78
58 104
173 198
146 201
111 141
8 149
22 69
125 154
37 147
40 169
73 222
175 188
73 202
85 130
45 196
169 186
57 180
82 141
29 114
153 219
151 209
84 157
98 174
99 215
174 216
94 183
83 85
116 120
53 105
14 99
87 159
1 11
147 192
50 146
6 75
136 211
114 196
99 154
61 92
11 73
99 209
59 142
100 150
27 155
82 189
84 125
72 108
97 185
44 192
25 206
79 197
44 198
39 192
105 180
44 154
97 130
82 115
171 186
13 116
151 201
54 150
24 53
46 163
24 52
91 113
118 187
36 177
175 191
16 64
11 139
67 106
118 160
38 160
65 117
8 148
36 192
125 186
146 168
29 180
112 188
80 118
49 179
90 146
118 178
17 183
139 175
83 152
148 176
87 88
2 32
38 69
0 121
183 187
57 68
85 158
93 150
64 80
136 191
43 111
2 10
88 132
208 221
21 104
12 125
53 221
104 145
14 192
42 53
107 129
47 103
29 69
13 168
78 199
5 194
65 151
33 76
163 186
123 185
187 209
127 190
177 181
109 193
113 221
36 179
8 135
9 168
136 167
126 207
38 217
68 130
45 111
80 107
29 65
63 135
119 181
16 167
95 154
55 111
56 218
17 95
1 30
30 198
35 130
17 52
15 73
40 112
172 196
58 133
96 113
66 205
123 171
52 175
171 179
167 200
91 221
110 146
