225
5
21168
60
97 2
80 2
76 2
75 4
66 2
84 3
80 3
78 1
69 4
86 2
57 1
66 1
73 4
81 1
58 2
65 1
97 3
87 4
80 5
71 3
83 2
83 1
86 3
62 5
83 2
70 1
74 5
77 1
61 3
51 4
71 4
88 1
54 1
57 2
68 1
97 2
71 5
78 1
65 2
72 4
87 4
53 2
52 4
51 2
71 5
63 2
75 2
64 5
54 4
66 4
62 3
63 5
83 2
93 2
88 4
95 2
87 2
59 5
88 3
54 1
95 4
73 2
93 3
56 1
60 2
83 3
51 4
88 2
63 5
88 3
58 2
53 4
72 1
84 1
96 3
52 4
74 3
79 2
80 1
94 3
97 5
91 3
76 4
84 2
92 1
76 5
67 4
96 1
92 1
63 3
84 4
97 2
57 5
80 3
60 3
80 2
86 2
65 4
65 5
75 4
95 2
84 4
58 1
55 4
66 4
74 3
55 5
66 5
88 1
68 2
52 5
91 3
71 3
68 4
63 3
69 3
52 5
76 1
70 4
76 4
69 2
65 1
60 2
79 3
80 4
61 3
57 2
88 3
80 2
72 4
85 4
87 1
74 5
61 5
68 3
69 3
94 5
66 2
65 3
70 5
88 4
82 1
72 4
74 5
69 5
62 4
63 4
63 2
74 4
71 2
83 3
70 4
78 3
72 1
64 1
74 2
68 1
73 2
95 3
86 3
74 1
60 2
54 2
84 2
93 1
72 5
87 1
76 4
69 3
79 2
56 3
69 2
51 3
84 4
87 2
72 5
86 4
57 1
74 2
73 2
80 5
91 4
60 2
72 2
61 2
55 3
53 4
65 3
56 4
55 5
81 3
71 2
87 5
96 4
76 4
69 4
95 1
54 4
76 2
54 2
64 1
80 4
72 3
82 2
55 4
58 1
79 5
92 1
62 5
70 1
84 3
81 2
84 3
61 1
77 1
97 2
82 3
51 2
56 2
73 2
71 1
82 3
80 4
94 1
90 2
38 185
110 221
127 162
86 212
16 192
24 85
188 199
38 155
141 191
107 165
170 180
94 216
57 133
8 68
29 62
43 185
64 192
93 218
98 209
133 215
176 184
1 115
106 175
125 199
73 138
72 139
96 216
35 153
69 123
92 162
69 145
177 186
65 109
22 200
1 168
32 196
189 209
152 176
85 101
11 210
65 160
140 190
4 90
15 153
52 74
48 207
61 62
54 86
64 212
59 88
45 70
142 205
113 117
25 81
53 109
86 89
83 184
82 142
31 174
17 97
24 182
174 221
143 155
113 155
47 99
58 198
27 32
84 117
119 221
10 57
100 123
62 152
47 212
62 110
60 182
115 150
87 142
46 161
51 67
134 170
32 66
171 207
183 200
94 188
123 167
105 193
104 172
137 190
81 218
72 148
34 74
52 107
183 218
180 210
160 177
19 40
19 191
42 104
23 120
31 34
85 160
168 180
181 220
88 92
100 222
14 145
1 30
69 99
57 149
28 48
81 160
41 104
140 149
113 162
46 183
23 57
16 56
106 125
113 130
38 103
90 137
25 121
105 164
86 214
86 203
47 151
133 210
161 193
123 159
87 106
122 181
141 175
102 223
33 36
38 195
59 192
164 222
15 41
169 206
18 124
89 102
137 183
126 153
34 216
55 110
172 206
0 198
100 166
54 84
72 203
128 209
116 136
68 138
156 201
41 58
145 207
69 133
62 72
98 106
75 204
26 41
111 188
75 117
134 157
12 34
121 133
9 19
115 189
109 148
49 123
29 210
126 199
10 208
85 201
76 124
56 130
143 208
33 209
132 223
36 70
9 221
53 99
11 215
64 178
70 180
42 163
17 133
39 224
1 148
5 165
116 160
83 196
3 211
82 199
99 224
47 95
148 208
4 28
17 40
3 191
75 185
90 173
40 140
78 157
24 193
88 157
15 197
3 43
5 185
104 111
59 96
95 152
54 74
47 165
143 148
51 99
104 165
10 161
151 177
158 167
134 142
47 53
8 79
24 100
79 179
15 24
93 212
73 122
57 194
32 167
53 65
22 123
59 69
13 206
35 60
21 168
110 159
86 197
115 123
71 97
141 162
19 139
47 86
37 85
43 112
78 169
65 67
79 90
38 223
37 67
84 115
57 164
168 170
104 119
178 196
151 202
36 152
62 168
194 212
82 224
108 194
150 194
132 200
55 58
117 171
33 192
37 133
4 218
99 138
129 201
106 145
201 208
45 51
6 132
122 190
35 56
54 79
88 174
125 151
63 139
27 69
37 162
45 111
73 74
101 222
62 156
98 102
8 16
33 88
5 167
138 221
103 205
100 208
23 75
59 153
109 178
22 87
3 84
160 169
110 146
165 217
62 163
29 44
119 131
35 36
44 131
48 65
71 176
46 187
165 185
53 61
137 215
42 124
162 217
166 182
46 146
92 124
68 212
68 224
11 90
133 147
116 176
50 164
21 206
95 125
9 202
54 193
97 189
114 142
49 194
47 124
2 159
4 187
92 123
112 132
88 130
8 112
121 173
106 109
15 176
68 93
109 216
4 112
61 106
36 147
130 214
46 51
85 99
13 45
42 60
38 203
87 217
102 159
6 212
81 207
80 96
145 147
2 202
161 177
46 123
30 206
94 220
31 64
197 210
21 105
48 165
20 211
3 13
114 191
154 223
127 166
49 142
122 158
29 157
130 188
87 103
73 117
118 127
29 89
14 120
77 190
71 117
85 162
25 166
50 85
16 204
134 199
168 204
52 172
63 99
90 164
73 128
35 203
130 191
82 155
200 219
80 127
93 176
131 149
23 217
200 217
117 151
173 218
138 220
159 209
142 189
52 75
95 188
11 203
64 195
12 78
152 224
55 188
189 215
137 206
148 153
73 112
33 50
49 77
28 105
71 114
25 198
134 188
67 104
80 101
72 74
25 32
101 139
95 107
55 181
41 212
143 201
32 91
152 172
114 172
87 162
82 191
29 212
114 118
44 93
109 117
17 169
31 86
32 214
74 81
68 223
60 99
68 205
128 203
29 78
105 172
17 51
182 187
60 71
150 209
54 201
5 206
12 44
57 62
146 175
97 188
7 135
6 30
15 84
53 139
36 124
102 148
67 212
88 153
10 189
140 189
165 192
20 112
87 130
43 146
24 70
8 145
29 68
93 200
76 224
13 84
11 117
137 198
119 133
135 213
4 129
15 91
29 94
2 163
18 173
44 219
36 126
47 70
52 198
140 162
37 64
139 214
16 69
195 216
111 169
64 223
53 155
8 149
12 51
68 100
10 130
26 54
70 148
125 202
28 152
91 93
174 177
6 25
73 152
63 187
57 103
155 214
4 108
65 93
54 191
212 218
70 187
41 223
0 137
112 179
138 157
107 181
44 143
49 94
36 129
27 183
71 162
82 123
59 176
24 115
54 55
104 167
34 50
31 63
149 207
48 108
6 68
48 70
87 220
179 214
84 215
49 91
175 216
15 141
142 155
61 168
73 106
12 130
65 203
70 108
91 105
8 27
91 141
204 216
139 152
115 179
88 202
19 61
69 151
17 201
44 102
106 162
28 138
47 187
36 46
16 55
59 125
4 169
171 177
170 191
2 137
23 181
4 126
21 92
1 160
33 101
132 167
32 138
37 156
107 145
103 106
47 60
31 54
20 220
139 182
17 118
0 192
96 111
34 189
40 51
43 169
146 179
30 191
93 105
78 213
70 146
89 200
22 78
152 193
71 135
79 129
66 115
4 154
62 70
103 180
80 177
179 223
139 171
160 165
0 196
92 105
6 122
5 103
23 221
0 104
165 207
176 198
15 164
98 99
60 179
129 179
164 169
94 124
83 119
63 109
9 155
128 142
31 212
1 23
104 137
29 36
191 210
49 76
4 137
51 130
155 196
172 203
136 207
92 142
2 129
0 34
175 188
9 110
154 214
148 192
36 194
82 133
73 105
170 209
91 161
41 120
73 84
4 156
175 200
62 69
136 192
49 95
66 130
30 163
80 117
36 131
98 153
75 143
51 207
70 77
43 177
171 209
122 192
154 196
37 45
9 157
29 57
6 39
30 127
30 158
112 186
14 99
89 100
132 145
116 126
150 178
65 134
20 54
151 186
35 176
127 196
85 168
41 205
168 187
146 224
61 199
113 172
37 83
30 144
105 187
52 54
95 148
86 189
66 210
29 52
33 145
134 150
67 204
149 184
166 168
14 210
53 209
67 137
45 219
159 175
16 89
45 110
1 218
126 165
10 221
82 104
105 113
155 158
97 119
210 222
78 98
96 163
34 153
106 224
124 189
154 213
114 125
189 222
106 204
127 140
49 60
20 139
47 51
114 176
61 190
47 65
88 206
207 218
21 133
41 154
17 177
144 222
194 199
116 132
150 179
33 97
40 117
13 136
15 105
73 125
12 76
59 168
77 182
66 158
29 39
213 214
185 192
53 173
15 155
55 79
103 109
69 149
126 207
51 53
25 147
59 84
9 69
100 188
71 221
187 208
133 213
12 24
151 197
2 41
49 110
112 123
190 214
93 173
147 202
3 109
95 199
15 159
24 168
102 173
140 154
130 160
117 163
8 66
4 85
193 201
51 106
76 122
22 131
105 186
38 222
38 194
85 117
1 81
76 214
118 194
165 183
1 39
140 223
80 138
85 206
5 61
97 122
147 211
74 197
66 175
23 215
71 84
157 216
125 153
26 59
118 173
0 89
119 129
15 62
26 43
172 195
94 198
13 108
24 48
25 118
81 215
92 188
56 88
44 158
33 73
14 177
34 102
3 212
4 194
20 85
49 145
3 87
8 18
21 208
150 166
38 215
125 179
45 163
2 67
136 186
2 114
19 57
175 178
9 146
159 182
3 186
37 179
165 200
25 73
20 187
46 111
1 214
33 204
172 215
37 47
122 208
19 216
181 192
64 202
110 203
32 115
24 143
28 145
92 101
53 66
84 122
32 55
185 191
28 148
164 193
188 189
0 52
142 195
53 171
114 204
61 216
56 178
121 163
56 132
98 224
18 39
59 159
146 212
0 197
3 78
45 94
78 123
44 189
25 43
24 209
45 216
77 144
104 192
53 64
103 133
22 145
75 138
166 186
89 158
60 76
9 117
26 27
18 74
2 200
103 141
16 217
67 105
105 119
91 219
148 197
138 218
86 91
102 180
98 119
123 139
74 222
122 200
20 74
121 205
76 210
21 96
135 181
124 197
42 65
131 223
42 160
9 22
19 129
24 53
19 20
17 41
24 191
35 51
126 142
123 177
124 127
129 202
93 214
41 148
135 216
163 210
26 52
163 171
72 147
24 99
39 191
6 109
121 196
32 171
128 174
37 113
13 29
13 79
35 205
43 81
114 121
115 126
43 186
76 113
16 133
10 24
64 108
14 52
95 136
75 149
52 95
30 161
14 100
46 213
0 176
53 158
100 113
26 44
3 163
144 210
104 209
141 164
20 84
55 164
45 90
82 223
16 152
137 211
67 112
26 224
169 211
16 101
107 186
27 164
123 184
122 224
41 95
4 19
60 215
49 134
75 208
20 140
92 147
117 154
28 198
16 196
40 61
55 156
25 103
102 160
157 196
196 201
117 217
110 173
65 76
175 192
5 48
88 106
79 158
87 180
43 206
129 169
143 154
72 84
77 159
20 186
17 193
134 169
19 55
148 158
184 219
191 216
72 90
149 182
19 167
201 202
23 176
141 223
6 94
147 208
94 98
57 171
14 73
106 135
10 137
133 182
213 215
19 122
216 224
12 48
190 210
29 83
11 165
217 219
98 135
45 199
2 199
27 73
35 122
35 134
33 72
23 152
125 200
70 204
47 150
24 121
150 182
25 217
35 221
71 93
25 137
1 41
13 41
4 130
51 199
59 162
22 152
80 89
31 128
65 176
16 145
111 189
60 107
41 218
182 217
58 106
82 179
5 28
108 109
163 201
106 196
100 135
181 199
107 120
15 192
129 168
100 141
24 44
14 87
102 199
0 39
138 178
60 66
144 209
79 133
20 50
37 59
117 220
152 188
121 131
94 200
137 146
142 209
43 210
77 117
66 218
104 210
117 128
145 176
48 182
66 74
47 219
53 129
109 165
96 123
48 179
3 41
85 145
177 196
96 175
103 152
77 216
106 121
156 164
129 173
51 122
10 191
147 218
42 156
17 58
170 192
6 26
2 165
130 149
20 120
4 161
8 32
85 113
29 191
43 196
87 171
142 165
186 209
90 163
206 207
57 100
11 18
101 107
64 130
35 220
105 167
7 151
50 143
112 213
153 163
9 201
99 161
62 198
58 67
93 101
75 162
146 171
94 140
6 11
75 192
129 163
147 156
70 131
37 103
112 139
31 97
51 137
44 195
56 133
20 127
38 43
64 166
92 151
68 160
155 194
84 123
58 63
54 59
74 177
118 146
38 90
139 177
90 133
25 53
168 169
124 218
77 93
51 224
180 215
141 149
139 168
25 82
6 63
70 185
10 29
60 80
36 63
53 140
24 144
90 199
72 161
45 156
11 22
64 156
24 39
52 53
117 156
30 79
50 99
37 192
32 110
71 116
60 95
143 204
28 181
101 178
27 159
79 139
121 162
18 42
40 214
75 200
41 114
36 71
69 88
98 223
13 149
60 138
99 116
93 120
1 47
53 124
90 169
168 223
94 99
113 131
57 99
27 220
102 155
60 70
61 221
47 137
79 165
138 143
45 91
98 191
137 150
46 166
85 167
43 117
1 89
66 202
112 131
40 171
112 152
112 205
143 207
68 108
27 65
158 188
67 215
53 208
111 191
67 201
87 160
19 80
9 177
45 98
64 189
7 103
142 208
64 211
49 146
56 84
21 69
157 223
76 171
42 95
59 179
93 133
92 113
85 166
67 103
18 217
91 169
61 220
69 82
118 158
71 192
104 133
159 200
39 90
152 220
2 8
26 123
99 207
145 157
151 176
106 158
43 150
33 186
51 213
109 132
52 116
139 161
75 164
8 137
68 209
55 81
57 87
109 155
97 199
20 147
51 180
9 124
40 145
22 197
124 209
87 107
131 215
118 124
50 224
30 171
49 54
51 117
31 69
16 21
116 224
23 111
92 152
45 132
8 159
5 199
125 206
25 30
39 170
70 221
65 199
15 201
97 203
59 197
1 140
7 155
109 127
139 200
95 151
79 172
52 203
46 54
72 113
133 150
23 189
65 107
81 150
137 192
145 171
88 213
37 201
37 219
102 143
15 35
150 159
63 173
93 104
62 125
156 179
49 111
181 216
48 138
78 204
11 132
53 187
32 218
56 70
143 158
111 148
83 106
145 183
6 215
2 46
4 62
95 97
6 156
16 198
24 69
53 83
36 79
11 29
45 170
114 195
106 199
20 121
17 132
142 173
42 117
66 103
34 208
122 155
110 161
70 141
182 200
84 192
2 189
54 105
21 176
6 199
17 196
59 188
73 91
56 154
20 64
15 36
59 174
97 184
119 158
69 195
167 215
63 90
8 222
58 137
84 110
76 196
127 200
116 189
60 84
12 80
46 211
34 169
93 109
136 185
132 175
51 63
12 167
116 207
88 212
79 184
110 149
18 64
39 125
56 164
34 80
74 213
49 51
11 75
1 205
53 74
156 220
44 148
153 208
52 100
78 121
91 145
75 121
12 55
76 146
123 200
98 207
39 154
187 209
26 53
113 135
51 86
171 175
66 118
54 214
150 177
85 130
11 126
160 171
106 154
84 216
57 191
52 220
65 183
87 100
0 191
94 107
38 102
46 120
117 169
69 209
18 111
2 146
61 198
21 74
22 105
58 224
145 149
87 222
163 202
95 206
145 179
31 129
41 153
63 75
80 210
96 195
171 192
35 45
80 139
110 138
55 102
56 136
68 149
14 50
80 122
31 70
54 117
148 217
99 155
30 40
21 162
148 195
143 160
178 200
181 198
20 77
47 48
52 120
199 223
127 146
40 134
101 118
12 125
49 163
153 191
69 208
145 162
59 165
82 158
20 214
74 134
63 116
50 148
30 86
23 160
192 211
70 95
206 209
136 212
83 90
47 129
54 156
63 105
82 93
168 183
0 27
29 31
89 162
28 195
122 197
113 139
129 194
83 103
12 35
1 16
156 205
65 162
25 97
71 201
40 197
120 164
99 160
94 168
23 185
101 142
21 197
92 98
65 90
81 98
106 211
85 141
62 186
27 174
37 73
107 192
71 89
140 144
56 213
108 139
72 128
47 69
59 187
92 94
141 201
67 181
60 103
11 95
132 155
22 160
56 223
107 144
65 124
16 83
43 102
134 197
182 190
65 205
120 132
3 27
23 109
20 145
16 107
31 44
140 177
103 190
0 112
17 42
128 145
68 91
57 104
156 192
34 198
52 137
15 195
113 192
176 218
123 198
5 78
36 179
62 123
13 160
41 144
94 165
131 153
65 201
14 206
113 224
6 177
12 193
3 159
153 217
97 185
71 87
36 90
58 73
69 122
158 204
41 65
44 188
151 173
139 147
41 151
184 214
5 191
86 169
33 173
59 82
33 217
88 115
62 145
92 135
56 62
174 182
129 218
22 202
94 194
4 89
184 213
5 51
8 25
186 200
1 32
41 193
74 137
15 25
166 203
133 217
186 206
31 163
89 105
27 75
1 213
8 110
104 130
22 62
2 58
79 89
108 110
73 194
52 127
134 221
23 169
197 218
55 192
37 105
90 100
26 173
134 222
29 106
77 146
97 138
62 120
28 46
56 220
177 198
141 142
113 126
94 143
33 206
19 155
78 99
0 109
102 122
66 203
19 95
124 132
65 97
58 96
43 92
78 172
8 143
78 118
83 179
145 193
0 171
60 171
25 65
22 67
2 116
41 134
31 220
4 209
64 159
114 214
109 147
111 126
61 171
129 133
200 205
99 209
131 192
50 113
38 210
43 175
63 118
70 91
163 209
35 125
106 167
18 24
37 178
15 50
98 178
44 91
89 150
130 144
126 145
79 138
167 201
28 43
193 195
87 197
29 47
77 123
33 194
98 115
70 153
150 154
93 99
9 118
180 189
109 142
2 212
137 208
142 163
136 163
33 158
14 108
105 153
67 199
127 221
115 164
5 115
64 218
197 214
152 214
53 195
9 186
38 219
52 221
121 221
133 222
25 71
171 178
71 195
119 178
34 165
8 33
128 163
53 86
138 206
118 144
44 217
70 159
68 210
32 51
28 42
94 162
109 175
134 137
67 167
170 224
126 163
84 111
166 173
4 121
170 212
38 117
116 186
53 214
37 57
211 216
38 53
164 221
70 163
65 100
19 102
66 141
108 161
72 205
19 169
91 106
30 159
18 172
9 57
60 203
28 101
54 172
178 206
3 33
55 143
99 163
114 149
86 127
37 95
151 157
9 94
7 204
128 178
8 190
42 169
29 154
140 148
65 116
21 110
0 21
131 150
76 112
26 38
48 201
210 218
84 183
144 160
7 206
110 127
70 74
140 172
92 148
11 161
174 194
47 214
151 167
149 186
67 200
90 104
13 119
92 139
79 200
83 199
156 163
167 223
115 151
51 174
24 146
15 117
51 154
15 221
132 210
17 96
69 127
45 180
169 197
6 165
6 190
7 212
37 127
94 137
25 140
41 60
129 162
26 159
102 222
57 167
154 182
29 165
31 80
86 113
41 170
118 218
34 115
30 168
26 85
88 123
149 173
57 128
93 131
16 180
68 185
4 192
149 193
36 221
125 156
125 187
58 196
16 111
33 134
39 81
66 181
54 183
181 217
1 18
108 126
66 117
13 192
148 168
129 224
66 217
50 218
157 161
55 163
24 188
62 89
107 132
24 211
69 224
65 184
17 61
50 192
96 113
50 201
14 222
24 214
169 216
31 88
61 75
135 166
37 216
55 167
5 209
90 194
141 205
24 111
52 183
126 209
19 207
151 223
46 136
181 183
5 118
27 126
87 208
181 223
41 179
123 135
10 52
169 223
21 63
35 57
111 179
160 164
159 170
132 166
161 219
8 97
25 143
2 88
110 185
127 129
44 114
37 161
44 54
70 125
58 103
44 72
26 137
61 209
11 34
133 175
12 91
150 189
83 175
44 118
144 177
48 213
11 190
26 107
39 97
3 175
142 216
65 154
88 100
51 184
26 196
55 172
9 27
94 134
173 201
43 99
138 219
74 78
95 122
91 171
154 202
41 112
154 195
65 177
125 178
4 221
46 185
19 159
159 163
83 98
8 36
149 195
120 176
9 116
38 224
26 46
100 116
34 166
6 186
84 181
33 205
197 201
0 82
131 161
39 43
193 210
31 209
53 126
56 180
52 136
50 154
68 197
22 172
79 163
44 168
96 138
105 118
18 115
157 165
33 221
129 154
89 167
173 202
133 176
80 214
65 103
21 146
99 197
36 180
186 201
51 65
84 188
3 6
128 135
79 161
6 19
110 136
52 159
128 155
37 223
177 205
196 197
70 83
78 184
27 41
51 181
81 145
160 189
49 65
54 58
7 44
41 56
33 135
187 196
40 132
67 175
49 168
102 190
79 214
49 205
7 158
21 152
211 221
13 207
127 136
34 131
187 190
48 214
62 127
156 215
114 205
108 164
7 40
88 137
36 37
52 55
14 184
35 109
196 212
25 92
13 193
156 170
82 212
96 148
135 143
0 178
156 168
19 92
45 175
14 26
135 208
80 150
11 52
133 223
100 118
64 215
72 126
85 202
124 138
100 147
80 88
40 111
35 99
71 210
4 18
24 43
16 59
49 169
98 162
148 170
78 182
74 160
5 39
67 218
95 180
13 82
42 137
36 197
150 158
210 223
191 213
9 161
74 195
54 81
145 210
128 214
24 140
45 179
11 53
48 135
78 94
106 107
138 186
45 169
42 218
16 223
15 138
8 37
95 194
125 158
165 179
123 220
105 191
63 82
88 166
110 142
3 69
98 193
7 31
85 183
53 94
47 76
154 199
158 171
14 167
24 178
91 183
115 204
137 145
36 64
83 112
123 217
10 122
24 126
127 157
1 190
97 117
11 82
128 204
24 49
94 189
55 215
181 185
165 216
110 156
104 156
88 148
142 146
46 205
41 76
72 88
7 213
94 116
139 166
99 218
104 174
25 102
116 203
39 159
126 202
0 30
1 96
27 56
3 120
71 77
125 183
93 142
108 202
74 169
60 196
70 101
118 210
141 211
116 137
116 154
122 152
3 51
7 132
65 171
62 142
16 60
34 38
119 172
72 145
205 217
38 66
111 118
44 201
85 164
138 190
79 177
86 104
81 146
98 165
39 96
150 186
62 179
35 119
91 207
26 87
26 79
188 205
165 214
122 126
58 109
113 148
157 220
90 185
126 159
66 104
5 16
71 207
155 184
19 93
20 222
133 139
24 139
59 81
33 183
79 130
116 187
135 192
103 124
14 162
43 176
97 181
104 149
91 110
56 166
15 223
66 85
92 155
215 221
58 172
81 179
8 199
67 118
145 168
25 208
23 173
118 156
65 91
78 176
14 202
16 218
76 144
58 121
191 209
166 222
152 153
28 204
30 167
115 182
105 142
92 158
118 151
113 204
47 66
33 58
189 219
19 203
18 80
14 116
8 182
154 186
153 196
12 96
74 142
41 162
27 147
54 170
20 151
83 87
25 90
13 67
77 129
1 135
106 110
40 99
53 102
132 219
84 86
13 137
0 10
133 141
16 29
3 184
23 79
166 223
135 222
13 69
158 182
95 203
47 116
99 178
56 152
79 140
34 212
84 96
140 150
11 98
66 170
64 112
79 84
14 111
114 162
105 209
170 181
40 75
71 155
125 169
69 101
35 200
83 88
4 46
173 215
26 186
132 201
33 37
45 172
93 221
138 168
26 66
50 153
22 162
73 219
6 95
127 206
49 166
111 115
148 162
64 191
0 6
150 212
99 107
203 214
114 215
23 95
17 135
34 64
20 76
181 187
121 210
66 172
9 174
114 139
54 186
102 151
116 135
145 150
10 201
9 63
57 222
58 136
72 158
69 189
32 182
35 59
136 183
87 224
92 171
27 36
193 218
117 152
2 71
134 176
83 84
21 44
24 136
38 47
178 205
22 37
148 152
17 159
25 192
74 113
49 210
76 177
10 28
0 118
145 204
1 185
115 196
53 197
40 98
19 75
21 150
162 210
46 177
127 199
17 129
61 126
89 174
152 177
13 151
1 145
143 152
72 216
12 46
3 140
193 216
79 123
56 222
147 170
75 116
117 134
53 161
87 167
147 183
51 89
28 120
34 108
2 161
7 66
83 142
10 98
207 213
131 173
193 203
15 215
98 141
189 201
88 143
41 73
38 150
114 167
47 62
76 93
112 135
181 194
125 132
43 157
163 189
72 165
3 45
23 102
66 206
110 219
78 107
44 57
178 208
80 84
70 73
6 201
108 111
33 51
148 188
68 77
4 110
32 220
50 196
110 206
41 130
67 68
93 206
27 120
9 39
91 170
88 176
42 178
24 27
135 137
92 178
88 222
61 186
98 174
31 170
107 223
14 91
83 173
197 221
35 213
181 191
172 198
83 93
129 150
33 89
4 119
131 199
139 175
56 200
15 173
39 64
58 184
3 198
38 128
149 191
58 140
59 160
62 202
3 68
48 53
1 33
65 148
71 139
49 176
78 109
30 71
14 40
52 125
159 217
68 155
56 206
19 160
42 192
164 196
61 102
193 211
0 73
144 165
112 167
46 58
64 80
123 157
109 192
187 204
92 205
27 212
72 186
126 180
8 142
21 136
39 222
50 195
94 211
31 197
123 197
40 144
12 183
107 179
95 221
24 32
76 85
20 130
200 218
2 38
109 123
37 137
67 173
181 204
106 177
54 200
65 98
8 58
82 178
10 106
119 138
101 161
75 145
128 190
102 220
86 98
11 41
7 173
53 81
188 213
16 41
17 171
174 210
120 160
64 89
19 62
47 52
39 95
7 124
0 201
76 108
215 220
135 169
78 189
61 125
70 174
53 105
5 89
133 158
155 180
51 76
137 165
84 139
90 118
29 161
22 209
114 174
135 146
10 100
136 223
103 132
47 163
36 210
176 188
3 22
23 209
101 177
0 5
83 99
77 106
78 146
24 119
22 66
103 208
94 183
51 111
7 199
34 145
77 126
88 154
97 159
5 18
136 141
18 41
64 117
104 215
131 208
74 220
94 191
22 134
200 223
164 165
35 149
83 221
3 16
39 103
138 159
147 162
94 179
106 142
63 175
122 201
58 177
9 127
111 224
33 218
59 109
122 159
52 182
49 80
0 190
57 93
68 101
27 211
91 205
60 156
104 155
86 163
54 197
3 54
11 134
146 169
104 178
46 65
152 174
78 193
47 216
65 88
70 191
107 118
1 71
198 219
153 189
121 134
40 189
63 219
109 122
31 178
102 221
57 94
13 223
56 99
159 198
53 115
13 219
192 204
43 137
1 209
4 83
20 113
19 126
5 17
78 216
0 223
84 124
150 197
15 23
7 36
138 153
35 116
160 162
89 95
81 188
34 84
96 150
7 113
64 150
75 211
116 201
15 139
17 131
6 80
141 214
82 107
36 69
58 102
20 169
48 195
13 17
23 30
107 175
143 159
180 214
33 127
130 166
62 217
83 138
173 192
32 142
57 64
97 134
135 165
106 129
5 196
90 215
105 210
216 220
88 144
0 87
44 194
28 91
133 153
26 198
69 185
14 178
188 192
162 174
78 186
76 102
23 182
104 115
27 193
77 107
59 177
86 184
113 164
1 21
35 77
175 198
27 191
68 169
30 210
15 220
106 141
83 94
1 217
30 153
76 148
110 170
86 154
9 191
1 154
60 197
75 171
111 114
72 83
152 222
66 215
84 186
134 166
73 207
3 210
107 170
158 160
80 175
64 163
15 202
90 216
126 188
157 179
23 32
46 160
57 73
160 197
20 146
101 188
60 77
40 196
95 159
80 135
45 113
58 107
124 198
76 90
165 201
128 152
66 153
1 119
55 128
136 208
57 58
89 129
1 179
13 97
62 191
65 209
55 67
37 221
119 160
105 121
43 127
15 74
167 173
152 211
23 148
32 190
10 93
47 139
83 210
168 209
161 172
58 132
19 134
133 195
65 140
14 56
28 221
1 134
111 131
4 165
21 70
100 189
54 188
4 78
82 200
39 196
133 144
20 149
40 164
4 195
6 82
8 185
128 210
12 132
16 61
70 152
65 204
54 177
21 191
87 125
105 178
28 121
145 198
82 113
1 207
112 162
79 121
202 223
3 114
209 210
49 147
122 134
50 161
98 171
21 22
32 80
53 181
34 179
22 176
143 157
103 134
201 220
73 185
49 87
19 172
218 223
34 51
34 159
43 93
2 176
114 141
128 134
80 151
140 186
46 101
51 90
6 124
35 58
51 203
48 118
108 146
6 116
83 123
57 135
3 83
65 126
21 183
126 143
46 221
13 56
2 118
10 55
50 166
76 128
11 100
157 217
171 186
15 121
50 60
120 166
12 124
19 24
146 214
150 219
0 8
38 138
31 160
11 149
1 157
13 22
34 157
73 172
25 134
137 159
87 195
30 179
15 185
126 141
87 209
140 170
11 193
22 31
90 125
153 187
166 208
211 215
21 90
37 51
81 116
22 56
84 112
54 128
101 164
43 207
21 169
46 172
120 200
33 166
127 207
78 163
93 154
147 154
50 104
49 160
96 131
29 193
97 144
22 79
0 66
67 141
69 143
193 207
112 207
78 155
153 216
67 185
117 209
26 212
77 133
15 109
164 192
175 205
119 171
68 146
78 171
51 77
42 174
186 214
44 151
23 50
95 182
127 209
80 217
77 82
83 164
78 129
28 156
64 200
35 115
100 133
85 192
50 158
89 90
28 50
43 50
78 139
69 198
123 126
112 118
17 101
158 215
68 109
96 177
99 206
133 162
100 186
101 143
58 208
47 138
12 198
63 153
198 224
69 98
75 139
111 201
30 99
125 141
41 132
42 116
119 151
104 202
11 209
27 122
21 141
26 154
11 164
67 190
168 193
43 83
62 74
190 219
37 70
27 118
125 194
102 126
7 29
83 108
194 205
152 186
42 70
69 126
86 145
117 222
32 94
146 159
125 137
42 177
106 147
148 206
172 218
109 138
9 149
147 166
7 104
1 48
13 143
43 75
33 70
30 197
35 132
38 45
68 216
85 151
144 197
22 111
160 200
183 205
87 198
123 212
2 50
90 109
153 199
16 64
74 112
128 222
31 166
14 82
54 150
45 214
15 49
17 199
5 96
53 78
26 60
68 124
99 106
37 155
162 221
86 136
101 221
17 119
13 87
75 146
80 136
64 185
41 105
156 194
75 196
34 85
28 210
19 153
122 127
28 186
19 94
9 58
11 216
179 182
151 190
143 218
103 148
38 65
5 140
112 144
0 88
27 166
77 197
154 181
117 179
34 192
21 49
71 90
157 211
141 198
56 190
29 152
54 131
44 47
130 135
12 104
71 128
193 215
19 26
38 211
0 3
10 194
90 207
200 212
18 103
35 111
33 144
167 175
32 60
9 189
29 195
34 210
7 123
208 222
63 201
1 86
14 83
23 96
182 188
22 57
83 212
80 104
85 100
149 192
42 148
28 58
13 63
90 209
23 55
54 203
64 98
25 108
121 144
78 133
141 172
13 55
12 171
39 174
17 38
93 140
16 212
173 186
67 147
44 126
2 69
91 179
17 30
93 169
107 200
129 195
50 151
69 141
6 143
8 102
36 102
81 172
93 117
11 80
85 122
8 186
32 213
19 25
139 222
130 150
131 168
3 121
141 185
74 190
12 179
29 202
43 73
64 88
27 203
179 219
30 102
74 185
14 85
110 215
10 197
64 92
1 5
13 121
8 168
48 79
21 155
61 68
45 147
51 223
132 216
24 80
20 157
190 221
81 106
13 181
11 163
29 122
88 118
83 146
17 64
4 47
151 178
85 92
206 212
113 119
10 145
5 92
35 189
83 205
2 151
109 161
33 60
121 165
67 96
21 143
134 183
84 114
16 127
19 70
81 99
92 187
170 221
38 142
58 68
199 212
119 180
122 171
91 95
172 197
39 118
33 95
188 203
20 180
19 81
3 82
83 97
52 135
94 186
114 202
189 204
40 137
7 133
92 186
25 59
40 210
92 180
12 140
21 216
174 204
76 151
69 135
4 26
154 205
198 216
29 182
135 204
192 223
156 180
169 195
97 170
7 87
138 172
61 107
0 14
195 196
81 199
85 215
25 175
211 223
112 143
37 62
155 209
106 221
41 83
31 108
5 174
63 85
203 209
107 215
78 147
12 129
13 44
8 123
96 200
128 147
112 161
63 158
23 151
6 221
73 135
51 143
159 223
162 213
132 178
63 164
190 217
123 219
34 117
65 215
29 188
3 55
62 176
91 155
139 151
124 192
147 177
77 193
114 129
71 95
81 132
99 179
157 182
180 204
68 218
7 25
197 224
26 203
25 186
105 131
5 105
135 184
154 188
105 140
92 164
11 33
117 160
153 195
90 176
11 219
11 152
63 93
140 209
120 209
15 46
124 136
28 206
96 126
52 222
173 180
197 223
38 113
66 189
3 158
5 217
41 204
33 100
48 188
15 71
88 192
29 109
83 95
28 130
125 133
188 202
156 159
55 64
186 211
36 211
119 149
129 188
122 198
16 120
60 217
34 177
69 174
175 204
39 162
10 126
51 91
7 164
70 156
18 131
39 186
61 122
67 120
17 35
56 151
143 212
3 152
63 136
184 215
103 166
16 65
121 137
0 77
134 158
62 86
86 110
18 160
21 34
13 138
78 151
64 176
139 187
13 65
31 151
66 149
25 127
159 173
140 196
132 162
6 178
61 116
51 208
60 122
60 205
132 154
19 148
6 35
101 151
39 164
74 181
51 94
166 218
107 221
132 140
11 198
116 178
46 47
206 216
151 217
52 118
124 222
81 115
24 147
97 209
96 151
183 224
178 184
76 98
8 19
96 185
87 121
111 163
69 160
29 200
10 61
50 169
56 67
0 42
52 93
118 175
143 145
6 198
25 111
69 115
4 73
14 128
182 222
47 178
136 182
90 106
95 176
70 211
45 106
124 224
0 105
45 222
101 110
77 211
81 129
42 164
17 53
25 181
0 213
208 221
104 190
159 213
21 29
25 187
7 149
36 209
53 97
73 203
24 120
180 181
87 99
116 199
70 170
95 138
111 202
65 170
122 130
69 202
72 107
119 141
31 161
110 182
76 117
21 46
89 132
21 42
17 146
134 156
120 189
116 202
120 130
129 155
19 86
14 211
18 87
57 193
104 187
3 50
70 213
7 101
207 217
34 142
154 191
13 199
58 159
36 145
69 171
26 90
113 220
41 224
109 177
154 208
185 196
91 224
15 28
44 108
84 211
28 112
44 109
159 179
57 146
146 191
66 142
14 115
120 123
113 200
131 191
118 195
146 152
24 154
52 192
42 136
201 210
110 168
0 152
197 206
52 209
49 82
30 46
51 162
32 101
59 152
24 86
104 176
63 95
20 79
16 84
126 167
86 88
72 86
42 189
28 82
8 53
199 216
20 68
105 168
144 150
23 187
74 126
46 176
49 102
83 169
61 63
6 79
25 209
102 209
106 216
34 125
84 158
10 131
9 68
42 224
9 75
99 118
37 140
60 128
26 57
102 218
87 136
63 140
135 191
45 145
24 40
77 215
92 165
1 223
133 179
113 196
112 221
45 173
32 103
103 151
84 174
131 207
104 166
166 215
160 205
64 162
37 90
18 55
54 139
112 153
189 192
17 194
52 171
87 186
175 186
56 207
51 69
5 162
56 117
22 71
8 144
78 179
196 200
29 112
122 180
165 174
30 190
24 105
89 170
86 114
94 217
4 52
10 41
77 150
119 223
42 52
32 77
2 12
4 176
80 97
76 217
58 108
8 139
104 175
82 150
13 130
10 86
151 204
71 120
54 112
39 91
88 112
25 176
69 93
86 176
90 221
50 92
32 71
9 203
38 171
144 152
186 187
74 184
119 144
36 132
28 40
113 223
23 86
85 133
123 143
25 180
71 194
68 133
196 208
37 222
16 63
182 224
25 184
28 35
119 167
44 184
91 134
66 143
173 209
29 186
84 182
115 117
25 158
8 163
7 218
25 28
36 65
98 148
129 193
10 90
94 106
183 189
115 216
22 114
42 108
171 187
134 143
9 166
110 188
101 191
62 173
59 62
120 211
144 172
115 148
50 131
103 126
87 150
94 113
167 186
96 104
143 209
125 168
4 201
77 96
9 150
65 193
54 142
96 149
10 70
53 179
75 100
19 194
88 169
63 196
107 127
189 213
94 215
92 118
0 142
107 204
57 168
187 213
89 223
142 223
165 199
6 185
23 194
143 183
75 181
157 222
85 95
104 194
142 147
27 53
86 217
133 189
183 208
123 210
15 130
20 46
90 181
88 135
91 125
145 220
131 148
44 123
202 217
118 222
138 154
101 182
108 114
0 140
20 122
143 175
23 90
50 51
5 204
102 191
2 75
85 170
138 161
42 197
168 201
56 73
172 181
50 147
45 224
152 162
88 158
75 90
88 220
3 179
134 203
150 213
119 205
55 155
44 105
33 164
46 59
3 133
168 186
78 222
84 154
184 222
16 159
103 167
37 61
75 198
46 126
35 182
12 32
61 133
15 90
21 187
37 151
38 165
31 153
66 79
0 117
31 194
92 146
113 189
31 92
9 214
55 218
192 198
21 172
2 155
66 75
89 99
131 166
65 136
68 134
85 222
96 207
26 51
47 200
168 181
79 195
79 99
110 222
108 144
71 148
82 95
30 208
2 117
58 178
99 187
102 174
76 223
32 132
97 216
150 199
40 121
123 180
152 218
66 114
135 145
6 27
120 196
19 152
104 217
157 199
117 140
103 157
40 58
39 169
27 158
16 156
63 127
151 221
83 206
56 82
63 77
152 157
78 111
71 158
45 75
52 184
177 224
64 206
41 107
7 127
80 216
44 150
150 169
3 94
30 155
81 200
96 135
32 50
39 109
29 117
139 202
43 142
16 201
140 155
97 115
99 181
48 57
156 158
64 135
116 167
1 35
60 73
17 19
43 182
117 176
73 148
4 107
3 108
65 182
124 144
80 183
113 214
41 89
167 216
57 187
46 151
102 176
92 191
15 55
80 103
63 80
175 221
55 59
52 188
104 154
32 125
26 88
128 173
54 127
47 211
63 137
150 211
59 99
96 134
22 48
27 52
95 219
60 142
111 197
48 198
130 141
68 120
65 149
26 139
130 179
83 156
99 203
23 31
35 90
193 214
64 224
104 222
182 202
54 124
28 51
134 189
29 97
51 147
154 171
53 206
9 194
146 203
42 80
16 104
89 179
77 95
10 152
71 82
47 120
72 177
50 208
74 89
25 106
1 9
17 180
117 219
29 201
20 32
144 213
47 63
52 201
62 155
51 190
158 216
95 190
173 199
6 138
31 217
90 184
183 212
133 197
135 153
19 133
125 136
3 174
29 80
72 103
189 205
51 75
154 187
173 177
37 63
30 145
26 150
29 60
55 73
142 149
182 204
17 124
146 213
35 46
26 101
127 224
12 224
37 101
74 83
168 205
74 92
74 107
121 161
52 84
163 219
63 142
74 91
166 207
167 200
50 221
73 95
94 201
201 205
115 175
64 198
23 131
3 111
8 34
157 158
27 85
62 151
172 196
19 52
12 201
86 164
40 141
31 213
22 97
92 131
183 217
120 218
95 215
186 220
31 38
67 177
30 34
40 123
8 215
25 49
160 207
29 82
157 209
29 90
104 148
31 60
110 130
11 206
129 199
100 203
27 163
116 139
12 105
27 143
79 146
44 119
131 187
5 188
87 179
138 173
11 205
56 149
72 172
166 187
38 57
9 180
127 169
48 126
72 185
29 220
137 161
177 195
51 150
143 151
76 145
112 172
48 62
124 131
122 123
131 170
61 217
50 139
166 221
121 217
147 167
53 111
128 198
6 15
21 55
44 149
21 124
12 186
110 179
14 126
5 215
71 118
88 221
56 141
84 136
44 67
14 134
63 64
84 127
9 181
63 97
48 143
42 92
75 190
39 73
17 123
101 149
90 174
104 198
52 208
95 187
72 81
98 196
75 207
1 59
0 65
120 138
82 114
16 88
20 106
19 107
38 153
38 199
94 122
111 156
161 180
15 204
68 182
96 212
12 149
156 200
54 222
160 163
93 113
52 205
44 164
49 173
49 109
30 109
172 185
91 196
46 189
36 127
175 183
26 188
129 175
86 210
12 161
76 101
133 170
53 85
10 198
109 221
76 104
134 187
22 121
35 80
88 175
164 179
148 161
0 47
105 123
70 138
29 142
61 111
35 142
32 137
164 203
18 92
98 211
126 161
22 224
4 149
34 162
153 176
29 143
31 196
13 166
25 66
13 213
47 128
136 187
59 222
97 177
125 128
89 218
23 156
43 113
61 81
33 90
3 97
5 88
79 107
6 69
201 219
64 208
70 71
5 60
98 110
70 84
43 193
86 149
104 213
111 207
153 164
60 65
94 190
100 196
32 205
75 86
74 141
88 211
194 208
11 138
122 172
63 163
81 101
146 180
29 166
47 209
87 196
22 125
135 180
33 119
90 186
38 133
113 129
34 66
88 110
35 218
128 150
186 197
170 200
135 139
32 203
61 151
115 192
90 131
17 100
37 195
26 152
5 147
56 85
6 52
12 156
116 188
38 56
41 110
123 182
20 65
196 199
78 91
17 70
46 199
109 170
165 188
87 140
29 124
36 138
4 92
139 191
162 211
48 56
51 211
82 87
58 120
146 178
140 152
32 121
73 155
82 217
106 171
12 42
5 197
30 202
45 133
120 129
57 95
37 217
55 204
17 91
6 87
124 182
199 207
8 162
186 194
129 215
2 35
59 111
76 137
79 87
94 180
147 204
55 127
34 40
106 170
76 189
2 106
216 219
18 21
20 138
11 63
137 217
117 203
40 48
159 177
58 204
57 161
0 135
47 171
115 127
143 205
136 173
141 179
132 139
203 216
124 145
44 60
123 214
40 193
79 181
21 121
214 222
121 213
17 48
22 204
25 194
13 168
108 160
20 192
7 39
45 87
50 98
72 140
55 157
58 149
24 91
96 205
129 208
185 197
18 25
147 213
94 146
48 169
84 201
53 198
110 176
10 69
113 199
36 168
5 178
62 199
31 81
17 202
122 218
66 122
19 78
23 208
26 125
66 195
108 156
125 159
76 134
54 122
52 80
115 133
11 46
155 166
15 213
28 110
123 181
18 84
3 58
11 83
32 48
60 219
45 189
48 134
55 89
136 138
82 99
100 223
170 178
69 130
43 132
21 213
63 210
73 79
49 108
35 105
80 125
52 109
108 222
54 96
0 70
142 197
12 168
171 201
66 161
59 103
88 216
53 167
76 199
14 42
2 187
164 189
7 98
6 18
146 176
116 214
175 190
103 135
29 50
20 224
7 76
111 152
8 187
98 170
80 99
61 76
101 185
140 204
73 150
175 212
94 184
162 207
68 136
85 184
46 210
0 177
46 184
19 219
22 182
67 93
30 39
159 184
85 148
3 189
78 167
41 122
98 145
42 111
39 61
37 175
107 220
3 138
136 199
115 143
18 44
38 61
66 216
21 24
86 115
51 140
168 190
22 82
4 25
84 97
119 123
76 123
35 187
111 184
99 123
149 221
16 54
83 181
61 79
162 165
171 208
51 103
27 35
71 213
208 217
11 35
106 164
127 202
42 110
93 162
101 160
80 212
59 195
1 15
42 221
29 79
37 213
100 212
6 46
94 159
45 72
80 202
53 221
209 216
95 141
19 198
64 149
102 183
6 196
39 137
68 186
84 187
8 63
21 131
83 150
151 152
179 209
48 75
22 149
12 67
48 224
137 151
93 138
68 150
188 191
17 142
39 175
59 183
50 129
35 171
123 201
73 130
212 214
33 147
14 90
72 75
3 196
154 179
37 71
139 213
34 88
62 137
39 107
80 87
126 195
34 195
168 203
39 182
50 211
8 84
182 183
65 147
92 99
33 114
42 154
66 127
157 178
157 193
2 86
106 218
53 59
100 163
157 201
51 168
102 164
96 209
25 76
34 175
29 205
13 179
152 197
29 144
11 91
114 200
131 171
14 175
79 191
92 166
11 155
4 206
3 123
54 221
27 79
152 212
182 206
56 118
78 112
29 125
11 189
27 64
8 55
146 211
162 191
165 215
73 163
105 198
63 181
14 133
53 193
20 174
46 148
12 59
37 186
4 36
44 180
56 192
102 158
209 213
8 119
33 161
173 197
3 61
19 112
137 185
41 174
19 45
44 84
162 171
160 217
72 164
119 182
155 187
41 131
27 71
37 84
27 87
23 122
180 187
79 219
96 197
101 131
161 189
19 128
30 43
149 151
119 139
86 199
11 113
89 182
147 150
46 195
71 222
18 218
88 139
17 214
113 137
77 85
193 198
35 196
76 164
16 190
70 82
174 201
15 100
92 167
100 175
60 202
78 160
77 184
78 210
163 164
174 217
117 208
12 137
63 102
5 59
90 158
43 124
58 80
35 85
100 152
123 136
26 110
27 127
192 200
56 156
141 199
99 196
42 123
10 182
70 98
35 186
58 147
77 187
77 181
30 41
117 130
77 220
64 137
95 172
4 93
70 123
73 83
71 143
41 121
107 173
25 168
100 155
7 34
17 160
43 136
14 112
156 223
14 220
64 82
175 176
204 211
96 162
87 143
12 218
54 165
105 145
57 125
79 182
122 204
103 160
70 111
45 210
9 182
151 205
13 96
63 71
55 220
37 117
2 56
96 160
101 119
52 63
21 222
40 72
49 127
52 200
20 150
90 213
45 176
103 187
2 180
107 111
117 141
151 189
170 206
146 208
1 63
178 183
14 165
96 99
79 171
14 104
25 38
109 215
172 208
168 216
51 121
120 195
167 184
33 177
193 208
144 201
54 167
132 168
130 208
55 141
13 115
54 93
152 159
19 64
100 168
20 128
10 196
99 115
21 82
3 116
114 138
67 99
10 128
20 57
11 188
14 16
9 192
30 36
6 176
0 133
18 48
42 213
93 108
30 122
16 143
2 192
58 84
138 148
132 193
139 195
0 122
76 81
29 45
98 144
47 81
7 20
145 195
15 75
135 173
140 218
112 165
0 212
154 177
42 204
2 96
76 115
95 185
52 122
67 189
13 215
153 214
155 210
58 139
156 218
80 204
26 127
155 159
163 224
6 163
30 47
13 156
48 136
12 84
11 17
27 178
10 129
3 76
45 71
9 67
87 101
100 110
154 169
157 163
107 190
12 112
125 216
148 213
70 100
11 183
11 56
10 216
41 215
34 178
101 159
14 101
119 199
2 219
60 212
18 151
55 56
76 92
32 224
81 189
137 194
55 171
4 200
93 150
39 173
27 54
19 210
28 56
121 223
0 57
24 181
21 203
48 52
90 108
97 121
149 198
185 206
101 109
84 202
138 212
19 100
36 73
7 224
34 130
4 146
36 187
48 215
89 183
73 96
79 98
92 194
94 127
73 157
20 98
175 180
2 45
141 154
0 33
117 120
14 195
158 224
110 120
41 136
24 36
14 48
116 151
120 182
137 205
90 203
9 92
69 96
161 224
105 173
38 132
89 106
98 114
162 198
75 220
2 209
84 224
112 159
21 138
148 180
84 205
103 112
127 137
205 215
67 143
210 213
67 139
74 116
98 218
3 129
174 206
31 39
148 215
9 168
4 217
61 153
121 122
88 132
113 188
12 39
96 125
26 91
5 40
88 109
16 68
144 191
92 193
125 201
10 195
6 168
113 179
58 74
121 166
89 172
38 58
26 163
173 221
55 221
161 163
109 153
115 174
42 76
2 72
48 221
113 205
38 80
37 104
122 163
82 122
76 162
125 163
96 152
181 222
38 46
127 170
78 87
148 219
39 149
90 134
71 85
29 76
9 83
85 98
5 183
68 105
157 187
31 110
153 175
160 179
108 191
126 128
187 198
151 203
49 61
43 152
68 180
50 212
97 193
68 104
115 217
122 140
112 126
38 124
7 56
112 134
104 196
133 173
52 58
55 96
81 107
15 57
96 176
205 210
188 206
105 156
92 181
201 203
68 75
50 91
161 211
31 189
49 96
102 203
21 81
173 213
69 176
86 177
105 139
84 147
28 41
82 119
109 146
9 36
160 175
44 165
22 187
66 136
46 121
89 116
30 204
47 222
28 199
129 192
18 86
82 101
191 197
134 224
172 204
100 111
24 122
88 196
40 47
45 92
157 203
47 196
12 17
157 173
79 109
27 179
67 179
6 54
8 116
104 147
139 211
37 88
31 111
34 174
124 171
179 203
80 179
68 153
76 141
75 168
113 191
93 116
96 211
71 167
17 137
91 123
139 220
57 110
22 193
63 114
99 148
73 102
27 89
170 174
74 96
67 164
12 52
126 187
52 123
53 152
23 137
106 185
105 192
32 124
196 207
33 189
159 161
35 165
174 202
173 206
12 21
11 208
2 19
59 83
144 145
52 152
105 144
143 188
61 146
103 147
52 98
65 125
101 114
54 140
23 64
20 111
69 169
175 179
5 146
129 151
42 57
48 222
50 206
137 204
119 213
79 92
122 219
131 198
190 198
12 159
136 177
46 82
93 115
70 89
23 52
121 154
126 172
59 129
114 212
47 108
68 98
9 84
67 117
57 69
100 151
80 145
102 202
1 200
30 37
32 70
129 205
7 111
168 174
6 204
54 217
86 121
65 217
161 201
81 103
49 156
39 131
143 195
59 134
148 186
16 31
14 19
63 135
100 128
17 141
6 81
24 87
46 125
150 202
75 102
86 108
34 143
27 145
62 81
174 216
26 223
12 208
169 182
124 169
122 149
194 200
37 197
37 158
119 192
6 159
30 173
80 157
148 224
121 208
192 219
32 148
106 126
149 218
50 61
25 164
27 81
42 129
30 216
61 195
123 221
127 212
72 106
55 131
47 202
17 77
158 192
121 164
61 214
17 204
133 201
42 86
1 34
95 119
6 152
84 175
157 200
13 191
89 190
82 208
54 220
7 79
10 160
82 135
60 125
47 149
34 128
53 188
21 180
132 160
86 224
48 111
139 183
194 202
40 126
99 121
18 215
95 167
210 221
8 214
169 214
146 207
46 174
116 163
4 57
8 10
156 157
131 155
97 175
0 168
65 75
74 94
3 75
62 166
79 202
38 123
102 193
176 206
76 158
66 131
64 219
154 165
34 49
100 122
25 129
12 26
7 83
136 193
132 192
111 120
41 158
134 164
89 139
3 160
137 189
68 211
75 174
128 205
89 103
74 95
86 185
59 131
85 139
24 31
56 79
153 171
35 86
55 166
120 125
5 19
99 164
5 94
38 85
102 208
88 219
164 198
29 155
76 185
33 160
24 157
196 205
51 146
59 79
85 188
84 160
17 121
18 190
167 169
5 119
7 179
32 150
128 184
151 153
31 40
208 224
59 102
6 34
116 161
193 219
1 139
83 192
105 183
155 167
122 217
1 66
131 132
15 53
161 214
43 64
5 23
117 118
1 128
69 92
145 164
170 217
13 18
0 46
20 126
18 104
0 107
103 139
115 215
15 42
55 216
195 214
130 194
51 81
84 126
203 217
38 40
7 190
25 153
75 163
29 147
17 163
1 191
101 199
115 134
61 121
15 162
154 204
77 134
28 135
21 186
144 195
111 220
80 209
15 186
6 154
157 175
60 88
26 83
17 73
107 209
130 159
138 166
37 44
85 176
102 194
18 94
21 111
93 132
194 216
109 174
175 207
69 181
162 201
61 167
166 220
96 206
47 221
117 166
133 157
136 166
11 39
83 135
6 22
48 149
16 20
42 66
151 222
22 64
29 176
25 189
159 197
43 219
15 142
91 175
36 39
31 164
41 137
32 169
69 164
42 141
108 137
65 133
131 165
20 223
11 176
74 202
66 129
53 202
13 83
47 181
79 136
75 188
73 211
111 167
108 213
41 164
18 101
1 155
15 134
9 20
89 134
136 179
127 198
19 54
22 75
69 215
2 221
38 98
2 25
51 155
76 130
71 182
81 148
1 221
79 117
2 194
132 144
8 95
19 76
153 161
87 161
35 150
138 184
174 209
36 136
90 136
42 173
188 224
184 189
56 72
58 194
107 125
3 100
16 157
5 207
78 224
55 222
145 197
76 167
112 170
19 103
67 197
74 204
27 46
142 178
97 107
125 185
23 219
78 89
52 61
22 113
172 175
34 187
32 139
198 206
192 215
60 100
17 75
56 123
105 223
13 120
166 197
51 129
40 133
51 187
66 201
125 134
8 125
18 50
21 109
68 130
161 167
53 219
37 109
15 171
21 147
91 223
82 184
65 223
71 134
98 177
138 140
32 52
78 177
180 217
47 142
133 186
29 66
115 207
52 113
61 67
42 94
132 169
52 57
57 216
168 218
76 220
150 222
22 98
157 171
17 95
104 204
149 168
40 118
26 97
74 171
47 111
35 50
18 128
44 211
22 127
21 185
190 215
104 186
1 80
51 55
120 143
30 152
4 109
45 50
74 164
99 125
33 170
79 151
141 158
175 203
63 203
194 207
106 151
36 188
65 155
6 147
29 173
28 184
121 219
22 59
176 180
82 156
149 175
77 114
220 223
141 184
81 137
70 189
5 151
70 193
12 174
140 207
48 61
90 107
118 159
72 210
94 206
107 217
134 181
15 124
94 144
65 87
107 129
78 115
129 137
82 108
17 33
114 216
57 192
41 116
18 133
48 95
70 109
85 138
1 68
13 195
41 100
81 83
36 224
28 190
59 112
182 203
39 87
127 156
107 212
80 206
52 92
30 59
178 201
107 157
51 118
123 163
55 207
8 152
4 115
131 174
36 96
113 134
49 93
109 182
203 218
160 191
93 165
80 168
95 153
178 220
114 186
22 159
73 127
125 144
138 215
57 109
18 165
150 207
88 142
85 131
130 167
51 205
38 73
85 149
105 214
156 190
142 182
161 208
8 76
5 98
37 141
111 198
98 123
143 219
0 204
68 90
70 190
34 163
156 184
108 120
105 220
80 158
88 167
31 107
72 156
62 135
22 95
1 112
52 69
135 142
9 109
33 45
161 176
77 115
127 179
100 187
62 124
19 209
20 35
133 152
108 136
0 172
19 131
193 197
101 190
58 114
55 86
134 213
0 219
6 67
113 219
46 75
25 48
31 204
63 131
50 95
100 193
22 23
7 120
5 181
64 157
25 39
14 79
3 25
79 108
61 108
99 139
127 130
30 106
28 187
51 70
99 159
58 92
145 203
98 157
104 193
49 50
13 19
123 155
99 200
18 52
78 132
49 121
10 205
29 159
3 161
38 104
137 142
123 137
131 179
114 177
120 141
88 177
18 57
92 163
4 35
38 101
88 198
1 175
136 155
59 126
139 174
38 89
168 194
46 115
87 127
159 188
147 199
64 169
47 193
93 215
150 181
140 187
30 149
7 27
13 152
148 169
78 190
161 222
19 109
128 193
40 183
195 208
34 60
56 105
26 126
105 136
106 183
21 214
44 63
168 179
67 149
82 197
212 221
22 141
114 190
111 192
93 96
43 172
48 220
45 197
99 184
29 40
93 144
128 206
97 130
83 100
31 142
23 191
28 140
36 123
65 163
103 155
56 127
175 219
57 101
177 221
39 202
79 155
95 108
141 195
72 198
3 170
34 103
5 66
155 188
2 26
42 203
105 112
40 178
43 192
160 223
18 214
30 175
2 214
73 101
63 121
15 80
182 192
80 120
56 144
95 140
28 197
70 203
85 211
29 167
80 224
23 161
75 206
66 207
106 200
199 202
42 194
4 27
82 195
62 128
128 219
14 180
111 178
117 210
153 194
172 178
149 171
35 66
22 190
39 44
72 182
38 156
65 156
52 106
25 79
179 201
18 97
11 211
87 213
44 130
146 149
5 44
155 173
33 69
80 123
115 155
42 205
186 188
51 196
19 200
129 149
54 211
35 83
146 150
62 129
63 68
82 204
70 144
103 136
83 131
54 175
14 57
5 54
167 183
16 40
79 115
136 168
178 188
162 189
29 34
105 189
27 130
103 130
18 85
54 213
100 117
171 211
89 191
4 177
31 157
72 218
165 197
87 212
29 101
23 184
3 79
103 122
42 84
48 146
61 150
7 52
182 214
172 201
4 8
35 65
47 112
71 203
162 199
109 181
122 129
74 176
44 179
54 196
190 199
17 74
8 59
9 198
117 165
78 206
169 178
26 47
77 155
94 128
73 142
64 201
36 49
99 198
10 186
117 216
42 126
52 83
25 44
20 51
104 224
38 121
92 184
11 139
122 188
6 191
182 208
2 34
144 146
115 172
148 200
60 130
107 218
17 221
12 151
108 129
115 136
147 189
153 212
103 213
119 217
15 175
20 210
50 72
5 29
63 160
138 181
154 216
14 49
19 106
45 61
9 215
14 136
2 113
125 171
54 160
37 224
8 41
56 126
48 131
22 143
42 152
50 216
85 134
31 119
85 111
10 63
173 176
87 122
50 132
38 182
1 75
56 150
165 189
48 140
62 205
88 178
110 133
118 219
48 159
95 171
22 109
94 111
142 156
147 179
80 90
6 161
6 29
108 171
123 161
67 198
119 211
41 125
77 113
15 150
33 215
18 204
98 217
45 79
49 214
12 211
10 112
3 157
92 96
92 109
49 115
74 159
116 179
183 188
101 203
90 142
46 207
74 101
5 163
114 161
90 155
135 210
111 113
39 141
124 175
9 154
54 56
141 224
80 140
122 183
3 182
2 207
9 100
185 216
8 109
124 196
13 20
66 87
87 96
43 47
57 213
13 30
51 109
184 193
12 68
132 202
2 83
1 126
120 184
35 159
70 207
113 158
4 135
65 72
52 114
40 100
130 142
7 205
69 140
78 161
99 191
60 159
116 204
163 203
80 178
33 190
130 132
120 216
44 208
154 183
27 105
11 50
127 155
179 192
134 182
35 118
43 101
151 216
47 206
102 111
90 93
104 159
128 164
122 212
149 199
143 167
61 204
104 169
178 215
81 201
169 210
88 103
25 115
54 90
84 162
148 149
3 59
137 173
50 119
131 147
51 82
43 129
67 94
96 124
56 221
10 119
11 144
9 34
19 165
39 161
67 76
137 162
13 85
42 48
101 106
110 162
94 224
18 108
60 92
107 193
194 219
91 199
29 140
36 142
50 97
74 224
214 219
30 219
23 56
77 136
133 216
53 205
35 81
55 185
98 129
122 135
161 221
91 212
21 129
169 176
120 221
128 182
7 219
61 131
97 222
72 100
13 24
75 103
48 141
112 211
21 199
13 208
4 84
166 195
110 213
54 102
28 174
29 65
12 29
29 171
44 61
101 105
17 60
5 222
206 215
6 56
46 91
77 166
58 155
48 172
17 27
64 152
100 173
4 71
195 215
182 212
13 62
147 184
156 207
98 109
69 79
99 158
132 187
42 83
154 206
167 197
92 179
20 161
14 158
26 165
39 102
38 200
179 204
72 166
69 144
121 147
99 173
110 128
49 197
33 181
70 199
59 199
38 218
56 219
13 140
76 147
47 56
113 143
92 211
47 210
22 112
48 139
169 189
78 138
13 59
16 199
84 92
26 194
103 121
72 102
178 190
101 156
21 212
50 111
103 181
91 109
210 219
192 213
60 149
123 133
155 213
52 130
15 118
1 42
57 148
106 192
55 123
56 181
163 185
6 173
6 174
119 207
149 178
24 216
10 214
141 193
102 115
46 112
148 154
136 165
83 96
154 224
74 122
30 32
61 176
11 54
4 216
15 207
10 11
28 169
9 196
12 160
52 140
34 111
13 102
55 68
15 51
45 73
78 156
53 153
75 147
86 166
60 67
59 201
111 216
52 199
114 199
11 27
125 175
25 85
181 206
51 54
61 185
181 214
112 199
107 146
133 220
188 204
154 221
46 135
14 43
19 50
47 140
17 176
75 109
116 118
56 91
27 198
46 116
22 215
44 144
78 90
7 161
66 194
9 145
35 133
174 199
39 181
60 139
32 100
117 162
97 148
76 221
39 66
19 205
62 222
155 163
124 158
14 125
45 160
47 127
66 83
57 68
0 51
28 182
12 74
15 161
62 182
63 141
65 173
78 220
5 52
64 107
104 105
45 52
130 216
97 108
114 184
131 193
36 216
94 120
125 211
33 150
47 55
178 210
208 210
191 212
44 58
92 213
103 194
78 134
22 161
109 167
39 139
82 169
113 118
63 117
74 223
122 133
1 37
92 97
88 91
99 140
24 62
59 154
13 25
164 177
86 123
26 129
62 175
7 81
73 134
0 48
20 71
109 203
54 207
32 63
66 220
120 187
18 161
179 202
181 195
129 134
214 216
18 119
107 122
40 204
43 202
94 102
3 88
24 78
90 214
66 187
145 184
25 174
109 172
3 143
18 223
69 159
132 163
18 71
56 104
63 190
137 212
2 136
48 82
2 97
169 186
153 157
178 217
114 219
1 183
133 188
78 217
26 171
182 213
155 205
54 123
77 201
29 104
148 209
136 180
103 125
2 133
115 131
78 119
8 201
91 174
85 208
164 185
213 223
198 202
61 178
86 187
75 157
5 74
136 224
82 165
161 217
56 147
62 200
147 200
71 112
123 192
49 218
118 180
59 145
50 89
93 167
149 202
121 132
16 105
16 126
31 115
152 161
19 199
116 120
65 135
27 148
198 215
94 110
208 213
168 220
75 111
126 178
72 209
122 164
163 213
132 152
114 181
180 196
84 223
22 210
154 162
51 144
161 209
83 191
138 152
47 88
67 166
0 36
67 157
143 220
98 146
74 154
133 161
73 205
57 119
13 221
5 63
84 168
123 179
63 209
20 82
74 117
0 129
18 77
170 202
70 158
48 76
9 139
76 96
97 128
118 197
44 175
3 176
29 223
81 125
12 154
78 103
110 124
178 194
140 151
59 171
85 165
103 144
11 201
63 222
110 208
64 103
36 44
108 198
134 152
112 190
100 121
78 102
73 218
91 200
39 114
140 168
1 109
1 197
111 176
5 15
66 91
65 179
181 189
14 110
40 65
72 93
113 182
129 221
23 220
127 131
64 111
78 211
54 174
39 75
93 102
66 162
28 109
14 25
134 159
165 202
93 106
82 222
106 187
135 185
68 117
90 126
28 224
136 221
40 187
97 143
46 48
144 167
18 156
73 121
20 136
62 108
108 217
5 90
166 206
23 211
25 29
53 56
50 83
62 209
191 201
67 79
136 191
1 22
35 157
60 192
28 98
184 206
122 142
3 29
61 173
42 186
52 204
46 73
110 158
52 133
106 213
9 46
111 116
134 145
117 131
195 202
31 93
30 100
93 145
50 146
31 43
42 151
42 85
91 218
77 81
93 211
23 147
60 79
53 119
158 221
4 76
191 200
65 175
74 76
92 185
18 154
31 55
73 153
119 146
130 195
10 105
56 135
1 165
176 191
48 205
19 115
20 156
87 206
91 180
33 92
21 209
198 212
44 96
23 133
157 170
28 214
93 204
87 154
101 167
162 214
11 136
11 92
77 157
8 54
42 170
1 78
56 69
17 55
24 141
61 65
8 206
175 199
44 224
113 216
59 189
34 215
80 188
62 94
51 56
142 193
108 195
47 183
173 200
107 139
103 172
12 164
60 206
154 198
177 222
165 220
149 187
101 112
9 45
132 174
69 173
189 221
134 220
31 56
67 95
56 128
136 160
10 77
45 60
44 52
10 175
7 146
98 180
120 142
113 152
78 154
30 88
29 139
74 152
16 179
101 211
3 139
136 188
100 101
38 118
143 166
14 181
106 160
49 213
43 60
4 23
63 191
50 181
13 114
127 214
2 188
55 104
6 43
48 100
15 22
62 185
154 218
18 91
165 171
120 177
102 132
40 184
43 174
55 210
67 148
183 221
176 223
72 80
18 26
2 222
107 135
22 27
65 188
147 181
1 143
92 161
19 144
17 143
183 196
59 140
46 64
65 222
85 213
50 62
76 97
2 153
57 81
91 152
33 53
79 149
55 65
154 172
141 192
101 137
61 74
84 200
69 172
38 92
18 31
0 126
156 162
6 64
59 180
101 201
180 206
145 146
9 28
79 111
4 132
51 139
42 90
157 206
90 99
41 163
125 129
113 149
1 136
58 166
60 109
132 148
161 194
49 88
206 222
169 202
145 222
8 198
42 196
143 206
148 190
59 70
171 218
48 137
32 192
31 147
73 189
96 210
80 173
110 183
184 196
43 223
3 136
111 128
1 106
86 198
42 77
188 220
99 122
33 154
24 165
93 139
128 157
115 142
80 222
98 212
22 40
121 183
39 207
9 40
121 153
71 109
27 134
19 56
24 110
177 178
111 174
112 182
3 30
49 223
86 192
50 170
102 106
128 216
85 190
62 105
133 181
2 223
146 197
73 92
62 102
15 198
53 73
48 104
1 77
176 224
23 71
172 184
72 134
165 213
81 127
82 149
47 162
27 44
71 130
66 214
31 71
35 89
88 149
80 153
46 86
63 170
15 31
147 187
21 73
17 85
77 83
58 207
146 199
145 175
88 215
45 68
189 217
147 188
66 121
21 97
145 221
27 45
49 180
30 50
17 46
177 202
67 136
126 223
73 76
162 163
29 74
22 186
5 179
111 186
124 206
206 217
31 140
49 174
171 193
40 101
84 194
25 46
44 142
75 87
101 207
122 141
75 218
6 107
0 83
119 155
19 69
42 69
118 190
133 154
83 148
79 188
71 212
78 221
113 213
17 57
22 42
19 158
141 212
195 205
21 198
121 155
3 213
121 142
48 80
60 105
168 178
76 106
146 173
38 183
62 169
96 178
159 214
38 72
44 190
76 84
34 140
186 205
49 175
140 142
81 212
0 149
84 210
180 192
136 149
19 181
185 208
76 99
64 110
21 58
16 79
30 198
1 198
40 222
16 209
118 213
134 155
24 59
86 186
70 197
64 132
137 178
22 195
39 204
152 184
117 187
73 213
14 121
161 210
76 179
60 97
6 128
79 208
28 201
7 102
49 206
110 137
102 136
9 143
91 164
116 219
55 84
202 211
107 142
104 140
133 156
2 216
141 174
33 82
111 129
102 105
141 167
95 150
152 198
199 209
2 177
147 192
75 180
15 137
40 169
49 59
34 61
93 213
43 119
65 218
76 118
72 211
151 163
37 149
191 192
180 184
20 80
53 57
20 96
52 224
40 213
2 10
73 199
2 171
131 189
68 97
5 58
146 200
95 139
162 183
60 185
145 154
56 177
75 152
31 76
27 192
169 170
53 194
115 201
162 206
60 115
175 211
94 175
203 220
79 211
133 203
105 170
81 221
118 207
32 200
25 183
51 166
107 180
40 173
44 98
141 219
116 170
39 71
36 192
21 207
45 126
54 132
11 137
49 117
88 127
89 202
107 114
69 87
127 160
31 99
128 160
45 194
184 208
29 121
61 127
108 190
87 207
29 30
16 42
6 40
73 108
96 222
117 125
54 68
64 119
42 200
15 44
39 208
60 75
17 212
0 20
78 175
72 77
40 160
25 84
106 113
77 196
158 201
48 191
54 78
30 49
53 76
129 178
81 164
5 97
134 165
76 192
126 150
35 141
164 187
137 181
71 173
193 217
4 17
109 171
127 183
50 114
33 188
14 95
14 198
15 200
92 150
70 219
95 208
81 157
82 140
22 144
202 209
71 206
14 123
79 196
69 100
123 147
111 219
144 149
75 182
116 142
13 53
58 59
63 157
39 108
122 145
74 187
8 31
27 216
100 146
30 95
11 105
43 52
20 102
37 139
83 128
16 188
108 121
84 100
83 198
19 79
72 82
36 144
6 12
57 122
132 172
61 112
1 101
81 156
156 181
59 118
187 195
21 66
38 206
36 38
163 207
5 36
145 170
64 193
22 29
144 188
124 173
11 60
133 214
16 46
131 194
154 173
17 108
69 197
98 142
23 27
67 98
46 209
61 86
68 163
67 202
57 90
30 169
9 134
78 159
0 207
59 136
15 120
0 206
43 80
115 206
16 221
67 97
145 155
211 214
159 180
140 203
4 159
109 176
181 212
123 190
23 222
118 169
121 192
62 183
181 209
80 111
14 214
84 104
94 193
173 194
103 216
147 169
79 210
14 150
31 134
75 76
52 97
31 203
29 178
40 124
26 134
32 76
8 166
75 197
76 209
43 123
134 146
58 201
175 222
1 82
13 155
38 177
27 91
21 61
90 183
182 196
54 77
42 113
191 198
75 170
45 162
42 135
33 176
100 104
15 108
5 161
133 137
8 13
100 213
19 163
67 145
143 177
178 191
31 165
93 177
111 153
62 104
67 86
77 158
185 189
25 50
135 198
195 197
23 141
119 200
124 181
8 87
23 174
76 176
80 167
120 191
136 147
31 45
63 177
30 42
76 121
26 113
123 213
103 215
107 138
63 156
88 191
66 72
40 205
30 200
24 96
149 188
137 216
58 191
21 85
47 224
165 181
142 207
143 222
90 220
30 184
51 172
36 115
92 120
14 47
69 219
35 76
65 82
57 89
42 216
118 214
218 220
191 193
6 123
128 208
38 83
67 122
48 200
20 152
53 117
111 158
13 31
109 144
95 145
4 54
10 162
180 203
81 131
132 165
34 122
169 200
92 170
111 214
9 72
27 124
51 161
93 118
14 63
114 180
46 206
2 33
94 204
131 201
91 92
29 87
70 134
150 208
152 199
9 102
195 217
70 169
15 199
12 101
17 99
163 206
111 187
129 165
115 181
102 167
77 147
170 189
101 204
80 200
105 130
145 187
37 107
122 207
58 95
82 100
81 182
11 97
8 176
164 209
42 119
51 178
81 112
68 140
59 119
142 162
27 100
11 81
1 124
24 29
60 187
2 60
169 201
20 93
3 221
68 199
5 148
99 146
142 213
112 154
44 205
125 160
59 215
72 121
71 88
131 180
37 211
62 121
143 190
59 219
48 114
179 196
107 187
44 167
13 110
13 66
69 216
156 224
141 169
103 175
55 94
35 48
133 199
1 65
39 69
73 192
92 173
25 89
57 188
51 116
153 203
135 223
69 170
103 114
151 208
76 168
24 177
73 178
165 196
70 182
131 197
139 148
115 186
73 120
94 153
161 220
126 215
108 138
118 129
133 166
126 170
177 188
54 70
57 65
2 191
107 148
83 153
45 100
0 84
209 211
188 196
132 189
20 181
93 183
145 177
33 109
11 156
2 80
13 222
32 151
83 187
185 223
71 198
10 73
35 84
124 134
1 55
28 208
48 87
41 46
8 96
15 77
12 110
30 164
79 101
22 177
7 223
112 138
8 191
118 179
112 160
28 103
70 223
6 10
18 54
18 183
6 224
10 154
102 120
80 144
64 167
62 65
165 219
142 218
118 166
11 222
92 126
17 25
42 146
88 107
6 101
63 169
25 40
102 177
112 220
126 184
73 220
27 200
4 152
43 159
160 196
36 77
24 224
97 205
69 196
160 193
93 134
83 194
103 217
12 202
88 184
24 192
98 175
46 95
45 146
187 197
127 204
60 178
36 105
70 78
70 72
67 133
88 117
2 64
106 128
121 181
1 149
24 176
93 112
14 135
114 168
14 147
73 196
120 207
131 195
33 99
34 98
84 146
21 91
5 95
118 140
117 150
76 170
105 115
175 191
36 85
23 24
167 213
120 169
222 224
45 203
24 179
34 92
120 197
126 154
110 223
41 216
146 158
63 145
8 61
151 162
55 134
96 128
130 163
5 7
43 213
57 182
72 78
8 204
91 163
118 178
109 145
47 161
31 214
57 206
98 118
154 160
184 195
70 107
128 165
166 216
15 217
9 193
182 185
38 111
87 176
47 157
47 136
16 224
33 208
142 187
139 192
143 217
78 137
124 174
79 205
110 211
98 133
24 94
109 159
38 41
10 117
66 105
105 165
0 101
0 41
54 98
9 93
31 144
26 98
81 152
37 65
134 153
20 58
12 187
3 39
155 200
0 93
123 141
14 31
22 76
5 212
66 134
83 176
100 180
80 192
33 172
89 210
110 201
11 141
203 206
52 59
35 148
76 114
105 152
139 181
14 216
118 154
163 169
91 129
106 137
117 135
158 199
18 188
2 140
113 218
37 68
23 60
67 154
5 193
57 71
1 161
144 189
86 117
54 135
42 106
62 116
27 78
48 121
37 60
65 118
19 164
62 187
9 62
137 147
101 136
127 163
40 104
105 185
0 175
84 105
117 189
0 38
4 77
117 159
82 110
156 183
77 152
111 147
174 178
31 32
97 172
148 173
69 158
70 80
23 110
37 215
114 178
30 124
146 187
132 136
10 42
172 179
42 130
12 108
93 219
99 113
60 121
76 129
91 157
132 137
31 167
144 190
13 183
149 170
60 204
85 129
4 86
137 164
68 128
132 197
102 189
162 186
118 163
33 140
174 212
6 218
84 199
88 207
84 95
198 218
173 185
72 162
35 71
50 68
77 206
21 177
2 91
114 145
32 75
57 156
18 130
202 222
138 183
6 207
59 66
52 60
53 168
131 204
48 109
20 90
40 179
101 170
25 51
75 77
147 149
85 116
56 114
27 189
48 212
103 104
82 118
20 63
62 113
54 173
196 218
44 156
33 179
145 161
15 146
110 171
107 176
50 187
68 113
26 29
72 150
129 220
166 200
57 165
43 77
72 79
122 143
117 186
58 218
37 200
29 118
46 138
44 129
151 158
77 87
60 221
80 95
130 148
120 128
95 121
50 100
63 166
83 137
22 90
86 124
179 180
64 81
86 144
111 205
17 44
136 203
97 204
23 112
22 117
117 207
36 169
14 117
37 79
72 170
204 219
124 167
16 32
39 198
68 158
11 184
54 202
189 224
60 134
4 197
25 98
131 186
123 125
8 40
15 59
9 48
0 186
50 209
114 136
66 171
15 193
125 212
26 141
10 127
40 191
81 205
190 195
28 45
4 166
69 125
22 89
24 28
100 102
141 218
131 156
124 219
63 180
53 134
86 116
15 160
2 190
174 184
97 197
13 116
14 174
37 144
12 60
168 191
15 34
116 211
4 157
121 136
40 170
185 224
106 117
169 174
39 214
16 82
16 174
96 107
163 199
194 222
83 121
98 183
73 137
10 113
168 200
0 128
6 195
100 138
72 208
116 131
169 184
85 212
138 208
30 83
51 52
1 24
6 118
91 168
66 107
63 197
49 143
93 193
41 128
103 129
45 221
32 38
190 196
31 208
175 224
66 212
46 200
55 199
32 49
81 102
80 172
17 213
94 147
108 117
153 221
3 26
14 196
161 205
62 218
136 171
9 35
152 194
113 145
28 113
51 169
9 89
49 72
143 199
138 150
113 153
29 145
40 82
147 161
90 167
105 109
44 104
100 129
71 96
135 141
121 156
63 205
69 186
108 119
138 192
168 199
157 185
71 111
11 151
85 114
180 213
103 221
25 95
25 67
49 106
25 86
185 202
31 42
154 222
5 101
101 145
75 169
130 222
154 157
19 215
86 126
97 168
87 129
30 132
163 221
59 143
72 193
142 143
88 113
93 185
83 207
106 139
63 150
17 76
170 215
139 201
27 39
151 188
102 113
62 165
28 150
142 175
9 111
0 199
115 209
24 90
31 112
40 199
74 174
102 150
27 172
210 216
131 134
139 216
23 54
51 179
117 211
36 148
83 183
117 224
32 181
62 195
49 207
32 185
114 157
133 142
19 108
116 191
24 145
126 181
119 181
84 178
88 145
56 89
129 207
98 122
62 101
32 47
40 212
27 107
61 123
171 199
4 164
13 90
9 219
11 116
101 135
2 6
91 156
61 159
33 137
52 196
9 18
101 153
43 163
40 208
104 177
97 220
42 121
98 194
108 178
6 172
6 125
46 106
0 115
124 149
2 215
24 137
28 147
1 110
119 147
13 198
6 42
105 199
155 199
171 200
2 210
157 177
16 137
85 126
147 180
146 168
32 109
7 10
15 38
23 154
1 162
139 193
109 190
52 77
219 221
15 151
0 158
18 102
44 182
63 217
32 161
60 85
101 223
72 152
70 113
5 32
89 176
6 160
39 119
21 27
42 185
35 113
87 158
32 112
136 210
212 220
25 132
61 105
9 88
39 70
21 149
93 201
11 28
178 179
94 157
149 160
87 190
43 67
170 207
10 133
10 178
115 152
55 186
100 107
5 221
62 147
7 192
75 178
16 43
61 200
197 200
6 17
12 57
111 160
70 181
75 193
20 117
67 153
123 130
149 162
118 215
32 36
43 90
60 170
9 74
73 86
9 12
51 210
28 146
57 211
121 175
44 75
196 202
72 154
70 139
54 206
102 131
79 113
202 216
137 160
77 103
4 80
150 157
10 103
45 174
38 97
178 219
79 223
6 210
21 151
206 224
4 175
4 143
144 212
48 98
87 131
98 206
129 156
78 93
18 169
114 146
86 106
162 181
123 124
50 75
1 212
101 102
0 155
141 163
12 81
151 218
55 153
79 189
47 97
89 169
89 127
184 205
3 28
146 219
130 181
3 119
11 15
107 152
18 191
89 119
72 131
143 185
72 125
23 130
204 218
89 213
205 221
79 190
81 165
74 119
151 198
65 68
51 102
116 129
147 160
8 120
35 64
129 209
87 172
109 124
23 106
194 213
19 47
56 143
23 85
40 224
23 144
126 182
31 206
114 208
168 208
19 30
13 164
36 149
81 144
35 104
23 108
41 81
118 120
12 139
75 85
42 214
4 106
56 58
40 165
53 92
67 188
139 184
142 169
130 138
72 214
92 129
33 149
89 194
72 127
111 181
83 193
2 65
69 175
90 222
107 151
6 61
117 173
2 103
45 69
158 218
100 195
34 150
115 130
13 173
30 105
51 93
40 150
53 218
90 97
155 171
41 51
14 74
33 210
7 197
161 203
65 117
166 178
31 78
185 193
21 215
144 183
98 128
97 151
103 165
102 116
162 182
215 218
87 201
67 211
80 118
90 179
16 62
58 169
120 180
56 124
77 132
91 184
110 191
39 190
21 184
135 205
115 135
49 170
77 161
23 49
188 201
210 212
102 154
27 157
94 181
26 80
75 217
19 161
44 138
25 91
90 124
138 191
180 190
31 91
109 120
133 160
88 164
110 169
26 49
177 181
90 105
87 163
49 195
98 172
58 90
68 177
79 197
103 169
80 186
38 44
4 155
17 191
16 92
46 144
24 160
83 105
19 176
108 148
111 159
33 152
123 149
121 180
21 103
19 175
149 211
168 172
41 152
124 137
163 176
56 115
21 217
72 190
20 160
11 214
142 158
3 165
113 160
71 214
23 37
50 156
131 222
19 208
19 195
57 180
42 128
101 148
39 132
92 104
3 218
134 144
0 127
20 86
19 157
92 157
102 165
29 33
4 120
187 211
161 192
16 49
77 207
208 215
27 160
150 165
12 135
71 127
48 116
94 145
45 195
23 139
18 181
119 196
0 7
34 221
32 130
218 224
36 83
28 29
21 137
66 125
98 187
26 48
90 138
42 171
71 79
41 149
9 50
110 123
18 33
22 194
117 144
55 78
68 191
57 147
6 170
68 179
8 93
104 212
96 214
42 207
46 163
2 77
36 109
0 68
118 139
49 186
121 141
13 100
61 103
176 199
20 209
58 168
173 204
161 215
44 103
47 107
183 202
41 47
130 152
47 72
73 180
112 151
119 224
101 210
57 186
66 70
49 138
97 208
22 139
44 106
23 119
8 35
99 111
11 74
118 126
114 201
60 213
22 126
22 132
134 192
107 141
92 177
32 183
24 102
75 151
91 146
101 132
89 216
46 109
22 38
83 182
21 47
116 157
186 218
14 170
154 167
84 161
74 139
9 15
125 126
37 167
2 186
86 105
165 184
160 166
40 49
127 180
30 182
84 88
4 61
49 83
85 94
56 162
2 174
44 196
140 208
28 117
30 62
9 204
156 186
119 137
4 41
5 168
66 140
14 53
56 212
127 153
60 98
79 83
79 166
133 136
96 213
67 217
26 42
3 48
3 209
140 166
130 133
31 104
7 176
55 146
60 118
139 188
87 169
135 178
171 198
1 29
92 119
53 148
155 202
212 223
0 26
113 185
7 162
29 189
10 110
85 112
44 120
80 133
161 199
10 54
11 128
87 109
8 111
32 136
27 63
123 209
22 103
71 181
94 218
160 173
127 158
51 96
85 210
35 140
130 151
25 36
61 85
31 192
33 153
9 126
109 135
164 217
3 117
58 144
89 220
44 193
27 86
40 71
138 187
10 49
30 187
82 109
108 112
23 89
39 104
122 191
50 137
161 187
102 125
114 209
77 210
136 184
206 221
79 162
64 116
110 114
23 115
154 166
31 35
8 89
150 176
31 133
10 79
1 130
9 171
53 123
115 184
52 102
140 165
148 164
97 166
100 165
198 210
138 210
17 200
10 199
55 158
13 174
144 166
39 111
146 201
120 204
119 148
67 223
88 108
64 214
111 135
33 78
14 153
150 174
57 74
91 221
92 221
14 62
131 212
183 204
48 96
123 188
56 110
66 100
5 120
169 220
69 117
179 205
77 173
15 115
34 83
147 173
95 103
93 159
149 190
41 222
115 197
10 72
66 209
67 158
42 56
93 178
143 194
50 223
100 171
94 170
59 181
112 168
82 196
51 206
5 223
1 220
5 213
193 223
98 181
32 35
77 217
39 126
31 182
72 119
170 198
36 185
132 194
41 123
40 155
86 179
20 78
106 215
69 132
61 96
56 160
56 168
38 60
37 203
114 152
38 129
3 167
80 85
107 126
33 39
46 52
18 208
45 62
35 93
139 210
159 176
128 224
61 99
30 57
158 194
52 169
120 192
54 168
108 124
50 202
60 180
34 68
146 156
1 113
9 25
187 222
136 158
80 126
142 184
0 86
193 204
43 105
34 161
37 39
70 87
82 182
14 97
33 66
82 96
108 177
22 107
3 38
96 108
114 175
78 145
13 23
110 178
21 54
11 55
16 122
126 211
19 48
13 52
129 167
36 128
68 119
82 205
103 170
176 207
73 182
147 152
100 161
98 199
7 110
42 166
92 145
65 169
24 130
40 201
95 109
153 162
101 121
48 132
148 177
99 221
16 191
40 41
126 140
26 115
117 198
121 159
59 123
51 98
96 136
105 206
0 218
6 140
70 208
92 153
213 219
16 220
73 75
104 110
0 184
207 212
19 223
149 179
89 159
46 197
63 208
95 220
97 191
27 30
28 161
166 185
160 213
41 64
37 126
122 185
25 83
61 124
75 203
81 138
164 182
177 201
46 190
8 12
8 216
6 37
107 210
164 208
0 153
84 207
115 139
205 214
62 167
55 125
24 167
4 188
206 219
8 83
33 91
32 56
61 181
30 67
1 40
91 186
157 205
34 191
112 128
9 91
31 90
68 157
16 170
112 122
163 173
59 104
62 92
104 170
50 69
51 138
90 177
29 181
162 188
180 224
105 180
18 170
7 72
127 161
170 185
99 195
87 128
65 195
38 201
128 192
124 156
64 222
166 172
65 84
107 195
9 121
63 83
12 215
137 156
75 128
78 125
18 107
59 216
24 108
108 220
85 196
95 209
36 160
89 217
27 173
58 134
88 104
117 124
115 144
137 174
72 96
103 149
172 189
98 105
72 171
52 156
46 149
58 76
37 121
35 139
4 142
13 205
27 47
37 131
8 23
59 67
197 209
54 224
9 169
13 77
41 214
115 125
43 171
10 183
85 135
73 223
163 198
90 143
100 106
158 198
54 137
75 189
117 175
81 110
148 174
122 215
8 47
33 165
95 155
79 141
174 191
139 176
47 201
130 189
104 150
85 172
125 130
72 195
196 222
49 79
82 120
135 164
68 219
177 212
168 210
32 147
82 97
10 120
9 54
27 217
86 155
101 141
118 150
89 142
2 166
86 183
98 138
111 143
7 216
109 213
17 116
41 206
120 135
82 102
151 171
91 107
29 56
17 192
30 110
69 190
18 135
109 154
17 130
194 220
3 105
173 219
47 155
163 178
7 91
100 139
70 177
57 70
173 188
39 130
33 96
18 56
182 223
68 84
84 193
143 178
61 170
47 130
25 87
26 222
71 102
68 107
120 168
46 191
74 209
164 205
29 149
15 126
147 205
154 170
26 114
38 144
93 100
48 122
40 112
162 218
74 193
80 165
111 125
109 129
165 169
3 150
68 204
100 150
58 123
82 193
30 108
88 201
26 138
130 161
59 218
145 224
25 75
18 203
180 191
89 153
2 162
5 216
105 171
72 123
23 91
62 73
55 202
16 85
0 173
135 162
39 193
53 145
99 150
28 215
37 89
22 33
124 221
15 127
61 64
63 124
9 86
178 214
82 162
13 158
169 203
161 190
56 158
7 55
94 133
98 160
48 91
86 207
23 93
127 159
142 151
112 215
61 149
1 127
23 82
56 65
28 39
161 202
18 19
44 49
69 205
78 192
52 197
36 146
130 143
101 165
70 88
89 104
44 95
162 167
34 205
100 174
202 205
57 140
75 108
39 168
51 88
40 158
31 126
123 222
124 172
66 221
89 147
33 55
126 213
138 163
109 199
44 176
136 196
39 99
137 223
90 111
209 224
0 202
126 164
85 178
27 206
128 187
105 215
182 194
125 127
0 59
38 75
94 205
124 194
39 177
86 178
64 213
28 81
25 146
139 164
65 219
38 109
78 199
9 81
1 194
58 101
120 152
126 217
144 161
45 59
75 186
75 202
74 85
6 71
119 157
140 174
126 174
48 72
84 191
13 129
88 131
12 148
103 107
167 193
7 140
166 205
71 119
50 155
33 126
195 218
143 200
49 212
12 144
103 199
60 144
49 56
77 142
24 98
7 215
150 164
82 89
84 134
47 153
173 183
92 175
107 136
89 123
45 220
94 187
194 201
83 180
50 197
21 112
9 178
23 61
124 160
7 172
67 88
50 116
8 42
176 187
70 94
57 189
165 168
127 134
92 115
73 179
31 222
17 157
31 53
5 26
84 98
11 38
41 42
148 151
157 204
13 196
79 81
73 143
72 122
109 195
43 94
68 72
201 221
58 173
99 215
162 209
111 119
76 181
42 176
128 180
10 151
175 206
74 124
110 151
92 220
206 211
105 202
178 211
10 33
60 61
35 108
2 120
119 188
32 149
119 135
56 173
30 70
16 109
138 188
58 75
25 188
204 209
54 63
152 168
52 128
30 115
24 152
109 140
16 117
22 50
5 42
60 160
32 188
26 185
77 162
79 150
70 76
45 171
17 114
26 65
174 219
144 184
40 96
123 160
94 151
84 173
97 136
134 185
48 123
35 95
79 215
115 146
32 102
28 104
43 198
26 82
5 144
29 86
102 103
39 94
116 124
128 201
88 111
28 85
82 194
113 120
50 140
53 130
159 186
134 161
15 112
24 54
48 113
16 163
22 222
37 128
40 153
33 74
84 89
85 180
146 223
6 28
107 161
60 131
89 94
123 170
19 193
43 44
212 219
77 105
34 82
47 179
69 211
120 151
30 104
52 195
69 154
135 214
97 200
39 165
38 205
76 206
115 194
45 168
170 205
143 164
133 171
151 201
116 218
76 157
59 106
189 191
8 45
5 133
71 199
165 166
4 65
14 75
80 159
51 145
165 221
73 89
2 7
6 23
167 205
51 80
156 171
179 222
105 148
25 41
34 181
30 113
61 162
26 94
57 143
62 66
56 107
66 190
37 55
63 154
0 210
100 108
120 139
112 163
90 200
207 216
184 211
35 98
45 154
77 94
68 159
123 153
18 144
32 95
177 187
168 195
51 107
3 98
140 164
45 88
8 151
59 210
108 142
106 172
110 212
94 117
115 153
34 79
43 191
23 150
1 180
145 202
125 140
121 189
163 172
44 202
21 142
2 14
18 127
6 89
65 216
36 47
29 100
75 156
53 222
146 166
74 75
201 212
56 172
16 108
7 150
28 218
94 222
5 67
170 214
203 208
52 142
43 49
71 83
142 186
11 124
128 166
42 206
26 112
167 217
19 105
113 147
69 137
5 202
35 88
80 174
57 124
140 141
125 193
159 162
166 202
123 194
156 217
26 181
113 144
69 222
27 167
69 110
90 120
23 40
47 167
12 173
104 152
23 39
28 132
151 220
44 80
144 181
77 139
53 163
119 176
44 169
126 173
2 29
39 42
18 106
45 135
77 168
43 86
6 14
140 176
102 201
0 74
3 162
48 88
109 133
46 103
1 219
14 221
151 165
195 224
134 167
184 197
52 206
69 142
83 91
35 194
20 48
155 161
35 55
90 149
35 147
48 194
5 117
36 58
46 155
204 224
19 104
169 208
10 217
78 135
121 190
151 174
11 85
126 192
17 224
60 116
64 129
127 201
71 81
49 199
39 59
144 175
42 81
32 37
92 183
38 55
96 118
166 167
1 104
7 106
15 16
19 49
23 94
143 216
62 159
6 83
25 179
83 217
57 126
4 116
19 190
119 170
71 74
118 136
47 115
25 135
70 215
76 155
68 80
183 197
75 224
128 195
96 201
15 68
199 200
16 72
120 148
107 211
0 75
162 203
116 171
105 182
75 177
36 140
199 224
16 202
90 156
72 144
97 102
78 97
50 105
141 144
143 173
41 189
35 204
50 84
134 205
112 127
11 143
152 217
21 79
67 82
56 205
100 134
55 91
11 192
54 180
56 81
102 130
81 198
72 196
106 149
79 193
144 147
59 105
66 208
33 41
85 150
3 153
114 210
110 189
46 216
86 222
56 224
162 173
1 73
86 205
13 15
70 81
62 203
57 67
13 194
163 197
155 176
106 132
93 194
22 199
13 34
108 205
171 176
46 118
55 69
148 220
122 216
26 219
74 86
36 40
16 17
30 76
94 119
146 204
68 154
41 86
185 195
61 84
118 203
92 154
115 219
17 105
32 156
5 24
105 194
66 178
29 208
135 174
145 186
61 98
110 186
75 130
83 114
14 142
17 98
178 216
79 175
62 196
52 166
110 193
147 164
30 172
103 118
136 197
48 85
66 110
188 193
30 98
9 188
100 140
110 155
93 171
68 189
75 179
115 154
20 165
56 214
165 176
83 209
3 147
70 99
185 200
179 184
73 81
33 61
28 183
3 89
82 157
132 180
14 105
33 185
49 55
105 135
8 133
164 168
153 220
28 99
54 119
141 165
16 182
37 53
37 115
78 188
0 217
1 70
54 143
149 158
70 110
63 221
163 220
43 71
108 209
75 165
91 160
181 219
7 139
22 43
93 121
158 168
49 149
165 206
25 55
20 33
95 112
19 58
86 174
31 148
27 110
18 129
65 207
57 130
4 66
82 124
25 104
6 171
27 218
36 110
90 154
37 193
190 203
152 183
32 189
17 59
10 172
118 220
48 68
148 171
181 213
116 143
100 144
26 180
98 208
128 179
21 95
14 80
7 209
78 174
75 210
5 171
87 182
73 94
57 123
120 147
2 139
29 120
67 125
153 181
13 124
27 82
19 99
144 219
119 214
14 164
74 98
174 185
136 194
4 123
113 174
141 221
5 169
53 68
35 101
41 93
6 98
183 192
131 181
130 162
94 182
131 183
120 145
99 102
39 49
116 144
67 186
114 196
135 170
102 107
9 90
32 46
59 203
80 197
41 209
59 142
18 109
11 182
125 195
51 148
140 188
189 216
113 142
20 115
119 122
61 90
37 74
26 81
31 221
68 215
167 174
85 89
73 188
102 124
26 131
37 136
6 90
127 215
32 154
148 204
90 192
87 115
58 117
6 150
49 71
90 122
192 207
46 67
156 204
126 210
43 141
65 119
60 163
69 90
9 77
52 71
69 178
76 215
116 125
194 217
75 136
112 124
67 70
80 105
118 209
20 176
68 103
67 208
96 172
169 222
34 199
88 94
108 206
4 171
77 160
7 217
134 179
145 192
134 206
51 218
126 220
82 138
100 169
55 189
29 153
15 131
65 167
16 22
99 143
14 113
141 217
206 220
34 184
34 183
41 155
69 146
145 188
31 74
1 79
84 218
140 224
58 62
74 109
20 198
6 219
13 188
196 219
117 177
148 212
19 182
81 139
96 192
135 212
4 68
30 121
12 195
27 40
64 78
198 220
53 93
6 193
208 212
107 155
5 189
87 88
12 162
66 173
7 68
144 168
142 212
33 148
3 104
14 88
24 210
27 42
7 90
30 78
64 196
42 54
126 175
96 223
15 218
127 217
73 104
193 212
131 202
1 120
84 101
33 46
13 146
70 85
84 140
34 94
105 207
66 179
33 130
1 103
14 37
117 218
95 144
35 44
23 132
7 165
105 224
161 212
163 181
25 148
119 127
34 42
17 90
33 105
31 171
107 207
125 204
129 212
125 192
119 218
101 192
150 163
9 96
9 209
45 116
79 174
68 81
5 6
182 216
53 55
80 114
6 60
209 222
0 222
15 152
54 187
23 114
21 154
58 70
39 147
145 165
16 119
56 108
109 150
57 127
201 218
110 125
137 149
61 109
67 196
33 200
10 13
24 156
34 213
129 144
12 97
74 162
29 114
81 120
25 136
150 220
49 92
106 166
133 167
82 88
16 158
9 137
66 73
200 214
7 37
0 125
14 72
136 159
27 38
34 188
42 162
33 224
53 150
1 43
7 21
37 138
61 197
7 221
108 127
105 205
28 70
130 215
24 84
71 124
5 158
21 144
159 221
36 156
36 189
6 194
9 156
42 91
107 166
26 151
175 181
70 160
70 172
106 202
106 130
11 133
84 206
70 92
80 142
8 132
90 128
60 166
116 190
51 136
164 200
62 134
0 150
26 192
18 121
157 174
117 153
28 95
112 194
51 95
37 166
129 196
42 100
38 141
35 183
111 171
158 164
97 162
63 66
10 218
37 204
76 109
30 185
73 184
192 202
92 216
38 95
113 203
69 223
108 179
183 216
48 177
193 221
123 211
4 127
37 119
85 220
30 194
41 71
67 162
132 220
35 170
50 56
10 159
151 219
91 114
35 214
160 206
53 160
59 204
70 86
37 205
55 179
117 214
102 213
4 122
62 214
70 124
50 168
71 152
176 186
55 121
22 85
172 213
26 184
82 106
34 218
32 58
73 162
148 157
82 134
47 204
10 87
7 125
44 51
83 215
134 139
49 69
135 195
68 207
189 198
108 115
1 3
23 177
108 153
127 139
95 132
28 128
20 99
110 157
150 173
63 69
177 203
22 25
16 151
132 217
1 60
32 57
95 175
64 128
9 176
58 69
57 82
5 81
46 140
134 180
64 76
5 180
11 51
11 122
91 176
42 133
111 132
88 95
8 218
5 149
156 189
155 181
123 165
5 137
9 17
51 188
153 204
61 155
65 145
119 191
39 79
96 171
9 210
186 196
83 161
95 116
15 64
33 104
39 74
31 33
17 28
166 169
187 192
89 126
145 219
12 118
82 216
47 194
34 47
53 177
40 54
99 103
96 161
40 94
46 132
153 174
8 72
12 70
49 208
48 84
109 189
75 91
3 92
50 174
19 149
171 202
41 103
54 145
63 171
5 160
134 186
192 197
34 37
50 185
31 102
32 170
8 43
8 136
59 85
161 169
3 154
66 163
189 190
146 198
153 218
179 197
106 161
57 75
138 217
77 120
144 198
177 190
121 143
91 136
169 217
190 206
34 78
52 111
155 157
88 163
4 114
7 74
57 129
42 58
171 172
0 185
17 127
63 108
28 44
90 160
42 75
27 92
118 182
80 106
30 101
25 105
138 176
2 76
112 185
95 104
23 146
26 109
167 212
153 180
81 175
40 209
119 168
191 218
38 214
80 131
22 104
33 141
13 73
50 126
135 160
105 217
64 194
102 210
123 168
87 170
136 137
91 119
37 174
69 77
106 209
59 117
80 141
49 141
44 153
3 8
145 194
72 109
101 200
31 215
46 164
9 97
124 188
52 81
55 76
122 223
124 212
74 219
210 214
25 141
118 216
114 133
98 112
2 27
113 125
79 119
83 149
16 48
150 160
88 223
70 118
100 205
4 11
30 118
39 40
4 153
80 137
166 170
12 36
126 179
151 164
59 191
38 134
73 100
85 199
46 53
161 196
10 169
54 100
53 136
142 161
77 151
177 213
120 157
9 163
24 72
22 179
104 191
116 140
88 136
109 164
100 182
114 117
134 219
70 145
19 42
63 138
114 126
29 162
35 215
11 142
97 145
48 208
177 193
33 175
24 117
14 69
154 207
45 103
167 220
166 188
196 220
106 188
41 157
11 109
12 106
27 112
131 164
127 186
11 162
28 97
124 191
12 71
27 115
23 212
85 132
3 135
75 114
24 104
202 203
55 88
146 160
2 81
121 149
9 108
3 169
121 138
177 183
157 208
34 106
45 95
103 219
160 185
39 163
105 216
35 143
4 193
48 150
6 103
93 172
38 77
13 217
24 185
53 108
59 127
108 122
130 145
163 215
139 144
9 33
109 136
4 222
48 58
160 222
69 217
42 140
51 74
92 121
166 210
20 129
23 44
11 157
34 196
26 31
2 173
50 198
19 90
69 148
124 213
40 93
71 164
97 183
64 168
5 182
36 163
160 192
166 211
131 210
104 161
130 172
44 133
120 126
4 82
64 120
81 118
95 213
83 189
86 219
104 203
62 91
22 218
148 218
12 181
71 153
33 157
32 96
47 176
22 168
41 194
176 216
71 197
1 125
80 115
26 214
98 176
86 170
85 171
149 205
95 169
21 43
144 206
6 16
109 204
1 164
27 129
1 121
45 181
75 144
25 58
68 132
53 89
24 56
56 109
48 59
144 173
76 169
96 154
15 113
24 75
190 200
0 24
153 192
116 164
153 207
112 177
25 138
186 199
28 223
15 76
53 62
131 137
32 127
44 56
103 211
28 193
39 188
168 206
67 214
209 221
73 164
145 215
127 145
74 188
90 95
40 69
55 201
210 215
8 80
37 184
94 132
135 194
55 136
64 96
67 121
177 192
138 145
93 148
157 167
169 213
71 172
67 156
25 145
17 219
30 51
16 18
76 80
124 210
142 188
79 199
86 220
83 102
21 190
98 140
1 188
102 153
6 208
13 150
142 153
146 222
71 161
143 153
152 178
93 195
45 149
77 109
147 175
59 161
54 109
23 166
32 88
5 55
24 74
35 208
169 171
14 185
152 180
4 113
113 211
3 35
38 84
118 198
167 214
93 186
13 184
98 185
49 90
35 188
37 212
81 104
172 214
185 205
138 164
125 152
122 177
6 139
78 142
98 124
211 222
81 177
155 177
15 181
135 163
7 196
28 125
52 210
11 102
5 85
10 142
62 133
99 190
114 193
165 193
71 175
51 215
29 123
98 192
0 216
96 199
15 88
129 158
71 113
110 196
56 77
22 91
63 72
201 213
127 191
63 212
15 79
4 160
204 217
115 129
143 224
14 179
114 156
9 16
9 66
154 176
55 132
29 42
9 151
9 95
211 218
8 100
129 132
120 170
115 193
131 184
21 25
42 198
128 159
100 184
104 158
56 57
132 215
57 198
0 169
47 54
100 137
179 183
106 153
0 32
177 207
7 202
101 116
78 116
103 218
47 77
182 199
126 160
128 194
21 35
97 156
167 170
60 147
45 205
38 217
107 140
198 205
43 135
173 212
149 164
59 75
14 166
86 167
55 99
80 218
6 180
10 213
12 206
103 197
63 101
55 105
41 143
39 80
58 127
10 46
93 124
90 130
41 101
100 215
21 51
106 186
95 177
65 141
90 212
24 51
127 178
65 185
11 108
63 172
127 189
159 166
89 141
113 184
0 90
61 224
13 172
103 123
29 115
139 198
42 87
10 177
40 46
48 67
96 132
39 135
183 215
46 208
157 180
97 104
21 67
112 188
153 205
80 170
17 154
33 219
160 203
11 86
3 95
150 152
160 187
85 147
49 193
120 185
48 187
20 31
61 129
57 131
69 168
72 213
20 25
26 61
54 95
72 188
129 172
102 214
55 182
221 222
30 58
30 215
103 116
106 169
49 159
135 150
66 180
18 147
22 34
74 138
124 147
50 120
112 140
123 156
152 208
164 220
70 217
87 138
3 18
24 109
193 209
19 34
24 132
155 201
34 219
179 221
67 161
14 188
138 204
102 172
28 158
32 34
70 167
51 131
30 103
34 201
138 196
55 173
33 128
101 218
157 197
92 222
73 111
20 123
97 165
9 13
83 136
53 149
15 180
4 170
53 203
27 223
115 222
138 195
60 169
31 51
32 145
214 224
1 195
30 211
7 63
104 163
8 140
56 90
42 210
13 157
63 67
98 131
95 133
71 75
128 148
19 156
200 216
48 170
2 95
124 164
50 173
60 108
42 222
111 177
115 213
40 102
175 208
32 123
21 123
142 177
66 102
57 66
67 203
75 106
163 195
187 220
61 160
46 175
20 205
0 145
117 145
62 150
31 130
59 135
5 177
2 168
62 201
63 94
56 218
142 157
59 163
10 155
67 138
126 197
90 147
110 131
30 128
34 112
50 71
191 199
6 50
81 155
108 134
1 19
32 99
84 145
50 55
60 161
66 96
16 138
183 203
111 183
2 22
8 153
69 206
43 85
114 187
99 157
145 201
25 70
194 221
16 36
49 130
31 216
45 192
147 206
156 210
110 174
5 87
137 167
89 196
119 197
40 45
100 224
29 146
6 202
166 204
16 123
117 139
109 185
80 164
0 183
81 133
4 42
33 87
68 213
205 222
2 107
66 144
7 184
15 156
45 58
137 144
164 218
71 122
172 219
37 76
20 173
75 133
90 152
54 208
91 203
2 115
40 85
32 69
5 33
90 218
100 185
7 14
40 53
209 218
81 180
26 93
117 201
26 117
0 106
12 100
112 166
34 48
33 102
16 118
76 201
24 124
63 144
87 189
7 201
65 180
1 117
9 56
7 54
30 94
133 169
13 131
161 175
7 166
102 137
65 80
83 129
83 213
9 23
102 127
174 181
208 218
33 85
156 169
91 188
1 25
13 201
25 144
72 101
126 136
9 140
86 140
18 186
139 173
26 108
183 209
67 159
77 200
72 76
57 150
15 111
195 211
29 180
110 209
42 46
132 177
3 106
110 204
64 93
43 184
62 206
79 137
54 209
176 193
92 190
3 145
2 59
61 87
74 210
17 220
65 132
149 223
133 196
6 188
134 184
35 52
93 161
102 161
28 86
70 143
121 178
55 209
39 209
28 55
20 213
93 97
124 178
13 113
33 132
116 205
86 131
49 152
25 54
23 203
21 65
171 223
186 191
132 146
28 217
66 197
17 153
20 62
103 222
117 155
47 50
5 35
19 186
32 118
60 220
119 219
28 33
85 193
142 179
212 224
10 166
54 215
188 211
77 108
44 76
69 120
119 121
93 217
3 137
25 128
34 149
97 202
15 29
125 165
9 165
151 184
35 112
122 153
37 52
9 131
197 216
16 76
145 159
114 119
14 152
155 189
73 166
150 198
68 166
67 87
39 115
126 208
2 220
4 150
53 138
57 136
15 89
15 208
73 110
32 93
7 53
30 139
185 215
162 175
18 167
91 144
29 48
115 205
90 172
52 165
189 214
11 37
184 224
178 197
155 195
154 217
22 84
81 88
77 131
74 123
54 99
92 127
68 198
141 180
85 182
103 119
53 80
110 210
82 176
65 96
106 178
39 85
39 221
61 110
45 128
169 215
47 208
117 137
108 118
141 197
14 163
136 148
85 224
189 194
87 194
176 220
7 117
48 164
77 185
41 185
64 174
49 64
1 123
178 203
128 141
79 159
21 89
64 217
22 99
21 100
40 56
206 208
156 175
3 72
97 221
81 167
113 210
9 114
66 198
29 156
54 113
47 207
19 168
93 174
47 105
153 210
164 223
70 120
114 169
48 97
91 120
23 138
108 208
44 99
175 217
37 38
36 175
89 109
110 129
2 16
70 151
61 114
56 183
83 144
65 161
52 132
60 136
103 111
68 82
74 179
88 146
19 192
7 126
104 205
73 119
108 176
81 202
56 161
180 222
149 172
87 94
38 143
89 168
52 164
10 53
54 104
0 113
189 207
117 221
65 196
100 178
107 213
156 191
136 157
2 175
36 106
50 157
50 136
23 34
163 196
17 158
21 178
74 106
84 219
85 103
21 210
70 132
92 223
10 94
82 213
173 220
26 135
49 184
17 18
122 187
13 27
34 141
116 168
75 216
4 43
56 216
42 158
82 103
9 53
0 50
183 211
36 67
26 156
153 206
122 182
9 30
223 224
91 190
185 204
172 220
60 119
120 136
135 151
165 210
6 73
13 28
12 15
124 204
38 110
91 217
3 156
70 194
18 143
53 100
12 200
103 178
136 190
158 195
46 57
17 89
106 155
86 147
53 224
26 132
72 137
76 131
18 120
75 187
100 132
76 149
61 132
19 150
164 207
85 97
60 82
79 96
8 85
86 206
103 200
144 194
47 213
71 136
126 157
62 139
2 126
55 133
202 215
43 200
40 203
185 194
76 216
187 189
20 188
81 121
102 206
12 30
33 207
0 92
75 154
20 104
52 105
21 196
138 169
40 70
35 128
10 25
109 152
44 147
13 78
142 199
89 144
30 181
160 178
152 201
19 137
25 220
50 81
96 100
15 47
37 114
81 87
119 206
67 219
17 39
75 222
62 111
58 162
42 53
111 218
5 43
80 156
86 173
99 176
54 210
57 183
86 93
103 184
57 145
61 218
28 63
20 185
111 145
71 160
15 73
57 142
112 146
118 202
33 182
130 182
180 201
98 101
34 173
34 77
15 191
17 134
81 178
128 191
16 116
147 171
8 50
34 73
80 220
101 123
53 120
36 91
6 146
161 216
13 106
131 178
198 208
26 37
26 128
144 159
6 77
73 221
7 62
58 210
96 98
34 43
93 151
95 123
34 197
45 153
65 151
17 184
98 150
129 211
10 193
93 111
22 86
68 114
59 185
24 189
27 165
5 112
8 38
46 181
26 160
35 180
161 184
154 159
58 206
118 153
25 123
63 115
2 122
141 182
192 201
87 173
25 218
108 189
183 198
24 172
21 181
188 217
177 211
86 204
177 189
90 168
93 179
79 145
189 202
127 142
97 123
124 139
40 52
48 142
79 143
41 79
34 114
29 218
14 122
159 164
55 122
148 207
34 158
43 45
53 157
7 13
43 180
110 207
104 134
96 116
54 85
93 196
125 162
12 28
1 95
95 224
116 216
176 211
60 68
149 155
18 58
58 71
42 89
52 139
110 181
44 86
134 140
7 50
3 37
31 223
6 134
10 51
59 97
212 215
109 114
78 219
32 44
64 86
116 134
64 70
123 142
131 196
81 162
56 193
41 159
14 59
36 114
49 129
70 116
81 91
19 32
144 215
58 88
165 211
171 216
131 216
59 205
94 163
54 62
86 193
39 187
32 108
35 136
123 158
183 199
176 209
26 220
156 160
78 164
3 34
79 217
69 165
22 208
26 179
125 181
65 92
82 168
31 68
131 136
60 151
71 103
34 57
58 167
105 132
8 117
132 185
39 123
9 138
158 207
26 197
13 60
52 185
71 204
78 130
140 197
157 224
46 107
127 203
196 223
44 70
17 29
141 166
60 143
58 203
80 208
173 195
20 148
46 78
49 187
173 214
110 140
88 114
98 179
166 219
72 217
94 197
40 64
11 99
108 165
12 207
67 69
132 190
125 167
91 204
30 177
71 205
31 183
14 201
62 98
47 144
65 83
126 131
133 155
100 207
36 200
9 32
27 214
60 216
23 124
124 205
52 207
1 132
12 14
3 128
25 100
153 167
45 129
34 185
21 219
38 62
50 142
12 79
84 189
11 125
83 168
3 131
145 211
139 194
60 102
64 154
156 177
20 75
84 203
125 147
23 179
132 164
85 203
153 209
28 137
67 192
78 214
67 183
93 199
156 209
177 194
59 60
56 113
7 88
135 179
63 111
4 102
144 156
190 191
120 165
16 185
133 205
127 192
127 135
22 83
87 200
39 212
176 189
36 215
79 104
112 208
8 219
73 87
146 181
167 171
48 86
85 204
155 169
134 138
112 200
117 184
216 218
179 216
41 188
120 161
3 194
119 132
58 188
1 150
10 27
117 183
91 213
49 188
23 103
79 132
44 162
17 150
157 221
116 145
0 114
4 67
90 151
164 183
86 129
93 147
211 224
111 204
20 208
93 153
123 175
26 77
20 124
133 165
38 125
129 184
128 185
23 118
44 136
32 116
60 111
177 184
28 94
85 107
171 222
9 49
14 41
44 107
63 126
190 201
18 207
1 10
43 221
139 155
209 217
140 157
127 138
83 177
1 177
72 151
128 156
88 187
105 196
23 87
14 27
84 195
32 119
102 108
10 188
96 145
153 211
88 121
68 110
125 222
15 214
200 210
27 221
129 148
92 206
44 68
100 156
180 220
92 149
95 216
77 209
103 113
108 169
39 194
18 187
33 83
40 219
166 199
94 126
147 220
65 122
149 208
83 92
6 137
8 64
51 219
65 202
102 188
49 103
55 114
159 171
159 204
43 46
4 220
171 173
57 120
24 180
184 190
119 222
171 188
4 163
110 135
20 193
82 221
140 215
187 188
43 147
73 165
38 67
82 173
147 165
38 158
70 161
58 154
100 164
11 20
2 90
53 112
74 77
12 120
112 133
98 113
48 105
4 219
191 203
32 216
39 185
48 161
26 63
40 119
82 187
66 204
41 49
16 103
23 159
33 112
10 17
26 62
21 78
131 200
112 204
45 93
127 143
99 117
102 207
75 195
15 83
22 154
108 185
81 173
152 207
33 35
30 69
86 208
84 118
45 139
56 83
154 219
54 182
118 196
34 55
128 197
91 201
46 77
61 207
8 108
23 135
6 167
8 200
30 150
170 220
114 211
30 123
98 203
107 123
5 25
115 177
107 117
47 98
74 173
139 205
45 223
205 207
82 164
8 46
3 5
7 64
60 93
5 125
63 223
117 149
37 91
76 116
9 42
123 144
16 100
103 206
88 159
7 160
171 212
4 70
162 176
129 170
31 95
18 168
54 204
36 203
109 180
70 142
137 195
90 102
50 87
59 157
93 123
42 72
86 92
42 55
179 218
88 133
197 203
14 154
24 206
124 179
5 100
200 220
142 185
10 59
142 222
207 211
101 130
40 221
10 144
112 147
9 47
41 55
93 208
108 157
118 223
9 85
73 169
19 151
55 211
35 72
34 171
21 220
104 221
98 137
22 122
25 191
118 132
50 78
138 194
63 200
35 37
92 95
5 72
45 66
1 122
141 161
26 99
64 177
169 177
86 158
138 198
36 199
162 202
117 136
60 124
89 214
53 186
12 169
37 69
44 181
21 102
5 9
138 142
19 145
82 161
52 78
5 12
163 170
156 193
155 224
89 122
75 142
199 203
48 94
50 67
71 73
1 2
20 191
119 124
81 126
28 93
159 183
33 202
23 53
84 94
124 161
53 63
170 208
185 222
85 137
39 76
51 189
106 134
124 154
40 79
45 85
64 105
108 197
78 110
20 91
165 208
65 89
179 193
30 77
58 193
98 164
45 150
39 180
173 224
137 218
154 175
38 197
89 96
168 212
63 174
181 200
45 123
12 192
29 160
68 147
26 122
122 186
23 46
94 192
43 187
65 78
219 223
171 214
78 166
3 103
88 155
28 188
50 152
1 118
15 224
10 164
141 210
137 213
20 189
2 121
8 148
199 217
32 178
190 222
78 104
40 43
40 190
51 185
98 147
13 182
157 190
69 111
19 171
22 47
70 115
7 89
28 149
6 86
121 214
13 209
26 155
21 45
3 188
93 209
113 170
29 96
80 180
121 150
57 176
36 76
109 219
2 124
9 211
7 42
80 81
140 180
108 203
104 123
31 98
58 89
51 125
131 206
100 176
5 198
112 189
97 178
168 202
82 84
151 181
97 114
2 198
17 78
74 150
9 59
69 84
51 192
166 180
56 188
12 19
35 185
18 82
12 94
98 205
5 122
26 174
72 142
135 209
9 217
62 132
126 169
83 188
48 185
70 122
20 21
39 129
131 185
124 200
59 90
207 208
208 219
109 121
36 55
134 202
113 121
44 110
12 131
3 197
23 123
126 127
41 173
44 145
93 187
8 213
34 53
44 69
162 193
26 72
62 75
122 184
51 64
55 62
56 138
46 141
51 220
13 86
121 169
114 223
68 184
25 56
152 219
9 197
19 121
106 217
5 79
49 122
66 146
111 123
47 96
12 184
145 185
47 71
167 179
64 186
76 126
33 214
56 111
129 177
159 205
45 97
32 158
135 190
116 212
0 9
125 148
133 209
51 114
58 85
28 205
17 79
1 20
104 157
113 217
186 212
148 216
139 163
105 141
18 197
203 205
84 120
21 201
17 167
148 175
89 166
173 179
132 156
147 157
15 94
11 16
199 215
144 178
38 106
135 158
6 184
75 126
41 50
88 170
202 212
8 173
69 91
150 153
23 33
19 28
121 158
194 196
38 122
52 155
162 172
107 168
121 171
139 150
24 131
20 60
45 121
16 183
109 130
8 161
122 151
87 118
25 142
25 154
141 168
100 127
149 153
118 135
71 218
65 172
1 74
32 84
141 143
3 53
149 213
38 114
136 145
50 125
24 82
4 214
15 18
96 179
100 194
174 203
29 216
83 132
106 115
63 189
59 74
14 130
66 152
133 149
50 76
42 193
69 138
49 217
2 201
126 134
144 192
55 101
52 68
176 217
21 134
98 222
80 154
54 178
73 107
14 207
15 61
150 203
143 187
5 142
138 149
83 208
99 186
45 67
51 57
38 120
66 135
73 90
23 100
81 82
62 119
28 222
129 176
28 124
167 180
128 220
1 93
65 153
26 106
151 195
50 179
20 195
62 96
38 163
59 151
21 75
167 191
169 212
17 166
58 170
126 190
21 119
20 103
48 115
201 216
37 49
37 108
3 185
107 115
177 218
167 194
57 173
11 115
128 223
104 118
84 164
44 62
16 130
2 9
78 200
63 79
77 145
131 163
1 99
60 157
34 116
71 209
5 190
107 219
67 182
7 142
95 101
49 148
85 152
10 99
32 159
25 88
36 133
117 181
7 11
92 111
60 162
151 169
90 180
85 205
39 45
100 112
20 141
108 187
18 179
36 86
41 140
27 58
22 201
202 224
100 204
98 221
71 224
162 204
85 197
40 167
72 167
69 166
55 184
9 199
116 133
137 207
93 143
101 158
34 41
155 208
67 224
41 217
84 179
71 170
45 148
49 120
18 194
186 198
114 220
72 197
136 213
20 219
74 153
27 70
36 178
43 126
9 26
64 147
149 214
47 80
92 212
157 160
152 189
66 86
42 122
6 131
167 219
97 160
22 100
31 199
69 179
10 132
21 118
108 167
15 78
84 196
4 158
10 190
11 70
22 51
41 98
36 66
103 186
197 198
109 157
150 172
187 199
118 122
7 207
48 74
23 81
125 198
112 164
142 203
80 108
71 180
98 126
23 155
26 207
38 78
50 79
28 66
163 192
7 75
17 223
28 30
13 148
69 105
9 160
55 60
37 58
11 23
26 162
12 53
108 170
134 136
60 223
44 73
43 151
22 181
162 224
124 201
34 132
132 173
41 74
22 119
160 224
40 66
17 122
1 146
29 198
39 54
110 192
97 153
124 180
186 189
62 80
37 145
62 130
16 44
55 83
154 211
11 106
71 216
85 156
26 148
29 85
27 131
176 185
34 58
119 201
151 172
10 104
113 116
192 193
61 177
39 160
116 184
64 140
169 190
66 159
63 215
87 113
40 113
133 200
79 156
40 89
94 203
32 43
31 96
12 155
49 178
53 58
89 108
76 208
103 183
141 202
78 191
35 75
154 194
173 196
44 192
54 129
81 194
8 67
109 139
21 56
47 94
35 201
41 62
161 171
100 109
43 95
4 21
68 208
107 191
94 100
200 215
107 116
109 205
55 107
141 207
28 87
181 196
66 111
81 192
77 100
124 130
148 160
33 168
49 132
6 120
51 61
97 141
107 194
0 63
10 157
35 96
104 144
108 184
37 41
142 180
81 224
37 154
6 48
131 162
164 199
34 206
155 160
207 219
24 135
46 99
68 106
96 147
49 203
77 223
17 120
61 189
160 219
65 71
53 175
133 219
0 139
172 205
132 214
154 210
69 204
42 168
82 148
52 124
138 155
50 77
50 204
29 95
47 57
131 224
73 174
111 215
107 222
74 191
61 104
141 189
61 213
8 75
123 132
1 171
78 201
81 211
128 202
22 169
150 188
63 133
113 151
65 77
18 113
4 87
36 54
77 176
6 36
63 162
10 67
11 58
12 165
151 211
154 201
99 210
100 160
56 187
119 179
76 207
135 207
95 120
100 201
52 134
31 205
2 164
202 218
78 187
16 96
21 84
49 179
49 78
32 186
131 220
74 207
31 141
93 198
22 108
201 204
39 134
45 161
9 41
6 179
176 200
89 131
73 160
10 15
57 155
31 109
11 171
205 223
111 130
112 174
6 104
70 196
54 149
33 174
117 122
120 127
99 108
38 81
62 164
126 129
47 189
84 152
105 138
160 174
110 144
170 196
123 183
113 154
29 119
62 161
107 119
85 102
59 138
157 172
34 134
183 213
169 207
167 198
25 201
25 165
74 87
5 21
5 176
140 194
50 73
160 194
46 139
65 85
75 88
36 214
108 175
64 75
187 218
31 132
14 149
16 184
23 69
130 198
124 187
61 219
50 80
25 63
57 224
79 201
28 68
183 194
169 218
150 155
15 45
1 94
27 154
89 219
28 37
15 43
12 65
120 163
213 217
130 212
38 50
2 172
75 82
10 23
141 159
101 196
138 147
129 138
18 212
4 69
72 222
24 93
47 199
68 152
17 181
17 140
104 142
139 221
67 221
166 179
38 148
19 31
30 186
1 189
56 198
44 172
4 5
58 187
141 203
49 209
77 192
182 205
181 184
71 92
132 212
34 91
159 160
35 174
199 221
151 224
43 59
26 216
38 204
171 183
80 109
77 89
77 180
70 130
50 54
23 66
93 125
8 197
57 92
58 219
3 52
64 100
153 201
53 84
50 175
5 110
143 211
152 204
158 172
93 156
117 126
58 66
201 215
63 146
44 198
123 129
102 141
56 94
5 49
121 188
9 24
25 193
83 127
88 140
71 99
119 142
85 123
22 206
137 152
50 167
126 139
9 172
175 220
85 219
114 171
88 195
99 201
99 219
106 214
83 151
56 191
9 222
211 217
8 208
18 195
84 137
99 166
63 110
36 184
187 223
171 185
134 200
15 69
100 191
19 113
45 134
51 128
44 200
61 138
45 119
86 90
5 153
41 150
71 156
42 208
7 47
199 201
76 205
39 60
109 193
149 177
0 119
8 141
68 141
99 129
137 182
112 157
89 107
80 219
115 165
172 190
26 86
48 107
11 77
66 123
27 162
160 209
145 189
126 166
50 64
8 92
29 53
15 211
57 154
33 71
54 169
101 179
35 61
7 147
114 122
75 205
53 146
38 137
14 93
32 59
21 80
130 221
53 95
126 204
91 172
6 102
104 206
15 106
29 141
104 117
71 168
68 69
125 170
8 158
69 124
33 151
11 180
55 214
18 153
165 178
77 122
109 217
25 119
54 88
164 213
118 192
0 189
29 49
5 159
128 139
7 211
56 179
10 82
162 169
60 183
44 45
192 220
48 145
3 32
60 141
189 200
85 153
8 134
111 139
113 132
26 182
139 215
140 198
99 204
142 204
22 92
153 215
5 186
158 173
95 126
42 105
82 214
45 191
49 99
26 175
181 188
71 157
142 192
16 147
88 93
52 174
43 130
71 104
3 219
47 75
21 157
124 152
3 203
57 112
55 187
163 190
43 199
25 160
23 195
23 199
79 212
123 216
0 58
25 45
83 152
171 215
12 143
197 204
137 188
11 129
123 151
22 129
131 135
18 81
42 139
21 127
29 134
76 78
30 131
14 60
86 128
14 131
52 177
30 61
9 101
17 115
96 117
4 191
145 178
178 192
34 45
84 198
122 196
80 185
109 141
169 188
92 192
112 173
80 110
94 105
45 74
44 152
73 151
155 191
78 128
52 154
26 199
6 182
12 214
50 191
33 203
75 172
162 222
99 149
120 210
40 131
146 183
185 199
164 186
69 107
35 144
9 164
30 217
112 175
115 198
17 218
190 209
68 79
44 146
165 191
20 143
72 220
119 154
200 222
133 135
105 110
162 190
26 161
20 69
104 143
29 41
124 165
88 102
156 213
84 156
9 129
158 174
96 127
35 181
106 156
29 43
42 149
1 166
0 130
93 107
31 145
50 160
24 212
40 129
73 88
88 125
161 213
222 223
55 206
67 176
41 145
85 179
30 142
11 25
15 132
183 190
102 118
79 100
77 88
95 143
94 154
166 213
18 99
73 141
90 217
58 141
28 100
96 169
61 145
73 190
24 67
5 123
49 105
42 138
108 216
34 147
2 149
23 180
125 180
86 180
39 65
80 169
164 178
21 161
16 91
7 203
43 84
117 199
135 157
138 160
31 106
61 202
49 211
45 188
123 138
93 98
65 112
107 171
50 58
7 186
81 122
138 185
110 132
12 145
83 113
41 53
1 178
130 164
202 204
158 180
153 185
73 171
15 189
36 95
10 81
68 70
20 216
21 38
45 166
157 191
121 222
82 210
120 155
116 210
8 126
45 107
55 213
117 191
146 195
198 214
41 182
19 206
210 224
4 184
129 191
89 192
17 86
73 224
98 107
38 119
62 149
178 189
106 120
89 133
152 160
53 60
28 57
60 94
93 175
43 217
52 62
15 27
39 46
145 180
135 176
9 223
126 130
33 76
16 57
7 137
9 64
132 204
32 168
116 193
95 174
40 87
44 170
113 208
142 198
73 103
21 52
12 38
40 151
41 180
6 209
1 144
71 86
32 174
58 83
165 223
190 212
60 104
90 129
56 66
76 100
152 192
0 53
27 153
66 68
28 167
3 10
56 63
68 142
82 98
44 204
105 108
98 182
55 165
53 196
3 17
171 181
37 168
189 211
54 76
24 201
29 177
43 58
6 164
6 216
128 181
69 161
40 146
24 148
50 184
106 111
37 134
1 49
3 171
0 131
51 182
71 151
95 200
48 204
21 71
2 49
28 168
147 176
12 122
28 219
21 93
125 157
0 170
12 109
40 198
126 177
94 136
19 180
21 26
112 222
145 213
12 196
90 195
57 207
172 200
83 172
115 163
31 131
2 94
69 192
2 182
20 182
203 215
12 209
149 206
96 189
32 195
16 205
132 161
55 72
57 61
68 173
1 102
74 216
20 40
111 150
109 110
45 114
110 139
29 224
24 79
63 195
135 202
33 146
79 169
11 123
10 78
39 53
7 9
49 153
27 199
178 218
59 178
27 48
47 172
56 142
3 9
48 102
14 58
93 192
137 175
164 219
132 179
49 74
102 135
47 89
97 182
30 116
148 182
143 172
186 217
36 53
216 221
31 184
33 159
62 180
32 72
2 53
140 160
114 222
7 214
17 170
8 207
2 23
32 212
97 180
139 158
7 169
89 178
28 84
94 169
131 209
59 114
92 204
74 145
163 205
25 223
7 189
4 128
25 207
146 193
13 180
66 182
72 183
36 155
119 156
87 92
32 164
111 136
170 175
12 63
4 16
16 153
168 214
3 60
156 202
200 209
32 198
124 126
9 207
86 161
127 213
61 119
35 216
9 153
48 160
24 83
23 178
56 101
90 197
44 215
181 208
84 153
63 70
75 125
6 55
75 96
35 175
24 92
157 181
125 190
15 136
2 43
46 97
160 167
7 15
134 201
19 116
44 199
108 196
170 204
168 211
82 198
109 224
13 111
104 199
180 212
55 124
67 130
0 100
18 116
10 210
45 202
140 167
38 160
188 210
11 36
39 133
175 196
118 167
49 189
157 168
0 94
128 143
165 170
60 132
84 129
49 158
184 200
92 106
132 203
55 147
59 208
7 94
180 198
70 147
61 128
39 57
58 79
29 46
83 166
113 150
207 221
16 121
112 121
46 219
83 118
31 146
155 165
118 184
32 131
92 112
49 196
34 202
150 224
53 54
35 68
127 208
143 203
53 101
67 84
73 195
67 205
98 156
59 206
30 117
167 202
29 185
190 218
33 201
47 146
57 138
98 103
54 179
91 202
74 131
42 167
67 92
11 61
13 93
8 9
62 181
26 78
97 106
77 121
47 91
75 153
111 170
45 209
125 188
134 162
18 36
12 191
38 213
43 183
8 121
9 170
197 222
147 194
158 208
17 20
44 134
12 188
16 67
42 112
152 170
76 163
111 149
36 201
4 63
34 105
2 179
188 221
122 162
117 147
137 171
48 184
27 31
41 190
14 21
1 26
35 97
12 134
147 222
21 130
216 223
159 224
136 152
133 193
0 96
54 66
13 161
5 75
105 203
28 88
171 174
75 78
148 221
147 195
56 174
40 130
35 145
144 176
104 180
132 199
0 108
85 191
64 85
154 197
18 132
51 175
141 220
71 131
140 222
170 199
164 215
22 167
26 28
97 174
108 186
88 205
39 124
39 206
66 211
139 190
11 147
192 209
56 119
29 135
61 88
47 59
5 73
35 199
74 175
68 121
191 211
45 212
57 218
38 59
49 167
4 38
52 160
55 95
2 157
75 110
109 156
45 151
26 176
68 139
158 206
86 112
115 183
87 91
39 167
15 178
26 143
91 133
159 187
203 224
24 35
52 89
11 223
37 82
3 124
57 221
40 63
11 84
19 143
46 179
35 91
40 163
107 216
70 183
136 167
1 158
77 124
75 98
117 205
26 191
55 140
57 144
43 158
192 203
62 109
9 162
90 110
111 134
98 139
11 195
35 73
107 158
186 221
146 194
45 183
59 98
153 193
63 100
127 220
78 149
185 212
39 82
128 169
187 201
90 202
78 223
20 49
46 130
126 222
95 178
122 161
94 114
1 199
16 173
11 140
49 224
115 176
152 196
109 208
110 152
62 71
84 165
114 192
149 210
23 214
33 120
82 163
4 190
25 109
39 48
152 155
4 141
13 216
5 31
67 101
79 173
120 217
36 166
32 78
60 168
61 166
33 77
28 71
28 102
97 155
38 131
18 117
42 184
58 97
72 136
40 138
68 118
132 135
198 201
56 95
90 204
148 172
61 93
23 88
54 147
46 98
11 135
92 141
14 67
39 157
2 28
26 206
37 209
13 154
2 104
190 211
82 171
68 85
125 182
72 116
15 98
6 21
24 203
0 79
58 153
115 122
67 132
70 93
155 220
107 109
13 49
35 160
50 220
24 153
120 201
112 201
50 205
82 192
157 194
34 151
210 217
87 105
5 83
184 199
41 168
2 128
44 82
79 127
134 147
33 143
174 214
111 185
13 122
42 144
181 211
98 108
14 98
72 85
5 195
63 122
169 180
7 108
25 151
101 117
8 165
96 153
6 223
8 138
116 195
49 222
163 194
40 122
142 174
189 212
36 122
8 174
39 144
48 73
96 190
20 83
145 172
101 220
119 202
120 173
31 66
54 136
14 55
102 128
14 148
30 221
125 143
55 205
61 163
83 218
14 94
98 163
40 81
98 143
44 197
38 115
35 152
90 224
74 90
32 117
93 190
3 107
124 157
120 208
77 167
81 93
59 120
71 125
10 165
113 209
141 186
55 197
2 196
32 204
11 173
15 39
25 107
74 180
153 200
141 151
120 219
17 52
48 125
65 104
219 220
33 220
75 92
134 141
89 113
32 135
20 207
30 85
93 155
2 208
63 89
17 139
39 51
135 154
22 63
9 220
190 224
149 166
43 209
13 169
69 109
207 220
87 159
74 93
112 197
79 125
142 196
52 158
151 192
22 180
94 174
88 96
23 63
78 180
57 157
140 202
104 121
2 193
115 173
67 184
71 94
13 214
171 197
29 196
164 195
120 203
77 141
212 216
16 160
30 209
102 196
172 202
107 133
12 175
139 156
89 198
7 41
92 125
25 57
152 202
38 140
10 44
51 197
76 195
127 141
21 114
169 221
21 153
33 195
92 189
153 158
15 203
4 178
89 138
68 190
64 188
6 135
0 72
143 197
136 216
43 66
102 175
25 42
168 222
131 219
132 191
15 219
152 167
36 52
30 89
3 146
18 23
13 200
76 175
1 87
80 196
135 140
204 207
58 111
195 213
92 156
176 212
108 132
20 47
38 126
47 198
11 64
174 175
26 147
110 167
86 143
69 200
94 148
89 207
13 220
69 134
12 217
45 108
86 209
61 187
143 170
176 183
109 111
38 42
150 218
11 145
47 191
35 94
99 174
101 197
13 177
199 204
34 127
146 216
139 209
101 180
27 67
145 181
64 161
74 118
110 141
13 16
23 192
189 206
73 158
24 58
121 209
10 35
154 164
112 219
11 146
58 151
113 173
139 143
46 110
70 205
94 118
53 133
91 214
126 198
112 150
38 70
22 214
38 94
96 181
104 179
15 104
126 205
96 180
10 222
139 199
4 213
55 108
47 186
1 138
50 90
115 211
192 222
96 140
126 162
82 137
141 156
157 212
115 214
124 186
100 115
83 197
122 194
131 140
101 168
43 61
13 145
87 119
120 146
22 185
28 34
112 216
25 114
153 168
38 154
80 94
22 184
47 164
51 60
19 130
69 152
146 148
62 174
90 211
33 47
206 223
31 175
28 89
174 193
80 187
156 185
27 29
8 115
81 141
18 123
146 151
121 207
71 142
96 217
6 41
1 46
135 152
151 170
93 182
150 191
96 183
111 154
191 195
142 200
124 153
3 36
45 177
3 148
24 202
40 211
151 193
1 90
13 139
109 198
91 115
89 224
69 102
57 220
69 150
164 173
105 219
48 60
124 183
114 120
66 205
87 133
67 155
82 92
61 222
76 183
135 220
118 133
77 213
65 191
22 35
57 116
7 193
24 129
7 222
131 138
46 182
195 221
8 24
42 217
38 49
125 177
193 200
8 44
13 92
13 99
89 117
29 199
57 205
199 210
82 152
28 77
38 88
36 212
182 220
105 116
208 211
69 203
158 177
144 162
99 167
0 28
28 171
149 181
86 103
15 52
164 184
2 132
13 123
43 166
215 216
7 171
28 53
4 88
126 201
187 207
130 140
101 174
79 124
147 219
79 85
17 49
4 103
134 193
99 213
36 82
39 216
27 60
49 192
116 159
24 184
85 217
121 128
22 133
20 89
47 192
163 168
66 98
14 191
135 161
7 96
118 191
99 131
42 190
7 19
87 199
106 124
23 207
95 100
108 188
71 100
103 196
157 215
112 191
59 193
7 194
66 84
38 99
181 202
85 221
57 84
71 220
44 203
18 118
137 141
18 180
43 68
73 214
56 100
217 221
136 211
121 151
82 121
76 182
176 201
7 33
0 124
10 170
50 176
79 183
30 166
50 183
114 183
139 208
150 151
29 54
163 208
42 50
11 62
183 185
160 208
108 162
79 118
52 193
5 86
18 185
6 130
2 111
38 52
64 199
7 57
33 117
32 133
45 102
115 124
173 187
85 216
62 64
174 224
180 205
123 193
8 205
96 109
24 187
56 194
130 136
136 162
144 218
48 156
4 31
116 155
123 186
10 184
67 80
3 110
37 165
8 114
107 202
79 192
18 122
26 34
136 204
110 113
85 108
69 94
68 78
37 80
123 199
45 204
2 100
166 212
70 126
215 217
56 75
37 116
74 214
6 97
128 207
196 206
0 161
56 199
134 194
181 207
83 219
20 23
35 193
182 184
104 131
80 176
15 148
99 185
0 200
118 189
83 178
32 176
50 186
103 191
79 164
58 150
102 215
106 182
186 207
59 121
91 142
220 221
4 91
161 178
3 23
24 164
18 51
58 220
46 147
9 44
54 189
89 155
116 169
21 164
36 183
55 126
7 116
32 114
137 154
104 216
163 180
76 142
13 51
91 220
33 199
42 195
1 52
3 180
151 206
67 168
132 182
30 214
26 215
107 159
139 172
156 196
151 200
98 152
41 97
118 205
10 115
75 89
81 171
3 80
102 162
11 114
101 111
73 181
11 121
30 111
113 138
119 209
31 52
25 199
89 143
31 149
119 175
119 136
136 202
77 170
36 161
10 40
50 70
116 217
66 113
17 149
61 91
14 143
100 158
26 211
76 219
69 187
33 122
221 224
137 224
57 185
6 106
108 192
3 81
16 181
47 122
13 40
48 189
166 196
97 109
187 221
83 190
101 219
108 123
33 118
73 187
106 127
87 135
30 91
61 165
69 131
68 170
18 211
36 223
8 88
58 99
140 175
158 211
21 145
85 109
102 146
29 217
80 86
131 142
49 113
96 103
53 104
69 213
131 160
45 142
15 122
78 168
143 179
12 199
95 105
94 158
142 181
60 72
79 224
25 112
8 146
92 103
29 192
67 113
108 163
100 192
22 96
104 207
51 173
41 52
17 215
88 168
76 111
50 109
191 222
50 110
28 83
55 151
78 79
58 138
55 224
75 122
5 192
37 210
140 211
139 141
18 209
28 203
36 94
37 150
30 134
41 124
175 210
2 167
176 213
10 220
86 200
158 213
11 131
175 184
29 184
48 147
73 123
28 126
20 100
109 187
93 157
78 207
170 218
61 113
54 91
14 118
72 143
180 194
83 203
156 176
174 176
1 129
101 187
61 154
43 109
29 138
16 208
44 83
9 135
96 186
0 60
59 148
127 165
20 155
42 180
84 170
96 146
14 172
23 164
72 219
2 11
34 211
25 163
49 131
136 219
85 106
36 125
15 93
7 134
120 179
15 19
115 187
66 126
99 170
31 224
44 163
33 75
153 213
25 157
82 90
116 152
104 139
191 221
40 220
3 190
32 166
26 136
66 219
180 223
90 119
123 145
106 198
32 201
127 173
135 136
54 166
155 179
83 122
160 186
129 213
12 99
33 213
143 162
44 116
38 192
183 222
87 184
11 159
75 173
95 192
66 81
117 174
37 43
23 204
43 76
49 164
7 210
168 171
97 201
58 214
47 175
88 141
18 159
115 116
146 161
107 183
125 149
147 198
38 64
33 121
101 175
20 183
35 206
46 94
61 210
24 97
9 147
2 148
93 166
102 211
91 149
49 191
163 177
33 162
169 205
49 216
165 198
57 160
15 129
51 124
32 97
118 149
61 161
55 112
67 187
153 166
98 100
160 201
63 81
97 127
102 168
7 35
18 155
96 221
92 136
10 143
174 208
59 78
11 185
128 133
1 13
26 209
54 101
5 93
49 125
64 216
88 120
22 110
3 204
167 172
188 212
13 70
7 112
22 69
61 69
183 210
79 153
111 222
104 120
14 34
51 79
13 218
148 156
105 106
27 80
15 56
115 210
52 219
19 184
65 120
58 222
143 189
27 168
139 154
167 210
190 197
176 190
21 113
185 190
75 124
108 154
96 120
107 143
0 31
0 76
86 148
69 114
49 151
52 181
170 193
29 105
153 222
67 71
93 164
83 111
169 198
149 176
48 180
70 209
97 167
14 38
40 168
19 96
104 184
115 162
71 165
33 107
53 82
37 40
28 61
78 143
11 112
195 198
43 194
54 151
18 27
32 45
69 194
89 160
39 50
87 185
161 165
81 149
22 158
29 179
94 125
39 158
70 164
68 194
177 219
61 73
97 158
22 137
134 211
30 60
14 54
12 197
137 177
146 170
170 203
52 115
62 207
29 128
32 33
116 209
107 162
77 205
156 197
43 149
105 177
124 207
179 198
26 50
180 221
41 111
10 50
180 186
6 144
50 82
23 107
46 214
74 146
74 189
45 57
33 63
15 209
96 188
144 207
121 139
44 90
16 146
51 104
10 163
4 180
72 189
116 183
70 200
47 109
62 220
81 117
38 173
83 157
165 190
39 121
41 187
92 122
80 181
22 175
106 131
39 68
196 215
122 176
51 62
170 188
27 188
130 173
113 207
154 189
158 223
20 166
66 137
117 133
11 212
26 36
40 157
6 115
11 19
21 37
76 89
97 129
12 182
20 26
78 88
106 152
152 187
82 136
98 213
49 135
27 83
63 188
57 97
37 56
1 173
87 214
8 183
6 78
119 125
141 146
144 200
213 222
9 104
75 83
12 150
27 144
24 128
20 218
38 193
26 210
91 122
103 145
69 218
28 207
1 163
16 211
20 28
16 148
102 212
53 151
82 186
57 201
64 184
23 70
6 117
41 63
135 168
42 51
87 218
108 210
75 214
21 211
120 220
104 162
64 143
46 168
112 178
131 144
202 207
136 200
44 174
172 191
69 116
55 198
89 121
143 214
61 95
17 148
26 168
57 212
27 180
165 177
80 83
30 218
117 143
148 211
184 198
61 180
81 140
0 43
17 138
130 196
81 108
119 177
74 130
169 175
68 168
61 164
39 203
38 68
22 130
41 221
20 202
126 196
119 145
62 190
176 215
192 199
27 182
15 72
122 139
157 159
189 193
159 216
94 131
16 150
88 90
64 71
109 158
12 89
11 166
66 177
47 123
136 218
130 207
159 192
49 198
60 208
94 123
183 220
75 113
76 194
75 167
82 175
81 100
24 220
73 132
159 220
37 106
49 155
0 29
111 221
73 208
138 189
19 117
73 136
67 172
35 163
16 19
35 161
33 139
46 169
21 41
19 138
11 221
29 111
1 84
7 191
14 28
54 106
110 126
3 130
65 139
11 12
86 99
71 138
46 105
9 112
0 167
102 171
18 198
15 184
41 200
34 109
108 219
42 103
34 123
68 74
13 54
35 102
25 94
85 96
78 194
134 209
116 153
41 80
130 219
90 112
171 221
53 184
28 139
42 127
4 140
6 9
87 155
1 116
131 141
79 144
3 125
4 145
78 141
94 108
27 61
104 124
164 194
74 163
39 138
103 192
10 124
217 218
196 211
31 200
109 143
31 48
114 197
124 216
33 34
163 217
75 155
98 149
105 160
58 174
175 187
68 171
148 214
13 162
121 187
103 150
66 128
19 183
126 189
65 168
30 137
31 137
173 178
152 213
77 179
9 212
51 212
71 129
102 178
75 166
80 198
108 150
110 199
99 145
1 64
60 123
0 12
10 168
46 89
148 167
106 122
80 182
56 159
28 54
163 191
159 185
111 144
120 133
17 106
11 172
42 142
5 129
39 58
88 99
165 182
184 223
88 116
127 182
6 141
145 151
80 107
9 115
16 52
32 184
150 162
94 214
25 139
3 113
96 158
111 165
2 105
136 176
20 101
1 44
102 144
137 157
126 200
3 224
45 164
148 189
19 22
17 31
82 153
130 205
103 210
93 168
89 112
41 70
116 223
96 119
123 127
111 142
81 96
79 152
182 201
6 111
85 140
153 179
37 93
48 175
68 87
10 121
27 196
35 219
60 91
42 153
36 111
0 116
164 214
163 184
40 73
106 194
54 184
156 203
40 107
110 218
86 118
31 75
119 164
136 156
142 191
7 154
128 146
97 120
113 215
67 107
92 195
174 198
63 202
16 132
98 197
81 166
123 154
43 188
5 135
47 170
64 197
72 135
105 150
29 88
10 116
106 168
4 37
84 142
28 160
50 130
95 96
25 61
88 190
94 138
37 148
170 182
40 194
112 209
135 171
0 81
205 216
17 188
117 190
40 186
70 210
20 221
38 189
180 200
24 107
60 154
38 191
177 200
95 204
17 145
112 176
30 81
68 123
78 120
50 117
75 99
22 116
58 100
27 184
46 218
103 201
132 221
51 217
19 29
33 67
11 107
111 213
91 112
68 200
83 125
90 113
17 155
132 170
58 180
215 223
128 149
34 97
94 195
44 113
30 125
33 94
127 181
105 124
66 112
118 204
39 110
56 71
106 205
83 117
58 118
30 170
154 161
45 182
8 211
55 138
89 203
31 65
48 193
137 172
2 54
114 158
19 177
168 185
51 127
135 159
42 188
107 197
41 172
88 188
136 205
64 73
125 145
74 218
79 80
47 197
49 165
120 178
148 194
35 40
57 114
38 139
85 125
62 208
71 106
13 75
40 180
189 220
23 83
127 144
7 114
116 181
19 83
132 141
101 113
74 144
125 172
21 140
29 77
4 172
20 41
43 170
3 127
143 171
32 111
56 102
3 206
31 105
102 224
77 153
62 77
99 114
42 64
125 166
48 155
87 117
149 161
5 130
130 197
68 86
47 68
101 138
57 195
57 77
17 161
161 191
66 196
11 65
131 145
126 151
39 63
2 61
157 183
83 216
110 112
31 150
39 176
108 130
161 204
207 210
28 154
89 184
37 110
6 169
146 218
30 66
102 163
20 22
81 204
112 195
27 149
60 101
21 224
137 184
157 192
51 202
2 119
39 93
156 166
48 92
68 137
6 51
48 152
108 149
149 201
41 138
47 114
105 218
205 211
10 136
27 108
65 186
84 85
12 194
48 93
39 215
199 222
57 158
133 151
28 141
43 87
59 139
20 53
99 168
14 81
62 67
32 217
94 139
49 215
6 114
25 203
4 182
92 224
99 136
115 120
143 176
83 107
1 169
98 190
154 180
58 190
63 151
80 128
8 160
116 166
39 98
187 214
152 182
21 189
114 224
23 68
101 163
8 77
10 209
78 127
71 190
148 203
24 204
47 83
11 217
39 166
129 160
149 156
79 128
44 88
17 211
37 77
98 200
10 60
94 150
95 158
29 98
9 103
14 92
140 183
181 193
5 143
64 138
82 115
166 217
86 196
46 220
84 166
15 179
132 195
59 186
60 87
16 165
29 127
103 179
36 116
91 147
34 160
194 224
1 184
91 150
100 209
127 175
148 150
152 154
25 149
11 69
44 139
139 206
53 223
0 163
44 178
10 43
9 99
69 75
49 157
81 153
23 59
53 154
64 180
137 138
115 147
107 196
132 142
75 150
26 120
1 176
1 147
133 177
34 180
148 181
50 193
165 218
139 217
41 109
76 143
28 175
10 65
4 210
2 130
73 170
110 118
31 211
4 181
79 203
188 222
46 202
67 106
112 130
26 178
142 210
78 215
3 71
118 148
12 116
50 124
100 120
98 132
16 200
123 173
114 153
66 108
64 171
64 133
16 171
41 156
137 199
153 155
89 180
96 97
81 186
214 217
75 127
96 219
86 216
15 168
148 198
167 209
75 107
6 126
86 96
149 169
12 216
17 68
62 99
39 127
55 160
89 130
96 170
143 169
45 53
72 163
39 152
47 74
123 215
201 211
136 209
73 154
20 177
95 201
38 91
3 74
53 67
53 210
30 195
48 157
123 204
181 186
74 108
12 90
35 47
59 214
114 116
62 215
11 224
12 117
99 223
14 32
59 147
157 186
87 183
27 96
22 164
28 153
59 202
42 59
39 140
43 103
141 216
50 88
56 203
63 194
11 66
130 137
103 168
87 95
47 177
24 73
62 90
73 202
4 204
45 215
94 221
43 69
158 181
22 191
19 33
49 70
76 204
50 141
62 76
97 131
46 84
120 214
50 215
11 88
161 173
93 205
12 25
26 144
101 205
155 207
54 148
2 205
40 185
54 158
4 202
27 77
6 162
13 61
57 108
47 203
0 154
32 73
147 190
112 217
149 157
8 106
98 186
93 128
23 140
89 93
25 110
46 186
27 57
54 159
139 167
178 204
140 156
0 111
80 191
184 216
107 147
43 222
65 220
36 193
51 176
48 117
4 118
16 115
15 32
143 198
93 223
122 209
159 210
19 74
54 103
79 221
131 213
27 84
1 6
99 135
46 100
35 167
39 189
30 193
17 209
124 159
53 75
129 140
75 141
176 182
29 67
85 177
36 139
14 176
5 82
52 170
39 200
74 143
25 150
138 222
157 218
84 143
59 61
118 200
213 218
19 120
2 152
94 208
10 88
104 114
89 101
51 149
85 187
139 146
10 179
138 216
174 190
26 202
117 202
60 96
65 158
11 94
108 152
13 42
67 142
132 208
12 113
51 200
7 174
18 206
53 122
165 209
127 223
100 142
106 208
86 221
118 176
13 135
196 217
6 181
50 190
6 145
36 80
118 147
12 92
14 61
31 116
108 215
162 195
96 137
53 87
74 120
29 116
80 171
98 154
21 126
186 204
85 104
7 71
26 55
95 130
171 196
99 180
50 188
21 53
7 145
60 86
86 109
51 132
2 127
45 89
106 197
12 114
3 62
34 223
175 223
188 208
97 163
24 65
79 194
20 153
31 158
31 179
112 136
130 147
149 217
113 123
64 155
140 200
21 68
1 50
43 168
180 183
178 199
24 150
41 78
217 223
41 72
76 110
87 203
130 157
69 97
55 57
95 156
149 209
74 155
24 76
63 207
42 199
120 172
55 113
58 93
121 199
94 112
80 82
48 203
39 217
190 204
169 199
105 200
45 125
11 43
77 212
103 115
95 166
55 152
60 145
149 212
113 114
142 221
76 140
7 92
200 224
20 110
111 203
39 197
147 185
7 8
54 219
12 16
4 81
99 132
34 207
60 210
75 160
71 185
62 88
173 190
97 149
134 218
147 178
22 53
92 132
171 182
21 62
60 193
12 86
99 134
56 134
61 188
144 153
6 197
90 148
23 58
19 37
86 130
117 129
90 140
89 111
162 166
100 218
37 135
106 112
29 206
29 137
19 123
51 123
177 197
84 221
27 177
68 96
70 202
35 130
117 146
108 143
5 139
43 122
6 211
2 74
97 125
160 168
80 195
0 71
16 210
123 176
4 13
86 95
35 114
143 168
48 77
140 191
157 188
93 224
178 193
113 122
38 179
25 156
15 144
3 201
63 96
35 38
50 103
96 156
23 206
35 210
9 158
59 107
61 147
132 153
172 174
116 220
86 122
23 145
16 124
15 174
4 148
8 130
13 26
55 98
82 218
114 203
22 173
64 79
17 190
0 159
125 174
86 157
86 120
10 56
56 182
67 195
55 111
51 87
4 215
45 84
35 209
118 123
59 101
14 23
23 25
11 207
63 128
119 169
101 104
102 169
146 185
126 194
6 93
8 127
26 133
97 142
23 41
121 212
18 201
78 158
77 99
44 185
43 214
176 205
90 190
170 173
21 139
4 44
2 21
37 208
25 214
59 173
28 80
3 11
71 150
58 209
7 156
31 138
34 133
160 212
11 220
7 23
68 192
18 134
24 37
193 196
25 213
83 158
37 206
92 128
91 197
13 203
15 125
92 143
53 71
143 182
101 144
45 178
90 205
25 212
20 56
81 216
16 66
38 216
5 150
4 224
81 84
11 150
113 178
75 104
162 170
162 168
115 171
3 40
171 206
101 172
131 172
27 142
75 123
1 216
46 150
21 59
56 97
31 120
77 186
133 140
48 127
83 154
38 51
109 126
44 117
33 86
37 176
186 219
111 212
27 94
68 76
84 148
54 171
40 84
129 206
109 137
98 151
101 129
8 28
1 105
107 108
37 123
132 209
174 180
47 182
44 85
31 61
112 142
95 212
58 124
6 44
41 167
74 88
31 73
133 190
3 70
39 47
57 59
55 120
41 220
30 199
135 187
6 158
115 161
71 149
118 206
48 158
75 140
64 173
26 158
182 211
130 185
43 204
44 222
131 143
158 193
23 224
190 208
15 123
51 78
70 171
121 123
4 139
41 87
104 181
19 166
147 158
30 56
125 214
178 212
84 116
118 121
30 174
41 160
175 193
136 143
2 66
26 71
70 129
114 173
191 224
99 220
46 196
85 173
24 215
99 188
78 209
163 183
157 210
155 170
24 208
199 220
171 213
67 91
12 153
40 59
24 159
13 128
123 178
153 182
18 62
83 223
118 119
43 110
121 206
50 189
75 97
8 105
87 146
120 213
44 94
38 162
27 104
16 73
10 141
90 208
20 109
4 223
215 219
157 198
96 102
153 224
8 178
20 158
24 30
8 135
134 151
6 149
7 60
103 189
71 202
163 182
137 179
130 184
170 210
98 169
81 176
95 222
82 177
71 146
116 221
18 150
82 180
50 112
91 101
87 219
132 171
15 206
26 189
133 212
4 60
113 222
105 147
166 201
144 223
42 165
2 147
107 205
1 91
185 218
33 155
181 205
87 132
59 113
48 71
91 117
208 220
29 172
215 222
127 164
21 48
161 200
56 86
82 202
130 139
92 160
22 148
123 171
85 120
115 140
157 195
114 115
48 119
218 221
155 219
97 105
139 169
87 108
114 144
22 77
94 209
57 178
124 143
26 170
175 202
33 84
128 213
44 78
40 192
32 172
39 113
74 205
7 195
9 65
171 190
21 50
18 141
75 191
96 130
204 213
191 220
99 144
76 203
19 140
62 63
52 162
46 217
1 97
88 208
123 189
64 127
27 136
55 129
45 201
43 57
29 92
103 153
37 147
8 220
25 221
24 142
141 155
89 91
151 199
57 137
16 86
162 200
89 193
64 68
18 184
55 117
96 155
8 195
62 153
6 38
73 145
86 159
218 222
113 165
22 88
83 204
61 215
29 73
25 78
75 148
84 131
24 38
45 185
49 190
58 104
24 207
63 211
111 206
61 82
11 40
45 206
104 197
26 146
73 198
25 117
92 218
21 128
91 98
18 93
168 184
2 44
51 186
108 193
13 74
37 214
45 55
72 191
42 68
55 162
17 136
44 154
161 182
27 74
50 163
32 140
53 178
144 154
13 210
112 158
128 200
18 79
36 195
182 189
121 201
10 38
62 87
76 150
142 224
93 114
82 128
87 202
30 48
4 125
1 131
139 145
7 97
14 127
146 186
98 117
4 50
14 89
195 212
155 222
114 182
19 146
22 120
112 156
137 219
89 185
117 168
94 103
32 191
14 45
30 92
9 190
49 114
1 61
69 72
113 124
38 209
97 116
50 63
134 215
119 143
16 75
99 112
143 149
121 184
40 223
54 115
22 153
134 163
120 222
106 189
28 116
92 134
27 33
35 62
7 188
190 220
72 118
113 127
60 150
122 213
25 93
86 165
62 143
101 202
64 134
56 59
192 217
59 87
41 196
22 192
2 48
59 68
89 215
48 206
91 113
140 193
73 216
97 187
17 47
59 150
20 172
103 188
209 214
94 155
123 191
62 188
34 65
0 146
10 21
73 193
8 122
98 188
117 194
50 180
9 82
101 140
118 187
2 18
159 191
2 87
131 177
36 173
40 159
131 157
19 91
130 199
124 203
3 195
57 217
52 131
62 213
152 181
42 181
84 128
56 196
69 89
55 212
19 36
161 168
12 37
33 54
46 127
55 70
53 164
19 136
161 218
30 126
29 211
78 80
28 96
117 195
15 183
97 111
104 126
91 165
170 213
123 164
158 217
42 157
90 162
40 103
141 208
42 78
5 156
144 208
5 91
84 135
76 180
115 212
94 109
130 171
66 92
0 211
37 170
54 154
55 154
118 185
48 168
74 135
194 204
7 30
70 192
57 117
82 91
81 195
187 203
10 16
97 207
51 216
46 159
1 17
41 67
76 132
36 217
166 171
38 54
192 214
66 183
60 135
2 109
102 104
57 197
10 84
6 187
67 74
127 205
15 205
158 178
68 156
74 100
69 113
147 163
164 190
18 192
70 133
7 118
81 94
120 131
32 39
40 148
43 179
85 159
64 179
136 142
125 131
4 96
152 171
55 139
185 211
79 147
132 183
163 175
33 44
89 135
168 182
106 201
2 134
37 187
10 219
44 161
149 216
41 195
27 161
79 93
134 168
4 133
55 168
50 213
66 124
112 212
106 219
48 133
90 115
112 206
155 156
120 194
47 102
3 183
128 167
168 176
194 218
72 215
76 211
79 106
30 97
121 197
69 83
38 82
7 26
69 81
125 139
126 155
34 214
27 139
51 171
124 168
11 26
69 86
169 183
19 51
56 139
15 86
184 217
33 131
77 203
62 107
28 192
125 209
21 76
136 151
159 201
143 215
154 185
12 213
65 206
175 195
59 211
34 39
49 128
71 159
55 85
7 105
50 94
158 169
97 215
95 149
65 108
18 60
35 123
89 221
48 63
11 110
8 56
60 190
55 82
19 142
12 111
32 62
52 153
137 191
125 221
63 213
152 158
50 144
147 224
7 93
57 102
94 149
88 183
23 213
34 81
30 96
1 72
109 186
105 120
21 173
160 181
40 142
155 204
162 184
150 156
37 42
30 223
142 154
27 95
112 203
123 134
16 206
0 103
96 182
124 217
143 191
91 118
25 171
29 190
1 114
3 168
27 37
76 218
64 142
77 137
197 205
72 92
23 73
204 208
124 129
106 184
54 108
8 21
93 207
107 153
28 111
142 215
29 126
81 220
57 79
31 187
73 131
1 192
96 184
33 169
91 121
90 91
16 135
4 55
11 191
24 68
66 157
5 187
73 209
39 83
106 133
12 146
87 126
77 140
52 87
111 133
4 136
23 84
158 200
152 223
6 110
84 151
75 175
71 184
111 199
38 149
182 219
95 196
64 126
7 69
10 212
16 189
42 62
7 200
28 62
193 224
83 147
189 196
10 62
12 87
19 101
32 208
93 170
74 211
41 113
52 86
104 135
3 64
113 146
40 218
64 90
87 188
11 177
39 55
127 219
58 182
209 220
13 48
66 138
28 78
135 221
192 218
117 170
32 120
80 119
109 211
112 119
39 100
45 80
99 216
128 215
32 98
101 120
58 192
80 100
122 210
172 209
129 146
47 134
7 136
118 174
76 188
122 124
56 60
23 92
109 166
32 160
66 95
66 222
131 175
5 214
118 142
77 128
15 70
75 112
74 80
163 167
99 172
47 119
159 174
34 135
148 202
116 177
80 215
63 152
126 132
5 141
155 206
8 128
159 212
81 219
66 150
45 200
32 85
13 185
58 125
106 195
102 121
27 50
191 223
129 135
30 154
120 206
111 193
40 182
76 133
133 163
138 202
101 122
105 175
79 218
200 204
90 141
37 164
11 30
84 204
9 37
34 62
35 78
25 178
42 159
23 223
60 214
80 130
81 203
59 72
2 206
29 197
1 153
85 218
13 186
53 107
141 209
12 136
132 196
66 176
21 170
152 165
90 96
3 118
131 218
15 54
27 202
55 208
180 219
85 90
122 128
3 222
23 104
66 213
113 175
56 165
92 197
140 185
65 138
124 162
8 150
41 208
82 141
72 201
90 127
145 216
14 30
12 176
90 117
113 167
111 180
19 98
25 26
90 223
20 43
49 100
213 221
33 49
15 166
90 157
97 176
56 120
129 171
160 161
26 201
7 141
152 169
110 122
81 124
45 64
18 35
13 39
92 159
122 167
12 163
71 174
105 179
45 190
124 211
66 139
29 107
40 76
108 133
149 165
2 4
152 203
45 137
115 157
152 190
22 68
24 221
8 81
18 222
19 73
10 36
63 98
18 65
25 69
132 143
59 155
10 174
28 67
69 121
174 223
102 186
10 202
167 181
15 21
59 217
0 182
49 204
98 161
109 210
49 63
19 39
49 220
26 177
34 121
114 179
82 151
69 108
115 141
8 131
54 155
16 47
3 149
21 218
151 207
43 121
43 201
123 146
19 214
216 222
118 183
72 176
74 97
27 194
58 161
197 211
9 206
67 135
32 180
115 160
79 148
42 43
121 176
18 40
24 197
65 152
90 165
104 125
50 178
21 23
16 187
42 73
118 193
9 152
100 214
185 187
15 67
109 134
63 182
168 224
49 139
182 215
106 144
64 114
69 104
113 197
118 162
28 107
88 189
67 216
114 217
69 129
91 162
79 134
110 143
50 222
28 185
160 184
101 181
21 195
42 96
19 23
79 168
29 131
196 210
82 144
113 201
151 214
40 128
83 130
94 223
163 188
196 221
76 120
162 205
7 178
205 209
13 68
116 147
31 185
121 216
22 73
72 224
102 117
67 123
185 186
59 93
46 66
7 70
51 135
78 197
15 81
25 206
7 157
140 213
114 140
25 47
3 66
57 141
63 119
53 159
218 219
172 193
103 193
36 150
97 214
172 211
72 202
83 214
82 170
23 136
14 65
29 133
173 208
85 161
124 215
23 42
4 168
40 216
63 168
42 212
19 189
0 22
100 157
31 162
54 130
2 185
84 214
104 132
82 112
85 158
0 141
149 215
46 92
30 55
81 170
37 81
60 186
88 209
176 197
4 151
62 140
142 194
31 79
47 215
114 198
61 83
44 112
76 193
55 195
115 119
82 190
76 127
117 178
33 167
181 210
77 80
184 218
24 199
28 129
69 74
14 200
79 157
120 181
180 193
83 224
120 124
176 208
34 67
132 222
18 59
60 126
119 215
6 189
161 198
122 166
136 195
42 101
32 74
6 119
118 199
99 119
97 110
120 188
38 71
170 183
40 44
15 147
79 97
158 183
14 70
52 178
70 222
103 158
194 198
119 173
51 83
144 164
67 126
139 162
94 212
33 180
0 35
19 170
47 93
140 214
50 149
9 179
108 199
53 121
6 96
75 183
85 154
111 124
59 128
2 51
24 45
99 126
69 177
67 206
104 141
23 167
146 163
111 166
77 102
63 159
136 206
140 161
54 126
98 168
130 224
164 171
108 141
18 95
38 176
129 216
44 65
158 197
184 187
11 21
48 103
51 157
57 139
92 110
72 181
59 63
146 154
123 206
27 49
47 106
115 221
56 112
91 182
57 78
143 193
129 161
39 143
55 190
64 136
2 112
184 204
21 200
36 220
143 186
66 90
8 57
88 119
72 187
134 210
102 123
21 83
73 147
15 30
48 49
130 201
43 63
85 143
121 211
103 128
156 219
105 111
4 10
141 152
114 150
110 194
122 211
15 140
40 161
15 182
27 102
114 143
4 101
0 221
41 91
74 151
31 117
54 198
91 158
133 224
40 116
2 145
121 179
30 212
97 179
67 102
16 169
130 211
32 61
27 190
110 172
50 217
76 119
92 169
97 169
45 86
0 78
116 198
69 221
9 38
70 117
71 137
102 140
186 224
14 190
69 163
126 191
88 218
186 190
169 209
123 224
15 177
35 217
9 73
71 133
52 190
66 80
56 176
71 163
62 103
40 175
5 84
7 100
25 35
60 81
99 151
100 216
126 168
35 49
45 208
123 195
104 219
170 172
63 129
95 135
61 184
56 189
113 186
118 131
101 147
145 163
173 222
60 152
40 83
43 173
165 204
97 186
14 106
46 76
64 205
47 110
17 144
192 194
55 93
124 208
57 152
87 221
120 153
72 155
96 129
39 199
72 212
96 121
25 124
109 162
4 14
109 112
42 201
14 76
141 147
127 151
4 124
22 72
139 224
44 218
12 204
80 116
53 106
13 212
20 164
24 77
126 203
126 156
76 153
12 75
129 141
88 203
83 145
66 109
82 154
164 170
66 77
13 163
28 163
4 207
50 200
171 217
33 156
87 157
21 182
57 202
3 19
37 111
23 80
17 81
0 193
9 184
71 108
67 210
57 170
152 209
81 154
43 107
135 156
41 68
14 183
32 90
93 210
156 167
8 196
12 133
95 137
57 215
32 157
112 116
16 30
121 152
14 20
39 220
54 116
16 26
59 190
118 164
18 137
27 201
164 206
208 214
23 38
212 213
25 77
152 164
176 204
149 204
106 173
65 190
172 192
44 64
96 101
105 151
5 70
164 197
82 172
26 142
10 66
33 138
128 168
18 221
51 133
13 43
88 199
85 157
56 215
137 186
55 87
5 108
160 190
168 213
89 118
54 152
97 113
33 68
134 160
106 222
0 147
20 44
178 213
116 148
133 191
24 25
42 143
146 177
37 124
111 164
11 111
135 172
59 71
31 67
25 33
121 129
65 221
97 146
76 103
94 202
2 138
104 146
103 164
59 166
4 183
147 214
45 117
119 183
167 204
184 220
128 172
74 208
59 164
6 112
106 146
99 208
32 82
187 200
48 167
24 173
180 216
157 184
77 127
106 191
128 199
64 164
64 145
62 216
167 218
44 173
11 179
75 201
99 152
102 181
18 73
53 220
167 178
192 216
61 205
11 186
36 60
127 176
18 220
1 62
31 219
89 165
40 67
78 95
152 163
172 212
40 80
45 118
72 207
37 182
33 115
101 146
104 214
68 129
20 175
51 151
39 156
145 209
43 74
22 118
50 74
114 130
30 201
168 197
22 151
169 192
69 220
148 163
129 145
36 61
48 181
105 134
170 177
133 148
24 57
40 62
50 121
56 186
63 103
20 108
58 142
60 191
139 157
59 95
47 101
86 202
12 20
140 216
46 122
168 173
105 184
22 155
31 202
58 87
52 119
15 65
36 202
27 68
17 178
31 172
51 177
68 195
169 224
48 151
98 116
116 162
36 92
19 27
26 166
6 100
52 138
46 128
61 71
55 196
5 22
14 86
66 88
58 105
128 177
197 220
71 126
57 98
79 185
138 182
54 94
104 173
18 61
78 185
105 128
92 200
116 175
23 162
12 219
14 109
203 211
115 223
2 195
53 201
14 78
22 45
75 119
91 185
59 158
89 115
59 213
43 215
22 93
108 180
107 174
87 110
4 39
120 134
6 166
83 110
39 211
15 165
64 131
147 221
21 175
22 94
91 139
116 215
114 194
3 199
14 219
112 149
1 54
137 168
24 218
5 166
34 139
41 94
38 87
184 209
217 222
120 150
141 206
54 199
1 133
53 88
132 211
108 173
76 135
13 117
36 89
148 184
184 191
2 183
161 186
27 66
72 117
138 193
85 119
23 62
65 192
33 110
51 165
36 113
28 127
121 157
50 106
25 37
2 102
149 203
0 134
71 211
20 201
138 200
104 145
38 167
41 171
45 56
128 154
43 82
27 132
65 213
74 84
51 68
0 157
18 90
92 201
34 176
77 90
56 103
55 137
148 205
207 214
7 85
34 194
29 102
50 219
27 175
101 157
193 205
60 194
81 161
119 166
16 114
35 100
49 85
51 201
195 199
4 167
192 205
130 202
76 166
63 216
25 64
100 136
42 88
79 94
3 112
35 178
36 84
148 199
6 99
51 194
30 38
172 177
5 138
95 202
6 148
145 190
12 172
111 127
49 68
3 141
84 180
114 128
68 116
103 137
91 104
91 215
20 212
150 183
52 167
51 66
71 144
105 127
79 186
14 208
187 191
155 221
33 57
64 158
33 125
66 76
65 164
35 106
104 164
22 203
38 146
101 206
53 114
59 122
10 171
92 210
92 214
99 217
157 214
3 207
56 208
43 88
134 177
159 194
124 140
6 24
16 215
116 174
129 136
24 205
3 202
115 218
112 148
8 221
41 66
28 49
96 208
116 128
78 81
30 189
121 194
166 194
63 104
44 137
107 184
113 206
43 72
21 174
60 63
86 215
25 155
33 223
64 160
67 124
39 56
208 216
25 133
27 111
62 211
25 80
4 74
131 151
98 155
47 79
150 187
20 137
76 86
23 76
7 84
23 77
13 224
14 169
17 208
94 135
27 119
100 162
46 157
142 166
103 177
90 135
219 222
37 50
148 178
123 223
79 198
156 222
130 187
98 173
87 175
37 46
37 99
78 117
110 175
139 170
70 96
51 141
49 202
4 203
81 193
125 196
9 142
37 142
80 166
101 183
147 191
13 126
103 212
61 139
84 108
72 204
150 168
64 175
25 195
78 86
23 51
56 93
83 120
79 95
13 197
94 96
1 193
38 166
113 136
40 114
200 207
70 75
164 180
158 209
11 47
51 159
2 68
139 203
37 78
136 215
34 172
19 179
167 176
80 121
4 33
125 186
161 206
37 169
44 213
129 222
86 139
113 176
17 168
72 87
153 156
43 51
26 92
93 94
103 154
42 215
48 106
16 78
149 200
155 185
39 155
72 115
156 199
103 224
157 162
121 126
18 210
107 201
92 116
5 53
73 183
31 135
26 153
179 206
155 183
59 89
9 14
164 191
35 211
168 192
40 200
84 222
106 157
89 181
77 91
25 113
157 202
60 207
57 209
60 200
46 134
213 216
22 81
4 144
53 211
63 165
101 213
7 220
69 210
198 199
95 114
171 205
24 133
21 135
131 146
37 146
76 83
74 221
41 165
32 215
13 142
22 30
83 143
8 223
160 170
127 149
0 98
78 131
103 159
183 193
67 127
57 107
7 109
44 206
20 59
184 186
179 186
12 64
7 143
26 204
35 177
89 97
14 212
60 112
2 131
20 144
162 212
6 206
46 113
58 186
60 199
27 106
56 148
56 122
38 145
117 132
82 189
34 72
174 220
70 97
12 166
156 182
52 129
26 169
26 183
73 139
24 196
24 46
63 185
103 204
121 148
60 198
76 94
33 113
30 138
73 204
12 54
3 12
46 212
1 174
47 148
71 183
67 129
84 99
182 186
44 87
62 100
56 185
3 192
112 183
37 196
28 179
105 157
1 222
24 103
69 112
41 75
100 221
91 189
140 171
115 180
25 96
107 130
108 168
103 173
2 52
32 104
9 107
143 163
95 218
122 168
73 116
76 79
78 165
87 123
85 181
22 207
41 54
10 19
47 218
19 67
44 166
49 150
23 99
16 194
94 97
48 209
40 105
19 224
145 212
96 159
86 152
7 51
35 223
66 188
111 140
52 126
10 125
74 127
215 224
117 121
46 204
39 195
60 83
18 175
35 54
119 208
116 149
47 104
36 186
163 204
19 71
46 56
35 173
33 79
139 153
99 165
42 74
97 190
9 128
96 202
82 146
140 158
58 179
17 72
0 19
52 67
164 211
129 219
129 157
137 158
87 114
67 90
40 88
5 128
77 169
188 194
18 216
26 164
99 202
158 166
71 169
132 134
20 154
158 163
4 138
10 64
39 84
58 146
115 118
10 118
142 214
24 217
18 49
13 35
89 124
151 213
79 116
132 184
126 152
44 155
29 91
133 143
34 96
45 81
32 165
153 183
36 219
85 189
169 196
86 181
57 153
67 77
109 131
168 207
48 199
10 156
2 84
36 205
86 137
103 182
47 67
62 122
113 212
36 167
61 152
11 73
3 99
36 208
87 210
76 82
14 119
23 190
149 222
96 115
39 128
1 28
30 130
53 200
76 152
143 223
77 116
25 52
24 134
100 159
19 197
100 217
154 193
112 224
72 192
53 215
37 185
42 187
76 136
3 57
57 72
214 215
33 40
39 153
73 191
27 28
125 189
1 14
165 186
92 174
7 153
62 172
3 187
153 177
52 70
46 173
173 223
116 173
39 201
110 184
84 133
35 190
145 167
46 81
87 124
126 183
116 119
10 138
10 224
64 210
42 82
37 202
84 169
156 198
192 224
8 177
57 204
91 137
144 199
87 149
132 218
36 182
89 151
69 157
172 210
87 89
31 94
5 104
64 65
30 220
101 169
30 160
153 160
43 134
104 201
54 65
73 118
134 207
39 145
111 211
121 195
145 169
107 203
195 204
130 217
64 95
13 165
85 105
100 148
18 152
170 184
125 197
72 146
125 142
46 152
16 93
132 150
113 171
49 67
47 154
138 144
158 202
73 114
29 72
125 184
127 184
57 203
63 107
64 172
30 136
98 136
28 180
9 52
92 108
69 182
94 207
40 177
99 205
71 140
61 169
191 217
164 176
10 215
62 160
90 103
68 172
22 216
25 126
109 223
143 150
73 129
36 171
162 180
88 171
12 128
29 132
1 137
13 153
21 122
39 183
6 157
127 167
11 187
79 142
14 193
58 157
1 215
58 128
87 148
63 143
59 223
177 217
105 195
85 88
101 125
27 93
118 171
10 76
84 103
148 185
8 203
68 111
204 212
140 195
148 193
199 205
87 137
55 144
47 185
31 188
18 174
90 114
196 224
6 213
30 140
80 149
118 188
26 218
41 210
138 165
1 107
5 69
29 150
13 125
64 204
15 149
72 133
96 144
213 224
10 80
29 209
25 60
159 199
119 184
4 189
41 142
115 158
93 181
128 212
107 131
71 171
3 208
51 108
113 221
60 120
97 210
8 15
66 101
41 198
68 83
102 109
92 196
166 175
47 135
112 193
146 165
111 209
53 185
116 130
18 63
8 184
37 120
102 152
19 147
31 127
176 178
135 144
91 128
165 205
5 145
71 215
34 93
141 183
87 151
191 219
104 129
49 183
29 63
61 175
9 76
35 53
97 161
55 80
14 223
66 94
36 107
110 111
125 135
28 92
142 172
98 127
131 159
148 196
57 83
127 195
99 153
42 220
50 108
39 92
203 221
78 144
30 196
147 155
155 203
43 54
46 158
211 219
53 216
137 222
52 212
16 129
75 209
3 56
23 168
91 127
84 155
138 175
95 111
83 104
101 171
141 200
21 32
130 209
86 97
152 205
113 166
43 55
64 94
22 221
170 201
54 73
130 203
88 181
100 145
52 214
141 190
12 23
18 136
38 168
82 181
40 77
28 75
37 94
95 147
11 78
141 181
97 112
65 106
162 220
87 191
44 212
22 188
42 182
29 75
59 64
10 74
31 47
61 143
17 56
108 158
9 200
140 173
195 219
164 172
122 136
72 108
17 197
86 211
59 76
19 217
72 132
158 159
9 132
61 212
37 118
10 146
14 218
57 60
77 199
87 223
3 164
24 198
90 182
22 171
17 126
164 201
90 175
4 131
107 110
4 20
105 129
144 158
31 118
41 119
176 194
107 121
200 221
106 159
118 208
15 154
129 203
102 170
65 212
53 79
36 176
53 204
110 224
18 89
106 148
22 163
35 146
111 157
104 185
25 167
199 219
38 181
89 205
84 132
3 46
3 122
60 172
97 139
31 58
58 213
210 220
138 151
98 158
6 88
40 68
58 135
51 204
23 36
71 187
69 153
117 206
185 213
82 209
74 114
98 195
80 201
46 104
120 212
129 200
33 178
116 222
138 197
32 211
70 135
63 147
111 175
25 197
104 113
108 174
194 214
50 128
57 177
56 170
31 59
59 194
0 17
179 191
114 151
108 224
6 70
137 176
49 57
0 209
13 127
1 111
18 32
106 212
120 171
30 112
46 201
64 139
159 222
121 203
18 149
33 81
124 185
1 57
9 61
14 29
16 97
47 147
41 45
1 211
34 224
15 222
7 107
49 137
42 98
100 219
22 60
40 215
10 92
72 180
150 175
59 100
15 216
8 189
105 211
127 193
12 152
23 47
109 128
18 67
13 170
6 47
86 150
29 93
87 134
5 164
29 163
126 218
91 108
60 148
4 174
132 151
87 90
119 198
109 169
9 175
10 71
40 74
155 178
126 176
92 202
54 121
3 102
145 223
58 126
8 107
79 176
34 152
129 189
178 202
108 172
49 171
108 201
135 186
25 190
163 200
20 178
57 199
63 167
32 194
58 77
123 131
102 216
94 171
89 222
47 133
8 147
27 224
143 192
61 77
22 44
203 210
40 217
83 124
23 149
134 216
100 206
49 162
124 141
113 141
147 203
11 178
133 221
27 98
23 67
102 145
7 183
75 213
34 76
29 204
102 185
163 212
113 177
39 210
40 136
163 186
6 214
126 206
45 158
199 214
95 127
147 153
151 209
23 170
18 114
47 158
99 124
4 40
14 189
32 126
116 200
10 37
172 180
178 223
118 160
104 183
97 101
60 211
176 181
85 127
77 191
68 221
62 194
93 197
145 206
187 215
127 197
10 18
32 129
47 156
13 36
54 216
32 106
146 157
129 152
104 112
41 84
34 86
117 204
70 198
152 173
98 215
55 61
19 174
55 170
118 170
127 148
159 206
82 203
88 89
21 171
13 101
64 115
50 214
32 146
54 141
67 115
26 111
71 107
22 65
119 187
17 198
57 172
72 184
46 72
171 195
36 108
56 121
154 200
140 212
4 22
109 160
16 112
127 185
42 147
11 67
74 132
29 136
139 159
10 30
59 207
196 209
158 189
124 166
38 69
86 101
141 170
122 203
78 152
114 207
179 181
8 172
20 162
129 182
16 222
58 212
121 146
140 153
119 190
202 210
101 216
67 72
150 184
18 38
1 100
128 162
76 77
63 78
199 218
101 195
34 107
62 197
110 153
57 219
84 217
34 90
184 203
158 176
155 174
98 184
153 169
2 156
31 218
44 141
12 126
183 223
0 55
86 223
25 161
74 111
127 177
15 97
32 155
116 138
93 126
13 46
37 159
11 213
179 220
33 193
6 20
42 131
143 147
41 186
33 136
77 101
102 200
16 39
66 71
112 192
147 186
3 63
96 203
29 158
162 223
60 89
47 180
78 122
64 97
153 190
61 196
42 47
124 128
46 193
61 120
118 181
12 61
106 190
73 149
5 219
93 158
58 115
26 105
81 184
23 175
31 103
203 213
17 94
85 195
67 108
41 201
25 74
138 141
151 215
44 157
15 82
96 157
52 147
63 186
83 171
142 201
33 171
30 114
179 208
2 3
12 98
5 134
0 45
124 125
86 218
88 134
25 216
94 115
142 148
129 130
173 205
166 198
34 69
122 222
125 161
42 179
85 128
95 102
36 87
65 159
46 50
8 52
27 156
32 219
26 149
30 33
48 54
52 163
68 95
11 168
60 158
6 66
135 167
103 161
133 134
84 149
147 209
67 169
33 191
124 176
16 77
104 208
106 180
58 60
0 215
38 93
24 88
34 182
34 222
57 105
150 221
162 164
2 211
142 176
5 111
30 107
175 185
11 130
11 202
33 64
65 143
38 212
12 85
199 208
101 215
68 165
87 193
189 208
102 192
147 223
41 202
14 204
59 124
69 212
87 192
125 220
114 185
77 219
66 147
77 221
1 67
79 112
10 123
68 88
37 181
22 106
134 178
81 113
91 208
103 203
51 156
40 181
121 135
155 168
22 128
50 93
172 207
5 173
144 155
168 217
41 126
58 181
142 150
37 160
8 202
8 164
93 220
112 180
47 159
110 160
56 64
35 107
99 100
51 71
20 94
19 213
0 166
105 154
86 102
87 116
17 109
167 206
22 58
164 174
51 113
30 148
59 86
113 115
75 132
37 112
16 161
80 223
14 24
48 89
149 180
54 181
120 190
40 154
1 56
61 182
155 215
130 134
43 220
3 155
174 207
3 217
89 175
32 92
17 93
10 149
27 62
17 187
36 191
145 196
89 195
80 194
144 217
10 134
61 223
6 65
167 208
34 124
64 66
57 86
15 190
108 131
48 90
38 76
54 114
65 111
127 150
35 70
117 161
142 152
12 121
45 76
75 118
81 90
5 131
2 37
47 160
121 218
63 74
31 169
32 141
58 145
28 36
0 23
11 103
96 187
52 202
131 188
106 140
67 160
16 195
120 199
91 187
95 165
9 159
47 173
107 154
16 136
114 134
62 223
42 61
69 76
29 170
66 69
6 76
167 195
6 175
129 164
130 206
126 137
101 184
53 165
38 198
163 216
25 120
140 201
36 154
176 179
47 121
34 63
136 198
43 128
99 214
139 142
14 215
7 61
159 219
87 145
73 200
122 199
4 97
108 135
118 141
128 217
147 148
88 128
28 157
129 183
62 144
115 202
73 80
67 220
60 189
46 137
30 53
64 69
18 53
44 124
62 146
174 218
22 52
197 208
20 70
13 189
187 193
97 211
26 84
79 178
40 109
33 38
48 154
24 55
30 147
33 163
40 156
36 42
50 123
43 108
78 196
11 59
205 224
20 27
81 135
121 140
73 206
121 167
41 129
32 175
22 24
32 67
135 206
12 147
174 211
186 192
9 141
75 135
57 113
84 106
18 219
13 37
53 142
8 48
31 77
26 58
142 202
10 107
147 193
43 104
95 198
13 94
62 210
19 41
183 186
70 90
63 199
9 106
28 64
141 196
62 106
125 207
140 205
58 216
7 187
64 144
58 122
38 108
52 112
177 182
2 150
175 209
62 204
36 222
40 50
40 55
1 152
26 64
49 172
112 223
34 156
158 161
76 173
34 203
94 210
35 222
31 124
1 202
169 219
187 217
40 120
43 224
68 148
194 211
72 73
65 69
169 204
61 70
70 127
105 126
38 147
58 202
112 181
18 34
87 211
72 149
154 203
76 212
70 114
51 221
45 167
109 220
65 105
156 174
46 165
146 153
49 52
31 121
168 189
137 143
17 182
18 199
56 87
91 222
56 140
25 211
34 167
180 202
21 31
200 203
97 118
39 88
78 96
33 111
16 27
71 193
48 186
67 174
25 152
141 213
21 30
51 183
64 99
11 79
62 68
7 121
28 209
104 220
1 167
118 217
34 144
14 156
100 198
111 182
30 35
125 173
82 129
71 196
130 154
5 116
167 185
43 189
84 107
69 201
78 162
136 170
69 71
54 92
89 146
62 212
126 148
34 44
28 65
24 169
66 174
55 106
154 158
195 200
44 100
54 133
94 166
203 204
64 221
66 148
198 213
36 190
92 199
106 163
198 223
38 186
65 130
91 191
62 184
23 116
77 111
35 156
35 124
1 141
33 56
11 48
54 72
102 138
55 100
18 75
44 79
5 106
137 220
4 7
99 137
14 103
113 163
22 196
72 141
162 215
16 140
73 215
68 126
39 117
138 177
139 196
38 178
106 223
34 101
135 175
59 77
39 112
35 191
37 72
143 180
150 170
11 120
89 201
91 124
71 177
37 183
27 181
68 112
172 222
11 31
29 207
1 108
74 110
87 215
65 150
145 199
24 42
9 79
7 119
204 210
145 217
86 162
100 114
181 182
158 219
64 190
101 126
1 159
141 145
140 210
106 206
72 91
99 212
101 194
2 40
140 143
128 151
66 133
56 129
70 103
51 85
161 185
19 114
45 130
137 148
70 162
73 133
90 219
165 224
129 187
204 220
37 173
18 22
67 170
110 145
19 46
201 222
124 170
1 53
19 135
10 173
74 201
119 150
160 204
23 218
95 106
0 208
37 86
121 182
48 192
19 38
75 93
188 197
30 203
63 125
16 90
10 91
105 133
24 64
165 175
85 144
134 173
65 95
10 102
64 151
65 74
207 224
85 163
17 62
5 47
93 135
171 220
16 164
177 215
74 115
85 209
163 222
160 210
15 107
3 21
119 212
61 101
0 138
13 72
17 24
81 187
18 83
71 105
54 163
73 77
207 222
45 122
83 220
63 176
28 74
13 104
22 41
25 182
36 98
185 209
60 117
72 178
46 108
25 72
97 98
151 160
31 152
147 197
62 138
13 64
13 211
6 222
8 194
130 169
57 85
104 128
55 183
138 162
10 85
39 184
61 89
177 199
133 192
104 136
161 181
62 126
68 214
167 182
62 154
56 217
90 170
27 213
64 91
21 94
21 163
116 208
22 189
45 152
209 223
176 192
53 131
37 66
59 221
32 122
99 109
50 182
25 125
128 132
15 96
161 183
29 130
126 186
57 76
83 167
160 221
120 144
59 196
39 62
10 223
27 43
162 178
94 130
22 32
95 183
118 172
55 97
24 171
29 61
127 190
163 165
125 176
46 170
61 208
4 100
138 224
8 94
146 220
67 78
30 64
26 102
63 112
56 209
40 166
92 217
153 173
134 214
5 99
1 58
3 49
39 142
6 217
36 204
129 210
192 210
183 206
95 154
154 155
108 159
20 171
50 150
4 94
45 47
70 195
117 157
112 115
28 170
163 193
160 216
64 146
58 197
42 150
80 113
44 171
64 209
191 206
24 149
44 135
33 124
29 71
36 121
22 135
163 214
65 121
48 129
117 138
44 140
47 82
12 119
97 103
9 120
179 194
47 166
61 191
45 99
34 168
49 154
23 197
24 123
141 157
44 127
204 206
167 196
57 214
102 149
88 138
139 178
101 208
121 130
154 212
33 184
38 188
4 186
125 150
146 162
188 198
200 201
30 162
33 59
23 188
55 203
26 118
141 171
66 185
66 97
15 48
53 96
65 131
214 223
61 192
71 141
55 177
191 202
112 210
82 166
100 197
5 205
52 144
43 211
109 151
0 1
39 72
74 161
40 174
65 165
43 91
3 31
97 173
116 117
44 71
37 87
53 141
63 204
96 164
13 88
7 163
85 93
56 80
20 97
161 164
2 15
21 165
55 115
69 155
61 66
63 161
9 98
33 62
60 176
31 207
85 86
41 61
93 184
23 210
89 140
71 188
181 203
17 217
162 192
108 212
53 132
78 114
43 205
11 14
101 115
16 214
90 159
5 218
125 154
46 203
102 219
87 168
36 177
20 105
39 218
90 98
116 213
10 180
198 222
54 176
17 165
101 124
155 182
98 121
35 63
4 162
51 100
174 189
99 193
67 209
67 163
67 119
21 148
5 175
64 123
39 105
4 72
98 189
17 54
43 125
66 99
117 142
102 198
132 213
52 121
67 140
47 90
58 199
92 203
136 150
73 159
5 77
113 161
32 162
66 192
34 148
136 189
46 90
17 84
119 186
97 154
150 196
54 162
118 145
20 197
79 213
88 173
66 154
123 205
34 193
37 125
180 208
142 145
16 95
65 70
59 169
29 84
74 128
60 164
166 189
18 20
94 152
221 223
177 209
135 155
68 174
62 193
53 135
15 20
27 215
19 162
72 223
18 178
117 200
65 224
70 186
196 214
76 202
128 131
40 57
67 114
6 136
35 179
3 4
100 179
76 139
20 163
31 84
178 181
170 194
49 136
195 222
51 101
50 203
171 204
34 35
188 219
47 117
64 153
67 83
74 215
91 96
95 170
129 185
174 196
101 155
58 217
191 194
134 154
34 146
44 207
109 173
18 112
0 205
109 202
17 195
136 164
19 21
155 175
40 149
86 142
45 186
95 168
144 186
27 88
82 219
26 74
31 154
126 146
176 214
30 90
81 136
53 174
77 112
34 56
173 181
18 47
104 108
81 222
8 217
25 177
141 150
195 210
9 21
54 146
144 169
56 157
20 116
97 223
72 159
3 142
49 101
0 151
48 128
185 220
6 121
74 136
92 198
48 112
14 151
72 174
105 213
7 129
87 166
70 218
169 193
56 78
113 190
4 15
60 140
111 122
88 124
115 159
20 159
31 49
91 173
177 185
91 138
80 129
205 219
22 198
80 148
65 99
62 95
1 12
28 136
186 195
24 190
136 217
105 163
2 31
125 164
165 180
44 81
65 73
63 88
122 125
130 155
197 212
28 220
3 151
74 129
36 207
81 185
12 82
21 160
139 204
61 134
66 156
88 200
77 148
46 178
43 178
5 64
78 202
77 183
15 133
156 172
108 223
50 65
22 146
103 120
19 188
75 101
56 131
52 143
21 194
57 190
186 193
34 126
31 186
17 147
119 194
128 186
24 127
22 39
28 155
27 222
6 45
174 213
126 135
73 212
50 171
18 140
174 188
40 202
119 220
97 219
101 133
123 174
88 126
66 223
16 134
129 166
107 164
37 97
145 208
132 186
5 46
0 143
170 216
71 191
72 111
210 211
185 217
1 8
41 96
130 175
99 101
17 36
25 210
12 222
20 92
109 118
138 223
35 212
26 157
43 118
7 78
59 108
81 119
100 190
16 177
13 21
92 100
34 186
70 220
50 210
193 222
33 133
10 211
19 187
52 211
63 192
95 157
19 154
2 142
61 115
84 150
61 137
89 211
9 218
51 84
51 112
106 220
58 171
61 203
53 128
162 194
7 181
70 201
1 172
74 192
29 213
197 215
21 204
53 137
109 212
42 118
65 144
77 143
105 161
43 97
111 172
4 53
8 91
49 201
72 104
45 198
187 219
59 220
85 146
102 147
48 148
20 133
135 199
0 11
18 166
22 211
81 213
78 101
2 123
159 181
130 131
7 115
56 116
10 185
28 114
113 195
139 189
30 133
37 218
120 158
54 118
35 120
172 217
117 196
83 163
67 111
34 138
16 142
10 114
153 184
101 134
110 117
66 119
95 207
82 86
133 204
66 186
152 156
71 154
134 223
178 224
142 211
13 167
19 125
69 147
110 148
112 113
155 172
79 122
88 150
84 93
161 223
103 162
40 110
107 156
47 84
13 105
96 168
51 153
172 183
58 183
130 210
107 199
104 122
27 170
164 216
58 78
51 105
70 128
93 180
86 153
108 214
15 103
41 184
64 148
28 172
112 198
87 152
79 154
45 96
68 122
63 220
111 223
160 211
144 204
32 152
101 212
29 151
4 9
38 175
65 208
11 118
10 200
2 213
8 69
40 92
107 167
41 177
53 213
37 194
105 137
18 224
68 115
61 156
32 107
108 218
124 150
32 202
44 186
188 216
105 208
15 101
5 14
137 197
25 204
118 130
179 224
27 59
21 28
41 192
194 203
40 86
45 115
65 200
211 220
14 84
76 165
90 132
42 102
11 194
38 164
7 170
6 72
143 210
135 193
133 180
105 222
60 146
56 175
12 220
17 152
137 202
24 60
56 167
8 22
42 209
18 126
5 170
7 180
19 202
23 172
24 174
44 177
110 121
59 133
186 210
145 182
165 167
19 65
135 148
67 207
65 113
3 15
14 68
167 192
175 215
69 106
169 194
27 114
152 206
43 148
52 194
12 103
120 167
117 193
56 211
73 99
111 200
85 136
25 202
89 120
92 176
143 144
101 209
70 176
71 147
185 219
27 109
94 219
78 208
220 224
15 92
105 176
91 94
58 200
118 125
63 183
29 219
14 17
73 109
89 161
20 45
7 130
36 170
82 130
26 96
206 214
56 68
155 217
6 13
93 152
22 212
35 169
93 103
1 186
60 155
86 138
1 98
16 139
21 57
54 57
25 196
59 212
152 191
70 102
28 133
2 79
52 104
62 162
188 190
74 186
26 103
69 188
108 128
69 167
53 127
65 115
35 137
45 127
51 58
15 87
25 162
42 115
108 221
3 215
41 181
38 116
1 7
68 203
1 181
96 122
46 156
112 114
132 207
129 142
22 213
42 79
89 145
104 189
64 67
10 192
39 205
40 108
34 136
14 155
46 162
56 202
113 183
0 61
83 155
138 201
97 217
64 124
83 202
122 178
46 87
46 154
103 146
148 223
95 179
104 182
22 140
77 171
182 209
72 98
18 70
39 89
195 223
34 110
69 118
128 211
70 140
95 160
62 78
60 64
122 144
162 219
104 168
3 214
60 90
52 90
85 110
94 177
36 198
13 58
50 86
113 159
107 160
102 156
10 32
39 146
73 167
173 198
197 202
174 200
135 215
128 129
169 187
44 59
81 128
134 174
86 172
99 182
72 199
110 202
89 114
64 74
81 208
122 202
11 158
54 223
20 24
135 224
36 72
47 205
182 218
16 155
196 216
206 210
28 32
19 118
122 174
129 217
180 182
89 98
141 177
64 187
31 62
114 123
60 114
116 150
43 162
8 82
38 180
22 80
130 193
30 183
12 115
20 184
55 77
74 103
73 93
22 115
75 215
3 96
170 195
0 4
50 59
46 88
12 189
76 161
119 193
149 154
1 76
132 205
18 110
81 168
0 95
127 194
91 159
165 194
112 155
30 120
35 154
3 86
88 214
51 119
35 151
42 191
2 47
49 124
27 140
28 72
46 222
83 165
136 172
6 59
81 223
109 149
75 159
204 205
99 156
90 191
105 125
33 129
52 85
35 92
2 169
61 135
101 217
11 174
91 148
69 78
75 223
130 190
14 139
28 194
68 145
108 155
86 87
3 173
30 68
10 153
77 84
179 207
124 214
129 198
130 146
129 180
70 168
74 166
34 75
81 217
9 71
12 83
12 56
52 64
128 144
22 174
26 100
185 198
24 26
40 125
53 144
174 215
134 196
43 140
116 197
175 197
179 185
72 129
123 140
64 102
178 186
52 216
48 210
8 86
17 102
88 182
70 184
106 136
138 139
24 161
69 128
84 163
41 90
8 167
139 207
75 199
82 139
131 176
77 104
41 169
14 124
77 156
11 153
69 95
72 194
78 126
20 131
66 193
31 168
95 197
26 45
80 102
95 98
34 119
65 157
121 202
110 166
0 102
139 218
89 157
99 192
32 207
102 119
97 198
96 191
59 130
58 189
121 224
8 155
78 105
37 163
56 61
36 153
109 206
174 186
87 112
58 94
10 20
1 69
9 185
18 66
121 125
123 166
2 70
13 144
58 86
9 213
89 136
178 209
54 205
147 196
46 93
19 84
82 201
35 172
146 217
11 197
16 175
38 112
32 197
46 129
70 166
47 118
115 190
17 34
78 113
58 133
74 149
120 205
15 17
58 205
13 159
64 183
121 186
40 60
120 140
23 72
30 82
51 222
48 171
61 183
49 104
0 194
28 144
92 219
37 96
37 157
14 102
88 151
82 211
111 146
202 213
39 41
47 143
87 144
76 213
124 146
0 195
178 222
93 202
52 175
76 198
168 196
58 91
74 198
125 210
11 49
48 216
13 38
87 97
101 103
52 179
115 188
46 74
22 156
27 185
57 118
121 191
178 207
43 167
90 193
54 87
80 146
37 199
4 212
107 198
33 93
46 61
58 81
114 165
75 161
34 220
15 145
7 175
28 106
149 197
98 104
20 125
36 112
54 185
77 135
132 147
6 183
45 213
10 109
64 87
109 115
56 153
56 145
166 181
51 209
57 210
83 170
201 206
117 192
152 210
36 41
22 46
185 188
88 193
40 97
160 199
12 170
26 145
150 167
24 66
49 200
55 178
194 210
60 129
66 93
70 165
18 148
68 131
54 134
201 224
102 142
36 159
187 224
66 120
32 144
156 161
153 198
177 180
48 99
15 128
21 40
100 177
99 222
31 100
30 80
35 207
46 96
18 69
109 207
95 189
118 177
57 121
57 63
166 184
147 210
43 181
173 182
7 159
142 168
102 195
149 224
90 139
4 34
35 129
105 221
24 125
63 184
35 82
27 125
132 157
52 186
99 162
33 116
56 197
28 134
116 121
11 32
16 102
120 162
24 155
133 183
120 198
88 172
17 92
28 189
6 53
179 215
152 195
107 172
162 185
49 112
188 218
56 137
17 67
86 188
73 115
14 137
186 222
79 216
61 78
12 141
28 79
170 190
12 210
153 165
132 206
60 133
9 208
56 125
175 194
22 205
46 71
22 150
104 116
69 191
80 163
20 134
82 185
17 216
51 73
150 192
76 222
33 212
16 178
6 57
103 174
18 163
116 141
118 152
93 189
119 195
14 171
2 93
151 212
96 204
53 166
0 188
6 32
67 150
99 141
136 154
44 50
95 162
119 174
47 132
98 216
146 192
17 21
23 113
9 167
138 171
155 216
82 207
27 150
90 187
61 193
4 6
28 52
36 135
166 214
77 119
68 181
162 197
123 162
170 186
144 157
5 172
45 207
125 208
84 121
48 144
36 134
31 143
1 206
103 198
15 99
18 202
68 220
172 188
40 135
164 167
130 192
31 180
104 160
72 120
95 128
129 186
109 214
0 136
6 151
0 165
31 139
14 213
6 200
146 221
113 169
0 69
129 147
71 219
61 194
10 111
86 125
55 75
209 219
128 170
78 148
103 220
0 120
100 119
13 107
125 205
132 176
172 199
36 172
16 193
42 99
19 72
164 175
137 140
92 137
56 92
17 22
144 211
28 211
133 194
133 198
126 147
133 211
18 43
171 180
80 162
70 105
19 43
104 223
12 123
161 179
20 132
112 202
70 188
54 161
97 157
202 219
44 46
85 115
115 166
29 38
15 102
122 156
44 122
9 105
97 100
159 178
21 116
101 128
52 141
62 192
50 101
121 200
2 101
95 115
198 221
118 165
158 179
51 142
10 22
18 30
119 161
63 155
47 58
13 178
2 144
64 122
0 44
20 135
24 158
44 159
150 195
64 220
121 215
200 213
20 107
0 162
29 215
120 154
46 63
139 185
2 36
3 7
108 113
106 165
105 162
141 204
16 98
51 214
155 223
74 99
136 178
39 172
11 89
72 97
28 159
179 212
60 106
14 217
91 216
154 190
161 197
8 118
35 69
185 210
197 207
83 174
40 78
70 155
78 205
33 187
97 196
59 175
33 211
108 166
196 204
52 65
1 142
127 152
62 131
137 153
58 143
51 158
55 176
41 117
68 125
9 80
79 167
142 160
33 108
131 190
36 68
42 223
170 179
134 212
78 203
9 144
3 90
4 104
92 133
169 173
58 165
114 189
177 204
60 177
65 187
126 138
4 179
72 200
158 175
121 185
219 224
130 223
63 87
16 203
108 151
28 119
67 151
48 101
148 179
12 93
155 192
46 153
154 192
172 224
81 210
12 221
71 208
38 208
69 119
20 81
11 42
39 120
16 207
15 85
8 156
37 102
57 88
68 144
110 119
57 200
4 49
146 155
76 156
59 182
75 158
41 69
59 209
189 223
63 134
135 200
140 147
37 129
141 148
49 97
18 72
167 199
72 169
115 203
35 42
132 198
36 119
114 132
103 117
36 99
16 71
93 110
24 63
111 155
42 109
156 211
107 178
123 203
2 204
85 185
19 110
71 121
97 164
92 130
6 75
138 179
67 193
32 173
61 179
0 220
112 171
1 201
48 174
122 193
145 200
5 65
152 200
