233
10
21081
60
201 2
196 2
159 2
131 4
82 2
104 3
183 3
231 1
187 4
68 2
112 1
76 1
178 4
108 1
145 2
75 1
89 3
82 4
143 5
177 3
160 2
214 1
183 3
128 5
110 2
129 1
113 5
123 1
64 3
90 4
138 4
157 1
132 1
196 2
109 1
212 2
159 5
231 1
210 2
41 4
225 4
113 2
207 4
215 2
50 5
93 2
123 2
61 5
90 4
82 4
97 3
115 5
178 2
224 2
154 4
218 2
206 2
195 5
164 3
148 1
57 4
181 2
168 3
176 1
131 2
229 3
120 4
50 2
61 5
221 3
49 2
183 4
223 1
129 1
76 3
230 4
189 3
65 2
173 1
140 3
49 5
129 3
142 4
73 2
72 1
60 5
151 4
54 1
179 1
41 3
194 4
128 2
182 5
229 3
196 3
100 2
193 2
97 4
52 5
217 4
224 2
135 4
60 1
195 4
56 4
47 3
228 5
90 5
39 1
159 2
144 5
48 3
155 3
77 4
164 3
161 3
111 5
211 1
137 4
150 4
48 2
217 1
145 2
163 3
224 4
66 3
101 2
104 3
133 2
111 4
210 4
184 1
73 5
44 5
171 3
96 3
196 5
79 2
150 3
163 5
50 4
149 1
148 4
114 5
77 5
199 4
134 4
49 2
56 4
198 2
120 3
208 4
44 3
61 1
43 1
69 2
197 1
152 2
129 3
174 3
174 1
199 2
128 2
149 2
120 1
60 5
101 1
64 4
130 3
144 2
71 3
115 2
207 3
53 4
60 2
184 5
105 4
158 1
139 2
214 2
219 5
123 4
164 2
78 2
189 2
97 3
118 4
178 3
124 4
116 5
43 3
192 2
43 5
82 4
170 4
74 4
129 1
166 4
42 2
45 2
67 1
69 4
201 3
74 2
62 4
202 1
117 5
164 1
172 5
227 1
72 3
186 2
51 3
104 1
56 1
179 2
191 3
131 2
224 2
187 2
164 1
67 3
115 4
198 1
157 2
103 5
136 3
182 4
109 2
184 5
55 4
155 2
226 3
45 51
115 158
12 59
81 230
10 17
60 214
162 164
3 94
34 75
100 177
181 224
121 145
4 209
16 140
98 149
41 198
63 94
88 151
10 109
18 225
1 190
18 89
122 197
21 212
69 176
68 185
84 174
46 157
64 69
191 223
103 212
182 194
9 25
88 93
57 175
29 151
162 209
96 115
0 150
17 173
62 122
131 166
107 200
18 71
1 60
137 161
58 66
58 203
59 62
176 194
5 81
41 43
203 232
4 107
55 94
74 175
78 182
77 222
39 174
56 136
87 228
104 183
130 202
95 210
181 215
56 63
30 131
79 173
111 177
0 27
117 193
130 137
16 126
59 111
21 225
7 85
48 90
95 157
48 189
123 199
13 199
151 223
189 217
89 112
52 228
126 147
18 117
126 156
77 158
33 165
64 140
14 77
159 206
157 219
195 229
29 93
2 220
40 127
2 188
128 194
75 166
180 194
158 198
41 216
72 196
35 94
24 190
53 82
64 132
13 198
77 100
128 155
52 188
184 191
25 48
68 112
44 94
105 182
37 76
48 61
21 116
48 98
98 214
50 170
45 81
45 126
123 143
6 144
114 170
56 114
4 148
103 200
42 140
54 173
83 184
16 68
76 186
15 87
150 192
5 150
83 227
32 231
19 168
33 114
85 190
55 230
61 122
153 225
51 167
119 137
85 147
61 72
176 229
141 152
92 132
93 171
48 111
59 71
126 187
36 179
3 183
59 228
71 129
88 200
111 126
43 192
122 191
107 207
102 130
124 128
186 224
75 96
12 94
7 110
31 139
75 171
51 155
101 209
122 184
2 230
196 209
7 87
24 186
172 198
67 83
18 207
12 24
46 159
78 93
172 200
26 217
45 148
5 49
86 139
65 195
142 149
34 209
3 77
70 161
83 118
71 195
2 19
182 208
27 60
83 143
48 204
47 162
64 230
95 146
34 41
55 216
44 104
90 193
61 93
48 221
97 224
30 71
137 158
73 138
123 165
93 199
44 215
54 63
55 88
141 169
35 62
88 145
89 113
31 83
15 55
35 52
13 68
193 231
20 177
181 199
22 224
4 198
69 143
107 137
129 144
15 209
0 102
12 124
37 146
203 209
65 151
56 171
11 98
58 73
19 112
79 171
87 118
1 68
97 176
156 191
0 147
58 227
179 197
165 168
35 161
114 192
136 195
185 195
39 152
32 97
25 164
39 226
21 132
205 206
54 120
38 213
167 215
40 47
69 199
113 216
34 70
34 201
97 153
60 129
26 30
35 229
213 218
0 144
95 183
59 155
185 209
92 107
31 195
130 187
51 229
61 89
97 144
59 220
6 98
102 160
134 147
12 70
123 225
143 201
33 192
105 232
27 191
78 156
146 231
42 134
67 102
107 132
101 105
51 74
128 206
105 180
16 82
40 149
125 126
64 124
137 153
138 183
55 110
3 186
79 181
50 167
61 192
48 115
126 213
139 188
99 136
43 176
152 160
106 174
126 203
104 130
34 106
86 200
78 146
57 223
14 61
13 65
38 226
94 215
64 189
45 176
102 192
58 112
34 224
15 27
120 219
6 187
22 197
40 83
100 118
101 134
82 216
112 190
23 85
59 107
11 160
105 163
71 149
23 131
134 211
73 114
89 146
83 171
166 184
56 60
66 103
15 150
175 221
65 213
9 206
10 200
218 228
9 32
82 218
120 191
86 101
8 114
14 226
29 146
62 176
73 174
80 199
124 164
31 172
125 133
27 118
184 218
95 132
60 91
85 122
196 219
149 159
92 130
25 35
0 92
167 203
154 165
121 134
76 115
101 147
167 201
51 228
153 186
143 177
4 32
50 203
49 186
113 213
123 222
61 168
35 190
109 170
22 104
162 215
182 216
85 139
186 207
184 213
26 174
117 165
70 189
189 195
30 111
67 68
75 207
133 207
10 74
89 162
76 204
78 179
131 153
1 103
0 89
5 79
106 202
47 76
52 176
106 150
42 96
45 229
144 184
2 182
77 199
155 228
65 148
57 116
150 161
119 131
102 184
201 223
25 90
5 176
158 207
135 173
5 98
26 190
6 149
54 110
100 206
172 203
2 181
37 93
20 28
39 71
65 93
99 154
83 139
81 142
49 211
128 193
147 189
65 155
54 222
0 225
24 117
185 187
113 151
88 131
48 95
152 185
42 160
126 162
110 210
124 219
32 108
28 39
46 105
24 85
46 81
42 222
44 174
6 110
23 221
65 203
14 47
4 116
56 222
55 163
165 201
61 196
100 143
57 103
30 173
79 154
87 192
1 164
66 216
116 179
32 89
119 176
16 56
12 230
133 161
60 169
20 232
4 170
185 216
87 230
6 112
7 200
170 223
102 191
53 157
19 70
105 122
100 193
85 129
47 55
182 212
42 202
67 208
71 167
183 230
10 129
87 180
134 195
92 178
7 138
141 149
130 191
106 201
54 215
28 53
2 21
181 195
39 202
136 160
128 216
56 186
58 174
22 163
69 142
12 55
85 196
32 88
53 73
85 232
25 30
191 227
89 173
107 197
27 124
25 144
102 139
15 111
14 231
31 54
45 162
3 33
184 227
145 203
180 190
151 191
20 101
2 172
102 211
109 143
22 150
80 134
10 159
35 223
20 72
104 186
100 157
6 174
16 163
15 46
192 226
92 106
19 47
12 170
175 208
189 227
41 182
38 97
52 205
68 212
99 108
77 93
84 175
147 226
192 205
138 150
176 212
75 89
8 108
57 198
59 69
6 61
76 129
179 184
157 188
143 197
9 182
86 182
13 210
40 132
134 199
18 103
77 177
24 45
100 180
37 209
155 188
70 226
146 182
88 187
78 184
89 185
9 217
42 199
7 99
69 159
97 194
12 160
40 58
221 228
120 140
4 204
172 179
152 193
49 156
56 180
0 178
41 45
83 146
21 67
139 211
141 183
2 165
172 227
63 77
148 205
39 153
10 126
138 145
5 149
59 127
91 104
132 206
95 196
63 81
39 188
34 208
83 86
4 190
71 155
87 90
11 132
106 115
151 225
113 220
102 149
5 76
112 182
42 131
29 94
152 218
10 47
0 15
25 40
83 225
121 218
137 197
126 230
74 99
24 123
40 122
89 184
6 46
80 205
12 120
149 194
95 114
36 80
173 226
47 226
9 185
1 41
10 140
131 160
27 199
63 161
174 187
2 53
123 173
135 207
95 126
147 223
79 134
36 104
64 75
210 214
132 183
96 108
12 73
13 74
1 199
17 150
77 186
45 191
4 110
39 138
86 229
170 202
90 200
8 167
127 172
115 185
12 61
147 214
61 138
162 222
53 137
46 206
44 213
120 186
143 172
58 196
4 137
15 99
3 63
169 215
24 127
100 151
106 124
145 221
164 222
104 224
203 216
64 166
31 227
141 207
50 71
21 45
5 94
73 166
63 109
93 138
57 215
170 230
160 187
52 149
96 179
41 217
104 196
201 215
48 175
87 126
35 226
51 226
68 115
37 68
177 190
161 207
17 230
137 178
26 125
47 71
104 189
72 128
193 226
130 195
148 150
90 112
202 221
119 170
26 186
71 86
120 165
26 121
46 201
10 49
36 145
164 194
179 205
120 130
99 103
18 187
10 123
135 178
142 163
88 146
110 166
77 98
128 227
1 30
81 88
2 50
201 228
134 182
9 202
14 169
52 96
84 140
141 232
84 112
29 163
8 27
30 93
80 84
110 206
174 204
43 110
113 191
89 122
9 51
10 36
120 192
22 53
206 216
86 147
33 77
200 203
12 117
15 190
98 177
20 217
105 131
90 143
31 208
12 52
4 217
136 167
128 140
42 52
82 217
12 151
108 162
110 125
6 186
136 148
142 226
32 43
6 34
147 195
81 122
69 195
32 109
34 53
125 139
3 47
60 114
152 207
200 207
23 125
191 209
158 170
53 159
1 221
54 71
86 178
38 67
50 164
64 184
50 192
43 60
160 186
37 120
79 120
193 223
7 144
126 155
38 229
78 111
2 141
33 136
129 199
137 209
56 189
49 187
133 214
73 177
43 85
14 22
42 192
144 182
43 207
4 20
81 201
73 130
50 162
96 203
44 91
176 217
148 153
84 135
44 59
27 128
16 130
36 59
2 71
6 15
180 183
82 225
69 152
121 143
71 164
135 143
209 217
8 223
96 129
80 176
99 184
71 87
113 228
8 183
34 45
13 222
18 156
124 187
115 195
23 35
121 204
21 122
51 90
55 146
34 63
3 15
34 205
19 127
50 63
116 217
114 186
177 231
88 147
199 224
54 55
50 212
3 55
145 218
68 193
38 48
116 220
154 157
27 33
113 120
52 165
24 142
34 92
9 19
172 182
41 94
31 173
5 145
93 103
19 196
124 222
43 68
32 157
40 98
90 149
28 120
71 161
49 206
75 138
210 215
73 87
51 71
93 226
138 173
106 187
36 205
98 138
129 146
16 232
151 222
73 77
201 222
25 194
13 26
117 173
53 212
98 117
40 51
4 169
40 146
6 13
46 191
175 190
180 181
144 188
114 229
7 117
86 224
131 230
75 158
109 140
38 100
174 229
192 221
26 74
96 109
141 214
97 162
54 153
165 214
151 182
204 223
61 169
34 199
48 104
26 31
52 179
184 219
8 179
40 85
32 176
16 66
40 224
96 187
29 71
128 165
121 157
138 212
160 175
163 214
15 42
29 223
129 141
167 209
0 226
15 78
88 161
40 102
185 203
134 213
30 127
0 224
122 230
16 20
170 231
19 182
171 206
121 186
163 175
126 136
70 181
171 208
67 88
31 179
81 227
5 191
34 56
85 115
43 105
116 177
69 183
119 134
195 208
2 160
140 200
67 149
39 102
25 127
112 206
105 231
56 216
1 35
88 178
75 195
23 90
62 138
12 153
52 162
104 141
31 79
10 202
55 147
185 194
100 229
69 89
14 199
38 198
199 231
86 151
71 93
158 177
45 118
119 193
70 127
55 174
29 69
135 144
186 229
110 145
132 143
75 93
51 64
29 82
34 65
134 230
114 153
89 124
125 218
121 159
67 74
65 174
63 169
79 155
70 138
142 187
34 94
62 196
83 158
2 164
64 144
99 208
47 230
27 143
3 7
54 89
90 212
155 213
133 151
6 47
70 88
25 215
65 187
204 230
40 181
6 72
55 134
57 172
150 230
39 135
75 186
96 134
63 192
59 230
64 148
39 110
82 170
70 153
6 208
73 216
58 200
161 171
215 218
169 187
101 145
5 73
30 162
7 122
31 166
26 116
97 100
105 154
38 79
95 100
59 197
18 66
53 226
7 227
10 40
88 205
51 56
177 212
42 97
14 167
71 204
39 160
104 205
79 226
123 224
130 183
53 192
1 22
184 229
86 228
27 188
14 230
67 104
79 179
31 37
184 206
53 74
76 78
110 118
127 205
114 213
138 211
149 178
24 55
115 150
6 205
66 213
7 142
157 224
116 138
34 163
95 180
15 185
89 167
109 167
9 21
22 230
38 42
68 207
126 219
52 90
32 122
111 229
49 164
48 207
154 211
21 24
139 178
63 131
18 65
114 195
75 90
75 218
96 118
44 75
192 227
112 211
29 68
34 146
39 147
17 41
65 168
57 150
15 114
0 34
39 124
67 78
87 191
50 220
153 195
144 198
149 230
42 63
104 156
217 229
16 159
65 225
47 204
81 133
59 92
75 129
18 21
72 96
125 222
59 89
26 142
57 153
53 99
63 151
35 71
104 197
82 94
39 223
131 161
145 179
74 143
122 137
142 180
64 151
1 32
104 143
4 132
148 168
76 166
46 187
70 105
61 162
130 172
61 184
28 182
190 230
23 195
221 229
25 213
93 209
194 207
56 209
110 223
80 203
176 226
86 112
27 45
15 79
152 198
68 102
110 130
53 215
97 190
1 202
6 194
15 143
30 204
2 24
93 198
25 187
62 145
82 93
101 229
22 121
49 152
102 116
11 129
127 189
39 112
222 228
52 151
36 37
33 85
48 205
105 159
23 107
38 186
175 191
13 157
34 195
82 110
41 157
121 196
120 195
48 173
21 73
60 100
49 56
101 221
8 169
23 211
43 123
43 164
36 134
26 128
20 137
45 133
116 183
38 128
41 171
35 195
55 170
89 138
203 221
25 51
41 191
56 68
41 139
89 206
43 223
50 130
68 159
45 66
122 200
70 141
38 124
77 90
126 158
83 203
194 232
95 148
178 230
21 231
71 182
188 215
87 175
3 123
140 221
70 132
188 231
27 100
59 88
158 194
10 128
7 52
33 34
87 144
5 147
67 193
129 176
26 224
32 170
102 193
193 206
89 152
34 154
37 216
10 221
127 152
91 98
8 196
48 216
30 200
98 128
29 37
120 150
46 232
47 210
20 185
17 26
4 173
51 159
23 24
63 197
208 231
158 220
27 62
3 178
17 127
14 158
57 76
33 186
7 156
27 202
47 103
91 207
6 123
152 158
141 146
149 168
134 169
178 221
50 138
51 162
97 115
65 67
108 189
146 223
27 211
24 144
73 101
155 162
14 33
98 152
122 136
145 149
108 207
54 194
25 125
37 178
124 146
10 217
82 219
16 181
4 14
47 192
131 215
30 224
113 163
58 124
138 232
31 184
50 198
7 86
19 114
71 133
11 126
143 184
17 165
2 137
22 152
82 192
123 124
161 208
27 137
151 189
52 115
63 215
8 165
104 184
143 203
112 147
99 189
9 28
20 47
29 215
36 159
70 194
20 83
199 213
44 103
68 132
20 71
34 157
126 199
175 226
2 59
38 91
72 160
72 155
108 212
30 54
74 83
191 195
71 216
119 228
29 203
60 67
67 185
92 219
25 169
77 223
76 91
102 230
30 229
65 74
46 116
180 199
154 193
71 78
135 161
40 200
93 146
129 179
174 190
135 141
23 172
37 161
189 226
156 195
176 215
51 227
8 86
27 38
167 183
25 128
54 119
5 21
121 151
53 197
132 179
180 198
8 51
28 225
70 160
3 61
48 99
11 188
190 206
39 132
38 146
164 173
135 146
169 189
57 137
51 220
180 200
103 179
149 192
21 27
86 221
198 224
40 43
224 228
150 183
119 219
92 102
212 229
141 156
117 174
39 45
68 95
7 30
109 199
78 80
23 150
89 90
19 227
8 75
55 226
28 61
76 193
31 204
42 205
64 212
59 185
33 164
43 141
143 150
59 179
97 102
101 130
44 231
83 222
58 121
22 57
147 210
143 148
57 120
17 96
59 86
121 226
55 62
7 146
62 84
9 180
81 214
26 109
128 134
66 133
88 115
158 210
1 74
37 211
15 43
183 221
128 183
44 183
13 22
36 152
16 120
64 187
118 186
24 188
104 171
50 66
43 180
76 134
106 118
25 82
74 187
7 24
40 223
39 177
84 150
0 74
48 195
121 138
57 113
50 165
106 146
7 152
11 153
212 219
22 41
91 135
52 152
65 198
0 159
142 196
116 196
12 75
137 154
127 175
40 90
16 129
21 209
71 158
172 204
87 220
83 101
67 72
86 210
19 53
13 108
33 151
50 102
153 200
120 131
89 118
36 136
65 121
6 211
160 169
0 54
102 199
161 162
38 85
115 124
37 80
32 204
6 156
30 213
161 168
21 80
35 86
112 194
27 226
103 140
25 28
32 216
59 110
96 211
183 206
41 146
176 220
155 224
84 209
166 192
75 168
62 87
124 147
104 126
34 51
91 161
59 121
111 112
93 218
39 117
58 99
155 215
2 152
31 169
21 185
53 162
95 205
92 144
103 109
40 147
188 232
113 141
221 224
16 211
62 117
74 92
79 93
8 54
191 229
183 204
50 155
39 167
181 211
59 200
117 203
45 123
21 208
107 119
97 166
154 221
122 185
43 135
64 127
93 200
22 162
167 189
172 196
33 210
58 231
146 164
208 227
35 138
17 134
67 142
4 40
115 198
42 94
92 187
96 144
57 63
120 151
41 194
149 152
82 196
41 166
123 130
19 210
164 188
73 107
79 178
135 142
145 173
38 108
176 189
51 117
91 140
153 197
157 198
17 172
125 148
103 176
185 199
64 135
142 145
102 151
118 166
8 157
32 81
60 232
71 117
26 107
166 188
24 152
134 193
178 211
17 129
119 142
52 217
182 223
33 45
23 153
189 223
50 182
118 204
127 151
42 220
193 229
2 118
10 185
205 225
18 130
88 227
222 223
49 67
64 105
112 114
151 185
79 167
85 108
66 223
23 57
151 173
121 137
18 196
17 208
87 224
73 167
147 163
170 209
61 230
150 231
94 209
101 158
69 88
18 42
182 225
35 136
101 197
9 35
176 202
52 73
65 217
50 86
114 118
93 152
156 201
2 218
20 119
65 149
137 138
100 204
38 73
32 38
4 179
24 211
54 128
42 127
62 76
90 203
34 120
153 187
9 99
55 184
0 139
61 73
80 85
87 219
170 198
109 169
66 144
91 142
33 216
12 130
90 107
38 102
137 148
135 209
19 200
129 175
41 219
151 152
17 114
140 207
130 167
11 74
149 176
55 200
153 165
81 113
13 16
36 81
94 179
173 205
27 131
79 126
11 133
2 114
34 42
73 211
119 194
116 178
21 197
185 202
23 32
119 187
0 117
139 181
205 209
37 41
39 203
56 96
10 209
110 190
15 167
83 109
116 230
4 98
76 147
13 54
54 160
65 110
37 130
15 96
198 208
53 217
69 84
56 61
36 163
95 110
21 98
116 200
115 174
135 218
59 169
25 114
75 202
158 195
90 127
114 123
50 146
34 158
120 137
131 231
40 67
12 171
5 80
21 201
66 140
47 178
62 146
103 204
15 218
48 143
90 152
71 74
23 93
150 200
50 193
14 215
82 127
106 221
85 152
36 191
23 215
73 189
50 110
57 218
76 221
44 119
137 202
19 83
35 198
88 192
127 148
158 161
128 196
33 144
15 211
158 201
12 39
11 181
149 221
104 131
76 151
42 118
27 79
2 83
131 206
69 117
16 198
71 110
117 182
36 222
28 46
4 197
59 124
52 110
12 35
134 141
48 144
221 232
19 115
98 213
71 88
79 89
131 207
96 124
73 197
42 105
25 166
7 97
219 220
101 143
29 133
13 206
67 112
89 159
23 53
59 132
88 199
18 186
13 99
89 168
86 114
136 214
139 199
28 31
110 230
59 87
13 135
116 153
40 158
153 181
142 220
32 117
11 200
77 101
76 195
209 227
31 133
50 79
23 230
52 214
64 232
216 221
80 83
55 105
83 160
47 106
108 139
166 175
41 118
78 169
105 157
164 203
33 224
80 148
103 152
19 129
75 127
20 155
100 144
111 204
123 171
124 207
86 179
59 160
119 179
31 136
153 168
9 93
5 179
100 132
102 231
1 83
48 187
49 105
9 71
161 163
22 159
186 189
150 221
36 116
67 214
25 44
118 196
49 87
122 207
200 202
38 60
165 210
83 216
143 221
54 109
193 204
13 127
133 147
53 223
36 203
58 87
66 99
47 125
161 195
52 63
192 218
22 189
93 145
22 36
181 185
89 223
51 208
170 214
128 188
35 46
141 166
161 189
8 77
83 123
16 24
154 227
47 165
49 166
66 92
15 162
28 193
22 199
46 173
165 225
78 138
80 195
27 108
36 82
7 183
3 197
113 217
76 132
97 168
112 184
115 232
23 25
61 188
68 137
81 84
38 150
94 122
17 224
115 218
26 97
111 174
155 222
34 225
174 194
124 142
16 225
92 173
74 154
43 125
24 74
138 167
17 179
124 140
101 155
16 153
136 157
79 124
0 58
45 199
22 24
170 203
163 211
132 227
105 130
18 171
30 203
11 231
78 141
22 131
176 205
70 206
32 198
107 195
63 170
194 227
56 143
17 105
87 93
116 137
90 120
12 228
39 85
74 118
103 105
32 189
27 32
1 2
71 139
55 202
131 187
98 185
86 126
54 67
43 187
12 158
105 124
94 129
86 167
95 97
52 178
23 161
24 110
196 228
6 96
2 209
79 192
52 108
90 205
50 211
10 132
147 213
103 117
97 135
158 163
48 208
52 138
91 172
151 176
12 223
88 179
29 33
44 202
43 148
90 142
186 204
108 203
38 77
40 140
117 160
2 10
60 136
68 98
46 220
87 215
44 65
43 211
32 150
1 177
51 125
110 182
78 161
108 135
81 169
113 176
51 99
14 173
87 182
59 141
48 102
112 166
115 132
196 227
52 91
65 146
83 124
169 179
127 135
81 124
75 141
9 214
77 86
38 202
136 187
86 150
155 220
77 99
28 34
76 122
46 145
147 211
121 148
113 154
162 170
181 203
44 203
112 160
62 226
9 227
145 193
45 197
32 84
101 102
20 226
35 68
75 80
28 199
73 200
108 187
73 99
41 147
150 207
29 229
9 64
79 130
97 208
20 160
128 222
96 216
87 201
55 68
152 174
71 177
143 198
171 195
4 219
132 185
89 219
50 104
59 212
212 223
99 134
17 116
179 208
33 52
148 193
75 112
137 204
147 162
163 207
63 137
31 165
98 192
3 225
106 126
52 94
6 143
1 208
52 102
20 86
26 108
162 219
138 220
42 85
107 113
60 200
70 170
52 71
45 226
2 37
78 154
48 88
22 70
38 138
6 95
47 82
113 229
99 145
127 214
122 180
32 70
178 205
36 229
8 74
98 212
206 220
20 34
9 215
142 174
37 100
100 175
90 116
11 113
25 230
76 92
84 179
149 169
26 75
24 31
63 121
206 210
4 186
38 114
112 192
45 58
84 230
97 159
67 211
25 126
21 162
52 85
56 218
2 31
221 230
57 177
127 140
116 172
9 229
208 211
126 218
94 213
144 186
99 175
44 148
135 210
200 227
64 206
103 191
61 164
19 158
51 95
136 213
93 98
44 204
114 231
48 126
37 172
168 200
12 146
133 188
3 65
63 123
113 136
173 194
205 228
13 35
108 133
132 163
85 187
59 168
91 220
23 142
24 174
4 51
15 206
125 166
87 105
145 223
39 121
31 198
140 224
12 193
109 138
84 196
164 211
14 207
4 191
202 222
54 150
32 226
20 159
6 164
156 200
192 199
47 167
111 208
72 179
84 129
111 170
138 143
33 180
4 47
4 126
13 121
145 192
16 182
25 81
44 124
122 169
104 194
66 193
137 228
28 94
31 77
4 12
22 137
177 183
64 92
76 138
83 190
55 113
151 224
164 209
109 118
66 107
78 231
134 158
133 192
35 178
7 27
7 21
45 49
61 209
99 146
39 176
93 132
180 207
139 224
169 210
29 128
164 196
9 198
10 78
162 201
195 230
18 30
72 93
104 201
71 76
146 148
50 149
158 172
32 195
33 137
63 157
42 60
41 224
10 53
21 113
63 179
65 97
100 231
156 203
1 53
102 159
64 173
120 175
59 214
8 132
209 212
88 96
88 137
26 177
0 46
64 174
79 221
40 203
38 127
15 21
75 91
124 151
58 192
10 25
92 183
100 227
86 177
103 178
79 87
18 206
73 169
61 178
112 168
166 195
30 211
158 169
119 175
127 203
185 208
47 77
20 21
155 176
58 67
108 144
10 230
48 123
55 181
87 148
59 201
45 206
84 224
62 108
69 135
47 133
23 146
61 177
12 136
143 185
61 154
65 80
60 71
52 84
6 195
96 153
58 108
86 96
108 216
131 195
155 231
116 218
164 204
7 121
52 164
114 168
2 210
21 54
64 215
183 187
161 203
117 138
180 203
32 100
220 228
60 174
36 144
49 148
138 191
3 10
100 191
2 203
90 134
118 215
153 175
132 191
108 230
15 97
64 111
167 202
52 101
79 223
61 228
36 127
158 182
143 228
55 95
66 157
134 231
124 180
96 169
81 118
32 165
40 62
42 59
220 221
72 138
5 113
127 232
66 209
162 178
153 228
187 205
154 185
147 212
49 217
12 176
50 204
79 110
124 177
5 125
119 160
171 194
12 169
79 136
122 208
146 218
17 67
84 225
79 195
7 118
70 217
34 80
106 204
21 66
133 227
62 95
45 138
93 163
75 222
57 221
25 225
61 104
0 142
13 83
60 216
74 120
59 100
41 64
26 67
21 216
55 223
125 199
53 134
73 112
6 82
89 106
12 143
187 189
125 128
13 176
121 225
60 226
98 144
103 106
71 85
146 178
183 225
191 194
37 156
79 137
167 207
55 78
72 146
100 156
70 130
0 80
99 179
29 73
38 201
33 154
26 172
56 139
42 56
115 191
18 189
130 211
27 198
172 211
21 86
12 215
25 117
125 183
98 201
76 143
23 42
22 27
41 51
0 161
29 89
73 207
18 145
3 165
31 141
200 231
216 228
92 147
94 124
90 94
44 112
202 218
60 203
166 219
102 108
116 160
150 157
53 158
53 109
15 36
16 128
89 165
61 129
14 202
29 98
7 176
140 156
164 166
18 127
74 188
82 139
5 103
196 229
48 85
77 80
37 151
176 181
19 187
77 125
12 28
77 128
25 228
20 45
131 223
34 144
71 223
108 201
5 105
129 196
120 206
206 227
14 177
58 139
2 178
12 48
46 166
27 28
130 206
100 187
22 58
30 215
24 147
74 111
134 139
157 223
54 112
33 65
153 156
124 173
47 59
25 168
144 162
194 201
99 125
19 117
1 147
55 212
0 84
171 202
95 204
24 218
34 98
145 158
32 104
89 203
197 201
3 177
161 227
40 218
30 124
81 204
121 167
43 216
11 209
105 216
42 65
65 94
1 193
215 225
42 130
23 171
49 111
101 109
10 51
44 144
103 131
9 53
52 78
38 76
57 214
72 110
71 181
68 129
3 229
22 135
14 164
8 193
123 195
91 222
142 152
207 208
58 171
85 174
52 199
65 191
46 189
44 143
117 146
65 69
143 229
63 127
136 205
95 149
73 179
28 52
9 135
142 217
54 223
137 217
44 117
80 100
31 80
123 206
10 216
58 129
127 150
78 101
109 160
26 136
0 97
99 104
58 185
52 137
64 204
3 143
47 113
32 171
87 155
54 217
148 203
138 166
136 163
15 39
104 204
79 132
81 115
144 179
149 218
86 208
136 206
27 217
62 100
36 84
2 194
177 232
103 207
0 83
176 223
95 108
137 179
58 135
90 147
78 126
24 104
112 120
122 196
30 146
13 152
143 162
122 177
44 229
66 220
47 135
62 166
182 209
11 193
2 140
80 145
2 184
132 212
132 215
20 135
58 125
75 81
23 70
150 154
121 222
82 91
172 228
168 188
113 162
170 176
66 185
50 191
79 88
130 204
19 137
13 96
14 54
48 120
154 191
56 220
191 193
167 227
35 156
37 102
24 118
171 218
28 172
108 197
3 91
22 231
106 173
18 87
39 192
33 41
195 205
18 152
66 189
78 188
15 54
34 35
62 86
19 81
97 209
50 105
74 127
119 166
14 144
48 117
16 221
41 193
87 152
40 202
203 224
93 215
36 195
19 181
23 62
124 159
15 153
111 181
61 71
10 119
12 118
81 177
122 157
36 98
82 194
65 171
10 81
111 164
123 196
109 173
51 84
55 194
9 126
91 217
138 197
110 155
53 95
148 179
8 49
15 102
6 201
29 217
76 211
170 208
4 17
95 125
105 113
135 136
3 155
78 116
91 177
154 217
214 218
118 150
113 179
125 161
126 135
2 179
90 170
47 116
130 205
64 79
68 180
51 98
31 164
64 116
139 147
38 153
66 67
164 200
55 136
43 226
9 165
64 218
117 189
32 72
111 127
154 198
128 175
88 230
73 221
50 131
14 102
64 202
48 128
161 176
76 169
21 156
215 226
8 13
4 43
94 108
80 225
83 215
24 162
51 136
93 117
56 224
101 104
27 126
189 210
72 208
176 178
38 106
110 184
90 214
150 215
82 155
122 212
61 98
175 210
10 148
94 193
100 222
60 143
106 203
71 151
104 153
40 139
166 224
48 86
18 157
4 164
39 88
115 148
26 227
28 196
155 167
56 130
71 202
149 202
17 174
90 153
124 156
67 128
34 186
5 117
95 209
163 184
112 186
65 70
65 202
55 65
59 171
25 226
164 228
109 210
11 46
137 221
30 99
49 147
93 158
93 101
102 120
17 76
27 119
67 90
35 127
85 155
27 160
4 127
8 88
105 137
69 175
21 43
85 111
131 229
61 218
52 212
36 89
70 198
13 217
53 125
14 108
159 193
53 63
72 116
102 181
115 152
31 220
61 191
78 127
85 231
7 59
130 209
207 211
5 139
106 219
112 152
143 232
55 59
36 188
117 123
183 215
17 161
184 221
32 128
61 158
4 87
32 134
43 106
206 230
44 128
36 231
15 64
107 175
38 181
9 170
5 30
1 215
180 205
62 153
193 195
37 203
156 222
6 231
27 104
44 153
71 103
28 97
11 55
175 184
83 151
129 180
61 74
80 206
180 206
11 65
96 196
4 90
13 112
109 180
36 194
112 140
193 209
11 69
36 218
0 134
164 208
74 179
24 205
23 36
9 44
148 207
167 196
72 168
22 46
37 59
8 152
60 183
30 140
23 133
24 83
13 195
197 216
12 111
74 222
124 226
197 228
158 208
22 111
112 118
65 193
179 207
8 60
23 140
62 143
17 29
129 154
40 92
112 193
23 157
52 144
87 213
81 183
37 185
44 176
86 122
33 57
152 229
105 110
42 111
29 228
0 95
11 205
79 98
59 140
31 129
28 207
148 206
17 137
46 48
77 112
87 176
80 163
23 46
69 171
100 188
57 146
89 172
38 185
120 157
41 86
137 167
70 218
132 150
53 84
1 141
3 166
16 109
142 159
1 3
20 69
46 185
157 184
12 167
4 25
84 156
45 232
60 68
115 210
17 189
29 211
49 162
97 223
54 171
94 105
15 183
76 201
175 215
13 75
23 185
163 186
35 66
4 35
5 88
1 72
188 196
31 167
19 192
96 232
15 22
16 96
169 192
8 148
48 146
49 191
24 180
172 226
7 154
91 187
103 156
6 139
7 143
24 112
30 196
138 165
81 150
55 109
85 186
17 206
18 159
40 41
145 197
167 172
17 145
74 97
13 53
3 6
78 164
43 47
162 168
89 110
107 109
156 165
5 184
121 155
6 142
68 156
162 204
42 128
38 170
36 100
86 227
72 153
138 185
153 222
16 62
185 217
62 139
3 86
85 133
175 183
166 216
126 222
1 21
164 185
17 148
54 199
10 153
35 95
88 226
72 166
61 70
165 181
18 167
99 224
68 214
170 216
6 218
116 166
18 192
60 77
72 111
1 114
4 58
124 230
184 205
70 108
17 50
104 227
118 188
113 175
103 138
143 191
93 168
2 57
9 199
8 67
138 198
19 132
16 78
121 229
126 131
214 228
163 182
127 179
133 191
219 230
102 190
134 152
121 202
152 232
12 26
141 200
93 170
182 215
140 188
8 151
22 173
16 210
133 190
157 213
15 128
142 181
166 198
27 177
9 54
98 190
2 139
46 71
109 146
12 87
42 145
128 213
108 202
64 208
19 56
110 221
112 157
75 206
79 208
24 149
74 85
58 212
152 221
11 93
204 217
124 196
166 197
20 58
25 186
65 185
0 201
78 162
1 146
5 224
140 203
20 37
6 38
84 95
98 108
67 84
162 167
175 188
57 232
161 173
113 226
17 196
28 48
0 16
107 198
28 76
66 224
91 218
5 43
12 137
105 215
53 210
49 59
202 232
180 196
107 161
5 209
27 35
37 135
36 92
89 143
6 165
123 183
160 171
79 138
41 135
11 222
175 211
64 194
188 197
29 160
30 209
145 211
4 113
191 231
19 161
38 119
147 206
98 187
33 208
40 205
133 155
57 222
89 94
106 109
7 16
133 149
179 202
2 226
23 63
148 189
65 125
68 113
21 95
4 78
204 215
0 217
137 198
24 43
37 117
19 87
32 219
169 196
120 156
15 230
145 196
63 168
82 124
37 221
182 224
159 212
156 179
65 89
19 124
53 126
47 202
45 167
49 204
130 192
50 209
30 155
18 227
45 217
44 135
62 189
84 213
43 96
91 194
1 138
30 102
7 92
159 169
77 191
196 200
21 61
40 228
94 212
75 189
48 116
39 198
22 165
35 89
143 181
192 222
74 136
20 55
2 144
35 116
170 172
53 151
105 143
56 132
137 165
137 223
67 73
108 199
22 120
104 222
157 190
131 220
42 138
113 158
44 88
103 143
110 218
84 109
34 57
1 34
26 129
123 181
62 206
106 200
25 207
80 127
112 135
33 38
127 136
78 117
132 178
10 107
98 112
61 161
95 127
11 53
225 230
99 182
1 115
23 158
64 107
169 214
113 184
209 222
139 205
24 97
83 132
117 191
25 141
18 191
42 112
80 113
126 183
160 191
136 217
54 198
9 52
91 178
174 205
132 208
143 202
111 183
121 172
40 161
49 68
186 194
62 102
103 129
92 222
37 167
21 142
101 223
152 214
167 217
1 154
38 190
166 180
48 60
55 227
1 228
136 208
81 108
23 187
27 86
175 189
6 9
59 227
12 64
18 124
118 141
74 101
89 191
107 209
37 155
167 176
55 221
79 83
32 132
110 231
104 148
54 115
100 107
53 129
48 57
45 205
217 227
15 192
14 212
172 178
38 95
35 63
50 77
96 167
151 220
124 197
48 52
87 99
100 182
154 173
134 219
4 81
34 73
68 75
34 143
45 108
105 162
96 225
128 210
61 145
144 149
69 221
44 100
76 226
37 204
20 65
25 85
105 133
118 211
50 206
58 146
54 88
36 206
8 147
162 192
29 126
56 228
5 26
11 149
173 219
7 53
11 66
50 72
147 175
30 194
81 134
165 213
10 18
152 204
40 75
73 134
36 130
120 226
111 179
24 151
46 153
75 203
18 36
55 149
19 111
72 223
113 137
77 230
53 89
51 193
101 127
54 139
50 181
75 105
183 196
81 196
0 207
114 217
47 223
36 148
49 93
9 167
14 203
59 144
85 97
26 180
70 212
39 56
27 129
36 93
160 220
15 203
26 117
93 121
114 154
14 218
12 183
57 203
140 192
183 194
65 103
66 165
165 221
111 123
60 180
159 171
28 206
18 91
0 140
33 211
107 131
83 88
27 51
40 209
62 66
84 182
107 123
88 167
1 62
153 214
54 179
15 154
54 136
33 141
54 91
159 177
81 121
19 118
190 214
51 82
87 162
186 209
82 148
21 140
15 159
103 182
120 162
64 104
84 97
131 163
71 135
177 226
7 206
51 223
40 226
86 153
90 186
3 43
83 155
150 159
42 147
194 222
100 133
6 23
149 222
38 98
101 129
60 181
58 127
54 220
162 213
96 212
73 126
78 219
39 98
200 217
161 212
93 190
101 176
189 218
10 99
8 90
50 87
67 170
68 110
80 183
83 121
109 184
63 133
48 141
112 198
173 189
133 138
80 118
62 98
39 52
126 202
110 194
96 99
108 224
5 216
168 182
122 131
30 96
0 121
95 169
121 201
80 207
49 100
53 132
78 147
149 210
24 137
174 208
1 185
152 169
3 188
197 213
55 120
191 200
63 74
86 157
42 108
108 184
111 161
43 103
20 81
31 92
122 179
74 194
57 217
126 224
102 227
125 143
44 109
97 106
86 209
36 88
160 178
5 47
193 219
10 52
18 138
0 153
208 217
13 167
1 106
55 118
89 207
55 122
93 161
11 141
31 97
63 116
78 98
81 107
13 162
76 214
49 183
62 96
163 228
33 111
29 142
12 192
91 105
9 30
47 87
184 201
103 185
217 223
15 219
192 215
3 5
93 175
110 167
84 162
93 178
96 123
44 182
92 95
23 113
118 229
17 154
202 224
63 67
199 232
124 155
11 42
23 154
145 161
181 217
98 146
109 124
45 111
96 231
43 222
83 191
10 32
137 200
60 217
43 214
20 33
79 118
137 208
133 201
50 78
11 220
25 97
90 118
4 183
5 6
23 151
54 125
112 228
156 173
78 187
55 156
77 140
202 227
126 201
25 122
20 32
3 31
128 161
12 152
147 224
93 172
191 206
61 108
75 177
48 179
136 152
112 153
11 75
79 206
133 209
22 59
109 164
5 127
62 144
25 54
21 39
76 135
106 136
42 218
31 39
87 125
96 125
0 182
3 117
106 131
52 129
8 227
92 190
109 121
128 146
8 52
66 143
8 206
45 188
31 217
118 214
54 87
60 127
19 142
38 136
102 185
1 124
95 177
90 132
104 149
58 64
61 141
75 232
13 132
83 176
1 230
93 194
26 210
65 188
68 187
4 188
51 205
77 231
77 213
70 220
37 114
164 207
51 119
74 190
158 222
93 147
40 186
57 151
200 206
39 178
4 150
18 160
40 187
100 126
63 206
55 82
16 88
56 170
63 194
16 200
84 160
30 142
205 222
0 143
132 147
124 194
147 220
142 208
64 167
85 142
47 61
178 182
30 118
56 122
18 107
195 206
49 216
41 231
15 16
7 179
82 201
159 200
112 180
95 138
8 195
73 172
10 179
12 154
120 190
162 205
65 137
187 191
28 47
184 216
177 227
36 227
70 117
37 55
19 209
158 224
45 207
51 217
155 190
7 41
146 172
58 93
48 94
66 163
26 46
27 140
20 184
46 85
41 59
66 68
118 159
72 150
107 191
12 225
30 138
141 176
195 202
167 212
38 182
62 85
104 212
81 184
86 206
43 74
124 188
4 119
106 117
47 86
38 162
129 177
120 163
142 229
64 115
15 181
159 205
144 151
109 209
161 182
18 170
23 52
23 164
31 93
42 167
102 222
22 161
32 60
94 180
52 232
108 142
108 137
7 69
82 178
67 126
63 140
48 194
56 210
53 208
33 55
48 181
21 131
189 220
40 138
102 195
88 204
77 108
117 224
10 23
29 141
130 198
13 79
218 224
14 41
90 104
50 76
36 230
78 137
115 123
13 57
77 193
52 95
80 116
37 180
134 142
42 152
90 201
64 126
27 150
7 66
40 94
103 172
83 211
23 207
66 183
0 31
135 184
6 145
13 208
18 147
11 23
54 111
79 183
55 83
96 182
227 230
85 132
8 205
72 142
149 163
50 142
34 149
44 47
58 81
90 100
0 171
71 219
50 73
23 136
88 92
108 165
77 196
46 58
49 123
3 146
6 44
88 185
144 187
99 176
12 211
24 84
51 97
52 123
143 195
77 176
60 165
100 176
50 132
33 159
53 181
23 179
51 93
198 222
20 178
9 13
152 175
100 138
148 172
85 218
54 164
154 174
72 101
188 219
122 220
36 105
28 87
83 161
31 51
133 221
146 194
51 89
47 140
40 166
29 121
66 206
112 218
58 216
20 205
45 189
146 224
0 130
195 217
5 144
75 92
17 83
130 221
43 178
138 204
139 214
116 206
37 99
11 95
43 140
125 170
83 166
84 193
41 126
89 120
32 110
190 218
115 223
0 109
5 128
175 205
140 168
25 167
11 202
15 108
25 111
5 9
41 206
172 197
33 140
19 176
167 226
14 159
194 231
138 192
54 66
89 114
33 98
83 201
9 88
93 123
101 161
194 203
106 209
196 212
60 151
113 198
35 125
45 186
164 231
85 144
119 140
35 213
90 232
129 223
76 124
227 232
41 211
115 134
80 123
150 219
67 127
1 174
27 120
151 159
1 123
66 160
36 113
160 230
30 174
99 204
80 146
39 143
54 90
54 212
2 205
28 69
115 216
10 147
29 48
124 200
82 164
13 58
136 143
147 185
43 142
174 180
165 212
127 219
126 220
60 72
64 192
57 115
74 166
55 161
21 223
22 107
133 178
79 162
38 51
64 183
77 143
153 227
56 164
93 225
15 56
10 154
111 189
121 217
181 208
97 145
62 157
84 192
44 110
1 207
0 44
33 134
56 141
87 133
74 204
166 232
152 208
160 227
10 110
117 145
99 199
59 79
93 185
2 51
7 220
69 197
21 204
40 197
25 46
143 147
171 201
74 141
181 213
29 116
20 73
125 156
131 159
98 227
70 111
71 98
121 210
18 180
27 37
115 137
57 147
198 217
15 217
168 202
70 162
87 150
46 131
2 104
220 227
75 224
171 187
82 115
65 105
52 227
19 178
54 169
5 141
115 142
214 224
91 103
117 185
95 217
134 184
142 155
51 111
80 103
194 219
160 192
92 120
48 64
179 232
30 89
40 193
94 143
30 184
49 132
63 75
114 130
114 207
35 140
11 51
54 84
199 208
56 126
9 92
31 112
107 147
17 219
76 87
19 150
90 179
24 232
114 190
44 166
58 60
27 102
110 209
146 189
34 118
11 142
107 165
72 82
134 167
1 175
68 194
150 218
21 50
14 192
140 152
37 111
47 69
75 231
70 100
64 96
110 189
2 30
49 167
8 69
46 68
71 108
151 217
10 224
37 42
8 187
146 206
82 175
85 215
132 222
29 134
12 127
1 178
182 191
173 217
9 63
92 140
47 222
175 222
32 164
92 179
75 205
26 153
22 103
19 202
25 137
69 188
30 177
151 183
49 72
32 230
40 82
21 82
26 148
63 199
70 71
77 229
39 155
186 222
113 170
68 152
36 220
148 178
54 105
20 114
37 213
17 200
47 158
125 182
110 157
107 159
99 153
63 167
22 140
52 190
13 88
66 125
91 206
111 202
23 120
42 151
112 172
72 125
110 200
93 114
17 88
136 164
41 110
103 184
119 139
124 129
76 113
97 134
68 107
110 161
11 191
28 230
49 102
99 193
95 121
113 219
12 190
169 230
50 187
10 145
187 216
109 129
80 218
30 81
29 43
11 20
2 74
24 78
50 173
20 26
37 190
89 196
61 126
5 193
7 231
2 73
170 182
107 116
74 91
42 57
195 218
46 111
45 228
34 58
26 157
39 46
87 211
69 98
5 227
157 174
46 87
2 29
56 213
29 143
34 193
99 158
127 193
182 231
114 212
17 149
132 167
22 128
128 137
88 156
51 102
170 219
49 57
31 221
75 193
188 208
62 219
29 34
149 212
86 174
84 222
127 190
40 179
62 103
52 126
141 196
37 53
129 173
58 141
223 229
124 178
73 80
94 138
29 147
80 165
96 113
46 214
91 107
26 40
49 125
78 201
138 154
14 99
34 181
6 59
106 232
149 205
121 152
47 79
16 46
180 202
52 229
31 81
141 225
20 143
11 79
21 107
74 86
23 44
185 189
180 229
8 70
15 86
158 226
91 123
109 228
29 45
11 29
44 131
49 78
25 73
97 113
224 231
130 175
21 109
53 221
121 211
96 107
124 204
39 40
8 89
118 230
72 108
87 207
44 163
118 189
170 179
88 89
144 161
67 187
140 161
204 224
129 135
150 191
15 113
50 219
13 214
200 208
213 227
76 232
75 183
91 95
37 95
67 212
31 47
4 226
157 196
42 136
121 223
76 96
84 106
76 173
61 137
211 213
182 189
193 207
96 141
32 131
23 210
32 96
189 194
87 101
21 193
32 214
51 133
94 150
164 191
46 151
74 134
74 182
69 102
196 211
82 167
85 116
4 106
109 196
14 105
115 190
208 214
55 121
185 206
123 134
4 63
104 218
63 90
99 110
15 130
60 227
227 228
134 151
2 4
82 125
60 70
163 230
42 76
16 60
63 108
7 103
177 208
61 112
45 227
72 192
35 188
67 199
187 212
125 165
125 129
100 185
39 199
179 217
73 81
141 174
29 191
37 108
142 162
15 204
15 91
202 215
193 203
90 96
97 201
39 101
130 215
43 201
17 63
168 217
21 220
112 144
116 232
44 178
137 186
188 192
2 48
15 58
103 224
51 168
23 219
25 123
192 204
49 174
43 167
18 211
49 226
15 48
149 227
67 144
107 224
97 126
100 119
9 143
137 170
144 228
33 44
151 165
33 35
133 210
182 214
87 190
90 140
12 78
10 94
1 159
156 178
180 215
43 159
30 166
71 124
151 232
11 18
141 209
15 88
195 210
5 210
106 153
206 207
164 201
175 187
113 128
28 175
93 106
26 191
18 67
25 203
128 186
29 58
15 25
6 39
11 135
63 184
119 200
12 213
54 95
23 217
87 179
18 137
12 81
51 212
113 131
127 164
50 69
193 218
139 152
148 190
101 113
45 56
72 81
179 228
122 223
42 51
60 134
66 128
124 179
189 229
40 229
104 231
42 156
10 117
192 198
5 177
72 115
90 98
85 194
139 145
145 147
60 208
19 183
30 65
139 225
153 160
56 154
35 193
105 147
45 164
64 152
109 139
10 162
86 175
13 181
8 96
82 104
23 204
52 157
42 173
58 86
33 76
21 166
181 183
15 29
135 159
66 170
46 63
116 193
178 231
26 100
58 197
3 205
134 189
94 174
99 150
57 128
111 155
44 226
64 93
103 132
53 62
62 105
40 84
196 203
87 223
72 132
11 114
84 198
56 172
92 108
84 215
34 148
32 225
20 98
22 33
44 105
135 219
112 196
12 54
92 152
127 157
91 213
62 205
184 188
63 230
29 60
160 201
17 180
36 131
69 130
183 218
10 11
30 179
45 141
49 61
138 161
43 64
78 232
118 128
58 147
142 216
108 227
102 210
41 53
92 116
36 189
2 105
152 186
108 151
26 184
144 229
152 212
41 212
83 231
59 126
145 180
12 108
7 32
88 174
22 82
71 185
98 196
11 228
104 225
41 178
80 107
69 226
64 81
179 216
117 190
67 181
4 111
92 223
143 171
38 180
83 114
169 177
65 117
170 193
185 219
153 224
12 91
61 176
83 95
33 42
112 171
105 167
87 127
50 177
131 221
30 151
14 71
32 160
65 99
84 147
55 115
67 205
136 141
155 168
53 112
36 137
112 215
151 166
37 217
17 34
59 203
12 145
0 13
36 103
46 192
73 182
192 211
117 149
77 204
22 118
33 80
37 202
9 191
85 94
135 163
79 112
6 35
26 206
90 129
149 217
158 200
62 148
80 139
83 94
122 211
88 124
143 211
88 229
13 120
101 186
26 61
183 229
94 211
116 203
43 69
87 134
85 209
61 157
10 152
161 197
149 219
183 186
113 166
41 117
36 41
90 187
176 180
125 206
52 65
28 130
178 215
147 218
26 198
71 230
6 99
29 81
116 117
98 206
68 151
32 86
169 172
162 171
66 88
4 7
167 210
101 123
77 225
85 145
79 201
64 110
132 144
143 207
3 83
31 135
7 215
188 202
48 202
98 114
190 201
56 58
104 174
86 99
26 140
38 86
11 136
119 217
149 177
124 149
3 204
74 132
2 7
30 228
143 216
163 195
174 215
7 91
93 105
64 117
24 214
17 39
36 63
128 135
97 206
33 122
89 227
93 131
73 131
101 124
106 156
42 164
115 182
207 219
197 218
85 214
67 223
91 109
157 168
54 158
0 180
26 86
50 200
63 176
26 159
69 136
53 96
4 103
39 180
150 212
70 124
207 221
19 217
50 52
84 226
194 214
0 118
20 53
142 218
99 109
97 187
11 90
123 138
100 181
127 130
43 231
155 184
165 220
131 179
82 174
84 94
58 152
60 189
98 194
137 189
114 149
11 59
94 216
1 109
85 173
19 175
116 198
14 70
52 124
47 134
27 36
154 170
107 148
73 137
7 136
76 164
111 169
77 160
72 189
125 160
71 82
3 36
96 160
28 74
1 143
87 96
162 232
33 73
117 130
67 232
63 223
69 219
94 126
14 76
1 94
96 151
18 218
21 145
81 85
107 210
42 72
53 146
32 187
10 67
50 225
193 214
145 201
13 95
7 60
47 115
131 147
0 18
79 210
19 37
90 180
30 129
145 231
78 97
41 144
11 138
59 68
136 203
81 128
180 210
40 188
35 225
81 189
37 205
82 220
4 44
19 201
112 173
154 158
37 85
0 211
115 165
29 150
8 84
33 221
62 183
76 109
18 112
222 226
117 129
113 132
28 170
201 226
99 161
78 173
222 225
39 51
164 181
16 191
77 168
3 136
152 168
142 184
2 106
40 109
190 197
48 89
79 200
70 77
112 213
147 161
24 64
141 218
89 174
79 229
124 172
204 213
78 134
44 58
29 72
47 75
57 142
57 183
182 217
83 217
79 90
82 92
101 203
127 211
43 88
46 80
121 122
3 135
93 112
51 69
44 73
63 118
89 222
133 193
25 190
164 225
127 160
140 201
59 213
62 156
170 201
180 192
10 155
88 162
4 230
1 182
70 122
146 173
40 135
50 135
47 149
37 163
91 112
24 198
2 82
40 87
85 213
39 120
39 191
125 176
102 113
113 169
130 177
17 107
123 191
107 221
70 113
124 190
75 190
20 99
86 115
29 59
77 156
42 175
119 133
33 232
177 198
75 230
32 67
72 95
94 199
213 223
60 149
111 185
173 186
67 69
96 157
213 228
80 174
10 166
138 215
183 199
39 171
52 106
134 181
56 109
104 220
24 59
39 107
148 197
71 96
42 184
165 218
32 136
36 160
195 203
136 229
14 148
125 145
47 211
0 229
136 201
114 199
45 79
103 170
68 157
170 175
144 219
41 115
49 95
164 212
189 203
109 197
65 172
108 225
88 119
85 203
132 181
21 124
41 66
68 168
34 37
96 209
33 69
10 120
108 109
26 199
69 141
120 164
35 182
48 203
120 197
11 105
5 173
71 173
21 29
165 199
1 128
126 129
103 141
168 203
139 201
137 203
10 192
73 120
20 128
52 208
131 227
12 60
76 161
86 169
103 111
14 72
15 82
118 142
75 160
65 142
126 216
20 29
80 211
39 216
96 143
63 141
37 75
10 220
42 169
102 156
78 174
70 142
117 227
148 191
101 121
45 198
154 200
184 193
10 100
109 154
40 89
78 200
30 43
31 85
46 120
14 73
41 232
143 165
34 184
22 96
78 221
34 189
28 86
9 183
28 80
61 197
66 76
91 212
7 90
106 205
53 209
69 119
38 66
67 95
121 146
77 167
77 135
19 67
48 93
89 135
39 197
6 196
67 189
104 119
218 220
101 212
115 144
104 150
172 195
125 162
31 44
8 208
57 189
95 194
135 166
223 230
6 170
18 98
49 92
13 148
5 155
8 230
143 208
77 88
82 160
59 216
7 221
142 157
67 222
62 147
85 96
143 183
16 85
84 98
43 183
78 106
77 175
96 175
43 100
0 231
100 131
5 215
5 129
85 163
74 196
15 212
162 189
159 217
62 220
98 127
130 138
11 109
99 206
70 230
24 58
9 79
78 199
14 205
113 195
10 203
131 198
17 23
4 96
140 187
152 163
53 182
21 152
143 196
66 121
189 196
46 170
105 217
54 137
177 224
164 177
33 107
24 33
11 223
11 24
135 204
115 229
22 227
18 43
30 62
31 101
88 202
32 174
13 185
78 139
7 223
126 190
46 124
64 162
36 182
48 63
213 215
173 183
68 195
6 50
49 224
107 225
2 145
101 144
157 226
199 228
46 49
119 120
136 225
8 185
114 189
97 148
135 189
150 199
45 86
42 214
151 162
6 108
176 198
12 208
16 121
3 215
92 180
40 80
1 170
130 145
48 177
46 47
13 63
55 162
111 203
27 184
163 180
70 192
13 178
75 115
3 105
155 194
4 53
13 200
23 184
154 196
12 181
11 82
27 169
69 209
0 65
164 230
129 166
205 208
16 110
184 211
146 230
0 206
117 200
128 211
203 213
45 214
54 98
64 78
171 227
2 22
100 221
50 207
89 130
7 149
51 163
88 209
26 228
3 69
186 190
14 155
118 199
77 190
107 121
31 128
3 133
39 133
46 64
133 153
45 119
22 122
178 179
3 159
6 180
76 102
35 228
191 196
103 194
51 147
71 227
42 148
16 118
33 87
31 67
18 76
103 221
158 223
60 133
24 196
13 158
114 174
65 90
97 124
156 196
143 223
102 164
192 194
118 131
25 191
40 178
52 88
193 194
53 110
106 218
16 205
168 204
152 226
66 173
55 215
116 125
156 215
186 195
38 49
49 144
130 142
58 178
144 215
58 155
136 177
30 32
174 198
203 208
47 130
70 171
53 231
131 175
14 16
17 168
184 208
83 153
186 213
78 227
32 188
36 56
99 135
89 91
130 157
45 221
25 202
33 215
66 211
144 183
11 187
75 118
33 49
94 162
49 58
27 78
118 120
59 125
99 194
122 202
62 216
5 225
95 151
127 166
87 168
135 145
99 160
48 59
197 230
103 158
32 49
142 221
164 190
29 42
17 71
94 170
60 121
66 79
3 185
44 188
78 189
141 203
58 207
5 58
66 221
93 130
15 71
52 198
63 84
93 148
13 130
55 133
11 226
0 227
48 162
155 216
98 120
38 63
150 158
7 209
74 106
114 166
112 188
32 64
205 218
9 156
125 214
11 216
92 221
84 187
74 88
121 162
43 173
185 222
15 30
183 211
111 138
45 59
155 172
110 213
82 128
211 218
27 203
4 129
31 94
45 168
22 95
134 172
123 162
117 131
27 94
130 203
203 210
38 224
134 210
144 227
125 153
48 186
21 118
5 32
91 221
85 204
76 120
119 121
42 66
115 146
24 56
83 147
31 182
104 162
149 188
165 193
141 221
87 165
56 77
106 222
13 81
34 200
130 225
124 186
137 215
89 181
170 226
55 135
2 26
122 163
133 211
44 137
127 134
53 186
47 159
62 116
216 222
1 76
34 116
13 14
95 130
6 150
75 119
154 201
154 214
88 208
85 103
27 149
29 139
156 170
12 103
11 219
144 167
129 157
98 162
85 171
3 41
8 128
6 83
7 191
72 180
60 111
101 117
153 179
107 174
23 212
9 160
58 222
53 160
69 168
19 96
158 212
90 171
33 219
99 225
49 176
51 137
28 113
7 51
120 185
59 129
108 210
138 179
172 216
198 213
109 198
44 221
66 139
29 213
9 124
62 118
16 132
176 210
32 44
13 166
16 226
68 77
11 154
70 123
140 147
39 224
58 151
14 154
75 229
157 166
107 171
96 214
204 212
5 57
39 103
13 104
28 73
18 131
42 117
3 59
133 150
160 221
71 170
78 196
59 225
145 177
127 158
148 215
99 120
200 201
33 59
50 90
1 71
121 175
3 209
58 232
34 107
56 162
182 222
19 231
96 133
156 183
27 193
151 227
110 187
198 204
40 107
123 193
133 208
102 131
135 154
93 149
58 156
24 172
98 207
53 65
13 37
8 62
0 168
71 178
152 191
193 208
79 143
38 70
7 225
159 161
70 204
42 211
132 231
14 135
98 103
85 212
84 86
98 225
56 151
195 232
88 191
163 164
69 180
183 220
11 85
2 6
124 202
108 117
109 204
102 171
1 227
97 171
3 40
81 101
103 127
18 128
9 139
113 214
12 174
25 163
125 179
181 186
203 205
22 151
14 137
6 172
101 122
158 228
139 143
134 162
40 118
174 195
97 152
47 203
111 173
36 95
139 213
51 210
34 95
30 44
19 164
80 152
30 67
52 61
132 174
60 76
15 122
139 180
40 177
90 221
15 75
125 135
46 102
58 165
80 173
188 207
21 112
13 189
15 117
19 24
214 226
35 42
152 217
1 29
81 173
28 192
87 131
82 95
60 120
56 66
129 218
50 194
55 139
89 226
12 16
58 229
134 154
33 203
50 224
101 166
5 54
16 100
20 197
142 169
10 180
111 167
69 161
150 225
16 26
106 229
28 109
48 150
3 50
80 212
49 96
82 109
85 102
28 63
101 207
108 179
137 227
31 170
72 137
177 222
6 220
45 67
194 230
103 189
41 162
159 176
51 139
87 202
18 24
34 179
115 171
33 64
50 97
34 185
62 207
66 230
97 146
41 62
11 140
53 220
100 120
0 119
179 231
101 201
48 231
160 211
26 223
108 121
16 39
5 111
51 130
90 141
185 205
0 209
97 142
159 221
65 216
10 157
6 166
52 172
1 204
93 182
146 158
199 202
16 218
3 4
45 213
55 85
35 165
17 68
1 36
14 106
149 225
120 139
67 177
19 214
123 211
21 221
181 209
33 93
23 81
102 129
149 175
54 156
97 218
156 232
63 196
83 89
145 178
114 124
97 228
53 93
51 173
150 194
64 106
103 163
113 133
134 196
18 143
87 231
156 210
9 172
72 90
14 23
121 132
18 48
47 80
25 148
53 104
69 187
182 232
82 190
126 128
39 73
133 145
59 104
103 123
80 190
101 200
47 174
100 201
123 231
58 117
60 194
32 118
80 138
11 180
137 230
71 89
120 178
123 149
73 124
175 212
118 129
19 140
32 140
4 141
79 100
171 184
197 225
34 145
29 159
124 157
150 160
73 201
92 101
0 163
112 167
33 124
71 115
68 172
46 112
135 196
124 184
51 185
16 230
35 65
69 125
174 232
54 159
85 168
13 232
146 187
193 222
17 139
3 78
132 162
42 185
73 150
131 157
24 164
27 163
94 148
13 100
41 99
63 202
169 195
136 230
141 158
76 155
91 114
18 176
115 196
139 203
9 213
45 209
165 200
158 232
62 214
20 46
48 49
110 137
69 203
37 82
22 141
45 195
12 51
93 162
102 220
26 91
178 203
70 121
11 16
194 217
157 169
87 145
34 86
65 145
72 149
75 184
110 139
181 210
71 188
63 219
74 112
29 38
120 144
25 52
3 147
107 218
85 200
95 117
91 118
38 72
90 125
19 46
97 120
35 212
57 166
208 228
76 141
5 214
156 185
52 193
193 215
118 216
54 62
193 200
170 199
185 218
172 206
21 170
8 91
135 201
44 95
92 100
111 163
15 152
74 171
58 150
139 221
151 160
91 106
68 88
147 200
37 81
17 72
43 65
24 191
36 151
34 220
41 192
35 217
61 205
14 221
10 55
107 142
80 226
214 217
141 153
81 186
35 145
71 159
102 201
3 97
11 189
92 193
12 147
20 204
27 200
43 204
17 100
86 181
69 194
76 227
58 97
46 89
123 153
105 140
7 109
77 154
5 75
158 184
1 145
53 150
158 192
71 121
85 119
21 182
162 169
102 137
3 35
73 222
63 143
3 184
103 217
63 86
177 194
118 139
23 92
121 192
12 122
148 157
17 231
109 150
139 229
83 154
72 227
59 223
19 59
103 209
121 149
5 92
127 162
44 228
65 173
173 178
52 153
106 231
59 181
74 192
60 131
181 191
142 223
37 40
58 106
97 164
188 223
70 107
91 133
106 216
120 221
121 174
27 144
10 232
87 147
28 66
123 229
85 185
26 149
69 140
99 144
79 194
100 150
86 172
108 154
156 205
169 223
163 210
105 172
76 79
63 162
94 159
16 145
146 192
63 208
0 221
31 113
21 76
73 185
59 77
63 207
119 151
69 172
24 116
36 215
146 165
23 38
179 189
25 110
122 139
102 198
46 143
109 159
112 133
29 167
85 172
38 194
149 179
119 159
88 165
112 174
157 167
158 173
25 50
171 181
34 194
102 154
128 152
135 138
55 74
191 204
12 67
155 212
22 74
49 210
28 159
78 91
58 198
31 91
1 184
150 172
9 195
15 44
108 180
140 179
196 230
25 77
70 179
28 228
135 155
156 212
63 172
96 195
23 141
67 218
107 145
159 160
46 72
45 157
69 192
114 171
58 184
39 80
131 224
42 123
71 169
19 73
5 84
30 101
44 116
103 196
171 178
166 202
53 183
111 156
112 208
85 223
5 212
135 221
90 145
20 22
29 76
65 135
177 217
137 212
112 181
58 217
78 133
43 228
3 74
88 173
14 34
14 58
81 191
146 168
104 168
68 108
117 136
94 145
20 89
166 215
139 163
169 226
69 223
123 154
126 200
196 232
27 181
62 149
67 162
181 218
157 205
34 62
90 231
23 59
191 218
34 77
70 182
114 193
218 231
67 132
60 193
3 101
32 191
114 188
40 86
78 193
29 123
51 211
69 131
151 161
11 139
76 174
40 134
91 153
140 150
151 196
71 80
35 149
128 157
0 154
6 130
91 124
56 201
114 115
76 223
132 176
6 73
103 171
155 174
27 31
123 175
156 189
94 96
64 200
74 76
12 212
87 146
70 96
134 149
198 203
177 206
129 170
5 100
16 148
62 163
39 211
144 203
83 230
54 207
34 71
52 104
52 75
106 108
66 191
87 173
117 184
158 167
59 95
63 113
76 106
5 109
147 197
128 184
103 232
78 148
38 40
124 191
138 209
183 185
47 92
7 163
88 206
66 217
131 197
86 110
57 139
47 154
18 63
199 204
29 148
148 177
76 154
191 228
28 71
142 212
6 65
39 68
125 174
53 147
101 210
62 197
64 222
28 128
174 219
29 170
89 141
39 134
17 159
163 199
103 119
50 190
14 43
55 79
50 62
36 109
172 190
53 133
65 115
68 126
140 141
92 230
38 132
128 212
28 96
178 200
16 101
30 70
18 213
57 96
165 187
181 200
87 119
55 100
102 206
15 104
69 163
106 186
190 203
193 220
173 175
84 164
4 174
19 28
97 205
77 111
163 198
89 93
10 82
46 176
3 34
65 111
66 196
13 93
154 230
141 188
24 115
73 162
1 168
115 149
17 110
145 198
112 130
104 172
64 224
24 113
166 212
125 201
115 154
54 229
61 149
15 136
1 101
176 227
10 118
177 178
56 217
19 136
113 122
18 47
45 201
59 93
154 192
75 200
101 190
46 230
100 147
204 206
139 195
84 206
83 162
153 166
187 222
5 186
14 147
55 70
94 214
28 227
20 141
86 163
63 201
43 53
124 145
156 171
13 110
41 218
73 85
20 132
174 231
49 81
162 221
92 189
74 128
27 113
105 204
18 37
177 215
190 210
63 69
137 157
115 157
20 164
20 38
175 217
72 154
35 219
11 117
60 173
18 126
54 59
49 227
66 73
12 36
0 91
90 105
7 54
139 215
42 104
43 162
31 98
104 118
95 215
28 217
1 33
152 172
70 232
112 119
28 224
142 189
23 66
17 163
100 139
87 95
60 105
112 214
28 149
190 223
155 191
1 156
159 209
33 54
19 126
151 186
135 214
174 206
125 169
36 149
82 129
43 114
88 190
50 80
139 171
159 184
75 113
11 92
66 84
62 210
57 197
13 80
10 97
20 147
149 201
24 122
127 156
19 31
6 27
61 199
132 159
13 171
101 219
82 123
49 76
38 105
117 139
50 113
147 152
22 179
26 194
157 215
138 213
65 73
37 186
144 207
20 41
224 229
47 49
9 163
25 217
150 188
32 127
51 230
25 60
50 61
32 105
172 231
120 181
169 202
185 204
54 129
85 227
76 125
2 109
184 232
94 205
30 119
4 120
35 184
21 58
38 62
22 91
62 187
4 65
159 224
94 196
29 231
177 193
99 171
118 198
5 96
162 185
67 165
55 157
137 229
6 8
6 173
16 162
178 209
114 165
184 204
40 162
117 225
95 189
80 223
48 121
155 193
121 169
199 219
123 132
85 107
91 164
33 174
141 159
8 199
114 203
27 88
142 213
5 187
35 115
61 227
41 183
53 121
61 121
153 177
26 230
109 111
178 195
6 69
65 141
10 227
25 212
69 215
90 191
70 174
81 211
134 160
55 150
83 205
12 40
130 143
96 150
23 197
32 61
130 182
46 66
196 226
2 222
185 207
77 127
47 137
65 101
34 207
60 128
66 194
13 19
162 217
62 190
31 151
47 200
19 194
182 195
82 114
155 219
74 223
22 92
43 174
48 182
16 172
151 207
93 221
11 17
9 116
71 101
136 186
169 197
18 165
70 87
6 71
84 134
58 215
110 232
64 165
122 204
110 162
96 138
27 72
129 194
35 74
44 142
50 157
11 207
61 211
122 181
44 165
132 154
14 157
72 141
83 175
61 189
59 82
112 191
37 154
165 190
65 228
143 174
87 140
21 161
70 225
7 174
27 194
41 113
84 105
34 54
77 152
29 35
179 185
132 166
46 139
219 232
72 99
161 167
75 164
87 153
30 40
175 192
95 212
206 218
12 31
172 215
160 203
106 179
86 109
126 144
22 29
110 205
113 196
144 217
131 138
71 107
194 209
204 220
98 161
100 216
33 123
1 201
47 163
71 150
95 219
5 25
59 130
30 86
47 62
142 227
108 219
129 156
24 159
24 140
72 120
122 206
1 195
133 160
134 173
38 210
57 190
176 188
211 221
2 61
26 68
49 214
18 38
69 201
28 64
13 86
14 24
92 192
26 104
69 94
167 169
44 193
137 144
25 134
194 195
39 201
4 122
35 168
58 213
22 146
176 193
76 198
7 100
173 222
64 193
163 190
157 193
54 58
57 202
133 202
89 194
132 169
107 138
85 175
145 186
33 101
149 232
40 212
57 132
83 226
107 219
146 209
98 176
196 214
172 185
75 175
49 134
9 127
154 206
98 220
6 52
35 176
104 202
105 177
168 206
51 213
13 155
185 188
71 232
84 177
36 225
108 232
20 122
6 57
64 188
65 204
56 148
34 162
82 206
21 65
2 35
32 167
79 180
17 162
34 129
28 197
29 212
58 162
15 155
69 144
146 157
92 166
222 230
160 164
118 223
124 133
152 154
18 74
46 211
129 195
204 222
209 219
48 192
73 178
27 185
51 161
28 58
40 183
67 198
208 226
50 174
60 215
156 158
77 104
146 202
141 184
133 171
5 87
67 229
108 186
116 223
1 51
14 166
11 30
7 107
119 224
98 115
48 65
118 124
62 213
175 180
113 201
6 60
164 210
20 170
99 202
43 208
116 158
91 230
50 227
188 195
26 152
15 227
131 185
104 173
153 183
22 108
12 22
168 174
140 194
23 47
35 85
116 202
187 190
33 118
81 203
189 200
3 212
38 131
14 81
8 164
101 114
207 213
84 170
68 111
0 186
148 199
100 152
53 155
106 191
50 116
52 150
140 223
111 158
77 96
35 147
146 162
36 60
20 112
27 224
60 202
70 191
61 166
132 187
95 173
66 203
191 199
118 191
161 194
63 64
10 228
115 169
0 179
11 119
51 216
14 180
92 153
65 88
115 230
16 204
173 177
41 60
12 195
82 210
127 132
18 118
13 82
126 181
4 39
40 69
63 203
97 183
128 207
35 124
85 205
15 147
206 223
36 158
53 228
102 158
15 59
45 211
18 140
57 184
4 82
4 196
170 207
27 106
14 187
58 101
61 116
158 190
50 139
134 144
38 175
153 158
76 188
158 187
49 208
78 149
41 136
15 124
19 36
71 207
35 70
64 94
123 169
47 179
72 215
69 231
7 224
73 90
5 218
43 153
72 198
172 191
30 153
2 150
42 166
73 125
113 125
197 227
41 215
49 70
5 108
13 212
45 177
129 183
158 216
182 197
130 228
163 196
14 214
78 121
101 175
49 197
183 200
104 105
46 215
59 105
26 73
73 192
136 138
96 152
109 155
156 186
23 96
57 70
92 156
3 134
115 177
101 107
160 184
10 79
131 212
165 182
112 137
85 167
17 130
28 201
97 154
201 213
180 216
51 110
178 193
42 183
126 180
135 211
85 178
37 145
66 222
205 220
137 166
122 221
7 112
98 133
37 177
29 75
155 218
25 83
197 203
21 40
88 118
2 67
181 222
36 69
195 204
32 217
54 81
110 186
154 231
19 139
121 171
185 224
12 191
4 156
88 144
48 178
47 144
171 215
163 191
13 87
89 200
44 158
35 45
76 136
122 128
53 211
150 186
125 131
151 215
44 191
8 220
13 76
157 212
106 212
42 71
40 207
89 128
18 185
34 36
136 209
28 168
138 156
79 127
15 200
82 224
57 117
100 114
20 187
32 183
104 139
154 156
14 190
42 191
107 199
86 103
165 202
88 128
72 91
12 88
131 190
98 180
26 144
23 129
77 182
77 122
146 232
129 224
49 86
25 66
139 196
76 207
214 221
211 230
22 207
36 162
57 204
99 118
13 48
44 72
65 124
21 191
42 208
22 184
12 116
85 140
33 187
79 187
57 68
15 101
68 167
45 190
28 156
127 177
98 165
140 206
13 204
0 114
41 223
100 197
79 109
57 89
202 217
118 224
87 92
70 215
58 206
104 211
97 114
47 51
54 121
157 161
187 218
45 215
16 176
179 194
66 82
63 181
43 202
124 229
21 57
54 132
16 175
47 182
67 85
112 216
69 216
15 222
85 124
84 91
121 178
89 134
30 192
45 181
103 228
32 162
70 148
43 91
122 216
136 212
49 130
117 128
24 153
78 218
14 18
104 214
17 175
84 132
155 203
32 112
123 184
122 150
24 126
62 73
6 117
22 142
186 200
44 66
96 130
172 232
161 231
22 172
29 230
109 147
76 100
17 225
13 21
63 124
88 184
81 141
33 74
160 218
35 175
30 202
97 177
5 190
17 155
51 106
119 180
209 230
3 128
26 82
52 204
123 152
22 39
95 203
29 132
130 184
64 103
4 157
83 93
40 154
90 223
10 111
98 208
110 138
187 219
20 87
57 227
145 153
61 119
73 163
120 184
24 143
40 54
131 214
70 98
82 209
37 208
143 225
87 205
64 195
105 171
35 80
43 137
83 115
2 77
97 156
122 219
22 185
189 216
45 55
83 103
62 177
63 210
66 148
107 124
64 71
104 144
20 133
3 98
18 149
106 223
107 120
19 99
161 196
69 154
48 188
106 198
65 106
153 157
27 80
122 171
57 118
121 176
48 220
26 66
112 155
7 18
25 47
109 136
144 196
83 120
132 172
55 197
98 172
149 166
172 220
154 182
111 231
9 125
21 60
15 57
100 210
10 215
116 227
112 143
40 191
86 106
172 173
37 206
104 108
55 57
131 176
63 193
114 127
57 143
8 28
72 194
4 5
110 150
92 123
139 161
191 207
19 39
71 209
148 187
181 221
196 223
194 225
45 132
118 206
9 95
58 105
19 225
37 196
189 206
159 223
116 188
90 219
131 173
117 147
10 168
158 205
141 177
67 140
77 169
18 29
189 222
4 97
86 121
12 149
68 76
24 145
12 105
76 140
126 177
10 177
59 189
77 92
14 60
94 203
119 196
18 40
8 26
87 164
48 159
43 133
62 99
84 185
114 152
84 131
59 174
44 210
78 81
54 201
73 195
44 83
193 216
127 209
18 95
111 128
45 60
10 43
28 136
113 143
45 109
110 126
36 120
125 177
168 192
13 215
40 182
106 140
18 194
56 70
123 200
46 128
187 188
76 118
0 194
75 212
129 165
6 232
1 11
62 78
59 117
95 162
21 91
2 126
30 210
38 50
95 99
43 121
43 157
72 163
71 212
117 218
31 41
82 204
140 225
38 45
14 211
73 136
77 192
69 73
103 227
134 214
100 141
91 195
66 150
11 76
172 181
22 25
191 221
94 123
106 210
28 195
86 100
151 164
39 159
36 196
57 138
93 104
152 167
10 198
80 120
72 131
10 104
121 208
135 191
28 117
7 73
0 195
126 130
145 168
0 131
174 210
123 172
122 158
191 217
27 135
51 148
96 162
16 169
80 101
198 227
79 151
29 127
153 230
129 203
82 183
70 227
81 217
46 197
56 198
54 208
21 90
38 220
144 148
166 218
81 145
104 134
24 57
24 109
151 154
121 230
57 65
129 131
16 222
107 162
131 170
191 230
98 121
133 224
106 213
8 40
1 210
80 192
77 200
51 187
2 95
87 212
39 108
91 180
45 160
66 137
18 54
37 164
64 207
27 116
5 142
148 169
0 56
17 75
165 231
85 195
44 121
42 132
120 133
56 83
12 196
109 174
39 221
83 159
58 148
67 134
11 170
75 201
173 201
8 163
47 231
101 131
89 176
28 181
211 217
3 207
155 204
64 66
5 69
125 186
67 86
104 157
208 216
54 181
7 81
16 223
56 190
42 190
31 160
156 220
41 197
52 103
80 220
177 229
82 179
36 173
115 163
8 181
9 110
26 222
45 117
16 179
26 162
201 219
91 186
88 98
31 142
97 165
10 174
106 168
162 224
82 223
1 27
72 126
2 42
116 189
1 108
28 38
129 200
56 138
23 30
41 82
2 81
11 116
73 94
89 171
10 41
13 49
81 99
162 229
115 215
131 148
123 201
81 111
13 226
178 198
152 220
24 81
153 202
9 200
53 161
108 211
51 138
103 230
146 171
32 193
112 183
184 189
49 213
63 190
51 222
90 146
133 175
43 107
48 81
19 42
160 219
121 181
21 207
81 94
48 132
180 220
127 153
23 188
200 218
150 170
44 230
39 161
60 179
54 99
20 216
198 218
69 97
26 207
96 199
94 163
31 55
147 219
61 106
105 227
131 222
149 200
0 88
7 88
10 189
24 86
76 197
1 110
106 175
3 25
20 125
162 230
104 160
125 154
74 80
26 202
127 180
59 219
76 90
68 122
49 108
32 175
131 151
20 212
46 218
187 229
1 181
50 140
53 180
134 136
34 91
94 104
14 48
66 98
60 187
124 153
37 192
127 137
26 166
183 188
147 172
149 208
106 211
8 140
40 160
80 155
2 213
97 160
126 191
139 219
99 173
133 165
51 177
7 199
52 185
71 179
81 146
106 167
157 222
146 174
144 164
83 99
91 191
4 221
217 219
67 105
3 198
12 25
91 163
39 164
42 80
36 48
79 123
55 71
19 110
18 232
127 223
58 131
6 85
49 128
91 196
33 43
17 204
22 114
18 110
123 170
192 229
96 97
74 191
19 84
35 194
74 107
5 97
24 201
11 27
49 118
54 227
28 115
79 97
136 210
34 96
119 188
195 201
64 142
170 196
83 131
96 184
149 157
122 194
125 219
28 99
93 111
120 136
111 137
65 159
146 183
92 131
189 197
15 188
28 151
17 31
48 198
30 88
24 92
151 213
152 224
41 176
19 153
10 167
1 118
32 163
153 155
144 212
97 179
57 216
117 208
92 99
186 201
10 156
92 203
12 220
63 66
65 81
226 231
47 50
172 213
14 151
40 124
42 142
115 143
140 173
3 12
3 84
110 224
172 230
80 159
79 232
96 112
51 160
80 167
14 53
76 212
46 155
133 168
127 221
28 92
94 200
182 193
102 170
21 30
49 188
46 212
2 175
60 201
24 39
84 151
11 111
23 178
38 140
31 138
14 122
61 146
20 56
171 221
27 156
180 186
0 170
3 221
73 156
138 163
126 195
97 137
64 228
123 228
105 117
41 80
125 173
51 78
27 81
173 207
19 107
73 196
29 183
12 217
170 225
119 150
50 115
93 220
31 33
27 190
109 149
31 122
156 174
49 55
36 199
144 216
42 161
3 70
15 213
55 132
75 84
64 91
6 224
9 207
135 183
69 103
14 30
148 228
133 198
166 174
69 120
28 104
135 212
118 125
30 77
0 210
69 145
45 77
41 202
144 232
106 147
148 192
51 142
148 195
9 132
34 217
52 196
138 201
61 125
16 180
30 125
165 215
3 102
82 130
75 187
30 193
67 98
168 181
6 182
53 219
27 170
92 213
36 219
81 126
47 65
156 214
42 177
106 178
110 211
169 204
107 204
23 73
94 204
20 180
71 152
33 150
38 41
2 223
81 105
75 153
97 167
44 132
79 189
49 221
110 196
41 101
178 187
220 230
33 188
68 177
53 229
188 216
34 155
19 145
25 103
160 161
2 34
194 220
7 187
20 183
61 200
177 182
76 152
2 211
108 127
132 198
80 186
30 223
168 224
81 147
169 183
15 177
138 159
127 182
114 137
124 166
5 166
12 119
106 125
132 228
47 111
107 115
122 214
58 170
31 96
165 169
41 48
12 45
44 102
26 98
53 169
18 75
109 214
86 204
50 188
190 232
24 224
84 169
22 202
9 118
115 160
85 180
70 135
68 173
23 79
8 219
120 145
104 133
46 164
100 158
177 197
100 163
142 210
28 110
115 126
94 172
35 202
72 77
29 49
76 86
127 186
18 105
140 145
82 135
76 182
9 146
100 122
28 167
8 145
33 202
147 231
30 82
16 98
213 222
131 211
35 37
85 177
145 164
92 137
129 227
97 104
136 181
100 160
23 86
43 199
39 168
25 56
105 121
188 194
57 195
83 232
73 118
25 171
6 78
137 211
121 193
171 192
37 104
107 149
11 89
33 61
96 101
29 100
33 78
84 231
27 57
56 118
35 60
87 158
31 177
8 57
11 78
206 208
29 32
2 9
162 166
170 192
102 104
122 210
75 194
24 42
5 29
45 103
65 102
80 224
106 157
69 111
157 199
44 127
83 112
97 108
89 218
21 26
41 54
16 31
78 170
25 176
107 208
54 224
70 193
104 111
130 231
117 163
34 160
18 59
114 160
112 225
55 210
61 151
12 93
129 220
123 187
22 93
122 213
61 223
92 112
9 66
62 201
29 140
40 153
105 212
65 227
150 165
98 163
33 212
186 210
30 36
87 91
123 167
41 169
59 224
70 94
7 201
99 142
117 177
3 58
149 223
144 205
31 154
71 194
3 145
105 220
53 178
67 183
53 67
18 33
135 188
52 77
0 124
20 134
110 175
12 74
161 210
18 132
118 151
85 98
169 228
30 231
46 79
52 187
1 95
104 190
87 232
107 166
99 156
123 204
23 39
6 84
0 108
106 225
171 219
42 90
63 188
133 213
8 65
23 40
48 72
90 183
131 226
113 187
56 206
79 116
18 88
20 59
47 143
94 154
79 176
1 112
42 106
69 127
0 90
55 209
139 157
0 32
74 144
19 215
3 106
221 227
195 214
199 230
153 170
113 231
95 171
69 218
104 217
120 159
12 232
118 154
10 184
3 227
44 133
159 190
107 118
93 102
112 121
87 111
65 165
59 143
109 220
153 213
139 162
44 111
84 191
4 72
14 17
90 101
94 232
116 182
23 156
137 139
6 101
36 141
180 201
8 38
108 157
54 56
172 188
85 226
8 24
123 142
81 139
66 181
15 225
41 116
134 204
122 232
60 63
54 76
161 180
153 223
57 61
83 84
150 193
17 118
42 174
3 129
5 71
9 190
1 52
2 159
42 200
17 49
136 220
63 91
110 214
143 212
10 80
186 217
1 37
68 202
117 206
17 197
201 217
122 188
91 111
24 212
82 168
20 106
8 213
5 161
188 206
31 176
95 104
30 78
205 213
51 61
11 38
35 120
184 187
72 119
78 197
14 170
76 208
38 43
96 208
55 124
56 167
82 112
67 110
76 83
43 124
5 99
90 199
8 153
91 128
170 228
137 171
143 205
18 164
44 118
81 92
114 220
10 201
89 144
140 184
21 175
33 120
112 116
22 117
79 218
215 229
4 155
147 157
116 176
55 185
75 99
14 94
120 132
45 150
173 197
200 226
28 150
146 199
55 86
3 111
177 221
179 190
7 212
25 42
181 216
73 194
154 209
65 68
24 177
76 157
102 204
139 165
70 229
38 165
43 48
136 175
184 228
109 221
95 140
49 203
72 124
128 171
17 140
169 201
178 206
72 175
109 148
20 214
127 155
38 47
39 105
179 220
12 110
70 109
122 151
54 203
22 180
4 121
86 164
108 146
152 222
99 185
92 118
166 210
155 156
136 173
4 195
83 150
98 137
183 217
118 119
34 130
38 130
40 215
17 152
105 193
62 222
104 216
47 160
38 112
94 210
36 198
215 216
15 144
212 232
63 228
159 192
22 81
89 158
11 87
30 55
107 215
88 109
24 230
179 180
94 146
80 82
88 103
111 122
44 62
22 84
78 122
60 160
153 199
11 58
70 149
134 223
39 74
179 213
81 119
94 227
61 88
11 48
8 149
180 204
15 81
151 157
134 135
72 230
58 102
164 216
72 92
1 107
21 160
43 221
25 227
58 163
66 201
106 184
139 144
75 191
38 57
24 139
212 217
17 111
32 39
1 134
28 106
142 186
60 110
140 170
63 88
9 188
50 98
53 105
23 33
39 185
55 229
25 92
48 153
130 144
70 197
103 180
133 156
41 230
33 126
8 144
34 168
7 46
37 123
23 180
114 222
31 196
78 108
31 121
142 207
107 182
161 221
30 120
68 114
49 117
8 17
164 197
38 65
81 192
37 67
32 45
27 172
91 232
77 153
64 213
148 158
57 181
61 148
86 222
18 230
132 171
230 232
69 220
174 211
78 171
106 107
44 123
0 125
26 63
18 119
155 173
138 190
65 118
134 220
122 142
91 102
174 176
55 112
17 40
26 52
50 83
86 230
56 153
116 215
208 220
60 177
67 111
81 162
27 187
99 121
77 195
49 179
77 227
11 196
22 124
67 96
59 115
38 189
83 128
29 62
20 57
74 214
144 157
89 121
27 153
171 174
22 115
13 133
41 190
116 124
169 209
146 155
200 219
112 187
76 231
94 125
79 117
5 114
21 85
33 225
52 113
117 143
205 219
175 202
208 213
209 224
107 155
79 168
98 195
213 226
182 221
30 85
0 64
23 220
21 226
12 43
205 232
136 154
16 197
10 19
169 176
6 230
3 223
54 107
53 87
169 199
28 188
113 119
40 79
8 30
145 170
16 17
35 159
88 212
40 64
68 196
30 109
117 153
87 135
135 152
93 186
98 230
31 143
137 195
40 157
88 111
147 227
32 129
61 216
24 89
158 159
191 220
151 226
125 228
41 133
116 150
134 163
69 196
80 229
56 75
3 226
146 205
40 216
143 230
13 109
106 193
55 175
22 221
92 232
126 140
108 231
44 212
46 138
17 85
96 223
4 11
5 20
55 117
83 98
152 179
21 172
41 128
43 62
52 125
182 183
56 97
129 191
7 204
59 166
10 136
26 168
83 185
107 139
137 173
14 74
26 27
142 190
71 142
65 230
60 144
36 166
71 199
166 183
79 82
16 220
105 201
20 50
227 229
45 170
27 30
75 103
58 161
16 57
89 210
5 231
125 197
4 218
70 147
50 144
16 22
128 203
86 223
147 150
154 169
139 176
20 94
73 223
48 232
40 168
84 119
174 200
14 222
41 229
4 9
166 169
89 153
110 122
85 198
156 159
18 172
177 205
4 189
10 61
4 206
41 214
71 143
137 152
111 195
49 205
47 189
19 90
123 230
62 180
102 136
44 223
68 117
23 196
61 217
94 114
10 131
54 177
97 229
89 126
3 210
194 199
58 70
28 219
11 150
45 200
165 176
152 231
36 117
117 157
1 64
64 201
68 120
75 192
93 184
146 226
95 224
62 169
139 169
159 170
56 179
8 174
28 191
142 171
50 74
145 204
15 95
61 165
26 195
103 201
76 117
83 187
110 207
197 224
26 155
20 154
94 229
28 42
121 227
26 213
20 40
116 162
26 33
177 199
127 159
179 201
133 144
19 162
4 220
49 115
79 150
15 49
10 173
56 187
21 232
32 80
29 118
108 136
78 159
142 179
23 191
157 200
58 68
133 159
175 201
13 23
42 81
98 125
43 71
71 183
144 199
181 214
89 154
89 145
3 90
174 193
107 217
28 148
70 79
33 222
212 213
124 136
68 221
40 219
223 224
155 202
32 166
120 134
150 153
29 74
17 214
74 164
24 68
83 229
72 220
39 136
66 158
204 218
112 230
1 169
13 129
143 222
34 147
67 106
54 192
12 23
5 146
132 230
64 231
17 135
69 123
5 222
203 231
36 74
18 179
222 231
36 224
43 99
33 113
168 170
61 83
29 152
26 122
3 104
14 206
193 227
110 149
12 101
89 157
104 226
117 122
9 134
1 231
21 214
81 198
118 228
38 152
12 114
70 85
170 190
17 142
56 185
2 94
42 176
0 183
13 17
158 214
10 160
125 175
193 230
105 141
79 186
77 148
57 71
6 163
99 119
80 200
34 74
179 199
186 191
111 113
80 93
71 146
117 132
110 127
1 187
67 175
148 227
103 118
25 76
34 180
83 214
83 204
44 52
98 145
81 205
6 200
54 78
97 138
87 109
46 202
136 165
42 171
23 109
152 216
28 127
192 202
165 203
4 163
39 217
34 128
19 138
18 70
133 135
42 88
19 109
150 211
2 196
49 131
86 192
56 88
40 65
66 164
153 167
97 170
6 159
147 169
164 224
2 75
17 32
121 205
113 200
59 80
33 112
141 222
141 227
33 191
134 198
92 114
16 114
12 132
146 196
138 149
186 199
62 111
62 90
122 127
93 206
68 74
127 204
71 201
59 193
59 173
72 183
26 55
6 88
74 153
198 206
138 206
55 151
57 78
167 228
23 149
204 225
99 117
31 46
138 231
23 49
14 160
15 207
127 133
0 1
110 212
64 227
169 191
37 57
156 206
22 123
53 163
7 169
21 126
3 120
102 122
36 156
91 154
7 15
82 222
97 193
66 146
89 131
168 215
104 159
57 210
202 216
27 101
7 205
101 230
72 174
74 125
79 227
6 45
178 228
12 38
48 196
184 220
38 228
3 189
83 97
12 63
53 120
77 215
9 171
44 96
40 210
5 112
91 143
6 36
5 34
78 120
48 78
27 162
140 208
74 98
105 174
1 44
80 184
88 160
2 96
80 213
173 223
23 106
83 219
13 138
79 145
58 111
30 212
20 209
100 173
6 215
16 133
45 154
63 134
31 66
103 202
12 139
65 232
37 45
0 28
50 122
6 153
60 210
111 213
33 143
91 223
140 176
3 73
78 225
170 224
88 138
1 225
137 182
65 100
47 120
97 163
1 17
72 159
150 216
42 92
49 112
147 167
40 201
78 125
59 170
76 111
4 228
148 154
140 213
29 176
28 185
149 156
162 191
47 132
65 177
153 203
58 168
97 119
146 207
86 184
63 139
85 158
54 96
4 50
28 218
47 164
117 217
11 37
157 187
43 145
36 49
111 199
65 84
88 116
10 44
34 119
86 127
23 126
34 177
73 88
15 164
29 88
114 164
149 204
109 152
79 228
169 213
160 167
46 119
103 175
25 72
99 201
25 79
107 169
51 87
86 193
44 107
86 187
132 219
18 184
176 183
72 188
44 216
64 190
116 121
2 116
187 194
35 167
43 45
173 218
18 214
21 203
92 145
151 192
133 166
63 152
32 209
33 40
130 146
43 66
126 167
206 229
22 113
146 191
151 175
51 103
40 59
101 195
167 219
17 21
58 209
149 170
54 172
10 93
128 149
42 139
172 194
42 129
148 171
141 168
66 97
84 227
65 186
9 174
66 138
53 111
27 58
70 173
128 130
33 220
93 99
5 206
181 226
11 15
21 189
131 209
58 183
51 186
147 179
81 187
15 134
103 159
110 117
2 13
131 152
13 228
73 152
13 194
38 125
47 146
22 106
0 164
108 152
80 154
45 124
5 46
97 189
15 193
65 218
5 14
137 146
28 72
133 205
48 142
139 227
54 225
78 158
44 141
33 128
21 153
131 216
180 209
26 143
8 212
192 219
62 113
165 209
73 133
159 225
10 88
64 112
82 85
6 70
31 72
73 102
113 114
67 137
36 122
87 117
117 150
202 220
131 205
168 230
118 144
66 175
37 118
67 156
144 208
55 160
147 186
49 69
18 25
114 147
55 152
20 218
60 92
19 98
71 136
32 227
24 82
14 89
79 133
44 217
23 226
32 130
3 180
83 138
38 166
109 230
7 104
82 157
125 203
194 206
9 47
60 142
100 215
142 201
41 120
119 123
18 69
78 203
2 72
18 23
108 171
20 161
6 113
159 185
128 229
117 121
101 189
130 222
166 225
60 109
183 228
47 215
75 196
60 221
19 122
54 86
138 172
126 205
167 184
28 83
53 140
25 89
5 16
124 224
95 213
18 197
33 131
18 81
92 206
77 138
102 178
4 41
131 181
80 187
11 130
82 90
4 49
1 98
69 95
140 164
75 82
84 218
225 228
37 89
11 106
12 214
146 154
25 113
76 168
43 205
85 169
40 198
88 125
37 150
52 139
103 188
33 48
10 21
101 204
68 85
38 135
82 191
79 177
34 174
121 184
4 46
65 119
114 128
93 109
46 67
58 90
9 189
36 43
133 206
197 206
25 189
214 220
108 111
45 145
63 129
135 222
40 73
58 104
103 147
132 201
34 40
10 59
160 190
90 121
23 182
9 31
4 112
75 139
59 195
138 229
38 157
125 180
27 64
109 134
196 204
192 230
141 171
133 173
1 135
65 114
62 168
196 206
77 155
10 172
198 231
220 231
22 181
147 177
7 17
2 187
79 125
153 161
188 193
25 200
126 169
67 91
3 113
135 186
116 184
13 106
61 69
18 215
65 169
139 151
88 134
45 128
85 183
160 195
156 224
67 100
209 213
51 120
28 142
149 173
1 176
135 179
73 89
32 54
50 51
34 218
4 125
71 175
104 210
173 220
142 160
32 46
81 120
147 201
114 211
2 231
50 67
186 188
11 13
93 197
90 211
12 141
52 192
85 112
28 132
8 20
158 197
16 104
48 127
34 206
112 156
34 159
12 156
27 43
21 52
138 140
1 7
111 210
183 191
35 55
134 212
33 70
80 228
33 177
110 192
108 141
102 218
26 37
26 229
45 179
74 146
163 168
10 218
57 141
118 220
119 152
15 38
22 214
102 169
158 191
27 231
124 210
177 189
120 210
18 99
9 22
132 153
65 123
45 178
61 225
116 194
34 134
78 153
70 126
35 137
35 173
50 166
105 226
205 230
5 165
54 69
145 189
18 92
181 201
84 113
182 230
199 216
103 220
221 222
129 219
36 52
125 159
106 228
103 206
64 178
13 218
159 180
76 149
58 75
142 202
15 231
66 126
51 129
123 160
15 189
2 8
132 152
101 154
105 194
189 202
9 45
21 111
93 174
85 150
95 207
42 204
51 232
129 209
69 228
16 214
162 216
35 174
33 223
64 154
10 219
57 145
4 142
118 160
121 125
199 206
73 155
79 175
87 196
104 107
66 90
30 190
117 168
53 152
8 119
94 133
45 90
108 123
42 146
28 189
44 69
164 169
75 211
17 30
64 199
46 182
96 120
35 192
48 118
150 204
142 193
73 144
193 201
47 108
165 173
30 198
77 226
132 209
94 121
94 144
77 218
24 29
82 119
117 178
8 170
75 146
93 134
10 42
138 155
65 224
23 134
118 127
47 98
32 143
153 205
28 164
132 203
23 208
55 103
125 217
63 232
2 5
6 22
135 228
72 204
6 137
169 200
87 200
14 62
122 183
50 75
76 203
36 57
34 198
104 195
39 131
185 191
37 94
53 79
28 154
55 169
165 232
73 79
130 176
86 217
186 223
111 118
133 229
24 222
13 56
39 190
14 161
98 151
166 220
31 88
31 156
169 225
26 85
49 193
30 189
119 130
91 121
135 198
35 57
38 69
42 48
81 135
118 162
79 157
116 185
33 195
15 23
10 137
47 181
184 192
92 124
136 162
38 68
54 161
164 205
109 206
145 228
76 114
34 104
43 86
99 139
50 60
214 230
211 223
186 227
110 204
74 185
59 159
172 186
95 153
143 160
77 212
116 181
220 223
116 169
139 148
64 177
123 141
16 149
14 15
5 130
16 25
11 83
92 160
20 210
30 72
177 202
93 151
29 220
98 217
91 198
1 78
97 221
39 100
102 194
159 163
39 84
141 173
4 144
170 188
24 217
22 31
111 194
40 97
6 168
19 89
73 143
6 213
2 33
198 211
136 221
106 217
167 225
119 169
99 195
91 219
189 214
57 169
56 108
141 215
97 133
201 212
130 131
94 181
16 69
64 146
45 121
113 117
39 94
184 212
130 207
36 161
67 230
147 198
97 186
167 198
4 34
143 189
67 171
73 158
44 190
11 36
132 165
84 210
38 143
60 192
53 222
30 181
67 75
81 176
16 141
85 88
99 227
13 69
24 71
66 162
6 114
80 210
47 201
99 165
154 172
39 43
7 165
25 39
141 192
61 105
44 152
59 135
26 119
124 158
14 208
35 104
33 86
48 217
58 225
142 156
105 119
58 84
7 124
104 123
2 32
27 99
119 221
1 4
20 48
120 229
101 183
47 88
69 222
63 68
59 60
62 204
56 140
187 214
9 36
81 102
132 188
78 230
38 199
20 149
71 104
7 170
4 123
114 224
163 232
0 176
34 222
96 222
96 230
34 122
159 204
10 105
164 214
28 112
50 169
17 122
190 217
70 163
52 191
65 183
109 202
33 71
33 109
59 215
145 199
16 45
45 183
24 208
2 70
21 56
77 188
134 202
33 169
152 203
61 123
77 216
8 201
9 98
91 192
65 132
61 215
124 201
101 106
44 77
111 178
19 51
66 129
101 146
151 158
57 155
43 191
22 211
117 192
51 166
155 170
21 154
29 44
62 225
59 231
28 114
162 198
14 115
122 178
198 219
89 230
9 120
27 212
82 230
21 143
127 200
16 77
28 68
57 199
98 153
56 119
140 231
144 192
140 155
128 148
107 126
38 111
75 130
25 65
217 218
101 135
5 89
25 63
114 176
38 83
69 191
189 225
90 208
111 147
18 168
116 180
97 151
203 219
111 154
74 184
88 133
73 170
13 205
68 188
14 142
31 123
78 142
34 223
4 128
25 165
160 229
6 147
41 163
97 111
138 202
57 109
51 54
201 211
91 100
161 191
128 204
109 215
1 89
41 210
71 105
32 79
15 53
37 158
48 225
33 201
60 159
123 215
35 196
149 193
62 79
117 119
124 162
58 126
110 135
5 119
47 172
179 181
139 149
43 132
18 108
15 138
10 207
107 203
163 227
108 170
83 149
5 211
106 180
90 224
139 223
3 115
99 203
134 177
49 222
162 190
108 148
12 125
157 162
42 55
95 159
155 207
41 89
54 124
47 145
36 111
4 28
111 196
163 171
110 173
126 226
16 47
72 224
110 154
22 49
104 207
18 178
25 29
105 128
39 115
173 209
139 146
131 183
4 153
16 119
144 189
15 51
85 210
106 123
76 206
34 115
136 224
5 201
96 159
8 121
124 231
139 166
120 146
30 42
36 45
163 216
54 133
19 105
62 123
76 93
109 125
74 113
17 44
132 211
183 223
17 178
33 46
16 106
2 168
195 197
73 209
61 173
43 186
84 122
25 208
12 126
92 117
83 213
128 221
175 207
176 208
66 186
173 180
17 185
45 174
94 182
38 92
14 193
182 187
81 163
170 194
147 225
76 89
56 219
214 223
59 85
5 110
141 231
91 92
144 209
66 141
1 196
33 94
73 203
149 187
79 174
50 96
13 27
51 214
14 191
30 126
0 45
21 47
91 200
111 219
144 200
102 146
18 80
133 179
127 218
9 173
36 38
83 136
106 158
128 230
52 120
75 197
51 174
97 129
114 205
26 208
58 78
36 46
1 38
106 199
12 30
88 222
33 227
25 136
99 217
24 79
178 185
70 159
75 122
42 102
42 62
111 151
45 50
77 83
80 171
30 172
0 192
115 187
166 167
92 184
86 130
63 154
125 188
141 224
133 158
42 206
16 19
143 217
132 220
155 192
25 154
74 123
98 221
112 185
28 105
71 119
167 232
174 209
216 227
23 224
72 207
17 59
20 110
56 157
219 227
46 130
212 227
86 198
9 154
72 136
181 198
155 198
54 144
188 204
45 202
183 193
179 219
96 178
19 71
5 133
48 133
65 226
88 132
19 195
206 213
132 158
40 106
57 224
55 171
129 158
72 167
198 205
23 115
12 18
12 210
115 209
37 184
25 75
113 207
33 63
97 220
172 217
28 200
7 77
135 216
9 128
79 165
120 179
29 137
93 203
216 231
22 51
108 118
32 182
142 204
1 15
126 164
177 179
68 91
34 131
114 119
6 169
34 166
75 223
21 202
92 185
20 39
116 216
107 151
71 160
6 162
102 182
91 156
216 217
33 176
30 230
53 168
66 109
98 179
8 50
92 154
21 83
131 203
191 216
91 160
15 201
3 151
72 171
90 109
138 218
54 82
95 160
192 193
20 172
107 114
98 116
62 221
0 42
1 54
125 215
23 168
201 205
1 19
191 213
32 56
190 224
163 165
121 124
31 230
180 187
146 147
115 128
74 225
160 232
117 198
201 208
120 208
19 190
88 195
18 94
63 227
122 176
87 221
223 225
34 229
170 187
208 222
69 185
61 120
130 148
41 189
187 211
82 88
170 195
189 224
70 73
65 211
155 209
43 97
85 199
24 135
12 179
20 85
62 175
92 151
130 200
4 86
9 197
30 121
0 78
32 126
133 222
6 158
27 221
56 191
59 98
202 225
134 150
80 150
7 19
32 194
20 168
27 166
65 197
92 136
14 96
179 225
3 22
47 191
14 111
88 117
49 220
22 48
4 167
110 170
94 135
47 129
10 188
126 214
76 199
21 164
53 190
114 175
47 142
47 107
140 151
12 224
92 133
71 125
116 133
38 94
147 148
80 99
68 198
18 154
85 135
36 54
160 200
96 148
16 105
26 45
32 71
17 217
1 10
170 215
92 201
68 124
211 225
40 76
103 157
134 137
21 199
50 129
33 230
50 119
36 39
119 183
135 171
63 204
20 202
118 132
107 143
30 152
139 175
61 194
124 223
211 214
89 220
54 211
14 31
121 189
21 227
167 220
174 201
93 107
6 181
3 52
168 223
107 211
54 64
193 198
119 157
45 48
130 147
34 101
195 221
118 200
31 114
91 169
170 211
189 213
11 169
42 209
83 212
142 191
13 179
40 217
25 32
68 92
73 91
33 229
57 164
90 230
117 118
2 200
54 127
156 223
10 92
55 123
181 193
200 209
111 176
33 121
46 167
76 104
158 219
52 175
26 192
85 90
154 155
10 223
97 136
87 195
132 207
85 170
166 205
40 101
22 78
8 137
77 116
94 194
34 47
16 144
99 215
14 133
58 219
137 191
86 123
57 229
29 197
50 178
29 55
7 96
50 103
16 58
39 141
118 130
106 110
6 30
29 198
39 109
38 147
45 46
1 186
141 198
62 130
225 226
114 143
81 202
8 135
27 75
57 83
144 147
46 223
98 164
56 87
143 219
132 142
136 151
6 217
11 81
37 69
9 149
112 224
159 203
215 231
45 184
26 133
69 96
87 94
108 174
112 131
2 155
29 195
59 176
140 166
49 185
48 193
57 161
4 29
68 142
96 100
119 197
14 49
201 231
26 78
91 116
57 106
34 138
70 164
71 184
4 114
152 180
3 194
115 141
171 229
31 194
140 175
54 140
102 187
61 224
5 56
64 99
124 144
127 149
67 150
179 218
5 67
46 162
53 64
50 55
102 109
127 141
22 62
94 119
57 144
164 202
175 218
18 200
37 227
37 50
157 186
192 195
75 121
178 194
38 200
0 48
28 163
35 150
209 210
144 146
29 219
56 196
36 67
25 223
83 91
11 50
28 43
47 73
26 150
97 184
8 124
97 222
73 171
67 131
18 35
155 208
41 154
62 151
109 231
38 96
30 149
6 66
171 189
89 125
209 221
102 196
29 173
92 216
104 129
174 218
107 231
202 203
59 108
62 224
61 97
38 208
58 166
167 200
68 118
37 144
90 168
98 209
18 220
1 209
194 228
136 176
71 138
133 167
68 164
37 105
37 191
196 224
56 193
0 43
58 137
12 168
207 220
140 182
91 136
68 100
139 158
81 199
178 219
10 45
35 102
150 223
62 129
57 178
39 150
79 199
29 53
83 189
62 218
66 120
29 144
181 190
149 161
11 192
21 44
35 207
163 197
37 170
84 197
13 55
3 37
84 171
9 176
76 128
103 135
52 142
25 182
159 191
176 218
29 57
6 18
188 222
186 216
0 215
75 104
111 153
30 73
165 177
191 232
5 8
92 214
60 137
92 228
26 215
203 223
27 97
70 223
23 41
85 110
125 216
67 101
85 191
86 155
114 181
92 134
4 77
136 196
7 84
109 222
18 27
62 211
21 38
48 191
169 184
22 42
4 56
18 52
2 54
38 174
47 175
61 206
77 120
46 221
82 188
34 117
50 124
45 216
70 95
26 90
114 129
22 28
53 138
72 203
58 187
62 142
38 163
136 168
170 184
75 162
181 196
43 46
17 203
67 178
59 102
61 212
78 194
90 103
22 203
7 119
178 216
31 134
86 168
2 23
115 138
179 192
60 138
109 123
81 160
57 67
127 201
15 50
52 128
62 112
64 97
26 211
116 211
108 124
54 202
4 15
169 231
109 165
44 64
19 226
13 131
96 122
17 147
103 167
85 197
122 138
210 216
131 168
82 152
59 205
159 197
50 58
57 152
31 226
62 92
39 42
165 196
71 75
43 82
123 133
130 158
179 223
123 213
18 19
49 122
51 203
5 77
89 101
58 179
90 131
103 150
43 189
32 37
204 221
19 32
3 131
26 188
17 210
173 187
118 197
89 197
0 77
37 168
14 134
95 144
28 93
110 215
16 63
152 159
105 219
51 141
14 103
40 115
53 108
59 164
140 198
55 172
18 28
65 196
6 179
111 175
160 224
35 119
103 218
192 207
63 138
139 170
73 98
38 183
42 163
70 211
110 198
0 37
96 166
174 203
89 217
9 105
68 96
216 225
42 203
39 142
162 176
19 204
148 214
63 96
34 232
74 165
136 199
69 204
128 166
71 77
1 85
54 186
205 229
22 187
27 63
117 166
85 130
135 200
166 190
45 76
5 140
189 208
122 135
76 209
125 151
48 92
9 26
29 124
111 144
140 169
107 223
212 222
54 165
66 225
5 205
5 160
56 79
129 162
29 216
80 215
160 210
70 186
1 142
65 120
96 189
61 226
103 173
7 153
162 214
48 103
160 180
156 192
99 207
18 205
37 142
28 221
125 184
86 173
89 209
35 129
48 77
175 193
136 228
59 137
57 231
109 232
24 227
124 192
41 91
13 143
68 86
101 111
7 37
1 13
43 218
61 190
153 193
140 217
23 69
44 90
29 103
162 194
36 168
189 190
86 120
81 229
50 217
106 132
26 178
32 68
117 207
156 198
139 141
66 188
18 46
4 69
147 165
50 82
113 165
169 188
32 50
45 187
100 208
37 51
11 212
0 166
7 141
45 84
58 120
41 159
58 69
34 202
96 126
63 132
27 176
66 91
96 181
42 78
11 101
29 153
13 45
114 201
26 127
84 143
12 80
14 189
135 193
98 134
77 142
11 97
7 175
31 110
1 23
96 176
190 222
6 178
108 114
141 142
100 219
149 160
127 170
196 217
30 134
8 161
72 89
47 67
157 231
110 158
52 109
100 196
6 55
113 218
112 162
112 150
153 169
162 207
39 92
60 88
101 137
116 208
67 197
57 123
29 174
90 227
3 149
127 196
204 207
22 65
41 177
153 188
83 164
114 133
13 172
37 131
41 205
138 230
55 159
14 109
180 230
77 194
91 157
86 160
172 176
113 208
68 138
147 205
117 199
14 82
124 161
122 141
17 226
49 178
67 97
159 199
22 216
116 170
12 112
1 223
186 192
172 174
54 149
160 199
115 194
0 137
25 184
134 145
46 150
99 100
122 149
66 71
54 195
72 133
58 138
146 228
55 97
91 152
72 151
52 160
39 157
78 151
8 31
52 58
137 163
77 144
16 213
95 230
45 203
21 63
37 73
15 208
92 198
49 200
59 94
152 164
9 82
40 119
8 76
48 113
96 155
14 127
133 164
32 69
45 72
62 70
36 114
44 179
118 143
84 121
100 186
168 180
0 158
55 166
160 189
146 159
161 188
5 51
85 89
138 158
62 127
35 172
21 134
49 79
39 60
64 157
20 195
211 229
198 229
68 232
61 135
145 167
7 79
36 79
45 61
75 219
25 210
30 154
179 186
33 181
46 174
10 143
124 214
187 198
188 211
40 129
96 192
24 75
50 185
103 225
12 207
80 204
86 141
58 218
44 51
35 44
71 231
196 231
13 118
177 210
9 140
76 108
120 187
77 118
51 150
35 77
98 155
144 223
172 208
44 181
130 163
25 199
112 209
17 93
157 210
180 223
97 155
30 49
131 193
12 150
67 168
122 153
34 61
96 204
7 147
24 203
113 139
13 180
20 82
50 137
89 178
92 109
26 47
100 164
179 188
132 192
71 211
58 199
49 163
61 219
7 208
144 193
26 76
135 215
106 163
56 152
136 231
113 161
27 197
37 201
80 92
10 210
24 77
85 126
18 62
60 107
109 153
46 142
140 160
81 195
37 128
192 213
181 187
97 110
124 134
6 100
199 223
152 190
187 193
69 77
8 166
24 91
163 231
107 108
14 42
224 230
159 186
34 89
135 153
162 182
51 195
40 214
84 201
25 131
22 193
23 222
162 202
4 24
88 127
27 214
21 68
80 166
47 78
202 228
33 104
102 213
30 91
116 139
4 79
46 147
13 134
4 13
72 130
123 163
115 214
23 137
46 109
82 169
12 185
155 177
56 127
22 109
11 115
172 229
120 180
5 13
101 228
39 145
14 198
190 225
18 68
33 92
5 217
144 230
31 153
28 165
41 98
56 205
83 144
35 201
132 149
170 220
57 58
49 153
15 66
50 57
28 204
33 206
4 203
71 153
100 111
84 188
54 100
58 71
19 93
131 204
74 138
17 166
43 224
141 165
190 204
179 203
21 133
115 200
47 148
78 94
109 193
6 199
155 175
20 62
29 136
102 119
159 187
63 117
1 63
9 73
84 118
128 201
122 146
142 150
108 222
74 104
151 218
129 148
57 69
90 172
35 230
109 183
57 160
10 83
20 191
16 83
118 146
69 93
66 117
54 231
24 49
110 147
102 232
110 185
78 213
69 100
42 195
16 116
35 43
18 73
183 222
101 160
153 182
47 96
32 158
52 159
68 99
18 109
97 103
27 167
28 108
104 230
27 125
49 172
31 118
94 184
7 217
79 217
45 131
123 218
96 140
55 92
15 226
18 100
88 218
0 199
41 181
33 39
138 182
23 76
115 203
52 57
42 87
36 183
10 63
19 148
123 188
129 149
140 219
0 14
16 124
47 205
117 142
130 223
43 115
109 175
4 10
117 215
16 216
29 145
30 219
141 160
2 199
2 58
109 205
33 171
41 209
32 222
7 184
49 107
124 185
85 121
131 178
22 228
32 208
27 68
47 221
105 223
20 213
182 226
50 133
6 190
155 211
4 59
117 188
82 199
64 191
197 204
81 86
140 143
148 201
24 148
28 216
123 161
162 225
154 228
86 156
52 220
53 69
30 178
184 225
9 76
109 172
116 231
82 221
120 196
49 215
111 223
30 185
19 167
63 226
174 182
26 32
146 198
31 162
117 133
202 210
171 200
157 181
29 52
69 147
67 124
70 133
82 100
26 171
14 185
110 140
56 106
21 194
80 106
9 175
114 184
198 225
109 203
145 206
24 94
77 137
113 126
141 219
197 205
119 209
170 217
59 90
2 173
39 65
127 183
128 163
83 173
21 135
19 197
189 191
155 199
67 87
198 201
79 91
198 230
83 107
33 161
9 194
19 133
95 191
46 180
174 179
43 225
163 166
15 17
224 225
86 226
90 184
170 183
54 138
39 172
85 101
53 207
198 226
111 200
116 199
31 225
112 229
45 106
96 183
119 173
101 164
45 163
17 133
68 148
89 166
93 135
135 227
78 92
167 194
150 203
175 182
56 184
62 164
142 228
157 229
99 166
25 229
56 215
201 202
12 163
41 121
31 188
69 207
13 165
187 231
193 197
128 219
151 187
101 163
117 197
58 62
13 142
37 160
26 164
56 101
55 143
51 75
48 155
24 98
19 75
47 147
32 172
53 218
39 169
159 218
137 225
26 214
103 134
74 81
106 129
104 199
28 146
161 187
8 141
193 196
63 153
132 180
47 94
66 93
38 179
38 211
87 137
96 226
38 188
8 118
126 159
138 199
6 81
60 167
178 222
41 195
163 201
209 220
94 120
117 196
81 226
138 162
86 144
2 156
6 128
55 96
37 98
25 68
57 193
17 209
47 63
40 170
154 181
72 127
46 158
30 180
110 168
44 227
106 116
2 147
113 150
119 125
59 202
206 225
51 169
59 145
27 41
24 114
151 181
128 129
107 193
197 214
53 55
43 150
16 87
56 85
78 90
49 135
4 139
146 185
130 169
95 155
83 116
30 52
106 177
21 218
68 133
90 124
178 199
110 111
145 160
8 103
100 161
84 211
168 232
15 74
197 232
66 210
94 157
196 208
83 119
102 162
29 201
81 112
119 195
91 130
2 177
57 208
9 181
27 164
26 70
60 116
11 155
45 69
130 188
59 150
88 196
34 133
57 154
142 197
94 230
120 158
200 230
44 149
9 218
47 170
88 139
93 211
147 168
157 183
95 134
166 177
79 84
28 35
86 170
148 204
199 200
213 220
1 43
16 151
169 208
127 139
98 150
44 48
3 164
72 73
109 226
31 58
8 80
81 178
61 150
46 90
145 184
127 143
94 169
35 189
75 136
40 159
132 182
32 36
43 119
109 120
140 180
92 113
131 158
21 22
17 213
173 230
141 144
31 187
10 64
4 30
108 196
95 202
78 183
94 95
8 139
152 206
3 173
111 145
11 184
143 151
61 153
185 226
147 196
48 101
177 204
34 215
3 206
107 130
127 144
41 149
15 195
121 139
47 64
94 134
151 167
166 228
190 202
61 78
6 124
5 170
147 203
99 169
59 182
126 193
86 95
22 110
176 213
29 95
113 123
88 108
126 182
160 217
6 183
23 147
92 208
51 127
29 186
178 218
65 72
72 193
229 230
57 62
153 192
66 232
29 185
157 158
75 225
61 210
52 111
134 155
131 169
74 140
129 192
3 112
60 119
143 192
19 230
150 177
158 178
101 140
131 156
51 144
23 61
111 140
73 208
15 68
77 161
74 78
79 169
191 212
86 117
30 217
53 71
46 177
30 132
128 190
84 138
30 59
45 165
13 182
9 69
34 125
18 199
172 221
167 177
114 125
163 187
67 136
113 140
1 42
149 189
33 132
105 222
25 74
127 222
194 204
42 103
85 201
107 184
147 156
68 200
219 224
101 202
1 46
93 191
55 56
52 92
21 171
71 144
97 203
86 145
89 127
137 162
124 170
29 182
91 139
112 127
148 149
8 63
206 212
92 210
71 187
79 212
14 186
59 158
9 148
6 20
30 167
124 215
6 212
54 68
66 190
185 196
22 35
52 69
23 127
90 92
95 218
27 146
48 158
101 138
135 217
62 107
119 198
123 227
12 50
112 154
40 114
32 78
8 53
0 70
56 129
81 154
89 95
194 213
135 168
72 212
55 140
87 206
11 166
21 183
169 205
169 232
48 169
41 57
9 87
113 210
2 229
149 215
86 134
138 174
42 47
19 35
34 39
25 222
9 39
50 89
63 97
50 112
103 199
29 77
139 198
152 192
22 32
148 211
143 173
26 226
67 148
62 119
38 197
114 135
48 197
104 116
178 204
61 201
26 94
122 198
33 67
0 152
6 125
64 65
5 183
194 210
60 206
30 107
116 129
84 141
199 218
148 180
125 181
21 224
134 216
9 232
140 178
107 128
38 221
69 137
148 216
41 122
74 157
133 230
38 158
81 175
91 122
35 82
161 174
8 176
45 116
26 173
177 188
168 191
50 93
88 224
145 154
26 69
174 192
17 221
46 73
67 82
102 117
102 180
167 175
92 205
112 205
85 188
106 143
129 150
15 173
40 50
168 177
102 114
177 196
32 147
11 179
15 67
105 173
164 219
5 59
21 138
13 137
18 96
104 166
20 157
62 136
72 178
125 132
17 103
8 186
46 172
1 229
27 192
90 216
61 107
84 144
172 175
65 214
52 117
71 102
69 181
47 207
41 46
84 205
127 206
55 214
136 150
60 78
5 39
16 54
49 143
43 169
92 227
14 113
36 58
116 209
124 152
144 218
55 195
131 139
94 201
83 186
2 91
53 90
190 213
74 159
155 185
71 83
69 124
112 148
47 155
47 173
94 103
107 136
125 185
177 201
60 157
58 103
46 115
11 12
98 99
121 221
137 176
143 175
143 158
53 156
113 177
59 97
42 212
9 27
148 225
66 155
47 209
150 196
105 189
7 172
77 85
32 113
107 158
134 185
33 119
40 93
7 232
47 206
25 99
24 37
19 52
61 109
34 59
123 126
74 172
52 131
50 172
25 98
27 56
119 153
100 223
167 223
184 223
9 101
137 201
41 107
156 167
24 130
85 138
0 71
192 217
119 126
97 117
55 224
3 176
196 225
40 176
69 182
7 64
175 176
46 77
8 16
139 174
1 158
203 204
101 182
79 170
9 109
68 70
68 135
88 112
14 195
63 182
66 78
51 59
35 121
68 213
20 44
31 104
53 198
66 187
7 193
140 172
108 131
116 210
15 163
28 62
64 198
28 133
63 101
80 81
214 225
36 129
81 210
79 188
199 217
182 229
1 206
14 63
0 205
68 162
99 230
187 196
141 178
69 114
24 189
186 193
78 217
14 50
138 146
173 192
62 208
206 217
58 157
98 143
160 231
149 172
39 220
48 134
0 86
25 192
189 212
79 209
34 169
60 141
86 91
50 226
29 79
20 153
134 208
121 133
18 61
36 61
19 76
126 227
219 231
35 39
15 24
51 132
27 109
195 213
45 47
72 112
43 55
45 62
116 175
42 226
16 208
58 132
2 190
29 164
166 172
37 127
87 108
161 198
82 159
85 146
8 61
9 84
5 63
123 159
14 197
36 72
48 87
89 229
145 212
201 229
5 134
135 202
58 188
151 210
33 51
46 114
23 37
145 163
37 106
53 199
109 144
115 199
152 156
4 21
126 225
77 150
65 201
68 228
105 221
33 62
9 150
125 189
132 138
45 192
115 173
60 97
69 165
10 114
4 66
32 91
172 207
22 26
0 61
4 54
82 116
59 229
185 227
89 177
29 165
156 157
60 199
10 69
154 226
123 135
150 176
113 149
84 85
103 166
77 181
129 184
66 199
4 199
16 231
24 102
44 222
163 223
76 179
187 230
109 181
40 225
24 178
96 206
28 29
90 115
8 18
64 120
77 134
19 191
42 133
93 222
153 162
49 181
6 104
28 30
3 224
20 144
88 163
90 197
31 127
95 154
86 119
22 169
62 101
6 10
19 123
184 215
71 226
99 186
83 167
12 99
8 79
30 112
130 201
130 140
55 231
50 183
36 207
16 86
167 199
177 192
80 158
2 136
7 140
146 220
158 174
96 224
1 197
47 224
31 183
8 218
64 73
110 124
16 79
144 163
37 171
53 145
135 137
35 216
4 211
6 148
139 207
14 179
66 118
3 92
90 97
0 113
77 117
106 149
22 229
77 228
169 216
152 195
89 161
49 91
88 148
10 86
9 228
100 103
13 29
69 212
104 169
7 150
50 64
52 171
71 228
4 130
15 131
90 99
60 152
136 189
71 122
81 159
30 98
62 178
88 104
73 160
83 142
71 114
84 166
64 123
90 207
103 198
15 172
137 190
96 180
30 104
12 46
25 109
73 188
124 213
98 229
44 157
94 178
187 195
72 211
55 208
68 189
52 67
129 167
60 185
35 81
27 74
66 89
45 159
88 129
16 80
12 148
6 161
46 186
182 186
150 151
41 132
34 139
228 231
62 69
128 162
91 120
168 183
69 198
69 133
131 210
52 201
28 123
147 160
19 34
111 159
33 66
34 191
131 232
167 211
108 229
5 151
56 135
111 187
74 208
130 135
90 196
38 222
195 227
13 28
103 154
169 185
151 153
93 165
105 206
80 143
114 194
21 101
78 198
88 90
81 82
32 173
22 204
42 153
31 70
4 36
66 134
89 215
16 111
3 89
124 212
128 220
42 215
101 170
101 148
9 24
10 20
74 213
144 201
159 201
40 48
111 136
13 90
118 156
92 169
4 73
75 163
62 159
120 201
115 183
106 139
96 170
118 173
150 202
127 184
200 214
161 217
56 144
40 164
31 61
211 220
180 182
4 185
2 101
111 225
47 85
113 185
95 161
120 217
159 182
178 190
3 60
180 211
2 214
128 145
22 171
64 159
111 152
119 163
94 113
171 172
51 145
35 97
11 67
203 222
217 225
22 147
1 117
17 54
73 176
155 164
32 116
9 162
18 201
25 231
6 202
178 226
2 191
12 15
18 142
85 95
8 78
111 216
101 191
40 169
75 215
47 185
42 61
17 22
84 133
151 197
124 174
34 76
158 225
158 162
21 25
81 152
142 164
9 50
114 209
172 225
131 165
95 200
100 148
16 195
112 132
25 173
69 160
109 110
91 216
79 146
30 206
44 169
87 198
76 229
67 155
107 146
46 219
114 142
112 231
43 134
44 195
125 224
32 186
1 45
100 128
36 170
42 224
167 222
175 194
118 121
118 178
89 137
78 216
130 232
71 111
176 219
88 186
65 189
7 43
54 230
85 161
51 121
94 195
142 219
6 90
21 96
94 168
145 185
136 190
151 199
46 171
139 182
20 130
46 100
27 98
27 47
78 165
170 210
62 120
49 89
17 199
179 196
106 220
65 66
161 222
17 46
126 148
93 120
21 88
28 184
59 232
104 147
88 91
57 205
144 153
107 181
178 188
33 96
143 164
52 66
8 203
166 226
39 113
189 199
10 187
0 39
5 188
173 179
14 200
153 209
90 113
0 188
47 184
116 126
81 208
106 154
147 207
107 168
135 190
22 232
82 145
43 217
84 203
34 113
65 200
65 184
22 223
4 67
117 162
97 174
97 185
33 72
19 199
13 227
147 216
124 232
116 145
16 178
73 116
67 94
95 105
147 151
9 210
22 218
183 213
112 222
8 98
212 221
42 221
110 164
113 183
92 119
130 159
95 112
8 214
26 50
32 223
118 180
11 197
79 196
76 216
150 217
37 77
31 219
125 227
124 183
134 203
13 101
114 177
48 172
110 179
82 228
130 152
61 231
36 209
1 73
164 182
91 138
0 222
114 159
162 200
33 209
79 184
9 153
31 171
23 145
74 217
126 141
68 72
27 174
28 214
2 80
23 50
25 139
44 49
22 116
18 177
68 160
0 132
16 115
158 166
208 232
35 38
67 118
13 38
126 154
19 108
16 117
24 184
113 115
205 223
151 231
46 160
81 148
0 214
114 162
124 216
42 74
173 213
99 116
34 83
44 211
44 232
47 141
17 156
22 129
94 171
166 178
99 174
132 195
106 135
0 167
34 175
3 80
185 201
183 210
89 193
140 165
208 224
49 192
174 191
154 187
176 214
78 100
23 192
42 197
80 136
29 130
228 230
156 187
203 218
1 93
23 95
42 189
44 201
113 168
59 99
73 159
52 70
80 194
36 184
88 122
38 159
93 166
40 163
90 178
7 151
33 167
105 118
145 172
110 121
81 219
94 225
0 38
49 65
31 231
0 129
160 194
9 114
142 166
121 163
119 182
19 21
61 132
72 205
21 125
163 174
83 111
115 161
13 161
20 76
113 209
9 223
167 206
22 215
152 202
69 122
211 215
12 62
59 72
9 231
14 224
128 218
80 114
45 80
20 104
111 141
95 201
0 81
106 155
67 224
132 214
120 230
35 171
9 121
88 219
63 98
89 198
149 199
73 82
62 231
142 205
171 232
11 147
95 232
12 98
13 43
69 230
81 200
18 26
159 178
186 206
41 160
45 231
55 211
75 185
14 124
116 155
126 208
98 226
14 178
142 177
124 165
22 190
79 152
8 87
112 124
140 232
4 192
108 226
81 170
197 223
101 103
73 224
228 229
68 181
76 217
142 172
15 32
40 180
53 227
19 82
7 155
30 63
25 195
53 86
84 207
48 168
55 186
36 213
120 171
8 19
174 196
68 205
37 65
78 136
50 156
9 142
40 99
84 167
113 148
17 25
111 217
168 169
52 203
215 220
57 185
1 161
115 156
104 203
21 137
187 197
67 152
26 83
89 175
70 102
49 212
195 226
13 20
72 186
61 182
124 220
99 155
2 174
166 214
64 109
100 110
170 204
22 73
132 197
184 230
7 26
60 162
40 104
22 156
130 162
156 184
116 205
108 193
52 89
60 90
28 160
55 67
106 130
20 215
60 102
144 206
59 165
25 201
41 134
41 69
33 166
79 156
193 217
5 148
55 58
22 226
7 161
174 221
29 65
126 157
15 63
45 52
24 60
2 124
155 180
72 76
140 212
77 180
1 66
3 76
92 191
7 134
114 204
89 163
163 177
14 67
29 110
56 124
14 83
93 189
38 104
103 214
42 53
60 182
209 226
195 220
48 213
140 210
84 90
67 207
118 222
66 122
143 214
59 142
80 132
23 213
162 211
47 195
68 134
26 105
39 123
38 87
66 228
28 215
40 165
123 140
116 213
4 182
88 201
98 113
2 97
30 197
32 52
99 209
87 204
86 212
66 106
41 88
39 231
107 179
26 95
135 225
44 219
28 78
36 53
62 71
23 130
23 100
32 87
90 228
22 201
128 172
138 205
5 62
122 124
54 167
45 98
196 210
24 229
5 50
187 204
39 208
150 152
60 150
48 96
168 201
56 128
75 133
46 61
23 183
1 198
135 162
20 171
25 70
150 173
2 227
7 214
22 43
121 165
60 84
66 105
147 159
13 105
5 203
51 118
17 169
72 105
122 140
18 139
91 205
25 115
7 171
127 208
11 96
156 213
67 161
4 109
59 208
6 171
84 153
18 166
107 127
34 153
8 194
197 221
91 126
9 68
91 203
87 104
146 160
57 75
64 98
22 174
161 179
49 75
171 203
207 228
121 190
122 159
69 101
87 222
185 229
68 229
200 210
42 119
44 138
53 54
37 225
64 77
62 110
10 150
26 56
68 225
110 131
107 192
3 87
134 161
0 151
56 102
50 205
57 105
29 90
86 219
77 165
52 169
52 206
21 167
23 29
8 177
19 33
58 221
118 158
11 175
113 225
79 207
98 183
71 137
3 107
26 89
167 193
7 74
50 88
46 148
7 106
13 73
38 46
26 72
37 231
116 167
68 230
91 94
129 159
102 200
78 124
158 186
149 220
151 163
133 199
128 173
191 201
98 126
61 159
138 189
20 23
22 30
49 225
22 83
141 186
72 100
146 227
21 200
20 105
103 104
68 79
1 82
147 171
46 97
13 225
151 188
157 221
79 185
197 222
129 133
118 184
122 162
42 70
45 161
33 149
162 175
67 133
26 120
29 105
35 187
139 231
1 205
15 18
47 124
105 202
104 187
45 96
101 193
159 228
25 153
217 221
50 152
136 227
110 156
157 207
51 104
36 197
139 226
35 135
44 196
193 210
60 146
169 218
58 119
92 167
104 152
0 76
54 190
9 203
21 148
65 231
60 94
74 129
60 230
4 140
106 183
67 210
114 187
51 116
77 173
27 48
16 194
203 214
43 129
91 131
71 165
18 224
18 202
163 183
142 214
41 167
142 200
71 118
24 228
34 84
116 165
9 205
14 98
6 62
0 189
136 198
12 95
21 92
140 154
16 70
150 227
19 155
103 229
65 206
192 196
64 100
74 109
30 113
16 215
8 143
121 198
113 188
166 196
40 174
5 85
21 178
152 194
84 101
23 231
2 183
29 157
29 138
64 138
39 66
61 128
77 121
10 135
162 186
135 167
18 53
39 44
182 202
64 82
134 168
207 210
186 215
203 229
71 206
125 152
46 200
171 205
4 147
152 210
113 124
83 195
5 223
17 187
147 155
18 120
0 41
29 120
66 145
91 197
104 106
136 204
3 32
64 90
49 53
24 150
61 207
142 185
73 215
94 231
12 198
19 160
50 84
48 122
71 210
55 93
15 80
37 61
56 107
90 136
0 115
62 230
142 198
122 167
96 168
152 205
40 100
120 222
164 171
93 187
178 180
48 84
71 192
71 214
107 201
14 128
42 180
163 209
16 167
46 183
44 70
6 157
24 158
10 37
179 215
50 168
134 201
106 207
108 158
125 150
40 60
21 104
40 46
84 217
103 210
20 231
24 128
9 136
102 203
193 199
168 210
67 122
9 86
55 80
40 231
3 153
26 183
82 213
42 64
92 204
31 146
117 135
114 117
126 143
223 227
88 180
214 232
112 200
178 189
43 109
48 58
113 147
66 149
63 122
164 165
206 219
34 216
78 105
52 107
88 177
215 223
134 197
98 169
161 183
185 212
103 113
71 126
55 189
135 229
79 144
79 219
160 207
65 220
106 224
161 200
24 66
174 178
34 90
137 206
63 119
58 202
94 223
54 189
69 179
66 161
34 48
75 137
70 154
29 111
72 134
24 176
85 162
79 182
95 220
112 163
102 221
70 137
218 223
37 182
5 37
108 228
56 121
35 47
176 209
121 206
28 223
8 131
58 186
92 174
60 75
0 146
198 228
147 158
97 219
10 186
49 84
65 222
29 180
14 26
38 176
56 115
19 208
110 203
64 181
166 201
85 149
74 168
65 160
109 187
116 159
9 43
100 117
18 136
31 84
27 152
82 108
141 212
24 61
177 185
9 129
48 139
163 176
128 208
114 223
105 142
98 123
80 214
196 205
110 169
112 149
20 70
87 166
144 158
26 81
74 126
30 47
114 185
17 123
114 221
8 99
61 186
139 218
53 107
46 194
58 194
37 193
170 197
150 164
41 179
159 227
181 228
114 198
44 209
25 179
108 195
51 179
188 199
25 71
46 146
109 176
158 189
55 193
95 181
68 175
28 65
8 14
132 189
45 88
95 211
46 98
15 220
85 182
55 198
112 164
112 115
70 118
102 175
17 205
55 106
162 212
85 157
20 123
13 207
56 178
29 162
88 121
84 108
8 191
96 146
129 168
217 231
147 202
5 180
0 105
34 203
70 207
209 223
115 151
17 141
20 88
154 161
10 176
138 224
51 153
14 56
27 165
95 122
88 188
154 213
79 225
63 111
14 51
34 196
10 13
92 218
207 215
77 105
1 25
118 177
101 227
82 158
32 224
39 79
59 211
41 196
31 73
135 187
13 151
130 156
154 215
94 101
99 170
190 207
8 115
171 220
54 219
132 190
113 127
6 64
78 177
22 52
16 74
121 135
56 90
69 177
3 109
113 146
61 114
117 201
35 210
163 189
107 189
131 225
63 217
14 93
169 217
81 125
84 173
198 209
151 211
96 145
183 226
6 17
38 195
176 228
91 108
32 58
14 118
132 216
87 123
8 34
105 213
26 65
105 175
30 160
84 115
64 86
122 199
148 230
36 50
186 203
170 221
34 44
202 219
112 138
112 220
39 118
48 174
131 149
176 179
127 202
6 176
10 96
17 131
28 179
35 106
31 205
137 218
146 195
42 181
122 152
121 200
28 37
7 58
10 27
146 149
0 2
72 177
105 151
31 131
73 212
17 27
16 137
30 31
113 203
0 135
41 165
4 158
96 172
2 134
10 213
62 179
32 215
83 108
56 133
88 213
34 111
11 204
31 56
24 99
5 138
168 213
19 130
190 198
136 219
208 218
43 227
182 190
213 219
69 92
6 77
128 133
13 123
82 211
95 141
33 183
154 224
200 232
54 157
2 86
133 216
116 164
53 204
201 227
122 217
69 224
61 101
5 83
16 193
2 176
127 171
147 222
33 53
127 192
181 194
166 229
88 181
42 135
104 110
8 11
116 122
80 144
2 117
194 218
12 92
57 84
117 156
162 206
90 177
98 104
94 176
48 183
48 226
73 123
129 138
53 206
141 228
72 84
183 231
5 163
79 81
107 229
71 176
130 216
175 186
137 177
117 120
21 23
95 129
46 156
23 181
120 166
18 56
85 113
8 231
113 222
17 181
83 90
206 231
138 196
38 122
164 184
5 27
10 139
85 125
119 210
19 186
17 188
41 96
11 203
140 227
133 146
87 214
73 148
43 196
5 61
133 184
76 139
30 60
123 192
74 193
98 223
28 82
2 206
24 131
139 142
88 113
137 181
130 164
86 207
70 97
85 206
61 133
90 220
169 203
99 128
210 229
38 177
82 185
44 89
98 101
178 184
146 186
115 147
51 70
31 64
76 220
68 80
68 170
131 164
13 193
35 131
186 197
99 177
81 117
100 179
163 193
51 109
24 231
13 223
77 174
91 170
115 179
79 160
32 93
44 154
89 231
53 119
73 213
55 107
27 69
27 189
92 209
80 151
74 180
23 148
57 226
150 179
7 61
18 86
12 194
64 125
4 23
17 61
70 187
189 204
30 45
136 166
15 170
6 221
172 192
6 223
145 205
4 152
57 64
219 229
25 180
4 55
98 166
83 179
164 193
13 156
24 106
34 165
0 193
52 197
69 71
167 170
32 139
65 161
95 135
187 221
199 222
134 188
169 224
38 231
145 219
203 220
54 178
74 119
115 125
120 147
53 102
146 221
23 105
80 169
108 159
82 198
171 190
12 177
24 138
21 210
18 210
161 206
194 221
64 133
93 122
112 177
11 125
31 232
77 79
20 175
67 116
75 204
90 154
75 227
119 190
21 117
99 159
0 29
6 103
137 147
5 189
16 32
30 176
105 134
195 207
90 102
17 92
0 8
81 215
130 141
60 95
66 96
120 183
85 136
69 70
11 32
90 167
125 211
153 221
12 100
106 169
72 231
59 67
75 147
158 180
2 185
55 73
75 95
216 229
15 70
64 121
24 48
155 165
3 88
57 66
171 210
37 103
95 170
21 139
74 133
72 109
103 126
134 215
81 98
9 144
10 171
175 200
3 191
121 219
47 190
144 202
61 147
49 73
42 162
24 35
159 173
16 196
35 203
90 148
11 112
12 128
14 119
114 206
34 136
154 166
108 155
4 135
67 186
12 53
120 143
103 120
43 122
89 136
75 117
29 117
157 214
71 198
80 149
17 104
10 87
148 183
99 105
44 87
13 136
22 160
18 209
89 129
53 179
99 137
21 59
67 154
115 219
15 123
42 144
123 221
36 216
50 65
30 87
44 97
119 135
147 190
97 188
81 131
135 156
7 68
19 38
19 26
54 228
171 191
9 29
48 157
97 130
30 145
144 185
165 219
99 211
44 186
69 217
158 185
14 219
38 52
5 40
158 204
99 172
64 185
10 194
74 96
28 45
39 62
32 47
108 169
125 226
24 193
39 125
58 228
3 121
14 28
161 169
10 71
57 165
171 225
94 197
54 226
83 104
2 157
69 178
65 133
182 192
94 221
23 177
126 211
119 158
19 104
12 222
52 184
92 163
216 223
37 200
33 130
96 111
75 131
60 112
30 137
38 44
14 32
46 127
43 52
54 60
38 82
47 60
105 190
11 70
106 206
111 165
4 187
75 221
49 54
115 166
74 195
96 188
46 193
108 217
7 82
22 61
37 136
181 182
126 188
136 140
12 109
38 205
22 176
10 84
40 185
75 124
82 134
148 165
9 112
0 11
40 175
123 208
32 125
154 207
101 116
68 83
65 153
54 103
28 103
11 173
45 166
81 153
128 181
172 199
171 231
7 186
117 231
25 150
13 94
37 141
95 229
59 188
33 172
73 157
45 83
2 169
161 220
17 87
56 134
72 232
86 180
31 180
130 230
74 142
119 218
3 67
39 82
5 55
123 186
11 225
70 202
200 229
93 95
49 90
43 44
46 110
68 155
69 90
4 8
35 133
3 56
42 82
121 215
73 96
90 209
98 136
24 50
82 107
72 172
56 91
128 215
55 179
3 46
127 169
104 138
176 224
63 103
149 155
38 206
129 215
81 218
23 143
28 186
31 155
45 146
35 92
61 193
35 105
60 118
139 186
163 220
46 118
20 42
52 202
38 164
37 219
40 117
22 112
134 138
48 166
66 101
60 204
147 194
25 55
155 181
174 225
139 154
151 179
17 211
114 132
10 75
40 45
7 188
6 197
205 231
39 111
33 190
102 105
40 56
84 212
136 178
153 194
33 108
29 84
3 187
73 168
153 171
30 182
2 113
157 203
9 23
44 106
3 232
40 103
47 214
80 147
4 208
88 228
38 216
69 151
37 174
220 222
212 218
107 205
71 174
48 148
112 123
186 214
1 171
77 172
97 196
16 34
73 128
151 178
6 120
34 108
2 92
1 59
140 153
18 78
5 195
10 124
13 70
41 156
6 228
29 218
150 189
75 94
117 228
30 136
37 38
46 144
78 103
43 165
163 219
56 156
83 127
26 145
16 177
100 226
157 232
47 121
59 194
148 182
71 203
109 162
33 127
8 217
149 180
26 160
27 39
23 152
24 146
128 158
78 180
100 195
14 27
159 210
154 199
45 151
34 132
148 202
10 226
30 51
21 110
88 99
145 224
11 137
30 92
47 100
177 230
73 75
20 126
16 202
47 197
63 126
4 176
101 133
124 148
144 145
25 38
58 74
138 194
92 105
84 181
115 176
39 119
1 102
96 117
62 77
143 166
12 159
208 223
47 169
91 119
98 109
41 203
96 102
95 172
19 103
33 99
73 121
187 192
4 214
23 198
37 48
118 174
153 226
30 187
122 133
85 211
23 102
26 123
2 131
131 177
23 202
88 221
74 216
52 118
67 228
39 189
83 133
48 219
3 174
4 193
50 143
122 229
131 141
98 156
180 228
78 129
55 60
162 177
29 54
53 187
226 230
39 148
159 198
48 211
100 153
34 212
61 222
11 213
67 176
9 57
0 53
139 153
25 149
55 72
121 129
88 97
18 72
49 190
135 199
2 14
138 193
29 97
162 231
150 184
56 177
160 185
38 80
5 86
184 200
183 197
215 221
37 87
84 137
69 208
43 197
20 230
130 199
46 55
17 42
22 145
73 164
61 68
70 175
139 184
46 136
46 207
84 200
44 180
3 193
45 89
26 189
11 151
33 198
3 72
35 53
91 181
38 39
42 216
42 77
165 183
103 215
24 155
200 212
16 189
60 156
141 148
199 229
92 121
5 175
9 100
108 209
133 187
33 182
58 220
4 146
85 230
180 231
2 12
71 73
26 101
41 201
47 104
48 76
43 120
115 205
62 184
186 225
92 226
37 153
28 85
139 212
42 83
38 117
17 57
49 175
55 201
96 218
59 131
157 163
27 183
157 230
108 183
147 187
157 195
119 156
71 128
61 81
72 187
3 75
23 167
25 100
76 133
21 42
92 200
34 192
4 52
146 215
5 213
8 127
110 227
151 155
15 103
44 114
64 85
191 224
14 21
45 173
66 75
56 158
204 214
66 159
95 174
23 227
68 87
174 226
25 41
225 231
165 228
13 211
30 48
96 136
128 231
72 164
43 78
99 187
44 63
73 204
43 89
11 123
142 165
200 221
59 139
92 98
69 82
132 140
110 202
71 97
129 137
7 207
14 232
51 207
29 85
96 217
172 193
13 141
186 208
66 172
10 12
96 161
101 151
16 147
72 122
78 112
99 212
61 124
5 192
171 177
39 114
17 192
135 158
31 152
63 175
92 225
31 214
42 91
40 53
96 202
139 220
56 149
17 212
176 203
190 196
102 229
6 16
120 218
49 127
70 190
180 212
60 103
150 195
116 228
152 181
17 113
135 157
7 182
4 88
54 85
22 67
82 207
125 205
87 193
72 221
30 90
168 172
10 196
111 114
51 105
13 41
20 31
131 196
120 199
41 140
4 31
139 173
52 145
114 139
53 170
204 229
90 226
21 78
117 154
159 226
155 160
78 143
16 171
68 215
59 134
37 88
35 208
67 213
102 140
173 190
75 179
125 146
68 231
155 183
73 119
24 202
13 32
70 200
39 122
17 58
163 229
32 206
33 170
111 197
47 198
162 193
25 93
185 225
22 186
207 217
48 66
188 200
113 215
20 74
104 175
112 204
20 43
100 112
70 151
70 228
64 143
81 207
159 208
15 194
42 201
102 216
49 168
49 71
16 73
39 163
104 112
23 201
8 168
217 232
187 226
2 18
26 212
101 153
74 131
71 189
13 168
74 150
116 222
84 219
10 31
77 145
101 218
3 218
31 53
82 154
54 155
80 137
180 214
49 149
103 151
108 153
22 97
2 78
4 104
26 64
153 163
176 206
4 105
44 78
31 82
152 157
145 183
174 217
86 203
24 25
13 92
130 139
25 177
121 126
5 143
41 155
79 99
146 170
22 76
10 204
39 116
41 127
16 55
134 226
187 199
17 184
6 51
182 196
69 106
102 157
97 181
18 151
95 102
70 210
93 97
52 189
132 177
53 142
6 86
83 122
39 182
138 168
171 207
165 224
154 178
181 229
15 37
101 171
72 74
30 33
90 189
8 225
152 219
124 182
141 175
11 190
125 229
7 190
143 153
146 150
83 85
27 180
21 79
24 209
18 41
70 143
140 230
17 202
37 119
99 157
57 148
47 70
57 168
18 90
147 183
60 125
52 154
136 223
66 167
54 106
59 178
61 102
136 161
102 145
19 216
196 218
19 219
10 30
9 77
58 226
89 140
75 150
104 117
70 106
41 109
117 137
87 163
134 232
62 75
21 173
160 179
5 226
78 206
117 158
88 101
57 131
108 214
73 151
19 94
113 211
105 125
108 223
100 145
98 205
101 232
119 204
34 173
78 110
177 186
73 226
73 113
6 21
65 154
26 93
76 176
18 150
75 111
141 154
37 159
187 232
81 138
48 206
5 219
143 200
103 181
53 166
5 44
93 96
50 228
158 221
36 78
8 37
23 170
87 181
220 225
179 195
91 145
68 154
54 131
186 219
45 230
15 160
31 193
190 199
44 81
109 189
143 170
66 130
11 215
47 102
153 216
33 125
154 167
37 232
99 197
37 162
95 206
98 200
39 104
186 202
202 209
139 167
22 155
22 77
122 193
63 102
67 164
150 222
46 175
146 193
48 71
9 158
62 228
75 210
109 178
88 170
202 214
81 149
76 99
63 187
108 200
9 113
74 94
68 216
29 135
1 61
73 149
46 190
110 171
65 147
176 199
169 178
97 140
92 148
6 93
63 185
122 182
155 217
157 209
46 141
104 167
103 130
46 50
33 68
58 189
81 179
21 177
68 103
114 179
206 232
43 70
94 165
20 176
10 178
63 65
118 190
33 147
12 68
118 122
184 194
98 174
110 176
175 220
5 197
55 164
205 207
126 138
37 101
21 127
171 197
117 169
26 170
34 190
106 190
124 167
48 164
68 101
87 156
12 173
105 205
58 160
15 216
88 120
139 216
48 124
76 181
21 146
123 210
177 223
46 108
39 130
78 208
22 209
45 172
27 179
43 104
29 115
7 47
32 211
99 205
13 67
29 178
108 181
108 164
52 97
36 204
6 198
197 231
130 220
9 34
24 187
68 169
116 147
83 218
106 197
87 138
187 228
108 168
7 130
75 106
19 218
162 220
80 175
46 149
82 83
120 232
76 213
139 194
95 101
48 227
57 93
6 68
210 227
112 146
207 226
55 191
103 231
57 219
106 159
84 159
102 202
69 139
37 116
8 192
116 118
47 229
121 130
22 168
28 210
117 223
83 198
91 113
11 227
43 220
28 95
105 195
38 169
141 210
133 218
126 150
175 230
58 224
128 224
179 212
199 215
105 138
107 156
10 182
29 172
31 207
15 205
126 146
100 220
190 191
112 142
53 185
116 120
0 19
36 138
181 212
0 55
35 222
194 202
99 133
82 87
90 119
74 183
188 217
1 153
16 201
5 221
190 194
35 99
38 191
15 165
102 141
8 55
17 77
102 205
33 155
70 112
10 62
169 173
139 179
87 149
32 151
188 198
45 222
92 199
82 117
167 182
35 231
36 65
64 150
201 204
9 212
51 122
27 29
69 115
107 129
70 84
79 193
135 149
14 19
62 161
11 88
8 109
94 115
120 172
135 177
62 191
47 126
31 124
7 22
90 137
42 179
92 207
128 189
44 79
88 215
161 213
27 34
119 185
86 90
1 6
43 158
84 88
94 117
35 114
0 79
84 152
84 184
99 112
39 93
175 229
119 229
52 224
31 191
122 156
24 134
143 226
65 122
93 207
59 113
94 186
26 28
38 172
1 31
21 93
158 171
109 131
31 210
61 198
117 230
62 229
21 106
2 85
1 14
65 143
190 220
99 107
125 210
40 108
44 61
35 67
13 183
48 165
165 180
126 206
4 117
35 73
134 224
128 141
147 215
14 196
139 204
41 119
8 211
209 211
8 106
134 159
176 197
150 175
33 88
24 41
80 196
47 153
130 174
58 94
34 93
35 128
77 78
107 160
70 156
71 132
87 130
98 139
23 110
72 114
54 175
62 104
84 155
92 141
110 120
218 219
1 100
32 232
55 99
76 183
82 84
152 176
49 119
42 149
94 188
162 187
85 141
2 115
81 116
90 138
25 220
120 176
84 107
37 96
22 45
149 162
59 120
3 14
52 174
130 218
11 128
37 210
207 212
56 188
100 218
13 124
32 196
125 192
63 191
72 103
124 195
171 182
74 148
119 164
14 132
141 167
105 187
114 226
90 114
27 91
37 39
82 182
54 97
45 139
17 146
34 69
46 122
141 204
224 232
106 148
27 173
83 106
105 169
53 149
129 198
180 225
7 95
47 219
2 133
24 26
64 211
69 227
214 231
55 180
184 190
82 187
0 136
158 164
45 112
144 180
25 172
50 230
84 124
95 166
3 9
48 212
58 91
119 162
83 169
104 170
51 81
22 196
53 202
54 218
33 226
180 189
85 207
26 111
58 123
1 222
100 106
140 183
42 115
2 148
90 144
69 79
75 88
113 171
50 54
36 118
53 80
26 38
95 222
32 153
173 210
10 65
78 82
87 199
104 232
19 121
122 145
79 159
24 120
76 146
106 215
127 195
105 158
43 116
16 186
103 183
83 220
32 148
1 56
48 145
19 60
147 166
12 201
205 212
100 159
93 153
16 89
53 177
45 140
49 145
50 153
149 165
126 153
76 159
23 132
137 207
113 135
62 199
66 85
7 20
93 126
198 199
121 160
156 199
87 160
121 194
91 202
160 172
181 230
29 208
56 80
18 125
76 130
49 229
4 64
1 47
142 144
127 165
83 183
8 81
63 147
31 57
119 165
10 46
2 100
62 181
35 141
104 146
204 216
83 207
76 88
32 114
110 172
210 224
119 215
189 219
129 201
24 34
109 185
132 164
52 64
4 83
8 64
66 87
63 135
101 156
109 190
29 221
129 139
22 219
47 186
7 28
171 173
80 153
111 117
130 186
83 182
41 168
21 181
85 229
8 107
61 111
33 189
5 17
118 168
110 148
66 168
12 227
103 168
36 187
72 97
28 211
65 208
101 214
90 176
53 143
151 190
32 185
25 221
116 219
92 165
46 96
16 212
73 122
217 226
115 188
165 230
77 208
17 37
29 39
112 210
101 231
42 207
213 224
138 223
14 141
128 198
45 99
72 157
58 100
40 192
75 77
67 221
7 139
161 166
29 226
61 175
82 202
108 149
34 105
115 208
91 151
106 195
19 113
154 216
147 174
49 113
111 119
114 131
95 225
16 40
64 214
69 162
6 56
162 173
0 203
12 121
48 69
17 95
93 213
26 43
94 156
47 117
76 95
88 175
69 210
31 75
29 188
44 136
58 173
157 192
195 196
10 206
88 158
171 212
135 231
46 140
67 188
99 115
44 139
128 160
16 43
18 45
6 40
192 220
56 110
109 213
105 168
72 94
149 207
81 129
46 126
97 121
73 146
128 153
163 169
63 211
91 208
43 177
85 106
22 23
110 181
150 155
77 109
30 53
113 205
124 143
36 40
192 216
31 224
167 208
153 154
98 140
145 146
13 139
153 189
8 43
197 208
15 157
129 155
185 232
5 64
65 209
33 199
196 221
65 136
55 131
107 216
97 161
182 188
70 222
13 71
99 147
104 178
101 136
86 154
4 178
70 157
109 130
72 219
64 145
18 83
151 170
33 194
3 100
128 195
49 201
125 149
141 206
133 139
20 100
115 145
109 223
88 157
8 175
80 170
0 174
92 196
19 173
117 195
15 118
65 128
154 159
16 174
105 176
38 144
192 209
54 154
37 72
35 49
37 169
107 172
46 205
156 166
10 24
7 80
75 83
1 91
45 196
58 134
37 92
209 214
61 229
13 163
66 204
56 131
78 87
132 156
111 226
43 59
28 36
56 125
9 159
82 229
116 149
27 95
0 5
39 53
58 193
71 197
52 87
66 115
179 224
39 76
152 170
140 186
101 169
21 179
64 149
96 154
83 156
111 125
3 21
94 137
118 157
139 160
43 63
25 196
0 63
141 223
0 68
117 171
113 138
3 158
67 120
47 110
11 152
136 226
34 211
35 148
123 212
86 199
79 147
98 191
184 214
32 83
86 220
36 128
155 171
45 193
63 71
131 200
23 64
62 109
72 158
39 210
66 153
1 12
109 200
53 189
68 139
12 14
100 190
17 167
137 149
93 177
7 70
101 205
182 185
110 183
145 148
103 121
84 117
44 55
49 110
12 56
5 22
19 20
164 189
95 133
13 231
130 227
82 226
53 214
83 125
43 54
23 56
72 117
74 84
16 65
39 86
43 61
54 77
42 54
202 229
57 129
122 192
5 123
4 207
12 49
87 141
102 112
20 140
97 210
51 184
71 172
16 52
180 218
102 189
56 94
40 194
129 211
24 200
210 219
98 181
64 141
34 109
145 225
122 168
119 231
35 126
101 194
180 191
3 220
111 150
9 155
161 181
123 127
192 200
97 225
153 198
180 197
25 147
124 193
68 222
55 126
62 124
96 194
13 98
107 177
204 228
11 73
137 169
98 199
110 178
178 223
74 198
78 99
132 137
103 165
15 196
81 151
56 123
66 214
78 222
43 200
134 187
0 190
43 194
116 168
98 106
64 95
9 221
68 210
123 144
29 158
77 219
125 130
23 228
158 231
116 191
28 118
35 93
141 226
126 204
88 141
163 173
22 130
16 103
34 156
20 117
23 58
11 43
154 184
70 91
42 95
19 159
177 191
156 207
57 179
138 208
9 145
85 166
151 229
122 175
132 160
7 42
72 217
25 105
163 222
69 113
38 126
26 232
132 232
113 130
141 216
72 143
6 94
52 148
92 103
167 180
205 221
174 177
12 21
112 159
57 171
140 162
13 203
75 209
206 211
66 108
85 192
79 114
38 81
97 128
91 110
3 130
17 33
9 131
84 142
41 153
76 145
35 112
5 121
151 171
55 168
108 221
171 193
123 145
20 220
126 137
126 174
85 208
122 132
16 134
113 232
106 144
132 157
96 110
189 231
23 166
71 141
19 221
44 151
47 168
20 225
45 78
8 35
5 106
92 146
144 213
70 92
121 191
114 157
31 157
87 122
102 188
17 86
111 149
12 47
14 121
17 183
140 195
19 25
127 197
104 140
47 127
114 180
160 213
124 130
158 183
38 160
112 170
106 176
13 160
170 171
52 231
171 196
22 175
26 151
30 218
115 135
72 123
23 94
23 225
187 200
5 171
38 149
44 168
76 127
179 182
38 107
171 216
55 203
67 191
95 118
28 119
62 121
31 178
128 228
16 35
218 226
23 162
50 121
32 145
16 199
31 190
6 146
20 67
19 86
114 200
146 169
61 66
20 158
119 184
213 214
137 180
31 115
168 219
163 218
34 187
11 199
62 160
140 167
48 161
1 28
90 192
97 141
77 209
36 76
90 229
14 107
80 112
44 126
69 112
49 170
38 59
28 208
11 208
48 68
66 102
79 215
17 79
79 135
18 114
15 178
21 157
82 99
21 35
80 178
31 119
28 155
65 87
181 204
28 100
138 221
171 217
126 217
33 148
101 188
147 230
19 151
24 157
144 191
27 204
2 111
22 127
60 135
8 97
175 197
43 57
178 213
23 99
23 205
30 161
96 190
35 76
1 131
87 185
130 190
5 23
4 76
111 160
76 142
138 147
77 217
127 173
4 133
115 120
90 217
59 136
47 166
53 94
9 177
27 132
26 88
8 58
184 209
110 199
14 120
133 186
139 168
0 23
106 214
61 139
198 210
158 209
195 209
150 197
194 211
52 215
67 158
109 156
42 89
107 222
58 79
82 195
130 196
95 192
29 131
122 227
176 232
1 173
1 232
99 198
165 197
16 51
110 220
61 170
189 228
24 221
15 84
112 227
111 190
81 106
72 199
114 161
129 231
29 202
223 232
108 150
32 103
59 76
22 212
58 172
152 161
23 216
130 181
128 197
63 99
46 178
4 48
47 157
30 68
99 152
11 104
196 198
220 232
16 27
191 211
18 113
49 189
136 191
207 225
156 160
211 226
72 229
82 173
6 175
55 173
128 150
21 53
143 159
35 158
164 179
106 141
85 151
1 70
36 91
53 136
109 182
49 120
68 176
47 187
26 179
12 79
45 68
98 135
121 158
51 77
170 180
137 232
144 175
24 183
207 232
57 97
80 124
21 33
7 145
144 225
5 60
39 90
19 228
6 115
78 168
44 54
105 126
174 186
48 110
84 190
13 229
18 20
111 162
152 182
93 164
77 87
109 207
187 201
126 207
92 164
121 127
61 64
175 227
31 76
54 216
25 57
66 202
177 195
91 214
32 111
104 200
183 227
145 229
135 174
133 183
25 204
45 92
80 86
46 60
3 118
16 21
82 140
76 172
47 216
54 206
69 91
114 151
20 208
42 155
32 65
47 91
24 88
66 218
18 106
42 227
9 166
71 196
32 190
95 187
0 141
35 50
142 170
70 139
136 216
145 151
191 222
119 128
164 227
104 136
19 143
12 133
134 227
21 198
161 202
55 155
118 148
125 187
134 140
123 166
60 106
58 61
52 209
15 116
18 162
164 176
209 225
137 222
10 76
145 222
6 140
56 176
123 219
7 89
32 59
19 57
12 58
122 144
136 139
22 99
138 217
29 80
16 192
149 209
25 45
86 125
27 151
123 197
99 148
106 164
123 150
2 84
137 199
2 219
7 127
82 197
27 89
160 206
60 196
197 226
189 215
50 159
34 72
75 126
51 92
28 40
31 161
24 121
184 203
31 90
11 172
118 208
105 207
36 42
178 201
31 69
109 229
116 148
121 161
67 135
40 172
38 113
15 31
80 96
143 169
192 231
65 215
47 152
125 136
165 174
41 84
48 108
39 54
14 213
131 171
135 206
50 202
95 178
109 211
27 171
54 184
21 151
66 114
148 152
1 67
5 124
100 146
43 90
130 219
61 214
33 100
160 173
89 204
22 182
154 188
28 174
10 115
9 59
40 95
148 200
27 133
219 221
12 226
21 165
175 224
24 100
11 121
54 174
214 219
24 103
143 213
31 211
220 226
129 216
145 166
102 166
211 219
57 74
24 225
136 155
0 50
48 228
35 109
40 68
98 170
30 221
65 205
58 136
21 34
32 203
29 47
185 214
84 204
175 213
47 97
84 195
7 213
46 86
109 191
59 122
27 213
68 121
115 213
97 199
80 110
72 210
140 216
41 75
39 170
14 165
19 80
151 198
20 54
6 41
115 121
182 219
47 54
32 119
100 168
40 91
34 226
52 135
26 48
14 175
46 154
38 71
10 77
64 160
52 54
52 219
166 179
99 138
60 218
168 214
66 226
33 82
51 60
210 217
75 135
103 211
138 180
119 230
50 150
60 198
51 143
1 58
66 123
60 212
29 171
104 151
48 171
52 223
2 202
53 68
69 83
20 63
77 202
80 156
229 232
62 198
122 143
42 154
51 170
13 52
185 197
23 232
222 232
28 229
97 105
46 129
97 192
148 222
74 186
4 61
23 78
41 129
200 211
105 198
8 216
43 92
124 225
92 194
138 184
4 136
5 228
164 217
172 219
162 196
118 164
40 112
139 200
109 158
129 229
104 185
82 97
94 222
55 127
61 79
38 148
101 167
31 197
95 214
69 155
147 154
100 224
152 173
170 186
7 13
69 156
152 199
102 148
164 180
230 231
43 147
113 152
10 195
145 216
42 109
134 217
121 156
110 114
92 139
95 184
101 115
70 83
142 147
155 226
108 177
87 151
128 164
28 75
51 154
20 182
0 66
78 163
2 39
112 169
116 207
17 220
48 149
62 82
102 167
199 220
197 210
81 123
81 136
127 147
29 207
104 145
23 104
81 144
143 144
58 142
52 222
120 127
87 217
49 195
26 29
39 87
60 101
60 219
10 183
6 122
6 160
26 167
77 189
14 25
56 93
54 213
163 221
95 190
14 201
6 193
63 171
104 124
38 168
74 205
101 196
32 123
137 216
186 232
167 188
50 70
146 151
105 139
31 216
185 223
78 178
128 191
105 111
49 230
97 131
84 154
78 113
38 193
135 150
79 104
212 224
22 220
77 166
115 172
42 93
51 224
44 122
8 44
33 168
39 206
133 134
103 122
13 219
56 103
27 210
11 148
143 193
157 228
64 68
68 127
34 210
194 196
17 117
91 199
19 203
102 212
59 138
137 220
98 122
36 185
36 217
117 213
215 217
73 103
24 101
131 140
33 58
138 141
56 86
17 177
4 6
16 131
101 126
9 119
19 224
171 176
143 190
26 221
106 185
108 178
115 207
77 129
107 173
4 80
41 204
56 173
4 172
172 223
1 50
8 184
44 56
37 212
69 129
7 83
96 135
81 127
121 216
74 105
148 213
62 126
36 164
46 181
41 161
3 51
71 90
46 188
9 107
23 206
9 10
36 193
64 156
4 95
63 130
26 110
43 203
107 157
56 163
44 185
59 198
137 188
23 175
92 142
19 74
51 126
178 227
12 107
52 86
0 6
60 191
11 210
104 192
43 98
63 229
7 189
48 105
38 192
197 219
28 145
81 165
2 189
76 105
41 78
118 175
97 182
9 17
112 221
30 141
45 54
43 94
14 55
4 89
171 204
22 38
0 177
53 106
102 118
38 116
166 185
43 126
11 201
141 147
5 15
38 110
187 227
42 143
9 219
12 77
110 134
11 158
22 44
181 205
66 72
32 94
34 102
21 103
67 174
55 77
160 182
142 230
25 61
48 200
9 46
58 88
173 204
1 87
65 163
0 204
30 135
43 161
87 171
36 169
97 173
105 192
11 52
108 145
122 189
24 166
9 60
50 160
52 68
128 217
56 74
6 229
113 142
70 81
66 112
165 223
57 135
92 202
128 142
17 18
3 192
190 193
127 194
166 168
29 161
26 231
11 99
169 171
127 154
97 132
58 118
44 82
5 164
74 147
129 217
105 107
160 181
36 83
42 84
10 151
188 209
153 159
1 144
148 160
6 74
172 212
99 200
78 88
18 216
115 211
2 221
153 176
171 214
130 154
88 154
33 204
17 132
46 161
101 157
202 205
77 110
17 138
48 163
69 126
24 136
50 229
76 170
21 187
67 79
17 120
43 151
106 230
33 157
118 185
56 195
107 133
99 140
176 230
78 114
85 117
155 161
178 183
64 229
109 166
62 203
94 226
56 82
40 57
46 84
201 214
109 126
0 4
151 216
96 128
144 211
125 178
112 125
47 176
72 147
15 202
3 20
41 174
189 232
128 147
31 63
26 103
158 188
84 178
160 174
95 175
106 137
51 180
12 175
153 191
41 145
157 202
16 157
23 55
201 209
55 177
53 164
51 86
19 22
28 232
44 206
111 129
78 210
96 105
73 227
189 209
131 134
33 214
195 222
188 221
86 205
140 148
140 190
154 171
82 163
42 68
8 123
86 171
125 207
128 167
146 184
173 212
60 147
31 212
17 35
9 225
60 211
101 132
20 52
84 168
66 154
92 177
123 158
11 127
67 125
33 105
33 184
0 208
49 94
120 227
94 151
121 179
10 102
181 232
77 159
27 110
72 98
77 139
120 129
85 176
28 77
131 145
133 154
26 225
129 207
18 208
27 52
176 200
109 161
34 142
87 174
9 14
13 24
2 56
11 218
159 215
36 153
31 117
126 221
124 131
30 56
141 170
18 231
207 224
15 33
41 56
87 208
72 185
8 45
91 227
103 155
101 178
34 171
13 173
110 195
106 182
35 59
159 232
32 149
21 163
30 169
78 89
109 157
44 200
123 157
34 82
29 154
65 129
148 224
138 177
41 73
39 218
84 127
20 121
103 133
27 136
192 232
144 150
50 126
175 228
51 188
120 224
63 165
43 206
146 210
15 115
31 125
95 223
54 57
85 160
52 158
30 186
28 212
122 129
28 59
44 171
136 215
150 163
8 102
65 138
23 74
88 102
92 129
44 207
91 93
27 158
87 97
60 155
134 191
53 76
82 214
93 142
14 216
44 125
38 203
36 90
22 148
5 202
37 66
161 186
36 232
65 96
6 87
150 208
200 213
39 179
98 148
21 213
208 221
216 219
148 212
17 216
49 232
126 175
98 204
87 184
100 154
72 75
42 101
1 105
16 59
27 59
19 163
34 97
153 190
64 225
182 205
49 199
91 189
51 52
87 88
76 171
12 102
79 220
111 215
0 197
141 197
101 226
75 182
88 189
35 160
120 148
11 211
23 189
223 226
18 174
190 200
1 113
163 224
8 92
118 123
65 109
75 116
9 224
54 221
131 142
178 208
151 214
116 229
25 161
21 97
93 167
2 225
3 71
84 157
206 221
132 226
96 210
201 225
14 101
202 223
11 21
115 136
225 229
3 179
105 153
138 164
103 114
16 122
71 106
140 211
7 38
85 156
176 201
146 219
120 168
20 136
137 155
31 140
72 191
39 67
16 188
81 137
17 228
57 127
39 69
94 175
88 198
48 136
108 188
132 184
105 183
0 191
114 219
37 74
135 223
54 65
110 136
96 201
6 151
99 162
146 216
41 49
88 94
49 218
77 94
89 164
153 211
20 36
82 111
16 227
45 102
44 80
115 226
20 166
52 147
111 180
126 152
43 83
37 115
21 81
218 227
169 227
22 105
170 218
57 188
34 151
123 185
100 113
62 106
34 103
39 55
24 52
1 116
119 178
44 194
40 42
22 69
39 196
53 216
19 166
13 40
3 171
102 165
48 214
43 139
155 196
64 158
105 164
226 232
64 170
3 27
44 140
94 149
9 186
40 155
45 185
75 172
32 66
42 100
103 110
156 208
2 47
55 128
54 102
141 202
45 223
188 220
85 91
85 225
227 231
99 218
45 125
78 150
85 164
47 81
57 73
27 49
48 224
3 11
67 203
178 210
26 137
19 43
61 75
10 16
119 127
33 117
160 176
23 186
75 148
61 96
118 203
3 85
45 144
112 158
161 199
45 93
137 214
157 225
18 93
38 84
52 226
135 224
2 63
95 109
55 64
13 33
50 118
1 191
87 89
177 219
32 178
51 63
1 214
8 172
164 178
126 133
134 206
1 77
20 196
149 206
125 164
64 102
1 132
21 206
150 178
80 108
45 87
118 202
84 199
127 185
113 172
35 179
70 209
98 184
88 220
43 190
85 148
83 148
86 142
10 163
110 153
36 181
173 199
33 47
149 182
47 72
100 230
119 226
74 90
141 217
24 54
60 171
99 101
70 125
16 30
43 184
38 232
68 165
150 206
13 159
37 218
49 184
130 213
34 68
5 10
8 126
22 89
93 150
57 182
45 129
41 50
126 232
13 51
17 101
22 195
94 166
30 227
48 100
13 64
47 89
101 139
118 218
99 126
118 147
9 56
108 175
44 156
32 82
46 203
98 178
0 116
108 115
119 212
40 128
14 130
118 169
79 111
75 98
24 76
52 55
166 194
21 62
84 172
89 142
5 53
86 183
47 194
56 160
174 228
61 77
183 207
45 208
49 139
66 69
56 145
209 231
57 94
126 134
129 188
130 133
37 134
46 133
104 215
90 93
205 226
28 51
50 141
175 195
6 25
215 224
104 132
49 182
30 39
151 203
144 195
25 151
122 170
82 186
59 190
134 153
133 136
2 158
180 232
21 211
82 153
48 73
4 166
52 186
70 165
93 202
53 101
67 139
0 93
208 229
160 165
171 211
127 145
75 220
50 180
52 225
16 38
10 66
26 131
81 91
97 204
62 133
24 80
159 219
7 63
32 156
81 221
66 227
34 213
72 148
135 151
27 112
7 158
51 189
83 105
8 22
14 39
93 100
17 64
10 48
74 137
76 224
23 176
7 168
125 167
10 116
25 160
33 217
7 125
30 183
10 113
68 153
13 174
15 137
108 119
44 46
10 133
23 27
91 132
18 223
7 197
72 206
55 205
169 211
68 143
63 183
55 165
43 101
100 194
145 207
164 198
103 203
132 205
62 81
35 83
152 165
0 128
96 207
165 184
106 160
164 167
32 154
50 120
33 89
175 198
140 197
38 209
155 157
99 180
188 229
62 173
19 91
20 84
29 56
35 204
13 44
52 76
64 136
14 38
141 230
111 130
53 203
87 203
193 202
67 201
21 155
14 75
67 231
38 212
21 71
103 148
59 119
196 213
36 214
102 121
75 151
9 137
89 117
161 190
127 220
79 106
23 84
101 225
31 132
62 174
148 163
38 218
81 132
92 94
120 174
119 161
72 225
152 188
13 153
35 221
25 162
87 226
113 118
16 229
74 82
124 126
36 133
53 172
66 208
14 171
64 179
47 138
58 110
0 40
78 115
24 73
73 161
35 100
26 216
129 228
3 138
84 96
107 140
10 112
46 106
223 231
121 136
3 54
41 150
15 179
74 115
95 139
3 202
36 97
174 214
97 116
62 74
151 168
169 229
10 29
121 123
144 170
4 18
76 158
80 189
114 232
51 73
68 217
22 166
210 226
8 198
66 178
63 158
35 180
68 206
10 33
57 187
49 137
37 107
134 164
6 109
54 94
136 169
201 224
31 32
2 232
113 189
4 184
54 80
111 124
90 198
17 90
57 159
67 206
1 122
104 206
89 156
123 151
212 230
22 177
127 231
44 197
105 188
125 198
14 97
5 7
99 232
76 101
29 87
39 158
14 153
42 213
91 188
75 114
194 226
63 104
38 53
74 209
60 161
109 179
42 49
127 174
138 186
88 150
140 159
34 46
105 228
167 191
173 221
141 180
81 197
120 135
48 209
73 95
51 55
100 207
36 135
29 175
140 157
39 194
81 225
146 208
36 77
136 202
12 178
49 165
222 224
47 213
147 229
1 8
112 175
141 220
129 142
2 217
135 160
151 180
104 221
122 203
73 217
103 108
11 86
39 63
147 178
52 194
124 198
17 80
148 174
93 176
19 172
80 122
0 75
74 152
42 107
41 199
157 171
74 207
32 138
119 124
27 67
18 183
30 214
72 85
91 201
151 221
57 101
137 159
17 53
22 164
128 174
50 128
143 163
57 114
170 232
180 213
117 202
45 219
144 172
51 76
44 205
224 227
166 199
1 84
118 221
5 78
57 102
85 189
199 225
28 126
24 179
61 115
83 199
27 123
54 162
58 77
67 219
89 133
32 144
53 130
0 49
3 190
159 181
23 108
18 203
19 211
72 216
106 151
159 214
156 226
63 222
53 225
79 204
10 54
64 186
46 196
84 100
201 232
154 162
111 142
189 230
128 170
152 162
8 32
7 222
63 142
25 140
112 197
11 22
122 123
87 209
79 148
31 158
64 67
59 187
204 226
172 177
38 99
8 111
75 134
78 83
38 129
107 154
89 119
29 225
130 210
23 123
76 148
28 169
105 114
77 146
44 177
22 134
68 116
15 100
7 177
3 213
158 206
99 190
97 191
117 159
107 110
113 194
182 213
203 211
22 86
31 150
24 216
144 174
21 31
63 166
110 151
9 18
6 106
74 197
79 122
132 229
3 196
131 213
1 79
18 175
82 144
58 122
150 171
60 65
85 134
74 122
74 174
73 145
20 199
27 139
138 187
108 147
127 181
8 224
177 203
97 214
110 165
41 141
41 143
90 158
71 100
22 40
146 167
95 150
49 219
13 50
43 230
147 149
93 154
125 230
20 90
171 198
46 123
59 123
142 158
43 127
75 76
118 201
26 161
89 99
146 175
26 113
21 176
190 215
115 162
132 134
5 158
68 183
81 180
34 88
37 58
37 188
36 96
45 57
100 170
18 169
15 221
151 156
137 192
94 228
37 71
139 140
8 202
59 226
123 128
16 152
83 117
52 133
161 229
116 225
186 230
86 189
58 164
33 175
29 177
94 198
177 200
98 198
180 224
56 76
149 216
94 139
28 116
6 11
64 80
11 176
154 175
43 138
106 134
41 104
3 175
74 108
50 196
136 147
84 146
42 150
43 87
63 128
32 205
41 200
60 126
95 231
11 102
41 47
149 197
61 187
46 134
74 124
101 159
65 83
147 176
11 80
34 127
85 153
63 145
26 124
84 110
91 150
62 202
29 125
22 210
121 199
90 161
33 153
173 176
8 160
97 139
33 84
90 123
24 107
28 147
145 175
112 232
147 232
15 176
142 175
189 201
54 232
108 173
29 149
68 204
28 135
47 53
72 104
18 60
66 182
53 135
60 123
171 180
77 220
13 146
53 144
50 101
50 123
81 182
132 133
24 223
33 135
54 79
91 210
12 129
92 149
60 108
117 141
6 58
107 122
1 96
78 104
138 188
94 106
128 202
93 232
17 65
40 78
126 173
100 209
65 167
86 94
41 79
197 212
74 79
164 186
23 87
48 51
93 210
61 136
53 81
172 218
72 202
139 164
142 194
43 181
73 97
57 212
150 224
51 108
176 231
3 49
177 211
10 208
88 159
2 36
32 155
55 87
116 123
68 223
35 232
123 182
148 155
105 115
165 189
139 150
55 148
9 94
81 158
9 178
71 127
4 231
145 209
65 182
146 203
145 162
88 166
33 139
13 209
183 224
89 202
119 214
148 198
174 181
46 56
33 185
57 80
10 231
1 57
96 215
30 139
98 193
33 228
75 156
51 149
8 21
174 202
219 228
46 51
39 193
117 222
163 215
53 98
13 145
36 106
128 199
127 191
134 228
94 167
60 158
9 184
108 172
135 139
27 186
41 164
73 154
37 54
90 106
94 130
60 66
80 219
57 86
38 109
95 107
146 204
11 61
90 157
117 125
85 99
47 177
28 81
60 195
225 227
21 49
143 167
110 160
2 98
36 119
100 217
49 202
43 154
112 212
7 14
168 218
18 153
34 231
166 230
4 168
91 99
72 181
93 133
172 224
6 214
166 171
38 227
65 178
25 197
96 186
45 110
149 203
7 131
8 222
29 96
35 215
26 115
132 224
31 126
103 146
184 207
171 179
56 174
104 163
20 111
17 47
111 121
19 157
56 98
26 134
36 62
129 225
75 120
114 121
99 149
32 169
205 216
28 121
99 222
130 132
27 228
11 108
86 231
42 43
2 132
52 166
145 187
92 168
122 209
0 62
47 208
1 150
32 62
84 102
65 126
97 232
93 144
76 153
46 113
178 224
43 111
121 140
61 160
8 93
153 207
140 174
65 164
163 217
133 228
10 68
37 78
148 175
129 182
46 92
152 215
39 49
17 198
4 161
24 28
0 111
25 69
136 192
184 195
64 122
5 116
138 160
42 165
129 172
77 178
53 153
4 138
63 221
168 207
15 146
3 161
105 218
54 113
57 79
25 145
170 212
81 222
80 164
37 187
115 202
90 195
71 154
73 105
188 225
33 146
40 213
117 209
107 152
74 158
124 150
6 31
10 57
129 145
11 165
34 150
79 92
99 167
100 162
106 171
14 204
13 62
7 102
54 117
4 124
3 203
25 159
17 218
105 129
59 109
1 152
204 209
74 228
99 132
111 212
96 121
59 128
14 220
24 108
34 43
1 194
194 215
99 191
0 157
68 140
37 122
52 200
55 153
22 205
27 105
208 230
74 203
165 204
35 224
174 189
80 227
46 135
34 183
196 202
100 129
75 86
20 75
32 75
96 119
103 187
144 169
140 214
87 143
23 121
28 111
110 159
35 118
27 161
104 109
35 200
38 134
77 141
34 161
4 92
45 130
78 185
16 207
129 197
46 53
186 198
14 139
167 205
49 158
51 151
57 207
69 121
20 127
95 123
182 207
135 194
22 60
88 149
18 198
40 133
28 209
101 220
109 194
94 152
176 216
167 179
49 106
49 151
0 9
116 146
3 42
68 150
105 211
87 110
61 195
170 200
119 225
99 130
14 66
56 227
82 132
70 93
126 142
5 120
25 183
70 140
160 208
25 33
27 66
75 108
16 18
32 101
58 210
13 177
178 192
31 52
30 83
181 231
7 219
89 201
142 195
121 197
112 113
26 57
165 170
61 127
112 126
4 60
144 222
11 40
5 200
156 231
115 181
25 106
5 66
8 46
79 128
4 210
203 206
56 192
150 201
123 180
53 115
40 72
3 170
72 129
5 101
73 109
145 157
132 218
72 214
63 80
118 134
63 78
49 140
13 18
179 193
28 203
115 204
173 188
112 134
107 202
42 67
117 176
22 80
134 157
121 224
17 170
137 219
199 205
9 122
95 226
1 172
12 140
63 87
117 134
94 208
20 181
24 96
98 157
40 110
137 184
155 182
54 191
81 174
43 160
13 170
24 220
35 75
65 95
14 20
76 94
20 91
74 206
2 107
6 222
1 16
107 232
49 62
100 183
114 144
210 223
63 112
106 196
19 58
90 185
10 149
156 197
7 36
87 121
91 97
4 194
40 206
27 127
115 133
118 171
37 229
40 230
143 218
41 67
150 205
53 58
48 147
134 205
61 76
9 216
50 117
1 104
90 135
190 226
80 105
154 229
133 226
117 164
87 129
17 28
127 210
79 95
174 184
155 158
4 205
47 150
0 218
0 181
228 232
100 212
6 121
196 222
31 148
110 132
48 70
67 182
47 83
139 222
181 189
91 224
41 87
167 174
107 212
56 231
23 218
20 221
118 138
0 101
27 114
204 208
137 224
9 65
52 216
15 186
32 141
156 218
211 224
109 192
133 185
119 177
117 205
67 226
41 225
23 82
110 142
41 111
72 165
161 214
7 12
213 216
73 142
130 151
186 220
23 199
11 183
96 103
45 169
87 132
9 117
111 143
46 74
183 232
203 207
201 220
92 215
151 209
94 153
129 152
74 89
34 67
70 158
73 132
48 67
118 126
42 223
37 91
226 229
38 133
79 107
178 225
128 159
172 189
29 78
33 218
55 101
41 208
179 226
30 76
64 137
135 232
118 194
85 123
136 185
41 81
58 177
84 111
122 190
18 181
112 117
119 207
142 168
112 195
53 60
165 222
125 221
69 229
98 142
98 186
76 119
51 172
37 46
93 157
156 221
72 144
27 122
78 202
36 71
6 177
212 216
56 72
65 210
168 175
93 118
133 182
93 204
117 221
130 194
107 186
11 49
19 41
167 178
110 197
79 94
27 40
67 157
45 64
2 119
115 222
159 231
84 149
14 152
35 69
96 149
35 144
2 93
181 223
41 170
159 211
1 140
45 114
65 212
70 72
185 221
98 110
53 114
18 222
101 165
29 155
101 152
6 141
157 185
6 119
93 181
130 171
4 74
74 155
10 28
62 132
93 127
19 184
141 157
209 228
66 207
137 194
4 62
36 112
101 118
189 211
130 197
115 164
27 90
129 210
14 59
12 157
73 147
128 232
42 170
63 76
74 102
125 163
23 91
96 114
48 190
148 167
62 128
54 200
23 31
45 73
168 199
117 167
36 126
14 156
110 191
22 55
101 150
95 197
20 219
11 118
121 207
119 155
150 167
114 134
93 208
97 227
30 41
157 173
135 197
62 232
45 142
124 175
211 212
2 123
62 172
134 180
17 128
58 154
122 186
144 231
13 84
84 202
105 165
20 224
45 225
27 71
34 182
25 216
3 231
111 186
78 107
90 164
18 133
103 144
10 170
173 228
23 28
23 116
10 130
111 214
67 220
208 219
220 224
56 95
86 137
12 187
131 184
23 43
196 197
97 200
43 166
110 123
154 176
50 171
46 184
16 33
26 59
20 211
108 128
56 168
3 8
24 132
46 132
93 219
139 232
76 205
123 207
129 212
78 145
47 227
173 214
22 100
167 168
60 86
191 210
104 127
162 208
17 144
90 130
149 224
84 92
49 66
53 184
43 117
95 195
48 140
152 197
120 200
87 194
120 177
44 57
12 134
4 177
119 144
59 63
37 132
43 212
30 188
61 84
46 107
115 180
82 193
44 172
6 191
32 53
42 86
10 181
9 164
43 152
86 214
83 223
135 203
76 175
140 191
52 119
0 196
20 173
180 222
41 63
137 143
128 156
85 93
14 145
36 150
1 211
0 200
56 92
52 173
44 214
6 92
31 109
95 103
75 214
174 230
141 187
95 142
70 131
5 157
129 214
111 192
186 211
41 228
91 144
51 158
71 217
206 224
65 78
92 181
20 203
33 207
6 105
129 143
41 68
82 172
2 216
60 140
98 197
8 210
37 129
55 183
63 205
69 75
97 213
22 133
27 85
101 110
59 65
105 109
91 226
113 144
73 110
13 97
20 142
14 176
54 73
87 100
192 214
1 90
55 108
141 193
100 203
68 146
26 126
90 122
65 156
16 95
112 145
82 120
128 205
148 229
93 128
12 33
9 89
25 120
133 163
140 204
39 77
88 197
29 109
143 187
27 230
120 209
20 109
119 189
51 134
92 195
40 232
145 215
12 69
111 115
89 97
95 116
28 143
87 183
50 92
4 151
12 115
49 126
7 78
154 220
83 134
32 57
152 184
54 176
14 92
11 186
107 194
53 173
39 195
185 213
20 68
76 189
51 202
81 157
63 106
63 225
66 179
117 155
92 159
66 142
141 199
149 231
64 161
2 215
35 177
32 107
114 197
79 80
41 152
154 160
12 76
72 78
4 101
20 193
17 102
71 95
63 213
215 227
50 197
24 111
53 154
78 192
19 152
7 39
166 182
1 20
17 98
161 192
124 228
112 189
52 98
17 60
12 17
77 171
44 220
24 141
97 147
19 69
129 178
0 60
134 166
58 223
48 160
169 186
12 166
188 191
20 139
105 191
78 207
92 96
35 113
37 199
199 221
66 111
103 128
104 164
160 225
24 38
97 231
13 85
52 121
184 196
155 178
39 162
54 166
176 192
76 196
72 190
198 202
69 99
25 142
75 109
41 108
11 39
183 201
159 174
215 228
61 103
18 51
59 73
39 146
67 115
155 197
27 159
98 218
71 171
2 154
19 48
116 186
118 225
50 201
113 164
140 202
150 190
16 64
54 126
45 137
1 220
188 227
26 62
83 208
120 188
3 162
57 180
202 212
28 60
60 178
124 209
121 153
149 196
161 216
20 222
195 223
62 155
165 167
7 72
191 219
98 132
197 207
84 183
136 142
27 168
54 141
30 175
20 60
69 80
38 214
65 140
33 37
79 129
70 99
202 207
186 221
187 223
51 215
4 232
42 122
40 123
57 225
42 120
72 182
33 179
80 191
75 176
108 122
50 53
45 171
135 176
157 211
148 217
167 187
203 212
85 105
26 175
58 65
19 95
49 52
103 164
2 62
24 168
53 175
139 159
1 5
120 161
181 188
79 85
57 90
70 145
207 230
143 178
77 179
59 207
60 224
36 171
123 139
196 199
20 96
186 228
43 67
77 151
6 48
3 230
112 122
12 219
135 164
40 77
7 113
5 174
51 62
13 46
115 186
126 184
73 231
76 178
27 103
19 92
210 221
100 125
165 185
86 97
94 147
92 172
168 190
26 96
52 177
166 213
37 143
77 123
64 70
166 223
11 62
124 181
23 169
23 119
106 226
85 127
30 80
136 171
43 146
80 208
63 149
73 86
174 197
21 69
124 221
99 151
79 108
40 71
59 163
15 168
98 219
190 221
4 213
86 211
109 201
43 215
73 206
137 196
3 48
25 232
82 166
106 127
55 199
65 150
101 199
68 147
50 231
128 151
4 159
12 184
65 104
83 196
187 224
143 188
37 52
187 208
45 182
2 25
137 226
125 220
24 167
4 223
31 59
147 221
33 75
54 185
103 153
118 192
112 139
168 216
94 140
26 53
91 171
158 160
218 229
101 184
48 137
40 220
56 84
43 95
1 126
66 94
7 157
36 87
49 154
133 142
118 155
91 174
86 113
51 53
6 107
35 72
7 29
0 26
114 163
4 19
105 135
103 177
220 229
89 123
168 226
118 207
16 99
97 122
33 56
156 164
167 229
26 77
84 87
27 225
68 191
35 153
85 202
54 61
86 143
126 151
101 141
7 23
51 100
32 192
31 48
120 213
161 232
100 134
36 108
5 35
1 213
6 7
78 205
63 231
29 106
67 130
32 124
76 77
126 132
12 71
169 221
80 94
53 100
133 137
22 102
0 212
102 183
87 172
146 225
102 107
74 151
190 209
23 54
37 230
120 214
126 212
67 190
89 188
48 106
23 117
15 107
56 147
71 79
17 115
169 219
123 129
154 225
62 154
31 74
17 194
94 107
89 216
20 162
160 204
67 119
96 177
81 97
50 218
59 153
136 207
5 91
28 56
99 181
95 147
134 207
0 123
90 169
144 165
13 117
2 69
66 70
94 219
18 195
11 34
36 47
33 173
188 201
104 228
55 81
126 215
88 143
85 221
117 144
49 97
15 210
25 152
84 180
145 214
113 221
102 155
127 167
52 210
170 189
195 211
153 229
108 192
5 104
13 190
3 62
24 181
203 230
116 151
56 81
74 227
94 173
136 180
133 220
116 195
42 69
50 111
28 220
124 137
64 203
16 155
179 229
123 194
78 214
68 174
3 228
4 165
87 116
146 152
95 143
103 136
1 120
50 107
6 127
65 107
55 187
120 123
104 182
39 78
21 55
2 110
216 230
62 209
23 138
57 111
46 59
109 115
51 171
17 91
4 91
19 206
25 175
65 223
108 140
164 172
159 194
74 149
215 219
86 190
79 213
8 66
0 98
174 224
70 82
8 29
31 174
106 112
111 198
25 53
139 209
3 16
58 190
120 223
99 231
27 93
163 204
42 125
105 136
89 92
19 171
51 58
1 86
3 30
114 145
74 189
2 180
34 60
41 58
106 172
133 162
112 179
157 159
0 96
7 229
15 228
116 131
28 102
105 179
28 140
1 48
104 154
168 212
9 193
95 163
4 102
59 91
59 156
4 26
49 177
20 92
178 181
8 134
105 197
1 160
86 87
162 163
167 185
37 139
144 171
102 219
78 226
26 112
218 222
3 95
24 160
20 115
35 206
93 110
171 188
198 220
71 134
126 223
163 200
80 232
111 207
27 46
50 85
145 174
2 163
106 122
150 209
39 232
112 128
114 215
214 215
16 142
27 130
86 162
19 49
45 152
22 192
49 83
101 119
59 101
180 193
104 229
49 103
30 66
46 204
22 222
98 168
26 106
12 144
58 167
9 115
46 52
3 211
47 68
11 134
48 184
36 201
116 135
213 225
26 182
31 111
1 75
158 181
27 83
72 213
124 206
144 156
64 118
22 149
45 53
25 37
108 138
98 231
42 230
79 103
86 159
26 147
38 173
60 166
39 165
24 72
122 172
119 174
83 157
166 222
187 225
106 189
34 140
17 112
88 136
89 186
57 100
3 24
136 197
4 38
29 156
65 229
7 202
73 108
15 180
69 169
46 88
214 229
43 156
59 172
41 226
17 70
35 41
65 131
61 86
21 46
75 87
11 60
114 216
31 102
32 102
54 148
82 126
77 206
124 163
74 135
31 215
78 220
47 156
66 200
14 183
62 165
66 192
9 48
4 131
107 150
138 219
1 179
15 73
185 228
53 123
44 189
157 217
56 100
18 204
57 228
33 91
137 156
46 213
173 231
118 172
94 187
97 158
171 230
150 232
35 54
18 193
8 68
5 168
20 156
73 198
15 93
108 182
123 177
0 69
125 147
25 129
165 227
77 149
140 149
5 229
46 208
52 81
30 148
57 110
56 175
44 218
29 192
125 191
156 176
98 129
62 150
165 207
74 103
32 161
173 196
16 123
162 184
129 132
71 222
35 139
134 175
53 174
36 51
87 98
103 174
30 208
116 221
163 192
103 145
134 143
28 162
75 217
82 227
106 128
209 229
90 165
18 141
106 138
83 221
214 216
98 105
96 197
76 167
53 113
91 193
56 64
69 87
0 112
32 207
141 145
77 198
188 230
98 100
15 127
14 123
27 92
125 231
64 216
98 202
39 70
40 131
39 214
191 226
18 148
29 36
44 93
32 137
55 98
175 206
92 122
60 82
176 191
3 167
221 231
160 215
53 194
16 94
122 224
54 168
147 181
105 161
33 133
192 212
76 194
115 130
34 137
120 182
79 164
5 82
116 141
19 77
3 68
51 124
195 224
7 211
13 113
17 89
181 219
50 134
169 181
61 171
111 232
7 194
95 106
10 134
75 142
160 228
49 209
63 107
182 199
154 197
14 40
34 112
112 217
3 57
17 38
15 229
55 129
166 186
16 168
22 54
84 145
39 154
53 61
17 207
99 196
32 120
4 225
11 91
81 89
7 230
50 189
4 22
87 161
88 95
86 128
10 190
11 167
55 116
21 36
20 64
66 86
30 199
29 102
38 58
72 222
53 165
132 225
160 226
153 206
43 76
52 213
81 190
15 28
59 133
119 191
151 177
58 214
27 219
226 228
117 179
70 114
29 168
44 162
123 198
79 119
72 218
22 88
34 188
0 72
6 135
132 168
57 220
190 211
22 154
83 181
37 79
12 200
131 186
19 55
126 165
7 195
112 161
170 191
160 212
41 124
62 188
145 176
30 74
47 131
96 220
148 188
6 185
8 232
1 192
17 136
96 131
48 229
96 156
73 205
65 86
102 172
20 78
44 208
9 220
80 98
209 216
93 137
164 215
66 119
105 184
97 202
153 217
37 166
100 116
64 130
28 131
63 72
104 137
71 225
93 125
206 228
38 61
42 110
7 116
26 141
11 230
32 229
57 112
80 185
127 217
219 222
108 161
68 125
177 218
92 197
59 103
94 164
108 125
60 205
102 197
74 226
24 165
84 221
20 138
218 221
43 209
138 210
47 183
161 218
76 80
51 175
128 176
22 139
6 32
145 191
152 209
18 217
60 96
41 158
87 186
7 226
25 211
65 91
8 71
96 104
22 136
83 174
38 145
55 130
117 170
100 165
37 179
10 15
149 185
33 50
61 63
0 133
69 202
8 59
79 163
53 195
109 188
27 138
127 228
63 216
143 182
25 67
194 223
14 225
152 171
10 89
45 175
156 219
144 155
120 215
41 72
102 176
110 228
133 148
0 230
75 198
51 231
85 131
2 153
49 141
91 101
93 216
101 177
93 196
72 176
90 166
39 230
127 224
19 62
15 34
111 131
76 131
110 152
173 211
17 125
68 203
141 161
107 144
141 229
103 190
17 124
5 132
4 134
43 77
59 61
182 218
115 167
29 92
49 180
64 209
53 148
66 136
64 87
0 220
45 224
23 77
176 182
41 71
80 111
178 220
87 113
75 228
47 119
27 107
37 207
59 64
21 159
124 199
150 187
67 117
126 166
2 102
60 98
56 169
58 72
120 152
162 181
21 74
7 44
53 131
15 60
31 35
19 78
157 189
15 62
32 92
26 146
164 226
8 142
88 225
60 190
170 213
10 225
86 166
172 180
142 153
86 133
64 171
37 126
43 136
3 82
102 143
11 26
77 163
197 199
69 107
150 166
8 82
150 180
97 216
40 167
95 164
3 148
98 147
15 171
102 144
97 107
53 97
26 92
21 121
2 121
48 215
161 172
154 212
149 195
111 224
77 232
78 215
116 130
67 141
25 121
185 198
30 128
75 102
6 167
76 121
140 193
86 116
65 180
16 29
54 142
182 201
17 121
106 181
104 191
36 124
37 43
10 108
118 219
71 148
145 169
47 56
89 170
160 214
39 219
92 135
144 214
171 228
80 140
2 28
78 228
108 156
15 65
39 59
55 178
61 179
38 78
44 199
146 153
113 173
12 42
32 135
72 201
169 194
100 178
46 91
61 65
83 188
186 205
83 200
60 197
61 117
77 131
1 157
38 154
64 147
2 79
177 207
53 205
56 73
98 159
122 166
15 224
19 222
113 167
14 209
161 225
21 64
212 220
5 24
64 164
37 224
35 40
119 167
201 221
58 140
87 225
45 91
135 169
81 232
27 195
82 180
114 116
91 179
32 48
101 125
0 106
113 204
48 55
98 173
19 188
59 217
81 228
29 99
100 189
112 201
67 71
77 106
7 31
174 227
12 82
148 170
175 232
2 55
23 68
64 223
12 104
193 224
131 144
90 95
199 226
179 214
82 215
100 123
144 166
3 64
43 73
20 167
5 36
45 158
158 229
74 199
41 44
49 82
175 219
5 159
123 203
63 144
114 183
6 29
24 173
25 86
153 164
118 170
10 22
153 218
12 221
104 125
16 81
84 158
117 211
37 70
108 190
44 147
16 91
31 78
86 196
26 51
34 123
179 191
166 176
15 199
69 110
11 217
10 39
139 230
71 94
0 59
94 98
6 80
11 107
3 96
25 185
82 205
87 154
57 91
97 178
28 122
81 161
210 222
174 216
3 26
159 165
102 223
165 229
169 190
14 131
10 161
44 130
14 163
157 191
124 168
122 164
19 207
68 227
138 171
14 210
64 168
8 226
36 167
9 169
118 133
28 166
11 195
3 53
143 161
103 115
119 192
58 98
16 23
101 108
176 221
48 138
6 138
29 112
23 72
75 173
68 69
14 184
96 193
67 103
133 189
58 211
30 103
47 161
46 222
79 203
195 231
57 156
187 220
2 186
61 143
64 74
79 231
71 221
26 35
13 103
4 201
182 203
120 193
1 148
61 172
61 204
62 192
69 186
28 138
91 165
168 211
111 222
7 62
9 83
5 70
72 135
15 142
25 43
119 223
180 188
144 177
56 199
123 223
86 186
37 64
89 111
86 132
51 157
75 125
112 165
100 105
111 188
57 213
61 90
157 172
175 196
95 158
128 131
127 230
33 90
51 88
207 216
0 169
23 45
4 175
50 127
154 190
62 158
98 141
198 223
206 209
77 197
137 183
2 135
44 84
140 146
54 193
8 15
73 229
156 225
118 163
14 126
8 10
156 181
114 167
49 124
30 130
72 87
121 177
7 9
51 198
17 227
17 82
203 228
38 217
102 111
66 132
12 84
48 114
82 113
67 196
38 75
149 153
118 205
56 221
25 34
73 100
41 112
85 114
41 77
102 225
23 122
23 88
38 64
48 91
69 138
27 227
61 156
56 161
60 228
85 228
68 73
153 204
84 186
10 191
15 52
37 181
113 153
51 107
106 133
154 189
31 103
7 128
62 194
46 198
65 207
6 53
69 128
57 174
15 89
0 187
79 216
75 226
61 110
35 143
67 77
7 167
89 221
50 91
68 190
58 116
156 204
108 213
22 85
12 41
64 196
26 49
17 215
125 223
2 27
35 181
85 184
51 164
26 132
21 174
116 119
45 147
98 160
96 174
81 188
81 216
13 60
96 171
106 145
28 57
77 91
110 146
112 178
94 116
61 221
202 213
15 132
72 107
174 185
93 94
173 182
56 229
67 89
111 166
151 208
39 151
42 194
60 176
53 57
168 178
28 161
76 82
129 161
3 93
76 165
108 194
156 217
10 70
58 175
65 112
64 197
91 185
22 72
116 187
86 111
87 139
86 107
39 181
148 186
36 68
20 124
58 114
49 116
121 220
17 119
45 149
156 202
30 159
120 204
33 97
24 207
3 217
37 86
108 204
29 104
17 20
105 156
46 152
51 200
67 179
54 101
31 71
8 229
21 195
94 102
17 190
176 196
84 136
78 86
140 205
12 131
138 222
33 106
67 204
123 168
90 111
59 177
81 164
139 208
137 187
79 198
167 213
195 212
80 142
129 230
13 119
182 198
176 225
2 41
52 230
55 61
43 75
154 203
72 118
24 44
98 107
165 166
136 149
91 117
40 52
56 182
108 176
155 195
167 231
56 208
24 93
161 223
39 166
13 196
12 189
98 216
152 225
152 200
82 106
1 121
124 138
121 228
109 218
78 195
128 223
78 223
83 224
66 113
173 202
92 155
50 59
138 152
51 221
86 201
24 195
70 216
45 204
111 209
12 205
82 101
49 133
13 230
7 148
25 101
75 169
151 230
83 228
14 90
88 183
145 181
77 103
118 179
150 228
60 73
12 199
64 72
6 37
0 216
69 205
39 83
153 185
47 93
173 203
67 163
148 232
157 180
4 57
68 144
21 123
11 177
162 183
25 107
67 215
200 225
20 49
59 183
161 184
75 165
138 203
100 202
210 213
87 178
0 10
95 136
46 217
68 97
9 204
68 158
51 79
66 229
94 191
12 19
89 187
19 64
199 210
130 161
33 142
12 44
10 199
0 107
148 185
133 194
181 184
88 123
111 205
35 164
120 128
64 219
37 84
5 137
131 191
41 173
146 180
67 225
105 229
114 146
53 88
150 226
62 89
57 191
78 224
25 62
48 222
82 177
4 229
56 194
7 45
11 68
49 88
17 126
15 197
49 85
29 40
81 223
7 67
23 26
93 129
90 156
9 104
14 227
187 202
8 12
141 155
62 131
32 33
30 115
146 181
57 158
74 110
14 100
146 188
19 128
70 110
4 160
16 139
109 141
41 65
180 208
52 130
9 11
135 226
110 216
102 186
118 181
22 68
183 189
16 92
132 145
46 78
123 131
152 189
155 206
141 182
26 154
176 222
17 164
19 141
126 189
121 187
1 88
14 80
66 83
170 185
128 144
48 185
118 183
97 197
105 199
19 97
12 123
93 212
16 49
88 207
73 232
98 182
9 130
39 204
26 41
113 180
8 209
152 166
95 124
74 220
2 127
1 26
65 199
5 162
21 129
43 163
49 196
16 28
130 185
39 222
38 123
73 184
200 222
11 171
118 140
20 227
70 74
168 184
17 24
94 112
129 186
127 213
27 73
19 134
103 161
26 84
12 106
140 220
71 156
102 135
140 199
18 219
48 201
22 87
72 80
11 57
166 221
25 135
172 222
14 143
139 189
27 65
218 230
111 218
212 214
91 228
126 197
16 150
42 157
29 190
39 205
44 150
50 158
2 103
38 141
167 197
7 173
14 36
29 66
7 133
12 165
194 229
138 181
15 151
2 16
45 122
66 166
81 167
197 217
190 205
64 153
127 212
92 212
32 76
16 154
5 232
1 183
157 177
32 184
70 172
68 192
120 225
53 232
10 205
56 112
160 205
166 181
17 48
30 205
2 207
73 199
178 197
64 205
50 210
55 217
28 101
165 217
41 97
136 188
19 223
68 220
79 222
134 222
139 191
6 63
45 113
9 141
2 130
90 204
67 121
74 114
58 82
180 217
29 166
37 152
111 230
70 224
155 221
200 204
35 169
84 120
0 160
34 141
55 75
109 217
89 211
