235
12
15947
60
517 2
622 2
293 2
158 4
505 2
281 3
147 3
332 1
802 4
688 2
482 1
703 1
114 4
428 1
224 2
191 1
388 3
753 4
452 5
646 3
81 2
81 1
239 3
648 5
122 2
529 1
530 5
653 1
251 3
332 4
360 4
766 1
330 1
290 2
196 1
731 2
212 5
433 1
685 2
507 4
348 4
333 2
586 4
668 2
156 5
79 2
245 2
198 5
93 4
780 4
333 3
353 5
329 2
550 2
586 4
253 2
607 2
263 5
751 3
783 1
517 4
486 2
777 3
627 1
513 2
530 3
434 4
151 2
707 5
360 3
240 2
478 4
179 1
607 1
548 3
294 4
225 3
138 2
391 1
535 3
82 5
321 3
784 4
518 2
301 1
387 5
373 4
682 1
740 1
392 3
462 4
783 2
233 5
727 3
647 3
660 2
151 2
300 4
225 5
666 4
525 2
187 4
504 1
445 4
167 4
800 3
675 5
676 5
518 1
551 2
737 5
484 3
555 3
426 4
625 3
581 3
272 5
169 1
87 4
254 4
798 2
747 1
672 2
169 3
511 4
768 3
684 2
382 3
98 2
469 4
85 4
285 1
452 5
759 5
517 3
684 3
262 5
749 2
475 3
188 5
312 4
711 1
618 4
378 5
776 5
755 4
647 4
105 2
625 4
566 2
280 3
688 4
504 3
618 1
538 1
446 2
427 1
735 2
371 3
746 3
334 1
448 2
552 2
451 2
734 1
454 5
555 1
561 4
171 3
507 2
370 3
526 2
348 3
483 4
769 2
686 5
449 4
680 1
447 2
705 2
480 5
424 4
113 2
752 2
108 2
167 3
534 4
254 3
488 4
405 5
137 3
492 2
661 5
278 4
412 4
183 4
331 1
325 4
624 2
351 2
102 1
452 4
658 3
665 2
576 4
796 1
452 5
517 1
487 5
210 1
530 3
357 2
512 3
163 1
384 1
356 2
474 3
653 2
270 2
747 2
324 1
715 3
737 4
646 1
151 2
467 5
180 3
392 4
479 2
582 5
734 4
767 2
272 3
450 1
621 1
141 198
16 121
17 128
80 184
193 221
34 88
156 178
66 136
129 216
98 179
173 211
87 200
7 21
137 166
27 142
41 99
54 168
86 215
146 212
13 62
31 221
107 155
39 200
68 170
150 152
67 184
172 181
33 78
63 80
181 195
36 225
150 199
86 157
67 78
201 231
57 218
57 90
94 129
0 138
20 27
166 210
20 87
15 77
32 91
2 115
46 63
38 165
51 52
137 224
135 197
42 151
83 113
37 226
4 87
19 102
25 49
77 149
14 221
8 20
128 173
102 173
37 208
127 204
92 159
44 152
55 104
10 22
161 204
109 133
126 128
92 128
83 135
66 114
58 131
10 53
12 165
11 90
93 185
61 160
74 228
147 168
89 189
108 231
66 229
112 128
111 214
29 59
123 174
76 136
155 189
49 97
15 169
133 191
184 198
139 226
147 205
39 222
171 223
165 230
79 154
7 157
118 183
153 175
59 110
67 145
27 45
202 232
52 142
81 96
76 78
105 208
28 96
175 196
205 206
24 198
64 231
3 227
103 178
27 177
47 128
221 234
96 208
129 136
49 233
98 202
16 191
120 174
112 122
60 123
17 182
122 126
115 183
108 181
80 105
119 139
82 154
15 52
146 153
44 165
82 171
140 161
82 184
32 232
16 162
84 116
49 145
60 138
37 110
92 216
116 180
60 86
160 167
169 215
38 189
160 205
131 189
0 202
129 196
36 86
19 109
3 16
7 164
211 217
13 230
39 217
68 93
105 189
129 132
163 175
177 201
124 205
3 130
99 171
73 194
17 221
142 176
3 66
119 216
77 120
184 212
11 139
11 212
10 50
66 89
160 224
22 160
98 226
107 187
17 64
18 29
44 224
49 174
88 111
15 26
44 148
13 50
16 48
132 209
1 126
143 223
65 136
99 195
23 122
169 182
82 91
165 226
12 193
12 138
95 174
80 113
115 167
7 34
50 223
44 216
95 230
56 97
19 30
133 209
182 202
120 194
204 221
29 76
99 151
74 123
89 144
86 209
68 152
54 113
30 209
29 118
182 234
55 138
9 79
20 130
22 173
4 136
34 131
131 145
66 157
126 151
70 122
4 17
37 51
189 207
202 224
55 210
90 134
56 67
3 124
78 133
54 83
56 139
95 182
151 178
35 139
37 221
88 145
171 222
113 146
112 140
80 165
152 193
1 18
188 227
31 220
24 109
98 120
219 220
133 176
67 105
161 201
39 142
4 71
111 174
119 157
33 187
48 88
102 222
64 155
127 231
195 218
12 75
93 211
61 70
91 231
90 143
31 118
5 219
133 144
51 114
200 227
123 189
9 176
100 156
94 98
218 233
150 160
139 218
101 107
54 62
27 124
77 121
108 170
41 225
19 213
82 166
43 90
45 78
54 228
103 176
23 52
40 50
122 149
28 157
43 212
168 199
26 61
37 234
36 218
78 143
130 210
29 52
13 207
88 90
9 110
76 215
51 229
104 166
83 125
66 168
107 161
85 127
77 111
50 156
141 174
12 190
126 194
20 82
97 108
100 194
5 28
94 160
34 139
14 211
118 141
96 145
183 185
49 70
0 106
99 140
81 167
0 41
76 227
58 127
15 83
23 106
188 199
20 104
47 141
72 100
87 204
55 164
160 178
80 205
146 230
187 215
120 123
58 114
80 179
10 175
198 203
13 232
117 233
5 137
24 102
13 161
41 100
29 71
61 189
72 162
79 156
63 197
66 166
15 194
45 226
33 214
39 105
116 229
184 224
68 158
72 229
20 154
74 186
161 189
3 91
86 173
118 167
75 98
152 160
145 228
148 196
124 176
139 194
122 180
102 176
49 65
11 91
32 223
60 188
109 226
157 170
0 36
123 190
131 168
31 80
175 222
39 78
15 186
105 184
24 89
121 129
26 157
30 39
74 193
29 161
107 133
87 220
108 167
65 137
128 150
30 228
6 172
104 190
4 91
177 180
22 205
104 142
191 231
34 182
59 99
22 132
14 133
16 230
97 144
56 150
125 218
116 174
96 216
145 188
79 171
2 4
128 226
132 142
156 225
25 134
26 129
53 159
165 219
144 221
122 224
0 167
9 89
38 171
113 188
39 206
105 174
80 98
125 205
102 188
143 186
24 221
115 213
215 225
24 62
152 229
41 128
86 195
147 212
179 209
86 124
123 182
207 231
122 131
27 111
27 176
54 184
64 95
95 147
42 121
14 161
2 179
26 142
58 155
1 121
2 45
33 125
144 234
102 111
158 222
61 188
126 230
3 205
54 92
45 86
10 138
114 119
201 203
170 222
4 150
46 220
33 226
68 184
59 190
176 212
6 205
109 166
83 143
164 209
3 76
73 96
22 178
37 188
109 192
86 206
98 195
65 86
174 181
26 83
42 101
154 162
70 155
53 125
19 41
95 232
29 115
38 130
96 218
49 57
18 77
77 80
78 186
27 190
101 160
78 233
59 192
35 127
29 227
57 195
53 68
68 136
10 212
84 122
169 217
91 165
84 158
181 199
24 180
18 47
105 179
40 202
11 217
33 56
3 225
97 193
196 211
29 43
100 113
4 221
74 224
55 194
146 223
95 167
158 172
163 231
108 201
6 77
67 119
9 27
119 162
35 134
104 187
98 163
18 90
3 60
26 186
50 180
63 166
158 228
79 183
142 154
61 139
26 32
41 83
63 207
60 85
50 150
73 176
29 33
83 110
181 215
134 197
77 230
73 229
27 217
83 179
58 87
3 68
36 177
75 110
152 170
139 214
4 218
85 107
62 72
30 110
7 182
16 23
55 167
2 173
153 228
176 201
151 221
23 169
174 198
87 104
6 151
141 234
116 143
28 90
0 142
95 200
64 230
46 184
199 202
46 105
152 225
33 126
165 197
147 222
122 215
48 220
39 87
6 31
50 112
46 162
136 160
0 18
166 175
62 89
79 107
144 190
5 44
69 78
68 114
23 130
82 118
37 56
37 132
168 215
62 91
18 171
208 229
108 217
105 164
35 137
70 143
89 136
147 172
69 94
111 178
136 142
196 201
7 107
20 97
28 222
50 86
49 72
5 200
83 197
82 169
119 142
122 178
146 178
74 152
27 212
88 94
9 20
110 206
122 218
18 178
145 169
130 191
179 201
167 170
23 147
9 93
78 206
46 204
79 212
10 164
113 122
16 57
21 87
120 202
132 176
18 208
143 220
54 94
31 32
193 227
139 160
129 163
42 191
12 44
4 124
117 210
15 182
30 188
76 164
36 59
21 138
163 234
89 109
88 133
27 191
98 119
124 183
46 206
12 32
157 159
79 80
31 229
46 91
30 94
44 106
19 225
71 93
194 222
8 77
15 64
39 90
98 157
158 202
104 118
82 212
14 135
71 75
62 212
91 233
17 60
31 148
85 200
19 62
213 229
76 125
62 119
91 178
164 190
154 221
185 216
94 191
51 212
77 86
27 154
105 182
74 98
59 141
6 86
11 227
7 45
210 233
170 171
193 216
157 230
29 136
67 233
102 179
182 223
95 191
56 102
9 82
83 123
109 182
26 209
30 72
9 214
27 174
117 203
7 195
123 157
44 135
36 52
108 185
171 228
37 104
36 160
32 135
32 83
25 129
127 153
108 128
102 172
130 160
126 129
35 105
188 212
4 157
89 187
131 148
15 73
7 101
15 198
58 227
138 165
11 210
116 117
116 193
5 202
108 168
167 206
110 215
147 214
87 180
98 196
18 22
10 11
191 208
178 224
1 19
187 202
54 174
32 118
25 26
100 147
13 69
82 168
34 62
9 17
20 231
97 228
77 114
132 232
26 168
41 143
212 213
4 60
49 138
46 158
112 191
139 152
21 168
33 76
6 10
143 194
79 234
51 227
31 232
148 165
27 36
147 234
187 206
29 54
180 234
73 154
152 224
50 149
198 233
122 186
137 148
8 103
30 95
49 227
22 135
50 75
83 100
142 217
156 168
140 201
7 83
24 179
141 228
58 71
78 100
4 46
122 162
91 130
101 108
55 228
142 164
102 202
34 148
42 175
175 217
42 91
107 139
93 180
5 193
55 205
159 215
94 217
128 179
169 203
143 234
82 221
2 53
43 142
2 99
15 192
35 168
94 227
172 188
22 67
62 225
85 87
5 182
131 210
76 209
94 141
74 185
32 202
111 226
46 82
111 184
21 195
81 192
192 211
97 115
121 211
113 139
155 167
119 126
213 224
12 210
66 226
138 166
6 195
66 120
33 55
18 80
114 157
112 136
70 213
224 230
39 84
33 200
101 152
23 28
50 95
141 227
144 189
37 149
139 171
30 213
103 199
110 205
31 205
153 200
134 160
6 24
157 190
40 188
92 135
79 149
3 170
71 98
143 145
18 45
60 69
41 46
221 228
70 149
25 56
49 85
115 135
75 151
171 195
121 170
3 65
135 191
96 138
21 189
63 78
11 82
188 206
42 171
26 115
90 196
13 147
25 135
196 206
53 230
53 87
166 214
3 219
15 203
7 183
172 186
7 86
167 189
41 52
46 163
85 153
22 96
107 110
80 171
181 231
37 203
148 161
13 204
69 98
138 149
75 95
159 212
190 205
83 232
162 234
25 46
24 91
123 131
30 175
175 228
58 110
52 60
107 129
39 180
4 207
94 199
111 207
106 130
125 175
18 227
154 211
59 87
132 172
6 183
206 232
156 159
26 114
18 183
86 223
90 198
11 16
3 171
18 73
107 191
180 199
120 150
6 56
84 91
6 100
157 181
118 223
45 74
67 157
123 156
10 114
25 181
128 195
102 126
5 64
10 230
36 197
114 117
208 232
66 113
21 152
118 178
133 147
11 51
110 134
66 153
102 146
8 127
36 234
150 184
48 202
4 231
8 148
87 223
146 180
73 218
102 131
12 124
56 158
176 192
54 191
154 190
99 102
187 194
142 165
97 227
38 105
145 148
70 83
31 54
116 234
2 140
86 148
11 95
5 141
113 174
124 136
27 170
128 234
184 207
73 233
48 153
133 200
109 184
87 182
6 99
123 132
163 189
5 155
64 180
62 181
89 148
106 213
129 173
6 70
61 209
45 83
17 18
88 214
145 210
45 223
80 195
27 76
150 211
109 124
52 135
146 192
72 190
59 157
69 77
107 113
38 84
2 159
40 82
30 38
56 206
28 121
127 221
2 47
28 184
50 176
38 174
87 133
17 196
89 90
28 214
18 134
150 194
120 125
147 211
53 195
74 130
53 214
7 40
31 77
47 117
7 92
95 108
179 183
61 230
91 190
58 215
41 101
69 208
18 25
81 230
87 120
5 46
6 87
170 195
5 32
51 117
6 194
150 176
64 222
89 146
7 217
197 226
176 178
53 67
127 185
47 87
65 232
50 143
14 197
105 166
30 163
2 215
96 171
158 160
52 134
124 220
2 169
145 149
23 42
40 57
1 166
106 174
152 204
0 145
46 59
62 230
164 191
34 53
15 148
98 188
22 219
78 214
112 159
37 143
67 206
43 46
56 195
209 233
114 188
48 228
180 194
35 170
30 31
36 105
87 203
27 66
56 146
26 59
93 169
182 185
140 225
74 81
110 173
22 119
174 230
39 50
104 211
64 174
56 184
9 160
37 116
15 43
86 117
56 138
177 188
66 204
145 203
91 155
7 175
45 210
35 107
17 136
33 194
175 183
95 181
48 139
88 125
74 109
215 218
123 136
68 199
43 232
26 81
84 125
94 161
105 228
79 167
97 221
54 132
128 154
44 218
175 229
138 203
9 130
63 162
102 133
146 222
130 172
6 223
2 142
42 179
60 182
146 184
180 214
60 204
35 83
46 175
161 171
23 142
104 149
116 157
40 117
85 117
58 205
79 160
84 186
15 181
58 75
26 189
78 224
107 220
95 196
59 207
40 222
4 125
12 139
70 76
92 94
0 117
8 220
97 189
75 211
33 124
22 124
98 133
100 112
31 97
132 187
26 60
199 216
81 82
89 152
105 152
27 69
48 84
2 70
168 182
38 91
190 210
20 84
113 149
86 234
138 170
118 121
29 121
48 52
92 161
63 117
48 118
80 129
11 165
100 123
59 65
42 213
137 176
3 92
26 67
114 123
55 157
38 138
120 153
214 224
87 196
56 203
56 88
100 175
31 108
88 116
68 157
40 192
148 181
70 78
67 158
170 172
67 142
17 54
37 227
183 214
75 226
110 200
171 202
143 211
9 14
34 105
83 211
86 99
18 226
137 163
63 151
69 121
153 171
24 165
21 134
73 161
10 103
19 199
35 205
46 159
166 172
156 221
182 205
22 209
66 88
87 210
205 231
21 61
200 225
108 177
2 194
31 47
20 202
96 128
6 184
216 223
41 62
28 124
46 115
12 112
66 188
13 128
50 178
135 173
192 230
153 197
173 228
40 156
3 69
210 227
14 218
13 16
217 228
216 225
33 105
5 226
90 101
46 173
31 117
112 183
144 228
2 125
12 67
1 119
43 189
49 201
1 3
49 162
106 171
22 23
31 74
54 234
73 202
122 191
29 226
119 170
34 232
48 64
106 189
197 210
175 187
37 83
32 96
11 118
6 216
39 173
47 103
16 144
128 206
53 116
57 147
91 151
135 186
84 162
20 195
50 81
157 164
124 171
24 225
93 126
10 121
41 114
86 144
155 230
86 116
88 93
22 232
79 189
168 171
8 142
72 107
79 130
162 174
108 155
78 153
61 62
102 228
167 185
186 223
157 210
66 122
227 230
43 186
15 41
20 151
46 160
133 224
23 211
69 144
100 101
4 216
55 128
180 220
65 66
51 76
17 174
25 191
21 205
59 82
47 231
91 120
66 187
76 202
25 210
100 232
79 205
142 196
172 208
153 168
20 124
43 147
28 106
131 232
91 186
167 190
184 201
179 222
58 154
151 182
181 216
95 157
169 201
0 216
32 149
161 169
93 107
33 36
85 130
25 69
103 205
89 215
129 159
178 190
55 234
34 64
143 185
69 149
180 192
47 164
18 72
50 54
158 171
130 177
38 53
32 180
44 180
117 170
59 112
101 177
186 199
110 212
188 233
10 192
16 227
29 190
39 138
126 150
195 210
95 135
18 148
137 189
61 137
33 67
38 145
67 94
125 142
63 131
93 133
8 183
53 193
16 98
93 176
45 48
60 140
74 90
75 174
58 203
16 234
33 83
108 147
95 110
43 181
99 136
53 143
115 227
53 130
132 207
21 113
0 151
72 75
63 130
58 156
37 123
17 57
27 228
53 153
61 99
22 49
14 18
99 155
153 187
86 181
49 219
12 180
175 176
20 135
10 93
16 118
125 193
61 126
6 85
105 134
69 214
63 198
200 233
40 42
52 213
17 20
49 127
110 222
104 129
14 168
57 150
51 145
76 145
151 207
11 146
152 181
48 74
10 72
69 150
104 138
127 223
195 200
30 232
125 180
110 179
66 147
25 28
64 208
210 234
44 69
156 185
154 232
124 188
38 209
2 40
62 178
22 164
28 125
1 93
129 144
81 201
92 99
97 140
98 170
192 223
18 225
117 167
138 188
87 176
179 221
154 207
32 35
155 184
18 186
166 196
64 185
18 32
66 186
80 169
48 119
155 190
106 224
136 223
68 106
34 96
155 191
141 178
230 234
3 53
94 225
66 174
65 160
68 226
51 151
41 47
205 222
160 190
136 145
162 220
70 101
121 167
89 201
60 225
78 106
177 229
92 112
12 141
150 213
162 176
103 174
24 210
18 78
28 78
93 233
0 169
52 218
101 109
33 74
40 48
18 66
68 149
19 174
217 234
197 224
62 73
77 211
7 184
56 220
165 181
36 206
120 199
39 70
34 222
14 225
7 144
104 232
47 85
38 224
31 227
44 140
92 96
71 223
161 175
38 154
39 88
192 226
64 225
142 171
50 215
47 121
67 139
105 150
86 100
30 189
90 229
82 213
154 222
0 199
170 218
100 140
41 95
29 232
81 147
31 222
50 56
152 191
69 165
8 38
11 125
132 218
168 232
37 211
187 231
152 180
13 135
123 192
126 214
50 101
122 173
0 158
38 158
97 120
125 148
8 134
44 92
121 206
215 234
160 182
164 195
82 106
66 232
73 76
49 211
66 127
11 132
73 168
192 231
74 226
52 98
4 84
116 134
68 145
124 164
107 206
42 119
37 166
3 112
153 192
105 156
94 122
133 146
57 226
26 128
63 116
25 29
56 216
78 129
9 186
146 211
109 172
43 190
128 167
10 134
50 193
143 156
76 201
71 159
61 75
79 115
37 125
99 164
75 161
45 96
14 38
26 112
68 217
37 74
57 75
161 176
76 97
111 192
91 192
82 178
52 94
118 224
11 131
133 189
101 162
12 171
35 228
15 78
8 102
211 233
22 217
94 138
78 132
38 68
44 121
60 105
56 163
1 26
1 140
46 57
163 230
78 201
116 191
163 187
21 208
65 151
30 172
148 222
65 112
98 186
164 231
97 132
80 125
85 145
198 206
20 141
29 148
137 147
68 206
145 147
105 151
23 93
96 149
10 102
5 116
59 203
80 227
11 147
43 68
90 110
24 60
44 87
51 113
37 41
176 200
29 144
94 183
150 180
116 228
33 54
185 190
135 226
149 180
51 85
30 142
53 172
108 152
13 169
56 169
81 209
35 61
28 107
50 162
75 128
185 231
58 74
64 120
54 188
57 66
31 162
113 191
68 80
55 102
42 52
38 108
59 218
98 102
58 187
34 36
12 170
25 91
84 209
183 215
32 79
117 173
52 103
61 153
128 222
72 77
52 114
24 56
12 142
103 173
65 147
84 223
11 104
88 204
3 43
30 159
90 183
146 163
44 211
44 83
40 114
48 159
83 230
92 155
52 118
110 162
69 100
4 164
57 73
99 107
134 157
166 184
51 173
44 223
24 163
26 54
10 119
7 22
71 213
111 222
35 97
1 55
63 223
102 121
38 40
81 158
171 225
95 185
229 230
26 221
32 34
1 25
115 124
61 76
90 202
47 151
132 139
23 223
19 138
199 208
98 114
11 228
65 206
0 3
163 223
41 124
91 195
128 198
21 75
121 224
111 167
17 223
39 61
127 182
37 191
19 191
8 35
27 223
75 87
87 114
2 133
22 211
87 226
84 188
52 155
69 95
26 225
136 148
58 107
27 168
130 200
113 213
165 182
112 175
139 146
118 190
59 197
69 219
50 186
98 140
164 205
46 230
31 56
197 207
100 215
177 216
202 231
78 199
36 194
54 149
129 134
35 88
158 201
6 96
40 212
140 179
50 105
33 143
91 99
64 132
96 166
70 144
202 218
19 86
120 200
197 234
18 103
118 206
45 215
41 230
120 144
219 222
91 226
112 203
6 233
210 224
209 231
135 163
2 63
165 216
17 110
115 226
100 230
74 105
3 23
116 126
39 43
117 188
143 205
159 206
49 221
73 141
182 201
211 223
9 146
7 123
9 12
50 207
200 211
7 212
94 151
22 88
98 234
46 197
74 162
40 75
50 148
51 126
2 200
29 47
164 176
39 219
40 91
49 124
192 221
137 199
84 217
57 61
203 220
81 223
33 113
194 210
47 48
149 202
44 45
97 98
99 205
141 210
9 142
36 55
93 108
121 177
138 208
79 223
95 172
4 59
215 226
0 54
47 96
15 80
12 41
55 195
85 214
153 210
79 196
38 55
16 169
26 76
34 100
12 61
167 194
6 37
12 196
25 154
90 213
49 234
196 229
16 188
73 139
151 189
34 187
9 133
67 93
25 71
132 222
13 178
72 211
157 217
32 227
84 213
129 207
103 120
127 225
24 223
4 88
155 219
169 187
45 179
124 144
8 174
105 177
127 141
29 116
64 207
172 207
151 195
88 170
4 135
34 141
188 189
39 93
101 103
1 42
216 232
123 203
111 221
79 203
70 129
128 176
84 200
58 200
64 213
15 178
103 112
51 185
93 123
60 190
30 146
112 180
1 114
11 32
115 152
23 108
114 150
3 122
26 108
9 65
6 101
52 162
143 210
85 121
31 104
126 215
156 163
3 126
52 153
15 19
141 208
12 198
13 208
177 187
106 198
37 117
106 185
91 209
31 131
114 219
162 216
47 123
163 229
14 174
86 139
66 139
33 189
0 73
43 148
45 172
150 168
0 6
1 118
106 117
111 134
40 203
77 130
8 234
184 232
122 166
232 233
107 156
106 202
67 190
82 112
64 152
51 154
79 158
124 148
0 179
29 74
80 82
33 123
113 214
222 231
31 139
13 119
1 208
67 214
74 102
156 184
106 218
110 233
55 67
169 172
63 160
54 97
44 96
77 185
71 217
67 100
77 233
99 106
5 48
171 189
22 151
55 150
144 153
37 152
106 169
9 187
122 170
95 214
20 80
14 23
9 39
14 176
134 156
85 161
86 127
46 161
26 69
164 216
164 208
70 167
95 111
129 165
88 97
195 204
107 218
173 178
7 98
73 133
54 90
11 107
157 213
144 178
62 126
134 159
71 77
137 230
62 149
20 35
225 232
73 159
104 120
5 231
168 173
19 124
25 42
12 45
77 182
135 230
135 174
104 224
77 116
39 98
69 159
133 186
117 178
36 161
51 134
77 119
128 171
41 88
149 196
21 231
61 120
109 162
119 212
96 206
191 212
2 94
36 136
36 153
27 195
60 95
7 54
138 197
161 162
88 166
32 228
225 229
58 65
11 86
83 114
191 202
13 26
114 158
183 199
18 164
183 225
28 145
104 184
37 217
15 137
44 136
58 162
170 196
26 121
25 97
199 206
16 132
51 148
81 87
192 210
222 234
162 170
97 169
124 126
63 177
187 226
69 180
22 104
170 188
38 161
199 225
70 223
36 42
89 118
133 171
91 138
16 209
53 123
61 218
49 160
20 191
38 41
130 155
95 165
191 194
166 201
110 217
99 234
98 198
20 56
106 115
51 150
129 149
81 110
33 63
54 141
54 221
24 175
19 220
164 197
122 189
17 96
126 142
38 219
158 209
107 108
0 222
189 191
115 128
66 94
15 162
22 147
11 182
181 209
53 197
43 127
22 38
20 112
217 219
133 202
82 215
71 162
129 201
7 130
2 68
67 118
33 99
142 174
5 117
79 208
20 45
115 190
57 155
130 150
134 181
24 145
128 209
110 154
24 213
83 156
1 85
89 108
158 207
61 202
3 25
73 223
54 157
106 219
93 116
16 231
130 159
7 75
48 90
11 224
37 82
2 219
73 208
140 153
172 214
163 178
162 163
1 226
61 225
145 172
25 64
29 30
12 77
82 208
35 111
33 97
102 191
119 183
211 215
41 71
142 153
37 204
67 210
58 181
82 138
54 66
51 159
138 226
18 127
151 188
99 104
101 186
103 211
0 200
192 234
117 213
63 184
10 40
159 186
47 210
86 201
35 159
69 116
14 212
28 146
2 138
78 103
78 185
8 60
121 171
149 174
90 225
102 154
28 108
19 45
90 108
8 48
30 168
77 205
1 193
9 80
60 198
138 190
116 216
13 81
50 111
124 218
85 166
46 145
52 156
19 67
37 105
55 90
2 172
49 112
40 45
58 219
127 205
73 120
178 232
61 123
208 226
66 197
157 194
78 144
16 193
139 202
46 202
60 174
94 165
51 194
40 118
57 131
150 227
51 57
7 142
34 144
102 225
43 122
34 44
100 170
192 193
45 71
0 62
30 234
1 179
146 204
172 212
142 186
105 158
1 147
137 232
206 211
130 178
112 158
48 212
59 79
88 184
144 179
19 87
42 126
129 171
189 204
21 45
116 159
117 160
138 222
153 157
103 187
71 147
137 188
29 187
3 4
94 181
60 202
88 102
70 145
89 196
86 94
198 219
32 86
14 46
201 234
156 192
149 153
177 231
9 205
60 78
38 180
82 160
50 120
15 216
7 88
32 57
57 128
121 203
5 85
53 72
26 109
66 83
59 187
2 155
12 140
142 221
83 158
27 181
56 168
78 157
17 58
104 192
123 231
46 180
122 233
59 103
44 214
160 165
9 34
23 119
98 144
4 41
10 200
165 224
96 105
32 129
209 216
73 103
60 193
45 194
122 158
55 88
177 213
208 220
87 164
72 98
85 152
71 214
122 151
60 104
61 228
175 180
5 211
33 153
67 201
70 75
142 185
161 193
56 99
94 229
78 99
18 44
97 173
93 202
86 194
59 180
6 171
156 207
1 9
7 41
140 155
113 135
55 178
97 192
41 147
209 227
84 222
95 220
95 106
116 187
24 97
52 207
83 111
27 113
28 101
112 167
65 132
3 209
187 230
122 164
34 110
74 96
61 63
92 152
188 232
88 146
4 185
100 173
55 142
100 102
14 53
168 219
130 180
16 127
53 189
40 221
42 139
52 214
49 130
188 215
136 147
65 72
6 88
25 50
184 234
2 187
136 233
125 164
18 105
73 173
7 226
182 204
103 207
153 202
75 216
50 171
24 43
19 142
17 125
145 159
128 214
53 102
86 200
106 183
70 211
20 204
182 214
16 197
55 60
16 199
101 204
54 187
24 197
98 189
17 93
127 208
47 197
79 180
15 209
117 211
21 219
148 170
64 177
116 142
72 130
121 199
118 188
46 127
12 87
57 185
45 160
32 133
6 69
9 67
22 120
60 211
101 196
43 76
27 90
168 233
33 215
141 173
3 80
34 71
194 199
47 93
144 187
59 233
80 158
145 216
88 223
103 210
61 77
196 232
59 179
64 104
20 224
35 70
41 221
133 150
55 93
171 231
2 210
4 224
80 128
21 77
57 69
37 179
57 83
70 169
73 156
47 67
24 55
120 222
19 77
7 65
138 175
64 102
84 102
51 99
60 156
82 180
75 108
114 205
62 196
43 226
140 152
133 163
93 179
102 168
56 128
24 80
88 124
134 222
23 117
116 219
9 215
176 203
52 70
43 200
120 207
52 112
67 95
107 130
54 152
53 155
28 198
152 215
36 200
100 221
12 38
22 100
122 174
51 200
213 222
94 106
144 188
10 30
132 228
8 66
139 143
88 231
145 189
140 190
85 137
42 108
54 217
42 80
61 115
170 213
29 164
101 203
169 209
149 210
36 162
43 231
65 183
51 223
206 220
51 152
85 128
119 228
189 208
63 203
26 207
8 214
22 172
50 164
70 132
105 216
88 113
96 222
55 109
23 53
19 198
115 121
133 210
129 195
114 208
116 233
2 162
145 211
119 146
91 110
163 202
57 110
111 118
59 169
14 84
65 186
32 189
18 63
98 214
180 218
22 47
6 123
161 213
148 231
14 21
7 156
14 117
5 215
40 200
105 224
30 152
13 146
123 147
183 224
64 229
66 123
75 86
68 151
138 214
27 159
48 206
166 170
51 177
77 155
174 196
61 101
10 148
52 91
52 119
99 105
169 190
34 173
30 100
47 180
79 177
39 73
37 40
16 184
3 228
149 178
36 102
130 181
121 183
124 169
0 147
15 116
7 149
5 88
7 99
86 232
50 60
63 192
104 131
0 98
151 153
77 191
120 205
43 222
212 223
33 219
49 79
79 191
74 144
149 224
144 168
45 227
164 168
51 80
44 119
93 155
31 194
3 152
75 192
89 217
1 11
44 48
196 200
14 139
115 200
64 172
92 199
25 60
31 168
89 207
50 72
58 159
54 178
49 148
109 116
63 90
115 163
11 111
154 208
135 194
59 132
63 134
0 7
43 74
61 94
149 199
108 208
60 109
32 59
56 232
43 215
42 124
125 185
155 198
95 179
133 232
174 232
115 202
49 80
171 212
57 82
92 138
75 150
20 210
37 62
67 185
82 161
179 204
99 108
76 183
34 156
34 84
74 110
65 119
44 137
108 146
4 15
161 172
0 115
41 207
120 130
60 112
162 178
59 71
3 71
74 129
91 167
64 184
102 143
15 155
100 133
39 68
39 234
25 120
108 188
150 165
81 104
72 123
98 184
16 109
121 122
35 48
145 177
87 167
58 93
36 115
16 215
6 49
25 90
186 192
131 225
78 112
60 164
39 188
120 169
64 212
54 109
107 178
184 189
15 129
25 167
120 195
81 107
5 121
100 118
16 179
72 175
174 225
26 41
36 155
35 38
64 121
9 216
44 139
176 183
8 94
7 119
163 211
128 220
105 172
60 234
1 228
18 220
154 161
20 173
30 170
124 149
95 107
24 176
79 92
17 192
62 160
191 228
1 28
7 114
28 57
51 116
59 167
57 211
171 221
50 55
174 231
29 64
175 230
169 195
202 227
48 167
26 185
191 222
50 68
135 231
30 102
3 138
90 118
17 81
18 30
169 176
149 186
203 212
87 153
80 217
27 91
5 144
84 148
67 173
23 215
9 155
172 219
131 217
62 76
133 170
24 131
181 226
52 81
81 89
82 99
207 223
49 78
15 214
4 205
56 185
41 141
108 121
8 199
7 208
9 180
20 115
33 115
16 62
64 77
86 126
37 64
8 24
32 226
2 100
144 192
112 129
55 85
79 127
56 231
185 207
170 174
33 162
30 63
185 219
75 133
95 205
153 185
67 163
29 143
172 213
73 205
79 102
171 230
23 103
14 57
9 211
4 107
125 226
105 126
153 166
126 159
75 175
199 217
43 179
119 155
11 191
185 222
84 196
41 154
63 96
114 176
24 44
148 215
39 57
118 232
38 98
127 199
109 210
13 93
28 134
31 52
127 211
12 199
45 121
5 171
12 172
76 90
30 62
87 230
205 213
117 193
10 45
28 168
113 232
9 175
103 133
69 209
10 146
205 217
61 140
67 167
152 166
27 231
18 184
7 167
152 187
0 102
81 84
2 19
3 223
57 99
11 171
35 65
7 168
43 198
48 226
168 200
7 136
96 165
32 181
107 201
18 98
75 182
139 147
54 158
9 49
0 43
33 193
14 163
79 94
162 229
46 130
1 97
28 147
13 184
78 83
23 214
89 227
47 73
90 186
26 184
185 230
85 193
5 26
23 43
90 188
28 223
66 78
88 141
73 82
80 104
100 213
147 216
28 160
106 124
176 219
156 182
70 174
214 231
60 161
170 190
87 168
77 129
104 220
156 218
38 128
37 220
127 219
49 114
18 170
84 211
126 170
38 56
41 219
37 190
189 230
71 136
22 112
125 208
168 174
100 207
167 199
43 224
141 222
14 44
124 130
7 79
122 154
0 201
73 226
63 111
80 131
85 176
102 199
92 126
164 178
12 85
123 229
18 169
52 170
99 201
59 92
130 170
175 216
162 171
17 80
71 96
48 151
2 165
102 219
116 118
30 222
162 218
16 178
147 197
133 214
50 198
48 144
21 184
135 148
85 206
196 212
155 213
3 30
127 217
170 204
47 99
124 192
100 192
130 219
128 139
50 122
63 109
91 210
141 172
137 231
74 116
28 114
75 206
130 157
2 43
118 158
160 196
96 184
77 140
135 232
189 234
8 16
83 214
92 149
107 116
0 214
8 196
51 175
28 31
136 169
174 224
24 101
185 192
25 144
4 77
190 199
148 162
74 232
65 122
19 76
85 142
39 140
82 196
70 82
101 216
13 65
51 215
3 166
0 40
63 139
96 108
137 143
3 10
17 184
12 211
82 183
108 186
43 138
26 180
160 184
111 182
154 176
132 159
78 146
12 163
32 185
1 111
162 194
189 201
12 96
65 233
19 210
86 92
120 189
4 197
5 54
150 178
17 180
22 186
10 144
36 145
18 187
52 85
150 156
178 209
29 203
80 88
81 170
60 219
181 203
10 66
124 230
38 46
116 189
17 66
139 158
9 144
1 36
57 145
12 14
108 137
134 196
115 193
87 152
40 106
169 216
178 182
1 215
38 136
185 193
190 197
16 34
44 186
88 143
196 233
106 212
225 228
187 211
134 151
162 233
18 112
101 176
183 187
89 97
174 191
54 196
141 205
47 69
151 166
80 224
102 105
48 50
65 79
73 166
45 147
124 159
46 188
7 129
28 167
52 182
127 194
47 196
21 190
86 186
26 70
83 146
95 143
92 101
153 221
39 144
54 96
29 229
42 187
93 99
115 169
43 108
55 105
27 88
129 152
40 90
29 199
31 134
74 175
139 198
163 198
20 219
8 100
11 193
100 131
16 154
88 199
9 60
19 218
80 204
5 27
152 172
106 181
142 226
61 145
54 220
32 207
151 167
22 69
108 180
58 78
17 172
82 195
7 219
71 102
160 225
205 214
61 219
53 198
109 215
23 115
32 103
120 131
157 178
70 126
32 158
106 120
143 153
200 208
34 233
41 129
163 182
193 205
220 227
164 185
168 176
111 142
40 87
39 160
104 134
136 154
77 210
154 225
53 140
174 206
115 155
9 147
139 164
180 211
133 175
34 224
105 168
59 229
109 139
176 234
38 197
118 209
6 111
129 225
75 156
51 230
101 129
32 168
61 78
103 233
178 208
2 112
160 174
49 199
46 111
34 112
82 190
93 132
32 121
63 103
168 180
22 93
183 209
79 220
221 222
96 212
21 224
23 134
13 218
64 181
85 118
105 191
182 196
9 96
125 186
82 94
46 131
103 230
98 111
22 63
13 201
5 55
110 126
35 118
47 124
42 210
52 61
94 179
22 33
100 231
80 161
27 186
185 210
20 128
121 221
101 104
71 165
33 164
34 95
27 182
81 168
95 98
167 201
104 112
109 230
44 184
35 68
27 43
140 227
140 160
49 50
43 123
9 55
93 225
102 209
107 197
9 70
156 206
4 196
86 130
23 34
179 191
53 137
53 93
79 173
21 136
52 232
160 186
19 216
155 179
9 124
143 166
82 233
58 60
28 69
51 169
80 90
8 153
25 205
178 202
88 153
54 95
40 41
72 124
96 100
39 168
66 223
17 145
24 96
54 193
74 189
34 169
113 144
37 49
161 181
76 208
31 197
60 99
66 144
115 203
80 150
23 83
130 166
148 189
33 170
92 227
91 187
20 139
10 107
18 223
92 119
69 203
23 227
27 62
34 60
35 202
60 195
111 230
150 174
64 68
214 229
20 60
28 60
34 145
108 204
153 223
175 201
191 205
148 223
21 65
34 55
67 218
105 115
9 141
26 106
84 147
1 224
90 199
148 226
105 107
121 232
23 177
128 200
94 148
211 212
180 200
7 215
168 205
31 158
29 231
85 196
208 210
164 193
7 60
30 176
110 115
5 24
81 99
116 161
19 134
14 83
82 185
170 207
128 156
68 100
69 133
136 213
183 204
83 109
13 32
4 14
29 184
99 193
213 233
80 96
46 99
145 195
76 141
146 182
24 34
1 210
187 216
39 107
155 234
54 87
179 212
62 66
25 161
200 231
99 182
128 132
60 97
70 181
52 215
13 162
103 107
0 83
157 188
14 27
100 189
76 221
81 221
62 145
71 221
0 217
129 215
49 110
94 117
108 156
6 229
135 139
166 192
13 193
67 79
42 46
127 226
93 197
61 174
77 200
124 125
2 174
61 119
79 164
167 210
13 181
147 196
69 220
94 126
42 75
136 177
31 192
39 55
101 158
5 84
26 190
109 117
78 126
42 142
96 143
41 142
101 159
38 228
105 120
106 140
20 34
124 132
161 216
105 130
43 160
40 102
192 216
29 195
66 194
28 213
2 136
215 217
1 149
9 23
10 222
159 207
24 219
72 135
18 192
12 76
5 115
226 228
183 195
30 223
0 194
16 157
43 66
76 226
68 177
52 58
175 210
83 141
79 216
181 225
145 163
16 168
101 183
59 149
100 193
74 139
94 135
139 175
91 216
77 126
90 131
189 193
55 84
217 222
111 229
84 119
0 44
10 90
165 200
62 75
165 233
23 60
8 14
95 104
22 50
11 106
106 223
27 226
19 165
80 127
6 51
215 232
48 61
226 230
174 212
203 228
133 174
134 163
56 189
47 110
24 50
88 168
49 139
151 160
24 224
9 145
12 16
29 197
159 200
95 115
75 185
139 221
57 156
102 116
1 46
56 71
76 118
192 207
17 164
125 171
25 63
150 192
123 149
92 133
76 167
109 233
106 149
74 159
125 194
13 125
107 134
20 144
71 83
106 110
78 190
10 177
42 190
94 137
69 102
104 130
101 128
75 116
30 165
42 117
229 233
4 94
176 223
0 229
43 94
64 156
74 195
194 232
40 97
116 144
11 124
45 75
31 138
59 144
61 138
141 216
93 205
170 206
191 223
38 43
19 70
2 113
26 126
57 93
12 189
38 168
91 232
42 115
79 101
26 147
17 76
158 205
190 212
67 186
42 204
4 52
153 199
69 211
42 230
63 163
10 218
115 119
50 99
24 26
73 175
86 230
37 140
120 173
38 52
28 220
66 92
190 231
67 222
16 218
47 222
59 115
19 223
69 84
13 222
32 211
51 79
129 133
44 118
138 231
83 220
40 134
170 217
14 180
46 129
30 41
40 141
14 69
43 176
150 203
113 169
49 95
35 220
62 112
125 195
205 229
35 158
177 215
41 234
228 232
68 172
72 160
85 114
167 213
16 73
126 172
51 206
153 201
108 213
36 134
11 211
124 139
29 42
152 197
45 166
19 164
8 55
142 179
107 167
6 192
51 102
11 45
40 44
7 80
37 228
3 123
136 207
66 100
175 188
97 174
5 197
137 207
35 129
9 32
97 102
9 97
45 212
34 151
4 222
85 135
28 102
71 218
83 207
33 66
154 171
176 217
27 164
155 206
66 151
7 16
110 202
152 209
211 225
48 201
81 124
179 215
140 229
12 60
170 226
92 208
165 232
18 129
82 104
33 108
101 148
106 119
14 111
36 171
74 120
179 214
107 121
118 205
34 58
28 94
24 220
21 214
48 60
53 83
216 224
50 184
115 164
36 74
42 82
198 199
30 156
88 154
127 200
1 192
31 184
71 130
53 106
112 194
104 207
55 215
63 157
199 231
18 87
25 102
37 85
5 208
86 102
51 158
57 96
42 51
12 127
11 213
108 133
27 101
82 157
110 184
26 58
17 210
44 93
189 214
23 154
3 188
30 124
59 104
39 210
124 153
153 190
45 187
38 76
40 101
119 209
81 132
88 152
91 102
49 205
104 233
72 99
181 234
70 207
35 57
163 215
9 114
28 178
45 131
4 67
217 233
140 198
49 140
5 29
105 200
3 197
3 125
149 218
52 229
186 197
220 223
66 203
50 163
76 154
87 209
88 187
147 202
32 85
113 133
1 54
207 232
84 144
98 148
21 79
80 182
57 94
49 165
120 138
4 51
106 180
23 70
65 128
27 222
137 154
30 177
142 199
131 176
184 186
9 74
58 61
3 177
50 155
153 216
32 178
72 231
76 104
57 234
136 225
20 158
51 233
12 134
114 214
135 154
63 85
5 221
61 132
145 178
180 204
122 193
126 148
114 162
31 63
152 173
47 169
168 192
42 72
35 67
3 101
42 234
141 158
123 199
145 196
165 215
114 198
6 206
70 172
127 133
8 232
52 177
102 151
71 203
112 209
135 142
56 118
30 140
202 220
46 90
101 226
50 160
145 201
158 229
28 175
4 110
146 229
110 183
130 149
83 222
32 82
89 135
7 20
59 181
35 124
82 228
175 208
130 208
25 59
22 174
33 183
47 143
79 84
48 101
121 173
66 133
148 177
1 139
159 163
74 156
16 146
142 156
0 82
34 184
116 125
52 200
23 47
162 196
43 86
114 122
66 112
59 145
159 210
167 180
81 115
143 182
32 151
29 107
41 164
27 149
124 234
124 128
72 79
29 61
88 193
76 171
130 147
54 205
134 148
52 89
10 88
37 124
63 194
160 193
28 68
109 145
23 62
19 26
24 61
22 133
105 118
19 51
12 43
116 199
125 144
34 42
155 178
160 230
85 205
29 112
87 160
97 201
71 122
12 148
73 189
115 207
132 233
56 155
60 215
110 180
164 222
88 181
223 224
139 162
0 156
93 196
40 177
69 232
55 108
44 222
163 193
12 36
122 181
95 145
77 133
119 134
20 26
112 204
48 154
73 93
22 122
36 150
47 88
198 225
74 125
164 210
19 144
159 227
17 41
9 53
42 54
68 129
32 69
196 208
70 86
171 232
220 221
71 123
52 108
120 233
131 150
19 186
29 133
22 55
101 137
29 186
84 207
116 175
97 226
97 104
50 177
8 187
157 162
46 149
107 157
204 230
40 219
129 150
93 140
88 177
81 232
178 186
219 224
57 76
105 131
160 185
16 59
112 151
51 88
52 181
59 212
6 133
73 190
17 129
74 231
115 123
0 61
92 230
121 146
105 149
60 148
33 109
146 181
99 153
16 61
139 165
7 29
85 134
115 153
11 84
67 189
0 190
56 107
196 223
147 160
47 53
187 205
6 112
54 82
122 142
28 119
175 191
61 106
71 151
142 211
94 219
165 205
29 57
130 145
32 220
95 123
121 230
51 107
6 98
90 221
21 135
42 109
35 166
98 160
193 214
72 145
146 219
57 102
87 166
74 191
111 223
114 140
177 199
79 178
48 136
44 60
184 195
4 35
71 231
140 233
54 143
111 128
39 58
159 165
31 37
202 233
52 165
116 147
56 109
174 186
122 205
1 44
105 143
22 145
178 230
100 197
127 175
43 124
19 55
91 173
156 201
71 113
108 162
59 93
91 154
78 115
71 110
95 140
54 231
168 209
32 157
121 149
77 213
104 209
40 185
97 195
70 108
67 106
204 231
93 151
86 159
11 19
104 173
4 199
41 153
37 214
41 194
56 86
6 213
29 208
1 105
37 170
103 171
161 178
42 178
22 180
88 106
5 163
163 212
60 142
8 67
32 171
36 83
10 185
85 102
19 195
52 138
78 205
111 133
75 170
152 156
45 115
86 135
39 171
70 224
144 169
156 170
20 67
214 223
72 193
20 74
60 169
109 144
112 162
153 224
108 195
78 226
83 215
61 178
67 120
70 234
125 149
142 232
61 162
29 48
51 217
96 133
145 185
99 187
30 169
142 160
121 213
183 189
162 221
8 130
91 109
199 224
38 88
98 230
14 136
67 111
201 212
174 216
129 212
73 94
89 151
42 61
143 199
79 124
40 105
171 229
133 193
38 220
19 224
22 123
104 218
118 185
67 87
4 49
41 132
57 212
27 125
3 100
74 135
204 206
87 99
172 230
5 188
10 86
153 203
176 205
97 105
72 230
72 163
107 196
123 214
16 150
88 189
128 169
200 202
20 165
4 57
48 142
94 125
122 150
126 222
53 138
25 150
28 166
26 77
116 160
54 209
141 152
86 131
124 133
163 171
86 153
35 62
140 172
95 139
18 110
136 200
66 189
0 137
65 81
140 209
12 186
22 184
89 139
98 182
57 167
152 178
84 195
124 233
91 200
78 118
108 178
105 140
194 209
54 121
94 153
59 127
41 227
81 225
67 97
34 142
51 161
80 123
16 82
158 189
100 225
39 143
184 214
173 200
96 207
65 159
173 216
185 186
228 234
16 217
134 189
140 151
41 61
107 164
176 204
73 167
65 228
39 195
158 178
45 111
1 133
30 144
70 168
29 73
3 110
59 143
71 145
60 72
7 67
54 210
14 63
51 234
43 227
164 169
148 171
24 88
25 222
170 191
102 200
60 126
1 161
2 190
43 49
72 194
98 187
66 201
202 221
15 96
6 166
77 234
148 201
137 205
52 137
138 185
36 210
69 96
80 139
102 218
41 184
72 108
162 191
36 219
3 139
30 139
38 199
34 75
39 116
111 190
87 158
0 32
134 137
15 226
159 213
211 228
52 113
7 51
17 31
106 196
76 105
102 144
37 63
1 7
95 134
30 154
23 166
98 123
87 103
110 170
33 42
174 183
146 205
9 87
130 175
25 209
83 97
141 180
37 216
11 130
37 86
172 222
167 207
2 192
203 226
67 161
96 177
109 221
30 89
158 199
89 102
15 180
85 172
26 90
168 178
54 146
2 228
134 165
52 92
110 213
87 219
21 174
28 104
41 87
70 130
84 131
104 162
62 219
80 207
149 230
10 109
13 27
25 101
182 215
86 103
19 63
8 160
70 140
63 191
9 178
221 230
29 99
123 216
119 184
11 15
125 131
90 195
29 206
97 141
70 229
177 214
135 193
144 177
121 207
102 223
81 101
65 135
11 172
40 130
22 32
88 150
122 172
82 227
71 100
92 215
135 192
188 197
146 224
17 55
16 205
15 126
116 197
23 141
38 96
72 208
207 214
129 210
27 230
68 81
12 92
22 134
89 126
4 162
92 225
57 111
21 102
188 193
78 108
121 222
32 196
131 228
114 133
24 123
158 234
65 177
92 202
21 56
111 145
109 111
96 129
18 65
144 227
36 125
56 162
45 164
59 161
63 104
40 70
123 178
8 191
93 104
35 73
77 146
52 122
17 219
83 148
174 214
110 198
8 41
123 195
96 210
90 105
22 136
132 190
102 110
155 156
126 212
124 170
56 153
103 121
118 228
5 138
214 218
49 206
136 187
36 38
62 147
46 71
156 189
6 53
24 161
30 90
128 211
126 143
95 169
139 142
106 205
94 159
179 187
22 115
20 100
73 210
82 96
100 107
106 133
19 25
42 185
2 123
141 157
155 202
82 175
94 166
15 58
41 113
57 106
82 140
102 215
71 105
15 63
70 173
46 144
82 167
69 73
68 218
115 132
91 124
4 138
130 144
139 188
148 234
69 131
29 194
131 230
128 186
9 197
4 12
43 132
69 222
55 81
110 131
126 210
81 195
85 199
170 176
46 106
128 212
101 184
6 140
186 218
138 194
83 84
0 198
47 59
120 193
132 206
40 147
195 227
181 221
65 212
149 158
55 107
0 21
0 60
131 155
172 229
5 207
61 96
97 119
39 134
56 197
34 43
68 102
131 183
113 206
153 177
131 234
22 223
110 204
13 20
163 227
160 195
135 169
123 221
175 184
136 137
87 144
139 228
110 220
18 172
165 194
77 177
134 135
13 42
1 4
99 133
97 198
13 142
32 71
182 232
187 198
105 217
62 158
114 210
77 148
104 197
5 128
7 43
52 71
96 200
122 231
85 189
1 182
38 152
113 171
170 182
51 128
53 200
76 113
182 192
63 182
26 137
106 220
26 174
46 125
15 118
33 155
65 95
128 197
100 126
27 84
96 114
139 224
78 165
40 60
42 67
30 186
218 226
31 58
8 223
74 106
29 89
27 178
35 188
117 141
96 191
157 201
8 27
121 169
180 231
26 79
56 199
37 106
28 169
62 118
73 115
35 66
95 212
178 196
61 192
7 199
63 128
73 209
192 194
185 209
125 147
99 128
55 73
15 232
112 232
151 230
35 53
86 113
89 153
37 92
71 126
42 63
75 112
3 202
66 225
107 117
53 205
192 196
10 52
183 196
50 66
146 175
48 69
86 192
97 99
42 199
69 113
83 201
36 45
125 212
61 184
139 144
97 232
98 183
19 172
159 220
82 200
91 113
209 224
60 133
0 96
40 209
41 65
177 232
154 228
119 213
81 125
110 119
56 60
26 78
24 41
1 125
81 180
33 149
149 173
0 49
138 168
51 106
104 157
36 195
194 234
109 125
157 174
122 222
25 117
7 177
157 224
157 169
17 107
45 84
71 172
92 223
12 27
76 138
42 200
22 152
114 187
94 163
55 198
20 159
23 222
218 220
19 219
8 104
182 211
102 122
143 207
81 208
18 95
96 223
169 170
70 161
75 82
49 56
41 163
33 84
52 202
16 216
61 210
23 180
88 232
128 144
15 190
68 163
6 109
59 142
20 196
56 177
8 171
153 218
12 135
6 92
67 221
25 70
149 161
53 122
35 136
20 185
77 206
145 221
81 171
167 197
144 191
158 221
208 221
135 159
188 210
199 214
98 191
21 120
2 87
34 208
158 179
76 115
73 140
132 208
75 92
72 207
19 185
22 189
168 187
32 99
2 97
167 193
9 230
138 207
25 34
129 146
76 146
123 227
190 195
110 175
143 154
53 66
138 151
16 137
40 194
103 157
21 169
36 163
78 193
54 74
116 211
151 217
80 81
126 162
56 176
41 180
142 230
82 163
145 202
9 179
198 208
124 226
2 176
208 213
10 227
88 132
42 169
13 43
146 161
198 210
43 156
152 226
5 86
137 141
1 197
61 169
9 57
139 159
52 217
42 122
1 40
63 153
57 160
69 111
0 148
69 118
65 191
69 182
15 167
231 234
124 163
1 178
50 52
89 167
39 182
122 199
49 223
39 94
39 201
120 218
105 203
16 56
55 106
64 142
32 93
117 154
25 146
116 176
43 164
170 179
22 227
32 115
55 200
18 205
94 169
52 194
109 141
195 228
174 213
34 41
122 212
97 210
16 37
14 159
55 217
169 228
16 208
28 165
28 95
71 170
183 222
159 218
13 134
55 148
144 182
48 174
29 117
121 130
3 134
96 113
22 78
41 85
112 168
36 87
2 79
13 21
133 159
106 143
47 94
136 180
19 103
67 125
56 73
20 57
141 145
28 231
184 215
206 222
31 233
106 203
86 185
203 231
129 161
10 215
32 218
69 80
24 218
29 114
39 216
204 205
146 176
35 206
27 166
83 229
19 167
118 123
15 123
196 225
98 132
162 177
26 229
4 48
86 210
101 141
15 105
51 142
38 70
136 150
132 212
2 118
111 209
6 162
31 129
128 218
72 106
185 224
1 185
220 229
115 192
94 155
2 137
75 142
24 164
204 228
123 234
24 137
134 146
86 129
100 152
62 153
76 103
175 198
28 136
62 206
69 129
144 176
77 141
19 230
10 19
107 124
109 134
93 146
130 152
11 73
49 90
72 122
35 194
77 167
84 192
139 182
21 115
83 217
32 117
41 133
34 99
0 226
62 78
0 14
36 205
99 134
61 114
65 178
21 215
41 44
118 179
48 221
22 176
128 131
46 108
23 210
66 101
64 223
197 231
102 109
35 154
165 213
10 186
66 191
82 197
9 191
36 62
22 175
186 196
122 185
120 215
21 153
14 73
55 177
49 75
99 231
77 168
33 132
25 140
48 156
85 108
159 233
23 99
12 19
97 165
81 111
60 199
83 176
139 200
51 208
124 142
5 65
12 116
21 172
98 137
113 148
3 229
79 135
76 234
33 72
98 154
55 100
9 30
46 138
1 160
28 103
137 140
2 74
73 181
84 183
171 191
127 140
90 156
29 31
20 125
87 175
109 114
179 192
48 51
48 131
29 165
136 224
113 154
158 175
24 29
180 187
53 170
160 206
148 183
170 205
63 229
115 122
48 130
29 111
17 158
70 184
85 91
12 125
141 162
15 185
6 124
177 206
68 175
29 189
34 52
5 143
30 227
15 68
134 152
123 208
38 74
24 85
144 173
40 131
152 206
90 102
69 161
105 207
206 226
8 68
95 154
119 164
137 182
9 92
133 183
48 232
42 201
161 188
66 200
13 55
132 158
3 161
149 192
204 212
53 56
76 163
8 76
97 154
77 88
91 225
57 194
20 118
32 230
109 159
111 195
48 56
91 156
42 131
32 148
136 167
210 213
128 189
69 181
87 231
12 94
6 154
190 217
91 223
56 101
110 112
38 172
24 157
31 34
189 211
10 65
34 78
65 158
126 171
20 198
142 231
115 140
76 212
165 183
125 221
16 170
24 68
98 229
45 101
176 230
53 147
4 184
98 139
211 227
63 190
175 214
45 202
129 178
135 155
2 66
57 79
104 234
208 234
49 120
26 167
63 137
100 233
76 168
45 137
50 218
11 57
79 138
60 227
115 221
62 92
41 84
153 204
20 226
47 208
140 177
129 180
115 129
42 70
95 132
42 47
59 150
54 224
112 124
24 70
182 191
100 160
19 61
140 146
206 216
16 158
20 105
26 160
88 118
48 165
158 224
151 198
73 172
146 206
49 131
113 179
49 194
157 200
97 121
183 191
23 75
120 157
55 199
196 230
7 189
167 198
148 229
140 232
133 141
60 200
35 123
63 123
5 230
20 227
128 162
146 164
12 234
95 217
2 93
24 188
66 99
129 190
62 197
32 123
124 165
26 173
24 51
89 156
6 108
92 190
140 194
34 108
23 110
87 115
92 153
14 80
108 183
71 209
48 120
185 221
10 228
120 122
61 229
55 225
28 129
222 232
131 214
45 220
83 177
140 203
206 229
136 205
92 198
73 107
28 170
13 214
59 138
30 44
86 222
101 168
85 162
119 135
60 150
57 137
91 170
61 156
20 221
90 138
109 186
96 120
48 222
28 105
7 90
52 197
182 216
190 227
54 177
145 213
119 189
22 196
129 130
112 120
34 72
28 138
33 213
51 82
176 216
156 209
174 227
123 128
109 198
118 197
111 224
11 37
6 201
49 164
72 232
117 134
148 159
43 70
39 89
122 165
36 94
80 230
13 71
13 180
149 189
87 163
15 120
86 214
121 147
25 233
125 203
55 119
108 189
131 184
127 165
60 83
141 155
66 230
96 180
43 185
116 164
73 147
106 184
31 210
67 179
72 82
52 220
145 161
41 157
130 194
150 220
63 98
86 89
104 208
64 160
164 186
21 131
55 116
63 213
86 141
89 195
0 64
7 23
68 133
95 102
6 228
54 179
40 233
5 160
29 53
61 129
43 220
149 217
123 193
29 212
53 61
163 203
18 162
46 146
87 91
36 164
96 162
12 204
174 194
4 8
39 157
27 82
140 178
83 137
92 173
21 24
19 43
68 86
122 216
58 151
111 185
42 56
51 179
25 109
11 138
153 189
11 52
43 137
67 69
97 231
22 182
77 96
68 162
55 63
21 117
52 216
117 223
21 143
58 147
49 55
11 137
169 227
116 192
135 172
111 175
50 203
123 201
57 209
18 212
25 152
38 49
61 131
55 133
23 124
18 152
192 233
151 228
86 112
17 218
112 187
136 186
33 87
16 101
24 117
54 222
195 231
155 172
34 165
28 110
11 39
1 98
74 217
129 223
187 200
174 188
38 42
4 169
59 68
23 57
65 221
77 97
144 200
80 209
174 189
31 98
118 204
43 141
94 145
185 227
92 124
9 213
66 227
28 118
147 174
21 216
85 228
19 56
62 194
78 218
130 173
143 177
120 220
17 50
33 69
75 169
48 224
109 160
64 67
137 174
158 206
147 220
29 150
45 205
153 211
6 114
24 234
25 78
164 221
67 96
27 29
15 228
86 90
65 202
84 138
74 78
22 141
210 217
89 176
187 219
217 230
40 229
78 202
55 190
73 163
60 194
0 232
122 188
105 225
85 156
13 127
3 169
14 148
25 162
189 203
135 227
8 195
173 177
111 172
127 233
44 189
60 73
168 218
92 136
163 213
99 126
27 68
30 145
130 229
56 123
9 202
135 190
46 169
157 220
26 169
87 197
57 196
115 225
136 162
156 229
11 109
50 102
102 124
46 136
78 184
76 165
178 219
26 222
51 71
85 150
12 64
132 227
41 174
54 144
40 78
52 193
45 175
196 210
148 158
116 183
135 195
32 139
21 63
45 112
15 98
17 39
5 206
85 203
37 171
16 166
2 6
88 136
39 147
180 205
201 206
130 221
56 93
34 90
54 183
99 174
50 77
59 171
4 5
109 123
68 229
26 206
51 167
54 76
26 125
92 195
164 189
26 161
150 200
47 54
39 132
183 212
83 182
1 142
176 214
48 160
106 161
99 103
170 203
27 200
43 45
81 190
154 224
101 187
104 158
180 217
135 189
25 100
4 189
190 222
103 131
41 63
12 104
1 62
9 127
67 202
142 192
155 164
172 184
23 162
17 45
66 71
106 116
48 62
37 137
41 98
55 181
95 148
154 185
105 231
109 138
18 79
32 61
3 231
128 165
59 209
49 111
103 204
106 192
187 207
28 67
117 185
19 53
65 74
208 214
56 210
142 167
16 25
17 154
174 184
10 80
162 192
79 145
54 129
175 177
23 188
121 123
115 150
55 91
89 116
7 10
6 199
6 84
95 234
20 127
42 164
1 214
67 70
58 59
127 216
112 229
146 157
81 189
55 124
42 93
101 161
55 165
131 164
102 115
61 79
114 231
11 59
174 197
118 165
69 147
98 208
4 127
104 171
138 206
54 156
1 31
93 95
12 29
26 120
193 196
123 148
174 208
59 96
98 207
87 208
121 143
78 228
7 115
10 38
147 231
33 85
39 158
23 150
134 183
218 228
40 216
56 125
120 180
213 220
9 150
73 174
15 132
72 110
20 194
5 96
90 137
87 132
145 215
121 181
34 162
21 49
110 125
14 160
94 146
14 151
125 200
99 113
182 219
68 201
167 232
70 107
32 205
42 85
32 101
84 96
88 147
98 118
96 173
53 188
44 154
51 68
11 94
91 117
92 176
10 193
146 152
8 120
128 152
81 156
39 69
72 138
66 205
18 76
159 194
137 191
28 206
153 209
69 200
85 187
36 166
136 152
190 208
144 214
75 136
153 217
61 227
5 114
4 55
10 27
29 44
91 202
21 139
100 222
12 22
0 75
2 193
131 231
83 175
104 225
32 167
173 199
56 90
132 174
4 101
39 97
9 91
71 132
94 203
57 214
121 216
13 95
15 193
140 195
45 183
95 128
69 156
177 220
14 32
25 223
151 172
22 192
182 197
28 171
37 175
113 124
158 173
56 200
97 223
1 32
116 146
111 220
134 140
12 82
175 215
54 67
142 149
0 125
109 119
35 200
132 168
77 99
8 119
23 217
27 52
46 64
43 178
151 185
136 168
69 101
44 164
78 203
17 224
47 205
76 231
9 29
113 140
36 58
45 186
68 221
34 135
67 169
42 155
3 195
165 178
26 27
48 147
60 154
58 188
47 147
91 92
73 113
80 99
137 146
56 92
16 131
139 205
57 207
49 189
11 223
15 17
180 221
168 195
65 162
120 184
153 169
117 222
60 205
117 122
75 208
28 48
61 232
132 223
40 49
76 132
93 170
18 191
43 182
145 226
170 216
170 212
170 175
127 197
12 18
189 190
120 183
32 62
56 190
107 120
6 68
144 148
24 144
136 174
16 151
126 146
113 126
71 210
166 187
44 178
8 82
107 109
43 163
101 190
178 233
95 170
29 191
55 163
173 234
60 94
57 129
89 173
11 76
166 168
57 123
164 177
118 143
0 220
118 211
102 120
71 191
105 176
28 93
121 141
151 190
75 147
58 214
157 228
7 230
180 233
108 221
95 153
132 137
58 192
73 91
59 124
103 166
81 177
17 215
179 225
128 185
170 192
62 98
142 197
35 116
58 95
14 189
116 194
20 167
117 138
62 90
62 221
171 214
34 118
68 166
5 80
179 205
75 165
84 153
109 213
9 61
84 100
79 97
116 202
86 227
164 202
153 170
8 62
67 171
38 101
106 122
38 216
129 179
181 204
118 202
141 150
60 165
34 109
68 183
136 149
196 205
72 171
123 196
78 130
21 74
68 227
145 225
20 38
18 117
8 18
120 154
160 179
94 207
136 218
23 101
23 50
19 232
122 190
131 224
48 93
48 218
40 73
50 188
105 129
22 126
19 65
142 205
166 180
1 59
162 164
59 219
174 228
54 88
171 173
0 35
160 202
57 98
70 157
41 54
169 222
12 231
53 81
46 88
108 114
86 207
47 58
34 134
55 214
132 194
52 125
65 113
110 141
134 167
45 233
87 221
79 141
92 113
41 86
66 110
67 229
45 128
94 230
163 188
22 130
114 193
142 175
68 88
111 148
69 188
89 113
180 189
173 205
16 189
22 208
79 86
123 220
117 231
83 116
77 223
90 197
42 148
194 200
50 61
27 162
19 135
66 102
27 72
113 230
31 195
20 89
112 138
82 84
95 175
64 227
146 201
70 112
89 193
26 57
7 148
66 67
98 166
85 168
8 131
42 77
6 55
100 216
21 178
89 230
124 197
125 167
30 171
151 176
32 142
21 105
101 169
60 90
169 200
5 31
59 107
120 204
135 137
75 204
104 141
44 228
223 229
103 159
76 224
170 189
69 85
72 220
22 216
179 199
126 175
60 173
69 134
140 214
106 172
30 167
6 209
69 136
103 226
48 72
86 97
115 126
58 115
65 82
174 199
90 170
50 108
86 101
83 166
53 121
13 179
181 192
15 151
121 215
19 101
178 203
89 154
122 229
51 213
113 210
71 161
139 223
140 207
72 167
0 9
58 129
27 73
144 166
27 122
142 182
99 208
27 145
128 133
10 123
11 178
157 205
62 199
6 158
159 195
72 125
43 121
82 120
24 152
9 153
23 91
101 119
70 96
97 148
164 171
6 119
2 185
143 195
156 193
54 123
144 163
50 73
136 178
8 140
171 172
32 77
173 191
166 227
25 68
182 217
8 129
2 10
181 206
139 219
7 200
70 227
113 176
13 38
104 176
17 123
87 95
59 223
31 122
123 145
72 217
23 203
87 141
28 87
150 151
27 167
107 221
77 104
36 113
107 209
192 201
17 95
62 138
165 191
112 216
86 199
99 159
5 209
160 212
125 132
141 207
72 150
127 145
78 169
17 68
5 205
169 213
27 197
89 206
169 221
149 193
52 184
45 82
7 207
34 163
74 200
110 207
104 132
58 113
20 63
148 178
6 11
44 234
17 137
101 202
87 179
4 100
136 144
19 59
22 162
143 214
128 158
151 158
65 148
97 142
85 104
85 160
123 215
129 148
0 175
33 220
65 189
55 197
180 196
90 231
42 141
97 204
36 82
19 44
41 119
77 190
73 152
103 198
168 202
112 222
95 171
73 111
97 191
160 231
67 162
127 162
54 200
98 146
11 116
91 97
91 203
4 198
32 170
113 204
55 57
20 146
49 54
22 221
41 116
203 205
136 164
46 116
63 149
148 185
4 114
109 199
41 195
30 85
0 90
98 145
43 151
150 189
219 229
154 175
85 169
30 226
20 225
130 223
80 107
0 196
34 102
31 190
167 208
41 69
68 161
138 232
13 154
61 199
32 174
198 214
36 56
164 204
7 13
43 230
79 193
135 218
110 116
49 141
57 107
61 223
16 201
74 93
65 91
89 106
30 105
1 188
33 144
5 124
68 153
41 226
73 130
136 165
23 65
138 157
58 168
1 157
140 191
80 145
13 89
6 208
77 220
199 232
6 220
138 210
140 218
37 91
146 149
64 111
52 150
129 217
176 202
163 170
88 156
71 129
20 32
117 219
32 48
44 161
47 177
169 204
45 181
31 228
197 228
50 182
68 195
15 57
65 146
97 163
80 172
96 153
75 106
18 26
90 169
69 186
91 118
28 200
116 128
9 165
195 197
61 215
110 216
3 21
111 231
42 224
5 53
186 229
199 227
3 153
150 191
164 167
0 184
39 209
48 223
163 201
80 166
144 159
47 184
118 226
13 137
79 184
63 230
13 189
26 158
15 188
58 123
68 122
4 193
52 158
77 160
12 156
25 118
134 150
34 225
61 190
201 211
6 181
173 204
28 89
82 83
105 204
43 144
66 180
35 45
4 10
130 227
13 46
74 206
4 144
127 149
69 192
25 105
82 151
75 88
15 124
17 65
42 149
2 208
127 184
103 137
2 175
46 228
46 60
150 198
29 196
150 217
46 209
23 201
61 203
21 53
67 155
93 154
6 153
38 47
147 154
212 215
81 150
30 184
43 228
27 65
42 96
49 226
22 220
16 91
3 163
32 67
82 152
108 192
13 131
70 91
108 124
51 210
4 85
76 99
120 124
161 222
63 176
25 79
24 229
27 129
126 199
34 98
75 79
159 180
154 213
113 136
60 146
79 169
40 145
56 156
110 151
129 214
13 113
11 197
173 180
37 59
202 211
107 165
95 177
94 233
30 84
223 233
117 136
171 210
95 103
8 184
191 210
1 61
122 159
33 171
53 89
56 167
45 171
165 229
4 113
18 89
71 86
11 218
12 15
25 203
28 185
0 91
80 160
95 218
174 178
123 164
157 208
0 108
41 220
140 234
71 175
19 60
94 101
30 83
209 222
28 34
10 202
71 164
29 87
3 93
28 187
46 233
16 45
13 224
108 163
88 233
25 87
2 188
194 217
130 131
16 113
24 130
18 133
23 198
22 117
16 229
77 124
173 188
47 194
38 117
115 191
6 8
160 232
18 230
49 93
161 166
51 133
185 232
89 103
133 197
102 231
168 234
165 195
149 232
98 150
147 163
207 219
24 73
68 185
117 120
156 215
210 228
85 124
118 207
130 167
21 38
206 234
29 209
56 234
97 176
129 153
54 170
145 205
23 85
53 111
146 148
37 178
149 207
46 128
58 175
96 115
19 194
50 173
161 186
141 147
176 184
11 92
9 161
217 229
48 198
10 108
74 157
1 138
97 180
172 179
24 107
81 120
36 193
83 112
162 232
36 132
86 152
6 148
31 93
94 158
2 170
51 98
104 199
64 214
208 215
141 168
81 157
52 221
66 158
22 195
199 218
3 54
5 169
83 219
124 217
60 106
68 138
121 153
67 85
177 194
90 136
76 195
0 130
71 91
63 195
60 124
23 133
197 218
97 230
33 145
27 74
220 230
211 218
103 197
190 218
75 111
117 127
46 94
50 227
142 207
50 53
114 165
120 185
5 22
106 195
76 82
89 178
84 85
17 152
31 46
115 176
12 90
46 153
81 218
108 175
97 196
22 125
32 119
164 165
109 218
107 219
108 193
32 105
102 163
11 201
31 164
179 196
128 174
111 234
116 215
30 47
10 172
59 164
147 181
191 230
15 121
34 195
39 127
20 43
46 93
64 187
99 118
68 107
194 204
67 187
4 175
40 121
5 98
24 122
144 184
57 141
170 178
91 115
153 160
73 146
34 206
180 224
55 183
50 94
155 216
49 179
119 203
142 169
62 122
137 198
129 167
75 232
43 195
60 186
134 166
120 178
112 234
0 76
180 183
93 198
7 187
30 127
120 151
57 115
156 173
155 181
18 214
82 128
87 145
64 98
105 202
17 211
17 51
116 195
214 219
81 161
68 155
23 225
29 162
98 172
23 202
39 164
100 154
125 217
17 23
28 45
33 202
100 217
33 167
10 203
49 154
153 167
30 129
37 115
197 216
148 172
199 213
60 130
130 211
3 207
59 129
140 145
14 113
147 179
169 208
36 203
21 230
139 207
167 209
46 148
89 234
16 182
63 129
109 174
169 220
32 66
70 197
111 117
54 119
71 198
128 227
13 109
71 232
136 189
21 93
113 178
84 121
50 100
153 193
127 157
92 218
15 173
101 180
51 61
24 168
77 112
32 143
14 86
18 59
79 233
63 94
0 67
127 230
23 95
134 230
80 233
1 75
36 152
58 137
51 218
21 101
159 172
31 45
72 132
139 149
36 51
113 121
106 228
95 160
29 50
0 161
122 157
38 232
4 148
23 152
13 31
190 229
73 220
112 176
71 108
21 210
33 100
61 207
84 106
61 182
13 212
132 180
2 29
133 217
15 38
124 151
55 68
33 91
173 209
98 128
88 191
65 173
180 207
214 232
74 230
176 218
100 109
108 148
54 55
100 151
59 230
157 197
36 124
35 178
204 223
62 156
147 187
100 124
16 140
19 68
23 51
88 110
125 228
39 223
131 205
147 158
28 40
152 192
119 160
119 129
5 159
34 157
86 115
19 141
60 81
71 95
104 198
124 193
87 186
2 7
44 84
168 177
118 219
133 167
134 201
149 159
19 79
65 211
151 229
159 196
102 129
78 89
81 175
96 176
12 159
93 195
105 181
11 226
12 143
103 160
20 98
102 160
28 122
191 229
5 77
35 185
71 76
149 190
25 99
132 157
23 213
36 99
99 161
55 139
171 213
35 63
102 212
23 59
76 100
38 229
0 128
57 59
27 34
75 188
200 223
36 179
114 202
136 215
88 211
18 156
63 221
77 192
117 225
146 160
37 81
114 172
70 176
56 106
124 190
23 187
89 98
5 166
173 202
26 156
116 154
42 69
102 230
102 201
18 68
36 224
45 76
85 181
5 79
3 131
218 223
46 119
102 118
56 79
27 59
3 174
16 77
68 224
21 76
122 145
65 89
8 23
48 137
34 196
172 195
143 190
83 204
87 192
187 209
82 181
66 91
141 153
25 121
137 196
68 150
29 183
120 134
69 135
150 201
81 118
16 75
14 164
2 60
129 188
177 183
16 173
77 183
54 185
119 180
111 138
113 164
59 158
32 49
21 82
26 122
67 129
39 77
74 214
23 35
15 152
132 229
107 159
77 219
141 171
29 155
72 112
42 58
193 217
58 190
49 52
16 52
67 141
32 194
113 173
48 111
35 86
103 229
119 161
34 137
93 231
96 202
186 216
75 123
55 125
178 189
58 234
23 168
31 198
34 70
69 230
127 186
68 97
34 68
81 193
70 216
6 25
2 223
6 28
73 84
59 176
36 109
20 95
21 26
49 188
179 210
10 199
95 162
113 234
140 148
64 66
64 191
7 25
75 225
65 117
3 215
60 89
2 224
4 58
81 215
45 56
13 156
56 191
155 218
49 218
6 169
13 225
81 203
35 231
53 213
146 209
139 225
114 130
32 95
19 123
0 50
4 129
63 68
104 188
8 17
68 148
14 171
218 222
160 199
163 167
120 179
56 152
107 202
69 132
149 185
69 108
10 198
8 45
144 226
29 122
109 189
101 200
13 149
151 164
55 62
63 205
39 152
165 189
114 169
156 219
69 138
84 180
19 115
92 111
33 216
180 232
2 30
97 179
184 228
41 127
14 138
223 227
120 197
32 50
44 212
184 193
45 122
135 206
38 169
45 118
54 125
154 187
160 161
116 136
186 206
166 186
37 98
54 154
179 216
91 159
69 152
62 192
209 211
4 72
34 122
34 171
64 193
61 95
112 127
5 62
88 185
20 86
39 192
33 180
68 197
76 129
12 111
61 148
10 46
16 139
86 160
0 144
62 210
26 224
6 16
93 172
5 131
95 163
56 100
182 213
13 152
165 210
83 118
75 228
111 228
139 181
96 196
202 222
20 143
28 44
12 206
84 146
141 200
147 167
33 229
41 134
98 162
124 224
107 216
141 225
22 229
125 220
44 138
14 105
25 148
32 154
68 230
22 86
66 125
74 128
23 144
128 223
0 24
210 232
128 210
45 201
25 48
58 135
44 131
23 175
1 154
104 181
61 93
2 3
45 163
53 86
15 99
70 162
27 234
165 179
37 151
115 158
32 89
71 146
18 179
181 193
90 91
101 223
148 206
43 56
165 199
8 207
131 186
35 77
4 62
64 188
72 126
30 193
76 170
104 196
93 204
147 194
17 204
9 228
91 144
176 207
37 212
4 29
78 192
39 62
181 189
21 83
26 154
119 132
19 214
132 160
167 212
5 154
156 231
7 140
176 206
35 58
119 188
170 198
172 227
167 175
203 222
4 36
82 143
33 45
117 176
115 195
134 220
22 101
49 68
119 128
78 113
130 186
31 123
48 178
37 145
5 168
135 179
159 211
72 180
144 185
26 89
18 232
162 165
38 127
119 154
182 188
25 218
20 188
53 118
92 193
130 193
50 147
28 100
40 164
204 218
37 103
7 165
162 172
102 128
188 209
8 43
23 158
42 90
48 173
63 180
26 82
0 23
76 178
181 202
44 63
60 76
63 218
144 160
38 150
117 169
41 74
19 207
107 144
25 231
67 124
147 215
57 171
60 197
194 213
75 207
9 88
82 107
57 84
87 234
117 191
51 125
152 163
37 183
106 150
34 161
75 99
102 147
77 169
181 220
45 67
122 209
63 227
72 166
31 115
198 215
61 124
15 84
97 100
208 225
65 140
53 100
63 105
52 120
162 199
42 89
101 124
28 33
157 161
88 203
68 95
148 203
71 207
90 152
4 211
111 210
97 158
75 187
41 218
64 75
104 160
38 139
26 107
114 129
16 63
33 165
65 179
91 131
45 190
116 155
33 173
126 205
113 152
6 135
46 58
132 231
113 157
86 105
148 212
84 103
159 179
170 233
37 75
85 101
75 145
175 194
172 205
45 195
2 107
131 157
24 181
161 234
17 70
155 170
110 143
43 209
99 141
88 198
10 99
48 89
142 163
18 93
159 168
6 147
37 210
186 193
194 229
77 153
168 229
25 151
28 177
106 111
145 223
42 197
124 166
94 213
33 38
63 95
92 171
141 204
53 181
51 86
31 130
29 109
90 120
2 89
49 166
60 120
162 212
145 175
31 105
125 166
150 214
18 88
99 114
210 225
34 49
69 206
21 71
6 160
94 100
45 138
178 199
29 105
59 62
75 178
122 179
11 79
2 23
36 183
192 227
103 139
140 141
47 137
123 218
128 148
130 203
152 171
142 168
24 187
141 232
5 187
67 113
99 116
121 175
134 184
136 197
95 166
97 167
145 181
92 221
52 147
78 136
5 194
66 169
86 118
60 203
228 231
56 117
54 110
136 166
24 208
89 162
154 231
118 152
23 193
108 127
6 130
133 138
118 149
89 203
60 222
142 181
126 166
51 118
81 199
1 77
25 112
55 212
68 72
31 112
182 187
67 199
8 71
90 112
125 137
78 85
41 171
54 115
189 220
16 180
19 128
118 168
38 147
105 209
98 176
183 220
89 208
30 59
41 168
50 76
143 187
61 173
143 179
65 144
69 193
163 228
63 97
107 180
44 157
48 182
28 158
143 181
146 200
0 34
29 124
119 226
108 218
20 53
106 173
90 171
88 115
66 98
24 212
112 179
147 156
41 216
55 79
168 193
85 110
131 169
50 97
26 179
68 179
60 61
96 102
8 128
195 201
144 223
46 218
201 207
2 48
141 144
91 100
115 148
81 138
161 200
165 227
71 103
113 198
54 71
121 154
3 121
33 88
30 192
12 117
112 210
35 110
11 22
16 153
22 79
136 212
24 166
40 58
60 217
63 83
41 233
58 222
78 177
92 228
130 137
12 205
121 132
161 206
79 126
17 90
125 127
2 33
94 104
88 149
14 162
97 126
168 223
20 201
165 173
83 88
34 129
56 136
27 114
56 91
22 129
39 165
29 85
123 171
145 150
90 208
172 185
64 151
16 133
68 101
75 97
14 143
28 56
133 218
47 105
175 205
72 144
9 166
6 224
104 137
132 150
92 114
163 205
41 122
68 128
25 35
61 130
152 167
94 216
107 173
44 169
57 231
25 212
29 130
42 216
8 81
14 45
80 135
82 98
160 168
11 23
201 226
48 49
130 163
132 152
18 131
38 134
23 54
13 58
183 201
18 140
67 223
63 133
195 223
68 116
186 212
60 71
41 169
6 178
3 132
142 184
144 180
108 123
49 88
135 221
123 146
68 79
161 231
73 213
203 224
17 124
64 101
7 138
4 139
58 180
116 209
91 112
175 193
15 199
163 172
42 114
50 190
28 229
74 171
116 222
2 37
123 175
104 170
80 84
86 202
35 177
57 63
1 41
132 165
37 231
33 205
51 75
48 135
17 118
108 158
183 202
6 66
146 194
154 199
52 104
74 133
78 151
114 136
57 163
167 195
118 198
27 123
30 61
179 193
128 134
169 225
98 116
118 140
0 121
37 153
38 144
60 229
50 141
165 184
207 228
100 104
163 210
27 218
23 191
215 227
0 88
65 166
187 229
9 33
91 145
173 206
37 53
34 93
104 226
114 197
180 216
15 117
10 70
46 181
27 58
18 84
27 184
168 185
14 62
31 121
22 114
143 233
85 133
29 84
75 220
83 104
216 231
80 89
110 186
121 184
58 178
117 181
102 123
23 232
98 167
141 196
99 111
92 200
18 201
143 191
138 233
77 225
46 49
60 77
54 122
21 40
3 52
32 134
36 48
55 209
21 161
70 225
188 225
195 222
87 207
78 120
3 221
105 138
109 194
95 112
15 119
143 230
69 178
93 227
25 149
128 204
48 191
63 196
23 234
97 118
141 181
34 61
133 145
71 178
23 151
23 192
167 227
10 101
29 153
38 160
8 229
104 119
94 119
100 201
31 119
122 123
105 133
191 200
176 229
99 207
156 180
119 137
65 78
13 194
104 110
45 178
4 27
163 226
13 23
100 191
99 232
205 209
1 5
31 100
52 143
120 128
81 194
28 162
95 116
90 223
5 234
54 197
33 70
164 201
8 47
183 193
125 182
64 112
86 174
154 212
21 91
156 167
1 124
110 152
74 141
6 35
90 142
40 146
8 151
73 132
77 137
15 195
20 69
112 114
15 46
36 230
30 183
226 231
34 121
112 198
166 194
105 110
135 171
77 100
123 205
170 220
94 168
117 162
1 155
171 207
35 165
131 191
143 159
28 38
165 220
12 39
85 165
120 196
8 99
115 233
18 203
63 189
38 126
69 83
93 223
140 216
24 141
155 232
104 205
77 204
103 214
108 215
33 138
163 190
194 212
52 59
53 166
91 179
7 141
19 227
52 234
127 213
5 196
83 178
168 191
204 222
68 131
152 222
51 140
165 171
22 44
7 112
14 182
32 44
90 216
44 142
80 149
2 16
66 141
188 203
52 68
100 165
18 53
49 202
64 126
178 206
92 182
186 198
28 232
127 193
54 134
121 220
31 61
18 24
112 119
77 216
34 48
150 161
148 180
46 215
24 113
141 154
85 222
26 119
107 199
55 74
14 190
93 201
102 207
73 127
117 195
150 234
29 173
115 204
68 210
21 156
61 205
91 142
54 105
109 201
46 167
214 222
107 188
153 220
15 218
130 148
100 155
121 131
93 121
53 164
88 129
63 119
38 59
98 136
172 210
89 190
76 199
69 72
70 151
60 87
29 211
116 141
84 152
155 204
143 147
155 175
9 95
35 233
25 182
22 137
113 163
188 223
143 178
120 152
7 198
120 175
73 102
100 135
185 206
40 210
10 94
36 189
32 36
108 143
53 127
37 46
86 228
173 208
131 143
176 195
5 99
173 193
62 101
36 148
15 150
50 172
89 155
115 146
0 42
10 20
121 194
44 181
63 164
175 192
73 185
51 67
90 166
85 123
25 143
81 119
27 148
46 104
42 202
137 212
127 215
40 191
136 209
39 130
173 198
103 217
5 8
16 42
71 104
128 229
164 188
50 127
43 103
39 81
80 212
55 206
44 187
9 41
79 114
13 84
21 33
139 222
31 125
112 170
87 202
67 72
74 227
36 60
11 87
158 216
24 230
83 126
118 128
22 75
98 204
20 117
143 150
25 53
7 91
205 223
30 43
58 220
117 118
173 203
54 229
21 126
74 79
85 232
28 73
43 225
79 163
21 206
33 68
77 180
37 180
112 165
34 116
100 206
36 198
17 151
95 195
135 212
18 185
24 153
89 220
133 139
14 54
159 167
89 216
171 178
82 209
4 186
107 118
125 181
92 175
88 212
1 60
79 188
169 181
124 168
6 14
45 157
37 131
70 198
174 233
160 210
1 209
171 177
19 177
101 209
87 193
85 229
123 209
63 174
223 230
133 137
57 121
53 169
20 29
85 230
107 153
93 97
15 164
50 208
61 233
146 167
24 133
43 157
93 186
103 117
159 221
76 191
151 234
87 216
0 103
168 190
132 182
30 88
105 197
86 175
1 219
19 23
62 70
87 150
16 49
8 154
158 192
47 113
12 133
23 98
16 90
70 201
55 156
31 178
107 227
10 128
21 234
77 91
60 102
109 178
146 199
8 181
15 30
27 118
67 164
28 226
57 125
172 202
38 86
64 218
46 150
13 129
195 198
134 136
58 208
10 209
43 71
55 151
52 228
20 189
43 116
14 49
27 51
96 121
26 143
81 94
138 209
62 174
75 89
12 200
74 177
60 187
21 30
47 97
39 229
183 227
90 114
19 108
54 140
129 229
205 210
55 94
127 146
39 112
64 118
133 220
23 125
158 195
146 162
22 159
140 231
41 131
99 178
4 171
69 191
9 18
118 132
87 121
218 221
101 139
120 167
56 149
33 64
19 149
108 129
155 231
76 156
131 135
53 146
211 226
103 169
200 234
11 101
85 151
150 171
129 155
5 9
46 211
47 70
139 157
148 191
58 99
136 183
172 231
192 202
135 140
146 188
17 121
131 192
97 113
50 128
24 81
64 128
48 180
33 191
114 155
85 159
222 229
49 92
31 223
8 11
59 198
11 141
105 180
35 215
9 99
80 116
83 231
66 117
60 91
1 101
3 201
187 218
0 153
8 53
41 200
140 168
37 89
106 164
15 54
35 198
57 153
114 232
192 212
10 143
193 207
109 156
27 86
10 35
51 149
3 158
10 197
160 229
88 167
195 226
191 198
148 175
7 222
76 89
75 212
105 139
62 184
127 129
162 211
70 135
78 225
13 145
3 48
51 176
147 183
52 76
32 113
38 85
49 94
25 128
84 191
89 224
19 181
49 216
6 149
220 224
42 192
58 111
27 214
61 136
44 155
3 136
107 179
17 159
82 192
99 211
85 207
45 95
137 216
29 92
91 183
115 156
81 91
86 177
98 209
30 93
72 177
143 224
60 232
184 218
143 219
151 225
32 164
59 90
227 234
123 142
70 99
18 234
40 65
88 172
68 190
157 158
95 96
55 114
79 190
58 141
10 98
106 209
103 144
61 185
147 206
123 160
7 134
53 80
98 126
31 102
45 211
10 47
90 126
142 206
93 178
197 203
54 161
51 92
0 211
2 24
1 34
11 161
34 106
135 161
55 219
105 123
130 138
65 218
82 131
138 213
18 49
23 102
19 66
225 233
47 55
40 231
67 207
65 71
47 234
56 132
51 193
222 226
113 162
7 104
11 71
58 212
1 200
11 173
45 65
75 186
6 127
74 83
87 140
79 166
30 220
4 20
167 200
46 54
8 123
49 207
150 231
82 205
20 212
105 214
21 182
107 212
107 207
141 166
65 96
101 219
44 197
105 154
0 221
134 218
109 151
4 78
9 100
133 205
41 222
64 105
62 198
100 134
8 74
2 83
2 76
92 144
53 98
47 72
159 166
48 157
84 219
87 184
36 217
148 168
44 116
67 205
53 165
35 91
57 197
57 97
190 196
125 172
13 37
18 43
30 196
91 222
64 217
20 33
6 185
78 211
18 69
63 212
185 215
44 81
131 142
135 216
45 218
69 154
29 163
64 103
90 192
101 197
141 213
10 122
85 126
99 215
49 135
10 214
0 13
51 77
82 133
17 108
13 40
36 185
28 176
27 137
171 224
42 206
75 100
89 100
182 208
161 182
96 225
39 184
30 99
152 182
27 95
23 228
22 28
162 179
120 127
67 168
1 52
162 214
118 148
49 158
173 201
134 228
14 233
57 95
51 81
113 159
4 120
8 217
132 213
140 210
194 231
151 194
37 194
216 218
110 230
20 197
89 222
2 84
39 203
76 216
96 231
28 75
90 160
25 214
115 154
197 206
116 167
140 226
79 142
91 157
193 226
52 87
54 120
13 171
65 130
82 173
189 229
54 102
70 200
38 93
73 149
56 104
218 229
33 128
3 13
151 177
43 77
135 175
154 214
54 59
42 87
73 144
22 191
116 221
35 64
25 103
29 97
107 147
95 99
81 86
139 189
79 139
34 77
98 180
7 125
1 198
6 79
114 179
158 226
111 162
163 222
116 158
73 170
70 105
34 46
42 208
153 191
50 62
169 202
97 111
22 60
60 206
172 176
23 82
144 211
57 168
17 69
28 173
29 233
5 97
29 103
58 230
112 147
158 220
108 194
76 223
7 73
47 193
8 42
81 217
114 189
4 95
76 126
25 220
45 117
144 210
77 139
79 181
41 186
10 229
66 177
129 194
49 63
76 84
44 67
114 226
151 181
47 52
19 204
85 183
37 230
43 51
132 230
131 221
95 113
118 129
53 129
72 116
43 106
28 123
21 226
95 176
1 91
26 71
99 213
39 71
177 186
100 166
36 78
106 190
149 231
83 225
69 172
20 62
143 160
81 214
123 129
177 192
58 80
111 158
59 213
36 122
63 225
138 155
131 166
33 224
14 50
56 83
8 73
185 229
42 65
92 100
100 187
142 201
101 191
56 193
70 218
190 207
97 109
12 197
22 215
14 228
20 134
24 71
3 103
70 191
71 166
40 71
176 191
54 128
69 139
14 232
9 173
131 147
101 228
70 178
108 174
13 190
40 76
11 46
29 90
124 146
122 133
3 181
53 107
45 144
188 230
12 28
162 189
23 160
14 205
172 183
30 74
27 203
40 123
51 54
102 149
3 185
99 228
58 66
114 168
89 199
21 149
65 153
57 65
70 138
171 200
216 217
163 224
100 169
138 174
10 34
18 83
15 125
23 109
78 191
89 183
23 27
4 28
14 147
24 40
81 197
38 135
180 201
74 161
3 144
116 172
28 153
191 221
76 151
66 176
14 82
103 168
113 180
47 156
77 89
40 59
190 216
10 150
73 81
37 90
28 180
8 170
47 187
97 166
126 184
38 163
56 182
78 107
84 181
67 209
90 115
79 90
41 161
125 216
109 169
164 184
85 111
30 36
15 191
69 234
123 167
99 204
188 211
134 204
49 185
92 115
133 231
35 209
34 204
18 114
146 179
28 49
38 210
55 146
75 167
158 232
71 142
6 22
112 153
52 187
67 92
66 150
48 176
68 231
160 219
144 220
29 157
15 174
57 189
19 125
57 206
131 190
147 201
85 109
84 86
3 114
18 70
91 103
75 85
2 103
7 153
109 155
80 197
18 216
102 221
164 194
19 122
51 111
6 120
0 84
77 82
154 205
20 147
88 158
64 94
23 39
107 122
112 118
71 228
12 129
26 172
96 123
101 173
42 136
76 177
112 171
90 130
169 186
168 228
41 105
94 156
12 93
106 188
129 199
113 175
31 216
24 139
166 229
13 219
61 168
43 83
61 191
173 184
50 153
97 133
13 103
130 135
151 171
30 40
31 144
29 185
67 71
146 213
4 73
161 205
68 137
119 207
96 179
127 148
152 198
8 113
15 222
100 141
144 230
115 161
90 168
21 142
39 47
63 81
50 57
92 110
10 41
20 161
125 159
22 199
137 201
19 215
173 213
43 150
13 114
84 187
121 168
79 195
103 190
1 207
26 182
120 203
7 186
65 118
48 213
127 169
177 178
124 181
128 202
143 172
198 204
10 169
42 71
224 233
106 206
33 116
31 208
17 198
10 219
117 184
90 107
14 132
14 223
68 117
25 153
30 58
72 140
181 229
95 215
149 156
133 199
5 216
2 126
49 106
172 216
136 172
154 189
120 159
26 64
8 72
105 137
19 206
124 223
4 22
188 234
13 30
74 204
146 155
128 193
122 196
11 117
124 147
45 204
24 199
6 143
60 116
89 192
110 199
114 209
72 84
27 97
115 194
21 34
128 196
186 204
86 88
28 65
220 231
34 209
22 77
78 195
19 81
93 114
38 188
183 188
184 233
210 226
43 175
174 222
33 157
168 211
53 221
1 206
44 156
107 198
10 204
78 95
28 85
53 79
89 143
98 221
122 230
65 200
160 177
86 95
154 155
83 194
151 179
111 215
60 147
135 165
36 98
60 125
89 169
106 153
19 29
26 80
37 48
70 175
213 231
208 231
126 133
29 225
5 199
41 118
127 224
203 218
60 66
134 219
58 182
47 98
94 99
60 64
26 187
95 211
38 106
53 135
69 86
36 39
100 178
17 213
42 50
54 124
20 138
52 196
150 232
128 170
52 109
200 206
33 41
104 228
73 114
18 126
76 116
79 148
97 159
61 234
39 51
16 203
182 218
33 106
32 234
142 161
179 181
99 202
8 101
177 204
25 208
120 211
185 197
3 232
23 161
18 138
44 103
97 156
151 215
170 194
44 201
111 202
196 202
78 139
130 171
6 177
69 103
60 163
38 87
104 167
72 183
14 222
105 219
35 150
138 204
32 137
155 207
161 170
101 147
140 165
24 90
27 75
67 81
14 92
49 169
142 200
172 173
144 229
151 196
9 217
110 168
106 233
0 109
202 207
122 203
153 164
26 196
198 229
178 207
53 156
42 209
119 219
61 181
102 136
184 231
155 169
64 124
143 168
52 219
165 201
214 228
112 141
0 127
31 51
154 229
170 180
78 87
9 229
202 223
54 63
72 169
66 84
1 180
115 143
66 97
135 198
21 213
57 134
114 152
103 202
2 232
44 204
23 197
47 125
44 125
23 114
8 57
176 228
18 233
59 226
94 206
73 145
33 34
65 187
138 183
31 38
17 233
6 226
76 107
201 202
143 198
6 167
37 169
217 224
90 158
31 69
84 145
83 192
174 205
32 224
87 147
28 30
22 107
15 36
53 227
27 135
61 80
42 45
213 215
139 187
24 52
136 143
97 216
117 218
108 154
39 186
91 114
89 140
100 220
6 9
106 123
4 43
148 197
45 207
73 88
116 150
53 70
5 13
25 119
36 92
24 37
3 24
109 165
151 219
81 100
144 219
191 196
63 74
29 134
99 189
89 204
20 199
129 139
75 227
219 231
64 93
10 82
0 219
19 82
12 95
22 138
103 220
10 131
16 207
198 231
56 129
27 110
118 199
149 208
117 205
26 234
118 201
55 211
164 213
104 214
37 68
179 198
48 115
40 193
8 208
193 215
133 208
51 189
29 58
138 225
41 185
118 174
17 161
99 160
156 230
7 118
143 149
82 186
124 143
76 111
146 170
64 146
36 126
13 226
16 41
22 181
145 176
42 137
83 162
80 218
65 92
81 174
42 103
115 210
139 203
116 217
60 167
159 183
132 193
101 231
158 167
37 44
2 189
31 152
66 165
114 227
78 137
54 136
212 228
35 225
5 176
125 138
21 73
106 158
44 53
69 128
129 154
52 208
34 85
146 169
35 109
63 208
12 225
19 107
92 172
5 81
84 135
41 159
31 204
121 145
129 189
62 86
44 73
16 211
71 133
91 174
122 204
12 99
72 225
2 157
208 212
34 227
76 204
13 123
123 228
2 102
165 174
76 198
163 168
64 234
28 182
47 66
9 35
95 201
0 112
74 155
210 223
7 188
158 197
94 232
147 213
25 163
102 185
1 232
159 234
22 226
13 36
66 108
98 171
14 30
4 93
44 175
34 113
52 189
136 219
48 187
77 166
8 152
160 218
45 130
127 178
32 147
61 82
15 75
47 191
29 40
89 163
35 156
48 73
150 172
29 218
22 89
198 228
118 172
97 224
115 151
3 173
213 230
115 212
114 125
12 48
25 198
27 227
167 231
20 164
35 218
5 183
153 194
23 79
194 219
13 41
2 206
196 216
62 168
141 143
41 158
142 145
3 62
203 209
83 127
39 204
93 181
84 87
13 87
10 33
3 35
80 112
114 121
38 39
117 161
140 219
40 171
64 79
51 122
43 95
11 145
120 172
35 196
149 226
63 188
170 185
153 213
25 114
45 208
112 139
47 215
158 170
163 220
100 130
100 196
22 194
22 111
54 155
47 171
6 136
30 125
179 208
2 49
11 157
161 211
51 172
90 111
188 196
43 183
221 225
35 234
174 200
133 179
8 96
60 132
5 15
137 220
167 168
7 95
79 105
27 215
39 66
5 150
95 192
1 168
75 196
20 228
122 169
19 197
42 183
160 227
99 124
76 148
206 225
20 208
35 199
131 149
8 155
165 190
60 84
168 183
24 193
2 197
42 94
12 157
2 14
202 206
129 151
34 164
41 120
149 175
54 204
83 168
57 132
39 205
2 183
59 159
80 130
78 121
66 69
68 233
33 206
63 120
41 78
45 106
96 97
76 181
175 231
137 223
1 184
28 54
44 221
10 83
197 232
89 134
89 225
62 152
138 179
1 137
15 207
117 145
56 179
59 105
21 59
165 234
118 153
200 222
84 167
39 108
39 91
74 82
33 120
99 180
78 150
71 94
92 177
141 224
35 213
53 162
134 206
138 160
74 124
77 150
112 174
51 101
77 195
79 214
7 94
5 74
134 153
27 152
73 158
71 127
41 109
67 73
18 40
76 147
12 224
107 170
6 104
24 159
100 163
126 144
86 106
50 139
61 224
111 131
147 232
65 201
80 137
58 96
151 209
1 205
131 172
35 113
42 97
52 72
78 200
14 122
68 192
99 110
28 62
3 120
121 225
58 108
76 166
99 152
156 212
18 151
78 93
76 194
165 204
5 56
60 180
39 110
52 209
14 195
59 74
21 181
22 225
112 117
20 180
88 140
119 210
47 122
65 156
74 216
66 198
22 116
213 226
120 234
39 125
15 42
31 155
74 170
47 82
94 190
11 48
197 217
137 173
136 194
189 217
55 158
27 40
88 175
25 37
22 39
135 182
108 228
89 115
16 126
127 173
0 30
102 226
58 81
155 180
145 152
10 151
86 197
69 104
177 218
9 232
77 193
132 211
64 87
78 208
169 234
91 134
60 145
122 220
114 138
101 138
47 76
72 158
77 107
212 221
135 152
100 199
1 50
167 171
164 227
122 198
2 234
27 204
124 161
75 205
49 84
231 232
212 214
83 157
188 217
18 217
70 95
157 233
93 177
43 193
57 149
63 135
171 206
123 187
26 86
159 185
11 221
94 192
156 204
55 184
135 196
129 200
89 129
151 222
15 138
197 230
156 183
1 87
150 205
104 172
136 170
202 203
42 182
83 198
125 198
21 232
33 119
46 66
27 105
2 28
49 101
3 212
102 132
131 171
111 165
19 80
108 116
44 101
6 132
126 220
95 161
89 124
124 134
32 111
30 57
190 226
12 195
3 191
135 158
136 171
16 97
97 234
47 49
128 172
140 200
14 28
27 138
31 218
180 225
54 98
108 159
38 103
175 178
84 159
183 216
70 80
122 147
12 209
2 166
9 101
93 191
38 83
8 144
51 190
22 213
55 186
129 191
15 227
23 71
91 132
12 69
218 224
111 157
168 194
12 122
105 136
36 50
166 189
121 178
7 211
44 209
92 210
107 233
1 233
11 207
215 222
82 159
132 224
15 28
7 55
77 179
101 189
73 219
73 77
81 166
58 103
33 139
143 222
64 204
153 174
70 220
57 113
77 188
140 220
96 118
0 56
27 147
88 131
27 80
205 208
71 135
109 175
113 134
104 231
27 229
17 103
55 56
1 29
176 185
206 208
52 84
33 179
126 178
58 102
8 216
206 212
28 72
73 150
104 150
32 141
172 197
11 89
47 160
106 107
7 36
116 181
57 105
30 51
124 195
144 150
37 96
39 137
81 206
108 232
159 231
82 162
48 146
6 197
29 182
88 221
84 203
147 189
14 145
113 131
41 182
50 228
181 232
41 193
95 164
38 102
129 233
173 222
138 159
150 186
122 213
33 150
139 234
41 90
92 137
197 213
19 20
21 100
17 227
86 169
198 213
19 151
41 67
174 207
173 189
163 197
2 132
92 186
70 111
172 177
160 207
100 116
70 72
55 196
3 226
67 108
50 85
148 219
95 137
149 170
39 46
12 147
163 233
32 179
53 191
74 76
76 189
25 166
212 231
191 211
4 76
95 226
118 122
65 67
2 191
79 201
165 231
126 163
8 188
71 150
54 215
12 109
96 132
29 66
57 138
55 208
23 132
88 176
117 217
37 177
9 223
112 125
164 179
35 142
44 117
45 155
36 49
78 127
138 227
37 199
178 214
23 66
13 136
75 194
123 184
37 128
47 75
28 91
86 217
67 90
88 134
160 200
197 205
12 26
21 70
140 167
53 182
25 164
181 205
30 107
123 233
74 209
52 63
72 93
96 116
35 148
85 158
34 170
13 105
181 185
27 94
68 213
180 210
52 224
157 171
135 170
95 156
118 138
61 112
56 221
103 108
78 222
188 192
2 186
47 182
30 194
197 212
25 172
1 73
118 159
129 192
8 117
87 229
120 136
15 87
4 121
40 213
115 138
178 204
178 181
179 220
14 40
8 139
0 71
119 208
86 143
69 207
39 100
7 161
150 207
74 136
71 144
203 219
60 136
8 111
53 58
70 134
6 39
127 150
61 175
106 136
120 177
24 200
95 229
37 174
34 212
55 201
19 175
4 32
80 142
119 191
130 189
7 231
74 143
203 217
171 234
19 46
117 142
130 217
135 209
48 77
14 104
16 233
172 180
55 230
125 156
38 207
49 143
21 52
39 211
65 234
5 130
86 183
108 132
15 189
8 98
79 199
4 133
32 73
115 209
44 54
76 185
33 103
1 96
90 173
123 232
21 123
113 187
12 113
93 112
136 190
34 87
45 98
115 149
24 129
56 223
121 197
29 139
73 99
194 221
10 73
70 117
51 156
91 98
78 215
89 141
96 110
47 78
66 233
39 79
101 155
2 184
29 86
162 208
109 180
116 224
81 90
24 121
6 144
88 137
3 234
206 207
166 211
132 140
169 232
182 195
106 146
40 109
162 197
184 190
16 124
122 139
100 203
43 216
108 111
40 215
213 232
38 99
1 109
110 176
8 59
116 200
89 209
2 51
77 102
83 227
116 130
28 111
119 206
93 105
74 104
12 169
50 214
52 172
122 214
53 117
187 208
89 219
22 29
15 122
57 230
156 203
100 137
30 204
78 109
114 175
131 207
72 234
203 225
148 190
22 118
111 149
45 94
44 111
171 227
19 217
77 83
24 182
42 226
175 227
83 170
71 233
166 232
46 213
209 223
84 98
129 187
49 122
51 232
142 210
29 224
4 154
169 210
88 219
31 169
88 142
52 56
94 205
49 132
112 227
29 152
204 234
37 80
176 179
45 161
24 143
91 95
22 27
115 182
63 145
189 194
134 174
200 204
96 164
191 227
97 168
219 232
89 171
38 120
137 229
61 143
10 60
218 230
171 199
171 219
200 221
70 164
80 156
96 127
140 142
5 92
152 213
197 201
132 216
155 171
94 175
11 174
146 234
35 41
82 176
112 185
28 219
135 219
35 144
65 87
145 156
34 37
26 93
65 214
68 92
178 234
180 203
7 214
9 24
76 159
55 233
23 111
0 20
62 141
165 185
33 209
0 28
213 217
0 230
16 43
112 208
94 133
78 104
33 101
18 229
10 157
99 220
136 214
47 138
128 199
25 225
121 210
61 69
123 133
185 202
124 162
152 168
137 218
93 207
187 199
192 232
25 83
39 187
124 154
159 217
81 146
2 20
170 229
56 178
6 122
37 102
102 178
26 220
57 101
52 124
95 190
95 228
142 144
158 210
169 174
123 211
56 218
174 182
2 39
2 44
25 30
38 141
6 103
41 79
170 228
81 191
164 212
88 98
76 173
90 162
36 95
84 89
84 233
47 223
2 202
167 218
100 198
102 119
183 210
14 130
86 184
45 90
81 127
105 213
106 168
84 221
70 102
62 63
59 61
88 220
14 170
195 217
63 152
14 140
81 140
74 234
58 167
51 191
67 104
11 14
37 139
40 178
46 179
28 88
34 63
121 142
55 204
219 234
58 194
93 145
37 168
94 150
74 114
152 165
50 220
0 5
18 145
157 203
173 181
219 221
50 175
41 152
32 203
227 228
41 146
102 125
145 166
73 196
46 121
120 137
82 135
78 163
9 36
84 205
57 146
65 127
32 72
124 221
41 107
150 154
18 35
101 135
57 144
189 221
131 201
73 74
108 234
16 88
6 64
28 217
103 135
21 104
144 162
1 163
36 168
33 151
4 89
54 227
121 212
51 90
128 205
50 74
64 144
136 175
84 220
20 190
163 199
53 186
162 219
84 104
40 207
123 130
107 190
145 200
64 108
72 139
111 141
66 107
117 164
5 178
146 168
5 228
70 133
18 28
32 152
21 29
126 200
104 135
53 225
75 117
162 182
37 79
131 133
60 226
163 214
49 82
94 204
173 187
198 234
45 140
62 124
16 174
45 132
76 98
82 100
71 186
46 79
5 118
131 187
73 198
4 83
44 75
134 208
171 188
60 230
111 200
185 212
53 174
137 153
229 231
123 127
77 161
6 146
78 91
49 89
87 181
27 121
13 35
32 182
154 166
176 193
124 216
104 229
193 229
62 85
73 138
81 114
79 206
154 165
175 213
114 142
101 165
159 190
191 195
9 62
60 82
72 174
137 203
29 202
150 153
95 223
68 165
78 82
19 163
172 178
190 203
28 212
74 77
159 189
120 162
21 116
121 125
153 154
10 168
111 187
69 229
143 201
38 107
52 79
36 156
93 148
10 92
44 124
59 97
221 232
110 189
22 171
39 103
165 198
147 186
22 207
12 173
44 143
15 106
2 5
181 217
13 79
51 168
9 152
79 131
1 39
103 145
103 179
39 119
109 131
178 192
18 153
128 187
121 174
99 163
65 208
90 117
107 131
53 184
156 190
6 46
108 160
80 211
4 74
56 192
137 190
64 86
197 211
136 203
72 80
149 194
126 136
24 154
38 58
21 122
5 189
27 89
179 202
136 202
39 193
32 209
133 157
78 175
106 126
78 170
160 188
72 181
35 135
68 196
157 172
127 201
114 225
124 167
69 231
49 62
53 233
17 112
92 156
40 166
33 174
68 140
10 118
17 98
22 54
105 205
46 61
117 140
156 228
1 122
32 212
30 49
168 169
120 140
152 158
172 217
128 207
20 230
161 168
21 132
101 171
43 134
57 142
88 92
3 208
79 176
25 230
38 92
64 130
38 225
168 184
14 93
71 199
40 142
28 183
120 225
122 207
76 230
107 200
10 78
33 111
179 186
89 142
79 218
41 160
47 144
181 196
14 107
204 217
22 146
29 35
24 170
53 76
51 163
50 107
115 232
137 159
60 210
126 160
84 194
103 115
145 234
5 43
162 225
74 103
12 66
86 171
104 126
20 232
17 165
54 73
52 69
135 188
21 23
143 158
102 156
134 202
41 130
114 154
219 228
149 215
139 185
57 143
170 208
54 189
58 136
40 176
154 170
83 221
96 134
37 224
130 146
180 208
93 200
55 213
18 142
36 231
184 222
52 180
22 228
93 224
93 130
111 183
41 75
195 219
132 162
90 125
92 181
14 191
11 121
98 225
11 186
40 155
45 109
7 139
26 55
173 192
134 225
49 159
108 120
29 38
122 167
51 124
183 234
194 233
189 233
20 44
111 176
71 74
89 164
13 217
35 55
148 198
77 208
0 110
72 103
31 147
80 203
159 199
79 82
10 158
82 230
48 181
60 191
66 199
49 117
188 201
71 99
94 172
36 89
13 140
21 108
65 104
40 205
135 184
1 86
84 234
65 213
176 232
0 118
170 184
90 124
154 233
56 170
143 202
121 185
2 214
50 225
43 111
46 232
76 172
148 233
147 164
41 77
183 217
112 206
118 166
0 105
23 37
66 103
9 112
85 164
13 66
10 14
44 199
12 179
108 187
64 157
91 201
19 200
193 206
67 182
142 229
71 116
88 139
107 217
54 91
125 134
117 144
119 167
93 188
94 167
48 105
39 60
39 181
51 224
167 233
5 59
78 161
12 130
56 141
44 128
58 84
154 223
155 212
33 107
20 22
80 101
15 140
6 168
55 75
24 99
19 147
100 132
101 106
36 158
31 68
44 150
194 225
133 156
33 39
134 224
134 203
3 183
15 70
62 172
3 67
39 227
27 61
26 148
78 88
178 223
144 171
14 129
119 199
170 224
63 168
167 229
30 197
11 156
185 187
51 132
199 229
20 36
84 201
51 141
45 222
74 188
84 169
36 70
101 221
51 174
7 145
64 91
58 63
74 205
108 136
23 64
78 142
19 158
170 193
50 209
32 165
49 190
117 227
83 187
11 64
70 219
130 213
43 204
172 226
75 203
14 108
18 92
49 133
158 164
141 149
106 144
67 195
60 131
23 48
73 122
76 96
56 84
12 223
128 184
52 159
81 102
35 90
67 101
160 208
54 167
90 201
119 217
21 46
49 118
133 178
83 173
165 202
33 172
9 181
140 149
79 225
0 27
38 159
181 223
140 204
148 221
133 187
186 233
59 199
132 186
24 78
0 85
177 217
126 169
99 188
55 110
61 180
158 161
143 163
135 233
14 154
35 117
31 189
8 210
156 196
80 176
9 19
123 181
134 232
138 196
53 73
156 216
56 111
47 108
20 203
1 72
189 197
79 85
41 162
24 31
107 135
131 222
30 180
11 77
19 193
80 223
88 99
27 224
74 87
118 191
146 208
1 45
7 166
66 214
13 99
113 197
45 180
87 111
36 76
150 175
2 198
8 200
14 127
44 227
37 232
166 177
120 192
42 222
81 128
18 31
99 226
50 154
10 210
43 201
79 221
34 183
57 176
23 112
8 205
113 186
49 157
53 157
164 182
11 25
199 219
59 113
198 226
208 219
17 162
10 87
33 86
62 130
39 139
180 190
32 188
129 135
65 193
1 176
7 209
69 70
76 80
2 154
152 207
7 53
94 220
109 167
13 143
150 173
171 226
52 227
55 223
154 157
47 174
51 187
10 155
61 67
71 149
44 190
25 202
73 121
127 177
98 199
124 187
56 202
157 222
12 166
106 148
66 163
202 208
119 178
32 43
138 173
88 224
2 86
125 211
71 226
21 140
70 106
20 61
126 153
2 77
115 196
22 97
36 131
73 87
148 192
66 121
160 164
161 198
59 156
75 143
58 160
176 181
123 143
148 200
125 188
99 203
99 168
146 232
37 77
29 205
68 96
30 187
92 212
62 189
38 194
90 140
153 222
5 36
78 164
20 187
58 119
67 98
87 113
32 206
29 102
39 189
106 222
52 78
24 104
3 22
101 218
93 136
26 140
78 181
134 229
82 226
35 172
54 85
33 184
10 233
29 100
17 30
50 219
7 127
44 173
51 136
4 42
137 161
148 151
193 234
89 94
11 88
78 207
87 156
86 168
56 147
118 210
4 173
133 222
40 139
137 193
153 176
185 195
31 175
63 132
150 209
156 205
121 209
38 110
38 97
73 171
59 118
109 183
31 167
145 208
56 61
22 108
12 177
47 104
149 233
18 202
115 130
175 234
70 159
208 224
162 166
41 55
144 186
136 182
93 113
120 190
36 120
3 189
26 48
188 224
142 170
14 226
114 173
33 79
167 182
13 83
35 180
36 130
18 94
13 74
47 178
69 142
81 131
83 93
16 65
59 81
44 233
73 234
142 203
31 137
34 154
19 93
110 114
204 210
68 181
12 80
94 211
27 209
102 108
48 171
112 134
33 127
55 169
5 164
53 168
186 207
84 160
117 133
116 156
58 126
150 197
110 211
45 167
41 201
106 182
41 223
97 103
25 65
124 211
14 184
124 196
2 211
125 173
45 119
186 203
39 44
93 219
159 201
71 106
199 228
7 159
58 134
67 196
77 209
89 91
81 207
37 207
193 220
74 176
85 155
6 176
16 99
19 178
78 213
114 139
157 202
2 117
51 216
116 214
187 197
4 229
110 195
199 211
94 149
66 90
87 106
23 155
2 75
1 123
2 180
178 201
61 97
19 114
47 190
132 200
139 154
164 173
61 177
68 164
167 234
74 108
146 221
76 220
182 226
117 230
17 126
54 165
10 221
38 203
3 167
77 171
62 134
19 37
115 171
125 229
44 80
182 193
120 145
17 193
27 158
79 185
130 209
88 95
13 48
44 88
102 206
7 8
210 212
22 166
102 189
23 96
42 138
23 146
28 109
61 158
3 46
29 106
206 231
35 112
0 141
97 172
120 133
69 174
62 165
85 209
53 77
44 113
191 201
171 194
34 146
126 206
87 146
6 57
176 177
59 188
168 221
115 136
142 214
134 209
37 147
23 72
186 214
26 72
70 195
80 180
35 47
46 147
26 92
185 205
111 213
37 126
74 80
69 212
178 194
64 189
116 168
110 229
146 217
71 112
85 212
32 102
4 96
97 146
13 160
44 230
5 25
7 69
147 221
0 206
137 210
103 141
30 158
93 183
125 141
56 219
31 215
7 106
0 228
88 174
34 138
12 58
59 228
70 90
98 165
82 93
33 230
167 214
84 111
47 229
83 142
47 134
37 121
100 158
141 175
136 159
132 205
98 174
117 119
32 58
132 203
50 221
68 219
141 220
24 173
71 202
81 219
65 219
177 212
32 146
6 204
93 119
75 139
9 120
21 118
151 180
168 227
47 65
113 119
127 190
90 167
86 203
105 220
10 124
195 220
96 150
163 176
45 217
19 95
40 206
85 95
33 73
56 75
4 25
69 168
30 52
63 115
51 104
22 81
75 217
107 194
167 211
43 172
124 152
180 193
14 16
48 141
88 234
11 134
58 218
92 163
90 149
142 234
116 121
60 170
124 156
55 64
20 114
106 221
83 147
155 227
134 214
53 224
15 72
176 220
37 181
123 210
113 228
78 148
137 177
165 212
144 209
48 183
1 74
3 214
27 71
19 113
180 188
45 123
139 168
19 98
170 187
9 122
97 161
92 162
16 50
160 226
66 135
146 207
5 227
74 199
3 20
112 220
155 168
99 192
181 194
38 218
86 132
103 119
2 35
169 199
40 211
18 120
44 72
143 200
104 177
53 179
11 110
148 202
151 216
33 136
85 143
15 159
171 190
2 36
200 230
19 27
39 122
11 158
38 198
15 208
211 213
30 121
76 77
14 109
203 213
44 176
64 82
2 59
1 65
111 170
151 187
89 180
128 160
66 73
91 184
99 146
126 197
165 175
35 160
40 214
114 180
48 55
73 123
36 37
74 213
71 177
47 86
2 158
157 193
138 143
109 154
36 187
51 100
183 186
45 146
24 138
78 131
93 228
72 222
38 164
25 219
21 171
109 200
195 234
34 160
95 186
33 227
147 159
33 65
9 106
58 209
148 163
103 216
99 200
57 114
16 24
11 214
110 159
17 178
191 204
14 55
155 157
59 193
89 179
196 214
53 192
32 140
20 93
42 86
99 156
133 213
109 207
43 48
74 173
142 158
125 210
176 194
64 170
20 176
1 171
143 232
9 123
87 97
69 167
179 213
6 50
12 175
76 153
122 127
108 151
88 144
90 212
14 193
8 143
180 219
31 101
204 213
96 117
28 116
101 208
49 108
199 234
14 58
152 217
62 132
22 155
14 89
163 196
64 136
21 183
0 19
25 177
22 76
64 173
2 149
50 213
39 175
42 129
134 188
80 108
25 194
62 228
6 227
39 85
67 197
111 168
117 226
12 144
217 227
134 221
22 127
6 180
31 176
23 196
101 195
1 90
135 223
52 62
62 107
183 192
126 226
139 217
48 67
144 196
139 190
125 150
127 161
171 176
52 53
95 222
82 188
23 89
91 205
29 177
119 230
117 128
52 178
113 183
12 24
145 186
113 114
29 198
75 223
55 192
25 80
155 196
124 204
173 224
0 149
169 178
105 148
47 56
169 194
97 208
11 234
3 194
37 135
140 185
221 226
47 211
34 152
22 202
3 5
169 233
14 71
167 192
77 78
49 67
15 187
35 131
54 117
21 66
72 218
82 220
156 171
91 104
161 227
158 217
157 234
36 181
49 100
110 167
100 110
13 68
10 81
170 177
200 201
151 233
109 196
126 155
35 216
4 190
9 94
20 58
38 48
31 181
10 48
61 147
124 229
33 204
38 204
14 48
201 219
110 226
108 205
29 70
122 155
54 78
80 186
113 128
85 204
16 224
14 210
145 230
81 184
74 160
32 187
83 136
62 113
129 226
28 76
5 179
40 137
64 224
91 128
7 185
74 210
172 189
16 67
114 149
150 183
16 160
14 102
103 153
17 130
43 219
32 176
41 188
113 130
10 74
57 216
69 114
128 136
9 43
77 194
27 131
33 49
6 234
91 127
74 140
53 74
31 43
113 118
121 202
52 152
25 159
180 227
133 227
41 112
27 198
139 192
7 14
88 213
100 103
5 73
156 213
144 208
98 125
160 191
24 128
37 223
35 173
19 54
5 190
15 107
114 207
25 113
40 135
6 65
175 232
181 227
141 218
161 209
151 154
1 195
184 230
87 171
33 133
116 196
2 90
44 74
7 122
122 128
118 177
22 222
50 132
25 126
85 115
26 176
83 218
87 214
67 102
55 118
44 151
99 167
18 39
99 191
8 44
34 179
94 228
151 157
133 203
98 142
50 140
124 175
43 191
156 233
54 93
110 129
98 232
59 221
112 177
130 206
1 22
123 197
186 227
8 54
15 206
64 158
93 149
6 138
46 221
162 167
13 133
26 159
65 85
106 113
99 101
12 222
55 145
80 229
34 69
6 128
114 218
62 111
32 39
31 107
56 183
155 182
50 87
24 195
179 206
166 199
80 164
117 200
107 183
202 209
137 209
89 223
17 52
84 95
134 193
58 173
57 139
144 232
171 185
61 221
85 186
11 81
183 232
59 174
26 213
99 170
69 112
36 184
106 200
31 201
137 164
27 46
101 110
19 233
74 148
131 180
39 145
145 199
30 97
86 147
155 220
92 197
33 40
90 175
5 91
160 166
103 223
114 115
14 60
58 170
81 154
36 144
56 186
31 186
72 111
47 226
34 124
44 198
134 198
91 227
24 33
38 122
71 143
68 89
230 233
132 171
120 188
118 126
164 175
93 142
41 167
52 126
141 219
106 232
81 196
123 183
44 114
125 146
107 114
119 168
113 143
14 47
68 85
9 102
37 193
16 64
63 121
65 172
61 183
142 194
17 26
91 217
165 223
6 219
120 229
104 125
150 229
9 231
47 232
149 229
96 175
148 187
30 76
76 128
3 55
48 68
12 23
28 128
57 136
157 229
61 105
103 164
145 229
27 155
59 220
118 220
38 62
120 166
41 64
29 223
18 155
49 168
65 108
82 177
44 122
30 205
126 189
121 136
148 174
136 140
54 186
218 232
216 229
92 116
101 214
6 179
3 6
37 148
8 162
98 205
175 224
120 147
72 198
86 225
75 160
11 42
24 77
27 134
30 138
119 225
6 139
17 146
0 66
49 109
76 112
11 176
42 193
105 167
1 136
161 187
18 189
120 219
152 230
82 145
51 157
161 196
170 173
151 223
18 194
2 21
71 234
127 142
35 101
67 178
9 172
76 110
72 97
107 214
142 223
18 176
57 187
7 97
89 93
2 50
107 169
172 201
75 201
68 69
96 211
163 184
53 59
138 178
76 142
147 224
103 191
136 156
27 70
177 203
73 192
3 196
98 107
61 152
1 70
87 173
58 106
211 234
27 207
102 159
0 131
70 152
11 123
92 201
31 40
27 37
218 231
3 12
204 233
76 206
3 218
50 98
15 200
7 162
133 151
97 186
71 131
177 219
15 154
25 96
9 164
27 140
40 165
4 61
50 179
92 206
134 143
42 173
117 220
42 107
114 230
63 136
72 148
104 217
157 192
6 150
85 163
14 215
4 192
173 223
12 229
127 181
18 136
8 133
71 194
86 193
128 147
72 178
76 143
161 233
200 228
228 233
117 135
10 115
75 153
43 88
17 33
21 110
82 204
184 196
100 177
5 18
109 115
41 60
96 182
42 228
39 224
51 181
152 223
26 30
109 143
41 97
106 207
134 180
77 214
77 203
89 105
101 105
20 120
5 191
146 197
14 219
51 205
25 195
24 149
112 142
137 221
155 197
103 200
48 123
77 184
15 234
27 81
44 51
129 198
19 58
226 234
192 199
72 85
79 104
83 203
77 165
142 150
99 176
99 154
52 80
76 83
80 173
55 149
90 209
105 226
31 163
140 212
19 73
115 206
3 14
46 176
54 108
54 106
113 127
118 127
146 165
135 141
49 210
23 121
29 166
35 122
39 59
26 56
59 66
1 63
109 181
93 187
74 145
31 153
13 223
88 155
172 218
118 139
170 225
41 166
38 111
19 179
15 143
91 191
14 17
27 210
147 191
61 90
0 193
61 108
131 137
125 155
118 150
209 234
71 117
74 151
73 90
29 230
9 170
29 45
68 103
37 184
171 196
22 161
8 224
18 124
78 128
197 204
61 102
12 42
152 216
3 26
146 231
75 173
72 164
11 208
13 91
60 143
86 140
0 188
161 167
166 173
65 115
61 88
37 176
18 209
51 58
94 186
6 207
51 93
138 187
86 151
167 221
43 85
14 149
137 194
80 106
2 26
18 97
106 211
2 32
64 99
36 159
0 205
5 156
30 92
162 224
93 122
94 116
111 216
9 45
115 211
42 92
85 192
110 197
103 113
91 230
138 180
123 138
59 63
192 219
30 122
68 119
101 130
13 205
14 85
59 78
69 170
32 229
92 196
69 125
53 163
146 233
76 108
217 220
121 137
48 155
163 166
164 172
74 218
173 190
96 167
105 162
78 155
55 222
145 168
44 107
111 169
42 128
20 216
88 197
15 170
79 222
117 207
3 159
91 160
178 198
46 53
154 234
201 227
93 144
102 213
160 222
54 56
170 223
71 192
46 185
8 230
140 164
61 170
14 208
27 115
30 147
25 88
9 200
45 149
52 131
94 154
114 181
36 103
14 64
9 25
64 129
75 152
43 154
16 222
95 180
8 146
59 69
128 141
104 146
17 91
83 134
143 204
80 162
70 205
59 126
138 150
34 159
174 229
114 221
32 107
11 232
51 91
2 195
93 131
113 205
195 202
86 136
3 140
143 170
10 76
149 188
53 126
90 157
143 144
112 189
48 199
2 71
10 85
179 226
40 218
72 102
72 94
1 14
44 217
115 230
12 51
26 105
58 189
37 138
57 228
56 148
156 214
27 163
97 106
116 129
0 150
38 140
7 66
127 170
29 126
152 195
103 180
53 134
19 104
108 141
53 185
45 136
56 224
9 73
156 157
81 179
74 118
211 219
6 203
152 220
77 105
138 176
107 137
75 126
38 77
107 149
41 181
67 153
75 127
93 120
28 233
20 96
79 89
136 139
200 217
71 167
147 178
212 229
85 120
8 93
141 148
137 226
40 113
22 153
40 85
56 159
30 134
62 193
34 176
10 55
160 172
118 155
30 201
48 196
0 233
18 132
51 203
80 102
88 208
90 92
159 229
15 109
23 204
12 25
129 175
9 78
72 147
59 146
151 174
34 54
145 227
111 180
47 89
67 130
103 104
136 204
69 79
13 102
48 128
20 92
58 171
91 180
110 172
27 187
37 134
147 155
141 217
9 81
133 160
134 164
111 126
4 31
153 172
31 133
92 170
88 230
4 115
68 141
73 135
133 226
112 233
84 92
98 218
51 171
30 64
13 200
101 118
17 200
78 198
23 126
141 187
15 16
20 107
97 187
126 204
138 189
162 230
116 207
194 211
52 75
112 226
4 40
64 194
30 178
97 202
88 105
71 188
151 163
82 134
46 156
81 211
3 61
152 185
14 227
108 222
44 232
93 229
33 129
87 195
2 121
85 216
4 153
27 116
8 88
145 154
37 144
88 108
177 189
1 183
8 161
1 48
75 219
153 207
67 121
75 168
65 84
41 102
52 160
87 169
71 222
32 94
52 96
29 120
27 103
57 164
97 143
29 181
119 127
80 221
113 215
89 202
15 50
47 92
23 224
223 234
111 199
99 179
123 226
98 185
121 191
50 192
3 203
26 195
200 226
83 171
14 81
100 226
43 120
125 204
50 145
143 227
28 58
216 226
80 124
122 232
42 102
69 74
178 184
167 196
67 180
52 199
110 130
117 209
7 109
29 146
177 221
19 111
75 198
74 164
91 143
109 173
34 178
51 109
85 100
83 102
89 145
9 75
97 147
102 193
101 230
26 135
27 47
83 85
63 234
33 166
35 163
0 12
1 227
56 174
160 214
5 66
112 231
5 70
39 199
38 223
69 91
63 82
140 189
141 206
31 171
204 209
24 178
70 206
119 133
129 177
91 125
60 181
42 166
188 221
126 168
47 84
3 118
26 205
73 106
31 183
106 175
189 232
127 164
76 233
197 202
16 145
104 124
35 49
62 227
139 141
110 188
13 14
35 94
20 205
12 215
157 183
57 202
96 158
24 127
42 76
10 171
137 142
114 128
92 192
193 209
0 197
38 71
146 227
60 221
112 152
90 94
166 208
44 205
26 99
49 228
11 229
69 210
7 227
35 82
40 127
100 171
202 219
16 68
124 157
10 36
76 158
116 152
37 172
15 160
52 171
9 167
128 145
2 167
57 112
27 60
6 33
54 201
93 168
66 209
57 151
138 218
97 211
11 35
204 227
87 213
3 38
33 96
36 110
59 194
45 81
62 213
59 139
30 119
38 221
38 151
109 206
92 231
136 191
35 212
34 218
112 133
33 80
26 163
89 133
217 223
10 84
10 152
132 198
36 175
69 164
58 211
162 175
99 222
133 164
65 75
44 112
44 105
110 210
202 226
107 181
36 191
145 209
49 150
12 154
86 172
13 158
179 207
70 71
18 166
60 111
6 40
96 101
41 224
23 78
8 105
56 194
153 156
86 189
29 192
14 126
74 113
3 86
35 141
143 152
0 100
39 198
54 114
119 172
88 109
57 208
54 150
66 129
11 26
6 174
19 84
164 217
25 54
36 182
18 195
43 135
62 97
105 111
164 224
117 190
177 200
27 172
4 111
176 231
8 10
112 135
36 229
116 135
74 126
13 198
118 133
48 107
21 150
118 227
47 192
68 159
10 156
48 109
135 147
36 188
68 178
67 217
37 213
147 217
112 205
5 162
7 192
9 222
67 228
40 208
120 155
51 63
65 205
101 194
12 174
21 25
61 222
12 97
67 224
10 176
46 132
16 107
161 179
75 103
115 208
166 222
6 73
137 208
10 163
107 205
8 225
137 162
187 213
189 192
50 103
92 167
153 163
54 159
96 126
165 228
27 30
113 227
40 152
70 127
73 134
146 203
41 56
145 191
87 159
156 197
34 92
59 75
15 139
185 213
14 51
31 207
43 57
51 196
62 232
20 110
125 183
77 93
76 135
13 45
1 189
137 217
63 141
19 182
158 194
111 147
33 148
143 162
34 153
10 31
43 210
24 217
131 223
115 234
184 227
119 194
27 153
12 232
45 68
53 220
32 45
148 155
182 207
45 162
45 216
102 177
39 155
136 176
2 78
39 150
103 196
108 118
3 145
60 141
67 117
62 109
14 192
133 185
53 167
47 80
41 51
90 207
185 228
36 172
47 218
31 67
209 219
36 170
117 146
43 187
38 137
14 179
22 99
157 189
67 107
4 54
48 164
3 210
63 107
43 130
98 152
98 200
146 174
18 23
5 149
50 69
130 164
201 218
17 73
60 96
96 130
60 98
19 92
139 140
29 77
113 216
162 226
12 158
70 153
2 27
122 140
83 117
3 58
13 54
214 220
72 90
53 190
75 157
101 225
7 233
36 84
160 194
19 188
49 147
63 69
16 223
23 80
156 200
71 148
119 120
52 151
111 146
56 127
9 203
189 227
155 215
174 177
82 187
45 153
12 115
24 74
8 56
42 78
17 27
4 68
7 15
164 226
52 161
21 109
155 203
209 218
132 136
46 137
50 174
1 66
138 200
57 64
47 83
119 190
34 57
90 93
126 207
66 111
122 177
7 128
205 211
188 207
77 144
143 148
40 197
186 221
38 227
59 137
7 47
84 97
186 201
63 193
6 173
39 225
50 121
46 178
217 232
38 82
53 178
209 213
88 186
0 166
8 137
24 156
157 215
2 92
84 150
17 186
147 193
1 225
151 155
138 221
54 137
170 215
104 107
199 223
82 174
80 196
139 172
52 97
142 204
105 183
76 161
44 185
172 174
25 213
5 203
68 234
17 116
94 188
111 155
26 193
25 175
100 183
85 94
64 134
18 181
128 221
17 220
83 150
34 155
89 132
33 89
32 186
88 101
206 224
172 221
16 226
159 191
63 228
82 182
158 163
199 222
196 218
84 88
37 185
78 114
62 87
9 143
13 164
23 107
143 217
28 35
176 208
131 209
64 147
37 158
53 144
31 53
196 228
70 231
155 222
16 94
136 217
195 211
107 231
36 101
46 70
143 203
43 92
115 120
101 113
12 218
167 178
23 139
49 134
48 117
63 178
41 217
160 173
1 47
132 202
134 212
74 92
61 198
115 179
7 120
134 161
14 75
164 233
5 153
120 223
33 207
27 179
186 205
52 185
129 166
6 21
110 121
43 119
169 191
69 143
76 157
125 128
43 199
5 167
85 147
166 205
57 178
27 146
112 211
61 111
119 130
64 233
77 218
1 187
55 160
17 109
55 221
39 104
52 210
108 209
11 120
59 165
23 135
84 171
13 199
40 148
184 208
98 121
62 207
118 218
113 219
58 109
56 207
13 96
20 52
159 223
13 124
78 84
98 156
81 202
144 233
112 207
79 91
138 147
48 116
139 229
34 226
73 153
103 134
78 138
109 229
90 178
90 151
42 132
8 32
149 157
102 127
46 193
154 193
77 87
42 106
178 213
14 66
94 103
56 205
119 193
80 191
158 174
145 217
38 178
22 31
89 99
112 146
37 114
53 64
39 56
36 71
31 82
127 136
49 103
107 146
106 177
133 180
156 226
104 143
94 97
5 107
0 86
52 141
102 216
55 97
129 169
84 108
109 193
67 174
25 221
116 165
86 146
202 213
1 223
26 94
11 27
81 205
43 143
168 213
149 222
69 107
100 185
198 200
86 187
60 135
45 97
21 197
99 139
55 71
26 116
33 234
6 34
191 232
96 221
126 173
33 182
8 168
145 184
63 127
49 61
62 202
39 220
8 202
7 18
3 87
135 178
4 63
39 114
26 46
87 199
35 176
66 115
44 52
195 203
4 220
203 221
69 199
150 224
41 43
78 189
15 210
6 142
28 135
0 133
21 198
17 44
8 169
24 169
157 195
142 148
110 214
18 180
21 130
14 100
127 158
126 216
87 154
42 99
11 169
103 130
75 109
64 220
79 192
94 157
115 157
110 227
202 212
100 129
42 215
105 171
9 137
98 143
122 129
39 230
128 216
15 85
203 229
6 175
62 231
14 181
85 231
110 196
109 231
5 105
8 118
74 202
0 2
121 124
85 195
25 116
85 202
50 88
20 153
52 90
82 201
20 148
168 224
52 146
52 148
115 134
148 227
135 136
57 186
71 180
65 103
6 214
32 76
64 74
64 162
73 142
110 132
52 188
119 131
18 82
175 189
37 122
7 133
156 187
119 122
86 114
49 119
60 160
44 147
222 228
121 150
65 73
10 111
114 212
77 212
180 184
38 177
10 61
80 157
159 192
162 187
32 80
70 188
63 125
4 112
87 128
7 50
173 227
28 36
54 133
72 200
214 225
54 163
50 230
185 208
15 212
59 178
23 189
135 225
17 37
24 67
75 183
119 147
93 171
67 213
78 196
53 228
61 68
45 185
130 183
102 181
2 73
183 200
113 141
52 206
173 185
44 172
177 234
163 165
139 183
101 206
156 220
1 81
135 210
13 34
96 104
155 161
14 101
124 184
46 139
103 154
10 211
175 186
89 226
92 204
29 128
22 85
152 179
25 157
23 94
124 155
76 127
116 133
42 180
48 210
68 223
42 184
53 90
125 135
92 122
14 24
131 181
165 166
108 225
105 211
1 16
126 145
175 181
114 177
20 145
39 179
9 195
58 94
80 222
205 225
127 218
46 76
71 219
15 183
57 152
10 63
70 147
77 229
158 188
135 146
8 87
9 171
4 163
57 215
186 190
10 140
186 208
175 199
5 111
62 190
48 190
130 151
137 169
55 140
22 66
151 218
173 174
5 174
37 120
119 185
79 187
46 83
155 159
55 115
86 179
89 125
84 132
87 127
93 98
44 66
93 94
1 229
97 171
64 115
127 166
170 219
2 213
100 176
2 161
133 225
103 225
77 172
116 149
41 59
98 181
45 154
142 191
36 207
86 176
124 179
33 175
81 83
104 151
33 130
183 223
68 71
48 186
108 211
156 217
193 195
28 209
179 200
1 68
1 203
2 55
91 108
9 196
36 228
10 137
34 216
71 168
59 168
173 197
43 67
48 133
30 224
96 197
159 202
158 191
28 61
50 217
142 190
57 217
198 217
79 112
3 230
154 210
91 196
102 142
178 191
12 62
41 211
16 136
79 121
105 222
16 164
2 85
38 153
153 219
3 96
110 140
42 160
76 210
93 165
206 210
82 125
38 90
121 160
90 100
99 209
155 228
131 156
17 82
17 197
67 204
117 183
203 207
77 176
14 70
8 194
38 125
65 226
68 207
89 104
13 116
113 208
106 141
73 187
15 69
183 226
91 162
207 227
48 132
62 150
79 128
121 195
103 185
106 186
115 117
85 188
16 142
82 146
49 91
42 170
68 211
0 135
25 75
7 46
9 169
49 193
5 47
103 124
11 202
2 61
30 143
0 136
76 79
120 161
13 172
153 155
69 223
28 66
114 160
83 216
157 196
125 232
101 112
150 163
84 123
105 112
154 226
197 215
71 125
109 176
62 187
13 88
208 222
71 212
26 96
46 226
30 133
136 227
183 207
6 145
30 135
110 232
13 229
47 62
117 194
11 102
86 226
167 225
153 225
12 201
57 109
47 136
54 77
94 134
149 169
165 168
45 197
20 213
88 200
51 143
41 208
34 126
185 214
14 183
152 194
55 202
72 153
145 194
63 140
84 161
117 179
140 213
19 153
106 137
190 234
158 204
66 76
31 127
9 201
36 114
136 201
160 175
9 11
1 150
1 234
180 229
57 181
77 118
81 122
212 224
144 172
112 160
83 186
113 161
74 97
2 153
126 182
65 123
161 208
7 213
16 221
164 214
95 138
131 154
18 57
77 156
67 126
34 168
97 213
147 153
18 36
49 204
133 204
153 181
62 229
89 232
195 213
169 198
49 214
99 119
140 196
6 134
24 177
0 192
69 221
25 227
5 76
80 87
85 116
132 225
69 71
79 209
5 136
165 177
22 102
126 180
47 101
59 80
173 229
16 22
75 215
19 72
24 39
123 140
48 78
105 116
73 79
69 155
98 175
25 115
116 139
58 210
94 127
90 203
7 155
197 209
28 230
65 192
64 138
139 155
63 89
14 187
22 103
30 148
30 82
33 60
163 219
97 122
23 30
105 186
145 212
109 121
0 8
41 172
39 221
106 138
108 212
28 218
172 234
115 141
74 111
58 223
220 228
59 155
81 212
98 161
93 143
11 62
50 166
15 60
61 164
53 113
45 158
56 63
31 173
65 188
35 50
16 66
13 101
56 154
66 184
169 184
28 201
99 120
164 170
82 88
165 217
71 208
156 164
81 85
131 175
50 136
94 111
10 25
152 227
35 104
215 230
26 53
101 115
7 38
123 207
13 25
187 228
125 191
69 93
57 104
76 92
36 93
88 194
119 143
24 82
96 125
85 105
29 69
28 86
27 194
121 188
34 230
87 138
97 170
113 138
88 201
24 174
22 190
127 232
21 64
34 210
3 162
99 166
50 109
37 43
73 125
68 209
10 162
29 34
51 228
20 136
46 164
63 170
60 233
12 91
182 222
67 231
193 222
67 89
100 174
14 142
102 103
142 218
91 199
125 225
196 227
215 223
137 178
4 200
49 74
45 99
77 158
176 211
24 124
55 220
14 213
170 214
150 179
4 145
68 98
195 205
129 147
130 205
8 138
101 212
146 215
56 173
26 194
36 116
187 193
158 218
148 204
1 204
205 216
111 204
45 191
129 142
38 57
42 207
79 81
29 49
20 49
30 164
124 127
12 59
58 104
78 81
81 234
53 217
165 209
48 102
49 187
51 219
28 192
115 160
50 169
4 119
40 143
78 102
42 134
95 202
64 133
122 227
42 110
32 216
0 189
45 89
22 154
12 212
109 203
20 41
30 55
67 103
30 149
46 141
79 108
97 229
84 179
59 151
19 75
157 225
37 150
98 130
72 223
19 145
155 185
37 187
37 73
50 117
136 192
152 212
84 133
13 165
90 146
111 232
93 184
115 168
55 69
102 234
35 54
150 230
6 61
43 113
109 202
28 215
41 57
1 82
72 195
22 87
107 132
24 111
216 233
0 92
98 197
33 117
50 226
85 180
49 151
182 198
44 174
46 223
18 135
10 132
68 225
52 145
22 92
99 173
38 132
102 106
86 163
66 211
66 193
170 211
111 181
86 213
5 181
37 141
192 222
141 233
61 107
94 131
47 107
50 146
143 192
29 169
20 47
48 110
140 156
1 186
186 234
68 174
135 144
86 164
63 222
54 181
51 198
31 114
149 151
5 60
212 218
48 54
196 217
14 20
9 26
33 178
40 169
39 64
101 198
13 173
3 40
31 33
115 224
70 209
22 62
36 40
112 143
96 156
110 190
0 178
87 136
87 185
62 71
10 68
128 164
5 133
48 209
86 220
2 111
57 183
190 206
98 220
155 217
6 129
56 81
134 194
1 169
7 96
113 160
48 125
113 212
98 159
14 169
37 222
128 138
57 191
38 187
16 114
154 219
20 54
136 185
174 211
212 233
7 150
80 122
86 161
58 90
49 137
22 106
65 167
145 233
41 136
105 128
196 224
69 130
86 156
182 230
47 149
12 119
133 228
131 193
109 228
17 92
56 95
47 202
54 58
82 223
37 66
0 107
100 181
183 229
50 196
81 135
187 192
12 13
35 146
130 188
31 196
37 50
9 105
59 172
58 73
71 206
61 159
10 194
32 172
45 92
111 121
14 216
101 211
24 227
90 161
22 143
13 73
8 83
130 139
172 232
26 52
212 230
81 216
96 233
137 181
15 171
41 45
84 156
106 191
24 172
126 218
73 78
60 119
126 198
15 25
49 232
87 123
28 190
152 210
95 221
70 212
164 230
148 167
42 111
34 91
31 200
9 163
9 194
110 182
75 231
128 232
12 120
183 205
85 144
50 92
14 186
19 131
0 59
55 103
106 165
206 223
31 219
23 73
143 184
108 223
2 42
7 71
13 108
77 187
9 68
26 165
39 228
146 191
78 194
60 70
109 152
111 160
24 196
159 228
5 42
167 226
174 192
187 220
5 52
45 214
46 154
75 114
122 234
2 106
46 47
73 75
134 191
10 226
105 114
36 176
59 227
40 150
73 83
54 60
164 199
177 191
152 175
24 126
94 231
116 179
126 135
93 150
131 215
165 211
35 99
1 222
3 111
28 154
45 58
18 74
103 155
76 196
164 198
35 128
11 184
39 169
10 13
112 219
180 182
11 49
35 184
24 160
76 102
79 151
139 197
18 56
79 87
171 181
91 126
52 100
59 185
169 185
46 192
67 68
7 49
62 183
77 81
70 94
64 139
57 177
147 208
18 177
81 165
104 182
38 200
13 28
52 121
72 226
12 217
34 74
51 195
31 124
24 146
34 133
190 211
39 141
131 226
14 91
16 130
62 135
9 52
107 141
119 215
11 21
57 222
54 160
14 90
21 160
86 96
4 209
118 125
156 181
96 201
72 74
179 189
181 218
30 113
57 91
135 220
150 181
166 197
158 159
104 179
20 91
30 202
123 169
32 47
14 178
171 233
191 234
64 167
101 154
38 109
24 162
77 128
83 167
52 226
5 100
109 153
132 195
154 216
50 211
28 193
54 118
216 227
45 57
75 77
0 210
45 142
2 233
102 165
9 37
74 163
73 160
154 206
27 117
15 88
226 227
151 197
4 106
116 127
45 141
84 232
1 13
47 140
197 229
61 155
18 144
55 188
18 109
34 97
19 196
21 107
48 113
117 132
3 31
32 183
95 225
99 216
75 130
33 211
53 196
46 72
97 194
74 137
147 229
110 166
83 121
6 165
92 141
58 164
26 162
1 177
101 149
102 114
147 184
157 160
102 184
4 161
106 135
81 105
203 216
88 229
177 223
17 32
88 195
79 98
86 233
71 81
2 91
17 53
67 188
173 231
118 161
96 204
173 220
79 95
16 30
167 169
52 176
80 163
99 218
81 106
48 140
21 209
103 183
58 232
19 50
131 198
164 228
151 231
11 12
94 139
14 209
16 60
3 135
87 143
159 208
134 144
27 100
37 201
27 48
131 138
148 160
2 231
130 195
137 234
25 158
97 149
91 176
11 114
145 224
36 77
39 76
52 225
119 136
64 106
16 96
10 113
24 36
29 79
131 182
139 170
150 222
50 113
47 175
0 114
142 155
109 149
17 169
66 221
81 185
1 196
42 167
30 46
68 182
30 111
127 167
143 176
133 181
72 86
94 109
28 152
154 215
77 94
59 72
3 19
87 198
132 226
1 131
13 234
100 227
0 176
2 54
43 129
23 32
130 134
7 17
86 87
69 137
19 234
153 180
1 30
86 165
82 179
181 230
99 230
98 151
78 156
88 210
19 211
33 43
106 201
35 43
191 199
169 231
77 173
51 96
31 79
111 212
59 208
14 95
18 41
97 225
3 148
63 155
52 132
13 49
57 117
153 206
86 229
41 91
47 81
198 221
207 225
123 137
89 185
48 134
44 62
88 100
115 205
76 192
171 220
80 94
96 194
5 140
148 228
188 195
56 225
56 222
177 185
115 166
97 199
26 101
77 132
208 218
125 174
62 99
24 114
39 172
89 112
5 39
55 227
188 228
54 166
10 37
31 116
48 75
87 118
26 164
91 137
8 179
147 227
146 185
189 226
134 216
59 116
135 214
107 213
177 196
121 205
2 178
145 214
126 158
214 217
162 213
106 156
3 28
79 117
40 157
169 179
75 184
150 215
28 98
4 168
59 117
191 224
13 60
7 19
43 52
25 77
2 119
223 226
55 216
73 105
23 67
102 157
119 214
78 96
64 171
195 207
121 152
35 59
0 15
18 198
117 166
100 125
26 44
34 81
67 140
94 112
92 127
116 120
67 86
55 121
108 138
164 218
221 224
115 174
92 131
116 169
29 78
14 39
89 110
70 150
57 62
75 115
59 205
126 130
58 142
4 39
31 87
48 150
145 167
27 33
37 218
104 180
98 158
4 79
121 193
89 96
60 172
122 211
51 120
17 21
16 181
97 207
25 142
14 123
49 156
5 11
130 196
154 188
17 115
71 139
40 161
135 203
104 117
51 95
101 166
156 234
96 169
2 105
7 100
14 194
178 188
111 205
42 181
35 120
6 19
113 207
119 138
97 116
67 128
42 165
69 153
42 81
72 120
127 222
16 36
211 220
80 220
52 230
99 109
54 84
35 152
40 93
139 209
230 232
160 217
158 196
11 225
64 203
101 227
20 83
139 195
79 136
28 92
186 225
100 204
3 95
57 219
55 112
83 96
12 192
106 214
4 155
167 187
65 174
26 197
90 148
11 43
95 125
16 31
38 115
130 185
183 184
65 93
2 229
93 167
138 145
97 125
84 227
182 220
178 227
163 206
207 212
123 170
178 226
41 175
224 226
75 102
39 170
78 178
22 91
109 158
191 207
11 159
123 166
40 61
40 63
12 228
70 194
76 137
73 222
16 129
30 210
24 32
115 147
55 187
63 147
187 234
81 222
124 203
59 121
5 223
40 104
18 128
51 164
48 53
79 119
91 96
45 165
154 220
0 70
154 198
49 182
89 160
13 227
19 205
49 180
90 106
94 136
43 145
5 218
12 56
49 170
14 146
4 172
71 224
105 113
62 218
17 212
33 98
71 107
25 184
131 218
6 59
23 131
151 224
91 106
23 137
36 196
132 146
63 92
87 130
48 106
116 226
89 168
56 151
209 217
1 172
168 216
27 151
95 126
125 199
5 93
82 142
65 209
8 180
75 181
190 198
111 139
80 170
18 101
36 232
180 206
119 186
83 89
2 108
6 17
34 158
10 183
154 182
44 168
159 170
214 215
211 222
40 74
48 204
16 210
52 167
67 115
154 158
115 170
26 192
3 127
51 226
5 184
144 203
94 196
158 166
61 103
8 135
70 81
11 187
66 156
3 178
123 124
169 175
143 151
80 201
55 185
200 209
146 156
204 229
48 79
124 189
143 212
100 210
17 160
62 88
32 155
58 196
127 209
133 136
66 215
179 217
83 101
16 214
12 78
26 37
167 217
39 146
202 214
34 198
127 176
8 132
161 197
7 190
25 89
92 214
71 115
14 74
83 92
14 188
11 189
12 191
112 132
128 157
133 190
88 188
28 148
45 152
62 175
8 84
32 122
118 184
157 219
48 70
144 222
70 119
61 71
82 193
73 86
7 74
44 179
186 228
190 224
148 169
82 206
167 183
49 208
79 207
182 212
62 79
28 207
130 192
127 220
71 84
189 224
121 219
67 208
164 211
164 219
195 215
112 178
175 209
92 106
162 200
77 164
79 103
81 88
96 219
13 78
99 181
50 80
1 69
152 218
138 139
0 162
81 133
204 224
77 108
56 196
5 123
30 166
47 129
50 201
90 226
126 203
8 167
18 188
79 229
45 206
5 210
80 200
45 145
85 138
17 46
106 108
46 143
74 121
3 9
172 196
137 158
41 212
58 139
19 99
8 193
40 138
0 231
70 160
41 203
39 106
64 119
88 157
109 126
90 210
110 142
74 187
74 138
155 225
153 212
204 207
65 124
80 215
98 168
11 41
121 186
38 166
17 156
190 221
16 89
28 197
45 80
5 122
69 216
33 114
88 96
3 117
95 141
148 207
75 154
91 175
101 181
103 152
37 87
41 156
8 79
15 55
214 216
0 215
1 231
4 217
5 129
131 151
151 186
9 184
50 84
35 56
193 230
127 151
76 232
41 111
173 217
59 215
118 212
6 48
91 166
154 160
168 231
177 182
118 195
88 171
48 98
59 64
72 149
118 231
42 133
24 226
53 84
17 97
207 217
85 224
112 218
75 155
38 69
194 197
116 206
138 167
139 177
45 52
16 196
51 199
124 178
58 176
43 221
218 227
82 129
24 214
87 190
117 139
3 190
39 115
122 130
127 203
148 218
52 55
164 192
55 174
82 153
124 174
116 201
116 137
99 162
13 115
10 42
98 103
108 198
91 101
6 117
28 97
69 123
109 136
34 180
39 197
36 133
75 191
77 163
13 56
108 110
64 137
23 229
115 218
76 117
127 188
90 232
54 72
47 204
47 220
88 228
12 151
159 230
90 205
90 234
21 124
159 197
114 159
37 173
44 94
91 129
195 224
63 64
155 188
202 228
216 220
44 61
47 57
29 145
66 118
63 108
6 18
140 175
52 73
25 67
94 202
94 170
89 200
140 215
57 199
89 191
99 145
117 172
34 50
83 205
47 168
4 233
201 232
109 195
26 198
23 136
108 200
106 131
5 201
12 110
196 231
102 138
26 202
10 178
81 153
26 88
92 184
184 211
47 95
152 174
44 95
2 226
97 107
10 15
94 197
32 37
165 206
30 50
87 92
32 60
181 224
64 154
71 182
18 71
96 159
57 71
122 148
16 46
80 174
157 175
36 85
39 185
68 202
26 39
169 188
24 79
1 103
20 214
142 198
46 114
102 145
66 96
78 123
151 161
52 201
103 162
185 199
62 74
96 140
70 73
23 209
18 86
112 195
184 226
9 54
176 226
185 194
83 188
125 163
0 182
11 78
121 163
159 205
83 105
215 219
121 180
97 139
18 204
1 104
173 225
123 125
21 54
156 227
39 167
128 178
144 155
82 202
89 198
141 161
44 171
25 45
103 167
165 214
46 152
55 59
22 61
52 66
99 142
21 155
22 41
84 228
24 203
106 229
22 140
71 79
69 227
181 219
65 217
20 77
41 66
94 194
83 119
4 201
69 163
107 189
112 212
138 141
86 221
79 144
43 89
125 207
35 219
19 35
68 154
76 155
193 197
29 51
82 122
91 111
97 218
15 166
99 149
103 170
5 17
109 222
93 128
52 183
70 230
54 225
72 155
29 132
107 193
53 207
119 150
141 209
104 165
11 204
27 78
60 88
36 117
70 180
10 205
5 21
10 225
19 32
70 109
39 124
113 209
63 142
51 166
171 203
52 212
83 151
3 164
73 232
72 141
1 100
89 205
108 206
83 226
44 58
84 225
22 204
123 191
41 215
61 167
66 192
52 173
10 180
36 135
23 113
114 211
18 231
8 192
16 27
2 203
63 91
168 197
131 173
110 219
191 219
47 142
0 159
135 145
111 233
69 190
53 119
37 196
17 24
20 46
53 62
61 214
8 221
168 217
92 147
68 214
22 37
21 177
27 50
121 227
93 135
158 187
