246
5
22601
60
406 2
239 2
343 2
105 4
232 2
435 3
473 3
348 1
130 4
313 2
167 1
192 1
215 4
383 1
61 2
249 1
426 3
394 4
250 5
239 3
106 2
49 1
375 3
351 5
332 2
113 1
453 5
180 1
78 3
342 4
462 4
334 1
251 1
227 2
382 1
71 2
181 5
179 1
90 2
277 4
484 4
439 2
479 4
212 2
443 5
224 2
176 2
285 5
161 4
208 4
165 3
163 5
451 2
90 2
136 4
315 2
409 2
458 5
356 3
65 1
402 4
449 2
169 3
35 1
326 2
277 3
61 4
171 2
44 5
279 3
230 2
357 4
353 1
109 1
180 3
370 4
260 3
176 2
328 1
169 3
271 5
289 3
344 4
282 2
293 1
41 5
442 4
71 1
234 1
445 3
363 4
317 2
284 5
334 3
392 3
347 2
396 2
333 4
189 5
452 4
123 2
218 4
42 1
392 4
279 4
233 3
55 5
449 5
303 1
249 2
58 5
36 3
87 3
295 4
246 3
224 3
69 5
379 1
256 4
431 4
234 2
326 1
302 2
234 3
185 4
54 3
34 2
168 3
264 2
125 4
312 4
325 1
108 5
206 5
386 3
451 3
410 5
431 2
266 3
74 5
195 4
126 1
249 4
141 5
131 5
261 4
404 4
261 2
133 4
476 2
179 3
292 4
288 3
227 1
413 1
123 2
124 1
405 2
454 3
432 3
355 1
108 2
357 2
482 2
178 1
89 5
81 1
149 4
139 3
289 2
457 3
441 2
236 3
222 4
449 2
430 5
272 4
228 1
203 2
51 2
36 5
383 4
298 2
57 2
327 2
41 3
271 4
444 3
307 4
52 5
162 3
156 2
131 5
188 4
131 4
85 4
38 1
35 4
181 2
357 2
342 1
131 4
353 3
201 2
83 4
45 1
208 5
435 1
385 5
141 1
113 3
156 2
179 3
244 1
183 1
304 2
465 3
388 2
218 2
403 2
144 1
150 3
318 4
264 1
230 2
175 5
175 3
115 4
73 2
317 5
185 4
136 2
44 3
315 1
242 1
450 4
438 2
220 3
50 5
400 5
435 4
243 2
96 4
484 1
300 3
257 1
127 194
4 107
104 199
75 107
162 175
50 200
138 217
80 167
19 44
91 143
150 217
81 182
13 161
124 141
68 217
11 22
40 124
80 216
131 196
100 163
0 42
4 18
58 102
64 100
134 142
224 237
226 243
95 178
59 87
212 225
194 214
134 189
80 156
62 211
165 234
44 89
94 122
87 159
63 78
59 60
146 154
85 179
23 68
5 159
73 103
53 180
36 116
47 225
124 199
122 220
40 48
110 148
7 164
18 71
23 165
21 181
180 186
43 82
10 29
173 217
94 209
93 245
182 213
48 50
43 113
118 212
15 206
142 200
100 176
29 163
102 176
37 203
48 207
59 86
40 163
13 187
16 225
44 122
57 131
110 173
191 215
83 147
81 154
62 195
102 245
102 209
73 177
112 188
71 119
138 150
46 111
76 174
121 138
201 224
195 204
132 163
37 162
149 201
145 205
74 99
70 234
199 223
136 192
55 173
98 178
56 153
166 188
49 104
112 221
70 237
87 224
114 133
151 227
167 174
0 139
10 192
223 232
95 195
44 93
44 166
171 228
105 237
75 109
30 208
42 77
202 203
202 216
102 239
13 204
60 245
42 224
187 201
75 170
23 168
20 93
23 184
83 214
131 137
7 219
76 232
126 182
57 133
1 14
79 114
198 228
67 72
56 192
47 223
86 129
106 207
56 140
141 193
148 162
55 86
141 231
71 96
54 165
83 245
224 229
35 106
5 95
65 196
169 185
113 149
14 45
37 180
97 164
92 202
143 212
153 162
70 198
2 103
29 102
24 101
69 172
128 147
78 152
109 182
29 109
189 241
13 201
20 199
2 203
61 238
142 147
10 44
8 242
44 143
25 107
42 99
75 198
46 174
6 64
41 224
75 174
73 137
16 24
120 179
51 240
129 169
81 237
54 56
5 73
147 226
21 85
145 201
34 130
93 223
88 186
5 122
60 61
52 75
42 91
186 222
88 242
28 134
10 198
121 156
156 163
115 220
166 238
210 233
97 101
69 142
111 190
80 210
50 241
61 161
7 130
17 33
156 195
75 182
21 102
43 108
5 112
32 136
29 225
96 244
114 227
9 84
57 201
71 164
217 245
159 243
177 188
28 245
174 177
29 141
14 156
73 86
74 180
87 174
212 240
135 141
69 75
55 75
7 78
149 200
115 226
103 119
16 229
135 238
78 222
159 218
20 26
2 245
81 89
171 187
121 123
12 201
142 197
36 219
102 169
31 203
231 243
45 116
24 70
55 209
40 183
18 137
163 169
63 219
87 97
49 223
83 241
198 207
102 230
192 229
120 215
88 160
165 197
0 203
86 206
92 232
57 135
171 185
134 150
126 145
232 236
95 243
53 201
204 231
39 135
32 214
49 79
77 195
28 200
29 134
20 135
95 193
14 72
111 191
108 159
24 162
37 207
147 178
34 197
44 111
73 96
69 141
59 178
19 170
95 148
48 97
59 168
58 64
18 76
96 162
42 218
32 133
79 143
72 86
43 143
118 122
127 170
36 84
21 203
23 108
59 209
93 118
53 226
29 161
25 33
108 132
31 90
213 219
156 197
90 224
13 17
181 214
43 208
5 213
85 163
19 61
21 218
65 216
179 208
231 232
186 200
81 186
79 166
76 180
141 204
216 238
131 214
159 160
8 123
28 102
187 243
193 228
164 184
76 78
107 241
75 135
27 137
1 202
10 42
57 232
67 209
75 94
74 101
65 171
4 109
56 193
181 204
39 85
55 169
106 190
157 198
185 229
37 51
16 19
58 60
142 185
80 172
226 230
70 97
18 47
135 205
130 238
132 240
9 93
125 240
65 209
24 221
3 131
39 226
56 242
20 208
26 132
139 180
95 190
112 204
119 155
83 194
152 160
95 216
118 136
22 77
110 189
224 225
27 227
69 210
7 244
184 196
113 179
49 94
61 118
51 196
116 182
197 240
110 212
96 192
51 150
152 233
18 90
96 140
161 185
76 149
18 94
15 85
57 175
60 152
39 140
63 104
106 201
93 108
89 216
130 198
195 231
117 136
66 92
119 233
139 158
50 107
11 198
58 188
145 194
130 142
62 162
36 122
90 212
88 125
87 139
58 104
76 148
40 60
114 171
33 214
129 132
25 236
26 239
170 200
13 148
136 165
80 196
110 180
132 170
184 187
112 196
99 233
168 177
22 157
26 38
14 105
39 223
89 241
22 85
25 51
33 34
69 139
80 211
19 96
29 219
51 139
11 80
130 155
102 126
140 203
62 126
68 223
10 71
4 131
70 84
61 206
104 192
165 206
148 233
0 31
26 30
64 114
51 52
38 66
152 208
186 237
103 234
1 221
144 215
7 120
69 229
9 41
23 39
95 127
189 230
96 173
211 221
206 232
118 210
225 227
137 151
67 100
120 137
88 244
13 198
110 160
75 192
89 218
3 158
22 216
17 218
23 115
184 236
204 234
56 70
42 116
54 97
190 218
14 164
64 72
19 70
61 166
108 113
148 164
78 191
7 98
155 197
38 125
97 156
19 110
0 61
8 9
27 109
6 58
90 173
163 200
31 172
52 112
110 174
1 201
21 157
131 207
93 161
140 153
144 167
8 106
14 142
105 223
109 128
59 76
237 243
37 237
91 127
31 152
175 192
56 188
59 175
188 233
140 209
94 192
127 242
16 97
19 197
48 244
59 80
180 242
15 95
61 204
197 233
11 242
155 213
121 244
69 88
35 108
92 187
51 106
213 239
1 87
70 111
113 202
135 215
126 141
79 123
54 142
22 117
43 96
8 151
46 236
29 165
18 158
136 245
152 197
135 184
60 160
151 170
81 88
93 157
127 230
3 91
120 155
60 228
88 212
43 155
36 111
182 232
0 188
194 200
48 222
145 172
132 180
6 216
99 216
209 220
42 124
33 125
4 200
123 159
37 172
145 218
58 117
78 211
129 226
2 105
81 145
54 223
78 204
19 108
21 198
36 213
147 194
10 90
29 154
168 201
3 219
65 222
38 207
39 87
7 226
131 243
78 235
172 235
123 141
163 190
20 200
25 189
100 207
57 163
9 97
11 68
76 230
108 242
68 86
113 126
131 162
49 69
81 224
15 221
35 114
93 97
66 193
103 123
130 179
118 195
154 182
146 181
25 220
28 39
34 80
116 131
94 138
27 103
62 198
33 203
110 151
61 111
120 144
18 172
129 166
76 205
45 196
162 181
125 206
117 186
2 228
8 181
2 129
43 136
105 149
13 21
64 157
62 215
68 88
144 170
82 223
89 135
91 108
103 223
52 203
180 227
56 212
139 169
41 180
6 133
74 102
101 129
96 198
116 165
74 238
162 216
35 233
42 193
26 160
91 121
140 183
95 220
60 207
29 190
57 169
31 72
102 148
23 34
7 74
27 41
67 201
169 240
36 195
204 226
176 219
144 196
137 210
157 239
117 169
10 51
82 224
4 70
10 14
78 146
34 149
15 129
63 65
31 218
169 178
148 182
162 170
139 240
30 52
62 129
94 215
156 184
2 40
24 224
93 95
82 131
90 96
104 219
117 233
116 245
16 228
33 242
27 178
34 167
76 165
23 243
113 121
149 206
16 112
202 229
4 67
52 208
67 110
99 189
70 235
11 211
186 192
4 206
74 143
159 203
83 145
87 236
119 135
34 190
55 194
16 171
4 243
124 236
36 223
22 165
20 225
194 204
94 207
146 217
183 201
132 172
204 214
45 57
71 218
184 192
161 162
153 241
66 104
158 233
49 65
11 173
5 166
23 66
99 220
211 217
35 162
1 219
25 115
73 112
32 223
183 221
18 129
52 159
169 203
239 244
50 92
3 227
9 168
125 198
113 139
114 238
77 107
129 140
1 115
21 212
197 224
132 209
28 208
132 192
158 237
175 229
235 242
57 83
136 160
20 71
164 214
79 119
123 244
66 138
47 71
34 201
45 213
13 243
89 127
128 188
213 234
126 222
54 149
96 218
127 224
17 76
9 53
52 146
181 225
109 153
40 72
118 183
199 216
39 193
24 120
40 192
152 155
203 242
28 177
27 58
67 163
87 144
141 167
11 108
63 172
148 150
129 180
33 158
21 53
0 49
182 202
10 173
95 130
95 184
149 228
64 80
79 103
52 134
113 162
119 201
10 53
87 173
33 205
102 221
25 133
102 179
10 67
39 159
22 37
161 207
111 141
103 233
18 51
137 235
90 156
169 235
190 219
198 205
124 237
218 245
21 168
104 228
224 240
103 113
1 146
107 159
172 184
47 89
25 56
35 113
63 141
26 204
127 223
129 225
15 162
213 215
101 222
3 53
29 136
103 174
136 217
121 207
38 108
139 200
30 107
66 176
66 161
10 150
23 25
128 207
23 67
2 170
65 228
171 222
2 220
33 55
54 184
3 97
34 91
149 173
56 213
186 205
122 214
59 85
114 229
3 47
176 183
159 197
87 154
9 85
49 230
88 205
42 236
163 195
5 194
64 241
146 158
55 176
225 240
191 212
149 226
120 121
146 200
49 206
79 169
9 214
25 44
18 223
23 236
155 229
67 174
132 205
87 153
95 154
124 220
17 22
141 164
160 200
36 117
191 236
63 86
103 104
43 218
37 120
152 166
10 81
56 163
89 213
14 230
87 229
17 162
25 151
114 141
100 235
88 235
137 200
66 132
120 140
7 240
167 228
138 198
30 114
80 226
0 46
4 14
84 195
12 49
95 228
109 230
154 234
54 230
87 232
72 107
55 110
139 191
29 142
112 168
66 240
31 189
85 141
196 218
77 211
218 225
30 97
59 210
175 209
97 105
168 204
6 199
68 230
5 225
120 218
62 121
11 180
14 232
191 218
16 168
82 100
134 174
63 190
69 198
62 68
53 64
131 164
104 189
51 123
23 186
38 168
152 188
186 235
137 179
98 116
158 225
222 223
226 231
3 77
130 158
107 125
8 162
194 240
2 119
27 71
16 134
20 179
113 124
180 228
210 219
69 92
157 181
35 215
99 109
121 147
83 172
17 85
112 148
60 178
143 226
59 102
72 244
8 221
98 165
174 244
18 128
77 233
52 141
57 139
82 183
77 101
130 220
42 187
88 213
82 235
134 201
77 85
16 17
131 176
37 214
24 63
0 134
102 178
89 191
63 218
11 92
91 186
7 85
97 191
5 100
20 185
6 17
45 207
18 148
75 199
32 103
54 123
68 74
77 183
134 184
71 166
132 169
59 120
90 244
4 220
51 71
173 213
42 51
63 183
2 138
154 164
85 108
49 244
9 113
23 211
64 239
8 186
81 106
23 56
76 146
30 64
148 206
50 68
60 220
45 166
134 166
5 75
98 208
53 99
164 171
152 174
19 60
114 208
61 191
21 225
73 94
49 96
22 127
77 213
99 141
69 103
140 141
234 245
115 178
24 132
130 159
74 172
51 217
58 122
21 108
136 140
93 165
19 195
28 87
144 197
47 113
42 160
19 26
16 32
87 118
37 158
36 106
54 232
45 114
100 226
168 230
98 193
67 172
154 229
58 171
21 175
27 57
41 42
18 131
27 34
86 215
69 100
155 235
127 128
101 194
40 102
53 90
151 202
16 149
51 193
79 112
35 141
9 25
80 112
96 149
58 100
6 113
152 241
14 16
130 213
33 68
42 63
53 237
1 176
32 113
51 206
151 214
83 102
54 185
233 239
27 55
170 193
36 70
9 143
21 97
37 66
87 191
94 223
33 152
90 201
87 190
116 190
227 234
32 169
152 167
125 154
59 157
101 181
37 83
131 206
16 58
56 236
14 207
46 220
115 229
131 168
155 159
59 230
54 168
52 166
142 167
59 72
55 95
118 194
13 20
74 105
78 219
13 210
6 163
55 61
60 166
99 153
10 153
88 208
88 129
30 41
30 94
1 241
29 86
85 156
46 92
3 16
118 192
90 169
58 118
4 58
91 95
92 186
113 190
48 190
69 169
99 178
211 226
36 42
214 239
70 194
70 112
2 82
73 129
147 161
81 109
160 205
103 245
45 80
108 222
124 241
85 185
119 224
11 224
40 110
61 169
47 82
8 66
16 163
43 118
41 75
56 179
124 151
104 196
53 211
29 148
52 184
4 223
81 178
170 180
20 39
7 158
49 144
82 83
46 207
196 209
35 191
63 109
132 225
109 200
218 236
148 183
48 129
112 190
76 212
156 226
35 228
42 74
149 180
129 157
80 96
27 122
2 216
64 212
38 74
204 208
116 149
25 207
136 188
17 195
36 147
21 163
8 173
109 173
62 163
115 129
145 215
139 154
156 166
81 192
24 193
51 188
167 199
6 33
186 227
31 39
44 197
14 194
212 228
2 106
119 226
170 216
11 59
22 132
2 86
47 215
53 129
58 231
10 240
122 196
161 226
136 214
150 234
52 210
45 53
169 172
40 228
43 223
170 238
170 218
28 104
83 203
178 198
1 237
109 213
105 139
130 149
37 93
20 51
16 69
22 143
8 223
108 195
3 235
29 135
15 149
119 182
111 231
89 146
109 134
196 199
8 175
98 139
17 180
21 63
163 236
151 218
2 188
94 118
5 7
50 163
101 105
28 163
117 122
34 104
47 77
91 190
78 195
122 209
65 200
64 231
25 160
139 174
42 178
37 241
64 221
11 213
75 221
81 197
138 191
58 109
18 219
59 65
8 30
147 150
18 207
58 82
101 122
142 242
186 204
24 223
98 108
220 242
146 196
158 207
139 220
88 241
172 208
190 195
69 187
32 236
51 241
121 171
43 90
66 203
65 73
210 231
219 243
185 196
116 161
27 216
79 122
94 160
62 155
3 74
84 196
45 232
43 51
70 73
93 154
60 80
21 171
128 167
150 153
136 185
35 145
35 202
85 102
119 221
56 137
146 201
179 202
154 203
47 138
135 145
155 214
41 99
147 245
44 173
63 94
142 165
49 108
52 152
61 112
183 229
83 171
117 182
71 201
153 207
47 136
35 213
129 131
94 224
154 227
42 55
24 91
192 219
140 152
14 212
55 175
179 230
8 41
110 112
93 228
71 240
158 183
15 103
176 186
34 187
60 116
190 210
106 228
5 196
162 243
105 158
2 215
124 164
113 171
197 212
10 73
71 197
81 134
196 197
86 187
57 110
56 194
20 56
70 173
73 183
16 50
15 106
107 124
71 152
202 223
88 118
52 174
41 65
91 233
30 174
53 60
31 128
115 156
120 177
36 69
11 85
50 140
109 116
22 118
57 142
60 111
0 43
97 161
75 93
43 132
181 213
80 180
136 204
80 161
82 156
1 34
151 207
114 159
37 176
50 147
5 142
59 207
106 145
32 176
112 143
94 197
165 203
38 49
2 235
36 228
96 108
19 40
49 239
29 57
45 102
19 146
17 36
135 170
108 168
135 226
32 213
92 149
96 136
9 13
6 49
189 202
101 200
20 98
239 245
176 231
11 119
4 225
169 179
39 228
138 224
137 221
214 245
3 27
24 136
45 147
85 89
76 110
174 179
79 155
46 177
98 218
54 245
24 76
204 220
81 158
30 90
125 139
71 180
154 202
137 196
12 113
138 145
0 192
195 215
23 85
47 134
4 6
32 75
84 113
138 151
112 127
123 222
44 205
23 226
138 152
127 174
172 227
88 98
90 232
5 114
41 144
20 45
77 188
33 90
167 190
141 216
123 144
143 186
225 239
46 182
71 73
39 218
103 166
153 190
234 242
32 62
134 203
142 244
7 57
14 180
5 67
51 113
46 48
2 61
35 48
46 50
49 202
61 75
95 170
34 185
120 169
170 244
164 169
16 158
14 172
34 55
29 38
145 156
7 117
56 206
70 240
88 182
210 240
23 40
52 101
173 193
58 192
85 158
75 162
47 205
88 113
142 171
12 231
27 126
161 222
47 90
128 142
27 179
85 237
117 149
84 160
77 112
25 34
184 203
107 195
137 211
45 193
188 237
75 225
90 122
65 78
10 197
100 227
35 160
135 236
43 244
47 175
116 129
120 188
147 211
92 196
159 176
135 225
3 160
111 211
59 155
1 28
3 87
15 116
106 127
189 209
17 65
37 179
235 238
27 240
170 209
141 208
222 224
203 213
94 186
38 178
13 245
62 221
0 106
47 59
161 227
106 161
23 145
113 150
48 203
99 139
91 214
105 109
2 39
106 242
81 128
136 209
59 123
15 98
120 217
41 74
73 82
77 238
55 91
47 183
68 131
6 160
131 195
66 183
77 193
47 151
24 213
57 120
128 218
21 93
103 110
116 163
195 198
111 138
117 243
15 182
48 112
32 204
57 193
49 56
12 141
23 61
142 172
85 110
20 144
65 71
14 235
72 129
101 123
12 185
121 136
32 40
14 49
212 230
16 103
57 134
169 201
70 116
115 238
41 113
16 53
200 243
46 124
31 151
80 179
28 165
40 61
144 166
61 132
12 46
143 224
52 232
13 31
7 173
133 154
101 104
44 151
144 237
45 156
102 180
72 202
164 187
40 205
12 208
123 243
97 126
130 157
22 90
31 175
85 209
64 79
60 243
1 36
36 144
23 174
15 108
27 93
3 222
10 204
59 172
85 121
152 196
107 119
30 76
134 170
23 72
215 221
157 213
123 127
133 197
40 224
99 213
50 171
76 118
50 155
41 201
70 129
1 242
60 114
54 86
23 207
158 167
35 225
101 189
104 148
116 191
191 240
56 96
184 232
15 56
16 219
70 120
30 124
4 188
70 184
28 69
45 74
49 76
107 181
156 227
62 151
28 212
117 132
39 156
83 240
49 245
61 128
195 207
22 79
4 239
100 203
82 173
82 110
84 116
22 158
49 80
11 126
181 206
62 78
78 113
84 101
46 187
11 233
24 195
1 182
94 230
77 187
11 76
22 91
91 240
121 204
174 188
3 211
32 134
229 231
25 63
102 217
39 119
25 93
196 244
57 191
94 157
70 133
177 206
54 210
12 214
149 203
19 243
172 219
105 168
52 233
35 82
56 175
16 169
10 49
32 49
3 13
9 138
1 80
164 224
43 117
21 140
17 163
72 184
144 159
116 240
7 70
8 97
6 14
62 236
19 171
115 237
209 217
8 206
113 133
115 152
107 136
173 197
15 84
81 208
36 105
78 221
54 183
18 125
30 67
100 108
6 156
123 147
104 168
91 126
20 68
232 239
145 157
178 233
125 192
70 175
19 27
34 173
33 78
93 213
144 211
44 167
92 135
163 233
31 159
153 177
166 187
47 99
97 222
41 142
59 66
20 70
140 182
98 128
60 126
126 200
14 242
37 96
114 220
176 177
17 100
110 149
166 174
10 239
206 219
164 179
26 146
109 226
38 62
175 176
85 146
171 189
16 185
13 32
58 126
168 245
168 228
122 186
69 124
145 191
93 152
46 231
106 155
95 98
6 145
60 129
49 217
68 174
129 151
141 158
69 165
177 204
156 162
169 191
230 241
5 43
103 148
48 102
165 181
88 209
58 72
7 205
21 234
101 151
31 245
6 243
31 129
24 117
53 144
43 178
144 182
109 169
2 72
44 86
161 217
124 174
36 189
186 244
166 207
15 54
61 82
162 204
53 208
222 232
16 178
11 36
72 78
127 206
110 239
44 134
221 241
190 239
125 159
36 180
17 243
8 185
170 201
113 177
47 214
67 106
235 241
69 243
101 155
136 227
82 150
66 96
91 116
2 135
82 188
45 171
146 205
84 144
9 89
105 231
73 153
79 180
163 218
112 229
71 76
135 152
109 195
21 141
70 163
14 33
177 225
20 221
90 228
139 227
54 76
117 228
222 241
10 152
74 160
68 84
65 110
138 180
147 231
175 185
20 64
97 154
32 141
39 83
0 89
104 150
177 178
135 158
88 99
11 58
68 134
181 193
60 177
65 206
2 33
170 225
17 161
92 121
116 216
45 217
37 67
12 83
68 199
56 244
95 129
2 152
86 177
103 157
205 231
105 198
42 82
76 173
42 212
108 111
17 207
52 94
60 231
35 221
3 200
93 170
191 213
129 156
173 219
2 31
50 222
138 202
176 227
1 71
0 143
127 204
1 60
108 189
152 240
43 153
105 144
101 135
40 196
12 55
13 123
143 182
88 189
144 165
54 92
59 220
94 164
48 74
99 205
69 213
203 234
134 158
54 239
102 135
0 150
49 174
56 198
199 230
31 139
157 206
36 59
172 231
36 60
15 146
12 54
74 103
58 120
115 116
94 232
33 93
70 223
79 91
98 200
28 125
63 163
171 237
41 170
66 220
50 225
108 178
26 203
138 223
47 63
189 203
83 112
147 216
62 233
79 120
52 70
40 229
23 33
91 203
82 238
4 64
74 120
149 167
68 73
24 186
129 189
19 187
63 136
203 243
36 221
72 150
51 189
79 177
80 120
10 159
121 203
86 224
12 102
1 106
43 53
196 242
144 214
117 188
14 65
201 217
86 136
162 237
65 75
150 184
62 182
24 148
43 98
2 104
189 206
129 214
182 186
121 206
80 85
199 211
88 225
54 236
172 195
37 38
5 161
83 122
147 152
86 150
43 234
88 139
65 72
211 215
122 197
35 123
215 222
7 135
88 169
121 133
34 108
47 75
12 165
90 119
186 219
49 243
133 213
233 245
30 113
78 102
89 206
24 109
161 166
2 49
117 177
22 41
93 147
104 223
91 141
125 148
142 158
23 183
39 82
172 192
12 219
58 159
68 69
160 240
19 48
13 199
156 211
61 151
156 237
96 182
62 179
81 91
40 148
41 59
36 178
148 207
6 189
75 167
164 222
109 158
49 131
15 25
161 206
171 240
142 238
38 236
114 140
66 121
159 171
7 192
56 238
148 199
59 128
164 241
0 158
222 236
6 235
120 242
16 213
40 161
90 190
99 122
31 79
58 161
5 146
45 214
101 236
160 232
145 244
22 239
97 216
13 206
117 166
69 171
75 90
20 124
34 194
105 229
20 156
60 141
111 229
39 68
144 203
178 207
6 206
68 129
105 172
193 199
102 174
31 133
159 227
19 220
44 88
177 229
77 153
21 104
155 207
192 222
29 213
17 121
77 114
170 229
121 149
117 222
211 224
187 202
64 115
54 55
82 102
9 149
128 145
35 193
77 136
103 186
61 225
109 123
173 208
121 228
77 204
4 35
8 202
19 180
189 194
69 82
102 224
220 234
59 64
98 171
99 188
27 206
12 114
118 231
93 217
8 111
19 77
1 238
40 155
67 80
85 88
108 182
126 174
150 159
185 243
142 231
30 145
80 203
130 182
66 141
44 61
195 229
21 98
94 227
104 124
79 236
17 50
169 183
28 183
127 241
19 162
58 213
183 196
26 223
75 82
43 58
125 177
34 192
135 151
86 91
107 221
78 242
52 55
161 230
93 218
27 193
227 228
140 242
85 139
13 63
205 226
54 115
7 129
11 75
101 113
110 233
24 225
102 110
51 184
133 191
91 199
1 111
42 170
72 182
14 18
0 146
43 195
72 100
106 245
13 184
51 201
125 141
108 208
54 198
117 143
27 101
175 215
114 172
60 123
31 54
6 215
44 54
41 71
57 164
13 175
73 199
62 165
180 220
154 158
55 149
168 198
46 122
139 204
53 222
221 233
126 129
87 195
188 227
89 237
78 203
94 146
10 89
134 217
192 239
95 111
34 46
23 190
102 237
93 94
59 237
161 189
105 122
41 128
3 6
18 226
131 188
150 157
128 157
61 181
103 135
124 207
167 207
91 157
187 244
42 174
19 97
88 141
129 215
185 189
120 167
19 104
188 218
119 126
73 140
37 155
125 173
136 174
229 232
65 198
124 163
87 211
81 232
48 84
32 232
108 175
110 158
9 177
23 124
194 215
117 158
114 204
165 237
138 231
133 170
153 192
229 238
21 242
36 37
11 165
42 48
59 212
206 221
61 232
45 73
63 184
14 38
19 74
109 208
77 206
9 203
73 110
228 240
128 192
214 242
17 179
24 155
173 175
70 100
112 138
94 142
56 172
38 202
23 35
2 147
141 191
23 146
67 123
72 106
108 221
27 160
145 199
30 167
32 70
168 213
20 25
67 143
6 200
81 150
15 223
153 174
168 192
111 193
89 138
175 236
65 152
24 210
85 97
21 183
181 186
19 205
20 205
72 226
30 210
128 156
142 189
192 236
39 57
90 153
19 190
20 73
43 159
193 206
4 30
206 239
206 218
67 176
5 215
126 176
67 144
92 157
17 115
29 104
197 198
0 185
106 244
8 150
94 228
16 98
90 148
57 97
36 88
20 95
188 203
57 108
22 60
206 207
84 120
25 132
85 222
50 137
83 204
159 223
49 176
38 167
181 232
45 54
26 209
20 137
147 198
23 26
18 181
37 215
4 129
19 159
111 126
15 178
159 206
123 146
71 244
18 40
68 206
157 208
4 33
123 232
220 225
79 142
13 230
10 220
156 165
10 47
136 219
71 91
56 203
67 228
55 144
213 229
130 169
14 71
43 101
115 149
13 163
25 66
44 147
156 175
108 145
17 178
7 56
11 155
116 134
74 123
206 211
49 130
107 219
63 185
67 175
106 169
60 90
83 157
132 214
111 125
85 215
12 121
90 99
28 100
90 160
96 235
31 97
47 150
1 8
8 127
22 35
18 45
62 84
15 180
52 164
88 190
147 212
103 196
127 169
2 62
89 231
162 193
13 22
129 223
18 123
60 98
130 226
22 240
35 143
16 28
163 221
10 163
110 188
21 178
53 166
179 190
120 221
35 45
149 209
68 123
66 140
63 79
0 130
28 126
19 75
9 51
15 31
60 96
48 238
32 198
207 220
85 193
38 46
125 126
49 93
77 203
105 132
14 19
197 207
33 166
93 207
41 84
86 223
126 173
120 234
82 91
14 97
69 242
184 227
62 212
122 146
16 56
20 196
117 125
152 199
0 221
45 79
98 211
116 219
29 186
116 233
180 243
106 204
3 78
136 151
77 115
68 137
79 243
6 233
6 98
61 195
169 233
15 19
129 224
12 226
120 198
25 88
125 189
57 156
130 199
126 211
23 98
52 163
57 217
16 154
94 105
148 224
86 105
119 186
148 156
133 227
15 63
71 239
10 232
109 194
167 216
47 232
90 184
2 173
159 244
61 210
30 166
43 62
75 157
38 234
16 20
89 222
67 96
175 239
33 84
114 138
117 218
36 129
121 157
46 200
109 110
11 237
84 186
130 221
102 117
35 236
143 239
102 228
54 206
42 244
116 132
25 165
29 73
38 166
30 120
155 163
62 244
14 68
142 209
133 163
16 224
13 93
42 58
7 227
98 129
45 234
21 36
3 61
4 5
182 183
32 178
118 168
11 131
15 155
125 165
28 191
23 188
145 213
33 103
34 81
175 193
21 41
66 106
12 31
112 201
9 205
147 234
88 195
6 129
47 230
9 48
178 221
207 216
9 139
110 245
133 195
96 197
41 106
1 98
3 168
119 244
12 51
8 28
75 223
5 158
46 93
190 216
55 228
43 89
182 190
134 226
62 194
38 237
14 92
169 213
48 68
105 243
3 224
29 210
133 241
129 204
70 191
144 174
51 164
1 62
44 63
83 173
67 240
71 231
186 230
106 111
2 221
163 189
55 142
69 151
91 206
83 163
59 97
46 167
14 126
87 158
55 195
50 81
59 141
14 39
37 232
222 227
5 202
137 197
122 217
45 106
83 104
113 219
100 126
33 174
133 216
15 200
114 151
97 225
94 114
238 244
57 58
106 113
138 159
80 125
121 179
151 204
12 34
20 102
149 190
76 222
74 129
67 124
46 202
66 107
104 125
61 102
154 185
6 239
20 211
71 158
99 207
21 27
203 236
23 79
36 216
109 212
142 168
69 148
41 167
79 136
60 149
143 144
39 202
2 201
94 179
38 113
8 144
38 240
64 166
39 122
100 106
24 60
9 241
54 169
179 183
11 132
37 128
72 163
188 211
24 142
13 102
130 187
87 117
104 184
55 79
60 76
4 172
60 210
158 176
61 159
225 243
182 211
99 111
38 105
13 169
103 178
28 176
157 163
87 163
23 83
92 192
17 118
44 101
94 170
52 93
18 112
211 234
16 44
8 226
21 96
65 141
197 239
59 70
152 179
117 130
16 74
144 147
53 75
38 224
119 164
91 114
73 200
137 150
0 127
11 184
61 177
47 51
199 242
6 179
50 231
14 226
161 182
19 184
196 241
46 132
40 135
177 220
74 211
149 199
32 228
151 203
56 232
152 168
147 239
166 183
76 201
42 132
161 176
11 143
123 132
18 244
16 240
97 134
15 128
41 120
147 220
133 203
166 199
40 243
1 148
42 200
14 120
76 133
102 190
80 199
87 160
150 164
11 86
76 160
120 241
115 133
155 224
87 238
46 88
24 48
168 169
27 158
174 197
100 123
43 170
57 93
12 70
13 55
53 125
27 209
11 100
9 61
102 152
0 137
181 228
120 125
56 82
2 241
33 189
129 228
41 199
7 100
11 31
26 60
157 230
148 185
92 185
3 192
157 242
64 165
12 158
195 205
241 245
75 172
150 158
46 185
215 227
149 208
184 237
11 226
36 161
114 237
35 36
80 132
136 183
5 165
59 103
164 233
34 156
18 99
173 190
157 245
95 115
85 187
49 175
22 100
58 86
133 147
41 141
105 185
15 88
53 86
34 87
56 117
71 75
73 232
105 183
5 19
81 212
2 167
107 201
7 50
119 206
98 132
180 215
6 181
11 62
23 53
79 168
22 49
65 117
4 208
41 82
167 185
38 124
184 185
135 211
178 217
198 229
180 235
135 232
31 209
41 85
66 102
3 157
20 163
57 219
56 65
183 187
70 181
12 173
147 179
8 53
29 127
37 239
11 164
1 165
73 202
125 193
19 135
32 207
2 122
26 237
195 211
8 83
143 195
34 219
10 167
2 8
83 183
74 212
81 181
79 211
199 214
5 135
12 177
158 166
76 92
78 147
74 205
110 206
84 205
194 224
28 201
0 144
65 191
46 139
132 174
86 168
58 127
179 245
138 221
63 242
170 187
17 74
148 201
24 199
9 82
6 85
139 151
41 108
42 143
17 130
97 109
41 145
36 53
106 212
51 58
51 112
58 209
160 181
62 196
92 215
83 189
147 153
113 118
146 210
0 88
210 229
56 138
49 136
0 53
15 212
12 76
26 139
94 235
227 244
85 192
17 110
10 126
144 184
20 175
66 159
21 219
91 191
64 190
28 103
63 125
152 154
193 202
216 245
10 85
95 105
60 155
54 80
85 126
62 122
143 184
62 172
132 155
121 161
36 203
92 227
103 159
122 171
5 34
163 201
138 174
73 85
44 82
148 215
93 116
62 123
118 225
173 209
106 234
32 59
33 185
30 79
204 211
124 206
27 156
118 159
78 86
29 170
50 172
89 184
141 222
45 154
102 192
173 174
160 185
119 222
13 128
116 221
114 191
16 194
54 135
13 191
101 132
123 168
151 196
32 208
157 215
26 104
18 179
160 194
132 206
76 119
21 142
1 25
17 166
32 37
21 23
206 217
72 102
231 236
53 172
176 237
89 104
77 80
8 52
123 239
38 112
100 104
107 145
45 120
102 177
208 218
53 242
141 210
91 132
137 165
61 214
2 91
15 39
26 77
27 151
143 160
159 237
11 133
21 132
1 189
97 120
19 121
23 119
21 216
134 168
117 147
110 161
21 150
74 185
31 143
4 57
134 146
153 226
58 130
113 218
212 227
59 166
155 201
26 227
5 134
44 187
18 86
5 51
125 204
42 61
8 194
81 138
207 213
8 18
121 243
46 225
76 87
224 235
148 163
153 199
62 245
198 219
157 216
160 192
72 143
205 228
25 54
163 222
82 116
172 191
158 242
121 198
143 199
6 135
71 86
156 199
112 205
151 163
185 228
127 201
70 105
134 239
28 82
79 156
7 174
87 168
43 206
102 234
116 120
18 26
46 164
29 176
9 173
214 235
9 31
3 108
32 206
33 75
7 86
27 65
3 239
136 238
28 62
57 235
33 172
86 153
86 92
105 197
181 240
62 186
7 121
36 174
68 152
29 238
7 90
17 87
125 244
143 235
39 139
75 131
7 46
32 157
61 228
78 223
92 199
98 131
93 201
93 185
135 217
63 103
128 197
105 113
99 241
93 194
134 240
32 142
58 75
22 169
100 241
110 159
19 23
73 196
142 148
167 182
40 119
38 180
89 108
41 52
42 234
22 182
139 188
2 34
86 207
107 207
128 215
165 178
84 185
100 149
143 219
161 242
171 208
144 191
181 239
96 132
30 195
14 30
1 2
123 153
73 182
137 214
58 131
184 212
103 184
23 45
214 234
155 156
121 122
36 113
70 157
108 200
57 158
152 230
46 213
118 123
101 139
93 182
51 203
10 91
101 197
57 77
11 35
48 138
153 225
25 101
141 200
14 31
19 85
41 126
210 235
74 163
195 206
94 156
147 159
51 197
156 221
24 119
171 216
14 46
55 72
97 166
31 46
65 199
38 118
40 199
176 245
11 221
36 76
96 100
90 227
5 38
112 241
196 212
2 118
2 67
30 116
40 128
228 234
32 102
12 80
7 107
42 59
111 158
111 151
67 189
157 233
35 75
18 220
62 207
90 164
33 101
227 236
87 186
96 110
95 173
146 212
108 214
30 62
54 69
114 184
50 89
127 130
126 181
96 239
106 196
94 245
17 174
15 173
23 206
54 196
179 201
181 182
46 147
35 186
154 172
64 141
5 208
27 121
50 223
102 159
141 212
58 202
138 140
74 189
128 228
51 125
106 116
64 131
44 174
114 196
95 180
79 198
207 239
67 87
69 206
114 132
44 116
22 34
88 143
71 193
80 235
44 144
79 160
18 33
69 104
26 137
74 245
142 177
25 225
204 227
82 214
53 141
17 226
110 236
65 116
7 63
132 233
56 141
104 217
63 80
87 110
32 60
9 182
60 64
223 239
56 187
21 55
199 224
102 108
118 164
13 60
134 164
11 158
170 185
100 122
63 167
29 200
65 169
136 240
151 232
160 243
133 155
96 238
176 182
119 208
84 132
75 226
97 145
96 230
182 185
28 115
133 158
116 242
23 54
4 56
85 127
93 198
169 180
154 235
1 42
147 184
59 200
11 99
75 179
168 182
144 199
48 127
77 173
77 82
48 187
25 112
110 157
116 192
20 61
109 111
148 218
82 209
16 124
92 245
123 212
156 216
74 195
47 166
91 101
45 229
114 174
169 244
47 118
10 110
130 205
174 234
131 166
67 159
18 198
159 161
226 232
138 195
85 148
154 193
92 122
39 127
165 201
45 46
10 65
20 59
24 242
116 193
98 233
90 124
23 161
139 198
64 78
57 154
46 130
23 143
117 238
82 105
112 234
29 234
53 219
39 177
104 175
52 191
122 162
145 235
86 239
5 33
47 198
101 185
62 184
27 218
39 109
79 202
85 221
176 202
40 90
146 221
51 80
132 154
37 219
20 31
41 44
123 176
41 76
100 160
39 66
201 243
58 67
10 236
93 210
68 212
8 82
113 120
22 200
114 130
179 226
59 146
28 145
12 168
142 212
12 147
185 202
16 46
161 212
1 178
84 149
21 206
13 33
170 192
56 162
99 116
88 215
141 159
9 154
6 15
50 82
71 215
194 220
172 199
183 244
0 199
20 215
74 159
193 233
83 107
14 117
94 166
151 241
69 158
93 234
155 223
130 173
89 207
0 23
93 205
88 197
0 12
83 229
125 221
48 117
76 95
30 86
222 233
60 145
170 232
65 119
110 241
55 100
89 140
145 175
39 40
145 208
28 47
98 177
51 143
56 171
55 147
76 200
46 153
57 99
34 243
38 151
170 207
16 43
172 201
151 184
166 215
120 245
121 210
65 211
32 119
19 167
30 103
4 16
134 233
46 62
109 113
191 214
76 105
189 197
13 222
9 98
126 148
56 176
114 137
13 190
85 130
78 214
161 203
54 114
69 178
29 45
182 235
44 234
64 110
52 207
57 200
98 215
28 106
49 214
29 180
83 110
86 236
70 117
48 168
87 169
96 126
39 158
42 139
37 229
1 13
35 203
69 212
52 86
14 133
172 222
43 188
152 219
106 171
234 241
17 98
39 217
162 226
8 61
19 196
20 234
48 149
87 91
10 172
14 195
238 243
3 116
148 217
174 203
27 81
36 245
85 152
3 120
18 106
103 162
55 170
175 225
16 174
119 152
28 118
185 223
211 245
160 207
31 244
68 208
11 201
209 238
33 182
173 192
2 169
49 233
92 159
38 57
63 171
180 210
61 89
1 139
200 205
47 92
64 217
46 205
160 226
24 53
5 81
114 186
33 148
59 187
117 150
78 103
80 149
46 109
81 115
92 223
125 182
63 228
54 95
148 228
27 107
111 115
4 20
104 128
4 96
177 217
134 193
109 245
89 203
33 159
1 203
40 121
167 197
31 114
153 176
67 164
172 216
15 176
48 76
21 34
146 224
63 244
96 179
114 154
191 207
22 112
13 138
173 242
47 148
73 207
135 242
21 205
13 42
67 77
128 150
24 164
60 242
9 141
26 102
28 185
14 189
97 150
45 173
123 206
7 88
151 219
92 191
67 101
124 182
79 151
68 85
34 206
197 201
23 127
30 58
107 209
82 147
62 119
19 43
17 32
9 27
137 160
152 213
94 204
138 167
20 29
1 157
178 193
136 145
169 193
90 100
30 229
154 196
127 132
16 57
148 237
49 226
145 207
75 207
173 216
41 195
94 124
108 196
189 244
2 4
22 222
216 220
29 245
230 239
22 71
105 210
26 164
70 245
46 151
32 152
170 217
66 195
116 126
5 64
94 150
164 180
25 45
21 233
18 57
3 161
83 230
73 237
39 71
27 197
17 227
35 200
36 39
165 167
37 150
4 130
30 89
15 195
76 218
51 61
43 49
108 227
192 215
93 139
20 43
20 180
187 241
73 98
12 87
11 200
78 93
160 165
23 215
45 87
5 102
115 244
42 195
30 126
136 207
108 177
84 178
13 41
17 201
37 191
180 221
91 242
13 19
98 99
71 157
214 225
4 178
81 86
144 151
21 176
61 99
56 60
50 196
170 243
126 219
63 74
71 137
47 153
18 83
1 209
133 235
13 244
158 181
200 211
50 98
103 227
13 53
78 190
222 235
187 216
66 149
78 238
208 237
168 178
217 233
104 191
100 177
22 142
76 170
95 140
0 210
18 136
20 119
29 160
12 58
61 196
124 129
190 244
128 170
13 27
157 160
54 70
74 174
15 99
61 199
136 233
221 242
5 46
11 156
20 23
123 224
6 107
177 213
57 121
193 221
122 177
111 233
81 160
53 165
130 188
154 239
6 71
30 245
81 135
63 128
135 218
201 222
147 171
8 209
54 197
84 90
30 111
127 154
92 109
130 206
214 218
32 143
30 156
199 227
94 187
197 236
42 137
53 105
76 210
66 174
122 165
117 131
6 176
166 176
63 102
27 172
102 153
130 211
140 210
33 210
118 151
131 213
85 91
4 168
12 125
189 222
21 39
7 166
105 137
33 167
62 99
151 239
28 214
1 224
110 235
183 240
84 231
21 202
34 138
79 192
106 148
132 221
16 79
189 238
173 244
28 35
127 244
37 209
11 104
3 30
40 103
193 205
143 162
54 83
92 224
45 242
116 234
141 162
146 191
113 116
128 244
65 103
87 196
91 222
8 91
186 213
101 145
34 204
118 149
64 65
30 51
49 135
193 195
121 195
67 156
100 186
52 98
3 17
141 219
89 193
196 233
29 199
48 236
178 231
23 238
54 173
66 187
213 237
25 60
89 97
101 227
138 139
142 153
42 97
90 181
77 161
29 229
67 178
36 92
0 191
1 244
120 203
180 232
20 210
60 225
144 228
62 202
171 241
125 208
27 224
3 33
111 219
116 188
108 234
115 232
143 230
103 179
46 140
64 244
7 126
69 144
0 51
29 216
42 198
49 70
40 207
58 220
56 139
164 206
46 150
144 216
45 133
141 179
61 207
117 239
13 38
83 105
87 125
163 197
44 231
149 210
171 202
73 172
11 239
217 240
117 127
10 104
117 229
6 244
44 191
79 130
50 85
14 196
199 236
102 197
5 115
39 111
139 172
32 38
77 151
167 169
18 203
205 239
56 90
7 214
97 106
153 203
171 191
25 218
75 186
141 211
5 30
176 209
20 78
56 202
43 187
32 92
22 42
27 123
97 124
91 238
1 45
104 245
46 113
2 209
35 92
64 182
131 165
2 57
44 49
125 211
98 104
55 230
38 54
8 214
71 224
22 134
66 243
163 212
131 231
24 188
158 236
20 235
31 61
43 226
47 188
151 222
88 92
47 55
128 182
229 242
145 180
41 134
84 152
34 196
25 131
34 193
45 164
103 240
29 51
9 110
53 233
81 152
186 239
162 168
37 199
131 203
6 150
3 180
60 105
1 129
2 225
153 160
78 136
74 87
54 202
157 169
107 216
30 98
127 136
81 241
0 162
39 115
140 221
35 204
166 189
14 99
97 118
51 163
151 158
50 224
34 142
28 113
65 185
154 156
66 173
72 242
99 223
84 230
97 163
138 240
78 224
106 209
88 150
72 188
45 194
110 211
62 239
99 104
147 188
87 126
5 206
90 175
101 191
105 233
25 223
86 203
6 198
167 170
3 156
86 208
25 187
83 188
99 200
61 135
31 191
72 225
80 123
6 82
42 179
81 236
23 30
68 173
142 174
30 133
93 189
73 158
27 66
144 148
33 95
25 67
52 170
94 108
90 104
80 130
179 200
28 222
55 106
45 179
75 126
135 201
25 231
62 116
58 157
181 190
129 205
138 209
113 196
170 179
108 217
74 210
37 212
31 100
190 238
136 241
40 80
103 232
13 82
66 241
64 176
69 196
79 115
128 203
77 163
51 210
22 235
111 143
130 195
17 79
57 197
128 131
60 71
156 201
143 187
183 184
90 229
164 240
87 157
73 234
43 197
3 134
165 215
151 188
2 99
25 103
8 59
17 39
129 145
187 223
86 188
149 207
121 140
119 196
69 154
118 228
13 164
25 182
44 171
192 243
48 75
15 156
68 102
5 94
27 110
166 223
213 240
150 175
83 125
112 226
136 220
152 201
26 217
108 205
9 196
86 98
41 130
20 65
24 231
87 151
165 172
5 237
61 119
106 187
19 89
38 58
80 126
32 212
188 245
61 141
80 152
3 43
4 236
127 148
40 95
74 90
143 208
194 225
81 177
126 193
56 74
68 227
123 199
9 92
30 42
83 97
126 230
119 204
25 150
25 227
95 100
67 204
135 223
33 187
31 105
198 225
40 226
87 183
84 243
162 203
66 192
47 189
226 228
29 155
78 83
183 199
79 191
46 241
42 175
4 181
140 170
55 202
68 150
157 188
150 206
68 200
78 79
150 222
157 209
172 218
18 209
121 236
126 172
31 112
109 235
175 233
17 38
2 94
7 136
140 159
41 51
49 89
181 212
16 150
61 156
67 136
82 212
57 166
104 181
62 96
28 192
33 110
67 241
98 167
233 242
132 215
66 224
35 122
148 202
36 152
92 211
14 151
91 151
7 160
40 186
107 232
54 88
166 177
194 237
98 240
75 173
132 245
124 180
109 159
178 244
1 231
29 201
20 241
55 139
20 28
207 218
143 157
102 185
44 107
186 211
46 67
119 140
24 83
179 180
97 189
16 94
121 184
96 203
141 165
169 196
32 39
1 96
6 9
88 142
112 131
213 228
19 124
32 149
90 239
6 195
76 177
42 182
99 202
45 150
14 158
151 155
131 189
111 140
193 217
65 143
38 203
127 176
29 171
16 241
24 55
150 167
146 218
66 216
185 204
110 198
18 241
117 138
108 124
140 180
16 170
95 128
181 184
101 230
147 157
7 231
18 217
121 212
78 216
70 136
18 87
38 173
96 158
11 55
72 185
2 206
80 100
68 145
185 192
134 136
184 205
38 53
86 174
156 176
24 106
112 228
109 150
113 228
14 114
84 128
171 224
24 131
20 87
30 218
66 162
35 84
90 123
111 133
81 99
111 154
153 175
122 216
129 213
82 117
78 155
3 190
67 138
24 140
7 163
111 221
20 89
68 78
18 150
9 145
61 213
122 215
159 188
131 208
48 196
30 219
28 123
7 187
13 80
66 186
75 133
167 237
65 229
220 236
9 80
35 95
62 72
61 86
53 68
61 158
104 206
50 60
159 184
42 158
30 132
119 217
59 245
49 189
183 186
140 215
100 154
28 57
91 196
32 184
181 243
56 57
48 215
174 181
2 44
16 177
54 218
36 191
23 204
77 196
41 215
18 68
54 190
7 79
4 141
43 119
9 125
62 210
151 186
73 151
113 156
19 225
21 215
57 91
120 156
105 187
181 188
179 206
8 26
63 243
17 69
55 160
7 60
8 148
236 245
59 180
123 186
105 228
114 219
94 244
138 228
17 122
40 106
98 159
185 206
87 189
1 187
125 188
9 83
60 180
201 203
12 60
102 150
192 214
49 64
84 96
22 99
66 71
105 207
11 78
127 153
138 163
64 148
70 162
59 99
95 101
73 176
105 176
64 224
117 133
77 227
84 200
13 207
40 114
1 131
67 82
4 26
21 152
57 62
33 72
179 195
133 166
9 189
119 219
76 104
199 209
101 150
79 217
52 107
96 104
0 63
119 132
49 134
117 126
101 199
188 232
79 238
35 73
8 67
38 104
158 202
125 145
93 175
101 198
50 93
21 130
120 176
27 44
163 178
155 219
22 151
133 175
82 166
21 237
118 234
71 165
150 174
77 222
28 188
0 155
73 189
6 192
177 210
89 93
28 90
40 56
136 194
119 223
33 138
12 132
19 231
144 163
141 221
122 192
33 137
151 215
123 136
11 163
126 155
25 174
94 234
145 169
33 59
121 182
87 220
48 104
20 236
97 192
102 123
40 55
156 193
158 229
43 175
100 205
112 136
79 205
21 143
182 198
89 200
88 123
104 130
46 121
81 141
16 34
113 125
208 244
148 193
61 78
20 126
28 206
155 242
10 161
74 227
10 207
30 217
55 94
92 200
199 205
89 110
77 78
24 90
17 217
20 24
126 151
208 240
201 244
4 182
19 21
171 178
27 64
80 220
50 102
110 231
10 221
68 148
53 70
191 221
139 211
59 135
39 165
155 176
12 43
68 244
96 147
88 224
8 205
12 72
113 244
9 18
153 213
191 206
60 82
45 51
190 221
161 190
236 240
70 113
96 146
93 211
31 62
83 111
135 193
12 16
46 56
86 186
8 170
3 4
64 204
99 210
18 165
38 181
19 153
50 108
161 192
102 232
156 208
31 165
131 159
89 236
8 225
110 132
52 156
198 220
54 75
26 143
194 242
94 102
125 190
84 239
56 88
1 235
141 172
89 188
6 121
168 221
53 135
90 132
94 182
101 138
153 193
137 217
92 155
10 79
22 97
68 72
42 43
48 51
30 198
116 189
61 173
133 190
66 231
124 239
197 235
51 76
19 100
162 228
30 137
139 184
33 43
9 146
47 218
139 234
139 179
2 54
20 169
45 61
101 184
96 226
87 193
85 224
4 240
13 113
43 235
70 79
35 80
50 78
171 172
10 48
38 161
156 172
205 241
129 153
119 136
55 205
77 221
147 214
67 92
15 77
7 171
116 176
42 68
115 214
1 11
101 167
184 201
10 201
96 103
6 76
45 109
64 215
106 128
47 68
21 179
17 93
206 220
76 80
36 100
84 234
101 152
133 178
103 203
4 93
15 236
61 123
130 231
31 237
146 208
129 227
140 202
168 193
122 182
159 201
164 230
36 217
70 202
82 138
54 147
140 160
7 154
20 90
120 178
6 81
192 218
18 62
83 182
147 166
42 75
80 195
146 204
114 116
125 158
104 143
77 150
10 213
73 146
160 190
110 124
128 216
97 144
124 222
40 244
41 124
43 184
216 236
76 224
79 134
25 173
47 129
135 180
113 214
56 209
108 148
19 211
128 201
30 46
187 233
57 223
164 189
29 111
41 81
168 185
191 231
55 73
44 70
97 244
131 145
176 199
15 130
136 162
108 170
123 237
115 222
46 233
57 78
125 205
35 52
51 219
65 114
50 148
50 213
94 104
0 84
19 147
37 175
32 46
73 78
172 230
10 238
95 160
60 140
116 137
83 154
187 228
34 160
30 142
11 230
106 203
85 105
74 146
235 243
66 143
18 197
11 139
8 16
85 231
80 225
215 234
100 182
76 216
38 201
61 224
210 214
45 202
70 82
163 179
151 185
61 107
187 190
12 196
84 193
176 204
74 125
148 175
78 202
47 231
182 224
179 203
156 234
141 170
43 50
120 159
175 212
81 191
103 145
22 55
51 72
33 196
38 83
97 242
63 107
70 220
8 191
46 218
120 230
13 224
5 23
201 204
25 95
105 125
80 184
98 157
127 141
38 238
157 189
167 218
230 245
67 148
48 118
166 218
10 34
32 226
32 221
97 190
114 150
9 42
108 110
166 222
131 160
21 209
175 211
70 150
26 127
36 240
57 153
163 214
93 192
142 245
4 185
28 120
12 148
15 243
87 94
10 28
50 144
123 149
120 182
117 155
175 227
93 164
18 202
92 133
91 183
158 160
25 57
171 210
74 115
64 222
11 95
60 81
13 228
166 245
106 222
92 228
121 193
77 157
100 173
27 204
67 167
151 229
27 195
98 205
107 240
129 212
13 186
72 142
15 69
79 196
78 225
33 144
41 186
4 135
10 114
42 107
26 175
62 166
34 41
125 228
61 66
24 200
217 220
12 71
0 126
35 152
91 231
236 238
62 67
108 176
213 238
21 112
74 222
18 29
103 138
24 104
192 199
46 89
26 50
94 145
77 96
14 90
210 239
45 184
86 154
145 188
111 225
13 68
64 147
178 230
49 151
4 120
158 180
61 183
12 92
27 97
173 236
5 147
69 76
70 225
75 191
62 81
77 224
6 106
11 190
141 185
118 124
100 175
87 217
29 244
5 50
0 71
126 127
85 154
17 238
91 99
27 177
27 203
25 234
68 214
197 215
54 180
99 234
74 136
105 127
46 65
28 38
115 195
42 133
49 200
123 236
75 112
237 239
8 224
149 169
45 158
218 232
11 218
46 212
69 93
24 111
154 173
59 184
22 174
10 45
218 219
14 134
140 156
208 243
154 222
25 197
141 232
132 227
148 216
45 221
44 168
6 168
4 238
200 201
30 80
1 59
41 49
127 158
71 225
51 69
153 167
9 111
32 165
46 61
63 143
109 234
41 240
121 199
5 24
17 241
97 182
129 209
109 130
136 142
88 164
35 174
67 74
167 222
185 215
115 216
15 92
124 157
23 219
121 130
23 224
96 237
142 184
88 145
120 124
107 152
183 191
133 209
166 229
56 182
47 194
65 94
191 192
189 196
84 232
10 233
114 128
114 223
10 20
221 224
106 208
9 244
41 47
3 5
123 166
168 234
119 156
1 117
1 135
36 143
1 160
160 212
50 99
0 171
115 119
60 121
105 186
104 121
160 162
104 129
114 189
86 200
36 184
17 189
128 202
81 170
42 201
145 158
91 193
202 239
81 110
76 139
9 37
152 226
4 180
4 36
78 166
169 195
71 151
151 245
92 143
38 100
122 178
111 226
213 231
2 190
168 206
114 142
197 213
1 207
66 113
55 213
37 123
30 244
2 148
84 207
6 204
3 42
11 27
8 119
136 221
118 222
88 140
126 198
102 241
46 162
46 145
89 92
49 132
51 191
97 127
92 236
109 207
155 241
5 87
80 223
126 167
167 212
45 236
12 48
20 193
26 144
104 138
140 205
135 161
78 182
131 190
57 66
218 231
177 238
139 210
115 199
156 203
9 147
99 156
8 166
173 243
36 163
146 209
133 161
127 135
120 212
116 204
42 95
90 109
46 73
3 189
33 150
131 148
83 142
17 183
54 221
84 233
75 102
26 88
1 57
23 93
51 131
43 93
94 126
191 241
5 242
58 85
126 215
22 133
119 168
2 14
198 224
86 225
17 73
26 215
55 201
157 244
6 41
23 76
19 68
23 90
53 228
171 238
119 205
56 204
86 109
126 224
167 225
123 204
31 211
43 129
90 238
201 232
85 86
181 242
13 45
48 58
203 223
114 202
64 245
81 131
31 200
89 116
16 130
58 78
39 189
40 158
84 87
12 101
8 88
102 235
156 177
160 222
14 153
130 223
41 207
84 198
76 172
112 144
42 119
68 104
108 188
15 43
152 212
139 142
151 199
18 230
46 106
57 171
104 197
111 203
75 159
204 225
113 189
72 165
223 234
75 125
38 89
86 108
61 226
114 169
119 121
237 240
133 206
40 51
1 154
92 139
75 202
67 127
78 165
106 191
119 171
18 85
173 203
222 239
127 151
94 226
0 159
76 156
56 205
75 175
48 101
23 121
72 84
99 194
31 130
188 243
44 80
80 136
134 210
7 222
67 130
6 173
77 129
144 192
16 65
57 172
0 133
88 112
27 245
44 129
40 239
119 130
56 145
10 183
83 225
46 82
177 223
48 223
103 126
56 79
133 234
18 24
4 144
88 128
143 240
55 191
63 201
60 163
5 235
68 130
34 99
151 166
49 178
12 89
41 69
126 199
73 83
19 156
2 112
118 174
46 69
47 193
54 225
22 189
41 188
26 189
91 210
50 72
136 206
90 211
18 222
107 231
68 231
181 211
16 232
106 219
21 213
111 222
221 229
99 101
24 49
183 211
32 69
28 58
148 174
63 138
122 195
75 241
26 220
62 209
26 74
23 155
177 182
25 214
80 115
44 227
17 208
3 186
161 229
135 191
29 203
55 131
97 130
123 185
2 3
94 178
48 227
51 54
163 182
204 237
73 93
71 243
118 121
6 42
91 182
202 207
158 231
199 244
2 210
69 74
41 208
70 96
25 70
55 226
178 188
19 218
151 161
85 190
54 79
7 37
47 228
158 163
44 157
1 76
4 210
40 115
131 245
41 143
110 171
185 216
22 114
56 223
48 136
189 199
61 203
17 108
25 158
62 229
39 230
63 160
65 108
124 149
140 187
132 178
16 37
37 183
136 228
78 171
36 166
5 140
144 227
117 232
208 226
81 92
93 237
10 237
34 212
18 27
24 185
168 238
27 237
159 164
170 240
11 236
27 184
97 200
86 139
63 140
15 81
115 168
56 133
63 238
102 167
87 146
78 154
37 139
159 239
123 128
10 195
150 183
74 130
85 204
89 125
91 223
147 197
42 117
144 149
8 120
118 237
18 140
42 239
12 182
213 241
122 213
8 126
139 230
35 135
57 143
42 62
118 182
123 161
139 162
22 147
44 188
22 192
34 216
59 150
196 239
153 236
73 244
43 65
54 100
100 171
120 197
31 126
37 173
53 123
53 89
5 60
163 199
132 202
101 109
178 213
22 159
47 101
82 103
2 163
72 173
115 173
53 157
44 92
97 205
6 224
72 195
35 65
154 240
165 209
52 215
53 63
205 218
31 56
19 154
30 211
79 129
38 179
182 193
24 202
71 200
77 230
31 179
64 103
15 185
144 195
66 185
217 236
99 128
26 122
156 224
36 241
187 192
152 210
30 45
105 115
93 238
148 214
96 154
115 159
103 209
227 243
182 238
0 163
155 162
122 212
61 220
8 139
160 217
3 209
109 183
34 60
46 125
33 66
19 71
128 163
137 232
149 224
8 78
56 83
102 154
77 171
97 206
78 122
40 111
51 63
119 146
137 174
7 234
82 242
5 39
107 193
85 140
27 162
89 163
114 145
69 161
29 175
158 238
1 85
50 151
107 183
16 152
168 186
81 207
128 138
105 196
110 183
151 156
38 159
143 158
88 236
75 144
151 208
79 190
115 158
39 214
214 236
210 221
116 142
102 193
46 216
31 76
71 242
36 124
57 124
64 240
44 179
105 156
50 128
131 141
103 204
94 151
56 219
73 163
119 151
44 57
87 206
0 15
20 36
26 55
151 169
41 137
75 219
101 173
112 162
35 99
125 157
86 149
81 190
93 176
31 57
204 210
161 233
102 162
151 180
194 209
6 240
44 51
18 122
67 155
207 231
51 104
132 189
0 91
7 150
43 47
121 230
187 237
39 65
50 232
112 177
169 231
84 201
110 243
107 200
50 192
84 157
101 144
18 210
8 230
130 225
58 62
69 147
92 93
11 73
13 105
9 23
34 145
95 163
21 153
156 180
82 154
173 183
6 161
14 23
9 229
100 231
53 109
177 235
68 163
26 58
71 188
116 186
5 89
190 227
40 225
208 227
19 88
131 136
38 154
111 238
70 137
79 203
17 236
206 229
25 102
141 146
124 166
16 155
136 226
50 101
39 42
60 230
123 151
160 203
130 135
85 120
136 234
6 171
49 95
93 144
178 186
102 144
209 240
66 197
79 235
84 223
172 245
102 122
31 180
95 110
191 234
184 194
150 205
68 128
120 142
200 229
29 166
78 161
7 212
50 195
88 136
28 85
16 87
86 201
126 216
35 120
86 226
26 48
153 181
3 40
70 123
134 245
34 37
156 158
54 73
27 146
90 203
140 154
19 47
71 245
38 209
112 227
111 156
121 187
100 162
152 153
42 90
127 237
108 237
21 199
111 213
120 136
0 66
7 33
11 120
5 145
13 28
52 218
135 148
123 167
11 113
84 127
56 208
36 173
56 81
84 123
49 77
68 146
74 122
5 216
76 233
14 236
84 166
1 124
10 108
145 153
216 240
18 175
220 235
15 161
56 239
49 168
13 49
77 105
123 242
85 166
97 179
126 132
28 40
24 79
95 149
116 243
155 166
147 174
45 115
6 48
136 186
22 61
34 97
42 53
68 80
70 242
25 176
120 193
38 155
187 214
76 181
177 192
185 217
130 236
148 227
148 223
148 186
4 161
9 59
159 226
19 168
108 229
55 211
53 220
94 107
129 184
119 202
123 173
228 239
5 110
75 148
204 223
145 230
88 180
41 146
93 241
8 72
68 93
154 159
33 106
83 133
108 129
150 240
31 63
108 202
108 185
55 158
145 211
46 136
202 240
117 141
1 213
34 101
100 229
184 224
198 218
56 164
9 152
135 153
76 86
2 60
139 238
7 175
155 178
118 188
193 207
95 183
42 100
58 243
17 240
31 146
106 221
111 236
154 206
58 205
148 203
205 214
128 168
69 81
73 87
98 160
59 112
1 101
10 129
0 177
61 84
149 192
106 229
41 101
38 48
154 186
49 213
29 91
57 210
16 127
216 227
54 121
66 166
9 38
144 208
136 187
190 224
24 115
78 231
109 124
43 81
40 71
155 202
10 88
195 214
46 47
43 74
29 118
191 230
163 194
109 236
173 200
68 135
23 64
55 182
130 235
87 237
102 128
84 245
75 146
141 205
50 236
123 217
118 134
93 239
77 225
97 104
55 107
0 50
65 236
8 45
188 230
192 208
107 118
175 205
128 176
145 223
11 169
198 226
33 198
151 200
55 126
149 151
18 36
141 228
99 175
61 244
0 165
148 169
33 47
45 83
7 95
15 96
101 160
16 186
43 130
200 244
3 99
194 199
201 245
105 191
121 214
184 200
44 106
23 110
70 230
70 168
49 50
102 145
73 194
82 227
143 225
59 113
1 199
128 146
67 182
107 239
42 56
65 115
154 224
150 211
56 92
14 211
215 239
79 82
106 176
1 69
15 239
58 184
12 98
162 194
103 115
50 134
61 216
106 174
52 158
3 244
54 138
30 164
83 151
33 100
42 103
59 106
131 185
73 139
94 144
13 221
56 144
114 135
44 189
93 140
34 209
15 50
82 210
9 190
70 205
93 220
186 226
83 137
110 153
135 139
14 245
71 213
69 239
9 77
147 244
112 155
35 192
15 209
122 160
61 231
54 191
115 123
200 219
63 89
49 67
148 200
13 115
17 134
18 111
154 180
114 120
68 141
26 52
126 235
48 159
22 162
80 98
73 195
81 229
88 179
59 233
35 76
72 88
54 205
151 171
199 235
21 226
5 201
112 134
78 217
47 172
155 190
64 109
24 158
193 227
172 236
38 68
2 186
92 156
50 182
2 26
126 150
126 228
97 185
66 156
51 57
92 150
129 202
66 126
128 153
29 162
33 133
3 68
15 151
18 168
139 215
44 202
102 125
141 147
93 172
100 139
76 85
14 131
64 73
61 121
24 125
46 76
201 225
144 177
24 39
193 218
129 141
138 232
187 242
129 199
73 205
123 177
6 127
149 150
198 230
150 197
206 233
15 174
156 178
38 144
5 31
214 228
126 146
80 141
12 138
7 94
33 35
3 103
32 168
8 24
19 232
24 245
37 171
61 186
20 244
42 172
69 129
202 233
180 200
80 200
11 47
73 122
52 176
161 197
42 109
12 156
145 166
43 194
54 189
9 215
27 49
141 238
15 24
179 214
1 222
23 214
51 138
41 238
51 110
148 160
54 244
101 224
148 168
133 210
204 206
85 109
176 218
92 134
68 76
119 134
91 117
119 236
105 167
132 222
30 197
58 237
116 196
86 155
0 37
61 170
123 143
83 106
110 227
129 160
4 139
134 231
1 215
15 157
84 162
52 119
99 242
64 77
8 90
79 148
58 107
23 133
154 231
63 113
86 194
108 171
95 215
17 89
43 228
207 228
90 158
184 234
147 181
87 114
92 105
1 184
173 241
142 154
21 190
19 174
38 185
75 110
36 146
79 193
173 177
34 35
87 218
65 138
14 25
14 154
28 158
100 238
63 66
166 192
123 163
16 91
104 211
132 229
79 185
47 180
91 109
20 33
26 157
24 166
36 179
134 179
171 196
137 164
210 237
174 236
66 145
4 83
79 108
179 189
36 202
10 62
208 216
43 79
58 79
125 183
115 127
35 57
61 74
164 195
49 229
144 210
45 168
53 215
38 47
122 241
55 162
20 242
26 224
43 167
49 116
21 160
69 70
92 147
117 162
17 21
11 193
45 63
50 234
42 245
39 234
123 164
26 172
124 228
15 171
20 125
126 212
41 229
7 59
112 235
62 114
165 168
104 195
125 161
126 239
107 227
131 133
17 104
13 162
15 26
152 198
143 207
21 145
70 130
105 121
1 137
34 140
193 237
45 159
148 151
11 191
67 81
164 173
54 234
90 145
84 106
106 157
79 176
20 77
44 113
112 181
32 230
62 137
14 91
181 210
24 77
6 205
13 197
162 230
49 124
75 91
59 243
87 103
10 230
82 152
158 213
164 243
74 127
134 181
144 173
63 239
70 132
104 145
143 238
52 241
129 195
14 54
5 178
40 46
24 98
192 230
84 165
101 219
67 86
68 107
110 226
42 203
69 225
194 218
24 68
16 165
121 197
46 72
35 207
165 214
70 87
150 210
49 81
38 204
76 214
39 154
118 235
60 85
56 201
1 116
10 216
49 147
115 239
44 52
194 235
220 221
25 229
58 59
190 245
61 184
63 223
8 168
97 143
28 41
48 186
58 80
17 225
134 188
54 134
134 207
39 225
112 151
29 55
60 211
65 168
62 150
11 20
75 228
176 192
169 205
34 235
86 192
59 185
66 74
100 237
54 193
105 205
218 228
32 50
33 181
7 229
201 211
56 200
73 97
115 147
116 175
30 49
231 237
83 210
142 218
16 49
213 236
13 137
188 228
49 232
17 202
16 160
140 236
137 202
96 167
13 99
14 34
182 226
60 95
16 88
77 90
40 42
27 102
150 186
84 135
166 167
90 210
21 161
221 225
111 199
172 177
64 208
149 188
54 106
53 54
161 164
46 194
75 85
9 153
89 161
44 84
14 78
145 204
5 172
112 176
28 130
88 230
102 151
62 144
36 68
21 138
20 142
14 201
150 244
87 127
139 218
192 217
12 127
127 137
3 242
44 236
39 146
114 242
168 219
29 63
98 151
36 114
114 239
109 206
37 44
48 67
9 15
94 103
13 112
118 133
14 239
96 221
162 211
4 134
40 44
57 230
57 238
87 188
3 26
90 196
213 232
150 194
12 183
88 157
82 217
44 66
142 155
50 59
179 227
142 162
84 93
158 168
59 213
121 144
53 72
190 226
145 170
134 138
108 198
131 234
167 242
9 135
55 65
111 200
139 148
169 173
55 180
117 172
89 170
52 154
167 230
32 82
5 220
2 145
97 176
72 241
130 215
69 87
76 171
131 132
17 86
133 224
26 51
15 167
7 8
196 223
64 211
225 234
127 143
152 180
95 244
77 162
170 239
14 135
54 85
62 174
7 111
60 212
149 219
2 92
52 224
75 235
14 216
143 198
178 215
56 160
116 183
52 151
0 24
64 74
27 235
39 207
43 97
168 187
127 164
79 124
56 178
110 215
107 116
164 234
47 49
99 162
16 157
56 112
16 117
67 215
189 236
21 127
153 155
54 188
21 113
45 155
57 107
179 213
104 155
107 135
163 244
31 186
70 241
62 197
171 211
169 186
119 162
160 213
98 145
32 202
75 212
105 224
128 178
118 196
9 150
191 219
4 75
15 57
43 141
10 80
176 243
60 184
114 146
87 122
34 151
68 167
11 49
19 155
27 29
21 239
77 219
144 171
112 113
116 214
34 70
71 238
11 63
74 106
3 196
210 212
2 130
27 166
3 233
225 244
18 221
24 105
132 139
161 184
69 201
28 99
91 215
195 240
3 232
34 79
42 207
1 47
162 198
6 186
12 209
8 216
191 244
23 82
129 220
70 233
148 189
29 152
136 177
69 227
61 94
155 169
31 183
187 219
217 234
117 190
110 127
128 140
29 47
124 173
84 126
82 218
60 92
45 167
121 213
8 79
9 230
11 115
154 218
180 244
95 158
75 239
58 239
50 51
138 212
138 142
42 57
30 162
15 191
19 119
56 237
179 192
187 221
3 105
170 175
36 51
24 36
92 230
56 184
70 135
33 169
21 197
80 145
46 101
100 189
24 217
101 218
51 53
44 100
67 217
110 128
136 184
23 84
11 157
163 242
132 216
208 212
0 172
84 163
67 79
15 197
126 166
43 80
132 137
148 155
110 147
34 131
126 134
146 220
216 233
7 144
27 96
33 215
29 108
148 167
62 192
7 148
48 194
6 218
4 219
77 185
62 134
0 152
123 188
109 133
17 63
59 71
86 131
136 210
202 230
53 217
116 156
1 58
78 226
67 177
14 122
94 131
3 55
67 227
19 150
69 235
65 87
33 149
45 189
122 154
103 215
117 129
47 132
190 207
46 108
70 101
140 228
108 187
101 112
125 195
14 162
58 63
203 220
29 46
103 153
193 242
76 189
78 139
9 209
179 244
112 214
160 224
61 212
12 44
61 154
102 210
17 43
32 162
11 89
56 106
120 148
188 244
12 230
121 164
22 73
12 180
229 236
218 229
150 215
172 241
99 209
40 176
154 242
170 188
17 107
152 214
34 240
91 176
71 108
67 190
45 113
139 207
92 198
83 212
166 240
1 102
132 145
109 126
18 243
119 124
83 148
12 217
53 150
11 222
14 52
131 229
16 89
135 237
4 32
38 50
61 192
21 40
43 229
108 210
1 179
72 216
3 183
31 50
76 84
91 192
35 96
147 156
47 169
120 238
122 125
133 176
86 237
67 222
174 196
178 241
53 142
11 154
35 124
75 184
95 177
4 154
26 41
23 113
72 75
35 184
15 127
71 85
111 130
161 183
115 179
188 229
183 197
133 207
9 90
110 230
209 210
52 206
205 207
19 132
149 191
112 231
78 101
17 157
22 181
73 102
3 150
107 233
54 129
4 233
165 193
59 160
175 237
123 214
1 193
95 172
37 113
50 235
106 181
131 144
88 130
48 103
6 153
108 139
7 237
35 218
79 197
94 237
150 208
58 215
69 205
43 212
11 150
28 109
61 72
27 188
40 78
49 110
185 240
29 194
171 175
199 219
239 241
80 111
57 73
78 87
201 207
119 172
15 233
212 242
27 221
30 143
66 212
40 83
149 235
129 136
120 133
90 200
223 227
33 76
64 155
127 149
1 122
124 171
204 239
12 64
107 242
0 28
134 191
55 112
15 183
20 139
25 85
48 106
152 236
67 157
82 144
72 192
13 106
40 166
32 48
12 199
8 42
94 132
40 73
97 153
179 223
108 215
34 78
78 176
120 199
15 112
58 96
127 167
104 132
45 117
34 153
162 171
22 234
86 244
87 113
0 236
74 152
190 234
29 34
55 239
68 75
173 233
42 230
115 241
117 163
158 200
99 161
0 178
153 206
25 64
35 50
64 180
64 89
17 135
28 101
105 126
10 124
118 226
59 215
61 73
80 124
61 100
108 131
88 172
68 195
41 103
20 62
58 170
154 191
22 213
7 35
51 165
126 169
59 89
33 89
76 112
61 136
61 130
201 226
25 116
59 75
32 83
80 104
90 137
0 38
64 82
138 179
58 143
182 236
177 222
50 112
191 238
23 179
131 193
126 152
71 212
96 188
108 204
101 130
92 151
59 165
89 166
99 135
98 189
18 117
171 174
141 225
143 204
50 229
192 227
100 228
1 19
183 185
20 82
18 149
104 240
130 147
101 118
101 241
17 156
87 99
134 237
118 129
5 85
59 202
145 164
35 244
139 152
10 225
102 226
19 54
99 173
66 95
155 177
31 55
31 156
157 202
13 56
118 220
171 244
5 182
117 225
23 139
157 167
65 239
122 229
96 141
5 190
57 138
137 176
141 187
217 229
158 190
145 229
23 173
116 202
154 197
185 205
118 154
11 72
168 208
41 148
45 66
75 236
9 188
6 97
41 50
229 237
63 130
5 66
27 131
23 57
183 216
107 208
42 64
79 162
22 140
5 119
100 135
93 195
39 220
31 74
102 223
37 164
70 218
52 153
0 141
156 174
82 96
145 185
17 109
89 196
113 212
125 227
64 160
166 178
4 160
99 149
54 120
62 91
127 196
131 238
6 112
236 243
46 116
19 234
26 27
127 221
27 114
203 216
28 179
96 130
57 136
175 177
34 164
117 124
2 155
193 209
30 193
87 166
1 5
169 177
186 207
219 231
60 195
86 179
105 204
120 157
48 209
83 86
20 239
75 233
31 37
181 229
103 146
9 47
53 78
145 154
60 244
94 125
61 138
52 123
91 111
155 191
63 182
110 176
133 138
78 207
145 174
119 175
47 127
17 128
84 220
96 200
66 179
55 99
106 160
53 145
119 142
132 152
17 234
30 171
31 160
152 203
44 120
93 151
35 166
0 62
155 187
114 162
59 174
64 167
120 126
77 111
146 223
19 175
139 164
42 215
152 202
76 187
27 213
148 209
150 172
146 186
166 209
50 214
24 121
1 229
78 132
94 240
122 144
11 42
38 214
2 124
42 111
101 117
38 107
18 102
26 226
65 158
122 202
141 163
76 219
129 221
73 226
39 133
142 233
89 115
104 203
155 238
92 221
94 130
95 120
200 238
60 165
30 32
28 211
59 229
166 235
25 125
46 152
142 240
2 29
159 200
44 152
77 155
107 177
83 94
7 156
6 37
22 230
6 103
155 200
98 223
72 205
103 150
129 196
56 122
224 226
26 153
200 223
81 216
107 199
73 125
132 173
7 168
196 219
162 207
29 96
2 19
74 219
100 105
30 209
51 68
112 116
135 208
5 199
33 179
17 77
95 132
15 226
17 106
155 218
18 160
31 43
174 230
103 201
187 200
164 196
18 28
179 184
97 213
168 197
35 163
16 30
188 235
23 209
143 165
27 154
15 75
109 185
139 171
0 107
53 134
133 135
104 202
96 156
80 197
48 79
47 80
67 121
28 144
18 224
115 153
84 175
42 106
220 224
208 245
80 102
104 112
77 123
63 225
30 172
37 49
110 175
116 229
3 151
3 19
198 240
15 222
55 168
133 144
231 234
140 235
148 244
15 186
17 187
173 222
151 225
149 245
82 167
1 158
181 224
12 237
142 230
34 48
137 238
41 152
30 154
29 92
56 78
98 168
7 215
128 134
113 152
140 224
97 212
37 45
158 177
162 223
56 174
147 208
87 243
5 27
87 214
130 233
182 218
40 187
71 126
25 243
16 42
24 218
127 200
55 127
27 212
178 238
57 111
81 163
45 200
70 177
18 180
173 199
130 185
114 152
63 70
134 204
63 222
68 87
169 170
77 97
187 194
15 111
82 232
30 176
28 199
153 216
56 86
116 180
112 233
6 175
43 185
70 228
85 202
161 223
185 214
126 162
198 242
110 237
113 136
48 92
135 216
128 139
91 213
127 228
101 186
70 89
73 224
90 147
226 227
123 196
65 244
36 98
130 191
45 70
118 152
180 222
29 50
72 193
75 161
41 241
172 215
44 240
108 140
123 165
15 210
22 83
137 220
62 77
24 69
39 80
190 232
120 209
72 212
16 121
16 181
128 152
17 96
91 170
12 28
184 223
28 221
15 204
45 181
62 76
155 237
7 176
65 106
83 220
95 150
18 101
97 184
27 82
173 176
71 122
29 150
49 166
34 112
51 245
42 120
156 232
72 190
32 89
99 113
76 79
129 133
90 208
128 241
109 192
39 92
144 164
24 114
98 123
76 239
100 136
84 108
128 243
131 184
42 94
87 202
50 199
10 242
8 125
37 190
22 101
78 100
39 143
101 203
19 116
131 227
14 63
6 69
147 172
89 98
105 194
19 210
22 94
84 176
5 78
9 117
74 196
162 234
130 144
49 216
165 210
181 185
127 140
214 230
106 232
60 79
142 196
145 202
57 86
28 235
100 102
23 240
73 228
52 234
46 81
11 56
12 14
73 236
43 240
0 167
6 72
123 211
58 88
113 224
54 174
86 141
20 103
39 188
92 244
57 63
6 146
56 177
56 220
142 202
42 84
34 53
17 90
13 157
41 154
41 111
19 216
67 194
147 202
16 107
145 148
188 191
45 69
188 223
34 207
119 120
48 73
215 224
13 118
13 156
130 160
105 239
149 225
40 57
67 231
42 102
1 107
19 36
39 79
121 165
85 180
151 236
74 200
31 116
119 241
10 63
38 219
189 208
143 242
54 194
13 127
19 125
50 58
135 212
7 26
2 177
194 219
55 236
57 203
28 137
73 235
12 190
63 233
181 209
40 77
141 194
42 70
165 229
24 103
119 243
107 236
189 191
22 131
6 12
26 138
156 213
69 72
18 155
44 244
163 174
16 188
158 196
112 165
101 209
41 226
54 167
128 155
129 216
62 86
198 238
122 244
84 188
66 70
142 227
6 34
166 211
52 79
69 89
107 184
185 235
74 181
99 140
52 61
151 224
67 224
181 191
96 166
98 220
71 174
31 101
103 214
73 143
47 110
69 152
73 104
85 245
46 102
99 219
22 58
39 134
4 101
63 127
60 161
70 114
20 229
34 86
156 214
72 101
212 215
137 188
80 213
38 63
43 231
62 219
31 145
146 206
55 198
7 190
54 93
181 226
18 91
210 228
11 186
72 113
3 216
92 180
1 228
13 35
59 208
145 159
168 174
105 124
144 146
3 164
47 65
170 202
84 153
181 205
159 174
63 144
120 127
150 212
47 126
7 245
103 236
35 217
155 161
75 150
34 119
77 154
18 187
184 226
9 115
147 164
63 123
107 189
36 101
129 179
58 70
71 156
72 198
101 103
170 224
63 234
66 123
4 177
33 120
91 131
86 111
63 154
47 220
127 192
3 147
2 59
55 146
129 137
125 184
97 113
32 128
193 204
68 209
74 242
59 205
8 169
10 109
116 117
15 188
88 120
159 216
163 173
44 79
113 141
11 188
117 118
10 97
22 84
2 73
129 176
35 78
77 99
81 113
36 149
5 29
67 170
42 180
84 111
127 177
77 79
120 216
61 243
87 145
111 204
193 239
202 236
97 108
36 145
41 94
114 170
12 63
29 185
69 133
43 148
8 129
160 238
152 225
47 76
138 219
71 100
97 235
75 193
109 210
23 78
60 106
144 162
24 134
24 138
88 124
167 177
13 209
24 135
82 95
96 245
69 160
28 227
52 243
5 99
24 178
35 183
13 75
211 242
72 112
186 206
33 64
38 216
6 10
137 201
22 59
138 206
102 229
50 80
5 155
100 155
72 238
49 195
26 98
119 220
115 175
26 130
32 104
12 47
8 43
116 177
54 127
172 202
80 171
17 172
145 237
64 178
122 194
97 117
68 155
148 231
110 145
25 153
177 221
149 185
48 116
99 164
128 221
174 211
145 195
87 107
7 25
6 236
13 76
62 153
1 17
39 91
48 226
95 231
14 85
126 237
38 114
138 193
36 236
84 177
108 121
3 122
7 118
143 227
162 206
100 195
10 121
190 208
60 75
62 107
17 26
44 64
45 95
60 120
147 170
166 239
60 108
201 235
51 185
145 146
98 181
14 75
87 198
29 88
48 95
212 232
27 127
24 228
56 113
209 232
8 233
50 233
94 238
1 220
46 158
153 223
101 143
158 182
220 227
68 160
53 168
9 65
208 231
100 219
8 147
28 114
54 241
134 151
132 224
33 238
224 238
127 150
94 243
26 161
51 98
3 130
84 218
175 210
21 236
72 151
100 240
134 224
38 133
99 121
219 221
77 172
110 193
85 195
28 50
91 119
1 105
170 178
22 52
136 237
86 175
55 141
54 125
97 181
195 233
78 185
37 174
52 91
30 129
97 238
150 155
48 205
55 68
204 228
19 87
104 118
109 232
178 192
183 194
138 165
128 209
137 243
47 86
14 187
73 204
27 185
224 243
183 193
128 240
63 118
28 117
58 234
74 100
231 241
157 229
99 237
59 173
64 181
27 56
117 153
68 218
116 237
27 135
150 214
109 186
152 191
7 161
150 199
34 146
75 197
79 139
8 210
195 227
209 213
2 242
13 205
66 167
33 135
28 226
151 223
36 38
53 65
34 222
217 222
193 230
6 31
42 222
187 235
18 65
124 187
11 159
7 221
123 208
69 240
150 204
13 153
62 205
35 101
30 181
120 143
144 194
81 184
12 23
103 147
52 161
26 31
15 117
212 213
96 171
75 176
98 172
126 149
3 107
42 226
33 122
36 83
50 61
69 98
95 176
140 197
7 165
36 133
5 72
16 195
12 222
36 71
128 212
27 89
37 205
167 191
9 134
67 229
86 210
150 209
184 218
229 233
102 220
22 212
70 139
34 69
45 227
93 130
23 71
66 217
177 232
68 81
43 207
77 108
29 187
114 147
178 236
122 235
85 238
217 243
113 154
120 210
14 130
140 223
35 201
149 156
63 148
59 183
79 105
227 231
42 162
2 7
33 168
52 81
147 225
107 224
21 123
94 111
101 235
3 223
151 205
141 236
58 91
149 155
50 179
20 131
31 215
5 230
63 240
52 168
172 174
120 208
17 61
86 151
68 117
82 233
81 198
0 21
101 204
189 214
32 237
131 151
48 113
80 174
118 221
17 237
141 173
85 244
135 197
111 240
1 162
147 169
53 216
42 190
71 235
8 114
49 190
55 56
26 36
44 135
10 94
63 115
140 173
198 213
9 36
40 47
89 233
0 103
116 123
12 38
4 63
42 125
29 173
118 146
33 197
1 180
131 183
73 213
48 108
51 205
23 157
78 130
116 159
223 226
104 159
36 132
69 194
96 172
162 231
121 183
40 189
7 30
2 139
22 120
14 167
36 151
22 45
233 241
60 112
2 198
4 31
6 7
211 225
41 157
29 41
28 209
115 201
38 225
52 175
118 127
48 219
156 239
70 90
103 149
44 60
60 125
167 178
71 223
41 90
85 211
71 154
121 167
83 206
140 176
131 146
49 173
127 134
46 60
56 222
59 235
1 99
215 237
79 80
55 172
171 173
44 98
79 167
28 203
85 234
52 110
58 158
138 192
85 175
117 174
8 102
169 194
10 235
165 204
81 204
17 37
134 161
100 211
17 160
56 76
35 181
125 203
132 235
104 226
123 182
150 176
161 198
122 163
131 172
119 181
112 141
49 215
8 171
53 244
97 245
6 147
14 178
17 142
30 72
171 235
25 164
35 125
9 183
8 183
90 202
41 225
68 232
7 64
24 74
11 79
174 210
93 173
52 147
45 134
188 240
108 117
1 64
227 245
126 189
72 206
27 70
183 217
17 139
65 214
41 121
161 208
33 186
161 244
40 240
9 228
32 203
20 165
6 43
97 114
142 152
29 125
163 177
172 242
192 225
70 88
60 86
23 136
8 124
36 45
114 240
143 177
30 184
43 230
41 222
193 236
15 208
132 141
179 199
70 158
10 194
12 229
25 237
35 140
89 224
47 199
48 229
79 225
171 205
105 202
84 221
64 223
57 104
80 176
65 176
61 104
16 137
99 214
43 73
49 111
54 219
199 203
24 171
47 115
179 220
178 212
179 182
184 240
0 13
102 112
203 226
106 194
157 192
129 165
135 188
31 192
17 191
172 212
48 164
53 111
112 172
201 218
177 216
21 28
139 168
107 112
225 242
203 219
39 88
33 222
114 230
190 214
4 195
132 164
112 163
58 178
197 206
191 200
17 132
99 198
28 128
180 236
128 177
13 140
163 229
97 98
91 174
13 65
24 108
5 45
25 148
112 179
122 184
36 215
37 184
46 221
70 185
6 219
125 164
6 94
58 99
69 102
172 196
200 232
63 189
111 218
74 111
73 219
11 125
49 234
171 232
64 91
114 181
37 85
104 177
71 163
99 100
77 104
44 110
16 221
32 120
47 130
114 158
78 159
99 145
146 211
13 29
10 228
50 115
134 221
35 169
94 121
102 124
42 151
100 192
12 118
127 162
71 145
200 240
194 212
174 218
10 193
122 142
92 208
34 144
24 25
121 152
85 212
49 75
17 103
184 230
45 77
36 130
28 48
43 200
48 193
111 120
140 222
73 164
193 196
23 222
50 146
132 212
32 79
85 142
2 23
13 48
4 19
187 204
160 191
3 45
28 121
15 136
52 149
6 114
8 229
190 236
20 75
205 206
5 219
119 127
175 238
94 99
81 149
122 239
70 99
111 124
206 235
181 218
34 155
69 153
127 209
4 224
62 178
173 186
113 158
43 91
196 238
41 237
226 235
102 137
7 110
117 242
58 160
59 204
149 202
20 72
80 241
96 131
156 169
142 178
63 198
103 210
27 194
135 227
39 194
95 156
39 99
143 145
14 218
81 194
25 159
143 180
79 241
36 127
150 207
122 152
73 179
70 156
96 225
97 174
59 132
46 201
230 231
126 231
162 225
135 157
57 245
187 213
9 192
78 126
63 214
6 59
221 231
95 167
16 106
61 146
98 228
12 224
30 178
163 232
53 189
172 243
110 184
16 36
162 180
38 152
60 70
9 63
29 218
52 117
160 180
20 44
115 162
63 193
19 143
52 173
171 181
32 215
84 215
135 140
38 119
122 198
137 203
10 43
30 168
3 173
70 244
105 108
74 117
95 124
106 185
102 157
98 144
32 72
125 235
100 243
42 181
32 211
98 216
12 134
98 106
19 194
201 208
52 214
144 158
199 239
1 22
52 125
64 238
90 93
136 208
46 77
148 149
72 103
71 109
105 157
149 216
68 203
130 132
105 116
106 178
85 239
0 244
72 114
34 57
0 36
70 243
140 201
19 179
14 138
88 154
40 98
57 61
178 190
178 181
63 216
67 161
71 159
32 219
130 131
36 126
57 177
204 216
44 172
39 69
90 134
108 116
15 55
35 103
93 123
135 144
68 101
101 217
93 169
47 242
88 119
120 200
35 195
88 188
67 118
61 152
18 61
78 144
181 233
197 232
92 242
68 239
43 210
79 208
23 120
152 239
22 110
46 170
119 234
134 137
201 239
41 235
114 134
128 222
57 146
68 216
152 245
13 59
66 87
66 225
108 155
119 153
124 226
182 241
17 45
72 213
93 244
93 191
158 165
34 105
17 112
91 122
128 172
90 91
86 134
16 40
184 228
16 222
38 193
34 82
88 185
56 155
184 188
5 20
58 168
113 134
60 66
152 187
67 216
86 148
111 175
42 229
119 174
14 206
18 192
61 143
52 57
20 228
92 194
25 183
67 181
76 82
90 174
12 97
31 69
159 221
109 117
143 155
94 185
206 245
149 223
92 170
39 94
111 134
83 159
45 71
44 196
22 144
16 84
67 214
44 169
35 117
76 106
30 31
34 126
149 178
170 210
144 160
58 156
124 245
23 126
106 199
215 228
202 228
75 118
14 177
68 114
23 208
28 86
0 229
89 217
14 96
154 236
61 83
95 185
7 67
105 169
189 211
74 119
11 83
46 199
105 135
107 190
91 139
52 66
43 92
160 211
194 236
27 52
60 240
42 240
92 177
83 217
106 152
102 202
115 240
65 127
45 204
3 204
82 178
45 174
32 76
60 104
32 132
66 207
220 243
5 204
59 158
54 91
62 225
34 217
15 53
159 202
122 128
4 152
79 118
121 178
16 123
50 97
96 143
131 163
70 93
38 69
70 219
89 192
140 213
49 149
58 179
3 221
104 231
78 119
13 54
31 223
23 150
141 245
130 141
31 174
99 168
58 92
119 179
60 88
187 218
132 159
113 227
73 215
9 136
95 107
103 208
8 38
18 185
36 72
25 193
82 127
20 92
102 233
144 200
14 204
98 203
47 160
66 98
9 197
137 194
90 183
93 224
41 200
97 131
11 67
7 24
174 224
97 128
57 234
95 196
114 126
104 134
50 177
35 68
32 80
147 230
147 207
17 49
84 118
47 53
50 167
14 171
3 35
74 138
24 72
185 213
81 188
9 116
90 115
118 139
174 191
62 111
25 47
115 203
20 30
134 244
50 136
79 200
39 155
12 126
185 237
39 173
142 201
193 240
60 89
36 79
40 81
135 243
24 67
61 90
85 176
130 151
112 194
37 52
10 56
46 238
25 100
4 215
60 87
45 183
30 237
31 124
15 60
124 176
44 161
150 219
6 230
59 74
41 196
9 207
4 45
52 95
93 208
116 244
71 190
103 226
17 171
2 113
17 197
152 231
28 242
113 143
128 234
164 185
37 146
20 66
172 187
60 226
40 132
23 111
115 230
37 157
32 171
23 116
19 64
24 33
25 83
79 214
71 146
92 111
155 227
228 237
133 173
121 146
97 112
243 244
67 184
150 161
123 171
137 178
98 156
206 243
30 55
53 69
88 218
105 136
62 109
159 225
101 216
195 245
131 139
29 207
173 220
40 141
6 52
80 169
197 228
116 238
3 215
20 207
109 139
3 62
33 209
12 179
3 220
119 188
41 172
158 188
40 200
72 222
171 212
5 6
2 200
7 17
66 205
25 157
99 131
185 197
157 207
169 171
60 190
151 194
80 92
147 190
83 101
184 215
42 223
10 64
67 140
91 185
89 226
181 203
9 106
56 118
91 142
99 126
141 203
1 210
137 144
39 169
135 142
52 92
14 26
122 188
116 150
15 109
106 146
51 176
16 126
200 215
199 232
27 128
169 242
168 203
12 105
39 43
214 216
174 186
90 130
166 205
18 110
122 143
20 202
0 135
76 185
69 156
93 102
30 110
74 89
199 226
43 237
218 241
98 110
19 230
34 107
96 224
4 124
82 236
134 222
45 125
175 240
165 176
112 169
18 104
90 141
226 241
50 164
21 217
184 229
81 201
48 119
34 40
156 179
53 218
39 242
128 132
154 162
74 148
46 183
153 165
26 207
11 225
157 220
15 158
174 235
58 167
203 240
55 103
135 178
148 205
109 241
111 176
163 191
97 194
5 113
18 174
16 21
48 83
57 137
214 233
72 191
21 185
117 204
2 234
125 155
55 119
138 168
142 166
17 80
126 186
176 213
98 187
111 243
15 59
102 238
128 171
149 213
130 150
135 159
6 130
22 141
5 188
178 184
165 242
6 61
136 181
72 214
164 210
153 224
89 225
58 210
10 176
211 235
19 84
157 205
137 237
0 117
200 237
44 87
145 176
192 203
113 243
13 189
79 222
137 218
148 191
218 243
12 187
166 179
14 155
28 116
61 168
204 207
32 126
25 42
122 221
55 166
44 232
26 199
198 236
24 181
92 148
12 40
203 206
1 225
119 239
74 175
152 224
74 243
47 62
24 205
104 205
77 242
23 245
226 245
86 90
26 57
11 65
19 241
165 205
129 144
177 194
76 221
170 234
56 66
55 156
59 218
87 226
151 177
78 118
100 159
39 151
179 218
84 190
99 215
60 203
195 228
18 54
169 226
125 233
106 177
123 142
68 164
119 173
79 110
14 59
21 232
16 68
88 221
90 216
31 42
73 135
132 241
54 112
42 177
5 170
5 53
13 151
81 239
6 100
33 113
18 120
117 156
135 182
11 116
176 184
160 234
19 82
16 131
223 238
38 52
89 153
179 235
77 98
171 198
108 190
78 120
97 207
108 192
73 233
37 78
57 239
0 189
66 84
164 212
38 44
116 235
14 244
133 225
108 209
111 142
70 131
91 184
144 219
1 15
60 144
154 179
66 72
79 220
87 115
162 169
183 230
19 37
60 131
208 222
20 38
176 188
77 210
75 147
139 163
86 232
128 211
24 176
72 235
106 121
131 154
98 158
7 233
195 213
82 130
0 60
130 186
105 152
0 77
61 80
94 133
67 85
187 231
59 186
126 130
218 235
85 147
140 239
59 219
97 147
140 148
94 214
28 63
219 240
223 242
27 87
69 214
198 217
169 218
67 179
102 166
242 243
110 178
99 144
76 97
7 99
110 207
44 181
105 162
131 153
11 168
54 212
50 110
117 212
3 203
57 109
112 217
60 232
45 65
90 92
76 99
65 129
13 89
69 174
31 210
30 50
51 145
41 57
35 176
89 181
168 184
117 206
59 198
63 162
61 235
28 159
145 149
103 144
179 228
25 143
27 232
95 186
76 245
95 222
6 60
104 235
168 244
27 73
140 178
49 141
132 171
39 199
42 131
89 151
141 186
94 218
18 141
115 233
49 221
55 224
44 102
15 30
53 163
27 153
123 218
24 209
68 147
64 70
141 244
83 123
0 29
10 59
116 227
106 123
75 120
48 107
104 198
14 32
48 98
134 162
191 217
55 67
164 209
80 151
11 69
14 56
13 135
169 241
201 206
19 32
120 149
3 67
8 135
146 242
74 156
14 62
82 192
136 211
51 87
162 213
188 242
91 181
163 205
110 170
127 139
48 148
203 230
71 173
229 244
34 218
8 188
39 206
10 210
189 235
58 136
44 90
178 224
44 204
37 95
20 107
126 240
20 134
28 72
7 200
14 87
116 211
23 75
80 237
133 243
191 220
148 196
136 230
93 120
187 203
231 244
11 16
140 151
144 156
13 176
60 103
92 101
106 239
17 27
84 213
83 215
103 220
154 189
7 13
24 147
142 207
37 102
64 207
159 187
16 67
171 219
38 157
151 172
121 126
111 207
51 194
21 43
124 195
146 179
2 159
183 226
223 225
204 240
60 147
73 241
219 227
90 221
91 221
67 193
216 230
18 35
142 150
7 84
191 243
167 221
41 118
54 231
77 216
117 168
178 202
91 212
147 162
90 139
90 213
53 198
28 168
108 149
165 241
62 110
46 90
51 62
133 192
29 105
111 234
57 181
38 115
16 202
97 139
32 155
30 60
17 224
179 194
108 235
39 167
18 135
213 220
107 153
191 211
204 222
124 198
1 35
94 149
6 79
58 73
212 223
32 244
1 30
71 222
125 130
11 70
2 24
41 205
27 47
65 195
72 95
145 209
92 120
165 192
80 137
74 157
1 163
173 181
48 230
55 123
10 140
28 133
43 186
127 220
43 214
61 144
122 130
124 231
61 221
29 235
85 99
35 229
61 182
93 101
104 169
99 105
121 200
32 42
6 144
64 122
16 209
4 15
75 132
23 244
42 83
7 191
176 234
114 124
6 67
82 98
60 136
43 48
63 124
194 230
132 190
215 217
39 117
119 159
135 172
111 155
7 243
198 206
207 223
105 178
29 123
9 123
92 94
27 173
110 192
34 63
73 231
73 227
198 223
118 162
139 145
109 176
113 217
32 88
145 179
18 237
93 159
3 146
26 80
241 243
173 207
3 69
29 33
181 245
8 160
54 159
0 10
72 91
17 35
56 101
181 236
36 120
169 237
71 148
97 233
48 213
197 234
102 243
19 122
100 209
86 233
163 243
124 148
123 193
160 168
85 93
16 159
65 133
80 198
15 202
122 205
229 245
36 103
32 153
107 131
180 190
28 108
177 240
138 141
130 162
59 151
69 209
82 221
153 179
53 240
2 18
120 181
65 172
53 203
148 181
75 104
35 56
53 159
206 226
32 90
35 214
108 141
104 137
205 224
122 175
110 187
63 132
146 182
144 233
11 220
35 62
86 221
21 71
49 59
5 226
172 228
169 204
27 200
159 208
22 245
67 137
139 243
45 50
2 69
42 196
97 160
149 184
8 241
38 126
140 241
34 123
78 81
138 243
51 220
122 219
3 169
201 230
135 185
35 148
164 175
138 222
12 78
134 195
11 217
123 169
165 238
119 122
61 229
71 230
113 122
207 214
48 166
26 135
19 72
52 104
27 214
94 233
31 217
105 175
13 88
74 208
95 135
34 182
181 202
38 73
179 239
116 212
69 238
87 164
160 221
39 49
74 232
122 181
123 170
0 7
9 221
53 59
95 174
126 221
214 217
26 64
108 183
155 170
26 166
114 122
90 112
151 209
52 179
156 228
84 208
57 125
45 58
117 214
116 199
54 179
84 92
179 197
198 241
53 202
5 128
80 227
99 211
52 237
69 78
114 199
171 176
72 156
147 173
48 242
86 121
60 202
145 232
211 237
96 135
26 128
22 177
93 242
51 114
70 71
170 197
45 198
120 194
6 138
54 186
41 133
196 211
27 30
22 111
25 73
33 129
16 76
197 243
62 234
136 191
53 87
47 120
179 205
126 241
43 225
6 70
92 218
11 57
31 201
167 176
49 90
37 244
28 207
18 182
221 234
82 162
46 83
23 102
152 181
167 204
69 200
96 148
97 208
77 205
15 201
167 208
108 191
90 199
30 105
37 116
149 237
45 135
78 104
47 145
100 150
98 184
46 240
41 191
103 225
201 241
79 138
91 200
52 114
4 54
141 183
27 118
19 166
12 188
88 174
0 136
38 72
132 147
25 76
118 131
67 71
24 159
155 230
34 115
80 168
101 166
174 243
150 228
124 230
181 230
16 244
62 241
126 161
61 145
51 147
163 239
107 244
2 107
39 95
90 192
164 194
86 97
18 233
151 179
194 216
143 234
69 241
26 49
3 195
149 217
141 233
60 234
72 217
72 167
25 201
29 228
34 159
133 151
31 113
133 187
52 221
35 107
144 169
114 241
35 240
8 219
2 46
7 123
193 245
161 165
190 212
11 96
83 156
107 225
89 126
44 185
145 206
72 194
189 204
36 75
26 44
14 175
15 62
25 155
18 147
100 143
212 219
90 120
3 218
112 198
203 217
74 241
144 185
45 241
80 218
24 244
26 33
82 101
125 178
91 138
153 231
57 195
112 123
46 133
93 106
61 97
39 243
213 218
66 215
42 217
24 208
141 226
163 231
22 65
75 96
126 188
42 165
89 112
155 203
116 236
184 214
177 198
5 86
60 63
14 137
32 77
88 166
59 156
206 231
155 183
118 142
75 86
154 245
7 225
139 181
122 193
108 150
65 120
114 168
109 218
105 184
71 94
159 183
72 228
20 128
81 96
163 238
95 200
109 174
40 101
15 231
0 3
200 226
42 152
6 201
36 94
67 78
88 167
153 221
153 198
154 201
75 115
15 121
196 240
115 205
54 209
100 213
84 124
27 69
134 197
184 243
32 177
166 206
36 224
180 213
203 225
37 90
22 28
40 129
39 108
116 128
82 106
216 239
175 183
26 192
18 30
118 193
41 86
218 230
38 165
58 233
234 238
49 208
118 223
166 204
149 212
2 126
80 182
108 173
122 232
44 95
5 234
99 193
176 228
4 162
22 180
3 44
25 48
112 242
2 125
70 179
65 192
61 93
184 225
104 144
64 125
113 155
78 236
4 72
50 118
73 168
37 178
186 220
51 82
62 199
13 74
65 157
32 138
91 198
84 174
123 189
27 54
51 170
100 193
22 26
62 141
83 99
109 199
117 201
162 215
107 115
118 138
28 70
92 205
21 38
25 199
105 232
57 82
64 163
54 58
73 203
38 192
82 97
143 174
106 202
207 233
49 231
2 83
4 52
111 181
7 20
167 203
146 155
97 149
148 179
155 245
12 205
6 80
143 163
157 164
97 168
22 176
111 182
206 225
85 210
87 228
219 223
61 234
1 56
8 141
94 152
102 156
68 106
15 190
86 159
29 70
10 87
85 169
104 244
83 91
24 58
26 129
71 210
16 242
71 229
57 240
158 239
19 161
26 149
40 241
98 130
138 242
23 172
77 218
2 16
62 240
44 164
76 161
166 212
132 234
42 154
217 226
64 107
119 245
173 185
95 202
4 214
31 85
117 210
152 165
90 197
82 109
146 176
189 223
168 220
118 240
44 145
48 235
12 167
128 181
51 239
105 230
148 157
2 202
48 170
180 204
57 186
37 147
1 104
11 185
9 236
167 173
19 46
152 175
89 158
186 225
28 239
75 81
83 129
31 225
159 230
121 221
165 174
11 88
161 181
62 158
171 199
46 95
94 212
124 204
111 118
85 189
171 182
149 177
149 197
165 191
89 117
87 205
101 106
126 163
76 155
136 149
191 198
120 186
137 239
107 129
64 229
131 218
5 65
47 178
115 198
11 123
122 242
71 208
25 221
130 166
65 162
23 44
35 210
110 120
154 160
154 238
59 117
11 192
57 114
23 24
6 44
53 188
176 244
145 160
117 231
34 208
205 221
53 126
200 212
64 95
16 141
202 205
81 169
28 44
113 140
0 74
123 213
40 195
17 147
27 189
53 209
9 71
46 203
157 225
42 169
135 213
124 193
69 120
158 230
161 228
20 150
5 152
32 217
141 169
10 50
211 214
148 240
88 240
76 100
50 111
7 170
64 189
89 113
50 73
231 242
199 243
127 232
140 191
147 218
27 233
24 87
151 154
52 122
24 175
71 72
99 146
61 175
59 159
148 239
58 93
144 218
23 99
9 130
94 155
8 197
208 224
14 37
97 188
79 212
146 229
82 189
19 178
190 199
72 135
42 197
82 184
31 104
27 92
19 55
194 241
26 96
41 173
55 140
102 212
14 227
163 168
30 75
97 129
27 170
40 208
23 60
31 71
19 148
75 108
65 153
33 173
10 165
58 87
86 199
12 100
12 233
171 201
106 192
48 120
49 71
76 198
61 110
135 210
50 150
85 104
94 161
139 213
150 187
171 188
26 34
67 84
88 183
172 206
192 193
39 205
130 176
177 183
22 241
174 205
93 186
112 223
79 204
29 172
80 239
47 204
100 152
14 121
105 199
134 144
49 84
50 173
58 133
160 172
205 227
49 101
32 44
86 130
79 87
0 39
74 224
43 103
129 198
78 137
65 212
48 171
112 146
47 102
22 116
120 161
10 160
14 110
116 205
123 174
110 130
40 182
143 236
18 95
143 185
68 181
18 70
205 232
9 225
130 210
66 245
43 115
75 217
42 231
71 83
69 181
131 152
7 177
173 182
42 235
28 94
3 143
182 208
68 89
100 119
110 216
143 148
7 211
6 128
114 222
144 150
85 137
116 209
150 193
164 215
117 205
79 109
102 195
9 170
11 228
120 153
0 92
174 202
63 97
35 43
48 232
70 212
52 131
122 132
149 166
107 130
9 62
157 235
6 116
189 229
172 220
33 240
31 197
31 93
194 226
19 207
82 104
184 197
18 146
29 178
137 155
152 189
93 216
63 176
162 183
22 163
75 183
65 86
120 165
180 234
151 244
4 90
39 93
141 142
160 233
46 179
109 244
110 185
124 178
29 222
176 229
119 138
115 215
110 126
225 237
149 218
160 198
179 233
104 153
140 245
25 162
81 123
20 153
136 171
101 208
53 98
98 137
129 147
29 227
25 84
18 142
9 35
31 150
89 95
68 133
171 226
36 64
114 206
56 131
145 173
132 144
218 221
20 182
17 158
60 204
100 174
155 215
98 152
62 168
2 165
38 98
75 194
23 27
101 201
33 170
31 167
193 225
75 142
100 201
56 229
31 185
12 103
77 139
22 210
73 128
138 229
51 86
92 209
65 144
45 59
208 233
124 165
196 198
163 237
123 202
43 84
133 211
105 150
64 67
11 61
78 91
14 237
64 76
154 183
123 201
37 126
63 110
120 228
187 226
21 66
32 235
141 214
70 189
202 238
1 46
188 215
85 226
25 211
65 88
181 194
97 180
93 133
53 102
109 222
87 200
87 231
39 150
57 116
114 245
70 165
91 220
74 121
48 142
139 161
71 202
187 238
87 234
147 148
28 240
135 203
150 162
48 239
111 210
142 164
25 117
16 239
87 90
112 114
74 161
60 223
99 133
70 208
33 88
57 76
44 212
147 163
2 56
27 111
11 235
51 121
41 100
24 151
186 228
90 236
80 117
182 229
154 167
81 213
48 87
53 234
101 183
155 194
50 65
166 234
21 50
80 170
51 187
117 211
35 199
61 178
46 118
124 134
33 111
23 132
60 91
89 219
130 244
15 147
143 191
23 202
46 117
20 218
30 43
50 158
30 115
76 243
233 240
122 211
14 170
128 220
0 233
122 126
173 211
79 146
171 195
133 232
125 231
21 117
176 226
40 230
77 130
16 223
137 159
23 42
44 127
14 127
57 214
154 243
71 105
83 223
211 233
95 230
157 196
107 160
13 79
66 68
41 162
12 218
120 128
163 170
91 189
111 205
99 181
78 240
107 196
20 132
80 84
6 158
102 171
186 223
38 64
150 198
122 149
2 110
58 163
104 157
34 225
116 154
157 158
162 227
160 184
17 228
79 144
68 157
187 210
6 47
26 69
132 242
9 160
31 137
40 191
178 237
83 155
141 151
104 147
17 60
18 121
186 232
71 155
5 223
102 161
159 192
71 124
174 223
51 75
68 99
111 113
86 102
44 228
122 207
40 171
24 160
57 161
152 228
38 127
148 195
47 173
137 222
205 244
129 148
36 196
66 181
29 103
18 100
11 209
75 218
133 165
131 235
113 221
156 229
0 116
65 163
81 227
3 228
9 91
37 233
56 241
73 114
8 39
40 146
28 56
24 145
83 228
112 225
32 160
161 243
69 117
128 200
55 70
94 200
12 19
12 30
3 178
39 244
2 140
14 163
39 41
40 64
79 158
10 57
15 66
146 244
118 137
1 164
7 87
56 94
48 150
10 30
137 212
138 173
3 142
16 226
33 121
61 179
87 150
54 151
16 128
45 130
28 105
76 111
35 170
49 218
34 211
162 219
120 227
15 166
122 148
122 127
29 83
44 207
32 210
52 69
72 133
33 53
69 222
47 66
153 240
129 207
193 216
40 62
148 235
66 117
146 240
13 97
20 138
157 210
22 70
180 191
185 227
99 197
5 150
5 47
6 40
107 235
6 214
1 95
33 116
0 211
106 189
203 244
198 245
71 81
71 107
28 95
51 105
148 204
110 182
28 152
196 237
21 31
101 192
19 191
117 185
24 44
14 20
150 171
7 71
91 96
116 224
46 58
140 145
127 145
84 134
30 223
34 64
37 131
55 185
21 78
175 179
39 129
119 166
7 186
19 145
70 76
49 242
141 234
21 52
206 238
75 201
52 189
65 208
121 125
51 100
145 177
115 117
7 21
126 170
88 126
56 147
31 64
155 221
126 225
133 153
121 134
158 217
120 154
24 37
94 220
64 139
153 178
63 96
25 38
75 168
27 181
232 245
128 225
123 134
219 232
103 173
77 180
69 106
236 239
54 140
230 244
63 196
122 156
125 147
5 232
139 149
80 192
40 137
81 87
0 85
159 233
48 88
237 241
27 31
119 213
56 185
23 189
25 68
48 180
24 85
10 241
26 32
61 127
28 59
131 192
110 141
74 230
73 123
52 192
28 170
83 158
78 82
41 232
134 165
29 168
21 48
92 168
2 127
49 57
145 220
119 144
38 172
45 192
61 174
202 237
30 243
47 179
191 232
70 239
53 108
85 149
12 144
65 220
39 171
74 244
15 33
144 188
117 152
164 235
59 232
164 207
168 191
47 190
90 231
46 74
185 230
68 154
154 225
4 133
52 188
97 167
51 204
53 100
89 148
2 74
69 184
136 143
62 131
15 32
67 109
89 176
134 163
149 204
2 134
13 23
137 146
55 219
3 171
89 243
10 184
49 83
114 179
82 193
95 182
88 131
24 30
18 193
114 231
139 232
47 170
10 93
19 206
165 243
83 144
5 141
124 244
84 137
58 211
63 211
42 184
49 102
117 237
50 169
93 156
63 220
14 86
102 194
118 200
33 77
173 195
62 231
141 190
142 194
81 175
25 146
4 116
152 177
184 210
132 244
52 220
86 123
229 234
131 216
86 118
2 183
21 164
30 212
19 137
14 186
38 56
35 86
136 239
10 22
103 241
65 183
44 182
9 198
34 183
60 179
34 56
18 205
73 160
60 77
105 128
9 180
27 45
21 118
215 235
80 219
183 190
73 174
34 236
93 226
44 48
81 142
37 167
71 182
111 220
68 204
196 232
56 95
17 213
124 136
132 195
162 188
23 205
10 187
51 94
65 238
111 139
182 245
108 231
28 217
121 169
27 142
124 168
136 193
157 218
90 128
34 109
134 199
138 244
8 143
25 137
23 87
95 146
8 74
47 74
79 97
130 218
110 139
94 188
87 175
31 80
134 139
47 219
98 221
152 172
93 153
168 196
142 234
89 195
129 222
123 181
74 76
212 221
14 208
9 104
27 72
159 215
176 190
49 119
108 239
103 114
146 193
97 224
48 109
48 69
207 226
75 129
99 163
79 154
106 240
29 240
28 181
179 209
103 111
174 199
188 206
106 183
182 206
86 196
32 35
166 227
26 54
47 201
211 238
11 52
66 169
50 133
23 164
185 242
10 243
76 182
114 139
158 191
45 94
61 242
66 194
239 242
134 187
174 212
76 116
2 93
87 105
24 169
73 166
26 78
35 58
32 144
87 216
95 112
79 171
47 221
158 187
24 57
51 77
181 198
109 115
164 244
41 189
106 243
40 45
104 161
57 140
59 94
81 206
162 174
70 108
112 239
81 90
173 198
92 112
43 72
87 179
139 212
18 98
58 97
92 225
158 228
102 140
44 68
164 227
17 111
15 58
97 137
18 234
112 209
29 126
72 146
153 218
7 128
120 166
76 209
60 221
125 200
144 179
51 137
2 160
146 245
63 206
184 217
19 59
156 187
1 91
56 227
47 181
12 119
13 119
11 44
22 107
5 143
25 69
58 189
24 187
118 215
155 243
103 176
61 187
56 64
94 225
0 65
2 150
5 91
32 114
27 36
111 244
168 233
97 111
31 184
214 220
31 181
118 166
84 224
83 205
103 230
60 117
167 227
31 115
49 155
85 218
113 145
46 237
18 161
54 243
28 30
90 142
160 239
149 172
21 162
99 124
188 241
11 145
152 173
28 61
147 200
99 191
128 185
122 133
196 228
32 111
158 198
32 112
102 105
96 181
0 186
56 104
13 226
157 228
96 106
48 56
14 61
90 245
153 211
113 238
48 144
15 169
131 201
81 125
51 214
30 37
173 240
79 242
29 110
114 118
175 204
63 83
132 179
183 237
124 185
67 83
97 99
42 115
63 152
41 169
6 117
75 188
44 201
47 131
107 127
112 193
55 238
76 128
185 208
92 234
50 69
146 225
0 228
24 192
74 167
114 178
52 216
15 41
127 171
123 158
120 175
177 218
24 50
41 204
2 68
202 209
41 56
127 216
233 244
80 204
86 173
84 104
153 173
52 67
29 223
50 62
47 112
94 239
50 176
135 143
218 240
30 100
87 98
13 143
43 131
39 116
47 159
113 138
163 171
39 110
201 214
99 127
98 212
34 210
77 170
20 174
82 203
56 207
37 208
113 142
21 240
13 62
34 223
84 86
3 117
146 222
77 220
63 76
154 228
1 151
46 85
69 191
112 222
81 171
11 64
209 244
128 205
5 88
40 233
34 244
34 95
46 146
95 192
100 144
138 188
122 138
69 216
89 143
152 216
56 146
15 135
31 91
36 40
124 152
145 187
129 245
36 107
27 132
48 192
19 142
117 179
154 223
90 143
125 214
44 180
148 198
31 32
7 119
68 100
34 175
142 149
101 243
131 191
35 111
52 205
76 228
52 132
137 236
79 159
155 192
55 199
10 76
36 73
96 185
147 243
21 188
60 132
86 106
129 146
3 23
7 217
199 215
133 134
135 179
25 27
48 85
43 151
149 168
202 222
165 200
26 147
47 100
30 44
173 214
116 198
169 181
50 125
35 98
102 146
166 200
39 175
67 243
32 91
27 84
73 84
135 150
48 199
117 227
19 173
61 197
28 164
13 124
145 150
21 75
24 81
30 165
20 143
51 148
7 10
40 82
6 11
103 224
64 169
139 203
124 214
78 230
182 205
101 238
156 198
47 93
17 206
88 198
90 108
77 197
59 136
222 245
221 226
9 70
163 185
61 81
101 180
92 195
200 230
21 80
27 208
65 80
132 207
33 40
200 203
15 51
201 233
81 83
71 127
101 102
160 242
32 100
137 225
82 136
5 123
163 203
73 145
10 170
4 114
47 57
15 215
121 160
50 156
25 77
18 20
128 129
26 206
152 190
49 120
60 130
62 204
129 178
83 178
9 194
79 232
154 194
24 206
110 201
81 129
18 31
38 211
91 241
26 37
29 236
29 158
155 164
12 120
166 230
31 199
8 180
6 190
74 209
165 170
71 106
136 153
21 121
103 128
96 215
143 233
114 212
102 163
85 167
58 135
31 241
9 162
186 190
114 210
59 114
40 52
121 235
20 47
21 54
55 157
204 243
94 97
54 146
22 243
2 17
59 163
170 237
122 145
98 119
96 193
2 100
59 83
43 110
1 113
123 124
109 196
45 243
156 204
88 234
126 144
14 89
129 232
125 236
39 112
113 192
149 154
82 126
54 81
22 149
118 178
6 51
22 63
64 123
28 236
38 123
195 199
52 105
185 236
195 219
34 154
8 179
71 184
79 216
138 157
92 137
150 230
206 208
147 222
38 103
118 205
147 238
51 107
202 215
34 65
215 229
126 206
219 220
219 234
111 242
100 165
78 149
148 180
31 111
146 203
93 104
19 57
28 233
101 188
57 190
33 80
114 233
92 184
138 210
31 131
142 223
140 198
139 244
65 77
35 220
53 214
31 33
20 216
55 84
148 188
165 171
135 196
205 208
13 202
10 25
188 202
102 222
111 197
96 199
48 216
208 220
101 187
112 213
77 177
40 76
64 243
165 222
5 184
97 193
46 189
32 222
18 164
4 221
183 214
104 220
82 89
40 209
130 240
80 99
208 241
8 51
63 91
3 71
65 150
214 237
0 179
24 66
89 105
2 237
116 168
63 237
149 229
104 167
112 147
197 238
15 230
77 239
205 225
78 140
8 167
34 214
66 196
217 231
41 216
8 109
7 14
49 61
19 114
7 16
99 190
24 214
29 72
225 241
7 196
30 242
179 242
37 98
26 210
215 218
54 175
155 172
121 174
40 147
102 116
125 238
2 32
90 243
44 126
182 219
139 146
129 244
41 115
141 217
16 119
27 198
68 190
68 169
181 197
62 235
57 85
25 121
95 168
54 87
152 170
155 225
127 214
186 215
134 227
107 214
157 204
74 91
49 137
98 120
8 65
5 149
24 232
115 164
78 243
51 117
28 241
14 64
44 46
55 165
38 91
202 214
224 242
63 85
92 126
101 148
17 177
11 240
63 161
64 99
2 236
134 230
121 150
75 238
32 201
100 161
17 119
139 166
3 213
8 89
65 111
30 215
3 86
8 161
97 214
26 114
158 211
183 243
63 191
87 172
75 89
8 199
31 99
142 235
78 201
8 25
39 103
96 232
112 128
178 222
7 232
11 127
196 225
3 184
20 67
24 146
12 106
100 245
190 191
229 241
42 191
43 57
154 187
145 242
11 176
43 106
12 213
165 244
124 184
120 172
16 180
199 207
121 240
92 110
84 85
130 153
149 163
80 144
175 223
46 157
156 244
55 214
48 105
56 115
99 117
3 8
19 129
43 192
124 139
18 215
119 167
26 43
5 76
42 101
187 195
213 233
98 126
12 243
138 181
49 66
58 180
1 123
94 134
141 192
88 109
5 26
38 176
12 192
110 137
225 245
27 136
0 180
17 83
67 104
10 33
22 68
121 245
17 196
57 226
42 145
103 237
11 91
180 214
98 195
0 99
93 202
144 181
50 83
10 74
9 76
180 231
71 111
38 228
103 211
45 48
13 188
33 218
2 212
107 228
30 92
56 161
37 217
44 193
57 185
202 210
227 240
5 209
128 165
75 145
48 128
145 198
115 202
53 176
67 146
134 219
72 181
19 201
134 135
110 113
132 231
95 181
88 138
78 180
5 8
33 97
61 155
17 233
217 223
53 184
67 245
130 239
62 82
15 141
70 161
116 223
27 223
28 204
59 96
200 208
56 75
69 105
85 182
34 168
71 97
53 221
30 57
200 222
123 139
116 153
171 184
177 219
64 98
34 238
174 182
67 117
25 49
14 185
50 210
152 162
76 208
14 124
34 45
76 176
97 142
205 209
71 95
3 106
211 230
175 207
42 153
61 211
5 71
115 197
202 243
107 178
24 40
9 187
142 183
36 232
13 237
173 223
99 147
53 128
142 192
148 184
135 186
2 166
78 168
32 220
78 96
52 165
218 224
2 78
22 190
53 92
61 108
128 194
26 82
10 188
18 79
26 183
75 122
14 118
149 241
40 79
119 195
71 191
143 221
81 187
125 129
12 163
132 182
90 223
123 155
34 137
153 164
21 220
9 58
78 174
52 162
30 161
2 63
65 231
169 202
34 242
113 229
90 168
67 195
51 126
13 34
14 203
84 189
171 183
4 173
167 172
68 98
54 59
119 214
41 212
58 172
120 222
105 163
99 176
199 234
100 134
111 167
87 162
53 148
26 124
82 168
52 244
20 53
121 190
108 133
80 194
75 114
18 216
39 224
39 215
107 143
139 202
28 112
83 138
73 161
25 142
150 229
221 245
48 212
20 49
34 49
207 229
37 121
3 152
62 71
7 12
142 229
179 221
172 217
25 136
72 180
23 129
223 244
11 98
100 184
89 182
157 170
30 179
82 219
68 226
12 166
38 218
29 151
22 232
190 229
136 159
72 223
23 159
226 229
13 108
121 227
35 142
58 151
24 215
28 76
72 140
95 217
131 181
74 137
2 96
2 117
18 42
25 53
124 196
138 158
56 235
19 53
65 101
27 120
84 140
51 222
92 116
106 117
172 205
161 195
176 215
3 231
13 241
108 114
199 228
50 216
23 167
44 210
69 164
69 71
63 175
57 106
7 72
14 123
126 233
48 201
68 71
22 152
100 220
0 54
52 223
86 231
33 74
131 149
122 164
43 215
174 227
59 179
50 230
5 103
106 233
23 180
29 60
216 217
14 199
114 123
13 182
186 197
87 210
150 163
78 170
148 236
54 201
219 235
13 71
75 208
20 154
35 171
30 206
132 149
71 236
180 225
29 80
1 81
79 210
54 136
168 231
120 131
61 98
57 145
21 86
67 199
10 92
65 177
82 142
149 174
21 139
37 105
37 166
199 212
163 230
24 45
173 206
136 152
80 148
131 215
187 232
10 13
28 195
74 207
67 239
2 25
20 52
142 163
145 216
116 194
22 27
98 163
38 205
21 231
55 80
6 111
29 78
125 138
58 89
146 232
70 211
76 190
180 223
22 46
72 145
101 214
60 218
112 152
52 171
85 150
65 180
85 168
9 201
143 190
24 152
90 225
12 94
91 209
206 212
195 243
18 77
31 122
116 160
44 220
125 131
37 65
110 199
161 215
17 184
189 242
6 155
32 159
56 143
201 227
37 64
74 165
67 73
51 135
72 237
131 217
36 89
170 230
107 215
40 85
143 203
144 178
84 236
150 196
104 107
16 99
80 154
25 206
130 178
17 176
96 210
180 183
94 173
4 110
51 218
95 99
22 166
89 187
97 140
153 215
53 173
137 223
165 230
4 242
66 103
190 197
51 225
148 234
23 122
53 190
54 57
206 237
65 203
75 87
77 182
31 226
10 46
55 210
88 192
25 40
105 146
49 128
60 208
70 226
96 144
35 161
199 222
45 101
17 193
49 114
6 241
101 171
104 160
3 51
108 233
0 187
198 200
20 162
232 241
46 172
124 221
73 101
151 201
84 94
50 149
14 228
99 187
44 242
84 173
106 139
162 235
33 79
5 32
128 232
70 188
133 205
7 140
37 165
188 225
2 22
112 119
78 160
114 117
154 207
26 142
94 117
115 225
111 137
3 111
39 47
76 88
62 181
50 219
34 241
228 231
86 120
139 147
41 174
18 96
222 231
58 190
197 241
18 126
92 163
11 14
135 240
30 158
36 200
23 118
55 109
40 204
25 123
110 186
28 64
138 196
36 140
26 107
169 187
2 84
136 156
10 205
125 127
56 169
194 243
179 234
112 186
49 156
6 227
18 114
3 182
24 141
187 205
109 135
123 138
165 187
117 217
132 136
204 218
199 220
117 197
127 144
124 201
82 177
221 244
64 196
214 240
51 102
185 238
41 109
118 244
141 198
97 197
12 91
19 240
117 198
58 141
101 225
65 201
179 241
68 118
141 181
34 221
53 193
48 143
95 121
85 96
198 235
68 168
192 234
50 70
130 237
17 146
73 175
190 235
59 195
123 203
39 197
102 127
40 232
183 205
6 28
81 203
78 125
29 129
40 218
230 242
127 213
81 245
120 231
121 211
95 123
214 224
136 189
23 152
86 202
14 173
2 244
103 105
209 237
121 173
49 157
97 241
103 199
198 202
48 65
35 138
175 198
176 205
88 117
38 102
127 183
3 176
63 235
2 15
20 209
125 140
143 196
83 116
162 205
87 111
113 197
24 100
100 140
11 215
70 169
58 77
10 105
188 193
91 130
81 238
81 120
24 197
237 245
64 152
54 67
57 60
44 198
30 123
92 241
92 175
52 238
4 68
55 85
99 184
130 164
75 79
89 220
152 242
96 175
69 109
39 192
45 226
136 224
8 22
56 168
80 88
56 85
112 238
70 103
90 125
35 47
37 149
97 177
111 119
62 200
38 81
5 40
85 201
5 16
26 93
232 242
29 183
91 149
15 214
172 178
4 12
93 148
77 186
79 102
98 140
42 47
33 61
107 217
165 196
39 101
23 169
220 240
40 122
33 151
3 193
129 173
58 200
170 219
52 53
72 76
77 152
100 214
153 201
146 207
102 103
90 222
33 145
40 149
15 79
83 103
153 182
48 163
0 4
187 224
94 229
14 166
90 129
187 207
74 176
71 104
67 198
19 152
17 231
50 207
62 102
45 124
45 205
115 166
25 92
29 197
11 37
9 126
25 104
4 50
141 240
20 74
8 172
3 10
92 213
19 45
27 231
18 75
126 210
127 202
191 242
166 226
34 52
22 198
6 217
22 106
40 175
204 238
35 154
159 212
59 177
68 161
96 122
113 209
52 187
49 163
1 84
160 183
77 103
109 171
163 228
36 237
84 164
89 152
19 223
125 187
44 133
33 163
50 117
214 227
38 143
139 193
37 193
16 145
41 95
32 53
7 167
123 238
46 223
44 128
162 163
178 216
106 179
131 211
3 59
25 55
211 232
146 152
78 192
59 127
175 191
20 240
118 120
43 127
39 121
109 189
90 178
166 175
110 115
104 224
23 216
35 93
41 117
48 145
81 102
175 219
69 77
58 90
10 226
23 242
90 191
47 209
71 102
79 157
7 153
49 161
125 169
29 139
32 85
166 244
77 95
41 193
37 94
97 138
13 200
206 236
21 29
83 89
41 150
68 127
98 190
115 188
64 87
123 190
36 167
85 223
16 71
80 91
19 245
92 164
170 233
120 164
28 78
24 31
36 97
69 203
50 120
142 243
25 188
120 235
34 189
23 29
27 113
80 188
166 182
18 115
182 244
130 219
85 138
75 166
21 73
83 201
154 188
64 117
64 209
88 175
18 242
209 236
191 210
20 191
67 134
41 198
136 173
26 171
97 103
32 243
73 127
77 140
82 124
128 214
98 138
61 167
21 137
52 198
42 216
96 234
41 245
184 221
59 101
62 170
80 209
144 223
55 215
37 130
5 9
108 216
63 177
32 96
144 230
18 60
153 161
216 221
49 191
152 227
29 179
176 223
63 173
87 239
49 118
219 226
24 173
3 181
48 237
14 197
38 134
27 42
64 119
187 211
122 170
38 43
68 225
34 202
16 211
132 175
106 119
90 154
65 204
73 99
1 159
55 111
4 136
73 124
20 85
48 124
55 76
31 207
33 109
21 116
17 78
51 120
40 217
86 204
142 175
106 140
104 182
146 166
27 125
124 183
113 191
89 122
18 171
124 137
158 244
159 228
67 70
38 229
136 180
92 197
0 14
145 203
1 172
27 115
49 237
98 180
195 226
131 187
114 226
130 201
47 125
138 236
43 122
20 177
36 160
157 236
83 244
106 143
85 207
11 17
27 100
19 20
109 160
26 67
49 158
27 68
28 173
124 192
7 58
188 219
140 175
58 137
205 223
128 224
59 142
120 135
41 45
113 123
35 222
8 101
157 201
94 213
14 221
67 166
99 179
37 204
189 225
132 199
156 168
20 151
41 171
51 122
62 171
123 175
116 184
0 44
110 224
22 207
27 98
41 104
63 178
80 159
34 231
121 132
25 30
58 134
39 104
23 95
158 164
99 224
65 232
5 167
168 216
83 131
46 232
67 135
233 235
34 113
81 225
139 199
28 150
59 164
60 134
110 167
2 85
113 193
42 69
3 7
131 158
98 154
16 138
183 233
73 239
165 221
34 181
43 169
58 129
82 114
211 220
125 186
48 154
18 72
143 192
0 93
13 177
16 183
68 197
108 224
75 232
30 190
170 176
102 143
43 243
77 86
43 211
3 29
29 138
141 220
43 219
14 169
89 101
213 244
4 117
138 239
186 240
35 239
88 127
60 175
57 198
45 90
160 178
138 176
150 243
25 203
109 156
63 87
21 191
92 233
52 108
115 155
118 243
20 212
144 232
76 204
119 227
138 164
168 215
49 73
35 116
8 142
51 88
125 151
191 193
88 135
18 229
24 86
95 114
0 68
70 102
21 74
94 96
167 179
159 198
55 143
186 229
186 208
158 205
78 183
101 215
5 17
56 61
158 185
57 184
74 170
75 123
101 179
40 108
170 242
27 187
92 210
168 210
15 83
50 138
14 165
42 78
139 225
25 195
40 160
33 117
132 151
60 69
134 228
125 172
39 100
148 226
81 98
164 239
53 79
77 198
125 218
7 47
212 236
113 135
7 68
22 124
149 214
111 215
206 224
6 149
51 175
17 214
73 187
12 57
7 54
66 129
78 121
53 161
30 122
15 134
8 140
93 187
50 184
59 176
24 139
49 181
66 116
167 220
150 166
89 179
141 143
52 182
21 196
140 144
164 238
163 207
29 35
105 164
27 169
184 233
60 185
77 110
60 159
129 163
73 131
152 204
17 126
116 143
189 227
118 128
21 122
163 217
114 160
138 183
88 151
123 216
162 244
49 74
3 240
72 127
238 239
102 136
41 233
96 212
7 40
146 189
180 185
78 123
119 194
20 21
92 161
141 199
36 206
33 160
122 136
101 140
49 224
19 169
79 163
121 208
205 242
144 239
0 196
108 230
3 41
49 154
222 238
200 233
47 229
28 153
58 187
2 168
147 235
48 77
82 194
34 157
25 154
58 224
67 180
146 149
41 78
12 124
178 223
1 208
40 245
15 138
93 121
194 228
68 186
0 5
54 68
8 103
24 190
49 198
90 237
4 190
75 137
30 232
109 151
32 182
157 182
196 208
118 232
51 70
192 220
71 233
20 60
13 212
101 124
141 175
211 219
84 88
95 151
0 59
130 154
185 221
221 243
124 218
19 140
126 156
212 224
73 191
52 90
113 131
17 164
52 136
25 59
25 29
174 242
133 174
55 62
103 125
137 182
115 191
32 67
153 230
203 209
33 45
98 225
46 78
204 213
140 155
186 189
46 196
111 122
88 149
4 87
78 143
28 220
26 230
76 114
100 232
40 145
26 188
35 189
117 192
121 127
139 159
20 203
45 191
86 228
50 242
5 195
80 186
7 32
32 241
116 139
7 34
64 84
16 140
16 208
190 240
177 195
20 233
103 191
115 121
9 185
46 211
147 192
133 239
97 219
173 221
191 216
42 204
183 235
16 234
45 129
113 185
73 142
110 156
42 79
172 234
161 186
13 219
91 102
9 231
81 221
130 194
209 219
218 238
15 216
12 123
28 172
80 153
33 50
122 201
12 152
40 223
17 30
7 223
68 211
6 210
19 66
198 222
12 79
166 208
69 84
134 214
0 70
176 217
81 140
8 77
82 108
173 180
68 170
120 122
14 234
209 231
139 205
204 236
218 222
182 203
87 187
212 239
58 108
102 114
111 171
97 148
63 100
11 227
175 187
186 202
49 106
33 171
88 89
91 107
218 239
64 195
111 116
215 226
53 153
14 35
7 44
74 206
77 100
105 180
166 216
23 125
9 34
109 127
49 164
94 168
109 131
44 50
17 34
63 149
18 153
99 226
48 156
19 165
96 233
52 127
45 195
14 103
66 219
116 178
147 203
109 148
208 219
24 153
133 159
122 159
92 97
60 198
45 160
67 89
43 99
33 220
26 56
68 70
39 51
89 159
34 75
100 141
151 220
32 172
51 151
138 226
2 43
30 127
53 185
64 170
81 114
171 234
45 91
95 194
8 189
29 74
81 199
154 219
53 96
3 241
37 138
141 144
143 153
47 133
10 218
39 84
59 196
44 162
203 232
150 233
64 226
9 118
113 242
170 181
106 170
38 160
157 231
46 79
12 39
185 203
123 126
70 86
98 170
86 214
118 187
76 175
31 92
12 95
113 172
42 189
45 238
81 82
61 237
71 128
156 212
76 83
46 99
150 191
191 226
153 195
143 202
125 229
95 171
139 153
114 148
122 233
26 81
113 232
137 229
109 223
26 213
61 149
80 101
180 237
151 217
39 187
101 205
114 221
105 106
135 224
85 188
59 239
75 151
97 186
23 151
47 97
38 150
116 144
0 230
86 209
74 236
18 162
41 178
11 84
144 241
5 173
0 75
76 96
52 72
151 212
41 64
33 63
88 217
54 172
8 11
62 100
167 193
14 146
179 236
67 183
60 191
6 188
63 77
214 223
117 244
140 169
122 169
12 157
38 90
70 121
118 155
158 174
41 223
158 192
151 230
58 176
77 178
33 237
82 243
208 225
42 213
10 186
135 181
184 220
43 164
32 116
46 180
47 108
31 219
137 227
24 61
90 151
62 220
22 64
201 220
93 100
9 69
66 227
24 189
82 84
36 222
208 234
148 230
62 224
73 197
103 217
121 172
70 145
26 109
74 166
71 135
9 163
58 169
194 206
96 142
26 221
52 239
61 71
30 239
73 220
59 145
156 235
86 152
68 198
30 128
139 150
185 200
50 244
154 181
0 216
46 234
66 82
33 226
27 159
173 232
52 113
2 194
85 114
63 133
150 203
35 91
16 200
47 224
55 69
141 154
140 172
29 95
76 188
128 161
28 129
164 198
29 224
118 184
137 199
190 198
51 235
153 208
91 194
21 99
37 101
88 147
199 221
16 55
98 219
201 215
136 236
103 169
94 205
77 231
26 111
46 181
167 206
118 148
45 151
119 143
216 229
17 186
138 189
9 44
97 107
81 94
62 169
186 196
166 194
85 235
111 123
101 156
82 175
173 230
95 232
1 63
44 59
46 214
53 56
44 123
30 182
156 238
69 228
168 173
37 77
39 211
18 73
7 116
25 37
66 131
107 229
67 95
78 97
95 141
73 229
29 131
8 95
15 159
57 218
24 71
112 126
27 106
81 167
40 107
74 92
7 105
38 137
47 152
105 151
69 146
17 137
173 237
69 94
26 40
43 126
65 188
139 206
36 128
11 23
134 153
35 208
21 79
137 215
163 241
20 84
21 173
63 157
106 198
168 194
97 183
29 215
39 73
74 153
123 226
238 240
63 180
15 172
176 212
35 53
25 161
18 133
176 197
202 221
146 236
136 242
107 187
56 103
40 75
63 108
35 97
133 186
144 243
27 228
112 135
89 232
94 176
83 180
36 141
157 237
43 154
135 239
27 191
28 68
130 204
74 218
77 234
172 237
126 234
72 73
47 146
160 229
140 185
21 59
83 100
17 55
106 205
123 200
141 201
4 205
46 142
1 100
155 174
39 124
88 146
32 130
185 186
129 208
44 163
108 203
28 149
8 121
80 189
1 39
33 70
142 204
119 141
90 193
174 238
110 220
20 186
28 143
63 72
21 82
83 128
82 234
131 224
87 148
2 71
121 151
136 198
45 190
109 191
163 164
215 244
112 153
5 180
126 217
49 150
98 103
112 154
224 228
62 112
46 155
63 213
47 85
185 198
34 38
210 234
43 120
145 152
71 196
3 81
228 232
28 135
150 235
182 242
92 123
16 51
9 108
62 118
105 107
25 202
44 146
56 197
5 169
69 130
115 134
32 52
66 109
91 154
85 183
163 235
83 84
77 181
100 164
125 201
189 210
37 196
100 130
31 202
44 158
75 240
144 155
53 229
95 203
70 164
130 222
98 149
19 49
21 144
9 103
50 143
26 176
5 96
150 179
101 115
86 197
5 240
171 209
63 131
38 84
50 218
76 223
8 184
0 157
9 30
47 83
182 217
17 220
71 77
74 204
91 217
26 84
50 194
87 137
67 75
114 157
147 228
232 240
14 182
197 203
55 193
145 192
8 76
138 203
58 103
174 220
82 163
20 80
6 50
136 163
60 199
170 205
68 158
88 177
13 73
86 146
70 182
159 173
41 168
116 158
43 156
34 66
8 86
15 144
89 130
12 77
54 145
81 209
17 151
30 231
45 97
1 245
115 190
42 123
92 108
7 108
37 107
58 222
16 45
177 239
106 184
8 207
65 226
114 193
113 170
209 229
51 97
66 118
15 110
23 36
93 98
94 139
28 186
47 210
107 168
1 149
156 183
28 189
162 176
34 106
59 226
54 71
90 234
128 189
27 61
19 141
163 216
170 198
124 153
12 82
40 197
118 216
6 228
152 207
26 118
1 233
102 199
148 225
134 169
6 74
85 125
162 238
30 189
11 167
196 213
49 146
131 199
21 32
113 235
4 196
158 224
140 199
133 136
20 195
198 227
13 233
112 203
86 138
67 205
28 119
3 165
12 216
106 114
73 216
112 132
17 31
15 64
25 241
28 77
37 195
145 184
27 138
57 208
186 242
111 232
205 217
42 81
97 162
73 119
69 101
116 241
37 40
71 133
31 193
15 115
45 64
39 78
48 55
63 147
90 209
17 190
61 96
105 214
117 193
105 209
102 225
0 69
4 88
26 156
76 137
77 201
139 235
57 209
191 239
4 74
9 220
138 146
35 185
111 174
76 141
123 191
184 213
197 220
29 54
98 213
210 218
47 96
42 46
78 199
0 151
71 118
134 220
18 157
220 230
209 243
45 218
113 159
91 161
26 29
80 162
50 154
41 221
170 226
50 201
22 224
80 214
60 167
10 23
29 133
187 245
48 198
27 211
114 216
76 107
83 239
9 100
102 164
12 20
52 99
87 161
109 141
88 229
55 135
148 222
70 236
53 73
46 163
4 184
215 231
127 229
41 116
45 121
119 198
4 142
129 138
183 242
48 191
95 226
126 177
19 112
158 218
54 233
122 167
57 80
18 184
4 198
44 150
76 229
133 168
115 142
169 208
39 145
163 206
21 158
3 48
22 98
89 150
2 222
16 201
96 229
116 206
199 200
17 154
17 242
205 236
6 53
20 27
41 131
16 243
7 115
40 118
60 138
4 175
116 170
57 147
48 62
37 189
8 236
22 164
50 170
160 201
74 223
138 178
19 62
179 217
121 241
58 155
91 134
32 129
24 84
16 132
46 123
19 123
110 190
17 82
1 68
28 154
3 113
137 208
33 236
123 184
151 183
169 223
62 243
77 122
29 97
3 141
8 122
71 234
83 152
130 243
33 98
120 134
163 213
60 154
39 168
156 191
67 165
35 150
121 175
1 196
2 6
100 113
35 121
22 123
216 234
65 215
77 141
45 245
62 180
156 241
2 227
92 113
158 223
12 45
34 118
84 98
94 113
10 136
20 152
180 209
26 154
78 189
32 117
45 137
13 242
118 141
104 229
64 66
7 73
72 121
5 121
40 162
103 243
39 74
192 241
150 177
24 75
169 220
110 222
73 217
124 156
62 89
24 240
31 142
43 52
44 77
99 152
88 243
207 242
34 224
25 232
117 144
76 167
1 142
136 146
16 83
7 101
144 236
132 211
107 234
74 110
115 236
4 216
23 46
11 50
190 213
91 124
98 242
156 217
86 104
63 121
14 29
27 62
102 155
91 112
53 71
167 219
15 82
7 224
177 199
18 235
1 216
12 74
49 143
43 139
10 169
5 124
37 122
131 175
90 163
180 193
83 184
24 97
91 226
141 180
38 174
146 237
151 164
159 165
201 223
72 245
93 171
0 174
44 67
35 131
99 225
184 211
121 238
47 111
71 87
212 226
87 203
37 154
85 153
98 222
144 205
152 244
135 220
40 222
45 228
38 87
46 186
34 124
115 186
145 186
67 105
52 118
100 133
71 227
185 210
106 172
26 208
242 244
144 204
64 113
75 243
51 226
10 66
5 157
154 217
6 56
49 185
72 203
52 202
5 229
125 243
45 47
44 115
149 159
56 129
20 206
6 21
147 229
96 180
12 25
23 213
55 218
67 200
80 114
47 114
197 226
132 166
19 118
219 237
60 193
25 87
70 215
101 131
29 116
100 132
108 112
67 185
47 208
30 136
119 215
160 206
30 233
105 140
83 87
112 121
191 222
36 177
67 94
32 110
176 198
21 111
55 204
193 232
43 198
19 182
1 27
38 212
138 220
91 160
92 212
154 170
155 216
1 136
19 30
122 243
134 171
145 240
139 245
29 132
108 169
16 192
197 222
9 137
58 242
149 211
161 188
93 179
47 143
63 150
3 237
182 196
181 201
45 178
26 94
23 91
94 201
137 205
61 113
9 245
59 77
170 220
44 216
25 108
27 180
21 193
6 84
7 169
0 132
38 120
59 122
137 195
56 199
58 214
172 198
135 160
67 238
77 200
175 189
66 148
56 224
25 105
164 174
55 231
62 161
11 203
92 158
10 99
22 183
39 126
73 206
75 185
105 241
116 187
16 102
66 168
176 187
42 121
186 238
206 242
78 89
62 95
132 187
18 44
80 234
114 194
94 158
38 85
76 202
11 205
98 150
89 229
132 142
139 170
30 163
38 194
205 230
90 226
166 203
60 186
153 184
3 14
47 187
32 47
59 225
103 142
55 183
56 128
92 160
150 237
73 221
41 175
150 226
206 209
30 144
146 180
98 100
60 100
35 129
87 171
36 85
48 110
119 187
30 73
117 180
98 185
144 234
135 194
46 156
108 236
68 90
14 200
18 58
62 187
141 160
121 191
46 144
34 62
223 236
216 226
132 204
36 46
14 144
124 209
86 160
7 203
65 149
64 242
130 234
26 105
100 190
52 200
38 70
14 112
242 245
7 235
117 175
13 141
38 243
125 216
134 212
57 152
61 67
87 135
127 243
195 236
64 188
27 175
41 181
13 215
69 127
35 46
99 228
80 86
94 143
128 238
121 128
67 116
191 201
232 238
137 204
100 221
66 178
58 232
53 179
120 196
38 197
51 200
82 179
0 160
45 185
110 232
34 88
98 155
175 243
119 193
106 164
33 51
136 197
20 184
62 185
19 237
155 228
113 225
54 199
232 234
68 82
69 110
8 235
33 62
35 94
160 237
148 178
217 230
49 92
93 230
81 230
69 135
48 234
99 138
83 143
37 55
105 212
110 244
41 89
34 174
136 223
119 180
15 153
33 123
164 202
168 171
3 198
104 187
89 194
2 164
116 121
39 48
1 114
149 198
180 212
90 179
61 172
133 160
159 186
55 179
83 218
152 238
58 191
66 202
58 153
66 214
168 190
14 161
183 189
75 106
111 131
209 223
67 108
11 90
159 219
35 133
98 227
67 213
55 57
68 153
95 159
108 135
79 128
132 185
176 224
160 177
122 140
6 96
122 237
211 218
153 157
30 192
180 239
130 224
14 147
170 173
143 179
78 212
109 137
56 221
34 71
147 223
59 110
134 205
64 102
23 137
94 193
161 178
64 162
111 224
71 216
106 149
4 84
171 243
37 170
57 64
105 222
35 155
193 231
36 218
37 53
162 240
50 113
47 91
2 149
31 110
50 243
65 217
13 146
57 79
48 53
112 170
17 41
10 116
12 88
84 191
56 135
144 224
171 218
0 30
91 171
112 133
186 236
182 214
112 118
53 243
110 140
189 190
87 178
72 166
61 79
34 50
24 51
40 74
130 177
5 244
9 95
17 95
49 100
90 187
87 212
20 204
10 181
1 7
73 167
192 209
46 63
8 131
108 238
87 215
98 115
1 38
104 162
137 177
18 144
37 168
220 229
122 226
116 148
73 115
59 228
139 167
42 136
12 215
41 73
74 75
192 231
105 235
104 156
68 94
2 191
50 211
80 157
35 151
86 181
62 135
19 101
227 241
215 242
43 220
83 226
169 188
2 10
40 220
14 128
82 158
36 193
212 243
174 214
172 225
141 243
140 177
106 154
14 41
36 192
93 163
125 241
39 53
30 48
158 209
53 169
5 13
11 25
58 182
37 58
112 182
86 213
7 242
146 198
62 74
50 209
3 212
59 68
58 229
95 145
185 201
112 178
156 196
47 202
91 243
18 63
124 216
82 148
72 230
156 181
153 244
143 243
167 235
8 68
153 243
7 210
172 180
43 44
9 52
52 78
32 245
6 105
160 245
13 36
41 209
40 159
205 213
84 172
26 205
17 18
79 239
25 213
50 79
38 139
19 76
17 52
4 159
159 179
41 98
13 104
64 219
73 211
52 177
16 63
58 148
105 203
198 221
175 221
35 237
137 209
66 83
177 184
96 236
40 126
23 52
1 54
37 61
84 182
197 202
9 109
61 190
107 117
36 194
81 116
16 120
78 197
20 122
114 165
74 134
116 155
119 209
202 225
42 164
49 138
113 175
135 187
52 60
195 210
182 197
67 76
68 240
109 152
187 193
101 121
63 134
32 240
168 214
17 167
147 195
36 190
86 125
34 227
59 152
73 171
120 171
89 234
1 9
160 193
109 177
39 233
21 200
8 21
154 241
37 68
21 136
28 234
46 160
60 139
40 213
137 171
56 154
140 226
170 171
169 190
112 140
16 82
116 147
48 139
47 203
137 147
107 148
79 152
10 75
114 119
203 245
129 239
33 81
140 147
12 37
51 198
98 194
88 245
9 81
37 111
47 157
147 219
128 213
174 245
119 185
165 179
131 140
167 168
58 116
33 176
129 158
85 155
58 245
99 143
76 127
6 197
58 204
189 218
60 148
154 198
75 111
97 121
103 109
220 241
146 228
97 215
166 170
21 109
111 146
54 109
142 193
77 92
4 112
83 242
26 195
2 101
80 173
8 69
45 152
32 190
9 223
45 55
121 137
5 106
26 112
47 163
23 235
91 100
116 146
72 139
139 229
82 93
130 143
82 133
15 148
111 149
112 124
61 162
9 17
158 212
209 212
132 213
208 210
146 194
72 172
45 146
156 173
195 212
85 172
2 64
50 178
4 61
160 175
21 194
45 188
144 217
144 225
163 166
73 147
151 240
73 193
143 166
181 238
37 160
16 231
39 147
69 140
7 142
27 35
9 133
136 154
124 210
114 236
66 105
166 241
29 62
56 233
25 205
27 28
5 171
76 178
182 212
50 215
179 222
224 234
64 206
42 114
2 111
55 98
62 143
56 159
92 165
89 183
9 50
91 244
1 218
149 236
124 133
34 117
78 80
34 94
10 174
94 210
176 232
15 68
59 217
58 74
207 212
207 215
36 44
81 226
15 18
216 237
45 220
138 186
136 229
166 224
9 166
198 214
69 91
71 219
29 169
93 232
0 213
160 216
36 238
69 162
95 169
93 96
96 111
43 78
13 43
33 192
50 55
133 139
91 129
17 123
10 11
26 116
49 227
39 131
84 242
10 175
170 172
10 209
27 48
108 186
207 244
69 150
135 149
28 45
2 224
70 107
162 184
40 54
66 170
101 221
150 223
106 235
1 147
47 142
22 40
137 149
147 210
152 235
17 97
84 125
7 137
1 103
196 227
3 82
107 147
198 199
61 76
200 231
167 240
8 94
21 223
113 160
64 134
162 191
17 19
124 238
210 241
40 58
78 163
10 148
8 217
3 32
39 181
171 179
35 212
10 137
63 101
17 62
31 182
100 116
92 104
73 222
133 150
55 66
144 198
90 219
106 129
25 79
16 205
76 117
115 243
72 176
44 215
37 201
48 182
47 154
0 57
84 136
82 197
27 148
104 230
203 211
33 146
51 181
22 53
80 205
108 127
34 166
69 108
9 161
193 201
187 234
27 174
24 102
6 119
99 186
69 197
8 54
141 182
36 50
21 37
13 85
230 234
65 142
79 84
50 191
4 24
163 175
104 133
138 149
166 184
212 233
192 238
83 149
71 192
75 231
74 178
100 234
126 196
107 204
97 230
20 91
100 118
194 198
126 236
15 165
63 236
3 179
67 211
2 108
72 208
33 180
178 183
165 235
5 217
91 202
61 202
91 204
86 95
75 99
44 190
163 220
107 108
89 145
4 91
72 159
89 244
91 140
157 185
91 224
135 219
5 176
0 227
61 114
11 245
16 81
77 207
145 181
6 19
30 70
26 71
155 222
40 87
24 237
93 105
21 172
57 228
25 175
4 42
94 181
139 185
61 134
77 236
85 101
114 129
147 232
8 190
120 170
77 228
128 169
173 210
52 121
111 202
110 225
134 234
94 202
51 79
157 222
32 145
1 195
70 78
53 225
40 127
51 91
157 200
69 180
152 222
157 217
43 77
116 218
90 121
119 232
68 182
141 157
114 156
178 195
64 218
79 95
49 203
44 175
150 231
34 128
100 101
139 160
59 121
43 135
129 191
98 183
6 196
127 157
91 239
46 59
55 190
145 189
65 67
80 131
114 173
80 222
52 135
176 189
19 204
82 134
30 170
4 85
4 73
197 205
0 80
155 217
16 22
61 222
62 146
11 189
38 94
11 30
32 81
3 208
37 84
194 244
43 173
75 169
109 114
95 187
18 143
13 37
225 236
12 93
161 234
87 116
23 218
54 139
13 64
174 241
59 240
52 88
2 230
84 91
61 209
104 164
67 192
26 234
175 195
69 125
36 86
10 41
71 101
127 205
44 230
78 109
110 210
72 134
80 147
39 204
12 68
77 167
186 221
100 124
105 138
98 210
8 46
16 95
223 241
149 181
56 58
3 154
59 93
12 99
212 218
21 165
43 67
196 215
35 134
32 196
79 81
21 230
81 97
82 170
18 177
89 99
202 217
110 122
4 106
79 94
79 165
7 207
58 218
96 125
29 71
66 235
147 176
41 83
67 197
161 173
111 157
179 187
122 168
184 206
19 139
25 233
47 122
224 239
34 83
7 185
90 118
186 216
147 196
2 30
77 102
0 19
46 70
104 243
81 93
66 142
140 168
29 205
93 174
83 162
35 64
12 67
30 74
3 188
27 124
53 97
15 193
10 24
97 146
20 109
39 98
95 241
88 228
95 208
109 190
66 204
190 243
13 150
146 170
127 159
79 231
92 182
14 183
61 201
76 183
21 45
103 132
118 236
200 221
28 81
105 213
107 163
17 138
168 241
10 26
109 166
49 98
54 178
159 222
211 244
117 181
5 205
191 203
62 120
108 138
92 138
49 162
27 94
109 238
81 193
30 66
25 39
133 140
149 238
184 204
14 184
7 230
111 147
23 193
9 11
18 89
139 214
99 201
150 151
102 115
97 136
63 75
88 133
119 150
157 243
66 154
24 198
93 214
3 201
89 133
25 129
108 156
75 244
160 161
105 181
58 244
64 129
198 208
19 185
48 82
104 204
89 109
125 171
83 132
4 79
219 242
80 206
42 122
113 213
139 189
124 131
25 58
72 120
112 236
18 232
18 178
25 120
11 170
109 233
62 232
133 204
78 127
174 184
135 155
135 195
8 117
15 163
59 108
55 152
29 242
123 194
124 232
8 198
27 130
57 130
83 237
127 235
132 134
66 115
81 105
179 237
23 153
61 218
99 230
63 64
33 48
88 144
79 240
101 136
122 183
61 165
78 153
21 166
10 206
73 165
12 17
201 229
16 189
63 122
8 92
33 83
19 63
194 221
23 43
16 210
74 118
61 189
107 237
31 34
79 178
188 213
28 49
79 116
51 85
98 153
177 242
3 210
174 233
169 184
12 160
17 153
112 208
70 126
124 211
13 122
176 220
14 240
4 80
29 58
184 231
3 175
117 160
32 71
96 134
10 72
22 103
96 217
11 160
84 241
21 129
56 180
165 228
90 117
93 233
64 150
219 238
34 150
21 83
93 114
76 206
67 93
113 200
30 205
47 185
52 245
157 165
54 157
133 199
126 245
71 88
25 61
63 186
75 164
121 189
103 177
0 101
210 224
16 197
17 133
96 164
123 231
73 162
5 105
37 211
1 126
40 150
3 84
40 43
3 123
16 184
14 106
36 175
32 191
9 75
188 204
10 131
17 44
44 124
77 126
6 172
53 151
152 243
14 57
43 86
11 105
164 182
110 164
142 206
84 95
200 204
37 115
41 48
33 142
15 48
80 135
163 165
26 198
185 232
82 215
47 98
75 105
33 178
53 121
62 98
167 224
108 179
15 199
13 44
92 183
24 34
93 221
57 180
174 207
65 83
127 191
14 205
89 120
57 144
8 20
126 192
215 223
39 238
123 205
42 147
43 54
10 120
92 217
6 245
24 78
72 236
118 202
68 207
2 53
171 214
150 201
73 113
64 75
92 132
71 171
30 106
103 106
28 230
54 153
51 159
186 224
30 47
57 188
83 231
101 137
30 227
66 100
86 126
178 189
147 167
116 197
162 165
14 160
2 240
23 41
40 170
165 208
169 232
123 140
83 120
48 211
30 240
39 170
196 234
70 144
106 220
158 169
2 76
151 176
170 208
152 158
20 46
77 240
159 232
101 125
1 88
18 78
118 157
6 78
35 173
8 228
147 189
74 141
98 207
15 80
58 115
96 204
152 183
139 144
55 88
32 73
47 78
101 231
37 148
99 243
154 209
70 231
52 236
30 234
40 227
39 163
14 139
40 94
66 136
164 197
72 204
0 40
101 210
207 236
47 217
23 59
0 149
36 82
28 167
148 220
58 113
78 99
37 198
21 224
75 119
4 128
81 231
114 175
155 181
132 146
18 38
112 145
167 202
30 202
161 196
139 201
102 236
174 232
68 144
34 170
84 170
27 241
225 232
10 139
33 195
3 170
198 216
142 226
44 130
70 166
19 233
5 210
58 123
133 189
86 183
91 188
80 128
45 208
49 159
164 203
94 162
108 184
73 240
47 137
193 214
1 127
143 210
89 173
36 229
143 245
14 136
49 196
13 174
11 207
74 221
20 48
178 200
99 236
145 193
61 77
64 128
32 107
148 177
75 156
41 63
6 221
95 131
92 99
153 186
126 207
19 217
146 197
92 153
61 239
115 143
24 180
22 160
28 136
186 201
6 30
52 183
90 94
127 147
151 213
72 98
16 116
103 171
50 52
9 176
172 190
33 229
3 20
35 190
37 230
72 74
40 180
25 86
23 141
66 155
14 28
17 120
49 113
64 233
28 190
78 98
2 65
63 159
60 162
62 175
87 101
17 209
40 65
91 164
19 176
111 114
18 127
24 46
81 157
99 240
140 206
68 192
190 203
133 237
106 109
138 185
26 131
93 149
44 136
25 166
15 27
22 237
3 174
30 134
63 232
36 91
100 188
167 241
91 180
125 144
2 231
47 168
118 213
92 179
110 191
155 206
54 103
109 140
81 108
29 89
44 194
39 186
12 162
58 185
135 136
26 173
19 22
19 52
58 181
97 115
194 223
9 151
38 242
121 222
34 162
157 240
36 239
13 50
9 43
127 227
62 105
7 66
49 204
6 231
96 152
74 84
106 165
37 228
120 174
40 235
3 114
38 128
60 170
151 243
52 211
26 123
202 220
97 135
98 102
75 189
206 228
16 245
155 239
43 46
207 208
9 86
222 230
44 78
70 83
84 89
66 111
140 220
116 127
13 77
70 238
101 169
3 75
41 155
69 234
74 171
111 201
133 233
19 79
50 237
16 62
80 138
172 182
55 174
28 55
81 244
108 213
167 187
167 183
106 134
40 174
57 179
137 198
37 56
44 53
105 161
116 173
133 208
44 200
81 139
72 170
18 22
0 232
184 239
214 231
21 84
14 141
52 106
62 130
14 191
25 144
89 164
64 86
31 141
66 80
20 116
16 122
57 72
32 224
162 209
58 236
115 171
166 232
32 61
24 93
82 228
38 135
136 141
10 17
76 220
48 57
219 244
106 236
126 157
26 216
43 177
111 148
48 197
61 208
116 172
147 177
159 238
95 153
106 108
16 26
120 190
127 179
7 112
124 233
66 75
49 139
128 159
48 162
10 98
72 126
178 211
4 127
11 121
91 133
0 217
73 185
193 198
219 225
58 165
31 38
8 239
51 169
178 243
5 59
112 207
61 68
4 119
0 223
40 89
66 78
35 211
14 190
45 82
80 193
67 149
80 119
94 109
13 213
57 160
65 219
53 127
217 224
77 159
72 85
33 118
18 208
41 219
160 167
77 175
20 171
125 166
45 68
19 80
88 210
65 187
203 235
82 244
122 151
204 245
149 215
196 206
111 178
75 136
23 201
43 161
30 191
158 241
165 202
30 151
27 205
76 196
67 97
164 236
201 234
192 228
60 188
106 125
140 196
24 172
139 143
33 37
4 86
111 183
98 236
95 211
98 209
47 158
209 225
111 212
145 210
94 211
118 130
86 163
2 233
54 133
97 221
46 120
15 86
122 155
123 152
99 169
38 195
142 180
58 207
81 219
45 67
92 220
144 154
132 158
240 241
102 107
99 137
32 45
154 208
132 186
68 189
24 137
64 106
53 167
24 52
40 97
81 124
101 229
37 88
192 212
104 218
61 185
100 199
81 85
101 111
157 224
36 112
21 72
116 225
78 227
127 219
57 168
98 134
168 183
113 146
107 171
21 159
176 214
157 187
53 191
5 181
94 171
86 165
146 148
62 103
77 214
6 126
60 182
53 183
15 205
99 158
84 105
67 132
92 107
0 94
106 110
139 237
43 137
7 38
60 73
106 136
76 191
58 68
137 139
21 26
210 232
11 183
29 188
212 244
75 178
92 219
71 199
17 199
88 165
23 200
107 220
8 71
155 196
99 160
21 177
114 167
174 231
188 205
1 226
50 104
202 206
0 121
70 149
102 111
35 37
106 120
121 218
42 130
34 141
12 104
96 207
6 101
51 168
8 187
156 190
37 63
89 171
39 153
89 118
117 234
136 144
106 238
4 193
48 147
211 239
96 213
12 238
102 214
115 124
25 98
2 81
11 172
25 78
109 227
93 138
32 105
234 240
121 177
146 178
100 117
126 137
117 245
163 209
138 225
141 197
155 212
59 241
157 221
7 48
91 227
205 240
30 177
155 182
229 235
87 177
1 31
54 242
79 121
13 192
97 132
63 217
26 222
58 162
108 240
10 144
183 210
9 121
145 214
178 214
39 90
1 170
64 174
16 172
50 103
41 190
10 178
153 229
32 158
145 219
101 149
68 172
35 241
40 112
6 46
65 159
33 54
38 206
18 116
32 58
5 236
3 80
129 234
97 116
73 159
111 208
16 27
10 86
88 155
89 121
51 92
0 176
1 41
88 200
0 6
204 230
10 55
94 140
215 243
0 237
74 83
121 186
20 57
34 42
30 59
55 92
213 225
1 155
55 186
81 111
57 150
71 187
20 110
101 206
26 46
47 186
67 107
92 188
90 155
3 245
51 132
104 207
153 214
2 179
177 233
99 157
203 214
1 65
48 225
214 226
183 225
206 210
76 158
73 76
43 56
80 228
65 148
39 97
221 235
49 220
6 162
44 176
121 145
4 60
134 156
4 149
18 166
190 225
192 216
186 199
7 23
198 215
57 115
25 138
90 194
146 159
107 174
2 189
201 221
58 95
97 226
125 202
12 130
37 137
111 170
3 31
114 195
88 148
22 82
83 227
8 81
42 98
20 115
129 193
56 116
88 171
107 126
5 77
96 117
183 232
170 190
141 188
62 115
132 161
96 160
47 236
43 150
13 117
153 238
84 209
83 92
35 89
150 156
37 108
42 192
200 235
104 108
207 238
132 168
29 211
16 216
13 69
110 194
132 188
56 245
132 230
13 46
150 154
117 165
117 167
57 211
127 160
51 99
115 211
115 148
91 98
58 101
181 219
21 67
81 164
157 173
243 245
49 205
9 240
50 56
102 216
41 91
33 41
2 90
6 55
9 191
60 135
74 131
166 237
74 201
98 217
159 189
56 63
71 153
28 139
50 84
86 169
37 194
98 179
62 242
53 175
100 244
30 194
185 234
99 154
154 213
53 115
100 170
111 241
10 145
17 239
12 193
87 89
18 194
114 125
122 172
127 197
37 197
136 182
79 127
81 104
220 223
57 216
51 160
126 243
135 229
67 221
26 119
40 215
6 142
125 167
80 83
11 118
151 233
86 124
154 157
93 227
81 118
168 181
88 216
193 224
63 188
18 188
126 204
147 217
81 218
57 127
56 108
96 123
183 209
34 73
69 86
114 143
35 100
14 51
24 235
16 23
219 228
112 115
24 150
42 86
86 230
76 138
146 167
53 156
11 45
52 167
108 142
28 157
107 173
57 119
114 192
194 208
68 132
39 178
4 227
63 221
63 142
150 225
230 237
181 227
167 244
39 232
12 236
9 232
141 184
0 123
4 186
46 243
118 125
116 174
63 181
31 118
51 156
217 227
9 79
35 158
49 177
137 170
114 176
54 195
28 60
56 157
21 228
7 199
3 243
35 42
114 217
102 133
11 202
33 225
7 146
11 112
166 231
54 78
53 77
98 114
92 124
10 37
47 50
65 184
35 110
13 40
55 225
157 193
47 140
12 36
110 135
24 130
68 237
61 164
55 229
90 198
9 14
66 119
40 203
82 164
34 229
87 131
106 162
77 226
28 33
6 22
102 200
98 206
23 112
133 137
64 144
39 113
31 166
170 235
70 178
154 176
172 240
188 189
62 159
185 195
25 177
10 177
83 95
68 201
235 245
0 9
81 243
41 230
20 149
227 233
204 244
47 60
1 77
53 132
0 222
89 142
128 186
107 180
23 217
119 192
138 171
39 86
158 243
30 63
224 231
13 131
31 177
161 216
83 190
103 133
111 186
0 118
96 139
40 237
138 184
16 175
45 132
38 109
30 65
96 242
23 140
74 95
126 208
66 201
131 157
30 159
134 202
96 102
115 194
210 217
6 209
36 95
67 236
186 203
5 197
1 161
71 181
83 93
48 141
129 142
92 166
105 190
98 232
51 128
154 221
34 110
48 123
4 82
20 117
14 224
77 176
57 187
176 185
150 178
44 192
104 242
52 197
180 238
113 137
1 133
71 195
39 239
99 232
20 192
77 144
24 32
19 228
127 240
62 176
177 185
218 234
52 137
22 96
25 122
176 233
149 158
50 206
202 227
210 215
64 111
85 227
6 122
78 117
175 202
0 35
132 138
22 135
180 208
181 189
61 124
75 171
122 206
0 170
49 211
45 180
59 216
147 227
145 217
49 160
127 222
2 182
122 135
87 245
82 245
30 82
154 199
99 159
34 198
124 126
54 203
32 36
22 48
101 182
41 72
71 93
83 175
45 143
43 193
11 107
27 244
209 214
42 146
17 117
35 216
27 32
118 230
77 149
4 187
167 223
57 242
32 109
74 158
14 36
112 184
7 162
120 162
47 70
10 15
58 164
110 202
16 204
128 190
110 163
144 186
177 227
43 165
5 14
175 190
71 241
48 59
176 216
87 184
6 152
50 75
65 160
37 41
66 124
130 203
190 233
164 220
152 171
40 164
201 213
62 191
75 103
142 214
30 99
28 54
168 217
51 211
65 227
22 202
95 175
165 186
80 191
100 138
7 43
90 157
88 97
16 199
201 202
138 190
53 101
77 117
141 161
88 101
39 61
59 139
50 166
106 197
188 209
191 195
20 164
85 198
165 190
35 71
67 232
181 222
96 177
25 126
80 240
19 92
124 208
10 229
57 94
14 243
172 179
22 215
1 18
149 160
84 167
106 230
79 93
39 142
196 216
62 164
48 231
41 160
14 100
30 157
170 191
15 76
79 179
86 191
189 219
226 239
142 220
101 223
146 216
71 185
61 116
67 162
106 159
89 178
121 216
60 102
48 157
85 171
36 170
26 148
111 227
68 166
109 198
227 237
113 186
38 99
22 57
143 172
31 70
102 131
54 63
119 165
130 189
16 125
29 87
57 155
12 239
94 148
38 244
26 70
51 155
107 162
3 70
38 51
9 128
15 100
33 235
205 212
77 84
207 219
23 199
64 104
75 209
31 75
47 182
1 130
130 163
59 170
84 121
84 183
41 227
23 223
89 94
69 132
204 241
85 164
113 128
6 87
3 197
131 155
7 29
26 158
6 123
174 178
70 183
179 196
77 191
2 143
68 119
55 154
53 81
39 54
66 188
69 80
184 198
74 132
173 218
60 192
20 219
26 185
168 170
97 198
37 62
16 173
7 124
13 173
24 47
85 117
8 49
61 117
109 243
151 193
72 77
141 218
0 27
126 220
9 55
10 244
48 228
20 133
0 128
13 57
146 239
210 223
144 229
142 241
27 99
72 199
115 141
94 241
55 200
119 147
170 231
0 104
115 210
78 85
47 238
118 186
58 61
56 214
11 149
85 206
147 165
92 114
82 151
169 225
131 221
174 221
168 243
29 94
162 200
84 171
161 224
182 199
103 231
98 238
70 180
55 245
113 144
108 199
137 192
165 224
126 227
23 37
34 129
9 238
144 240
6 27
189 224
66 90
80 177
182 223
137 172
169 212
124 217
173 226
163 226
60 187
33 127
36 165
195 224
30 91
29 191
23 81
52 89
135 154
185 244
78 228
81 180
176 201
10 84
125 213
9 39
74 214
25 149
93 145
86 217
106 138
51 129
30 35
59 194
119 211
86 88
21 204
3 83
23 117
108 118
29 53
28 161
118 238
97 204
28 107
111 166
29 214
33 164
165 239
110 150
187 206
1 53
5 62
191 208
94 101
102 198
140 230
104 225
140 146
17 94
29 100
25 135
144 153
77 145
154 165
132 150
116 201
71 176
36 154
70 155
5 109
5 82
134 145
165 173
106 142
156 160
150 168
32 99
87 88
65 140
155 198
115 228
157 190
9 112
2 36
183 223
60 119
134 160
20 217
38 177
123 233
57 95
107 144
33 244
4 122
33 58
3 52
177 228
64 192
37 46
58 197
106 231
181 208
38 132
71 160
109 201
9 56
159 182
78 135
190 242
91 152
49 109
65 221
93 137
52 64
185 193
69 136
60 124
45 211
18 56
83 222
13 98
101 220
62 124
14 27
130 232
15 94
67 202
22 67
0 201
124 243
33 193
105 217
0 98
30 93
129 192
60 206
3 136
5 139
77 179
57 67
64 156
177 236
154 220
209 230
69 107
72 215
6 125
49 145
8 192
97 231
164 242
49 63
124 219
83 164
77 87
27 86
55 197
119 145
76 211
232 237
2 121
19 105
167 217
10 106
188 208
111 162
162 195
3 166
27 90
46 68
57 173
104 186
159 199
63 68
66 208
54 162
53 139
45 99
11 46
22 25
70 80
71 175
2 97
101 159
4 143
201 210
118 239
22 23
85 134
48 52
172 221
64 120
85 191
41 107
62 136
110 131
115 192
17 20
113 236
156 220
45 49
47 73
150 232
74 187
120 204
112 130
88 237
62 208
13 103
95 201
176 241
139 224
109 231
13 139
26 219
113 205
47 81
95 103
45 199
143 188
28 171
4 166
85 219
19 214
40 120
113 241
15 89
18 152
142 173
127 133
79 135
95 239
68 176
47 213
91 175
4 164
162 224
23 73
107 192
122 157
71 132
31 35
145 241
155 244
123 197
101 154
49 240
124 158
124 186
54 238
164 226
87 181
114 225
184 189
1 119
4 113
100 127
2 196
6 124
123 195
49 58
6 62
133 143
93 203
128 184
128 208
52 83
29 36
124 224
1 205
129 172
25 192
66 223
74 135
88 116
13 238
79 182
48 81
43 232
11 124
105 188
48 240
52 63
31 220
131 237
37 144
17 58
61 64
77 81
56 231
164 219
158 219
56 97
24 203
127 172
174 239
83 233
173 191
150 165
42 238
65 84
127 226
144 213
174 213
40 221
9 73
124 215
26 162
125 226
188 198
66 120
4 66
53 192
29 65
26 190
98 169
26 170
8 174
137 140
11 101
75 180
181 244
85 199
159 207
172 189
173 212
14 24
154 211
9 49
88 107
113 167
52 120
133 182
196 224
144 193
70 128
18 176
68 222
29 159
141 235
220 244
101 178
185 188
158 194
91 93
45 170
32 54
2 226
92 243
114 153
44 211
24 226
88 220
53 85
167 236
50 139
145 168
131 150
1 197
66 108
95 133
104 149
49 127
200 225
116 138
36 231
127 166
79 189
19 106
83 195
159 245
64 145
136 200
85 220
71 211
102 149
37 76
145 221
59 105
1 97
175 182
68 185
79 184
9 114
107 110
70 153
75 203
94 180
6 23
44 142
89 223
27 105
59 169
170 182
10 111
89 90
117 230
35 67
59 191
28 210
152 195
120 147
117 120
2 171
113 182
46 197
124 155
195 221
131 220
52 56
64 234
13 51
127 152
9 78
12 13
5 63
26 59
150 220
25 169
25 226
185 211
100 111
22 194
45 119
21 60
160 195
135 209
117 171
32 65
75 83
2 20
60 216
2 211
27 155
147 240
223 231
3 159
71 220
10 217
55 178
33 52
171 223
25 134
53 131
210 225
115 235
23 142
34 76
130 168
54 90
125 132
145 171
7 93
5 25
79 218
109 221
26 141
153 170
154 232
119 216
121 201
66 139
76 162
114 224
77 237
70 75
172 186
34 77
166 173
59 63
116 136
3 18
39 120
121 192
13 126
21 95
44 203
3 118
2 144
32 218
58 201
34 172
58 223
36 214
130 241
141 189
148 194
26 243
0 220
15 131
130 197
23 58
206 223
96 124
58 183
206 240
69 166
0 190
139 176
76 136
175 218
117 241
43 245
10 180
116 208
44 155
52 96
47 216
8 231
19 183
12 50
43 222
84 100
33 200
6 110
68 103
18 39
1 186
73 106
69 173
76 120
27 78
45 244
53 236
97 171
31 161
195 209
14 116
93 196
53 181
91 228
20 201
27 119
20 97
51 221
98 107
100 145
17 46
24 95
48 183
31 89
41 55
141 241
170 199
24 163
97 202
62 226
76 145
19 99
63 205
4 169
46 54
149 179
15 34
47 119
117 134
202 211
116 151
156 185
50 208
7 41
157 226
168 200
66 147
91 120
42 156
61 150
0 209
73 188
182 215
54 204
91 177
4 46
55 232
74 94
53 58
94 191
140 231
30 238
73 173
55 196
15 44
39 172
31 213
14 102
122 161
112 224
120 229
59 231
104 136
95 136
50 228
26 181
10 125
3 60
64 71
23 101
167 210
187 188
105 215
30 125
17 114
131 171
148 166
8 212
51 167
125 168
51 183
170 227
40 133
83 160
14 193
120 237
144 189
0 166
90 235
23 212
56 72
18 124
7 83
1 20
143 152
17 152
0 111
169 174
4 150
51 64
2 162
129 182
31 49
105 208
11 204
15 152
65 107
19 215
139 231
69 83
7 188
215 232
109 217
86 166
23 225
5 10
73 186
23 234
146 215
114 177
127 175
109 179
48 200
128 229
13 15
7 155
49 225
24 241
5 189
74 225
42 85
85 228
132 223
39 96
60 74
88 239
79 170
60 213
33 94
76 159
119 189
99 183
20 123
72 200
71 207
165 189
84 122
77 125
45 60
4 28
36 81
3 205
22 186
33 157
65 93
91 187
26 120
23 28
13 180
21 65
60 65
182 231
76 81
50 130
128 180
70 104
142 151
145 197
14 60
125 230
9 158
25 244
50 132
203 241
221 239
81 196
73 79
56 125
17 124
33 82
152 156
100 120
20 170
24 170
94 189
192 237
167 192
10 189
46 208
160 220
31 103
219 233
19 238
88 176
30 160
207 210
43 68
19 81
30 236
128 219
150 236
110 146
68 184
37 210
59 167
115 189
59 84
183 236
70 195
67 122
6 91
42 44
102 132
26 99
231 239
6 143
105 236
219 245
86 143
32 34
14 50
110 240
178 227
88 159
64 88
26 231
45 177
73 149
213 230
9 164
44 75
23 178
7 15
29 121
17 165
85 132
115 135
159 178
151 231
19 29
38 76
132 200
8 115
24 94
123 215
92 127
28 67
22 74
17 91
111 192
115 125
71 139
52 219
20 198
117 119
202 234
129 200
113 233
33 194
26 87
174 201
85 151
158 232
147 221
144 180
53 147
122 131
73 133
99 208
123 180
73 184
43 125
68 180
74 220
3 65
53 195
114 155
110 144
140 211
184 199
64 237
108 123
70 74
12 241
75 155
199 233
160 186
44 235
117 137
58 221
206 216
44 241
185 222
55 148
54 150
140 233
102 119
38 208
82 165
42 163
196 207
80 231
98 174
45 223
172 194
18 109
10 179
30 226
42 87
51 153
39 130
143 220
119 212
141 150
134 192
56 142
67 68
85 200
17 149
33 134
54 163
42 155
99 203
84 131
102 208
14 140
19 41
93 236
92 144
94 100
139 242
19 236
20 121
33 56
19 28
128 133
94 135
3 76
17 144
42 60
189 234
39 157
180 241
127 156
14 67
160 199
71 136
97 119
87 208
152 223
105 201
126 201
64 97
142 187
44 223
207 209
25 217
42 71
124 159
134 218
149 153
4 25
203 212
90 218
46 80
107 157
55 71
58 228
35 55
111 228
174 194
142 161
38 86
68 196
94 153
26 83
42 96
62 80
63 120
33 104
57 159
144 168
74 107
75 97
112 174
0 164
33 202
75 117
30 214
143 150
30 130
81 155
16 198
15 142
69 193
107 132
100 230
51 172
40 216
57 96
140 216
68 193
6 237
33 115
153 245
35 77
39 45
1 206
135 177
93 209
148 238
90 116
46 195
24 88
172 210
13 111
188 195
27 60
64 153
0 140
43 236
54 182
69 183
105 234
61 241
19 51
32 199
1 230
28 89
20 224
31 153
70 204
105 160
70 197
30 180
12 96
14 220
105 211
38 223
158 199
171 245
109 112
102 181
134 178
105 118
164 217
182 209
145 238
39 227
108 197
61 129
23 32
171 190
116 203
36 54
79 137
78 128
52 228
18 159
38 188
145 167
92 142
45 123
34 233
98 124
1 227
37 75
125 209
202 245
74 229
98 136
38 231
63 82
45 224
80 181
20 155
71 194
216 218
19 213
77 94
131 182
19 31
28 88
7 31
110 221
51 199
8 240
135 147
104 212
103 175
20 79
60 227
109 239
214 238
78 133
14 231
96 186
80 150
51 81
107 154
57 167
155 157
105 148
9 217
66 114
16 113
188 216
32 238
140 163
137 190
12 172
144 235
2 116
180 233
127 190
74 193
105 165
108 241
22 199
94 95
166 210
118 201
46 87
108 157
160 197
47 155
73 81
107 206
146 195
23 50
18 118
121 188
2 35
105 238
51 173
10 133
79 233
18 191
91 147
161 163
128 151
20 105
117 224
185 226
35 38
1 171
133 242
15 140
49 219
98 241
5 156
72 189
27 76
61 215
34 135
156 170
18 173
173 189
138 197
67 119
217 219
33 190
86 101
55 137
68 187
77 146
18 145
65 173
121 224
11 82
163 167
161 221
159 195
144 145
8 116
142 146
58 216
41 102
113 188
76 242
105 226
153 187
12 170
168 209
3 73
27 63
122 238
114 235
48 208
82 229
211 243
93 122
26 106
103 170
0 204
106 153
174 189
39 182
120 123
3 129
20 187
69 231
129 183
107 139
64 130
145 182
109 188
32 216
86 195
218 237
12 176
161 209
59 115
26 95
102 170
21 91
51 230
1 94
101 176
77 137
38 121
168 240
141 174
33 114
135 167
136 195
79 245
114 234
182 201
9 212
39 222
175 178
11 197
46 110
27 229
120 220
112 215
2 123
151 190
125 142
23 86
55 240
142 221
22 236
90 240
118 153
80 118
84 216
116 122
16 85
35 88
129 233
195 201
5 74
137 186
155 180
95 104
29 81
46 219
75 121
96 97
21 101
137 166
57 71
70 125
21 128
31 136
49 210
117 183
29 157
27 129
139 226
225 230
64 154
171 225
79 111
34 245
38 55
87 240
154 237
72 174
131 240
61 63
162 167
26 177
146 168
85 118
15 224
76 152
122 191
103 180
11 153
91 113
39 179
115 184
91 219
24 194
16 105
34 47
96 112
3 177
12 139
98 234
115 165
34 133
163 198
71 161
70 190
9 226
39 241
195 238
121 194
106 225
70 214
109 167
69 131
136 203
100 224
2 47
76 109
108 143
102 201
131 228
93 141
51 179
157 212
17 56
110 168
135 198
28 238
54 62
110 223
3 92
20 108
81 220
111 127
176 206
8 213
47 124
7 236
88 178
129 235
54 154
55 222
20 99
17 192
114 232
69 175
126 242
78 129
58 147
58 198
133 179
212 222
1 78
120 132
68 162
161 214
7 125
38 156
157 176
79 147
6 16
15 61
165 213
23 107
22 231
127 142
62 87
146 183
59 61
88 137
77 217
68 215
127 155
54 128
133 196
112 159
110 238
104 210
12 59
132 143
82 180
94 98
104 115
110 179
3 88
119 149
46 129
183 198
16 129
50 109
46 105
139 155
103 141
54 60
8 93
171 197
2 52
49 192
78 213
187 217
107 223
14 113
230 240
50 175
35 223
9 21
145 231
3 127
98 214
146 185
206 213
6 139
9 159
109 145
139 196
9 239
132 184
136 169
130 207
62 148
12 200
39 216
46 166
35 198
147 186
12 110
75 204
24 38
76 122
19 86
39 52
116 207
40 86
169 238
24 107
149 193
8 64
45 175
55 87
91 97
54 214
4 207
107 185
38 200
18 213
26 45
64 220
184 222
57 231
15 234
37 134
141 145
47 67
66 239
35 39
151 174
63 126
71 183
161 170
103 136
55 177
81 242
13 16
146 241
117 216
115 169
68 95
23 89
31 212
47 64
74 96
220 237
23 130
92 229
25 82
84 184
3 115
99 170
70 199
109 121
16 104
13 142
68 228
42 128
62 217
73 154
16 75
70 92
59 98
170 223
102 184
105 195
91 167
35 232
138 144
44 72
19 144
25 186
52 58
100 215
3 54
40 142
101 120
87 207
21 221
63 208
35 230
25 36
94 198
114 163
104 213
114 183
12 232
19 109
5 224
202 244
20 130
26 167
60 78
181 216
78 184
13 78
22 43
226 242
74 191
100 114
90 114
4 77
46 104
6 202
6 35
130 133
52 212
35 109
64 135
31 239
28 142
106 217
31 162
79 237
133 240
83 198
56 89
103 124
126 131
37 89
12 220
65 91
17 40
31 88
40 59
73 223
58 199
35 205
34 165
131 232
120 139
15 23
60 107
8 80
9 40
76 103
3 119
13 120
58 98
47 171
98 196
64 108
38 42
157 191
133 180
165 233
49 194
78 106
50 94
96 121
82 191
1 188
1 33
169 209
5 241
72 108
138 175
148 171
97 157
74 145
205 229
14 42
84 238
163 223
101 170
137 189
79 227
30 78
115 223
42 159
56 196
184 244
79 181
8 204
197 211
158 215
115 131
165 232
95 134
143 189
49 82
40 156
173 224
81 127
57 65
137 244
209 242
29 76
66 228
158 161
26 92
10 166
8 96
46 210
89 201
207 217
38 59
63 129
51 95
79 224
84 115
201 238
5 243
151 187
63 226
201 240
169 192
133 220
71 206
137 219
30 149
85 145
104 227
91 162
42 54
185 194
137 231
170 236
134 185
24 243
21 92
33 107
26 145
135 214
86 238
154 163
3 104
102 121
128 223
63 169
184 238
159 217
57 236
27 183
31 157
157 166
26 108
209 221
138 199
33 91
18 167
155 189
37 227
212 231
111 163
69 149
109 181
90 106
75 98
168 211
72 220
62 92
38 232
52 140
95 147
39 59
25 212
36 65
3 12
130 184
8 48
57 92
153 210
96 231
130 181
56 110
12 122
232 244
5 174
231 233
27 116
9 193
86 127
1 24
23 181
217 238
76 244
116 157
41 60
82 190
174 222
47 121
25 145
83 209
107 205
53 76
124 175
113 231
98 142
14 202
46 191
74 140
235 237
118 242
104 234
94 112
118 158
157 178
169 198
32 94
74 217
20 120
52 115
153 168
150 185
53 164
22 167
173 234
102 141
67 210
180 245
112 137
82 230
32 33
220 245
38 77
95 204
12 86
109 193
53 117
23 227
122 227
50 63
145 161
78 131
104 172
112 216
39 149
181 235
196 226
5 129
70 85
151 152
222 244
75 78
19 158
97 125
122 210
30 185
211 236
83 199
116 135
15 113
100 187
17 125
168 239
7 159
111 135
42 173
191 194
18 231
96 196
45 52
41 164
156 167
42 205
116 169
92 172
21 207
24 207
105 219
84 133
183 231
62 213
111 179
25 114
108 115
169 239
107 222
158 206
143 232
37 181
180 192
55 164
28 169
44 206
191 204
40 165
120 206
56 114
56 243
114 127
76 135
203 224
34 96
95 118
50 180
110 218
38 198
106 151
71 198
178 218
45 210
121 196
43 133
171 233
101 114
193 243
112 150
20 37
7 69
65 85
17 66
66 86
92 206
134 167
136 150
90 180
141 155
20 114
4 47
14 80
48 66
107 128
121 226
102 168
43 63
218 227
89 103
149 233
19 181
85 162
47 206
33 36
99 142
129 164
15 74
99 212
153 159
42 80
31 106
22 155
86 185
39 144
37 47
135 138
15 105
197 208
141 195
181 220
88 222
73 181
5 245
228 244
97 165
210 238
15 194
51 244
167 232
13 203
138 215
91 178
135 234
48 111
14 74
90 113
26 163
57 244
36 220
51 65
16 72
71 123
92 125
28 224
223 233
144 157
98 202
98 192
60 118
160 235
109 129
46 178
166 225
30 118
62 228
46 57
98 113
16 164
65 151
66 134
136 213
175 184
112 240
5 120
43 55
189 232
167 234
33 87
100 233
40 194
10 119
77 142
118 245
91 166
75 205
37 140
52 143
100 239
10 83
29 128
28 146
168 226
84 226
201 216
90 220
183 204
167 238
55 122
21 156
27 88
63 73
100 131
14 143
214 244
177 201
133 157
45 136
73 117
84 229
153 232
93 190
105 130
44 76
138 214
108 125
61 233
29 67
41 114
119 240
78 124
156 242
72 122
50 161
9 200
60 158
0 207
83 140
113 168
17 244
18 113
22 69
129 211
29 233
104 166
65 90
19 227
122 200
104 208
19 202
13 125
93 178
74 128
27 149
65 167
8 136
183 234
58 152
110 219
127 173
59 62
199 202
118 191
109 237
127 217
26 152
107 167
86 115
66 110
195 203
69 85
55 121
65 135
149 222
191 209
164 205
5 214
170 195
24 167
52 181
72 96
137 233
128 143
197 231
18 170
124 161
117 161
40 113
113 215
23 239
66 165
172 203
221 240
83 126
103 140
37 182
73 130
41 122
98 175
50 205
32 106
127 245
8 37
42 148
53 62
193 226
157 195
115 132
108 136
163 211
30 220
73 80
29 239
16 236
146 235
80 103
28 80
91 92
52 144
20 34
50 116
59 153
65 243
203 205
113 183
86 100
6 90
104 142
86 117
72 233
94 208
101 158
198 233
150 182
185 225
18 119
25 106
28 216
62 101
84 161
123 157
65 134
20 41
176 191
78 94
118 172
136 196
61 180
49 187
67 158
42 157
138 162
3 155
130 136
9 227
9 66
25 127
78 208
43 180
158 179
29 90
185 245
57 123
67 173
5 107
142 169
48 100
41 179
67 125
100 204
55 102
53 197
20 161
3 36
164 178
1 10
87 199
66 206
76 197
150 160
23 156
52 138
41 210
20 158
175 224
126 203
61 92
149 152
12 66
8 138
205 235
25 90
80 185
131 194
56 84
39 195
40 231
38 39
25 81
195 234
80 87
203 238
104 146
2 153
21 90
168 225
149 240
168 236
71 186
107 198
217 237
84 210
93 111
127 185
36 125
39 245
9 64
10 112
165 207
25 179
33 99
175 232
34 200
205 210
86 167
39 58
34 39
2 214
69 167
38 82
135 146
109 170
34 199
42 227
76 166
217 228
153 212
75 77
121 131
196 217
55 117
141 209
77 192
53 238
14 47
96 113
111 235
114 228
142 143
89 239
216 219
69 90
44 233
91 125
168 212
7 182
175 217
59 189
45 212
130 214
90 165
5 222
107 202
170 183
195 197
173 184
98 101
139 222
8 208
64 216
4 92
46 165
120 226
40 236
175 242
80 106
193 222
111 117
52 240
47 105
35 175
25 124
8 15
195 235
174 192
63 156
152 218
93 112
63 95
5 12
55 96
106 133
9 101
89 175
155 234
11 39
93 136
42 199
31 195
13 107
221 223
238 241
50 129
86 243
137 193
19 33
48 122
22 38
84 237
156 223
69 199
7 202
67 233
23 170
110 155
11 136
21 174
40 201
69 190
121 154
131 179
86 220
67 226
215 225
123 162
77 184
42 166
63 195
24 54
130 230
15 93
133 156
138 237
164 165
81 214
64 83
168 195
104 232
83 135
50 181
71 80
28 29
2 217
146 147
188 224
50 197
78 198
123 187
167 213
98 176
64 94
4 89
41 161
44 74
5 79
33 233
69 220
82 182
4 44
230 236
16 133
2 192
128 217
70 119
124 135
216 228
193 210
96 151
84 222
37 152
91 155
59 118
51 103
134 208
63 168
33 227
0 22
7 55
95 205
95 214
145 245
92 136
57 165
21 77
78 196
24 154
184 219
2 27
72 211
78 150
137 234
84 156
37 127
181 187
170 228
109 224
54 124
80 127
124 225
160 189
97 209
129 217
104 154
106 224
56 132
7 80
77 83
42 228
173 187
30 155
7 228
179 186
60 200
87 219
230 238
62 133
41 92
81 143
63 119
35 226
46 242
47 176
192 226
34 114
38 142
138 154
128 236
48 177
106 144
202 242
92 193
64 127
213 224
40 53
23 154
88 158
32 227
78 206
60 157
110 142
77 132
30 117
60 219
15 228
141 206
70 172
68 156
86 142
93 180
67 114
60 93
7 36
207 222
43 104
27 83
27 226
4 94
85 196
75 116
53 112
204 209
22 187
62 106
129 171
186 234
40 242
69 219
82 241
203 228
10 147
133 148
65 170
11 15
23 241
31 216
48 140
117 226
53 171
34 226
148 211
60 237
5 163
78 169
100 210
30 148
1 29
18 211
54 122
108 161
41 231
17 170
165 182
25 31
89 123
72 137
71 117
120 243
0 148
61 109
36 162
159 162
180 205
65 154
82 239
171 239
33 243
27 59
95 142
94 199
2 154
63 200
51 216
160 187
93 113
47 147
40 84
123 228
22 104
79 229
66 77
161 236
194 227
71 214
140 194
42 144
162 220
8 27
117 209
124 179
46 227
19 229
180 188
55 132
43 70
161 174
240 244
71 232
43 111
40 134
39 166
16 92
55 97
127 187
126 244
153 228
111 159
176 203
42 127
5 218
69 118
76 157
113 220
71 141
22 88
79 96
42 65
57 227
52 102
190 202
167 231
4 99
133 141
56 67
86 110
138 201
125 212
129 243
0 184
54 158
67 171
37 156
148 210
112 173
76 168
55 220
110 117
127 184
0 96
32 41
143 168
29 144
3 49
11 102
196 214
48 167
132 194
5 233
165 220
59 224
76 163
60 235
200 210
56 190
15 192
169 206
122 185
0 194
38 111
65 125
2 238
207 227
127 138
13 26
135 174
21 222
4 244
49 86
11 162
43 145
221 237
72 81
0 226
60 115
59 78
31 78
82 181
189 221
23 38
132 156
213 216
100 191
100 178
177 205
187 230
177 211
118 119
94 203
202 224
137 241
6 86
80 89
200 234
160 169
38 41
192 196
2 21
67 126
70 206
35 177
6 157
126 187
57 222
61 105
55 116
184 242
199 206
22 31
151 157
20 146
124 125
13 67
49 54
46 94
46 103
92 103
16 151
74 190
98 224
187 208
182 188
114 136
117 195
63 137
69 208
82 88
79 173
44 184
78 220
222 243
19 126
125 149
159 242
152 193
69 236
109 228
78 237
111 153
104 117
33 69
23 194
112 200
149 170
84 199
19 128
78 84
94 206
93 235
20 118
38 241
27 190
79 107
48 189
63 99
171 227
27 108
2 176
34 59
53 227
67 120
29 64
29 31
86 132
96 208
86 216
41 183
67 220
22 121
117 200
71 74
71 78
231 235
79 101
82 216
38 164
79 183
95 166
188 226
28 184
17 136
30 87
29 77
197 223
113 245
101 177
76 169
52 74
43 114
64 172
134 186
115 176
130 229
42 50
232 243
2 232
0 214
165 226
143 244
170 206
76 153
42 210
22 51
36 102
4 222
57 113
5 239
166 172
94 136
178 226
56 218
36 208
1 204
57 157
84 112
94 167
62 79
176 200
190 206
2 197
18 134
189 217
108 137
72 221
109 163
11 81
4 232
196 202
47 107
141 229
123 229
76 235
5 61
16 78
18 23
94 159
76 123
57 206
198 231
43 217
20 76
169 182
180 187
172 183
21 187
0 234
110 208
75 88
211 227
54 143
212 220
16 64
97 229
109 164
44 213
5 104
168 175
106 237
37 74
140 237
90 159
94 221
3 202
65 100
0 218
166 181
195 222
129 135
38 235
188 207
48 214
47 235
18 67
139 208
33 96
16 162
64 68
3 11
100 125
21 189
59 73
11 130
100 112
183 241
88 219
59 133
162 222
75 95
16 90
83 235
13 235
11 182
122 204
65 136
167 188
14 66
97 239
55 161
54 144
194 222
45 103
119 229
213 242
107 182
1 73
178 187
47 87
47 52
154 244
62 90
3 226
177 187
78 156
6 177
14 192
71 147
98 182
160 179
172 188
111 177
201 242
216 231
93 212
172 238
1 243
29 40
52 242
147 183
85 242
67 225
80 242
211 228
98 148
147 154
60 83
133 162
80 94
170 241
98 191
199 210
59 211
18 214
21 235
37 222
112 171
73 170
44 118
31 243
223 230
146 184
54 130
225 238
141 196
88 207
134 172
193 215
27 147
63 203
10 27
4 29
3 95
51 101
62 149
149 194
8 133
113 203
162 189
42 135
85 144
77 209
36 210
16 190
227 235
188 214
143 193
44 85
63 179
146 227
148 221
139 186
1 169
34 228
52 130
96 120
53 149
9 224
48 161
37 231
31 53
64 171
6 108
98 231
107 212
0 239
72 132
208 230
16 93
82 186
78 112
187 215
34 191
105 221
157 174
89 208
29 143
81 173
2 181
129 134
29 48
100 103
49 222
153 163
148 154
103 156
14 176
27 85
128 237
125 224
21 149
107 243
22 214
67 169
92 96
120 129
60 174
100 153
66 158
101 211
173 201
142 160
232 233
107 137
171 221
74 183
182 233
178 229
68 115
33 130
5 36
48 130
78 239
190 237
108 193
41 58
62 97
33 71
11 234
10 117
203 208
54 156
36 159
17 29
27 144
27 53
89 168
175 203
7 39
28 75
21 201
135 199
74 104
168 207
86 135
113 240
21 76
62 140
86 122
166 220
17 221
102 207
126 209
137 216
59 162
138 200
13 121
64 146
22 153
154 166
41 242
135 171
221 227
237 242
93 142
51 108
129 201
63 209
134 241
83 193
78 193
65 82
137 175
13 155
19 198
191 225
167 226
62 132
14 108
103 244
9 157
82 141
80 107
128 187
73 230
193 234
7 11
1 61
23 147
97 102
104 141
174 216
88 206
27 210
11 33
10 78
21 169
38 226
67 244
148 165
9 181
44 103
50 239
31 169
75 130
163 208
208 223
64 142
133 146
99 136
181 237
59 69
129 219
172 232
53 104
180 181
4 27
150 200
167 201
75 134
69 170
70 207
11 138
22 62
79 125
32 147
36 186
69 99
39 137
36 176
46 245
36 115
111 172
87 227
6 68
27 145
21 214
18 199
36 43
26 151
199 201
153 237
0 52
43 95
99 102
18 156
126 128
89 190
9 57
96 105
118 218
67 206
193 197
174 187
43 201
104 222
13 166
73 136
70 159
26 68
142 144
81 100
153 189
216 223
9 68
25 89
157 227
175 196
197 221
55 159
147 224
117 215
81 172
97 122
4 138
79 86
179 238
166 221
52 235
76 237
145 234
131 244
135 163
171 200
214 241
72 187
88 134
96 133
204 229
86 107
43 199
78 134
87 143
57 117
59 197
16 100
189 212
108 244
59 130
4 48
125 185
60 229
75 140
190 211
74 239
105 110
35 136
73 192
46 176
113 181
73 90
195 220
44 117
72 80
39 70
15 118
186 193
5 70
106 150
39 64
33 102
75 222
31 236
86 145
69 204
47 241
11 13
25 118
101 165
37 133
15 242
79 126
126 175
127 210
4 147
90 136
58 111
123 156
53 210
97 175
60 72
9 96
88 227
137 206
80 233
95 224
142 195
65 92
150 239
15 20
29 192
140 212
49 171
84 235
166 214
75 227
123 241
147 182
63 117
172 204
200 241
122 199
7 113
117 189
77 166
178 219
17 47
78 234
142 213
79 141
99 119
109 118
36 225
126 140
63 194
78 157
103 221
115 146
132 208
23 177
196 222
137 141
114 201
24 35
145 226
143 216
120 184
70 140
56 121
30 83
47 243
4 37
17 143
87 152
21 70
146 157
186 195
42 140
73 121
123 160
40 190
50 127
14 132
180 229
91 235
7 114
19 90
18 49
83 236
168 227
122 123
61 219
76 179
48 204
100 223
13 61
35 196
23 31
105 177
178 196
47 135
135 207
27 201
74 79
181 183
190 231
138 169
91 148
104 221
159 204
7 81
100 194
69 237
103 197
109 175
167 175
11 151
80 175
7 76
112 191
44 81
75 177
47 139
35 59
120 224
57 199
73 245
0 183
218 244
38 65
102 219
31 205
107 213
21 94
100 202
26 61
53 138
98 121
86 212
60 146
118 163
37 218
150 181
112 175
50 186
36 148
0 197
3 93
10 143
43 85
33 44
55 208
182 225
0 120
116 222
38 122
6 136
15 22
40 99
63 71
197 244
102 227
68 151
161 225
107 245
12 225
43 157
38 75
58 144
135 162
4 115
5 11
40 50
159 168
30 53
89 91
68 126
50 168
55 227
208 217
46 184
50 165
90 206
35 112
25 94
95 213
35 245
219 229
5 18
24 177
35 168
52 85
90 176
151 175
103 188
31 98
32 173
91 94
48 135
21 134
112 142
109 242
165 175
110 111
31 164
73 111
31 96
65 121
116 119
49 236
8 153
117 148
55 192
24 113
93 193
132 176
128 164
4 163
61 240
117 173
30 207
68 120
72 152
37 70
7 19
43 162
17 54
73 95
66 127
60 110
96 129
186 194
50 203
124 188
184 245
72 141
81 210
22 168
4 226
6 120
107 122
73 74
183 212
60 217
111 214
103 165
110 200
4 145
100 110
80 81
166 236
86 94
114 244
32 124
82 107
158 186
41 211
82 135
207 230
27 75
13 159
4 217
115 139
194 196
30 173
26 76
22 206
39 185
90 166
227 238
232 235
6 226
41 206
11 181
215 240
109 146
109 205
87 132
63 93
119 242
4 229
66 213
99 185
12 195
73 107
13 239
44 229
79 88
92 174
164 186
134 242
117 223
111 132
6 211
123 235
182 243
7 201
31 73
107 238
142 181
72 229
18 190
146 234
33 161
24 42
115 177
123 135
24 238
15 160
104 178
34 93
211 241
31 45
39 77
19 58
14 104
99 206
137 226
110 217
10 122
72 92
32 66
7 238
73 155
163 225
11 24
22 81
70 138
21 110
48 78
88 100
27 74
65 96
53 84
194 202
168 202
127 208
47 161
146 162
60 143
103 207
51 140
172 209
108 245
48 93
64 213
33 105
119 218
170 212
155 226
143 214
131 242
8 13
104 171
129 159
50 119
134 209
54 107
190 217
45 215
19 103
72 183
1 82
119 183
28 53
191 205
77 169
70 209
177 181
123 137
104 158
23 210
84 244
39 229
28 180
25 74
55 59
22 228
31 196
7 18
40 198
111 206
147 193
104 194
3 214
34 237
131 138
33 231
79 117
6 232
219 241
31 176
82 85
99 180
76 90
31 173
54 137
75 234
52 103
228 229
44 195
53 152
28 92
72 118
78 173
130 137
166 191
37 50
78 187
94 222
52 54
54 126
34 180
39 237
108 194
124 170
55 187
82 94
105 227
107 172
41 213
165 177
146 164
50 183
3 144
123 234
117 220
171 206
72 239
22 87
172 233
32 57
26 232
82 90
160 176
23 230
53 93
34 98
4 234
76 144
7 134
23 192
69 215
15 245
122 173
130 208
124 167
3 163
61 148
65 237
111 136
158 172
126 191
66 122
39 210
87 121
9 32
56 105
46 128
155 209
36 201
154 233
54 192
146 160
32 195
43 76
48 121
136 176
190 196
84 211
20 58
25 99
95 96
24 62
71 115
101 212
139 219
69 207
166 219
37 159
75 181
73 144
11 66
210 213
34 152
53 158
167 245
135 173
90 97
17 215
2 223
119 139
40 181
29 119
0 200
104 110
3 132
46 244
89 169
25 62
96 191
113 210
5 130
233 236
115 242
30 241
244 245
21 25
22 173
42 241
120 130
14 214
0 100
223 224
32 242
83 146
82 111
121 153
16 29
49 122
21 100
84 219
186 241
121 181
37 72
19 209
147 199
44 104
151 159
185 219
20 238
60 224
177 189
71 138
32 180
109 197
71 203
141 213
3 46
28 32
50 76
54 215
70 152
155 168
64 193
90 215
44 165
132 162
66 99
19 157
14 81
111 165
84 147
125 150
40 123
50 245
35 51
177 208
209 241
41 79
46 126
193 241
203 237
32 131
46 217
10 107
97 100
36 183
132 238
74 228
32 183
75 158
152 184
157 219
84 194
62 75
79 195
34 100
179 229
100 242
104 123
154 175
93 124
209 222
162 187
102 182
70 170
81 136
122 230
14 73
162 210
6 166
16 206
39 125
40 109
14 82
94 183
143 206
64 112
22 122
13 129
139 241
46 49
97 110
90 102
26 39
1 51
180 201
136 137
40 88
151 238
64 175
53 241
111 121
17 223
97 236
89 235
123 245
8 145
1 75
236 244
130 145
74 226
46 141
79 187
17 185
34 103
20 232
67 88
21 147
85 213
154 230
106 137
9 88
61 188
45 100
51 93
2 9
53 74
145 236
241 242
27 222
79 83
68 149
45 142
26 174
119 225
109 216
59 190
187 227
15 143
103 190
147 201
106 130
54 207
19 93
65 174
27 67
45 222
6 225
4 65
44 226
50 187
146 156
42 185
58 212
7 213
46 75
37 119
65 175
70 227
74 186
80 142
43 179
61 126
215 230
119 160
87 213
84 158
67 187
103 137
159 236
99 238
83 234
25 80
183 224
119 129
202 213
150 245
50 114
10 212
85 95
7 209
28 229
25 240
105 218
129 177
41 135
68 243
7 151
117 178
0 119
124 132
17 72
89 111
11 196
99 129
72 227
2 66
211 212
8 163
64 187
72 196
58 225
99 217
50 64
129 188
228 236
47 244
14 145
65 147
141 237
36 243
100 208
146 199
93 131
33 232
18 107
47 106
144 152
0 58
92 167
88 122
168 176
1 55
46 175
200 228
122 124
82 225
169 189
106 175
39 72
129 238
87 129
32 146
22 32
183 213
160 241
52 109
8 118
59 144
44 140
36 138
56 69
7 139
51 174
80 93
79 85
64 93
118 207
115 187
222 234
30 131
107 149
161 237
132 210
15 104
205 233
89 210
1 23
28 66
162 217
42 93
67 131
20 140
17 216
58 69
87 223
41 243
97 141
99 167
70 193
60 197
126 232
161 172
10 200
40 185
107 161
115 161
56 150
67 154
81 202
115 126
107 113
12 115
5 37
203 222
26 197
43 142
87 180
161 202
65 128
135 245
193 244
103 228
104 180
76 89
121 237
103 139
55 58
17 24
117 176
174 183
124 143
180 226
177 244
74 215
107 179
87 138
74 80
22 125
116 171
85 173
48 70
50 54
86 96
44 178
211 240
16 73
11 137
33 177
86 241
103 134
140 171
4 176
26 103
13 214
24 165
8 177
5 55
68 238
47 72
18 196
3 133
1 93
6 77
51 142
174 198
75 206
102 173
72 157
169 229
115 227
18 37
28 166
19 34
91 106
67 113
25 75
53 82
41 110
117 199
30 213
105 170
43 102
26 35
15 47
114 203
24 182
0 17
73 150
169 175
59 214
4 241
8 156
89 96
38 230
14 94
149 183
8 215
147 180
35 144
132 198
18 239
5 187
20 148
84 150
45 131
154 210
143 194
3 37
133 171
163 210
102 106
30 33
126 180
36 211
64 200
96 195
116 140
0 48
59 140
18 130
178 228
75 154
120 213
135 164
5 186
187 198
65 189
69 226
98 244
110 209
224 230
161 213
66 130
103 187
2 229
93 219
110 213
13 144
38 61
109 143
43 71
165 183
49 188
107 121
43 144
19 107
66 88
60 214
27 176
65 165
181 195
21 170
189 198
147 237
45 144
101 240
195 223
35 132
58 138
153 154
55 114
25 26
85 106
71 149
37 48
149 176
42 149
34 176
46 206
137 157
4 9
135 190
78 241
114 131
23 195
15 126
19 235
52 71
72 105
62 201
69 126
89 165
163 183
25 163
50 67
39 62
125 194
62 125
173 238
86 172
100 167
142 157
25 185
19 24
81 153
117 235
5 92
122 147
58 208
221 228
13 194
88 238
121 143
140 165
80 140
54 235
67 160
218 233
26 196
115 157
51 74
125 156
91 205
56 152
53 178
82 137
19 188
69 112
37 80
42 45
69 137
124 223
139 221
56 77
22 211
23 163
115 207
25 91
94 154
16 47
109 180
39 89
115 150
20 100
186 243
49 103
29 206
50 212
67 91
57 149
19 239
163 172
9 219
15 124
216 222
30 95
157 161
82 92
1 144
63 151
74 78
5 200
220 232
126 229
86 144
11 21
89 107
77 189
3 140
50 193
77 202
85 241
35 178
35 187
79 153
143 201
28 84
30 54
130 134
96 153
36 48
74 164
157 234
108 166
26 75
79 223
146 233
88 181
194 213
136 190
45 140
37 216
53 61
57 221
64 143
124 235
10 208
196 201
62 142
157 203
143 181
65 104
94 106
8 237
0 110
30 187
79 172
10 127
72 130
95 197
59 124
121 229
22 205
110 234
43 61
36 153
150 227
33 221
11 111
62 230
129 240
86 137
72 123
17 229
111 198
170 203
32 135
137 162
11 216
178 240
57 151
33 141
27 199
31 41
3 207
16 238
46 97
38 129
43 105
61 193
41 68
76 102
166 193
158 210
41 127
29 39
66 237
39 221
21 57
16 59
22 217
146 153
61 95
63 241
38 163
82 123
3 138
54 108
12 203
176 242
137 230
118 145
184 202
91 153
16 31
55 138
110 169
23 191
63 215
86 158
68 241
76 98
7 77
34 116
223 228
77 91
20 159
19 200
15 145
35 128
10 215
126 184
32 121
6 234
63 88
54 148
84 107
13 183
139 192
73 108
55 145
53 223
63 199
41 105
78 110
56 127
197 219
158 235
88 223
36 172
33 140
18 163
4 148
175 188
15 238
82 201
77 119
59 109
163 204
136 199
16 235
199 241
140 234
15 229
80 95
86 87
79 226
85 229
9 132
95 155
42 138
35 165
78 175
71 114
21 81
153 233
129 152
115 145
148 161
38 171
126 159
125 196
27 152
135 221
64 137
68 234
117 135
137 142
2 75
88 108
11 34
188 197
44 183
166 242
72 219
192 202
126 213
182 227
184 208
57 176
115 128
236 237
53 194
83 243
43 202
133 188
142 217
83 208
50 152
28 193
53 199
49 179
55 212
1 89
190 230
37 226
36 244
28 162
100 217
11 219
143 169
118 126
33 175
65 68
169 197
74 150
70 146
14 215
2 178
41 197
36 63
13 225
30 121
115 180
93 188
123 130
29 217
59 67
133 245
53 80
33 212
63 158
43 182
41 138
92 201
3 217
57 162
135 241
35 234
49 152
51 157
213 227
7 109
10 60
138 234
111 194
12 240
26 53
13 216
195 216
105 192
91 144
70 143
188 222
140 166
76 143
168 237
41 112
171 217
11 128
14 69
16 153
57 141
13 185
162 192
223 235
27 186
148 213
24 28
18 204
33 73
118 143
55 171
158 162
200 245
127 163
160 223
1 108
10 202
25 245
122 189
13 208
105 145
109 155
16 111
113 127
135 204
29 167
161 169
105 147
101 233
59 129
14 79
58 65
64 90
74 116
174 190
101 196
111 160
37 243
46 154
118 198
142 208
35 137
43 168
63 135
132 237
13 172
48 115
85 90
31 59
185 241
134 223
179 188
108 146
199 204
112 157
112 212
84 227
52 195
162 214
178 179
32 56
72 136
134 152
160 218
4 38
75 138
179 207
80 217
122 240
24 126
208 232
83 96
8 164
198 203
0 115
82 125
204 205
73 75
113 153
49 51
105 119
6 182
83 130
54 155
0 32
156 192
117 221
121 162
90 126
164 172
36 62
198 234
106 215
89 157
55 130
158 245
128 227
76 147
29 52
77 106
17 68
167 243
38 106
98 141
36 226
36 57
7 197
25 191
12 178
21 167
27 192
146 163
171 231
23 134
151 242
135 183
162 185
139 197
115 209
25 171
114 198
134 229
75 211
163 245
9 74
75 190
15 211
106 167
76 217
158 171
43 64
83 85
161 168
224 227
105 123
142 179
64 92
134 215
99 130
10 214
161 210
60 205
157 194
48 96
25 65
15 122
51 242
100 180
109 168
93 143
104 109
31 68
89 230
63 146
8 14
176 195
79 133
8 154
2 151
101 119
9 119
62 173
117 207
25 113
33 39
0 105
56 228
71 150
175 216
46 168
128 231
222 242
25 35
145 196
51 215
42 242
31 214
189 220
172 244
89 189
73 209
192 207
93 103
109 125
27 225
13 231
72 232
46 198
32 189
12 143
73 105
87 170
11 147
118 161
29 237
141 178
0 109
79 234
2 120
131 134
193 219
9 211
237 244
27 167
73 132
226 233
38 45
127 207
5 203
197 210
37 153
134 206
80 110
57 148
88 201
158 170
98 186
38 136
132 140
70 203
196 205
76 113
63 204
96 209
4 22
6 88
20 168
114 121
136 157
6 25
23 233
42 237
45 157
136 243
19 67
26 178
90 188
21 105
123 129
108 160
142 216
151 165
81 148
100 129
84 151
49 97
79 150
11 229
95 113
0 47
27 143
71 89
84 225
81 200
10 154
64 101
142 237
133 185
85 157
51 229
24 26
138 153
211 223
91 236
34 169
2 42
61 120
169 216
9 165
41 140
164 231
19 172
89 245
16 136
90 138
0 25
102 104
138 156
53 196
11 135
120 185
15 237
158 178
121 166
0 90
92 119
83 121
147 209
92 169
69 202
76 101
117 208
154 171
29 243
192 213
201 236
80 183
154 226
69 128
20 129
29 149
104 152
57 75
203 210
105 143
37 129
164 168
30 224
110 165
8 227
89 205
73 208
89 227
98 147
141 223
106 182
18 43
73 198
71 167
96 176
8 105
34 232
20 127
64 179
42 208
130 139
8 58
27 238
22 108
74 142
37 79
5 148
174 219
72 89
18 200
4 121
148 232
44 94
4 78
78 116
229 243
11 241
30 40
82 174
31 224
0 112
112 167
153 200
118 150
6 109
98 112
4 174
15 38
100 121
88 95
87 233
34 134
59 181
217 225
79 161
67 207
88 115
3 39
56 156
90 177
27 219
78 142
140 162
115 144
134 213
22 204
37 86
22 93
80 238
99 123
61 70
115 217
61 217
181 196
80 105
11 106
86 234
68 108
89 134
105 216
72 111
51 232
103 158
7 27
0 76
15 123
129 174
33 153
10 36
7 96
29 153
105 200
135 175
47 123
178 204
18 48
39 196
0 72
143 151
128 144
69 179
125 180
18 238
177 243
175 181
51 115
40 131
68 236
17 159
44 186
4 97
8 113
81 205
54 226
60 150
51 224
52 76
49 207
137 168
200 224
73 89
133 215
159 172
178 239
81 217
36 181
34 213
3 102
23 55
122 134
48 126
59 92
5 162
148 208
17 219
7 122
137 153
29 66
65 193
58 149
138 208
107 218
131 212
25 32
0 45
74 213
29 82
26 90
1 194
204 215
10 149
192 235
0 181
92 117
142 210
10 96
36 99
0 168
7 143
46 224
6 191
160 215
165 225
15 154
37 59
11 142
80 163
103 120
50 123
34 195
46 143
56 102
113 187
41 187
212 216
21 58
34 205
125 242
56 170
119 191
184 190
63 69
29 56
229 240
124 145
61 157
94 169
92 102
142 156
216 243
131 198
226 238
123 209
55 83
97 196
106 193
81 233
7 241
57 89
129 242
82 159
100 222
45 187
25 209
130 190
65 95
22 233
43 75
43 69
6 73
151 191
70 151
77 168
29 147
53 103
30 56
19 69
70 109
26 240
27 134
18 169
25 230
17 200
12 81
49 186
72 116
41 96
44 121
176 196
53 55
45 78
65 207
45 107
31 102
82 128
38 95
162 212
18 32
11 244
45 127
26 89
72 175
68 159
186 209
188 192
176 178
7 127
76 132
63 197
31 170
102 118
91 165
194 238
68 79
162 173
101 234
33 239
87 96
65 161
11 166
178 206
107 170
9 45
101 213
62 189
27 133
99 114
9 175
48 210
127 198
187 209
47 149
35 164
32 193
56 134
9 87
10 234
207 235
123 198
78 178
68 139
97 151
20 40
54 161
0 238
163 180
33 184
79 100
52 226
210 243
151 206
56 68
46 204
29 230
76 94
205 211
5 221
63 67
138 172
11 206
208 236
34 179
101 174
39 160
155 185
14 152
42 108
194 231
137 143
4 203
106 241
8 63
134 157
150 192
178 209
48 114
58 106
116 152
98 235
197 229
17 28
167 229
65 179
99 103
51 171
125 239
91 156
102 147
85 184
50 71
141 177
122 228
26 117
96 187
36 121
96 114
81 159
90 135
30 138
31 82
122 190
67 188
44 99
0 156
74 179
192 195
153 217
72 154
93 183
166 217
1 92
48 233
147 215
223 229
57 241
30 204
50 126
47 245
66 73
122 236
175 213
67 234
62 69
70 192
148 212
15 225
7 204
134 238
47 226
89 132
