247
7
16709
60
88 2
84 2
79 2
84 4
88 2
85 3
79 3
78 1
89 4
88 2
79 1
90 1
86 4
83 1
73 2
77 1
86 3
90 4
87 5
89 3
86 2
84 1
72 3
84 5
87 2
75 1
75 5
85 1
88 3
82 4
80 4
76 1
81 1
73 2
88 1
85 2
79 5
88 1
87 2
80 4
78 4
84 2
85 4
81 2
83 5
84 2
78 2
78 5
85 4
75 4
82 3
90 5
86 2
90 2
77 4
84 2
72 2
87 5
86 3
86 1
90 4
89 2
90 3
90 1
74 2
77 3
82 4
83 2
73 5
74 3
90 2
76 4
85 1
77 1
74 3
75 4
89 3
87 2
74 1
72 3
87 5
82 3
74 4
84 2
84 1
79 5
73 4
72 1
78 1
80 3
79 4
88 2
90 5
76 3
85 3
89 2
79 2
73 4
74 5
86 4
90 2
74 4
76 1
88 4
74 4
90 3
85 5
76 5
87 1
75 2
86 5
88 3
82 3
89 4
85 3
83 3
74 5
80 1
85 4
82 4
81 2
79 1
74 2
86 3
79 4
89 3
85 2
83 3
88 2
90 4
85 4
82 1
85 5
80 5
82 3
76 3
81 5
76 2
79 3
87 5
75 4
89 1
89 4
89 5
83 5
85 4
90 4
90 2
84 4
86 2
85 3
72 4
79 3
83 1
74 1
73 2
75 1
85 2
74 3
76 3
90 1
88 2
86 2
73 2
85 1
85 5
81 1
83 4
80 3
79 2
87 3
84 2
79 3
77 4
90 2
78 5
72 4
90 1
86 2
74 2
80 5
84 4
77 2
83 2
82 2
77 3
85 4
75 3
82 4
86 5
87 3
75 2
80 5
78 4
72 4
90 4
90 1
88 4
80 2
77 2
81 1
74 4
76 3
89 2
76 4
75 1
87 5
73 1
73 5
83 1
74 3
74 2
85 3
81 1
75 1
73 2
87 3
85 2
86 2
72 2
81 1
74 3
76 4
77 1
76 2
85 5
72 3
87 4
81 2
87 5
81 4
77 2
84 3
85 1
86 1
80 4
80 2
77 3
86 5
85 5
88 4
78 2
74 4
84 1
84 3
82 1
87 3
126 186
0 183
103 237
74 203
160 182
50 150
137 187
80 87
19 25
90 207
149 163
81 101
13 148
123 139
68 149
10 246
40 84
80 136
130 180
99 209
5 14
9 150
57 232
63 218
132 233
216 217
217 233
94 234
58 215
206 232
190 234
133 167
79 242
62 149
163 232
44 45
93 180
86 231
62 198
58 188
144 209
85 94
23 45
3 180
72 203
53 127
36 80
47 178
123 197
121 222
39 214
109 174
8 217
18 53
23 142
21 160
177 207
42 242
10 17
171 191
94 115
93 152
179 226
47 200
43 70
117 222
15 191
141 162
99 222
29 134
101 218
37 166
48 159
225 228
40 123
13 174
16 209
44 78
57 74
109 199
188 192
82 227
80 238
62 133
102 143
102 107
73 104
111 210
70 223
136 229
46 65
76 98
120 142
197 209
191 219
131 145
37 125
148 149
144 161
73 197
70 164
195 218
135 166
55 118
97 228
56 97
164 183
49 55
111 243
70 167
87 137
113 151
150 171
165 166
0 10
10 182
215 221
95 100
44 49
44 122
169 208
105 132
74 205
30 178
41 239
197 231
197 244
102 137
13 191
60 185
42 182
184 194
75 95
23 145
20 73
23 161
83 131
129 237
4 80
76 156
125 176
57 76
0 168
78 202
236 245
66 184
56 136
47 176
85 203
105 241
56 84
140 157
146 211
54 222
140 195
70 200
54 111
83 162
215 239
35 71
2 85
65 131
167 171
112 169
14 31
37 143
96 216
92 110
142 172
151 196
70 128
9 58
29 73
24 77
69 103
127 137
77 242
108 210
29 80
186 226
13 188
20 179
3 6
61 177
140 214
0 224
10 36
44 99
25 82
42 57
75 123
46 128
0 176
41 183
75 99
72 237
15 238
119 185
51 189
128 157
81 156
53 194
4 105
146 178
21 64
144 157
34 96
93 130
88 98
5 113
59 187
51 217
42 49
183 219
88 154
28 106
10 188
120 160
154 188
114 236
164 233
205 213
96 153
69 73
110 214
80 130
50 191
61 100
8 177
16 245
154 220
75 107
21 81
43 65
8 85
32 104
29 196
96 148
113 245
9 73
57 144
71 93
211 217
158 171
174 221
28 217
171 222
29 112
14 142
72 186
74 106
86 246
207 208
133 229
68 183
54 211
8 107
147 246
114 242
102 159
16 213
134 214
78 144
157 234
19 232
6 64
80 173
168 244
120 127
12 189
141 159
36 183
101 211
31 172
220 232
45 71
24 46
55 154
40 143
18 119
161 173
63 156
86 169
49 174
83 158
194 207
102 128
189 202
119 221
87 230
163 195
6 18
86 120
92 140
57 78
168 242
132 241
125 139
220 238
95 148
53 148
200 201
39 96
32 182
48 227
77 118
28 172
29 105
20 115
95 98
14 58
110 215
107 189
239 242
37 170
145 230
34 163
44 67
72 196
69 72
59 119
19 151
94 204
48 49
59 109
57 194
18 58
95 216
42 176
32 101
78 231
71 188
43 100
117 132
126 162
36 48
21 182
23 85
59 150
92 178
53 173
29 132
24 229
107 162
31 59
244 245
154 222
90 134
12 237
178 231
43 165
2 165
84 239
19 42
21 197
65 151
176 233
220 221
183 197
81 105
79 87
76 104
140 168
210 217
130 198
157 176
3 97
28 74
184 236
190 197
162 185
75 172
107 134
74 231
27 110
7 153
2 115
57 175
67 142
74 190
73 199
65 106
4 39
56 137
178 221
39 46
55 114
105 224
155 220
182 230
36 223
15 233
57 190
141 147
80 92
217 220
69 203
18 29
134 181
129 224
131 222
4 44
124 236
65 144
24 197
5 164
39 187
56 186
20 188
26 106
138 148
94 246
111 226
118 163
83 111
150 197
95 121
117 146
22 55
109 215
215 235
27 200
69 141
7 139
181 201
112 199
48 242
60 242
51 145
115 196
193 245
109 238
95 246
51 99
151 175
18 72
95 194
159 195
75 243
18 76
15 70
57 118
60 92
39 101
62 224
105 235
92 168
89 127
129 184
191 246
116 148
65 206
118 241
137 234
50 57
11 187
58 130
144 150
128 245
62 100
36 86
90 122
87 195
86 211
57 234
75 242
39 226
113 189
33 181
127 238
25 211
26 213
168 183
13 135
135 139
80 116
109 206
131 152
181 192
111 218
99 134
165 246
22 135
25 232
14 91
39 184
89 152
22 63
25 26
32 214
69 70
80 131
19 77
29 190
51 88
11 69
129 141
101 168
139 169
62 64
68 155
10 61
4 129
69 190
234 235
103 230
163 204
147 183
0 226
25 224
63 232
50 196
37 236
150 245
183 234
103 131
3 144
143 173
2 153
69 160
9 40
22 239
94 183
186 215
95 227
205 235
201 236
117 220
216 227
135 233
66 212
119 143
88 156
13 185
109 186
75 117
89 129
0 197
22 194
17 201
23 92
181 241
200 204
55 204
42 74
53 235
187 199
14 150
63 190
19 51
61 105
107 143
146 213
78 113
8 121
153 225
38 87
96 208
19 91
2 146
4 15
27 82
6 41
89 239
161 204
31 141
52 60
109 200
4 27
21 136
130 191
92 221
231 243
142 228
7 45
14 128
105 118
108 156
58 204
222 246
37 200
90 191
31 121
172 233
56 132
59 116
185 222
139 175
94 98
126 234
16 81
19 178
48 196
58 208
178 195
15 80
61 143
193 238
11 231
153 241
121 123
68 196
35 73
92 95
51 55
207 239
4 95
69 217
112 222
134 191
125 135
78 211
54 88
22 95
43 53
1 198
46 190
29 136
18 140
135 219
150 234
134 160
60 100
149 210
80 172
92 217
126 222
5 109
119 161
60 168
88 124
43 112
36 75
179 245
6 114
190 220
48 174
143 230
131 162
9 169
99 117
204 206
42 82
33 92
3 71
122 159
37 135
144 174
58 59
78 133
128 214
0 211
80 229
54 169
78 126
19 89
21 177
36 177
145 246
10 80
29 125
166 190
2 82
65 157
38 169
39 48
8 187
130 227
78 157
170 212
122 141
161 194
20 180
25 164
100 107
57 106
7 172
11 57
76 154
108 134
67 196
112 146
130 146
48 217
81 143
15 206
35 79
92 157
66 127
102 163
129 165
117 205
152 213
144 236
25 195
27 229
34 46
115 145
93 196
27 76
62 136
33 170
109 177
60 235
119 150
18 154
128 154
76 129
45 151
160 188
124 202
116 198
9 242
9 162
2 123
43 93
104 185
12 241
64 93
62 153
67 198
142 231
82 141
88 203
90 172
103 120
52 151
178 180
56 156
137 245
41 139
2 53
73 200
100 173
96 102
115 179
74 164
160 223
35 198
42 151
26 134
90 185
139 149
95 125
60 147
29 161
57 112
31 41
101 190
22 234
0 62
26 233
67 134
167 226
36 159
199 242
174 184
143 154
136 182
156 171
116 181
7 169
82 142
7 125
6 157
77 236
34 115
15 114
62 185
31 187
166 243
146 231
160 177
138 208
29 238
62 67
94 121
154 209
2 10
24 200
92 155
81 213
89 162
104 115
116 245
116 129
16 212
33 209
27 151
34 133
76 89
23 220
112 141
148 154
16 96
198 209
6 76
52 156
66 222
98 237
70 165
11 200
183 189
5 49
73 241
157 219
82 225
87 149
118 143
34 156
55 139
16 155
4 147
123 234
36 187
22 143
20 205
190 224
94 113
145 171
180 210
131 154
199 230
44 213
71 147
181 197
159 172
152 181
65 218
157 163
48 213
11 162
5 166
23 43
99 121
205 231
35 127
8 117
25 90
72 212
32 191
180 230
18 111
52 107
167 189
223 237
49 238
7 241
9 157
124 194
112 159
114 124
76 199
127 246
2 236
21 191
193 229
131 191
28 180
131 174
157 167
173 197
222 228
56 215
134 245
20 51
162 215
78 207
122 244
66 72
46 223
34 167
45 168
13 230
88 195
127 178
207 234
125 216
54 95
96 122
126 216
17 59
1 68
52 94
178 242
108 181
39 238
117 193
195 211
39 154
24 96
40 152
150 192
199 217
28 149
27 31
67 96
86 216
139 237
11 97
63 109
146 199
128 168
33 125
21 32
2 76
179 215
10 163
94 186
94 240
148 176
63 198
78 191
52 82
112 182
118 209
3 120
86 245
33 172
102 119
25 108
101 221
10 57
39 120
21 239
159 217
225 229
103 130
18 33
136 207
89 222
167 221
187 200
194 205
123 235
211 244
21 147
104 124
216 220
102 153
7 64
106 191
169 237
46 241
25 31
35 78
63 78
26 178
126 215
128 213
15 147
207 215
101 121
7 55
233 235
102 214
135 191
120 211
38 70
138 168
30 77
66 110
66 95
10 140
22 225
127 197
23 44
9 99
65 163
169 202
9 123
32 235
54 130
6 99
34 57
147 219
56 157
183 202
121 216
58 213
114 115
5 128
173 220
157 213
86 226
0 13
49 181
88 117
42 194
161 199
2 32
64 177
144 213
55 121
216 240
188 189
148 174
119 127
145 154
49 157
79 90
3 78
24 240
18 205
23 213
154 165
67 107
131 187
86 225
94 210
123 218
16 234
139 234
158 213
36 81
188 213
62 206
102 144
43 175
37 83
150 203
10 71
56 107
89 124
14 216
87 142
17 145
25 126
113 159
100 135
88 147
136 172
65 246
119 146
6 169
165 220
137 168
30 84
80 146
0 221
2 12
84 111
12 37
95 133
109 121
153 172
54 176
87 145
71 209
54 246
138 159
29 113
111 190
66 174
31 158
84 217
192 228
77 134
211 224
30 67
59 151
173 177
96 157
166 193
9 245
68 162
9 188
119 224
61 243
11 169
14 218
188 195
16 152
81 182
133 152
63 127
69 129
61 190
52 204
130 148
103 227
51 72
23 163
38 130
150 225
183 232
136 151
97 166
156 244
214 221
217 221
5 23
129 144
106 157
9 233
191 205
0 56
27 44
16 118
20 159
112 144
178 181
204 240
68 200
155 203
35 180
98 157
120 151
83 89
17 68
111 170
60 118
142 186
58 230
72 172
9 172
97 215
172 215
225 244
77 156
52 89
57 82
82 101
76 193
129 206
42 145
88 125
82 153
133 179
76 177
15 231
130 160
37 177
24 39
6 219
101 220
89 102
63 155
11 81
91 95
8 233
96 243
5 57
20 165
8 120
45 162
18 130
75 124
32 71
54 69
67 184
77 106
226 245
71 95
131 151
59 61
90 154
8 118
50 215
171 187
41 213
63 120
8 205
152 195
84 184
49 195
7 59
23 188
64 175
7 211
80 190
23 33
75 240
30 34
147 156
49 214
60 160
45 121
133 144
3 118
98 110
52 239
162 172
150 211
19 41
113 226
61 130
21 204
72 194
48 244
22 105
77 136
98 189
68 211
138 214
221 245
114 194
24 108
129 145
233 240
51 166
58 64
21 87
134 225
92 225
19 176
28 59
143 155
47 66
42 118
18 234
15 246
86 190
37 121
36 70
54 178
45 69
100 126
166 219
97 243
67 105
153 167
58 113
21 154
27 30
40 206
18 113
26 226
86 129
68 208
154 171
125 240
100 238
40 62
52 230
149 242
16 133
51 142
78 200
35 106
3 155
79 198
95 203
57 230
8 169
151 183
13 234
129 199
33 35
41 225
53 184
1 91
32 81
51 155
150 158
82 182
54 131
221 228
27 28
168 176
35 244
4 181
21 76
36 238
87 104
94 129
33 119
90 111
87 103
115 204
217 242
227 228
150 204
124 150
59 98
100 225
37 46
130 190
16 42
56 180
14 193
46 174
114 245
130 152
153 187
59 171
54 114
52 114
140 234
58 200
54 231
117 204
12 240
73 203
78 141
13 197
2 100
54 197
60 106
98 201
10 143
88 120
87 199
29 227
30 64
1 97
29 57
84 232
45 246
7 137
117 202
89 235
58 60
5 178
90 159
236 244
112 210
48 142
69 100
98 226
205 240
35 216
208 232
70 124
69 218
9 199
72 229
145 213
80 193
158 218
103 142
44 236
108 114
123 239
85 100
118 232
11 213
40 70
61 108
46 234
7 27
16 147
43 75
40 239
56 123
123 149
103 234
53 158
29 119
52 132
2 67
81 97
167 241
19 245
8 78
49 95
81 165
46 161
192 219
35 156
62 229
131 207
108 228
211 235
146 232
48 81
111 212
76 136
155 160
35 193
41 236
147 226
128 145
79 182
27 95
3 168
64 148
37 244
199 224
115 163
25 182
135 162
17 178
36 111
21 142
9 213
108 201
62 101
114 145
144 171
137 230
154 191
81 111
24 169
51 137
165 191
2 232
183 224
30 223
44 153
14 180
206 235
4 167
118 234
168 199
11 48
22 110
7 183
47 168
53 76
58 173
10 230
121 198
159 236
135 188
149 180
52 158
44 209
166 237
40 188
43 180
168 221
168 201
28 76
83 120
175 227
0 22
108 241
104 175
129 135
37 56
20 31
16 53
22 121
5 110
107 225
8 101
29 106
15 134
118 190
111 120
88 214
108 162
192 209
0 216
97 189
17 163
21 42
161 240
150 162
4 139
93 176
9 100
50 113
100 149
28 135
116 134
34 70
46 229
91 99
78 117
121 211
65 135
64 167
25 135
138 142
42 136
37 204
64 157
11 202
75 146
81 116
137 161
57 239
18 201
58 193
6 164
145 202
18 189
57 212
100 166
141 204
183 201
24 199
97 158
213 225
145 150
156 226
138 188
88 153
170 185
186 235
69 118
32 204
51 190
120 175
43 47
66 137
64 189
205 211
212 234
182 197
115 175
27 189
78 210
93 218
62 93
2 217
84 112
45 187
42 211
69 179
92 214
59 206
21 150
127 157
148 196
135 159
35 110
35 167
84 178
118 229
56 81
145 155
176 227
152 234
47 91
133 233
153 242
41 58
146 197
44 129
62 214
140 232
49 59
52 100
60 236
180 238
83 88
116 194
71 130
151 241
47 89
35 178
127 237
94 130
153 165
41 217
24 67
189 192
138 225
14 198
55 120
177 186
5 207
109 138
93 135
71 169
156 202
15 88
173 223
34 153
59 242
187 191
106 122
5 115
161 165
104 194
4 21
123 162
112 191
193 217
10 63
71 126
235 242
192 207
86 101
56 242
56 138
20 36
70 103
73 110
16 34
237 244
106 156
71 81
198 203
87 188
52 122
40 229
91 142
30 144
52 200
31 97
114 172
119 183
35 243
11 74
50 90
108 144
22 96
57 85
59 237
4 72
96 213
74 189
43 89
178 230
80 100
135 178
80 81
231 245
7 224
150 151
113 177
37 139
50 97
3 184
59 148
105 179
32 144
111 165
94 103
163 201
37 219
7 181
36 192
95 162
19 21
49 190
28 245
45 57
19 127
17 19
134 146
107 198
134 202
32 181
91 211
95 190
5 184
6 125
186 187
100 244
20 78
223 238
174 196
11 108
7 117
166 244
39 189
137 194
136 193
208 238
7 38
24 112
45 102
84 165
75 204
171 224
78 243
46 131
98 120
54 191
24 52
199 236
80 242
30 60
124 135
71 109
152 233
136 168
12 101
136 224
3 185
191 230
23 62
47 87
3 154
32 43
83 191
136 230
111 149
122 222
44 161
23 203
136 231
126 166
170 204
87 168
90 142
6 236
41 103
20 25
77 111
33 57
165 182
140 180
122 144
142 146
216 239
46 136
70 177
39 179
102 206
151 224
221 242
31 244
133 181
141 206
0 121
14 166
8 165
51 62
45 202
6 62
34 224
45 204
49 153
60 199
94 226
34 151
119 175
168 227
162 170
16 142
14 158
33 233
28 226
143 214
4 186
56 150
227 236
88 94
205 220
22 240
51 243
170 242
58 134
84 234
75 87
47 158
87 183
140 238
12 219
27 99
159 232
46 242
127 132
27 152
85 152
225 241
83 238
76 204
24 230
181 208
106 227
136 183
45 148
185 226
75 150
89 188
64 194
10 187
100 127
35 125
134 212
43 201
47 128
115 143
119 194
146 163
92 104
157 192
134 201
4 51
110 235
59 96
8 46
3 211
15 101
105 161
186 194
17 48
37 142
222 224
27 213
168 192
140 172
214 222
198 235
93 244
38 140
13 232
62 159
5 18
46 211
159 237
230 233
23 122
112 170
48 155
98 187
91 123
104 145
0 61
106 136
80 212
135 183
59 64
15 83
119 223
40 238
72 182
77 161
227 239
47 136
226 237
1 62
130 179
66 117
77 116
47 104
24 189
57 63
127 208
21 72
102 150
115 177
191 213
110 162
117 126
15 167
48 64
32 172
57 136
48 204
12 129
23 38
140 239
84 186
20 124
64 187
14 221
71 231
100 167
12 173
120 140
31 222
14 35
206 237
16 87
57 77
167 187
69 222
115 123
41 72
16 37
196 233
46 78
31 120
80 99
28 137
39 227
142 227
61 71
12 34
232 233
52 180
13 18
7 165
132 134
100 148
44 107
143 195
45 111
101 222
72 130
162 188
40 165
12 196
122 243
96 178
129 143
22 68
31 144
85 124
63 197
60 183
4 37
36 108
23 151
15 93
27 66
3 174
10 194
59 113
84 197
150 233
106 151
30 46
133 148
23 49
208 244
155 235
122 127
132 177
40 184
99 114
50 121
75 212
50 105
41 160
69 235
10 43
59 240
53 224
23 184
156 186
35 190
100 233
103 186
115 205
188 217
55 230
181 237
15 41
16 203
69 226
30 94
6 119
70 114
28 41
44 230
48 224
106 213
155 161
62 89
28 184
116 144
39 117
83 157
49 196
61 67
191 222
22 57
10 15
100 103
82 91
81 192
83 194
22 136
48 228
11 115
178 223
61 200
77 203
83 179
46 141
11 222
24 171
9 11
94 136
77 110
11 65
22 69
91 149
120 208
171 233
1 167
32 102
218 244
25 38
102 115
39 80
25 68
193 201
57 134
93 215
69 239
174 239
54 156
12 202
148 151
19 224
170 196
104 204
52 181
35 47
56 119
16 153
10 33
31 231
0 124
7 111
4 67
162 225
43 74
21 119
17 146
72 112
142 220
116 124
2 31
5 187
4 70
62 174
19 152
115 122
203 245
2 66
112 153
114 168
106 168
170 246
15 69
81 127
36 69
78 143
54 129
18 107
30 37
99 154
8 48
122 147
103 206
90 190
20 48
220 241
143 215
176 192
124 188
70 105
18 235
34 139
33 45
93 120
143 169
44 123
91 197
161 237
31 128
151 211
164 182
47 52
97 125
41 101
58 194
20 50
139 148
97 178
60 66
125 194
14 228
37 59
113 238
173 214
17 83
109 175
164 169
10 229
201 223
162 180
26 120
109 117
37 232
172 217
84 222
168 246
16 169
13 19
58 68
166 234
166 217
121 188
68 232
144 147
92 212
46 185
105 189
94 154
7 19
60 69
49 168
68 106
128 139
139 228
69 96
174 237
154 187
167 177
219 242
5 211
102 188
48 54
163 179
88 121
57 202
5 175
21 213
100 195
31 214
2 43
31 98
24 93
53 91
43 135
142 243
108 197
1 203
43 244
159 227
123 172
36 153
183 241
164 202
15 39
60 206
160 211
53 155
214 230
16 162
11 25
71 180
126 198
110 129
44 90
214 216
187 220
124 155
36 144
17 226
9 51
168 184
112 197
47 167
66 218
222 227
69 174
100 199
135 201
81 232
65 210
90 180
7 56
82 106
45 126
145 159
83 222
7 107
105 126
73 80
79 101
161 222
112 117
70 180
133 240
108 223
21 120
70 93
14 19
175 187
20 201
90 138
138 195
53 214
116 240
214 239
10 142
74 86
67 194
64 226
137 150
146 183
172 226
20 44
96 206
32 109
39 44
8 68
103 188
174 211
133 246
87 169
11 47
67 244
178 210
60 117
65 141
8 154
168 208
17 144
91 183
115 230
45 172
36 239
12 71
68 131
56 188
94 185
1 141
86 91
102 197
200 241
104 234
41 244
76 97
42 170
107 141
17 190
51 236
60 171
35 186
9 139
92 230
188 190
128 144
171 193
4 90
50 172
137 172
174 192
2 58
5 25
126 196
9 43
107 219
151 182
43 110
104 180
100 179
40 156
12 43
13 110
141 246
88 101
142 226
53 230
59 161
93 222
47 224
99 106
69 144
199 209
133 136
54 185
101 177
4 81
49 125
56 142
195 225
31 108
155 228
35 233
170 208
35 234
15 131
12 42
73 201
58 62
114 132
94 138
33 60
70 153
78 179
98 102
28 97
63 100
169 217
41 129
66 154
50 175
107 208
26 177
137 193
46 215
186 188
82 192
146 168
62 171
78 208
51 212
40 189
22 233
91 112
82 156
7 147
73 218
147 213
67 183
24 162
128 177
19 168
63 73
199 218
36 185
72 78
51 138
79 98
79 206
10 149
120 207
86 138
12 90
3 81
42 213
193 199
143 172
116 200
14 51
197 202
85 210
160 244
64 191
148 227
62 120
24 124
43 55
4 10
186 191
128 202
179 199
120 210
79 171
195 206
88 137
54 182
170 172
36 210
1 228
82 202
145 204
85 224
43 191
87 209
64 188
205 229
121 199
35 88
208 245
2 220
87 239
120 137
34 74
46 227
12 153
89 185
183 216
49 194
132 193
221 234
30 83
77 192
89 117
24 85
159 176
2 203
116 189
21 243
92 207
104 119
90 205
124 144
140 225
23 160
39 43
169 245
12 207
58 101
67 179
159 166
19 29
13 186
154 236
61 90
155 171
95 236
62 117
80 175
40 108
40 223
36 142
147 157
9 53
75 92
162 223
108 186
49 82
14 241
159 216
169 220
141 200
38 198
113 158
65 235
157 187
1 123
56 182
147 149
59 69
162 242
3 34
214 234
2 200
120 122
16 197
40 121
90 100
98 170
31 48
58 103
3 237
45 169
101 135
158 245
144 200
22 217
97 119
13 193
116 178
69 102
74 186
20 104
34 160
105 124
20 136
60 81
111 118
38 236
143 161
175 236
9 112
67 239
104 208
189 224
101 216
31 102
157 243
19 201
43 246
175 191
76 245
21 83
153 235
189 195
29 184
17 104
76 206
168 212
120 153
116 234
205 238
184 195
63 233
53 193
81 184
3 140
127 135
35 158
76 228
102 226
61 164
108 151
171 182
120 232
238 242
7 104
8 238
19 161
185 239
68 190
102 122
213 217
58 192
97 221
98 236
27 179
12 102
117 241
93 124
1 77
19 58
7 216
40 115
66 192
84 164
107 212
125 168
148 202
182 244
141 193
30 115
80 123
129 168
66 75
43 219
191 244
21 77
94 133
103 162
79 157
17 33
167 169
28 155
126 233
19 143
58 155
180 205
26 197
74 178
42 218
124 173
34 158
133 239
85 165
107 114
78 164
51 197
159 240
93 125
27 166
217 236
139 208
84 215
13 50
200 236
54 61
7 60
11 64
100 157
110 123
24 201
101 152
51 133
132 171
91 108
6 112
42 128
72 110
13 236
1 18
43 152
71 202
106 139
13 171
51 150
124 137
107 238
54 144
116 155
27 74
173 183
113 190
60 63
30 238
9 106
43 212
40 235
57 107
13 162
73 126
62 103
177 241
152 189
55 94
166 187
46 76
138 172
53 169
213 240
124 244
87 108
185 216
89 148
78 125
93 204
10 79
133 195
189 212
94 167
33 224
23 167
102 135
92 154
59 178
159 199
104 158
41 87
3 239
18 208
130 172
148 200
127 147
61 120
102 175
123 205
165 199
90 221
184 237
42 132
19 78
87 211
128 203
182 190
119 173
19 85
185 207
118 134
72 240
37 118
124 169
135 148
218 245
65 133
123 161
87 124
81 151
47 234
32 200
107 205
109 184
1 23
23 101
190 235
116 170
113 222
163 235
137 201
132 150
151 226
219 224
21 221
35 211
11 154
41 210
59 153
201 225
61 171
44 229
63 121
14 24
19 55
108 236
77 129
5 21
72 210
218 237
127 182
208 235
17 162
24 131
170 224
69 206
111 160
93 200
56 116
38 164
22 235
3 59
140 155
23 123
66 235
71 208
108 113
27 133
144 155
30 137
32 38
166 202
19 231
67 76
4 137
80 234
15 208
151 208
166 181
110 217
88 206
173 204
65 87
24 186
84 173
21 162
178 203
19 186
20 185
72 154
30 180
127 146
141 151
189 209
38 225
89 219
19 171
20 53
43 116
189 231
8 65
201 243
201 222
67 109
5 241
125 170
67 77
91 219
17 98
29 75
193 203
1 140
106 138
6 111
94 134
16 82
89 214
56 229
36 52
20 75
185 192
56 240
22 38
201 211
83 198
25 107
85 137
50 87
83 121
157 239
49 127
38 129
179 182
44 210
26 183
20 117
146 150
22 226
18 163
37 178
9 232
19 140
110 150
15 163
157 222
122 146
71 173
18 22
68 138
155 230
5 191
122 232
212 241
78 230
13 217
232 235
154 190
2 210
135 193
70 195
56 147
67 161
55 89
207 229
129 155
14 57
43 58
114 165
13 150
25 41
44 103
154 200
107 175
17 161
1 241
11 144
115 148
73 221
201 215
49 81
107 112
63 122
67 108
105 203
59 216
82 237
131 196
110 149
85 130
12 109
89 165
28 72
89 226
96 139
31 66
47 103
9 104
0 91
21 237
18 27
61 206
15 165
52 112
88 102
146 164
102 236
126 161
1 119
89 142
160 200
12 242
128 211
18 105
59 224
129 212
22 218
35 108
15 242
161 225
10 153
109 214
21 157
53 113
176 215
119 227
34 221
148 157
67 233
66 74
62 199
4 122
28 98
19 56
5 203
15 16
59 222
48 190
32 166
202 218
85 108
37 216
123 244
48 241
77 126
104 168
13 237
193 212
33 133
93 114
41 43
86 137
125 167
119 240
81 173
14 83
69 173
181 232
62 150
121 148
16 40
20 176
116 137
150 236
4 113
44 235
98 113
115 233
29 157
116 117
178 196
105 238
0 184
134 236
76 207
68 69
79 164
1 105
1 78
61 134
167 219
14 235
128 212
12 214
119 204
25 63
124 185
57 99
129 185
125 205
23 75
52 111
57 160
16 138
93 163
147 174
85 179
118 194
146 205
132 207
15 48
71 168
10 222
108 222
165 208
47 185
90 94
8 21
158 172
61 149
30 136
42 222
75 82
38 196
15 234
89 133
66 208
173 207
33 51
113 156
116 230
36 93
120 161
46 154
108 138
11 226
84 102
129 207
101 159
35 201
142 199
102 126
54 152
42 202
115 146
25 140
29 44
38 128
30 90
153 191
62 182
14 54
141 171
132 143
16 208
13 80
41 220
0 14
97 179
45 189
20 240
5 188
7 35
179 196
32 146
117 178
11 120
15 140
124 161
28 163
23 165
144 169
33 70
34 47
172 234
20 245
65 220
12 19
111 223
5 87
146 186
88 107
7 26
47 183
4 204
176 180
202 214
0 6
110 135
132 175
96 101
41 65
3 125
3 220
119 125
12 39
1 9
75 148
4 213
46 47
187 197
55 173
43 46
179 203
133 204
62 132
38 199
14 78
167 199
47 218
105 138
4 57
29 181
132 221
128 192
70 121
142 235
51 113
8 112
43 221
83 90
67 173
71 160
183 227
105 145
8 63
161 193
55 87
69 82
91 115
82 243
58 225
46 121
14 112
86 230
55 140
49 227
59 82
14 25
37 195
214 225
5 121
136 169
121 219
45 61
82 184
112 239
99 172
33 141
132 196
15 185
113 169
97 128
93 172
223 231
56 190
105 147
136 238
79 211
120 183
149 244
12 22
20 82
147 236
76 146
73 227
66 236
46 156
65 221
103 163
60 226
152 216
7 142
20 191
71 87
99 108
20 231
199 211
23 56
36 180
108 240
140 235
69 79
41 126
78 224
60 89
141 208
39 163
6 47
93 237
38 75
5 124
38 202
64 102
39 83
99 152
24 36
5 135
54 115
176 208
11 121
37 91
72 91
185 200
24 118
13 89
129 173
86 189
103 222
54 215
59 202
4 164
60 150
156 195
61 98
216 243
179 224
98 159
38 67
13 156
102 218
28 148
155 185
86 235
23 60
92 100
17 101
44 57
93 228
51 235
18 94
206 208
16 28
6 134
21 75
65 76
193 244
58 198
150 216
116 142
16 58
142 208
52 215
38 186
118 172
90 178
73 127
135 232
0 133
11 173
61 116
241 243
195 237
0 228
50 181
14 212
159 192
19 165
193 198
46 86
40 95
175 182
74 137
147 245
32 196
149 243
56 176
150 205
146 191
164 178
76 125
42 90
159 186
11 132
122 132
233 236
16 224
96 186
15 113
41 79
146 172
132 183
164 194
40 203
3 157
42 158
14 106
75 227
101 232
80 119
86 232
148 207
11 75
76 84
120 121
114 149
234 237
87 151
45 242
23 246
165 238
27 131
171 242
99 169
43 127
56 225
12 58
13 42
53 72
27 182
11 89
10 20
101 194
5 168
178 245
119 131
55 216
7 166
33 156
128 216
41 158
6 127
11 20
26 34
156 162
146 234
92 93
4 240
156 174
64 101
12 146
191 220
224 225
75 97
148 201
46 139
230 242
148 156
181 242
11 215
36 125
114 123
34 212
79 218
135 157
8 221
58 231
162 234
34 122
18 81
170 239
156 177
94 171
85 102
49 126
22 78
57 216
131 241
41 100
104 221
15 73
52 226
34 53
56 61
70 179
73 159
104 219
8 99
81 131
9 119
106 233
2 166
118 214
97 182
177 236
1 214
11 51
23 30
79 89
22 27
64 233
8 87
40 246
165 177
38 86
181 190
134 187
175 246
194 229
178 188
134 208
31 178
41 44
65 216
9 96
20 143
57 162
55 199
180 196
70 111
12 161
145 231
8 214
29 98
37 202
11 153
3 90
73 129
124 189
19 116
32 175
2 47
26 211
191 226
10 51
142 155
34 185
10 157
6 190
83 100
74 138
81 100
79 132
195 209
9 115
12 165
156 185
75 186
77 237
74 131
109 232
84 121
190 244
28 173
7 116
65 126
46 93
131 156
85 242
58 69
177 201
137 191
63 179
168 170
17 57
147 151
24 175
2 14
6 96
137 227
41 67
42 101
17 113
96 161
41 104
35 227
105 246
50 202
51 61
58 151
158 194
62 134
92 123
83 106
145 205
112 138
145 164
6 233
205 209
56 82
49 87
6 78
15 197
12 64
26 113
94 141
218 224
85 107
17 93
10 116
142 245
20 155
66 93
21 198
91 100
64 126
28 75
62 245
150 191
189 227
210 224
10 75
94 161
60 95
53 218
84 202
61 244
142 144
62 110
131 137
120 165
36 167
92 135
102 199
121 173
244 246
161 205
137 144
72 185
43 240
147 165
92 176
61 245
117 235
171 183
106 128
31 241
33 152
30 49
199 227
123 204
27 129
117 169
77 176
29 141
50 122
89 95
140 186
45 109
101 234
170 223
158 198
118 230
13 115
115 235
113 209
16 178
54 81
13 178
100 176
122 168
149 236
32 176
155 237
26 78
18 161
158 207
131 188
75 213
21 121
3 153
17 149
31 219
20 227
201 221
71 204
220 225
53 119
174 202
88 172
76 172
7 134
122 239
38 74
99 150
106 177
45 75
101 219
203 210
53 189
140 174
90 196
136 137
61 153
6 38
15 24
26 51
27 124
141 224
158 165
11 122
21 111
7 244
96 172
19 102
23 96
21 195
133 146
116 159
109 187
21 129
74 111
31 112
3 27
132 237
152 166
58 72
112 238
206 234
59 107
153 229
26 201
1 244
44 143
18 68
9 35
124 200
41 223
3 141
80 222
202 211
0 182
121 122
46 179
75 181
215 245
146 212
151 233
62 183
194 219
155 238
158 205
71 245
200 238
25 29
161 226
81 198
169 244
157 172
120 202
142 159
2 87
70 190
154 224
111 227
149 203
225 236
126 193
69 211
133 217
28 54
78 244
5 209
86 240
43 163
102 132
115 134
17 236
46 118
29 147
9 237
208 228
2 92
4 134
32 174
33 42
0 112
27 38
1 243
135 212
28 34
57 178
33 139
85 227
85 166
104 233
179 190
62 124
0 12
36 138
68 84
29 209
1 172
17 70
124 240
142 195
39 100
74 227
4 77
32 125
61 167
78 145
236 237
97 181
93 108
92 245
134 193
62 223
127 187
104 149
99 142
93 101
133 218
32 110
57 205
22 147
100 141
109 185
18 231
73 123
140 215
165 174
40 79
38 142
88 176
40 216
42 192
22 160
138 156
9 175
86 121
106 239
127 205
163 176
84 101
99 195
142 179
160 166
169 188
143 149
179 189
95 186
30 165
14 16
9 17
122 153
73 109
136 186
58 73
181 217
102 224
22 245
208 227
153 184
120 126
36 77
70 87
107 230
57 101
151 172
46 167
117 133
100 183
92 242
51 152
10 81
100 241
56 209
11 24
48 90
152 165
25 76
140 164
14 17
19 66
41 85
205 215
74 89
191 221
93 214
145 211
51 146
154 246
24 95
169 196
14 32
54 208
96 218
30 230
65 134
38 80
40 159
174 210
11 210
36 40
95 154
90 137
1 12
112 129
192 222
8 216
1 217
30 86
40 88
218 231
32 70
12 68
9 142
41 221
110 182
110 175
67 122
156 165
35 40
18 202
62 145
89 230
33 68
217 244
87 99
95 164
94 229
145 166
107 244
30 32
53 207
113 202
49 235
125 242
125 175
96 143
105 230
94 151
17 157
15 158
23 183
54 142
176 226
178 199
46 101
35 151
152 203
64 77
8 159
27 94
50 173
101 201
140 176
58 144
136 219
74 115
127 218
51 74
105 150
64 67
44 130
113 214
94 236
79 119
202 237
66 199
69 137
113 150
44 72
21 236
87 213
71 122
80 155
44 100
79 81
17 243
68 212
26 111
74 171
140 244
25 200
199 243
82 132
53 88
17 209
110 126
64 232
5 93
131 215
56 85
104 113
62 200
86 182
31 242
1 188
59 190
215 228
56 131
21 34
195 219
101 150
117 174
13 47
133 142
11 147
167 246
99 168
63 104
29 171
240 241
135 214
150 176
159 169
132 135
96 142
173 219
118 216
83 210
75 151
96 197
96 134
179 198
28 87
132 138
116 126
23 31
7 15
84 203
93 105
166 245
153 173
8 31
145 236
59 141
11 88
75 104
166 171
143 157
48 79
77 96
76 174
48 139
25 87
109 183
115 206
20 41
108 139
147 168
82 127
16 108
92 153
122 212
154 241
74 121
47 119
90 165
45 184
113 192
167 230
47 71
10 100
129 191
172 205
130 150
67 92
18 180
157 177
217 222
137 165
84 224
152 224
91 184
39 88
163 199
44 202
10 55
20 39
24 218
115 207
98 135
89 190
23 138
138 166
63 196
57 97
46 84
23 120
117 121
81 187
112 122
29 205
53 166
39 138
103 213
52 139
121 164
144 191
86 153
3 49
47 151
100 229
62 122
27 191
39 70
79 123
85 136
173 239
40 50
145 175
50 224
131 136
37 182
19 237
40 208
122 176
40 240
99 206
38 234
197 228
57 197
10 226
93 117
68 144
0 181
112 140
22 178
113 148
177 182
59 87
28 117
12 156
141 174
12 135
182 203
16 30
159 222
0 69
83 227
21 185
13 20
168 175
56 106
98 164
88 127
139 229
5 24
5 245
49 228
71 144
190 240
170 176
181 188
5 19
20 195
74 85
190 202
82 187
14 103
93 224
150 185
69 89
93 141
154 159
129 159
89 118
5 221
93 112
88 109
7 174
83 146
124 217
48 69
75 189
30 56
214 231
60 85
168 215
64 235
110 131
54 236
88 208
143 233
38 208
144 164
27 237
97 227
51 92
56 115
55 92
76 124
46 107
56 231
34 209
38 113
168 190
16 27
170 178
149 224
164 210
120 125
120 214
65 146
32 87
19 148
30 73
7 37
133 211
45 216
108 141
188 191
75 199
185 242
13 209
9 87
125 142
56 120
113 155
13 177
84 206
78 136
159 213
54 60
69 109
28 233
180 182
44 190
63 228
52 155
57 143
98 117
28 78
49 165
29 151
82 190
86 150
69 223
48 120
86 241
95 180
39 119
42 97
37 192
5 185
35 168
69 143
51 228
14 119
170 199
43 145
151 161
105 205
221 241
17 81
39 178
160 233
9 76
19 177
20 214
48 101
86 163
10 162
14 181
223 230
0 42
147 167
172 174
27 54
36 209
84 228
1 73
18 88
102 202
55 115
173 193
16 158
118 160
28 90
182 224
206 219
158 220
31 213
68 140
11 190
204 224
33 149
170 241
4 231
49 184
91 221
37 227
63 108
177 231
60 213
4 175
195 245
46 244
64 153
46 159
158 239
24 29
5 96
113 204
33 115
59 128
116 162
77 193
79 235
46 63
80 199
92 131
124 178
63 165
53 233
147 178
27 80
110 139
0 37
103 166
6 36
175 179
133 171
109 136
89 114
33 126
7 149
40 81
165 189
31 83
151 210
67 97
170 193
15 161
47 226
20 238
145 178
63 181
95 233
113 172
187 242
22 90
13 125
171 216
47 101
73 134
134 218
21 184
13 29
66 189
127 140
24 140
60 182
2 197
26 76
28 157
14 175
96 202
45 128
122 206
5 199
150 163
92 99
66 213
123 180
78 239
67 195
34 172
193 206
23 104
29 244
106 241
81 229
61 241
19 24
16 244
7 92
135 242
151 155
94 110
136 246
19 235
9 34
175 222
134 230
167 179
89 166
30 199
152 227
125 244
16 41
147 187
49 177
144 163
75 132
171 190
41 154
93 182
107 226
186 229
9 189
22 200
209 235
29 216
219 240
22 49
104 246
26 138
70 175
46 105
32 120
168 200
66 129
115 140
8 93
93 208
162 181
24 241
21 212
18 39
2 24
83 147
73 164
38 239
27 170
17 210
35 165
35 213
163 165
37 113
4 203
30 59
15 180
76 142
50 205
42 209
108 119
188 245
92 199
20 23
20 160
184 234
72 198
12 75
11 189
77 183
158 178
23 192
44 243
0 96
115 129
42 153
30 96
135 181
107 207
84 94
13 28
17 184
37 154
177 242
91 151
12 239
97 149
71 86
208 218
7 132
80 170
142 212
21 155
60 223
55 194
50 146
168 226
125 213
62 194
70 241
47 106
18 65
3 150
132 215
13 231
156 200
196 201
49 244
103 124
13 40
78 112
214 233
184 209
66 83
78 160
203 229
166 167
210 240
103 229
99 223
22 120
76 94
94 196
5 111
18 118
20 99
29 131
12 46
61 135
123 127
187 225
127 160
13 14
155 182
53 208
74 100
15 84
61 138
135 207
214 217
6 204
11 145
19 229
122 224
6 49
174 246
57 64
189 246
121 179
111 122
80 244
53 112
129 174
153 177
4 223
30 215
80 219
63 65
134 194
197 207
145 223
5 194
54 143
83 168
30 81
126 146
91 171
129 192
208 211
32 111
30 126
195 222
93 245
193 241
42 95
52 245
76 134
66 108
121 167
116 143
4 103
164 171
62 222
27 145
101 195
129 197
139 176
33 177
117 161
130 197
84 167
8 142
12 113
186 207
20 243
1 109
104 173
33 134
61 221
150 183
28 186
4 230
110 125
181 184
84 147
21 181
34 104
79 113
105 182
131 203
16 63
186 223
171 218
27 225
126 236
37 172
11 93
4 6
40 63
189 230
141 226
53 221
92 132
45 197
116 118
139 232
144 246
112 136
127 234
64 219
87 109
91 131
3 228
183 210
100 189
34 170
117 159
63 183
29 237
49 86
189 220
120 199
67 89
99 232
51 240
5 177
140 183
89 104
192 243
29 170
48 188
176 190
23 215
54 119
66 121
207 237
25 35
88 165
101 126
136 218
140 220
42 55
90 91
77 84
29 200
67 111
36 56
4 26
0 149
119 209
178 185
20 190
60 165
143 186
62 140
169 221
124 204
27 197
9 180
110 243
115 202
108 126
115 117
142 190
102 219
46 94
64 180
0 45
69 75
4 243
29 187
42 156
48 218
40 167
58 162
56 83
162 207
46 104
143 174
45 88
140 143
61 146
117 122
13 25
82 185
86 197
161 201
44 187
148 158
169 182
73 99
11 228
211 212
116 139
10 94
116 241
9 107
44 147
78 218
49 231
14 182
195 231
101 239
9 42
39 72
138 140
31 220
76 243
164 242
18 185
201 204
55 224
3 54
96 158
151 237
169 171
25 193
75 111
140 175
10 50
173 246
20 58
56 146
43 144
32 60
21 244
27 96
96 176
91 147
4 246
104 141
46 67
4 125
35 57
64 118
130 149
8 131
43 207
124 207
97 154
55 175
37 224
4 22
71 153
22 112
66 177
161 216
130 215
24 164
157 166
20 215
30 245
43 183
47 141
150 166
87 162
46 207
127 172
219 228
143 238
41 93
83 230
34 162
25 106
34 159
45 119
103 137
28 239
3 39
53 180
80 236
183 236
160 175
37 162
130 187
1 161
5 114
59 231
0 41
8 211
151 194
77 226
73 185
54 148
155 191
107 109
30 68
126 128
81 160
9 155
39 76
139 187
35 169
164 184
14 85
96 170
51 112
149 198
50 174
34 108
28 85
65 120
152 187
66 107
72 170
99 124
84 146
96 215
137 210
78 146
105 243
87 220
72 116
45 149
109 237
62 177
229 233
145 240
86 198
4 126
89 241
100 235
105 128
25 198
86 117
2 102
164 243
8 140
86 122
25 162
83 105
99 101
61 74
31 160
72 153
79 209
4 11
42 137
81 155
22 230
68 105
140 241
30 103
93 96
73 85
27 39
142 209
33 62
25 42
52 118
93 166
89 170
79 216
176 225
28 194
54 242
45 134
74 222
134 177
239 240
61 238
58 99
178 207
128 193
137 179
112 216
167 240
108 109
74 136
37 175
31 69
187 219
135 215
39 246
103 129
13 69
66 175
64 112
69 127
78 203
127 193
77 86
51 159
22 213
110 167
129 181
17 62
57 140
126 240
59 197
154 226
142 147
180 193
90 139
162 241
86 229
73 161
43 154
3 241
163 213
149 228
8 62
25 78
9 29
17 22
128 133
184 216
86 102
148 155
120 144
118 204
69 85
117 238
13 151
25 157
44 127
189 216
47 225
15 141
67 212
2 6
27 83
164 218
207 240
148 218
82 205
112 114
135 194
150 238
26 191
107 235
2 145
85 172
41 89
20 45
24 207
86 223
163 170
10 40
60 243
105 221
19 70
37 228
79 212
32 180
185 234
61 80
79 238
8 129
7 114
126 140
40 55
73 188
142 168
190 245
81 96
125 187
55 208
68 159
122 199
8 25
29 228
82 177
125 224
118 212
25 125
25 202
94 156
67 137
134 199
33 154
31 74
194 225
40 186
87 96
84 159
160 210
66 126
47 142
217 218
29 126
77 173
180 208
79 112
46 195
42 133
8 132
138 243
55 147
68 82
155 210
149 152
68 132
77 169
149 168
155 231
170 195
18 191
120 240
125 166
31 81
109 126
173 201
17 21
3 108
3 115
138 232
40 215
48 237
178 229
16 134
61 95
67 69
82 130
57 109
103 219
61 218
28 164
33 77
67 174
97 217
221 231
131 197
66 158
35 87
147 152
36 116
92 119
14 137
90 215
3 32
40 146
107 125
53 226
164 172
191 202
98 142
75 98
131 227
123 178
108 187
176 203
7 171
29 172
20 221
55 84
19 234
202 216
141 221
101 227
44 63
183 208
45 221
118 148
24 59
176 205
96 241
16 78
120 188
96 107
139 235
167 182
31 221
2 191
7 141
87 212
111 153
207 228
19 105
32 117
90 149
8 204
76 101
42 140
99 103
45 105
14 144
149 195
130 173
110 164
189 242
65 78
38 165
126 168
29 142
16 225
24 31
148 210
145 172
66 150
182 205
109 224
18 223
116 150
107 154
139 146
16 154
94 184
178 201
101 129
145 209
2 84
18 199
120 216
78 138
69 242
18 69
38 135
95 212
11 44
72 113
7 229
79 186
68 77
182 193
132 227
181 210
37 223
86 88
154 201
24 82
112 116
108 178
113 115
14 100
83 206
169 204
24 107
20 67
30 188
66 96
35 49
89 189
110 157
80 183
110 178
151 209
121 218
128 201
81 199
77 245
5 11
67 71
24 116
4 189
110 245
20 69
67 188
18 132
7 21
61 152
121 217
157 204
130 192
48 148
30 189
28 95
1 177
13 67
66 120
74 229
165 229
65 164
213 219
6 101
35 60
61 194
60 210
52 208
61 97
103 244
49 206
157 200
42 116
30 102
118 225
59 186
49 140
180 195
139 181
99 200
28 29
91 105
32 152
179 193
55 191
48 167
171 226
7 33
16 161
54 164
36 155
23 181
77 119
41 174
18 50
54 136
2 91
0 109
43 76
3 234
62 148
149 226
230 246
112 176
19 206
21 194
56 223
119 162
104 223
178 205
227 230
7 192
63 180
17 52
55 105
5 75
8 125
222 240
59 121
122 186
105 123
113 237
94 150
137 198
17 105
40 66
97 209
182 207
87 102
6 182
124 184
9 61
60 120
196 237
12 48
101 192
188 244
48 212
83 174
22 77
65 185
104 243
11 67
126 145
136 242
64 84
70 92
58 227
94 157
73 103
104 212
64 160
116 145
77 150
84 116
13 194
40 74
0 193
66 194
0 46
21 131
56 194
33 39
176 220
132 146
2 59
118 227
75 198
195 204
100 194
79 138
52 55
95 158
7 199
118 140
49 85
116 138
100 243
185 221
79 159
35 38
7 25
38 66
156 221
124 141
92 235
100 242
49 239
21 109
119 182
26 236
161 182
154 155
22 129
132 155
82 84
21 216
117 244
71 94
148 217
77 145
28 160
1 44
73 116
1 114
174 243
88 161
28 62
39 222
135 168
118 231
33 105
12 120
19 212
142 224
140 185
121 194
33 104
150 159
122 136
11 152
125 149
25 149
94 140
143 227
32 239
120 186
87 133
48 56
20 216
96 244
101 165
39 221
154 218
157 159
43 132
227 235
111 158
79 126
21 122
179 211
89 111
87 193
103 168
46 75
80 225
16 18
112 145
203 236
146 242
60 202
20 106
28 178
154 178
10 151
74 153
10 197
30 187
54 230
92 108
195 200
88 178
76 170
24 66
17 200
19 230
125 145
203 232
197 229
5 160
18 229
168 235
27 37
80 140
50 52
110 121
10 211
68 80
52 210
188 198
138 179
59 76
39 126
153 204
12 31
68 176
95 201
88 136
4 128
12 60
113 131
0 164
152 153
187 241
59 208
44 207
187 202
159 200
222 235
69 219
95 200
93 118
30 246
82 191
134 169
11 238
45 210
86 100
1 106
5 190
64 140
99 111
18 147
38 143
19 134
50 58
159 202
102 130
154 233
31 134
130 143
89 147
4 13
109 158
52 104
194 220
53 213
26 117
191 207
93 160
124 186
84 155
55 222
0 27
139 242
89 99
5 237
166 210
53 82
89 198
93 240
100 182
231 241
136 189
91 217
10 69
22 75
67 182
41 205
47 201
30 168
115 203
61 112
132 170
66 165
123 237
193 240
50 220
19 81
160 235
30 107
138 152
32 223
3 100
47 171
138 202
138 147
2 224
20 149
44 217
100 228
96 130
87 106
85 139
8 185
13 100
43 192
234 238
35 45
49 224
168 229
7 118
38 123
154 197
201 206
128 141
118 144
55 150
77 144
146 166
66 204
15 62
2 137
115 190
41 230
114 230
9 161
100 211
181 206
10 191
95 157
1 5
45 64
64 151
105 162
46 220
21 158
17 76
201 224
75 174
36 64
84 150
100 196
132 158
102 243
0 31
15 221
61 62
129 217
31 206
145 162
128 215
139 168
166 182
121 184
157 217
162 231
36 181
70 132
81 220
54 93
138 233
2 108
20 70
119 184
6 184
189 191
18 44
83 99
145 218
41 237
80 115
145 158
113 134
124 154
103 181
76 242
10 203
72 246
158 203
109 150
127 206
96 196
123 220
40 204
41 83
43 141
210 215
76 148
78 222
25 148
47 82
134 156
112 234
56 153
107 178
19 192
127 191
29 232
184 226
57 166
162 190
29 82
40 245
166 174
188 208
54 209
43 228
97 147
129 245
173 236
15 115
135 136
107 200
122 237
114 238
46 187
56 210
124 201
34 228
51 168
64 230
50 98
50 163
93 162
6 95
19 128
37 138
31 228
72 178
170 207
10 228
94 216
231 240
115 151
82 234
184 221
34 126
30 112
11 219
105 237
84 181
73 244
222 229
66 77
18 179
11 128
3 10
85 146
80 145
209 220
99 228
76 140
38 163
61 163
204 235
45 157
69 188
161 183
149 225
60 231
183 245
12 184
84 109
173 241
73 223
146 224
78 124
47 184
179 237
176 228
155 168
139 240
42 210
119 165
173 180
81 110
102 185
22 33
50 216
33 163
38 45
97 145
62 227
70 150
5 35
46 172
119 236
13 211
9 160
196 238
25 70
104 161
80 104
97 207
126 133
38 200
155 211
165 210
219 246
67 81
48 70
164 213
6 238
32 194
32 189
96 242
113 168
7 46
107 140
164 217
130 144
21 188
173 179
70 80
229 239
36 204
57 96
161 218
93 99
141 207
6 28
28 92
12 136
15 228
86 166
0 126
50 94
122 149
119 188
116 167
173 195
92 224
18 184
91 195
91 92
156 179
25 32
169 190
73 213
64 158
11 84
59 207
13 215
164 240
106 116
92 136
120 197
77 80
99 219
27 177
67 100
150 173
27 168
98 107
107 133
128 200
13 173
71 244
15 54
79 117
78 147
33 111
41 145
2 167
10 104
42 65
26 149
62 104
33 219
124 224
60 190
24 176
210 227
12 59
5 104
35 117
91 140
222 233
61 189
107 206
207 238
21 91
74 148
17 239
102 178
24 80
188 229
45 243
25 244
93 203
76 188
14 76
205 219
45 139
85 228
143 246
111 114
13 55
64 83
176 189
49 102
4 41
156 199
61 122
12 80
27 70
171 210
1 207
68 184
70 155
75 116
61 203
77 147
8 209
11 179
140 149
117 134
99 221
87 130
29 215
9 135
4 12
124 242
84 230
17 221
90 163
27 150
27 176
25 209
68 146
193 220
54 126
99 135
73 234
104 163
45 219
27 228
114 211
42 91
49 151
122 236
74 208
222 242
4 107
147 215
45 113
211 231
11 207
46 166
68 201
24 87
152 204
59 125
22 152
9 127
211 218
14 120
138 229
203 235
153 160
25 172
140 196
131 209
147 166
45 176
44 124
1 121
8 19
195 241
30 50
6 128
40 213
126 150
71 154
50 213
151 201
6 9
32 133
45 215
63 80
109 125
41 199
120 203
1 42
17 224
96 234
128 197
108 158
228 235
87 234
35 139
66 186
165 214
182 216
114 232
15 77
123 155
23 196
120 134
23 201
96 141
141 146
87 215
119 130
106 184
180 200
132 189
164 224
56 126
47 147
64 210
187 227
185 241
84 148
10 223
113 146
113 241
7 228
213 231
105 242
1 148
40 211
2 77
122 166
166 223
118 164
7 220
3 175
36 107
2 223
158 225
49 245
3 130
114 135
60 61
104 222
103 159
158 175
103 167
113 207
86 114
36 148
17 172
127 192
81 89
42 159
143 216
91 102
198 219
80 194
75 233
2 81
151 168
3 58
3 91
78 88
167 181
71 80
150 189
91 205
38 62
121 180
111 115
207 231
9 10
166 195
113 160
193 218
7 170
65 227
55 158
37 86
30 214
3 46
84 123
2 46
4 184
11 16
8 188
135 195
117 232
87 210
125 192
102 139
46 116
46 99
88 160
49 83
51 140
96 179
92 144
108 235
154 177
8 66
80 143
125 161
165 204
45 191
12 36
20 173
26 118
103 176
139 171
134 137
78 104
130 174
56 198
211 230
175 200
138 178
114 215
154 228
0 92
98 204
4 144
171 217
36 127
145 163
132 141
126 127
119 218
115 218
42 53
89 175
45 227
1 166
33 117
130 132
82 222
17 166
54 167
84 149
74 198
26 62
8 13
23 70
51 80
43 50
93 184
188 218
9 48
57 215
125 209
22 111
118 176
4 118
194 224
86 139
17 56
26 189
55 146
156 176
7 96
23 53
19 49
23 67
53 175
169 218
118 213
56 148
85 183
125 218
165 217
122 204
31 180
43 86
90 148
197 217
84 162
179 192
13 32
47 208
198 245
113 220
64 181
80 215
31 169
88 184
16 114
57 208
39 150
40 118
83 165
12 89
1 137
102 133
154 202
158 235
14 139
129 209
41 166
84 114
76 96
111 166
42 77
67 214
107 218
15 28
151 154
137 218
149 239
18 212
46 60
57 114
103 235
110 227
75 84
199 241
112 209
72 93
215 223
74 221
38 51
85 182
61 165
113 187
118 129
222 243
132 186
39 217
9 32
91 201
75 127
66 239
78 87
105 225
118 179
18 67
171 177
214 237
126 143
94 132
5 29
76 80
56 149
75 100
48 53
23 98
71 186
98 242
31 99
185 232
43 238
79 222
133 188
9 170
66 242
5 34
76 221
143 150
16 49
57 115
5 13
87 182
27 218
44 85
40 199
118 138
56 89
10 173
83 142
45 236
175 185
48 175
102 166
55 213
132 214
17 234
4 170
87 198
142 200
55 136
63 138
60 103
8 47
67 240
34 65
149 206
49 129
12 77
40 233
125 193
72 183
19 137
5 32
117 184
45 223
47 146
54 171
22 167
41 147
26 163
91 119
49 218
135 180
90 121
18 204
107 124
68 163
178 228
16 216
106 113
21 192
110 246
213 236
98 149
24 25
180 220
32 37
28 30
146 223
63 75
121 197
75 166
26 194
62 147
26 48
23 132
174 215
25 189
79 201
44 183
17 191
3 193
159 239
134 167
29 174
55 76
96 182
122 185
5 27
93 236
48 179
50 198
161 186
200 207
72 193
71 172
117 131
5 79
90 246
197 235
157 161
195 239
3 199
68 182
41 167
69 202
25 45
55 171
175 217
19 199
149 201
85 105
53 217
0 67
47 181
156 182
44 113
6 115
9 145
40 75
130 229
41 102
109 197
182 217
22 92
56 167
48 88
185 244
61 142
17 91
25 133
62 167
39 191
63 97
64 224
123 147
139 153
131 160
16 21
37 146
135 202
78 93
36 130
2 228
143 185
116 244
203 218
80 176
93 144
10 227
34 178
17 237
24 161
166 227
27 210
157 180
168 223
11 225
27 157
97 103
85 213
63 77
15 66
114 184
56 77
63 175
101 209
86 218
77 244
37 102
158 167
122 128
10 185
148 226
73 228
85 119
88 193
91 132
146 149
42 75
142 210
8 38
118 119
18 122
42 197
12 170
207 241
121 215
8 150
138 198
35 100
57 86
41 224
117 192
122 161
137 238
22 125
44 144
22 170
34 182
59 91
193 196
152 176
73 171
42 225
53 238
99 217
119 203
31 95
37 136
53 70
52 229
1 117
161 203
232 240
100 153
175 242
22 137
47 54
81 185
5 222
72 101
114 189
53 104
44 48
97 108
8 158
72 123
34 241
153 178
163 207
52 163
52 203
200 228
30 240
19 135
30 181
78 217
38 141
179 206
24 178
71 129
77 153
31 148
63 221
15 170
143 153
66 119
210 243
98 176
26 96
155 158
36 205
184 185
151 152
29 231
104 151
93 145
147 164
95 208
114 175
103 106
218 223
180 185
8 184
153 190
121 214
61 159
8 172
158 230
3 77
108 211
33 238
46 79
32 246
19 52
127 153
136 204
148 172
2 68
55 217
101 196
77 94
97 109
77 212
40 71
50 207
118 154
136 146
1 168
82 160
2 159
106 225
84 216
27 135
88 231
113 163
69 92
29 146
157 168
7 112
50 101
106 215
16 136
166 175
234 239
127 128
104 232
109 209
149 196
38 121
141 222
88 148
74 240
150 152
79 111
114 174
39 175
208 229
204 242
115 156
101 235
46 170
31 45
71 171
36 88
57 67
64 176
44 135
104 192
50 78
129 241
102 244
93 209
56 163
228 240
118 159
43 215
87 119
7 103
19 242
26 29
149 209
41 96
75 144
100 217
111 184
35 64
124 153
85 223
81 109
92 236
30 241
199 226
159 243
101 204
149 220
190 229
0 201
43 209
18 104
67 88
202 229
51 53
131 171
6 26
1 164
42 207
120 234
184 230
38 233
50 182
111 199
167 217
84 117
110 133
106 232
50 142
83 235
100 188
18 192
4 169
129 211
57 192
69 78
91 155
11 62
13 92
5 118
34 111
94 219
21 132
154 205
81 236
170 232
5 86
13 241
2 243
100 131
53 56
175 197
68 95
26 32
71 117
115 200
5 101
187 208
40 185
203 219
19 69
129 236
38 116
111 127
69 243
79 124
17 219
201 233
25 77
139 216
123 164
16 139
135 200
50 51
38 210
60 170
122 151
158 216
128 238
84 196
135 208
4 109
48 243
92 204
175 215
101 186
204 226
66 131
79 156
84 139
170 222
101 164
31 149
94 166
188 211
181 199
149 151
67 238
119 148
196 219
29 137
78 83
4 158
50 145
87 206
28 57
16 71
86 115
125 210
35 85
86 140
25 242
151 215
5 40
69 229
234 236
33 215
154 183
53 211
27 119
90 113
138 227
19 28
71 174
38 171
112 115
110 180
120 191
99 208
150 190
42 48
126 229
108 129
21 178
110 237
119 142
3 136
2 209
11 109
3 218
13 15
52 166
133 236
122 167
11 102
83 205
56 152
36 137
55 215
83 201
48 225
68 78
73 220
9 126
76 157
14 222
83 244
1 83
10 98
143 211
210 219
18 157
213 218
15 146
56 183
49 119
13 36
76 197
122 242
84 242
96 231
125 126
27 230
24 55
94 205
116 127
153 194
145 226
45 70
4 227
135 160
22 39
34 63
41 215
67 190
70 172
25 151
119 199
38 117
184 207
76 105
174 225
182 218
129 222
147 177
147 173
146 235
1 242
8 102
157 242
19 149
108 121
55 156
53 167
93 165
128 172
118 210
122 173
218 236
3 107
74 244
199 239
144 186
88 92
41 105
93 148
6 86
67 203
152 190
33 73
82 213
107 159
149 186
228 244
107 232
107 215
55 103
229 234
46 90
198 220
116 153
8 22
34 67
100 129
181 229
194 218
56 108
9 141
133 241
75 180
8 29
138 206
5 139
153 206
117 198
189 232
94 239
42 58
58 185
17 223
31 115
106 115
111 125
152 237
58 147
147 153
200 224
127 158
68 189
72 187
97 210
58 240
1 61
10 119
7 110
60 208
147 238
106 123
41 60
37 218
152 217
49 164
29 62
57 153
16 111
209 242
54 67
66 100
0 100
143 166
135 161
187 205
24 91
78 153
108 152
42 241
39 237
153 230
10 78
191 229
45 201
42 234
29 89
188 207
161 198
109 127
171 174
67 245
23 41
55 127
129 221
87 150
101 170
84 161
74 242
140 169
50 186
122 217
117 144
93 146
77 148
96 156
54 243
2 168
65 171
2 86
185 219
188 238
106 150
172 246
127 166
144 179
11 158
194 226
33 165
149 240
55 71
147 197
17 246
140 192
98 223
61 183
1 39
146 218
32 227
44 239
1 45
15 81
100 204
16 170
43 87
196 234
5 91
190 219
197 230
104 227
120 218
181 205
44 62
23 87
70 160
70 98
48 198
101 187
73 121
82 145
142 185
58 241
4 131
127 136
67 115
107 132
41 218
64 231
153 162
149 157
55 226
14 197
209 225
78 170
105 210
227 240
15 224
58 126
12 86
160 201
102 155
50 84
61 155
105 208
52 106
9 69
54 84
30 134
82 231
33 67
42 61
58 234
130 169
72 239
93 202
13 208
56 88
113 153
44 145
92 200
34 175
15 35
82 128
2 89
70 135
93 127
183 223
82 217
109 179
133 227
14 231
71 142
69 170
4 206
146 196
111 177
35 157
15 194
121 162
61 170
54 137
114 139
196 209
62 209
48 215
147 150
13 102
17 117
18 93
152 211
113 138
68 73
25 246
125 229
48 111
22 140
79 184
73 122
81 148
88 91
59 174
35 41
71 190
54 151
149 211
195 230
21 205
8 53
111 156
78 139
47 125
153 218
63 227
24 134
190 196
170 213
37 238
7 122
91 218
50 132
3 236
125 144
125 222
96 237
66 90
50 201
91 212
128 190
65 240
127 143
29 133
33 100
5 231
15 136
18 150
138 183
44 158
101 167
139 217
92 232
99 185
75 179
14 117
63 191
60 245
24 101
45 230
197 210
142 238
23 237
189 243
128 129
137 202
184 235
230 232
73 132
122 177
8 147
147 196
194 230
148 240
201 237
15 159
154 203
38 106
6 186
208 221
125 140
79 227
12 126
4 234
32 215
5 65
32 136
3 61
19 213
24 221
37 134
61 125
20 224
42 130
68 237
198 213
177 221
80 120
11 36
72 222
52 124
159 207
42 67
12 144
143 224
43 151
54 135
5 112
26 241
140 202
14 240
176 239
7 89
23 191
51 87
41 197
51 59
146 209
227 237
101 123
146 217
132 190
199 222
84 185
174 183
91 196
67 186
118 142
90 181
118 244
104 203
131 204
30 167
58 179
115 210
85 229
9 94
243 245
122 143
82 186
110 117
128 148
4 201
133 209
4 84
15 142
83 240
52 67
99 143
63 195
9 171
78 236
57 237
23 110
153 169
62 233
86 108
107 201
95 120
17 72
43 185
202 226
89 224
181 239
145 233
86 186
91 167
4 100
171 215
140 221
21 169
19 155
38 147
74 206
36 110
79 114
232 237
33 213
87 131
65 73
13 243
14 140
28 130
100 138
62 186
164 187
122 163
16 75
104 107
131 211
79 106
47 133
90 173
19 239
26 131
24 142
36 143
133 157
169 176
135 246
205 217
172 207
66 79
7 138
78 196
176 214
36 166
3 64
203 208
42 239
57 209
124 179
114 143
34 233
60 198
162 196
49 180
143 168
45 123
53 162
37 217
121 243
55 107
20 222
26 198
43 124
49 67
21 139
68 178
91 209
116 174
16 233
11 182
44 219
50 184
42 203
39 195
122 164
26 146
123 226
15 156
20 105
125 206
41 188
9 129
112 123
61 236
163 166
103 233
124 157
125 233
107 120
129 233
17 87
13 149
14 242
150 235
142 167
21 124
69 236
104 157
3 15
34 106
190 206
45 114
146 200
11 180
66 193
162 174
54 180
89 211
83 184
105 191
79 97
20 57
44 69
111 203
32 198
62 75
14 77
178 227
24 53
0 158
13 184
160 237
49 75
74 187
59 184
86 175
10 220
81 234
156 232
162 244
73 225
133 159
142 234
63 176
69 238
103 183
142 198
52 189
128 183
14 40
8 90
39 212
24 74
189 203
83 243
101 118
66 198
67 217
110 116
42 161
69 156
190 238
24 44
16 149
120 201
45 226
35 172
163 212
69 193
149 156
48 229
38 166
76 138
39 115
117 245
59 211
56 145
7 9
10 206
49 98
115 124
43 210
191 200
212 237
25 204
57 189
187 226
61 123
63 160
1 14
96 195
27 231
48 138
57 210
17 208
133 166
54 80
133 185
39 186
111 173
28 243
60 151
65 103
62 88
10 244
75 153
173 229
167 191
34 201
86 106
59 126
65 188
100 137
54 139
104 241
211 227
31 232
33 148
3 151
196 245
56 144
72 197
114 163
115 189
29 235
220 226
83 127
141 180
16 33
207 236
13 124
185 217
49 183
17 185
16 144
139 202
136 174
95 221
13 86
14 20
179 239
59 221
16 72
76 182
39 208
27 75
148 229
83 213
163 244
90 120
21 140
213 232
110 223
169 230
64 144
147 234
53 244
52 194
159 174
46 148
74 181
1 46
88 229
43 242
238 241
144 160
5 163
111 198
28 102
88 142
101 193
62 82
35 242
21 117
20 122
14 187
149 190
86 199
138 186
189 190
12 115
126 129
3 242
44 192
39 107
114 128
166 208
29 34
97 201
36 78
114 125
108 234
36 216
47 217
6 72
93 161
13 99
117 143
14 225
96 125
160 218
3 170
39 210
57 173
57 181
87 101
3 8
90 106
207 232
148 237
12 171
87 227
82 135
43 224
140 222
49 205
177 183
140 229
83 171
156 187
59 154
120 148
52 212
187 207
143 228
132 229
107 228
130 218
165 234
7 223
54 201
110 224
137 224
166 238
55 125
116 184
88 238
52 102
165 222
32 50
9 223
3 70
96 228
72 169
129 201
68 195
76 95
129 232
17 69
132 204
25 245
15 152
7 42
192 233
64 147
216 234
126 135
150 217
95 149
77 85
168 222
14 121
53 223
62 112
0 101
60 152
148 167
3 57
52 172
75 160
14 202
142 158
175 244
56 104
115 197
52 99
6 122
63 192
27 208
39 168
43 54
166 176
126 156
78 212
56 122
109 241
106 148
162 235
46 201
98 210
16 141
55 246
16 101
67 148
186 221
21 106
151 189
54 134
21 92
45 110
56 239
176 238
103 193
106 167
162 164
31 155
70 171
62 135
169 191
233 246
118 170
158 226
97 195
32 170
75 137
105 119
127 168
117 206
4 16
188 196
2 11
15 42
43 98
10 70
174 208
60 124
113 164
86 194
34 117
68 99
11 38
19 136
26 221
21 218
77 142
142 232
111 135
115 228
34 36
71 167
11 52
73 204
5 246
204 233
7 39
27 139
6 185
216 244
18 203
24 81
130 236
159 194
69 132
28 71
91 124
192 201
7 80
34 45
42 165
2 178
160 205
5 214
12 197
5 161
188 221
23 59
128 208
70 163
146 238
29 123
135 151
69 158
60 218
153 197
31 152
184 212
210 241
116 202
109 153
127 130
28 235
123 171
83 204
82 136
59 218
45 122
120 217
9 166
5 243
11 104
153 156
178 197
94 214
75 164
58 181
49 197
137 182
136 221
41 219
30 132
15 176
19 100
56 181
176 217
184 214
8 151
167 236
35 225
23 234
92 138
56 128
69 241
33 136
21 176
79 231
46 55
99 235
24 193
101 117
50 197
44 56
67 150
109 154
135 158
23 61
11 146
161 246
131 198
203 204
4 162
83 241
66 191
15 182
125 160
42 240
130 234
146 204
109 173
34 97
125 128
145 174
210 212
9 90
27 69
33 182
29 79
146 216
62 130
6 199
48 146
2 239
2 107
77 108
62 72
0 230
122 188
108 161
17 46
58 199
85 205
135 184
198 210
53 164
115 170
3 191
78 148
67 110
14 108
93 189
2 183
67 160
19 131
69 166
64 203
33 116
45 144
121 156
103 112
116 141
47 85
187 188
46 62
69 207
139 194
107 217
100 156
124 191
14 148
57 193
198 242
28 234
102 193
190 211
76 113
77 229
8 27
177 200
111 236
158 237
61 151
12 32
61 93
102 108
17 26
32 130
11 78
55 240
119 154
185 233
12 218
120 168
22 51
12 168
219 222
211 228
149 161
170 218
99 110
40 136
153 180
168 171
17 90
151 156
34 206
90 240
70 212
67 123
45 68
138 175
92 106
83 129
164 235
10 18
130 242
108 154
18 225
118 132
82 228
12 205
53 97
11 211
14 38
130 213
16 73
134 213
6 150
37 220
61 131
20 244
43 186
107 240
6 83
72 144
5 174
30 234
75 178
91 101
35 61
224 236
47 122
119 244
121 127
132 156
86 151
67 155
171 241
176 200
53 89
11 143
35 89
75 109
94 233
1 220
25 235
23 90
71 177
35 149
15 112
70 189
110 154
159 193
114 195
185 218
180 206
132 187
9 79
110 120
203 238
52 154
200 217
19 113
147 237
112 119
77 191
17 140
22 159
72 202
4 50
107 126
54 75
1 3
163 191
59 101
173 205
122 214
239 241
94 228
37 76
50 185
105 215
129 244
87 200
48 55
9 198
107 169
0 222
35 183
79 118
94 143
149 154
58 157
69 136
43 169
11 139
28 81
60 196
27 161
39 244
49 61
182 241
29 165
168 232
195 214
223 234
79 197
56 205
77 177
196 241
118 180
15 218
207 210
27 194
30 113
66 146
40 43
148 183
127 242
119 139
90 110
215 216
33 43
64 91
126 141
1 204
123 169
200 209
12 52
107 135
7 135
133 169
55 57
15 168
20 119
25 60
48 58
151 178
67 90
81 226
72 120
13 93
40 126
31 230
12 187
1 202
93 190
39 239
96 205
177 179
107 245
34 44
78 98
119 205
15 97
57 226
126 159
103 170
45 72
34 119
160 178
22 212
86 158
86 185
3 113
74 78
187 215
28 222
55 184
67 185
171 207
42 188
115 126
116 175
156 219
98 209
3 55
151 240
25 39
34 226
64 116
63 207
17 118
28 73
104 162
10 114
117 236
59 156
60 197
79 210
60 224
107 161
87 242
68 127
41 62
20 42
58 112
152 222
22 191
1 49
51 114
125 163
58 217
33 56
75 206
61 75
61 69
197 211
25 91
58 203
32 51
79 190
89 203
8 83
63 200
137 149
58 85
180 183
175 184
50 62
188 215
23 156
130 177
125 146
71 141
95 242
107 234
100 174
91 213
59 106
88 234
98 183
97 239
18 99
168 231
140 189
142 164
50 179
189 200
100 128
3 160
180 194
20 62
18 131
104 136
129 133
100 162
101 140
17 139
86 171
133 215
117 139
3 18
59 143
143 222
35 209
137 228
10 215
102 124
19 35
98 221
65 209
153 205
30 239
31 125
155 224
13 43
117 230
169 224
4 173
116 237
23 116
155 189
65 174
121 231
95 195
1 165
57 81
136 148
140 151
210 236
156 209
144 185
23 150
115 216
152 228
182 206
117 164
11 61
166 197
41 107
44 222
75 161
6 205
7 240
40 214
219 223
63 67
3 56
27 104
23 34
180 225
106 240
41 226
79 83
22 118
7 62
99 181
93 102
39 181
31 43
102 121
37 127
70 148
52 101
0 89
154 199
81 178
143 243
17 92
89 107
112 232
124 223
64 96
164 173
7 168
98 197
54 66
61 213
126 188
130 222
5 227
222 238
46 70
19 215
25 221
126 213
27 87
198 238
28 151
95 184
57 79
172 218
34 130
116 136
3 219
189 234
30 163
86 238
4 209
166 242
183 204
212 222
60 135
86 93
104 240
119 163
48 161
82 166
20 219
75 158
30 221
178 246
102 186
9 56
52 218
143 212
60 184
93 183
61 77
52 71
90 175
153 219
63 119
109 202
131 232
78 129
143 232
118 183
47 80
17 111
84 136
96 104
66 113
54 235
105 194
53 92
118 150
131 134
17 217
30 141
31 129
150 240
44 76
92 211
35 131
8 36
153 215
113 180
59 115
64 103
119 132
76 203
145 177
19 156
137 240
42 173
150 239
76 111
27 186
147 159
148 215
144 241
164 204
50 164
24 97
7 246
77 222
94 146
121 146
11 31
38 176
8 245
42 69
100 161
38 69
18 84
26 200
65 93
121 204
139 233
76 143
128 209
73 153
39 94
141 195
88 183
103 241
154 174
92 129
93 188
94 176
196 228
60 105
29 218
28 183
59 170
164 230
25 100
46 106
141 202
1 21
157 216
44 108
77 78
106 209
82 174
0 200
1 144
22 208
6 130
153 228
98 125
72 133
102 190
128 184
235 238
215 236
26 127
196 213
81 135
106 231
72 225
131 155
9 27
192 229
160 214
29 67
5 193
74 145
99 151
30 179
50 212
111 138
134 184
0 111
33 146
17 60
94 188
15 211
17 89
153 246
18 142
30 227
172 201
102 241
184 193
162 197
17 238
176 209
97 116
166 186
35 128
15 244
185 224
23 186
141 229
27 127
15 60
108 213
138 139
0 9
53 81
131 229
103 240
95 210
80 117
47 229
46 232
66 233
28 116
18 206
114 169
84 91
42 64
212 240
203 237
79 188
226 236
76 215
63 162
30 142
36 221
109 201
115 243
9 146
9 81
194 240
15 207
55 113
131 238
220 223
139 201
147 194
15 171
17 170
171 196
150 169
148 193
82 85
7 40
178 241
12 225
141 192
33 226
136 210
41 111
30 124
29 63
55 212
97 218
7 75
126 243
112 172
139 190
97 115
36 217
156 196
160 230
56 118
146 160
87 156
4 157
87 127
129 219
179 231
40 147
70 230
25 218
16 26
24 194
126 192
55 72
27 185
176 197
56 243
81 82
235 243
70 107
18 162
171 173
129 171
113 170
62 190
133 182
63 159
67 197
166 235
76 189
184 187
15 96
82 150
30 146
28 171
152 156
55 220
115 194
112 121
10 48
43 142
70 158
85 117
159 233
182 215
125 156
194 242
110 127
112 156
47 242
134 192
127 129
91 122
126 220
100 230
69 195
73 151
89 213
216 246
122 196
65 179
36 62
129 177
44 226
117 162
177 243
28 238
72 121
75 86
41 200
170 192
44 196
107 170
122 165
15 195
22 61
136 192
61 199
24 45
39 41
187 213
119 215
72 140
16 105
16 165
127 142
17 79
90 234
12 16
181 228
28 193
15 189
45 136
61 198
154 173
5 10
64 222
83 137
94 206
18 83
96 236
27 55
170 225
70 226
29 121
49 117
34 78
51 194
42 78
155 166
72 118
32 57
98 161
75 173
127 239
90 118
127 231
108 220
39 53
142 225
24 90
97 173
76 163
99 182
83 186
127 233
130 168
42 52
87 115
50 149
10 232
2 132
37 153
22 79
77 190
39 104
101 102
19 97
130 211
14 49
5 230
145 224
88 166
104 230
19 191
22 72
84 92
2 143
6 142
74 122
160 241
129 130
49 167
163 208
178 202
126 132
208 223
106 126
59 205
141 158
144 158
56 218
28 207
99 148
23 217
73 155
52 182
45 235
11 45
11 236
73 163
43 197
0 23
1 58
122 211
57 218
112 244
54 120
85 215
20 83
39 149
92 152
56 195
6 124
233 237
56 164
141 164
41 246
33 231
17 73
13 144
41 113
41 70
19 197
67 127
146 154
16 91
143 206
184 241
44 225
185 212
34 173
118 128
47 223
209 210
13 105
13 143
129 146
105 134
148 173
39 223
67 164
42 60
8 137
18 244
39 40
120 169
85 95
150 180
74 126
31 85
119 122
1 13
38 181
186 193
142 202
54 140
13 114
19 106
49 204
134 188
5 181
0 194
190 239
55 181
57 146
28 109
73 162
12 178
63 170
178 226
39 243
140 158
41 232
163 227
24 79
119 124
107 129
185 236
22 109
4 163
26 112
154 238
68 180
18 137
44 200
161 178
16 172
156 215
111 187
101 108
41 185
54 113
127 145
128 204
61 208
194 238
121 246
84 104
65 184
141 189
5 38
164 206
51 221
68 197
106 216
182 236
74 107
98 188
51 203
150 168
67 157
178 208
95 220
98 122
71 103
31 70
103 111
72 243
47 63
69 83
72 204
85 160
46 56
99 120
22 36
39 95
8 136
63 64
60 101
69 220
20 209
34 52
154 239
71 203
206 222
136 160
80 133
37 233
43 188
62 157
31 114
145 160
55 143
5 154
53 231
178 243
18 73
205 208
11 175
71 215
4 232
91 242
2 90
13 22
59 149
143 217
165 243
104 160
142 207
1 10
46 217
168 185
83 231
178 222
157 190
63 81
119 133
149 158
47 79
6 161
103 133
35 182
153 189
74 246
34 85
225 233
18 169
181 231
1 20
145 216
62 243
106 221
36 65
128 167
57 200
71 85
72 126
100 147
168 207
63 171
65 237
5 176
33 87
90 195
85 185
63 91
47 173
126 184
8 10
4 145
55 91
127 243
124 180
96 165
32 96
189 229
68 141
74 168
59 146
0 51
10 99
115 131
15 173
87 190
157 232
161 177
43 237
112 161
11 177
116 130
10 87
22 62
1 218
128 164
35 43
76 191
80 197
36 113
1 41
67 103
42 138
83 189
126 169
76 171
119 222
61 182
86 217
110 228
190 208
198 216
96 160
36 109
41 53
113 188
12 51
29 156
68 241
43 105
7 17
159 164
151 167
46 228
137 189
70 204
97 138
75 118
108 238
23 55
59 232
142 223
24 110
24 114
87 194
165 169
13 196
24 111
81 177
96 149
69 91
28 199
52 191
6 216
24 154
35 148
13 62
206 216
71 214
183 203
32 244
38 178
8 236
136 173
22 37
137 176
102 127
49 226
0 204
99 201
72 166
49 146
26 72
118 228
114 191
26 104
32 72
12 35
0 79
115 191
54 73
170 179
80 91
17 155
144 193
64 114
121 196
96 169
68 87
147 181
109 171
25 128
175 183
147 231
48 68
98 212
127 211
172 182
144 151
86 179
7 160
1 48
13 63
62 91
0 171
39 52
48 178
95 136
14 71
125 231
38 76
137 163
36 200
84 93
107 151
0 64
6 230
142 187
160 213
99 241
10 111
187 189
59 201
61 229
16 238
43 222
45 50
59 246
145 222
164 234
59 234
197 220
51 134
143 204
97 231
14 61
87 111
29 59
47 245
206 239
27 100
24 204
56 57
204 218
0 145
50 183
94 144
9 230
46 112
152 163
100 187
156 201
212 243
68 92
53 115
0 142
203 223
100 119
8 94
28 86
54 187
132 242
131 206
33 205
216 218
126 142
94 149
26 135
50 242
2 33
84 134
173 178
21 215
72 79
100 140
133 202
38 95
98 169
211 246
77 95
109 219
85 110
27 240
90 183
0 70
167 239
22 30
135 211
86 89
55 86
54 71
96 233
192 194
78 107
37 137
51 233
30 99
97 141
148 198
48 157
54 204
199 244
19 68
103 156
109 123
175 221
180 203
136 244
127 199
136 215
46 238
14 173
73 131
27 158
216 223
180 202
127 230
62 238
28 89
58 176
73 198
220 230
156 161
99 138
59 114
64 117
27 29
116 165
68 150
116 121
27 108
149 160
108 214
150 228
8 163
148 242
34 112
75 122
78 227
3 109
191 242
203 241
2 190
13 192
66 101
33 102
28 198
150 167
35 212
52 205
34 188
210 229
190 199
4 14
42 180
184 228
18 47
123 185
11 148
6 57
122 208
69 171
149 150
13 140
62 143
35 66
30 151
119 149
143 152
81 103
11 245
102 187
52 109
25 225
15 102
206 220
95 225
75 101
97 222
125 143
7 136
42 184
33 89
36 47
49 207
68 206
94 232
139 163
8 113
36 97
2 110
16 179
12 210
35 245
127 202
27 62
37 168
165 183
6 203
67 162
86 124
149 155
181 223
218 246
102 118
22 190
69 245
34 35
229 230
92 190
23 48
66 151
175 194
225 239
43 164
76 200
29 158
113 165
176 195
121 237
85 153
211 215
112 174
119 216
14 116
139 189
35 166
147 202
63 85
59 124
78 193
217 239
42 120
8 30
33 135
51 223
146 177
107 117
21 102
93 169
101 134
10 38
149 245
140 200
57 221
147 201
50 129
20 111
31 184
4 54
63 177
52 116
169 227
119 214
17 44
85 225
67 227
82 151
81 117
5 84
101 103
186 199
32 205
130 135
48 65
80 94
117 231
17 220
139 243
85 159
134 173
111 129
2 20
145 221
53 163
42 148
71 164
0 161
49 141
54 192
25 230
44 91
10 84
62 235
138 246
194 213
6 102
39 213
89 144
3 123
115 137
12 26
7 189
42 83
29 144
117 156
33 164
3 106
130 167
73 140
48 60
51 154
23 134
77 220
115 173
214 246
103 197
36 96
69 125
95 226
160 238
120 187
40 149
3 229
9 194
22 98
229 235
36 115
22 23
221 230
59 238
2 171
4 143
4 205
205 239
41 116
28 229
28 181
114 217
38 187
52 123
117 137
48 171
155 173
69 196
102 189
43 218
60 65
165 170
71 152
41 49
85 126
71 83
120 171
83 123
139 142
129 246
49 124
125 246
45 214
56 166
59 176
5 239
209 223
78 168
55 117
168 230
44 54
79 88
28 175
85 149
52 58
58 100
137 162
85 90
116 186
9 60
167 180
10 225
163 202
81 123
224 239
133 139
100 111
17 143
55 210
35 146
124 199
131 217
104 122
122 182
148 219
159 208
121 165
130 156
118 189
111 163
49 166
8 246
53 191
97 148
4 214
14 164
17 125
30 42
169 215
25 139
35 90
2 208
7 222
90 112
41 184
68 164
10 30
24 50
11 68
172 181
92 233
52 95
45 89
185 229
107 147
3 131
218 225
125 183
72 134
27 43
180 226
17 122
65 149
41 80
159 218
33 153
160 168
40 200
5 144
32 171
20 145
1 208
96 166
140 219
29 96
161 181
170 219
189 198
69 194
59 212
23 113
8 149
35 219
114 126
141 241
30 154
43 187
41 181
190 205
15 193
130 238
176 224
70 88
10 184
12 217
25 212
35 105
89 135
47 152
48 181
79 146
169 185
104 238
84 137
64 159
56 236
80 96
65 111
60 228
16 121
99 115
42 233
49 62
54 165
195 198
24 147
47 68
176 245
175 241
176 207
181 245
2 151
101 154
199 201
105 228
155 214
128 153
134 164
31 161
17 174
170 189
48 116
53 58
111 194
197 203
175 178
20 232
137 244
106 144
216 242
198 241
39 49
33 189
114 116
187 195
4 23
131 146
111 185
58 120
193 211
187 235
17 115
98 246
28 100
178 189
127 167
13 127
161 233
96 150
90 238
13 52
24 84
9 28
25 123
111 201
121 186
36 179
37 147
46 175
70 115
4 202
124 160
0 77
57 229
68 210
170 173
196 222
63 126
110 242
73 209
73 146
11 114
49 185
169 212
63 209
113 199
37 48
103 215
71 92
98 148
76 196
44 66
16 205
32 88
47 83
113 176
78 81
98 193
145 165
13 16
10 218
50 65
133 199
35 134
93 179
101 166
42 109
99 238
12 106
126 154
71 74
196 230
190 232
172 189
10 183
121 144
92 116
34 110
23 223
120 156
85 127
48 223
17 86
181 235
44 233
36 94
27 238
43 157
48 145
110 144
139 188
73 91
189 221
23 199
50 96
131 194
32 47
84 218
7 219
13 35
1 92
184 197
158 204
241 244
28 93
15 121
52 97
4 237
7 176
187 217
20 55
200 216
8 197
118 135
173 206
93 157
80 233
121 241
69 205
110 148
201 239
178 235
34 121
69 84
126 201
0 29
62 116
170 235
112 178
43 48
193 195
41 196
217 225
101 179
9 205
117 125
58 102
59 145
148 150
227 242
80 161
95 185
154 194
140 245
63 135
103 107
27 167
134 203
39 155
94 212
39 60
141 209
14 204
81 113
25 134
141 244
79 162
36 91
149 153
121 154
73 106
70 86
96 129
96 226
59 73
46 155
219 232
125 225
160 232
133 245
57 188
184 206
7 124
77 216
63 151
5 210
213 238
94 223
16 90
61 85
98 130
12 212
30 148
161 236
53 136
170 220
109 210
16 20
160 187
38 114
59 196
7 23
29 189
52 65
158 193
20 24
114 178
63 130
19 124
52 121
168 238
32 183
84 131
133 228
38 81
121 200
136 175
2 118
30 138
8 49
70 174
104 144
73 215
94 180
105 219
101 199
97 194
32 40
124 231
100 143
42 139
32 179
98 118
12 122
97 156
19 175
196 242
52 162
142 219
195 234
2 238
52 73
64 174
89 159
225 227
45 231
146 198
71 205
70 213
104 193
148 164
68 135
128 235
104 152
105 212
85 154
1 193
71 216
33 235
9 193
70 173
139 167
19 160
14 124
87 224
40 58
56 193
175 219
175 210
63 153
67 94
71 88
32 187
128 234
36 90
57 120
199 232
44 128
38 237
89 200
107 146
15 40
35 68
92 183
133 232
67 211
101 116
92 229
47 195
87 189
119 206
35 160
88 100
66 230
61 91
18 43
77 234
179 183
193 237
92 150
68 171
43 167
79 129
23 97
151 181
22 88
46 124
118 242
132 228
197 224
227 229
113 152
127 212
57 89
68 148
151 187
13 46
65 201
66 159
107 185
118 161
123 224
180 188
17 28
72 141
93 151
93 98
156 184
34 71
17 95
90 186
127 162
89 157
85 208
16 24
181 233
16 206
38 155
34 48
88 97
56 99
181 193
3 72
58 110
112 154
59 192
150 224
67 149
85 222
110 199
42 187
118 182
14 192
18 174
61 82
51 199
20 208
92 102
25 158
67 114
75 176
89 240
12 85
31 38
157 237
108 145
141 219
93 243
202 205
148 171
91 232
39 55
110 158
82 239
44 227
44 152
22 122
16 68
67 147
44 125
35 82
75 200
29 217
34 92
147 224
168 193
142 221
58 98
123 243
23 103
105 233
209 214
198 208
74 214
14 163
67 224
23 185
28 58
4 238
89 128
14 82
153 174
60 207
94 241
7 163
104 205
186 196
73 217
11 72
46 153
104 171
106 222
90 203
51 208
43 49
158 224
191 201
26 244
60 180
42 198
91 239
83 134
105 186
101 244
115 125
64 243
45 159
1 190
82 96
45 129
32 44
59 230
32 100
66 141
213 226
4 85
59 99
53 229
62 163
34 183
15 38
157 218
121 130
2 231
78 206
120 182
16 107
49 243
95 197
130 147
69 199
37 239
70 149
89 103
139 179
49 100
58 121
8 219
104 127
77 209
13 41
31 192
23 127
140 209
128 244
31 143
98 216
57 222
118 187
59 214
184 211
131 141
113 114
73 142
0 72
94 163
103 105
10 12
18 167
35 246
25 168
81 209
20 72
102 131
143 158
14 190
98 105
47 113
65 212
7 209
136 166
90 93
93 131
41 159
96 183
11 56
0 150
172 195
96 180
57 177
95 101
113 144
103 172
50 127
34 244
32 48
146 182
146 159
17 32
83 196
46 205
50 117
14 157
9 156
73 236
24 48
182 214
81 107
9 105
89 181
117 149
171 236
61 233
24 243
114 219
19 236
133 222
50 86
79 121
39 116
12 114
182 238
39 134
141 163
190 209
59 215
36 43
40 41
134 219
24 43
60 214
85 91
129 137
111 216
36 224
8 135
46 192
25 75
5 137
59 213
45 138
30 207
31 93
15 45
123 174
44 117
149 165
6 211
58 202
41 155
7 155
2 136
51 237
93 115
116 128
71 119
103 123
17 154
2 23
17 180
239 244
28 214
112 163
127 224
162 186
37 109
20 46
169 240
60 166
40 92
23 88
114 246
37 120
32 139
23 93
19 45
23 231
25 58
79 135
71 75
91 173
154 163
218 234
132 153
120 150
96 164
224 229
67 117
148 204
122 171
136 150
97 206
202 203
29 241
52 209
88 130
104 172
61 231
157 241
101 115
192 206
129 239
29 178
171 194
40 101
3 84
80 89
193 233
116 122
8 64
20 187
108 167
6 53
33 176
12 167
9 218
118 196
41 131
156 207
40 160
72 150
169 192
6 227
3 103
6 12
66 139
25 132
98 179
182 198
155 229
166 236
60 130
149 234
79 178
145 242
82 181
181 220
42 181
8 186
67 73
91 94
89 137
178 220
9 95
56 62
90 206
98 174
140 167
1 67
135 226
39 130
133 230
51 234
13 244
121 190
115 164
15 94
105 180
51 125
16 110
196 205
195 227
27 101
167 228
166 192
12 93
38 211
208 209
171 231
89 196
164 200
18 92
121 145
20 182
6 237
76 109
69 87
92 162
30 80
73 187
195 221
43 194
211 240
97 160
19 211
34 73
96 128
2 57
82 154
133 200
45 80
173 208
163 174
111 191
18 86
89 207
217 231
50 114
21 196
181 234
81 120
48 71
33 218
154 204
53 165
39 203
126 241
152 193
73 246
46 137
151 199
26 181
11 214
155 242
15 143
172 206
58 109
199 215
54 239
134 154
147 155
109 132
110 200
161 195
96 246
7 146
18 156
15 235
47 233
57 80
208 226
72 119
21 164
116 216
8 111
124 151
55 64
137 138
140 233
17 63
125 180
174 178
97 237
111 132
15 44
102 136
127 161
148 161
129 136
134 135
9 210
22 119
10 45
175 213
163 240
2 193
135 155
72 142
162 211
152 164
89 136
58 152
10 166
206 209
19 65
155 227
136 209
8 176
196 227
43 245
143 234
188 233
113 130
13 176
79 143
136 190
146 240
211 242
12 175
164 174
14 141
28 88
61 107
199 223
32 94
24 238
121 223
55 111
44 188
26 173
194 236
24 157
91 210
12 28
198 228
1 66
119 120
74 101
151 166
74 169
46 214
24 181
103 243
77 165
23 222
217 235
85 164
26 31
11 54
19 222
163 203
128 132
174 227
76 145
168 217
55 200
55 101
59 159
87 139
149 217
77 208
99 205
39 112
176 243
84 106
99 116
60 143
191 243
18 36
167 212
124 229
105 211
122 142
68 96
118 181
78 198
14 45
21 211
16 52
88 133
90 126
30 226
72 235
131 223
54 58
42 135
9 124
1 147
13 138
81 158
0 210
33 80
18 102
116 168
134 158
11 105
173 221
159 160
19 63
16 115
215 227
37 222
88 221
177 191
76 190
169 178
107 220
77 210
97 110
107 222
73 160
37 41
57 182
5 223
65 198
162 213
37 214
116 119
14 230
132 205
107 239
110 166
69 237
91 93
143 177
6 24
60 84
152 210
65 186
79 141
86 187
160 176
180 239
18 245
60 71
203 214
19 244
173 225
77 133
74 243
137 239
86 146
127 201
24 152
72 163
105 155
130 138
97 208
4 114
191 228
81 212
8 203
129 172
104 188
6 81
60 204
93 191
66 197
184 224
59 127
124 245
211 234
84 223
139 205
59 160
96 199
138 221
94 120
28 35
212 231
215 231
27 60
69 145
194 217
167 204
67 112
101 208
224 226
109 204
98 192
75 191
0 95
109 233
44 137
104 198
130 137
11 157
54 158
50 60
116 224
4 239
56 241
111 239
60 172
44 221
89 158
75 193
64 245
13 76
69 105
31 179
29 236
51 94
40 221
35 141
89 92
166 173
116 218
59 139
63 99
61 174
28 131
143 207
102 184
177 184
25 118
27 205
94 242
76 169
95 127
4 229
104 131
166 233
27 46
139 144
49 92
131 153
39 160
42 89
88 219
140 150
94 124
18 123
115 118
49 172
55 169
44 58
14 246
53 110
27 126
122 218
24 185
68 79
63 188
140 208
82 203
0 167
6 94
115 241
105 157
74 216
48 59
103 236
14 18
48 50
133 140
188 194
54 203
162 210
79 237
11 58
14 42
13 122
167 227
196 240
18 240
119 155
5 170
0 219
145 196
74 82
14 48
82 110
135 185
50 231
160 220
185 231
90 245
161 209
109 196
126 131
48 100
199 205
71 102
219 230
34 184
0 159
39 167
10 200
186 220
58 78
44 46
176 183
44 160
37 58
20 87
125 234
20 114
28 44
6 129
14 73
115 225
23 52
80 157
132 223
188 197
146 245
135 204
92 180
184 196
220 233
10 240
138 224
142 217
13 163
59 229
91 163
106 133
16 239
84 129
83 132
103 117
152 220
6 43
24 123
141 169
37 65
64 143
157 203
16 51
169 199
38 119
234 245
120 130
110 231
51 143
21 22
123 193
144 234
7 48
180 235
214 245
200 210
60 87
73 168
212 218
90 131
91 130
67 126
209 245
17 245
140 217
8 105
188 220
165 213
41 77
54 177
77 139
116 180
175 231
91 121
145 214
89 205
90 123
53 145
28 140
107 179
163 239
61 232
45 244
50 206
132 172
29 76
111 123
57 124
38 77
16 186
96 191
32 123
29 246
17 207
176 219
108 127
39 128
18 117
207 220
106 185
187 246
233 239
123 196
6 208
93 207
6 14
57 203
206 230
32 212
9 39
71 151
124 126
11 59
9 20
41 164
26 239
65 130
71 197
144 165
91 182
163 190
79 223
74 83
0 214
170 230
48 182
55 68
10 130
28 105
43 143
126 212
43 171
61 83
121 132
123 229
61 160
29 206
84 175
35 194
61 121
92 161
103 207
98 153
120 204
31 224
0 60
63 240
16 193
6 234
74 228
23 221
41 245
8 166
174 199
113 142
1 38
81 180
60 76
42 208
62 244
191 195
131 172
208 240
39 78
118 167
134 148
110 179
6 137
194 206
202 221
104 214
29 94
0 71
91 156
27 146
109 218
33 241
73 158
73 154
194 223
117 172
137 221
108 204
112 237
32 56
143 237
18 219
92 219
8 183
26 54
223 245
171 181
6 113
28 221
179 195
5 232
54 105
4 183
71 193
17 18
55 235
179 186
36 84
167 223
71 77
229 238
48 165
193 239
102 141
19 103
100 109
86 147
162 163
123 146
122 193
158 181
84 169
16 143
65 68
80 118
15 187
121 207
219 231
36 67
32 121
106 163
177 211
28 80
175 202
136 220
129 148
59 92
69 140
82 139
151 213
53 187
0 157
119 187
65 107
53 150
146 230
74 200
34 232
53 106
201 230
32 58
35 179
107 171
103 175
200 234
121 177
109 213
63 69
144 237
143 191
11 209
34 238
86 135
21 50
48 207
3 243
170 205
167 190
27 173
157 224
22 223
67 70
138 211
44 206
3 80
42 154
96 212
147 230
3 230
38 88
139 207
34 89
77 171
137 213
51 169
121 221
5 215
197 215
134 161
35 113
162 176
137 192
12 66
133 173
11 206
122 169
163 236
118 130
61 168
71 159
112 142
202 212
48 118
26 109
19 53
51 246
27 187
94 139
31 186
104 211
13 75
74 134
94 191
34 148
178 219
37 243
177 195
115 226
69 169
86 236
158 234
38 217
74 158
121 183
122 170
7 41
7 239
52 199
94 230
125 215
208 210
26 38
107 213
153 198
26 140
113 140
89 178
150 153
52 127
155 162
84 124
57 68
44 214
116 226
115 213
54 125
83 170
176 222
194 241
53 149
3 101
80 147
99 112
52 185
68 186
113 217
168 233
72 84
145 225
48 194
85 195
60 142
144 188
206 211
95 189
26 102
22 155
93 149
51 63
69 177
168 180
45 153
119 200
7 133
54 132
41 92
192 221
26 222
22 89
25 48
33 96
16 60
194 196
62 172
135 165
52 227
47 73
176 230
125 235
43 182
9 33
92 126
11 46
31 170
165 168
48 238
37 207
28 179
18 164
213 241
81 244
45 237
23 79
150 218
165 196
69 131
95 202
97 111
77 128
15 186
165 200
107 221
90 109
30 75
37 79
148 185
45 90
77 194
47 98
99 196
97 234
46 194
41 150
103 122
197 226
78 226
91 109
52 62
2 61
140 147
27 91
19 147
12 176
87 244
7 217
37 242
130 244
25 51
117 141
66 183
24 135
154 166
34 81
80 88
100 210
172 214
149 174
123 228
179 180
16 228
62 179
125 155
61 84
51 96
161 243
107 137
8 81
39 56
90 102
162 195
85 171
18 215
149 219
190 236
142 194
69 172
25 243
3 188
148 165
140 197
60 174
72 145
72 95
25 176
29 199
34 125
131 245
31 82
132 167
52 169
35 72
142 230
114 127
35 205
5 45
7 182
4 65
190 214
159 175
187 193
11 85
82 236
107 118
88 194
44 141
144 162
72 122
186 189
36 39
25 238
14 161
15 47
25 130
18 129
99 189
206 226
89 186
4 36
111 220
198 239
74 167
142 246
45 196
80 138
24 220
25 227
81 183
124 174
90 202
152 171
57 138
111 145
46 87
92 166
60 221
39 204
207 218
66 149
42 175
24 184
140 190
161 235
22 43
74 192
125 182
42 123
88 180
235 244
116 120
181 219
174 231
3 209
59 189
14 123
32 45
87 236
59 97
201 235
153 211
117 152
74 182
153 183
9 97
138 149
121 195
107 180
64 236
113 186
108 246
104 220
70 198
157 199
72 156
20 108
80 180
161 242
95 105
108 202
40 61
15 216
9 174
196 216
42 110
7 144
36 58
66 190
87 237
152 161
151 232
152 232
74 211
15 106
193 197
114 221
54 155
100 113
83 202
27 42
133 175
182 184
32 145
164 201
36 188
177 234
199 200
37 53
21 230
40 89
39 69
115 142
81 188
210 218
172 224
26 166
17 240
117 203
41 45
211 229
38 127
58 175
221 238
49 159
117 233
164 199
148 160
9 226
80 102
107 203
121 234
44 51
5 146
98 241
174 193
0 28
22 158
2 199
24 244
112 130
1 162
70 109
65 127
60 217
181 230
103 182
63 243
112 175
78 158
2 174
50 68
73 95
37 141
183 217
50 226
62 137
13 61
65 92
32 106
91 107
84 90
122 189
26 246
230 241
99 239
21 228
62 79
82 179
108 227
116 213
160 222
106 147
117 148
28 42
92 113
20 242
25 174
105 127
56 214
64 99
53 196
73 130
38 154
81 179
141 238
105 236
202 231
49 182
4 127
3 124
110 205
1 60
165 195
234 241
96 201
146 228
154 181
12 193
4 76
141 227
155 186
96 220
22 154
110 206
201 229
85 125
87 141
212 214
61 173
8 40
9 31
93 210
101 198
233 234
15 175
85 233
29 41
10 77
84 245
104 140
82 171
24 34
26 103
71 139
16 226
71 158
57 183
157 169
19 142
26 123
40 201
97 180
137 212
23 149
77 141
8 237
62 178
44 120
76 85
164 207
131 216
42 112
210 233
63 225
119 126
170 234
95 107
3 146
31 54
116 222
150 202
90 107
81 191
144 231
186 208
166 209
118 122
44 101
48 187
12 155
127 171
51 188
105 125
146 206
1 24
48 122
177 225
57 129
37 110
7 218
11 174
5 6
164 246
19 27
150 212
88 226
183 222
28 211
74 177
82 209
31 194
157 246
120 225
163 172
11 77
159 191
62 96
169 179
46 49
94 118
123 202
110 142
85 104
168 239
147 223
147 243
163 189
88 185
87 118
100 150
125 157
76 79
134 234
187 233
119 192
136 211
106 161
64 165
130 202
9 217
47 131
114 214
11 112
121 244
71 137
25 196
129 152
65 97
22 244
35 175
109 146
152 191
153 176
58 245
11 181
56 246
22 224
2 198
53 135
174 209
143 218
116 243
34 174
200 231
53 73
196 202
63 213
16 125
197 233
81 88
27 234
112 160
1 116
122 213
40 155
17 130
27 162
53 156
9 187
46 157
156 157
42 127
134 189
123 191
238 245
157 160
159 238
20 130
4 187
32 185
139 239
9 19
205 228
147 190
88 152
75 194
50 61
1 138
64 125
88 181
49 219
220 231
195 238
126 224
139 157
146 170
27 206
24 63
149 194
52 70
24 151
70 176
98 194
61 114
59 100
147 189
57 223
143 176
23 76
10 26
93 213
7 230
203 216
14 23
96 240
79 133
145 183
82 107
19 159
186 239
71 237
42 155
82 102
31 73
27 65
19 36
191 206
26 70
41 132
55 85
102 110
14 213
161 172
30 45
96 181
27 143
40 168
23 37
31 40
19 129
74 204
65 88
33 140
10 155
57 217
86 113
12 88
12 221
169 181
105 226
48 72
48 219
76 122
60 234
134 186
50 100
84 180
93 219
138 181
148 230
168 245
25 228
66 196
88 95
170 183
188 223
39 166
129 162
174 216
22 219
172 176
92 246
111 245
79 125
29 143
80 159
47 157
99 198
14 107
104 235
132 235
48 232
50 123
58 75
158 185
200 237
49 52
31 226
85 204
78 175
5 159
74 150
43 60
128 186
77 227
65 147
48 123
111 168
47 55
22 94
119 167
10 150
14 96
115 219
122 174
109 156
40 142
142 196
18 77
142 145
68 113
18 52
200 242
9 57
129 196
66 179
43 72
75 142
42 189
70 187
69 112
130 136
0 163
170 231
42 193
28 66
9 86
179 221
67 199
99 165
109 242
141 212
9 140
9 13
113 240
142 211
84 213
115 223
148 236
162 216
116 217
78 197
101 237
2 48
11 217
119 159
1 235
172 173
62 217
34 219
48 184
70 142
52 79
121 134
147 212
106 162
1 26
156 167
7 109
186 214
170 197
33 207
31 166
31 62
190 246
19 188
81 186
181 202
18 128
29 149
135 237
150 226
93 123
63 113
160 190
22 141
75 108
64 202
119 171
178 187
150 188
7 82
39 54
139 212
158 246
46 133
109 135
109 211
123 176
29 193
174 194
118 146
114 231
109 152
216 237
148 166
158 211
177 189
103 191
139 211
25 137
80 207
20 133
135 145
101 107
52 238
97 187
128 135
29 198
25 59
18 124
9 130
31 119
88 163
67 243
169 206
35 238
113 224
56 75
143 231
130 241
211 220
20 162
17 141
60 144
99 220
153 243
97 202
62 106
4 73
38 60
75 119
22 227
100 245
33 137
31 136
190 194
74 238
100 101
56 173
31 154
12 91
76 231
22 188
72 228
137 199
50 230
92 117
65 79
44 215
203 225
123 163
192 208
161 241
122 202
42 244
132 191
104 186
63 185
11 50
77 181
14 223
63 194
152 214
122 201
37 89
62 230
119 234
184 219
234 242
32 203
140 178
70 119
198 218
3 138
185 204
85 141
25 186
64 204
178 211
96 232
92 193
52 242
109 113
87 113
87 144
39 111
57 59
114 131
70 95
91 129
73 219
48 94
137 237
71 131
184 231
87 147
145 200
28 212
134 179
148 205
48 191
110 234
140 231
25 92
16 223
86 162
111 136
74 87
60 163
98 181
70 138
33 55
56 208
44 168
145 215
1 22
27 84
11 224
51 70
41 59
24 127
183 225
90 146
79 203
179 242
152 198
81 132
47 237
53 181
100 227
153 222
49 211
164 229
239 245
80 90
51 136
116 223
35 164
61 117
46 72
123 132
33 78
23 109
59 217
89 130
129 230
15 132
142 151
23 179
46 71
20 198
29 229
50 108
30 85
76 167
221 229
121 213
14 156
127 210
4 71
121 128
171 185
78 234
169 175
132 212
124 227
21 96
174 191
40 190
76 222
16 207
135 241
22 242
44 83
14 113
57 157
153 181
70 209
83 140
206 207
95 135
155 218
106 192
13 66
65 182
41 121
12 206
119 134
161 174
91 98
110 229
98 229
78 162
106 228
20 112
79 170
237 241
101 213
183 220
37 234
148 241
121 151
6 8
58 105
103 195
34 191
115 168
155 180
160 234
158 197
235 240
78 232
68 89
184 203
5 48
26 43
131 224
9 149
31 106
40 151
176 196
82 235
139 221
103 185
17 43
18 103
183 229
71 84
0 24
101 203
157 208
70 228
172 194
50 219
67 209
110 137
85 176
44 184
121 209
40 131
24 136
57 104
151 170
38 89
146 244
47 126
136 194
201 209
128 136
36 160
66 115
29 74
18 82
11 198
75 143
132 145
130 219
112 241
155 163
6 77
65 98
81 146
6 116
4 115
37 196
56 185
72 214
8 73
40 106
27 246
24 121
83 145
112 113
32 128
160 167
68 225
127 190
54 206
94 106
11 241
12 18
7 130
39 205
2 72
14 149
38 209
39 230
78 246
3 75
15 51
145 198
117 147
7 151
4 215
55 228
48 102
5 156
136 184
137 143
3 94
16 210
33 88
61 118
86 222
54 97
16 112
45 85
28 77
75 205
35 135
49 169
34 177
160 226
119 233
15 151
121 150
121 129
29 54
44 163
32 178
51 211
228 238
32 233
69 153
46 218
152 180
128 195
189 241
39 228
147 185
65 231
145 194
13 84
20 118
155 232
22 48
177 212
182 228
98 245
5 81
8 213
9 36
107 128
4 104
1 108
33 83
6 31
105 223
199 219
194 245
70 185
70 211
28 67
51 54
147 154
109 208
28 124
193 194
20 235
100 236
19 172
116 197
23 242
13 238
148 214
6 7
90 160
115 238
45 212
138 218
126 137
83 212
30 193
33 242
37 94
55 130
21 57
172 220
39 90
118 174
232 236
19 126
69 182
49 193
140 198
21 31
201 242
75 126
52 137
65 143
120 129
50 244
143 235
114 133
7 10
125 164
87 196
225 238
31 33
154 157
125 219
132 133
226 227
156 236
119 160
23 235
94 126
64 75
151 212
62 216
24 234
75 93
27 154
221 222
127 215
122 134
212 223
102 213
77 103
68 214
222 234
54 86
219 245
63 133
121 158
124 143
8 84
137 225
80 112
40 97
80 171
0 52
158 161
47 238
222 244
26 223
118 221
56 129
23 166
25 43
48 132
24 61
10 231
25 226
61 66
28 31
130 176
109 167
74 156
72 223
52 140
28 142
82 238
77 172
41 191
133 143
29 139
21 27
91 230
2 133
48 205
144 176
118 152
226 240
45 147
61 113
198 217
30 213
47 132
188 209
70 169
53 55
84 225
12 132
65 155
39 132
74 170
15 18
143 146
116 164
162 236
59 173
162 208
166 180
47 143
90 141
45 228
182 231
68 86
153 163
3 196
52 136
96 219
51 153
52 240
88 216
9 228
69 115
134 228
62 69
15 17
66 221
88 244
133 141
148 152
5 225
12 243
135 228
55 164
5 240
89 154
10 174
48 231
113 197
82 111
94 238
87 201
23 228
18 175
114 117
138 200
47 123
10 83
19 187
163 241
82 224
9 190
123 242
83 215
58 153
63 148
42 142
49 53
117 120
50 119
92 216
63 157
14 72
101 236
117 210
33 44
170 244
62 169
140 154
141 156
81 94
25 121
6 39
150 214
181 215
131 226
52 168
85 197
219 220
130 200
85 192
4 45
21 143
30 182
236 243
14 172
37 226
35 51
135 213
2 44
103 138
65 118
44 138
3 128
34 149
60 119
33 234
18 187
73 87
59 203
104 164
0 82
26 237
21 97
209 221
80 139
180 199
73 101
34 202
93 133
43 206
80 226
37 130
71 111
110 244
68 136
192 242
55 229
17 196
123 134
131 177
160 195
23 182
10 177
50 238
65 173
110 163
180 192
108 123
28 189
120 173
27 115
123 166
135 167
155 240
89 194
34 75
133 177
137 214
4 48
25 112
23 64
94 202
5 151
46 226
78 185
129 204
109 165
93 246
87 88
31 49
132 230
47 172
98 123
150 209
92 213
166 185
141 196
89 106
128 210
122 181
73 174
206 228
14 194
9 93
27 45
157 231
173 227
49 70
108 131
102 154
145 147
97 127
48 61
47 219
202 224
74 225
98 211
78 242
106 134
29 211
28 153
176 234
102 151
171 244
185 195
105 217
179 219
86 110
31 217
164 222
26 28
47 154
206 212
11 41
66 103
50 83
23 141
182 243
10 233
76 106
113 157
156 210
45 49
61 181
66 128
223 235
133 165
172 183
75 210
1 139
86 177
24 145
73 93
26 52
34 234
32 112
87 129
94 168
79 92
47 174
156 206
24 33
50 221
178 215
108 143
162 245
41 148
106 137
39 211
103 199
57 83
58 222
81 125
160 181
69 214
112 127
227 234
171 172
91 174
42 232
87 92
138 180
18 80
57 227
92 133
157 158
101 182
43 226
162 228
17 94
15 43
96 189
18 216
111 231
29 97
72 74
152 158
4 5
119 172
76 133
60 161
124 196
142 240
51 86
1 34
145 199
63 143
181 222
19 40
154 212
5 41
56 171
47 134
12 107
13 106
11 33
22 85
5 125
25 44
58 131
24 163
117 225
154 179
102 216
61 126
55 198
94 131
5 180
0 151
4 120
32 82
26 228
111 133
166 222
96 163
31 153
208 213
31 150
117 176
84 140
83 122
103 127
59 243
165 219
31 84
49 106
85 133
112 165
46 191
18 143
54 189
27 220
89 208
159 165
147 218
21 141
98 172
185 230
11 134
150 210
28 33
146 152
98 239
127 175
121 135
192 238
32 79
156 217
32 80
101 147
95 235
3 165
55 238
13 213
156 160
95 160
47 206
14 47
90 155
151 245
113 125
48 96
15 154
130 185
80 209
51 163
29 223
171 214
79 163
29 81
113 136
172 245
62 203
131 161
180 246
123 183
66 195
96 151
42 73
63 89
41 128
8 171
75 113
44 157
47 84
106 159
111 215
55 183
75 222
182 209
92 142
49 215
145 179
5 94
24 168
74 93
113 196
52 164
15 26
126 163
122 158
119 181
175 180
24 26
41 163
6 149
197 237
40 220
126 208
221 233
80 124
86 87
83 182
151 207
51 209
29 194
49 208
47 65
94 145
50 126
133 231
211 239
30 70
86 170
13 130
43 88
39 77
47 112
112 158
161 175
39 71
197 199
98 175
98 114
34 176
77 93
20 154
82 121
56 151
37 171
112 162
21 219
13 49
34 189
83 164
8 143
145 176
77 143
62 196
153 166
0 35
45 239
69 122
111 244
81 90
11 53
204 230
127 195
1 195
40 193
34 210
34 61
46 100
95 97
99 190
137 158
121 140
69 147
88 211
151 158
56 90
15 120
31 60
35 214
123 150
143 245
128 233
36 71
27 105
48 144
19 123
116 191
153 161
89 209
124 210
44 136
147 148
30 216
1 51
67 210
34 141
140 216
101 142
130 175
35 76
52 153
76 152
52 80
136 208
79 80
153 220
55 144
10 66
36 37
95 239
146 195
21 167
60 72
85 180
128 134
0 38
2 49
195 210
131 228
134 155
24 223
47 235
43 108
147 214
198 202
163 198
26 121
47 53
29 230
171 188
115 212
166 246
50 75
35 63
101 188
164 195
39 136
67 176
32 59
27 57
72 184
133 238
48 151
116 239
19 154
61 136
28 136
13 111
143 208
21 54
24 57
30 135
20 123
51 97
7 105
40 42
4 245
103 121
64 105
138 171
123 212
78 152
179 218
101 137
154 223
46 245
17 189
88 110
89 174
77 120
59 77
214 243
213 233
9 59
161 189
60 205
100 224
92 103
196 220
21 59
27 181
64 196
131 189
32 220
195 243
15 36
197 218
80 167
70 231
100 146
159 168
32 68
136 197
81 218
6 174
161 207
72 245
10 160
0 99
46 209
15 200
235 245
50 106
25 52
17 230
126 238
26 180
150 227
49 71
60 70
62 142
128 166
83 95
0 129
79 153
152 225
24 182
109 227
80 213
17 241
38 173
91 150
25 231
29 207
29 129
153 192
12 108
164 225
31 168
0 102
7 91
74 135
163 168
70 210
134 238
21 100
102 168
96 119
142 193
113 230
101 205
84 243
58 77
31 210
2 207
183 187
113 228
58 242
39 218
120 239
20 27
21 33
55 102
200 213
93 155
54 92
22 221
3 45
59 104
168 220
121 147
97 169
96 97
1 86
58 211
43 67
4 17
122 124
108 224
45 198
154 229
88 146
125 138
14 75
128 220
124 232
39 73
112 212
147 200
81 208
53 219
22 127
231 236
6 35
22 41
63 241
28 208
38 85
191 214
52 53
182 237
191 234
34 120
2 88
71 113
79 137
136 236
91 199
149 176
201 212
146 174
38 65
117 215
146 190
51 56
197 243
33 243
209 215
125 200
211 245
212 225
111 131
99 211
77 239
146 229
31 80
145 157
92 164
19 38
28 205
100 232
57 133
33 47
114 119
91 246
137 180
31 100
141 185
139 164
138 212
64 193
35 185
53 161
30 217
20 196
54 220
146 237
163 169
134 172
200 218
13 189
2 187
185 191
102 120
110 221
96 103
48 168
203 212
100 231
111 235
77 100
39 242
64 179
163 220
1 120
96 245
46 143
32 190
18 146
10 37
180 223
104 116
81 171
40 169
129 226
79 185
203 233
1 99
62 211
5 131
65 85
208 230
8 34
24 42
88 173
2 104
115 182
63 174
148 177
103 205
111 169
193 243
15 215
77 162
200 235
77 230
4 148
34 180
66 130
210 238
41 175
8 44
4 78
48 209
19 95
2 140
98 238
24 190
29 43
216 241
6 91
30 212
177 198
37 61
26 184
208 241
54 121
153 200
120 178
40 107
101 158
124 234
4 130
90 153
44 82
179 232
137 222
128 232
41 74
140 181
16 103
27 171
68 122
68 101
178 214
62 173
56 217
25 96
94 224
53 225
150 207
154 161
126 206
183 212
133 205
106 246
155 226
73 189
49 88
97 170
10 14
4 221
24 208
114 180
78 165
51 66
28 213
14 50
236 239
55 110
38 53
197 242
216 222
62 205
91 188
100 192
17 160
11 229
63 98
63 217
8 220
133 208
120 154
75 163
32 169
99 207
17 102
137 242
9 244
9 16
64 227
30 185
3 96
0 66
97 117
26 88
156 230
181 187
63 128
86 244
74 185
8 60
31 68
141 197
78 123
7 44
39 64
96 136
111 150
176 181
7 128
11 116
192 235
9 84
20 47
24 122
12 94
100 145
186 231
219 227
42 149
42 217
152 218
144 198
11 165
43 63
12 201
163 242
123 182
119 178
16 164
195 202
120 244
91 172
83 163
129 139
147 209
79 230
173 191
46 111
155 178
55 159
48 57
56 59
98 165
0 141
19 110
43 149
123 137
18 197
118 175
25 237
1 127
42 59
184 188
207 233
97 176
12 231
137 151
48 214
58 122
1 131
93 192
140 156
87 179
6 181
38 138
12 180
109 163
216 245
27 109
1 129
17 66
66 216
10 21
22 46
121 124
17 179
57 169
42 103
103 134
11 80
177 235
97 245
2 175
93 109
142 242
49 229
10 64
9 65
178 184
70 215
38 190
103 108
44 204
13 175
33 185
8 108
107 121
30 62
56 105
37 180
44 149
57 128
197 238
218 220
0 74
127 155
74 241
48 80
144 154
114 218
53 123
67 79
133 197
72 109
19 182
132 226
109 139
131 213
94 237
87 208
78 102
0 220
33 64
61 94
17 216
210 230
53 131
67 178
129 225
61 204
15 126
70 91
115 237
27 196
28 176
58 224
196 198
55 209
68 213
85 97
34 134
70 201
53 168
29 243
196 212
122 139
115 167
168 241
175 181
63 216
34 204
171 227
66 229
24 245
14 171
50 160
150 199
76 132
14 110
33 223
76 100
96 194
200 219
70 199
229 240
205 244
173 175
42 111
61 150
2 202
114 213
198 223
106 210
23 238
0 152
141 145
36 196
13 224
171 197
98 195
53 75
141 154
146 233
134 162
7 14
78 90
32 188
77 186
52 113
211 223
7 226
22 168
52 232
60 232
127 184
26 56
10 178
18 61
26 157
74 218
14 104
148 189
39 245
118 203
71 120
142 181
81 106
124 125
12 151
131 164
90 133
122 155
34 103
151 198
21 199
6 92
78 96
52 110
30 131
6 67
65 166
167 188
34 208
113 116
89 234
67 128
51 75
13 21
14 189
84 105
168 240
4 101
164 245
67 208
53 197
118 222
41 171
58 114
119 228
104 199
98 224
195 229
99 180
110 191
86 234
53 95
26 98
82 86
52 192
20 33
120 194
107 163
80 114
74 210
18 198
39 185
39 176
106 175
138 170
28 84
82 218
73 88
25 117
149 175
235 241
48 164
20 29
33 227
202 227
37 84
7 84
61 193
2 97
141 191
176 246
170 194
25 111
72 108
23 106
215 233
229 244
99 230
89 93
155 192
30 149
82 137
68 158
12 154
38 180
29 122
22 210
187 210
134 244
72 151
23 136
217 219
13 95
120 231
35 107
58 93
24 191
28 48
71 242
95 122
130 165
73 235
1 205
4 8
18 24
25 28
228 245
136 237
56 179
19 34
64 217
27 93
83 218
51 171
91 178
105 151
170 182
159 205
174 180
3 224
229 246
107 144
195 223
50 166
23 144
44 166
69 95
68 179
63 112
56 238
6 207
14 109
125 227
48 153
67 181
22 130
100 120
6 209
52 171
86 145
33 41
130 133
121 166
43 172
172 198
59 120
50 180
3 7
106 127
23 157
29 31
209 232
14 185
113 141
13 169
183 194
87 123
148 206
78 92
147 186
54 147
212 226
13 58
75 133
20 134
35 136
30 176
130 246
71 165
177 246
29 51
2 204
79 131
54 82
166 220
119 137
60 222
57 88
21 65
67 132
10 82
65 112
81 224
147 220
21 118
37 68
37 129
195 207
161 234
23 243
171 180
134 237
79 234
130 199
184 225
7 90
28 167
74 133
67 172
0 209
20 32
140 230
144 172
115 208
21 229
97 213
38 167
21 210
54 216
2 157
29 49
124 134
57 219
145 186
70 141
76 114
177 244
22 24
72 73
101 113
60 158
111 174
52 119
84 226
65 115
84 244
3 203
142 150
24 128
90 135
12 82
91 118
201 216
192 204
18 59
31 91
115 174
44 176
124 127
36 237
109 225
230 237
17 167
186 227
0 16
32 127
56 87
197 212
36 236
74 91
66 185
51 84
72 165
130 201
36 53
168 213
107 108
40 45
142 163
142 239
84 152
148 239
103 145
16 83
79 240
25 181
129 164
17 159
96 114
177 204
93 231
6 126
51 167
94 155
22 144
89 98
96 192
152 155
53 120
136 195
163 228
8 235
65 217
186 237
51 174
147 184
23 99
53 137
53 195
201 241
65 138
74 183
77 105
31 195
9 41
55 155
88 104
24 236
104 182
49 79
60 148
70 156
95 198
35 126
195 217
45 56
17 176
49 65
8 227
100 215
103 198
4 160
108 125
2 206
194 200
20 142
226 244
46 126
123 219
72 201
149 241
83 172
50 99
14 214
98 235
44 198
84 89
105 173
160 242
33 46
3 20
127 222
70 118
132 185
4 193
37 128
185 214
8 43
111 141
78 82
113 135
152 238
26 116
93 175
114 241
110 161
4 110
38 215
75 182
62 119
50 169
34 207
218 228
85 194
137 223
41 133
18 78
214 229
58 132
193 246
18 108
91 225
10 238
134 216
30 128
36 164
23 95
54 245
40 164
25 98
109 212
28 36
137 166
36 104
26 81
167 173
0 174
134 241
10 195
123 245
56 113
191 208
177 190
111 208
49 107
1 186
18 96
6 145
24 117
184 198
108 163
122 138
163 185
116 229
130 233
199 234
195 215
116 209
126 136
123 199
82 95
214 219
64 132
208 233
50 246
182 239
41 68
118 126
140 162
97 100
12 79
19 221
116 210
58 83
101 124
65 136
177 197
67 228
140 145
34 187
53 140
48 95
94 177
84 172
194 235
68 100
189 207
49 216
129 223
17 129
73 102
187 216
59 136
122 203
39 158
101 169
40 192
180 214
6 70
81 122
77 215
29 100
40 178
219 243
126 205
81 164
119 237
120 215
94 179
208 217
135 163
23 129
86 116
14 159
3 233
102 145
204 223
120 177
49 108
97 144
102 239
194 202
47 215
35 103
172 239
173 242
87 187
38 64
126 175
6 22
63 172
9 49
20 189
124 136
142 156
82 196
160 212
86 183
112 217
24 76
99 186
11 204
70 99
57 207
10 95
184 243
90 194
81 157
80 204
24 173
224 240
64 88
53 205
56 192
44 154
30 93
92 149
91 237
52 186
2 141
54 221
98 232
129 150
74 175
89 131
151 184
95 229
68 217
39 153
45 181
135 198
5 74
56 112
79 174
55 219
112 126
69 209
89 191
34 223
37 112
96 229
110 143
62 138
38 43
0 81
85 116
6 198
26 67
220 244
29 154
90 213
15 199
169 231
1 132
92 208
77 109
78 190
97 190
41 209
32 241
107 110
163 194
39 62
23 146
213 223
40 82
33 118
3 117
128 161
58 142
168 202
51 195
71 178
76 244
100 114
151 235
145 161
101 145
90 132
33 112
40 109
15 64
82 183
151 216
48 115
9 221
184 217
94 135
14 152
89 195
184 200
74 102
70 208
67 131
19 133
17 214
50 157
61 224
45 79
45 160
114 182
25 67
29 168
11 26
9 206
25 79
5 117
140 204
20 54
8 160
9 178
92 121
19 26
27 204
18 57
125 204
126 194
188 219
164 221
33 230
22 176
1 6
22 84
40 135
200 208
35 119
157 228
59 118
68 93
95 176
112 229
52 135
49 114
6 143
158 196
76 195
108 199
161 232
36 201
83 242
88 220
19 204
124 183
44 89
33 130
50 67
208 220
38 105
138 161
37 156
16 129
41 54
31 235
5 52
122 238
46 177
44 84
160 170
175 245
105 213
130 195
1 47
25 30
205 246
144 207
78 114
59 68
172 232
20 220
117 130
43 84
39 82
108 217
89 244
164 170
109 141
104 120
23 193
35 58
41 76
48 97
80 186
173 187
68 185
57 220
10 216
23 219
90 101
47 162
70 206
78 245
2 8
49 112
124 165
29 110
32 53
164 239
76 187
41 152
37 57
96 190
13 187
201 240
20 233
82 169
41 109
67 237
97 240
114 204
63 205
122 190
36 131
85 138
16 55
79 177
19 226
91 226
168 216
119 170
28 50
23 229
36 61
69 134
50 70
141 205
25 163
119 241
34 155
22 229
27 86
80 108
164 177
18 97
180 191
129 205
84 214
75 91
21 52
83 118
152 219
63 235
64 145
87 245
18 224
204 222
187 245
20 171
66 246
41 157
135 147
26 145
96 155
32 211
72 227
76 232
81 206
127 204
97 188
61 106
21 116
52 146
42 174
96 138
41 204
181 226
58 229
62 108
80 129
143 181
55 160
37 93
7 76
107 246
63 114
32 64
143 188
18 42
151 195
209 236
49 142
151 169
29 150
174 188
63 110
87 152
49 69
212 217
24 149
0 173
48 189
14 183
38 96
26 234
63 237
184 204
121 172
37 213
68 157
34 168
16 195
131 157
105 153
89 220
65 139
72 199
4 233
55 56
8 139
72 224
20 65
48 76
54 212
31 176
33 76
21 95
17 61
51 69
40 177
86 118
140 242
105 174
103 220
144 221
27 98
123 181
112 211
88 190
18 153
123 135
157 174
157 244
66 182
38 191
135 154
92 105
9 151
144 159
9 219
27 88
49 188
97 230
191 241
130 171
113 244
129 187
47 78
137 206
43 79
20 157
36 124
156 168
83 161
105 177
85 122
10 241
27 73
18 228
108 188
26 41
49 109
27 41
28 145
123 190
3 201
185 208
242 244
58 79
200 233
127 214
59 83
119 141
40 209
112 143
35 187
2 73
155 223
94 119
14 207
67 99
98 227
37 167
186 210
131 181
154 193
20 131
41 130
51 71
62 109
122 175
115 198
7 100
110 114
22 185
27 71
41 63
63 115
79 245
34 197
120 136
24 226
58 76
39 65
23 72
156 183
99 125
65 167
1 150
166 205
82 211
46 186
67 68
221 224
34 79
81 144
138 167
28 122
59 105
60 74
109 193
5 244
112 213
41 231
9 229
130 142
97 204
16 122
180 242
73 166
163 219
34 147
43 126
58 71
81 196
205 234
124 182
48 106
18 54
142 152
0 68
13 164
16 167
68 129
108 116
75 157
30 160
167 237
101 185
43 200
76 178
43 168
7 97
29 109
140 184
43 176
14 155
88 169
207 244
1 52
137 209
183 237
35 204
87 197
60 115
57 141
44 246
158 191
137 146
149 189
25 178
108 184
62 207
21 170
92 141
52 56
114 171
118 125
20 192
143 190
76 128
118 235
136 243
166 204
48 221
35 81
6 10
50 232
124 147
187 228
87 205
18 211
24 62
94 170
0 118
69 208
21 53
93 154
165 171
157 214
55 88
183 226
183 205
156 224
78 105
101 114
4 149
55 195
156 204
57 127
74 96
74 219
100 223
40 68
168 225
27 160
92 118
166 199
15 68
50 88
14 151
41 240
138 193
25 170
40 120
33 84
131 133
59 195
133 206
124 168
39 61
147 176
80 182
162 240
52 219
77 121
124 214
3 42
206 243
112 155
8 95
22 102
148 162
110 239
201 228
1 237
51 124
17 197
73 114
12 45
5 242
65 243
77 211
53 108
30 92
15 119
4 185
93 94
50 134
59 117
24 115
49 132
65 230
165 212
148 209
89 90
231 244
52 130
21 175
138 217
162 239
161 211
28 223
104 200
27 142
181 238
60 125
76 202
60 99
128 151
72 231
150 241
17 109
115 157
186 212
117 138
21 101
161 221
113 178
137 153
87 221
122 216
161 166
48 222
8 244
71 229
223 226
101 178
41 192
96 116
3 159
144 244
177 206
77 213
118 202
19 227
91 223
140 163
36 170
33 127
121 138
100 184
49 175
19 150
79 84
120 212
201 207
143 197
7 20
108 122
6 215
49 105
214 236
196 223
47 182
28 125
58 129
0 33
146 187
47 227
82 112
34 123
25 129
58 166
67 113
144 204
40 242
12 112
176 182
0 39
40 205
15 123
92 181
191 193
68 118
2 138
53 206
2 130
24 166
49 149
90 147
1 82
74 233
30 202
108 179
32 150
155 204
192 218
117 242
50 214
189 193
71 162
20 40
13 199
100 168
139 245
205 233
83 166
94 207
5 122
129 140
182 222
214 218
123 216
19 121
125 150
206 231
73 118
51 232
112 151
17 147
52 84
25 34
24 225
172 213
132 154
54 198
102 165
136 154
114 207
32 35
152 170
198 231
32 225
98 127
45 232
199 229
138 228
183 186
46 150
110 146
87 219
2 149
77 233
28 192
26 204
75 208
100 132
40 105
26 162
35 154
116 204
120 131
137 235
20 183
45 146
86 142
50 192
5 67
80 106
1 224
32 209
115 153
9 220
63 202
16 124
16 192
187 221
174 228
20 213
102 231
114 137
9 21
46 165
145 244
132 219
97 122
171 195
188 193
42 162
180 244
16 218
45 84
112 205
72 242
109 182
41 241
170 211
159 196
13 206
90 166
3 37
81 140
129 180
204 205
211 237
15 201
12 111
28 144
79 239
32 230
121 203
12 140
40 183
16 242
4 62
68 143
3 63
19 47
194 222
12 67
164 203
68 192
133 192
2 5
174 182
80 224
2 215
81 190
170 229
68 102
119 128
14 220
204 217
138 173
200 206
211 221
179 216
87 100
206 246
57 238
101 156
110 195
96 200
62 220
11 216
172 228
183 199
49 57
33 138
87 159
90 171
211 238
64 131
110 140
209 212
53 100
14 21
9 14
74 132
76 192
104 216
164 211
23 102
9 23
108 155
49 115
93 226
108 159
43 208
16 246
63 86
18 135
99 127
48 108
19 146
96 137
52 75
45 150
14 89
66 153
115 192
146 155
108 176
203 211
24 129
132 139
121 161
91 159
60 138
45 115
66 201
43 56
33 187
26 30
67 180
38 219
88 227
34 41
99 187
150 164
32 140
51 100
231 235
9 165
30 97
53 132
64 106
80 198
169 214
45 46
95 99
8 103
29 45
81 118
153 157
52 236
3 95
37 101
139 214
141 217
47 86
10 208
39 45
59 137
44 118
199 207
149 179
64 162
6 17
113 129
167 242
105 204
38 122
156 163
45 233
12 27
182 204
122 126
69 192
97 220
86 128
117 197
76 99
31 61
12 83
224 232
42 147
45 193
80 166
61 176
70 232
154 237
75 177
46 53
148 234
188 203
151 229
142 162
124 225
94 227
137 229
113 166
121 235
26 55
113 119
136 201
109 114
26 187
61 88
79 187
178 190
150 161
230 231
101 104
113 239
104 142
134 200
85 103
59 180
75 76
96 238
23 128
47 50
38 112
115 158
8 243
86 123
74 162
18 144
41 137
11 73
143 199
4 64
3 245
75 190
51 214
150 156
40 228
32 243
88 129
54 118
2 79
61 222
165 185
14 132
177 192
67 116
60 131
6 50
62 197
208 216
117 127
138 242
121 171
12 145
38 52
69 227
117 165
156 193
41 182
156 211
150 174
58 118
77 101
33 204
82 161
203 217
42 171
10 176
134 157
181 225
43 121
32 84
46 134
47 61
31 188
136 199
24 37
89 217
62 158
22 42
197 205
92 160
3 135
66 161
24 165
81 166
36 186
203 226
147 180
62 162
73 124
226 239
120 176
70 75
26 83
74 92
70 239
1 155
58 111
190 226
95 196
26 195
52 187
60 195
30 209
73 147
59 86
155 169
85 226
68 130
30 98
137 226
182 201
50 194
152 212
4 63
46 188
65 196
33 193
27 132
171 206
52 61
6 206
84 190
63 70
148 246
35 56
16 184
47 177
54 205
139 224
138 245
29 66
76 112
127 151
28 101
162 199
29 195
117 194
136 171
186 238
51 184
151 242
91 103
21 78
37 64
87 217
195 216
16 39
98 121
197 200
135 210
102 209
94 111
77 154
26 85
46 135
165 198
117 158
45 106
118 151
209 244
17 169
137 159
9 154
96 159
80 178
62 107
183 193
164 189
85 150
110 147
100 200
82 93
171 204
95 137
9 120
43 217
46 168
52 196
44 79
30 152
155 172
69 159
165 242
37 40
39 172
18 55
0 225
24 233
65 245
107 122
66 207
77 187
94 197
73 156
29 102
6 225
15 144
57 161
24 47
111 148
27 79
81 86
40 67
73 190
4 177
38 99
47 105
104 187
69 77
17 120
171 211
68 202
25 234
43 83
65 123
138 174
36 92
11 12
132 244
35 173
21 58
136 187
161 245
20 64
21 152
63 94
105 232
166 183
96 235
29 186
38 241
74 79
122 226
223 227
63 117
15 157
174 177
34 229
25 136
18 115
173 234
198 201
145 190
135 216
106 219
55 237
39 241
62 228
35 62
132 166
143 201
27 201
111 157
89 143
93 234
83 97
36 105
156 169
43 111
134 215
27 164
28 40
129 190
74 144
77 157
170 214
125 228
71 175
47 99
158 242
139 151
21 38
82 180
17 38
105 239
122 200
140 165
5 9
46 96
8 240
153 202
39 85
87 216
32 98
182 187
128 196
44 119
107 233
28 121
2 121
80 109
7 71
33 37
141 166
118 149
90 103
172 209
109 246
20 166
28 115
62 192
21 61
82 208
82 152
130 208
86 220
8 202
120 155
135 172
45 145
108 219
161 168
209 230
111 175
3 111
125 211
49 101
97 153
111 176
215 238
61 234
46 109
63 150
46 237
182 199
33 216
205 214
43 77
143 210
71 125
6 195
218 229
28 107
149 181
180 189
91 185
16 35
4 66
61 240
104 143
25 177
44 102
56 141
2 19
68 238
114 150
31 234
65 223
90 218
85 98
161 239
82 164
77 104
99 210
124 197
186 195
37 159
99 176
31 171
44 114
75 165
142 216
53 176
95 108
70 94
129 208
97 199
19 30
21 123
6 171
50 93
26 150
2 212
148 222
100 159
86 111
6 80
169 189
63 68
38 46
50 168
76 147
1 81
8 201
0 30
46 235
179 230
17 203
70 181
74 130
91 126
26 58
50 144
86 209
66 187
113 175
146 180
220 242
14 168
193 208
55 138
144 148
8 223
137 173
57 233
172 191
81 245
20 60
6 144
135 137
60 139
168 188
68 90
88 89
13 60
85 220
70 112
157 189
41 127
115 172
43 113
33 244
5 68
15 129
88 198
12 65
54 91
81 128
17 134
30 201
45 52
5 167
114 206
42 81
91 170
2 234
37 70
58 164
16 29
175 201
105 218
6 107
65 161
113 211
112 190
204 215
50 241
65 232
15 95
22 236
92 158
93 197
28 158
47 163
106 200
1 98
154 208
28 161
160 183
34 72
59 167
53 209
229 243
127 179
27 34
19 122
161 220
168 181
123 151
12 70
40 157
117 226
3 52
150 244
26 92
2 192
101 241
227 241
133 147
3 129
84 201
160 245
30 159
11 156
192 223
49 97
130 183
20 236
113 122
8 50
156 243
139 165
131 230
20 175
194 227
13 220
111 225
85 212
67 138
28 91
7 177
12 204
105 148
73 143
111 154
16 243
15 49
25 216
28 49
37 158
143 242
27 111
57 151
183 239
111 121
200 227
41 243
96 214
72 219
68 209
116 125
36 212
230 239
31 162
15 100
44 220
38 246
47 205
63 84
90 119
17 173
60 220
105 109
116 205
104 245
102 123
5 50
4 46
26 130
75 231
77 124
138 203
57 152
188 216
9 125
0 143
136 225
35 150
110 198
75 235
122 191
181 218
193 225
28 242
98 115
204 239
47 49
41 208
78 121
5 158
70 222
133 198
18 139
212 246
204 229
45 173
112 179
90 225
25 223
80 82
50 104
41 180
168 209
50 151
22 202
80 134
60 107
8 198
29 104
184 238
48 150
27 184
113 234
75 201
83 156
9 89
101 206
11 242
51 241
86 233
108 169
88 141
55 80
147 172
70 166
52 213
46 117
3 51
209 217
126 221
41 75
45 76
118 206
0 241
127 244
181 186
48 143
95 131
125 171
19 93
156 237
54 179
121 169
56 212
18 166
4 190
44 106
76 153
132 148
114 158
167 194
39 106
161 210
21 137
0 84
22 76
88 218
7 154
16 185
96 133
115 220
194 246
17 137
17 225
200 246
2 52
19 233
41 90
16 227
2 94
40 78
60 78
0 2
115 184
57 90
47 212
37 152
8 226
22 142
233 245
158 214
74 149
137 148
19 43
176 242
120 245
58 97
90 198
32 97
24 60
16 116
46 77
19 104
109 216
17 65
0 238
28 126
1 173
136 180
33 203
122 184
149 223
167 209
62 181
76 214
29 68
2 229
4 228
71 163
82 232
129 229
33 65
119 140
161 217
60 94
39 129
154 216
67 98
35 115
120 179
2 38
10 27
99 159
35 86
22 101
210 213
65 150
76 233
45 200
62 118
155 175
5 59
91 175
156 242
12 33
34 84
83 176
93 171
10 126
20 132
177 230
26 128
78 111
32 85
45 92
13 229
117 151
104 125
63 184
1 64
71 223
6 176
40 122
103 140
38 242
189 214
148 220
24 51
167 206
110 112
73 144
123 154
61 211
24 216
31 111
42 212
43 235
98 200
88 155
202 240
34 190
25 207
116 156
76 91
0 108
134 231
16 67
3 13
143 194
131 193
107 127
73 208
115 121
6 103
22 246
11 39
187 194
90 188
98 144
154 242
85 178
62 241
14 15
231 237
101 197
90 176
52 211
226 234
15 67
8 91
174 232
18 217
0 155
12 62
49 94
43 96
10 159
7 245
37 85
130 159
89 229
177 214
83 101
24 73
239 243
140 144
38 136
145 191
149 204
157 181
197 208
72 173
92 231
9 164
43 225
35 96
99 126
181 216
120 242
47 64
70 191
206 233
87 116
37 117
84 229
98 124
143 163
151 186
134 196
40 182
45 183
38 49
46 140
34 90
114 202
143 244
66 217
52 66
99 179
71 156
182 211
105 206
26 182
224 227
143 162
63 231
75 168
51 175
10 56
0 213
153 155
2 80
49 136
72 131
52 150
5 220
124 239
44 203
44 71
147 205
56 73
20 186
3 238
146 181
95 234
12 13
23 190
55 163
67 133
79 200
47 67
193 231
131 148
19 99
212 228
60 133
25 62
70 145
100 175
29 87
99 178
107 142
67 118
47 161
30 106
118 223
158 219
30 203
104 176
82 167
111 143
188 199
36 141
66 206
32 78
173 235
21 90
55 149
190 201
43 155
19 163
3 30
38 174
137 190
90 224
92 120
152 201
153 244
10 28
18 238
121 245
133 149
144 196
138 213
29 103
107 199
16 176
193 227
5 56
58 184
148 159
159 198
92 239
47 96
63 87
5 78
179 209
178 218
45 133
26 68
23 68
94 107
136 177
60 237
1 178
58 205
168 203
44 172
25 83
27 153
21 172
0 97
7 158
7 201
38 82
59 63
136 167
56 143
58 156
170 175
134 136
67 171
77 123
172 230
66 82
56 168
25 80
162 175
55 176
62 99
11 192
91 220
10 89
22 161
39 87
73 133
75 110
105 136
115 201
16 86
66 102
224 245
42 79
183 235
201 246
77 179
61 217
131 169
18 26
80 154
113 212
93 216
38 47
76 126
11 194
97 200
89 140
130 239
137 246
30 133
38 156
200 240
90 136
164 198
60 126
151 218
3 14
47 140
31 229
59 166
102 182
55 128
56 72
91 222
149 183
73 148
41 134
149 172
201 213
30 114
144 235
97 150
59 226
35 94
86 243
36 49
48 62
118 195
30 43
116 192
97 235
143 192
134 170
46 110
108 128
67 200
14 186
18 40
62 125
139 230
120 195
46 98
33 240
215 225
209 241
131 186
35 220
14 130
123 207
85 234
8 156
65 84
64 178
129 220
26 79
99 236
52 148
37 240
14 98
224 228
4 112
116 187
13 128
38 205
124 212
133 190
57 95
60 191
86 207
126 235
192 197
64 124
27 148
41 140
13 202
68 235
34 222
99 129
79 172
93 201
127 228
120 132
66 228
187 236
220 240
136 176
100 121
66 112
58 174
53 126
119 202
38 159
51 149
82 97
5 83
45 140
110 122
34 54
97 205
173 211
118 201
105 198
32 231
135 171
20 164
62 123
19 218
154 164
112 245
54 145
220 236
67 192
68 218
4 172
32 242
35 59
159 163
146 227
210 237
48 240
93 137
81 149
68 243
48 186
98 186
82 223
36 227
105 107
110 134
41 48
34 140
135 197
118 188
15 138
33 90
162 203
165 240
10 42
103 225
89 105
2 122
115 135
38 216
9 102
147 244
177 233
89 245
61 111
132 140
157 202
55 124
83 135
151 180
58 133
66 136
58 95
66 148
166 179
14 147
180 198
74 202
110 155
204 209
66 220
11 79
157 235
35 98
98 129
67 146
54 193
68 85
94 215
107 165
78 216
131 167
174 189
158 190
121 142
9 208
121 239
205 232
151 191
30 162
178 192
129 210
14 133
167 234
141 243
78 134
108 165
56 165
34 37
146 175
58 238
133 183
63 220
23 114
94 99
159 188
64 98
111 113
71 145
105 183
0 128
169 223
37 133
56 196
105 117
35 120
190 200
36 182
36 225
161 162
50 63
46 243
7 16
31 79
50 193
65 152
13 133
56 211
47 203
111 192
17 24
10 106
12 76
84 107
56 79
143 182
169 198
6 166
90 235
111 155
183 233
179 227
111 140
53 190
109 166
185 235
87 91
72 94
60 203
33 228
24 27
39 240
129 163
1 238
6 132
17 78
49 51
90 97
87 125
20 184
10 171
0 199
73 94
188 239
45 217
7 203
108 130
87 128
97 165
3 187
103 200
136 149
18 126
37 131
212 245
121 228
115 162
72 215
59 169
137 243
42 94
12 203
40 237
73 173
189 204
105 130
103 194
67 204
8 215
50 161
79 243
35 116
86 95
62 73
19 82
218 221
209 228
43 177
83 143
167 174
3 26
40 180
14 114
81 240
36 157
207 211
172 185
170 202
237 246
139 143
105 188
14 27
36 156
92 223
124 237
38 221
29 234
156 228
53 116
9 185
11 14
58 124
36 230
111 204
86 127
7 115
145 152
61 196
50 159
2 21
58 196
58 171
94 201
182 202
111 200
154 221
47 155
91 152
18 45
123 214
81 230
72 158
154 206
152 184
142 203
165 227
2 74
152 183
6 40
169 233
42 204
6 148
51 220
32 213
7 63
159 171
13 23
41 168
40 119
200 223
84 88
26 179
16 230
79 160
25 188
49 225
38 101
19 57
17 35
9 182
157 195
41 57
13 91
64 155
73 138
52 125
16 47
58 90
104 239
194 221
173 189
35 202
136 181
65 197
174 217
96 140
40 86
23 29
4 98
36 233
84 98
193 207
0 198
61 129
106 149
36 158
80 200
16 104
78 119
20 102
113 183
73 232
241 242
118 217
198 205
42 122
49 89
112 195
134 163
51 202
191 225
179 210
66 188
68 172
108 180
184 186
100 165
63 71
32 208
166 203
17 150
146 147
36 154
85 199
34 193
59 93
73 98
119 177
89 145
6 48
158 206
108 205
39 194
21 179
224 234
153 179
36 240
21 115
28 206
46 114
60 79
40 173
136 143
56 98
139 192
167 232
167 176
111 162
16 66
115 161
48 91
47 156
227 245
106 180
78 240
10 65
113 137
199 220
128 227
33 48
138 220
12 25
51 147
97 244
88 157
2 195
37 74
47 110
146 171
127 203
172 216
118 193
163 177
129 240
164 241
57 246
33 143
128 146
84 231
58 187
98 191
75 221
9 131
58 146
186 203
60 88
152 229
74 207
96 173
102 149
213 224
145 182
97 118
164 165
21 88
110 170
54 55
141 155
76 184
1 2
83 159
26 169
6 156
80 93
1 72
45 107
32 158
0 170
44 211
120 141
8 144
26 86
47 116
23 212
90 164
115 160
71 241
138 197
81 175
128 246
81 215
15 133
110 173
111 146
61 101
1 53
156 231
203 240
131 195
202 245
145 148
72 100
45 101
154 198
191 227
85 87
3 189
50 128
3 216
158 188
21 173
45 143
143 175
143 183
161 170
73 74
150 184
73 120
141 230
179 188
37 123
229 236
39 108
69 71
5 8
26 227
6 158
134 239
123 208
114 122
65 219
164 236
29 33
56 177
25 180
26 220
2 126
76 102
179 225
50 165
177 178
215 244
64 142
42 72
5 205
54 234
62 81
56 103
91 227
89 94
6 131
91 153
9 153
148 184
123 131
34 83
77 170
34 60
10 164
94 116
174 197
15 53
59 158
57 204
202 210
202 213
35 218
81 145
14 234
210 216
45 175
137 156
135 203
164 219
5 183
194 214
68 199
71 148
29 140
93 139
0 208
158 229
36 202
69 93
94 225
92 156
95 165
42 238
13 30
33 159
49 201
131 233
90 193
17 106
3 36
26 90
49 178
39 92
84 158
10 165
167 233
10 199
26 240
107 216
202 242
232 234
133 237
27 235
7 167
69 213
160 191
39 220
66 104
101 120
149 169
106 129
3 215
47 95
21 242
135 231
146 162
151 177
17 80
83 203
5 77
7 126
192 237
7 61
106 179
194 199
60 200
196 221
165 232
1 154
21 202
112 180
64 70
160 198
16 231
123 236
205 221
39 224
78 85
10 138
4 226
4 218
39 142
168 236
35 177
10 127
62 221
17 45
31 151
99 162
91 166
73 149
131 244
54 202
143 156
90 129
105 163
25 54
16 189
75 211
115 128
72 104
44 171
37 164
48 134
47 107
8 33
83 214
82 115
27 121
104 126
198 233
33 113
51 130
22 31
80 125
107 157
34 132
68 216
6 105
189 226
184 227
27 147
24 78
9 66
98 234
69 128
4 117
140 146
35 224
20 241
13 72
219 235
65 77
78 172
50 141
1 182
161 179
103 171
136 228
164 179
206 240
189 211
82 229
71 121
75 156
74 104
100 134
125 190
106 236
97 133
20 71
99 164
190 218
125 230
15 150
63 173
0 196
67 144
1 43
72 136
33 147
175 212
163 233
1 201
91 111
61 141
91 113
85 169
74 195
44 146
161 224
106 140
88 213
2 30
72 87
89 155
90 204
155 207
91 133
134 195
9 46
6 218
60 238
11 234
16 65
77 130
233 238
3 139
30 40
26 45
154 158
40 47
24 213
92 165
21 151
57 171
25 150
7 152
93 239
138 153
61 73
77 159
84 177
113 147
146 184
1 111
119 176
77 151
127 159
171 184
52 69
110 226
110 115
133 212
94 108
50 223
155 244
32 113
4 198
69 184
53 172
40 87
50 235
155 222
69 111
151 164
155 239
42 237
115 232
89 187
118 240
68 114
139 227
113 174
175 224
64 154
78 183
49 154
44 131
149 177
34 94
99 147
137 236
59 62
43 92
128 179
97 233
4 59
126 149
91 148
45 213
55 135
144 145
64 183
79 217
113 191
80 142
52 83
173 226
19 185
81 216
30 140
8 114
6 194
193 210
4 168
153 245
15 236
61 161
62 84
11 178
38 56
11 19
32 49
7 85
37 47
191 209
43 130
75 94
108 142
94 243
18 125
13 24
216 236
12 81
159 244
86 188
23 195
54 85
13 51
172 212
59 181
51 230
2 188
83 169
61 148
103 202
67 125
26 208
172 236
68 233
36 50
3 173
70 205
126 197
44 186
77 199
109 236
71 236
79 233
39 165
12 56
77 90
183 218
99 170
104 174
98 112
7 184
242 246
215 230
147 227
238 246
0 120
58 221
12 87
206 225
21 144
42 227
192 225
35 99
32 164
78 169
21 209
80 181
82 88
18 159
88 167
197 245
109 148
0 113
78 182
79 86
5 173
58 160
95 179
29 42
66 169
145 228
41 42
67 130
159 183
110 181
176 212
121 170
181 211
19 120
25 208
47 75
216 219
34 49
1 94
89 184
183 213
146 148
8 61
76 194
9 47
45 224
104 139
80 177
66 76
138 241
29 176
92 234
82 242
34 240
12 55
225 235
2 152
27 97
52 237
15 178
3 186
96 198
20 89
39 59
95 146
88 140
95 113
108 218
66 138
187 224
13 137
144 225
126 151
79 152
91 244
228 232
61 140
76 107
21 24
102 172
117 246
196 211
28 53
105 108
106 195
17 121
166 230
6 241
108 194
48 246
54 124
157 238
206 218
116 193
2 42
187 238
61 242
107 168
91 200
49 113
27 67
109 129
81 112
30 36
24 235
131 234
148 186
181 209
14 170
8 82
110 171
23 170
6 120
18 71
138 182
99 102
148 194
101 157
96 188
62 195
87 203
118 158
156 175
66 88
24 174
93 121
4 7
88 201
25 104
107 186
75 169
158 174
104 217
58 186
64 65
194 208
19 166
47 232
103 242
88 177
124 167
82 212
6 160
212 233
80 126
42 80
112 233
138 157
123 129
25 33
71 222
112 124
18 214
18 160
25 95
11 159
109 124
62 170
132 184
77 217
171 229
133 243
134 171
5 47
15 148
58 236
55 97
29 213
122 194
123 230
6 52
27 103
57 73
83 154
126 227
130 231
65 229
80 189
177 193
23 130
61 157
99 131
62 184
32 228
87 214
79 161
100 180
121 185
61 104
77 243
21 145
10 196
73 92
11 239
197 214
16 173
62 242
6 163
33 50
19 44
190 241
22 243
16 194
73 216
61 128
107 130
30 218
79 99
185 202
27 239
78 204
50 229
97 203
175 204
6 63
172 204
167 170
12 148
240 242
111 230
69 232
123 209
13 109
174 185
14 226
5 62
28 246
181 236
1 4
116 172
32 39
95 188
10 62
22 81
96 121
11 149
84 157
21 108
56 124
163 226
89 183
93 140
64 86
212 229
34 116
21 62
92 174
76 130
66 205
112 220
30 175
47 138
52 193
155 187
54 103
132 179
125 239
70 192
25 36
63 123
75 89
120 193
102 217
0 50
204 245
16 181
17 116
95 218
122 231
73 89
2 134
37 174
0 110
40 110
1 50
39 209
5 89
16 168
14 92
36 139
32 159
4 83
185 193
10 121
17 27
44 80
76 218
1 197
53 98
151 185
14 43
42 246
11 94
162 183
109 190
141 168
83 173
195 244
37 78
40 212
33 109
15 33
79 221
161 169
26 172
182 233
82 133
47 51
74 201
33 145
53 68
61 220
165 216
107 209
15 184
13 31
91 245
23 232
93 128
57 123
172 178
64 199
126 183
14 191
88 188
57 87
3 102
125 186
208 246
39 199
122 205
42 105
42 214
10 110
92 125
6 212
24 54
72 164
117 212
68 139
1 110
169 194
148 244
72 213
63 193
91 194
71 100
30 76
102 146
28 202
54 99
51 108
183 221
29 233
57 131
83 148
100 181
30 197
65 214
228 243
175 218
145 219
115 211
160 172
14 146
3 47
22 241
40 130
163 206
167 218
122 140
82 200
48 163
30 210
39 131
192 244
70 74
106 114
156 188
2 111
149 216
168 191
150 195
20 26
77 163
158 160
100 169
5 208
18 60
117 167
5 132
35 138
6 228
145 241
73 239
98 109
15 65
57 245
96 108
150 220
137 220
54 224
32 41
46 230
101 130
37 111
99 144
152 240
70 161
52 184
30 204
40 187
39 124
14 125
40 54
66 70
162 198
72 132
1 183
101 109
202 234
47 170
23 36
7 113
36 46
28 139
147 170
57 243
77 189
37 161
21 203
74 215
1 80
81 150
113 193
153 209
130 243
18 20
111 167
165 194
30 172
159 206
138 169
102 134
172 203
68 76
34 136
84 86
27 214
216 232
10 129
33 162
10 44
194 216
141 188
44 86
70 96
19 214
3 50
58 65
132 169
86 97
91 97
79 214
45 163
49 110
162 204
93 220
107 214
73 167
47 90
189 239
4 61
142 170
88 241
36 193
142 205
14 122
49 147
13 161
11 196
74 147
20 28
175 229
99 137
144 149
60 201
63 246
32 75
146 226
75 81
40 227
1 16
94 187
91 161
151 220
125 201
19 198
145 151
91 215
61 178
114 159
24 156
22 138
28 108
183 198
3 161
52 131
89 160
126 139
150 157
71 200
16 100
102 211
49 198
0 103
169 243
33 196
6 56
35 155
37 193
71 176
40 140
25 61
23 118
66 89
13 246
17 103
49 64
64 169
28 162
77 188
7 235
63 96
60 102
62 113
86 173
17 192
39 231
90 228
19 157
110 138
18 109
23 244
80 241
99 141
139 172
68 124
186 243
132 217
105 143
137 155
26 105
92 209
44 92
25 141
14 243
22 215
6 200
30 104
63 169
36 55
99 234
165 233
90 244
124 140
2 95
47 121
117 223
91 241
109 217
153 234
53 241
108 168
80 192
29 60
44 150
39 147
12 150
58 127
133 224
26 147
18 230
19 33
58 123
96 167
190 243
8 195
38 204
120 226
34 128
156 172
36 203
13 37
2 227
126 219
226 238
2 242
49 155
4 32
95 206
73 182
105 199
37 191
119 180
40 195
7 231
38 90
60 110
150 187
52 159
26 97
198 200
96 187
97 152
75 114
201 232
16 229
154 175
42 206
202 206
1 206
214 228
43 236
69 189
83 167
65 225
139 186
115 141
13 64
70 168
100 213
4 60
41 114
69 165
74 97
110 225
132 213
19 60
50 187
16 46
79 224
169 235
55 119
27 245
81 163
107 243
165 179
165 175
105 168
231 239
57 122
136 170
36 228
43 211
104 197
115 187
132 188
44 156
80 223
72 98
17 232
10 11
181 244
208 224
21 63
14 127
52 54
62 68
14 177
25 119
88 232
63 204
31 110
232 245
20 96
16 106
56 204
32 192
160 216
58 178
114 187
164 227
31 243
24 69
82 146
38 97
134 226
2 112
76 144
47 207
212 235
106 130
125 151
26 190
43 134
110 172
48 149
61 147
115 186
145 229
158 166
228 236
105 142
15 240
119 196
126 171
6 192
123 231
65 189
49 90
127 149
48 114
10 88
71 228
175 240
5 80
11 110
90 197
0 1
73 112
189 223
212 216
58 107
30 222
6 135
51 118
176 202
5 22
111 229
60 192
7 79
3 221
40 49
65 192
35 176
14 176
44 238
80 113
67 82
79 205
93 167
13 200
57 103
65 154
53 74
210 231
77 82
71 187
33 85
18 190
41 178
158 180
77 98
20 151
124 162
44 224
19 61
88 122
65 122
199 210
82 162
121 153
200 215
148 163
192 216
110 202
74 232
23 178
43 118
30 161
157 171
163 200
30 121
27 178
228 246
66 209
162 237
197 219
189 201
60 128
105 159
139 162
24 148
137 219
32 217
6 118
110 207
98 138
95 116
98 111
47 111
204 211
110 236
144 166
94 117
117 140
85 237
9 192
54 79
97 124
46 74
15 71
121 157
122 152
98 217
38 157
141 142
58 149
81 138
44 223
92 128
