251
6
29806
60
106 2
233 2
250 2
132 4
133 2
219 3
170 3
222 1
274 4
211 2
209 1
93 1
293 4
83 1
280 2
198 1
306 3
283 4
298 5
212 3
97 2
61 1
234 3
207 5
269 2
110 1
132 5
138 1
81 3
177 4
117 4
130 1
263 1
113 2
130 1
191 2
280 5
188 1
291 2
178 4
76 4
298 2
164 4
92 2
299 5
68 2
86 2
210 5
257 4
187 4
180 3
118 5
289 2
159 2
241 4
147 2
277 2
86 5
101 3
311 1
108 4
140 2
211 3
125 1
74 2
226 3
61 4
87 2
188 5
288 3
152 2
96 4
128 1
100 1
309 3
289 4
146 3
230 2
70 1
229 3
94 5
220 3
173 4
138 2
215 1
95 5
256 4
77 1
210 1
202 3
285 4
131 2
119 5
148 3
113 3
119 2
234 2
156 4
75 5
170 4
153 2
230 4
303 1
134 4
129 4
104 3
307 5
143 5
96 1
114 2
313 5
243 3
114 3
106 4
237 3
260 3
168 5
256 1
310 4
65 4
213 2
92 1
176 2
258 3
113 4
219 3
184 2
105 3
252 2
188 4
99 4
127 1
102 5
245 5
278 3
205 3
197 5
296 2
71 3
164 5
207 4
126 1
87 4
111 5
170 5
282 4
305 4
282 2
259 4
161 2
101 3
169 4
111 3
80 1
134 1
312 2
244 1
123 2
154 3
57 3
313 1
78 2
147 2
194 2
67 1
125 5
276 1
179 4
253 3
103 2
94 3
258 2
170 3
216 4
119 2
217 5
128 4
69 1
260 2
129 2
78 5
290 4
133 2
303 2
84 2
110 3
163 4
267 3
223 4
85 5
126 3
285 2
290 5
227 4
119 4
163 4
146 1
239 4
289 2
66 2
132 1
212 4
158 3
93 2
245 4
303 1
64 5
63 1
133 5
312 1
227 3
231 2
254 3
151 1
255 1
154 2
102 3
184 2
107 2
166 2
99 1
228 3
228 4
255 1
266 2
196 5
295 3
151 4
124 2
275 5
176 4
274 2
257 3
282 1
200 1
300 4
183 2
190 3
95 5
73 5
153 4
216 2
78 4
307 1
231 3
209 1
299 3
300 4
179 4
59 5
303 4
122 184
51 55
207 226
73 83
153 193
21 39
132 214
78 108
10 144
88 168
143 188
79 116
11 245
119 161
66 242
3 161
39 124
78 157
126 146
97 116
17 212
3 224
36 156
62 149
128 183
196 223
197 215
92 171
57 169
190 232
179 189
128 230
78 97
61 79
156 210
16 91
91 123
84 216
14 122
4 96
139 173
83 85
13 133
29 158
71 93
52 104
35 144
46 177
119 219
118 128
220 236
106 164
45 192
230 244
23 38
13 36
168 192
9 201
3 205
163 167
91 210
91 95
170 185
46 199
50 149
114 156
30 136
136 153
97 129
17 193
99 113
12 181
36 213
201 204
54 192
1 142
43 125
58 176
44 54
106 189
176 250
80 236
79 88
61 65
99 182
206 225
71 167
108 186
69 123
132 147
45 61
74 143
116 188
184 188
179 229
126 226
47 197
142 184
138 236
72 82
68 245
182 231
130 211
54 85
95 147
6 177
156 243
47 246
108 219
68 248
85 116
110 113
144 186
157 214
5 35
40 151
196 197
92 188
59 115
61 248
161 208
102 150
73 85
54 116
41 65
184 210
184 223
99 176
13 125
44 247
35 149
173 239
226 243
0 175
13 219
2 152
81 134
125 211
28 51
74 201
121 182
32 149
8 81
76 235
204 245
65 104
21 60
46 175
83 194
103 112
54 241
135 157
141 157
3 125
135 195
69 100
53 83
214 237
196 215
20 27
53 88
63 238
159 195
109 138
9 85
42 196
94 141
89 219
233 235
145 201
68 209
28 247
34 246
212 218
209 238
123 127
76 107
105 207
19 37
175 241
32 33
36 155
11 103
60 112
135 214
8 184
220 237
46 238
30 82
41 87
73 174
59 225
23 91
64 83
73 150
71 127
19 196
115 239
52 107
124 139
79 171
220 241
11 120
140 233
42 232
138 232
5 77
213 220
85 235
58 248
46 165
41 79
52 79
173 202
86 127
40 97
9 233
116 206
148 163
111 191
157 200
189 233
93 234
67 160
107 197
78 151
216 229
10 176
9 149
6 115
148 195
73 158
3 145
45 164
31 188
26 72
8 69
93 229
110 207
38 186
40 229
69 168
193 228
151 204
165 245
2 30
163 198
4 177
26 97
71 76
72 163
84 231
190 247
129 171
67 93
63 149
59 245
227 234
111 197
99 198
0 249
130 148
76 177
151 179
4 216
233 244
78 194
224 230
116 173
57 122
136 150
17 44
99 106
31 44
198 243
44 74
21 54
54 121
18 130
19 189
154 173
62 79
84 154
35 47
81 161
224 246
99 167
177 244
116 141
85 209
156 173
51 68
84 105
89 249
27 215
161 165
128 191
121 145
198 249
92 236
3 226
186 192
26 78
41 155
39 178
75 157
28 204
2 222
221 227
92 186
11 147
107 198
104 193
205 221
23 129
140 185
42 210
35 94
71 86
67 159
5 112
2 127
92 141
27 146
24 200
63 119
222 231
93 147
31 80
15 245
77 91
70 83
0 127
113 202
122 160
28 97
24 153
58 97
2 114
90 127
52 150
4 146
20 182
104 166
1 149
227 232
148 197
88 95
58 172
169 203
4 118
21 131
82 236
21 103
8 147
64 68
167 231
198 232
206 208
79 120
77 114
74 149
135 168
192 250
126 164
150 220
32 159
27 178
174 205
178 223
155 174
73 223
104 138
73 111
26 219
11 149
22 93
56 134
65 241
72 247
72 84
55 199
12 60
1 238
169 193
18 151
54 81
102 242
149 185
172 227
60 123
30 212
11 105
136 138
78 113
197 202
68 108
12 41
129 235
125 198
215 237
60 110
120 250
47 115
30 188
24 240
55 148
53 236
23 99
18 170
133 166
92 183
108 202
114 225
81 114
144 212
92 209
113 216
222 243
106 205
196 211
27 86
212 238
16 248
171 212
109 168
56 125
59 182
27 61
112 144
226 238
106 228
93 177
26 100
145 180
209 214
93 125
152 217
74 118
29 74
47 205
58 223
51 178
0 198
58 207
103 106
90 117
210 228
125 158
180 186
112 226
7 76
115 168
133 144
48 248
44 250
47 158
138 225
124 227
35 150
51 167
87 245
85 174
84 196
36 209
74 117
3 39
110 151
49 157
123 228
29 36
29 151
160 195
13 154
130 184
78 137
106 196
126 233
171 203
108 194
96 194
158 202
46 116
0 160
10 113
38 227
87 119
16 41
12 47
48 155
67 157
78 152
1 117
13 118
50 73
3 88
124 240
98 214
134 178
49 141
66 248
5 53
4 21
68 95
204 214
101 113
156 182
141 228
5 80
8 43
62 163
54 122
36 216
145 155
173 217
100 163
10 132
138 146
57 190
67 247
22 141
56 86
92 120
175 230
93 158
190 195
187 209
114 154
196 233
131 159
65 132
115 197
86 129
42 194
106 176
73 168
87 96
19 36
58 250
43 199
49 116
172 174
186 195
54 169
41 44
52 210
176 199
21 81
62 115
14 98
59 230
104 147
141 159
76 146
5 70
147 210
16 249
94 133
3 78
49 240
7 232
26 191
232 235
87 206
154 204
14 58
50 239
106 190
22 236
34 88
126 157
90 170
203 229
137 210
38 174
32 172
102 136
105 153
19 71
200 205
7 228
88 152
57 162
164 197
58 66
58 65
175 177
134 184
91 193
122 232
6 120
48 137
48 247
64 135
168 248
31 106
60 78
181 216
2 246
147 226
117 161
67 106
52 60
89 204
36 249
191 219
40 241
237 240
109 191
129 245
121 141
76 244
42 60
25 150
23 229
34 110
227 245
5 212
52 58
131 145
144 249
129 214
58 231
143 235
78 193
90 166
213 241
52 201
115 215
59 106
86 97
18 94
36 243
170 204
11 119
178 246
50 176
138 203
126 243
3 154
96 177
188 246
47 143
0 172
43 55
118 189
56 206
138 249
35 232
76 166
124 196
244 248
78 250
56 63
76 159
21 83
33 126
56 208
140 201
48 227
28 224
158 226
11 227
64 74
38 93
60 211
11 36
126 193
76 190
162 200
118 171
154 194
22 199
41 66
97 160
29 47
22 30
25 169
74 199
105 131
211 232
109 115
125 236
41 60
79 158
4 49
54 88
90 106
64 226
212 233
125 139
114 139
146 208
139 200
14 103
36 93
64 157
111 231
91 139
217 247
19 20
13 140
106 167
28 129
115 204
62 192
124 136
74 174
39 86
153 199
120 216
113 139
41 186
33 212
47 231
25 35
101 210
19 190
20 224
61 83
66 113
137 213
80 150
86 176
88 133
100 152
11 170
168 233
9 67
133 155
27 39
40 123
72 85
97 226
93 183
112 127
72 221
153 234
41 179
51 241
47 104
88 146
134 158
92 213
55 101
16 131
55 171
4 227
208 249
17 218
26 123
13 37
65 233
159 250
41 149
186 187
165 208
137 239
131 218
149 226
113 122
1 150
80 151
13 139
15 40
76 101
32 233
61 115
9 159
213 230
159 188
141 177
153 188
133 226
51 126
60 184
91 216
148 184
24 96
25 131
90 104
79 228
87 129
101 140
113 186
230 240
48 121
27 235
36 43
11 141
74 134
22 195
109 110
142 189
27 35
184 236
51 136
62 230
65 142
96 150
68 246
7 189
172 249
13 160
72 126
151 164
80 234
85 128
114 205
53 223
1 201
30 180
5 220
120 126
49 214
18 242
12 34
178 250
91 208
139 236
170 235
126 235
185 239
55 211
69 222
171 208
152 194
146 176
39 89
150 207
43 157
37 188
13 166
53 128
96 181
190 191
4 217
22 220
62 134
71 102
7 188
171 176
45 190
35 139
159 213
200 219
223 246
3 33
43 106
120 208
109 128
110 218
74 244
207 250
21 97
61 134
181 207
127 149
0 130
127 132
150 211
164 234
199 237
27 224
130 179
210 219
155 204
76 240
119 143
51 161
63 233
17 50
9 124
55 235
86 168
123 168
191 214
121 222
45 102
93 203
122 214
10 127
209 229
51 74
169 214
105 178
26 34
114 127
182 224
9 84
39 192
14 125
144 207
185 226
59 105
57 70
65 195
84 201
134 246
39 230
20 110
141 145
124 150
9 210
26 246
9 157
170 174
33 184
92 123
92 177
142 211
16 210
76 224
16 226
225 245
246 247
9 241
84 230
10 82
99 158
48 217
99 116
38 165
35 235
17 177
221 243
201 205
100 162
14 234
131 243
218 247
159 245
176 200
181 235
120 127
194 199
9 208
101 149
196 226
99 192
8 103
103 202
161 237
24 148
42 152
24 221
61 189
64 145
122 213
124 195
47 150
191 195
98 167
28 206
203 248
100 103
130 236
117 124
13 164
133 186
29 171
55 83
64 196
41 128
22 169
123 187
62 178
64 80
19 250
161 202
46 79
12 107
28 88
33 133
3 212
142 156
38 66
173 185
118 122
11 32
110 209
230 250
165 172
151 158
84 211
48 172
36 104
86 90
8 95
154 199
44 131
228 230
139 177
50 234
196 246
176 247
142 209
115 181
139 219
39 135
77 117
24 136
13 190
63 217
5 140
147 242
65 206
127 145
84 210
92 147
119 240
31 115
134 243
151 246
20 22
177 198
47 164
99 183
0 162
10 36
144 218
2 180
28 147
87 91
1 121
85 121
0 97
19 109
110 121
97 188
86 120
131 208
49 164
115 200
2 91
158 176
132 195
9 68
78 167
3 52
7 9
82 108
30 54
92 221
106 111
147 157
33 105
85 124
70 104
46 76
133 177
6 149
108 166
65 94
30 249
82 214
180 222
75 173
193 235
50 138
60 136
164 214
93 238
158 229
47 131
67 72
48 111
116 144
16 72
44 188
6 200
177 180
29 176
79 197
128 215
28 112
67 216
51 186
206 210
125 238
101 110
39 239
8 66
6 60
144 240
173 215
131 187
94 240
150 199
195 220
197 203
25 127
124 243
103 168
16 38
179 215
30 198
0 243
29 206
26 177
109 113
168 234
189 219
67 110
210 225
48 83
95 224
116 197
81 92
11 114
206 237
58 249
137 168
14 217
70 241
17 152
95 134
164 179
201 220
75 195
58 230
44 201
80 110
74 238
227 244
50 94
86 98
80 162
128 242
74 222
62 219
125 250
33 246
59 97
51 234
223 241
86 232
23 152
9 31
88 211
40 51
94 168
46 208
40 167
1 159
17 115
17 148
73 175
52 236
49 83
66 99
75 145
201 241
69 170
126 232
4 74
88 115
236 249
20 247
162 250
61 231
17 195
53 211
146 190
82 181
38 216
62 122
34 76
51 121
11 247
78 211
23 226
74 115
31 111
141 201
59 239
64 223
48 152
128 207
241 250
95 177
51 149
155 161
220 231
63 165
110 188
10 44
17 180
71 84
6 135
18 89
75 175
96 102
67 121
133 232
199 230
111 149
21 33
124 244
204 207
214 225
47 135
19 86
130 159
90 174
46 61
15 170
137 240
39 132
6 227
25 180
62 116
84 175
44 214
32 206
31 163
40 93
97 179
159 164
95 162
65 204
147 152
57 65
12 69
64 211
25 230
26 208
58 182
84 114
67 118
147 248
121 246
98 139
51 212
6 18
144 161
50 127
44 221
76 233
55 97
18 183
77 225
93 134
10 228
24 125
145 188
31 237
125 173
50 136
24 52
22 146
39 62
17 198
22 196
144 173
80 191
53 103
199 213
31 240
160 188
16 215
57 81
61 190
16 127
84 248
91 224
19 158
87 234
84 247
112 152
197 224
201 243
217 240
120 164
60 229
230 242
15 31
126 156
55 142
42 199
24 104
55 164
111 200
125 242
147 172
26 62
206 230
65 69
135 234
53 203
41 96
114 138
64 73
72 88
76 174
35 89
53 169
58 237
28 36
96 114
5 81
86 93
85 178
12 29
26 192
28 156
3 142
82 229
44 202
13 213
114 136
87 202
21 79
20 137
88 120
204 244
109 179
44 70
215 234
96 139
190 200
209 233
191 250
68 205
68 123
10 172
71 119
140 168
78 214
152 153
100 174
44 104
105 111
120 131
83 91
115 159
0 220
12 250
0 159
63 113
48 145
35 138
34 229
32 144
20 172
119 171
101 117
28 218
55 73
6 103
1 80
79 112
160 175
48 84
51 157
44 65
79 180
2 230
180 213
61 155
61 141
127 165
105 225
193 246
141 178
26 46
108 188
74 181
148 226
58 102
47 194
142 163
124 127
77 209
49 76
63 72
1 30
29 247
185 233
111 249
31 239
130 207
28 71
231 238
33 196
8 119
105 198
40 242
110 239
138 246
133 140
148 166
79 126
39 146
2 242
157 239
53 132
173 207
42 139
31 205
7 144
190 235
12 71
115 161
160 211
34 142
46 167
37 91
1 240
38 120
57 127
9 243
117 236
153 161
130 233
143 205
10 117
42 197
159 182
15 248
20 66
160 233
160 213
30 118
81 123
166 238
45 163
105 238
101 200
124 234
31 95
23 67
214 230
23 85
2 70
104 229
16 239
214 232
7 183
115 117
107 238
86 187
105 159
180 203
40 179
95 108
213 219
28 56
154 240
144 177
35 217
91 119
49 103
52 162
97 202
45 227
112 212
40 45
20 32
88 215
76 150
117 249
63 242
16 19
17 64
133 160
7 139
33 35
38 100
57 250
73 197
79 131
132 188
18 101
57 147
3 102
55 60
140 157
51 189
33 218
97 219
136 195
173 184
63 136
94 232
194 247
139 215
150 181
133 206
86 126
162 173
175 250
67 205
50 175
62 142
116 221
52 77
64 236
30 125
189 231
194 223
172 194
112 123
30 177
76 243
91 161
26 47
60 246
82 109
16 107
44 75
68 84
90 163
57 146
15 64
123 147
142 231
130 204
31 167
4 154
82 175
115 156
17 204
139 220
167 225
146 229
23 212
129 175
147 227
29 139
141 143
33 136
47 250
135 232
51 80
59 174
18 41
171 184
81 91
113 135
69 205
145 246
44 79
25 37
123 227
91 225
147 150
46 247
8 115
177 234
133 243
54 87
41 216
168 171
48 97
106 128
90 237
69 244
150 157
30 155
165 175
58 189
35 124
176 191
103 133
9 236
154 165
101 219
207 239
119 184
109 160
181 195
9 109
69 201
204 232
180 201
84 86
55 100
32 115
53 201
68 184
71 173
3 126
237 238
103 167
69 156
184 230
85 167
46 158
15 34
215 248
51 182
26 111
63 213
111 127
115 237
10 145
18 40
3 87
105 141
55 236
45 181
42 162
2 132
94 138
72 246
37 183
169 202
78 121
130 223
78 102
203 231
10 58
144 166
110 139
49 87
21 200
58 95
41 132
102 197
15 239
108 141
91 198
156 179
2 190
59 139
46 188
92 250
44 60
62 250
14 243
41 86
21 222
58 222
129 200
104 202
130 136
7 74
89 166
93 121
22 140
234 248
175 202
98 145
46 114
200 220
165 220
11 145
1 216
159 189
7 244
132 221
131 229
192 198
7 109
0 204
3 122
82 162
74 79
163 200
77 103
23 172
95 187
45 186
29 34
185 245
79 92
39 237
120 149
69 184
146 228
131 204
6 211
132 142
53 94
179 240
8 61
49 94
17 19
220 247
81 194
132 148
108 125
119 121
45 81
45 232
132 149
122 164
162 192
85 147
88 103
45 74
22 217
18 219
75 150
63 218
157 230
135 180
118 174
136 241
196 245
25 72
69 77
17 128
99 245
145 229
199 227
48 122
128 244
136 197
63 171
6 148
49 247
49 224
1 225
19 220
48 144
5 201
61 170
33 225
92 163
35 246
115 229
160 239
155 159
15 226
43 70
28 108
14 44
138 187
55 112
214 220
202 203
85 231
189 240
40 69
13 170
162 230
32 192
82 231
73 138
24 110
85 162
135 238
49 78
42 215
153 157
45 188
122 249
8 160
83 143
201 217
81 241
74 249
22 151
171 219
103 238
131 219
13 246
175 181
73 201
87 155
63 185
29 77
97 180
56 64
130 146
218 238
61 238
111 229
115 248
140 218
89 213
150 236
130 135
4 223
107 218
55 233
49 166
0 174
21 125
102 179
175 209
47 195
63 226
199 233
24 176
160 204
135 172
195 221
211 231
91 187
61 89
38 225
12 18
22 245
28 103
153 162
203 204
29 195
109 139
62 68
96 100
88 239
101 170
35 204
103 147
78 233
130 228
40 67
40 68
223 247
15 126
71 72
75 200
202 206
12 150
201 233
46 99
126 145
64 216
75 155
55 212
33 200
13 150
123 198
26 222
99 189
112 125
179 223
107 145
113 196
31 65
47 198
44 205
57 98
36 145
2 81
51 79
135 239
82 183
17 30
57 85
1 239
70 126
97 220
3 30
116 186
2 13
16 244
190 237
42 81
28 194
159 211
68 127
111 209
49 196
11 210
183 229
30 211
14 237
78 120
34 203
59 196
137 209
49 170
51 162
203 233
10 25
5 7
36 89
127 206
97 201
27 45
138 168
3 210
99 117
70 199
155 177
23 223
42 216
214 248
94 103
124 242
57 220
60 95
83 115
3 108
22 161
49 184
11 152
26 175
6 241
15 16
8 170
15 86
25 85
82 194
144 248
103 162
1 145
128 211
18 188
192 204
149 200
118 157
236 250
49 111
96 174
49 95
74 87
37 250
23 80
68 140
58 187
34 39
50 147
35 42
149 241
61 243
98 134
100 218
112 153
177 202
53 185
171 248
17 71
31 132
68 131
43 238
35 121
68 195
10 33
21 65
58 164
103 224
148 227
51 202
30 216
112 222
17 156
81 160
56 104
32 232
179 232
10 234
1 17
97 156
80 100
79 207
81 197
10 227
48 105
45 135
169 195
12 59
75 242
81 182
21 64
2 65
43 51
21 199
91 231
75 149
1 247
25 171
89 104
117 121
163 209
28 61
7 125
198 202
38 125
99 154
60 165
5 172
180 248
10 51
91 158
68 144
166 179
6 174
5 171
142 186
0 131
162 184
101 229
4 61
23 96
61 118
4 106
46 98
11 150
42 93
55 215
59 169
155 214
212 223
34 189
12 55
70 181
137 202
112 202
24 198
23 24
56 72
37 141
25 125
111 208
188 243
12 245
109 122
111 123
103 179
162 234
62 235
79 142
53 101
76 176
32 239
53 160
35 221
96 214
30 55
118 177
100 238
88 151
63 172
199 201
138 188
167 190
120 202
68 186
52 223
32 126
49 217
90 222
138 142
47 123
89 152
154 237
13 56
145 216
156 242
40 136
94 199
12 99
15 216
10 173
134 157
95 97
47 220
121 200
42 53
16 153
110 200
165 166
53 64
106 165
156 229
27 87
187 196
155 169
5 142
106 107
4 208
164 181
82 219
161 169
25 207
45 111
54 246
159 179
159 162
117 226
67 142
138 222
90 161
44 170
102 207
91 249
35 168
46 149
17 138
66 199
123 247
134 237
67 183
166 177
148 162
159 201
198 227
57 213
99 227
28 231
156 157
86 94
13 247
209 220
5 85
97 248
38 158
30 189
12 105
60 63
28 211
43 52
137 225
105 194
2 210
54 240
152 249
119 194
64 117
173 224
157 169
8 240
16 40
153 222
43 73
195 229
14 235
43 100
70 75
122 196
107 112
2 15
195 215
176 220
120 169
54 92
1 88
55 168
160 196
109 166
12 192
224 233
199 236
68 79
98 100
130 246
79 247
39 110
88 141
13 226
80 115
3 61
139 224
81 225
63 130
102 144
214 216
77 128
154 222
108 227
69 80
129 182
105 220
41 164
68 174
16 79
166 198
30 110
88 99
133 213
63 203
113 181
195 238
24 162
72 143
66 109
215 221
132 177
140 238
164 190
29 203
94 131
34 220
9 25
1 177
100 220
165 235
129 188
85 148
11 241
66 159
169 182
63 246
12 77
54 226
160 220
19 99
89 138
112 178
16 135
57 128
55 150
66 224
9 87
92 122
28 214
83 242
99 236
225 241
102 111
52 181
74 142
21 171
104 145
50 223
35 38
11 230
51 175
38 94
90 179
220 249
124 126
163 169
54 142
16 110
132 199
165 216
39 175
21 152
122 194
31 46
104 223
145 187
39 236
101 205
97 232
28 229
60 160
46 133
136 237
85 238
137 208
46 225
29 198
91 165
33 51
96 166
67 231
185 218
128 199
48 116
98 223
47 76
55 104
24 135
182 238
55 181
149 193
58 221
162 196
16 196
39 81
7 146
72 86
29 191
110 226
91 233
17 62
68 234
76 212
95 169
2 79
40 164
161 217
49 165
65 74
1 245
104 212
58 59
132 220
53 68
175 203
80 201
140 223
58 104
76 241
17 104
37 80
63 155
88 228
80 165
56 161
72 103
142 150
66 98
6 245
124 159
60 147
19 93
185 227
50 123
70 147
25 138
77 125
77 233
45 129
117 120
84 123
49 212
35 91
61 232
180 246
138 145
113 141
45 62
218 227
83 201
154 159
11 200
143 155
55 91
4 169
28 73
0 138
175 206
124 184
169 238
117 123
77 198
182 219
86 110
36 60
161 248
2 27
32 85
80 211
140 159
83 215
23 190
85 188
41 250
189 249
117 237
4 173
192 205
31 243
85 218
116 183
4 232
38 80
6 179
87 152
173 199
59 221
128 143
199 219
34 214
75 231
86 247
21 149
152 198
52 91
113 130
54 70
90 156
101 144
88 166
120 158
135 225
18 114
56 121
161 245
56 246
9 250
66 94
152 188
62 156
28 133
148 211
23 113
148 237
93 167
23 105
78 196
13 67
35 206
23 177
141 202
50 154
73 143
155 212
105 183
33 63
24 112
152 238
161 220
136 191
36 149
110 120
64 158
150 231
34 235
58 226
141 194
17 81
155 231
32 171
195 233
5 166
116 168
28 113
225 229
87 223
95 237
56 248
8 101
20 190
22 119
98 181
152 180
139 164
5 224
94 193
20 42
113 119
67 189
72 243
8 39
38 250
102 142
46 142
7 102
107 236
245 249
137 246
166 247
49 85
66 154
101 233
178 194
99 111
46 186
151 188
3 112
35 53
166 202
75 115
32 51
147 220
177 237
14 61
46 131
75 76
160 224
116 199
113 175
190 198
173 240
0 125
14 192
79 199
46 195
123 125
59 63
75 98
100 115
34 153
105 148
162 245
117 145
205 214
54 146
218 246
64 123
175 194
67 100
99 161
194 239
18 197
95 140
238 246
32 129
33 135
114 175
90 226
6 238
0 207
41 196
3 218
65 112
82 161
104 216
121 174
142 237
172 241
212 221
20 210
78 144
125 142
22 82
38 67
180 184
3 213
241 248
100 194
77 184
11 250
159 193
4 125
122 231
61 226
58 228
170 230
43 216
72 235
40 187
120 187
58 81
129 181
83 156
104 118
76 197
5 229
153 165
90 227
61 80
197 218
134 217
82 212
52 228
186 227
1 54
36 63
10 95
97 210
106 249
49 161
98 198
52 139
127 243
88 224
210 248
55 158
70 179
52 89
58 78
39 221
70 97
103 150
21 170
56 217
120 151
104 242
41 143
112 233
58 194
164 220
110 152
40 75
34 64
29 40
223 234
56 66
37 53
60 222
71 189
29 92
168 226
146 184
56 91
158 223
52 146
133 190
4 159
195 207
121 129
85 87
174 246
87 115
76 158
91 147
3 208
216 233
178 182
92 104
30 244
2 247
99 174
90 103
44 198
152 221
101 183
41 192
5 57
228 240
126 138
142 235
123 137
27 112
99 214
119 227
157 247
88 182
174 206
47 86
28 140
85 190
124 185
172 187
115 227
49 207
174 237
114 196
71 130
6 156
120 183
130 193
198 203
23 92
119 183
85 103
79 166
32 68
58 132
104 209
106 174
236 242
54 231
179 190
112 248
110 184
156 213
132 228
127 222
145 231
198 209
43 121
5 33
23 154
13 250
208 247
187 198
51 196
9 245
19 228
50 164
38 231
105 233
75 168
207 211
71 100
197 247
123 172
192 195
27 127
1 74
162 212
68 111
108 136
91 143
17 200
6 8
44 98
52 69
135 155
206 216
65 155
70 103
105 110
29 231
138 230
30 229
14 25
158 238
12 141
65 175
14 133
79 84
38 68
145 213
158 217
107 200
86 179
164 241
14 135
61 66
82 170
0 116
169 175
30 149
2 187
70 223
63 70
123 136
136 142
178 179
12 244
87 186
226 234
36 95
11 93
178 201
63 195
187 216
187 195
65 208
57 136
121 176
65 176
89 174
49 100
43 249
180 250
4 7
103 149
19 105
91 229
20 153
87 181
5 93
9 190
50 189
174 222
24 224
55 147
229 236
81 201
54 201
83 128
43 218
81 124
151 184
3 221
62 130
169 221
212 227
218 224
10 60
140 205
63 169
11 237
43 154
8 191
1 151
215 247
32 175
151 167
118 176
69 248
4 37
66 231
214 236
39 177
119 131
194 230
77 90
3 246
203 235
148 165
10 101
130 238
69 95
17 186
66 76
17 175
191 209
125 129
23 98
24 158
111 120
0 37
29 31
217 232
148 175
104 179
6 16
2 239
48 250
111 234
72 106
187 188
61 233
104 116
10 146
65 207
102 221
8 203
80 246
127 154
107 132
83 121
10 92
227 237
29 234
87 193
93 220
7 134
34 162
8 107
1 214
12 180
219 225
19 103
18 238
217 237
85 239
140 219
100 125
122 159
19 41
87 109
153 211
13 168
124 193
58 171
5 32
125 186
0 240
21 63
52 237
154 225
50 98
106 204
49 125
56 247
167 213
116 147
64 102
142 192
66 148
7 45
27 202
12 128
3 209
222 232
58 169
46 212
31 250
55 116
14 168
187 235
83 99
51 165
120 136
60 159
75 165
101 193
32 212
181 190
26 141
90 216
47 216
84 122
121 173
116 160
79 188
34 93
233 236
171 243
8 183
117 186
222 248
42 207
112 215
145 146
19 61
26 89
221 239
112 181
43 117
112 195
168 249
103 109
218 232
206 241
75 77
66 162
77 191
50 83
18 61
50 248
159 243
24 180
124 194
59 81
116 124
52 219
120 199
47 74
125 159
121 211
15 95
50 126
37 122
5 58
91 106
141 219
83 170
115 121
141 151
128 157
40 200
69 243
53 196
105 219
158 164
12 95
87 217
60 84
151 205
42 217
14 31
11 168
73 133
1 191
38 39
87 100
65 128
164 244
31 43
229 240
113 171
48 87
116 207
11 109
105 135
207 222
82 99
206 215
98 205
37 135
137 181
99 165
16 128
7 194
111 232
7 72
8 17
19 131
13 22
147 176
22 98
14 84
136 162
127 215
10 201
12 89
60 146
21 209
95 98
37 72
33 122
36 239
15 30
169 235
15 36
113 248
56 227
16 47
120 175
20 23
43 78
138 244
0 69
58 160
164 198
46 136
22 32
28 115
108 199
27 169
140 241
85 244
26 202
5 64
30 138
167 178
187 231
10 75
219 245
226 249
93 182
27 143
58 89
62 181
115 179
52 159
224 237
73 199
55 159
46 205
176 197
30 209
49 72
169 242
129 146
46 219
40 116
28 165
159 223
30 142
102 156
38 128
54 222
128 171
124 174
68 202
137 217
40 73
31 207
23 215
81 93
66 88
69 235
173 210
102 163
45 115
154 193
32 102
67 169
88 231
81 83
10 13
48 218
54 107
84 215
36 248
57 223
35 205
52 62
62 194
195 224
30 195
131 205
118 125
24 174
80 193
109 208
96 232
29 97
128 146
62 160
110 131
94 202
91 115
200 213
1 237
102 165
132 156
77 238
116 229
144 163
44 156
59 229
142 173
206 247
72 112
65 156
225 247
64 144
100 195
11 101
146 211
58 113
13 27
69 162
96 168
36 190
185 220
54 135
13 176
105 237
135 235
67 166
15 168
77 84
34 148
136 199
37 125
4 84
91 180
23 156
10 198
62 213
31 160
15 190
96 212
231 250
36 144
25 132
167 206
54 250
6 223
70 160
174 230
61 186
25 79
125 147
84 174
101 105
59 88
5 185
39 185
41 230
149 250
32 78
196 249
240 246
95 226
28 30
57 96
100 107
8 121
149 150
84 220
37 158
89 209
32 234
32 86
91 171
15 112
1 202
190 208
57 79
29 142
62 179
55 200
181 222
63 140
144 231
112 220
56 67
137 190
23 47
63 80
114 234
88 139
71 190
131 158
36 125
52 226
59 129
205 233
182 250
9 93
4 226
3 215
152 214
13 39
180 245
51 236
33 159
166 193
72 194
142 182
61 208
144 162
25 189
144 220
140 246
156 238
74 170
3 176
152 208
2 97
118 162
203 249
49 198
94 111
4 8
10 180
140 227
128 133
157 161
14 189
38 57
56 211
63 210
74 102
237 250
78 140
84 217
142 242
12 92
74 129
116 167
110 243
204 216
85 130
44 137
11 47
158 194
27 192
163 218
96 229
62 208
16 124
27 68
16 223
32 65
1 195
17 26
209 232
98 240
54 181
169 217
115 185
11 223
19 161
14 78
124 198
19 55
62 148
27 67
56 89
149 217
141 180
89 202
45 133
149 229
14 215
10 241
179 230
200 229
73 148
142 236
26 75
203 213
142 191
172 175
28 162
19 195
110 217
8 80
77 245
130 202
8 135
21 137
155 223
26 109
41 171
162 227
149 232
92 108
229 243
4 182
1 63
2 52
127 199
10 98
101 246
11 242
33 129
4 57
0 115
69 79
71 222
101 244
4 129
79 146
5 182
103 244
63 162
115 141
95 101
168 221
16 180
41 169
44 215
77 116
49 216
232 249
52 110
23 171
157 225
33 94
171 201
129 241
167 174
182 191
168 241
130 142
1 8
15 149
33 146
19 198
58 152
28 191
24 217
170 221
68 192
222 249
140 186
7 234
26 242
0 190
27 248
33 127
71 192
120 203
26 101
50 224
7 171
31 117
179 236
34 43
136 250
20 193
16 55
49 219
81 103
72 195
79 115
77 159
182 222
224 239
7 241
149 240
73 237
76 102
72 188
106 222
82 118
179 199
26 184
31 58
43 47
10 81
126 237
83 233
224 235
168 186
132 218
31 187
160 182
15 142
141 196
11 55
41 129
14 38
133 137
23 128
64 234
11 79
93 242
5 106
32 46
226 227
16 228
57 105
50 196
151 227
6 185
89 232
81 109
140 160
108 248
139 229
54 239
189 229
35 181
31 137
21 202
47 139
54 67
38 72
91 236
197 234
83 98
44 53
47 167
137 227
64 194
44 130
14 75
88 216
38 46
40 111
16 44
144 206
178 197
193 200
2 214
92 98
37 105
3 165
82 199
23 174
136 239
53 191
126 218
116 211
25 67
89 244
218 225
117 211
205 245
154 205
132 171
71 75
60 178
141 210
90 125
9 183
114 169
162 246
103 139
6 27
30 178
64 245
185 236
119 226
44 112
113 239
75 215
212 214
2 165
86 225
135 186
21 55
99 129
162 211
151 231
115 157
64 167
112 183
110 171
2 42
23 179
17 65
97 229
118 198
144 155
21 96
149 202
31 45
20 211
151 240
127 146
74 88
50 78
4 214
46 124
32 227
22 64
187 194
70 99
198 236
1 154
165 226
86 145
74 217
23 201
119 138
11 177
96 210
103 188
6 164
99 114
227 238
11 41
135 174
88 157
131 173
39 249
26 233
62 84
17 141
61 126
136 215
151 198
7 46
53 99
0 96
94 97
207 209
4 220
28 34
128 209
112 237
106 177
30 203
72 168
11 189
36 131
128 187
146 161
30 147
109 207
190 234
27 185
147 214
10 71
62 152
41 49
25 237
19 121
120 214
16 219
17 134
78 243
187 228
26 220
117 160
6 53
73 232
196 221
141 158
145 238
37 108
181 249
149 203
151 238
246 249
186 229
41 197
154 226
79 213
161 244
150 216
116 248
137 141
43 202
69 90
148 199
108 203
143 228
201 212
122 191
68 116
129 159
52 211
77 104
57 152
84 225
39 198
99 171
111 220
31 99
20 112
43 213
20 199
191 246
48 109
24 143
40 163
7 167
10 191
49 210
36 205
131 138
44 239
29 227
58 142
83 218
83 157
102 110
169 229
28 141
209 242
24 91
66 177
32 151
38 145
50 82
121 125
137 177
38 127
73 107
60 102
1 38
56 90
76 178
204 237
95 100
90 210
90 194
129 247
3 114
123 177
101 174
96 202
90 203
129 160
8 208
16 100
8 220
97 194
106 175
10 143
71 186
135 215
157 222
21 30
3 76
86 149
12 242
37 54
8 146
133 174
30 128
84 106
103 250
123 195
155 248
82 98
97 102
137 161
153 177
161 188
137 234
169 228
93 117
13 244
47 152
43 188
118 183
71 172
131 222
22 156
171 228
100 113
63 204
191 245
147 169
116 172
27 113
68 168
104 234
11 143
145 177
35 245
113 203
97 236
90 191
52 229
54 77
98 142
24 245
18 169
63 209
146 160
40 120
135 164
60 249
19 31
44 219
189 235
72 146
179 231
91 157
140 166
43 126
231 239
63 94
161 196
5 194
18 95
94 143
47 235
2 229
46 214
35 104
165 234
3 199
31 154
92 242
88 98
60 145
108 239
180 216
4 12
15 45
36 151
48 237
197 241
237 248
29 51
30 87
1 26
107 165
107 158
65 221
149 220
61 75
24 192
13 40
87 197
10 129
197 226
84 243
93 95
92 166
139 231
104 248
30 240
22 103
110 164
30 134
121 248
121 181
93 224
102 248
91 246
4 172
45 250
14 54
57 156
167 224
169 171
15 122
26 203
146 198
49 163
23 45
27 240
54 63
98 247
135 176
27 66
132 137
72 172
123 208
13 43
102 168
37 113
39 112
110 176
92 173
77 146
188 192
65 119
67 224
110 112
39 247
55 115
85 192
69 197
78 176
11 62
77 108
32 238
67 122
44 233
72 228
135 244
44 69
186 188
80 141
50 192
63 156
107 109
37 192
56 139
127 173
55 127
227 228
31 114
84 167
49 201
42 74
18 140
196 204
42 238
37 45
182 232
208 235
113 244
35 99
128 205
43 201
160 180
228 231
12 136
54 86
205 226
131 140
144 191
152 191
127 207
93 223
165 171
115 143
81 213
73 202
94 122
93 215
169 237
209 217
127 210
112 204
18 146
58 238
82 200
90 207
159 190
147 158
41 118
140 191
35 78
46 233
73 155
158 207
137 242
63 86
75 135
74 219
11 213
40 217
106 173
112 154
14 72
105 136
141 213
80 136
49 155
90 102
118 242
148 216
72 178
25 95
88 126
29 106
110 154
160 164
55 226
22 88
125 165
164 169
125 240
65 191
213 244
150 221
197 204
132 192
82 221
146 219
89 139
9 10
156 177
18 111
4 224
57 67
22 243
112 155
95 202
87 157
18 211
133 184
22 104
47 129
44 150
29 83
113 191
79 202
108 232
48 94
10 77
8 164
100 245
231 236
117 202
139 155
84 138
53 220
0 157
98 130
27 130
47 210
47 141
77 150
83 127
165 191
4 30
139 240
39 248
126 217
40 70
52 153
5 197
118 206
33 230
97 113
15 185
184 207
41 204
7 164
90 219
66 237
8 58
108 250
29 240
109 250
167 249
51 81
53 246
23 213
136 165
10 166
172 200
25 118
213 242
0 164
81 230
55 68
22 150
160 187
49 192
95 231
86 100
134 238
64 107
55 248
21 76
69 219
179 195
162 164
171 199
64 119
45 119
72 142
178 228
80 196
60 177
91 167
144 200
67 176
90 243
147 236
125 133
86 248
7 124
90 214
85 246
34 87
81 149
120 231
56 192
73 240
9 216
195 230
21 172
160 227
43 114
107 114
23 52
86 181
138 206
6 7
138 239
31 103
95 146
0 236
25 195
7 213
74 169
45 130
19 58
5 173
26 232
160 202
44 93
162 166
143 249
157 177
116 171
117 127
3 101
41 147
13 239
24 179
43 250
129 153
7 32
105 138
176 249
73 250
175 197
14 83
56 61
121 148
17 234
110 117
43 198
82 203
76 169
152 235
42 184
67 196
16 121
170 207
62 159
56 102
1 125
14 145
95 184
24 127
47 114
53 116
80 199
84 135
68 128
17 111
84 226
93 111
17 48
40 161
58 225
55 175
22 33
67 230
54 119
13 75
162 187
51 151
145 166
102 223
199 226
16 193
3 242
153 244
1 148
52 167
1 48
25 108
84 148
38 61
12 227
200 212
36 154
141 212
163 224
63 159
61 183
82 225
6 24
58 220
99 241
63 164
164 230
55 117
114 222
44 141
172 221
190 219
152 155
2 150
66 233
24 236
189 203
40 186
162 229
61 219
42 77
89 176
235 248
24 185
168 216
25 130
12 213
183 191
33 39
42 56
65 66
152 174
32 194
7 87
110 166
34 70
21 122
112 240
75 232
78 90
1 213
78 220
89 240
120 192
9 227
28 67
141 223
56 97
107 122
56 151
100 198
35 231
166 190
128 234
106 126
86 244
20 146
13 59
31 182
157 237
46 227
145 215
65 196
162 181
52 235
42 212
26 41
139 243
62 247
213 238
110 134
176 242
0 217
25 129
163 192
57 212
71 197
130 152
23 240
59 120
65 109
123 130
10 154
22 224
5 245
35 46
221 236
33 176
94 127
15 23
118 236
28 126
144 178
89 208
65 133
119 202
77 99
66 110
35 67
181 184
60 174
57 215
104 106
79 244
56 185
9 147
38 129
20 220
131 168
145 160
91 205
132 164
30 236
12 156
166 233
130 164
159 203
87 133
35 52
146 222
121 250
46 224
141 232
35 161
138 238
73 183
163 166
23 102
91 125
104 230
175 244
45 101
2 121
192 232
43 99
198 225
34 85
102 123
31 204
69 75
47 80
2 234
160 212
7 44
111 226
4 68
91 151
220 239
23 25
38 77
12 185
60 121
81 150
71 227
36 166
50 180
37 220
7 159
29 153
155 237
41 235
17 93
49 195
58 150
74 187
54 79
45 167
105 116
177 230
90 148
12 214
7 16
174 203
71 88
21 151
14 173
75 222
151 211
12 50
33 71
35 233
111 215
21 95
28 207
130 226
104 211
82 91
20 219
31 176
46 105
168 227
89 106
18 235
94 223
69 161
191 236
41 110
78 191
137 194
46 101
11 176
9 44
60 228
160 238
121 219
1 220
69 141
18 218
49 99
35 95
128 165
50 228
150 155
183 197
32 241
100 156
2 157
76 145
195 232
174 178
6 99
76 193
216 219
158 203
193 216
101 112
97 130
52 115
74 139
218 242
1 27
22 193
60 70
0 209
60 217
25 232
119 149
176 225
123 150
37 155
148 248
10 63
72 157
28 203
19 234
131 133
195 216
32 197
25 147
25 203
119 123
18 33
166 186
37 235
178 216
117 217
107 240
79 94
2 142
125 148
147 162
42 246
8 196
78 240
9 133
129 248
209 244
140 178
29 175
59 206
81 171
9 89
122 144
89 126
125 166
191 229
32 162
10 23
182 235
91 188
181 219
31 40
2 96
74 179
7 165
117 205
112 221
47 53
220 234
31 73
19 200
98 241
125 171
134 185
13 110
113 231
126 163
82 164
58 82
35 222
175 222
48 106
60 156
101 198
48 228
49 147
144 198
37 46
62 238
107 108
171 195
82 144
49 50
25 231
77 140
102 200
127 161
0 165
175 238
163 194
17 59
122 234
31 97
5 29
55 57
41 59
178 200
136 217
3 177
89 241
13 77
112 196
134 241
139 210
108 246
123 224
234 235
85 88
88 247
9 238
173 193
97 242
2 227
113 229
24 67
3 201
49 190
178 190
116 245
65 188
97 139
48 153
4 45
135 183
86 234
180 237
36 246
53 91
167 188
64 220
36 193
36 80
191 217
0 85
86 138
98 172
132 136
135 220
13 199
87 214
75 123
47 204
65 210
26 83
33 171
43 92
116 129
168 238
64 171
57 145
138 159
56 123
206 238
120 218
44 195
52 193
107 226
112 150
105 123
111 203
137 172
100 108
47 212
29 65
19 213
67 162
3 150
51 145
45 175
42 51
4 78
12 56
50 140
155 196
15 83
138 147
9 215
135 143
42 192
113 192
42 228
80 194
84 182
154 201
7 133
142 193
161 182
71 162
13 207
193 223
112 217
46 213
113 182
28 217
37 98
77 78
51 103
233 248
182 244
99 134
47 89
64 113
133 158
49 108
75 113
157 209
3 233
186 240
51 66
17 147
93 239
145 242
161 171
9 108
73 162
135 175
55 108
165 198
31 146
59 92
15 121
46 187
17 221
41 191
94 101
89 102
29 181
101 166
50 219
62 229
24 235
18 206
125 239
16 68
23 204
120 221
94 228
38 217
53 202
9 71
69 228
21 117
65 97
154 216
126 181
13 132
150 210
61 150
52 120
37 112
20 132
144 181
85 141
57 216
123 162
198 213
138 211
49 152
81 233
30 200
38 148
1 24
62 161
100 169
52 165
20 244
2 212
79 86
173 219
153 186
23 41
126 153
25 53
58 76
39 212
12 93
13 15
145 199
76 91
71 248
57 236
215 219
104 113
26 204
217 245
79 175
57 97
14 149
134 196
50 97
156 244
5 11
94 95
44 90
143 223
36 65
11 124
0 206
64 206
146 182
44 152
70 239
96 184
82 143
94 140
132 237
76 179
103 114
85 199
70 185
16 62
106 227
53 84
202 235
229 231
84 183
27 233
87 208
98 136
102 146
42 198
84 102
17 121
157 210
47 242
84 107
6 154
81 108
96 161
55 102
34 131
70 222
77 236
22 24
21 229
79 170
29 226
66 198
135 241
56 69
90 198
71 148
51 98
137 191
23 233
39 160
62 69
245 246
87 137
77 243
167 223
20 166
0 18
27 162
73 102
129 231
205 219
62 139
26 130
169 179
124 175
132 206
109 185
160 174
105 106
72 193
1 197
43 224
206 219
131 141
53 242
100 161
62 223
65 95
50 247
67 214
76 236
123 183
75 125
10 93
38 246
107 150
125 155
28 114
20 250
122 238
42 171
148 201
209 237
170 218
88 100
155 230
84 214
71 224
24 48
9 37
156 191
144 147
10 249
30 100
32 200
53 224
123 241
174 185
84 87
142 190
116 190
115 131
67 172
114 172
44 128
15 70
2 76
178 186
41 52
54 161
66 127
13 79
14 22
157 185
191 220
143 146
80 214
108 224
130 239
145 148
0 211
104 239
54 56
83 163
36 223
18 191
208 230
84 208
155 242
48 197
59 237
102 239
32 48
42 241
77 239
62 120
175 189
6 228
78 93
59 126
52 182
122 138
18 139
72 73
137 150
222 240
79 111
121 193
45 196
67 69
118 229
37 92
40 41
80 186
121 230
115 139
20 145
39 224
227 239
65 236
130 133
24 42
46 141
182 187
50 112
84 240
82 156
153 221
62 144
59 204
197 200
4 202
75 212
170 233
77 139
18 194
49 231
62 73
134 145
227 246
66 175
149 175
143 177
66 225
75 208
143 193
149 196
162 183
11 166
117 153
121 172
218 228
106 116
164 238
7 135
12 238
30 144
133 250
239 246
59 220
169 201
11 159
55 86
65 168
80 139
13 131
101 102
32 158
2 75
41 106
66 89
95 136
199 216
127 155
65 78
0 114
141 197
48 175
89 228
23 198
88 176
12 19
11 102
104 129
14 206
156 232
179 212
95 209
73 149
127 185
119 200
105 184
167 201
53 247
39 152
45 69
31 231
8 236
187 233
136 212
99 122
6 143
173 191
16 145
114 210
54 180
167 203
94 166
21 113
116 234
93 188
134 244
159 206
11 211
26 43
44 108
85 191
108 129
191 208
7 226
34 234
88 110
3 133
74 146
18 36
96 163
7 58
64 129
143 220
126 139
107 147
178 212
2 143
33 168
122 166
17 199
24 44
26 247
142 245
139 237
21 100
172 202
106 214
0 170
112 228
104 158
134 155
63 91
92 121
169 173
98 175
140 164
10 221
37 185
117 129
76 171
68 147
9 58
40 204
93 143
38 224
70 182
37 65
77 213
66 170
172 190
128 177
171 221
25 187
83 239
148 176
212 220
108 226
105 175
109 217
56 181
81 209
161 204
59 180
32 142
15 105
32 63
20 138
87 156
107 140
234 247
107 161
145 214
118 124
124 183
79 214
76 110
22 208
65 170
52 123
8 204
107 228
4 193
66 103
37 172
52 124
0 146
118 123
150 248
233 234
13 18
57 144
53 177
14 241
4 145
19 177
73 109
158 185
59 148
194 241
20 217
59 222
1 119
4 187
29 170
60 195
101 127
29 239
150 244
20 158
31 122
115 152
42 144
57 193
170 220
134 190
97 107
62 217
88 221
18 108
169 232
4 201
21 195
163 202
17 185
8 105
33 59
42 95
52 135
75 158
24 94
13 201
20 74
7 202
18 131
4 178
15 163
23 108
144 145
203 217
109 145
34 238
21 102
33 117
115 216
101 248
211 213
201 245
63 179
26 239
27 211
44 63
37 241
36 61
199 249
39 104
118 216
102 141
110 199
91 245
132 225
40 215
11 96
95 128
172 204
84 246
53 170
120 198
10 112
7 86
183 233
7 23
98 238
177 229
24 210
81 177
64 106
39 220
102 120
62 215
122 143
132 160
62 204
68 173
57 177
224 226
71 166
101 237
39 114
112 223
75 189
82 113
17 63
53 212
53 74
65 114
5 138
33 65
29 133
49 225
167 218
127 218
61 143
115 154
73 249
182 217
97 247
77 165
36 92
92 246
40 121
114 202
60 232
211 227
98 144
175 176
77 186
48 230
27 103
15 111
150 176
120 155
90 184
209 215
51 191
56 234
115 236
62 77
154 182
147 232
2 106
206 217
80 93
28 42
114 178
69 169
143 145
75 184
60 168
50 80
71 179
5 219
166 183
228 232
32 184
21 175
130 213
115 158
40 139
8 223
0 137
243 244
135 185
117 232
35 75
144 174
118 166
10 94
121 155
2 151
91 235
138 200
44 185
116 232
85 112
54 233
29 165
94 169
98 211
45 71
148 193
150 203
41 225
201 250
108 134
77 153
7 229
169 250
86 241
85 172
100 200
25 94
78 246
59 140
109 114
188 234
141 188
4 152
27 188
7 245
148 153
39 68
72 210
32 104
56 214
31 37
89 217
182 213
86 151
215 220
6 231
32 208
30 115
121 151
188 230
184 208
1 207
29 71
160 247
31 223
78 161
51 192
106 247
38 171
66 173
26 64
177 183
133 197
56 157
27 228
147 189
34 198
67 86
93 132
86 109
19 92
49 150
109 233
39 49
146 148
176 241
55 157
64 224
176 202
152 222
199 244
68 124
93 131
90 220
21 144
80 200
129 223
29 162
62 109
84 85
63 64
59 147
39 214
96 171
8 131
8 35
37 60
28 222
152 224
99 169
148 208
32 164
125 233
87 114
58 115
106 148
20 232
181 250
37 206
54 187
179 217
91 103
120 200
82 152
45 146
4 234
135 136
86 229
212 244
158 246
20 189
87 165
91 183
97 235
203 227
131 225
89 172
42 178
13 89
66 97
28 33
17 133
50 243
112 151
29 238
127 242
65 85
120 129
221 225
43 163
9 226
153 246
11 63
133 170
51 223
0 237
59 241
133 220
133 165
42 209
64 207
63 180
98 129
93 211
84 250
83 130
64 92
222 245
37 173
204 217
32 139
12 102
160 241
61 144
21 146
148 172
186 242
211 221
114 206
21 44
75 183
140 221
65 124
49 244
222 237
112 138
1 35
111 185
17 74
98 112
171 217
43 197
92 245
207 230
2 82
8 192
102 180
3 117
35 128
37 225
187 197
73 225
51 197
82 147
97 249
127 230
100 132
37 67
43 158
47 186
125 191
1 109
139 227
124 197
134 177
158 218
117 222
151 162
155 220
5 216
68 213
79 235
12 168
134 135
59 109
47 106
115 238
34 190
177 233
2 194
81 102
140 173
46 109
78 136
139 223
109 236
120 168
100 213
75 112
28 245
71 136
151 236
106 140
123 196
94 121
119 242
13 188
8 182
26 240
192 248
74 193
77 82
61 236
23 211
129 210
109 203
63 121
104 182
42 243
123 181
5 39
174 195
42 150
155 179
53 181
0 51
158 210
177 193
36 56
63 101
94 221
125 219
165 188
59 236
130 181
104 204
119 136
111 193
50 153
29 79
206 244
63 154
17 87
26 104
11 218
11 117
91 105
50 245
10 232
48 100
37 68
70 247
162 195
27 42
92 153
203 226
111 237
80 243
174 190
8 118
54 143
15 35
103 108
82 178
72 129
199 238
44 160
9 158
35 186
50 195
83 137
78 166
192 217
97 135
74 185
12 237
17 135
189 214
12 100
68 93
154 183
143 250
58 184
173 228
45 234
82 106
165 193
72 108
239 250
76 157
5 154
170 196
167 226
148 234
134 249
36 172
115 219
164 217
219 249
99 224
14 63
10 139
15 47
30 79
94 219
22 173
68 231
38 122
58 247
116 156
60 225
12 68
183 234
13 134
101 186
78 125
95 126
122 131
23 122
149 176
158 166
198 231
65 180
32 131
157 180
63 201
39 77
26 77
94 167
110 130
37 162
104 144
157 184
125 234
49 134
164 216
68 161
202 241
11 49
35 39
154 218
90 201
136 198
40 89
50 170
31 51
1 72
84 151
39 149
20 40
249 250
115 242
112 245
164 232
90 173
33 46
89 150
88 208
149 234
13 115
161 190
72 98
3 138
53 58
20 179
20 73
157 207
103 127
89 245
116 243
75 119
97 126
13 24
65 199
144 188
7 182
95 174
104 137
124 182
44 225
70 139
53 120
77 144
76 180
50 186
46 123
36 62
43 63
59 128
33 83
17 227
48 151
120 238
222 235
12 83
193 203
60 124
64 127
44 244
89 95
199 242
35 72
104 210
191 218
46 52
72 205
14 50
99 217
21 189
177 214
38 187
30 214
91 146
74 233
47 130
189 239
19 169
83 219
138 219
107 232
0 59
9 229
167 187
26 179
47 183
150 154
7 173
0 218
21 24
163 186
60 138
67 94
68 236
73 167
24 69
75 186
8 48
29 93
135 149
113 204
97 128
85 109
3 227
27 36
24 53
121 127
82 227
52 157
88 124
45 142
57 235
64 250
66 239
181 198
63 176
96 195
72 119
101 188
28 134
211 228
111 166
41 46
27 161
241 246
73 88
200 201
8 127
142 152
9 204
193 242
35 81
33 52
67 111
7 97
146 199
5 169
43 132
36 168
193 229
26 159
133 247
188 233
146 248
22 231
135 196
127 167
141 211
18 234
41 159
44 218
36 103
183 187
49 203
29 89
30 40
122 148
69 229
61 191
145 206
62 174
30 105
43 111
39 210
106 115
33 208
116 249
26 95
49 218
207 227
124 179
105 155
202 220
85 213
6 249
65 106
158 170
172 213
111 187
50 84
119 177
61 156
116 180
22 52
93 222
136 137
85 194
115 184
103 195
170 225
128 139
157 191
63 134
13 62
8 29
176 227
175 196
82 145
2 207
109 248
110 203
11 134
195 198
210 214
5 246
5 248
18 240
118 196
159 168
114 226
12 75
12 162
38 184
51 221
152 160
46 171
7 8
110 229
23 103
101 247
100 191
151 208
100 199
110 169
84 99
7 95
28 100
123 182
79 104
42 145
138 189
88 218
184 246
78 215
74 108
19 178
145 173
38 86
57 60
76 121
159 205
69 155
144 204
89 160
34 54
117 218
107 233
191 211
29 90
158 231
110 122
181 196
64 150
52 54
43 185
5 225
55 237
51 125
82 120
27 84
14 250
27 117
9 202
130 240
213 243
85 189
121 198
99 178
1 29
216 238
211 244
11 205
3 106
94 104
90 93
105 232
148 152
3 119
78 164
121 167
158 160
10 12
16 138
27 101
41 246
100 208
134 180
129 191
76 137
126 140
1 233
193 241
166 211
133 196
111 170
148 203
44 230
96 117
5 22
213 228
57 115
139 228
127 213
122 125
116 138
112 166
29 61
87 142
14 129
24 247
53 139
125 222
80 231
9 213
50 65
82 146
73 78
0 117
22 116
14 242
31 247
56 172
91 127
177 203
24 227
64 191
121 215
20 177
114 238
11 178
182 186
84 124
44 208
52 55
16 25
149 231
52 152
33 226
42 76
55 110
42 105
161 218
115 140
17 176
83 174
121 224
158 173
118 234
23 86
2 161
88 109
184 196
82 159
169 231
46 230
52 97
185 207
110 182
8 141
78 236
17 188
86 157
11 186
40 162
22 74
57 206
81 168
3 18
223 243
99 172
148 177
152 170
3 92
125 183
31 87
82 111
74 141
108 142
4 100
66 129
104 222
53 76
145 159
132 245
144 158
28 105
57 158
55 122
101 118
107 210
73 135
185 250
109 178
70 162
196 199
73 101
38 64
83 173
26 134
110 149
114 191
200 202
128 136
19 29
9 130
89 156
73 178
65 159
76 120
102 243
229 235
42 70
162 240
195 236
122 141
91 227
44 77
74 125
2 154
73 151
48 146
24 187
70 81
96 155
13 245
175 187
2 10
77 249
129 130
11 17
65 162
7 246
75 91
137 235
6 85
54 100
31 83
85 161
14 136
17 119
8 187
114 200
31 144
13 146
81 145
24 31
166 196
1 241
99 205
57 210
128 164
61 249
39 140
85 177
137 182
48 120
13 227
44 226
25 96
66 155
13 173
143 231
46 145
23 242
43 101
121 199
71 73
40 182
62 141
114 118
36 217
25 71
2 237
213 239
3 51
2 218
88 235
12 106
130 225
87 244
31 222
104 128
67 73
169 200
20 64
103 124
20 105
107 229
195 203
95 216
38 74
170 245
26 59
36 73
141 169
1 228
117 235
73 217
13 210
18 53
57 148
27 43
165 239
25 233
77 228
45 113
52 101
53 239
153 164
129 221
39 187
12 91
94 107
118 215
60 76
91 179
22 235
53 71
154 186
186 198
71 83
69 247
113 201
44 210
88 207
184 214
150 205
183 185
42 43
67 92
6 244
68 107
11 203
36 108
166 228
54 148
143 226
83 96
27 245
8 67
14 32
149 237
42 64
47 82
26 196
16 199
126 195
34 124
106 187
172 214
36 200
20 76
32 195
175 199
50 235
41 68
213 231
50 200
63 148
16 146
44 242
119 169
134 162
126 241
35 194
45 73
130 247
76 126
12 64
11 108
138 158
113 185
188 216
78 197
90 246
35 43
42 193
35 163
34 232
159 172
54 140
150 224
160 235
220 222
21 210
94 177
83 204
20 140
45 128
111 139
1 95
7 174
213 245
84 203
76 109
36 226
151 200
118 158
41 103
143 154
72 113
83 110
86 166
88 248
140 204
14 214
215 217
23 230
222 244
6 178
43 152
34 169
191 221
118 121
25 60
133 216
21 140
9 113
24 68
114 126
118 191
133 148
13 203
7 203
45 223
25 155
44 117
180 243
146 171
71 234
13 23
19 159
97 124
116 123
47 161
9 136
37 202
43 58
9 40
154 203
203 240
97 206
167 170
34 221
18 241
79 200
53 240
70 170
111 144
44 203
12 201
94 182
8 186
70 192
28 160
147 163
156 185
37 191
56 241
186 219
25 218
27 29
0 239
76 250
26 57
169 245
30 239
69 204
75 192
61 188
64 218
40 57
137 238
44 48
193 219
95 243
29 109
148 224
60 157
173 230
145 157
61 199
101 176
90 247
141 209
93 139
111 130
100 138
197 233
170 210
45 198
147 175
118 120
0 13
28 104
152 165
16 250
105 208
2 62
21 219
233 241
18 113
123 143
131 240
142 207
55 186
27 204
98 242
75 133
94 183
76 77
1 170
229 241
114 216
131 182
19 136
230 241
30 80
103 236
82 213
39 209
86 204
110 125
67 179
17 83
150 212
19 172
60 204
103 226
52 250
158 211
204 218
122 245
102 109
106 199
143 221
219 250
136 213
86 121
73 120
144 167
77 138
111 129
12 85
191 247
189 221
111 242
99 130
48 66
14 236
69 246
41 212
7 166
36 116
49 63
101 217
20 45
125 215
100 133
91 152
54 71
202 225
114 221
8 200
85 98
61 200
53 140
20 25
143 234
32 105
73 195
98 118
227 233
40 65
120 167
83 214
79 124
90 185
47 193
185 235
153 168
98 250
143 245
179 184
41 233
31 234
11 94
65 187
187 246
38 71
127 129
12 224
17 43
46 193
117 147
174 199
6 68
40 223
108 175
159 241
82 114
107 116
103 243
17 100
81 238
97 241
9 29
29 204
125 185
6 220
67 165
224 249
52 249
4 102
20 77
24 219
92 156
25 226
148 180
80 81
162 220
31 141
39 169
210 220
97 184
49 104
227 249
66 188
14 15
69 192
112 148
3 164
176 208
25 188
188 217
31 60
125 210
5 204
107 245
68 148
77 151
27 123
187 206
3 63
134 225
119 186
41 231
130 245
29 98
36 231
19 23
118 181
151 249
124 220
82 193
131 134
22 126
13 212
90 153
166 226
98 232
189 205
2 131
77 183
82 136
162 210
98 210
51 228
92 103
177 196
171 210
143 176
66 153
115 202
183 215
16 152
76 116
26 28
17 85
85 185
15 180
8 174
84 100
121 216
54 118
84 125
20 123
145 220
52 188
68 134
204 215
23 66
148 158
52 218
17 109
207 218
133 245
32 205
69 249
1 224
108 225
107 163
116 237
97 115
144 205
24 25
122 227
105 126
31 217
107 220
115 196
51 146
38 190
14 162
10 86
35 129
7 82
129 178
118 197
2 34
81 208
238 243
64 78
18 105
81 204
34 108
66 171
72 105
57 90
74 202
30 218
81 247
48 110
30 90
138 184
193 195
1 51
194 240
20 246
10 31
14 80
30 217
74 242
119 141
82 239
225 246
121 132
16 241
63 230
92 142
112 205
147 179
140 181
33 139
6 221
130 205
37 167
41 56
53 237
66 105
69 72
15 18
116 119
2 209
174 176
74 150
165 249
172 215
125 196
141 222
141 218
141 181
5 96
54 123
151 187
47 243
105 118
54 249
5 247
91 108
124 154
115 137
118 203
197 246
4 54
73 124
214 239
139 150
85 229
64 116
90 250
32 154
66 118
146 185
64 243
80 222
104 163
143 211
202 229
104 236
104 219
34 166
202 236
33 143
184 247
112 231
4 6
55 70
97 182
171 240
181 248
4 104
32 177
129 183
73 231
32 92
133 224
35 80
147 191
114 132
178 202
92 176
10 239
40 150
62 145
29 168
103 126
107 243
146 232
12 194
141 198
186 215
123 148
67 99
71 77
95 129
55 74
15 101
3 219
19 108
6 210
241 244
103 134
15 242
48 63
146 212
55 105
19 244
9 78
42 57
192 239
44 204
10 49
34 145
138 139
130 206
176 205
36 165
76 186
105 149
46 216
28 188
232 244
48 114
179 239
23 169
7 223
51 233
177 192
154 198
106 117
162 237
66 160
48 166
1 107
125 195
85 129
98 216
82 158
73 122
135 169
62 165
118 247
113 214
90 248
75 187
93 237
10 88
4 247
9 88
25 31
174 249
177 223
103 161
164 210
123 156
230 231
1 182
182 188
59 158
144 159
60 118
141 242
39 250
135 192
96 136
12 126
13 145
141 164
42 160
43 72
45 207
1 78
98 105
62 63
25 161
183 230
47 192
178 245
184 209
102 104
117 131
171 216
4 71
26 154
68 241
68 179
1 84
98 233
71 184
80 154
137 167
31 81
16 170
123 126
65 214
104 136
58 148
1 140
146 250
143 182
4 80
19 112
192 222
76 203
102 228
202 207
1 114
60 90
51 86
153 212
99 194
52 187
7 187
102 226
9 49
48 77
58 234
31 159
80 240
20 96
49 112
47 49
126 135
71 129
91 145
47 175
15 181
110 115
15 138
90 149
44 58
221 247
80 137
14 170
68 216
90 229
173 206
80 226
106 169
129 169
42 176
69 217
213 218
35 114
141 142
108 153
55 58
61 137
117 200
18 173
19 82
110 233
183 205
3 153
23 157
141 195
56 238
11 43
61 220
146 206
109 240
66 166
240 250
121 235
209 221
58 180
77 211
71 185
79 163
85 228
37 47
24 212
70 85
51 143
143 236
182 243
23 182
25 57
108 132
76 172
33 37
147 203
11 121
13 63
178 222
162 201
23 126
24 188
89 173
49 191
34 233
121 150
121 228
94 162
28 232
60 223
89 167
124 172
34 222
123 133
57 186
20 34
15 29
10 178
15 167
133 201
3 194
98 213
134 226
90 181
96 245
73 230
29 148
9 195
10 162
51 77
2 43
184 189
137 220
17 40
178 213
123 237
132 229
174 204
202 250
71 195
118 207
43 59
141 241
182 192
143 168
187 210
6 121
148 178
14 137
22 227
191 239
121 146
78 82
7 217
12 73
62 74
48 90
61 100
11 191
53 86
1 181
20 103
6 86
25 134
42 137
67 147
184 240
168 206
78 141
15 175
71 112
52 173
152 229
26 131
7 55
138 197
43 209
46 108
17 143
40 232
135 202
1 20
167 237
37 243
43 173
50 90
37 247
49 66
141 155
202 204
98 169
141 163
128 140
185 231
82 182
165 207
89 151
66 101
114 204
88 142
115 171
101 228
127 162
33 192
41 58
112 158
83 220
22 168
205 242
118 173
80 195
226 231
124 130
44 169
129 151
54 238
21 135
81 243
38 111
96 203
15 96
21 142
77 96
61 180
34 98
147 154
29 81
84 93
104 205
92 208
5 98
55 193
187 243
87 191
171 250
140 188
84 171
89 122
39 216
163 191
206 209
23 29
9 181
26 150
73 86
43 80
77 141
203 237
54 162
85 110
19 162
30 109
7 185
45 105
97 191
11 146
156 247
118 193
21 245
101 132
212 228
77 133
4 147
88 134
56 142
53 238
23 69
28 186
128 220
161 176
131 172
189 237
164 171
0 142
44 126
76 229
167 212
56 166
59 136
188 206
26 103
47 217
120 193
110 237
58 166
31 151
155 185
50 117
138 141
13 117
4 203
22 62
118 149
63 231
26 217
16 42
41 229
8 34
11 216
67 88
89 164
113 115
3 24
33 118
17 213
6 87
36 153
52 243
118 194
28 63
119 248
53 138
18 83
121 212
46 134
55 227
108 233
40 237
155 238
101 116
213 235
121 239
104 124
125 207
9 187
11 185
8 77
144 250
137 149
11 84
68 141
101 182
43 190
6 218
178 232
14 29
141 146
31 69
65 113
155 163
53 250
87 178
81 187
102 209
77 124
32 66
48 64
108 179
57 218
4 150
14 59
169 199
58 129
53 117
39 232
153 248
58 186
72 244
1 112
84 160
22 135
79 249
150 187
155 233
216 248
128 222
137 216
2 87
68 143
100 215
137 180
17 165
124 165
6 108
57 95
18 46
17 206
177 245
213 248
98 164
65 118
66 132
106 242
15 82
67 243
179 193
21 204
47 93
116 247
10 229
40 106
156 190
68 98
143 181
21 244
33 147
74 183
49 86
114 179
37 190
53 204
40 195
5 160
38 76
111 210
47 132
179 210
194 226
49 229
24 50
176 226
29 249
56 165
27 110
94 120
31 53
38 132
33 57
4 38
128 229
22 65
128 248
8 215
108 149
33 102
21 213
1 194
34 59
40 49
73 204
165 181
159 215
53 111
84 91
16 155
30 224
97 190
30 247
102 118
193 238
55 106
44 181
55 191
183 241
33 234
71 87
111 118
112 137
24 121
198 237
81 130
136 171
16 93
191 216
59 114
174 247
15 241
33 160
39 40
134 211
131 210
93 152
14 199
48 91
170 198
20 118
36 55
74 227
48 190
39 57
143 157
81 216
156 222
87 243
10 161
195 199
107 206
161 230
43 211
142 171
23 124
15 249
152 196
5 88
72 238
9 15
86 202
6 40
205 213
138 235
43 79
108 174
43 200
86 115
98 239
37 161
50 60
28 84
45 57
0 242
143 215
84 184
133 204
177 232
54 68
122 127
34 151
43 119
64 183
110 222
158 244
36 66
95 120
55 221
110 219
105 231
37 44
39 42
7 198
91 104
58 86
113 213
53 66
93 206
153 229
62 65
13 35
23 186
3 143
84 245
52 64
87 229
191 212
143 165
63 89
85 206
80 144
51 71
135 222
42 220
167 250
135 229
81 174
149 242
3 86
116 194
58 62
241 242
138 201
128 179
104 232
126 184
158 190
33 153
36 147
107 207
133 134
159 183
0 230
113 125
86 211
29 188
158 178
31 245
23 168
21 90
94 153
70 238
125 175
67 105
74 140
244 247
24 139
128 154
33 81
8 59
6 198
180 227
49 96
196 240
122 133
144 232
92 237
75 124
160 234
220 242
27 249
51 154
23 106
33 100
142 202
3 71
42 73
73 211
14 53
137 140
167 172
48 69
112 145
7 206
40 170
8 98
36 130
55 84
2 172
158 212
122 154
76 245
63 241
106 231
103 159
224 245
31 33
96 123
28 72
58 178
63 243
65 247
175 236
33 98
145 194
21 143
6 165
225 234
44 66
167 236
100 225
103 178
154 248
22 95
69 71
32 36
161 191
204 213
114 232
152 161
95 114
50 218
73 188
102 137
123 158
114 140
12 221
177 181
34 134
27 197
54 139
48 205
165 232
18 31
110 126
84 179
38 131
66 192
32 96
22 83
45 141
49 105
75 181
137 214
108 111
112 176
52 156
69 242
7 210
72 89
42 201
189 212
35 113
46 250
61 111
196 250
20 175
41 193
126 202
152 216
67 219
222 227
88 240
180 195
7 113
37 87
9 43
43 181
153 216
16 53
55 146
4 52
177 206
52 130
124 190
68 244
141 184
26 206
130 196
67 245
216 246
147 182
4 233
174 181
193 217
113 143
106 143
122 247
53 244
119 193
81 207
80 145
34 152
20 59
117 130
31 140
23 185
9 18
146 244
168 250
92 151
73 215
18 200
46 190
132 209
132 139
45 51
53 166
46 110
5 206
10 80
167 215
174 183
43 66
160 170
209 230
40 147
231 245
28 143
68 146
26 241
49 187
78 86
54 204
97 142
33 220
98 163
40 58
34 176
65 249
106 144
130 203
44 120
30 194
154 246
127 156
188 202
4 174
81 244
65 111
214 242
121 166
33 173
126 200
141 150
106 163
47 140
121 134
139 239
192 245
22 72
26 207
12 72
29 208
141 162
5 234
53 119
57 183
18 76
53 133
75 147
41 124
57 153
118 218
105 158
25 112
23 31
224 236
130 229
184 237
3 84
112 118
50 132
76 181
65 209
6 25
91 132
18 47
66 75
20 222
68 71
51 93
50 113
64 159
117 194
100 144
112 219
7 67
176 188
34 172
68 112
134 203
104 221
97 209
120 205
26 145
20 102
185 204
61 96
99 232
178 237
74 158
220 225
36 152
168 185
108 212
152 172
23 158
54 196
54 207
99 147
22 75
211 224
42 174
20 26
115 208
175 188
32 113
116 214
40 152
16 70
198 207
193 239
215 227
162 206
96 170
6 180
147 165
160 183
14 198
145 161
218 240
88 201
69 112
65 222
14 20
133 193
89 215
81 132
157 202
210 232
126 208
105 151
224 244
114 194
80 237
59 177
27 175
53 164
60 66
126 179
1 83
130 147
23 250
20 134
4 237
7 119
44 136
211 233
35 210
70 213
26 94
2 48
73 229
88 217
12 49
200 240
43 85
116 164
117 165
127 228
84 136
66 70
163 217
167 198
15 57
210 237
26 60
73 160
92 170
30 85
18 57
38 177
70 72
10 216
12 24
69 89
107 137
152 215
111 150
174 248
170 231
128 137
10 126
106 246
188 236
10 179
186 208
61 163
142 174
108 229
75 230
4 9
16 229
71 92
1 168
104 130
53 106
28 90
156 169
8 140
164 242
118 244
205 220
92 165
60 189
7 63
102 233
125 218
85 179
40 43
9 153
104 173
25 191
62 203
77 145
91 238
143 179
53 193
67 223
46 161
42 146
61 132
4 108
32 55
245 248
60 114
172 238
27 128
160 244
182 227
200 216
77 224
20 171
75 216
183 237
114 242
26 110
190 249
11 28
54 224
56 81
54 133
142 218
123 232
115 193
87 233
195 246
57 176
9 33
122 139
8 159
119 191
208 241
58 218
104 139
7 52
128 232
24 215
22 111
39 166
15 212
36 220
145 183
65 189
79 241
70 189
36 241
33 50
48 223
59 133
8 169
91 133
4 5
94 130
167 246
104 249
12 188
76 131
116 125
55 87
40 225
122 157
100 202
1 174
59 213
153 189
23 40
84 143
84 170
59 61
72 135
176 215
26 174
7 199
66 100
163 183
4 123
111 212
113 116
150 174
96 122
35 90
145 245
58 133
27 171
32 62
49 101
208 237
59 162
101 187
46 121
114 170
38 198
48 203
77 237
14 69
104 165
85 221
66 220
209 218
6 217
57 192
146 217
57 171
59 200
59 194
121 169
4 166
29 228
74 81
57 157
17 86
214 246
6 209
64 227
17 223
77 217
87 170
22 244
52 183
132 176
28 153
170 208
166 195
21 136
177 200
15 42
126 143
121 152
69 216
93 173
215 224
97 227
89 168
54 127
86 207
95 250
95 158
8 216
160 243
135 189
137 146
49 193
177 242
97 181
24 161
170 219
64 69
22 122
101 161
124 232
97 215
98 186
41 138
84 156
129 157
113 209
14 34
40 183
138 195
34 242
133 138
61 176
99 163
8 161
96 134
22 112
147 190
214 215
45 48
149 189
63 167
215 238
161 224
34 100
113 178
26 162
149 154
51 209
118 137
93 126
6 186
39 118
131 184
135 151
193 212
205 249
139 149
39 101
112 164
146 223
172 203
234 243
41 64
158 233
36 183
49 194
73 212
40 208
63 97
31 130
198 208
11 228
58 210
25 160
2 38
170 250
104 105
56 131
77 110
40 105
15 39
96 241
90 204
6 38
12 182
99 160
11 139
68 229
40 169
56 107
148 174
207 216
138 216
23 89
86 237
109 201
120 237
39 106
156 233
53 131
96 110
25 88
13 211
122 186
126 188
32 120
199 247
28 242
52 63
22 76
224 250
27 209
185 200
36 204
93 115
33 110
164 182
44 209
112 214
13 187
178 204
9 169
84 223
35 238
159 187
173 187
194 211
59 176
83 244
102 117
115 217
64 137
80 175
59 122
73 209
16 125
169 218
99 225
207 246
46 75
138 185
10 76
91 126
43 147
20 115
88 136
147 204
24 111
106 192
127 190
76 162
138 205
114 245
64 212
55 205
82 133
93 185
31 49
61 120
102 212
8 199
114 212
126 215
0 4
54 66
49 143
145 150
37 99
90 160
4 132
46 162
147 200
110 142
34 103
27 47
115 186
74 248
139 242
19 101
133 150
38 50
145 149
74 156
16 33
235 243
206 250
139 205
157 171
23 44
16 77
37 119
76 87
91 241
117 184
29 245
21 51
51 203
60 127
97 214
63 198
40 82
9 249
37 83
117 242
134 242
221 246
124 191
71 216
13 225
136 186
86 156
101 124
148 149
89 238
91 131
92 113
183 224
47 166
40 203
17 22
41 117
157 197
24 119
5 239
136 193
22 139
151 161
23 184
75 117
103 220
80 183
0 185
47 224
54 147
29 80
147 213
95 192
70 202
99 229
124 166
204 228
196 212
47 88
183 209
79 150
103 242
71 115
126 236
27 41
180 223
153 225
7 49
23 93
72 202
96 211
11 125
14 36
108 114
129 238
30 207
26 70
211 241
92 125
2 53
30 159
147 231
35 199
30 143
164 165
100 130
173 238
155 186
8 138
167 207
94 190
158 222
19 73
18 245
175 179
52 56
136 220
12 82
7 13
105 210
133 157
0 31
52 141
127 187
101 123
93 141
78 138
13 205
46 64
65 153
5 176
228 241
111 124
82 88
5 170
194 229
188 235
77 215
201 232
75 85
53 168
26 63
1 42
106 191
112 191
46 211
40 119
182 202
13 161
26 129
127 196
198 234
134 210
141 239
31 134
17 222
163 172
144 184
208 244
80 94
8 226
169 213
56 197
136 183
30 151
131 246
13 116
28 46
27 74
3 196
95 137
22 87
122 241
109 141
134 199
94 189
9 176
150 151
153 241
57 93
140 215
85 135
29 159
85 106
125 193
170 190
17 231
69 130
3 118
44 173
20 156
122 190
19 135
41 198
167 195
14 134
79 97
204 233
68 188
2 181
162 236
125 145
110 132
33 101
128 245
56 193
66 112
159 180
74 234
173 232
43 148
80 159
17 246
27 51
146 151
59 150
112 142
108 231
46 243
51 63
68 239
83 108
153 158
172 212
121 162
182 204
107 110
109 125
51 58
129 246
122 246
88 238
122 218
98 131
68 100
71 214
87 180
197 199
118 226
55 184
53 178
125 151
32 130
113 232
168 228
61 235
70 190
73 137
10 159
162 180
60 134
104 174
118 195
1 75
205 248
131 228
9 160
0 21
53 70
176 213
116 135
70 209
56 75
27 129
123 132
18 55
88 195
15 151
171 239
2 44
8 232
63 146
56 118
147 250
48 108
64 161
81 140
92 143
0 14
94 161
20 186
162 213
69 126
49 90
45 64
51 183
41 154
37 170
148 232
70 187
60 72
95 228
73 224
123 229
87 241
123 221
105 217
32 148
137 207
52 78
94 247
74 208
96 242
81 189
123 223
126 134
5 78
85 94
38 168
19 32
11 171
51 185
21 162
75 229
10 89
98 148
2 140
126 177
9 13
21 180
140 179
86 139
102 107
42 119
63 145
82 89
10 99
44 236
72 179
154 156
124 229
5 133
156 186
169 174
122 130
191 241
103 137
20 85
136 149
138 233
51 164
0 6
96 208
10 181
71 218
18 70
54 190
54 199
219 239
71 226
17 187
3 229
52 71
118 241
52 227
109 213
28 78
83 206
7 178
57 184
90 101
30 135
40 148
203 250
35 239
136 155
3 211
11 142
16 90
8 75
20 88
50 212
11 20
65 226
140 209
17 169
138 179
174 210
49 140
174 242
52 246
114 190
0 26
192 207
13 214
57 154
124 245
102 152
142 208
19 64
66 79
8 102
30 108
37 231
21 27
116 215
83 86
144 195
72 183
220 244
115 176
8 185
64 126
175 208
137 184
3 26
57 120
26 182
19 181
129 242
25 52
62 93
179 194
12 247
5 17
23 165
71 225
62 220
20 197
169 198
3 31
135 158
62 80
156 205
23 166
115 178
104 133
175 191
5 243
18 137
4 88
148 213
67 90
52 70
33 48
154 178
1 61
150 170
108 163
98 154
47 101
58 96
123 135
124 186
29 138
182 200
118 152
82 101
16 112
136 180
26 226
157 173
8 165
67 107
103 227
172 233
72 164
96 101
24 117
144 183
66 72
219 227
93 151
95 189
69 178
44 84
100 143
71 133
61 173
67 170
71 94
83 151
28 37
96 180
55 167
6 102
210 238
37 75
47 223
68 125
212 230
10 194
148 214
70 98
190 222
131 196
78 154
52 206
10 155
41 162
3 57
139 225
45 215
22 225
6 146
169 215
41 102
189 228
29 246
70 110
25 128
89 197
42 75
21 227
48 191
138 190
158 199
101 185
137 189
20 183
9 219
160 197
81 234
169 194
150 234
34 249
115 187
143 183
22 214
60 201
100 165
7 112
147 174
73 126
33 177
201 209
231 235
171 242
29 180
140 171
41 199
103 232
62 66
124 149
45 238
69 160
70 195
97 200
160 219
64 160
4 200
39 184
28 137
88 156
83 176
53 226
47 179
122 182
10 21
27 181
48 51
123 233
120 194
93 246
9 217
178 199
66 234
72 225
37 187
53 198
3 180
111 217
59 226
85 169
151 177
227 229
16 156
109 130
26 87
112 208
55 121
55 179
60 187
124 146
32 77
74 236
78 218
11 246
50 63
65 202
6 137
81 192
122 167
74 216
116 142
58 240
84 202
107 211
178 234
184 243
93 241
16 179
13 242
110 150
50 72
36 50
67 151
58 206
19 206
213 216
145 172
49 159
132 216
69 104
94 212
73 169
105 235
19 60
36 202
137 205
27 31
38 110
85 173
157 217
51 193
45 148
79 192
93 230
67 178
21 47
41 156
12 74
6 207
47 65
5 111
190 216
70 109
235 237
10 205
209 234
7 31
131 209
23 142
132 203
99 166
4 48
55 197
97 108
70 235
39 189
52 240
115 155
111 146
32 160
48 138
25 248
16 140
215 246
30 199
162 167
78 112
42 48
139 157
11 157
117 234
93 250
66 180
141 226
106 161
8 153
166 194
142 168
12 53
96 125
123 201
163 232
138 226
84 164
16 234
33 150
6 83
57 130
32 106
15 127
6 213
92 224
62 210
121 237
29 38
132 190
10 188
82 90
104 155
60 162
0 148
137 169
153 224
97 148
27 144
176 189
58 193
33 155
16 224
58 181
210 246
57 161
140 177
157 201
42 191
184 199
27 139
138 177
95 150
32 79
85 90
19 77
49 173
190 239
8 109
43 189
35 230
189 197
20 129
22 239
91 239
40 72
19 38
146 158
97 240
150 156
194 232
66 185
27 189
53 159
188 221
97 172
24 83
44 100
59 171
128 192
127 164
8 87
196 224
122 140
91 244
21 127
20 82
48 194
82 131
164 215
56 209
70 148
97 193
129 144
64 82
95 236
194 201
75 134
106 209
83 101
33 120
88 144
44 151
160 173
8 14
131 137
83 240
18 184
3 66
94 158
180 188
76 140
24 164
16 167
23 214
94 215
142 233
51 177
10 202
186 189
6 145
100 188
106 113
166 232
170 228
132 162
123 189
132 133
15 174
21 220
71 194
56 218
196 229
170 227
123 220
46 69
54 212
64 143
72 83
198 241
149 216
96 198
41 98
29 213
21 28
208 213
66 243
112 199
14 232
143 185
105 211
213 240
22 167
143 170
16 154
73 173
77 87
17 101
180 182
188 239
36 90
46 92
52 95
20 203
30 88
144 182
36 84
37 100
29 154
193 205
178 225
27 116
34 146
174 197
50 95
119 207
61 73
22 137
118 238
68 76
143 175
38 196
26 84
39 173
22 40
115 203
137 237
79 118
31 199
99 226
44 71
48 198
8 92
190 220
93 156
73 152
95 141
121 149
217 249
10 171
5 26
49 158
63 153
211 219
92 169
134 172
7 126
57 84
53 102
32 39
60 115
11 69
123 192
21 22
59 191
157 231
42 181
66 77
84 109
143 180
171 234
198 204
99 157
31 119
68 150
15 135
202 232
90 139
13 163
65 71
166 205
201 215
229 238
74 245
5 231
110 127
167 193
118 143
83 144
193 226
109 143
116 136
36 225
134 198
7 101
141 247
25 213
34 67
76 226
197 221
33 202
28 40
15 165
5 9
140 232
104 121
17 80
91 112
98 180
11 183
144 164
135 200
51 96
141 246
19 80
1 100
23 245
12 131
47 126
11 207
161 227
116 134
39 207
83 216
66 142
80 160
79 132
18 144
98 149
175 214
52 161
125 225
64 136
211 212
114 165
9 173
135 137
83 150
129 227
107 247
29 223
140 176
61 161
3 178
69 239
0 36
42 46
53 154
59 94
45 121
43 143
36 74
134 148
181 243
33 61
26 66
87 111
16 30
111 223
38 47
12 122
60 233
209 245
113 226
11 24
63 193
126 133
71 203
4 225
49 54
7 64
76 85
112 121
195 245
100 229
10 64
67 212
93 157
153 249
116 233
10 109
35 218
18 148
58 185
202 237
10 200
42 233
199 215
52 143
10 134
5 125
58 140
190 199
235 241
53 92
59 95
111 172
56 175
6 74
113 207
4 14
148 239
68 101
99 228
19 241
57 132
157 218
69 227
49 68
83 117
69 158
116 217
81 126
134 151
125 220
244 245
122 124
48 184
41 122
35 141
62 191
192 220
76 201
61 106
160 242
16 104
77 115
48 127
83 140
41 146
33 249
132 189
82 248
113 127
17 224
159 204
54 175
156 180
79 138
200 243
128 202
97 164
42 68
40 134
63 163
120 213
127 175
101 147
118 212
143 147
152 230
117 203
125 246
115 116
108 139
17 102
10 167
18 87
94 222
25 30
39 181
63 227
61 195
161 215
55 111
17 244
1 93
4 164
87 235
47 68
67 74
29 127
64 138
18 123
163 231
90 182
37 148
37 116
175 184
104 151
4 79
197 235
233 238
70 203
28 250
171 172
3 90
4 126
21 159
152 240
14 89
153 179
53 105
28 176
35 234
9 145
41 50
93 247
135 219
58 159
207 233
162 207
177 240
68 99
18 68
0 48
31 66
16 187
110 220
136 232
46 151
21 145
14 219
178 231
13 162
126 204
167 222
68 169
46 222
50 161
54 65
42 49
87 102
4 143
50 85
77 173
161 185
102 115
82 134
63 216
46 217
78 117
53 137
15 32
4 229
96 175
15 43
8 53
8 247
182 211
29 178
9 239
167 243
167 169
167 205
172 178
56 130
98 200
185 210
102 246
149 179
124 135
129 218
35 122
37 132
162 177
43 139
58 130
108 170
183 248
166 189
57 248
133 154
103 155
196 248
185 203
1 73
36 169
110 210
176 195
45 169
126 227
108 161
24 151
226 235
176 235
59 116
96 159
63 137
168 242
123 157
64 122
154 233
93 231
88 199
15 24
0 155
35 62
24 73
108 177
117 224
28 185
56 186
30 197
68 196
48 176
120 174
58 219
46 112
67 120
161 249
183 218
18 66
107 225
72 94
71 209
30 245
16 218
161 212
37 110
110 161
27 166
100 247
69 167
95 215
74 241
4 73
42 126
49 55
41 137
110 138
76 114
96 106
139 230
59 154
30 63
52 108
129 141
56 138
91 122
98 212
15 196
97 145
23 133
122 152
69 149
242 247
179 187
163 239
45 99
117 182
89 225
33 77
243 246
116 202
83 118
60 69
46 122
171 246
2 167
19 214
58 111
14 64
28 43
107 127
134 197
71 154
178 191
20 208
8 63
127 152
56 105
213 250
59 103
10 233
31 209
173 242
151 237
205 234
18 152
8 91
10 151
49 156
51 72
176 217
239 245
186 207
27 159
114 197
164 243
91 100
79 83
118 147
68 110
212 237
187 212
169 207
25 76
67 171
122 199
24 80
35 189
162 223
109 147
52 114
180 242
3 171
197 207
210 249
50 177
113 195
16 203
10 158
142 185
202 209
78 182
93 116
148 169
135 245
231 249
100 139
21 91
130 137
22 158
92 149
41 114
245 250
21 62
79 128
19 168
136 235
77 189
53 134
143 178
117 192
71 169
68 167
93 210
94 151
2 50
15 214
198 217
121 231
153 243
129 187
26 225
174 175
59 210
76 81
31 169
35 60
195 205
92 160
35 123
17 92
95 197
7 224
0 1
154 236
47 181
162 208
106 200
34 35
153 198
17 210
4 85
15 37
38 183
33 125
151 226
51 70
111 133
22 43
8 218
211 220
160 250
58 136
82 128
129 170
31 138
117 238
131 211
4 15
41 167
55 166
69 74
101 169
72 100
92 117
102 237
98 245
95 113
43 56
120 245
97 196
26 214
12 116
95 185
42 111
94 230
18 187
183 238
8 110
137 201
182 247
13 137
14 183
55 149
87 126
201 203
32 167
141 144
70 100
69 113
101 218
142 199
66 228
124 217
101 177
102 230
83 145
43 136
70 111
20 121
226 230
69 73
134 176
25 46
26 157
85 203
30 112
63 211
166 230
166 221
15 132
65 193
69 163
50 206
124 216
19 180
56 215
185 241
50 232
13 182
87 167
104 150
37 217
59 135
90 132
129 174
66 126
98 162
90 178
15 199
85 168
116 126
34 53
85 237
65 150
38 139
8 93
76 99
169 222
181 215
221 241
67 81
2 186
77 156
27 73
145 186
24 154
51 140
115 169
128 178
184 203
201 244
110 114
123 202
24 87
66 241
211 234
30 154
46 179
65 79
104 189
114 223
119 246
170 213
41 74
70 210
91 94
90 200
149 239
47 149
9 218
88 147
123 152
87 124
83 199
49 238
171 244
45 228
58 137
6 52
85 234
29 52
171 204
62 222
33 188
109 123
23 95
144 239
65 248
83 213
107 182
31 197
114 244
4 65
217 226
43 160
14 101
48 82
89 211
28 76
65 213
73 227
87 207
10 22
51 123
151 182
105 142
136 210
91 186
187 222
142 206
89 187
41 190
107 141
80 248
33 115
26 147
46 166
0 163
65 246
4 144
51 210
238 248
24 159
9 112
142 161
160 205
137 203
16 188
120 135
15 197
103 104
192 211
184 235
73 94
10 130
66 139
235 245
221 234
37 69
87 95
0 199
147 159
13 99
92 178
38 99
101 230
175 211
72 102
2 124
59 118
101 196
103 233
219 231
23 246
9 121
152 159
179 211
36 188
17 70
14 107
89 194
81 137
102 204
99 139
111 211
58 177
44 197
17 53
80 105
64 240
62 90
61 93
35 159
6 230
194 248
242 248
26 149
33 195
27 57
21 214
27 203
151 163
117 168
0 213
76 239
116 228
55 143
53 124
93 128
125 237
68 104
46 86
68 230
86 233
134 188
44 227
13 105
22 86
207 244
75 248
37 229
8 237
27 72
135 209
124 226
46 95
96 129
226 240
114 249
5 203
174 180
126 222
109 216
71 205
27 82
92 100
100 137
46 143
7 249
5 189
12 127
79 224
33 82
99 170
137 243
29 131
95 172
22 201
20 152
22 157
131 202
87 216
90 233
0 143
94 108
3 140
46 111
163 245
94 105
42 78
92 189
109 246
100 204
49 107
40 159
25 139
140 237
140 214
17 114
81 199
8 22
10 148
20 52
60 166
72 121
35 240
172 211
79 122
13 69
206 229
113 219
163 212
32 95
37 114
111 174
53 231
129 164
11 50
208 227
37 227
41 53
172 235
59 152
136 154
178 235
5 34
59 190
37 64
130 153
28 127
18 60
82 249
124 236
108 192
12 161
51 119
51 235
35 242
18 145
58 224
59 233
32 157
15 124
31 228
119 196
35 191
143 190
6 36
10 100
32 176
63 108
35 120
11 95
90 217
112 206
69 194
100 155
10 55
12 229
5 6
205 223
4 28
109 132
123 214
155 175
11 148
43 159
161 240
26 216
55 141
14 92
111 201
1 139
41 78
9 162
55 93
12 169
28 58
77 162
69 150
89 128
147 240
197 244
127 225
116 196
93 245
200 233
65 216
142 239
118 201
131 186
95 125
187 220
54 184
55 239
86 103
101 197
27 205
151 186
98 161
180 200
125 213
16 231
163 170
23 137
4 113
78 110
181 211
112 200
30 202
15 125
105 164
34 46
39 48
43 102
12 202
115 123
25 223
150 162
58 90
70 219
161 192
18 67
59 68
2 216
8 163
4 11
95 246
172 195
149 194
159 181
47 146
144 153
77 205
140 197
80 190
171 231
11 56
54 219
65 172
88 210
87 104
169 192
12 51
8 214
88 167
95 241
135 167
33 86
131 152
27 177
129 172
26 183
16 225
117 228
111 250
45 98
102 198
45 170
22 166
183 201
182 240
57 89
160 162
158 228
31 36
7 81
191 227
163 207
87 163
157 167
21 250
117 183
11 167
2 29
74 154
67 174
90 111
7 94
71 250
182 234
45 244
194 195
94 234
11 199
52 128
93 209
36 178
80 163
129 142
8 10
164 245
155 246
108 167
35 155
87 174
197 213
52 142
9 196
171 245
79 135
12 108
11 73
148 179
0 28
55 189
122 239
146 188
72 131
26 140
145 204
26 180
45 136
149 207
39 121
164 170
51 69
185 224
45 202
129 208
141 200
106 122
107 183
214 247
94 171
40 149
15 246
46 118
53 225
58 196
191 244
70 188
48 133
113 157
19 49
120 165
45 110
132 165
135 233
8 55
121 186
165 202
95 156
107 250
220 227
99 175
123 151
142 196
124 235
129 189
7 236
36 115
0 54
166 224
156 218
60 149
130 200
70 211
155 200
146 159
87 103
14 65
58 112
190 209
22 179
149 192
131 245
43 196
183 223
36 138
138 207
206 235
109 232
31 224
77 170
131 226
141 186
207 232
28 79
156 234
55 61
9 52
42 45
185 232
216 247
33 175
118 129
14 180
29 56
31 216
182 198
51 169
89 165
5 73
221 238
59 187
115 174
72 158
145 171
72 226
44 163
32 101
101 126
75 204
20 133
197 217
83 155
54 165
21 106
32 230
156 181
123 240
166 167
74 190
160 229
36 196
39 228
49 142
85 118
143 242
75 247
97 112
10 192
167 241
82 103
96 176
62 101
180 183
57 163
159 236
120 243
102 229
118 172
66 189
114 243
76 231
19 25
18 19
49 138
86 106
87 249
63 189
71 125
127 181
51 118
37 96
44 81
35 137
40 190
79 173
7 80
9 54
55 231
112 246
129 212
57 188
165 173
152 182
5 187
52 134
196 203
1 92
86 194
168 176
74 235
161 178
104 224
75 249
94 184
104 226
71 223
0 32
19 221
64 189
59 178
155 202
18 125
112 197
58 215
128 155
104 243
107 149
211 247
224 228
138 150
52 131
45 56
146 205
62 199
77 168
84 172
153 187
171 185
56 245
46 132
188 212
59 117
165 177
75 172
73 123
133 149
84 131
123 191
58 245
70 232
102 173
125 228
95 127
57 100
213 225
79 227
0 57
125 146
101 213
26 125
0 233
91 134
65 117
174 193
23 123
121 130
193 245
82 220
134 214
12 120
94 124
133 239
91 215
32 183
224 229
196 207
10 218
67 232
181 247
159 228
65 211
99 103
200 230
106 194
96 105
73 242
61 204
106 223
5 113
101 223
125 227
61 194
25 78
64 95
113 165
2 80
1 98
108 215
60 131
43 45
87 125
73 244
59 87
15 223
67 192
2 69
15 72
37 239
11 193
31 226
86 222
158 209
113 159
27 183
41 111
37 222
229 232
138 180
99 223
168 169
57 198
8 18
232 233
74 214
92 215
6 80
101 156
159 178
49 176
134 153
58 88
126 234
39 157
24 61
86 192
135 150
91 219
45 85
111 204
1 82
62 111
24 76
5 115
3 189
37 176
118 248
46 249
66 172
54 188
135 208
80 212
45 154
14 238
112 189
102 175
232 234
53 175
101 119
38 202
22 147
128 203
177 179
36 167
155 199
78 92
8 180
36 47
31 192
160 161
183 236
49 221
115 209
36 182
27 126
140 151
72 139
3 245
80 119
130 230
58 85
153 231
175 186
88 206
154 209
106 186
122 129
10 225
185 214
69 177
198 215
1 211
36 110
35 193
2 244
175 235
39 241
19 91
167 181
64 249
27 145
34 74
121 240
21 206
33 49
42 230
46 71
224 225
55 92
78 178
128 173
177 182
141 191
130 249
90 129
173 241
198 244
17 247
133 242
137 199
29 174
16 216
89 118
103 144
6 41
82 126
81 135
100 149
146 215
16 67
25 102
136 160
33 92
41 184
150 247
19 155
161 199
5 123
218 245
238 242
107 214
13 142
38 161
119 215
139 198
60 198
171 181
195 244
186 201
33 79
71 231
194 207
88 92
88 246
65 225
192 242
60 104
135 217
57 209
219 226
158 169
59 214
5 24
75 178
113 121
166 242
88 237
140 169
87 172
87 246
37 152
8 123
104 183
156 217
17 164
36 170
53 206
127 244
51 101
107 241
19 117
0 245
0 95
94 116
41 83
28 62
38 156
167 217
105 124
46 81
28 240
191 200
103 196
176 246
204 206
119 218
60 237
91 150
0 20
57 150
190 230
51 135
38 205
69 226
120 140
10 245
2 17
46 174
52 67
45 236
70 92
138 240
89 137
156 168
77 250
72 140
6 157
162 218
59 208
18 86
46 60
26 55
8 239
122 210
59 246
33 228
117 170
120 121
26 31
39 97
82 172
38 221
23 163
90 110
100 239
95 220
116 250
41 73
62 173
6 69
30 57
9 110
73 108
52 185
58 209
53 245
165 223
109 244
4 63
79 195
43 120
19 39
56 231
179 205
127 130
192 200
28 120
114 229
129 202
107 162
4 168
181 236
187 238
101 239
6 73
4 170
89 111
21 23
106 208
13 93
71 221
71 217
182 185
113 242
132 248
105 201
109 206
0 71
138 210
31 210
90 168
39 52
61 86
200 227
162 244
34 50
28 47
169 234
59 145
4 83
4 33
70 88
51 163
36 237
169 225
56 141
159 247
69 152
202 240
15 26
181 217
99 180
24 107
97 162
84 132
154 247
119 168
118 223
151 214
82 166
18 134
7 222
78 139
43 220
222 223
198 216
208 219
34 208
103 174
214 222
54 153
166 213
132 138
124 247
39 46
67 227
80 148
145 218
63 115
43 141
115 241
45 65
31 123
141 176
237 243
9 53
3 248
236 243
3 62
49 154
104 175
100 207
186 225
117 215
226 229
28 136
139 201
138 164
22 34
28 172
84 120
23 216
0 177
7 191
162 193
159 214
35 249
151 169
32 201
215 222
133 229
64 79
42 72
25 179
94 137
142 167
45 224
52 103
134 216
44 62
75 210
132 240
0 8
118 127
0 41
184 194
129 215
41 45
155 165
132 219
12 88
128 236
38 212
118 199
156 214
114 192
50 233
69 234
109 111
187 229
3 185
61 128
31 149
64 131
26 99
91 234
224 232
101 236
15 28
72 191
92 128
32 59
169 191
47 237
168 180
112 174
68 74
84 221
152 169
16 213
72 215
117 221
118 200
35 125
28 29
19 210
92 167
121 221
191 228
25 244
104 217
147 183
40 88
109 242
87 145
144 168
53 97
148 228
82 121
46 191
52 126
113 167
112 161
55 229
81 173
167 220
182 203
2 11
9 98
78 168
96 172
11 12
67 96
110 179
160 245
70 153
140 180
7 61
83 186
50 226
139 152
190 211
213 246
18 214
0 238
91 92
58 198
68 82
160 192
42 205
116 120
55 131
29 84
52 116
180 215
16 214
8 249
207 229
47 232
19 90
181 226
4 109
215 225
60 203
32 111
167 228
121 241
14 56
22 77
89 235
5 159
64 77
157 216
49 182
48 169
59 111
46 93
195 208
80 89
22 185
13 235
144 233
157 244
67 218
93 133
94 185
75 167
64 67
157 248
104 225
87 232
44 167
45 87
142 220
59 188
75 233
7 19
97 103
95 153
28 118
14 52
100 154
184 205
77 86
88 225
26 144
49 79
135 147
55 113
6 169
14 79
85 223
63 228
37 63
126 210
49 162
205 250
65 103
1 131
147 243
7 220
78 109
98 111
164 178
143 199
119 250
169 219
28 60
51 54
121 161
34 150
27 241
154 243
104 141
47 133
27 92
87 225
155 184
83 162
16 169
143 244
179 191
137 176
232 247
32 198
2 22
142 200
135 197
1 46
70 214
70 164
3 222
4 77
21 75
127 203
56 189
127 239
22 145
47 215
137 212
110 221
30 51
13 152
34 149
57 68
178 240
152 197
176 193
51 171
80 245
104 122
86 167
1 25
138 237
70 191
175 204
34 123
20 122
32 141
57 160
45 83
27 32
96 249
190 226
87 153
48 220
108 196
185 201
72 224
137 228
35 101
78 159
57 112
43 149
79 198
120 188
88 163
146 166
26 67
108 121
221 248
90 115
7 41
65 67
191 198
37 134
12 165
60 235
135 190
154 235
208 232
72 249
121 188
22 176
86 153
204 234
112 198
171 230
166 171
60 87
25 174
33 239
222 242
85 215
0 103
187 208
147 196
215 249
72 239
147 168
3 236
133 167
117 233
104 184
34 52
110 148
105 243
101 245
69 98
150 243
210 227
28 192
78 201
154 242
92 193
105 199
51 76
26 124
56 120
183 212
7 62
18 247
14 42
65 110
85 216
146 156
145 237
146 227
73 91
22 131
180 244
111 176
60 244
97 166
81 205
6 65
128 238
172 181
46 57
157 168
40 224
168 219
185 209
21 186
52 215
48 150
40 222
111 228
229 250
193 194
164 188
246 250
57 129
114 137
25 93
193 240
43 98
19 215
199 223
3 234
114 167
157 166
234 236
41 195
233 250
104 207
118 140
4 89
3 79
96 154
165 217
48 98
24 173
64 219
64 109
108 240
9 247
68 190
48 55
43 178
171 241
100 214
39 133
109 144
76 191
61 69
35 111
71 158
0 76
173 200
36 146
22 128
38 91
60 196
35 143
88 223
82 87
118 219
46 240
203 212
97 146
48 78
48 202
80 188
105 224
113 154
153 233
103 158
113 218
59 185
89 222
0 109
17 24
102 145
20 30
57 201
54 80
71 193
47 173
79 194
136 229
103 107
187 248
23 208
21 56
51 226
107 188
5 196
157 243
204 220
94 126
141 174
148 156
62 239
45 194
136 218
149 151
94 145
37 160
107 189
187 202
83 116
85 120
194 203
30 116
46 96
42 89
91 153
98 244
203 247
10 137
83 224
54 83
40 91
82 242
101 165
80 180
42 231
63 73
69 214
19 208
69 233
54 182
150 213
43 191
5 168
220 228
95 99
132 239
6 9
75 180
22 170
25 63
30 232
74 130
157 174
127 174
45 189
193 209
16 208
115 180
162 222
92 195
19 182
45 88
113 163
144 217
87 230
79 206
139 195
175 223
158 245
114 184
53 235
19 194
62 86
123 161
1 108
102 143
141 152
216 228
15 155
168 210
17 33
16 64
19 247
23 219
39 119
157 213
62 190
144 227
86 199
173 205
208 240
72 234
80 218
32 75
151 191
117 138
155 244
53 130
152 213
42 190
161 179
40 78
91 213
119 224
107 125
83 95
161 162
142 160
142 180
156 167
86 158
85 97
97 203
121 163
74 124
130 168
176 233
115 246
131 247
103 172
44 211
126 168
16 200
12 25
111 169
51 206
214 219
69 212
48 185
125 126
35 227
57 199
11 65
106 136
146 186
147 161
20 69
39 88
15 84
1 152
51 248
45 222
165 233
138 191
113 184
36 120
186 222
47 221
183 198
11 164
8 234
184 212
79 103
59 159
109 129
60 142
118 243
0 70
14 178
31 148
53 243
14 24
31 232
149 212
19 233
129 243
119 213
205 217
150 204
153 163
60 137
34 143
0 12
134 248
33 167
189 248
141 235
86 125
73 245
60 152
35 188
42 120
86 154
210 217
198 242
183 184
122 222
134 166
140 225
17 95
53 165
143 219
57 241
25 109
69 76
96 107
22 192
9 94
141 234
61 105
138 149
10 193
14 194
91 156
36 100
188 214
16 235
94 165
77 160
139 248
80 116
6 88
176 180
70 132
31 214
80 111
13 165
45 47
8 227
179 216
7 30
17 194
53 230
99 149
37 205
154 172
36 96
94 106
59 119
10 110
56 174
39 55
48 95
73 84
44 223
39 174
59 172
64 153
84 98
33 206
42 200
161 181
102 244
26 61
10 156
74 167
3 228
129 240
14 118
82 177
91 162
133 199
143 158
161 168
43 166
65 116
85 232
162 171
177 208
4 149
125 136
165 240
42 208
163 226
90 195
108 221
77 152
35 64
78 180
9 198
97 105
1 58
102 112
128 185
10 96
58 175
44 68
151 218
186 228
47 78
2 163
83 195
76 208
52 189
72 207
39 182
124 168
76 92
29 43
26 224
108 144
45 176
44 138
115 221
41 67
52 53
112 167
118 204
106 146
51 205
137 178
60 181
136 240
66 206
39 186
186 233
35 109
125 170
65 99
4 157
73 193
38 78
69 87
67 199
125 226
8 33
162 219
55 194
40 71
49 137
170 180
66 114
96 225
106 232
136 203
1 19
28 80
110 202
137 193
82 210
112 171
143 164
155 205
113 158
76 230
99 132
57 197
37 194
115 213
56 202
163 223
54 235
32 236
23 176
68 223
31 177
117 172
142 149
103 173
13 189
149 222
20 117
175 229
162 185
7 18
27 246
26 38
179 201
38 95
79 201
171 213
29 60
6 58
212 225
144 241
90 225
31 156
153 201
229 242
73 159
35 203
115 225
168 240
144 203
21 156
60 129
134 221
152 181
25 73
106 125
106 201
119 198
37 212
165 218
114 208
111 186
106 142
196 243
142 201
217 222
168 174
100 223
134 220
37 151
78 228
64 97
130 190
98 153
49 110
95 106
123 243
41 150
41 130
19 98
28 179
8 51
86 136
66 158
161 206
216 240
110 186
58 153
138 204
126 207
193 231
5 27
49 121
37 178
97 127
147 228
95 121
29 221
32 226
37 208
73 170
57 196
98 146
6 19
20 126
178 220
73 118
97 154
57 125
34 213
33 214
75 101
10 135
71 118
132 226
24 208
89 226
50 165
54 102
188 223
119 185
180 202
154 241
118 232
30 73
128 141
101 211
6 82
3 206
75 220
44 232
18 98
146 209
118 231
62 244
34 83
116 154
174 188
204 221
35 178
135 178
68 200
184 245
51 224
174 234
83 132
55 245
58 197
215 245
94 157
90 142
35 118
105 247
85 92
85 123
64 81
49 93
110 225
68 176
88 245
72 104
15 41
133 147
69 206
174 200
85 126
140 155
45 118
129 233
142 240
1 183
107 217
135 231
42 62
35 147
84 147
108 112
72 144
50 55
95 248
68 219
37 66
36 45
23 37
140 170
14 81
16 173
45 172
51 109
44 178
35 172
173 208
88 107
77 230
170 201
146 193
79 147
35 247
42 179
98 128
147 207
12 218
157 196
205 224
78 111
37 117
113 164
24 149
59 73
8 201
119 154
29 107
40 77
29 179
87 97
125 204
52 241
136 246
30 45
11 123
217 218
11 214
13 30
15 19
74 212
217 225
118 119
10 29
123 200
14 112
117 166
162 248
77 94
161 175
128 162
120 241
29 177
165 215
19 156
75 92
21 68
131 167
26 35
17 153
11 25
40 128
147 166
69 109
81 143
190 207
92 223
149 183
103 203
63 74
13 129
61 152
14 179
115 188
154 174
88 214
107 212
96 142
76 195
103 239
207 242
77 197
204 250
99 108
173 203
50 66
143 169
117 189
3 137
14 163
100 227
1 94
112 116
148 246
153 245
151 230
204 230
77 92
66 182
217 243
3 65
14 166
127 182
1 212
35 146
21 196
167 194
80 244
134 230
100 217
52 176
12 114
173 212
69 159
5 51
98 249
151 153
69 128
163 244
15 195
66 124
107 120
83 167
58 192
117 247
35 224
34 122
42 122
145 175
22 56
141 190
64 214
131 230
186 245
123 244
28 82
64 232
47 208
16 102
48 56
73 194
127 217
126 185
109 210
148 229
34 118
0 167
79 161
19 171
31 212
33 44
45 145
71 104
1 33
7 181
9 19
39 53
81 148
108 223
24 222
153 178
67 135
123 180
12 158
91 201
19 21
48 86
29 164
0 35
52 209
33 182
54 193
27 179
77 106
24 144
31 133
140 153
113 217
34 37
30 102
49 59
53 67
58 67
217 236
132 170
15 227
19 144
32 52
53 57
84 207
38 197
34 181
29 94
44 159
74 80
214 226
18 221
9 56
153 237
116 153
215 242
117 188
117 167
51 108
32 173
11 184
8 150
202 223
5 146
67 240
30 222
146 175
124 177
178 211
0 79
141 230
222 234
140 149
11 240
21 192
149 197
43 177
168 197
172 225
96 158
35 45
52 180
51 100
104 132
49 239
54 76
30 233
14 202
102 241
185 228
182 207
69 85
69 111
6 98
50 157
141 199
106 198
13 17
180 241
235 246
98 137
50 167
113 138
54 144
12 119
142 249
31 198
88 121
112 186
3 40
133 236
122 135
81 215
18 109
27 230
26 135
0 156
4 243
164 184
9 240
114 236
233 246
31 100
68 87
42 121
135 198
51 137
187 215
73 177
14 185
1 138
116 175
62 89
138 208
110 227
54 178
121 170
85 175
201 214
4 55
147 234
121 225
127 205
201 223
150 191
115 214
20 225
91 221
25 50
216 239
52 87
44 246
73 144
42 85
199 207
123 205
118 164
194 212
100 102
75 142
67 124
199 243
3 124
198 230
13 135
117 196
212 247
8 149
133 135
78 133
24 160
78 192
16 159
151 194
26 105
200 203
34 218
115 148
26 168
38 117
12 26
51 120
61 216
217 229
38 114
38 136
41 202
126 142
106 157
72 213
71 113
46 245
8 79
80 247
75 211
15 20
128 206
21 34
59 238
89 185
16 195
6 77
139 140
114 214
201 236
39 93
6 130
184 244
35 132
64 72
177 194
68 250
0 9
82 222
2 168
43 168
22 165
72 227
6 32
137 231
112 242
155 225
51 116
155 197
158 216
1 62
88 102
51 222
172 228
66 179
147 148
56 242
13 249
94 144
225 227
36 238
86 189
8 21
67 202
130 162
221 232
46 160
65 141
86 217
128 204
142 187
57 182
62 154
131 154
50 114
18 25
87 121
19 120
10 211
110 159
80 120
92 175
85 180
34 121
25 36
110 211
133 218
12 187
51 187
57 107
156 219
80 233
7 73
120 134
81 218
31 147
5 12
43 113
2 138
113 190
34 202
90 165
7 121
59 211
99 131
114 144
15 141
219 241
20 155
135 154
136 147
79 109
3 156
15 38
144 229
171 226
127 184
43 210
83 188
198 205
126 166
83 183
11 225
210 212
19 239
204 243
22 102
7 196
26 80
131 139
23 77
100 170
8 36
16 54
3 21
26 127
14 151
43 235
21 163
71 150
39 211
101 189
34 112
37 76
4 179
192 218
78 160
170 224
71 164
7 200
90 235
5 23
78 247
40 127
69 186
107 227
66 229
180 236
19 133
64 90
216 223
127 135
153 206
48 196
1 137
58 99
20 81
107 146
170 217
105 120
18 75
116 219
33 74
119 188
130 212
149 205
87 161
28 117
128 240
132 241
28 31
3 146
1 45
92 139
0 47
23 153
76 218
125 178
106 155
91 189
84 232
35 201
128 180
42 187
95 190
218 244
90 162
158 221
136 187
208 245
124 192
118 211
71 237
190 228
35 175
12 160
32 45
151 176
165 179
44 212
105 128
99 193
139 212
94 201
63 93
5 250
187 241
73 105
96 124
77 102
103 145
1 28
19 110
167 232
99 190
163 220
174 225
102 235
170 178
84 95
31 171
157 189
61 193
64 204
190 212
3 110
60 116
45 168
46 172
172 240
43 151
74 151
110 119
150 165
36 160
10 204
41 88
200 217
128 228
163 233
74 85
48 101
84 162
45 212
71 156
26 153
59 217
21 109
85 108
225 235
77 119
1 55
150 161
211 236
30 98
169 187
105 140
218 231
16 123
103 148
10 104
100 231
62 143
56 122
79 140
153 192
68 119
108 237
201 249
162 235
89 129
38 143
84 236
133 198
49 65
20 243
89 242
150 202
98 228
6 89
155 217
43 180
27 58
94 114
239 243
108 207
6 202
70 143
146 153
24 62
115 226
74 178
39 67
120 210
137 222
3 16
29 54
140 154
22 142
171 233
39 82
148 187
25 183
57 83
236 247
47 225
53 112
54 163
52 205
235 250
18 154
5 110
2 188
114 159
148 154
100 105
32 137
48 207
91 226
26 229
28 235
6 127
28 190
0 195
108 109
159 167
93 244
48 80
191 231
13 222
113 246
213 214
81 125
240 245
53 161
158 175
14 131
36 105
83 124
109 134
45 127
64 208
60 111
22 28
87 175
152 187
142 155
39 191
95 239
175 185
21 99
206 232
42 239
140 207
96 152
123 165
117 173
180 232
7 148
213 232
17 207
98 193
93 166
48 234
40 218
8 145
149 215
92 248
39 128
49 188
88 116
145 250
109 227
61 131
8 197
126 151
78 230
45 108
22 36
163 190
77 190
26 200
109 238
164 209
61 124
126 242
171 192
119 205
65 115
93 232
41 113
25 246
8 11
5 188
73 164
7 157
33 80
103 170
108 191
56 229
74 97
172 206
90 91
21 124
139 244
35 103
48 209
72 150
208 248
43 193
60 105
225 248
118 188
115 235
166 191
5 41
51 168
39 142
184 216
7 115
122 206
199 218
78 145
83 238
81 185
145 212
1 89
65 70
8 88
30 238
91 240
50 58
129 173
193 250
64 156
84 155
32 76
16 71
42 65
43 194
109 127
154 175
34 57
183 244
95 242
95 181
23 195
215 230
17 112
80 130
44 149
51 78
109 131
43 170
40 117
37 157
81 167
30 72
139 241
75 182
6 163
147 151
4 160
232 243
67 209
108 220
79 105
40 165
189 209
123 185
34 89
17 96
44 59
7 137
48 88
92 185
96 250
132 185
117 178
67 234
86 184
145 163
46 168
27 149
1 215
7 10
119 172
138 218
124 215
13 147
38 172
43 86
59 189
113 132
146 249
87 176
120 224
43 156
141 193
51 60
32 187
66 125
39 136
135 216
98 188
126 141
38 115
58 149
74 197
225 238
131 244
77 107
147 205
55 192
14 248
60 96
93 170
140 250
41 141
3 17
83 171
123 242
21 208
49 53
182 223
127 186
129 209
11 90
35 127
12 39
142 151
184 229
156 176
44 224
50 203
52 238
163 164
112 160
159 191
41 226
18 168
98 234
157 162
58 134
66 91
225 250
34 204
71 74
129 180
36 117
113 180
12 173
53 59
0 171
45 123
138 181
18 243
19 192
39 108
6 147
28 241
3 67
214 224
18 231
100 153
34 163
133 189
119 234
76 185
170 177
98 183
148 198
19 78
64 176
85 247
87 141
75 159
30 39
195 242
195 200
58 239
154 189
1 99
98 125
216 249
183 216
17 77
0 88
6 204
127 147
46 176
183 189
22 46
184 197
78 188
69 131
97 199
152 190
30 162
131 233
79 233
7 215
209 236
71 135
0 23
52 144
7 116
23 97
204 235
58 203
3 115
11 173
122 236
34 175
144 242
41 177
25 163
22 154
124 148
81 98
6 124
77 180
146 220
28 228
106 217
78 234
1 81
4 39
89 105
21 215
62 124
35 74
147 177
11 181
157 192
50 231
46 207
15 103
72 192
155 240
69 110
130 172
13 26
99 207
93 200
137 175
110 192
99 100
82 240
54 69
21 239
33 156
172 247
110 190
4 215
49 189
117 152
34 109
26 193
57 245
186 204
91 98
15 62
21 129
30 117
57 165
160 232
117 185
94 243
93 178
30 225
52 98
47 177
46 221
118 154
105 221
54 214
148 204
86 119
121 144
6 151
124 202
120 246
49 77
109 181
141 245
79 223
21 111
52 194
203 222
33 34
33 107
4 181
26 209
33 142
179 224
219 230
172 234
179 244
15 194
1 32
69 188
77 164
132 154
89 154
143 201
186 248
140 229
11 107
114 149
140 245
47 117
184 222
34 48
192 212
121 206
194 200
226 228
107 249
97 118
76 104
141 175
56 92
139 222
90 113
30 191
54 243
98 133
3 241
56 94
110 213
89 201
132 207
25 210
136 176
134 173
133 230
14 18
62 246
52 140
22 73
29 225
5 52
141 183
209 212
223 236
186 209
16 143
6 125
174 221
99 159
107 204
93 184
27 156
188 210
98 132
108 211
75 139
47 67
30 150
156 198
16 161
94 170
36 64
61 139
26 58
25 168
170 248
101 141
79 186
14 158
125 200
77 212
188 231
64 91
19 151
32 218
11 162
191 248
41 165
2 68
86 146
52 234
112 130
18 104
142 212
100 237
108 145
181 221
12 234
75 201
186 226
76 95
42 131
19 141
18 128
193 214
58 158
12 57
207 241
1 104
28 210
31 105
96 151
17 229
53 93
196 247
12 76
28 48
168 183
7 108
31 170
192 201
36 135
147 185
116 224
41 182
98 204
120 248
7 90
88 114
41 222
170 191
132 249
124 214
4 222
135 181
1 87
21 93
66 215
66 194
169 186
53 127
25 115
19 184
92 161
29 85
144 222
147 238
122 204
173 195
129 147
222 230
149 191
72 74
12 149
94 244
13 174
223 226
61 133
111 135
76 198
50 215
5 43
61 209
204 239
30 205
13 103
184 221
196 228
30 53
89 143
97 245
34 231
40 46
13 169
35 212
17 166
129 150
116 200
73 214
50 150
97 114
3 35
133 152
207 214
29 220
12 167
54 186
41 55
49 74
94 191
44 164
150 185
171 198
62 87
84 229
213 249
56 164
18 149
136 188
76 156
34 55
35 152
93 217
108 126
167 179
37 156
29 200
180 229
4 155
2 118
11 172
8 120
97 198
175 246
198 212
7 25
32 122
146 213
139 162
32 53
58 138
40 168
156 220
119 204
115 232
211 222
182 215
117 157
89 127
81 166
124 238
142 146
78 85
164 228
0 134
148 244
62 92
40 61
47 77
95 232
55 82
10 62
61 122
119 159
13 184
114 237
46 246
63 69
229 234
173 233
191 213
94 250
42 189
132 178
60 163
27 134
9 51
91 135
135 156
85 158
22 84
9 140
223 224
106 153
197 198
24 54
3 74
56 128
65 136
45 152
64 231
117 162
52 121
4 13
47 248
100 166
19 40
168 220
95 164
44 56
90 211
137 224
39 115
40 207
8 78
168 237
69 115
43 96
100 140
16 18
35 98
207 225
8 235
104 125
30 106
6 35
6 235
25 42
33 242
184 217
197 230
12 233
123 145
73 121
35 69
138 229
111 173
10 206
65 178
129 139
70 178
9 143
128 176
106 129
127 171
92 174
85 187
76 135
23 181
3 230
1 126
52 118
193 206
3 134
66 93
125 199
43 137
25 144
68 172
112 185
35 169
11 136
8 49
183 194
15 102
67 123
83 88
59 235
69 101
17 123
24 56
183 208
118 169
112 115
161 164
166 192
33 42
3 91
163 203
65 149
56 58
33 140
42 118
144 214
74 177
61 214
27 227
74 145
94 119
186 210
69 99
202 242
190 204
164 212
8 168
24 147
29 120
111 168
184 250
103 221
12 58
24 241
135 250
8 9
27 180
163 173
96 108
0 94
136 145
141 179
129 216
34 97
76 123
21 155
75 225
6 195
193 234
31 180
17 230
61 82
25 74
123 174
62 183
13 193
60 245
37 164
73 98
2 184
142 224
0 147
115 130
69 195
137 163
79 121
120 139
10 74
126 245
88 94
118 185
16 206
145 203
36 240
20 201
76 129
41 163
17 125
51 97
39 45
159 212
60 81
109 218
87 201
65 227
52 174
4 47
50 74
82 102
161 163
61 185
157 212
66 123
53 146
115 149
53 209
5 99
116 148
101 224
96 137
182 242
96 240
107 174
84 219
45 96
26 227
80 95
229 239
33 75
116 240
104 167
78 135
73 90
11 21
62 171
37 82
103 186
133 188
41 207
80 227
71 151
22 78
143 200
204 231
17 78
26 185
47 240
187 244
12 66
41 189
15 182
11 19
136 182
167 244
162 182
1 232
70 177
29 243
196 209
202 246
97 137
86 223
149 157
17 220
80 146
67 68
45 55
20 141
2 55
60 173
176 210
130 178
70 220
59 186
197 201
24 35
117 144
22 178
27 190
39 234
41 48
70 137
92 210
126 131
72 120
47 103
37 224
21 66
9 123
202 230
212 231
57 238
14 108
36 137
46 68
81 221
13 73
89 133
102 169
162 170
152 227
208 210
24 102
202 248
104 148
182 236
63 111
51 132
38 85
67 182
67 89
61 78
59 151
23 238
6 113
121 233
3 5
66 96
17 249
97 173
48 107
39 66
84 130
54 176
125 223
117 204
38 188
163 248
24 190
44 154
34 58
103 138
28 150
12 78
192 229
7 142
109 243
12 178
173 177
85 102
142 241
76 125
141 231
10 48
194 215
47 92
73 184
59 160
49 223
25 91
126 212
69 240
168 231
60 62
4 64
77 158
16 165
159 165
115 191
51 244
48 143
38 119
65 231
238 245
37 55
79 239
142 157
49 222
15 204
33 54
182 220
154 234
24 218
162 243
130 171
78 89
126 165
174 194
5 163
59 71
72 190
66 87
15 162
60 182
135 230
138 247
112 156
50 201
95 132
7 140
44 161
63 76
59 96
21 167
120 148
56 180
140 141
68 222
74 159
168 229
55 75
70 142
98 159
24 84
108 150
212 215
82 223
9 77
82 241
35 108
136 245
4 199
88 96
8 57
88 234
187 189
180 198
14 115
24 205
112 122
11 190
120 141
13 217
106 215
203 208
18 63
175 242
24 191
9 125
58 143
184 191
42 157
72 148
65 105
60 169
70 234
126 167
30 127
160 225
104 112
211 242
137 145
137 221
82 149
143 167
100 177
1 86
78 95
49 56
125 138
50 197
93 195
168 189
91 174
47 233
2 74
91 250
23 32
221 250
94 117
146 150
216 221
131 231
156 206
11 18
45 179
176 178
55 128
141 229
32 152
54 223
211 237
187 214
19 173
72 240
75 144
51 225
37 238
7 154
85 241
42 204
101 207
38 201
52 72
68 237
93 129
32 74
182 230
14 116
61 242
25 59
31 155
98 116
100 230
25 140
105 122
56 57
181 230
16 27
201 240
11 82
119 241
71 91
144 160
81 175
6 51
7 35
96 148
45 131
82 86
102 191
154 157
29 73
48 72
123 212
68 199
128 135
19 63
234 246
174 244
6 39
108 117
76 115
109 237
146 233
54 58
91 118
111 196
107 144
56 232
46 183
73 233
58 127
30 97
14 62
197 238
83 185
132 250
6 62
28 119
195 228
35 176
181 224
55 208
89 180
16 232
130 150
38 222
33 193
2 136
16 108
12 157
21 112
106 202
24 166
132 193
17 52
0 215
159 197
31 124
130 175
2 200
120 137
55 247
179 218
168 175
108 184
26 236
42 52
22 159
38 218
8 190
173 243
105 160
118 168
156 163
113 170
126 199
185 243
182 228
113 150
213 226
119 221
80 104
195 218
17 203
192 193
10 242
172 236
46 56
114 188
135 162
94 174
48 147
27 59
113 151
10 247
98 170
13 180
168 182
66 143
135 145
7 15
58 83
54 145
92 114
82 169
182 197
66 193
177 249
236 238
125 197
38 226
71 165
176 216
42 136
118 233
37 236
98 215
13 107
170 239
14 225
79 137
76 80
28 138
28 59
198 228
122 203
79 179
116 157
117 128
92 116
191 235
130 208
61 104
84 101
30 185
56 230
99 184
189 202
116 223
62 95
94 218
100 128
181 232
53 114
32 89
164 203
165 194
85 166
44 147
122 173
43 237
1 103
33 97
44 132
120 150
137 138
80 205
153 223
84 168
109 186
19 148
96 246
24 137
68 180
43 124
41 209
174 212
88 155
79 172
78 225
18 237
200 244
2 73
7 195
62 114
38 58
21 194
90 98
89 192
16 86
40 202
64 87
96 145
124 249
72 232
87 98
145 189
93 160
67 127
43 75
58 165
130 243
12 215
40 244
77 201
4 86
108 236
68 114
210 234
40 74
6 190
94 154
107 126
30 31
59 127
52 154
83 107
34 73
5 183
199 204
26 213
88 174
49 213
216 226
14 244
90 157
75 148
76 223
95 109
6 23
19 118
104 114
156 172
41 104
64 203
194 245
15 230
227 240
48 158
124 143
24 116
160 214
62 231
70 73
75 114
97 167
145 240
139 226
98 191
88 93
22 198
219 222
53 61
211 248
145 221
22 115
25 243
228 236
91 230
44 109
87 162
173 245
72 159
69 108
65 230
32 83
21 211
51 190
48 154
9 104
22 162
111 137
58 69
16 178
34 207
61 222
2 89
32 61
135 204
24 70
20 174
37 103
89 230
36 106
59 98
9 72
121 210
122 192
177 204
157 188
50 62
20 24
2 170
53 144
57 109
186 199
6 13
151 173
52 68
66 186
93 107
109 198
51 73
10 72
214 229
151 229
74 240
105 196
154 232
19 104
81 245
86 193
5 202
120 197
44 88
45 116
60 77
191 238
10 123
133 179
22 153
51 95
3 148
27 141
60 234
119 137
46 150
35 157
153 181
167 173
102 231
126 161
56 168
35 195
190 206
139 171
76 147
63 175
164 196
60 92
113 200
4 60
30 184
105 214
87 211
156 230
106 131
101 145
8 137
50 51
58 145
16 181
78 207
164 224
67 95
4 171
27 56
51 65
87 224
0 216
69 106
77 105
0 149
56 226
120 179
13 97
50 79
157 206
74 232
63 188
51 173
94 115
48 210
187 213
30 129
80 178
37 77
66 152
95 159
111 159
6 114
118 220
12 28
83 129
1 9
77 204
6 95
89 181
160 228
115 224
57 179
16 205
44 96
67 221
51 156
136 196
3 54
116 161
8 228
11 58
14 150
78 129
156 237
24 108
170 216
125 179
82 211
73 142
44 106
81 121
146 214
13 158
22 57
85 224
48 219
189 201
176 245
2 197
65 166
24 182
130 192
12 207
93 236
55 220
71 117
75 102
79 221
123 194
95 107
62 157
11 77
37 242
45 126
93 219
24 225
171 237
2 202
26 45
78 150
138 154
4 40
28 66
61 221
104 250
50 162
39 227
138 161
44 190
145 200
192 233
35 225
145 174
35 211
165 212
43 77
85 131
51 142
194 206
14 91
56 250
6 118
29 102
0 124
9 154
57 239
173 249
117 210
53 217
66 250
19 62
35 135
126 238
102 171
87 187
5 128
71 89
12 104
23 141
22 211
71 114
30 76
3 104
47 100
46 203
42 155
44 139
55 114
7 141
3 64
84 103
135 242
102 192
101 103
139 185
31 126
119 203
109 180
86 163
27 168
119 157
150 218
151 189
65 102
2 156
130 199
89 214
28 225
138 234
21 59
27 65
231 244
95 149
180 181
126 137
110 206
125 161
15 145
132 233
20 135
52 85
24 184
149 223
237 244
102 195
83 113
50 250
42 247
44 245
105 185
55 213
47 201
2 183
3 36
119 212
9 63
174 238
205 238
54 172
207 245
123 204
239 241
115 195
17 23
109 112
54 194
10 43
149 188
91 214
24 34
65 198
96 140
52 195
215 241
127 139
148 168
28 180
22 233
16 192
28 145
118 205
112 146
37 131
106 240
22 184
32 228
7 123
2 196
78 100
64 84
116 182
58 204
1 217
37 218
63 181
149 238
96 185
50 69
28 158
158 241
80 220
13 42
65 167
199 209
56 194
79 159
133 185
60 247
7 11
36 86
106 183
34 125
109 182
64 246
46 139
125 232
95 123
17 179
171 188
71 229
156 197
22 68
40 228
45 213
79 211
190 194
120 196
43 212
59 74
136 247
12 196
49 177
36 127
66 222
105 113
73 208
38 219
160 171
98 231
16 174
74 223
53 108
3 53
13 220
135 184
8 19
2 21
219 220
191 224
24 77
132 236
173 220
53 179
85 176
12 163
31 215
26 194
151 224
132 173
143 214
28 215
105 181
29 82
23 71
89 250
11 165
111 126
114 187
43 83
138 163
74 173
115 162
132 161
158 240
2 193
13 183
0 29
11 99
120 161
176 228
85 184
2 217
18 92
92 107
30 65
68 113
32 43
91 97
157 219
151 159
46 138
173 209
173 188
150 179
76 138
98 160
45 120
8 117
150 159
29 32
72 153
73 99
98 124
37 136
160 237
232 250
89 227
158 235
24 204
7 176
206 248
18 223
133 211
10 70
27 50
7 78
223 230
6 208
129 148
120 182
33 248
141 221
78 203
155 229
24 57
75 160
120 228
23 175
190 243
109 124
58 146
49 172
142 197
107 222
187 201
14 74
57 69
206 243
71 177
64 166
7 218
2 249
75 250
24 49
50 111
9 163
225 231
90 196
17 201
61 203
46 169
33 41
22 210
158 168
142 244
86 220
203 230
38 189
45 143
133 235
155 228
154 211
9 103
101 225
49 181
171 249
15 123
74 247
61 129
124 133
71 121
145 151
13 191
111 243
175 227
113 208
9 12
154 221
110 140
132 180
85 200
118 246
154 166
59 78
62 110
70 124
200 208
98 224
62 150
93 197
10 119
139 208
168 191
210 223
115 129
24 206
89 178
135 163
47 147
28 233
117 176
97 237
49 227
30 173
77 111
117 125
186 243
138 170
40 86
105 119
9 182
45 49
195 235
183 219
12 204
52 230
25 113
34 95
140 242
37 41
80 121
47 98
24 250
16 222
65 212
139 168
56 117
39 165
167 180
5 84
57 181
30 248
90 130
179 203
66 211
32 81
57 111
2 191
24 33
4 98
88 108
12 138
73 113
42 237
105 176
63 177
149 169
180 212
114 176
33 198
177 235
69 237
41 100
15 92
97 221
135 139
190 193
81 169
92 144
53 107
124 239
172 219
195 217
119 238
20 41
121 156
190 231
71 181
25 116
109 120
61 171
213 221
50 191
55 224
164 177
127 226
5 69
99 204
131 190
111 162
62 245
146 165
185 193
32 211
95 194
8 177
185 238
133 246
172 246
33 229
107 129
85 198
44 189
76 98
16 164
45 219
74 83
97 185
44 193
29 196
16 211
113 145
116 177
133 145
33 43
33 141
84 127
12 97
1 31
78 127
16 238
27 108
111 239
24 124
28 53
51 208
46 201
176 221
166 168
46 67
100 120
235 236
9 185
37 166
140 199
128 169
94 196
163 171
177 178
64 105
171 190
34 174
207 243
109 174
71 132
106 172
40 101
162 199
152 218
3 105
88 127
14 43
79 155
125 154
188 245
193 248
217 231
47 112
46 185
220 229
0 11
117 241
55 133
10 45
33 231
59 215
66 236
28 239
16 149
182 184
57 149
157 170
67 102
129 134
44 102
165 206
78 245
59 89
79 205
162 217
66 195
115 182
63 236
189 196
133 191
186 197
193 232
170 175
84 244
190 246
39 127
98 202
107 178
94 125
38 104
2 164
164 192
173 182
17 189
29 193
85 138
88 132
193 249
61 164
107 123
192 209
41 119
18 163
40 108
72 189
236 246
101 241
157 178
7 111
31 236
105 152
50 211
91 169
105 156
26 51
11 155
20 223
21 48
96 187
12 33
15 193
93 218
46 85
12 144
62 182
65 73
112 140
140 210
105 173
188 209
21 169
127 211
117 199
89 114
6 57
20 38
65 121
15 76
20 55
2 19
66 95
237 241
86 200
3 157
96 247
144 179
12 27
31 56
203 221
1 120
36 242
25 26
210 250
78 219
161 214
58 116
92 187
19 52
33 241
79 133
146 245
39 196
18 24
2 201
134 223
136 208
17 79
25 27
6 110
50 139
3 170
230 245
143 204
12 193
18 115
109 231
160 176
102 222
38 133
149 218
34 101
44 113
172 201
118 156
68 97
95 139
84 113
114 131
74 144
52 222
4 119
200 236
24 132
12 164
78 187
9 42
69 132
148 212
73 228
5 49
143 162
177 188
145 234
137 144
120 239
92 164
133 139
110 128
118 141
25 194
109 221
131 237
105 248
13 88
30 130
77 214
168 243
144 176
202 249
98 150
110 201
101 167
130 134
83 94
31 92
73 127
211 239
13 82
3 28
27 155
111 244
17 38
84 108
72 219
14 23
46 62
59 249
138 172
63 174
4 130
73 241
59 231
144 171
47 207
3 192
86 102
12 13
39 206
8 151
157 233
29 121
168 177
65 215
207 217
11 76
18 107
191 234
113 197
134 144
117 209
51 227
42 165
68 132
113 235
149 248
44 162
150 166
144 189
43 105
75 140
60 141
80 170
188 215
34 155
13 49
214 245
171 236
32 216
34 236
5 195
29 212
221 231
131 235
30 38
87 184
52 66
34 44
183 250
90 109
25 82
65 81
29 192
79 181
30 192
188 224
208 209
29 100
71 187
201 235
116 222
68 156
29 117
72 149
69 139
38 81
27 69
179 181
93 127
10 111
57 227
15 55
19 238
71 210
48 59
148 235
83 217
66 223
23 227
133 136
172 198
10 190
212 219
39 246
19 81
32 50
16 122
10 124
163 182
2 129
34 135
82 187
56 59
143 174
48 174
21 86
2 115
58 236
134 233
134 147
42 110
74 157
123 141
55 134
155 188
31 70
114 128
131 207
176 179
60 207
145 247
88 219
52 204
21 191
85 196
182 229
48 131
95 188
183 245
131 136
99 248
231 232
75 193
45 59
61 210
157 246
113 228
50 109
114 213
192 241
15 156
132 186
37 216
93 240
78 199
35 180
173 176
156 249
83 141
107 130
98 101
80 102
163 180
92 225
20 98
0 197
42 218
62 243
57 249
45 199
148 238
67 246
158 198
37 211
20 188
30 113
15 99
18 118
20 35
104 126
65 127
75 226
92 134
71 219
2 116
2 59
3 100
13 209
19 116
108 124
51 131
79 101
60 74
72 75
38 45
45 60
43 110
101 212
67 164
55 214
163 187
67 112
21 123
31 121
37 133
133 192
55 64
36 133
128 194
34 90
6 214
131 223
154 245
47 99
10 26
23 60
102 250
158 219
94 160
20 198
3 120
72 136
119 125
200 209
24 63
21 43
165 201
8 219
25 64
22 218
165 186
184 228
140 145
131 142
103 230
47 113
214 250
11 72
48 164
127 238
138 174
29 197
108 133
87 110
91 177
81 100
48 231
149 224
12 98
130 149
56 85
22 134
125 164
72 201
75 196
162 202
121 234
69 250
19 46
152 177
134 160
58 121
80 189
13 204
103 110
118 230
135 165
14 172
10 28
2 219
147 187
8 142
85 195
52 111
172 184
124 178
4 103
104 237
24 90
13 41
78 130
64 121
32 118
136 157
114 211
87 226
164 173
106 236
29 68
35 182
31 110
63 124
80 217
80 161
126 174
84 205
7 21
116 201
130 217
62 100
105 216
154 168
192 227
108 151
41 245
121 217
6 14
94 227
108 152
196 214
15 54
43 131
46 88
37 189
172 196
38 135
189 234
47 180
138 183
69 200
30 242
197 239
39 103
143 206
170 214
89 140
6 112
46 237
5 30
101 168
29 152
34 81
21 38
12 177
67 148
110 244
17 216
64 146
88 179
83 89
154 239
80 173
75 143
97 117
120 211
175 210
49 246
96 236
54 78
58 241
73 216
137 198
19 219
92 196
68 175
125 182
95 118
20 72
24 207
42 185
27 214
51 232
31 249
225 243
97 212
84 96
2 105
161 189
28 216
35 226
63 150
74 192
55 137
3 132
12 130
27 210
170 189
33 219
69 81
72 187
88 242
45 229
42 159
84 194
65 107
224 240
140 235
199 202
12 134
181 186
38 243
138 223
13 86
132 200
35 173
163 241
80 90
22 114
45 183
130 182
7 99
160 200
66 183
85 226
16 74
83 211
68 193
150 233
60 179
112 120
53 89
59 137
18 171
29 205
86 171
10 102
22 191
79 143
23 130
59 82
38 51
42 91
111 161
57 66
89 125
47 61
13 101
12 133
18 208
166 212
102 236
34 188
6 97
110 173
109 159
189 194
8 139
58 92
4 153
30 221
90 107
91 140
41 134
9 184
103 211
29 167
148 183
11 86
153 194
56 73
46 234
61 123
202 245
123 169
24 29
23 224
154 220
160 193
119 173
26 69
33 131
114 160
32 108
145 154
64 96
7 151
99 136
202 208
128 210
56 162
82 198
154 160
31 131
56 79
180 217
33 209
126 149
50 81
109 224
6 84
150 198
134 174
127 188
2 211
182 189
22 29
108 201
83 203
65 237
13 149
16 130
17 49
102 166
71 206
108 130
22 129
23 140
14 88
62 162
20 54
138 215
20 144
63 65
173 222
107 239
186 218
30 123
94 139
71 109
225 226
112 203
63 244
203 210
24 242
7 136
25 97
58 106
12 205
13 106
87 242
54 62
15 176
102 127
113 146
102 122
99 162
59 131
23 35
53 115
74 106
75 163
133 221
1 69
177 201
40 220
48 73
132 143
57 226
107 181
74 110
118 221
171 229
181 203
5 186
95 182
189 218
12 241
41 61
76 154
28 45
69 122
129 140
36 187
194 235
189 208
7 162
109 148
88 186
1 106
78 103
24 232
43 221
160 221
60 161
18 126
78 155
50 148
15 33
37 248
174 207
62 132
53 183
110 196
74 76
81 159
15 207
99 101
42 50
4 218
84 218
105 166
86 114
46 146
141 217
68 247
57 211
34 159
28 208
192 214
122 219
37 159
51 104
115 133
50 198
123 234
171 197
32 87
92 219
121 177
49 234
150 192
53 151
117 207
55 174
6 56
13 85
52 117
74 198
127 220
111 113
159 218
231 248
154 210
39 162
49 250
221 224
86 191
43 230
64 71
93 214
112 168
182 208
39 69
2 8
186 237
13 119
13 91
42 221
35 185
25 221
22 85
13 181
13 109
112 132
46 163
21 98
31 221
41 115
15 78
204 212
151 247
72 206
132 175
16 57
167 240
117 158
50 104
88 159
7 237
32 72
0 196
38 65
63 120
106 206
1 110
47 172
25 217
59 218
131 216
54 96
118 214
143 248
159 233
26 133
75 84
24 249
20 101
60 65
69 238
80 241
125 203
61 68
115 194
154 217
1 226
53 145
148 191
65 197
44 199
116 225
44 122
6 134
96 219
41 217
46 63
192 246
57 221
75 103
40 112
51 229
148 241
33 116
89 130
150 197
10 103
3 129
81 179
91 114
63 247
19 183
168 215
48 206
76 144
5 151
48 244
7 28
113 221
101 150
42 128
59 175
70 118
2 36
8 114
100 172
61 162
178 184
143 148
26 198
159 230
106 238
71 207
119 176
37 130
57 141
47 153
40 216
35 126
96 113
86 128
188 195
23 145
215 231
112 234
74 136
17 173
130 165
30 60
5 227
138 167
127 151
104 131
72 93
111 207
23 144
11 239
52 145
176 194
88 149
95 211
148 217
83 169
55 182
27 46
224 242
98 243
88 137
7 156
201 230
37 144
22 174
166 172
20 79
44 174
4 41
13 238
40 174
33 148
16 221
12 225
125 249
87 196
168 199
81 104
60 193
205 222
135 144
16 66
140 146
143 229
150 225
184 187
70 242
90 180
20 75
1 10
45 90
96 186
171 227
117 155
24 26
69 91
190 233
85 95
22 234
82 226
95 191
137 248
145 191
129 250
29 44
23 49
38 154
33 233
58 205
111 157
138 217
65 137
8 179
96 239
69 231
172 208
102 224
43 61
200 231
137 247
28 85
73 219
22 205
55 161
25 117
146 243
47 218
211 245
70 200
58 201
13 171
121 124
8 167
42 213
141 250
61 91
25 222
30 48
140 236
93 165
4 140
47 125
30 171
65 232
77 227
26 86
181 209
126 229
34 194
194 217
40 233
16 162
68 226
97 228
0 151
96 238
104 146
65 217
10 230
13 223
115 150
152 154
32 49
101 201
80 176
108 119
177 184
16 147
65 126
31 248
165 187
24 64
8 64
178 227
19 193
37 146
14 37
11 220
132 217
88 185
89 229
146 196
147 229
23 136
39 231
118 151
128 212
139 160
222 246
22 44
104 203
3 197
181 205
18 215
5 46
142 194
244 250
90 188
13 104
18 201
60 100
169 248
169 190
26 118
32 143
16 50
91 202
131 213
20 128
33 72
64 242
160 215
14 71
30 228
43 81
2 141
58 179
56 159
2 128
14 187
25 225
131 203
31 150
13 194
162 163
129 190
66 86
75 162
164 194
214 227
57 92
29 69
155 164
52 65
39 243
32 71
89 175
38 79
48 103
25 151
71 196
73 161
102 154
112 149
23 57
44 91
200 249
8 144
173 218
187 219
230 232
62 193
126 250
32 250
78 175
110 174
91 159
48 201
74 171
51 130
95 119
87 107
126 205
133 156
27 207
55 140
186 231
88 97
157 165
16 186
145 223
8 211
17 54
30 223
62 112
99 221
46 144
58 117
89 177
143 208
71 211
18 44
143 197
186 249
18 222
139 199
94 224
58 173
56 71
84 228
4 31
63 112
115 122
2 135
113 133
95 154
138 165
129 224
47 185
105 125
66 115
39 155
54 198
7 186
134 239
116 241
20 148
0 194
196 201
192 238
127 144
29 237
57 200
119 229
83 225
230 233
210 245
63 102
214 221
6 239
97 143
41 142
23 100
54 218
200 232
28 74
113 128
30 74
49 64
120 226
129 132
207 208
31 129
84 192
208 231
180 191
34 42
64 76
47 176
232 248
67 145
16 101
96 189
77 199
91 144
123 218
116 178
65 148
176 236
199 200
131 212
97 174
3 186
18 43
17 205
116 122
18 45
5 218
80 106
0 126
54 106
106 248
55 85
95 124
164 248
115 128
102 216
38 206
130 216
46 125
17 127
23 200
147 241
109 214
25 68
198 247
66 107
67 128
25 214
15 178
23 90
152 185
141 173
193 213
53 229
90 239
79 164
67 153
34 158
96 99
80 232
52 96
102 125
107 117
29 111
48 96
130 242
114 250
210 239
42 164
155 192
158 196
33 138
101 108
86 235
3 249
111 221
8 62
27 208
142 181
168 218
87 212
40 42
127 212
150 246
54 91
81 138
145 185
15 133
20 83
2 25
19 152
158 215
13 98
170 223
73 82
107 138
188 249
65 140
13 148
151 180
1 136
95 196
65 245
63 220
66 178
92 152
104 169
76 249
126 248
165 213
151 223
117 180
28 163
118 145
190 192
145 196
50 145
168 245
125 184
3 130
160 168
136 234
76 167
105 162
35 61
35 57
140 230
15 88
128 246
33 112
61 174
91 194
152 210
62 209
107 231
69 220
102 201
40 64
161 223
54 84
27 136
102 135
13 64
178 226
4 133
59 165
154 162
2 203
57 116
56 188
206 236
4 242
62 196
27 164
32 98
1 11
108 168
60 190
5 94
23 232
82 104
26 36
138 155
161 198
41 120
88 196
108 131
173 216
170 186
108 116
208 221
106 156
175 190
84 235
70 163
3 27
227 248
27 236
40 132
125 137
32 243
25 157
37 70
21 120
87 220
85 104
10 32
50 242
17 60
71 157
177 224
26 119
25 65
105 127
85 107
94 239
5 25
100 232
131 185
49 230
14 60
194 234
118 134
111 248
71 105
28 159
133 153
55 63
58 211
2 117
71 236
177 246
102 148
100 226
66 119
5 37
49 151
78 98
34 185
83 246
11 235
54 55
197 231
192 225
47 238
81 146
159 198
43 53
10 15
45 68
216 227
57 173
190 250
163 235
162 190
205 210
134 152
102 206
7 130
11 144
90 172
121 122
18 23
58 103
150 183
20 167
25 119
49 122
20 33
41 85
108 180
84 112
17 61
139 217
0 98
14 222
45 95
49 67
63 184
92 138
172 199
108 176
148 196
4 70
89 107
42 244
119 236
79 245
70 227
148 181
146 179
137 185
158 183
43 107
146 178
216 220
161 233
13 202
26 212
229 249
12 90
23 59
213 222
13 185
22 80
19 128
186 214
82 85
9 82
39 131
77 187
60 128
42 82
27 163
41 116
12 111
6 225
150 239
239 242
10 142
2 113
71 201
1 130
64 65
21 234
102 116
182 183
164 226
3 60
131 217
19 122
165 241
93 221
44 133
17 82
20 227
18 91
218 250
181 185
56 106
32 110
103 160
44 155
78 221
57 195
76 152
20 207
110 145
72 117
205 232
115 144
184 232
9 214
61 218
109 164
129 217
0 145
179 235
169 249
65 108
239 249
105 177
173 231
216 230
220 245
30 42
158 239
58 242
140 202
41 69
83 190
58 244
35 215
71 161
115 231
87 112
58 77
151 239
105 202
28 144
17 235
200 238
147 164
5 101
9 193
43 208
50 88
48 160
22 96
131 179
1 135
134 201
160 166
159 200
108 138
1 34
111 247
61 228
31 57
202 212
103 191
77 100
21 84
109 239
185 229
124 209
37 168
133 238
22 229
57 172
95 163
86 130
28 189
34 199
26 155
140 226
123 193
164 180
115 120
155 249
125 214
157 208
33 232
40 188
124 128
82 228
53 69
96 104
74 96
43 118
47 211
175 218
39 141
146 224
73 87
94 98
99 188
194 246
139 247
94 192
156 225
40 129
107 153
40 60
136 146
74 229
36 58
81 162
40 219
48 170
78 114
47 48
52 136
56 233
32 247
22 91
116 187
44 116
6 170
11 249
29 163
88 125
111 246
70 136
133 215
79 190
124 228
79 230
1 188
107 156
108 122
19 164
55 89
150 186
188 238
127 153
188 200
139 213
70 169
16 148
148 173
179 237
82 245
27 77
44 175
31 54
151 221
23 39
23 146
138 148
138 156
154 170
71 137
144 199
71 183
136 221
169 227
9 244
202 238
9 167
67 158
58 168
52 178
12 146
130 173
119 230
110 216
54 166
157 203
9 14
32 84
19 74
15 173
36 114
74 147
170 184
39 98
167 245
196 220
32 116
0 34
11 208
44 103
5 228
62 221
89 182
86 224
0 22
89 108
29 103
142 219
119 153
38 228
75 209
18 127
228 239
91 211
165 221
44 92
1 134
18 185
187 227
187 230
60 216
79 160
230 249
192 249
57 174
132 183
130 248
157 186
21 148
181 244
67 109
69 223
0 219
90 241
61 130
152 164
210 224
67 180
92 162
90 105
93 96
209 223
59 123
4 245
36 164
127 191
88 154
4 76
47 154
2 57
10 46
56 109
82 155
26 90
160 167
21 176
21 133
104 220
188 197
203 234
129 179
48 71
5 105
68 118
153 202
60 186
38 151
98 166
143 194
103 140
48 241
33 187
37 165
131 157
140 217
145 182
50 93
81 206
54 95
1 90
180 231
3 83
103 190
181 229
52 166
183 217
158 188
21 41
35 107
109 149
35 236
153 209
12 243
120 128
189 241
39 153
224 231
50 141
49 209
4 175
6 140
160 248
3 168
13 90
27 88
11 197
25 165
96 222
89 121
71 212
127 202
21 52
137 241
88 90
102 181
17 113
9 231
74 86
111 214
222 239
35 36
44 119
62 151
41 75
9 17
81 217
80 124
63 168
101 151
185 195
28 96
19 95
0 176
78 146
104 161
35 140
67 126
21 105
178 196
174 196
25 75
58 74
8 209
96 147
67 215
34 216
135 146
2 119
10 16
41 101
198 220
4 20
76 205
32 56
5 36
154 179
100 203
132 146
156 239
190 240
178 181
80 238
69 196
73 207
72 161
97 187
121 196
103 247
94 207
50 52
96 224
178 244
121 236
30 161
9 64
13 46
65 243
32 117
70 205
48 119
166 223
156 211
32 170
88 227
37 240
88 229
83 160
73 75
4 26
154 224
103 151
86 186
23 218
70 156
87 122
88 165
149 172
88 249
129 249
10 199
23 148
7 79
47 203
55 66
75 169
204 205
20 39
24 93
19 211
147 235
57 64
54 128
90 114
6 17
61 213
47 55
40 48
91 182
133 171
46 51
75 198
82 174
109 249
140 239
28 64
115 230
75 190
123 149
162 247
38 241
107 209
106 241
129 154
91 203
27 122
149 209
26 85
26 74
68 89
19 130
61 76
57 142
149 187
67 198
145 169
149 204
30 204
112 180
87 154
115 167
66 207
134 236
110 136
221 230
63 78
76 216
9 232
44 73
143 202
59 90
96 207
133 146
54 151
57 134
124 161
95 152
25 135
122 147
89 103
16 82
42 214
138 220
23 164
77 244
110 153
229 244
38 155
165 178
37 102
79 231
36 70
53 158
0 75
181 188
52 119
147 230
17 182
40 109
9 30
0 19
6 219
5 149
25 90
17 20
5 181
179 219
31 178
73 145
105 139
92 180
22 221
32 181
196 242
28 107
153 169
84 173
37 234
32 209
37 61
164 176
64 181
50 217
42 90
81 172
42 225
100 234
65 224
230 248
164 200
67 143
33 53
3 82
69 105
122 195
5 104
75 238
106 226
70 131
78 88
31 241
21 183
75 129
173 201
96 230
101 199
95 179
15 68
205 240
196 206
142 164
205 218
9 62
57 175
40 135
190 225
5 82
18 65
180 219
44 105
6 216
76 202
57 168
78 202
80 97
27 138
86 140
184 224
106 138
38 233
76 215
77 113
15 91
59 62
218 226
248 250
65 89
140 183
24 186
65 229
152 205
107 164
167 210
117 208
171 222
41 140
25 167
38 134
196 225
11 75
46 129
87 151
173 196
140 203
7 75
74 239
13 50
30 81
101 164
78 198
6 123
134 143
38 56
90 183
81 82
54 97
55 201
201 211
39 180
9 95
209 246
3 37
40 246
94 123
23 139
10 219
92 234
86 113
92 201
105 215
18 120
176 224
1 178
139 189
122 149
77 179
89 199
202 217
57 240
74 152
54 216
99 211
114 180
183 207
33 56
102 126
103 206
31 102
159 175
4 122
105 191
63 196
6 167
151 183
190 218
113 134
56 116
176 238
43 138
104 172
89 155
59 212
7 147
106 119
79 127
21 182
24 214
127 192
142 221
171 220
12 230
48 126
107 154
209 219
58 100
35 160
133 200
96 162
142 229
98 203
94 113
48 173
85 182
114 220
149 230
24 165
3 198
90 223
34 164
86 174
40 206
104 190
73 220
151 207
101 242
225 244
25 101
181 238
62 234
51 195
101 125
86 150
120 181
80 221
48 208
194 222
78 147
9 171
109 202
133 175
119 151
56 147
70 117
108 234
32 138
56 155
10 184
35 151
106 114
40 55
128 134
76 82
163 205
129 185
129 225
61 151
56 201
63 215
225 228
29 156
118 224
120 122
41 77
42 226
50 204
81 157
122 225
126 197
0 208
209 240
168 178
58 105
52 122
96 191
53 73
8 42
85 193
77 188
97 233
117 223
62 248
76 108
26 143
64 85
71 155
50 225
184 193
34 206
56 196
13 232
20 173
52 203
179 196
35 156
53 199
72 101
47 182
104 134
19 175
77 126
174 232
20 218
76 237
9 142
95 122
166 215
35 171
164 168
159 194
26 71
205 227
108 206
68 137
119 231
19 127
165 209
2 63
30 215
54 75
222 224
55 98
112 250
8 41
93 119
52 242
22 240
93 202
50 241
82 154
37 73
35 85
156 204
87 150
90 242
40 177
194 218
52 80
41 211
90 123
74 175
65 125
109 189
30 193
52 225
35 73
149 152
38 102
128 129
121 245
69 92
49 88
6 181
73 140
116 239
100 106
54 236
189 224
10 116
12 147
93 149
119 130
71 152
226 250
6 129
7 238
53 219
19 166
41 168
8 129
33 191
45 89
0 212
45 174
37 186
174 223
14 120
64 88
7 33
75 88
21 141
8 217
145 190
6 172
43 88
40 56
155 172
106 180
136 159
81 176
183 190
7 240
3 162
39 63
3 7
77 248
154 169
60 250
172 230
80 142
15 169
73 81
2 177
41 213
52 212
158 172
104 213
62 211
48 60
89 200
59 149
90 230
56 82
163 228
212 250
122 181
17 226
86 161
25 192
15 65
121 192
192 206
31 164
118 235
25 33
0 201
30 93
89 234
23 151
43 48
70 233
114 146
66 232
2 148
161 194
143 172
71 103
48 187
89 149
69 175
26 250
99 185
5 102
44 240
16 37
173 204
44 123
23 237
81 151
97 234
15 17
3 121
202 228
166 229
140 174
112 159
153 183
60 185
38 166
26 165
4 241
156 184
159 242
118 170
80 209
22 241
214 234
52 93
180 238
68 155
103 125
149 243
46 106
143 241
160 203
144 210
62 125
75 202
151 193
97 222
227 247
18 157
113 237
6 138
53 79
6 105
140 196
72 124
95 176
50 105
49 226
93 189
144 235
132 247
35 202
14 110
9 146
98 176
1 96
96 204
146 235
68 242
51 166
60 199
1 105
57 244
57 224
34 114
1 22
155 187
70 201
42 141
98 155
188 189
42 177
4 27
22 183
21 249
23 147
141 215
51 249
75 228
1 165
20 95
73 95
7 40
79 165
110 155
147 194
126 209
41 43
108 143
220 246
29 48
152 228
133 187
99 173
164 167
66 169
61 169
82 83
37 50
196 238
56 171
52 61
1 97
181 246
136 179
34 200
68 177
219 242
43 182
41 247
224 247
83 248
88 213
77 241
47 229
40 76
214 218
91 163
104 218
71 230
64 217
178 209
3 68
137 152
86 214
41 89
137 187
26 234
31 165
22 155
1 176
72 204
35 49
166 240
96 197
138 224
7 160
36 124
51 141
141 172
73 132
4 59
29 58
92 124
89 116
145 225
121 207
18 135
139 216
89 170
51 114
111 114
58 79
47 79
34 45
216 245
1 60
27 158
87 127
122 137
144 172
70 95
16 230
99 250
42 101
48 149
161 243
16 166
23 87
59 232
43 71
70 71
59 166
38 52
64 128
36 128
58 123
23 121
34 217
27 217
40 125
75 227
57 151
57 87
0 191
21 158
84 158
36 59
54 64
88 189
7 114
107 121
37 97
3 94
79 91
96 201
134 181
66 217
176 184
128 167
102 161
132 182
0 132
90 158
64 108
4 188
0 99
14 176
0 93
1 155
43 69
5 61
97 141
158 189
88 205
120 154
50 107
223 231
114 157
89 196
106 207
147 219
42 203
105 165
78 213
33 178
21 198
35 220
23 192
10 168
129 166
1 161
18 203
7 92
63 82
232 237
179 198
63 103
47 95
117 139
9 191
149 227
20 221
18 85
25 177
122 217
201 234
55 154
22 207
43 112
93 137
71 245
102 217
16 97
115 234
64 133
217 230
39 138
21 40
144 202
27 212
23 206
184 227
94 112
94 226
73 165
187 205
18 190
148 150
59 146
187 223
39 137
195 227
30 89
68 94
81 170
64 148
134 195
111 227
2 16
68 249
98 114
40 114
27 33
223 242
72 154
107 208
128 163
8 56
57 72
19 119
78 79
161 235
47 209
61 196
79 178
104 247
157 227
157 223
102 186
203 225
59 202
131 206
7 106
12 212
101 222
112 135
128 138
9 129
78 244
70 167
54 244
56 169
172 177
191 242
10 20
15 240
35 65
49 124
18 62
56 129
86 205
62 131
30 201
203 245
31 152
10 157
13 52
32 60
153 227
39 117
111 142
157 194
220 243
18 142
80 155
0 222
130 160
18 112
74 189
43 91
194 224
103 141
121 157
2 5
15 238
210 230
41 206
40 130
112 134
140 184
151 199
202 221
102 160
26 73
115 250
122 169
21 58
120 123
29 146
58 233
123 139
54 159
14 152
70 123
167 168
56 184
14 171
88 158
16 83
71 175
178 193
194 205
47 174
6 144
30 126
16 80
167 200
52 245
108 205
24 131
50 108
20 181
24 89
11 129
43 244
41 112
16 88
78 134
65 181
77 232
91 110
7 172
34 68
15 244
6 28
193 207
75 121
70 82
38 176
12 153
43 87
151 213
75 137
17 191
120 176
11 80
50 142
86 95
36 197
185 219
80 171
117 191
186 206
142 198
180 210
107 185
73 112
43 62
59 143
19 107
150 215
156 178
39 91
11 113
202 231
65 129
155 226
184 198
177 243
59 66
102 177
134 171
236 240
132 246
29 99
7 42
107 190
95 205
92 204
95 178
6 201
189 190
107 219
138 241
91 212
113 210
83 228
215 240
42 94
94 198
21 150
12 137
117 195
118 182
96 130
18 230
135 247
57 103
79 153
19 235
89 237
137 197
210 216
200 221
98 195
96 98
32 242
146 234
126 249
66 214
16 34
56 87
32 231
56 205
40 191
78 229
98 174
202 222
177 227
101 139
60 94
97 152
78 190
97 208
208 214
42 219
43 242
112 187
76 182
122 209
41 80
95 103
158 208
109 135
103 214
11 187
165 203
149 174
26 68
9 200
91 172
83 230
139 167
27 89
75 176
27 62
64 70
224 238
44 148
96 119
81 186
65 164
89 124
62 201
102 162
133 223
47 227
40 166
1 162
102 188
74 160
40 214
131 147
12 239
189 232
8 193
29 211
191 192
73 154
89 236
69 203
10 42
85 214
29 45
104 117
39 163
147 209
96 121
61 102
110 147
164 166
174 224
55 244
39 200
184 213
32 161
68 160
98 199
47 222
102 172
117 135
48 118
16 245
53 122
93 192
204 241
5 238
64 142
148 190
20 48
86 212
9 70
86 159
113 187
130 163
203 242
46 70
33 237
190 213
93 198
6 76
99 151
110 234
24 203
32 97
22 213
42 167
106 108
233 240
63 225
199 225
116 227
139 197
96 223
121 137
113 198
154 213
132 222
135 161
147 225
62 99
149 208
22 130
89 91
186 241
3 48
147 195
198 206
84 234
42 127
13 81
76 242
52 200
94 109
5 122
47 219
53 187
205 206
19 137
170 244
43 76
214 228
167 171
28 237
32 246
0 139
47 90
200 237
27 98
47 75
146 164
39 205
138 250
220 230
66 197
41 173
2 20
32 54
19 237
60 155
36 140
27 206
18 69
27 119
49 131
124 204
93 249
71 149
107 215
220 248
56 93
85 204
86 162
38 82
38 142
43 169
85 249
42 99
186 191
53 188
91 141
192 226
31 202
71 244
116 236
63 239
25 51
32 91
33 70
191 205
17 25
0 73
78 216
55 246
69 191
38 185
98 151
39 85
12 125
65 139
89 205
87 188
10 65
16 129
101 128
146 149
54 90
166 206
96 118
185 198
49 232
4 19
191 237
171 180
186 250
74 127
70 245
13 241
78 169
19 65
38 103
195 209
61 87
14 17
50 168
116 195
44 157
128 197
50 222
200 242
176 206
177 231
173 179
10 138
204 240
44 182
20 147
87 227
139 178
103 217
24 118
184 185
3 167
203 241
120 212
63 249
30 35
107 177
31 125
110 175
85 197
17 232
81 147
3 109
63 127
32 100
124 163
48 161
85 220
103 169
46 100
93 102
171 187
160 185
135 152
59 84
126 224
93 145
33 114
51 214
6 243
146 173
82 122
80 181
6 90
142 234
54 170
16 175
183 221
100 178
188 191
126 231
13 167
27 104
41 131
106 210
127 128
39 164
127 170
39 217
142 232
113 118
113 120
26 138
122 150
47 160
111 182
111 119
211 216
35 162
169 208
15 177
79 98
149 160
200 234
51 88
52 83
38 173
99 153
33 134
56 68
56 160
6 131
36 94
27 118
72 114
157 199
72 184
95 186
150 249
46 65
69 157
55 232
64 125
83 234
42 175
95 148
38 192
25 227
97 197
52 147
172 232
96 115
146 239
37 179
97 123
107 248
59 157
6 30
35 248
84 146
238 244
109 245
117 212
122 187
18 50
130 201
76 248
78 209
194 228
16 81
10 243
121 243
130 139
66 69
18 165
25 245
46 120
120 177
77 196
30 78
144 192
83 189
146 183
90 236
78 223
158 206
86 101
178 219
45 159
59 192
121 204
140 224
79 152
0 77
54 209
93 108
170 243
7 69
67 104
110 123
34 38
49 119
50 101
12 240
194 208
108 113
45 184
40 95
84 129
74 107
139 186
3 240
52 217
30 47
104 176
46 102
103 216
0 53
110 172
179 183
66 157
29 62
55 132
227 231
38 116
143 196
198 223
169 216
158 192
13 141
7 207
51 207
135 148
2 238
5 109
45 195
113 205
112 136
34 82
32 174
12 191
193 210
13 94
37 207
4 44
131 178
110 156
43 176
211 243
10 30
64 221
51 138
31 175
33 181
110 197
98 221
46 72
57 234
33 91
21 85
157 193
52 133
16 209
94 238
89 141
2 179
47 119
12 32
14 124
29 134
10 131
149 180
33 124
31 218
106 151
11 231
202 224
6 139
54 141
87 231
29 230
31 90
16 207
80 91
22 26
84 188
102 214
75 188
17 168
50 133
99 137
95 175
20 106
127 189
22 127
35 119
1 172
160 230
68 189
146 202
162 205
174 208
7 155
172 193
60 192
1 16
80 184
66 226
199 240
9 59
79 177
4 246
29 222
197 223
186 205
45 76
59 167
10 106
14 224
86 183
123 166
103 223
60 122
115 127
132 168
63 222
150 217
10 122
196 217
57 208
24 140
152 248
81 110
99 212
107 193
50 214
93 124
23 101
132 181
40 104
14 76
50 238
3 135
93 227
21 82
200 250
121 208
210 235
125 231
230 238
128 243
92 244
111 165
189 217
29 214
7 70
66 84
173 183
60 97
219 248
69 185
80 182
55 151
123 238
89 183
102 103
95 201
14 230
146 247
7 88
5 42
33 164
23 58
42 242
75 138
38 150
165 174
233 243
32 229
101 163
22 152
168 244
109 126
36 139
69 199
32 146
96 193
42 108
75 106
32 58
34 173
122 230
26 37
165 242
193 244
58 91
27 242
32 182
165 222
141 249
51 87
184 234
189 215
228 237
83 133
22 31
75 246
164 207
54 131
126 201
39 183
168 214
169 178
40 115
73 147
117 246
15 74
2 146
6 191
19 204
140 234
219 244
6 192
122 212
44 222
117 175
85 137
80 172
46 157
146 225
96 120
23 61
119 146
53 121
27 234
54 129
98 127
2 49
69 97
240 248
16 87
38 109
10 128
64 198
188 240
10 118
8 176
12 37
10 246
114 174
75 111
36 123
158 171
42 55
5 192
72 141
24 86
108 182
31 190
115 222
31 98
51 110
4 167
106 218
60 82
123 170
106 179
137 229
166 200
4 176
52 138
164 195
69 245
0 189
165 205
84 241
38 123
59 250
63 200
12 159
39 213
125 163
176 214
155 210
144 223
27 176
183 243
1 13
73 79
136 167
55 177
2 107
158 242
25 182
48 115
55 228
92 168
156 162
78 132
96 244
47 63
87 190
85 146
54 171
183 232
132 187
23 207
75 79
134 240
85 150
17 66
6 45
59 110
102 249
174 228
176 230
2 178
83 104
156 166
1 167
66 80
169 211
93 162
60 220
78 181
9 211
119 228
4 219
51 59
48 245
161 232
12 121
21 32
142 143
81 248
103 135
76 214
49 89
180 220
0 44
31 84
52 73
8 52
9 83
160 186
64 149
77 127
84 90
175 219
197 211
136 173
98 168
139 235
69 189
4 105
65 194
102 211
86 219
117 133
3 99
31 166
82 244
23 53
49 118
107 234
66 191
105 223
197 227
109 175
34 197
223 233
136 227
33 165
98 219
28 151
114 235
125 149
34 130
45 92
18 80
30 165
91 149
4 186
6 136
25 145
103 205
40 240
52 198
4 194
27 225
5 56
186 213
74 221
187 234
41 227
16 171
73 185
56 216
62 121
48 180
124 248
38 140
81 202
82 96
2 111
17 162
86 135
67 150
186 202
82 237
109 117
0 178
21 161
125 229
49 180
37 193
55 204
163 199
68 194
227 236
75 153
26 102
66 144
40 145
17 55
43 207
59 132
67 98
171 214
72 115
216 243
44 124
22 202
2 220
158 195
94 175
57 207
4 72
28 77
44 110
13 233
82 190
12 151
19 125
106 124
144 152
70 74
135 182
19 223
121 220
49 61
15 137
27 48
41 237
54 126
24 229
140 148
189 223
138 160
229 245
59 227
70 196
210 240
91 242
18 153
230 236
160 226
1 56
111 181
75 214
32 220
114 130
48 92
11 248
24 36
83 112
140 172
89 131
79 248
159 235
126 171
163 242
159 177
46 66
201 231
82 84
153 159
170 171
100 160
95 207
68 191
10 220
109 133
104 233
240 247
156 200
121 227
58 135
1 102
28 139
138 171
64 177
175 224
47 145
78 118
222 226
131 180
159 222
119 237
163 176
154 230
28 174
1 179
12 172
179 249
8 68
15 192
22 100
62 85
129 184
172 242
76 183
79 114
165 190
33 64
120 223
44 55
72 197
45 243
90 154
84 116
102 190
49 241
20 235
64 103
115 146
83 153
2 94
3 72
28 193
104 152
49 200
42 166
114 182
94 181
44 249
107 173
40 245
25 99
156 215
106 166
173 244
42 188
217 224
241 245
91 102
99 135
223 250
101 146
133 237
5 86
28 170
35 183
137 196
75 107
146 191
126 213
112 163
69 180
61 77
68 166
52 74
41 239
128 186
155 243
102 194
148 160
205 215
41 81
84 145
32 73
147 211
111 199
149 177
9 100
40 94
171 178
20 176
128 201
37 90
45 193
119 132
57 63
103 187
49 128
1 67
41 47
25 239
166 201
3 14
46 236
52 175
103 136
169 197
2 160
69 164
105 226
10 231
150 242
76 90
176 223
88 177
35 77
221 226
90 146
30 174
172 191
67 154
21 224
20 127
7 225
81 142
5 44
98 165
7 250
1 18
125 192
21 165
65 234
26 211
32 140
207 238
15 117
102 130
29 172
43 90
124 162
10 67
15 140
57 225
217 227
60 67
15 79
166 209
146 246
189 195
67 125
70 212
26 164
42 236
51 111
94 208
155 232
44 183
119 239
81 84
74 224
28 209
54 215
114 215
74 180
198 250
51 102
12 232
158 165
17 239
174 227
107 169
153 213
42 138
50 110
214 223
61 84
101 107
151 160
38 162
50 207
21 73
35 184
37 86
29 70
31 75
68 91
69 179
33 40
98 104
44 213
183 240
114 183
22 246
82 207
0 68
162 186
53 156
248 249
24 209
224 234
106 147
111 163
19 114
109 225
148 220
49 197
22 149
143 203
219 240
116 130
108 128
86 122
4 213
23 28
92 194
165 230
133 210
106 112
57 222
20 107
109 194
19 230
92 96
29 140
136 243
54 110
19 163
83 125
30 61
5 213
109 230
25 104
41 215
135 240
122 123
77 83
92 232
66 201
45 124
88 200
25 235
153 242
0 118
103 235
117 197
69 136
31 158
139 161
148 155
118 227
98 99
8 225
119 178
119 206
39 80
155 216
84 238
110 205
171 205
42 129
42 103
96 233
28 248
49 205
206 234
11 118
53 75
127 195
90 212
123 164
123 188
62 94
41 160
119 244
9 168
124 142
43 60
65 77
72 118
85 165
4 69
77 130
9 189
11 46
29 150
101 249
4 239
60 158
52 244
126 187
24 170
12 22
55 153
74 218
30 172
155 209
150 193
4 184
15 56
122 162
164 174
81 153
162 228
142 243
39 99
61 70
122 216
138 144
163 234
49 185
205 216
119 235
62 108
120 236
174 217
2 159
1 243
235 247
54 229
21 92
95 138
42 151
0 231
131 148
14 184
73 156
169 233
83 105
151 168
161 242
162 249
1 133
146 237
49 135
85 156
109 156
8 106
127 234
180 228
137 236
68 139
209 210
66 247
9 26
135 199
194 249
98 123
172 186
150 168
213 237
35 115
32 202
44 89
90 100
110 133
30 145
205 225
86 105
57 194
158 184
0 43
138 199
125 224
25 208
27 115
92 126
100 219
9 105
183 211
111 238
48 135
122 156
77 137
39 170
81 115
151 206
213 224
130 219
83 126
69 215
98 237
53 136
139 141
49 245
19 42
164 187
66 210
77 132
20 29
103 153
68 164
73 179
91 181
51 89
35 214
87 101
19 28
22 206
160 177
3 12
86 131
113 183
61 202
18 161
26 117
144 247
115 207
112 210
18 73
109 171
11 126
119 175
179 246
126 170
46 202
26 50
27 109
122 142
35 110
8 122
24 106
207 234
143 191
17 142
24 27
172 209
96 217
21 173
10 248
48 193
151 241
129 239
113 124
14 190
72 236
4 56
47 56
0 110
11 59
140 247
195 250
46 220
69 224
31 196
21 193
22 232
161 203
11 30
40 205
243 248
111 206
6 21
33 78
242 250
16 132
120 142
138 202
36 97
48 168
77 166
105 246
6 100
145 209
147 155
115 151
117 118
29 236
74 131
110 204
75 199
68 86
161 239
61 142
156 228
4 101
111 236
38 237
15 48
116 242
3 127
34 209
11 175
62 123
4 204
13 126
37 139
64 215
58 125
11 60
125 201
135 153
141 189
63 158
31 235
22 250
125 157
15 243
187 200
93 109
62 241
187 217
67 184
16 31
133 162
74 105
164 223
113 194
29 64
2 155
112 170
10 18
17 181
39 148
3 216
30 131
38 191
1 52
81 181
30 157
14 182
66 128
18 192
220 250
71 96
67 191
74 89
30 95
19 242
52 84
94 148
24 216
179 234
50 208
90 205
34 186
220 221
35 190
42 222
34 167
203 239
94 231
97 98
50 172
3 75
14 86
56 153
16 182
135 205
160 194
38 126
94 179
5 242
74 114
53 78
24 78
50 173
3 243
142 162
61 224
0 46
112 224
184 218
112 113
148 185
34 106
41 57
149 213
158 225
43 50
88 145
36 162
41 63
2 199
71 178
170 187
11 196
88 202
26 158
226 239
72 77
60 205
91 192
134 206
55 94
71 163
24 197
37 79
21 231
54 237
44 177
117 201
108 222
116 155
1 193
100 206
92 129
46 180
63 71
21 80
64 120
11 198
213 233
157 250
173 226
102 128
49 129
6 205
125 245
141 161
30 250
56 236
120 178
45 241
160 222
21 130
80 249
64 235
116 163
137 232
11 132
88 106
35 198
205 230
1 15
218 230
18 22
136 207
38 235
31 246
159 184
20 90
53 249
39 139
208 250
36 82
102 121
14 30
47 142
3 116
16 29
133 217
67 101
16 73
192 215
105 242
83 231
18 158
216 225
71 176
41 136
139 234
110 157
122 165
105 204
50 221
123 209
45 226
45 240
18 248
31 195
29 143
72 208
61 71
83 134
127 163
25 47
41 221
86 124
77 118
9 199
14 102
74 128
115 124
96 144
59 248
70 197
69 211
156 165
81 203
75 87
234 250
19 226
27 124
10 187
54 228
55 180
34 36
88 212
21 168
28 200
8 15
11 160
44 95
170 203
73 226
36 81
123 160
68 115
135 218
138 228
16 49
120 240
17 91
62 237
8 124
185 225
195 213
79 130
70 248
42 88
53 182
22 148
144 208
96 226
22 81
0 63
91 190
178 180
157 232
20 238
58 110
152 168
52 224
194 213
59 205
85 225
2 99
187 225
23 244
6 126
38 75
123 199
143 207
106 162
66 209
57 140
47 157
111 160
22 54
171 191
68 206
65 154
15 187
58 214
98 220
22 58
198 239
24 156
102 149
194 225
83 208
25 159
24 194
107 113
167 184
85 208
34 219
32 93
51 105
71 139
191 210
24 243
40 126
17 84
48 50
17 233
18 71
82 205
110 245
203 214
144 190
52 82
21 147
221 233
28 152
17 154
118 245
89 144
47 118
55 170
57 104
107 199
110 235
69 143
38 229
15 80
112 209
184 241
124 170
109 222
24 71
63 223
163 222
82 224
150 206
140 228
137 223
38 223
117 171
71 123
96 169
118 210
71 174
62 88
66 205
72 203
204 209
16 236
110 135
106 160
134 186
171 215
9 134
104 157
68 85
21 203
73 131
182 241
151 232
26 33
112 227
16 201
187 193
2 66
172 220
213 223
54 167
134 208
98 207
39 76
80 92
25 111
180 211
78 172
95 143
57 88
161 247
10 73
3 103
28 75
3 220
19 240
23 112
137 162
115 147
231 243
128 233
38 59
65 100
83 106
49 146
47 136
53 81
43 68
96 164
81 212
99 145
17 42
17 37
90 245
89 161
91 101
133 228
14 218
7 211
26 98
44 237
122 240
91 136
63 132
38 106
3 187
175 234
27 131
168 247
122 146
3 225
151 245
69 140
94 96
85 100
145 170
102 114
121 201
22 42
136 140
43 140
187 224
8 45
4 197
119 179
129 138
141 244
20 205
185 196
88 89
60 151
103 200
203 215
3 128
4 198
107 235
163 215
135 228
42 202
66 221
91 154
29 33
11 45
50 68
41 200
56 179
61 212
137 211
72 90
72 250
108 172
8 23
28 68
73 93
46 189
136 205
54 191
79 89
31 225
6 10
67 211
103 175
97 183
48 74
12 142
27 173
134 191
66 218
14 181
6 158
146 180
1 186
48 112
32 248
129 207
90 218
141 233
87 149
51 62
40 92
162 175
22 60
174 214
61 158
26 249
54 156
44 146
20 100
67 201
102 147
28 57
51 57
8 202
7 169
63 240
1 116
12 226
68 215
101 221
68 208
39 223
7 242
25 120
102 124
23 243
150 173
161 225
105 137
99 118
128 219
101 179
155 207
170 181
139 158
28 169
104 231
41 158
31 168
161 170
112 165
59 216
77 85
76 83
21 118
18 20
25 205
138 198
89 159
13 121
24 98
94 248
9 223
19 202
120 219
185 187
72 212
95 105
58 213
36 42
48 222
78 122
42 112
69 198
192 230
60 188
74 231
126 132
26 126
47 206
26 132
106 237
4 189
14 167
129 177
101 133
100 104
18 90
204 226
106 120
191 249
76 88
28 130
93 171
78 91
19 84
103 197
33 62
147 170
207 224
55 185
7 50
7 103
174 235
5 150
134 138
131 198
30 164
221 245
56 187
168 239
122 180
72 176
101 226
105 130
13 92
91 96
157 172
114 145
27 96
104 191
151 243
12 17
70 250
103 249
139 214
29 50
26 178
116 238
39 233
102 151
56 126
36 244
77 181
22 50
88 172
152 195
123 131
201 216
113 177
172 224
34 65
52 208
128 172
56 178
61 178
95 210
55 152
70 186
24 150
58 119
45 197
148 170
38 48
162 226
132 194
65 151
193 202
21 132
83 166
22 203
66 212
75 108
63 141
33 179
117 141
32 240
154 171
226 245
151 156
137 188
57 91
135 213
57 118
25 238
109 177
74 211
102 139
145 226
22 248
158 234
16 183
25 45
118 146
110 215
8 38
80 156
190 217
90 131
32 156
99 249
20 249
102 205
163 210
49 168
115 183
16 32
46 107
67 249
124 153
103 182
51 134
234 240
105 213
2 90
84 94
193 247
55 250
152 241
29 126
7 84
99 107
43 103
45 54
35 130
98 121
75 99
18 246
159 174
209 248
12 112
129 197
130 214
77 193
110 214
170 173
25 39
11 35
164 183
3 217
37 59
29 210
116 146
221 223
210 215
144 149
217 246
39 235
0 52
136 174
49 237
88 111
113 233
77 231
82 129
111 222
23 118
16 141
124 203
179 226
37 219
131 194
217 239
92 97
38 138
41 181
73 97
92 239
47 84
131 174
61 207
68 136
5 165
30 137
2 195
113 136
36 235
12 79
133 212
196 236
59 134
161 205
76 232
46 197
24 172
85 132
147 160
70 171
126 190
6 248
153 185
3 200
139 187
82 191
223 239
74 121
117 231
100 109
225 237
88 138
19 199
111 155
88 244
64 201
25 186
0 91
93 97
5 132
0 80
95 203
111 136
43 57
154 202
69 165
68 201
29 224
12 203
180 193
116 244
103 130
68 225
105 192
67 149
130 222
97 177
18 213
74 78
104 177
99 138
126 178
90 150
17 94
149 199
28 230
106 184
129 228
46 196
41 161
106 239
26 91
27 71
79 154
107 134
165 195
47 62
16 119
31 206
85 227
124 205
21 240
35 55
54 150
18 77
110 212
67 193
121 242
76 84
27 199
48 186
127 231
190 229
33 113
115 192
66 187
152 246
39 201
22 144
149 163
77 95
20 116
41 127
156 189
0 40
228 233
122 132
28 196
139 202
57 143
85 186
75 179
66 240
122 145
3 69
127 248
108 157
107 111
101 131
3 175
126 206
80 107
91 99
100 185
106 195
32 165
114 219
36 48
170 232
63 206
17 106
33 244
133 141
99 220
20 240
9 234
161 177
19 236
24 152
76 168
174 179
104 120
2 32
198 226
16 45
24 133
13 124
139 151
59 201
95 183
139 204
187 190
34 177
13 206
105 170
133 182
14 208
126 247
130 188
125 167
62 72
38 44
13 14
25 126
4 180
140 193
20 58
73 180
29 202
74 91
21 77
2 103
112 169
12 109
159 248
21 53
142 176
33 90
35 76
206 240
88 122
61 230
64 99
103 228
12 70
1 76
25 133
60 197
171 238
5 191
35 40
13 144
134 224
2 4
65 93
15 235
143 239
0 224
69 187
152 202
99 215
38 73
79 176
22 237
140 150
113 169
111 140
66 120
38 124
61 206
39 73
72 79
194 242
5 210
89 246
51 124
82 97
13 78
207 247
68 210
105 146
14 95
60 139
67 70
45 235
1 250
71 144
63 187
68 103
8 132
160 218
99 121
102 108
88 192
18 38
132 141
34 128
47 144
42 113
50 185
97 168
37 230
23 239
97 217
85 99
35 219
40 231
21 69
31 220
91 199
110 143
101 134
110 163
18 52
12 200
2 198
185 186
12 35
46 228
18 96
169 205
76 139
57 247
7 131
197 214
72 174
96 220
87 147
3 45
19 170
10 40
9 175
124 218
13 72
17 190
33 199
55 223
18 35
103 122
21 115
77 185
128 170
81 118
3 19
99 203
121 131
64 210
3 43
41 219
56 224
44 217
18 176
71 213
47 107
5 134
56 132
126 182
115 199
48 67
31 139
202 218
14 147
73 248
29 57
22 41
3 188
18 164
95 165
61 225
4 24
149 178
127 232
156 209
45 97
75 235
39 226
93 106
80 118
60 180
59 161
159 219
23 162
70 105
132 172
141 166
94 134
72 128
186 230
14 51
82 151
154 227
98 115
131 197
77 175
62 126
111 194
7 51
41 248
172 182
77 129
43 183
181 194
150 189
110 241
156 208
92 127
136 244
12 123
11 222
163 174
78 232
29 75
132 134
189 207
30 44
65 82
216 235
4 110
23 191
50 216
22 204
86 242
187 232
57 167
13 45
11 44
77 172
81 196
184 202
33 236
144 146
38 159
184 204
159 202
128 150
229 246
131 227
6 50
82 218
101 148
88 187
14 165
172 192
131 239
160 231
128 226
50 120
36 71
28 50
45 155
129 244
84 137
146 189
37 197
98 209
123 203
40 173
172 176
151 178
55 198
31 55
14 57
149 153
63 157
188 247
132 196
50 179
9 230
147 202
60 108
190 238
107 170
67 167
105 206
87 139
73 74
158 236
70 217
18 180
46 77
5 72
92 140
20 104
23 134
238 249
39 74
125 144
32 147
12 115
145 249
93 216
125 141
12 14
14 203
199 206
41 241
198 233
47 189
22 38
83 192
33 96
1 227
193 221
74 213
112 119
41 84
80 117
163 243
52 177
41 166
81 129
103 248
14 186
119 195
109 220
95 111
1 190
58 72
72 123
199 232
114 186
101 155
91 113
113 238
149 165
159 208
11 37
72 200
45 157
64 115
145 207
143 156
18 30
12 210
163 184
98 229
65 242
169 170
108 135
80 157
12 65
194 250
2 93
92 197
44 248
105 218
17 145
0 152
205 246
21 179
138 192
76 86
100 242
108 214
44 220
169 224
180 230
16 151
68 96
143 217
195 241
72 231
25 193
94 102
117 250
15 94
190 210
81 119
243 250
64 199
97 140
9 212
159 173
38 214
223 228
63 114
176 229
7 43
93 181
39 60
51 231
148 167
40 175
212 234
89 189
14 188
14 207
102 132
81 214
171 186
3 8
107 186
45 210
104 149
159 249
104 119
150 180
137 174
16 117
168 198
12 61
28 98
5 118
176 239
59 138
116 132
54 59
42 54
109 247
74 104
185 208
210 243
92 111
22 228
106 234
14 191
102 203
69 202
167 175
25 105
116 246
45 112
161 213
97 211
178 238
206 218
15 159
1 249
26 48
61 211
0 83
89 223
128 208
130 169
87 213
134 234
47 105
63 197
8 154
42 235
103 171
117 143
99 105
40 239
193 237
86 144
142 216
53 163
82 235
27 229
38 203
96 103
124 134
5 108
96 173
145 198
20 109
1 223
23 197
83 250
17 36
26 39
129 168
17 248
181 191
135 159
169 209
86 107
71 171
51 99
198 199
94 142
189 238
25 185
203 232
209 228
9 48
132 212
88 203
130 144
46 182
204 242
87 146
25 249
56 144
62 180
51 61
57 204
69 127
89 142
39 204
196 198
137 200
95 171
95 161
23 76
152 183
105 154
55 188
157 187
8 198
62 216
63 173
94 237
5 175
36 161
28 39
130 232
164 189
108 238
19 167
12 216
175 232
158 182
2 60
97 186
21 233
3 181
75 104
114 189
88 191
73 181
54 177
9 246
97 192
1 65
13 20
41 148
159 160
82 139
183 246
88 91
170 238
158 186
36 212
25 61
25 124
16 163
96 237
8 26
192 197
166 174
127 209
45 138
71 107
82 142
146 167
90 199
101 191
21 71
132 211
104 159
44 45
36 69
42 234
115 175
76 79
148 242
70 119
39 219
60 167
60 241
30 213
80 229
109 157
53 228
29 66
14 195
124 181
17 110
218 229
27 105
5 16
117 240
228 245
53 56
54 189
90 187
72 111
7 152
218 235
3 96
171 189
2 176
106 235
122 163
59 80
182 210
114 135
106 118
122 207
13 76
103 210
83 180
48 162
179 228
67 103
54 197
9 60
142 205
176 244
155 195
11 174
160 190
6 26
18 236
70 93
131 241
206 245
181 214
36 176
119 181
113 114
29 42
109 204
63 107
31 194
162 168
195 214
80 215
99 219
36 198
71 120
29 59
95 144
13 172
11 131
122 235
39 161
54 108
31 104
178 221
149 182
110 242
104 170
154 215
56 103
70 249
5 75
36 44
140 144
77 216
15 146
88 117
200 245
50 146
41 76
42 79
43 192
185 189
109 172
83 165
41 145
100 212
83 182
70 230
91 209
98 103
182 195
143 153
172 223
58 154
27 132
37 142
213 234
221 249
118 187
38 242
23 94
165 180
75 223
114 116
130 215
25 28
40 66
65 190
55 136
132 159
19 87
124 221
56 154
46 239
17 209
76 163
13 208
150 153
13 186
172 243
29 201
65 205
5 144
135 236
10 50
13 70
65 157
97 157
54 220
10 152
60 248
47 54
155 168
42 71
85 91
37 74
74 166
142 238
27 121
42 161
17 41
15 222
164 229
121 203
63 147
141 243
29 63
40 230
186 236
50 182
78 126
126 144
20 187
55 225
1 40
23 159
23 81
180 189
77 200
185 222
100 216
40 180
57 214
158 250
142 223
159 170
69 190
103 241
193 220
82 123
90 120
122 175
16 17
29 216
10 24
14 130
156 183
24 130
26 96
164 237
53 162
186 211
83 232
60 230
8 20
24 189
67 185
1 229
129 176
105 195
41 157
2 46
74 135
193 211
146 147
72 230
116 181
180 221
32 57
135 173
75 154
43 145
23 222
93 98
107 242
110 208
209 216
87 117
192 231
67 108
34 60
88 150
158 237
14 33
164 222
40 47
16 85
125 174
87 198
24 101
103 245
160 178
179 222
162 221
94 225
133 208
37 203
1 79
32 42
31 113
116 152
52 239
164 247
238 250
214 233
107 124
29 72
34 237
25 141
8 113
15 211
180 190
163 213
39 208
145 165
90 121
19 132
54 234
0 7
102 185
60 202
86 216
147 247
9 81
90 145
218 239
20 43
36 219
195 197
200 210
49 58
84 142
131 201
16 26
64 66
9 139
82 150
148 223
67 217
57 232
66 81
23 155
106 171
9 11
46 87
32 41
67 208
116 204
126 129
84 119
66 74
192 208
118 192
75 146
41 70
0 129
37 145
222 238
34 178
127 208
132 234
154 250
79 148
13 200
158 220
101 153
80 224
20 169
69 84
3 4
217 219
139 166
174 243
12 52
215 229
118 217
158 161
95 145
37 109
64 100
16 59
38 40
49 132
0 205
67 238
80 109
59 179
198 222
40 103
14 82
123 197
68 130
119 155
192 240
178 205
93 136
82 135
35 59
88 180
0 65
11 31
128 249
50 87
33 170
63 117
43 172
92 198
92 207
139 165
89 153
30 227
4 191
76 151
3 131
171 235
64 94
70 208
76 105
131 242
81 237
49 144
169 176
160 223
105 249
6 15
77 240
119 245
151 235
94 186
124 187
100 224
238 247
39 245
51 129
74 220
61 148
162 224
6 75
39 193
167 209
58 227
85 111
198 224
12 30
38 211
78 248
25 220
61 234
53 208
30 152
177 241
29 135
18 132
132 151
123 216
48 181
102 196
184 249
89 210
32 193
191 204
50 92
62 198
85 207
41 125
217 223
27 220
106 158
75 94
38 208
60 126
25 212
135 170
68 183
66 181
83 207
90 189
65 146
5 74
11 22
187 237
0 192
62 136
40 247
11 209
83 102
73 92
8 72
185 234
19 139
48 249
124 141
173 214
58 183
67 237
80 168
185 212
59 142
127 200
19 67
12 190
8 248
55 216
0 200
113 179
33 217
2 35
141 206
50 163
19 85
76 124
97 163
52 94
25 149
48 157
58 191
104 195
17 150
217 250
156 158
22 110
86 164
70 134
69 121
116 169
29 113
17 129
7 168
150 222
168 211
63 194
80 166
161 219
6 79
53 207
92 135
91 200
7 68
32 69
15 186
151 233
90 122
7 208
10 183
119 127
20 236
77 177
37 39
153 171
179 202
69 218
134 169
24 181
153 238
7 158
113 162
119 199
28 35
45 191
168 194
34 132
61 247
152 206
200 224
69 236
2 84
2 224
12 94
26 76
34 183
122 177
121 244
146 163
107 166
165 192
3 56
56 199
67 136
74 126
109 209
69 145
230 247
242 246
0 10
43 146
213 247
176 183
158 179
10 195
127 193
55 165
83 175
132 198
208 243
124 213
6 66
61 153
65 203
11 52
141 205
108 171
74 137
49 97
106 133
122 174
50 156
39 122
136 223
22 164
18 210
10 165
180 218
63 87
127 134
4 17
156 196
15 63
74 132
15 143
183 196
25 123
217 241
159 216
117 225
48 246
15 231
206 231
11 127
187 242
122 128
63 104
129 204
39 194
23 46
18 172
32 133
45 66
195 211
70 78
62 168
6 34
30 231
48 65
80 108
175 221
56 133
126 219
201 222
97 144
97 131
223 225
174 192
166 184
113 199
91 204
184 231
131 249
27 91
77 202
183 220
151 215
58 80
177 211
13 192
65 158
68 217
20 50
13 32
121 187
240 242
7 184
7 193
172 180
182 214
28 155
143 222
9 47
119 145
46 84
47 127
1 234
27 106
89 120
38 169
72 173
95 193
173 246
169 240
110 116
113 148
62 232
67 226
79 185
77 121
34 227
76 175
195 240
53 200
120 159
151 203
144 245
68 72
223 249
76 192
107 160
100 187
51 128
49 215
108 198
142 153
82 112
38 232
75 213
91 207
90 244
1 41
33 137
8 31
76 228
25 173
57 102
161 207
32 224
45 205
55 120
30 182
65 152
1 208
33 67
83 197
93 193
84 115
45 180
66 68
16 133
113 153
69 78
69 82
198 235
76 222
80 143
17 202
208 242
92 159
174 245
0 58
55 62
61 67
34 243
181 206
109 234
98 122
74 138
52 100
43 134
5 230
128 227
111 147
125 189
50 129
199 205
23 50
10 69
156 202
137 186
160 201
74 122
59 77
4 244
48 159
63 229
63 144
37 228
156 227
91 137
167 183
58 147
54 242
29 105
5 45
81 193
91 168
45 200
165 189
176 187
61 146
16 212
175 217
104 171
70 218
105 188
45 158
16 24
180 206
27 85
135 193
119 128
74 204
47 226
57 166
61 107
91 160
74 92
42 100
182 193
13 157
63 123
159 192
168 193
161 236
61 192
23 62
106 224
72 241
190 201
28 131
190 227
28 41
94 206
105 189
3 32
13 196
158 200
103 142
13 155
134 212
87 192
91 222
31 203
29 67
55 80
156 236
179 247
123 231
2 71
174 226
56 140
47 109
45 103
133 194
60 71
10 11
54 157
3 141
96 231
64 200
17 27
20 233
96 218
171 196
86 104
47 151
153 240
72 248
10 215
81 155
23 131
42 186
222 247
19 138
157 228
5 89
94 216
54 73
57 59
179 197
44 101
115 164
204 223
103 225
20 78
166 227
27 221
44 57
147 167
15 189
14 73
165 244
76 111
11 204
18 174
69 151
95 151
151 225
217 233
107 184
184 206
192 243
90 221
162 203
25 153
51 170
40 59
140 190
83 148
66 73
78 183
190 202
95 117
140 161
21 212
127 214
77 207
160 236
95 160
182 218
0 113
0 136
60 208
32 40
108 169
71 160
59 168
18 186
195 249
139 203
38 170
196 244
135 160
86 92
128 213
178 210
61 217
16 189
18 58
1 91
52 247
19 53
34 117
142 177
20 195
109 192
153 207
3 169
82 217
75 171
40 211
50 220
197 225
174 233
136 248
54 227
25 58
208 238
141 216
133 172
34 111
17 178
52 125
93 105
39 158
12 223
14 157
46 135
64 175
214 243
14 99
95 200
104 109
235 240
224 243
188 220
56 88
80 113
75 241
174 177
0 33
102 134
149 161
86 249
16 220
79 107
6 43
123 230
209 224
96 209
228 243
145 202
141 149
99 235
209 211
10 153
123 217
120 234
11 217
104 140
18 93
65 201
89 113
115 189
22 108
97 106
29 194
98 156
162 238
135 227
198 246
103 180
161 201
72 166
170 205
167 186
66 140
28 132
50 131
61 187
76 194
176 218
104 227
36 119
3 80
5 120
234 245
16 39
185 192
13 51
9 178
7 57
14 246
14 175
86 209
164 208
64 112
31 184
10 182
129 229
72 87
158 232
83 200
109 229
16 46
8 230
83 187
157 182
3 89
99 144
121 209
131 224
21 74
132 197
58 163
39 240
30 226
146 192
36 87
129 201
195 201
200 204
202 247
212 224
124 171
31 96
129 161
81 113
76 148
9 131
131 183
35 116
52 221
177 187
158 174
31 64
60 183
100 173
30 46
79 238
77 220
123 167
71 220
178 229
6 166
19 59
16 51
93 235
100 211
163 237
86 91
51 133
55 107
42 154
31 77
1 153
66 92
141 160
15 116
36 211
17 192
2 33
73 106
154 212
188 213
35 41
127 198
96 97
169 226
48 213
124 189
162 197
1 37
168 187
14 204
143 171
157 241
73 110
67 188
68 218
12 211
56 112
76 246
10 41
24 30
67 117
31 34
0 61
2 110
15 119
107 179
85 119
25 178
10 224
25 202
51 160
51 67
11 229
182 209
146 172
38 181
40 107
95 217
47 52
121 128
207 223
62 137
92 247
114 162
65 238
178 192
163 208
47 228
101 143
8 27
71 126
68 170
18 27
135 211
78 205
145 228
192 235
50 57
26 188
149 214
164 201
181 204
10 91
140 231
113 168
79 106
94 99
0 223
76 207
168 179
157 183
64 192
74 206
139 154
126 194
201 239
161 180
203 243
70 184
85 183
93 118
186 190
83 172
33 88
76 89
217 228
39 50
28 182
1 248
175 212
105 133
6 242
47 214
120 195
0 56
73 116
176 192
72 222
101 171
56 98
71 182
50 171
109 170
71 80
179 245
63 191
70 77
53 222
33 66
172 250
44 207
102 202
11 100
10 39
73 198
25 176
83 210
67 222
25 40
6 31
26 29
98 110
13 55
60 140
76 247
121 175
122 200
46 152
87 169
15 51
118 186
28 149
94 152
47 213
38 121
86 112
131 214
78 174
92 217
136 148
34 245
143 210
52 129
40 184
134 187
24 39
82 148
157 176
208 222
119 140
140 189
22 242
162 169
183 227
117 239
37 149
113 142
75 128
167 176
4 134
76 189
136 166
77 89
95 234
105 143
29 215
121 140
42 147
76 112
100 150
226 232
127 148
36 132
180 226
131 149
110 181
38 113
139 146
137 158
115 244
68 151
23 149
40 192
29 217
2 125
30 107
84 209
1 166
139 176
173 175
15 158
71 111
225 233
46 241
4 211
63 183
168 235
89 99
28 198
13 47
11 111
81 156
159 161
117 163
28 89
74 148
16 158
97 176
5 139
5 221
32 244
101 238
166 236
61 167
129 237
8 65
218 220
169 172
176 212
132 166
88 173
101 142
151 165
53 80
97 147
68 73
100 126
105 200
157 215
223 235
78 116
23 199
108 189
221 244
73 153
53 194
62 240
116 150
6 22
71 235
237 246
194 198
33 145
99 156
1 43
104 110
45 231
97 155
38 200
15 134
94 245
84 111
213 229
113 243
35 79
143 152
108 173
6 12
36 230
6 54
19 94
4 25
226 244
50 91
25 122
170 197
63 219
112 184
47 64
205 235
26 181
21 37
39 78
181 227
206 212
66 176
153 160
104 142
217 244
21 42
4 230
26 210
129 192
23 193
218 236
16 96
150 228
18 129
86 132
66 151
34 69
25 81
188 207
11 112
7 54
87 239
26 106
45 246
92 206
17 47
194 209
24 237
8 74
9 111
22 25
87 209
143 240
100 117
17 58
20 21
88 119
36 72
46 73
108 140
106 123
155 245
106 127
56 173
71 101
7 36
30 139
111 219
47 73
23 48
112 238
9 248
62 135
90 202
126 239
123 144
15 107
63 88
113 126
60 144
66 145
70 149
42 168
4 139
18 54
20 213
71 85
64 164
54 103
93 114
173 174
5 157
119 208
172 183
70 138
79 144
33 238
43 108
17 132
103 165
70 243
170 246
45 147
107 221
99 244
106 216
227 242
96 216
77 194
157 198
83 159
110 224
47 108
79 204
150 160
33 221
79 232
187 245
22 92
22 138
32 114
110 249
178 242
20 228
37 84
19 100
12 21
87 199
197 228
198 248
28 219
51 113
30 34
192 223
105 171
105 230
84 189
1 111
115 177
26 79
17 228
96 146
7 128
71 97
52 214
32 213
76 209
89 191
155 176
129 162
113 176
107 139
52 163
119 134
170 215
55 96
25 215
104 135
135 248
216 232
1 66
140 143
6 67
41 54
111 148
118 165
12 166
23 170
100 248
23 173
190 215
29 241
0 106
48 179
62 169
96 167
131 234
106 233
39 172
70 89
31 120
48 70
71 145
154 229
37 209
0 140
68 149
7 71
52 92
85 149
49 126
32 215
40 201
178 248
158 227
122 198
9 38
139 181
14 68
100 136
9 126
162 174
105 134
46 130
11 81
51 218
115 153
160 207
147 239
137 156
126 192
48 62
100 241
124 129
14 27
128 250
3 159
176 198
1 185
61 246
70 180
60 93
115 118
28 142
176 240
75 131
68 220
165 238
118 167
100 228
32 145
82 157
44 228
9 39
13 112
53 167
0 244
238 240
20 120
34 165
107 213
205 207
101 115
15 77
30 153
125 212
53 214
228 238
25 156
194 221
5 161
79 182
96 141
73 235
22 47
4 240
73 210
5 124
197 236
21 70
52 90
61 74
70 115
76 128
124 222
156 246
50 187
76 142
91 223
19 44
219 238
8 130
26 92
104 228
119 190
26 82
79 191
102 140
103 215
4 16
155 247
139 183
60 86
4 117
119 133
208 212
161 186
70 236
1 49
162 198
22 113
4 81
79 187
151 222
11 224
43 229
22 117
16 191
74 113
55 243
35 93
67 233
32 70
117 213
125 168
119 187
38 55
7 192
58 208
107 143
149 246
121 191
12 40
27 222
84 178
63 224
12 62
40 100
147 222
8 30
147 156
61 72
139 179
25 70
27 196
27 81
130 195
176 177
82 124
50 54
16 75
91 247
222 241
69 119
98 157
133 205
67 225
157 181
25 34
73 157
71 134
25 209
189 213
59 125
45 109
158 193
129 203
87 130
8 84
5 8
114 209
55 69
18 181
29 160
100 180
39 130
27 182
86 210
6 196
93 176
109 199
36 101
199 210
111 213
9 235
200 235
24 75
6 72
26 160
115 190
39 79
0 81
195 243
244 246
80 235
79 208
116 203
26 116
50 135
37 104
82 132
173 221
116 231
64 248
41 172
140 206
40 210
143 224
172 217
48 104
17 90
165 246
69 142
228 248
105 222
69 207
135 177
47 85
9 225
24 82
11 151
68 163
147 181
45 53
87 248
51 176
126 225
38 249
19 57
37 101
107 172
81 228
120 160
32 103
48 189
52 171
220 235
189 206
55 156
45 151
178 236
185 221
49 145
4 82
10 174
93 233
21 178
127 178
72 211
53 184
73 134
144 236
245 247
82 107
52 109
77 143
28 195
168 170
97 195
100 193
146 201
90 133
188 248
153 205
99 119
68 181
78 241
118 138
39 225
153 228
27 97
10 115
29 248
40 141
25 166
91 184
216 234
25 100
233 237
3 203
133 227
4 111
93 243
87 135
8 83
56 167
168 207
130 156
58 94
144 197
39 144
64 179
107 128
16 227
94 213
87 113
119 144
37 93
57 231
199 248
124 230
72 209
44 87
77 135
63 237
47 121
26 231
65 120
5 152
83 119
147 153
102 189
31 208
1 187
53 109
204 249
50 96
42 66
139 156
200 226
45 82
76 204
66 174
218 249
18 81
115 160
105 241
26 161
174 189
230 243
100 119
140 208
102 182
42 206
12 236
35 96
11 236
0 247
59 75
10 196
37 52
25 234
139 175
6 93
5 28
49 202
19 185
54 124
48 239
216 250
236 241
78 83
47 156
25 66
210 244
114 230
85 105
81 239
65 219
99 216
151 197
96 199
81 154
62 164
171 179
114 199
184 220
143 216
50 71
62 242
82 168
58 118
35 177
45 104
102 131
124 147
37 85
67 85
15 225
113 131
12 189
119 152
49 113
86 152
41 51
95 244
70 224
61 229
189 246
62 158
6 94
70 193
49 136
215 244
7 180
124 158
197 243
61 177
12 16
4 185
135 201
63 234
97 161
139 218
90 140
29 173
49 123
44 51
137 195
48 76
89 184
85 171
158 201
18 74
42 114
219 233
117 164
80 152
159 199
102 227
7 216
124 208
84 186
4 75
204 238
170 247
152 189
38 87
25 44
18 198
29 123
33 128
39 51
39 197
43 219
77 206
76 206
59 79
114 151
111 158
195 231
18 28
103 192
153 172
127 150
60 101
186 234
87 88
25 43
57 110
153 235
63 99
65 163
1 199
206 207
56 156
85 115
46 97
94 118
96 128
68 204
17 76
121 232
152 204
42 87
4 91
103 204
111 132
61 205
65 186
79 136
110 236
103 156
0 153
33 103
185 206
14 70
20 91
84 237
152 234
25 211
130 155
178 239
100 157
100 250
73 234
117 154
99 218
35 131
43 84
217 238
163 204
119 163
168 232
166 217
72 198
103 222
84 195
71 241
2 41
112 133
82 246
12 54
27 238
83 161
36 186
190 214
9 141
6 71
2 26
84 140
99 213
134 146
29 149
4 43
1 235
33 185
23 43
201 228
67 80
40 193
39 111
25 146
16 168
48 134
57 178
163 219
73 182
99 110
70 154
159 239
111 198
18 100
31 162
6 64
88 131
65 145
16 20
57 78
30 111
113 152
42 250
101 231
19 115
51 106
44 165
110 183
52 216
36 229
71 140
159 185
14 216
3 184
11 182
86 137
21 153
22 177
142 166
36 112
140 187
214 244
127 138
46 103
57 202
54 125
81 231
64 130
146 236
216 242
62 78
127 223
154 214
98 194
18 84
121 180
6 132
50 143
93 180
111 240
28 135
14 209
62 106
167 185
73 130
116 139
129 194
19 34
173 236
1 160
67 244
95 213
106 225
196 216
152 245
56 65
100 116
18 116
90 228
106 229
2 144
226 237
105 168
52 155
156 159
21 236
103 164
48 136
57 80
58 75
21 126
37 78
58 87
169 184
26 248
175 198
140 244
2 169
98 185
207 236
12 206
45 187
145 193
53 210
51 215
82 179
69 153
45 233
142 159
41 244
31 116
57 74
221 242
40 249
129 220
76 196
110 111
33 60
29 184
5 211
11 67
70 102
45 50
67 144
86 206
154 187
61 198
62 155
30 124
120 204
19 153
163 188
83 237
97 120
135 224
50 236
40 110
79 87
113 188
62 186
117 187
17 196
195 202
53 172
86 123
116 193
134 140
78 81
28 94
65 192
193 243
58 122
111 128
59 155
120 166
88 230
30 237
49 98
79 234
34 160
67 130
52 248
34 119
67 155
119 243
133 207
30 101
27 49
54 93
111 178
43 241
91 155
28 220
105 205
34 126
111 121
47 190
173 223
26 245
44 168
5 10
65 123
2 225
41 62
154 176
50 103
55 207
192 234
11 78
148 249
79 189
48 240
39 107
71 239
7 231
194 237
121 229
83 209
58 101
86 148
75 151
16 78
36 210
75 164
83 147
5 48
32 99
77 101
137 143
11 33
45 217
124 219
93 138
34 107
72 147
149 221
104 200
37 181
77 171
140 142
85 230
179 188
130 209
11 85
13 153
41 218
1 246
48 214
235 242
58 195
180 205
63 131
149 190
136 236
38 164
91 107
4 183
42 173
9 73
77 120
45 63
207 219
92 190
17 107
117 146
29 244
106 250
26 152
24 169
143 198
43 89
14 160
210 231
210 236
83 202
70 120
200 239
107 205
160 198
2 215
131 170
15 67
167 197
7 214
58 63
2 37
20 84
15 184
44 83
22 105
30 183
24 199
56 146
8 112
73 247
156 248
150 184
211 214
32 189
65 91
16 139
20 230
51 159
24 100
139 172
50 100
39 156
18 204
79 220
35 148
33 247
37 48
165 231
131 238
113 225
171 218
88 178
20 163
14 117
106 185
49 169
50 188
83 223
67 83
212 222
206 220
62 224
195 247
74 228
206 214
15 144
42 183
12 143
35 84
121 184
62 147
19 229
27 53
24 103
81 188
19 54
133 178
71 98
8 175
15 59
64 93
27 148
75 239
64 187
230 234
150 209
86 108
3 46
35 133
43 130
2 171
164 193
237 249
80 128
75 81
21 164
154 208
130 218
43 155
182 249
134 209
11 83
77 208
83 152
77 174
83 135
6 70
92 148
54 195
5 232
76 130
69 118
46 218
146 168
123 248
111 116
141 156
40 144
121 159
120 206
41 210
130 131
8 37
67 76
112 225
131 150
45 206
85 157
0 102
174 216
9 115
157 204
70 216
177 217
121 213
170 199
171 224
32 119
110 238
199 241
38 180
81 163
56 95
127 240
136 170
81 128
20 202
57 117
51 53
30 206
29 132
19 216
176 211
13 236
10 197
12 101
97 170
14 106
136 224
113 206
28 205
44 111
218 222
72 133
68 157
1 4
51 217
45 84
34 91
12 129
47 122
111 151
90 197
118 160
5 54
1 70
128 175
61 182
14 223
19 154
59 99
47 87
89 218
50 178
40 196
130 151
33 211
56 62
22 212
191 207
4 136
6 29
132 231
107 201
54 137
45 86
19 142
179 241
102 105
88 169
68 154
174 241
134 141
74 112
159 171
14 138
161 197
23 30
14 213
38 41
16 136
35 200
153 210
196 200
43 246
141 208
50 128
46 223
11 88
113 223
51 155
149 236
183 231
122 153
152 171
40 99
56 74
4 195
117 229
6 78
101 206
105 180
59 199
109 116
129 234
50 230
152 201
101 208
98 178
14 114
30 167
56 152
34 205
72 99
163 211
98 141
107 167
39 229
11 87
114 142
136 161
30 119
47 137
61 181
127 177
14 233
15 75
82 163
47 134
172 239
129 143
167 211
104 180
182 212
108 155
108 210
82 140
27 201
153 232
166 219
1 85
70 133
128 193
152 166
56 200
202 213
167 230
78 158
118 148
16 157
232 239
80 185
61 99
181 233
1 113
79 222
185 230
70 244
109 142
50 53
101 180
37 51
80 219
18 216
37 128
148 192
113 174
116 212
87 159
155 162
63 96
182 196
103 120
86 198
46 137
150 219
123 207
74 116
37 94
74 243
23 220
158 191
41 151
95 110
62 175
20 108
44 78
17 238
8 128
7 77
59 209
139 182
161 211
34 86
144 201
129 213
153 203
133 183
111 180
10 90
110 178
129 149
73 187
154 249
5 135
73 166
37 126
102 219
74 186
149 245
43 186
80 174
152 200
196 213
101 184
135 246
15 97
129 135
95 245
24 126
152 242
4 205
149 181
47 148
25 201
22 132
46 192
97 133
105 193
90 152
100 179
48 238
87 108
54 200
31 127
165 184
77 81
10 237
42 156
97 216
48 195
19 203
113 160
28 54
21 67
8 12
58 157
69 154
164 221
39 113
123 211
195 239
35 86
138 227
15 115
41 95
4 67
175 220
162 209
86 230
71 199
212 236
90 112
213 215
20 65
9 41
70 229
22 101
32 191
53 192
71 95
84 227
239 248
113 241
59 121
135 142
231 242
77 182
22 69
125 208
178 214
12 117
200 206
14 113
71 122
197 205
34 51
122 197
62 105
181 193
45 211
128 247
77 223
63 126
85 250
149 244
95 155
25 32
126 203
68 214
180 209
222 229
5 91
93 194
56 243
15 120
15 108
109 241
130 176
7 163
35 106
50 158
12 148
131 143
207 231
42 248
87 221
36 38
118 159
104 194
136 169
143 230
79 82
96 235
81 232
53 189
77 98
50 205
92 106
2 223
36 215
69 93
82 138
79 134
8 238
45 79
136 190
127 237
82 230
57 187
35 158
132 150
190 197
89 100
8 158
10 222
7 37
159 226
43 116
1 144
155 221
62 214
87 123
23 189
87 171
36 37
98 192
132 153
40 156
7 12
115 245
18 106
150 152
116 216
52 113
89 136
80 210
140 216
89 186
67 220
73 246
113 161
146 197
7 122
177 228
184 200
78 124
147 149
67 146
16 21
11 53
100 222
46 155
185 194
101 204
49 148
155 158
59 195
106 181
47 247
86 246
71 198
87 105
95 116
135 187
102 234
38 43
71 188
69 171
93 161
39 242
9 120
36 78
10 223
50 89
124 224
45 173
45 216
38 167
72 125
8 148
28 166
163 240
70 86
55 173
20 143
141 227
31 61
203 220
75 245
198 214
209 249
53 149
80 101
50 159
44 114
108 165
145 239
113 230
5 119
94 236
44 180
18 117
96 227
85 144
85 125
11 137
58 71
193 208
77 109
233 242
85 164
47 94
14 67
87 210
24 183
202 219
134 137
111 115
129 133
9 45
6 250
37 95
78 179
95 238
63 125
111 188
57 76
169 185
77 218
12 31
84 133
66 133
86 175
102 129
70 108
61 138
99 237
30 58
30 141
48 242
124 144
2 134
33 174
46 154
3 160
102 113
129 205
39 123
166 244
7 60
60 99
2 208
136 206
123 124
67 197
120 190
7 105
166 216
164 186
41 194
61 94
67 78
46 82
21 25
206 227
5 236
79 139
40 140
35 88
38 53
208 220
31 59
131 176
225 240
71 79
128 145
150 232
167 196
79 151
11 233
60 176
37 214
22 90
117 174
55 219
33 73
37 199
141 203
42 123
21 104
211 225
21 243
6 107
26 205
132 205
104 115
126 162
9 207
5 153
72 196
241 247
32 121
19 35
185 240
8 94
177 250
28 201
89 134
136 163
9 96
38 194
0 135
5 40
38 49
63 81
152 163
156 201
39 43
38 240
33 157
78 104
99 199
31 94
15 104
45 93
37 56
109 176
17 243
190 223
8 97
36 181
121 123
5 55
115 126
171 206
54 132
2 233
198 211
119 165
42 153
91 170
89 119
135 223
193 198
126 148
197 210
118 239
13 179
94 173
102 245
79 167
43 123
22 35
124 212
215 235
97 175
5 127
51 85
125 150
212 235
31 41
19 176
23 36
34 228
144 150
68 162
75 130
12 135
42 149
5 97
26 114
68 120
22 63
43 217
30 96
42 80
3 244
21 216
43 95
70 113
63 160
50 227
165 185
63 105
30 104
25 38
20 142
35 223
79 225
64 98
153 230
7 197
11 130
25 224
5 184
70 172
66 184
173 189
174 211
165 167
8 70
74 101
62 140
41 42
98 206
88 190
179 213
66 104
153 191
98 179
23 217
84 153
32 166
48 75
166 246
103 213
6 81
98 158
19 124
39 154
227 230
44 52
232 246
122 188
173 247
15 228
1 129
51 198
25 77
20 184
60 218
187 250
118 228
76 133
66 164
94 128
46 200
45 218
56 183
154 184
205 243
76 221
54 205
189 243
144 165
33 240
16 58
23 115
73 239
186 212
16 105
51 64
132 169
60 219
206 228
43 187
98 119
11 68
147 198
63 135
11 70
179 206
131 151
51 181
103 146
11 169
208 225
143 163
166 249
39 202
40 138
112 114
95 204
181 212
45 150
158 177
20 194
95 218
226 248
120 249
88 181
98 235
83 90
216 224
135 141
118 136
0 107
93 172
27 142
93 99
79 93
87 168
40 181
34 154
117 230
65 220
12 235
27 223
72 162
177 210
146 152
70 151
90 192
157 179
0 104
16 95
140 222
195 248
35 179
15 215
38 96
3 97
16 48
118 144
164 218
66 82
61 179
68 203
141 207
17 240
37 120
129 158
43 243
86 173
137 159
136 219
194 202
46 90
93 153
51 75
134 213
136 211
117 243
70 198
102 167
73 125
25 204
51 199
67 173
90 208
81 211
17 208
4 228
146 231
81 105
144 194
128 216
6 187
19 218
89 132
198 201
63 202
89 148
67 206
94 164
49 174
112 247
116 174
39 222
104 245
27 54
123 146
93 205
20 53
36 98
99 209
3 172
164 185
1 115
99 168
115 249
99 143
120 172
33 85
84 89
53 135
60 212
202 243
114 246
14 40
58 217
137 245
20 37
37 127
44 118
27 170
11 206
121 171
113 215
218 221
115 119
10 250
41 249
156 188
47 120
47 102
74 77
167 221
63 67
16 243
75 197
20 150
155 194
160 191
116 131
67 239
122 168
66 90
62 233
153 197
6 194
81 227
10 87
54 230
120 147
56 96
19 43
5 15
22 23
83 227
187 191
15 66
189 200
187 218
25 197
31 143
100 235
124 250
74 100
196 239
45 237
162 241
0 89
62 119
74 226
54 154
119 201
109 190
209 243
24 128
123 171
185 188
5 141
216 217
84 150
230 239
64 101
55 139
53 213
40 155
71 108
161 195
56 213
11 13
101 227
157 229
204 222
7 117
50 193
141 240
1 146
148 189
166 234
124 231
47 244
3 223
101 173
130 198
55 172
128 241
112 193
18 205
126 246
92 229
61 160
226 242
0 221
153 182
85 240
158 230
155 160
39 56
78 224
179 185
17 144
23 68
145 179
24 201
5 207
139 221
24 134
175 233
84 144
78 200
3 98
62 212
68 135
128 156
129 186
53 142
97 99
114 168
38 153
63 139
24 177
96 157
31 145
240 249
60 80
158 159
167 238
69 213
35 170
29 101
34 201
90 94
49 81
66 122
129 136
2 64
101 235
18 136
85 114
70 157
69 146
70 128
130 145
60 88
25 98
43 46
15 118
55 230
79 212
60 215
165 169
23 75
93 174
126 220
163 201
73 117
165 229
16 89
102 176
88 194
33 119
153 180
13 84
86 89
51 246
8 71
47 234
82 110
125 230
65 244
83 142
92 203
116 191
232 238
71 191
90 176
59 112
148 231
5 103
119 197
173 198
167 192
147 173
23 234
11 195
42 211
158 197
54 72
175 201
60 154
16 94
15 71
56 77
5 205
72 229
146 240
6 59
101 159
15 49
12 23
210 222
87 228
99 112
154 219
13 29
99 109
9 180
2 7
70 159
148 243
23 34
111 245
106 230
34 102
116 235
137 204
10 185
26 27
21 89
90 108
115 205
135 179
52 179
17 157
11 180
68 109
140 194
175 228
119 192
109 195
33 93
59 101
10 244
28 221
86 240
1 169
93 130
64 170
49 179
123 206
11 158
115 134
156 216
40 79
62 249
194 231
18 166
176 237
100 249
135 226
84 104
69 124
79 184
111 179
31 109
96 234
56 176
184 239
44 179
84 118
188 211
66 168
91 128
7 201
24 43
23 79
2 226
53 152
33 163
124 125
36 157
53 190
7 179
24 105
28 87
55 203
109 228
111 145
11 128
49 60
31 91
9 197
104 215
91 111
99 197
25 48
30 120
8 155
80 87
3 77
31 173
20 60
45 177
197 206
11 135
13 197
144 228
90 138
8 244
67 250
86 245
136 181
24 113
64 247
66 117
104 185
65 173
0 250
13 108
232 245
100 168
43 104
23 231
43 239
20 46
156 221
132 210
15 131
60 64
51 127
197 208
117 151
112 188
144 187
86 250
178 183
138 214
47 91
44 234
89 188
80 153
47 178
88 153
176 185
70 94
8 134
41 121
42 240
80 208
126 154
44 191
40 143
211 250
84 149
49 92
86 195
6 111
134 142
155 178
49 114
90 135
101 250
90 171
93 159
204 247
170 194
120 162
123 134
7 59
26 151
155 156
34 191
103 163
21 184
41 205
73 119
77 142
79 85
156 207
85 248
46 226
146 174
145 205
81 96
147 188
101 121
194 236
97 134
143 160
179 214
32 225
22 70
149 233
75 177
49 211
115 142
17 184
88 236
133 151
78 242
44 46
153 204
96 153
17 183
88 170
18 178
98 113
8 166
72 80
12 231
183 225
20 61
7 56
84 190
24 46
53 186
100 189
78 212
190 196
34 138
88 135
89 157
42 44
188 201
151 181
53 104
59 203
57 155
19 188
1 143
200 247
59 76
13 156
141 248
90 128
134 168
147 208
24 238
152 156
137 173
111 218
30 86
62 138
55 109
197 229
150 178
1 132
25 148
136 151
19 222
17 151
65 171
92 238
102 238
19 224
187 204
157 234
12 86
6 101
111 164
24 115
100 111
120 247
220 240
102 184
3 47
114 133
83 184
85 159
96 133
5 18
87 219
12 155
73 163
103 212
68 129
130 231
136 226
139 163
79 243
9 151
46 48
198 221
186 217
30 122
170 229
75 219
41 90
114 218
53 150
65 143
85 210
70 206
95 115
29 110
49 51
72 160
166 220
40 234
61 121
54 221
92 112
19 51
20 86
15 166
164 199
188 193
0 86
72 81
37 58
11 57
14 205
8 25
0 158
105 144
168 173
11 138
104 168
24 95
44 187
12 209
130 234
1 44
174 240
27 60
195 222
64 165
132 224
67 194
20 237
168 224
166 199
48 129
13 21
178 224
131 156
67 163
94 249
38 247
201 242
3 49
8 13
106 121
22 230
110 144
68 240
165 225
143 209
83 146
104 208
147 246
111 216
136 222
5 116
5 244
2 166
120 153
56 60
39 188
172 197
46 80
124 157
114 158
43 204
27 107
26 136
71 243
43 97
41 126
85 86
23 54
94 176
6 226
40 153
110 146
39 61
38 238
183 195
44 129
44 200
2 72
165 219
132 215
65 135
14 174
25 247
1 204
38 199
87 240
41 234
12 132
0 232
110 230
43 135
27 38
182 245
137 215
102 153
130 132
234 241
13 143
35 243
4 29
39 83
109 223
13 215
78 208
59 91
38 63
78 96
93 169
46 181
4 131
56 177
91 237
51 238
16 246
212 232
54 104
23 241
20 119
192 221
114 233
42 92
41 94
136 238
9 50
18 124
226 236
27 75
119 210
68 83
9 91
85 127
174 187
50 106
6 119
192 236
52 164
132 238
12 174
14 139
72 237
14 93
12 36
47 163
61 116
89 220
22 163
242 245
42 67
134 192
85 89
96 183
12 184
194 216
135 171
57 108
112 175
138 152
152 212
17 126
21 26
89 224
18 159
16 176
13 96
128 218
58 246
112 194
14 245
149 171
100 197
38 97
48 177
74 164
76 119
104 241
71 81
120 201
38 210
8 194
71 249
105 147
127 172
37 223
61 250
81 236
133 248
53 155
41 135
133 164
19 143
74 109
44 172
156 241
182 246
155 157
66 141
5 137
5 158
4 42
150 171
42 180
32 124
42 223
29 147
36 221
27 157
2 147
89 233
194 238
1 64
43 127
127 136
60 213
40 199
148 250
11 40
29 46
48 229
10 19
134 167
165 228
111 134
28 197
52 151
9 119
1 218
3 250
53 232
152 237
136 216
105 240
197 216
8 188
86 155
64 118
72 116
126 183
22 222
148 151
208 215
77 210
35 145
127 236
33 36
10 141
75 82
43 161
17 155
157 159
20 113
136 139
71 232
39 151
114 201
38 157
35 83
34 195
85 181
48 232
128 130
75 203
148 218
81 152
20 136
171 194
169 206
34 41
107 244
170 241
43 122
164 202
126 159
0 55
89 198
43 248
37 153
167 182
8 46
64 151
20 62
67 141
111 171
47 169
201 229
31 183
59 156
71 147
27 37
15 114
117 177
8 205
66 230
82 206
191 240
129 145
161 216
76 117
185 246
18 227
21 217
8 28
54 206
112 244
138 140
35 174
40 176
116 159
89 135
29 207
17 237
68 212
77 147
86 88
22 79
118 155
147 180
165 199
68 243
30 92
7 247
5 136
119 150
152 162
50 124
57 126
17 242
16 63
38 244
108 190
119 174
72 171
81 190
56 235
58 170
66 167
91 148
76 220
37 246
108 123
42 83
16 197
66 108
84 193
124 145
34 129
15 232
55 206
0 226
86 96
95 102
25 154
14 47
169 244
51 213
101 243
211 238
16 233
69 116
108 178
31 233
75 90
80 135
164 227
166 250
21 188
26 197
85 96
55 124
30 91
87 106
205 229
63 207
130 194
36 250
128 168
34 80
50 77
93 142
157 235
13 65
44 142
172 185
193 201
37 174
87 144
48 163
94 136
71 138
32 94
44 94
136 156
98 147
79 196
42 224
83 236
175 193
112 182
93 201
15 218
7 127
59 107
108 217
134 247
142 227
64 89
139 145
92 220
16 134
222 250
132 227
78 99
3 214
37 233
31 174
33 45
141 192
81 87
46 127
9 114
246 248
63 190
169 230
15 106
79 123
18 189
226 246
122 183
92 119
195 206
108 185
8 136
53 95
214 238
204 211
210 218
122 179
26 156
1 122
88 188
18 249
34 61
58 84
42 69
34 99
131 175
81 184
50 184
210 233
99 125
86 213
92 216
172 231
129 219
51 84
145 168
30 70
228 247
9 174
108 235
8 89
118 222
37 180
241 243
17 34
60 103
32 180
87 128
39 218
49 57
5 235
100 233
143 173
112 128
106 170
73 196
10 34
211 226
9 22
38 149
176 222
103 193
45 209
79 117
114 123
69 173
54 111
113 156
5 76
162 189
168 212
127 204
61 90
168 202
117 214
58 216
94 129
101 136
31 48
106 149
169 212
2 108
49 220
13 136
51 243
56 111
98 248
23 205
27 76
147 218
3 238
71 124
120 145
27 195
76 200
94 205
23 160
20 239
149 198
5 19
71 131
132 163
11 179
115 163
121 142
177 209
31 227
178 207
66 102
172 244
66 150
32 132
11 23
14 231
8 143
30 158
61 81
16 204
66 213
80 129
88 197
2 245
220 226
100 124
111 153
65 147
7 34
221 235
22 55
72 107
4 34
93 186
11 243
83 111
22 61
202 205
41 243
29 53
17 88
94 135
105 121
242 249
147 244
188 241
83 138
75 152
81 195
92 181
64 184
57 138
51 82
19 145
221 222
14 85
123 225
72 220
132 179
120 230
187 249
1 180
79 96
107 223
47 165
6 171
69 88
125 162
33 186
84 191
108 120
5 249
55 238
6 96
186 221
85 205
127 168
9 224
9 186
106 145
29 218
17 170
128 239
166 222
36 236
44 64
155 218
27 93
154 161
145 156
52 105
23 33
105 186
39 215
117 179
116 165
19 113
56 239
176 181
44 107
132 167
166 187
14 229
85 154
31 72
34 62
7 209
4 36
116 209
24 45
74 98
0 105
59 234
35 216
188 229
95 173
30 176
100 196
44 67
92 145
107 192
135 194
159 234
96 215
94 246
1 71
32 38
36 136
60 89
161 166
109 153
97 159
52 75
99 233
12 175
168 208
166 180
68 178
176 201
13 237
217 221
60 221
34 241
8 116
103 218
186 216
229 237
46 159
57 101
7 48
69 86
85 233
39 129
171 193
1 206
208 228
72 223
153 217
38 60
2 95
73 100
65 160
124 167
140 175
74 195
44 192
127 166
145 164
8 162
29 186
136 202
14 247
12 110
49 52
122 171
43 129
80 140
66 67
91 166
171 211
9 137
120 217
190 245
229 247
17 250
120 156
45 201
3 123
203 238
17 174
39 199
127 179
108 200
20 57
45 122
130 220
168 184
165 182
194 233
26 52
31 93
145 235
105 209
8 54
41 71
218 223
75 127
7 132
110 180
42 143
39 64
54 183
78 226
14 26
36 203
105 203
48 236
105 179
14 96
0 84
8 111
26 244
22 209
70 107
37 175
139 245
183 200
138 143
20 180
40 209
45 58
202 211
142 144
20 125
86 169
72 156
53 147
121 139
201 207
72 181
20 124
172 173
224 241
206 222
185 237
168 246
145 233
125 202
113 250
112 157
138 178
53 173
43 184
48 215
74 200
176 234
225 239
101 162
93 135
49 70
62 225
99 246
177 239
106 213
103 246
40 158
191 202
146 230
138 194
12 20
84 224
148 206
36 102
77 234
105 163
175 178
133 222
61 215
212 229
91 232
11 92
194 243
10 14
22 118
2 182
116 149
76 127
55 67
191 230
13 130
181 200
125 132
20 47
72 214
169 246
173 237
3 195
2 213
15 50
128 160
51 239
121 158
207 221
18 32
107 195
21 121
70 168
133 180
20 71
136 177
12 103
145 158
44 115
72 199
82 233
9 222
189 227
181 183
194 204
114 143
6 20
15 81
21 218
34 96
39 96
50 125
95 225
86 116
110 170
128 195
5 178
95 212
39 47
22 215
165 196
57 77
107 203
77 149
151 242
81 133
88 220
119 167
23 116
56 228
128 181
26 65
53 126
14 19
125 205
73 76
16 137
102 158
91 142
236 244
74 210
35 241
99 247
173 229
102 225
218 237
4 93
189 242
198 210
9 92
5 117
145 176
86 185
22 182
13 248
89 94
29 119
61 62
105 109
162 231
17 149
23 72
47 69
53 110
35 117
117 181
31 118
76 211
3 190
33 99
69 230
125 247
56 145
132 184
104 162
92 222
29 130
30 243
57 131
56 113
41 91
9 66
67 152
76 141
3 179
59 141
15 200
114 119
6 247
53 227
111 192
131 160
28 102
63 170
32 188
189 245
81 94
164 236
119 209
43 206
149 228
31 79
3 81
82 165
30 132
21 114
11 106
20 229
76 199
26 56
148 194
95 167
160 216
3 44
9 228
32 222
175 205
10 52
151 166
191 225
13 102
7 24
174 231
61 157
1 156
55 240
18 143
51 144
207 215
25 250
32 196
229 233
96 200
49 102
143 213
0 122
32 67
29 115
84 206
27 140
148 245
51 245
77 79
68 106
166 176
112 229
129 155
75 237
71 208
58 98
10 217
12 67
75 170
68 133
86 218
144 238
81 107
126 150
156 240
159 227
89 109
50 86
125 140
121 183
31 62
61 197
179 242
64 190
142 147
10 59
30 235
158 213
84 169
93 226
17 122
52 149
3 191
90 169
166 231
47 168
1 244
38 239
134 215
223 248
69 129
18 229
76 164
30 241
236 245
69 114
65 144
27 219
60 153
158 248
25 136
129 198
40 250
124 151
121 143
60 120
36 189
57 185
139 250
41 228
196 222
194 210
66 219
99 155
9 194
7 47
37 245
39 54
3 13
140 211
56 222
88 140
49 208
1 2
33 104
45 220
27 78
99 231
47 230
83 100
49 130
79 216
48 216
57 205
64 163
96 188
55 65
10 79
20 151
137 183
118 184
62 166
25 121
17 167
114 124
91 120
43 236
28 213
100 240
21 246
39 171
52 81
25 236
201 221
201 224
71 215
105 187
6 11
200 248
116 158
40 84
103 111
149 184
4 53
137 170
109 235
115 247
188 237
8 224
141 237
126 169
90 116
58 162
58 60
33 152
15 27
80 216
81 117
105 167
56 115
72 96
109 155
222 233
185 223
127 221
119 139
135 203
76 173
61 223
22 48
14 169
16 92
6 155
72 175
120 138
65 235
16 118
54 134
134 149
19 33
169 247
4 158
64 182
105 228
117 134
82 208
107 191
51 83
124 180
206 246
175 239
88 226
18 138
188 218
16 52
56 114
21 235
41 99
1 158
169 204
17 118
51 90
126 172
106 193
63 85
66 216
45 203
46 140
122 178
120 191
212 226
5 107
117 227
91 138
146 218
37 198
38 70
124 241
180 197
67 161
110 194
97 110
17 116
132 158
52 59
12 220
95 131
73 191
71 82
83 222
49 115
38 89
80 250
118 132
88 112
138 173
166 175
161 173
2 145
5 193
90 119
196 202
72 138
193 224
10 38
200 223
70 112
105 115
150 195
50 64
231 247
77 176
73 192
48 58
86 239
68 207
114 185
127 219
241 249
50 59
70 79
27 40
207 235
19 205
22 187
138 157
18 49
191 232
19 174
29 183
22 94
66 249
38 101
199 245
41 92
21 166
133 143
15 236
65 131
1 200
4 90
49 127
62 197
98 171
5 223
78 186
37 196
67 156
155 173
21 31
19 197
184 242
95 233
18 150
212 216
88 183
186 235
6 47
62 207
212 239
75 236
34 226
180 208
162 194
67 113
156 194
6 240
35 68
162 179
61 140
75 194
166 185
17 130
6 212
45 242
150 245
32 34
9 127
205 209
5 121
45 139
15 191
63 116
27 226
145 208
175 215
35 207
37 140
20 63
179 250
128 131
35 87
65 130
67 77
108 195
150 226
15 129
56 143
130 186
81 122
24 123
4 50
123 250
146 177
27 83
189 210
81 240
8 221
9 172
15 61
44 243
5 65
45 46
72 127
70 96
45 117
74 90
95 206
151 154
81 120
147 223
85 201
154 197
40 80
51 153
153 196
50 121
188 196
57 58
90 136
24 163
125 217
113 236
114 115
18 88
23 178
47 249
32 169
204 229
4 115
43 231
0 187
75 110
58 108
45 100
87 250
118 237
125 188
23 138
101 240
22 188
165 197
124 173
92 154
111 195
104 188
15 208
9 205
76 149
208 229
74 155
55 249
170 192
61 97
101 175
163 238
212 241
83 149
60 148
107 230
95 195
97 224
103 237
197 209
107 202
240 241
166 248
9 106
206 249
148 230
72 165
64 172
18 228
91 175
36 39
109 118
8 90
211 240
196 237
1 21
98 189
134 154
79 174
140 156
5 129
23 74
192 203
48 178
225 242
121 160
51 158
18 196
190 248
40 197
119 233
62 82
81 97
52 232
57 71
70 91
64 139
117 248
9 74
171 183
8 213
14 240
78 142
102 159
135 188
29 88
136 152
33 166
215 228
26 172
148 171
116 226
19 149
123 176
18 99
122 155
40 189
109 197
223 232
25 199
49 109
64 134
175 180
53 221
16 116
106 110
53 113
28 175
114 125
11 64
119 124
84 176
130 154
31 67
185 211
166 197
46 178
132 235
193 204
131 177
23 203
75 244
0 74
105 182
212 213
36 109
90 134
14 16
177 191
75 105
58 229
146 241
30 50
142 172
31 78
126 186
60 83
98 109
58 199
93 101
73 236
31 135
189 191
167 189
26 199
106 132
43 54
183 249
98 197
135 243
36 68
133 161
74 119
5 241
47 71
102 119
90 206
67 200
99 187
92 99
238 239
18 110
68 153
13 151
175 248
121 154
75 234
81 144
116 151
154 228
70 87
41 82
46 235
156 245
128 148
35 192
177 195
87 160
14 142
58 73
18 250
99 206
35 134
88 193
127 233
26 40
64 180
158 214
45 162
66 246
16 69
21 225
98 117
57 113
216 222
2 86
7 227
87 218
31 74
164 175
60 132
10 37
150 227
3 155
23 55
55 79
59 108
19 129
86 215
20 216
45 239
44 72
180 247
184 211
1 14
26 218
102 183
31 42
28 171
9 122
114 193
82 153
97 178
87 131
142 158
11 192
52 169
85 139
7 230
46 58
87 215
123 153
127 216
94 149
9 76
91 121
127 250
81 220
87 185
15 89
0 82
51 200
44 140
91 243
81 229
109 119
88 160
48 89
42 104
9 107
51 148
139 232
82 188
1 242
113 247
7 221
52 86
30 94
151 195
115 228
36 142
106 211
167 191
94 229
110 160
50 190
104 198
218 241
47 202
6 193
13 80
99 196
17 120
80 149
36 54
200 214
192 237
136 172
130 166
175 213
11 232
66 146
75 224
174 250
104 206
53 180
2 153
24 223
78 149
6 92
60 125
52 192
143 187
123 128
155 211
144 196
25 170
119 166
17 161
95 133
101 137
36 228
134 139
90 137
38 98
58 161
93 175
19 24
44 99
189 226
3 85
207 220
152 179
55 183
225 249
29 242
65 87
78 80
1 203
97 122
153 247
191 226
24 228
103 198
117 142
51 194
81 158
29 250
83 226
81 89
105 112
64 169
46 49
24 141
133 240
99 124
3 136
77 112
30 186
208 233
7 175
1 5
19 96
196 230
169 220
59 85
86 118
2 231
91 195
58 232
30 49
6 152
85 151
18 179
148 215
59 170
93 196
135 191
207 228
100 114
40 85
71 242
20 204
71 78
59 72
75 100
56 100
7 91
117 122
1 141
88 101
130 141
41 144
157 190
2 123
117 150
98 218
202 214
137 153
116 185
24 246
79 113
227 241
62 107
31 242
64 197
52 196
58 200
57 94
203 228
90 224
101 106
201 213
152 236
5 233
8 82
50 169
64 193
60 191
209 231
105 227
160 172
190 241
8 231
42 59
121 147
83 243
92 184
65 183
143 184
161 238
11 97
20 114
39 105
24 114
50 240
181 242
144 215
2 58
183 188
35 142
203 244
30 37
116 117
115 201
22 219
128 142
77 178
119 247
202 226
144 154
140 240
71 247
101 215
111 225
8 125
146 169
63 77
108 197
157 164
169 243
189 230
234 237
133 163
110 250
108 209
179 221
77 247
77 242
23 249
177 207
106 245
154 192
15 201
110 167
4 236
88 129
120 184
78 101
5 190
9 135
11 188
106 178
38 213
80 138
24 122
63 161
6 128
45 91
8 178
56 78
145 227
174 198
54 173
32 44
60 79
4 231
2 85
150 194
146 170
29 209
110 168
26 44
57 191
27 70
163 225
76 103
51 172
34 157
7 96
15 205
139 170
151 172
32 135
184 248
49 106
53 65
150 241
170 176
194 227
10 133
157 220
152 232
70 114
170 182
86 197
117 219
143 195
6 182
49 139
120 232
4 212
16 247
72 151
68 182
90 159
127 157
16 198
25 49
115 138
63 186
12 228
180 192
23 135
63 98
175 243
80 230
127 133
81 235
91 217
0 210
3 139
2 23
104 235
18 212
124 176
9 188
105 108
18 220
191 194
14 200
112 147
121 226
1 205
160 181
110 177
129 196
211 246
19 243
106 219
170 240
11 116
88 104
48 167
23 161
89 239
92 211
9 118
80 242
208 234
147 201
24 233
155 182
34 141
2 51
187 211
16 202
149 155
109 152
44 241
163 250
154 206
177 189
49 167
109 136
10 149
51 188
37 147
93 199
113 224
12 197
99 243
174 182
75 95
34 224
51 242
83 241
134 250
142 165
104 154
24 40
186 246
87 179
26 30
25 198
108 164
89 248
86 172
60 175
24 51
135 140
163 178
26 142
116 198
60 150
209 225
74 94
120 124
55 95
35 228
32 237
98 201
4 138
55 242
28 38
24 41
2 78
30 41
222 228
62 167
81 111
2 3
122 170
24 145
4 58
25 162
84 222
32 249
90 177
46 156
66 136
48 79
119 214
152 192
14 35
67 129
39 102
84 110
216 241
144 148
160 209
54 109
165 237
79 129
39 176
123 235
62 76
166 218
223 229
47 59
86 99
169 241
64 195
39 126
73 190
166 239
86 177
3 20
138 193
58 156
81 127
33 58
73 186
0 112
123 215
81 226
42 163
0 133
166 204
151 210
58 120
177 219
8 172
94 197
85 163
45 114
46 117
93 191
63 245
33 123
117 169
40 243
193 199
204 248
56 204
38 105
123 175
68 187
19 79
45 208
167 235
60 143
60 238
31 186
131 193
13 33
100 101
125 176
183 204
131 144
30 32
78 222
26 32
20 242
30 187
31 153
214 235
2 54
131 188
74 84
131 189
3 235
110 195
16 109
26 115
67 248
31 68
49 186
112 211
56 80
49 233
26 122
83 221
56 249
39 159
10 147
193 196
105 157
72 177
36 159
40 157
36 53
64 132
82 116
140 248
153 155
84 187
21 177
101 178
73 205
15 90
69 83
92 199
18 39
19 22
30 64
92 228
126 196
6 229
198 245
24 171
46 128
77 123
126 127
153 190
69 96
109 211
37 171
170 200
113 240
162 188
8 24
0 180
188 225
84 242
48 148
94 147
176 182
22 120
203 209
127 229
54 211
12 43
37 129
70 166
135 206
63 250
52 184
82 92
6 44
109 183
38 84
117 140
203 216
112 213
29 235
125 153
33 68
2 139
1 101
91 129
175 231
59 69
163 229
5 156
95 166
0 141
99 148
34 120
75 120
90 95
99 210
26 139
55 59
24 60
37 213
23 63
35 153
72 91
13 224
20 99
173 211
35 250
111 177
24 146
161 228
7 161
57 133
138 182
22 37
14 55
42 115
23 104
226 247
151 234
121 133
155 189
24 28
20 130
51 204
143 246
168 201
115 210
191 193
24 85
59 193
60 117
57 75
172 245
128 200
142 226
183 206
191 197
201 227
87 204
23 64
3 59
147 233
117 126
89 96
37 195
62 184
69 134
116 213
175 226
163 181
12 179
151 250
34 179
84 88
130 241
6 237
56 220
166 203
48 61
136 189
127 141
4 162
22 99
89 117
12 42
49 178
186 193
56 70
19 209
17 56
214 240
48 57
137 165
120 130
46 119
25 240
90 143
20 93
175 245
114 247
24 55
12 140
91 191
92 95
48 221
4 248
80 131
17 21
145 236
92 172
111 122
18 82
58 235
223 244
14 41
239 240
146 204
25 229
197 219
72 185
1 175
180 204
30 156
26 108
66 202
65 76
37 150
89 193
62 71
23 188
42 229
9 165
96 143
48 52
27 165
3 93
119 180
61 113
44 85
209 222
34 113
168 204
197 237
98 182
97 205
157 163
235 249
111 224
84 239
24 202
108 147
81 139
82 125
72 233
32 128
82 234
138 231
77 222
15 139
136 143
178 195
75 96
59 100
33 158
60 98
21 88
28 249
173 227
46 209
100 110
89 221
149 201
45 166
90 249
115 233
125 177
81 178
50 76
40 171
87 116
197 212
6 173
142 215
105 117
23 183
77 163
128 153
10 189
57 82
7 22
84 213
79 95
101 122
50 70
88 233
174 236
243 249
53 197
70 80
114 155
5 126
0 179
47 128
89 231
133 195
141 236
56 163
76 100
57 137
64 154
23 209
3 173
83 154
65 92
52 202
84 92
37 118
34 127
95 112
66 147
77 157
159 186
52 231
76 160
32 245
53 248
6 49
40 236
36 126
7 29
45 77
38 141
180 249
36 247
48 130
136 225
109 193
66 83
151 170
155 213
28 93
14 159
79 217
83 92
75 80
55 190
9 27
49 75
87 93
1 209
54 155
110 240
52 207
36 76
113 249
90 118
36 51
71 246
4 127
80 204
84 249
182 225
185 215
20 149
187 240
43 223
4 206
131 166
88 241
103 185
134 189
73 200
129 152
126 240
42 116
27 200
114 134
108 247
37 182
61 127
78 217
30 170
26 163
0 182
45 132
103 157
36 88
101 214
25 200
152 223
31 136
50 209
30 33
133 214
37 143
2 83
48 99
34 248
126 136
152 157
39 168
191 233
177 197
31 32
69 144
177 213
54 94
93 146
140 167
48 113
6 168
121 195
5 47
231 233
199 222
125 143
50 137
79 236
2 243
35 167
19 47
36 207
18 29
115 212
81 180
3 41
65 161
220 232
8 233
169 239
59 163
22 125
22 180
69 232
24 230
154 200
185 249
193 222
142 247
87 134
204 227
139 206
233 239
35 97
56 170
57 230
223 245
176 204
44 171
114 198
60 214
85 155
62 128
44 238
1 39
65 200
86 141
94 233
61 145
176 190
159 246
74 120
8 40
119 170
19 75
27 133
10 84
3 73
63 138
47 199
2 9
81 183
81 223
105 250
103 219
18 103
111 143
68 232
45 144
23 202
28 161
45 67
125 241
165 183
92 202
203 246
136 201
37 138
100 122
33 69
78 173
36 111
183 202
30 219
12 198
8 60
199 212
83 181
18 37
159 232
41 93
31 244
69 94
91 176
28 122
122 172
123 239
40 160
35 58
61 98
31 86
14 227
43 215
34 105
116 218
200 211
65 165
171 223
74 250
61 63
34 171
7 204
183 222
69 183
83 245
0 108
181 240
34 212
34 133
123 138
28 99
159 240
40 122
115 198
85 117
23 248
71 233
93 140
89 207
178 215
168 188
6 116
151 171
118 142
18 119
36 99
25 242
9 46
24 157
47 196
69 176
87 173
67 84
212 245
99 142
103 199
17 32
14 45
54 89
46 104
95 199
156 161
124 199
5 92
195 234
12 80
36 192
62 177
8 206
13 60
27 125
0 3
140 198
54 248
89 147
214 231
31 47
38 178
27 100
5 131
191 243
188 203
24 72
118 240
40 146
217 220
92 218
134 245
134 193
151 152
133 142
153 226
70 106
39 44
247 248
96 127
4 210
109 219
75 97
168 203
68 69
174 219
64 168
66 116
7 104
63 90
13 221
144 230
100 181
92 205
139 211
56 101
15 247
22 189
33 106
97 204
15 220
83 198
141 171
34 144
16 126
32 107
219 228
6 109
99 195
119 223
173 197
92 240
1 12
61 166
28 109
101 158
127 197
27 250
22 200
6 215
142 213
76 155
185 217
122 176
87 237
193 233
122 224
80 202
93 163
146 195
67 210
73 238
99 179
14 66
139 142
45 134
10 170
211 235
70 237
173 213
152 243
21 138
3 237
170 222
7 153
174 229
6 199
46 91
6 33
159 209
45 106
70 101
96 205
31 229
18 51
128 166
133 202
7 38
22 27
74 225
139 194
150 201
88 128
30 160
78 165
228 244
117 220
59 104
13 127
164 250
21 36
151 174
205 239
170 188
156 187
50 61
95 104
50 194
24 239
47 50
35 112
64 124
167 242
26 93
37 221
85 212
55 169
70 135
5 67
164 213
8 104
4 221
91 196
57 61
122 221
108 218
14 211
150 167
135 237
170 212
22 66
43 128
10 107
4 120
235 239
19 186
45 178
63 212
10 105
167 199
136 168
166 214
17 35
68 117
117 149
89 169
4 209
57 99
83 84
92 130
2 149
38 54
100 164
45 249
127 137
145 167
16 177
148 161
57 243
49 228
72 76
56 119
116 166
170 234
102 106
120 173
52 127
96 182
120 185
164 235
51 52
3 113
35 244
31 85
108 228
124 211
24 38
31 172
112 192
55 155
13 68
134 164
132 208
53 241
140 182
84 159
71 202
9 170
143 192
110 248
49 236
17 211
173 190
65 96
32 178
54 213
16 84
78 153
16 22
11 104
170 179
29 95
35 187
100 148
202 234
38 69
35 165
12 96
35 37
52 112
60 113
104 246
6 197
92 158
21 174
82 115
132 244
94 209
127 131
110 198
67 204
6 222
199 239
9 32
8 222
103 131
117 216
75 93
33 213
56 135
29 199
19 146
37 137
35 166
110 232
78 171
79 215
105 161
115 211
38 146
74 93
83 122
112 126
217 248
198 238
90 155
62 172
189 220
147 186
55 210
1 171
95 221
120 163
141 187
7 235
28 124
60 240
28 32
141 168
232 236
137 160
34 187
142 148
18 193
219 236
44 158
67 131
157 249
193 230
28 227
216 236
19 179
126 198
120 143
108 241
173 234
42 98
95 142
55 77
63 208
6 233
101 154
38 137
16 217
170 202
153 173
98 135
100 112
160 184
114 171
184 226
188 204
23 235
33 151
92 118
21 46
114 195
40 124
78 162
171 202
77 97
29 166
0 150
33 161
54 57
130 197
32 217
36 185
119 160
46 153
69 241
0 62
150 200
70 221
10 163
144 209
42 140
19 207
20 178
142 248
5 214
82 186
20 28
93 208
73 176
65 184
46 78
152 211
167 233
187 247
119 162
150 208
76 170
148 186
34 240
33 169
106 134
28 110
20 154
58 124
26 235
108 208
36 201
23 150
5 208
106 244
0 234
130 183
35 237
81 106
166 207
148 209
114 228
130 187
26 201
219 246
72 180
10 238
18 155
53 96
73 77
25 83
23 114
56 221
87 143
27 137
47 200
190 236
153 208
87 138
45 72
45 80
43 232
179 243
2 40
109 140
178 218
114 141
19 212
152 175
92 192
16 43
149 249
2 189
103 132
70 175
99 152
101 160
59 60
29 187
30 59
149 186
178 188
140 212
187 192
6 234
81 219
45 149
96 126
156 226
80 125
87 195
76 134
2 112
50 210
22 89
90 141
89 163
124 137
0 78
103 116
62 189
133 181
197 245
59 242
161 193
30 68
21 57
176 203
0 120
113 140
40 131
56 244
93 150
188 199
22 238
138 243
27 154
54 101
223 227
94 100
8 73
69 103
157 226
94 195
153 195
181 197
33 235
43 65
63 109
48 212
102 164
64 185
179 204
54 179
68 126
49 149
23 247
46 115
41 174
47 239
65 179
7 100
136 141
40 194
60 206
62 200
61 112
13 54
44 231
27 218
196 208
10 226
0 2
55 135
42 58
24 109
2 24
27 90
27 102
116 162
218 219
1 68
70 116
60 68
50 181
37 210
101 194
26 190
82 189
118 153
171 175
53 153
81 112
174 213
98 217
136 144
84 126
91 173
155 206
125 216
37 154
68 81
53 141
67 91
139 144
14 123
34 247
27 147
117 156
124 200
117 190
87 247
18 167
131 171
44 229
15 25
79 219
73 222
177 212
205 212
92 233
40 98
103 115
84 139
106 159
69 107
164 191
12 246
16 56
97 238
150 175
134 136
48 224
31 191
38 83
91 124
3 95
89 115
27 111
15 44
12 44
70 174
13 228
46 173
71 238
144 157
196 241
17 75
132 152
97 243
51 122
26 186
149 170
41 224
162 165
4 135
128 174
77 221
101 114
72 186
72 130
1 196
67 134
123 178
167 234
64 173
139 169
71 200
86 143
100 129
62 176
24 59
108 242
196 231
134 219
129 163
9 116
39 94
219 232
13 218
44 184
78 156
160 199
34 139
54 247
64 228
78 119
5 179
12 154
42 125
104 201
48 182
70 152
21 78
82 180
125 135
43 64
123 173
200 246
3 111
98 106
54 74
192 228
111 125
116 192
27 160
120 189
163 216
50 115
45 165
14 201
58 151
0 60
54 203
131 181
116 170
153 214
208 226
60 226
209 247
109 196
95 240
96 132
81 116
99 234
34 84
18 225
202 244
17 39
84 185
102 187
143 189
60 91
26 107
104 181
64 174
10 207
13 44
25 69
116 179
42 148
123 179
17 46
161 246
21 241
78 84
19 248
24 66
30 121
23 70
19 157
46 198
6 160
149 164
200 215
150 177
129 206
24 74
140 192
64 114
97 151
77 154
42 63
164 249
154 244
81 198
158 163
38 42
72 217
55 144
169 196
25 41
186 244
50 122
108 204
189 222
114 147
58 128
90 167
209 226
31 238
103 229
58 131
150 158
65 72
69 135
42 132
128 190
2 28
76 122
3 151
61 135
11 61
208 224
36 194
172 218
204 210
222 236
27 79
98 177
130 158
54 115
85 122
108 156
46 113
85 217
98 246
24 88
8 173
32 186
222 225
74 161
151 228
151 219
118 213
29 30
112 241
123 129
185 213
215 232
29 96
5 71
178 247
77 155
40 178
29 122
195 210
239 247
68 152
44 176
15 110
119 129
197 250
78 238
65 228
21 101
97 150
10 47
146 226
195 237
38 215
42 97
56 124
210 221
112 230
42 86
63 84
110 129
106 212
116 140
91 178
171 209
1 184
90 186
0 5
23 210
121 218
124 223
25 143
147 199
68 92
83 179
164 240
20 168
242 243
128 235
7 129
30 208
139 249
39 167
43 195
74 162
36 107
40 118
80 167
79 145
41 133
130 174
42 106
60 119
96 116
9 69
223 238
174 209
9 221
129 236
132 157
219 237
233 249
28 123
23 73
2 18
107 151
125 248
14 48
109 150
2 228
25 175
28 226
34 137
168 222
145 230
36 85
13 198
108 243
46 148
37 81
48 85
74 99
94 200
58 64
19 68
166 182
89 93
0 67
161 209
57 180
190 224
108 162
61 64
87 238
156 160
137 164
57 106
13 34
68 233
55 218
98 226
46 47
150 169
225 232
156 199
80 239
19 231
164 225
199 246
56 223
119 126
178 206
84 204
177 225
78 170
70 231
169 181
45 245
16 98
98 184
2 39
62 67
82 100
57 246
72 137
15 160
61 110
174 239
62 118
143 238
88 250
199 229
50 199
101 130
155 250
211 223
105 145
62 226
144 175
147 249
178 203
75 185
61 114
38 248
64 186
9 220
153 174
153 250
0 128
46 215
20 97
27 30
47 162
101 192
59 113
141 147
4 148
64 225
22 53
127 194
122 151
1 163
182 201
5 59
36 148
202 233
99 181
130 244
85 160
71 99
27 52
148 188
156 212
93 144
54 98
65 218
70 240
201 208
3 247
108 244
133 203
94 188
98 227
219 229
106 150
94 204
63 151
136 228
165 200
145 224
161 234
195 204
75 240
178 249
158 181
57 121
32 223
107 135
142 222
187 236
35 44
100 158
104 199
61 241
108 127
24 65
67 114
142 214
40 44
112 232
23 42
132 145
27 172
14 161
166 237
54 152
65 122
50 174
18 195
13 229
45 94
191 201
49 71
53 171
138 186
0 181
2 158
200 228
59 64
6 55
228 234
66 130
90 97
95 235
201 248
0 183
67 175
68 105
86 147
125 130
19 106
169 236
44 206
158 205
121 126
9 152
17 98
33 130
71 110
174 202
11 153
69 125
98 190
145 184
83 109
66 134
70 246
7 239
27 216
166 241
213 217
106 154
43 74
161 174
7 85
65 174
76 143
108 249
39 100
57 159
17 57
44 143
151 202
122 237
20 231
9 155
182 239
73 103
84 166
108 158
40 81
30 99
47 241
21 128
18 56
138 209
56 240
36 158
17 219
210 229
92 226
31 185
23 27
35 197
53 60
166 210
17 68
15 93
132 230
61 154
21 197
107 115
103 208
7 39
88 143
20 164
109 169
153 220
240 243
176 196
149 158
78 227
34 78
73 128
57 228
56 149
168 200
100 201
22 197
180 240
160 165
89 146
131 236
220 223
70 90
178 208
52 76
152 233
135 166
55 129
163 189
63 178
187 199
6 42
10 83
72 245
31 128
58 141
169 189
24 92
0 235
64 229
92 231
142 217
5 199
128 144
81 86
110 124
80 158
11 42
21 230
166 225
137 179
99 201
71 168
232 242
89 162
28 70
120 225
47 83
38 204
18 177
126 244
104 178
31 76
124 155
155 201
4 99
20 161
139 207
182 248
62 70
24 220
11 226
112 249
131 191
80 179
127 245
113 166
39 238
154 163
144 211
29 129
92 182
121 214
201 210
114 150
123 184
119 182
142 178
60 164
18 239
72 109
77 134
12 208
1 118
15 128
63 143
36 129
19 227
54 202
13 58
199 221
38 108
53 176
109 188
2 122
153 239
70 150
94 110
36 179
14 155
17 215
150 237
0 50
114 163
53 63
168 223
35 70
76 184
119 217
33 132
39 59
63 166
177 185
15 183
119 222
1 23
18 141
32 185
8 245
16 103
6 104
114 161
12 118
163 246
14 46
73 89
0 49
6 189
164 231
178 185
133 234
18 182
20 170
43 67
69 172
21 119
55 196
183 203
94 214
58 243
161 229
163 236
28 199
115 132
14 127
121 179
156 193
49 175
220 224
164 233
180 214
4 107
97 111
82 185
20 209
120 132
168 217
94 132
7 120
172 179
10 150
82 195
121 223
31 219
0 168
181 210
133 159
72 97
33 162
80 198
141 238
45 70
118 249
139 193
0 169
189 192
31 213
19 165
92 155
41 180
206 226
208 211
97 101
156 203
64 140
181 234
205 241
68 211
178 241
210 213
13 243
3 239
133 173
85 143
94 180
9 65
7 53
33 87
71 116
133 169
69 117
97 223
63 152
94 194
110 247
182 237
28 223
107 168
7 243
38 220
65 185
13 95
66 203
51 56
84 161
21 29
182 205
1 36
163 196
4 137
155 239
98 140
108 110
36 208
8 133
56 108
134 183
13 25
7 145
206 211
125 127
192 196
108 193
130 189
17 18
36 83
38 88
115 135
112 177
89 112
59 144
111 184
41 97
159 169
25 228
77 229
82 176
44 235
14 148
9 23
230 235
185 242
145 243
14 132
3 174
4 23
78 184
139 184
161 222
32 199
34 104
54 149
159 217
172 216
90 213
95 157
212 242
43 203
66 190
60 61
93 225
12 45
31 108
138 175
18 175
125 235
121 197
2 130
33 210
170 236
93 148
137 171
2 47
9 117
197 222
79 246
35 136
0 123
32 88
32 150
0 100
83 164
51 247
55 187
22 45
10 210
54 168
67 229
120 242
148 182
22 97
29 125
150 230
93 228
182 216
113 193
5 100
165 243
151 157
91 93
88 171
196 234
15 229
68 228
115 166
10 56
10 175
71 228
48 141
29 219
153 215
1 124
151 196
39 203
11 212
18 102
139 233
25 158
161 187
85 145
45 171
57 119
14 109
232 241
121 190
4 238
35 102
177 199
153 175
136 175
177 238
80 207
24 120
104 160
57 203
143 227
100 145
59 207
155 227
99 141
119 120
74 230
27 243
139 196
247 249
56 137
27 135
5 162
35 63
18 26
34 230
79 218
33 89
172 205
32 155
107 180
215 216
97 189
30 181
82 232
177 190
153 236
162 176
134 179
20 248
128 161
79 183
237 247
181 182
37 115
106 188
41 178
86 170
11 140
97 171
4 190
114 148
111 138
30 83
44 196
66 163
16 60
7 177
138 169
27 239
231 237
14 239
55 178
22 226
64 233
22 124
103 121
19 111
148 233
52 220
79 210
16 113
14 105
86 182
112 172
6 162
15 198
86 117
82 243
160 246
9 16
128 158
94 241
107 159
79 149
125 244
46 59
132 213
78 231
90 92
85 170
67 207
35 92
11 161
73 189
155 183
219 223
21 134
61 244
107 224
165 168
31 193
177 215
30 43
20 214
151 220
51 201
57 189
120 180
131 146
0 186
15 179
147 221
99 120
0 121
140 165
36 163
166 173
148 202
127 183
121 165
190 221
30 75
89 190
126 152
42 130
104 108
72 132
10 208
24 167
179 186
52 137
90 238
18 209
51 184
9 138
24 138
159 220
62 96
74 194
23 83
158 243
131 215
35 196
36 41
11 238
13 195
48 93
54 174
13 57
60 107
81 222
42 124
142 154
43 93
79 226
91 220
109 137
21 207
5 20
97 104
109 163
56 127
9 20
7 20
67 97
7 65
18 79
144 237
92 157
134 159
159 237
144 169
9 101
193 225
82 216
51 107
61 101
59 243
55 90
38 92
87 182
38 207
59 219
151 216
8 126
47 187
84 181
116 189
29 49
132 202
170 209
30 146
196 227
21 190
2 98
36 195
186 220
22 133
65 86
128 188
76 213
113 117
123 222
13 16
55 56
105 239
50 119
3 25
82 94
96 196
20 31
148 240
0 25
105 190
58 68
168 209
116 220
53 205
8 50
14 221
149 247
56 195
127 235
37 62
87 177
61 175
98 187
152 225
25 172
124 246
19 26
22 49
93 100
2 241
53 234
33 215
82 250
180 235
29 118
131 169
18 78
2 56
87 205
85 140
130 250
133 241
53 54
70 183
90 124
26 223
118 180
124 201
15 58
42 135
4 95
152 231
95 208
37 177
175 249
153 176
56 219
117 136
218 233
102 138
152 158
149 166
54 120
142 179
68 80
14 143
92 132
96 160
3 107
66 78
173 178
143 232
82 130
70 228
71 106
146 187
22 247
171 174
122 215
150 196
99 242
49 133
186 238
77 235
101 157
64 238
63 205
101 172
116 230
87 90
121 178
38 144
53 90
207 237
121 168
188 205
208 223
13 175
83 158
11 215
41 187
153 170
101 216
233 245
88 113
100 192
54 130
56 150
65 240
21 116
153 200
49 243
236 239
121 202
85 152
113 172
14 87
102 215
24 234
33 111
157 245
47 58
40 52
207 248
61 201
0 87
39 244
4 156
112 162
137 139
204 236
100 184
159 210
81 131
68 145
79 242
17 241
100 141
75 126
161 210
63 118
93 103
156 164
55 72
2 109
7 83
34 147
117 119
201 219
63 122
70 161
192 202
75 118
122 244
27 94
162 233
128 147
180 187
207 213
49 153
94 217
130 157
49 242
17 159
192 224
39 75
35 154
24 142
44 153
92 109
94 235
104 192
23 127
62 205
26 237
143 144
107 246
102 174
181 201
0 214
113 144
109 226
146 155
190 205
74 95
170 242
15 130
19 69
152 184
121 247
11 27
75 109
118 163
93 179
162 242
84 180
86 226
78 131
59 153
99 230
15 154
140 152
99 222
142 188
41 183
33 183
189 216
38 163
234 238
26 121
67 71
57 229
15 206
127 176
53 62
35 48
11 122
136 233
3 34
53 174
120 244
16 111
237 245
151 217
62 133
28 95
192 219
82 201
74 176
36 150
58 212
229 230
82 173
56 136
36 57
12 145
80 147
7 138
92 227
13 74
40 185
181 241
176 186
54 105
144 151
92 235
17 89
228 250
5 174
199 250
86 201
86 243
37 42
62 170
58 70
130 191
77 169
48 132
216 237
11 54
73 136
154 223
0 246
63 133
3 58
40 113
29 112
0 66
60 239
185 202
124 233
12 199
99 186
3 166
132 243
47 124
29 35
139 147
118 175
79 240
143 161
170 172
203 206
172 237
9 148
129 222
95 198
145 222
85 133
23 125
80 127
95 247
175 200
19 50
16 150
115 206
75 89
180 233
11 234
177 220
60 210
87 118
155 236
121 136
15 85
41 109
90 190
5 66
187 239
36 234
108 183
4 124
19 126
22 186
43 174
122 208
34 71
58 188
20 200
6 188
72 134
36 206
106 141
21 242
58 126
81 136
237 239
138 151
79 80
74 133
36 77
21 49
52 88
113 149
15 73
32 123
2 221
76 227
9 24
175 240
70 145
1 7
198 240
46 229
35 164
2 101
102 208
33 144
93 112
14 104
36 174
39 116
164 211
68 171
47 138
2 14
61 119
87 200
114 129
206 242
14 154
98 152
92 214
20 44
26 166
181 199
106 152
21 223
101 111
103 183
163 230
124 188
66 227
164 204
42 227
49 62
28 154
9 150
17 31
61 239
107 119
28 91
90 96
18 226
27 194
0 72
102 155
154 180
99 126
67 133
87 89
53 148
145 147
119 232
51 91
63 192
34 94
149 225
47 159
85 202
228 246
49 206
69 147
34 49
155 180
196 210
48 188
5 180
72 218
8 44
5 38
7 107
124 225
38 195
151 185
90 209
92 200
3 207
122 248
97 169
126 175
164 219
58 109
5 50
15 237
43 150
47 170
155 181
53 55
6 37
188 232
142 170
37 88
165 211
124 164
143 159
152 199
180 196
2 236
237 242
193 227
63 110
61 159
77 246
33 189
85 245
12 195
6 117
88 204
35 54
205 231
208 236
218 234
125 209
141 214
78 185
142 203
128 184
107 176
28 65
14 126
8 156
219 247
8 32
145 152
91 117
28 246
156 192
11 14
41 223
41 153
58 202
79 119
148 157
223 240
134 235
54 136
110 193
24 231
31 161
131 195
26 120
101 234
42 133
156 235
181 225
76 187
17 158
38 118
200 222
2 12
156 224
59 173
86 208
26 221
194 219
91 130
89 98
117 206
117 132
26 195
199 224
83 229
78 148
183 235
100 186
49 84
34 75
111 167
30 133
159 163
37 215
41 107
110 141
32 219
160 217
31 39
52 197
64 205
198 229
133 176
116 118
57 62
4 128
42 172
14 77
175 247
157 238
36 122
51 112
18 21
68 221
111 154
193 236
87 136
55 162
112 201
28 106
154 190
34 77
29 169
70 165
142 169
61 117
88 243
7 219
27 244
218 248
56 225
167 227
142 210
221 228
188 190
48 233
3 183
26 49
6 183
4 116
160 189
150 229
26 128
5 215
188 244
40 53
20 160
138 196
141 165
63 106
157 205
184 215
44 49
28 212
13 71
189 204
128 189
108 154
118 126
17 105
62 117
100 147
47 81
44 144
128 224
128 151
50 244
58 139
221 229
100 123
166 245
71 146
133 219
90 175
13 234
28 86
3 204
68 121
25 80
75 174
136 231
16 144
1 3
48 140
122 229
28 244
179 225
154 188
151 209
120 146
55 222
34 196
63 92
50 183
128 196
55 241
15 233
45 78
23 132
124 207
2 240
34 79
144 170
22 194
130 185
201 247
162 239
34 250
22 59
206 213
8 195
102 232
132 242
149 162
24 211
64 230
32 203
179 209
25 241
150 250
15 171
165 214
85 113
172 222
20 157
122 193
115 218
120 220
224 227
28 83
81 88
45 140
156 174
3 50
37 201
157 158
109 162
167 208
92 110
137 147
29 189
14 249
69 148
107 187
51 220
80 99
114 224
52 172
53 123
183 193
85 93
137 155
43 227
58 190
108 137
67 213
145 162
167 177
216 218
9 156
36 134
62 202
206 239
40 102
68 102
13 83
198 200
155 235
91 218
66 238
17 28
20 131
14 100
50 151
232 240
32 127
208 218
30 56
34 63
93 155
23 143
85 136
44 61
171 207
14 97
34 193
4 62
86 180
3 10
19 102
162 191
157 221
22 107
218 243
73 129
36 143
54 61
21 61
18 97
119 189
62 129
14 21
170 193
55 118
11 66
15 100
103 209
122 205
34 56
65 88
131 162
31 50
74 163
47 70
43 165
0 225
6 61
145 181
8 207
12 152
57 135
106 135
72 145
60 242
110 228
185 244
167 214
8 16
10 160
13 48
49 160
137 151
29 86
150 240
11 115
15 210
4 32
105 114
134 232
69 138
71 142
59 124
231 240
54 217
51 115
93 207
125 221
146 210
80 132
10 177
2 174
32 35
9 206
43 44
89 101
203 224
83 123
88 162
52 106
159 176
155 198
133 168
102 240
50 202
105 234
82 119
146 200
42 182
36 222
2 205
171 232
119 249
177 226
0 38
183 192
23 111
47 51
57 86
93 123
140 162
162 204
111 183
188 198
2 137
122 189
27 231
148 236
15 153
68 165
86 227
17 140
193 197
148 225
37 249
146 238
150 182
46 147
2 104
100 121
33 243
99 177
221 237
113 189
24 168
80 98
5 198
176 232
144 216
82 184
103 184
109 165
6 46
33 222
33 223
3 22
22 121
111 230
17 172
215 233
204 219
14 111
53 233
61 103
124 132
12 48
136 178
159 166
55 71
93 187
107 237
7 17
145 241
67 140
181 239
10 53
155 208
67 195
191 206
128 223
18 156
18 224
85 211
127 143
14 146
14 140
84 212
148 164
64 213
208 217
6 224
128 132
199 208
80 225
68 227
97 244
117 193
55 88
38 90
151 175
69 120
118 133
17 51
5 79
67 242
47 245
55 209
102 220
111 202
192 247
188 194
82 197
158 187
54 158
76 225
134 175
56 84
189 211
98 222
180 225
82 117
215 223
56 212
68 224
84 163
10 214
171 200
116 128
147 217
53 218
122 185
19 217
34 210
15 213
0 229
51 139
116 205
109 184
98 120
18 34
161 250
23 109
0 27
55 145
43 142
13 114
27 184
155 203
5 114
39 92
148 207
9 97
30 62
146 162
146 216
36 199
91 248
191 215
144 193
80 197
96 165
25 56
93 168
42 84
192 244
117 198
102 218
101 181
37 184
22 67
162 225
144 185
39 72
83 87
36 184
25 107
90 234
216 244
79 81
173 225
130 167
9 102
75 206
217 234
126 155
40 238
7 110
193 215
107 175
92 249
109 215
28 187
81 191
76 96
43 153
151 248
216 231
36 79
17 136
0 184
70 158
0 42
15 46
173 250
17 225
48 117
46 242
34 72
73 218
2 67
85 222
155 215
177 216
159 224
45 156
55 130
113 147
81 85
88 130
99 133
30 140
128 152
35 56
147 178
148 200
116 121
69 174
214 241
188 242
5 90
26 187
157 175
67 186
96 243
35 66
48 204
8 243
168 225
71 204
179 227
139 192
60 194
51 117
114 121
200 225
22 106
172 188
5 60
12 222
122 201
43 228
154 196
43 205
103 152
48 225
40 96
4 46
214 217
39 134
136 214
56 158
11 89
9 203
125 156
126 147
20 226
160 240
7 170
47 188
109 173
137 157
104 153
61 88
79 168
52 160
125 187
28 181
41 188
110 185
66 245
39 70
78 189
167 204
55 126
158 224
115 145
65 177
116 137
12 171
97 165
70 176
37 71
195 223
177 247
80 82
121 138
49 117
78 249
2 250
15 109
88 198
136 158
27 80
100 171
4 97
30 114
15 172
83 212
44 86
71 180
83 247
108 159
62 227
181 220
102 193
123 190
78 87
87 222
99 191
12 15
103 166
28 164
179 192
23 51
5 200
49 248
13 123
8 250
41 108
31 142
67 115
143 243
100 246
136 230
100 131
24 178
83 235
30 148
228 229
36 233
65 84
73 115
45 248
97 225
83 205
98 108
52 170
3 29
77 203
105 236
75 243
82 160
104 197
85 153
24 155
40 133
88 161
160 206
91 116
4 92
189 199
82 247
97 149
12 170
111 175
110 165
37 40
32 109
37 121
139 153
40 137
211 217
94 155
56 99
66 165
188 219
27 44
125 172
47 155
75 205
50 67
160 249
90 231
101 109
67 177
25 54
172 248
42 195
79 250
148 159
62 185
110 223
65 223
49 235
129 156
119 147
19 72
182 199
175 192
170 249
106 220
120 229
21 181
9 36
55 202
45 107
90 144
123 154
7 149
35 71
78 107
28 92
90 164
136 209
118 131
131 132
169 210
43 167
212 248
151 201
23 84
80 223
12 176
113 212
197 232
0 241
123 186
55 99
37 124
74 153
68 198
189 198
116 208
141 182
74 168
121 194
59 224
197 220
141 224
148 247
141 153
150 223
104 143
172 189
125 131
31 200
32 47
44 145
108 181
65 80
87 92
182 226
168 190
79 237
206 224
132 144
123 219
152 209
140 243
185 191
56 182
109 158
40 90
133 209
80 177
29 232
247 250
18 202
176 231
18 217
2 248
1 221
62 98
85 219
1 50
116 133
50 134
96 135
100 205
39 84
22 171
14 210
105 132
1 236
53 143
215 239
119 148
88 184
20 70
202 239
184 238
67 203
215 243
103 123
9 61
134 194
35 50
101 135
149 173
196 219
20 111
19 225
85 134
3 149
56 191
126 230
2 92
67 241
12 81
135 212
48 183
148 222
5 145
32 153
111 141
113 220
63 248
15 202
158 247
32 214
19 66
6 176
103 194
51 250
60 236
29 91
17 139
137 230
83 249
165 248
2 204
17 245
62 153
100 134
152 203
79 157
113 155
2 120
211 249
5 95
85 236
22 160
17 72
123 159
4 51
79 100
1 77
15 98
66 244
7 27
113 123
35 208
62 206
184 219
209 227
96 111
2 206
23 110
97 153
9 161
74 123
154 164
152 207
165 227
154 231
84 165
3 147
234 242
127 201
4 207
41 214
183 199
17 214
130 237
82 209
229 248
96 109
81 101
11 202
34 115
80 122
126 189
155 171
3 158
8 246
31 35
105 212
57 217
96 206
113 245
37 49
20 139
101 203
95 227
97 231
62 127
118 178
45 185
38 130
230 246
28 236
111 156
137 142
14 228
32 235
163 179
5 21
199 217
111 190
33 201
231 246
93 154
49 82
131 153
28 146
26 112
100 151
3 38
82 105
212 217
81 210
76 188
160 179
23 78
21 107
129 199
230 237
14 156
45 182
202 216
98 107
196 235
21 157
74 205
163 195
48 102
191 203
99 240
165 170
18 162
94 242
65 75
46 194
32 125
127 159
15 21
52 57
16 190
55 195
93 204
145 244
38 107
87 120
129 167
145 195
180 224
137 249
28 183
112 190
59 70
168 205
98 208
15 164
59 93
138 162
22 175
21 45
203 219
6 161
21 94
134 165
95 170
13 19
136 192
42 117
10 186
73 171
23 26
57 139
124 160
105 244
201 218
19 56
24 175
68 88
118 208
21 221
14 94
210 241
64 162
180 199
234 239
12 219
11 201
84 198
212 243
145 248
152 219
63 75
81 200
24 99
193 218
13 122
29 41
32 210
209 235
15 217
180 239
31 189
43 175
140 147
13 159
112 124
27 247
16 76
44 97
159 231
4 235
111 189
38 112
192 199
15 147
130 180
33 227
147 197
31 181
96 190
77 93
123 142
9 35
39 147
3 193
111 131
79 209
96 213
114 152
4 121
155 190
243 247
207 210
26 189
48 199
80 203
225 236
57 219
201 225
84 141
29 145
33 38
24 213
100 244
95 130
69 181
69 209
25 110
47 116
131 232
103 181
100 135
63 129
49 183
54 225
83 120
6 153
198 218
5 217
164 239
9 57
22 136
8 157
89 123
13 66
134 227
78 235
30 168
23 107
121 153
130 221
97 250
177 186
70 207
139 148
115 172
179 233
109 146
211 218
122 136
139 159
11 154
208 216
87 166
104 187
240 244
39 195
215 236
100 127
28 148
26 146
31 201
1 189
0 90
66 196
200 241
51 150
169 188
31 230
38 175
157 236
187 226
202 227
103 119
27 28
61 168
110 246
94 146
70 155
129 131
5 148
105 174
41 72
25 164
78 177
10 235
61 92
153 166
1 53
74 246
75 207
18 121
10 85
34 225
19 246
10 236
53 82
22 143
18 199
30 196
31 52
81 99
39 90
70 141
75 191
100 243
66 200
78 106
129 230
165 250
26 228
11 194
23 194
80 84
10 66
115 165
1 128
185 199
83 177
11 110
189 250
25 106
19 70
49 249
17 103
36 113
187 221
51 152
16 120
21 72
158 249
18 207
66 121
28 111
86 178
137 219
2 102
24 81
32 64
74 184
74 209
20 56
103 189
157 195
33 204
74 196
21 247
27 114
143 233
26 53
36 91
150 190
35 105
55 125
54 208
149 210
11 91
53 215
20 80
141 154
163 185
104 164
69 193
48 142
1 219
75 122
25 103
97 121
59 67
156 171
128 214
20 51
95 223
80 123
7 98
184 225
168 195
52 191
21 226
123 246
85 142
80 114
124 131
64 239
69 182
88 232
2 232
59 102
132 135
92 230
167 216
30 190
43 222
109 187
0 144
210 242
92 191
76 234
88 222
46 231
78 206
154 158
189 236
54 113
74 103
136 185
220 238
76 106
7 248
44 47
63 66
66 138
0 92
24 58
205 211
4 249
6 91
73 139
60 75
116 127
59 240
114 153
67 75
67 137
46 184
219 235
90 215
95 96
119 211
180 234
13 177
3 9
46 55
106 130
80 112
130 138
119 225
67 236
203 211
83 193
79 90
122 242
17 160
0 17
107 194
65 90
103 234
10 27
104 214
4 163
128 217
22 39
28 234
122 228
64 241
208 246
30 166
12 249
76 219
145 219
107 152
164 206
22 172
115 240
48 165
22 109
23 119
64 141
16 61
143 225
184 195
178 189
131 192
64 110
68 185
40 54
52 102
34 180
62 236
19 88
48 139
161 184
89 179
82 93
171 182
95 249
153 219
33 95
68 197
161 226
171 225
123 213
127 158
48 53
114 227
126 228
46 53
209 241
21 160
48 200
126 180
96 156
33 250
62 103
13 31
83 136
114 240
123 210
52 186
36 171
30 234
175 183
70 204
6 150
115 220
48 123
66 204
146 194
118 209
148 210
95 222
79 108
134 182
80 133
45 160
186 194
58 114
55 103
168 181
43 109
192 216
96 112
84 197
79 162
73 141
163 214
100 209
110 191
149 159
59 223
70 76
84 117
16 65
13 87
80 213
75 83
60 227
80 228
101 190
130 177
29 141
205 228
54 185
48 192
4 10
124 156
184 233
111 205
182 221
25 114
6 122
55 234
32 168
10 212
5 209
48 171
100 142
4 192
30 220
54 245
48 125
19 140
11 163
203 207
203 205
124 138
26 42
0 30
6 141
99 102
20 92
150 188
20 185
131 199
114 120
32 190
10 209
17 146
174 201
16 114
128 182
204 225
70 146
64 152
106 182
63 128
101 202
137 226
202 215
19 187
50 160
228 242
55 217
39 109
199 234
29 108
154 155
71 90
27 55
7 93
89 171
34 244
1 127
26 170
175 237
45 52
178 243
121 205
54 210
163 197
14 119
29 104
9 90
62 102
50 246
124 140
44 134
19 191
27 198
122 223
166 243
62 195
24 226
53 157
36 121
80 164
161 172
96 221
205 247
56 207
195 226
25 62
86 111
97 136
181 192
163 177
93 113
92 212
119 158
0 119
106 221
122 158
108 245
84 152
5 240
153 184
0 64
16 240
159 229
20 67
153 154
100 210
235 244
186 239
13 231
48 124
82 167
168 236
3 11
32 204
21 87
96 192
65 250
46 170
27 152
92 115
122 226
131 248
10 240
164 205
40 221
1 173
11 244
50 116
28 69
33 154
211 215
55 119
6 206
3 163
195 212
178 233
3 15
179 182
98 102
65 101
25 86
60 109
97 119
126 160
55 160
159 238
97 125
209 239
159 221
33 180
71 128
60 130
1 47
166 169
0 193
48 68
20 196
215 226
154 185
189 193
68 159
0 161
9 192
12 248
0 111
54 117
7 26
164 172
71 170
206 223
150 235
4 196
41 152
168 172
21 232
172 210
55 76
93 190
82 204
76 210
11 219
163 206
227 250
131 135
107 136
17 73
128 221
37 169
105 197
71 159
177 248
33 245
105 169
10 203
41 105
143 218
139 190
62 75
179 207
31 211
121 185
60 231
60 73
1 210
100 175
94 211
12 217
138 153
227 243
201 226
58 155
42 96
82 202
242 244
29 233
96 138
1 6
13 230
22 181
26 238
13 28
53 72
56 190
17 236
32 134
36 227
144 246
8 86
55 123
115 223
8 96
109 205
77 226
195 225
28 81
205 236
73 172
199 228
14 141
41 201
146 154
40 50
87 99
45 75
14 49
9 75
3 42
38 234
11 26
62 218
155 219
115 125
190 242
157 211
231 234
101 104
89 206
45 161
51 174
20 68
120 186
20 241
16 242
119 164
103 105
23 65
141 148
58 107
115 170
56 148
10 164
183 242
183 213
121 249
20 87
13 216
127 160
81 141
22 123
62 97
9 166
1 192
46 50
65 98
31 179
174 220
152 167
64 202
66 71
121 135
87 140
16 36
100 167
97 239
36 245
58 144
34 92
40 62
33 84
0 45
145 210
13 128
98 230
40 172
76 93
11 51
151 155
21 139
126 223
66 135
9 21
18 133
130 235
134 156
11 133
57 237
163 165
51 211
189 244
117 137
41 170
146 203
160 210
65 83
120 209
98 138
63 235
15 209
112 236
17 171
16 106
189 247
152 178
103 118
155 191
139 180
75 221
141 167
199 211
111 152
61 240
145 211
164 246
178 230
31 89
42 249
114 173
136 164
155 166
93 213
120 233
152 173
90 193
51 219
80 134
44 186
154 238
86 87
118 161
0 101
25 216
69 208
51 179
83 139
38 209
5 63
112 179
101 220
120 170
155 222
117 159
188 228
33 197
77 136
226 233
28 44
43 133
144 156
3 70
65 182
27 232
98 173
238 241
44 121
111 233
137 250
213 236
4 66
134 161
75 136
15 152
126 128
80 206
1 123
14 197
172 229
43 179
167 248
114 203
155 167
91 164
147 206
48 81
87 203
86 165
184 192
83 131
3 152
1 59
160 208
14 153
159 225
123 155
83 168
139 209
179 180
196 218
144 180
104 240
36 67
5 130
158 162
128 159
120 227
77 192
152 226
48 54
175 195
67 235
43 233
129 232
4 165
54 114
199 235
24 37
17 124
9 242
112 218
108 216
7 190
30 210
201 238
132 204
163 227
36 75
104 123
14 28
67 87
86 188
18 160
33 55
18 147
2 162
92 241
34 215
1 222
107 196
138 221
174 191
3 23
45 204
29 182
5 14
6 184
147 245
23 225
99 208
171 177
201 237
173 194
11 38
125 134
182 194
167 239
75 156
86 238
29 39
27 120
54 112
9 99
121 164
45 137
110 189
58 167
212 240
64 111
94 172
101 195
43 245
1 147
25 92
45 225
86 190
183 186
72 92
77 161
29 128
18 232
1 230
76 136
152 250
32 90
92 101
141 185
174 218
86 196
50 237
114 177
15 234
47 96
227 235
97 230
33 149
140 249
40 142
62 104
99 150
118 130
146 221
22 71
13 61
62 83
102 247
29 37
87 164
76 165
50 155
211 230
102 170
165 236
91 185
28 178
6 232
45 214
15 157
28 55
64 209
43 240
8 85
40 212
95 230
84 97
68 158
102 199
84 157
145 197
16 35
21 154
24 193
133 225
40 87
171 173
26 171
40 227
172 207
32 112
202 210
103 176
143 151
105 245
132 174
87 183
128 231
16 194
60 133
127 224
114 207
144 234
151 192
95 168
80 96
99 239
119 122
65 134
69 102
25 152
63 182
77 88
29 161
125 152
112 143
105 229
181 187
6 246
107 171
31 107
81 250
80 126
43 247
110 162
158 204
28 243
156 223
140 213
173 192
61 172
8 152
69 166
92 243
161 200
70 122
147 224
160 163
41 139
8 171
179 208
46 204
178 187
8 212
89 243
50 102
26 215
92 136
106 168
27 99
134 202
77 122
22 216
123 226
11 71
50 144
