261
7
23072
60
93 2
112 2
109 2
119 4
84 2
100 3
87 3
107 1
85 4
82 2
92 1
104 1
122 4
100 1
123 2
103 1
119 3
116 4
87 5
113 3
114 2
108 1
113 3
104 5
98 2
95 1
83 5
91 1
90 3
122 4
110 4
89 1
106 1
92 2
83 1
88 2
97 5
83 1
116 2
101 4
87 4
105 2
111 4
99 2
90 5
85 2
115 2
117 5
86 4
112 4
111 3
109 5
82 2
102 2
86 4
84 2
114 2
121 5
102 3
114 1
119 4
119 2
100 3
108 1
83 2
81 3
124 4
84 2
83 5
81 3
109 2
123 4
117 1
103 1
106 3
112 4
99 3
105 2
101 1
98 3
93 5
119 3
120 4
109 2
106 1
98 5
85 4
110 1
109 1
87 3
104 4
120 2
122 5
97 3
116 3
106 2
103 2
95 4
92 5
103 4
108 2
95 4
106 1
123 4
122 4
113 3
114 5
102 5
119 1
119 2
94 5
100 3
117 3
121 4
124 3
99 3
97 5
107 1
91 4
94 4
116 2
97 1
111 2
107 3
92 4
102 3
103 2
106 3
113 2
81 4
102 4
106 1
121 5
124 5
97 3
108 3
116 5
83 2
120 3
121 5
124 4
119 1
86 4
124 5
81 5
103 4
86 4
113 2
106 4
88 2
122 3
118 4
86 3
111 1
89 1
85 2
97 1
102 2
97 3
88 3
84 1
101 2
104 2
95 2
94 1
96 5
97 1
118 4
106 3
108 2
107 3
121 2
109 3
97 4
114 2
98 5
121 4
112 1
121 2
114 2
97 5
85 4
114 2
82 2
83 2
83 3
102 4
120 3
86 4
110 5
103 3
118 2
97 5
120 4
92 4
92 4
91 1
116 4
110 2
119 2
105 1
81 4
89 3
110 2
96 4
116 1
119 5
90 1
118 5
97 1
104 3
124 2
113 3
96 1
88 1
97 2
113 3
81 2
90 2
115 2
96 1
87 3
97 4
106 1
123 2
109 5
106 3
102 4
91 2
114 5
85 4
111 2
106 3
105 1
121 1
111 4
106 2
117 3
102 5
116 5
120 4
111 2
95 4
116 1
86 3
90 1
122 3
117 4
94 4
90 5
114 4
84 3
108 4
117 5
96 3
100 3
97 4
117 5
105 3
84 4
111 3
131 224
75 94
176 233
200 219
139 235
133 243
192 252
66 145
172 244
83 97
131 191
74 180
3 102
251 253
35 255
2 72
37 128
90 245
124 198
7 158
5 213
103 158
34 198
59 73
73 159
116 230
208 256
102 165
197 225
135 137
6 75
131 209
73 180
57 218
181 239
14 185
30 120
213 232
218 258
19 233
53 78
28 160
12 205
49 195
25 229
74 217
84 240
140 158
45 205
182 232
143 162
211 228
42 167
7 247
38 67
12 241
151 205
113 195
155 236
26 238
85 256
104 125
152 239
205 235
55 246
38 153
92 214
90 256
95 228
18 65
119 148
57 181
88 234
60 114
2 131
61 161
19 166
79 119
99 177
80 126
197 249
197 207
74 154
93 124
16 99
176 195
123 212
101 138
28 73
42 222
23 86
70 98
108 125
162 204
3 239
34 220
104 244
22 180
7 31
136 210
161 214
97 250
230 243
0 132
139 250
11 215
111 222
1 169
131 238
65 86
20 137
102 194
132 179
28 198
27 252
11 149
32 47
115 236
41 98
3 208
32 172
145 225
43 139
176 242
92 218
162 226
62 147
93 116
171 222
10 98
36 163
155 215
184 251
7 53
145 243
173 245
50 138
116 133
70 160
147 188
200 230
21 27
6 239
71 219
36 202
237 238
44 107
58 184
96 161
52 59
10 179
129 200
110 202
49 250
60 186
50 126
191 206
180 195
108 238
26 67
191 259
18 49
105 243
55 224
110 233
194 240
88 141
186 230
98 239
76 186
5 142
75 166
13 191
178 260
95 202
24 150
98 214
1 168
140 168
195 237
85 127
148 208
57 89
124 243
241 246
0 210
117 241
33 45
95 240
44 232
13 258
46 223
38 210
166 231
18 202
136 248
71 80
221 225
60 215
34 213
11 76
131 223
0 164
70 76
47 96
50 223
32 124
80 207
11 34
139 170
44 97
160 234
41 258
19 260
121 255
54 131
108 141
204 210
119 176
122 185
68 112
166 190
63 207
11 160
105 171
47 71
65 251
16 162
30 249
84 176
4 227
9 39
13 164
175 212
32 198
4 173
87 247
16 118
194 205
116 174
194 221
38 245
138 172
75 206
2 259
4 100
147 237
62 219
147 162
54 211
11 51
196 246
166 250
3 92
202 222
30 198
214 243
190 221
93 138
151 216
27 233
26 61
186 199
22 158
1 41
11 157
46 160
184 187
34 140
11 27
125 170
119 260
208 258
22 128
171 259
51 147
62 197
33 235
14 195
27 243
140 191
150 257
170 251
192 228
22 53
206 255
93 109
118 197
150 252
96 214
48 143
49 173
129 189
18 50
48 55
146 148
112 127
4 31
172 179
15 208
90 166
219 235
69 195
26 190
179 196
92 114
24 240
34 242
182 250
147 260
38 84
100 165
114 236
175 235
184 186
33 144
14 69
67 77
41 150
148 191
95 196
26 60
23 147
13 160
111 252
183 205
133 211
5 13
38 113
97 241
155 212
10 25
57 147
2 247
9 56
28 212
214 230
30 64
84 191
19 177
22 181
43 120
159 176
34 176
184 259
151 203
3 160
185 189
69 190
152 185
50 164
160 248
91 222
122 229
60 167
17 175
2 120
61 252
74 184
1 12
73 225
124 189
174 229
167 198
59 135
198 243
40 171
155 257
46 225
158 236
141 166
97 170
231 258
50 179
77 155
53 132
104 128
57 148
67 253
3 187
98 167
218 254
44 177
27 200
152 175
195 260
71 151
59 61
136 197
67 134
73 183
217 224
163 214
125 158
64 143
97 228
24 156
125 156
53 154
117 220
57 58
111 253
23 187
19 91
80 108
163 228
109 155
22 23
85 139
165 194
23 31
131 231
106 214
209 256
66 253
132 207
85 229
183 219
99 195
172 182
78 189
146 247
179 201
26 174
159 182
83 116
24 187
129 241
104 175
160 239
68 176
87 193
36 119
5 83
87 145
30 185
236 251
25 55
21 132
55 199
216 249
178 203
55 183
9 187
96 155
81 212
37 219
48 225
11 66
159 235
107 135
0 11
46 150
42 206
221 255
76 155
127 211
48 140
34 204
214 220
10 83
49 255
79 218
70 72
128 172
51 99
102 230
114 186
78 195
139 186
23 176
11 246
243 252
73 220
241 253
24 69
117 148
86 136
128 232
124 148
100 147
200 221
53 161
20 158
220 247
122 227
102 215
0 101
82 209
107 150
82 201
100 122
47 165
76 78
52 189
115 189
172 238
129 169
118 153
4 207
27 225
120 142
2 134
175 185
114 217
71 213
142 148
116 166
59 87
94 193
86 213
22 151
43 238
132 257
158 211
100 238
229 234
22 238
137 157
53 84
86 150
83 109
36 225
156 243
132 166
166 208
46 114
60 185
183 188
85 87
81 86
203 205
138 179
8 132
81 214
22 190
199 228
87 194
204 255
195 224
154 180
163 241
167 250
50 60
224 236
58 240
195 244
33 79
56 193
80 256
39 118
129 202
35 165
204 242
40 46
135 141
25 116
9 43
3 26
56 210
39 81
82 146
231 239
48 115
19 137
19 111
132 219
151 224
116 213
201 216
6 198
31 144
8 209
64 190
76 182
210 240
12 82
27 146
3 165
82 256
37 120
112 176
54 246
45 241
144 170
53 82
75 141
1 30
134 213
45 108
197 198
29 202
0 15
151 257
56 231
9 200
21 232
121 161
135 159
63 155
173 243
101 207
37 173
184 200
64 157
17 170
189 232
119 247
35 116
72 171
42 215
53 223
6 57
125 213
164 214
12 150
49 120
136 230
60 81
55 207
23 245
113 240
66 126
71 136
8 237
179 239
56 71
80 233
119 164
98 225
18 153
15 234
206 211
204 209
229 243
29 79
227 232
201 220
25 237
0 84
50 175
94 129
34 230
109 226
53 202
69 227
127 233
198 252
204 257
58 216
158 191
196 235
50 155
174 251
199 256
66 89
59 240
101 123
163 186
42 150
172 177
84 142
21 116
25 90
200 222
167 258
72 117
109 212
21 174
26 109
27 169
143 160
50 151
23 133
41 197
7 125
70 158
62 174
98 150
178 234
17 43
7 61
117 199
32 259
80 156
61 124
178 253
133 159
179 246
106 132
86 260
132 228
101 105
25 110
68 117
54 82
89 213
56 184
11 50
181 224
99 153
78 259
68 212
114 222
58 123
113 119
179 212
88 128
139 241
23 207
18 196
33 41
3 112
65 168
6 26
48 58
57 222
99 206
16 173
112 196
172 208
219 250
165 233
93 240
52 129
202 251
82 188
238 243
122 224
2 40
214 235
87 199
8 226
33 102
39 161
32 84
151 222
44 237
104 216
165 245
219 251
76 252
223 257
3 60
25 48
194 200
6 215
183 202
206 215
62 110
66 133
47 256
149 243
163 233
45 52
126 242
121 188
80 91
57 219
97 173
32 40
78 139
55 190
1 171
70 213
53 208
54 178
40 139
55 56
144 209
127 217
57 132
16 200
86 88
42 105
94 101
122 250
135 219
75 103
56 128
114 121
116 170
23 26
29 158
97 140
31 257
36 140
99 102
206 237
10 141
81 226
130 206
98 119
162 252
13 64
7 181
90 104
90 126
110 167
203 219
103 105
68 105
42 243
76 93
97 209
137 254
166 253
122 225
52 222
171 192
16 183
89 211
231 242
20 226
150 189
90 164
20 78
92 129
128 197
250 252
153 182
163 221
9 257
196 225
24 250
252 253
138 260
28 62
184 248
137 198
17 40
65 111
111 254
41 107
166 204
14 229
147 194
107 215
67 202
53 239
153 208
9 132
98 101
76 222
30 177
183 253
152 172
5 244
48 90
93 111
164 182
26 198
177 178
22 34
19 173
160 221
43 239
117 168
99 190
137 202
84 144
198 250
208 209
43 133
177 260
141 194
9 234
15 120
25 119
7 90
70 244
46 159
114 122
125 233
44 242
122 160
147 190
90 183
14 252
48 149
77 134
177 234
130 165
36 215
16 176
106 120
86 219
100 230
119 172
30 130
205 245
38 46
107 200
6 90
9 94
80 115
173 181
31 63
64 184
103 206
18 23
72 218
66 227
21 177
18 225
54 132
87 166
64 120
109 223
130 234
1 211
45 57
106 256
184 227
188 219
199 206
48 124
93 98
92 221
140 226
208 236
0 175
81 246
75 132
183 189
66 171
173 214
21 213
195 250
13 144
181 260
160 251
157 184
2 87
169 172
186 213
8 240
170 222
93 180
178 233
15 197
0 105
146 216
46 141
170 209
77 151
45 68
37 159
35 151
110 215
92 115
130 153
23 223
174 258
59 222
4 96
199 202
96 208
61 94
223 258
169 193
2 234
5 52
42 210
68 248
6 68
135 216
53 179
146 177
143 161
48 232
78 86
38 179
37 70
70 209
135 224
172 232
4 183
103 129
11 47
34 144
69 223
137 248
0 168
0 10
110 217
136 148
52 258
19 29
140 219
185 204
22 172
92 247
170 248
111 192
28 252
72 215
10 142
71 82
89 152
38 61
4 106
16 204
26 218
135 173
80 199
111 113
119 146
4 35
124 151
25 183
103 143
138 214
53 233
0 28
37 71
19 196
168 228
129 214
132 213
43 128
39 230
101 139
5 101
6 48
47 254
102 204
109 138
121 176
7 20
107 161
16 168
178 211
19 114
196 234
73 250
108 246
9 42
14 189
14 203
31 181
27 246
98 258
25 86
7 149
188 194
65 121
98 122
122 246
66 199
101 122
27 81
29 178
30 77
160 167
15 111
57 84
168 241
206 222
5 220
32 103
148 229
118 137
144 159
8 144
92 96
36 130
26 248
197 238
40 225
68 154
132 154
64 69
65 129
110 171
14 199
85 218
33 134
89 167
4 108
53 251
47 250
24 63
158 193
113 212
214 236
93 199
2 38
137 190
170 258
78 114
96 217
91 246
50 163
6 185
59 210
63 116
213 233
63 159
105 122
130 179
151 243
150 174
178 184
106 246
9 63
163 196
155 192
95 164
39 115
81 131
23 241
89 124
39 253
30 78
11 198
17 110
6 19
147 184
136 240
50 145
40 77
75 201
185 196
201 231
118 256
115 186
31 80
34 36
41 74
226 247
69 213
232 253
62 123
220 240
237 254
116 175
5 150
15 177
18 118
181 251
44 254
8 148
69 146
43 207
62 162
13 227
156 232
27 229
156 190
13 81
74 183
173 252
47 95
5 240
97 125
2 141
80 139
201 214
214 228
62 255
12 148
150 183
19 135
38 221
74 106
9 72
28 54
69 260
59 254
55 82
56 63
129 240
122 217
89 169
15 65
43 233
95 110
176 221
72 219
252 259
126 235
187 228
237 250
60 230
22 188
19 257
29 175
145 179
115 136
31 246
110 199
40 57
136 222
115 193
149 223
26 63
13 29
77 87
179 259
193 208
43 209
151 182
73 153
67 196
112 126
102 231
58 142
76 88
41 244
22 88
40 164
150 224
91 141
77 161
89 154
81 85
200 243
144 185
32 126
134 208
94 191
80 142
79 101
24 128
63 167
132 144
91 249
49 74
135 179
6 221
47 213
38 59
48 241
44 214
38 131
235 250
73 136
33 139
30 204
37 119
64 208
38 252
115 241
37 66
10 21
133 185
137 155
42 83
95 124
63 195
94 229
22 110
62 201
117 147
14 237
101 104
39 61
14 246
145 200
243 247
68 255
175 184
79 216
86 178
104 183
54 242
53 253
219 226
23 51
204 238
23 230
52 153
40 175
6 35
60 116
207 235
35 206
103 251
155 228
241 259
48 169
61 148
134 230
50 246
125 136
72 181
54 130
67 257
42 196
72 101
124 162
142 209
67 90
5 87
89 260
132 194
13 150
7 137
20 168
8 88
77 238
21 63
108 200
4 76
150 165
129 217
45 161
90 95
0 219
84 111
1 16
181 223
102 120
175 211
143 188
20 167
180 223
141 210
177 238
72 126
22 222
190 240
41 210
69 82
207 253
154 175
75 168
89 226
98 130
25 213
141 229
231 249
33 64
30 232
79 162
6 20
27 121
5 136
41 111
61 133
97 245
59 158
94 192
28 236
12 182
202 228
117 257
45 202
43 99
33 62
138 184
42 59
206 240
112 130
221 252
146 255
228 259
17 243
98 228
65 76
38 186
75 98
101 140
23 98
57 65
23 81
136 139
7 218
130 182
80 212
133 252
110 180
40 159
24 78
218 242
163 215
186 227
49 241
58 59
85 193
14 178
186 198
215 228
226 237
103 159
14 34
74 190
68 190
50 99
137 241
65 209
40 115
2 176
40 224
143 189
155 183
208 212
101 151
194 195
141 193
44 99
24 100
29 58
54 116
74 175
29 85
79 198
14 52
48 213
37 234
208 211
139 203
200 229
213 238
70 137
5 103
144 205
91 214
67 128
43 204
118 127
112 152
110 196
61 77
128 198
166 196
23 182
44 212
40 232
107 256
113 239
11 62
32 147
22 91
168 224
81 146
100 211
102 237
111 190
89 98
57 117
127 218
115 168
179 219
256 259
45 243
146 173
3 260
99 180
137 143
11 139
104 247
51 64
75 76
158 179
60 151
38 115
35 170
113 165
35 52
64 220
53 87
70 127
201 226
69 168
13 43
71 135
54 136
122 144
116 211
173 195
42 47
43 68
67 87
112 129
36 142
22 142
86 207
25 242
22 219
10 260
162 178
169 218
129 173
139 214
137 172
28 233
107 184
52 58
157 160
8 180
70 205
6 237
51 83
138 191
5 146
166 188
169 194
57 160
154 200
75 223
77 124
35 178
12 126
64 119
84 229
32 243
99 138
154 205
119 210
14 89
31 243
149 187
130 252
30 63
117 233
31 260
88 147
147 182
106 254
128 181
20 42
119 173
134 178
50 113
45 166
78 220
129 188
145 233
125 132
34 105
136 162
55 156
125 237
105 152
153 216
2 45
38 244
8 98
6 129
17 62
44 179
20 260
122 157
146 155
123 173
40 62
22 65
28 251
38 157
32 77
49 103
115 207
29 95
55 165
0 92
137 146
88 256
61 179
149 162
119 226
245 247
95 135
46 186
140 183
65 218
16 243
160 207
78 246
179 223
12 47
50 244
77 187
213 225
113 137
105 145
46 134
57 167
25 36
46 69
48 177
80 141
43 74
162 246
48 257
7 164
115 202
180 237
138 193
2 172
61 185
38 162
148 258
174 247
43 125
98 156
70 257
68 223
67 80
45 215
40 229
73 204
70 239
137 189
120 203
193 241
43 148
179 214
60 206
28 103
132 157
70 169
72 230
34 78
92 226
96 97
3 110
9 176
11 97
52 246
87 109
77 229
29 83
45 95
59 228
54 175
4 42
28 202
92 142
67 70
6 110
97 234
87 141
33 238
115 258
222 244
105 223
91 255
22 192
38 91
156 223
2 70
160 247
172 257
54 161
108 139
102 108
22 134
7 97
167 221
106 201
69 224
7 40
72 201
193 196
168 232
42 249
0 72
73 142
121 171
175 234
97 104
163 227
15 233
47 120
44 84
121 170
60 228
31 72
121 234
138 253
215 218
159 219
12 172
35 203
27 52
121 240
21 192
197 215
153 203
21 85
59 129
204 236
27 159
63 184
30 171
7 172
71 93
33 147
135 234
50 178
62 74
124 201
91 134
128 226
10 75
79 242
77 260
34 240
12 222
45 242
103 107
118 258
133 204
180 245
99 232
79 169
27 124
32 75
84 239
5 133
11 183
162 259
49 112
62 196
66 184
90 225
36 78
141 196
38 202
32 45
135 143
145 167
98 159
93 169
149 203
100 242
210 224
54 218
16 87
173 258
223 227
105 237
57 179
102 199
29 91
40 191
160 216
21 124
125 142
63 218
113 220
51 163
10 50
139 199
77 90
70 206
140 198
109 123
175 190
173 228
84 137
97 124
88 228
147 177
16 56
146 257
140 144
56 220
19 94
81 251
200 233
142 213
42 67
220 232
116 186
92 188
129 158
119 257
14 21
23 123
100 189
31 70
11 252
15 205
185 243
95 241
174 233
37 221
191 236
57 96
45 118
36 241
124 193
101 237
251 257
163 181
16 221
138 175
74 127
93 121
174 177
33 252
26 231
96 115
193 228
10 105
214 241
39 58
54 194
74 126
23 115
220 221
22 237
6 79
66 258
32 187
116 207
216 230
0 133
36 60
43 247
143 190
196 215
19 255
27 194
173 244
187 242
149 215
58 186
6 242
150 215
10 62
172 240
76 112
45 114
11 84
50 231
121 227
16 41
102 167
144 186
77 196
217 252
59 100
14 50
119 181
46 168
58 245
108 123
1 68
117 255
250 251
91 104
29 88
0 79
166 242
3 89
11 71
0 43
59 150
8 221
67 135
73 162
1 235
53 165
21 40
12 198
48 237
10 246
126 212
80 148
89 193
2 107
117 242
91 163
108 133
107 165
55 211
66 204
96 232
21 134
110 164
16 52
88 103
216 259
115 191
14 117
21 243
50 197
33 179
27 60
18 131
4 122
87 254
91 190
152 202
27 36
7 14
36 94
202 225
2 115
80 83
30 138
96 211
132 243
109 198
21 246
167 231
46 216
9 260
228 234
91 196
187 211
64 173
55 163
145 195
104 232
0 221
150 243
58 182
50 195
49 229
27 144
49 254
136 253
94 144
18 39
58 191
164 184
62 149
26 202
22 244
154 176
108 194
53 96
246 258
57 154
31 236
49 66
41 178
100 254
64 142
120 240
47 192
56 238
4 73
0 142
1 201
153 241
14 72
146 225
83 252
20 183
54 61
43 79
116 143
49 140
71 181
157 241
22 208
16 195
216 252
152 177
64 247
189 202
49 91
44 124
72 100
46 199
36 141
55 96
4 83
36 102
14 201
25 137
76 96
153 199
16 53
29 157
85 210
22 58
160 191
9 93
9 166
23 100
29 71
191 210
14 20
149 254
12 35
95 145
170 231
75 84
15 75
57 67
13 155
111 208
160 172
191 242
66 180
134 171
29 60
21 144
35 169
53 70
104 237
90 149
34 46
67 216
2 74
130 173
43 130
201 240
80 162
74 100
170 245
228 240
74 204
32 59
72 103
17 202
26 100
10 30
224 227
26 83
63 212
139 194
44 128
94 164
146 215
49 67
158 173
64 221
29 96
35 175
175 258
26 233
137 141
150 226
65 125
67 133
145 181
38 130
184 194
12 74
95 106
21 26
140 257
61 255
97 242
142 220
39 245
123 203
177 197
30 91
63 193
187 216
81 162
40 54
40 200
18 185
124 156
100 137
8 45
60 120
96 203
164 213
117 204
77 91
1 10
111 248
22 111
0 139
4 38
118 170
63 191
108 126
146 154
102 115
31 207
202 258
144 183
91 258
133 257
24 111
20 103
228 249
40 197
112 234
124 145
151 220
5 178
183 196
29 182
189 224
135 195
211 230
171 260
120 160
55 152
15 79
104 246
20 218
49 128
54 171
221 250
40 237
252 254
42 170
231 243
9 175
83 162
110 214
39 104
9 251
215 260
109 231
64 226
82 137
29 56
1 90
5 227
142 236
66 82
67 249
5 235
1 139
8 243
99 241
80 205
111 230
52 69
106 113
21 155
157 206
26 195
0 13
68 101
78 120
37 114
13 170
145 208
11 32
172 223
40 230
22 197
8 145
196 252
76 257
201 219
7 36
11 25
128 185
71 156
42 140
157 199
18 186
23 109
39 209
130 191
20 225
107 207
27 196
4 40
30 66
76 174
86 160
123 143
130 147
97 183
60 63
6 51
36 105
170 176
3 188
198 229
52 196
48 178
129 178
4 136
75 111
86 259
148 203
5 62
103 186
11 75
84 233
75 254
131 254
149 226
38 103
8 110
27 117
39 110
221 229
104 211
136 200
79 80
145 230
16 50
78 236
178 207
33 236
133 141
2 138
33 90
208 217
95 173
86 87
58 175
184 223
14 125
98 197
54 59
84 247
72 185
114 212
74 77
233 257
103 193
90 193
157 234
74 82
40 103
75 133
23 114
68 100
228 241
89 94
32 229
57 108
19 200
35 244
133 164
31 127
73 160
16 235
44 157
97 105
169 189
50 188
122 207
154 219
8 59
88 197
210 221
52 115
130 231
92 173
58 126
17 174
95 218
45 239
89 196
37 205
0 53
150 199
67 255
136 203
63 205
184 232
101 224
65 72
60 162
72 139
40 102
152 258
78 177
107 235
72 234
43 157
54 240
66 99
101 201
72 152
124 126
146 204
122 176
11 61
66 206
52 174
68 230
220 227
46 119
83 155
17 249
123 236
62 146
8 14
23 144
88 249
96 100
13 250
56 170
80 247
31 234
12 114
10 54
163 209
73 146
103 240
35 118
2 68
2 144
121 235
7 171
5 177
19 57
44 258
81 143
157 213
160 189
115 240
91 198
26 242
181 236
14 41
54 58
120 186
140 177
158 185
81 184
123 139
37 211
162 205
17 26
156 225
87 121
161 202
175 216
225 250
135 254
65 196
59 225
109 202
109 148
31 233
26 213
7 151
60 98
219 253
20 133
80 138
32 71
15 54
82 90
23 137
0 230
84 106
21 164
66 243
152 210
98 210
59 118
155 175
77 115
114 127
33 52
9 192
157 185
75 107
111 163
139 143
53 215
53 246
64 192
70 256
7 232
92 180
17 150
130 235
221 223
44 203
13 154
146 222
162 213
106 121
138 254
235 260
151 184
31 139
105 135
35 234
29 92
191 217
74 206
15 90
0 248
98 192
33 70
82 122
23 72
141 204
60 255
2 136
139 183
10 107
134 251
28 247
21 92
18 246
150 227
137 222
136 256
138 155
80 114
162 163
16 226
218 246
26 203
11 218
33 248
105 250
14 91
234 255
135 176
61 165
88 195
206 218
13 120
138 246
105 138
39 92
24 44
51 136
29 70
72 239
25 141
52 234
100 209
107 158
7 131
89 150
188 217
17 221
112 172
99 183
123 211
150 204
137 229
27 104
244 253
61 154
138 156
110 185
30 169
57 258
70 208
208 248
135 153
49 228
169 187
134 205
25 149
68 113
102 205
145 234
178 215
89 131
179 258
95 215
9 145
47 115
133 173
87 238
153 187
204 258
123 218
63 149
31 211
77 237
147 199
4 182
69 142
123 209
156 213
169 210
27 164
179 226
106 166
84 188
81 101
53 166
77 176
205 213
104 116
6 134
90 175
64 132
48 98
97 254
31 213
130 260
125 200
126 158
25 259
86 100
23 53
184 192
153 207
94 118
159 233
113 200
188 248
27 128
5 95
41 182
25 200
37 64
35 71
141 167
89 119
4 233
108 224
119 183
28 248
37 145
68 106
97 150
161 171
73 226
41 141
157 193
67 119
157 196
139 207
46 181
156 182
20 164
201 246
85 145
77 86
99 235
52 169
83 151
198 216
65 113
30 178
45 180
49 149
81 245
190 256
67 242
235 248
34 255
47 181
174 181
7 50
134 241
160 218
108 254
3 168
132 249
23 56
30 36
42 238
78 97
102 179
212 244
148 235
52 145
37 216
183 239
180 186
48 204
103 256
100 164
111 259
114 189
151 237
79 245
131 210
144 151
72 85
17 55
96 250
62 227
86 134
171 228
104 225
231 232
84 169
42 152
128 228
6 223
35 74
195 225
46 235
65 149
95 99
31 131
48 142
153 237
71 107
185 210
15 211
93 156
191 239
184 240
54 200
45 137
23 25
52 223
143 199
194 251
15 87
67 121
187 230
5 39
65 242
60 149
114 117
20 57
156 183
207 237
80 81
68 133
23 62
51 257
9 123
79 208
43 246
97 217
18 234
43 177
105 130
187 203
159 171
144 218
141 180
165 177
35 218
56 257
29 193
107 144
104 150
171 229
100 105
59 102
5 231
164 215
153 193
15 173
98 234
12 106
218 229
114 128
43 81
6 170
52 89
87 195
57 201
171 217
74 83
201 230
204 244
47 219
61 230
134 255
66 108
62 224
99 198
8 101
34 159
15 62
86 91
197 199
136 232
61 204
9 11
0 156
74 148
48 62
16 211
8 130
1 150
179 190
49 199
100 167
41 75
156 240
123 168
144 145
66 228
7 252
59 185
113 236
81 159
176 226
44 92
150 250
194 210
125 162
5 160
25 42
158 198
73 95
27 232
21 211
204 215
228 232
137 187
164 233
72 137
224 251
17 92
147 243
25 94
64 169
152 159
9 196
166 235
52 213
48 63
182 221
24 235
7 248
183 215
3 22
138 237
78 122
75 85
45 238
43 60
164 203
20 157
137 226
84 101
91 219
90 137
175 204
146 150
138 152
182 183
116 222
29 214
152 201
30 147
27 138
44 45
98 257
63 97
89 91
13 161
18 93
0 36
3 11
65 66
25 255
191 223
36 136
136 205
18 211
65 114
61 141
120 218
47 145
63 124
65 123
1 259
89 92
104 255
218 238
109 163
22 246
113 193
103 179
18 21
208 238
95 204
21 71
51 81
118 225
58 172
104 129
79 120
97 111
96 144
49 61
164 205
247 254
107 198
221 254
117 192
144 208
100 101
11 87
51 126
18 197
18 171
139 234
189 254
22 121
48 167
20 212
104 176
63 67
146 193
17 215
113 118
12 243
52 227
68 215
17 237
181 214
64 66
113 129
19 74
86 252
1 109
5 195
102 105
139 253
53 163
197 248
46 230
123 202
68 185
27 214
85 86
75 158
140 245
107 236
38 98
47 228
27 213
16 247
105 149
52 127
107 182
18 184
68 84
140 232
99 175
207 222
111 143
87 144
53 252
24 66
123 150
1 66
143 184
107 110
95 109
127 220
79 111
9 185
107 251
78 161
46 146
0 4
23 102
22 129
151 232
40 183
44 255
66 161
98 223
22 225
90 123
38 254
89 172
128 202
15 215
67 194
67 78
98 115
182 260
26 112
31 259
73 102
121 239
21 239
2 142
16 217
176 209
234 249
107 211
20 233
198 231
72 199
188 259
99 220
206 252
8 138
110 247
56 191
10 236
85 158
104 148
214 231
40 207
231 236
133 241
165 180
29 73
48 92
229 252
53 122
23 143
98 224
40 193
16 86
73 121
11 200
1 233
99 110
17 111
67 195
100 102
1 2
192 224
13 143
123 130
72 88
0 51
105 182
18 173
141 253
77 114
19 143
18 219
161 241
1 177
92 157
211 255
176 229
18 209
176 185
87 160
126 188
158 159
3 170
14 81
31 162
42 146
100 140
57 92
211 236
37 89
42 75
134 234
130 163
58 149
21 148
36 172
9 128
86 201
11 206
60 74
66 130
25 115
15 184
41 44
223 245
136 149
32 90
89 195
9 161
66 183
231 247
244 245
74 199
207 250
11 238
56 112
209 212
38 94
148 211
75 118
95 166
18 105
196 219
90 260
108 146
106 122
1 110
39 257
22 71
20 91
154 251
66 164
192 204
49 181
69 182
38 110
76 161
52 130
2 27
140 212
31 161
66 165
101 155
55 232
71 190
29 127
100 118
41 90
115 119
76 118
79 87
73 257
55 217
76 125
22 89
50 198
126 222
73 170
43 59
5 26
38 237
95 225
7 177
76 115
63 114
144 146
40 66
54 212
140 211
72 104
49 122
45 213
86 180
74 149
109 166
181 233
81 105
7 70
242 248
17 47
79 135
169 252
3 80
71 254
118 158
126 193
192 245
61 206
33 44
102 214
64 195
108 158
112 222
42 110
121 248
78 106
203 245
75 200
70 148
68 256
145 219
34 65
130 192
55 74
202 223
176 213
2 129
89 225
146 209
184 229
111 218
25 257
134 164
63 213
35 153
29 256
142 175
60 169
11 207
95 104
64 194
124 142
172 183
214 255
59 139
88 214
154 157
159 232
27 113
90 186
124 239
12 13
203 224
40 104
174 185
92 198
52 135
186 208
50 230
39 258
115 217
55 257
150 242
229 232
16 57
94 180
0 180
158 194
171 190
21 259
30 172
89 218
6 245
69 132
77 202
103 148
12 111
187 253
152 237
99 202
35 246
75 194
38 215
16 134
111 148
52 211
79 184
110 157
154 259
13 204
59 253
132 145
173 255
5 115
44 173
153 185
59 195
79 230
25 103
86 97
111 162
162 183
41 92
160 190
0 117
31 235
24 127
10 33
1 253
214 223
49 98
14 167
175 243
200 241
7 159
65 117
20 80
56 212
139 159
202 220
6 91
131 162
130 199
2 214
150 154
132 151
191 197
79 180
132 215
200 238
36 73
74 247
142 214
33 91
139 153
71 251
11 154
75 154
232 238
105 181
52 104
109 185
130 258
8 46
21 255
142 230
98 177
86 107
1 175
20 113
66 191
47 248
103 163
49 169
1 47
89 188
21 24
210 234
175 187
51 222
219 256
35 41
64 128
51 209
153 173
10 170
147 257
4 247
98 207
52 110
180 252
25 226
115 143
35 72
251 258
54 63
152 197
17 116
63 131
104 180
224 229
26 161
190 255
141 255
96 220
136 227
95 180
120 201
1 55
25 185
159 211
62 144
18 29
6 124
11 36
130 208
162 237
164 186
222 255
170 221
87 176
82 211
34 55
60 142
86 138
35 143
117 186
24 97
36 204
24 218
74 137
65 173
4 164
120 190
185 236
43 158
119 122
0 242
66 97
27 212
102 213
23 42
10 65
60 220
98 139
91 256
49 211
108 168
97 130
195 227
27 103
17 105
49 170
42 166
26 101
24 102
143 171
3 232
107 220
9 85
39 158
212 233
4 74
4 218
26 162
12 152
143 173
161 176
75 248
31 203
150 212
143 222
18 216
0 216
27 74
10 198
142 197
32 107
83 186
45 87
153 168
129 130
183 227
5 211
66 212
14 142
167 242
14 177
16 59
43 188
188 196
76 133
159 215
36 257
92 168
126 142
28 243
9 148
167 184
142 167
68 163
89 223
36 151
108 240
40 258
125 187
146 203
162 229
20 68
203 260
8 60
117 150
200 205
1 18
74 152
64 248
30 132
87 219
175 260
131 252
119 143
51 206
77 203
151 197
120 202
31 42
122 206
145 192
54 96
30 216
58 153
144 226
117 254
0 76
99 254
24 98
92 204
53 167
184 235
189 255
137 247
15 228
101 208
124 231
64 254
5 75
86 108
78 92
166 186
64 74
110 144
1 161
61 92
108 252
26 156
59 163
208 247
23 239
35 133
126 228
33 118
74 151
136 152
80 110
5 79
119 182
18 47
96 99
132 199
112 117
7 23
6 59
73 175
238 253
72 106
109 227
115 156
93 174
135 220
57 126
183 228
84 189
154 193
102 112
181 234
77 212
16 95
175 257
24 180
140 225
110 248
139 220
42 66
119 124
34 138
19 251
68 179
117 173
155 248
236 238
181 235
13 244
126 195
124 207
178 254
6 157
9 239
16 90
0 145
78 87
192 195
102 248
69 159
147 165
56 240
2 58
13 253
209 220
211 223
161 181
160 222
46 251
143 195
76 226
227 248
66 104
126 159
68 94
138 208
69 193
3 126
107 162
164 211
70 176
56 103
169 220
90 184
19 259
1 137
67 256
9 66
92 219
96 237
54 205
27 94
124 195
220 238
165 198
29 80
185 190
50 142
22 77
22 149
24 254
137 195
89 227
107 190
120 248
6 43
30 83
15 250
138 166
14 211
28 96
57 139
99 163
121 172
42 133
49 144
45 103
124 182
29 57
130 175
102 148
193 239
128 257
111 219
91 112
11 152
17 102
76 238
135 145
19 238
12 33
39 220
69 119
57 252
18 155
34 125
23 217
26 68
83 149
31 138
150 161
213 257
51 218
15 253
161 166
39 178
108 181
136 190
136 213
188 221
138 206
60 168
195 258
5 10
89 201
64 151
119 192
85 194
114 129
6 18
119 157
26 52
131 239
76 210
71 132
154 232
186 245
28 117
106 107
40 94
71 99
17 140
3 30
27 209
21 188
167 211
58 73
215 223
65 253
78 212
120 237
83 210
63 259
36 161
15 139
70 151
162 165
62 240
129 239
21 22
5 243
101 223
9 237
27 220
56 253
152 207
10 35
91 192
18 43
103 164
72 105
58 90
126 184
36 61
138 149
22 194
31 180
193 200
17 242
92 153
70 188
9 211
33 53
3 158
77 172
108 242
67 177
17 197
230 236
46 177
91 169
36 135
50 229
81 106
10 49
28 151
54 196
79 89
59 136
58 235
142 243
227 234
8 167
95 220
197 251
184 242
213 248
9 143
92 181
7 35
107 166
161 189
126 162
171 238
0 152
85 209
189 230
40 111
111 225
60 115
121 192
108 109
151 214
72 92
91 93
3 198
87 117
47 223
71 230
196 200
19 50
105 214
48 84
34 184
51 71
77 215
30 242
133 154
17 32
40 131
9 46
54 115
65 227
185 197
125 172
15 81
197 245
12 40
192 250
33 154
59 207
81 208
81 145
19 162
33 107
88 143
128 235
29 252
235 243
128 220
39 44
74 179
87 101
13 232
94 255
23 139
38 248
34 233
10 20
47 84
45 93
7 32
231 235
79 259
160 161
21 76
62 98
80 128
72 233
128 154
87 120
114 149
12 85
9 212
37 123
132 226
43 67
150 181
105 205
46 128
53 147
17 154
35 103
158 223
112 163
14 104
37 169
42 256
98 124
79 161
21 84
216 247
168 258
23 37
3 133
92 162
157 251
32 113
47 53
194 259
122 196
6 140
0 190
141 199
41 106
70 226
150 260
92 201
242 253
24 161
124 197
2 244
172 176
17 136
44 135
90 258
43 152
64 77
46 133
10 237
81 94
65 214
2 137
42 161
27 236
165 176
44 64
63 171
91 136
59 252
68 207
31 220
190 196
36 232
52 168
5 108
60 69
84 98
40 88
125 148
158 201
103 118
38 127
27 171
55 115
151 245
13 97
23 173
155 219
190 246
34 224
25 83
160 254
184 257
46 75
58 154
47 80
117 217
226 245
90 202
8 85
85 213
85 161
4 222
12 83
110 173
120 239
24 162
32 202
114 253
53 55
23 151
178 241
87 235
102 163
33 128
76 194
235 246
117 246
165 173
149 158
85 102
72 127
18 32
152 213
120 245
55 130
87 174
169 175
58 202
91 193
166 247
61 220
134 214
144 211
187 192
7 233
59 230
37 102
104 185
143 249
51 207
96 138
70 88
68 153
60 180
230 247
17 190
82 230
213 235
9 29
34 172
80 258
101 117
62 221
115 235
135 253
54 207
20 38
77 230
20 222
43 166
83 219
18 163
122 161
145 174
122 148
22 29
0 87
67 235
137 212
153 184
69 244
227 258
126 241
137 183
116 118
42 104
26 44
86 123
14 38
105 200
90 152
79 199
53 62
165 183
101 188
45 131
120 214
230 248
79 133
104 147
89 147
200 211
35 69
37 254
26 59
186 196
48 156
47 154
106 219
184 230
115 223
149 185
25 140
117 132
133 199
8 120
20 69
128 201
162 187
49 73
63 103
149 184
17 19
97 229
80 145
253 255
13 239
1 257
72 122
71 236
231 256
4 85
126 143
3 201
59 70
45 80
91 200
24 121
94 217
118 245
150 244
33 96
18 247
148 256
31 69
154 206
21 206
139 189
129 231
42 159
43 54
1 225
47 215
75 235
43 89
243 249
130 131
99 112
73 75
0 147
6 180
85 136
26 36
56 106
12 226
115 205
34 157
87 100
79 215
55 100
132 193
134 237
135 167
9 68
162 247
179 208
41 80
51 135
83 234
81 137
173 201
85 131
99 243
209 228
29 105
138 158
18 250
13 59
67 86
70 124
15 30
45 187
127 223
59 242
108 185
35 226
21 216
78 89
108 191
36 84
2 212
10 47
134 195
67 192
41 216
69 139
136 220
155 168
75 165
145 214
142 246
38 81
130 193
27 148
27 153
41 164
124 139
8 198
23 67
63 243
46 139
102 200
197 239
59 83
88 229
163 250
6 171
57 143
65 257
55 126
89 176
19 121
39 78
6 254
42 233
152 259
83 256
72 259
87 131
36 237
78 149
51 145
64 83
244 247
73 133
25 88
3 128
127 160
11 201
99 182
113 247
118 178
133 249
218 240
34 196
68 116
96 125
123 258
24 220
24 55
6 226
85 226
184 254
152 203
43 189
189 218
143 180
44 59
3 161
31 87
60 75
19 109
122 129
4 36
85 187
232 258
35 99
56 134
17 123
148 151
44 192
171 250
6 235
123 207
31 115
166 228
204 259
38 48
27 254
8 58
60 196
6 119
165 256
26 113
149 241
16 260
28 136
42 220
4 188
187 195
99 164
63 240
41 234
31 231
151 229
71 171
50 58
157 159
69 167
134 233
138 240
30 50
58 86
64 102
6 67
0 19
24 203
59 75
10 200
141 183
94 122
32 76
175 245
193 206
102 224
52 114
44 159
187 244
142 201
158 257
102 153
12 259
240 253
2 170
59 175
59 173
52 236
14 115
163 246
8 53
142 185
120 217
65 145
10 153
146 246
148 190
85 233
113 230
24 195
157 228
189 252
45 177
195 198
88 125
42 89
96 180
95 130
202 242
61 208
110 224
68 195
12 206
22 205
72 197
57 122
54 204
130 161
97 257
75 119
132 169
1 70
27 197
0 171
224 259
49 75
210 219
87 182
13 195
72 206
121 134
41 218
50 111
7 185
121 256
84 221
2 67
79 112
12 199
116 233
129 139
88 199
70 135
69 154
89 221
27 248
150 196
160 242
37 229
143 232
58 166
15 129
25 204
87 172
98 106
21 153
92 216
147 207
168 171
156 257
227 235
80 134
67 236
171 243
205 222
104 121
30 165
22 50
70 91
34 81
93 184
136 259
39 217
97 223
16 182
20 30
141 162
23 64
51 105
106 152
39 124
14 183
70 144
43 111
1 14
31 147
5 24
54 105
74 103
84 146
98 175
111 158
168 204
71 161
38 243
86 185
29 100
58 64
1 200
107 260
75 91
143 174
155 255
39 246
53 197
128 180
68 160
100 222
65 178
43 101
15 240
184 236
7 206
0 93
190 218
55 66
135 188
28 161
112 199
177 184
68 254
11 250
60 218
151 162
212 241
112 121
10 255
21 166
29 135
33 51
215 244
149 245
16 107
67 116
209 219
145 246
96 148
54 220
11 243
235 254
26 31
180 187
128 244
33 165
169 260
98 246
21 70
56 223
162 189
38 207
8 124
133 256
28 241
143 245
43 196
113 252
5 90
151 155
21 250
11 100
161 183
36 39
69 153
147 212
114 132
35 254
26 122
4 211
92 212
119 232
136 161
5 129
212 232
224 243
74 160
67 108
121 219
49 55
100 213
112 236
48 219
94 114
29 136
41 241
59 104
26 140
76 201
29 111
134 218
193 202
128 190
162 202
181 225
128 251
53 175
85 238
31 117
239 245
19 171
109 116
81 195
127 205
23 248
161 218
98 251
70 109
160 235
43 92
98 259
71 173
115 239
92 195
54 87
35 149
21 191
123 229
182 230
226 255
44 260
46 130
124 232
65 103
33 240
231 237
35 138
162 207
32 162
36 126
62 77
141 230
116 183
31 258
21 75
50 211
132 191
64 204
156 246
73 237
102 173
49 256
65 223
27 237
8 181
69 140
14 231
170 259
44 88
156 251
185 219
12 139
147 233
107 195
125 217
215 239
124 149
32 42
102 152
145 173
8 255
128 173
5 6
51 70
48 101
189 249
118 133
35 65
65 105
45 100
166 199
165 207
199 240
38 87
38 123
101 199
182 259
36 68
209 253
24 64
73 80
47 241
131 177
58 93
23 160
25 206
48 64
82 154
207 234
140 218
150 222
41 58
124 249
7 249
54 134
55 158
125 177
11 223
147 218
24 226
111 223
53 69
66 110
34 115
148 246
203 248
33 73
25 249
180 248
202 244
100 199
13 217
204 231
15 123
98 142
35 61
103 242
110 117
146 208
158 243
207 214
66 217
3 142
138 223
89 207
29 207
75 233
127 132
78 187
168 248
42 207
112 134
12 251
127 129
141 188
12 173
122 203
59 80
96 257
44 145
106 196
130 210
4 75
40 210
12 116
140 221
168 219
167 236
25 130
51 217
200 228
21 229
92 241
45 62
72 96
94 175
142 195
40 137
217 250
52 119
9 248
104 242
148 223
32 254
17 56
129 191
154 231
143 159
14 36
44 119
15 66
78 202
88 101
19 127
48 93
71 172
28 229
146 156
75 86
68 76
26 234
116 163
1 98
62 181
73 119
11 124
4 251
182 229
79 142
19 239
15 227
43 149
44 234
83 194
183 194
34 56
190 245
23 44
71 204
47 131
15 249
80 117
114 116
68 204
9 34
77 82
50 193
120 216
242 249
64 79
10 60
10 84
227 244
16 193
127 195
171 233
154 199
68 83
138 165
9 118
114 169
119 203
50 187
227 245
58 65
67 239
35 167
209 254
227 233
54 169
155 195
138 239
11 143
34 226
37 251
82 98
155 206
210 213
76 162
133 182
88 97
19 229
11 12
100 223
181 222
169 228
82 215
37 52
71 244
9 224
77 158
211 258
76 258
142 222
48 185
57 246
9 91
150 211
45 237
64 141
6 173
211 219
96 163
230 245
4 158
82 148
32 195
79 83
11 194
1 39
39 147
45 158
52 113
174 194
185 224
9 55
221 241
66 233
8 40
126 137
27 90
126 178
100 144
26 76
41 207
157 231
187 202
67 139
216 257
64 215
200 232
66 127
2 256
91 184
21 171
131 242
101 191
193 229
73 156
59 174
88 248
139 178
117 141
145 255
20 210
11 101
19 245
57 260
119 237
81 97
11 259
11 105
18 187
53 57
128 234
190 211
139 140
175 233
40 97
88 102
64 67
152 161
107 178
0 113
41 157
72 163
22 130
122 141
192 222
171 216
169 249
90 247
3 221
100 119
6 104
31 59
147 214
82 202
29 47
67 215
75 237
79 207
28 150
45 130
50 89
17 233
215 234
125 149
3 68
38 86
30 231
141 220
108 229
108 127
8 66
30 188
42 82
22 191
37 161
51 189
83 222
62 190
3 224
97 252
136 150
209 233
10 122
75 253
116 196
57 107
52 56
81 238
89 236
9 88
117 137
167 185
101 180
16 137
124 166
131 153
166 193
6 257
83 190
119 140
124 242
101 167
129 167
27 218
57 162
73 152
56 91
49 240
177 200
51 201
141 232
37 165
239 244
17 234
112 175
139 222
47 136
110 120
17 192
77 219
141 161
90 201
30 251
190 191
148 216
159 181
72 102
78 185
6 181
191 231
46 243
120 252
173 207
69 248
119 255
4 46
99 168
8 259
136 170
22 249
71 149
84 112
216 222
158 163
57 251
78 148
86 89
62 238
13 61
63 91
140 143
45 74
134 148
71 145
123 191
26 247
153 180
89 204
125 247
2 85
17 138
185 198
31 192
49 206
136 189
95 214
56 183
158 197
45 219
36 76
174 211
13 103
146 248
20 174
132 247
190 242
62 152
57 174
90 157
148 253
187 243
107 168
219 223
44 94
152 183
32 127
78 128
12 64
2 148
109 159
83 103
61 260
251 260
129 236
37 156
196 231
52 250
110 222
25 187
6 216
111 153
185 249
4 127
130 218
108 178
20 173
159 193
34 95
207 247
29 227
74 142
125 143
34 227
129 155
105 143
3 47
188 251
37 148
202 204
86 163
39 106
147 196
255 259
42 62
100 258
93 181
155 167
39 196
189 245
40 201
82 212
15 100
52 216
178 179
195 230
167 179
108 153
144 229
67 154
116 189
231 240
106 116
11 43
67 162
51 140
114 229
19 181
76 130
131 229
217 233
91 175
30 75
206 236
4 219
179 181
114 191
138 225
131 139
105 114
4 92
142 233
178 213
123 201
70 163
28 84
154 210
37 76
88 194
12 235
26 95
128 233
173 239
73 124
152 155
19 235
67 150
18 257
60 138
92 174
67 246
63 129
236 258
38 189
116 150
75 138
56 145
103 200
16 189
98 184
154 196
24 230
82 94
179 183
130 228
80 144
93 239
83 167
136 140
100 109
181 217
101 233
70 220
126 231
117 133
62 166
19 153
186 254
49 184
109 164
32 193
100 201
35 37
118 251
143 175
14 84
62 85
111 142
47 56
19 188
112 210
56 113
152 178
56 185
179 260
125 231
1 37
28 182
19 131
202 233
155 200
55 111
57 79
38 60
184 224
169 212
156 228
143 227
107 121
22 70
4 202
59 143
90 234
17 155
174 227
216 226
68 126
73 166
17 195
214 226
74 249
86 191
6 135
205 234
31 193
71 101
18 73
66 155
138 183
166 219
136 181
49 193
76 157
66 109
147 239
98 227
36 45
58 228
216 256
116 172
37 108
210 235
101 246
90 237
12 245
23 170
57 208
35 235
121 202
66 170
35 92
81 127
2 123
15 142
131 202
43 168
152 157
189 251
146 207
111 203
208 225
86 161
145 194
37 226
30 247
88 213
249 250
73 77
76 207
70 164
100 150
112 251
100 216
61 175
59 121
154 212
113 142
86 124
151 218
70 156
158 180
57 77
86 211
121 252
77 128
51 102
113 197
143 152
30 176
39 244
195 229
22 123
111 247
47 117
183 259
58 82
78 169
75 155
69 218
107 123
73 241
73 74
91 207
76 254
59 246
13 102
25 73
50 181
100 134
199 212
232 252
150 256
147 193
45 259
214 233
53 232
69 251
156 176
91 253
107 191
145 162
150 163
23 213
145 169
188 256
65 186
42 183
126 128
25 136
53 104
177 222
120 132
28 204
41 198
22 234
84 88
24 71
135 163
67 189
176 187
136 250
28 55
66 150
107 127
74 128
120 195
192 249
112 224
83 227
112 137
228 248
79 144
187 212
208 237
162 181
40 152
108 167
120 138
188 201
197 233
146 183
26 102
132 165
163 226
0 39
101 163
92 163
55 57
49 139
72 249
92 246
85 173
133 145
78 255
100 247
56 105
37 72
174 183
18 218
94 124
137 194
167 230
94 103
220 256
149 213
10 221
37 65
78 99
8 214
207 259
125 250
165 228
112 250
68 220
225 235
70 174
77 179
224 239
86 99
12 38
16 62
161 196
57 183
178 189
73 244
115 176
180 211
54 206
162 224
165 220
1 128
99 233
39 136
63 135
18 242
18 180
39 248
123 127
108 152
65 135
76 248
236 243
193 215
20 231
157 242
12 255
57 198
64 159
157 205
73 132
122 137
93 222
1 59
68 132
0 138
58 234
21 233
26 39
28 113
76 208
119 229
157 186
48 174
139 167
48 73
16 213
72 86
79 114
48 159
180 240
49 248
81 232
116 157
54 73
62 169
17 176
65 197
222 259
31 106
111 205
41 192
148 172
139 169
35 126
135 245
38 232
86 141
144 212
117 252
117 208
124 157
104 203
67 224
22 155
120 226
61 259
38 65
56 132
170 242
36 95
84 218
179 209
147 230
33 103
15 214
11 209
58 91
118 136
14 146
101 152
92 106
59 236
53 79
15 243
64 86
35 201
255 258
126 161
100 203
202 239
182 248
87 229
91 241
122 234
94 256
176 248
7 198
235 244
41 97
242 247
8 172
39 229
6 28
61 245
29 219
26 159
19 178
12 158
41 203
120 194
183 223
75 171
10 207
33 178
13 124
197 223
29 99
108 214
135 207
15 163
35 48
11 220
185 195
6 233
34 202
35 97
183 211
156 158
107 249
35 157
123 158
17 199
77 213
85 252
91 209
176 239
151 174
199 247
214 253
13 199
188 246
34 235
153 233
161 205
108 202
83 105
40 143
21 87
123 221
92 127
19 204
101 171
65 152
107 193
172 228
54 225
39 185
71 192
123 181
145 205
140 194
141 208
234 253
36 98
74 210
6 210
131 174
173 226
96 130
15 112
158 184
111 117
114 154
79 250
46 73
85 253
213 239
5 18
51 59
68 253
112 252
34 92
51 223
40 130
138 204
110 203
165 196
168 185
10 229
115 234
62 217
102 144
21 140
240 259
162 195
209 251
192 220
59 177
88 225
169 223
124 214
176 212
83 178
52 260
98 137
15 64
155 247
69 245
120 165
90 125
157 250
173 247
8 233
48 121
2 79
39 256
145 157
90 211
43 90
3 144
75 146
51 220
230 253
102 119
43 98
88 155
100 217
13 125
36 207
113 235
224 234
0 239
228 243
54 119
89 259
45 207
56 249
86 111
174 234
194 256
44 152
11 135
8 61
91 95
26 73
13 106
93 205
53 157
25 155
129 224
112 244
40 100
179 254
68 87
137 231
24 258
152 184
11 191
127 253
12 39
100 180
203 212
146 250
175 188
140 201
81 241
58 94
190 192
212 225
8 64
187 247
6 132
88 223
209 213
149 186
71 188
24 151
164 206
37 83
242 244
21 223
28 46
112 239
73 208
89 114
218 251
6 219
74 81
19 21
80 121
37 259
162 184
180 198
68 82
240 260
168 256
60 193
78 107
38 239
1 245
4 150
29 184
16 138
171 249
41 69
11 102
62 243
97 176
6 95
85 96
19 227
160 180
91 164
42 255
109 218
1 153
107 138
36 65
107 197
116 126
174 200
148 231
88 206
190 217
203 227
104 259
21 93
79 235
95 217
73 148
20 106
31 49
20 104
101 202
94 253
10 132
6 238
62 76
34 98
159 218
148 247
80 178
66 138
216 227
165 215
36 218
89 166
200 223
123 237
99 108
163 204
72 107
67 76
56 93
33 122
141 249
132 181
111 241
168 218
2 260
7 225
57 72
146 213
124 178
68 202
101 161
23 78
36 203
30 256
247 249
69 191
38 238
15 44
168 199
38 187
183 209
7 13
97 259
71 122
97 246
71 100
45 48
70 190
172 227
13 24
23 74
167 243
2 206
25 184
4 22
82 223
110 249
4 151
100 205
166 194
32 252
63 143
223 242
179 238
210 237
69 136
70 231
33 110
71 127
33 65
82 118
5 226
20 148
65 244
111 257
80 87
77 236
42 176
129 197
54 224
61 144
151 200
85 159
8 193
56 142
68 72
176 234
211 253
70 237
127 146
125 151
4 80
108 144
121 146
20 202
13 209
19 164
89 157
103 221
125 181
190 225
52 230
29 93
6 118
92 258
178 230
14 64
180 228
43 138
20 150
117 126
200 231
39 141
77 79
222 248
162 233
0 82
12 37
111 228
21 29
123 177
134 150
168 229
124 217
103 228
216 234
159 242
59 227
172 230
27 186
105 193
38 151
12 62
19 189
13 46
25 253
158 206
210 230
15 89
151 156
170 211
99 101
83 191
20 98
106 223
187 240
11 30
95 234
109 239
120 145
119 208
254 257
225 239
108 117
52 99
35 224
186 239
51 211
20 35
17 117
67 258
167 223
75 216
140 236
3 70
108 206
108 258
97 167
91 113
93 225
102 223
151 228
57 253
2 8
67 206
1 94
197 202
153 172
103 123
142 258
164 226
93 211
118 156
156 215
134 135
169 224
44 103
85 109
169 185
42 205
31 194
194 232
154 179
17 218
191 203
74 155
40 121
95 161
144 191
234 246
110 169
138 226
14 46
83 145
132 205
78 211
25 232
82 232
138 176
57 115
50 93
58 83
15 67
127 173
163 165
67 229
2 81
56 228
166 217
173 180
8 9
78 219
49 116
133 150
7 154
166 185
6 16
132 197
59 128
34 145
55 143
37 189
209 244
45 190
85 172
55 192
127 200
57 80
144 161
39 210
23 201
205 229
23 256
84 159
93 120
166 191
25 178
112 149
70 115
179 241
75 222
183 186
226 235
33 143
181 184
178 246
71 242
127 224
18 221
116 178
165 210
94 132
135 185
150 251
119 195
42 184
57 70
57 85
54 106
18 63
112 233
34 155
18 217
17 144
107 227
168 249
69 183
81 258
70 86
16 178
186 187
44 248
150 170
74 119
140 222
51 130
53 170
140 243
20 34
202 219
78 160
89 253
31 165
112 195
75 126
53 221
122 163
164 189
123 206
57 247
126 223
42 162
95 195
102 111
61 247
95 258
33 81
140 248
3 27
58 219
15 131
153 171
78 168
19 123
126 173
33 241
8 173
44 139
37 162
228 238
57 191
136 241
48 182
7 38
99 176
188 255
4 179
40 166
230 244
139 210
119 256
72 228
107 180
162 212
156 160
143 217
208 226
20 73
163 191
51 131
10 172
152 209
1 46
53 171
77 126
115 251
190 259
72 231
71 75
30 40
23 211
116 248
92 160
91 111
168 260
9 144
157 178
11 146
60 79
138 236
128 138
45 244
190 202
65 153
29 186
68 259
100 181
206 258
133 136
0 159
2 50
135 250
109 137
106 180
113 133
118 150
99 213
77 235
71 233
67 248
13 91
153 156
138 169
106 230
81 180
63 248
87 212
172 235
96 145
46 50
69 120
66 88
87 186
132 182
71 202
141 201
195 206
170 174
115 203
66 119
227 260
76 101
69 113
41 143
55 88
11 15
22 66
80 133
94 173
92 206
83 164
31 217
37 144
76 175
30 227
63 185
126 238
123 142
104 132
11 177
58 188
23 157
2 211
118 176
36 82
129 211
62 218
43 200
26 205
82 129
77 253
99 134
101 187
9 14
50 186
9 150
127 136
16 246
229 247
231 245
44 76
17 103
23 49
33 230
50 74
99 136
22 214
31 254
144 164
34 129
17 94
0 55
53 74
120 205
71 96
80 84
12 250
68 131
195 199
65 107
97 160
91 206
94 99
109 146
96 173
11 173
39 198
69 186
21 101
183 260
0 228
51 69
240 249
20 239
51 248
129 212
68 182
17 39
44 251
153 196
2 31
88 107
101 111
38 194
74 169
216 248
3 162
5 139
66 74
34 148
194 211
42 164
23 197
36 205
57 200
206 223
3 190
2 179
121 222
3 241
109 113
49 179
115 224
78 90
22 199
5 174
149 167
162 230
7 57
203 215
30 189
101 109
201 217
137 196
15 113
119 161
133 163
33 242
8 119
130 253
116 253
175 206
29 221
106 114
99 173
115 118
127 228
227 259
136 249
175 228
12 41
52 165
8 42
42 232
33 35
31 99
69 221
154 220
216 239
59 77
14 99
179 231
105 253
74 92
135 201
69 175
8 113
0 58
87 112
41 56
22 117
32 46
80 150
88 177
165 204
162 167
139 238
26 141
19 110
70 167
145 249
84 257
13 19
197 203
2 197
88 104
171 189
92 209
89 165
182 216
41 57
80 189
83 171
8 213
84 225
14 56
206 248
179 243
145 187
120 221
227 241
106 170
82 183
138 168
12 141
109 228
76 156
22 133
44 172
48 60
32 226
109 139
34 130
18 127
43 167
60 104
117 135
8 197
168 202
62 213
19 144
228 236
79 106
32 163
40 243
28 167
122 143
38 231
13 93
27 38
142 177
3 171
29 116
133 244
35 219
148 237
158 187
18 61
2 146
62 251
202 207
15 107
48 190
56 120
103 203
5 214
208 246
174 248
106 164
36 118
90 246
150 208
126 219
116 218
174 213
149 174
3 59
12 28
105 159
167 186
59 126
164 171
14 26
169 183
196 214
88 241
46 82
165 229
41 47
88 216
48 194
26 118
114 179
152 221
3 143
168 215
25 37
129 147
122 213
112 226
165 249
66 225
93 226
103 189
136 137
2 157
194 250
133 134
63 176
234 236
169 213
4 194
16 120
117 203
171 203
73 187
56 108
88 183
1 202
12 130
59 220
121 212
16 20
52 184
77 222
35 199
186 236
73 89
61 217
14 206
46 196
121 150
20 228
133 183
4 47
125 221
34 164
214 237
185 234
113 214
102 208
185 254
15 260
17 113
47 178
7 16
55 116
97 149
207 260
46 142
127 166
99 189
192 216
81 88
55 184
64 136
69 212
38 177
143 255
175 189
104 137
182 214
113 140
148 180
85 116
73 174
63 192
74 193
166 178
136 156
197 200
51 138
13 215
4 217
124 240
25 74
41 175
40 202
68 231
45 156
78 208
173 254
156 224
12 260
95 112
84 253
36 256
60 107
174 184
99 236
223 260
89 97
131 247
21 236
142 155
99 209
75 192
203 240
6 72
163 217
1 182
108 213
44 125
171 186
32 35
99 131
159 165
150 219
98 157
101 243
165 168
25 34
128 166
196 232
7 201
40 244
91 201
148 155
221 240
107 252
19 195
29 156
86 186
155 251
18 251
71 197
4 174
11 168
198 207
2 181
62 94
147 170
189 235
8 127
9 109
163 202
138 189
5 258
10 111
73 111
53 168
8 118
128 223
210 242
104 179
173 208
103 196
124 150
64 127
126 225
118 131
13 118
14 248
156 210
4 25
119 206
109 220
32 190
157 192
7 76
124 133
143 156
14 221
96 108
164 225
3 184
84 219
61 128
54 140
120 233
48 150
73 92
41 114
148 200
41 63
76 256
181 199
62 216
30 252
219 249
46 240
196 207
107 163
199 245
194 241
220 236
93 141
161 187
80 159
34 147
21 80
70 259
90 199
131 179
64 167
76 124
88 150
207 216
153 242
50 68
8 254
101 247
226 238
101 133
119 163
66 76
59 167
156 167
96 127
45 249
86 167
141 237
90 242
123 175
0 148
35 90
6 189
48 221
135 191
25 191
176 227
196 218
132 259
239 254
97 255
214 219
41 91
200 207
214 239
194 228
60 177
62 234
15 182
160 174
141 243
68 197
134 217
14 74
77 96
95 216
59 91
75 172
23 229
38 197
31 215
90 217
187 231
19 84
108 114
77 248
49 53
52 180
49 80
168 225
65 138
86 172
168 191
43 64
1 240
140 150
91 96
99 135
16 18
94 125
62 168
28 122
181 240
32 161
2 232
4 193
184 204
104 124
85 168
72 118
51 149
76 119
7 212
36 80
93 233
52 67
69 229
89 162
81 259
162 185
29 118
90 209
27 258
189 213
219 236
114 242
32 66
129 222
0 60
63 101
60 94
70 141
80 201
149 238
51 156
4 162
76 79
54 255
55 209
33 191
50 80
74 84
58 238
7 199
190 227
87 205
127 245
32 74
216 258
154 225
113 177
97 200
14 16
219 244
133 260
99 207
248 257
138 195
69 200
26 241
174 188
204 207
88 222
119 185
24 29
92 126
59 69
226 248
119 222
0 64
125 134
39 74
14 171
154 168
50 101
85 153
113 250
18 253
4 71
45 75
96 175
32 209
53 110
137 167
191 235
103 172
50 215
104 206
164 167
217 229
225 234
50 253
3 123
173 189
81 147
39 177
96 183
130 194
129 208
88 146
27 152
77 227
35 250
72 113
88 174
6 248
49 243
190 241
24 119
61 95
132 174
0 78
133 231
101 160
45 117
51 54
229 236
1 121
81 135
39 164
19 68
99 103
161 173
113 219
186 222
95 248
49 167
56 60
140 192
131 138
67 68
140 206
107 117
199 222
161 249
52 60
28 95
37 256
147 189
31 96
33 193
57 66
1 138
9 135
26 214
27 160
39 42
195 211
148 228
73 232
13 236
90 112
123 182
158 176
29 229
156 195
124 213
185 244
37 231
198 244
51 80
220 249
180 214
27 228
53 255
91 150
15 105
25 44
11 126
54 184
67 175
75 197
1 207
162 180
66 196
112 150
158 256
84 216
109 178
153 206
69 143
30 236
76 243
22 57
182 217
43 210
153 250
243 258
154 159
192 235
97 168
10 143
9 117
26 35
34 112
12 18
4 186
131 185
25 75
167 253
76 99
93 134
17 51
218 244
16 245
32 206
33 163
220 246
103 222
116 185
75 196
221 231
41 230
62 73
198 254
123 192
86 251
194 198
76 83
59 153
85 124
102 196
189 193
10 187
165 224
50 152
2 235
192 209
119 167
73 260
220 245
7 115
112 198
183 193
60 236
9 163
53 238
6 50
10 14
4 216
14 45
36 214
31 146
112 215
103 153
73 118
31 113
87 97
55 99
52 86
147 174
129 234
192 232
63 177
95 147
20 244
51 178
0 259
42 245
96 204
10 17
79 86
20 76
187 257
114 196
177 226
92 138
210 241
198 209
118 259
100 245
83 257
161 226
15 212
202 245
131 249
92 194
18 195
121 203
45 77
83 251
218 260
3 83
20 143
115 117
133 226
59 190
117 125
76 80
189 228
23 75
106 123
46 201
147 155
33 185
24 50
92 165
18 120
185 193
30 88
46 58
35 63
215 224
37 197
44 180
97 193
140 254
109 248
96 118
72 214
80 132
157 217
72 253
40 252
190 258
84 205
39 56
233 242
58 133
8 21
158 228
7 112
20 240
7 160
134 145
45 208
169 255
154 252
0 24
66 209
9 219
128 153
103 190
188 234
16 209
29 51
218 225
67 103
50 150
73 224
118 196
117 171
36 51
16 206
93 208
82 177
8 125
121 225
24 242
162 256
193 255
68 210
37 45
38 160
71 102
44 134
69 95
176 259
69 111
124 225
151 219
74 236
128 176
87 133
92 117
15 189
67 198
54 122
47 179
82 246
52 170
129 198
39 216
78 214
129 206
36 127
163 213
26 200
117 202
17 217
104 189
35 50
53 192
43 150
114 216
75 160
77 92
51 199
99 229
156 166
56 58
189 236
60 246
39 224
187 234
92 252
206 232
89 127
4 141
4 134
61 127
184 239
0 69
32 89
93 216
25 243
6 249
51 121
230 246
246 250
192 251
199 239
107 174
23 65
134 210
72 237
95 242
26 97
108 150
53 106
22 43
129 132
109 230
47 182
86 133
143 196
154 178
91 153
189 204
123 196
47 227
72 229
134 259
200 210
21 249
3 90
2 200
54 223
210 244
64 214
55 226
136 182
118 234
11 225
3 219
17 213
56 101
121 138
179 191
69 163
224 235
90 141
58 121
6 105
11 16
49 52
166 192
109 188
121 181
137 139
99 250
119 180
169 203
128 199
4 229
204 245
63 137
150 248
3 249
14 190
29 253
4 21
126 256
38 191
14 144
22 136
214 234
111 123
125 161
156 206
194 253
15 119
28 44
124 228
129 135
191 260
112 219
165 191
173 191
197 208
14 149
22 45
30 152
22 120
116 129
105 202
207 232
165 227
64 153
68 227
63 88
47 212
97 156
97 177
105 129
84 148
177 237
8 210
179 235
95 206
82 116
187 222
127 237
103 234
204 224
15 213
7 66
50 160
15 134
22 168
55 109
89 197
166 237
107 148
97 191
14 197
24 253
136 146
58 224
24 192
11 159
83 170
23 189
12 151
48 226
33 76
60 170
76 246
118 236
42 225
54 86
15 63
152 181
40 209
10 42
171 202
15 146
43 96
222 237
43 112
59 229
181 194
137 178
9 191
28 139
34 84
141 169
38 227
64 133
8 225
0 109
140 174
124 252
73 169
158 192
69 157
70 138
53 117
169 197
23 134
20 112
5 23
135 136
136 202
207 217
5 206
18 260
47 121
36 124
142 154
129 251
19 133
40 58
79 88
65 179
170 184
55 148
169 251
172 210
68 226
159 191
191 230
22 87
20 128
18 48
119 121
109 181
55 105
87 170
157 212
245 251
213 221
46 205
25 64
116 231
191 204
23 153
90 190
126 217
36 88
131 190
90 122
187 194
10 167
78 147
98 230
88 186
45 225
7 152
0 20
56 79
21 172
31 142
104 196
149 170
78 116
169 253
21 157
10 19
12 238
91 229
5 162
165 223
25 96
167 183
46 92
6 151
171 255
70 184
117 259
26 220
33 146
2 258
131 212
116 192
156 193
234 235
14 113
73 100
68 208
144 163
196 223
100 175
155 156
60 123
141 205
187 198
32 215
61 156
81 121
95 230
154 203
130 190
142 196
40 216
121 204
68 138
13 222
192 207
205 233
112 235
139 141
108 220
254 255
166 175
79 183
5 188
175 227
27 76
34 35
79 182
45 171
96 258
11 161
54 231
53 130
84 162
85 156
40 217
33 150
98 232
103 139
120 146
58 192
58 243
105 224
147 206
22 245
14 60
38 247
0 167
38 69
75 187
194 239
44 47
55 79
2 239
86 140
37 137
2 101
184 218
2 196
108 129
167 181
140 151
78 95
63 144
95 238
178 258
25 233
183 244
48 157
84 134
31 157
13 87
35 91
42 91
164 236
44 155
9 162
106 108
129 162
98 108
151 183
88 153
154 223
128 157
54 181
13 207
201 252
19 129
63 252
17 20
25 180
215 236
118 166
12 21
190 238
55 259
1 118
149 234
69 236
70 254
52 77
199 238
2 187
114 159
13 115
38 164
60 256
7 236
135 236
69 180
9 231
125 183
44 101
170 240
139 156
102 181
132 227
3 230
220 230
118 181
182 238
69 203
26 51
41 102
30 122
21 147
145 242
10 120
109 255
14 233
83 114
39 72
19 97
99 219
98 181
150 210
162 249
79 132
58 237
85 199
150 247
65 90
147 251
40 91
32 41
2 220
213 242
88 232
7 28
30 184
188 243
20 77
110 232
156 249
165 222
113 258
136 224
19 197
33 181
12 110
37 151
15 191
65 204
151 165
95 199
5 196
31 126
16 111
1 252
247 257
25 89
46 210
144 217
159 250
23 117
146 180
3 122
104 166
123 216
157 240
89 101
93 104
104 209
57 250
73 143
89 229
194 199
9 96
55 122
10 45
34 162
82 249
142 257
139 160
35 184
1 40
7 30
39 146
32 177
167 194
49 188
61 135
134 154
3 103
46 191
170 252
45 51
3 50
110 182
53 240
6 94
139 161
183 201
12 156
56 242
79 139
38 163
113 218
4 171
42 195
183 258
76 241
46 90
250 259
193 209
110 121
122 130
24 255
61 237
168 211
198 248
136 192
68 164
134 240
10 168
93 101
1 54
155 233
23 185
2 77
37 142
165 225
36 189
144 200
75 116
131 196
164 202
84 153
56 110
47 77
133 157
45 221
102 244
151 259
77 221
70 203
138 217
33 75
48 238
96 216
57 123
92 111
64 88
34 119
61 186
13 211
155 235
201 235
61 222
120 187
70 211
117 194
8 216
145 182
33 182
29 124
45 58
22 254
11 22
23 47
26 45
15 84
204 228
99 149
54 172
120 250
5 122
31 255
30 167
160 178
43 56
91 194
33 48
44 246
78 190
191 198
13 225
13 260
100 200
62 86
35 107
116 168
8 245
31 221
62 138
120 209
16 248
85 184
104 151
230 256
2 180
80 210
9 178
96 102
53 148
9 70
17 224
188 229
64 147
184 195
111 136
24 190
80 191
93 232
70 110
49 213
81 123
146 151
58 71
56 239
100 173
219 252
60 216
71 207
23 107
37 180
74 185
93 170
157 170
85 197
40 176
6 202
17 188
66 137
212 220
165 232
107 167
158 248
37 243
20 203
58 89
92 124
36 240
47 142
79 166
6 15
94 181
90 144
25 252
138 238
8 108
178 224
191 237
92 208
199 234
50 66
141 151
160 199
156 207
49 134
168 247
53 155
171 227
151 186
47 103
73 134
23 166
122 260
183 184
70 93
0 9
133 138
29 179
238 241
169 173
70 113
84 90
127 159
119 153
39 76
120 131
13 171
106 159
121 141
69 198
184 203
18 136
108 231
107 255
85 216
30 156
143 252
196 205
88 133
140 176
118 122
13 25
86 200
197 228
71 198
17 50
54 189
65 108
24 110
124 135
28 120
86 165
128 132
40 119
7 237
173 196
23 237
189 221
4 210
178 198
114 140
50 88
8 217
150 234
102 183
177 181
71 169
149 197
29 235
6 108
31 256
147 226
23 234
47 65
106 167
71 128
71 194
10 154
165 230
66 200
63 250
76 122
34 171
100 182
11 138
83 115
195 257
74 143
102 110
86 110
72 241
20 147
42 134
109 209
96 135
11 18
208 223
68 240
165 213
7 92
73 131
47 143
35 190
150 205
58 254
103 128
94 117
42 237
24 184
211 225
179 244
74 174
100 161
168 196
24 214
52 233
28 240
46 161
124 140
55 98
161 210
173 197
5 84
58 227
196 253
197 234
154 244
172 251
98 242
103 216
8 232
215 235
145 252
98 211
62 66
40 148
100 136
118 246
4 135
193 249
30 142
170 188
29 239
15 231
189 231
137 191
202 254
143 168
13 156
1 260
63 127
113 116
128 236
13 247
5 56
183 234
54 192
51 177
136 174
133 160
126 183
190 244
69 81
0 66
18 207
20 89
94 126
107 128
118 121
22 86
53 85
25 135
60 178
69 216
25 260
115 218
151 179
38 190
90 98
19 55
117 221
55 81
56 127
8 238
139 231
222 245
0 165
44 53
34 150
33 60
7 188
73 150
47 189
80 193
36 251
54 160
176 260
133 214
112 151
101 169
48 255
82 171
117 189
47 160
1 120
213 217
69 226
65 157
84 170
55 159
22 126
230 231
129 137
73 128
68 108
3 207
39 55
3 145
147 156
17 95
32 70
160 246
201 244
162 206
43 172
87 189
116 193
122 132
69 98
12 231
59 214
203 256
97 127
18 77
89 242
138 255
47 83
27 203
53 249
9 120
98 112
84 166
160 170
91 143
46 231
150 156
15 36
54 133
114 195
72 95
115 183
135 198
79 149
215 241
172 220
102 259
57 257
119 155
94 225
60 229
82 132
84 140
122 169
153 164
103 194
198 238
62 121
26 96
44 121
9 48
171 179
19 82
36 43
86 149
137 179
137 213
29 198
17 220
88 134
126 129
67 118
96 117
115 127
111 154
134 248
48 110
201 255
144 248
180 227
193 217
24 216
204 205
58 131
27 53
200 220
23 73
134 160
226 236
141 213
149 259
66 113
69 181
139 206
14 236
41 161
28 99
134 172
21 78
186 250
37 110
71 73
37 146
17 239
70 210
28 188
144 165
20 45
57 94
71 249
93 100
50 174
81 194
88 108
56 88
93 209
21 47
34 248
8 194
34 60
112 238
52 243
200 258
102 142
13 179
113 180
9 195
36 123
36 242
176 225
47 118
30 99
87 135
2 203
20 220
61 138
9 139
93 193
154 191
57 95
155 211
208 259
200 214
109 111
18 46
207 242
1 158
66 252
62 80
184 207
184 211
56 165
69 178
16 241
133 207
3 118
114 235
95 179
2 223
85 178
169 180
7 207
27 93
82 240
1 228
148 206
155 163
46 155
169 209
42 118
61 112
77 148
166 201
106 234
44 194
127 169
176 255
96 106
18 181
41 160
50 53
7 63
46 248
169 233
122 153
134 193
35 228
1 144
43 237
29 232
35 147
209 240
68 98
98 140
107 149
171 242
113 130
101 116
20 221
98 188
106 133
76 260
34 122
16 142
35 113
38 76
44 166
117 260
23 242
44 129
34 37
134 258
86 227
185 241
178 219
73 227
67 232
60 242
180 222
132 251
51 255
67 207
47 255
15 180
109 221
41 84
181 207
65 182
142 238
55 95
151 256
0 32
36 213
45 84
4 214
106 134
4 243
58 62
41 121
126 131
47 62
199 221
58 199
33 168
10 86
51 249
48 220
45 140
73 185
162 176
32 218
52 132
42 51
32 222
100 178
89 184
70 92
28 75
97 106
114 256
18 168
189 191
143 147
68 157
149 169
101 157
68 177
76 169
198 256
6 33
111 204
51 224
191 221
85 234
208 218
14 259
91 94
142 180
205 220
217 249
2 37
175 201
65 205
100 227
199 232
174 243
12 14
186 229
36 156
23 258
140 147
56 187
199 224
54 233
93 220
89 123
30 85
1 115
7 166
64 211
143 260
46 99
120 234
11 19
127 248
92 249
87 159
22 153
56 196
41 118
22 127
45 127
122 226
125 242
94 198
68 149
98 253
7 239
73 126
195 215
8 129
73 113
103 183
31 195
47 109
72 165
104 108
94 106
6 195
14 49
46 174
124 200
141 189
106 221
169 202
89 102
117 234
51 205
75 139
139 172
131 140
19 39
115 213
12 214
45 170
52 91
72 144
52 94
130 148
213 254
113 210
19 73
124 216
40 101
3 203
88 191
54 84
121 220
132 177
177 212
30 107
6 52
24 95
80 111
45 163
147 213
218 227
97 247
68 73
22 256
86 221
38 199
48 114
73 155
133 242
90 161
24 105
119 196
31 95
40 135
62 184
137 140
140 163
86 247
180 188
8 256
116 162
47 108
177 221
104 130
2 99
36 103
122 232
56 115
99 114
196 213
16 203
100 197
66 72
57 142
122 249
142 189
99 120
104 173
101 184
75 82
48 133
31 140
27 39
76 242
41 170
218 249
80 197
148 219
144 203
99 239
91 243
60 199
48 144
240 246
8 74
137 223
13 174
42 229
125 159
195 197
170 186
109 234
37 201
154 218
18 52
24 166
152 154
69 222
108 180
17 68
20 72
212 249
170 254
28 173
9 95
23 145
202 237
165 251
97 206
121 198
35 233
29 197
26 72
46 131
151 239
204 214
9 106
2 254
192 206
48 53
189 244
57 223
106 257
102 156
158 205
11 147
74 177
66 188
5 55
63 64
202 253
127 246
60 238
109 197
61 243
7 205
47 114
57 131
89 220
135 181
232 259
123 226
33 197
46 244
33 210
76 219
183 224
142 251
161 253
74 165
98 222
145 197
48 146
122 125
197 211
2 192
227 253
29 40
16 187
126 210
23 87
90 239
58 119
76 183
14 29
242 251
81 96
160 232
77 106
182 253
203 226
42 192
132 184
174 257
85 91
51 198
87 226
95 169
40 214
18 190
83 125
190 251
23 227
67 111
94 245
67 209
10 133
12 230
90 182
138 153
219 233
52 240
124 221
38 142
62 253
104 188
60 234
78 200
238 245
86 139
19 174
155 170
84 167
127 221
26 99
144 225
21 46
105 232
74 85
4 125
102 154
171 178
26 224
141 157
28 138
209 231
33 208
20 204
50 92
130 239
156 218
7 110
179 210
82 243
96 150
31 50
7 73
37 154
226 258
100 260
91 122
174 260
27 91
29 250
0 207
9 98
200 213
116 158
127 163
54 180
28 116
74 133
49 165
161 236
98 229
1 162
121 223
20 177
257 260
30 37
13 96
11 167
58 218
113 229
190 226
16 181
233 245
41 174
23 257
158 203
27 165
7 244
38 212
94 121
115 196
182 240
105 247
57 137
21 209
9 69
105 258
156 227
59 206
175 236
159 175
158 227
47 201
103 122
84 122
124 170
174 245
16 106
18 41
138 211
167 168
38 175
63 255
21 193
69 106
216 217
36 52
115 133
29 245
1 244
73 141
86 101
77 121
147 209
43 231
15 59
5 135
21 97
78 204
17 59
1 154
163 230
41 256
121 237
125 196
71 110
67 85
96 205
29 101
90 117
152 174
46 66
64 258
48 104
90 154
40 170
178 201
106 213
55 238
135 154
7 25
42 93
1 176
178 225
13 110
13 75
95 256
209 222
219 224
194 252
104 159
133 144
43 159
4 37
155 194
26 236
88 189
70 215
7 89
84 103
64 244
179 193
9 44
8 19
37 208
71 250
135 251
203 208
5 223
25 175
18 60
12 242
87 225
129 210
74 139
73 93
54 65
32 83
98 240
25 108
152 195
72 195
209 229
1 216
8 100
116 152
126 194
71 209
231 248
52 194
4 254
153 221
0 63
7 136
111 170
40 92
205 227
85 212
14 93
78 170
115 192
159 234
20 135
97 118
229 239
134 232
146 161
111 197
62 151
61 219
17 260
173 218
154 170
4 258
61 166
54 238
32 82
54 101
56 189
109 254
115 222
24 45
119 144
80 143
158 169
220 258
201 227
34 117
79 163
61 256
87 246
34 86
54 227
158 214
114 232
225 227
113 126
104 243
96 158
51 247
13 197
107 231
43 83
120 208
47 133
80 208
26 40
225 249
140 195
192 257
24 171
79 201
12 168
34 246
55 172
174 201
157 209
10 109
220 243
70 125
14 112
79 104
38 220
22 217
112 156
83 104
12 87
77 84
222 257
16 122
95 232
12 24
80 147
134 191
122 172
96 238
0 161
1 184
32 65
81 173
29 30
66 114
60 136
138 252
167 238
126 206
2 191
62 131
26 193
85 190
16 252
0 130
7 190
66 240
56 224
36 166
25 109
146 251
143 167
48 56
11 260
93 106
0 129
98 135
222 254
67 254
127 180
66 107
25 250
107 212
10 205
89 239
124 146
1 149
10 227
17 200
68 188
46 227
51 202
57 158
212 215
2 168
122 223
5 203
115 158
35 36
99 147
180 235
115 228
80 106
60 110
155 182
86 256
78 121
58 225
152 260
133 170
57 110
181 259
104 168
17 131
71 129
64 230
5 20
60 226
2 91
47 205
158 255
119 234
46 91
38 88
122 146
63 96
72 142
9 28
251 255
94 115
134 235
10 239
4 59
67 88
38 66
89 140
46 121
126 176
44 161
12 19
120 161
78 152
27 245
95 98
49 152
112 206
64 174
53 146
50 202
62 248
147 183
57 225
127 161
129 193
190 208
143 151
42 54
33 256
189 239
208 249
109 174
76 173
36 197
165 250
79 137
32 188
118 206
31 169
150 175
117 206
17 119
195 214
42 247
13 52
97 132
139 190
157 163
91 155
46 116
89 228
57 161
45 198
141 257
217 240
141 251
170 220
29 72
33 115
155 176
66 157
99 199
191 225
25 160
189 243
71 255
18 55
9 149
221 239
169 174
10 220
214 245
177 241
0 249
45 197
53 216
189 201
36 238
6 96
67 185
79 178
159 237
94 112
63 152
204 229
130 254
54 244
33 149
163 235
106 220
18 176
121 254
143 226
5 48
63 109
132 244
92 248
99 106
75 241
23 215
19 215
28 163
103 174
11 130
12 213
154 189
63 186
81 111
222 256
95 167
153 174
5 85
151 244
105 119
67 140
27 221
210 214
24 133
13 256
109 143
15 144
153 246
5 221
131 171
146 243
54 79
14 139
69 84
64 111
159 231
47 60
119 134
31 62
94 177
5 76
131 236
135 196
183 216
17 169
132 175
98 191
68 109
158 238
99 124
134 197
111 167
4 48
197 214
84 100
71 81
113 207
63 165
155 249
197 247
196 229
60 160
125 249
130 243
38 230
77 199
130 223
5 216
140 152
52 192
62 140
114 150
15 248
31 84
42 64
113 217
12 46
133 179
181 226
24 85
10 183
10 61
150 229
84 203
46 162
102 161
14 66
141 241
28 137
140 251
109 241
18 45
78 138
76 135
219 232
131 183
54 254
9 116
107 225
89 160
143 181
84 154
20 93
124 176
17 162
216 219
154 162
82 134
214 232
67 208
6 188
162 239
76 138
73 104
121 189
85 164
169 205
173 224
166 233
130 156
147 228
20 214
32 48
3 39
37 42
194 220
4 72
107 223
75 199
206 247
124 223
129 174
74 194
164 238
100 224
109 115
18 109
24 59
67 100
177 235
132 153
116 147
73 198
175 218
2 80
90 147
101 197
124 204
106 158
107 169
11 20
24 35
173 251
56 59
63 204
143 197
119 233
214 227
41 188
28 201
146 210
28 132
178 212
156 231
144 182
20 191
55 144
31 179
128 249
165 167
179 180
25 53
30 215
135 248
129 207
48 108
116 181
51 244
69 141
160 259
64 65
35 112
130 214
76 82
87 175
2 122
55 161
4 144
104 256
99 252
235 247
9 26
7 258
174 217
17 61
111 173
93 107
49 111
130 246
59 257
166 205
37 67
172 203
41 233
10 140
73 231
47 206
17 127
3 233
111 214
224 246
40 249
140 171
105 218
40 192
164 246
174 196
166 210
13 196
40 48
32 158
27 67
68 203
24 140
204 235
67 102
138 207
17 248
62 111
29 159
170 197
132 168
205 241
3 79
72 213
89 95
51 203
1 49
38 128
14 44
204 243
140 166
27 61
10 88
77 252
80 226
133 151
87 210
171 198
52 150
29 37
95 184
12 184
118 216
40 222
130 197
53 177
152 250
81 244
22 109
5 8
140 260
70 168
219 255
145 250
106 240
94 224
20 50
58 134
142 146
45 98
144 227
82 143
63 123
34 38
2 92
90 177
128 169
120 236
158 209
28 183
39 127
149 151
139 175
6 246
112 171
66 208
64 257
189 246
60 165
116 260
232 236
48 210
128 186
28 180
67 159
13 26
127 258
77 117
111 220
14 122
245 249
43 94
55 137
152 158
146 202
193 213
70 187
17 63
38 143
59 196
137 214
156 203
171 205
6 54
91 158
5 14
204 254
51 91
39 241
153 202
47 247
52 209
139 185
21 128
139 221
209 227
170 215
28 169
167 234
217 237
113 184
73 82
235 236
138 250
62 233
165 203
36 144
70 99
73 200
158 242
39 154
47 119
114 231
53 128
249 260
95 177
204 219
199 233
127 226
9 84
150 258
22 27
132 186
75 113
7 202
58 152
114 226
16 191
47 232
114 257
49 129
172 204
28 172
161 194
66 223
117 157
89 120
146 172
24 83
5 151
41 77
226 239
8 24
80 124
9 147
90 155
43 113
29 122
24 149
56 81
154 184
24 39
36 47
169 217
117 142
143 200
70 118
55 78
163 187
87 249
182 239
54 199
45 123
146 244
170 250
51 52
64 231
160 201
186 233
74 244
63 169
2 63
8 190
149 177
74 147
21 41
184 243
68 71
41 53
118 165
72 80
116 128
77 183
151 251
6 159
84 180
5 208
2 108
7 123
25 159
133 175
46 158
25 150
220 248
60 174
162 170
124 164
102 240
76 237
26 177
50 62
89 252
173 221
4 205
85 174
65 166
57 256
159 236
146 228
119 137
25 39
91 105
4 104
51 230
216 231
172 202
78 112
6 136
128 191
95 96
142 149
74 166
1 8
55 89
9 111
21 241
46 85
25 231
67 145
53 245
27 255
8 72
6 10
77 224
188 197
10 101
186 192
249 253
41 71
131 168
214 258
0 196
188 203
26 225
73 116
48 147
0 91
28 186
4 166
2 240
14 138
93 195
155 256
154 174
114 134
158 208
135 256
49 166
106 186
6 84
192 239
22 42
113 166
116 198
36 121
70 71
16 220
91 166
6 73
163 255
10 118
5 58
29 112
6 161
31 252
83 108
27 204
25 146
34 85
164 229
189 216
105 206
112 122
13 205
60 203
43 126
167 178
63 148
160 185
48 203
152 187
49 209
108 122
215 229
65 226
130 204
178 210
119 259
76 255
231 254
121 137
115 175
112 211
84 260
67 101
31 130
12 147
190 203
127 186
56 173
125 220
26 196
106 117
62 103
128 247
86 190
75 144
204 220
119 189
112 227
72 198
93 207
29 180
52 228
24 148
56 138
86 223
58 180
28 146
8 171
72 156
171 235
48 145
76 108
98 151
140 165
39 149
36 181
230 232
60 131
155 227
46 55
103 138
113 173
60 122
155 214
24 40
145 218
114 163
68 77
189 212
125 199
7 229
107 226
57 113
3 86
48 217
68 209
154 163
189 214
16 72
178 220
23 177
94 248
233 234
9 87
12 178
59 211
35 140
203 237
1 136
46 118
117 143
52 158
145 258
71 146
13 18
57 150
90 189
133 181
141 143
192 194
151 238
2 126
30 60
162 188
114 181
126 202
161 230
104 221
188 212
206 244
7 144
30 45
62 70
141 223
141 217
0 77
226 246
130 222
18 226
21 240
34 83
72 243
2 177
0 199
115 161
10 144
130 202
35 77
42 223
89 113
94 141
56 179
29 199
71 106
26 143
36 154
107 213
33 108
68 250
112 162
114 167
31 154
163 223
97 182
132 188
71 142
84 165
24 144
53 108
150 184
83 94
48 215
28 184
49 163
212 223
6 21
35 187
63 107
9 228
96 142
3 107
118 192
114 162
77 246
3 211
160 231
44 111
130 225
178 197
9 217
10 230
17 207
183 187
106 212
61 151
24 245
15 229
66 197
113 254
146 175
81 242
49 132
131 142
55 117
108 172
56 68
178 236
46 147
0 231
109 130
107 248
9 188
4 23
220 233
90 170
22 185
212 230
14 192
104 162
89 243
62 90
225 245
45 200
221 245
84 119
101 222
100 149
156 236
43 199
69 196
138 216
135 232
154 172
85 236
12 162
245 252
84 93
179 256
5 255
0 208
10 40
14 210
87 256
113 183
9 225
33 177
11 186
234 254
22 51
72 258
76 89
35 101
183 242
79 128
131 170
164 241
45 133
165 217
192 231
138 150
26 180
40 162
4 113
62 167
17 253
125 255
160 250
164 174
86 208
130 180
218 255
68 79
112 182
74 243
236 257
70 152
207 228
73 171
5 15
123 186
4 116
70 185
83 93
27 195
77 249
185 231
55 230
80 230
55 153
7 12
142 153
72 175
61 134
1 38
118 189
57 232
34 40
131 258
95 244
46 136
83 247
129 161
47 54
37 56
55 250
4 208
28 158
36 41
80 88
0 172
108 163
54 60
95 122
64 139
192 240
36 162
190 214
61 149
14 94
116 161
28 82
126 236
28 123
77 99
114 160
15 232
99 104
110 172
121 243
75 184
234 250
28 174
61 218
146 253
45 251
115 173
0 50
37 132
10 188
4 139
86 130
106 238
49 153
4 43
1 42
75 99
29 171
24 114
105 155
106 211
176 253
72 192
105 133
70 229
173 223
3 48
89 164
28 157
82 156
13 122
93 110
88 156
89 235
164 235
88 105
95 252
115 219
135 206
121 168
62 179
13 30
126 246
66 255
42 187
235 237
116 120
76 233
32 237
88 208
105 186
94 128
24 233
34 103
51 61
150 187
141 235
34 41
83 150
194 215
53 169
52 237
182 227
91 226
224 255
131 158
22 113
56 117
117 165
127 204
15 98
56 155
121 151
32 93
116 199
72 90
156 178
135 166
117 181
71 113
164 250
81 179
22 38
176 199
130 177
47 130
120 137
188 253
149 219
148 160
207 230
147 249
11 107
158 246
26 57
158 237
114 258
184 188
210 246
18 191
118 231
117 211
217 253
174 221
56 69
11 208
194 247
8 117
77 81
13 180
67 126
104 241
79 212
155 238
170 219
52 87
25 238
1 234
3 227
162 217
28 145
98 147
93 247
161 255
66 169
108 184
227 228
58 155
49 137
108 131
16 166
57 112
109 242
17 85
4 52
175 237
194 212
40 136
122 197
34 59
35 242
123 242
1 190
198 236
63 68
4 228
72 251
67 129
31 94
181 189
18 172
116 135
92 109
5 109
36 174
135 171
21 222
95 113
41 68
21 247
164 239
65 207
95 219
16 130
66 224
104 235
79 214
159 247
14 212
91 114
74 163
31 83
212 256
55 242
138 154
160 227
93 187
58 163
89 238
44 199
60 207
51 243
24 247
23 196
9 36
147 211
76 152
0 243
83 137
23 46
30 106
116 220
75 257
226 250
85 133
73 207
213 243
96 147
40 254
175 198
224 233
17 244
0 256
135 237
196 243
256 260
120 253
0 258
86 92
230 255
103 109
104 145
194 197
164 180
107 126
44 257
108 247
120 222
192 248
85 195
203 243
41 181
96 224
67 241
68 251
24 241
50 131
28 246
152 194
4 175
54 66
22 250
86 189
87 227
194 237
246 257
104 205
57 224
27 64
49 200
210 217
82 112
38 120
164 252
24 94
33 192
67 73
145 172
24 49
83 245
53 254
113 208
168 259
3 225
19 234
94 221
47 190
14 137
108 212
191 201
35 210
60 106
105 137
5 246
161 221
45 141
92 239
141 236
28 91
171 177
88 171
104 122
98 120
3 210
106 112
97 251
46 236
101 241
17 246
181 221
148 214
29 63
20 258
65 181
76 121
71 114
11 111
136 217
60 211
22 176
27 161
68 200
89 146
216 246
172 180
180 203
181 213
26 221
57 68
252 260
66 216
77 197
100 221
118 203
18 165
37 209
119 191
2 241
30 237
43 108
105 131
41 162
14 228
94 131
154 217
217 223
104 172
114 170
14 234
62 153
82 155
122 164
74 241
228 260
127 168
90 233
60 195
39 43
109 170
11 179
166 218
65 235
35 229
192 230
117 205
121 196
167 203
30 259
83 249
127 191
21 100
68 135
35 88
63 174
224 248
176 205
51 193
169 170
233 236
111 151
176 241
69 99
179 192
215 232
72 240
142 206
55 180
67 184
7 189
27 147
114 200
29 33
63 110
40 50
110 143
76 190
129 235
62 237
45 167
77 118
58 226
0 128
16 136
133 148
108 217
191 255
32 68
171 181
36 164
20 55
24 207
20 94
5 91
29 97
167 196
6 37
106 232
122 201
110 155
205 211
131 253
16 19
10 235
143 228
149 240
90 223
81 157
24 42
36 236
20 37
64 158
20 256
156 174
36 159
152 236
2 189
6 192
37 121
144 259
121 205
87 89
1 63
38 139
70 192
17 171
37 109
28 79
95 198
23 155
218 243
19 236
50 95
57 239
64 175
143 144
39 47
29 201
228 253
209 238
97 142
49 57
35 209
98 102
223 239
86 241
22 26
131 245
149 160
71 179
83 250
11 158
86 230
134 151
151 191
79 171
194 213
12 161
92 166
200 248
74 93
141 192
9 40
48 52
67 71
31 137
75 208
62 157
61 192
184 185
4 132
134 156
153 247
1 131
85 186
168 192
95 235
139 229
7 253
21 126
124 190
30 57
124 230
62 257
88 185
92 178
131 200
50 203
159 217
119 242
149 166
77 141
60 132
179 225
4 246
1 224
123 169
78 142
62 165
56 75
55 140
168 253
104 120
210 252
148 192
116 149
155 245
25 216
114 123
71 108
178 208
161 164
62 133
107 202
110 253
38 140
95 139
172 231
17 45
9 242
35 141
82 181
53 76
211 234
144 251
25 193
173 188
3 115
126 163
32 168
56 186
64 229
105 170
186 225
18 228
86 94
55 92
36 248
23 34
35 231
5 128
194 204
13 198
7 99
3 238
24 183
94 213
47 197
83 87
128 208
233 249
85 119
164 191
126 150
148 168
143 253
75 251
133 177
50 97
195 254
38 133
58 161
5 89
103 160
27 86
66 248
54 249
90 159
13 141
0 18
51 208
38 51
144 201
73 177
1 48
24 164
124 235
5 121
26 58
82 119
140 244
47 113
34 142
52 226
89 214
28 176
152 228
89 135
25 68
113 201
25 176
112 237
4 128
90 162
186 210
83 133
79 115
113 192
39 174
137 235
158 251
162 186
3 104
40 61
26 250
173 177
36 40
30 116
94 190
117 237
142 203
31 132
102 211
167 237
40 60
18 161
76 202
99 123
191 254
27 239
38 71
37 164
140 153
199 235
17 81
140 229
3 179
172 174
1 35
178 191
5 114
114 125
44 162
120 229
141 182
27 224
124 136
0 141
53 73
82 150
65 154
10 145
129 230
66 249
80 86
185 203
225 238
69 109
11 69
108 113
207 239
126 200
35 150
57 83
80 225
40 240
125 169
155 217
174 226
119 166
167 229
34 135
56 255
100 185
24 101
16 81
134 168
56 177
246 254
97 235
181 229
66 250
112 115
68 187
137 238
0 194
181 258
178 247
163 247
82 186
175 197
170 182
217 234
156 252
138 257
169 178
146 188
2 128
94 215
162 231
119 138
117 225
170 228
195 219
118 138
23 71
182 190
31 135
29 249
87 204
110 240
65 95
127 156
143 213
152 170
149 181
79 232
85 202
82 231
65 71
2 64
227 252
111 147
218 239
46 137
38 104
198 220
156 172
61 189
96 245
190 207
185 205
81 189
68 119
163 229
91 182
250 254
97 210
131 250
104 218
20 195
56 209
157 232
29 222
175 177
7 116
84 230
148 240
93 168
2 112
37 90
40 177
110 223
103 170
108 183
51 75
15 218
52 151
89 210
27 73
222 241
68 258
65 170
232 235
203 229
26 49
224 253
65 198
41 88
105 203
47 102
66 222
48 79
114 209
22 105
12 163
117 163
41 129
128 196
32 148
53 133
117 164
83 157
30 104
106 218
83 193
66 241
44 154
30 98
97 117
100 131
41 220
35 247
167 225
2 104
62 65
85 121
95 153
16 67
204 208
77 247
12 118
159 224
30 70
164 255
69 204
39 235
8 252
132 192
122 200
19 157
34 102
13 185
20 44
161 170
121 187
138 241
17 107
61 214
30 210
36 200
110 190
110 114
91 236
66 166
86 105
44 178
13 137
79 125
98 237
109 156
121 213
139 162
73 222
60 202
49 222
103 132
53 141
88 96
66 86
212 237
182 241
160 233
159 244
7 43
8 17
64 206
86 217
54 69
5 120
54 139
72 150
4 235
56 226
157 175
141 146
13 28
121 230
109 126
138 182
192 212
183 197
27 44
164 258
82 87
42 241
39 173
208 219
53 123
233 238
136 166
2 160
79 109
151 209
48 212
44 204
163 236
99 193
150 176
85 243
18 110
187 217
164 177
8 26
8 195
12 101
70 82
109 168
117 207
235 238
144 188
51 90
0 158
105 260
184 237
22 156
82 139
221 234
79 121
106 157
62 89
92 240
14 101
120 198
130 186
51 84
122 194
180 213
122 186
144 237
60 240
149 163
90 114
198 249
118 243
144 244
162 210
86 158
122 242
10 182
104 230
137 153
101 210
6 30
135 242
213 230
109 132
194 248
79 251
74 153
112 201
42 49
168 197
5 147
104 207
198 246
24 212
101 189
102 127
153 189
65 109
29 192
44 85
56 116
111 114
78 231
184 191
37 62
100 163
43 205
44 123
56 203
222 242
31 32
62 226
167 193
99 150
63 145
38 206
105 178
114 157
174 249
126 213
90 146
22 41
58 232
62 91
2 143
11 174
7 88
39 186
132 159
76 114
139 216
82 111
102 256
26 134
161 186
49 176
228 242
184 206
178 259
166 181
20 51
53 149
177 187
170 235
7 87
214 242
128 253
112 221
166 220
12 61
42 211
127 247
35 56
96 248
91 129
116 188
126 208
9 244
56 162
9 159
35 79
153 205
177 201
19 67
43 241
81 217
19 40
165 169
125 155
28 85
6 85
24 215
88 187
16 97
5 99
145 204
43 175
82 172
60 198
89 171
17 231
32 91
14 155
135 152
130 135
151 157
111 116
42 259
18 183
169 238
74 189
106 171
172 247
131 230
13 40
60 137
61 178
101 159
80 195
239 248
36 131
54 104
109 235
57 248
81 254
49 148
47 171
111 125
34 183
73 192
112 143
105 222
91 223
100 231
63 128
27 223
40 81
108 166
10 103
78 156
109 183
72 189
12 236
137 207
8 20
37 136
174 220
53 257
61 142
49 175
28 89
101 145
113 226
54 251
85 247
85 189
191 251
21 122
43 78
29 166
26 170
34 228
75 162
88 220
1 135
148 189
218 256
80 259
117 121
115 121
220 244
36 49
131 255
26 93
140 181
75 117
94 100
91 116
130 220
103 141
101 253
139 224
149 199
14 136
40 174
214 240
134 247
20 48
46 122
18 160
30 241
77 88
92 118
104 118
13 233
201 237
64 97
111 191
4 14
73 242
9 190
146 229
4 61
88 98
101 148
88 89
6 158
1 179
105 257
45 172
34 175
26 84
42 125
69 165
87 150
163 185
21 165
158 254
1 15
61 187
14 260
81 110
11 29
28 59
199 259
52 186
19 187
180 250
59 97
167 169
8 115
52 107
104 233
109 144
235 249
91 98
54 191
69 75
15 45
65 249
53 191
216 237
66 230
143 170
5 125
177 202
212 236
140 255
17 211
74 96
135 147
41 145
175 203
164 227
14 235
26 163
118 179
154 158
19 256
191 238
28 105
34 74
149 244
134 254
134 224
98 206
63 227
156 250
82 85
68 199
130 238
178 186
0 236
28 230
110 191
20 238
137 234
162 164
103 231
151 176
0 124
44 211
54 118
38 214
7 118
20 110
160 187
95 172
79 238
80 102
134 176
132 196
141 216
36 122
135 138
41 101
106 130
55 62
143 208
27 116
33 43
73 206
115 124
106 160
34 94
52 172
72 130
154 213
97 219
98 171
142 194
80 172
89 205
53 205
76 221
57 206
19 244
130 212
177 217
67 149
26 114
5 257
138 167
148 201
95 144
13 163
13 257
130 226
13 259
94 140
25 151
133 165
52 187
75 227
39 90
46 104
131 256
18 44
25 217
47 75
54 121
29 119
27 185
85 110
149 208
67 178
189 222
23 251
12 221
18 101
113 211
156 198
74 254
69 151
31 66
104 236
1 254
87 253
23 210
206 246
96 207
21 106
41 123
95 207
174 216
125 239
56 259
45 72
145 241
127 130
72 76
78 110
100 155
140 155
76 117
171 248
80 90
51 109
67 260
100 206
165 170
40 63
78 218
21 139
161 207
75 219
168 222
229 238
76 127
96 111
128 139
20 25
65 252
125 240
52 160
65 147
175 191
164 219
61 159
31 230
107 130
26 88
16 23
142 223
169 176
94 244
26 128
107 230
29 34
214 238
41 81
37 210
92 250
112 120
11 249
109 205
78 192
51 65
107 145
65 102
75 81
117 214
210 251
130 233
201 218
201 204
18 139
23 180
126 249
24 38
182 222
10 44
7 192
34 136
168 203
116 122
144 187
41 154
21 67
235 252
81 207
140 220
117 253
11 140
87 99
75 259
13 123
171 219
140 172
81 158
61 75
2 246
48 243
18 157
58 194
30 81
244 249
54 193
48 78
11 113
42 253
53 256
144 177
180 253
55 252
185 253
112 145
215 243
218 257
9 97
38 250
102 251
33 225
79 255
195 234
50 73
143 163
177 210
52 219
121 132
59 248
155 181
147 204
54 188
147 225
141 234
32 39
15 28
74 109
53 241
93 139
21 69
129 257
232 241
96 221
8 161
24 113
4 91
37 92
146 164
24 123
101 115
82 135
93 200
150 157
83 92
91 242
200 256
195 223
19 69
50 157
179 251
89 93
44 54
137 185
7 145
28 115
74 95
77 165
79 145
101 238
0 115
46 101
36 209
122 259
10 125
127 175
25 50
101 230
161 248
50 52
162 228
63 242
30 67
119 245
81 82
1 237
69 214
102 203
149 224
53 178
50 208
145 150
127 206
54 230
45 195
27 137
28 159
39 95
135 149
26 71
10 225
34 197
92 128
130 144
51 168
69 152
175 231
84 195
139 205
198 241
85 208
12 154
88 165
75 159
161 234
52 126
177 258
189 234
186 247
10 24
72 200
42 202
152 156
14 51
39 77
11 70
8 111
244 248
43 70
113 206
78 101
127 131
21 224
45 66
145 177
55 136
165 202
108 164
42 88
56 137
194 209
23 190
249 259
67 97
63 154
12 36
145 222
51 155
50 67
163 216
159 197
204 246
204 230
70 122
41 184
11 203
44 70
137 209
165 239
133 135
172 248
27 30
211 212
19 20
30 96
4 160
136 252
120 134
19 96
131 188
20 146
160 164
85 90
123 129
29 254
94 207
55 151
111 246
66 81
89 215
90 232
236 260
119 252
131 161
200 235
127 239
28 50
43 134
60 163
146 168
19 117
83 236
26 194
12 138
71 205
3 43
56 204
207 209
144 214
3 18
208 234
78 158
20 74
159 220
15 96
20 253
133 176
61 174
110 187
23 92
100 257
19 172
52 205
65 106
19 136
145 259
138 186
231 252
43 216
117 172
108 208
91 120
77 145
87 198
12 253
142 165
38 209
36 50
146 170
195 235
4 253
53 68
145 153
126 132
164 185
184 238
66 220
79 170
157 257
107 114
43 251
6 214
15 93
72 157
130 209
237 244
99 160
59 132
6 177
152 166
17 35
92 237
6 169
176 246
139 144
15 25
68 111
199 219
134 143
116 246
147 169
131 167
207 241
159 252
168 180
124 226
117 169
148 194
176 210
102 134
39 84
143 218
85 120
130 166
10 124
10 128
69 128
106 179
78 227
34 208
8 196
2 178
165 179
17 229
110 113
98 172
12 108
51 66
83 230
28 237
121 126
49 82
232 240
85 101
190 254
26 111
124 129
99 111
75 96
12 144
146 254
23 191
81 237
103 241
68 150
54 219
139 243
161 235
92 97
55 251
2 257
23 89
59 74
151 249
195 259
17 115
61 121
130 224
36 134
25 95
24 178
185 225
99 242
41 212
153 259
129 229
28 191
117 122
138 212
98 179
31 167
148 150
223 237
123 204
151 189
111 122
146 235
193 246
90 156
0 229
60 95
47 251
76 144
3 54
168 233
181 186
161 177
61 113
34 251
180 200
58 244
152 188
143 251
38 233
13 121
21 203
23 142
110 122
179 242
190 206
8 133
2 75
122 182
3 194
37 249
87 248
64 233
147 248
129 141
15 29
78 126
201 243
83 88
166 251
95 129
169 219
72 193
65 97
132 172
34 80
13 148
181 187
220 252
7 157
124 199
140 259
110 128
61 251
56 246
147 222
178 227
125 127
111 164
134 162
0 125
85 126
82 162
59 186
22 85
89 121
103 152
65 243
51 76
88 90
68 123
40 168
0 237
6 137
122 216
54 68
46 249
119 239
2 248
161 245
152 165
41 137
169 179
47 61
63 189
100 225
94 113
33 259
21 54
20 100
38 47
214 257
162 241
225 237
238 257
101 259
124 202
41 179
34 89
148 244
110 176
73 194
170 206
128 239
95 257
178 249
93 253
122 198
87 127
7 141
34 247
162 199
54 229
78 123
1 44
190 236
4 133
60 88
33 119
56 250
13 157
134 144
190 253
118 155
80 93
114 158
93 149
28 156
140 202
30 153
5 77
42 145
81 128
100 114
28 170
225 226
118 174
70 224
126 138
1 92
139 192
25 97
189 199
54 89
23 66
217 251
147 256
15 128
8 224
59 189
181 204
201 256
172 199
128 248
226 241
107 151
83 141
218 223
173 237
110 192
67 171
90 118
73 108
108 253
8 231
11 39
132 202
166 216
56 221
115 177
40 196
146 160
69 201
149 206
43 218
247 253
76 98
219 241
41 133
136 195
0 56
48 61
104 149
76 103
13 201
69 253
65 176
118 205
57 74
176 251
19 169
212 239
123 160
16 150
175 219
35 161
206 250
28 226
14 55
155 179
27 253
12 59
151 204
58 120
176 198
136 159
42 244
140 167
181 220
134 175
61 114
163 232
82 214
99 249
62 145
23 205
114 204
52 134
121 128
57 231
56 214
150 230
165 195
100 194
68 235
104 160
121 200
215 225
150 249
118 135
74 87
116 245
24 79
45 82
148 165
23 126
52 92
164 201
1 208
109 237
250 260
114 136
51 221
143 166
44 229
79 247
173 235
44 52
163 222
46 192
78 109
30 49
50 110
91 218
34 232
61 89
23 247
175 195
142 217
70 200
37 163
84 129
89 247
104 248
105 228
99 204
44 220
42 107
248 255
5 256
11 132
12 209
40 76
19 80
55 102
91 110
29 64
121 190
108 233
48 183
122 124
43 170
56 94
192 197
37 38
16 242
43 50
126 203
77 107
60 204
16 197
61 226
72 178
50 135
217 226
14 33
202 209
26 259
100 218
85 176
199 237
44 136
3 256
179 216
37 47
211 224
194 216
90 134
15 239
180 231
65 130
140 159
67 144
124 184
142 241
111 234
2 216
9 213
60 126
158 226
40 109
135 150
116 156
57 151
12 195
144 178
98 203
91 247
112 243
30 220
106 156
136 207
48 116
21 237
55 64
120 129
10 160
161 190
20 88
28 224
129 238
49 161
104 219
11 242
71 240
13 55
60 159
2 9
11 44
2 15
81 169
4 190
60 208
187 193
131 147
93 201
5 171
71 155
112 205
205 244
42 258
68 233
236 246
124 219
6 228
153 183
187 229
216 235
39 259
107 173
13 184
63 175
103 147
27 199
127 252
142 229
161 251
84 186
174 244
10 46
36 97
16 147
148 197
30 43
130 241
47 137
71 85
116 204
71 164
105 183
98 241
61 177
131 160
123 163
73 216
32 60
135 165
3 91
199 252
57 203
14 79
48 195
137 182
180 258
13 54
173 234
25 165
1 198
122 204
9 53
71 208
163 208
43 95
64 188
9 82
94 150
56 201
25 100
0 44
8 160
214 252
22 54
63 200
49 92
99 143
13 208
199 217
213 251
65 88
24 208
5 131
138 162
4 257
113 185
80 248
101 217
47 153
121 129
220 231
56 144
30 248
4 65
48 191
20 161
56 258
49 84
244 250
62 242
33 183
83 96
187 190
20 232
127 235
162 260
51 157
63 249
70 119
105 126
91 121
65 232
16 185
135 146
246 251
57 90
34 45
98 121
28 107
126 232
155 196
228 247
5 168
94 157
9 238
35 158
118 218
27 48
50 156
83 113
98 129
35 42
2 209
39 132
128 238
120 255
143 176
134 202
3 71
19 47
154 234
53 259
102 107
23 202
184 213
57 238
82 229
4 12
210 228
84 231
103 131
144 234
101 235
95 221
48 223
49 107
138 185
200 203
117 153
33 104
15 41
37 199
41 176
78 182
114 183
103 246
67 115
7 56
117 216
8 191
59 164
55 86
33 254
124 175
6 162
27 249
117 224
32 115
84 110
31 145
33 257
34 49
28 193
61 131
16 163
67 141
203 259
33 174
42 186
22 59
38 62
17 101
93 258
108 257
67 155
42 56
53 101
15 152
191 211
16 32
63 95
215 238
175 202
16 172
183 250
14 27
53 89
20 26
19 88
95 105
78 103
113 171
19 221
129 259
113 203
182 223
112 220
15 141
62 177
167 251
32 143
101 181
34 229
0 12
47 116
131 144
7 138
148 154
5 43
100 115
176 235
34 209
35 55
77 257
26 116
21 152
118 254
38 176
72 145
199 208
95 151
78 226
157 177
38 172
41 108
109 252
32 85
229 237
89 182
118 194
69 156
153 162
87 258
91 133
115 137
82 101
13 15
67 164
136 215
185 191
22 103
44 201
45 83
25 168
88 205
240 257
69 72
48 54
140 256
128 204
52 72
40 132
90 100
9 137
30 175
73 123
128 216
197 256
166 195
72 75
147 164
61 102
15 210
6 146
144 149
49 68
93 130
202 203
16 108
128 175
58 125
138 144
238 246
151 181
5 193
7 68
96 233
35 98
81 236
201 222
149 168
0 218
203 258
75 175
93 215
118 242
117 213
5 45
7 71
102 202
192 198
72 217
151 161
51 92
156 175
3 139
172 184
62 161
142 256
28 65
204 218
74 202
38 183
109 219
22 226
91 257
154 246
186 211
74 90
94 208
18 68
59 138
92 105
48 71
24 194
70 255
79 229
96 197
5 158
3 114
89 203
163 170
178 238
184 219
189 238
137 150
134 179
110 175
181 244
141 222
71 232
22 159
53 219
152 169
7 148
113 243
118 235
24 80
61 231
34 141
26 29
179 200
21 104
72 216
232 257
116 209
49 71
45 144
102 254
34 212
147 187
127 210
202 252
27 112
86 98
137 228
222 253
66 245
8 97
161 179
29 143
15 61
41 227
128 225
22 170
212 216
73 84
76 153
77 152
22 243
163 242
78 118
200 218
88 254
15 77
29 165
48 247
94 165
196 217
44 127
187 197
83 223
51 210
45 232
51 231
1 117
26 172
135 187
157 197
10 181
123 133
55 90
108 237
38 85
44 223
47 186
52 122
6 115
90 128
103 136
224 241
40 90
49 130
22 171
87 107
21 160
24 256
130 172
82 226
189 197
127 214
14 97
88 127
152 190
32 132
0 26
88 242
90 219
75 115
73 79
205 239
3 96
56 227
2 237
167 200
205 238
72 128
230 237
109 175
55 150
93 203
16 146
221 238
134 167
43 58
111 124
85 231
6 125
136 225
175 176
241 248
93 157
113 120
197 253
145 147
212 253
7 156
15 186
57 125
40 204
78 115
34 192
235 241
195 239
150 159
23 55
132 236
62 69
189 258
170 189
147 258
76 215
153 222
136 243
64 212
86 112
145 213
29 234
93 230
128 203
76 232
72 159
34 199
206 221
81 144
11 255
35 173
39 160
29 209
177 218
15 109
162 232
3 228
61 225
110 257
28 39
68 189
89 234
31 156
189 241
12 175
71 77
106 235
20 126
222 250
109 133
138 141
65 183
57 104
13 219
122 189
131 214
20 49
89 132
3 141
113 146
162 194
13 158
140 154
101 232
24 239
124 192
187 220
181 208
32 246
98 245
140 193
180 219
19 87
110 194
3 63
207 244
89 245
3 17
41 52
233 237
106 209
78 132
92 230
202 212
111 227
48 102
59 98
116 142
62 188
166 168
26 244
193 254
1 194
128 163
83 233
55 127
76 259
7 113
55 181
93 214
207 229
56 247
115 210
116 191
231 233
94 127
25 125
25 195
38 114
133 140
38 174
42 156
129 232
27 98
124 245
34 69
196 233
130 215
74 156
134 200
0 59
121 218
64 101
33 196
80 166
21 201
77 186
49 127
44 83
29 228
10 211
133 169
119 215
223 225
65 89
92 207
83 187
223 236
12 239
196 241
13 234
161 206
68 102
105 191
130 168
103 175
32 203
120 173
159 204
61 240
59 244
48 91
168 186
14 151
133 205
12 73
52 210
45 148
38 102
142 144
30 94
32 62
61 72
34 189
136 216
74 159
89 133
80 219
60 214
12 124
35 67
63 257
147 205
76 145
122 256
127 165
7 21
35 120
57 141
76 85
237 260
4 196
65 150
60 209
125 126
98 105
190 205
118 185
102 171
252 255
56 207
127 227
0 233
14 65
91 161
55 179
198 202
36 194
108 145
228 245
35 223
105 121
162 168
151 164
27 131
23 254
30 155
219 247
112 212
140 207
10 210
244 258
43 105
114 234
33 140
33 68
122 159
100 143
198 200
51 153
21 228
39 255
82 167
76 106
31 109
138 256
188 204
131 234
10 81
179 202
12 71
10 69
140 227
107 175
36 72
13 203
77 109
205 236
97 233
132 237
203 221
18 212
1 32
215 226
46 258
54 234
157 237
47 100
3 127
23 113
176 178
92 205
24 188
85 150
108 249
57 237
40 158
33 234
218 224
166 187
200 252
93 95
88 247
25 162
72 238
141 228
236 239
167 212
148 242
111 249
34 151
80 255
140 180
36 157
73 135
22 61
188 192
10 115
120 126
32 109
101 141
70 222
53 195
70 245
78 251
88 260
21 168
132 204
200 237
50 218
71 234
179 230
67 165
102 122
51 154
247 248
40 125
7 10
210 212
130 154
19 213
30 134
53 90
227 257
135 192
135 241
106 236
13 95
77 110
77 131
106 142
64 168
30 240
121 246
17 193
159 205
201 206
174 230
175 200
10 112
230 251
129 133
84 109
31 184
91 245
38 149
72 188
143 220
162 238
75 78
198 211
247 255
59 184
10 53
30 71
75 205
68 247
129 218
35 240
124 259
245 257
171 204
196 259
139 254
133 245
129 153
42 212
43 206
28 235
189 256
163 180
2 242
6 184
109 203
210 249
151 234
116 164
164 170
113 175
62 99
64 146
96 198
169 190
25 227
113 149
60 154
100 214
38 68
37 124
172 258
16 131
183 241
142 227
40 127
165 200
23 158
94 218
7 241
19 249
4 143
156 171
64 203
51 170
66 179
9 54
162 223
109 173
142 164
67 182
78 133
167 213
233 255
57 255
39 69
7 58
160 186
31 187
40 179
182 257
10 251
42 242
15 88
156 196
18 94
181 183
160 237
180 224
96 225
2 207
193 253
57 242
84 104
32 58
15 246
209 250
63 81
17 166
116 139
13 31
9 194
29 259
59 82
95 111
6 241
141 221
86 183
109 135
96 240
8 31
71 167
41 213
174 205
215 256
41 249
83 147
55 203
20 247
29 205
96 236
19 86
24 201
120 125
49 100
121 191
58 148
0 48
118 123
81 215
53 226
92 184
152 245
245 260
51 134
145 156
157 167
27 247
34 87
74 113
125 180
91 205
52 111
15 194
132 217
58 178
135 169
46 211
198 206
79 81
53 162
176 250
216 233
168 234
9 58
88 193
183 231
25 93
68 221
118 195
39 228
9 38
95 250
170 224
174 224
101 209
81 193
72 83
122 245
221 257
56 234
42 199
16 259
87 108
46 208
47 157
76 131
26 132
41 152
166 207
41 200
221 253
110 226
67 107
0 97
77 209
33 214
125 206
108 221
4 63
25 91
41 190
179 247
137 176
1 43
153 228
98 145
164 192
121 232
73 168
14 108
39 175
115 187
63 130
14 42
76 223
5 47
46 84
172 198
89 224
40 248
22 112
57 103
156 259
32 258
107 221
35 239
161 198
71 175
216 220
53 126
178 222
94 184
41 236
45 194
142 190
57 195
43 245
34 153
40 185
3 57
32 213
107 164
13 117
20 186
107 134
83 148
136 157
124 177
23 209
117 245
80 188
52 255
141 178
148 245
232 245
96 190
113 174
89 156
133 191
23 222
31 133
93 254
155 207
67 247
14 88
98 168
185 239
41 239
103 112
24 248
50 172
183 229
18 238
7 213
142 147
10 73
69 88
40 78
161 257
218 252
123 238
52 142
126 257
126 239
15 196
15 132
86 204
80 220
8 142
5 253
39 130
70 166
151 231
118 190
43 117
146 258
180 220
5 41
118 215
41 156
99 115
116 119
47 124
19 201
179 224
158 239
49 150
12 215
127 215
27 106
109 210
189 240
123 155
72 256
61 224
39 49
3 41
5 230
113 223
58 116
15 34
24 211
43 227
222 231
6 141
0 40
117 198
221 246
60 248
88 117
70 132
23 108
170 207
161 244
19 170
8 222
46 207
125 179
1 11
40 72
161 258
36 133
48 125
65 148
89 103
220 255
40 187
121 139
70 183
75 177
146 226
21 53
39 157
162 215
103 223
212 229
226 254
22 90
6 190
190 219
45 169
132 209
120 169
18 162
67 220
114 130
98 113
163 169
19 35
24 206
125 154
51 108
30 112
106 135
12 197
31 185
129 220
39 131
182 211
54 214
82 196
48 154
208 227
25 188
44 138
46 77
47 50
62 104
13 249
46 189
13 131
42 126
211 246
6 220
110 231
226 259
12 32
62 186
32 138
107 206
18 140
62 134
31 97
126 166
34 154
28 218
51 219
107 237
224 231
120 256
16 192
0 188
24 237
36 255
72 225
11 228
151 201
108 173
135 210
37 194
16 164
31 57
133 184
51 191
85 259
57 76
196 250
23 246
120 228
53 203
28 258
1 81
3 120
144 235
50 222
53 115
78 129
66 176
0 203
57 220
0 30
24 246
7 52
193 259
49 183
24 163
75 238
145 260
128 156
108 140
63 117
75 189
185 230
32 211
77 177
116 251
91 97
42 246
4 163
12 240
131 201
164 204
20 182
58 111
26 186
165 166
82 222
125 198
198 221
57 213
134 189
86 242
16 231
76 228
110 238
53 217
170 243
3 28
116 177
93 140
127 254
141 260
62 203
125 253
76 206
138 209
83 215
151 175
38 90
58 162
136 169
12 210
24 68
100 174
113 159
36 59
51 57
193 238
89 145
170 256
57 135
30 260
12 127
37 155
14 193
11 79
121 130
95 231
93 238
126 153
175 194
1 96
103 224
90 203
164 168
63 235
97 180
91 135
189 237
116 145
25 79
10 156
50 102
131 248
19 146
126 165
26 191
47 210
51 73
62 120
33 172
3 185
46 163
7 203
211 227
56 125
61 71
157 211
56 215
47 164
25 198
117 187
196 240
62 81
102 182
189 206
64 106
172 260
8 166
7 82
65 93
44 183
14 61
193 231
118 229
64 89
130 140
131 135
195 203
116 228
148 169
93 191
100 236
22 137
172 181
68 165
97 129
92 222
79 234
86 181
154 258
40 106
139 260
116 210
87 132
190 210
116 221
153 163
38 135
120 155
76 148
111 155
130 176
108 174
50 94
0 121
17 165
104 187
187 233
43 176
77 232
70 114
77 250
111 174
30 41
15 252
135 214
186 243
125 130
13 130
92 255
92 107
13 56
82 198
9 113
127 231
173 253
51 62
26 106
147 197
78 166
51 258
101 106
1 146
95 253
61 180
16 159
55 123
65 175
47 69
104 153
45 255
125 229
168 230
11 248
17 73
51 186
42 250
47 245
234 239
49 207
99 205
20 235
24 122
116 214
120 246
85 97
7 93
3 209
87 209
230 258
220 257
85 224
177 251
39 41
122 239
3 229
154 216
125 205
15 26
97 144
174 212
109 151
156 255
45 157
126 215
112 167
42 201
55 255
50 154
126 148
142 161
126 226
178 244
7 122
33 219
12 258
234 241
10 238
71 87
148 152
80 213
34 53
14 159
124 172
87 147
180 256
124 241
89 217
48 82
39 107
2 195
152 238
140 170
51 128
74 129
48 51
78 244
5 167
164 231
142 172
55 118
95 125
202 234
12 256
96 156
110 131
10 138
66 143
69 105
215 250
49 97
112 190
54 158
80 232
1 85
58 173
114 172
116 176
47 49
57 163
114 144
5 63
137 181
42 139
49 235
238 254
81 199
198 235
50 61
95 255
26 182
29 220
69 202
86 220
132 149
9 119
108 120
73 259
103 249
102 176
207 248
119 156
123 140
241 255
43 122
71 126
102 245
13 135
79 84
140 175
103 235
90 91
39 113
81 155
136 186
122 202
48 100
134 181
134 182
2 20
28 81
132 258
105 123
53 83
12 232
44 74
13 44
80 176
111 178
42 103
58 68
68 161
51 125
12 69
120 159
161 163
27 227
81 203
52 248
165 237
101 136
0 187
204 249
28 80
33 63
37 143
116 257
93 108
2 217
64 163
15 104
3 243
159 199
62 206
10 32
99 228
97 212
12 109
171 258
49 203
86 144
77 182
90 229
163 225
105 162
173 229
124 183
92 217
110 124
47 235
227 255
118 125
116 117
155 221
77 208
169 248
18 149
15 31
55 239
127 176
193 210
110 195
2 198
113 172
131 221
98 153
213 214
112 202
92 167
154 242
158 181
81 154
40 114
161 180
66 219
13 35
58 220
175 213
75 157
51 237
20 120
58 239
72 112
187 199
100 160
96 128
82 140
110 212
91 260
9 208
160 212
111 157
93 126
85 93
49 64
61 212
38 147
69 123
153 186
86 109
105 233
11 231
132 238
58 169
39 247
74 232
112 254
89 183
16 125
104 194
21 194
35 156
35 134
36 114
230 254
8 179
72 114
30 163
21 125
55 174
20 179
60 222
33 176
68 211
205 226
246 252
81 216
80 244
46 178
45 70
96 230
41 214
244 257
228 258
24 75
39 80
140 145
124 194
172 207
70 89
92 260
38 178
58 241
120 223
63 86
153 165
37 141
94 166
14 251
64 241
67 98
96 136
58 140
199 260
84 223
153 167
148 220
50 171
83 158
20 134
71 91
50 207
57 207
84 222
133 166
19 89
17 259
111 161
24 249
70 143
76 224
74 245
9 206
59 260
73 239
191 207
50 137
35 135
70 246
72 232
91 178
91 127
46 252
97 146
125 165
172 185
39 50
111 172
2 226
206 239
76 126
186 241
42 141
22 213
98 143
39 57
169 216
4 221
201 258
102 133
240 242
58 257
32 219
146 214
3 7
185 192
128 187
108 110
101 127
19 208
173 233
125 186
26 119
44 115
40 190
28 30
52 78
182 186
8 218
5 110
35 248
144 160
48 205
133 198
51 162
94 214
2 82
124 229
31 250
22 215
87 125
100 124
103 245
11 182
155 223
14 134
50 114
72 146
209 214
126 218
65 162
67 136
78 125
163 220
81 152
32 135
122 151
58 127
156 244
82 205
11 108
163 245
138 233
165 171
157 253
15 92
17 226
174 219
59 106
39 53
115 204
13 193
56 245
93 150
33 215
159 168
43 193
199 246
180 183
122 248
167 205
116 217
218 219
29 74
36 254
51 181
110 245
37 177
47 252
1 166
32 137
96 133
15 199
74 102
19 26
8 107
10 23
4 126
82 164
3 252
209 252
96 122
192 237
72 203
139 158
94 222
33 155
75 217
139 223
232 248
12 44
43 146
0 160
204 247
17 93
120 170
194 243
112 242
61 145
55 134
47 207
114 213
12 117
84 238
148 209
60 80
142 204
84 89
3 175
63 199
50 127
14 152
13 85
42 188
125 215
44 87
28 178
31 253
7 174
83 136
129 157
57 209
148 241
73 212
154 185
76 149
215 240
21 210
3 8
115 247
9 103
26 78
48 201
33 94
53 242
70 155
7 120
17 100
103 106
168 236
14 140
10 166
125 216
76 147
58 185
69 147
26 135
64 126
114 152
80 190
58 164
98 174
50 96
74 213
119 193
45 201
12 91
232 234
85 215
14 71
58 160
44 130
17 173
15 136
37 223
3 85
165 254
63 160
32 183
73 229
110 243
127 148
6 12
19 105
16 94
163 224
43 249
113 216
118 169
80 107
97 186
237 257
4 255
36 258
39 238
106 255
60 155
9 127
155 242
17 258
56 62
42 197
28 228
33 69
150 195
167 202
183 254
127 145
84 108
34 205
91 156
19 62
55 235
62 209
184 214
12 125
135 222
185 213
42 95
28 131
44 113
95 233
47 185
15 235
159 184
45 124
142 237
112 125
81 120
46 193
168 223
198 226
60 102
43 256
3 69
21 117
61 157
133 171
19 148
79 148
45 248
98 233
50 120
54 85
108 138
134 159
190 197
73 195
205 260
55 193
244 255
104 252
41 219
21 167
81 231
48 80
110 234
102 212
32 227
21 179
147 178
13 188
13 138
128 168
18 135
27 187
70 193
6 56
44 63
134 242
9 146
114 164
8 38
95 259
208 213
98 194
188 228
176 232
167 256
105 231
20 62
109 246
42 120
76 251
90 116
27 72
6 205
119 174
136 233
196 221
0 227
55 245
85 225
3 205
32 171
3 111
227 246
60 183
45 46
7 27
104 177
61 242
7 41
76 77
25 145
192 221
46 87
19 147
31 172
48 162
99 152
66 187
149 205
12 17
36 63
37 220
61 140
233 258
36 150
114 177
14 182
187 210
199 253
18 121
81 124
82 239
71 138
38 74
9 247
231 253
171 184
111 187
122 252
99 169
87 90
54 164
94 176
24 26
130 157
41 225
44 48
74 211
85 115
90 115
222 236
174 179
162 219
29 131
20 117
64 228
75 90
96 188
21 61
144 173
116 136
94 169
58 74
58 165
94 139
92 185
0 83
168 178
127 244
134 157
116 250
6 9
95 174
139 184
153 218
10 85
173 225
8 183
32 80
51 252
76 141
12 23
64 232
46 107
122 190
167 189
70 128
110 145
100 188
151 190
25 142
159 260
49 259
32 179
145 158
1 239
167 252
103 185
150 255
100 195
33 167
70 207
191 215
6 82
77 223
37 176
59 137
114 148
58 141
67 104
109 215
186 259
138 192
69 247
186 219
84 168
27 176
51 173
166 243
105 259
54 117
180 232
102 135
46 170
73 191
56 149
111 185
106 153
88 135
45 136
22 152
109 131
157 214
117 166
111 231
124 258
200 249
5 118
18 53
15 47
50 205
108 136
78 233
71 103
203 204
195 205
36 54
155 185
61 62
47 106
13 80
137 148
18 177
5 34
4 250
57 204
152 162
186 228
63 162
253 260
164 194
249 258
179 234
100 193
16 117
43 151
61 257
144 167
183 235
123 174
47 195
7 86
130 216
9 172
26 252
29 183
150 171
5 202
180 210
74 80
201 223
7 227
37 82
31 178
105 256
107 112
30 42
4 109
84 183
52 79
25 156
123 165
74 253
26 155
34 236
96 121
11 26
95 141
55 247
46 124
184 215
36 89
75 234
57 175
96 134
16 114
51 195
58 117
148 182
174 238
124 255
21 98
141 218
108 189
114 227
122 136
89 115
143 212
19 65
72 209
21 248
56 188
5 217
132 253
135 202
57 169
24 84
6 99
37 160
56 130
162 245
0 137
140 241
107 120
88 94
36 86
36 178
128 171
14 250
178 182
1 258
75 230
25 51
48 193
61 139
52 82
21 72
201 241
98 138
164 199
80 184
59 154
192 247
19 98
82 210
115 230
90 231
27 173
216 255
215 219
54 170
19 37
129 182
251 254
63 153
137 152
62 230
3 34
142 208
185 218
110 260
202 246
128 133
12 237
154 161
91 183
174 235
48 187
182 201
47 162
28 165
39 215
19 140
75 183
4 33
150 216
13 186
55 234
159 257
45 193
42 178
17 172
79 185
224 226
110 129
15 19
37 258
46 190
118 120
166 206
158 186
21 158
18 137
1 164
15 257
93 144
166 238
103 217
121 158
49 189
190 239
69 228
8 242
149 175
159 246
78 217
84 182
40 145
91 147
145 171
3 240
179 221
166 241
163 177
131 195
7 65
105 158
35 129
133 236
205 225
189 209
8 143
89 163
170 199
94 97
59 127
140 184
78 193
167 210
88 252
6 100
28 195
67 123
103 260
101 119
154 250
17 125
11 234
93 210
115 120
25 223
103 151
108 218
149 193
58 100
54 144
89 237
93 241
109 152
143 182
26 32
16 169
212 234
91 199
45 257
57 180
4 223
41 235
25 254
102 227
77 185
186 258
39 82
68 97
142 198
20 86
62 258
13 67
74 138
80 217
197 240
149 182
127 158
33 200
86 170
30 219
153 220
239 242
69 133
107 147
54 148
48 227
208 235
88 123
181 206
43 135
79 237
53 237
70 252
147 153
24 191
73 106
32 63
19 92
58 233
82 236
122 258
59 140
72 257
113 161
8 260
57 173
114 124
119 136
163 243
57 75
227 231
116 237
8 229
156 168
140 190
106 173
23 162
159 161
16 207
173 185
60 212
61 152
11 90
229 235
36 228
114 233
152 231
179 236
95 155
161 209
200 247
24 141
168 257
200 244
81 239
149 218
221 248
91 228
129 171
197 243
39 86
46 157
148 205
187 207
73 221
108 201
108 256
15 114
98 182
47 57
4 82
3 37
26 219
80 182
130 249
138 203
50 55
18 87
98 134
19 186
129 150
78 145
15 185
54 174
52 116
40 256
59 201
187 248
7 18
23 36
59 119
26 77
62 231
14 121
56 119
87 128
8 153
79 103
30 46
42 154
187 215
152 232
27 83
108 111
124 131
58 249
36 109
223 240
20 111
15 183
118 188
38 229
33 133
49 141
93 252
102 170
18 91
125 230
186 253
106 124
134 196
109 180
131 205
86 194
113 205
244 260
2 61
36 176
27 259
46 125
43 73
185 258
65 77
16 26
102 104
66 172
13 49
30 213
78 88
213 260
43 180
5 11
55 200
144 202
95 119
195 240
88 163
128 194
20 131
51 233
195 221
177 219
131 165
91 188
111 129
9 30
173 192
77 85
41 173
103 121
135 249
76 192
94 246
208 216
104 139
29 236
26 228
162 209
98 183
24 181
92 215
140 200
2 253
1 79
132 167
36 210
64 165
8 48
23 95
238 247
126 135
153 177
112 116
12 170
75 209
6 212
11 128
152 240
192 255
105 208
78 196
16 92
58 168
0 118
201 224
225 236
55 139
28 260
33 205
25 81
26 120
167 199
49 126
61 158
152 182
190 213
94 151
56 97
84 175
7 183
35 238
8 249
119 217
25 203
118 199
143 183
188 214
71 86
108 157
45 258
62 187
54 248
83 99
37 41
23 226
167 248
32 166
132 158
91 138
67 201
63 89
227 249
40 44
93 234
61 229
123 125
165 197
201 208
21 109
182 252
1 9
208 230
154 164
65 216
86 231
12 77
19 119
77 200
165 214
66 141
9 259
81 160
37 44
96 126
153 239
51 232
28 190
126 191
36 93
89 257
6 55
27 151
51 60
70 112
118 167
58 213
173 246
46 167
14 153
77 244
14 86
79 97
24 257
27 155
9 255
79 204
207 236
124 141
123 193
147 148
134 158
2 194
184 246
39 197
201 232
194 206
154 204
20 192
41 166
27 105
77 166
50 116
120 235
88 221
93 186
47 89
106 202
21 102
257 258
31 232
195 238
34 217
11 245
89 111
161 212
29 161
138 163
59 141
96 200
75 152
126 172
3 51
17 204
99 257
122 142
10 18
153 219
12 81
86 164
110 229
186 190
22 75
75 202
53 184
45 160
179 198
109 125
4 98
51 175
29 148
63 211
51 200
72 174
43 185
222 251
233 240
200 236
56 123
165 243
123 256
112 142
180 182
107 122
41 146
100 235
33 218
4 79
29 87
128 142
112 186
19 252
193 222
164 234
147 221
69 162
120 175
212 228
118 208
84 208
108 182
34 62
25 59
168 184
54 74
199 230
33 85
226 234
39 219
29 39
196 251
194 230
13 127
38 134
115 246
0 149
30 39
63 132
162 251
3 129
17 240
119 204
63 183
127 236
88 217
67 199
49 54
120 241
61 153
93 152
228 254
81 260
18 215
191 214
3 182
141 144
198 245
78 245
97 116
21 218
162 244
121 165
31 245
144 147
41 60
120 133
16 48
77 218
176 182
225 232
41 204
125 167
76 100
198 259
209 255
135 204
93 158
64 68
178 217
149 194
48 107
115 123
30 115
93 219
100 138
57 178
82 166
96 159
27 222
23 54
12 200
62 200
67 132
106 200
21 56
165 181
148 212
112 197
7 15
33 226
5 173
205 237
2 150
164 166
57 259
21 189
54 78
96 182
16 44
88 231
14 150
17 152
153 195
58 179
190 230
8 106
13 51
25 132
127 133
76 249
88 210
154 190
25 214
144 247
19 190
80 200
33 131
101 108
63 197
83 91
129 145
59 108
0 143
30 131
179 184
5 212
51 150
40 161
53 231
176 254
147 154
192 210
55 71
19 54
44 68
170 210
38 193
64 95
91 92
91 132
86 226
127 167
90 210
131 207
87 197
95 246
10 184
66 117
78 256
46 156
183 221
154 202
171 209
39 134
166 167
98 247
224 228
23 218
59 90
76 84
252 256
65 100
81 175
25 212
50 107
37 95
4 215
36 177
102 129
101 172
6 112
5 96
8 186
24 176
19 216
7 42
61 111
84 132
156 229
177 203
98 131
84 245
23 216
79 193
11 85
85 149
114 252
207 215
228 250
102 217
27 40
30 119
35 40
74 196
184 225
0 1
39 70
180 242
245 258
42 180
93 183
63 180
14 205
139 236
70 249
46 179
28 152
122 156
202 257
211 235
186 201
80 240
126 224
146 178
127 207
62 211
121 155
6 23
184 199
62 112
16 84
36 143
42 53
156 163
61 258
29 168
179 222
38 95
84 173
9 71
32 242
53 188
85 192
153 175
100 248
70 197
21 143
56 178
38 257
20 82
137 224
102 250
73 145
7 134
122 237
248 252
157 249
145 212
19 180
173 259
66 151
77 119
20 176
51 142
239 249
9 79
41 61
90 143
6 122
255 256
64 144
2 154
205 209
123 232
153 223
14 124
32 216
118 224
5 189
85 125
32 160
92 243
39 169
116 201
23 111
21 221
33 169
126 209
67 197
184 231
21 74
2 118
3 164
174 204
35 191
12 104
13 22
52 220
16 225
196 226
223 254
95 181
46 120
17 54
214 229
88 139
16 96
107 176
210 253
1 222
63 119
146 239
20 153
45 231
161 174
52 131
12 97
7 220
18 66
82 182
149 225
46 106
11 244
144 172
78 237
14 198
33 251
203 228
14 47
6 58
63 102
3 231
110 112
127 199
189 211
32 134
58 99
9 10
201 203
5 46
24 169
43 182
150 185
11 131
61 239
52 136
8 12
133 174
145 211
89 174
72 81
123 151
174 214
8 201
57 109
37 104
223 255
91 128
77 113
14 196
41 144
189 210
23 165
10 223
52 197
162 221
28 130
73 238
1 19
44 182
115 195
202 211
160 217
106 163
79 100
34 43
56 244
55 128
127 240
132 136
74 191
104 110
204 225
70 258
113 188
135 162
169 206
168 190
23 43
32 118
112 159
200 201
90 109
34 73
201 210
114 192
21 173
66 239
60 232
27 49
11 226
56 102
32 130
72 121
71 184
12 63
193 211
16 46
79 102
129 256
56 211
74 120
218 245
175 210
155 259
18 206
6 121
167 247
117 256
56 216
198 255
101 255
71 248
163 194
57 128
44 95
19 226
19 70
144 258
73 97
139 195
104 199
45 210
49 72
68 181
23 48
211 218
7 197
46 172
24 196
75 170
112 136
5 245
17 181
104 163
92 102
82 252
21 77
212 245
79 244
186 206
102 103
17 232
24 58
95 162
164 193
91 170
37 237
144 241
168 206
109 172
40 138
35 94
168 220
15 106
54 232
69 160
70 216
86 243
6 230
53 95
25 67
130 141
144 192
59 209
107 157
5 250
121 186
17 66
105 175
76 129
29 90
175 183
55 178
161 243
176 188
8 178
106 231
3 236
83 144
71 212
151 169
76 209
127 140
20 190
47 204
131 259
63 198
106 243
28 71
54 221
35 66
3 146
120 244
71 259
48 181
3 247
11 104
32 141
89 100
33 162
168 181
38 255
110 198
207 223
115 208
140 237
167 244
0 85
181 193
0 215
0 170
59 180
106 137
107 132
20 213
93 260
66 160
20 24
16 171
60 101
23 174
81 139
88 218
15 206
203 233
240 245
142 151
20 124
119 128
18 170
97 121
100 192
35 221
23 110
177 194
167 218
92 158
60 259
131 155
120 149
62 204
37 166
48 86
0 246
37 40
26 260
71 144
25 236
139 202
114 184
64 260
93 127
54 239
1 75
1 93
144 253
92 197
135 252
82 136
127 151
25 202
14 214
67 188
16 127
104 208
60 158
3 214
5 172
5 7
164 198
14 37
108 219
23 138
202 206
157 176
22 161
26 50
9 232
90 160
81 225
35 109
169 177
4 45
50 235
184 201
79 253
103 111
61 78
116 202
63 230
65 250
20 189
143 211
26 149
114 245
30 166
77 130
128 217
53 181
49 190
157 235
121 259
94 149
100 156
176 206
69 188
28 181
55 97
40 189
42 144
61 215
137 216
30 87
5 159
78 243
229 260
142 249
219 228
77 167
144 150
87 181
11 155
247 252
39 85
71 150
38 105
127 201
133 168
84 120
92 234
53 207
58 189
33 231
1 6
126 250
165 201
190 229
39 40
75 215
134 139
19 151
171 196
90 212
47 193
64 256
154 214
74 99
65 233
134 194
14 128
107 119
37 91
59 88
129 176
38 83
0 176
115 252
69 173
109 190
160 223
41 104
84 135
97 178
112 138
43 162
169 186
15 103
142 182
64 104
113 143
140 246
56 175
50 63
61 233
48 248
25 99
13 214
64 121
157 201
17 89
56 254
136 246
65 75
84 236
1 167
235 255
85 250
138 220
30 203
158 240
123 161
23 219
52 93
72 147
57 129
6 247
8 188
50 69
123 234
36 100
19 156
84 215
225 248
77 191
3 46
160 219
149 178
60 68
83 260
1 17
63 182
181 212
64 118
168 212
204 251
15 140
188 213
83 259
22 81
83 202
183 214
30 111
139 165
60 225
69 130
199 213
248 259
68 128
210 239
85 104
12 192
3 200
230 257
131 260
102 191
6 83
156 256
132 216
73 258
42 143
66 190
105 161
223 226
159 238
47 99
15 181
44 241
145 146
0 192
5 67
180 181
21 257
77 163
90 97
82 259
161 175
117 120
81 200
20 125
146 230
84 85
26 91
80 234
148 207
0 54
200 202
51 112
13 101
16 75
97 220
25 72
159 240
64 170
39 225
113 228
79 219
79 92
5 72
164 183
18 125
89 144
106 244
193 207
62 67
44 216
20 21
8 94
108 243
223 228
118 144
59 215
105 150
27 101
69 208
131 211
133 200
84 214
142 232
8 27
4 212
141 163
33 71
117 180
83 254
111 229
5 111
124 147
160 202
212 243
60 190
152 246
6 217
182 189
52 162
106 228
79 248
27 47
61 136
235 240
50 169
32 182
42 55
58 253
38 78
67 180
66 144
108 115
73 110
105 235
59 60
114 178
6 201
103 140
107 209
230 249
178 206
11 192
117 201
185 246
33 86
21 119
45 188
67 231
84 95
35 38
51 161
84 160
109 189
63 92
47 139
84 248
244 254
176 217
106 248
45 191
224 260
31 200
54 57
110 141
41 115
132 142
77 140
78 257
239 257
92 251
73 76
50 209
85 132
24 70
59 151
45 67
109 225
41 82
190 220
194 238
111 168
10 258
38 251
31 53
127 184
22 253
238 250
197 232
0 222
220 224
112 170
65 206
81 192
127 154
10 185
30 150
19 185
126 189
168 207
143 238
95 187
64 255
172 175
58 84
192 199
37 215
69 79
173 241
3 13
208 233
117 248
125 133
50 51
122 247
13 176
64 181
34 201
216 260
97 249
69 87
106 149
1 147
178 200
95 108
143 216
11 53
66 189
27 34
80 179
127 260
141 184
2 132
123 126
48 160
7 95
18 241
79 188
66 132
170 236
54 222
42 65
32 112
46 237
22 143
13 228
85 242
67 174
133 162
135 156
53 247
111 132
125 141
10 217
0 251
38 63
153 170
81 168
143 259
98 212
0 81
70 161
48 112
138 148
67 218
24 67
88 110
9 101
18 81
43 88
90 136
31 152
59 109
195 217
25 241
83 166
122 233
96 101
28 37
87 126
129 172
208 215
83 134
149 204
6 256
184 189
9 83
87 179
123 180
113 123
78 181
179 240
5 51
15 216
101 124
69 171
139 155
145 180
76 86
99 255
0 22
27 157
82 160
40 144
59 68
39 252
100 229
45 128
54 257
168 246
181 211
98 221
42 106
113 153
59 193
127 139
25 49
35 130
80 85
72 74
69 92
98 141
55 189
67 227
160 200
88 130
50 242
15 33
82 113
235 258
146 249
78 209
9 136
105 245
205 217
19 243
185 200
86 193
168 208
99 230
10 257
197 210
17 34
1 97
217 232
75 243
122 222
20 237
222 232
84 201
94 154
136 172
13 192
103 258
45 223
96 234
26 146
90 241
63 172
230 235
101 147
112 229
14 53
68 134
38 224
34 160
64 236
89 232
171 220
122 221
59 99
15 71
93 135
131 222
245 256
155 204
97 224
110 258
20 234
17 118
83 189
73 101
106 126
2 84
171 201
101 132
24 146
161 213
58 135
4 185
225 241
4 5
3 192
21 149
164 230
80 192
15 145
101 130
46 51
60 72
59 134
44 218
54 210
213 245
94 239
47 243
17 177
137 174
73 96
64 131
34 75
79 258
73 247
56 235
0 179
70 117
76 184
78 247
57 156
12 149
38 208
49 242
131 181
233 250
148 178
135 233
7 175
35 123
133 254
67 161
53 243
137 177
180 243
17 87
134 192
32 146
174 259
96 246
232 244
185 242
111 200
74 116
68 225
38 188
20 142
26 94
72 79
130 185
71 178
53 93
138 139
42 257
81 113
205 246
143 172
27 82
231 234
26 74
14 70
32 220
137 230
78 184
52 242
96 209
52 208
166 197
160 197
149 250
73 223
27 118
206 207
59 124
83 204
249 252
201 225
73 99
153 229
195 210
19 53
98 186
162 248
148 243
30 101
39 100
149 230
6 45
47 141
56 236
77 205
32 61
67 234
21 245
1 214
95 191
18 69
51 151
187 254
157 161
18 152
76 154
199 229
152 225
180 255
34 71
57 211
182 187
184 258
190 235
95 190
123 245
217 220
37 200
144 230
30 218
58 193
144 171
101 192
46 74
50 112
76 229
181 255
102 178
134 220
56 92
25 121
114 214
56 98
173 194
108 232
70 236
89 250
163 211
103 253
121 127
68 244
170 249
125 135
195 249
51 176
25 41
144 221
102 151
23 76
83 152
185 227
31 105
11 88
151 213
145 176
175 222
146 201
67 151
96 196
41 117
30 114
50 227
18 70
43 214
74 250
92 120
60 187
75 105
66 67
197 242
101 153
2 229
79 224
117 161
148 193
135 174
95 160
156 214
105 139
115 179
156 235
235 253
4 60
133 153
69 158
13 73
3 176
24 175
123 145
100 125
100 106
93 172
17 41
48 113
155 254
57 217
4 119
69 70
156 258
58 144
178 193
110 252
27 257
71 174
22 32
52 182
154 237
69 177
96 228
77 83
51 236
22 132
27 188
211 231
66 201
216 224
68 234
103 181
16 101
70 102
192 256
76 164
42 248
120 157
163 168
50 159
149 161
61 81
52 149
86 147
24 108
8 234
16 249
55 83
57 105
14 194
131 149
134 245
51 101
121 163
2 47
39 180
53 212
188 254
99 188
110 142
152 205
53 121
61 123
142 169
49 177
67 243
24 74
102 147
11 164
222 246
22 230
60 84
15 193
170 216
143 153
19 58
140 164
2 35
130 240
19 45
35 84
236 256
45 115
30 254
30 243
80 202
69 239
30 253
82 258
77 170
10 15
254 259
164 249
26 142
41 55
79 108
4 44
24 221
43 145
60 117
115 220
45 85
42 214
6 156
186 188
46 145
11 240
202 241
22 255
58 69
202 221
149 212
61 82
57 62
119 179
37 97
70 116
196 224
12 186
16 66
217 244
138 230
57 192
78 119
93 212
40 43
34 180
137 245
111 135
18 182
98 100
117 129
50 85
20 249
96 189
178 235
101 256
71 231
17 70
31 79
60 77
36 55
61 99
83 201
174 242
196 220
40 83
127 170
41 139
63 209
95 226
90 196
101 250
82 192
55 221
72 132
160 245
122 205
45 203
21 138
187 224
7 22
105 165
160 220
135 186
28 225
56 251
14 83
100 130
45 102
166 198
104 109
150 177
94 251
46 212
23 119
217 231
139 251
86 177
112 118
22 178
144 157
98 161
8 154
73 147
62 82
126 244
64 213
94 228
82 199
44 188
64 189
35 258
80 252
88 152
108 155
22 229
82 241
145 256
15 223
183 213
45 145
213 226
54 91
124 167
75 220
138 213
44 153
48 148
243 250
88 211
59 81
223 230
198 227
90 198
105 141
45 55
79 189
78 154
127 164
161 165
118 180
68 148
82 179
60 237
23 104
128 192
63 179
74 78
17 31
215 242
2 164
53 194
81 240
160 194
96 170
219 237
174 189
126 233
5 182
18 34
140 197
65 174
100 132
58 242
14 180
5 42
50 182
25 235
30 76
2 110
24 34
11 14
142 193
20 115
85 232
12 30
41 250
120 152
145 220
190 260
3 258
107 185
3 244
198 212
86 225
80 112
81 134
71 131
212 238
7 176
28 100
59 166
86 187
105 151
55 191
106 168
25 82
95 152
12 143
122 240
4 29
92 154
102 190
31 76
82 92
77 201
99 227
148 213
44 89
53 230
15 161
117 190
44 60
153 213
20 172
112 255
20 162
72 143
3 82
104 213
21 258
83 183
64 185
158 165
135 244
6 176
20 43
125 197
48 184
203 249
0 181
39 143
39 60
16 228
30 33
73 246
60 244
26 54
136 219
43 140
12 49
27 110
147 201
42 193
129 179
68 155
136 199
93 204
133 146
131 203
43 201
64 96
11 162
196 197
5 22
6 193
69 76
41 93
48 50
48 200
13 129
157 195
38 109
58 85
16 27
22 102
11 35
118 157
41 42
62 192
5 38
51 114
197 218
205 231
56 122
113 162
84 178
226 233
44 205
44 228
191 250
7 101
98 154
142 207
78 171
75 198
42 90
135 161
80 154
167 226
79 82
54 151
21 81
94 162
42 111
118 227
76 158
82 187
19 250
143 230
6 142
9 31
169 208
170 244
190 234
5 66
191 258
26 86
139 211
213 228
79 260
137 233
91 130
43 215
60 213
95 115
66 80
17 252
45 254
92 133
111 182
148 187
5 175
152 244
21 89
27 260
31 136
11 134
10 77
11 17
55 237
122 183
152 254
148 215
166 234
190 204
47 127
114 115
182 203
155 177
110 251
239 255
119 236
33 123
2 243
100 133
162 240
56 86
232 233
84 251
25 258
24 138
79 95
1 56
185 232
36 146
88 121
90 251
148 198
124 246
112 259
112 257
188 227
206 210
64 155
80 249
155 234
48 85
172 236
123 189
82 91
84 105
73 88
63 84
11 254
97 103
62 126
67 117
109 171
46 185
39 138
19 22
153 256
30 258
154 187
35 108
57 254
32 72
160 260
3 169
11 172
6 199
83 235
3 24
63 163
111 112
4 115
12 98
240 254
68 147
36 107
46 132
162 171
115 184
7 143
173 220
196 255
21 212
143 234
22 44
96 104
83 196
94 195
157 210
12 189
25 43
117 230
140 142
224 240
239 258
57 229
97 204
81 100
177 223
65 96
85 118
100 123
1 229
83 184
153 157
35 211
50 146
0 71
58 97
43 100
5 210
130 242
51 115
22 211
157 224
79 107
72 224
46 59
42 115
45 151
201 238
130 250
32 145
47 225
177 224
22 186
7 240
35 54
134 225
97 222
94 200
153 254
42 219
16 223
71 195
87 154
111 127
100 169
115 198
14 87
13 221
118 148
144 246
122 244
228 244
101 190
194 224
82 109
67 91
54 99
119 187
15 247
12 89
137 257
119 231
129 213
27 135
9 65
26 255
18 245
80 167
116 255
75 120
71 221
160 198
177 189
223 235
111 115
91 195
41 113
20 66
193 235
97 237
39 52
31 177
109 154
77 175
84 94
52 199
235 245
137 161
69 207
206 233
12 34
71 237
74 135
60 258
93 155
1 210
89 112
65 151
11 237
125 254
90 197
172 209
48 233
83 258
83 117
179 217
145 239
116 195
72 140
8 16
40 233
102 257
99 127
163 210
232 256
16 105
159 177
197 252
198 223
82 88
3 147
46 228
50 260
90 228
160 166
102 157
112 225
105 132
18 233
53 190
61 190
93 173
127 135
38 107
22 98
14 67
9 173
173 174
148 210
53 139
26 64
192 260
188 190
194 242
105 157
186 255
87 167
93 128
144 215
207 246
148 179
150 178
121 214
43 240
73 167
53 224
50 219
93 194
8 126
134 203
192 211
12 211
16 34
149 202
142 170
37 222
139 198
164 260
119 224
37 191
129 219
84 124
53 160
24 73
23 214
61 118
0 34
142 159
8 250
75 185
169 254
77 123
22 73
101 149
3 149
197 221
39 190
172 224
93 146
58 248
12 132
68 239
69 256
113 144
198 225
28 209
10 34
52 76
135 184
99 132
10 76
110 126
165 182
134 201
46 63
86 103
33 187
106 225
45 147
7 155
161 240
146 157
120 204
28 94
156 173
55 119
52 231
30 238
156 194
197 227
141 164
35 127
174 225
130 139
113 215
73 87
206 245
36 108
20 259
65 192
116 212
140 187
76 181
245 254
20 199
175 209
18 224
167 233
150 191
4 225
41 202
124 254
50 119
63 150
227 251
50 71
97 225
52 161
14 102
105 251
45 56
135 200
25 171
130 201
58 159
1 34
131 173
24 72
57 119
39 232
5 232
110 221
104 113
73 215
26 168
115 174
118 129
145 151
60 257
162 173
32 150
120 220
15 80
135 160
21 105
54 163
128 243
40 163
63 80
158 175
89 168
160 228
42 226
48 137
22 240
164 228
101 179
212 246
30 159
37 75
90 178
139 225
87 260
142 150
18 210
23 179
206 213
22 139
110 207
41 201
44 110
104 119
28 63
91 160
132 203
145 154
6 153
79 129
118 233
136 153
60 251
129 140
41 255
17 203
48 252
113 209
49 164
4 149
138 221
168 245
33 130
56 77
64 161
19 34
119 198
77 100
4 124
22 162
149 157
73 173
134 184
81 119
78 242
168 242
10 219
129 254
26 43
2 66
40 154
41 148
12 66
127 192
169 245
122 254
95 136
107 239
73 154
98 160
111 235
64 116
20 196
93 148
97 115
11 45
98 169
123 179
62 245
83 182
20 257
23 238
73 125
134 252
71 216
182 244
17 180
144 254
76 171
86 154
226 260
108 215
35 207
170 238
18 222
92 150
68 169
3 56
13 109
60 181
112 245
182 206
9 20
97 260
97 238
58 195
64 177
32 248
33 116
29 154
59 71
158 224
94 111
222 229
84 206
126 192
63 125
47 216
141 179
43 62
206 256
97 133
103 173
60 125
119 175
50 204
57 149
55 103
177 255
93 188
11 196
104 192
18 256
37 157
14 24
37 59
20 46
128 179
86 127
94 109
20 136
29 149
0 75
79 151
205 208
54 103
16 230
31 108
3 58
52 202
129 142
43 242
132 163
39 206
84 164
106 141
186 223
155 157
11 118
10 148
50 167
140 224
35 194
193 227
30 187
7 167
46 255
22 135
123 225
91 101
15 255
87 146
49 101
131 136
95 223
74 108
50 56
63 122
122 138
1 112
43 51
106 150
184 228
112 228
142 252
108 205
176 214
170 257
146 231
40 108
71 124
34 63
113 186
57 145
157 166
16 37
33 227
5 60
98 176
174 187
100 142
37 129
4 49
107 189
33 233
29 177
75 250
40 69
195 207
6 150
3 108
25 192
113 121
57 130
127 216
57 193
143 233
169 198
99 170
24 93
16 22
47 112
8 189
159 179
23 88
29 77
6 71
46 148
56 67
205 219
16 71
132 218
175 246
42 121
106 131
61 227
153 197
57 190
136 237
87 142
111 245
74 238
62 183
2 12
53 158
45 146
30 123
151 196
123 239
207 227
28 97
206 212
109 233
132 195
130 213
100 177
104 193
24 134
71 121
18 258
39 46
19 46
162 191
48 75
54 260
135 183
188 226
8 247
153 159
98 209
29 145
8 102
5 218
121 174
131 166
81 164
46 204
84 163
21 178
131 148
183 247
56 126
2 86
42 216
112 139
30 97
30 82
3 16
133 195
60 217
30 182
38 161
79 134
72 158
61 244
117 191
9 15
115 154
55 222
143 177
4 94
23 82
103 201
107 258
29 142
97 213
30 127
54 83
240 247
9 151
40 242
71 88
11 129
104 165
94 104
51 117
201 245
203 222
39 129
224 252
27 89
1 221
88 240
48 151
54 177
96 132
53 97
28 72
94 119
140 149
50 81
78 131
42 260
64 84
47 92
18 75
49 172
60 108
132 255
128 259
94 233
85 162
242 257
19 165
27 70
55 229
6 69
32 151
111 179
6 187
212 247
85 228
160 182
54 237
59 194
246 259
142 248
5 224
78 151
210 220
31 60
73 190
158 210
18 159
49 70
141 155
94 185
41 85
65 208
25 54
59 216
61 162
51 250
25 92
18 128
59 250
42 185
52 164
168 201
39 111
190 222
57 202
5 170
70 74
194 227
55 138
78 175
30 162
43 171
236 255
85 258
29 164
163 201
69 233
34 193
81 89
89 170
108 259
141 181
171 246
20 201
39 150
17 33
194 260
19 211
123 217
107 156
54 94
110 139
124 256
40 188
162 214
58 151
217 227
57 102
88 132
44 206
171 256
13 66
135 246
137 206
211 243
174 190
47 174
69 96
45 152
117 136
201 215
128 178
117 160
21 162
50 144
164 210
88 239
107 242
192 229
113 178
214 217
146 259
66 140
151 152
180 229
91 203
153 253
78 224
31 33
34 64
73 144
60 153
85 222
97 256
94 216
230 234
196 236
82 169
155 222
41 206
43 82
6 39
111 232
126 139
2 186
23 221
26 110
202 226
95 150
14 92
133 259
40 246
101 236
67 179
97 100
9 160
63 98
227 236
19 258
2 51
51 141
77 243
177 182
1 82
27 145
211 222
14 172
48 109
50 185
74 225
42 100
123 153
144 238
94 237
50 118
24 135
43 45
16 35
108 199
40 67
114 187
62 241
213 237
22 145
10 192
198 247
60 239
31 223
76 143
184 197
51 260
166 254
149 196
6 260
194 244
154 241
56 82
81 116
88 202
19 167
23 41
11 187
183 236
22 74
26 208
73 234
110 127
161 217
160 225
112 119
72 94
29 89
64 237
3 180
65 231
120 147
4 242
38 228
26 108
39 135
147 238
82 131
108 203
35 146
83 173
41 259
25 256
73 251
86 233
50 124
145 199
148 177
62 150
9 81
96 256
166 222
92 122
38 246
79 227
7 215
107 116
135 227
90 171
32 116
174 209
52 53
24 167
122 178
174 250
40 206
131 215
35 70
84 185
60 201
114 161
2 255
177 209
87 152
38 53
66 75
104 228
27 75
37 86
164 197
45 214
114 203
48 250
134 249
111 216
196 204
104 156
140 233
76 172
84 228
74 173
115 149
61 73
17 91
17 222
129 159
80 221
8 163
127 229
18 51
25 228
22 96
93 125
5 113
205 259
28 102
99 128
33 164
94 171
82 189
1 130
68 91
34 256
71 165
66 83
121 245
157 181
48 131
182 226
35 172
82 128
8 104
74 197
92 95
110 133
11 52
5 228
59 247
149 171
163 237
192 233
5 123
89 219
247 256
167 259
19 95
37 230
0 157
2 59
55 154
51 245
63 77
100 162
52 183
57 243
63 203
205 247
39 179
16 219
71 168
79 246
211 220
36 219
78 225
31 51
45 106
26 148
111 217
63 136
129 175
13 65
2 252
52 106
86 228
88 207
66 159
66 254
133 222
76 177
93 103
16 29
54 245
80 171
91 162
85 155
213 240
6 7
42 153
35 159
38 158
23 99
141 203
92 137
42 168
120 148
153 212
47 48
3 204
78 130
161 162
110 159
203 235
9 100
65 69
52 63
158 182
157 190
178 192
186 189
26 256
173 198
175 207
31 68
188 260
154 260
97 243
18 42
2 52
37 78
40 140
51 133
110 140
121 182
117 146
152 252
117 162
94 102
3 81
41 136
147 253
65 254
52 97
11 256
117 212
146 197
61 169
33 67
66 129
33 114
119 162
123 134
9 240
1 111
103 237
133 246
78 228
142 145
117 229
55 202
53 187
9 125
223 244
173 200
48 132
20 219
24 48
89 255
120 168
118 204
89 138
45 129
18 108
39 108
124 238
56 66
65 211
91 159
113 154
90 250
178 216
118 201
112 223
35 80
78 98
33 34
117 139
22 224
79 141
51 240
63 202
23 243
79 157
28 126
35 49
14 62
100 219
173 190
92 189
46 62
13 213
26 257
100 256
77 135
120 185
131 182
40 146
31 134
143 149
137 240
30 58
51 235
14 184
58 107
36 180
170 205
57 184
39 105
134 188
163 178
55 75
191 195
99 144
115 194
59 179
154 238
85 99
15 138
72 211
15 16
147 220
40 87
23 127
15 224
15 48
73 243
193 204
43 110
123 219
32 140
31 240
27 68
11 64
83 100
68 99
224 237
132 185
133 258
60 253
33 89
22 184
129 166
128 140
58 229
201 254
88 173
36 252
182 224
15 18
70 260
47 104
70 133
99 192
97 208
160 236
17 90
30 246
158 204
56 96
153 194
39 140
104 167
38 50
124 169
10 36
9 171
36 155
46 182
50 91
10 202
83 221
131 197
201 259
162 203
12 136
121 144
19 128
99 217
92 171
9 179
10 114
2 245
53 113
171 241
87 173
0 150
103 117
96 242
80 158
25 197
79 257
72 120
88 246
3 9
93 255
54 185
77 233
95 192
85 88
36 196
63 147
34 170
67 250
11 38
213 252
116 242
6 236
79 187
66 210
39 152
68 141
18 235
73 163
74 141
90 167
33 237
44 243
52 167
77 184
32 232
53 92
138 227
166 256
229 259
142 260
49 186
29 240
8 30
211 250
73 254
114 120
86 229
59 96
109 145
18 100
36 223
64 239
4 153
86 235
43 213
81 196
74 117
153 211
68 206
46 123
40 221
1 101
155 224
77 251
74 157
115 146
69 194
77 193
8 68
194 246
165 211
31 39
94 252
163 253
39 251
121 260
154 209
116 153
93 154
121 224
10 102
8 43
172 225
4 226
41 257
2 201
171 193
8 192
106 181
96 160
83 138
20 64
114 198
79 164
195 208
55 133
130 143
39 119
89 209
92 148
86 145
35 58
137 208
45 65
35 81
61 97
92 220
139 193
12 56
28 155
31 56
48 202
77 245
178 194
95 165
130 219
64 251
11 127
166 176
186 191
169 201
20 166
172 226
75 225
61 86
64 91
94 240
173 212
3 242
190 209
56 131
55 176
83 218
80 236
219 246
35 125
155 159
61 91
58 124
134 198
200 240
81 109
182 243
92 136
108 239
15 21
52 54
116 259
215 248
75 169
202 238
88 126
99 118
92 232
31 98
8 103
130 158
25 101
57 71
61 63
162 250
151 253
105 115
89 151
11 202
64 81
110 115
8 177
166 174
105 113
116 216
82 105
29 258
38 185
28 56
74 91
120 140
174 239
26 171
3 191
64 140
78 93
50 210
107 179
62 172
178 205
28 154
29 247
77 143
28 66
120 200
182 208
82 206
70 79
151 227
31 247
36 184
19 101
55 70
134 174
25 102
101 134
70 108
86 129
70 149
115 148
166 189
62 135
76 235
187 255
239 246
17 112
67 211
115 233
130 137
83 110
86 198
4 259
63 231
12 67
31 225
33 37
8 18
23 94
148 218
82 130
61 176
78 239
90 218
126 230
40 116
112 154
143 215
61 120
58 200
48 89
29 170
121 215
49 87
168 216
32 149
22 202
110 250
14 105
39 133
11 165
37 117
64 113
5 69
75 149
50 225
157 179
179 203
76 87
70 177
40 75
157 200
197 216
141 202
168 172
172 222
68 194
61 221
162 182
32 186
96 151
150 237
149 159
81 167
130 217
53 206
12 227
141 248
42 136
118 209
78 79
108 197
29 78
37 236
69 117
76 217
208 214
71 235
148 188
22 218
81 178
59 168
37 39
7 26
87 153
205 224
208 252
34 163
141 252
69 166
131 216
49 155
153 166
160 165
31 204
152 191
138 235
9 210
20 180
51 110
60 247
212 217
116 121
185 215
106 224
108 186
100 207
5 180
10 58
122 209
68 143
102 116
52 124
20 170
171 175
39 172
93 223
94 105
5 239
66 115
164 188
32 249
36 217
30 84
7 216
46 198
81 92
52 215
39 214
115 197
145 198
225 254
203 214
108 216
179 194
2 188
171 197
116 151
43 208
116 182
54 252
101 213
16 43
0 62
10 259
164 165
118 119
18 133
164 251
88 237
196 212
91 180
209 221
101 216
131 192
1 95
70 94
180 236
57 59
127 196
16 40
9 89
43 190
48 230
54 228
55 168
27 114
62 207
43 197
86 155
106 195
73 253
63 208
35 222
70 179
62 228
25 251
114 137
1 50
70 78
27 158
159 208
62 84
13 108
21 51
14 75
41 43
185 188
9 186
77 136
43 91
125 185
52 204
83 213
106 206
59 156
99 178
44 164
71 217
102 201
103 208
203 247
103 110
153 248
112 207
45 91
44 185
132 141
49 159
210 247
201 253
116 227
50 134
189 257
128 219
68 89
166 180
133 217
23 163
58 230
63 241
25 46
29 102
106 233
56 256
189 223
185 238
8 182
138 244
157 229
6 98
31 38
128 241
34 143
121 166
19 203
93 153
101 234
81 253
65 122
51 116
37 53
132 148
74 112
123 228
151 170
126 187
38 145
36 113
54 152
34 181
7 49
72 186
62 202
34 238
75 135
10 63
148 163
6 253
152 227
38 129
173 242
44 202
71 117
142 166
29 130
28 239
12 84
40 194
29 43
94 197
81 87
8 220
193 247
23 106
152 249
0 202
76 179
20 151
55 201
131 172
102 155
144 189
1 116
144 245
96 260
107 244
229 254
106 258
87 151
122 241
147 217
67 181
94 167
31 150
154 248
32 165
68 75
123 249
70 223
122 253
14 154
134 243
110 156
13 71
60 191
227 254
11 94
195 233
17 18
33 207
70 142
202 243
111 128
68 144
81 235
24 142
187 259
155 166
32 157
15 37
6 93
13 69
34 106
72 170
59 64
183 257
21 137
10 41
100 250
134 140
92 134
38 44
92 94
30 146
53 114
2 48
122 235
30 196
25 29
13 168
68 81
169 195
104 190
135 193
3 235
34 245
175 229
79 159
96 185
110 225
87 123
91 146
92 113
181 209
74 200
70 105
109 191
108 236
43 228
153 210
213 223
57 196
215 217
3 113
199 205
29 223
33 109
109 187
61 80
32 257
24 260
22 228
47 148
47 168
35 85
158 229
8 157
152 179
46 239
61 109
50 254
119 142
0 114
139 168
34 161
61 96
133 221
39 89
74 252
97 232
4 199
100 184
135 260
28 171
147 160
176 247
69 107
67 259
56 151
205 207
78 260
36 183
70 103
17 164
165 248
66 229
39 182
44 249
219 258
52 66
37 168
94 182
75 224
62 220
9 129
106 172
38 211
128 205
1 73
107 217
157 233
150 168
143 246
112 216
3 155
125 129
22 248
69 225
15 82
36 115
110 125
86 126
20 33
179 255
37 248
21 36
55 104
143 209
139 255
162 190
54 75
48 249
102 166
137 250
67 84
28 35
115 242
87 91
34 113
41 103
42 81
5 54
109 110
59 187
110 118
83 127
150 213
173 187
110 228
93 147
206 241
121 135
8 73
97 108
21 66
184 193
86 120
32 223
139 256
182 204
135 257
91 211
227 240
98 103
44 56
4 101
11 136
15 56
123 154
39 62
111 119
125 144
114 118
51 63
50 214
125 173
114 146
124 248
66 146
1 209
107 234
153 179
153 251
114 228
80 137
113 233
42 217
173 193
37 99
42 92
17 148
56 199
16 233
44 61
26 124
123 214
16 54
3 125
13 216
119 248
72 204
3 215
71 137
79 240
51 212
185 257
210 258
36 185
116 247
69 254
21 83
248 256
25 158
54 198
187 256
59 66
78 215
53 91
190 249
11 95
53 109
70 247
99 140
91 224
159 222
113 158
163 240
52 251
89 128
144 152
0 166
24 82
44 112
73 189
12 121
65 67
203 217
53 193
65 219
167 239
150 209
66 246
125 145
36 190
131 137
120 249
16 60
129 151
183 230
26 210
51 85
80 104
92 210
137 184
101 205
190 193
46 234
91 235
69 129
13 206
141 224
84 224
41 245
86 156
9 222
157 169
45 240
41 79
60 188
148 153
38 126
0 110
153 200
35 148
156 165
170 173
41 243
25 210
74 111
92 224
67 142
44 55
21 96
134 186
152 211
14 77
41 67
13 119
104 133
15 116
13 255
243 256
42 60
57 106
63 83
84 92
153 192
147 203
23 63
13 251
179 237
73 233
114 185
27 192
13 104
127 183
195 247
76 90
203 231
85 203
51 180
175 239
46 209
87 118
77 198
51 171
54 56
215 227
88 209
199 204
17 30
138 147
57 69
72 133
21 190
18 199
4 9
64 71
123 200
104 245
77 226
67 186
138 174
32 55
18 74
87 134
2 3
25 209
14 202
47 129
102 114
19 124
55 93
49 198
54 147
24 103
2 163
35 198
57 199
38 116
65 131
75 80
6 11
121 197
184 252
159 225
4 197
6 174
101 112
38 235
57 116
61 181
102 225
1 108
111 196
23 79
122 173
118 223
63 196
103 257
3 226
126 169
176 243
43 179
168 213
101 229
237 240
58 128
110 163
129 253
242 250
66 236
54 216
63 258
45 162
64 72
94 236
68 229
170 192
45 227
0 155
164 232
121 233
196 206
199 203
65 193
41 153
37 183
188 205
62 79
73 214
136 160
87 129
18 78
109 217
202 250
44 46
34 243
174 199
54 88
70 175
9 24
63 140
62 128
121 257
74 176
9 227
75 174
45 119
37 181
146 192
60 143
2 18
127 208
143 187
103 184
104 201
129 228
25 177
62 139
74 237
30 143
213 253
5 187
144 233
47 208
64 138
164 217
146 218
12 194
134 223
64 156
237 245
174 193
43 147
88 235
0 96
78 146
102 123
72 125
113 231
88 179
2 28
199 200
8 63
31 73
34 90
29 69
53 86
148 166
11 241
27 238
23 186
33 151
43 260
28 153
12 196
93 185
78 108
36 75
15 135
45 63
15 201
159 213
19 210
206 216
153 217
7 173
52 256
30 121
100 244
112 194
83 129
55 72
243 259
157 191
109 114
6 27
148 186
9 114
45 135
134 239
27 154
55 141
50 122
87 244
23 206
50 194
192 254
17 23
162 234
238 256
58 79
66 244
12 128
111 181
17 24
6 138
100 154
177 193
24 31
49 79
109 167
37 185
67 214
76 199
116 169
101 178
84 145
69 189
145 206
77 178
65 194
199 227
113 163
57 170
178 226
144 153
44 86
12 208
152 241
48 168
50 251
10 52
184 247
42 151
78 234
26 130
54 127
207 226
150 259
114 240
113 124
3 195
14 116
225 230
129 204
57 187
174 191
36 66
2 210
29 144
179 233
55 173
80 163
38 39
79 205
22 257
104 114
36 128
38 198
82 204
198 251
95 183
43 229
60 97
1 61
123 147
27 51
69 138
192 196
17 146
119 160
160 168
16 258
65 99
46 80
41 155
197 204
238 248
80 153
56 147
105 199
128 252
12 225
145 232
103 226
106 252
44 51
57 82
191 209
66 181
83 139
144 207
81 103
111 243
94 203
113 260
75 108
3 4
83 156
145 207
131 218
92 238
36 191
5 198
57 172
198 234
58 112
9 86
74 110
39 65
25 221
99 200
41 208
32 221
66 178
85 240
198 199
20 155
90 200
111 118
105 201
75 178
67 89
191 233
34 188
174 241
124 247
3 74
42 108
202 231
124 144
30 212
82 194
128 254
171 230
126 197
141 187
2 184
91 100
67 163
163 207
16 80
30 38
195 231
45 165
152 255
56 159
185 233
19 202
67 183
36 120
6 32
66 232
79 203
207 254
50 117
122 133
126 252
3 130
5 163
132 201
61 122
18 31
37 193
169 182
20 140
49 142
110 136
54 67
29 200
21 65
86 113
98 215
119 202
35 236
138 234
69 243
23 159
49 187
123 149
122 175
128 148
157 165
34 165
51 148
63 134
97 240
117 178
16 208
71 227
211 216
169 196
109 257
149 229
62 164
114 260
171 257
4 56
99 224
72 135
130 174
81 222
80 237
180 208
74 188
118 193
154 233
93 217
117 127
187 260
31 54
11 58
150 218
10 16
13 242
76 231
24 158
33 201
209 211
113 170
182 254
37 126
19 126
191 194
125 224
138 245
175 224
204 232
21 208
36 231
66 192
81 247
67 125
28 216
203 220
212 221
102 218
129 170
207 258
49 251
188 244
31 214
24 197
92 159
133 161
177 249
55 170
45 176
84 126
199 225
82 224
111 186
61 211
3 14
161 224
34 66
148 149
25 174
11 109
85 138
55 166
28 52
202 235
104 220
177 259
40 45
59 245
64 73
124 137
10 155
34 149
112 181
138 200
29 98
38 152
46 52
126 211
218 226
62 256
98 107
191 245
159 258
154 226
41 247
52 239
67 79
47 156
32 180
37 51
96 226
66 118
6 147
38 52
187 208
123 230
89 202
1 249
73 236
117 119
5 107
146 224
192 243
61 201
5 74
190 231
24 81
85 206
60 64
30 234
58 252
46 86
40 122
82 99
0 2
229 233
48 59
113 147
15 226
61 146
18 201
22 239
24 199
125 160
156 247
1 60
10 175
164 243
133 158
66 85
7 130
49 208
52 73
26 70
171 182
169 222
125 128
91 145
39 183
101 126
38 167
24 182
16 177
221 249
22 179
0 183
19 104
124 134
68 115
55 227
41 62
254 260
16 110
107 246
144 216
94 259
249 251
123 235
88 120
84 107
35 128
119 213
24 172
15 202
82 145
72 260
89 141
170 187
117 223
55 129
14 242
145 248
57 87
32 120
40 156
27 210
130 142
75 190
10 174
65 115
22 141
95 209
52 214
0 45
60 92
26 187
209 247
130 205
77 137
40 59
5 149
92 223
95 137
36 87
7 128
157 255
1 91
9 202
11 144
125 193
67 233
13 60
10 104
98 152
177 195
199 209
24 129
152 164
19 42
203 213
44 250
34 182
83 160
146 242
20 130
10 234
27 163
7 179
7 186
27 102
130 198
19 254
47 231
241 251
137 162
87 187
2 5
51 246
38 111
92 257
39 260
5 127
14 54
152 235
5 130
119 177
99 223
163 171
51 100
97 185
170 225
68 193
63 234
215 237
94 210
168 169
129 185
76 91
42 43
121 209
113 131
85 148
3 33
73 138
31 202
64 92
92 144
61 67
108 171
29 67
47 51
15 153
146 199
121 164
189 203
4 81
150 197
106 138
31 188
80 119
24 32
53 138
50 183
145 175
3 65
18 243
72 84
15 219
111 260
9 77
175 199
10 26
176 231
79 146
70 178
134 226
89 200
47 211
32 212
118 186
78 258
144 180
183 191
90 102
47 132
108 207
156 181
10 70
199 255
9 142
204 222
62 75
128 177
205 228
174 180
96 201
66 73
110 123
57 168
41 87
88 168
104 138
126 253
83 253
21 207
60 134
147 191
94 163
208 244
122 150
47 159
188 257
47 58
160 176
114 143
197 224
67 81
3 177
16 222
32 255
21 113
39 109
26 217
139 258
53 56
154 230
102 118
202 232
95 201
64 197
186 203
135 205
123 136
65 184
130 189
23 181
59 200
92 110
19 28
59 78
133 180
15 68
39 222
25 224
0 127
96 105
1 170
140 189
184 253
166 226
1 114
59 224
107 233
169 229
62 225
111 159
8 89
162 193
187 246
81 229
50 257
8 22
43 106
5 93
73 218
119 201
124 159
38 125
196 244
34 126
127 197
51 72
199 254
181 249
62 88
168 255
165 221
30 180
21 234
58 146
105 244
40 42
147 247
46 56
95 193
54 217
104 117
117 219
49 212
64 178
157 189
38 201
147 234
12 177
223 256
37 195
10 159
26 154
125 190
0 89
103 248
162 227
137 239
177 256
10 151
152 229
121 140
182 246
232 251
63 170
61 188
75 214
105 153
59 256
40 236
106 237
159 207
31 205
19 30
49 58
87 115
48 99
61 110
242 254
90 103
181 216
132 162
108 177
48 199
40 123
26 150
5 241
55 142
162 177
134 187
122 165
6 40
12 26
27 240
8 207
238 251
45 178
170 234
132 198
60 124
43 230
46 217
110 209
103 195
93 178
15 158
224 232
46 129
134 216
50 173
24 36
20 22
61 69
1 7
100 116
139 227
70 189
92 245
48 235
114 254
5 157
12 140
184 221
30 173
146 194
34 70
85 134
4 102
138 143
55 69
67 160
65 73
100 103
26 157
230 240
107 155
14 40
47 244
106 169
124 208
106 192
59 249
98 123
232 239
103 219
0 245
20 254
183 240
14 158
3 255
93 189
70 85
39 218
79 202
136 209
39 123
74 242
57 81
16 196
20 29
3 223
12 229
57 64
7 246
67 146
118 142
226 244
140 216
25 131
15 164
66 158
40 184
2 145
159 170
106 208
229 253
95 114
108 124
8 246
37 188
109 121
83 161
166 211
10 110
99 185
77 189
128 161
67 94
18 229
139 191
136 175
254 256
93 162
36 67
170 175
45 73
137 159
127 162
86 257
34 259
34 158
104 215
89 189
77 150
37 227
117 158
182 251
71 185
97 152
68 146
7 256
131 152
106 251
35 260
14 232
64 210
41 232
85 196
55 155
201 234
86 196
91 250
81 186
128 151
7 226
101 227
54 141
164 207
225 242
10 97
128 167
12 115
54 137
118 219
52 156
45 109
155 231
223 249
79 217
38 41
146 219
9 104
26 158
42 68
146 162
30 170
220 229
90 243
23 24
45 252
97 114
48 231
161 199
28 33
145 185
1 74
124 244
187 236
53 189
28 164
93 243
3 97
3 87
73 203
139 146
6 194
7 200
103 199
101 173
41 105
34 222
32 153
106 183
51 98
66 149
22 236
35 105
48 259
18 259
237 252
50 87
44 165
92 139
145 168
119 244
154 166
9 233
131 184
23 175
91 179
29 233
26 75
196 199
73 112
81 104
217 243
26 144
35 163
124 128
229 256
38 169
143 236
31 248
33 127
9 45
12 99
59 130
90 194
18 142
189 248
66 218
112 113
208 231
173 184
235 242
102 226
253 258
115 163
17 88
15 217
96 213
10 248
7 217
89 231
97 188
28 194
194 196
71 176
236 253
118 184
1 204
2 53
65 70
55 208
129 195
72 254
17 106
12 219
145 228
24 99
6 81
61 199
74 207
0 119
18 92
96 171
222 228
204 239
200 242
22 182
226 242
40 227
82 203
38 82
63 236
251 256
61 191
50 129
62 214
189 225
4 62
118 126
29 132
214 225
64 115
45 245
13 82
167 192
84 179
38 173
46 214
21 205
11 193
168 214
204 256
110 147
32 192
40 149
148 260
6 107
44 240
64 186
51 160
32 233
144 166
49 115
48 222
4 90
98 219
124 187
122 128
33 129
37 60
13 182
1 64
16 116
54 162
80 180
66 78
106 174
129 243
7 33
61 168
103 161
128 255
18 148
65 228
42 209
114 241
41 124
132 210
59 162
7 46
44 170
188 200
71 257
167 188
121 226
190 237
3 117
105 215
118 162
81 125
30 158
133 228
140 247
126 136
72 164
39 48
239 252
17 178
27 45
149 242
53 229
165 260
137 180
154 188
35 83
56 124
54 77
11 148
66 214
162 218
6 13
53 103
188 236
162 220
13 142
136 247
36 149
35 214
22 169
11 247
147 215
46 232
1 223
62 71
82 104
47 237
17 216
56 90
0 240
80 181
82 102
104 234
66 221
12 188
0 35
122 211
222 233
64 78
234 247
122 152
87 161
115 211
7 114
87 208
17 38
134 138
11 59
196 257
59 160
84 217
167 206
20 95
3 38
10 213
84 246
9 92
30 202
138 146
72 98
202 208
136 165
97 157
154 182
81 228
35 122
49 85
134 260
0 151
48 260
8 109
13 48
147 242
21 256
101 103
193 252
10 137
21 156
187 235
58 129
154 239
106 111
169 241
5 181
184 216
115 153
97 134
40 151
126 167
94 232
35 152
172 189
70 131
25 123
97 218
49 232
32 98
125 140
32 111
112 188
13 47
242 252
67 204
66 112
73 165
55 77
43 232
11 195
18 158
100 226
23 52
38 73
41 65
12 20
71 170
140 204
131 159
68 110
115 152
109 247
101 168
32 250
36 147
200 251
87 213
71 163
130 211
43 47
156 180
50 168
129 181
80 238
133 188
144 231
15 42
21 38
97 199
78 150
160 173
100 111
66 134
29 121
53 150
49 192
11 103
107 219
198 232
32 235
24 186
8 162
52 65
78 173
49 224
100 153
28 57
41 70
37 198
50 147
108 179
21 39
188 207
52 95
26 127
95 170
205 254
34 128
199 214
31 141
40 239
17 99
132 173
25 118
183 233
226 231
25 27
16 170
91 173
51 58
179 197
232 237
49 196
26 27
8 206
124 160
25 117
15 168
134 253
118 222
96 103
48 117
39 91
158 249
170 229
180 196
44 247
16 139
82 247
120 153
178 223
114 220
41 189
229 249
178 204
40 70
172 252
2 175
56 248
151 211
10 180
209 239
36 199
87 136
28 114
92 101
1 163
27 84
17 158
2 190
64 225
41 217
82 235
21 94
72 176
158 161
94 231
32 38
43 198
46 88
11 60
111 240
35 45
168 243
130 227
57 78
12 120
18 204
31 93
35 164
9 158
8 36
196 216
71 215
43 76
6 133
37 112
88 99
160 203
98 149
53 98
54 235
174 203
122 168
65 79
80 92
223 234
96 174
204 216
23 101
39 144
21 45
195 228
81 165
3 156
220 223
101 118
195 220
90 257
141 259
78 186
46 49
152 189
46 241
71 162
174 240
149 183
48 240
8 184
48 69
23 50
46 111
97 107
101 198
170 194
99 107
68 103
117 231
59 155
6 114
63 210
69 215
156 162
192 223
7 24
2 96
76 227
127 212
112 174
35 197
21 260
65 200
114 135
139 196
86 106
142 254
160 192
58 108
97 151
188 202
164 190
84 157
156 245
162 196
12 174
3 159
113 122
82 89
19 199
155 232
28 231
95 107
222 238
32 184
42 128
168 210
90 99
2 182
88 170
65 81
113 176
234 238
30 174
124 224
55 120
3 66
234 245
144 181
124 210
31 166
133 238
153 235
162 179
180 260
38 77
162 243
70 181
106 128
59 62
19 77
196 211
64 223
93 137
26 47
85 254
23 58
66 98
44 176
31 64
10 135
136 155
209 260
98 117
27 95
127 182
69 252
181 238
146 241
96 259
59 238
22 204
48 111
190 200
134 147
89 134
48 57
49 219
26 204
181 248
0 252
39 203
162 175
80 89
186 207
1 78
61 202
130 230
79 200
21 64
12 224
153 240
63 251
65 87
46 105
29 128
104 182
25 77
109 224
15 157
5 229
72 108
157 230
120 182
64 179
85 103
176 211
6 224
99 212
169 242
4 146
91 215
97 202
23 200
223 250
92 182
30 52
63 93
14 219
84 187
27 226
99 126
50 104
146 237
145 202
198 222
6 167
52 75
188 240
128 215
34 131
1 213
35 193
246 256
78 176
31 182
73 240
12 129
103 116
65 144
140 235
54 215
65 136
227 242
161 178
130 155
76 107
248 249
91 117
99 208
59 145
25 45
90 244
168 198
21 200
79 249
167 217
44 187
50 249
11 212
83 232
59 131
4 53
233 241
42 71
176 244
17 194
30 199
19 85
52 88
58 147
101 121
43 121
156 200
132 200
24 179
57 230
20 200
36 245
32 176
13 37
23 193
208 257
139 230
218 232
100 158
87 96
137 142
83 111
37 100
0 99
31 92
66 153
86 135
206 257
130 152
119 186
26 211
179 220
111 202
2 233
78 253
141 160
69 91
57 101
39 200
35 136
78 249
220 251
3 53
112 140
80 209
165 186
146 181
12 203
14 23
130 244
9 32
91 244
7 257
2 159
33 175
142 253
165 193
96 110
30 224
8 83
110 179
90 253
98 204
52 177
72 246
78 81
11 230
177 227
101 185
243 255
37 127
134 149
6 243
62 107
82 138
26 179
168 205
144 193
14 253
50 255
70 159
124 237
81 166
130 259
37 232
30 62
74 221
108 160
128 224
128 158
133 220
1 243
93 164
11 37
23 45
5 112
13 223
69 199
39 126
193 260
87 105
164 176
25 189
50 243
76 167
35 73
41 45
91 208
59 125
63 66
30 186
46 109
159 203
46 253
61 84
25 138
140 240
45 61
152 230
5 164
120 136
208 228
8 70
150 193
144 169
28 242
68 246
158 232
19 51
0 177
159 239
37 48
180 189
43 224
12 204
84 87
183 246
26 175
147 173
99 157
30 126
145 188
30 80
58 181
187 214
13 76
86 171
69 80
136 238
199 258
36 37
64 162
224 254
52 252
181 252
148 204
23 112
42 142
89 96
39 208
38 204
172 245
79 196
178 185
14 215
2 97
94 230
165 247
6 36
131 246
2 208
103 115
42 74
89 175
5 192
74 121
40 112
194 207
8 241
56 202
198 258
9 134
66 182
153 169
35 95
104 229
8 152
117 195
87 236
111 212
231 246
46 89
84 99
99 186
132 254
90 93
86 258
37 186
58 150
181 198
8 50
3 10
105 185
87 196
82 100
56 100
168 177
184 234
52 105
209 226
43 178
33 206
155 226
16 83
90 176
146 165
58 143
158 220
109 127
53 164
82 216
23 236
16 257
121 216
55 84
100 241
161 231
71 115
71 180
140 209
72 184
142 171
55 256
118 221
195 226
135 148
29 226
23 27
194 255
64 85
76 136
3 6
123 222
116 130
44 114
97 215
66 69
129 160
79 154
101 211
21 95
91 102
91 230
151 206
81 223
21 49
75 221
46 143
27 125
218 248
9 133
173 215
47 151
75 247
4 19
52 57
60 148
5 104
28 187
39 236
78 104
167 173
124 191
198 219
84 138
158 188
17 141
53 61
77 101
88 236
159 162
92 140
18 80
73 172
149 165
40 68
148 156
20 58
8 139
117 238
68 198
66 257
15 148
181 202
118 141
0 232
105 192
246 247
62 130
96 215
66 123
103 168
128 182
79 168
9 250
68 136
128 214
58 88
23 83
23 259
95 142
73 140
74 224
77 256
30 195
12 95
46 245
59 235
17 80
145 245
10 71
0 200
32 170
10 119
22 60
20 224
37 225
91 251
59 133
24 252
116 180
49 51
112 166
113 138
92 99
47 202
87 92
44 171
149 257
68 137
107 210
40 257
60 184
225 258
31 116
1 80
72 177
88 137
50 64
4 10
70 182
141 242
0 107
15 126
123 215
211 229
25 196
74 145
75 176
23 252
76 104
6 34
184 256
51 225
42 181
20 160
138 171
23 148
29 213
159 183
148 170
28 119
33 213
30 141
56 194
29 48
77 217
58 209
4 220
14 127
127 128
40 186
102 150
139 213
146 206
69 242
52 146
52 244
83 142
109 136
11 92
72 153
69 134
47 79
55 223
74 231
139 151
133 234
173 176
99 119
82 197
151 207
117 170
37 107
37 250
144 220
20 242
26 147
84 158
80 165
74 89
185 260
179 245
95 133
74 94
75 229
108 192
17 210
48 77
70 212
78 94
110 161
17 37
89 129
16 119
143 221
0 225
175 192
22 100
35 212
208 232
71 95
112 169
119 199
145 223
161 246
12 134
117 134
28 68
105 107
36 253
83 124
19 141
142 259
213 247
0 29
142 162
18 255
181 218
16 104
43 221
9 141
21 120
68 238
236 252
153 257
176 201
228 237
78 191
10 13
166 260
83 224
49 138
163 256
144 239
34 108
189 195
86 132
17 191
102 255
116 154
59 113
18 240
149 247
38 121
162 172
40 250
99 172
207 238
88 124
51 79
86 125
36 229
85 105
20 230
9 164
147 176
3 183
53 102
122 179
42 58
211 254
13 210
57 216
14 240
14 107
187 249
26 181
98 256
131 233
214 246
239 247
240 250
201 239
80 169
101 150
10 93
60 78
63 133
59 112
70 198
154 186
74 219
6 106
47 93
25 201
2 90
81 182
170 178
96 222
49 94
222 224
33 160
20 139
133 189
16 186
115 162
17 72
28 109
213 255
62 178
93 251
19 112
57 233
70 227
137 169
114 165
2 95
116 123
16 140
43 161
118 172
13 92
5 166
13 212
82 124
53 199
37 125
63 246
42 57
31 86
62 208
25 164
65 180
121 244
85 214
65 119
0 90
60 83
85 147
17 134
15 50
132 180
8 29
8 140
167 232
171 253
18 106
17 212
153 225
24 33
145 149
30 190
9 112
146 196
1 89
100 108
63 253
108 170
68 158
156 191
128 200
136 196
148 173
65 169
257 259
214 248
225 231
82 84
75 260
100 202
133 209
132 239
59 258
142 168
88 172
78 172
40 219
79 105
201 260
58 67
26 80
84 156
89 181
36 249
9 253
34 252
2 88
29 196
159 251
47 221
40 155
9 180
132 240
70 221
35 76
51 124
46 173
65 161
76 211
98 198
64 209
44 100
33 148
71 182
8 69
199 251
55 244
33 49
126 144
166 212
214 254
4 13
123 210
131 228
52 245
94 137
33 245
80 175
208 250
53 185
29 211
136 208
85 237
57 249
58 201
121 199
144 213
77 153
149 179
79 243
127 172
234 251
30 74
128 136
24 96
37 138
56 80
216 244
130 145
39 181
64 191
56 163
55 206
60 189
115 200
96 165
42 131
142 210
12 80
129 237
83 241
92 242
107 232
142 235
198 205
167 204
4 68
59 223
197 213
216 221
35 257
44 65
30 108
99 181
182 193
26 153
124 143
183 225
117 250
86 95
19 48
135 217
91 185
41 131
144 194
79 211
178 257
17 83
58 258
162 222
187 232
72 155
13 58
32 119
0 65
71 119
110 119
11 123
215 254
26 42
200 216
122 231
27 190
148 174
129 134
150 188
165 218
188 222
99 130
7 180
47 55
35 162
20 251
47 246
75 156
7 81
15 115
1 241
114 255
146 220
120 231
13 132
119 250
25 186
147 157
22 196
194 258
33 156
7 146
61 249
143 192
130 196
107 137
75 95
170 246
186 209
111 237
43 187
194 202
114 188
64 240
145 244
9 157
79 113
13 50
34 134
136 194
115 216
196 249
126 140
146 191
128 207
46 152
218 259
78 194
87 177
139 249
164 222
171 195
33 194
11 57
177 208
29 230
66 94
156 179
18 99
146 227
17 185
183 208
16 165
23 208
18 115
113 145
180 201
9 154
79 96
187 189
48 106
53 105
89 153
199 243
129 192
15 53
187 258
65 239
94 194
112 189
52 139
39 67
136 173
96 247
155 229
97 126
6 251
177 244
101 177
52 224
83 200
241 258
207 224
12 29
2 204
18 85
55 220
35 168
100 234
40 79
85 260
184 202
85 246
55 186
119 235
14 120
70 75
73 245
38 56
89 155
59 188
84 198
63 65
66 147
152 257
28 144
191 200
35 160
60 100
121 194
150 220
157 204
186 252
6 113
119 207
38 40
71 74
14 191
66 101
19 223
13 116
69 187
197 220
221 258
71 134
7 129
91 119
219 245
36 70
47 101
129 221
22 203
26 173
152 186
6 31
79 167
73 176
24 91
156 217
49 260
25 143
148 225
84 220
93 244
46 215
74 79
20 252
42 135
179 187
172 237
84 181
180 216
5 94
117 236
59 221
163 182
78 188
46 64
114 247
194 249
153 181
13 105
157 244
59 202
92 233
128 130
104 202
85 89
1 58
148 184
62 247
52 117
103 220
23 91
169 181
65 83
6 47
24 57
87 102
39 199
150 241
7 105
88 198
1 152
190 252
232 255
154 173
20 84
27 219
159 256
39 87
7 9
0 235
58 222
8 223
64 103
41 167
10 51
1 196
27 42
58 114
29 61
176 228
33 59
129 233
27 172
37 228
17 60
41 226
36 112
193 197
161 192
33 221
109 201
78 232
86 205
147 151
188 237
16 100
36 96
9 59
202 230
220 259
63 126
43 61
94 183
188 249
177 233
96 137
231 255
90 238
238 242
235 251
119 197
18 223
1 242
8 136
74 220
18 178
11 77
83 217
46 48
244 256
0 226
35 227
27 174
96 186
114 223
3 153
7 62
165 255
88 109
147 245
89 110
167 177
33 145
127 249
142 205
135 194
163 218
3 134
192 253
2 165
105 229
64 75
68 237
32 236
7 169
183 204
234 242
142 250
36 79
13 189
39 237
110 162
182 205
2 22
56 104
88 178
173 250
17 129
109 150
235 257
58 170
96 229
91 189
19 72
14 68
157 174
17 254
181 241
90 207
33 173
225 229
3 32
237 255
206 209
17 126
32 57
121 184
9 74
3 29
31 164
157 239
103 213
75 232
179 206
97 112
28 64
15 188
154 254
67 223
122 149
114 238
99 162
122 243
104 134
33 199
184 222
11 98
127 234
131 213
88 224
26 137
61 137
77 160
48 161
6 196
69 78
48 209
146 189
5 88
193 205
86 184
115 132
18 124
102 258
19 66
3 75
143 242
177 192
76 168
26 188
93 192
15 32
253 254
63 219
64 227
92 123
55 107
56 140
193 242
212 231
82 218
37 175
212 260
1 230
94 123
23 85
155 218
211 215
146 236
221 256
22 148
53 116
26 126
100 152
20 246
8 228
11 120
86 173
6 120
128 141
127 194
205 215
26 185
146 187
90 130
75 124
30 59
15 122
20 132
81 256
2 16
14 257
5 98
121 258
178 221
184 217
46 94
154 256
84 254
17 151
93 179
30 217
7 34
36 230
31 119
43 57
140 217
55 175
1 51
4 231
143 256
85 198
43 109
86 236
86 182
137 220
53 124
70 165
14 241
36 57
193 234
67 148
28 185
41 196
37 172
13 245
76 102
115 125
104 217
59 123
30 48
116 171
75 258
65 94
19 75
143 165
79 195
85 167
87 257
54 112
78 105
211 244
23 135
2 228
131 157
76 150
5 61
176 186
8 23
179 229
144 198
86 118
69 114
3 64
86 143
101 203
43 116
97 174
242 259
45 116
160 243
3 101
61 87
178 245
154 197
56 118
217 257
70 130
22 251
93 196
192 258
175 247
113 246
184 250
4 181
44 156
99 244
230 250
110 230
99 109
100 253
154 177
103 212
216 218
117 152
4 86
77 139
238 240
51 77
93 161
81 213
32 224
192 246
140 214
4 16
37 79
59 205
55 114
85 171
6 250
131 251
121 147
55 228
5 86
70 84
67 226
10 244
201 202
14 208
16 63
32 239
76 180
151 192
217 258
79 152
197 229
68 78
92 119
46 100
162 197
27 69
110 135
104 200
2 151
15 174
129 131
70 134
130 195
27 183
47 173
153 245
5 238
35 100
60 152
36 106
107 152
65 80
81 202
104 204
87 220
28 149
10 11
102 146
103 169
5 126
166 173
18 86
27 77
0 104
39 112
109 206
186 195
141 147
78 241
43 160
75 212
60 223
182 188
19 198
155 178
126 164
185 194
21 182
235 259
90 226
148 176
12 86
151 208
2 21
52 120
141 177
73 164
45 183
79 94
244 246
104 112
30 65
20 122
34 44
117 167
121 159
171 200
175 178
236 247
87 250
103 207
1 218
10 29
28 90
32 196
13 190
80 105
9 107
32 228
125 152
56 158
4 177
150 151
69 100
58 171
63 223
121 206
47 88
52 80
141 168
209 216
64 253
166 224
135 197
153 160
180 257
19 182
109 229
109 208
94 138
92 225
52 259
93 224
18 26
11 236
18 130
58 255
30 90
47 218
214 244
130 149
13 231
13 230
58 61
106 242
62 143
32 253
105 217
38 170
30 149
93 245
217 256
14 220
169 207
24 259
29 38
25 40
140 249
80 198
79 233
28 250
43 104
185 247
63 166
103 113
86 131
49 218
102 192
131 176
81 252
24 231
144 155
110 210
131 141
30 221
17 21
18 237
31 112
70 123
8 200
29 246
29 153
137 193
115 167
136 234
49 162
157 182
95 189
75 121
160 210
6 63
48 176
226 251
92 231
157 226
36 182
62 205
17 79
25 234
89 199
125 243
33 204
87 180
84 161
109 124
27 189
23 253
91 144
169 192
62 176
112 173
61 194
175 221
185 208
63 239
4 161
12 155
59 95
63 108
101 162
68 201
7 29
86 115
22 69
8 92
77 207
1 248
36 116
81 98
128 218
17 71
18 174
158 207
98 146
70 251
66 87
182 202
83 179
70 77
83 119
158 195
66 231
28 58
149 236
48 94
97 207
107 257
9 226
21 227
21 42
59 105
177 180
78 141
29 35
62 116
4 167
37 80
76 139
31 196
168 182
61 207
184 244
23 68
45 155
25 65
81 218
138 190
191 243
149 201
206 217
65 139
103 211
206 259
123 135
9 23
96 143
15 230
229 230
1 84
50 143
93 250
119 209
81 191
212 218
107 153
24 136
54 124
161 169
178 229
135 155
131 186
6 17
6 77
125 195
14 145
19 160
35 256
26 178
6 255
183 217
102 140
166 172
12 193
205 240
24 157
122 199
90 205
245 250
5 73
168 226
76 230
235 256
23 90
60 205
111 165
209 236
55 63
25 152
153 227
21 62
119 188
40 150
143 237
208 229
25 247
137 147
168 252
39 103
50 201
6 123
31 148
27 178
172 195
189 219
81 181
145 224
188 209
63 229
68 217
210 223
29 208
0 37
129 146
185 251
14 58
97 162
190 223
78 198
83 169
131 235
0 111
64 238
9 177
61 183
38 54
117 218
230 233
155 197
166 179
9 258
167 182
185 220
125 207
51 185
21 195
53 151
154 194
78 91
85 107
66 238
68 80
26 33
163 203
3 109
64 112
13 89
110 166
49 210
15 258
124 152
204 217
129 227
180 184
99 141
15 172
60 210
19 115
84 192
135 247
41 229
136 212
82 255
62 194
12 68
20 121
188 215
86 215
38 240
132 231
123 157
64 222
165 240
5 236
149 256
115 181
117 227
91 157
134 152
9 105
102 160
178 181
52 137
153 201
53 174
66 77
139 247
99 113
97 110
6 218
151 185
180 241
96 116
180 259
62 142
47 94
51 187
54 72
186 232
170 247
24 209
26 138
2 49
123 166
71 118
18 169
95 103
211 252
18 205
62 136
62 68
186 257
22 122
32 37
2 54
37 94
33 141
113 152
88 226
172 233
57 171
12 31
41 116
38 181
105 227
45 234
212 222
127 251
41 127
199 220
47 161
110 174
182 249
70 136
45 220
55 146
170 181
143 146
129 148
90 168
44 174
182 184
64 109
18 179
61 195
173 182
32 36
185 256
16 202
54 226
110 188
98 166
165 253
108 245
83 175
155 241
246 260
16 234
26 206
43 155
4 11
114 246
11 48
24 193
143 244
83 165
181 196
138 229
103 150
162 236
99 201
219 222
60 133
188 235
56 70
39 83
76 160
213 220
22 164
144 158
44 77
176 230
35 137
21 135
21 88
11 116
4 20
128 230
17 104
112 256
209 249
63 247
115 155
229 257
53 180
62 105
85 160
52 155
144 236
102 177
4 159
51 93
13 151
112 204
53 201
133 213
172 239
173 257
180 233
24 243
31 197
62 189
57 177
88 129
106 144
126 198
171 213
191 248
62 215
162 166
75 147
16 179
64 202
13 133
103 215
70 180
71 223
21 52
0 136
8 187
57 228
63 187
38 101
89 246
207 233
22 221
9 216
49 239
143 243
8 208
80 98
135 239
40 173
53 143
211 238
175 205
18 102
212 213
128 152
3 150
45 138
153 198
28 162
20 47
103 191
30 118
49 136
68 127
8 62
18 96
216 223
50 236
117 151
117 177
120 139
46 102
95 251
12 234
26 79
138 242
51 169
105 146
43 253
176 177
140 157
10 123
37 105
47 144
58 115
7 104
19 41
177 211
154 208
154 201
10 99
182 199
139 149
40 205
85 140
3 94
158 250
208 222
20 245
2 199
39 155
88 154
82 228
151 254
40 99
13 226
68 173
14 126
216 241
132 164
56 172
122 255
82 233
122 193
23 141
13 62
203 250
72 169
80 204
176 204
31 44
19 219
126 255
16 45
44 132
80 194
45 222
151 241
145 229
42 236
147 241
155 184
175 240
3 245
128 164
88 114
10 191
150 180
166 215
10 243
21 136
32 169
39 188
117 176
23 204
253 257
78 205
62 244
102 175
6 78
221 228
21 180
58 158
204 248
66 256
91 233
148 248
53 100
101 120
35 253
101 165
1 256
12 52
104 135
56 200
25 208
43 114
53 176
71 258
6 149
74 208
5 185
115 170
79 131
100 246
12 248
2 147
141 231
52 81
55 73
91 172
22 198
42 127
40 213
63 151
5 169
25 245
53 153
31 65
180 206
20 75
181 188
61 143
177 191
203 254
36 247
15 242
83 226
50 70
31 208
124 138
98 155
37 217
177 179
68 152
111 209
69 145
59 243
155 240
192 214
103 250
170 212
121 236
85 144
97 166
202 229
62 239
108 251
42 77
1 57
65 255
44 96
94 188
171 224
19 60
76 120
36 243
87 191
184 245
190 228
159 227
22 119
156 208
95 203
130 178
176 236
192 234
46 115
205 216
18 214
17 49
176 245
3 121
42 235
66 237
156 219
15 209
27 241
16 89
37 207
133 172
124 253
35 217
30 222
73 188
81 126
0 214
16 91
21 141
92 190
10 189
163 198
23 103
114 197
21 34
40 182
103 145
112 209
22 231
139 174
6 22
107 136
7 8
37 150
150 169
67 245
150 253
169 230
30 160
123 137
142 173
19 125
109 194
52 148
38 49
168 251
71 201
230 239
198 210
251 259
33 228
11 117
11 190
147 229
60 71
19 134
67 110
47 236
30 31
35 139
195 245
134 209
6 14
9 17
156 188
77 89
76 95
34 77
199 218
107 140
48 189
136 226
24 173
168 173
101 182
10 87
86 206
83 211
208 260
86 248
70 214
127 232
52 140
76 166
11 258
21 187
94 209
120 191
77 108
155 199
4 180
71 211
34 68
74 203
58 72
157 219
106 161
89 254
111 145
102 219
126 146
65 160
37 214
110 197
143 250
210 259
21 159
0 14
115 157
208 243
14 95
128 213
99 158
159 169
60 197
31 81
157 223
95 236
146 205
34 250
136 231
3 98
51 88
76 198
125 260
54 155
198 233
75 129
7 161
121 136
187 191
14 82
41 172
33 100
164 224
54 197
41 228
83 126
165 187
170 179
66 175
156 254
52 181
64 114
1 197
31 77
123 227
20 156
97 154
39 148
51 56
24 30
171 211
227 243
61 198
4 58
105 238
88 142
62 118
134 229
101 129
28 78
160 206
83 220
25 32
59 146
14 256
69 101
139 246
155 244
163 184
44 126
15 169
94 160
67 83
191 257
11 24
68 69
38 192
128 137
55 108
47 199
11 229
155 210
14 238
175 244
145 210
107 186
142 224
176 252
121 179
20 52
132 232
191 205
210 225
112 141
42 109
220 250
29 133
111 211
34 111
197 205
44 82
52 253
79 256
179 185
100 172
205 248
153 252
112 193
43 77
151 250
83 185
50 237
42 228
149 222
123 253
72 110
39 156
117 123
63 82
31 107
43 136
201 209
239 240
168 188
116 159
41 96
228 251
77 239
54 109
119 253
161 232
78 216
27 92
42 113
120 251
187 223
143 178
29 120
27 211
64 150
46 171
82 190
15 200
97 187
82 250
118 134
36 234
23 30
60 161
32 99
51 194
6 225
42 122
25 207
94 211
44 252
65 124
41 159
8 112
63 75
47 233
129 156
75 128
210 243
49 88
199 207
23 169
6 172
6 38
185 237
157 259
163 258
44 198
164 218
45 125
22 189
164 208
71 90
25 163
158 170
31 163
206 243
32 251
18 76
152 251
83 172
69 179
83 135
117 239
163 248
61 238
125 246
35 189
153 258
120 135
3 222
10 199
91 126
13 17
47 91
5 152
107 109
127 174
106 145
75 83
109 140
24 53
58 260
44 227
61 216
94 108
42 234
8 146
30 179
167 260
24 120
53 134
81 161
145 217
99 240
16 153
3 105
16 112
104 250
105 236
83 188
21 73
152 220
50 238
4 129
12 131
28 32
55 145
47 163
198 260
124 127
104 126
88 167
96 212
62 254
37 171
131 134
85 223
28 177
46 151
32 194
14 80
94 134
47 59
99 166
36 168
16 98
64 108
51 228
170 196
81 93
10 89
120 123
16 254
19 184
99 214
5 194
119 139
75 239
52 61
87 190
38 225
98 110
2 111
33 244
199 211
12 76
16 25
197 257
176 240
162 235
60 200
34 178
146 186
144 210
86 224
204 237
172 206
26 34
32 144
18 141
39 63
78 235
125 189
152 192
65 133
77 95
193 218
160 177
28 121
63 141
155 202
130 188
84 125
232 242
228 246
103 227
39 97
3 12
15 179
31 100
55 253
199 248
81 84
19 168
84 232
33 161
35 43
5 259
86 238
126 175
165 212
40 203
134 163
37 246
65 185
39 142
105 106
48 246
138 232
117 145
63 194
49 236
174 178
110 201
76 214
84 210
31 58
151 159
150 182
119 147
121 183
59 170
12 169
16 85
40 105
5 33
34 137
87 171
104 115
142 219
61 105
53 120
119 168
119 131
141 156
28 47
86 253
7 170
200 204
195 200
121 131
68 178
98 173
128 147
119 254
75 207
107 188
52 173
23 146
129 177
129 225
185 255
20 54
11 91
62 97
171 191
77 211
59 107
125 150
124 206
23 156
179 232
47 175
123 184
178 239
41 46
28 179
64 135
141 148
136 158
77 173
71 199
136 257
10 171
47 170
30 32
30 181
139 145
146 200
44 256
113 164
20 27
27 202
18 33
51 129
139 187
23 69
70 153
78 83
85 135
4 224
48 68
65 85
64 152
163 238
53 65
24 160
60 172
76 142
188 247
6 41
124 163
193 212
58 156
156 230
127 213
109 200
235 239
19 24
86 232
198 239
66 185
9 184
248 258
117 118
51 55
15 192
130 133
9 50
179 199
31 201
179 215
156 237
75 145
3 220
68 122
196 260
41 238
8 57
187 245
123 224
126 151
160 205
48 72
36 64
58 246
147 163
114 141
25 128
18 113
19 154
57 185
101 251
1 22
40 245
98 226
172 243
210 248
30 207
74 178
41 211
24 143
35 145
59 181
93 248
106 125
76 197
9 57
132 146
183 203
10 252
10 92
34 79
84 102
68 104
157 187
17 28
111 258
7 135
45 99
45 90
105 163
121 201
14 18
121 242
248 250
134 221
101 252
88 161
49 146
125 210
237 253
4 111
185 199
66 131
80 157
70 204
88 181
83 240
108 143
7 231
38 236
43 63
100 176
60 86
11 93
97 158
200 239
5 200
24 222
149 253
27 71
138 243
202 256
168 254
82 200
214 249
59 165
40 180
0 5
33 39
15 51
64 187
129 244
129 154
143 150
28 67
192 217
162 216
16 229
107 216
144 249
38 45
191 253
240 251
49 62
139 218
98 249
174 252
134 146
216 232
10 201
59 178
9 197
30 145
2 158
81 102
13 181
8 230
21 121
206 225
1 232
89 126
176 184
33 212
41 151
19 25
43 250
101 221
211 257
141 152
56 148
174 195
82 237
81 114
170 191
40 107
139 148
14 213
5 80
18 103
109 149
119 127
17 29
27 80
11 219
207 255
202 213
118 151
106 239
90 248
114 249
106 207
54 142
163 252
114 230
141 219
203 241
21 118
113 222
188 242
81 95
174 228
97 165
148 161
178 251
99 167
22 216
69 170
21 35
96 129
39 75
28 53
86 240
10 158
31 149
122 135
78 210
11 188
26 232
133 201
119 211
113 198
101 214
14 22
133 187
97 201
49 151
135 170
64 70
7 224
174 182
7 102
224 247
38 138
11 106
3 237
22 56
32 217
191 229
29 114
84 152
194 257
19 222
41 215
74 248
85 207
161 197
221 235
36 193
137 165
47 169
107 205
114 243
14 204
144 224
27 208
86 90
75 252
12 191
24 224
116 155
10 177
8 239
87 185
40 218
50 196
71 222
146 163
161 260
94 206
111 255
123 170
87 217
178 199
1 106
176 197
129 242
22 94
72 207
177 190
15 38
52 221
22 97
110 130
27 32
148 199
69 121
134 228
143 164
60 224
39 168
55 67
83 168
111 198
42 102
68 74
68 260
150 232
75 131
140 186
76 97
58 132
1 27
36 139
13 178
188 189
4 28
10 212
42 48
47 183
59 115
76 188
94 212
131 150
184 212
33 105
61 248
19 113
36 158
59 191
36 169
66 173
166 232
133 178
47 63
76 111
26 38
152 198
3 173
102 209
6 97
152 214
96 124
203 252
15 203
51 139
75 109
45 182
87 184
136 180
5 37
87 223
54 129
82 191
79 222
51 74
3 42
171 231
52 62
97 101
8 204
46 71
153 236
67 96
111 238
29 55
19 120
32 245
25 153
104 169
189 220
90 153
231 250
170 203
65 110
145 237
37 147
209 223
132 139
13 246
166 249
54 258
0 67
34 146
19 214
100 249
61 70
59 197
151 188
7 221
24 77
80 155
15 117
125 163
213 218
32 78
1 189
33 158
78 179
62 193
98 164
102 247
17 247
83 101
14 170
17 58
248 260
42 84
27 33
98 116
47 78
127 144
121 247
58 259
41 180
0 86
94 174
104 251
52 175
49 252
105 110
214 256
149 176
122 155
195 213
79 99
155 165
156 159
72 87
97 211
37 170
133 223
37 106
201 221
183 212
74 187
165 172
85 143
121 251
6 213
93 213
74 233
144 176
186 224
123 190
194 222
14 30
5 116
127 193
44 196
110 242
81 142
16 174
166 200
155 225
53 119
214 250
158 244
149 227
161 219
40 181
175 255
40 241
165 216
201 250
17 27
25 63
79 116
90 252
159 187
90 129
75 106
46 93
45 54
13 38
16 24
126 141
33 217
63 142
39 96
83 98
173 183
57 93
7 84
92 187
44 217
87 88
54 256
49 194
43 107
89 186
54 259
29 191
177 215
107 192
27 143
199 242
45 49
88 112
33 72
25 215
180 249
150 206
143 219
32 101
205 255
46 246
105 195
8 121
58 78
78 221
1 65
21 129
152 212
70 243
210 250
55 80
123 257
164 221
113 248
38 217
170 190
90 188
77 122
7 210
229 258
46 233
4 200
53 218
68 184
126 160
171 212
170 195
109 122
12 55
247 250
79 179
4 32
43 186
43 217
77 171
42 177
116 132
6 80
13 70
122 147
175 220
109 182
140 258
135 157
98 128
238 244
48 258
148 233
103 104
196 242
39 98
45 253
26 183
44 190
134 180
62 124
132 187
77 111
34 116
24 88
101 200
50 149
37 174
226 230
28 256
183 226
49 191
43 119
18 57
118 202
67 230
70 253
68 70
90 222
43 103
49 233
123 188
122 228
80 99
47 229
42 101
129 201
126 248
39 159
54 179
243 248
183 256
90 255
59 89
69 232
29 216
115 199
3 250
174 202
219 231
95 260
41 100
100 126
11 211
181 230
33 74
14 162
113 157
90 124
4 168
67 210
168 200
142 152
12 159
134 177
84 86
49 247
40 172
23 39
50 259
33 142
54 93
3 67
63 111
141 186
93 97
30 235
105 187
164 237
65 142
98 231
38 75
139 239
14 73
84 250
14 168
72 154
40 118
192 215
25 124
49 133
139 252
241 242
72 210
13 248
27 43
23 188
2 139
91 109
101 176
21 58
177 248
36 48
20 165
132 178
61 253
4 230
32 102
15 137
53 80
23 32
137 151
43 255
185 252
91 139
118 168
100 243
181 243
87 245
147 195
141 225
56 180
88 244
9 241
231 238
66 79
120 247
120 192
134 153
45 121
175 193
181 242
143 179
26 235
2 94
93 235
61 182
127 153
230 238
62 87
106 176
14 175
72 141
68 130
5 237
59 117
146 184
103 180
97 145
78 136
69 89
25 139
46 117
141 154
120 127
47 176
81 209
133 156
109 199
142 160
152 160
223 241
75 173
229 255
56 161
63 72
81 249
198 257
79 118
155 253
143 248
41 110
22 163
30 257
71 187
72 222
189 196
44 235
14 148
27 217
100 239
10 215
93 249
138 164
16 190
12 166
197 236
199 244
2 98
70 140
151 167
57 240
38 43
167 220
47 125
234 248
36 138
70 191
60 70
144 260
5 25
207 225
54 70
81 132
48 152
137 237
104 186
4 240
6 145
25 107
24 87
56 164
180 238
96 231
88 219
35 110
28 134
83 95
65 240
149 156
10 28
44 66
19 175
187 204
147 254
43 257
31 61
186 216
65 116
149 220
219 230
123 248
98 165
137 243
178 255
67 225
71 148
31 176
106 215
34 223
125 157
118 171
29 107
1 100
150 228
74 258
84 136
62 72
157 227
50 75
2 119
1 186
15 125
136 184
72 208
47 198
66 148
145 159
14 114
19 90
138 160
80 174
140 239
29 203
159 214
47 146
57 244
20 81
79 228
107 181
129 138
99 122
22 118
8 147
137 259
169 236
124 257
145 203
108 149
0 103
156 241
102 185
95 143
4 105
52 179
50 184
11 141
40 178
22 24
49 50
11 180
36 165
70 186
192 219
223 224
36 188
70 248
41 169
32 129
142 186
48 172
33 54
43 55
13 34
84 149
138 251
63 168
42 190
161 191
231 257
11 99
10 162
74 164
178 209
4 203
78 197
7 107
9 102
44 50
42 119
47 123
105 198
144 240
53 71
101 248
102 132
159 254
42 218
123 251
84 237
48 49
91 181
58 96
195 252
66 195
33 157
29 62
122 238
15 108
129 205
66 139
199 226
122 166
10 165
7 98
113 234
35 115
150 153
83 163
5 141
97 147
26 41
95 97
69 238
19 218
202 216
114 248
113 181
84 97
3 49
175 196
21 199
62 232
18 220
16 160
31 160
95 163
14 173
127 209
241 260
93 165
158 200
25 127
13 252
8 56
105 184
47 180
3 119
74 201
1 156
251 252
107 253
11 13
8 39
96 153
258 259
158 225
125 194
221 224
63 112
178 252
74 228
110 153
44 207
66 215
54 153
44 104
61 197
75 193
125 251
18 116
83 192
34 257
141 170
52 64
107 222
71 239
209 259
159 230
108 132
122 220
32 156
70 83
88 151
82 151
11 115
82 163
131 163
141 150
159 195
221 251
7 79
110 208
81 112
92 254
202 227
122 219
18 248
80 185
134 246
133 186
123 172
166 257
24 189
2 230
113 189
52 232
136 245
50 158
12 27
89 256
19 43
121 195
35 51
32 108
27 54
56 206
219 225
42 61
82 107
96 146
1 148
81 108
4 204
70 150
21 163
90 220
123 156
37 257
87 93
49 102
37 184
45 196
7 94
65 82
6 164
54 143
80 211
8 175
130 247
25 69
65 84
17 143
126 180
188 218
67 130
120 211
9 73
6 111
27 132
196 208
65 167
76 165
