263
3
16537
60
107 2
181 2
185 2
88 4
67 2
146 3
122 3
162 1
47 4
60 2
61 1
137 1
47 4
103 1
66 2
162 1
110 3
165 4
150 5
47 3
168 2
26 1
152 3
25 5
124 2
92 1
67 5
72 1
70 3
53 4
144 4
43 1
27 1
151 2
122 1
120 2
184 5
174 1
44 2
96 4
53 4
90 2
31 4
39 2
106 5
179 2
75 2
97 5
98 4
94 4
136 3
25 5
37 2
186 2
161 4
116 2
136 2
177 5
106 3
137 1
128 4
149 2
152 3
165 1
149 2
106 3
90 4
53 2
70 5
64 3
148 2
93 4
127 1
138 1
174 3
152 4
105 3
31 2
57 1
125 3
84 5
149 3
31 4
50 2
101 1
37 5
101 4
148 1
148 1
119 3
85 4
43 2
164 5
159 3
28 3
165 2
27 2
62 4
40 5
64 4
134 2
54 4
118 1
52 4
160 4
63 3
43 5
41 5
141 1
111 2
73 5
76 3
135 3
154 4
90 3
44 3
141 5
132 1
160 4
157 4
109 2
179 1
112 2
105 3
51 4
122 3
136 2
63 3
87 2
73 4
117 4
46 1
108 5
111 5
134 3
138 3
67 5
142 2
170 3
124 5
132 4
49 1
26 4
44 5
49 5
47 4
75 4
147 2
49 4
167 2
96 3
140 4
34 3
113 1
72 1
182 2
70 1
109 2
83 3
42 3
76 1
103 2
147 2
181 2
131 1
52 5
99 1
61 4
42 3
181 2
147 3
146 2
165 3
93 4
100 2
50 5
67 4
136 1
144 2
90 2
81 5
74 4
68 2
52 2
47 2
42 3
85 4
28 3
147 4
157 5
70 3
113 2
43 5
81 4
128 4
156 4
25 1
98 4
108 2
127 2
25 1
126 4
146 3
62 2
168 4
27 1
58 5
91 1
49 5
136 1
46 3
171 2
66 3
108 1
26 1
49 2
169 3
144 2
83 2
145 2
161 1
83 3
94 4
111 1
174 2
66 5
79 3
56 4
127 2
140 5
154 4
175 2
106 3
131 1
71 1
108 4
75 2
86 3
98 5
133 5
79 4
94 2
129 4
134 1
148 3
130 1
82 3
42 4
127 4
159 5
51 4
180 3
72 4
86 5
160 3
96 3
101 4
141 5
135 3
187 4
131 3
122 3
91 4
66 74
41 106
171 252
192 200
137 187
19 218
120 190
4 206
113 134
128 259
228 260
73 237
19 103
224 256
35 188
23 211
109 202
101 158
85 134
21 200
34 66
8 41
224 225
188 212
114 236
142 248
166 245
25 178
54 235
132 238
64 135
157 222
72 234
57 93
139 238
35 259
203 218
87 95
207 244
38 56
113 250
39 143
48 235
29 114
27 213
49 67
18 184
98 208
85 262
177 195
232 260
60 131
64 227
116 129
39 211
12 214
148 186
130 140
52 89
26 183
85 99
102 245
149 211
106 166
47 148
12 56
198 250
222 224
89 251
37 152
77 145
18 224
138 166
50 73
24 43
1 9
32 109
78 165
98 149
3 53
154 171
75 144
94 144
92 100
22 238
171 212
37 176
143 239
32 93
42 135
86 152
69 155
158 237
183 195
42 60
115 217
22 131
40 107
18 50
105 214
157 253
96 206
118 227
5 176
23 203
96 233
186 220
1 223
51 113
64 150
7 9
226 257
130 145
8 103
71 101
138 236
31 208
85 233
40 232
253 255
47 235
149 190
68 114
38 189
71 157
158 259
12 170
91 262
11 74
12 71
152 195
164 187
179 186
26 194
74 92
2 79
56 189
114 191
69 217
28 78
28 160
5 72
48 109
71 86
105 216
219 220
43 234
58 59
95 124
60 201
113 202
127 186
109 153
49 155
246 252
56 185
31 116
175 182
143 183
184 256
59 220
128 129
0 234
45 194
187 198
151 247
131 197
180 222
6 13
131 146
231 250
37 142
173 259
42 181
63 102
0 20
97 189
58 182
187 254
177 186
133 134
9 108
56 142
122 257
221 225
14 230
61 172
20 61
38 211
22 226
22 190
1 16
38 133
16 239
18 161
108 183
11 109
135 229
60 88
10 191
129 199
0 215
72 173
188 199
63 157
90 156
0 110
79 248
44 243
25 193
64 91
4 11
50 244
0 101
85 96
30 143
222 248
109 258
188 193
245 251
7 222
145 247
63 72
124 137
207 215
46 197
36 235
53 82
162 262
47 182
87 223
119 175
13 137
165 242
60 177
5 68
87 90
87 163
101 245
82 160
17 181
109 184
172 177
47 252
241 244
253 262
131 233
207 229
46 167
26 251
11 26
79 256
193 245
79 205
124 233
110 250
179 192
25 174
92 116
106 201
27 178
18 107
21 164
23 133
48 253
15 61
178 209
136 182
34 77
98 230
123 180
45 62
75 165
167 226
65 70
74 186
160 177
17 32
28 207
39 181
138 139
204 245
27 74
51 72
157 195
32 237
68 171
206 251
147 232
79 224
48 50
14 253
83 184
123 191
47 178
98 175
110 225
167 234
86 107
216 247
89 161
170 208
39 56
220 243
27 50
62 216
11 219
177 211
85 231
35 231
22 171
99 132
171 172
17 225
31 248
33 81
159 249
66 139
145 185
174 210
25 241
74 87
7 65
120 167
177 239
4 45
86 181
128 219
106 218
71 246
65 153
38 184
38 178
67 101
204 214
160 243
54 165
29 233
83 216
37 116
18 70
99 205
144 159
44 115
148 184
191 227
135 231
83 261
149 155
22 59
20 40
50 69
25 87
179 203
59 240
19 101
17 28
70 208
73 241
42 204
69 161
122 205
128 175
38 118
126 259
136 175
40 86
152 202
155 184
9 217
68 254
96 126
68 138
56 197
6 243
52 234
61 189
20 31
67 118
207 238
7 261
232 235
44 86
148 260
187 192
56 95
3 141
172 217
134 163
74 90
206 225
16 168
63 170
123 168
96 184
158 174
133 230
174 180
38 46
116 122
39 40
110 201
23 140
84 189
62 200
16 75
195 223
85 126
161 221
11 87
23 175
100 120
200 212
203 257
130 173
118 186
177 251
25 181
98 165
151 231
86 222
174 189
63 83
150 201
73 257
55 232
24 136
142 230
103 138
157 181
216 221
86 209
36 50
33 70
218 255
86 157
92 121
51 85
23 242
205 261
48 158
29 238
55 62
7 159
95 118
83 206
80 248
55 129
156 180
103 226
57 192
119 141
95 135
42 119
62 180
92 105
125 207
114 222
203 260
14 204
229 235
10 54
78 229
69 129
54 144
50 217
101 189
97 162
30 54
24 57
42 80
70 174
100 107
3 173
73 85
117 136
47 79
158 230
192 202
0 55
3 205
20 130
69 146
6 35
1 257
114 150
30 105
16 149
50 99
11 108
9 60
51 89
62 192
39 110
52 84
84 214
82 93
224 248
128 253
1 139
27 170
56 110
170 211
93 167
17 198
83 97
139 210
58 161
51 100
192 225
34 195
120 183
130 225
151 246
214 247
38 250
22 193
109 164
19 248
52 186
85 165
120 137
153 191
237 244
162 233
129 203
59 258
3 215
88 155
194 217
5 45
80 120
60 115
34 72
21 262
80 250
196 198
85 230
11 125
150 243
160 166
164 245
132 229
147 181
21 113
237 239
56 211
206 224
84 127
71 92
83 113
127 188
71 128
0 172
132 242
114 182
96 195
7 223
59 151
36 126
216 220
81 177
77 154
19 92
47 236
130 187
211 245
177 190
115 122
30 220
13 34
142 256
200 246
50 160
57 230
2 231
230 242
16 198
113 170
82 103
102 254
51 214
54 133
151 193
14 23
82 166
74 193
189 197
22 180
198 242
104 259
94 198
249 256
205 226
8 12
70 119
199 255
182 192
135 237
93 94
49 241
4 60
196 243
6 192
182 257
17 135
20 162
118 143
110 221
182 244
33 214
26 40
3 154
10 91
78 82
33 210
48 238
136 243
59 158
162 236
23 198
112 180
101 128
29 177
174 233
5 250
55 156
84 117
80 92
136 241
195 218
5 234
160 171
44 212
192 260
125 179
99 194
11 200
10 112
129 152
162 165
22 200
57 250
108 180
227 262
196 200
125 233
27 227
188 246
42 108
87 195
100 197
44 229
6 251
53 99
27 70
16 177
195 200
5 100
167 232
59 246
21 67
22 114
37 114
62 143
115 158
71 172
216 249
148 241
60 109
185 234
31 61
24 56
23 86
3 221
125 188
69 215
173 233
97 115
228 262
99 139
3 155
211 259
129 240
67 124
60 194
67 102
23 214
122 208
4 195
68 115
126 157
21 135
116 247
13 147
172 235
197 218
176 208
50 128
24 226
98 123
54 139
106 119
113 139
65 98
11 47
46 254
34 44
137 193
104 112
161 224
60 253
9 249
64 234
175 235
62 150
57 97
61 247
47 71
124 216
44 163
170 226
81 239
92 224
51 236
38 89
66 229
120 248
67 207
116 149
51 73
47 81
185 242
33 37
39 80
21 42
0 249
208 220
190 219
211 220
99 255
127 155
186 233
132 251
96 151
86 162
19 97
10 156
195 239
61 181
142 246
41 62
159 260
76 232
142 226
124 240
26 230
41 127
79 126
20 73
124 173
201 214
147 229
40 223
74 232
204 229
54 67
91 193
141 239
147 185
4 245
137 202
48 106
85 105
54 224
121 133
133 187
8 73
74 157
26 44
52 159
102 180
29 97
118 164
31 218
157 214
13 163
116 153
46 246
85 114
119 157
205 232
159 180
48 116
110 208
194 233
2 17
89 121
1 64
58 262
153 188
169 212
65 226
86 250
135 218
127 257
105 145
46 124
5 90
220 229
109 229
4 61
10 175
130 190
65 230
89 159
224 242
126 193
149 255
188 236
159 248
225 229
16 29
150 197
107 191
136 218
72 153
2 71
89 142
135 162
153 234
2 112
10 155
115 191
22 124
4 236
70 154
146 148
106 173
53 130
74 152
84 89
178 199
5 227
27 190
76 245
151 167
110 161
60 121
67 196
172 190
98 168
29 130
157 165
10 226
28 245
110 126
190 243
134 238
198 239
0 260
132 224
173 187
82 198
71 222
176 205
11 207
28 203
232 259
7 120
70 107
191 247
112 200
20 100
163 206
154 166
86 239
14 241
8 153
172 250
64 191
92 253
153 198
61 226
18 220
104 230
70 212
70 78
9 224
56 127
43 44
53 236
152 203
30 140
11 214
109 124
79 152
16 40
18 127
127 176
19 195
82 256
119 197
43 225
133 226
53 229
79 162
108 157
226 234
71 206
19 186
182 185
105 209
20 82
79 80
167 221
91 242
11 96
91 198
82 192
80 149
5 96
177 225
30 172
168 262
240 256
110 206
176 234
152 183
89 196
157 193
17 84
164 262
7 23
65 146
93 205
166 203
43 98
92 162
95 212
143 216
57 207
216 227
71 143
37 123
228 240
44 194
81 116
23 143
101 228
107 109
170 199
105 116
21 51
31 113
14 79
3 39
60 166
4 220
13 225
179 241
177 238
42 123
59 252
42 190
28 143
115 119
152 221
140 216
24 108
175 177
44 255
95 111
36 226
151 214
0 80
80 166
30 106
101 247
20 134
1 68
56 99
135 212
114 174
61 154
6 189
18 227
179 208
138 167
40 78
170 260
191 205
63 103
32 200
128 208
15 160
109 194
103 237
20 211
40 91
88 156
71 103
137 248
100 147
160 205
78 243
79 240
109 211
37 240
122 167
70 241
189 261
163 197
25 140
112 139
85 142
94 126
130 179
127 200
14 254
6 56
58 130
7 191
79 134
39 245
14 240
101 161
107 242
119 202
209 258
106 115
164 207
32 131
123 174
9 17
73 115
9 37
1 69
64 77
32 105
39 67
66 110
93 100
25 35
5 173
170 206
111 121
96 246
121 129
123 219
99 246
111 231
156 216
197 211
8 33
26 59
164 244
14 194
93 165
145 221
62 185
2 218
189 237
118 182
42 55
9 25
13 213
31 219
75 187
131 151
34 89
63 130
15 169
48 166
9 120
54 200
47 58
84 234
33 71
31 51
106 140
204 222
151 244
82 175
25 220
112 158
165 245
135 154
111 141
12 138
115 241
102 110
77 163
28 95
2 138
89 200
26 139
32 248
100 176
148 224
162 201
173 191
108 123
67 165
105 199
228 238
171 224
99 222
80 173
235 261
74 202
37 94
52 254
88 128
81 142
6 114
142 182
55 233
39 74
179 200
179 235
171 208
69 246
74 255
61 219
117 161
37 42
22 65
217 223
90 168
219 236
53 176
16 110
12 201
61 192
79 227
114 233
15 144
182 250
189 206
26 73
70 166
104 223
233 250
68 206
257 261
13 77
56 121
90 112
169 197
20 253
82 132
11 256
192 254
48 53
204 212
45 262
40 258
79 184
85 203
1 51
76 246
2 251
127 151
125 128
5 10
73 159
62 112
69 127
57 110
55 148
127 228
26 151
45 181
135 163
225 235
43 146
41 98
219 232
72 237
72 86
130 189
45 182
168 207
35 145
165 238
1 172
162 166
20 95
111 247
5 199
29 147
168 180
95 229
185 255
47 150
174 255
0 42
134 242
39 239
118 177
67 231
183 247
16 205
115 219
243 251
138 216
21 188
54 74
208 251
147 208
171 221
192 224
90 131
18 113
10 158
141 219
214 252
37 181
3 195
132 182
31 177
33 213
63 81
62 229
78 147
122 214
29 249
147 243
138 212
54 96
32 174
47 128
48 146
43 106
162 232
62 183
45 176
72 192
30 141
8 77
77 170
236 258
114 153
22 75
44 95
11 78
94 164
37 255
62 257
33 222
50 51
51 197
109 114
75 77
222 225
99 226
142 209
13 155
5 33
242 254
85 113
38 258
81 205
43 190
85 193
103 146
169 199
54 117
110 115
195 232
198 215
65 206
233 234
179 239
98 248
24 79
52 53
40 225
102 215
6 215
48 76
60 222
132 204
50 151
123 146
53 227
71 236
112 175
42 109
12 258
71 156
27 172
31 231
21 68
88 258
56 101
104 235
17 143
19 258
3 45
77 174
16 32
77 105
15 147
77 256
19 44
81 173
78 194
90 104
60 259
170 241
155 243
100 238
175 212
31 185
183 256
7 239
163 238
198 231
79 85
22 177
41 125
244 246
126 231
68 142
92 246
4 218
96 130
96 256
78 90
75 123
56 73
33 125
30 169
105 250
116 175
28 237
80 131
5 36
193 253
16 218
93 171
68 139
114 144
81 132
30 244
197 229
131 245
209 235
136 142
55 227
214 243
134 224
57 157
29 199
45 159
67 259
77 166
174 244
64 140
38 109
0 185
87 121
100 106
44 238
148 163
128 158
136 153
59 60
207 226
64 173
154 186
23 118
159 242
131 242
204 225
180 192
160 211
250 251
64 211
55 195
24 176
184 205
44 155
102 115
72 97
56 243
25 62
133 167
186 208
20 179
39 252
151 236
179 209
107 203
161 210
163 166
119 129
137 216
74 144
15 20
139 141
53 213
2 241
198 241
192 210
27 259
203 224
48 118
118 247
137 155
38 72
27 197
23 226
141 233
232 247
27 30
39 79
75 200
60 185
14 123
10 31
132 245
162 219
109 147
24 97
18 217
49 220
32 44
45 202
107 145
133 192
42 222
9 253
18 20
78 154
99 174
25 108
226 227
234 250
223 255
57 66
48 121
79 225
34 109
125 228
46 119
49 125
39 195
43 84
74 134
26 186
103 210
163 165
59 224
108 110
193 195
45 58
7 125
6 151
121 130
51 187
7 24
63 188
143 203
68 228
70 193
166 190
0 168
115 120
67 86
54 222
44 107
66 149
90 171
187 237
59 124
25 189
11 32
158 211
165 213
30 95
45 80
49 207
156 185
135 145
196 261
5 209
58 226
119 257
54 142
28 230
14 81
166 262
162 213
213 246
20 105
65 128
132 210
39 138
204 244
240 252
75 90
76 176
206 256
10 200
113 246
14 99
9 29
99 217
76 165
128 230
71 149
3 202
21 48
128 211
105 231
133 236
44 78
126 179
204 259
117 211
132 154
118 205
19 143
127 174
50 254
55 224
123 142
28 106
107 151
150 173
75 168
65 91
117 164
104 108
38 167
6 79
8 206
20 249
25 214
47 127
41 90
132 178
121 195
104 228
96 159
182 236
46 76
131 201
84 152
113 259
70 83
54 251
12 98
145 261
180 243
52 182
95 204
10 87
57 109
29 161
94 109
137 255
108 173
174 213
25 237
134 166
170 229
51 220
179 199
6 149
64 86
44 241
59 215
178 184
56 202
81 188
97 128
2 69
248 258
30 242
21 24
79 186
256 262
44 189
54 97
105 172
231 260
2 143
21 252
127 215
52 144
69 136
42 257
156 177
3 30
176 255
68 94
40 144
35 95
17 106
72 258
118 237
34 169
6 29
30 33
53 156
129 257
54 163
78 250
153 172
113 162
95 213
94 229
0 68
135 157
2 13
14 218
99 219
41 147
237 250
27 110
6 91
100 177
79 127
48 169
146 176
56 81
9 256
96 190
100 105
56 200
175 225
55 134
188 197
153 163
90 249
9 190
157 189
168 222
185 250
230 231
110 131
128 203
18 57
185 243
37 98
12 73
19 102
42 201
7 73
69 91
179 223
71 258
144 236
90 252
31 212
24 233
159 254
95 228
73 213
5 71
41 200
37 230
119 196
28 55
175 197
41 132
156 166
67 225
7 200
1 113
35 75
158 228
120 122
42 155
225 244
62 179
194 214
39 241
38 59
153 224
79 160
30 204
134 182
27 48
59 204
91 145
40 181
75 241
122 217
29 151
6 116
98 205
75 156
18 185
99 249
34 175
77 127
37 120
175 238
117 163
183 213
31 175
70 128
23 221
107 195
73 84
11 158
83 260
161 184
53 81
62 67
5 155
65 253
50 146
178 260
100 157
113 176
200 230
241 261
71 239
0 184
210 229
214 258
169 207
204 239
83 161
86 249
106 212
43 218
4 148
77 107
103 109
36 48
41 144
50 250
138 140
54 112
9 230
33 56
30 175
137 151
88 209
51 221
169 181
174 224
158 170
106 258
229 241
6 139
104 151
98 236
192 214
26 125
183 206
48 153
43 186
119 127
83 239
36 51
1 230
38 75
106 163
99 137
127 148
118 153
100 122
189 232
23 76
159 205
10 93
15 172
105 120
94 211
16 251
224 260
21 171
56 178
96 205
44 246
122 209
159 206
215 217
5 91
186 193
5 31
53 136
188 261
127 177
2 258
78 248
33 191
13 72
208 222
12 146
95 167
148 219
54 83
48 224
73 181
7 241
26 250
188 224
66 129
115 116
5 92
60 105
0 261
39 257
169 191
126 218
52 120
169 234
20 35
65 204
58 61
125 142
88 203
56 147
94 214
0 187
82 233
31 56
136 191
44 242
125 226
22 146
70 96
142 198
66 134
91 206
149 238
76 248
117 219
27 40
0 242
67 201
116 135
139 237
106 235
182 194
142 152
163 168
3 257
20 207
18 238
48 165
38 214
107 115
221 236
66 195
20 232
55 246
186 212
0 147
18 112
124 212
29 138
48 101
0 231
68 73
30 249
116 150
90 153
198 216
106 245
206 215
78 122
166 168
32 38
19 163
109 115
15 26
113 243
11 159
42 162
127 201
58 178
64 167
9 226
23 229
161 228
117 232
3 21
118 226
216 255
36 135
59 63
74 80
16 175
30 75
130 211
132 257
37 159
181 189
187 245
10 102
66 192
46 127
122 126
46 111
69 99
56 67
32 258
4 235
126 184
137 152
159 243
4 63
209 260
31 245
3 104
134 221
93 119
50 133
40 137
223 242
150 239
41 119
57 244
115 173
44 262
219 223
56 234
128 149
50 72
190 198
95 232
41 93
195 203
52 204
34 241
103 222
4 88
22 158
156 158
23 99
62 206
98 136
74 195
4 129
6 249
137 226
42 211
114 201
99 227
182 235
148 262
25 188
12 151
142 224
64 116
4 131
21 186
46 158
11 119
38 220
132 147
241 252
11 75
21 55
88 161
141 168
161 239
91 238
17 82
153 248
156 242
60 233
100 225
26 218
49 204
23 261
146 231
43 87
207 233
11 258
27 181
94 119
11 173
128 215
39 206
99 193
32 188
83 207
67 203
216 229
23 250
149 162
65 249
139 148
28 236
193 209
52 172
5 74
103 200
52 207
33 211
76 193
33 35
102 223
148 223
80 225
157 206
211 226
155 213
52 231
90 256
74 75
71 158
35 85
2 262
89 183
25 198
108 168
19 93
59 160
93 141
1 258
83 205
63 109
110 155
39 247
147 210
192 241
126 148
104 251
224 246
189 200
8 213
43 108
41 55
29 230
117 154
114 206
17 34
91 249
140 154
12 22
98 162
121 225
45 47
62 255
12 55
12 27
20 111
32 241
183 239
44 89
24 94
84 167
160 238
99 106
95 164
2 111
115 254
61 208
97 229
77 97
42 187
194 213
143 152
62 253
116 222
97 246
159 239
33 155
141 217
83 248
42 186
31 131
94 239
36 43
227 230
82 240
182 249
8 120
122 161
59 85
47 221
146 229
44 94
167 214
0 259
28 242
85 260
209 233
113 238
15 46
19 176
63 227
216 226
211 213
95 143
40 152
150 182
138 146
1 48
1 70
151 183
11 206
184 211
109 165
165 228
164 173
65 260
62 162
227 247
28 232
140 172
44 173
120 207
65 145
67 114
21 213
84 247
170 240
12 230
125 164
153 253
14 98
79 246
61 144
123 169
102 188
200 249
142 215
9 204
168 186
37 45
77 169
70 124
2 125
91 113
38 144
13 190
17 72
78 200
186 210
76 126
126 183
53 222
106 206
40 241
138 206
32 223
44 119
64 74
35 209
35 42
173 196
240 260
29 235
74 174
12 261
121 165
211 251
80 123
165 259
50 52
47 224
6 126
45 84
14 180
100 184
150 216
87 144
145 195
78 98
11 216
43 74
150 186
74 165
146 201
59 230
48 91
83 254
72 157
42 70
68 215
27 60
108 161
42 202
142 241
71 170
198 247
19 245
82 214
85 167
47 241
85 140
90 246
178 243
92 152
82 106
15 149
94 145
41 94
47 220
153 200
63 121
208 254
21 126
28 201
117 166
113 131
191 255
33 174
214 233
1 111
28 137
153 196
73 135
47 145
37 171
184 219
61 200
32 164
88 96
130 257
113 206
94 97
50 164
105 254
18 105
8 71
92 185
4 80
88 197
116 147
169 238
106 176
175 227
21 57
154 252
69 78
91 152
57 205
17 139
183 221
80 209
129 134
49 196
88 204
36 189
12 134
134 171
63 70
19 106
67 198
64 136
100 188
86 158
21 59
44 231
71 194
41 110
16 62
46 181
106 195
143 200
90 146
208 226
96 109
120 196
65 227
85 251
183 205
66 77
43 63
11 150
104 131
14 220
19 100
84 91
82 179
36 104
8 52
98 242
58 234
87 254
44 221
10 29
159 236
65 215
80 102
6 62
39 140
82 216
72 90
72 202
236 246
2 224
18 255
58 134
12 193
156 240
79 147
125 133
161 248
119 145
96 141
177 180
6 179
38 186
67 179
137 249
5 230
71 221
153 167
121 161
212 246
80 218
157 241
13 153
39 64
8 98
188 229
235 244
32 156
44 102
64 262
104 161
31 166
24 171
108 154
107 252
86 241
162 229
65 161
31 232
125 252
13 50
21 239
126 174
147 211
43 77
151 228
35 121
31 97
118 178
16 36
242 243
97 98
6 105
12 181
59 131
40 213
8 259
64 112
136 222
82 117
109 261
53 139
21 76
145 222
70 123
158 244
167 169
15 142
73 124
65 200
49 226
184 216
136 212
224 245
237 241
33 127
54 210
27 240
96 107
206 236
40 110
53 250
79 157
17 246
74 77
32 74
151 195
147 251
46 152
67 193
136 260
114 224
3 208
94 172
18 203
28 192
84 162
207 230
135 186
110 134
38 240
76 192
183 217
156 179
55 123
220 231
5 175
9 92
65 250
17 118
104 204
121 154
51 69
83 126
57 204
87 204
136 204
78 124
6 161
103 254
8 189
29 186
28 246
150 242
2 135
72 108
99 172
28 228
222 247
95 253
147 186
88 154
124 185
94 123
155 181
26 191
27 131
14 64
126 254
190 216
58 252
60 203
154 233
82 116
70 73
132 254
40 105
58 160
1 127
53 144
104 144
73 92
43 254
17 179
6 217
4 25
111 252
70 95
3 16
46 239
22 30
80 205
107 164
144 200
14 188
54 188
152 262
47 101
3 241
35 61
165 207
92 171
88 134
42 196
8 44
32 189
113 242
105 121
35 160
53 59
5 202
10 109
8 144
76 226
84 195
96 213
61 152
145 234
60 146
124 160
81 96
176 241
57 225
17 232
95 239
85 117
97 138
93 95
33 229
118 201
50 192
112 146
8 95
41 97
145 254
112 261
54 149
96 201
7 16
63 197
117 221
77 199
70 210
255 260
96 106
193 215
0 193
84 142
196 255
76 177
190 207
100 189
207 231
25 231
35 187
65 244
29 106
102 196
184 194
43 114
98 209
26 252
242 250
82 173
48 83
79 167
97 226
65 167
99 101
47 136
7 173
55 89
95 160
76 155
13 32
40 120
100 254
130 217
44 247
31 227
52 168
178 185
97 222
137 178
32 121
44 160
48 133
51 252
17 79
54 223
16 201
148 216
38 247
30 118
3 245
55 147
99 215
141 197
214 262
79 100
80 165
187 244
24 73
58 248
24 85
144 251
85 151
38 43
103 188
91 260
72 142
28 117
51 245
184 236
171 219
216 235
93 243
11 31
59 169
128 234
77 90
74 218
92 134
62 120
44 130
90 140
70 98
22 217
140 256
52 118
198 217
236 261
66 181
185 206
33 146
59 222
217 246
20 23
83 249
167 192
101 190
126 186
63 105
77 192
181 183
41 202
135 151
34 193
65 216
83 153
155 220
29 89
217 240
103 246
68 217
144 167
100 237
135 181
167 198
131 172
62 88
61 206
48 176
44 197
160 242
2 170
98 241
28 213
9 118
193 199
66 153
153 254
154 218
112 204
167 182
6 258
168 252
51 198
8 109
86 211
29 159
130 178
89 224
61 103
209 232
79 83
65 173
28 58
56 129
86 184
16 81
78 246
61 123
72 151
61 77
32 119
51 186
72 201
16 176
66 164
73 203
11 67
59 180
28 157
131 158
208 245
141 191
24 189
58 96
35 236
30 84
147 230
129 261
218 224
195 224
190 202
62 84
154 249
123 172
159 233
81 159
0 244
211 258
21 176
54 173
161 163
29 80
92 230
144 240
1 65
171 177
148 246
116 143
25 43
156 244
125 215
177 247
10 111
141 215
157 184
124 245
47 186
47 219
42 174
126 152
35 140
160 224
46 93
136 139
115 149
226 248
135 190
143 148
18 243
9 250
193 204
25 88
135 238
101 114
80 211
3 108
123 209
25 244
2 116
184 222
0 28
158 190
62 161
11 171
2 23
51 91
9 65
134 186
79 211
23 58
48 67
120 241
134 173
190 230
207 222
60 209
60 116
127 142
170 244
47 54
145 158
140 231
136 259
88 94
69 214
77 112
22 201
93 230
102 135
40 42
10 180
123 147
209 237
97 148
57 251
190 214
160 228
102 249
37 99
49 165
110 136
183 200
14 133
94 253
115 242
95 155
99 133
6 212
98 237
103 239
120 199
32 213
156 211
95 159
19 242
180 185
69 100
36 84
17 254
163 177
176 198
7 182
189 247
52 122
111 216
68 84
152 165
44 91
59 99
37 154
5 66
65 92
137 205
28 109
114 122
43 232
49 55
117 256
101 142
57 234
67 248
138 195
84 104
32 195
10 220
22 185
58 122
54 233
2 184
44 228
39 244
24 252
30 235
31 153
7 17
98 145
138 230
70 261
53 145
194 212
64 171
58 142
69 220
70 102
93 251
50 176
44 260
126 246
110 253
65 66
78 157
106 209
74 119
33 240
91 217
102 208
53 106
44 166
40 253
86 92
156 165
177 219
38 235
64 177
88 176
3 182
86 258
171 217
36 219
31 192
171 228
180 183
182 221
197 241
147 189
13 63
69 260
77 262
113 199
151 253
30 226
106 169
116 193
44 120
114 139
17 70
111 140
56 72
214 261
11 19
15 230
40 122
84 178
161 209
89 260
65 133
71 131
128 161
30 156
129 248
75 157
175 219
73 122
97 201
35 212
10 49
116 213
79 219
203 250
68 160
66 100
24 27
42 130
27 235
80 254
201 245
31 234
23 183
176 185
104 138
5 99
30 190
171 250
171 202
227 260
101 206
91 140
1 253
121 210
124 182
44 127
55 255
69 178
145 180
102 247
9 57
120 219
56 174
12 255
64 163
14 26
136 181
123 192
139 197
210 249
88 90
2 31
31 132
234 256
52 146
222 239
216 228
149 183
226 246
31 221
199 230
98 160
225 260
10 79
14 44
188 228
53 56
30 110
19 65
145 201
81 256
4 27
22 34
3 38
6 34
93 262
27 152
224 252
63 71
147 198
136 231
89 255
20 44
104 232
60 223
66 80
48 97
16 90
150 234
65 233
239 254
10 71
68 244
119 133
13 42
79 99
98 196
20 43
26 222
32 221
3 190
96 227
41 232
64 104
113 177
2 136
6 41
55 98
32 97
114 210
124 220
1 59
174 260
50 103
131 205
37 97
72 226
54 57
94 197
23 74
116 251
39 173
221 249
138 159
145 148
40 153
41 151
50 178
48 240
185 225
39 225
85 195
8 261
165 249
108 118
44 145
43 55
24 177
17 89
89 201
194 261
146 158
61 260
212 215
173 236
14 187
101 171
133 202
190 242
120 130
94 199
5 258
181 246
49 239
67 148
237 248
178 247
25 144
61 218
2 226
54 181
34 167
51 192
155 199
22 69
59 247
35 223
132 136
74 257
69 190
38 238
29 195
59 242
167 242
122 212
15 241
14 124
47 51
171 231
58 215
26 258
84 246
41 164
27 56
180 204
140 207
126 176
26 196
218 232
200 217
34 52
116 262
147 222
51 242
26 111
114 123
55 138
18 67
154 243
35 78
78 207
16 145
93 159
181 229
128 191
56 195
30 257
7 203
173 248
149 209
12 84
134 176
141 202
9 213
76 254
34 222
198 240
78 253
111 229
149 171
53 169
58 179
85 138
70 160
6 218
129 245
44 79
15 150
61 126
10 48
44 82
129 130
13 227
193 220
100 261
82 246
192 222
40 226
119 148
34 172
56 239
193 243
46 187
65 104
71 209
20 174
168 209
28 136
48 216
184 200
148 199
111 129
4 5
153 190
146 245
25 190
187 193
29 172
1 232
172 255
39 203
130 181
136 249
85 118
239 261
227 257
140 148
37 136
28 244
189 210
52 105
81 186
28 154
39 97
202 258
166 208
128 236
92 191
12 99
140 164
200 240
14 238
25 165
181 230
69 141
13 245
66 88
170 213
171 207
102 119
66 140
20 87
68 91
6 223
17 161
88 196
144 252
12 237
48 241
150 154
49 176
3 145
123 137
100 253
16 220
211 228
78 132
116 261
153 250
130 218
24 186
18 120
138 210
62 195
89 104
168 195
85 258
195 227
24 126
9 172
112 173
134 195
155 262
49 212
151 187
134 207
106 127
61 215
160 201
114 172
5 15
54 63
68 203
133 182
62 128
101 255
72 214
13 154
51 233
71 166
73 210
179 242
115 236
85 153
144 178
2 212
127 259
48 128
48 188
4 133
187 246
64 162
66 180
145 250
11 126
52 111
60 71
222 238
67 241
59 150
39 70
167 203
33 224
252 262
202 213
57 106
14 233
127 145
64 97
76 129
28 85
201 224
12 176
60 227
8 247
1 218
82 210
118 139
157 215
14 18
147 194
140 230
0 159
24 212
31 136
14 82
72 75
29 192
2 58
177 259
192 215
24 105
164 259
32 40
98 226
66 243
126 253
43 187
50 54
37 106
135 187
174 192
170 250
82 156
156 162
241 258
14 210
21 160
144 223
226 243
158 218
16 133
36 190
130 154
110 262
191 256
43 155
34 88
67 224
71 82
36 82
22 41
43 213
53 107
33 96
4 30
14 174
115 198
65 171
39 41
38 253
236 241
163 175
120 194
148 178
57 116
117 185
86 237
142 203
18 124
89 232
151 205
109 148
164 239
53 191
30 153
245 250
74 168
116 160
89 122
146 244
42 166
47 225
0 93
75 186
15 40
124 197
94 114
227 239
49 170
100 172
162 211
103 197
8 186
51 121
24 166
135 215
26 164
77 141
81 244
108 248
206 254
76 79
124 230
23 192
144 217
100 207
35 68
5 44
33 55
155 241
130 165
94 231
123 224
19 36
21 148
117 218
13 17
40 148
110 215
24 121
168 245
75 231
176 216
107 226
18 104
193 212
2 83
26 209
104 145
100 230
83 214
64 120
138 173
16 165
96 262
105 115
9 36
41 199
109 197
3 176
3 98
184 260
173 253
70 254
104 206
165 210
5 37
122 223
199 238
201 215
55 261
49 211
144 160
42 82
29 56
89 250
69 228
6 33
101 209
90 181
19 79
37 163
186 248
53 90
4 174
115 228
140 254
34 128
19 196
105 134
64 151
65 169
136 166
160 236
80 133
64 183
165 217
46 102
55 188
1 10
80 136
109 111
8 89
89 179
88 138
102 146
95 198
19 192
46 236
161 225
122 211
101 250
2 121
11 135
183 241
123 153
167 233
93 122
114 258
4 171
235 248
28 200
11 121
113 258
136 149
222 250
134 232
83 191
132 165
108 201
119 198
0 134
106 234
25 74
60 261
48 262
107 171
16 233
126 249
131 208
16 213
74 122
93 128
108 227
41 80
132 246
186 258
172 241
63 133
57 127
243 255
27 177
57 180
58 200
25 249
182 187
201 220
25 160
157 205
82 171
113 187
19 62
160 202
37 40
226 239
71 153
134 181
136 164
5 69
74 231
20 77
4 261
124 146
36 242
75 78
68 135
151 182
129 211
117 199
50 80
224 255
12 225
101 172
12 208
29 152
30 241
78 84
23 223
102 235
21 139
185 200
156 262
77 138
12 235
25 232
35 169
33 189
77 238
147 228
94 222
27 207
108 207
102 220
77 261
13 16
69 134
133 154
149 177
9 122
208 257
185 247
78 160
95 123
110 205
29 231
96 225
130 220
57 167
110 194
44 131
20 183
95 205
88 92
215 228
60 170
118 145
42 168
11 176
91 136
89 171
28 205
84 116
254 260
146 224
37 191
66 237
50 156
192 249
98 131
90 159
236 250
224 229
203 234
0 178
98 186
83 129
17 123
55 105
33 165
75 233
182 255
192 245
3 217
128 217
205 252
17 187
91 160
62 218
0 43
41 69
53 111
86 149
137 171
41 234
39 248
114 254
59 192
119 218
42 237
150 221
110 173
14 70
73 166
89 257
6 208
232 236
10 245
85 240
86 129
96 232
44 128
108 197
206 242
34 119
101 184
61 64
90 198
17 61
121 214
12 116
114 256
123 182
218 233
189 212
55 217
0 116
47 132
162 215
125 182
250 259
58 190
14 101
126 229
39 119
80 244
29 191
87 156
215 262
68 251
63 229
28 140
37 63
58 180
86 113
12 259
38 171
81 231
32 106
156 210
89 256
137 258
149 186
22 227
68 229
167 178
79 114
71 199
87 217
46 184
12 36
124 167
197 206
98 261
1 19
167 229
6 106
190 251
80 179
58 210
122 146
17 119
25 77
45 165
108 261
110 144
96 248
42 171
110 261
151 207
97 104
85 135
22 229
34 101
166 212
64 143
32 46
23 144
120 218
147 242
46 179
148 240
50 207
54 100
23 29
193 200
91 182
103 225
122 213
51 237
112 238
7 175
17 101
96 117
220 221
89 253
183 210
5 39
17 50
230 238
161 207
65 83
46 178
80 128
62 233
224 262
13 106
162 230
29 149
60 69
6 247
68 76
88 117
12 58
183 262
8 150
172 203
8 138
157 178
152 162
27 183
54 203
120 159
132 221
8 198
64 109
46 217
92 207
45 228
90 148
201 246
172 183
166 183
60 199
23 51
51 173
23 114
95 157
43 125
4 114
172 201
52 126
3 111
22 63
119 128
142 201
46 87
2 16
181 250
153 222
3 80
83 213
145 257
76 112
100 219
73 123
172 242
149 185
116 154
9 126
167 177
42 138
103 202
119 134
117 252
164 209
58 77
38 262
141 241
68 184
94 162
132 188
6 142
205 231
69 233
5 228
39 212
141 181
9 133
93 131
98 129
103 148
74 229
127 240
67 214
210 232
99 147
15 216
52 134
12 44
1 247
81 261
149 236
133 221
146 256
105 256
20 187
48 196
142 185
88 243
234 255
112 193
149 257
105 190
120 168
77 99
106 238
109 235
135 176
69 110
132 144
152 253
39 161
71 112
215 242
88 200
191 262
17 191
17 219
25 215
29 90
45 121
12 152
89 147
180 190
152 239
78 151
100 152
25 94
36 248
78 118
72 225
134 202
138 202
46 252
34 229
37 183
150 172
37 215
210 252
117 152
77 182
82 226
115 180
146 165
165 216
126 197
38 172
16 84
92 163
89 235
54 94
156 235
6 164
2 127
88 163
84 134
81 218
37 89
1 128
27 94
133 224
129 234
147 224
20 222
125 192
62 104
44 206
151 154
50 58
110 244
0 83
23 111
53 182
89 240
20 39
137 141
65 105
14 104
1 82
22 50
150 214
2 207
96 115
17 203
88 219
253 259
118 242
62 189
75 102
131 217
52 119
146 186
176 223
41 148
223 253
31 226
159 163
199 246
53 83
24 82
70 243
133 137
78 257
80 85
71 195
118 196
10 247
21 137
32 64
17 53
34 116
50 253
51 146
35 124
135 244
98 217
65 156
32 257
88 140
79 180
125 223
69 181
94 248
38 64
12 123
13 186
11 56
39 48
107 138
31 105
38 86
18 228
142 221
74 163
41 131
176 201
88 187
48 183
140 180
117 193
51 202
48 132
74 215
27 96
179 207
122 155
3 224
15 177
122 154
3 130
106 172
97 186
153 180
101 157
229 238
239 247
90 177
222 241
241 242
5 166
38 251
44 158
0 73
116 123
3 28
2 19
3 143
55 82
46 262
202 261
207 224
86 143
201 226
76 241
51 52
196 227
3 189
52 69
31 246
79 135
182 245
49 65
155 253
79 93
91 211
149 169
26 53
71 129
26 242
23 244
13 102
12 248
110 166
45 131
84 242
118 194
168 214
36 115
43 188
25 30
196 202
144 258
77 101
17 204
56 165
41 109
54 194
62 163
32 85
131 195
145 237
161 250
207 249
57 237
12 216
118 249
180 256
42 229
87 131
175 221
5 42
144 180
18 93
59 121
79 97
19 96
42 133
148 208
88 137
36 243
14 80
111 137
174 206
72 239
185 196
185 253
36 197
23 215
155 233
136 198
57 163
103 240
110 143
246 262
12 149
220 254
17 158
127 248
61 187
227 255
63 255
57 76
98 225
117 155
22 153
101 179
44 68
0 70
7 94
51 119
204 233
157 236
63 99
58 251
22 234
24 185
143 246
140 246
94 134
194 197
118 251
154 165
130 192
49 240
114 135
26 192
77 168
29 62
144 234
115 193
54 80
7 260
112 172
118 228
52 55
29 206
16 113
61 81
162 246
4 153
1 30
15 36
56 204
67 258
109 175
201 236
44 223
93 184
76 191
91 119
64 249
27 142
83 173
95 260
91 111
33 39
11 232
17 152
119 160
133 152
41 133
120 138
6 104
52 197
111 112
109 204
149 220
13 139
115 142
3 95
77 227
32 82
45 64
69 256
148 159
96 183
213 249
101 152
18 261
144 206
153 205
25 153
96 228
164 182
89 138
228 255
86 228
111 211
15 161
132 146
31 249
34 244
171 241
179 195
74 149
134 142
142 233
102 241
250 254
155 187
92 166
20 58
6 121
46 64
45 82
138 237
193 248
83 181
1 41
46 211
37 155
104 262
31 80
69 201
34 154
46 160
104 187
209 252
39 51
66 141
2 27
12 245
152 200
111 125
138 194
2 249
183 232
7 21
60 112
153 176
31 181
30 232
81 122
151 177
105 252
74 147
43 166
202 229
64 244
42 233
172 196
41 84
104 147
251 253
21 74
163 224
71 171
40 193
73 141
113 182
64 224
21 34
112 153
145 168
102 132
46 115
10 160
142 255
54 158
110 219
20 171
95 189
54 160
60 154
119 247
15 69
114 226
165 246
217 230
134 235
130 244
116 188
53 202
13 126
80 151
68 87
138 238
202 204
147 246
35 116
141 179
64 174
23 135
171 191
9 107
31 127
14 34
6 129
211 244
35 199
90 236
15 127
9 105
111 179
96 221
112 208
15 173
175 195
27 242
64 145
185 249
191 215
107 232
30 99
33 242
70 137
19 193
105 198
99 176
220 232
92 260
186 222
17 104
45 233
158 235
3 29
132 192
93 130
30 194
104 181
126 243
20 24
19 126
2 169
31 50
51 76
157 257
125 201
189 260
157 179
74 242
93 160
107 220
72 177
119 161
177 193
47 143
216 218
26 43
114 151
91 174
90 253
98 194
56 184
121 253
134 152
104 196
66 233
55 262
153 183
58 232
8 91
46 163
23 67
2 129
33 179
77 96
139 176
229 248
130 157
52 135
108 243
105 156
27 216
182 198
52 85
183 223
14 75
153 199
49 128
49 161
14 116
47 72
17 31
68 200
33 250
63 165
162 178
180 230
106 124
55 155
122 165
147 173
118 210
106 155
11 89
202 225
126 169
100 170
151 222
99 235
202 228
46 238
47 222
104 194
87 191
122 194
44 226
122 234
90 91
24 194
0 78
60 188
29 194
17 153
62 177
129 153
43 163
4 157
120 169
147 206
6 255
72 136
107 225
73 199
119 252
194 199
123 124
72 133
81 185
89 118
195 240
163 227
51 254
38 156
89 192
78 166
7 69
75 101
174 216
235 239
110 171
125 137
12 119
59 92
139 251
87 94
96 103
254 262
103 144
32 73
97 107
92 180
209 217
163 257
82 172
40 64
12 133
34 234
43 180
18 159
5 128
24 191
17 190
202 252
189 214
114 116
124 262
9 28
75 100
89 160
3 209
115 151
95 218
128 184
80 119
45 251
5 211
164 226
115 133
138 169
206 253
53 138
20 150
34 180
5 224
25 79
116 203
120 205
51 122
145 211
44 188
5 182
40 52
146 180
63 180
32 191
111 149
51 228
5 115
87 100
193 234
42 137
123 233
92 114
143 154
79 105
76 109
12 148
201 248
52 195
2 203
58 233
87 114
77 251
90 206
93 246
63 168
114 219
89 198
14 200
19 194
31 121
37 160
60 250
20 48
8 212
25 42
126 220
134 236
71 91
48 49
254 257
115 148
214 244
73 130
142 228
90 214
47 209
131 211
69 196
6 186
112 196
58 159
63 140
167 202
200 210
32 135
125 189
3 69
213 247
53 217
146 212
7 47
67 140
54 166
21 110
156 239
83 209
114 261
242 252
147 171
0 218
77 130
1 131
80 143
76 119
0 176
53 185
91 148
75 259
176 206
61 76
34 161
1 91
47 98
165 223
113 130
175 201
201 211
88 119
147 233
134 158
41 239
14 24
66 115
54 218
140 156
39 149
73 206
196 207
192 239
40 45
76 208
29 67
63 206
13 144
179 230
44 123
96 143
166 210
4 54
24 180
162 208
32 130
19 116
15 19
81 179
72 236
206 211
149 224
78 129
14 252
27 100
48 175
17 80
89 216
29 131
210 215
32 62
102 162
29 174
25 216
245 260
78 242
66 199
11 261
48 80
58 71
0 257
111 201
1 186
14 211
51 231
124 192
106 150
210 214
58 137
19 200
107 129
125 240
62 136
86 140
130 158
170 261
29 146
20 168
10 84
125 262
50 88
148 248
120 182
92 138
28 89
107 211
94 140
171 206
7 34
112 217
47 244
176 231
103 258
236 253
23 132
35 57
83 121
61 83
114 133
47 261
232 241
30 223
47 53
100 115
98 253
191 203
10 21
85 130
147 159
109 193
81 233
17 169
137 180
61 204
112 187
56 177
75 159
139 164
72 249
63 84
56 203
74 196
30 125
152 182
241 260
3 14
185 224
207 253
96 208
3 230
51 94
26 198
126 262
75 83
179 181
78 192
67 169
176 215
47 76
91 187
163 212
52 95
118 253
128 260
67 235
81 93
113 188
194 262
25 72
109 212
172 212
40 134
86 216
53 205
139 167
78 241
55 176
175 181
95 104
47 105
15 65
139 178
184 228
23 47
72 230
51 106
7 254
46 205
39 85
155 230
118 212
111 122
43 94
134 214
108 224
37 161
3 126
83 241
2 33
118 134
67 173
163 255
1 84
70 103
89 169
118 151
103 173
157 211
102 190
16 211
14 168
5 80
13 161
79 90
15 233
58 75
44 113
109 110
84 99
179 202
196 259
69 126
131 250
77 197
44 200
125 212
33 150
40 135
76 78
183 258
79 247
65 90
8 94
107 172
134 155
181 219
56 64
55 239
207 248
21 217
55 241
62 250
145 243
135 227
13 123
188 242
56 254
149 153
61 223
132 213
6 199
197 238
5 35
37 121
118 122
96 129
110 148
32 60
20 50
167 262
198 225
48 61
127 224
91 97
93 228
82 125
4 250
26 77
126 196
193 229
128 192
182 213
42 102
160 251
109 173
23 115
225 255
139 262
31 201
71 261
83 203
111 173
94 96
23 249
91 204
91 221
17 177
151 220
123 244
32 54
7 178
16 166
112 113
107 126
48 115
30 56
177 222
0 58
34 190
94 258
40 116
113 122
155 245
163 200
197 225
9 211
107 137
81 243
103 137
16 154
84 98
6 58
114 247
107 110
174 182
39 87
222 230
36 179
99 123
109 176
14 217
125 232
197 234
90 165
12 101
128 246
151 158
24 74
10 260
20 72
27 105
96 146
121 223
103 228
140 178
18 140
148 242
107 148
34 257
126 227
20 123
36 110
72 169
42 154
86 177
3 223
2 220
145 160
172 181
102 198
62 193
0 105
54 196
173 261
55 230
47 153
58 166
3 112
46 206
38 227
119 191
180 240
133 179
101 115
24 63
98 142
87 251
68 186
81 127
106 180
135 171
85 149
25 36
82 193
10 170
131 153
235 260
89 96
182 259
7 103
59 255
32 128
17 185
140 232
108 116
115 246
160 203
50 125
9 182
246 260
105 208
59 154
104 121
56 66
68 136
74 188
48 170
2 214
8 10
4 39
165 209
24 81
139 163
206 209
204 210
54 71
141 163
42 210
103 129
182 202
58 219
17 99
105 227
129 176
150 200
84 141
35 111
53 230
39 208
149 210
107 123
14 212
74 98
108 141
47 227
39 55
100 108
6 74
11 70
134 147
70 159
49 168
150 240
23 241
7 108
36 240
58 103
58 82
22 176
75 206
198 255
80 242
66 90
108 189
106 133
100 210
36 199
224 232
169 203
48 103
17 224
65 197
79 251
1 83
142 205
62 148
103 215
118 130
94 175
5 40
62 86
101 237
117 142
39 243
151 160
110 151
169 224
189 226
67 157
81 236
87 222
154 225
69 221
143 258
7 128
75 258
56 236
37 49
111 200
66 217
75 207
178 205
0 165
111 238
31 40
29 137
52 64
34 127
30 113
56 113
94 127
76 178
84 223
57 159
99 113
57 258
0 199
57 222
155 221
116 162
45 103
56 260
147 236
157 239
144 194
164 193
164 186
86 117
81 228
0 79
181 236
12 238
6 188
142 173
152 246
3 118
53 125
103 216
119 149
80 243
243 250
90 247
172 240
230 251
185 229
124 132
12 161
98 158
70 238
171 204
159 213
52 206
16 76
199 204
54 177
242 261
179 210
132 262
23 81
94 152
125 260
91 137
181 251
231 244
146 235
158 186
65 219
105 233
213 243
37 82
96 257
73 183
27 135
44 96
82 257
125 158
110 235
3 48
130 133
51 87
82 92
109 140
123 239
42 145
93 134
106 160
54 147
91 144
85 158
198 237
185 198
30 66
92 237
55 190
34 54
72 118
99 210
128 157
80 232
135 158
211 238
36 228
27 138
3 31
4 188
162 210
161 255
72 255
15 31
123 258
7 138
46 214
26 87
110 200
40 119
157 235
175 202
83 152
69 231
216 245
179 187
36 118
158 257
10 139
10 50
173 210
48 172
20 30
95 202
116 165
21 259
77 133
62 199
60 247
154 177
128 213
98 207
121 149
54 221
88 97
17 92
4 87
46 109
225 232
80 100
173 204
27 68
197 252
83 115
74 126
101 131
35 154
153 235
82 199
215 233
72 190
168 194
149 154
37 151
65 180
130 212
5 78
136 244
6 162
128 247
12 109
161 242
69 186
111 185
57 80
54 183
6 259
48 66
100 129
1 104
9 179
58 238
2 158
122 206
51 120
136 246
37 169
9 49
133 213
68 211
110 153
38 155
112 219
28 34
205 240
166 219
12 141
80 220
44 81
33 202
79 170
90 187
226 238
53 160
124 239
91 121
207 251
178 238
35 252
23 180
54 134
89 120
116 184
177 209
215 229
138 200
16 242
53 241
142 262
48 89
17 130
73 106
45 135
224 234
59 168
99 166
184 229
120 258
65 192
3 66
191 197
177 255
142 218
135 207
163 221
3 211
39 148
104 157
135 137
8 204
50 261
73 218
70 158
10 114
75 251
23 151
14 42
226 237
177 245
24 254
35 79
191 238
133 175
149 184
225 226
68 121
35 186
103 132
24 87
32 71
171 258
136 179
20 102
34 137
19 222
168 206
19 50
45 156
221 226
106 207
43 255
97 210
90 201
116 172
94 200
114 169
130 150
92 206
118 246
10 212
9 68
49 223
38 187
132 179
95 193
205 244
128 223
115 189
131 189
44 150
113 172
61 158
121 203
169 179
106 153
154 229
92 156
99 145
14 167
37 179
206 258
8 101
110 119
17 93
95 173
90 245
220 260
75 223
138 160
9 71
112 228
48 231
202 242
16 162
55 103
6 133
47 135
84 129
208 235
50 177
16 258
33 257
204 235
52 214
2 229
85 184
30 49
96 170
100 262
158 234
177 258
42 261
131 249
56 80
202 244
190 210
114 199
26 184
145 192
142 168
89 214
43 239
118 199
108 262
96 192
7 89
223 247
200 213
6 232
55 68
214 235
132 197
114 142
38 255
31 85
66 125
124 205
157 232
17 90
137 162
75 122
47 229
88 213
170 177
150 202
64 204
87 166
36 138
98 141
139 151
57 166
16 83
95 120
116 259
140 199
194 258
158 178
60 236
6 24
144 187
219 245
111 197
202 203
13 85
79 104
43 242
2 165
181 223
48 225
17 110
67 144
161 254
119 183
221 245
3 20
113 168
171 253
138 149
146 167
57 171
8 248
49 104
20 96
147 244
86 150
86 218
55 104
80 227
92 142
100 167
133 239
91 195
106 231
209 241
147 207
241 243
68 195
4 119
201 222
158 217
44 110
84 251
16 137
3 76
111 188
185 220
98 102
97 112
96 149
167 218
62 114
84 185
12 97
104 110
25 100
87 178
194 241
220 241
62 126
50 246
96 132
61 131
32 137
20 157
68 209
12 213
151 233
145 223
55 74
84 114
18 40
63 252
156 159
205 262
100 221
123 232
53 161
6 203
91 129
106 157
192 204
105 176
205 243
94 189
103 220
30 213
145 239
3 67
50 132
140 185
72 204
65 181
100 166
115 157
38 95
181 210
26 136
225 256
106 118
22 128
188 232
116 212
41 43
223 246
15 54
88 170
130 147
182 184
30 130
131 175
3 75
104 165
7 146
33 59
56 154
7 61
177 243
16 219
110 189
215 239
47 131
116 141
56 244
25 53
164 210
41 229
110 196
65 148
10 100
168 192
25 185
181 200
96 202
45 164
149 182
21 54
1 37
163 262
143 149
76 172
173 182
83 104
41 230
112 257
221 250
37 134
25 159
56 166
8 72
0 154
125 199
9 55
16 125
64 138
229 261
213 256
50 130
78 106
19 28
127 135
220 234
35 141
144 228
70 185
23 159
125 166
145 248
81 151
206 232
18 139
62 169
100 182
110 207
133 174
77 103
59 164
127 165
128 173
192 212
92 143
200 253
42 43
119 172
173 229
91 175
0 88
118 206
232 246
12 45
31 101
181 226
39 146
102 181
101 198
58 72
27 156
40 234
252 259
23 233
238 239
115 174
143 157
39 60
47 233
108 250
200 236
164 234
11 16
35 251
131 252
42 85
2 21
122 233
71 210
93 97
168 173
65 222
65 117
154 259
145 202
110 178
14 114
19 247
49 88
59 161
147 253
23 38
46 104
6 165
110 138
100 138
56 215
245 249
33 228
114 126
87 170
68 257
7 58
162 202
20 153
189 201
58 80
152 247
100 137
97 141
29 261
14 235
163 244
141 232
106 227
91 107
59 122
51 116
5 157
105 257
39 52
187 190
62 170
62 243
17 148
78 104
90 105
184 204
81 202
87 99
247 252
12 125
29 234
140 198
165 219
218 219
101 241
33 199
15 81
116 208
65 80
65 89
2 176
3 55
35 237
17 117
54 155
141 221
4 198
5 19
39 258
239 252
102 105
110 260
130 171
136 184
112 214
28 164
144 261
101 207
23 44
159 190
135 260
82 169
168 230
199 262
112 197
43 185
32 235
117 162
4 202
67 94
45 89
130 245
66 240
2 124
86 251
245 259
67 257
97 176
113 226
48 234
238 240
1 26
4 46
55 143
28 29
106 138
14 201
147 191
141 205
56 237
174 235
89 166
84 188
9 245
82 111
23 154
237 247
175 256
79 208
78 178
244 261
9 252
124 219
85 237
197 198
34 96
127 157
110 247
27 128
161 241
65 198
124 187
1 235
86 221
133 155
93 107
117 233
56 152
56 77
32 70
47 69
53 201
81 107
24 47
147 148
160 179
29 198
102 185
7 59
39 180
111 182
2 252
40 230
202 234
83 187
176 229
21 49
81 113
137 246
138 193
25 105
53 63
29 105
160 210
72 81
65 142
170 242
46 224
30 76
60 257
154 195
16 64
77 209
111 144
50 257
94 167
10 133
182 217
84 93
49 115
51 230
8 142
97 207
23 209
78 159
99 199
206 220
93 142
38 126
16 58
138 152
44 48
105 213
134 209
122 132
89 178
21 117
40 183
158 245
84 179
65 196
6 257
12 243
159 216
34 212
84 119
141 151
46 70
76 244
62 81
72 161
47 197
80 148
183 216
18 147
127 131
73 164
197 247
114 161
157 158
19 41
30 260
66 232
96 105
132 235
86 182
70 131
139 193
91 240
93 208
136 194
123 199
211 231
96 220
75 151
17 250
68 162
130 231
102 256
11 155
88 113
233 242
99 146
46 105
62 135
16 207
232 240
44 215
31 194
116 198
47 162
170 174
179 234
55 86
98 187
24 92
16 183
71 100
14 149
75 209
181 196
178 206
161 196
80 212
146 154
65 151
68 180
2 247
17 100
11 46
113 255
89 226
56 151
27 41
5 16
58 138
86 225
173 216
13 68
1 239
7 228
241 255
9 197
71 119
54 108
50 82
112 177
100 121
58 240
117 148
37 75
58 63
6 210
50 95
86 226
32 242
44 167
116 228
62 89
45 149
39 220
85 194
38 97
208 243
12 75
187 220
79 196
43 206
80 249
16 222
27 54
64 181
111 128
23 208
67 229
198 252
28 249
190 252
61 250
174 231
22 169
33 169
43 69
78 110
43 93
118 239
52 176
7 87
134 180
8 116
68 79
96 116
57 91
229 246
17 136
31 197
95 136
28 198
107 199
202 259
150 155
229 254
107 250
38 242
175 211
127 198
63 115
22 223
80 245
159 171
50 187
106 222
56 106
146 203
231 238
47 121
201 238
194 227
38 117
108 210
51 161
87 120
89 210
65 137
130 256
45 102
172 216
62 205
34 85
119 246
36 136
21 85
159 160
104 168
156 213
89 130
49 157
37 246
25 114
113 207
214 219
1 260
40 141
79 245
3 243
135 160
77 139
144 237
117 201
129 209
7 148
68 111
205 253
115 160
27 231
46 222
10 45
34 230
217 260
95 225
134 217
6 190
174 223
49 154
66 105
154 182
52 62
99 241
27 166
115 202
33 58
93 174
95 169
118 261
90 230
133 169
130 260
169 246
96 101
27 113
79 177
166 256
161 233
40 79
73 147
70 232
197 237
22 68
177 181
48 257
166 259
88 216
122 162
205 216
120 247
213 255
52 147
174 237
177 178
84 100
32 168
73 144
36 223
44 92
144 169
59 75
16 156
10 19
68 255
102 174
101 140
118 255
180 209
83 246
36 149
152 193
42 146
127 134
108 114
64 161
70 82
23 260
6 174
12 198
7 251
60 117
108 182
47 193
43 80
20 227
84 233
67 90
32 220
215 223
7 51
177 220
194 252
145 229
22 254
44 121
53 118
24 168
27 55
16 65
131 218
36 212
62 68
19 76
22 84
1 225
72 134
35 152
13 182
23 240
147 190
61 150
27 176
200 211
32 134
49 190
102 159
235 238
96 237
20 89
128 235
160 192
199 211
18 122
8 112
104 257
13 205
1 181
118 252
41 135
1 75
56 155
46 248
146 240
43 221
74 258
57 217
217 251
3 185
234 243
62 116
56 124
119 249
131 181
2 120
1 207
10 116
84 160
206 246
90 128
127 236
130 229
133 229
167 172
137 234
180 224
94 252
85 154
88 247
87 177
2 153
48 218
177 236
171 215
15 217
70 110
12 137
17 144
119 238
128 206
36 148
59 125
179 258
83 131
4 189
79 222
37 72
9 22
212 223
188 215
77 194
85 261
38 234
148 207
3 171
52 239
4 244
57 85
9 40
34 99
43 240
189 199
62 82
166 174
58 177
170 215
176 262
6 256
15 88
161 190
94 143
52 124
47 75
84 131
151 155
165 206
83 85
68 165
87 103
69 79
91 212
202 205
162 203
25 161
199 236
21 179
2 250
169 201
114 195
134 218
111 236
143 235
141 160
94 107
37 112
24 260
106 250
169 229
96 182
8 191
45 67
143 255
165 194
79 223
13 189
30 150
129 219
71 186
43 229
77 257
159 244
179 243
38 139
209 219
35 138
82 145
77 126
53 262
98 183
115 167
45 212
43 252
5 219
161 197
9 44
5 27
107 166
145 153
98 101
152 196
71 123
3 81
69 106
7 62
75 236
55 139
16 194
191 257
200 248
137 232
98 219
0 90
50 122
40 231
177 226
56 258
103 219
85 201
27 133
78 206
55 153
34 156
29 244
14 150
168 256
13 112
189 254
79 145
26 254
126 217
16 21
133 183
5 146
63 246
130 204
153 241
17 86
63 192
103 142
85 178
153 258
96 191
188 218
148 225
38 102
81 214
208 216
109 159
122 149
240 245
14 182
46 134
108 172
113 221
60 198
49 258
119 122
53 237
1 31
76 258
115 253
83 240
141 148
83 134
48 255
101 222
62 87
56 123
162 187
22 262
60 205
44 222
213 221
112 179
117 236
14 128
24 53
129 155
21 250
79 138
35 182
47 59
152 214
63 232
47 173
62 240
107 133
92 177
79 204
92 131
191 258
79 117
143 247
129 226
58 245
214 254
234 246
171 246
108 252
183 261
243 249
121 197
197 228
66 197
161 230
133 161
130 227
4 69
134 246
48 126
112 142
51 234
131 139
106 111
181 207
15 115
3 235
99 156
108 190
72 125
101 262
67 105
14 224
41 56
25 169
12 92
58 165
86 180
67 260
55 65
45 139
227 242
24 169
202 222
109 228
80 241
76 146
37 71
238 248
231 256
31 172
21 60
176 220
2 115
206 234
50 238
20 120
69 172
77 115
34 76
85 187
36 188
22 138
98 105
118 215
10 162
110 168
166 204
118 223
37 262
61 71
222 228
11 215
44 182
36 125
17 27
84 184
19 67
102 194
145 196
51 56
75 164
146 215
38 61
49 101
96 252
127 208
43 195
207 221
34 250
62 165
53 92
22 46
108 198
224 228
9 165
28 43
175 184
195 216
0 128
9 194
26 180
25 250
58 113
79 242
49 193
125 245
104 123
50 243
125 250
26 205
213 231
169 231
90 258
134 262
72 148
16 246
96 234
51 199
22 112
184 232
3 138
9 240
150 231
91 185
117 223
68 262
25 162
8 218
53 187
129 210
123 144
212 228
86 94
48 155
24 207
114 130
23 146
32 33
5 101
51 194
95 138
160 188
72 83
127 235
112 186
14 191
86 188
91 213
175 259
31 158
28 131
103 147
90 157
60 231
128 170
214 249
127 194
95 146
73 119
66 244
4 42
28 189
172 215
1 193
22 122
15 220
180 216
171 181
83 178
14 159
45 143
124 254
104 126
88 143
8 102
49 183
23 127
23 222
112 189
187 230
66 208
216 241
4 234
114 173
96 157
125 222
12 209
107 197
59 260
144 190
127 141
103 179
190 237
165 182
140 202
38 159
25 233
45 248
113 248
208 246
179 250
36 181
127 199
154 219
57 206
70 90
112 192
57 152
8 34
210 240
76 175
185 202
145 217
14 258
6 207
28 68
122 229
209 261
183 227
57 246
216 239
35 227
40 67
185 215
90 209
203 247
158 213
150 165
155 206
106 137
95 195
107 150
71 241
66 235
21 145
150 209
9 144
51 117
143 169
93 241
160 183
73 202
116 231
51 183
31 103
112 166
42 114
190 247
108 134
186 231
57 172
100 150
82 228
76 110
140 153
129 163
170 196
8 146
4 149
39 175
169 211
191 221
67 93
143 259
92 112
154 172
15 24
166 236
208 244
40 177
75 148
22 247
114 243
107 131
41 145
34 104
33 101
21 71
177 227
83 234
160 165
20 67
87 209
85 136
61 251
188 251
7 75
44 106
75 132
167 183
117 207
23 112
77 143
13 197
102 178
249 262
125 206
120 233
10 211
134 248
79 125
180 199
163 249
181 233
192 251
123 205
184 239
10 239
54 189
127 222
173 262
28 165
62 239
52 101
111 164
50 71
11 140
159 255
131 199
12 260
72 178
70 175
206 255
15 207
6 65
158 161
182 253
53 203
113 115
81 168
42 161
129 221
134 240
98 255
99 208
41 47
25 195
180 213
46 207
31 39
77 152
72 167
144 150
103 190
20 93
131 200
26 161
24 155
8 136
149 232
241 256
110 147
8 70
47 147
99 180
59 149
217 235
29 260
210 255
121 153
144 199
84 92
9 123
88 99
45 183
154 194
19 204
15 98
34 223
0 190
58 237
155 172
56 131
112 155
3 187
151 202
108 202
23 255
51 249
73 100
6 221
246 249
33 88
83 226
160 258
9 75
3 40
1 203
38 221
86 191
126 149
82 90
53 256
61 177
45 52
36 213
133 181
48 84
17 131
108 155
29 184
38 147
159 184
116 248
50 55
172 188
23 204
73 89
92 192
104 143
73 208
109 187
57 214
122 244
38 81
6 233
12 184
125 171
3 97
122 241
111 256
61 198
7 248
11 15
85 122
159 217
154 202
182 204
183 184
127 184
91 108
197 221
135 255
181 188
82 261
47 90
24 31
33 132
82 95
1 94
165 188
81 108
185 231
178 255
223 234
215 238
140 171
113 135
103 152
28 147
62 103
117 191
28 92
175 239
62 252
98 203
61 203
63 223
76 142
28 162
198 214
59 171
107 111
107 255
14 87
85 255
182 237
77 123
92 198
24 182
73 80
78 198
0 81
200 250
150 241
236 238
171 196
236 251
86 166
218 220
10 171
92 141
52 208
26 157
40 196
72 106
222 242
46 98
211 236
78 213
78 184
108 184
90 143
219 225
3 192
174 181
88 181
107 215
24 224
195 254
87 203
6 84
53 132
82 89
4 24
55 186
117 141
119 164
235 262
39 254
80 221
139 157
162 217
105 119
5 70
121 222
204 220
34 174
54 176
14 143
189 205
239 241
118 230
183 245
249 252
102 113
17 258
108 142
90 106
80 167
124 256
1 243
16 204
8 155
12 47
27 159
27 123
173 192
81 140
19 105
44 146
16 247
18 258
85 214
90 110
103 250
109 221
8 254
130 210
39 91
111 257
24 122
248 255
30 89
22 127
174 227
9 116
114 187
23 217
78 88
111 187
96 112
52 258
104 162
51 157
61 63
139 172
56 220
173 174
83 87
91 117
154 262
25 147
137 214
79 95
24 128
26 78
18 99
46 146
54 197
191 213
77 243
85 186
94 241
50 65
23 157
21 99
78 170
58 99
29 164
66 212
68 92
19 118
50 204
126 162
189 198
39 90
16 47
125 178
88 179
47 89
27 179
117 143
40 124
34 63
38 40
35 53
156 195
54 84
197 261
218 262
207 237
135 142
146 194
154 241
37 251
34 144
28 82
107 193
47 65
63 198
136 225
84 239
33 249
5 201
133 242
31 66
206 217
207 235
65 218
2 167
84 165
69 195
122 128
48 251
26 132
71 99
9 248
166 167
139 218
13 229
29 139
14 21
155 242
11 143
140 219
85 94
153 259
137 170
48 201
157 218
13 78
59 196
4 101
68 146
234 252
90 182
158 188
153 260
136 237
17 69
7 56
10 201
89 234
56 105
15 33
116 219
71 225
61 184
23 78
143 223
222 234
89 185
146 238
62 176
4 216
113 222
0 59
9 146
232 257
42 194
188 234
120 227
97 209
33 78
117 254
26 221
167 222
168 171
123 231
27 217
163 208
152 242
174 194
40 175
129 184
86 210
233 262
143 221
122 139
185 191
87 147
67 83
1 156
69 241
222 244
28 171
141 207
48 156
83 165
79 168
128 163
149 176
227 251
33 164
41 136
193 214
174 252
128 166
18 31
185 262
139 254
6 60
36 161
38 73
227 244
26 61
2 99
48 205
66 158
91 172
136 220
125 219
16 129
99 254
78 120
105 144
20 173
141 252
9 85
50 98
111 184
78 217
9 135
30 126
1 211
9 97
43 73
52 232
88 112
129 204
94 226
83 157
62 178
18 136
33 87
106 126
101 257
97 211
5 238
110 116
104 178
101 248
236 254
173 257
84 133
105 106
43 176
153 164
0 120
163 204
193 221
48 174
137 223
105 118
85 155
23 25
123 126
88 225
158 180
99 257
33 232
183 254
106 243
37 105
4 205
5 82
179 213
1 248
119 203
127 150
186 236
255 258
96 230
82 202
63 106
146 209
104 218
20 175
80 202
215 247
16 240
21 29
142 186
107 187
9 166
255 257
89 218
123 237
116 218
34 211
157 212
10 196
108 231
39 184
125 187
36 160
166 217
48 134
80 113
51 188
58 117
10 41
147 257
130 195
18 250
46 66
43 228
142 251
150 192
16 187
57 137
18 194
9 66
69 94
32 171
203 228
147 192
30 59
182 205
51 144
15 34
61 195
24 235
18 151
2 35
8 133
3 71
10 151
66 172
223 245
11 255
186 206
98 193
2 66
153 197
223 254
255 256
1 226
139 158
21 31
14 54
5 261
161 253
117 120
3 240
164 167
174 242
6 19
83 219
64 153
82 188
108 169
93 213
27 111
109 183
143 178
14 260
154 175
65 73
192 201
12 106
200 239
121 148
111 181
31 130
19 251
231 262
42 217
33 230
132 171
21 153
252 260
63 241
85 89
30 181
91 250
131 206
25 52
104 239
45 242
42 48
35 50
21 122
103 172
15 39
42 94
4 17
177 235
42 50
84 157
77 184
53 210
190 241
131 256
148 197
239 250
77 190
0 195
49 93
101 258
46 89
62 168
136 238
31 170
35 213
53 133
54 231
31 211
4 37
71 107
109 133
20 63
205 256
253 254
27 46
152 178
164 222
120 150
235 243
112 162
111 123
16 254
174 232
8 234
132 214
67 127
4 248
17 156
9 137
51 171
83 163
42 125
68 246
40 166
13 47
148 238
11 120
2 192
29 255
63 244
37 73
41 140
3 25
28 111
152 180
63 152
177 200
60 155
77 144
185 216
83 182
117 198
16 132
52 129
89 236
142 193
60 100
78 212
118 190
91 102
17 160
4 108
118 221
90 154
29 201
115 244
16 106
7 85
29 63
20 250
105 107
22 145
44 184
43 249
4 89
2 12
36 257
215 254
54 61
31 188
56 125
124 259
96 145
53 239
60 81
25 75
182 195
48 112
18 100
30 237
24 132
155 238
178 215
256 257
125 195
24 101
19 244
232 253
135 193
173 232
7 232
113 244
35 131
4 144
130 144
84 198
29 251
38 58
127 147
100 187
47 114
63 212
127 261
129 192
168 185
0 180
232 238
6 46
52 225
153 221
91 135
184 247
46 139
96 127
5 172
184 234
117 126
205 228
99 140
227 253
119 187
155 198
11 64
71 74
28 197
37 111
38 158
11 73
14 40
173 225
4 99
41 235
208 219
10 234
43 173
113 218
6 132
237 240
26 49
106 261
136 196
14 178
156 250
167 196
89 139
164 250
153 174
68 95
97 248
216 217
60 147
13 238
188 216
113 210
4 204
13 60
56 96
53 114
189 227
130 233
141 170
127 231
6 16
46 229
128 141
125 149
44 69
225 238
121 158
114 185
115 146
18 89
117 195
243 253
36 162
112 203
73 223
5 145
90 132
17 55
60 142
12 20
109 126
68 260
96 242
48 244
36 124
151 237
219 221
171 211
18 91
121 202
168 248
1 141
115 163
64 230
188 195
154 242
147 172
132 211
188 202
64 100
63 65
88 127
48 114
31 134
55 167
3 12
57 181
55 131
43 153
113 256
222 252
69 92
112 216
198 253
98 192
145 244
9 150
23 129
42 106
0 31
173 198
22 28
25 110
13 247
123 247
46 191
201 217
96 118
22 126
66 71
108 209
107 227
194 246
55 184
84 163
145 245
13 219
188 262
189 233
216 222
50 141
56 144
90 188
160 245
79 198
72 110
27 89
42 258
58 129
120 237
132 133
235 256
47 52
5 214
39 78
205 211
29 140
157 249
139 159
29 111
3 228
194 209
168 218
99 128
213 224
148 220
73 229
242 245
168 203
151 255
31 47
45 168
248 256
65 225
8 118
44 98
34 199
166 171
179 183
183 260
97 219
140 227
103 233
5 84
14 48
19 20
117 153
91 156
77 216
9 58
52 61
7 81
0 12
175 215
97 159
62 191
37 216
108 219
4 100
19 59
134 258
8 137
0 15
22 178
54 81
61 122
37 57
53 58
111 214
148 156
72 147
150 164
99 107
105 224
9 174
18 36
152 211
175 243
91 127
43 65
25 207
78 201
63 261
9 173
49 144
69 83
80 234
141 164
137 183
16 171
24 116
80 95
46 117
160 187
7 155
49 64
18 38
193 213
2 240
139 213
227 248
55 250
85 152
5 83
37 177
239 260
72 206
111 255
53 243
48 160
143 159
54 245
58 127
148 221
110 249
177 188
50 210
69 93
98 202
158 239
17 25
35 205
155 217
132 142
93 248
61 136
122 243
64 195
125 248
160 247
60 153
120 152
202 262
9 45
114 251
133 254
46 114
146 247
190 229
4 253
86 205
90 179
208 233
64 155
243 245
59 223
96 236
88 152
46 209
2 45
124 153
70 144
161 260
116 194
1 148
20 246
113 237
233 251
33 234
31 203
90 167
28 214
71 150
93 217
117 197
166 247
172 209
195 214
24 99
29 209
21 63
134 192
41 112
89 105
174 243
81 163
35 163
37 53
163 213
175 216
20 196
157 162
84 171
182 208
111 221
21 100
108 132
50 153
93 202
180 236
29 88
50 166
200 219
25 66
171 194
145 200
42 87
26 120
34 157
87 189
131 262
21 228
53 103
5 190
103 158
97 212
64 142
6 108
5 149
9 156
27 220
132 148
23 91
39 114
30 145
92 149
6 72
7 197
4 166
63 259
32 231
89 144
15 22
70 129
226 240
5 222
199 226
30 199
45 132
171 244
18 215
87 213
50 79
238 259
36 175
26 156
80 228
10 140
152 154
187 221
212 235
186 192
133 177
178 225
178 229
50 152
99 143
0 39
36 54
80 121
66 72
112 126
80 109
28 138
86 147
55 226
13 176
24 111
229 233
117 262
55 114
55 172
145 187
83 167
61 151
151 216
103 214
165 177
24 205
78 103
96 169
130 134
2 134
94 151
27 218
104 171
199 258
17 155
33 93
75 188
20 182
84 194
240 247
223 243
109 135
125 161
50 155
75 137
82 91
116 134
86 214
48 249
39 102
25 128
105 185
41 75
125 181
132 237
175 183
231 240
115 178
34 158
100 173
28 227
5 111
168 257
184 189
235 251
47 253
22 154
97 105
38 223
27 167
61 207
69 187
19 104
105 259
3 259
41 122
5 207
104 207
82 250
111 226
144 241
191 212
120 231
133 232
164 248
178 232
130 219
92 99
15 211
97 126
126 226
54 145
29 213
35 228
233 240
180 235
67 72
122 249
51 158
54 185
82 124
47 168
64 248
171 255
97 129
86 90
190 249
21 98
44 210
11 24
158 207
14 142
8 36
184 220
143 189
54 128
102 214
14 108
173 222
242 251
32 151
33 105
51 78
65 122
51 154
196 199
26 220
23 188
63 136
4 147
61 94
203 213
124 243
69 149
88 190
10 233
74 170
65 209
170 227
166 189
67 218
32 196
67 238
95 250
34 260
50 262
5 38
139 242
193 218
85 188
75 220
19 111
98 116
141 200
202 210
31 70
187 234
36 261
99 188
21 233
137 219
209 214
121 178
144 189
67 197
72 243
13 167
55 121
40 89
92 204
98 210
148 201
64 78
22 241
28 243
121 250
91 226
61 101
123 207
49 178
111 209
231 239
120 250
147 221
33 227
195 217
228 248
132 193
117 144
112 129
33 79
16 158
67 210
30 88
8 139
203 244
189 196
170 190
226 242
72 182
8 241
168 179
38 65
186 242
63 87
71 220
3 175
30 208
73 104
39 133
116 140
14 57
8 211
114 119
35 183
27 186
127 262
172 228
195 219
74 189
45 81
5 193
51 200
104 217
144 214
202 212
26 58
119 244
140 249
119 235
7 112
211 221
181 234
112 156
230 246
112 207
11 68
122 127
31 112
50 181
114 171
49 230
100 206
131 216
18 152
79 148
11 197
4 71
64 90
45 169
137 212
1 140
137 235
182 214
32 205
43 215
132 141
71 93
63 69
40 168
40 250
187 218
142 202
120 256
182 199
0 237
21 93
56 222
27 69
35 260
190 226
33 113
46 122
99 160
44 214
41 115
95 119
141 231
172 207
153 242
10 70
202 241
77 151
103 136
151 168
64 149
67 70
166 169
104 254
80 91
7 105
82 187
104 189
90 235
98 213
121 260
114 129
59 261
183 192
26 86
19 91
233 254
67 220
35 151
122 168
119 221
181 214
76 153
85 248
118 175
148 218
57 202
39 185
96 162
66 85
119 224
127 159
18 55
54 70
14 36
23 162
67 119
7 130
2 32
197 240
136 193
25 133
61 248
99 187
8 207
85 156
101 121
221 248
47 176
74 228
101 113
26 168
3 17
87 172
16 86
30 133
65 257
3 218
86 102
34 185
1 123
180 253
144 162
37 50
84 107
9 73
11 93
88 222
96 133
69 121
147 219
4 81
55 203
144 201
19 129
89 211
10 55
178 252
124 210
97 199
220 251
7 154
27 95
32 133
39 232
81 212
4 179
183 255
55 177
229 262
45 187
2 166
0 236
101 164
42 105
32 84
52 86
75 234
147 235
80 130
2 42
94 141
20 60
76 156
16 54
78 108
4 34
125 218
86 108
66 173
15 219
67 74
82 151
5 120
122 237
108 121
11 110
163 229
146 164
14 231
236 245
51 244
125 217
26 109
2 3
192 194
213 239
8 203
134 250
96 207
6 177
14 196
27 29
171 227
32 216
2 160
104 186
144 219
170 201
61 171
70 97
226 229
58 105
148 149
111 203
112 119
183 240
49 209
57 238
49 52
67 97
19 183
61 213
54 216
64 67
158 171
125 155
16 250
83 225
52 217
51 225
1 164
17 178
59 239
0 222
18 200
60 96
149 192
177 199
8 201
12 204
53 112
77 129
32 165
48 223
62 172
40 48
202 232
31 180
5 144
156 255
41 89
150 262
13 218
1 143
155 224
29 113
205 233
28 70
109 154
171 251
196 201
62 203
29 121
137 166
61 170
32 228
122 197
156 161
104 214
0 106
105 251
133 156
64 93
69 200
47 93
187 259
144 208
0 212
47 116
100 153
89 246
34 46
135 197
49 68
113 193
55 235
132 139
4 151
187 208
69 194
54 58
199 240
67 200
13 86
76 168
8 11
41 154
6 111
63 82
46 82
101 192
95 166
40 96
36 83
89 116
66 147
86 185
77 253
140 174
78 102
15 105
46 208
99 243
12 228
89 149
14 39
21 247
121 122
96 139
174 183
5 30
37 184
110 222
10 197
49 171
79 197
1 126
223 249
41 88
119 190
43 72
77 142
57 64
24 255
103 122
91 165
151 191
136 211
42 240
43 96
181 208
145 218
149 165
24 146
127 196
59 194
83 130
45 218
37 139
58 158
83 99
12 234
138 176
57 187
39 100
91 103
124 190
93 245
99 183
117 128
43 200
97 217
3 127
216 259
75 219
23 70
71 252
159 179
233 248
62 92
71 76
66 69
150 233
49 166
87 105
69 114
213 222
80 259
22 259
132 206
9 169
56 247
124 227
54 161
15 165
19 158
179 261
10 202
77 219
185 237
21 136
162 260
56 70
110 145
71 189
59 69
0 125
155 160
24 42
85 196
1 184
76 131
10 110
85 212
208 242
147 187
61 129
31 216
104 169
76 90
9 81
113 147
10 16
79 188
103 139
109 128
84 213
17 96
47 64
2 56
103 206
104 197
138 143
111 222
142 156
29 187
118 176
106 189
100 127
54 241
29 250
34 242
243 247
18 135
114 194
87 102
253 261
99 110
7 122
47 149
161 170
87 231
86 123
11 153
36 203
119 185
68 198
120 192
112 157
109 236
33 175
23 41
25 234
27 117
219 243
68 249
76 134
148 217
231 254
65 177
32 110
74 123
201 253
16 128
19 66
46 183
13 216
18 68
88 93
20 118
48 161
140 222
13 84
43 235
66 111
12 42
204 209
91 252
18 213
38 127
148 165
45 167
90 261
101 118
221 240
92 172
101 110
175 224
36 44
21 58
98 137
79 111
102 161
21 97
48 243
85 104
86 194
48 63
224 258
143 234
22 86
78 117
54 106
8 15
99 245
224 233
123 181
141 258
31 213
26 210
38 145
141 156
2 53
78 195
145 149
110 202
99 239
131 173
111 166
54 243
143 237
66 124
0 104
84 261
223 257
183 222
40 82
15 45
32 101
199 216
147 203
4 172
47 120
132 149
21 244
7 160
124 176
44 259
9 74
144 184
104 227
2 185
118 195
220 259
182 200
159 245
44 249
119 143
94 108
140 147
125 153
163 170
224 239
62 98
33 183
140 208
191 239
77 201
50 107
54 68
206 241
18 193
61 196
3 244
72 99
45 119
100 247
16 259
42 112
53 196
178 202
72 89
116 258
108 128
136 171
201 204
15 42
40 257
68 221
14 107
94 201
105 162
195 238
69 147
90 145
49 201
117 222
110 132
65 224
130 160
183 219
127 149
1 170
246 261
97 188
7 211
22 152
138 208
98 169
33 140
78 99
156 182
65 112
4 12
79 113
71 122
19 80
174 202
210 223
67 185
84 225
190 196
67 111
66 245
185 214
200 220
92 258
164 211
7 42
9 151
120 136
97 235
49 224
112 250
62 173
24 65
26 104
112 241
217 252
87 229
11 190
167 224
72 175
130 232
20 259
223 233
150 205
8 184
4 137
189 209
51 71
75 108
94 139
1 262
45 130
17 133
68 204
20 163
188 240
16 185
156 178
97 193
95 147
22 35
71 203
1 112
28 226
61 186
67 68
31 71
63 176
38 114
155 186
164 212
130 141
68 144
97 100
207 255
41 53
10 178
35 133
42 54
8 22
163 217
28 169
67 166
83 139
4 158
48 191
210 247
140 159
2 38
73 239
4 145
181 190
121 124
20 248
110 229
176 210
65 134
54 213
39 124
38 153
236 247
39 76
85 162
61 211
28 215
113 194
21 149
166 254
104 209
112 224
9 23
205 235
12 173
6 89
204 216
40 243
60 224
122 254
24 201
186 253
155 167
138 201
150 227
129 161
83 224
63 117
76 139
134 162
67 150
118 260
75 197
140 238
69 259
27 249
108 138
194 236
223 235
22 225
77 187
88 164
76 218
140 217
101 167
105 234
152 185
137 154
128 134
47 201
144 209
100 208
81 165
166 257
46 135
110 198
80 81
152 181
153 238
46 132
69 112
32 149
44 170
43 243
222 226
3 200
5 17
39 43
129 253
46 52
9 202
2 133
109 134
36 177
74 253
77 259
51 184
16 18
143 206
173 213
90 255
153 175
219 251
38 237
151 171
91 179
102 252
87 160
10 25
118 125
35 220
73 189
218 237
106 125
55 245
20 212
15 232
18 180
7 174
126 241
229 260
6 182
202 218
157 201
30 122
38 88
8 190
20 226
136 173
128 188
172 262
129 190
117 260
114 239
77 178
8 82
143 193
67 113
35 198
19 55
34 219
61 128
187 189
195 244
168 170
33 147
40 174
128 224
169 178
182 262
36 61
104 177
59 132
41 189
37 229
10 113
8 230
169 237
189 190
195 252
112 243
1 17
146 214
29 240
137 243
25 32
194 216
119 213
65 108
57 158
96 235
65 110
31 88
39 189
202 236
104 174
79 229
130 132
114 198
70 230
10 136
6 166
45 213
68 72
112 237
54 257
121 219
141 174
152 209
165 230
109 240
5 143
31 137
24 60
78 204
69 140
107 167
86 114
72 80
168 223
77 183
29 77
50 77
142 257
14 55
5 59
167 205
15 170
1 121
240 253
117 123
183 194
103 262
77 119
49 131
148 259
85 116
13 162
107 218
136 217
57 213
139 208
69 225
97 153
53 184
88 202
28 128
44 224
69 130
126 165
69 176
20 75
60 108
35 38
5 77
136 252
39 46
67 254
52 179
85 220
25 184
128 239
143 198
64 126
58 162
109 144
96 137
115 187
27 72
152 254
95 103
111 118
90 217
18 145
167 174
50 53
4 67
150 161
32 126
129 246
114 232
3 88
116 211
123 221
224 240
135 178
195 228
191 226
8 195
87 106
37 115
23 108
26 130
76 203
39 160
136 262
6 216
137 173
144 156
20 185
172 231
209 218
155 192
50 209
47 160
138 147
123 262
136 208
6 261
174 220
58 167
147 240
85 256
132 227
139 231
80 256
165 254
72 138
112 130
77 95
71 125
246 258
94 149
111 228
24 238
60 113
143 170
157 233
134 188
39 45
9 187
82 147
125 148
31 165
233 257
24 49
29 179
173 214
150 247
167 223
99 232
77 246
109 158
11 118
5 43
48 140
116 161
158 231
2 234
96 121
86 142
80 99
159 212
143 244
15 117
166 227
134 159
178 259
53 248
115 188
111 165
30 196
29 156
156 252
7 236
54 86
45 238
53 77
69 175
23 110
22 70
57 255
220 245
172 261
40 176
148 230
97 110
99 121
28 103
69 74
64 115
26 70
149 168
16 174
110 125
67 128
8 67
9 168
158 201
38 261
138 205
91 153
205 247
91 255
56 171
30 197
158 232
145 176
143 230
34 139
73 179
246 257
46 69
105 132
2 230
139 194
29 60
101 199
65 160
120 257
72 215
181 247
183 191
64 232
139 181
180 188
117 181
84 190
181 253
22 140
204 250
126 187
35 165
158 209
239 242
98 130
29 91
185 219
54 179
32 117
16 77
33 192
231 247
12 177
117 186
106 249
122 180
66 205
73 221
66 94
150 237
35 55
53 228
53 260
18 237
92 245
22 168
89 180
122 125
7 45
28 258
121 238
18 58
182 243
77 93
19 178
5 197
48 54
70 258
149 166
230 252
104 149
5 86
160 180
18 27
57 183
112 210
63 143
18 128
6 87
70 186
107 117
75 147
57 182
22 183
49 77
160 260
3 124
5 191
19 246
190 228
61 190
47 174
173 211
134 203
19 182
91 154
60 74
166 237
54 212
144 174
116 245
72 93
120 163
128 180
20 116
49 156
169 213
26 80
80 93
7 96
54 178
126 172
17 237
47 249
113 229
85 202
26 244
26 135
178 194
39 61
215 226
170 218
156 169
66 163
126 239
62 137
239 255
129 159
65 188
111 160
25 199
182 241
84 207
79 185
109 192
152 172
36 230
34 64
85 205
57 259
69 70
98 216
156 259
1 34
30 137
23 77
194 251
137 237
87 249
0 256
25 117
39 68
11 113
97 178
59 208
12 192
137 252
59 109
21 128
188 223
19 217
29 148
48 143
21 197
61 214
121 156
67 134
60 87
2 193
42 101
197 233
39 224
143 144
145 184
136 152
78 220
9 59
162 182
68 78
99 115
138 222
93 227
95 102
11 172
44 195
213 229
19 205
158 221
215 259
48 171
227 241
158 165
2 164
33 40
94 148
20 147
118 241
124 202
139 233
107 223
81 99
179 233
66 146
168 260
81 104
165 190
128 196
31 182
133 191
64 185
85 246
128 185
186 234
99 149
201 261
31 68
128 178
23 68
136 165
17 134
15 47
113 217
29 41
156 157
106 236
130 242
159 250
46 176
85 198
147 162
30 147
43 217
10 215
149 206
122 236
7 102
142 180
30 214
192 209
34 218
147 165
36 67
32 183
106 171
9 20
177 223
137 208
71 238
52 210
4 183
157 175
227 231
48 120
62 158
37 204
83 194
99 117
208 232
200 221
91 176
59 80
139 201
40 133
43 238
173 235
206 208
26 227
232 244
31 156
95 211
16 193
39 116
109 219
20 235
77 113
222 259
105 163
149 235
132 207
84 166
48 245
34 153
25 150
112 188
60 249
85 226
52 67
20 164
195 259
30 78
150 235
55 248
64 235
35 177
228 258
107 234
150 193
61 161
39 169
11 205
129 150
89 206
171 247
11 76
4 223
159 221
57 140
100 186
99 116
24 249
91 219
66 178
79 159
83 146
57 262
57 212
106 146
178 196
98 144
41 160
60 189
19 197
92 227
161 171
75 154
48 190
83 122
89 108
123 242
17 216
162 242
13 169
42 223
129 154
191 195
135 236
14 19
65 127
75 138
60 157
24 104
108 249
0 54
158 220
23 85
9 87
124 204
95 116
210 238
28 32
67 136
110 118
29 39
85 223
31 124
6 48
3 214
183 228
69 209
35 215
62 164
2 15
80 219
17 71
38 210
193 198
57 122
82 115
119 171
60 208
16 136
85 170
80 159
32 91
59 259
218 223
114 204
174 190
143 245
49 237
7 15
154 228
226 236
77 188
46 256
35 194
69 156
176 179
23 163
83 98
89 262
80 177
64 132
14 209
124 236
2 195
1 14
114 217
107 120
29 246
1 7
54 227
134 230
98 258
24 225
112 232
33 99
39 127
0 207
172 182
68 133
81 242
133 158
71 228
21 174
109 123
105 222
5 210
102 108
16 89
14 181
13 121
1 40
90 101
209 234
35 132
85 147
128 245
94 124
191 225
161 165
107 139
110 228
159 229
71 249
74 153
141 238
45 198
23 124
20 37
180 203
212 214
114 125
124 246
1 146
33 205
84 148
76 207
27 215
56 196
0 135
87 118
137 158
3 201
9 39
3 251
34 62
93 103
58 188
182 215
16 85
178 212
11 162
104 142
2 61
87 197
3 63
200 252
127 144
166 176
171 216
134 256
216 240
73 243
145 182
104 245
18 126
104 184
21 65
126 151
85 216
144 246
11 245
16 224
102 189
19 71
247 250
32 75
120 129
239 244
118 171
178 192
70 169
123 184
36 198
92 127
127 137
9 131
101 143
186 245
5 257
59 96
243 260
109 167
26 31
59 147
110 252
190 227
29 165
8 250
55 73
53 148
65 76
48 195
154 208
91 123
114 234
128 181
112 149
17 140
2 22
18 163
112 244
171 174
8 122
103 204
221 228
90 180
158 254
75 208
4 116
65 165
177 198
159 161
56 194
61 109
105 142
44 244
9 32
160 223
4 199
131 133
66 210
148 231
91 209
45 193
10 120
5 6
61 216
108 196
40 187
3 159
119 180
26 126
128 240
66 189
35 103
161 169
19 83
133 141
29 150
156 194
85 88
25 78
176 217
93 255
133 252
188 254
94 191
157 171
213 233
19 221
6 8
211 234
29 116
144 212
50 212
10 252
135 240
34 187
226 245
40 139
5 159
60 78
4 164
71 79
194 257
160 217
139 236
45 129
85 192
215 225
10 63
138 224
137 144
75 96
51 148
140 233
70 203
215 257
140 176
95 110
2 28
82 161
140 255
10 65
133 205
23 82
92 181
139 155
119 140
75 124
53 177
14 113
17 197
23 64
165 204
39 117
115 131
176 259
215 235
63 86
101 227
85 109
113 184
103 106
1 221
82 110
20 154
7 54
22 47
107 200
27 188
35 142
14 154
34 202
6 53
142 183
58 64
125 234
83 202
42 207
74 224
38 245
10 246
8 229
164 260
58 247
131 223
140 170
49 105
103 168
91 105
14 134
12 155
4 118
71 167
73 79
53 147
166 243
65 88
10 76
48 259
17 229
127 203
0 210
50 159
120 145
81 220
103 105
139 182
193 260
10 86
64 101
18 42
38 191
57 100
96 244
158 240
17 196
170 182
106 244
153 240
175 194
50 175
145 177
81 89
104 222
2 67
173 188
32 140
143 249
163 232
3 199
11 106
3 167
36 241
108 143
3 156
75 166
79 257
25 50
138 161
82 196
123 131
193 194
210 257
41 184
14 105
19 73
117 229
111 253
9 95
168 237
118 188
18 101
75 103
41 77
12 231
51 136
50 200
100 211
8 246
120 184
62 133
15 62
30 67
112 240
205 212
177 248
14 129
171 222
131 204
139 250
23 248
123 187
171 260
58 84
125 183
162 188
203 231
184 252
151 235
85 259
36 75
108 122
20 180
89 112
142 222
134 234
46 200
67 194
7 201
64 165
39 177
242 253
140 142
35 238
104 219
212 221
141 256
51 98
90 216
64 254
109 247
70 201
18 150
8 215
166 249
124 253
126 153
130 243
103 157
58 101
14 32
225 228
179 215
13 44
150 178
146 217
50 171
163 241
177 218
18 242
89 145
13 100
34 235
28 124
129 227
60 137
107 170
52 235
87 212
75 191
0 233
199 256
82 104
94 261
142 153
26 146
1 89
210 241
11 220
14 72
90 111
115 261
76 231
19 175
43 198
14 52
1 137
50 78
221 224
108 177
120 239
47 175
65 94
42 142
16 134
17 209
87 205
34 200
153 192
193 236
145 259
86 101
160 185
73 201
35 43
65 68
96 98
32 96
148 168
58 90
129 217
184 187
136 206
178 207
69 180
96 224
17 205
86 231
45 141
136 251
56 218
45 250
69 212
177 179
44 45
55 107
140 223
115 235
55 192
204 257
110 137
90 176
145 174
68 150
78 205
200 258
70 171
161 229
17 49
131 258
120 242
38 66
174 217
45 71
51 115
137 181
156 164
94 207
117 248
3 99
15 223
99 159
187 215
63 146
231 236
82 140
152 190
61 159
75 215
30 261
240 242
109 214
102 118
28 114
189 222
30 68
121 191
42 220
1 162
12 13
65 79
31 77
168 196
86 178
146 166
44 151
24 256
114 207
10 82
63 104
168 238
50 114
71 257
212 251
69 164
133 176
26 187
47 80
27 239
94 113
98 185
145 152
29 73
3 184
4 124
52 178
18 175
67 159
22 42
14 38
32 175
59 79
100 160
13 91
7 168
3 115
43 75
14 223
33 104
160 212
106 210
29 93
29 74
0 248
6 27
12 154
85 111
19 227
9 35
14 31
124 152
140 145
19 165
11 112
13 165
121 221
85 176
82 109
47 112
122 189
2 102
141 229
33 46
73 196
45 90
21 138
2 178
13 122
142 210
50 123
75 118
66 119
37 256
12 111
122 251
17 154
11 225
54 260
66 150
36 172
17 67
154 173
25 137
191 228
93 173
60 237
54 153
7 78
158 219
13 142
41 196
89 102
6 50
121 227
67 232
29 232
12 46
213 216
89 157
20 110
0 111
134 200
229 250
152 256
4 194
111 186
163 256
19 159
8 26
51 135
74 156
112 138
198 219
167 204
115 123
212 232
45 204
220 233
68 151
26 147
137 225
136 151
214 242
138 177
19 27
67 255
12 140
42 192
35 166
261 262
4 102
21 207
42 248
119 120
107 125
157 190
152 160
127 218
51 97
24 210
170 171
51 166
80 135
42 170
40 106
105 148
241 254
124 200
187 238
112 247
13 131
206 233
56 229
163 250
176 232
22 88
24 98
41 169
56 122
176 257
106 223
170 223
8 181
166 218
132 140
189 250
137 230
170 200
165 261
80 84
164 243
148 213
190 211
135 202
176 242
81 225
3 116
154 197
166 207
111 223
67 250
60 181
43 91
1 158
80 169
110 213
35 92
224 244
29 109
63 231
99 259
182 258
123 179
11 163
103 256
128 195
116 186
58 193
38 170
19 206
141 149
7 144
11 107
29 78
43 142
128 205
189 218
7 134
23 79
45 61
33 49
216 219
194 243
163 188
38 192
170 203
15 21
95 206
200 231
78 190
22 210
88 227
109 243
96 166
65 237
211 262
66 220
0 161
67 178
214 217
126 166
38 195
69 76
46 113
82 249
191 243
41 211
0 235
10 142
92 146
36 65
68 125
19 229
124 251
63 233
55 64
206 248
27 38
2 151
73 256
139 198
57 220
76 113
18 240
91 201
149 158
139 179
50 193
11 253
82 122
65 67
12 196
67 89
21 119
11 21
56 205
32 138
66 93
130 222
0 209
214 250
47 202
4 65
63 123
146 193
116 169
163 246
43 253
144 195
17 112
48 149
105 169
211 239
153 212
121 230
15 159
233 237
82 221
99 100
4 109
157 209
158 246
202 223
70 218
171 189
148 179
177 194
120 224
81 258
190 256
5 178
41 159
113 144
69 73
60 221
29 122
170 258
97 185
66 250
61 87
107 121
25 132
17 248
7 207
98 159
19 135
58 152
62 157
198 249
26 113
157 177
65 235
42 91
210 230
132 239
108 218
177 231
8 231
12 241
135 241
80 103
107 260
65 149
3 62
78 171
59 200
21 43
75 135
181 195
227 245
23 134
161 214
95 184
38 252
167 246
174 230
138 221
148 188
106 142
209 213
147 154
0 123
44 93
37 68
23 201
178 253
52 97
161 232
213 214
169 222
39 121
66 126
61 117
167 173
114 186
8 105
148 261
43 165
45 56
157 202
24 209
29 45
187 206
98 163
31 117
55 197
27 163
6 11
136 141
15 17
190 239
203 216
33 159
143 260
169 248
122 248
12 66
128 162
105 180
108 120
81 189
104 216
26 63
158 243
120 216
120 206
117 257
151 223
43 68
108 192
79 165
133 160
119 173
63 215
78 167
17 174
210 213
121 125
89 188
178 213
146 226
150 170
63 174
85 123
3 120
112 235
220 237
85 173
21 234
100 174
14 90
163 171
139 246
176 189
20 193
65 93
13 118
129 230
148 258
79 106
63 186
16 228
148 172
124 151
111 150
48 86
173 246
49 257
13 28
163 218
56 84
68 183
150 228
55 130
99 130
62 209
33 61
204 228
105 258
17 251
47 102
38 129
78 173
129 259
65 221
11 210
75 254
104 134
86 172
104 231
35 179
147 238
18 95
63 182
140 251
18 188
161 202
43 129
4 9
166 234
138 244
139 177
101 217
76 169
9 121
126 245
108 247
104 135
110 230
12 94
106 165
125 247
253 258
19 60
124 208
117 194
30 168
41 146
73 98
27 251
125 186
125 214
16 203
80 146
111 170
19 160
63 132
53 162
123 141
15 251
43 154
147 248
83 170
14 256
121 218
43 67
181 204
3 70
168 187
168 212
165 233
155 182
81 174
9 16
86 165
87 196
2 94
34 102
47 238
82 130
73 138
67 88
81 203
141 262
140 193
89 225
113 157
184 248
55 237
183 235
60 254
146 260
88 105
20 239
53 199
153 218
2 91
50 228
70 112
28 41
169 257
34 114
29 86
27 162
49 53
7 209
133 142
38 52
47 82
40 158
99 192
104 176
109 223
72 246
35 234
29 190
110 241
97 114
16 256
149 212
149 167
145 183
86 126
40 165
71 244
38 119
204 226
193 228
34 95
80 157
29 35
177 208
93 256
29 54
120 153
71 207
0 163
129 145
149 200
70 222
27 154
11 102
128 194
161 258
20 113
138 247
57 105
35 206
37 127
27 66
140 175
60 93
6 71
92 250
191 250
115 227
6 236
13 70
19 138
19 210
35 59
116 197
96 110
22 134
154 184
153 165
63 158
45 249
218 239
34 216
17 247
68 70
75 245
159 210
215 251
56 159
155 204
41 223
60 220
59 105
76 138
86 120
205 251
73 107
11 223
100 114
74 129
79 115
8 172
33 120
120 161
34 228
40 246
98 118
163 186
138 219
138 170
11 238
122 227
59 91
1 202
3 78
54 202
81 172
215 221
170 231
127 195
80 144
53 245
150 223
51 216
6 75
41 220
146 221
71 211
160 256
103 196
237 238
79 228
138 207
52 220
66 101
132 248
137 200
15 234
96 172
24 55
5 186
98 156
46 230
75 113
57 67
12 239
94 133
132 228
158 195
128 216
63 92
137 148
32 37
75 81
57 78
224 249
1 157
126 258
68 120
97 183
54 104
156 238
41 72
127 211
31 196
1 23
0 127
40 260
35 46
53 215
159 218
102 191
95 115
132 191
2 225
139 160
13 260
155 183
17 46
79 261
34 243
8 88
232 243
49 136
65 240
59 231
219 247
102 243
31 44
71 89
210 246
145 193
60 83
64 201
159 175
104 229
42 68
62 91
105 113
18 60
89 125
20 198
43 145
197 235
184 199
11 188
17 210
47 171
66 209
146 187
101 234
29 118
15 132
115 153
101 238
16 144
93 115
21 133
227 261
100 164
11 249
149 228
8 154
124 147
120 195
87 141
108 214
45 231
37 101
10 85
41 68
169 253
181 252
76 154
114 202
37 146
214 251
34 196
82 128
83 221
72 155
84 130
80 138
95 168
1 251
79 123
78 116
101 210
56 253
56 138
15 91
154 199
58 243
57 175
210 262
204 211
137 227
161 199
41 134
25 196
25 131
86 193
170 217
204 224
2 142
99 122
192 258
72 245
192 244
25 262
87 158
75 162
160 246
126 135
94 243
50 227
123 248
199 217
27 225
48 70
17 18
187 235
52 139
97 181
104 109
78 83
135 177
124 249
32 236
52 127
2 210
11 250
177 187
15 90
117 243
51 201
14 244
73 168
29 247
14 20
222 243
183 203
7 106
70 179
44 111
57 186
98 260
116 118
70 257
20 216
162 250
164 214
115 127
164 197
167 184
152 259
241 253
93 240
15 182
77 241
205 215
152 175
81 201
26 42
55 165
35 108
41 205
36 180
191 209
7 145
175 246
35 178
73 180
79 140
53 86
94 177
24 70
63 169
148 235
20 219
86 111
28 142
216 250
79 199
172 224
187 242
75 126
9 48
144 239
21 212
53 149
18 102
138 218
144 226
109 195
0 2
95 249
151 243
59 94
161 216
6 7
26 256
119 158
144 145
143 160
27 189
110 243
90 155
87 259
139 180
5 47
79 110
34 74
23 235
33 180
33 115
174 247
81 246
95 182
2 189
72 261
36 231
58 148
35 56
9 43
4 168
122 150
15 229
56 170
162 254
158 258
10 188
138 203
24 95
92 184
44 258
77 86
101 174
30 58
0 124
158 183
99 103
158 261
23 252
249 255
125 167
127 167
108 238
156 197
48 102
221 251
32 147
127 213
12 90
182 261
6 238
158 236
78 183
43 57
15 245
118 141
149 188
95 121
170 259
128 237
49 150
152 229
16 140
27 250
53 71
76 257
35 262
220 235
10 221
173 185
101 102
40 99
158 169
67 247
20 186
66 70
37 55
137 157
145 150
17 94
74 95
58 120
88 95
110 152
90 226
13 75
207 225
106 164
48 220
68 245
251 260
132 231
83 220
33 162
23 199
8 258
87 176
21 167
125 127
161 231
142 229
28 72
164 165
7 101
133 260
4 72
12 187
155 248
126 205
27 87
36 77
192 216
80 187
135 139
30 187
34 168
124 135
68 99
47 94
204 206
133 227
46 212
6 206
85 164
48 221
12 167
185 236
197 251
47 139
94 256
142 216
51 62
69 179
4 93
55 70
22 51
203 233
84 228
140 150
59 133
143 164
51 59
76 242
105 244
121 151
18 117
70 115
56 160
129 137
164 203
46 129
187 252
30 73
25 33
125 239
31 183
143 238
59 236
144 247
13 104
69 102
144 260
188 231
131 183
52 94
23 80
41 71
23 187
175 213
131 138
113 173
75 93
1 241
219 226
32 52
28 67
71 72
180 193
143 209
98 104
143 168
0 181
168 241
60 235
191 210
5 256
136 144
148 177
6 49
51 95
115 218
198 221
14 183
77 132
39 141
139 203
163 243
21 172
3 68
68 224
9 128
0 86
124 136
27 32
62 238
29 120
30 236
44 75
169 228
4 178
54 75
134 154
65 201
41 221
144 168
71 245
145 256
98 222
70 88
223 229
40 169
52 259
91 214
81 208
184 192
71 212
129 143
67 234
8 78
31 49
7 114
67 168
52 152
44 54
13 35
57 156
188 204
233 241
109 121
0 35
59 170
64 175
45 114
93 199
34 258
224 251
100 252
27 28
0 52
91 169
62 156
10 179
8 51
12 54
73 258
54 238
84 140
37 218
34 75
119 152
186 211
29 107
68 205
210 239
31 184
97 149
27 98
122 145
8 233
62 220
48 200
92 221
116 250
104 203
62 146
137 195
32 192
17 257
55 132
128 198
144 221
46 68
102 201
104 195
33 241
144 164
257 259
164 195
88 98
183 220
25 192
134 156
229 259
12 262
167 187
67 223
55 99
175 258
136 170
115 170
169 254
63 211
95 221
109 180
14 76
164 238
58 175
37 182
27 82
199 249
18 205
157 164
59 172
2 141
24 162
89 151
0 250
58 88
61 100
141 183
95 97
30 102
11 43
78 180
92 205
160 248
0 23
6 123
158 225
3 146
120 202
43 172
156 196
6 31
90 184
33 196
49 117
74 262
54 259
64 102
4 212
95 219
38 194
170 238
37 167
67 76
92 173
48 204
94 103
66 118
106 203
36 56
50 101
23 182
203 209
64 76
138 213
179 259
20 156
77 175
20 91
87 168
132 134
44 132
47 99
47 57
88 229
148 250
3 90
226 251
12 178
108 232
79 136
91 149
97 225
67 256
18 115
9 259
120 240
183 252
2 8
118 131
9 54
203 261
53 167
1 168
62 251
32 61
40 208
10 159
88 238
47 113
166 187
155 205
0 150
99 186
27 201
142 236
208 229
49 262
30 240
51 137
81 252
47 122
117 202
13 249
45 191
129 138
66 130
94 225
120 220
193 225
12 59
4 217
29 53
50 198
26 176
30 86
116 243
249 257
109 127
71 109
259 260
131 244
188 233
86 139
18 207
22 62
39 88
34 164
85 206
76 251
39 81
52 216
176 184
27 71
223 250
142 176
145 252
39 214
124 140
167 258
40 84
121 170
130 224
207 262
60 140
2 188
124 175
33 123
75 183
80 162
59 62
185 218
167 259
19 141
202 227
146 185
197 239
12 166
184 203
83 179
186 188
223 225
78 176
8 232
162 245
35 171
27 258
66 231
248 252
14 175
105 261
113 231
172 180
81 176
86 148
132 196
108 195
170 247
107 206
151 232
5 249
134 161
7 131
251 261
22 165
21 103
247 254
30 124
13 233
56 156
140 235
176 204
33 253
64 242
163 183
116 124
39 151
32 203
204 260
94 104
160 219
163 203
57 197
105 182
60 229
71 204
133 251
147 214
35 191
167 175
91 184
60 90
55 126
3 54
107 262
66 221
22 181
111 171
7 245
119 154
26 62
145 163
236 257
113 123
73 113
26 34
160 222
224 226
71 223
92 182
76 221
37 239
64 127
26 238
17 109
191 237
98 252
68 106
75 149
195 215
11 59
28 79
79 183
43 207
13 253
12 52
20 136
76 157
68 71
149 216
14 65
25 179
138 180
112 212
81 240
15 84
120 147
32 217
202 235
54 135
186 249
17 245
79 102
43 127
44 257
49 227
46 247
197 226
122 216
1 151
215 231
84 85
49 217
43 169
56 249
24 77
159 253
32 41
119 216
3 7
120 144
83 158
40 63
124 201
63 154
95 117
52 219
21 105
80 155
48 141
16 27
179 249
106 162
207 227
129 238
61 99
15 27
26 166
177 210
46 249
161 246
142 166
41 142
65 212
1 185
169 227
196 225
2 139
33 97
49 143
218 244
63 141
137 231
198 260
64 168
247 260
64 194
196 244
10 232
23 71
180 254
186 228
21 223
21 152
17 166
96 120
157 229
142 204
99 207
20 83
125 146
181 205
164 175
105 160
134 175
106 256
33 62
50 241
127 226
163 187
33 173
206 262
3 178
105 109
51 205
22 92
13 185
111 192
30 62
75 244
128 254
74 85
15 116
134 148
41 206
67 237
76 114
103 182
18 78
40 65
170 187
157 200
147 237
16 123
30 87
122 235
145 189
9 84
90 250
1 122
154 238
200 255
205 208
3 144
55 109
68 104
57 210
111 154
21 237
17 194
119 155
171 199
82 255
191 208
106 233
106 129
79 194
47 210
87 143
169 187
204 242
35 254
62 202
19 127
24 112
23 98
121 185
133 135
3 85
1 217
208 230
92 174
131 162
120 208
135 146
5 215
22 232
44 152
28 102
85 250
120 228
43 214
50 184
217 231
0 254
1 154
158 204
238 244
118 214
96 214
93 125
193 249
9 251
68 213
13 21
13 173
108 251
185 194
19 216
29 32
217 262
75 155
59 244
135 248
117 127
122 246
113 160
169 188
44 73
41 192
52 112
159 188
63 171
7 70
29 254
56 214
96 249
12 16
78 256
89 176
4 40
62 113
125 235
53 135
12 95
200 234
74 250
72 77
137 228
27 53
37 233
154 178
191 254
56 172
178 231
78 244
163 173
81 235
151 184
114 154
48 211
103 242
128 143
68 129
5 150
243 259
33 42
80 189
9 34
31 108
80 182
92 199
117 125
220 239
119 142
128 182
132 176
76 105
35 200
50 61
73 232
195 212
170 236
45 85
70 180
103 141
16 161
29 176
8 114
42 51
37 118
61 212
213 232
109 237
109 160
107 159
94 193
10 238
34 192
101 249
93 152
147 199
83 252
15 70
24 129
10 74
45 227
28 87
32 180
156 233
0 136
150 252
11 55
35 128
122 193
82 237
4 106
75 249
8 160
116 128
42 131
167 209
150 219
77 231
167 194
225 240
94 110
18 248
54 99
87 125
142 206
72 121
38 196
50 237
182 186
115 129
43 132
192 253
92 242
66 215
28 132
2 159
43 137
1 52
82 136
31 106
69 138
59 262
132 181
42 169
171 254
164 170
35 136
93 247
227 237
59 143
84 150
97 136
156 230
8 99
220 258
15 122
95 153
116 117
35 62
16 38
189 253
101 202
46 220
1 12
73 120
215 250
149 239
109 161
146 204
46 198
10 143
38 173
78 214
67 160
117 159
22 147
33 64
129 213
39 94
226 249
4 10
219 250
9 247
2 104
57 88
112 143
43 182
192 262
24 239
116 246
12 162
32 116
134 183
113 128
79 82
108 206
53 168
93 221
51 215
34 55
40 242
118 132
130 185
78 138
40 140
173 190
14 243
6 160
5 198
148 158
87 214
76 117
68 134
17 200
146 151
27 212
35 202
207 243
113 152
16 59
30 258
126 171
112 190
92 108
152 222
151 173
135 230
55 257
147 252
95 194
144 254
46 194
12 203
14 262
50 202
133 246
183 186
151 194
75 87
88 183
159 214
104 163
99 163
4 201
117 149
69 97
162 226
178 237
71 179
122 198
140 196
35 39
74 225
173 237
172 233
65 172
224 257
194 207
72 84
142 184
176 222
217 227
26 46
43 144
13 195
22 220
64 103
76 107
203 217
148 254
95 158
52 125
82 84
3 19
10 73
91 96
20 141
243 258
169 205
59 141
188 226
222 236
139 168
104 125
4 18
75 133
95 223
144 188
58 202
34 189
20 144
64 193
2 260
6 145
169 194
53 171
138 192
78 216
180 258
108 199
56 251
90 92
181 222
191 207
51 96
88 89
91 155
25 99
131 198
135 192
174 256
101 215
29 228
5 55
126 219
14 146
211 240
60 98
192 255
133 178
49 236
103 259
85 115
33 134
86 132
134 172
80 127
18 85
224 253
99 111
1 36
50 109
122 134
196 236
6 219
72 140
24 37
20 262
75 202
153 226
133 157
76 202
68 108
9 191
209 246
121 155
77 167
84 103
221 229
25 155
46 92
193 250
1 212
60 61
128 150
34 135
19 250
53 220
40 155
187 227
202 249
37 219
156 226
141 153
132 261
98 180
49 134
95 112
33 258
91 130
183 204
86 119
65 97
38 209
5 73
20 137
39 156
162 200
82 170
210 224
11 248
10 59
87 142
142 178
69 135
48 93
148 255
32 225
101 125
41 70
74 169
85 100
136 185
142 188
78 163
150 181
19 123
144 232
38 217
14 37
28 59
6 98
45 208
7 150
82 105
69 109
210 219
97 120
95 180
151 162
45 154
13 127
83 186
22 113
172 234
111 218
51 103
134 211
100 249
59 157
51 248
159 162
36 116
54 174
10 42
60 126
32 100
46 90
146 243
92 214
5 34
78 97
36 202
134 208
193 235
139 223
102 231
82 178
120 209
36 158
186 221
25 121
12 244
35 221
80 178
176 190
158 227
13 119
0 75
87 255
70 170
77 160
37 258
89 128
141 212
198 209
99 131
40 66
124 158
100 192
205 220
22 245
50 170
103 217
215 260
69 98
63 148
118 208
138 141
88 136
170 224
69 235
224 241
24 35
37 185
121 162
75 107
111 242
64 114
20 66
89 219
162 191
149 152
4 251
70 252
5 242
6 143
188 252
7 35
210 227
244 247
126 159
116 151
20 78
116 125
54 217
8 14
47 256
60 242
56 126
5 14
130 235
77 181
19 140
92 196
196 197
31 62
114 249
127 220
200 245
27 252
83 84
143 261
122 259
69 211
62 242
234 242
76 128
132 174
71 262
63 162
42 189
113 121
40 46
225 234
158 182
39 47
157 245
69 131
127 172
116 130
53 206
117 251
219 240
49 174
73 211
107 205
47 78
128 146
15 193
39 58
40 240
45 144
31 135
190 193
225 231
169 230
126 250
118 207
56 71
61 113
31 54
117 214
154 260
22 105
36 121
102 242
17 217
23 202
41 170
50 94
244 250
214 237
35 149
190 222
75 139
190 191
119 135
208 214
125 157
56 255
59 135
13 196
133 208
59 108
135 141
34 217
36 157
149 203
26 174
15 210
95 255
25 235
123 136
27 180
86 97
79 260
165 221
90 229
125 227
196 234
194 235
83 94
12 74
49 242
32 207
75 134
133 203
22 155
31 87
246 251
90 151
46 257
13 242
49 98
22 207
82 225
42 93
138 155
7 77
8 209
25 57
35 261
34 204
76 167
199 209
113 149
78 208
116 215
8 197
209 262
173 254
218 249
23 213
136 214
19 77
228 244
99 112
0 221
11 101
138 175
130 205
130 238
82 213
238 243
25 225
4 257
196 249
102 262
192 218
32 173
152 197
98 179
3 153
187 251
50 213
40 93
106 131
54 123
29 134
26 57
0 82
200 218
71 178
209 216
10 18
23 103
94 220
11 97
50 76
38 94
104 183
96 123
72 231
214 215
64 184
22 198
6 101
192 246
107 202
31 64
106 134
87 252
49 159
110 240
108 139
249 258
36 163
103 251
57 170
107 253
113 205
39 107
35 65
142 249
223 252
43 226
80 110
24 248
189 195
93 111
235 249
128 132
57 208
29 153
176 246
170 175
66 225
15 202
114 190
155 256
69 96
18 29
156 170
19 145
117 132
49 231
70 105
103 231
48 194
166 198
120 128
159 166
45 105
52 194
71 137
105 187
148 249
47 207
72 185
134 228
88 173
39 158
7 111
225 254
71 84
42 129
94 168
76 160
55 150
52 233
143 153
127 204
238 262
20 197
49 70
230 233
75 167
187 209
111 212
178 187
147 241
33 85
63 257
121 241
25 27
101 251
68 118
160 182
165 183
123 206
16 30
93 186
127 210
25 213
227 250
36 171
116 205
2 68
169 252
42 44
59 139
59 178
70 147
99 138
161 227
193 226
200 206
13 82
115 231
9 241
9 154
23 177
88 257
125 173
28 135
76 182
45 94
74 117
32 136
143 172
179 201
0 76
64 70
163 236
192 213
139 228
121 186
31 242
67 187
57 138
27 37
119 151
117 135
6 102
38 111
88 107
66 218
103 124
133 146
53 150
149 164
118 146
65 166
223 230
16 262
95 186
45 237
6 242
3 114
3 188
123 253
47 164
190 197
2 108
5 204
160 255
70 146
16 41
25 226
110 158
110 199
114 197
11 18
55 128
134 144
93 253
73 116
81 247
59 81
41 208
149 217
32 185
205 249
57 149
142 167
0 4
95 140
79 109
1 21
55 180
91 95
118 161
24 120
178 179
151 224
31 36
60 139
12 199
216 233
96 200
25 28
147 175
130 183
53 119
123 188
44 47
10 129
71 180
48 51
85 254
169 261
118 144
133 139
25 61
195 207
19 151
90 197
63 243
134 169
4 243
113 208
58 106
140 165
127 161
153 236
26 260
171 242
80 97
27 47
23 32
108 163
54 207
27 59
39 179
72 199
87 202
174 241
111 244
70 126
150 187
11 192
46 168
97 208
49 92
35 114
45 104
117 170
71 138
34 170
92 183
71 247
165 208
131 185
86 255
50 157
123 220
49 210
75 176
33 153
190 248
153 207
30 101
81 204
172 251
173 223
22 256
109 177
7 170
13 221
157 237
129 220
106 147
143 213
216 258
67 115
37 222
146 170
74 108
125 259
49 110
25 123
28 69
132 138
64 261
10 149
88 224
144 171
24 218
98 200
61 120
193 202
158 248
52 228
33 194
105 177
151 260
80 229
156 191
207 234
5 63
6 140
87 111
133 249
120 154
22 139
122 195
172 179
252 258
122 238
41 121
0 16
138 251
33 185
188 189
50 137
88 149
1 73
51 185
98 109
49 146
39 123
74 244
31 174
160 231
183 188
202 214
92 238
118 248
23 96
250 255
10 165
148 210
121 262
13 143
46 243
97 145
40 132
84 155
92 212
165 240
209 227
9 102
180 197
156 215
113 234
32 43
89 231
9 209
37 192
27 185
19 223
61 227
21 82
117 179
188 191
64 72
25 172
116 242
208 250
96 179
17 249
21 129
125 211
21 70
12 63
202 209
66 246
97 249
127 183
28 91
41 213
121 177
145 228
56 161
61 97
24 64
158 179
213 235
6 146
29 219
183 197
40 123
233 256
108 162
0 179
52 113
115 248
64 180
174 250
185 240
53 259
180 247
198 257
212 257
26 189
17 189
62 254
194 224
69 189
2 248
69 157
32 230
31 82
117 242
87 132
44 55
221 244
47 245
76 83
159 194
130 175
54 254
26 93
13 198
79 87
38 193
91 93
40 202
58 183
35 71
145 219
56 97
158 260
210 258
95 209
211 230
123 164
48 252
39 153
127 206
141 190
62 100
205 218
112 206
159 197
22 53
22 43
97 106
188 245
38 50
54 103
159 195
12 93
48 95
97 198
0 74
213 228
105 203
108 176
14 145
99 157
14 166
32 103
84 262
77 94
81 227
60 258
189 248
72 203
23 84
159 247
61 205
129 194
105 122
48 154
76 219
11 128
25 187
22 159
26 71
11 260
131 148
188 247
92 235
141 253
19 58
179 238
258 262
25 120
45 86
56 158
42 252
106 197
135 147
143 146
89 190
162 234
113 142
0 11
25 31
42 206
70 118
107 130
57 95
8 119
37 250
3 137
73 83
43 183
244 260
52 201
8 87
127 217
34 173
144 170
65 245
62 181
74 94
24 160
62 204
56 141
49 200
165 256
51 149
161 195
28 261
55 236
15 215
32 115
176 227
67 143
139 215
89 261
24 144
74 239
148 152
245 255
36 256
80 214
27 63
65 205
115 139
83 256
153 243
45 217
76 237
95 259
139 204
3 105
166 233
106 182
175 179
59 126
201 219
206 250
57 241
134 135
18 208
28 77
63 94
83 189
167 207
40 69
193 224
50 196
52 155
21 30
31 168
37 122
29 64
59 77
187 224
185 204
119 156
76 122
54 137
43 71
203 207
94 203
2 88
34 87
96 136
92 222
249 254
106 170
111 162
31 74
26 75
37 188
25 202
22 255
114 203
49 140
81 92
117 206
225 236
37 243
89 208
21 189
144 203
126 194
123 193
56 92
162 228
26 155
162 180
53 93
78 169
95 148
32 190
22 73
145 167
167 238
113 214
61 179
181 209
119 159
32 99
128 242
127 256
101 141
31 140
63 150
25 171
58 131
17 107
4 226
120 229
207 223
64 133
6 209
94 232
36 108
75 161
183 259
79 213
83 117
13 132
16 52
70 77
100 165
122 182
128 154
49 124
55 146
23 141
12 219
118 189
77 88
49 182
22 167
141 142
72 228
64 124
3 179
41 247
32 98
193 210
83 107
144 198
24 197
9 178
88 126
109 251
123 140
12 195
215 256
82 150
91 232
103 150
72 209
125 231
24 204
14 30
65 223
30 112
70 248
29 112
102 158
66 151
83 127
41 258
77 117
94 221
57 215
24 190
99 228
189 208
112 229
174 248
151 166
7 95
117 226
20 192
222 246
67 186
38 239
65 144
169 251
2 80
173 180
103 116
38 113
123 211
127 178
47 110
173 243
193 257
209 212
109 224
20 254
63 262
84 219
18 225
10 236
96 100
49 78
21 180
120 178
76 214
230 234
29 55
90 166
55 136
124 224
70 172
131 179
3 89
45 93
1 57
42 256
5 259
99 258
87 130
3 77
185 248
219 262
0 162
79 163
153 213
68 88
111 114
18 92
61 127
127 254
15 66
160 262
8 228
117 182
75 205
27 67
19 198
120 179
25 152
171 257
1 244
85 180
79 119
137 196
79 254
73 198
1 6
134 164
113 125
94 99
114 128
106 262
32 214
53 113
35 130
9 10
93 133
7 92
165 212
30 229
26 124
28 190
78 109
89 119
75 256
243 252
99 201
202 250
28 253
129 249
195 229
115 247
59 123
112 220
93 252
40 94
195 258
14 91
15 136
179 237
38 162
84 186
84 105
18 73
15 96
198 230
46 112
43 227
77 162
7 140
177 182
137 247
120 171
182 196
102 211
2 180
77 186
123 183
120 226
0 3
132 156
247 258
33 108
136 157
10 132
102 195
51 195
101 244
180 257
62 182
19 168
67 71
15 247
213 261
36 105
1 153
58 223
50 117
118 193
44 192
155 250
102 170
178 244
67 222
4 141
26 140
37 214
202 257
24 247
25 148
38 99
159 252
115 164
87 247
100 102
20 74
63 230
164 240
88 201
74 199
66 128
156 171
20 155
55 135
15 212
165 243
157 240
194 228
33 75
122 199
136 177
109 188
170 228
102 230
103 121
79 243
1 159
33 177
85 159
55 120
47 232
129 197
157 221
37 196
117 205
39 92
154 247
146 162
60 252
108 228
110 192
153 249
113 236
91 146
184 185
123 135
132 249
196 224
149 259
223 236
70 251
32 172
11 28
46 231
85 161
70 236
222 251
182 197
27 52
40 75
1 60
11 37
111 147
32 262
48 81
180 245
54 252
41 83
92 102
74 209
64 99
69 101
26 237
64 80
98 204
203 227
111 230
109 252
187 199
109 253
2 156
154 234
43 62
51 163
3 96
19 115
133 150
19 54
89 215
167 199
12 218
160 261
30 234
168 172
78 199
33 204
52 191
59 195
59 137
184 208
74 103
73 173
63 118
102 120
6 99
219 257
9 218
68 80
137 217
1 90
67 205
30 97
115 209
70 206
20 124
178 222
97 240
118 257
105 260
193 227
71 117
175 247
29 31
166 184
8 74
93 143
80 223
72 168
97 200
130 259
40 76
65 185
49 111
21 150
52 170
42 52
12 41
53 257
100 158
11 228
175 244
179 196
83 244
107 241
71 217
58 235
26 100
43 50
70 149
50 63
11 114
39 251
143 210
17 173
96 102
18 181
165 211
38 67
171 235
174 204
17 256
179 214
199 232
176 238
220 223
173 249
106 148
121 226
1 87
91 128
81 216
5 245
166 186
103 131
15 176
1 252
142 235
1 88
22 219
126 185
79 169
152 166
81 133
25 127
141 198
9 24
34 93
243 257
102 216
176 225
131 166
12 205
54 85
61 80
10 186
21 112
95 235
75 181
70 74
118 254
122 245
12 117
42 228
35 225
93 193
87 260
24 243
9 175
28 126
181 258
63 219
185 217
0 1
200 208
46 131
157 194
106 246
70 92
174 259
64 228
21 140
36 191
13 110
104 237
35 147
195 256
214 256
48 197
43 143
37 54
2 163
194 196
28 93
16 252
76 144
80 186
39 216
208 261
79 107
249 260
25 177
103 107
121 131
62 222
0 97
191 261
6 141
55 208
180 219
118 234
0 14
35 173
29 96
27 145
95 96
7 48
70 240
9 101
32 245
55 91
31 252
137 236
91 99
46 199
11 177
0 63
236 248
13 261
49 246
137 175
21 56
82 162
59 176
97 251
93 201
205 234
4 95
28 31
27 193
81 195
54 159
155 227
71 260
60 187
49 243
145 233
105 174
146 156
49 255
62 261
87 128
20 88
54 258
31 95
46 215
30 200
164 185
36 214
52 150
66 98
32 83
50 143
101 204
206 223
47 169
164 251
76 149
228 235
74 240
83 116
106 141
22 235
97 133
184 259
1 200
181 184
5 212
23 147
27 104
62 132
24 257
140 163
142 247
24 203
10 39
58 155
123 230
77 89
17 68
17 211
38 41
20 85
57 243
93 182
120 181
67 103
40 142
10 67
117 231
13 175
162 183
112 226
28 152
70 99
71 75
75 196
167 215
190 217
4 132
18 71
16 87
86 116
48 206
11 124
15 48
51 92
86 257
31 167
43 233
40 199
27 51
96 142
56 90
95 141
149 198
36 52
14 195
230 247
89 156
200 259
54 182
196 260
146 152
222 249
125 139
155 240
203 240
50 180
83 255
112 160
79 144
7 26
173 250
175 217
66 167
152 170
1 194
5 255
7 229
169 242
32 208
9 159
164 230
96 165
28 42
18 155
133 180
198 243
200 223
75 175
8 29
20 76
90 124
121 140
209 220
2 123
65 131
36 174
155 195
48 213
29 85
13 145
180 198
45 96
36 152
93 155
4 177
109 232
123 156
110 223
32 67
34 90
118 217
185 203
23 31
60 75
114 245
72 183
94 186
66 143
25 229
54 230
114 220
108 125
11 132
49 71
106 152
101 169
40 112
54 164
36 164
203 229
191 244
214 224
99 127
217 247
15 222
109 185
37 137
27 85
86 232
9 171
112 234
69 202
43 70
157 248
30 160
216 232
26 37
111 227
44 190
202 224
134 201
14 135
21 132
88 167
89 111
85 253
59 256
71 183
56 128
34 78
68 93
108 200
136 205
138 252
61 115
42 238
2 174
108 187
39 59
45 158
37 195
45 136
74 210
19 75
87 107
106 229
192 259
42 148
53 88
117 210
44 207
133 171
36 132
239 259
75 128
127 179
15 58
54 171
126 140
70 100
16 45
22 175
166 260
55 124
193 262
31 102
5 179
55 125
22 31
107 143
12 35
40 191
93 153
80 158
59 93
184 214
0 206
53 98
56 143
110 149
36 185
110 135
50 92
123 208
139 249
49 232
74 252
88 91
4 33
155 171
55 97
74 176
144 191
126 228
69 237
99 203
6 120
5 164
89 182
122 221
142 169
27 257
35 36
124 229
19 86
8 45
163 216
79 121
192 230
214 234
44 90
4 232
34 165
6 184
89 136
198 236
25 122
217 220
62 234
83 253
97 262
129 193
69 185
1 4
75 190
8 165
105 129
24 78
105 235
58 213
102 141
119 205
97 167
153 261
224 238
225 245
203 238
21 39
1 72
20 242
6 237
211 241
180 220
101 240
209 231
151 238
53 192
242 248
74 181
203 248
71 120
16 31
110 170
13 223
16 217
100 181
78 128
19 262
61 121
178 181
35 101
200 225
121 193
8 48
126 188
5 196
18 116
140 224
11 130
148 170
110 133
215 243
87 150
134 261
60 134
94 102
43 194
134 239
31 179
127 246
152 235
73 153
11 25
70 161
42 121
163 174
67 249
35 167
128 190
178 233
1 118
73 132
16 88
35 216
39 246
11 51
70 247
99 158
53 233
12 124
47 119
19 150
142 212
53 137
208 255
85 232
29 203
90 150
28 260
21 209
64 137
170 181
34 249
61 68
118 140
118 202
83 171
121 187
19 214
4 125
185 227
76 85
104 212
66 256
63 66
74 96
111 233
94 115
125 230
45 195
109 162
84 86
1 27
196 253
196 251
22 144
139 162
149 178
12 164
57 144
194 201
49 76
32 114
213 252
70 152
168 210
213 230
204 256
57 98
152 157
68 141
55 92
106 143
106 136
90 189
219 259
179 224
49 116
160 220
126 167
72 76
37 107
71 235
4 170
18 66
146 150
25 221
81 152
8 19
46 83
42 235
75 109
35 249
16 223
116 217
126 156
49 147
57 154
97 103
63 239
22 244
127 166
44 211
76 229
55 251
5 217
18 19
86 252
62 217
140 144
147 200
68 140
184 217
19 134
126 129
112 195
15 143
210 244
45 257
156 206
100 145
32 142
221 242
22 49
44 72
140 213
24 52
194 240
85 189
33 160
74 184
100 193
109 209
171 201
75 250
1 182
162 231
58 249
174 211
29 135
51 150
45 216
7 187
24 147
50 142
134 149
74 233
116 168
68 233
23 105
22 111
159 202
119 184
92 122
92 123
156 189
18 190
94 234
145 146
179 217
100 259
12 150
129 171
151 200
121 166
189 239
92 257
207 209
78 185
78 209
104 185
8 157
65 262
180 244
12 81
226 253
1 236
15 221
150 160
83 215
7 79
196 203
40 115
72 181
199 202
73 75
104 118
10 203
68 181
27 103
131 239
57 209
25 239
66 183
76 249
16 119
117 190
83 217
208 247
11 50
92 194
7 252
146 163
127 209
1 254
102 107
150 179
60 159
39 262
50 126
25 63
45 150
136 159
62 215
176 188
28 130
1 155
90 191
63 253
139 225
68 194
144 148
54 138
81 114
175 253
55 137
192 228
20 70
30 90
86 136
36 93
11 235
88 103
15 119
130 136
60 167
136 240
70 194
39 198
26 148
126 134
61 176
73 193
160 168
85 185
102 199
30 50
115 237
127 205
122 218
108 171
8 239
181 187
166 200
144 166
198 238
57 145
87 138
37 162
33 198
146 197
34 36
72 160
47 208
211 255
115 144
99 114
115 201
51 203
164 258
224 243
145 197
32 49
69 251
156 163
138 154
9 192
44 199
137 256
34 132
45 173
238 242
0 48
62 124
30 114
94 131
87 145
181 193
61 229
78 218
103 201
36 41
24 208
63 217
10 78
107 214
76 171
25 138
11 174
11 239
42 120
16 80
22 66
182 246
36 46
113 240
68 75
8 47
143 241
161 162
157 174
96 260
27 158
107 156
97 161
59 74
5 200
88 151
125 238
58 195
187 240
95 109
117 176
179 262
73 167
188 241
48 111
45 118
203 254
92 167
165 178
35 86
35 233
32 218
41 216
142 164
30 216
94 158
17 199
47 223
2 37
21 195
20 223
39 101
49 87
14 51
123 240
139 165
129 183
49 180
132 170
28 39
106 221
92 236
47 103
234 236
22 36
10 172
68 117
42 205
86 122
185 235
142 197
104 234
37 149
33 235
3 117
73 137
168 244
139 185
55 260
74 261
108 136
80 132
100 224
41 91
129 141
65 241
120 232
34 56
93 261
111 225
28 219
53 96
212 230
49 244
109 130
58 116
169 247
133 217
101 119
118 160
57 153
99 135
87 174
29 124
130 135
77 234
78 172
93 225
101 239
109 225
33 195
91 194
21 81
78 137
69 77
47 106
22 206
102 259
62 90
73 110
79 151
192 248
31 259
124 193
25 106
111 219
148 153
213 257
2 39
155 261
107 224
40 163
53 207
163 222
45 186
28 181
58 257
73 254
43 209
75 112
69 174
104 164
72 256
26 201
106 241
109 137
177 213
38 164
175 192
0 5
142 170
117 253
140 240
133 240
174 196
63 254
150 229
76 205
10 251
158 233
40 220
102 184
102 207
186 237
140 157
83 200
73 190
193 201
11 157
51 153
24 164
34 59
46 136
44 141
82 119
127 250
107 114
104 133
161 245
24 143
92 218
13 124
8 37
112 182
141 218
43 208
58 172
49 251
125 224
76 164
23 167
43 86
42 45
18 111
16 48
214 248
151 152
164 231
111 239
14 96
53 70
6 92
178 208
56 183
17 182
61 78
69 230
112 227
96 155
105 228
125 134
167 247
12 179
69 169
31 171
129 151
102 116
144 224
121 215
180 186
0 18
125 190
184 241
4 14
14 53
105 220
157 251
13 55
217 233
186 187
119 124
30 45
12 247
85 95
95 242
40 198
24 236
78 228
126 230
92 168
54 116
131 188
10 248
222 254
138 249
167 231
188 260
105 153
26 90
187 188
251 258
61 75
76 216
73 149
90 205
226 255
47 109
102 224
81 137
118 240
28 66
145 162
14 214
90 212
213 217
5 208
195 231
63 76
59 84
13 183
226 258
86 134
144 222
100 213
174 214
54 140
69 208
70 225
96 114
140 169
146 174
19 30
32 50
68 155
83 245
3 237
65 254
0 133
133 243
150 204
105 168
99 198
1 195
31 115
7 63
222 256
132 241
50 194
91 161
21 111
94 178
30 91
8 124
116 260
152 225
212 226
177 260
15 225
71 85
81 254
226 256
32 143
3 250
42 215
51 58
3 87
62 245
137 190
130 142
74 191
159 172
23 121
176 237
27 204
55 96
225 246
21 232
61 119
31 90
136 167
184 191
146 173
116 180
119 177
138 217
93 198
141 193
87 226
73 231
67 131
46 166
183 246
81 83
118 167
57 223
56 117
17 176
30 38
229 249
173 186
81 115
27 236
66 97
193 216
184 231
167 219
118 158
132 135
92 256
19 117
71 205
57 70
141 226
211 233
16 135
95 122
213 250
90 122
7 14
77 85
252 256
150 251
5 205
98 171
89 150
3 83
28 105
6 135
41 44
14 27
41 57
142 145
105 151
115 230
75 261
19 38
21 193
25 134
44 116
127 129
118 231
125 129
17 238
36 205
56 242
41 118
111 146
25 81
14 46
18 131
182 222
87 238
160 234
177 253
214 236
17 45
58 192
19 225
56 245
35 40
150 261
28 30
137 188
3 13
94 224
9 149
27 237
43 89
9 180
159 187
76 116
197 259
125 159
99 229
63 156
25 91
36 146
78 245
50 108
49 197
0 77
5 124
223 228
199 241
201 218
89 239
15 158
17 40
31 63
89 205
153 171
39 230
103 183
85 241
59 86
178 245
160 253
16 138
6 9
31 255
88 110
41 186
54 150
64 164
17 212
104 111
33 262
15 246
162 164
25 98
82 101
78 121
138 211
50 249
114 252
24 41
130 198
48 230
178 219
14 141
81 170
195 213
52 166
238 258
149 215
82 191
143 176
2 149
63 137
72 223
47 123
15 238
152 210
175 205
177 192
84 88
148 247
21 144
12 86
220 238
127 241
104 199
134 216
124 222
215 236
125 169
59 229
125 203
52 250
42 75
84 193
59 61
73 177
150 208
73 255
11 201
93 102
14 93
67 95
61 183
60 73
216 257
142 219
139 239
103 114
96 223
4 51
8 129
82 235
38 200
77 78
21 75
47 140
4 190
139 143
23 181
196 240
135 188
178 249
68 100
18 103
48 74
258 261
69 248
105 206
83 198
212 237
69 116
62 85
101 211
56 188
33 52
100 222
111 193
49 119
114 156
170 234
67 133
226 244
147 193
30 262
123 129
94 188
160 181
145 238
151 169
58 208
112 171
47 62
37 213
91 220
117 131
11 252
38 101
54 239
103 252
114 259
104 256
32 39
188 249
16 157
47 195
98 220
69 124
35 168
235 245
141 186
102 130
22 90
145 210
44 202
7 36
191 206
101 106
157 230
104 255
211 218
237 257
182 239
38 190
61 222
84 199
47 74
60 132
180 229
17 81
53 211
99 206
34 208
35 211
70 234
87 152
8 175
195 234
125 193
32 193
60 175
16 115
73 240
21 221
45 133
191 252
6 85
46 74
131 136
192 250
81 213
9 124
175 245
95 257
91 248
120 215
164 215
30 74
94 161
84 177
57 115
69 117
27 45
121 173
205 260
59 117
160 167
189 252
65 187
118 185
23 54
1 53
46 153
22 87
18 146
92 225
82 118
71 136
43 60
43 130
200 227
113 247
209 210
165 201
77 114
82 135
111 161
5 26
160 163
18 26
72 240
139 207
6 229
59 216
60 120
22 212
73 103
9 258
48 73
86 238
47 199
146 190
32 87
74 136
75 240
16 20
8 130
32 35
255 261
51 251
14 100
178 224
20 33
40 209
122 210
127 242
75 116
68 199
112 134
164 166
75 177
180 202
110 257
45 163
147 247
23 171
25 97
33 141
242 256
58 60
71 176
27 153
33 53
210 216
94 219
116 164
102 138
118 156
4 91
50 222
137 147
43 117
7 100
239 262
88 125
143 163
43 181
48 202
12 142
160 214
141 259
26 137
81 154
18 98
39 255
127 253
67 242
17 125
40 197
103 162
36 229
85 244
59 205
52 196
138 254
42 46
48 71
170 209
208 259
8 249
146 172
198 203
103 126
82 99
72 238
54 121
49 69
18 169
27 241
19 121
147 260
211 214
144 175
149 218
19 125
37 203
31 118
194 247
35 90
40 211
114 183
124 195
34 110
40 207
139 188
95 151
80 171
1 76
55 185
12 206
129 233
6 254
58 69
39 170
78 164
38 69
189 234
4 70
81 166
141 216
9 160
206 210
0 45
27 248
27 109
164 196
43 109
55 95
35 60
21 261
5 167
11 161
84 182
75 253
212 239
75 260
138 185
51 80
5 247
14 144
29 76
172 206
19 51
88 102
32 170
34 236
41 111
53 159
90 130
60 243
94 246
104 188
71 145
14 69
109 149
107 201
92 244
135 152
8 147
37 156
254 255
65 229
35 159
128 262
4 73
103 163
142 149
45 87
4 207
35 158
230 249
138 226
118 183
70 140
108 167
62 75
36 151
3 11
16 216
178 221
195 201
94 212
153 227
6 200
125 143
103 234
55 117
39 199
98 100
11 117
32 246
4 203
91 178
146 208
23 57
2 238
65 69
215 224
114 229
54 62
90 120
22 194
133 190
23 227
69 250
52 180
64 172
5 23
8 166
60 103
81 167
31 163
42 64
45 178
122 183
111 113
138 262
64 169
1 176
150 196
89 155
42 67
107 174
144 181
38 90
135 209
126 211
50 149
20 84
74 100
163 164
26 33
148 173
141 260
24 170
73 146
148 205
0 230
0 114
62 231
61 85
136 233
68 201
38 78
135 180
228 251
201 252
25 175
28 158
151 164
155 169
2 96
84 249
76 180
125 197
119 241
45 205
173 217
28 63
31 120
6 109
10 97
124 250
3 232
87 109
89 164
122 184
15 258
19 98
7 22
224 237
102 166
103 203
23 102
103 195
115 190
157 167
82 212
8 179
132 168
127 162
165 179
54 262
32 148
89 207
3 238
169 184
85 224
55 58
195 260
212 242
96 134
25 223
75 82
9 83
89 175
180 205
139 244
191 202
145 226
0 36
181 261
224 230
155 188
62 102
93 259
65 78
87 127
120 135
48 82
27 161
55 56
146 159
178 188
25 186
10 225
176 194
204 213
117 133
136 178
90 99
4 76
157 163
121 183
99 233
18 216
61 141
34 227
186 200
99 152
18 201
163 189
8 60
55 219
23 155
125 257
25 254
63 167
49 215
151 227
64 205
71 202
20 115
48 198
55 173
1 107
186 194
3 36
124 139
151 257
83 236
7 210
32 118
136 242
62 198
174 257
26 245
142 155
10 258
27 144
91 205
44 142
70 163
6 185
178 256
42 203
65 130
2 128
143 232
231 249
78 210
97 184
82 126
3 35
96 111
23 33
37 44
100 245
13 95
177 232
84 124
87 224
36 122
70 217
113 116
65 259
70 244
202 231
8 132
83 233
144 227
246 248
4 13
160 204
150 210
138 235
13 111
3 225
96 181
13 250
45 79
76 137
178 230
59 100
130 172
20 181
152 227
35 122
119 193
12 23
45 226
80 236
160 226
101 104
83 112
84 137
11 218
53 170
2 92
129 187
100 159
79 101
58 118
35 180
185 232
140 168
116 192
88 148
31 240
179 252
122 179
51 123
50 102
76 230
102 186
115 226
53 261
147 231
122 163
25 224
220 246
38 51
187 196
208 237
30 233
154 160
97 109
11 27
64 226
189 231
183 234
180 218
64 176
21 92
107 183
219 254
0 241
110 179
91 115
197 220
45 51
8 187
66 108
57 72
181 244
19 202
56 240
172 175
45 59
240 246
200 243
14 117
184 262
95 191
35 208
95 217
20 32
106 225
154 159
199 200
167 236
119 206
72 242
30 250
11 183
106 167
38 161
84 229
74 201
94 95
61 67
55 225
148 181
14 239
88 116
157 258
48 222
91 228
83 124
105 201
183 209
61 130
67 212
67 167
78 258
115 117
167 230
84 147
77 104
178 218
64 85
62 95
94 228
73 121
185 252
23 245
164 220
72 132
114 214
125 198
127 202
52 209
173 203
98 152
33 90
156 245
15 250
109 155
54 162
120 127
17 62
251 262
7 32
3 234
188 239
62 174
64 256
87 153
152 153
2 257
80 226
35 207
201 208
116 156
51 260
81 183
87 117
32 72
16 150
47 198
198 245
4 224
12 144
47 124
8 196
106 198
43 241
149 245
138 255
2 122
71 181
209 230
85 197
214 232
114 223
133 216
92 247
88 194
92 233
105 200
31 104
108 140
98 243
179 245
178 211
74 106
30 221
73 244
162 218
141 189
62 259
146 183
219 256
65 246
194 222
9 134
152 169
63 73
61 256
175 233
46 108
11 224
0 153
48 90
53 178
159 203
135 257
151 201
97 187
45 157
189 207
142 191
80 200
161 176
94 233
6 154
89 131
26 83
23 107
29 51
94 169
4 241
143 202
0 108
41 50
54 130
2 175
14 161
30 32
45 160
179 204
164 241
209 255
4 182
206 231
24 259
44 168
66 248
10 241
33 246
113 261
99 248
69 236
139 241
0 229
10 43
125 135
157 198
53 115
168 229
19 107
98 231
223 226
31 128
4 112
80 195
56 198
28 148
48 58
81 191
37 108
23 150
54 204
49 188
11 137
1 161
161 172
58 126
68 152
218 254
64 131
65 261
67 213
79 120
239 257
30 92
50 245
115 199
22 208
150 152
63 190
97 111
120 246
52 80
9 210
76 123
103 104
9 162
220 255
56 187
64 156
93 129
13 214
131 225
84 196
207 217
71 83
198 228
14 15
88 261
68 239
64 192
109 200
13 58
156 251
75 110
2 62
17 33
7 50
217 241
61 199
60 123
53 240
32 234
67 233
88 232
57 79
25 44
57 81
94 106
56 68
111 178
8 225
66 103
21 156
70 164
85 183
14 169
38 206
14 257
8 161
196 246
109 207
179 248
99 260
226 254
82 217
13 97
26 48
120 201
85 98
44 171
58 174
175 236
181 217
99 256
70 256
14 198
29 81
1 233
102 164
129 157
224 236
124 186
10 219
117 250
155 214
27 73
24 244
133 201
143 212
127 143
50 205
72 150
36 178
76 152
50 84
23 122
33 149
132 166
116 233
59 175
141 161
30 245
157 207
56 98
191 222
62 210
108 148
5 131
6 70
33 95
59 257
31 206
121 160
194 254
32 48
156 248
9 12
146 205
145 246
25 69
28 60
132 169
91 207
53 62
148 175
159 176
65 113
71 134
206 219
147 223
18 172
13 52
105 217
188 192
117 259
60 125
24 68
29 127
10 62
105 245
175 248
149 195
57 74
32 198
78 95
167 227
144 207
147 215
27 129
130 236
119 239
77 233
15 198
25 204
0 157
27 244
27 255
218 228
97 163
81 85
189 241
93 136
94 163
91 167
41 130
4 167
26 234
58 123
22 102
168 246
54 55
3 180
0 253
21 226
26 181
122 129
30 107
41 227
159 238
87 112
54 247
107 221
51 206
99 214
145 242
132 194
129 140
61 110
172 227
148 194
142 187
130 216
100 156
19 47
20 51
101 137
108 217
113 133
72 191
105 193
49 132
5 18
53 64
138 178
88 248
55 213
187 219
127 156
38 76
74 246
103 127
153 179
102 217
201 223
202 206
67 190
20 143
92 106
140 211
131 169
77 235
59 218
6 214
35 146
78 260
14 119
7 18
92 169
18 183
50 259
31 236
32 179
115 251
93 178
41 238
123 176
38 45
17 233
113 233
32 152
25 166
13 200
31 33
146 218
72 227
56 88
88 193
121 167
74 159
7 126
43 171
97 228
53 109
124 149
5 48
145 220
23 145
99 196
96 135
34 43
210 217
60 99
161 219
4 155
43 116
24 178
47 154
49 141
46 79
96 197
68 132
105 128
189 225
32 77
64 231
35 74
86 155
6 167
175 231
109 201
191 233
96 167
118 191
203 243
21 170
102 137
132 225
16 78
30 177
85 108
69 159
79 203
61 66
103 253
25 253
133 198
76 133
135 149
166 197
17 243
175 261
25 139
74 187
171 195
0 96
180 184
163 215
12 61
42 144
35 157
126 150
90 116
43 79
66 161
128 218
60 72
140 210
86 154
2 256
41 51
25 201
37 175
198 202
32 102
161 181
140 201
146 191
26 121
204 231
17 220
58 135
71 73
16 99
141 158
85 207
70 250
126 144
69 82
84 156
66 242
172 246
83 196
11 254
163 207
126 143
241 251
30 218
15 76
24 34
9 231
25 197
165 244
52 189
4 219
0 112
45 254
21 94
12 226
76 220
117 217
84 209
170 185
60 85
52 137
136 188
7 227
70 216
52 130
54 118
13 149
245 254
74 220
60 89
69 173
27 222
107 219
95 150
165 184
9 98
129 173
21 238
0 100
230 250
167 197
81 130
178 210
95 177
20 104
96 189
95 200
109 231
100 218
26 185
50 68
5 21
57 211
203 212
98 184
103 165
238 256
48 92
39 234
31 233
162 221
74 78
173 194
89 191
88 206
17 223
1 49
82 231
116 146
25 227
14 122
82 94
43 158
40 62
147 167
138 142
137 203
62 208
66 255
116 207
94 213
190 218
159 204
37 78
20 64
11 33
47 189
207 258
102 229
44 80
72 123
83 106
76 118
78 114
50 85
43 177
93 207
111 207
190 203
13 61
38 207
49 89
24 131
53 76
1 132
167 181
122 185
133 228
33 260
51 111
5 177
36 79
49 219
15 141
100 161
166 172
117 204
107 112
238 261
9 21
68 238
155 223
90 139
101 166
43 120
89 193
15 74
207 242
154 204
116 232
176 233
49 60
32 53
21 62
149 258
4 77
144 249
84 101
114 120
1 95
138 229
45 175
70 260
19 142
39 134
133 248
150 206
201 242
195 198
242 247
147 164
52 213
77 124
136 235
35 44
18 39
118 147
81 95
43 136
12 30
51 204
50 75
41 212
145 203
83 177
51 126
188 206
46 106
53 124
27 118
17 163
143 233
17 252
21 216
86 168
143 147
85 217
21 192
96 219
77 176
84 255
121 123
18 196
242 258
189 213
106 145
228 253
202 246
52 87
150 256
88 249
72 105
118 256
107 257
119 169
35 87
157 244
115 240
8 149
1 103
32 139
5 141
144 202
98 201
97 204
61 70
138 256
3 158
189 192
81 125
99 221
62 131
126 142
154 222
10 209
100 203
71 198
31 214
103 176
207 245
134 187
111 204
147 174
10 169
88 146
129 181
55 254
134 165
45 207
183 250
20 131
5 61
134 206
5 110
40 238
1 238
73 111
35 256
92 188
2 51
203 214
53 110
0 149
189 236
8 151
101 191
74 198
100 217
109 203
34 163
217 256
12 200
85 225
27 139
115 141
11 94
15 67
36 176
26 29
183 218
61 193
32 255
166 221
56 74
10 134
220 244
47 214
40 113
165 203
173 230
111 191
44 97
156 181
97 123
42 226
28 125
66 102
63 203
56 62
216 244
17 30
111 258
70 235
229 256
197 199
53 183
41 214
10 193
137 163
241 257
151 230
65 158
85 222
182 193
179 240
23 53
52 248
73 246
148 211
58 236
9 205
5 132
26 149
132 253
30 64
33 36
48 151
79 175
159 168
59 183
71 184
143 201
237 259
28 44
22 24
15 262
60 114
49 121
68 124
189 191
72 78
38 107
72 179
117 121
197 250
25 119
29 222
107 209
12 70
56 163
14 35
188 219
58 197
97 244
16 126
33 80
203 251
88 253
29 33
101 126
102 104
78 113
107 169
32 94
40 81
14 29
74 212
54 244
122 174
84 94
72 85
35 118
121 211
43 141
91 203
122 192
3 253
240 248
87 151
190 215
87 136
169 173
4 258
193 207
187 239
66 236
111 208
153 257
80 104
64 179
15 64
45 92
201 260
39 174
188 237
113 120
57 102
47 111
37 77
169 221
63 256
97 197
42 78
24 138
9 62
186 257
33 111
95 245
95 216
56 132
18 156
51 164
154 161
61 132
67 208
68 149
11 194
83 86
65 159
7 8
96 160
206 213
26 167
116 136
97 175
44 218
121 240
172 244
52 192
128 220
162 192
89 133
171 233
155 161
47 87
210 237
91 138
125 170
156 219
128 228
20 158
37 207
129 212
98 257
15 77
80 134
84 138
21 52
128 225
218 235
104 127
47 48
96 178
43 92
19 112
78 174
62 212
7 135
6 78
39 165
153 178
17 19
30 219
79 155
93 179
61 174
103 230
64 221
10 37
121 127
78 153
239 258
65 143
116 196
107 231
15 123
99 136
100 243
117 225
30 93
118 123
9 114
2 144
100 154
195 247
14 221
148 157
35 123
1 224
111 127
23 131
115 162
137 250
56 186
231 241
61 178
145 216
2 215
168 174
107 238
95 247
2 97
91 114
90 185
18 138
14 163
68 161
71 88
20 142
69 177
53 247
107 259
108 229
133 222
185 193
10 207
155 226
124 126
10 124
30 60
107 258
122 262
39 136
54 186
7 206
59 88
74 194
96 122
71 104
197 224
88 114
183 237
91 202
114 253
168 226
89 230
52 128
160 237
103 191
57 188
27 214
83 227
100 183
147 156
97 261
82 157
125 131
145 175
52 99
67 253
145 230
97 143
248 250
141 245
89 223
209 256
31 32
149 256
67 221
11 86
227 229
66 112
81 121
103 248
83 212
3 6
10 57
18 252
43 156
88 233
111 174
6 122
184 257
144 225
1 114
6 224
41 63
67 240
61 165
45 55
100 248
122 130
108 258
139 234
165 251
12 72
92 178
86 183
59 159
95 130
199 205
69 183
223 224
14 208
8 167
27 126
22 182
99 155
48 233
60 241
100 163
19 240
190 244
23 173
78 188
31 244
6 80
44 99
166 230
208 231
161 211
14 152
92 124
128 231
213 259
5 102
51 168
205 225
5 79
54 120
166 220
62 70
29 92
80 117
35 77
23 90
151 186
94 112
16 260
68 110
174 201
103 117
59 198
31 150
8 143
107 118
1 86
196 211
60 130
50 124
46 234
57 139
35 98
138 239
32 141
19 235
54 114
80 152
137 259
13 251
144 262
17 186
151 251
74 254
19 259
71 165
56 208
99 169
8 123
73 222
32 127
45 210
58 91
160 227
21 208
58 189
64 258
110 242
129 149
197 208
77 148
46 196
125 151
0 203
141 246
17 228
133 170
29 38
113 178
163 185
84 113
72 188
189 258
34 49
80 89
229 244
130 148
106 214
38 176
134 244
147 170
156 232
38 55
0 173
22 110
59 102
39 236
96 253
244 256
102 233
142 163
5 192
93 146
100 226
37 168
97 172
17 57
21 47
119 211
137 177
225 259
139 212
130 169
86 217
104 202
160 241
114 230
3 229
4 238
29 252
89 173
22 98
15 85
238 252
65 162
134 223
133 245
16 142
85 227
97 130
197 222
51 250
234 258
22 60
30 174
22 133
53 60
152 243
37 119
51 226
213 241
29 229
0 219
28 255
45 155
3 59
21 109
25 41
132 158
33 100
115 172
33 187
56 199
51 232
78 175
54 73
197 245
7 147
24 219
26 85
51 191
36 249
50 239
8 159
176 254
153 162
31 193
133 188
166 215
9 115
254 259
76 150
118 166
7 129
20 261
92 126
121 201
7 82
174 246
196 206
132 226
18 171
153 154
88 198
23 26
51 209
155 168
106 199
29 214
110 183
20 170
9 103
120 223
36 128
22 157
39 139
50 90
195 209
109 120
96 194
203 235
37 81
161 226
4 165
124 188
85 169
2 131
25 47
107 168
46 157
111 136
75 222
21 106
70 135
5 180
60 228
76 260
120 157
45 109
18 198
26 112
201 254
151 210
103 135
53 104
29 104
105 167
100 191
20 47
74 132
102 129
90 218
131 168
27 223
187 226
92 170
144 163
8 80
75 229
59 107
227 254
174 178
8 40
41 187
236 240
47 191
143 222
25 247
30 128
0 262
17 36
51 82
130 250
100 141
38 131
21 222
67 98
24 117
195 251
26 55
140 205
78 189
220 257
30 182
146 255
153 217
179 231
19 124
197 255
12 256
93 114
84 257
49 84
120 158
10 88
28 209
94 195
66 186
109 257
140 190
14 137
86 146
89 98
95 163
86 96
198 207
197 201
29 110
6 47
28 33
54 125
34 215
24 200
104 258
111 243
34 107
52 103
165 191
42 66
138 162
155 228
150 232
98 167
30 246
10 229
101 252
15 145
48 136
134 174
61 107
24 262
40 80
141 169
14 60
112 132
29 210
90 126
45 255
125 256
193 222
9 232
202 240
26 158
106 149
3 204
8 110
94 249
28 50
33 218
200 235
112 215
6 159
10 90
80 213
28 218
133 186
142 192
213 219
18 177
130 161
3 181
99 119
17 137
58 260
22 129
108 109
74 162
3 206
122 123
210 259
40 60
84 159
38 163
2 171
80 163
57 176
55 144
36 246
6 77
11 180
171 245
47 73
133 153
35 253
29 245
4 126
91 139
95 241
9 228
119 200
122 196
26 54
212 255
73 194
75 225
204 205
28 84
70 142
36 114
35 241
16 170
13 230
163 230
58 76
49 191
67 172
1 33
114 242
42 73
11 95
199 247
202 239
26 197
80 196
200 226
140 234
44 84
244 252
132 209
51 133
83 192
14 50
194 230
129 136
211 261
203 239
