269
11
25953
60
142 2
228 2
111 2
200 4
221 2
244 3
224 3
234 1
183 4
157 2
179 1
135 1
102 4
144 1
159 2
112 1
98 3
222 4
135 5
239 3
247 2
160 1
177 3
111 5
192 2
146 1
196 5
109 1
162 3
125 4
103 4
172 1
230 1
147 2
92 1
195 2
152 5
206 1
195 2
161 4
119 4
218 2
168 4
100 2
168 5
162 2
219 2
212 5
187 4
217 4
155 3
118 5
173 2
120 2
82 4
227 2
103 2
198 5
228 3
96 1
157 4
97 2
241 3
77 1
118 2
216 3
219 4
236 2
77 5
109 3
237 2
209 4
183 1
73 1
175 3
204 4
96 3
85 2
233 1
73 3
182 5
166 3
151 4
153 2
170 1
229 5
212 4
166 1
148 1
69 3
136 4
162 2
110 5
98 3
179 3
132 2
247 2
94 4
103 5
86 4
245 2
130 4
232 1
135 4
184 4
244 3
124 5
135 5
71 1
124 2
81 5
221 3
92 3
139 4
138 3
144 3
201 5
238 1
69 4
123 4
84 2
211 1
143 2
185 3
114 4
192 3
232 2
223 3
197 2
157 4
187 4
91 1
151 5
216 5
102 3
210 3
107 5
165 2
174 3
80 5
240 4
202 1
108 4
232 5
139 5
172 4
92 4
171 2
240 4
114 2
114 3
210 4
179 3
107 1
205 1
243 2
105 1
117 2
102 3
205 3
170 1
136 2
223 2
242 2
166 1
233 5
118 1
247 4
135 3
153 2
148 3
247 2
215 3
136 4
241 2
120 5
169 4
69 1
119 2
158 2
100 5
222 4
132 2
186 2
145 2
162 3
191 4
158 3
231 4
101 5
209 3
111 2
141 5
141 4
82 4
242 4
208 1
84 4
154 2
207 2
179 1
209 4
190 3
126 2
80 4
166 1
234 5
175 1
209 5
98 1
191 3
117 2
230 3
105 1
140 1
184 2
173 3
100 2
110 2
165 2
185 1
96 3
160 4
111 1
225 2
232 5
148 3
179 4
147 2
117 5
237 4
162 2
228 3
177 1
219 1
247 4
178 2
119 3
106 5
244 5
93 4
174 2
179 4
166 1
194 3
229 1
154 3
228 4
199 4
83 5
115 4
76 3
241 4
137 5
69 3
226 3
221 4
89 5
192 3
115 4
153 3
207 3
226 4
106 5
103 1
183 1
135 3
95 5
182 5
49 175
7 94
162 178
179 225
131 141
133 167
115 201
130 207
38 125
79 155
205 210
142 183
36 184
202 254
34 182
152 180
35 267
70 214
42 107
64 116
136 220
10 191
33 136
206 261
55 261
172 220
157 242
17 183
147 190
126 260
110 221
123 255
171 190
33 199
133 168
189 217
29 88
76 127
120 188
19 47
51 63
12 75
64 128
44 46
38 162
47 175
10 15
88 188
41 54
166 254
27 207
207 223
118 129
5 103
21 38
21 213
141 172
57 181
9 22
26 203
82 102
98 234
42 184
72 114
122 159
13 133
161 203
85 215
42 181
23 160
80 162
171 254
48 173
33 77
7 142
10 228
24 65
118 223
94 204
37 207
146 220
96 252
71 115
88 233
15 191
161 240
4 170
115 146
27 57
49 257
46 112
148 182
81 207
150 238
97 247
145 255
33 253
55 60
65 90
225 268
150 152
93 118
196 256
46 173
44 126
101 187
43 207
8 33
35 224
62 160
97 158
203 263
190 211
11 27
18 137
214 251
140 242
165 219
182 225
53 67
214 220
90 229
37 158
32 170
184 218
150 260
16 157
88 225
58 105
74 161
184 200
12 161
235 242
82 263
31 266
24 266
48 143
112 136
67 169
3 231
105 121
6 143
2 156
68 221
50 104
199 223
110 129
75 111
91 223
225 251
20 174
132 246
142 237
47 263
19 24
48 133
134 167
164 265
10 33
173 222
58 62
30 91
54 187
132 190
175 217
23 207
80 181
169 246
113 239
125 186
124 128
206 242
9 212
164 167
135 144
42 137
93 262
30 183
146 183
176 183
6 204
80 228
54 214
117 254
200 245
14 115
36 198
39 58
176 224
97 257
0 239
110 149
37 104
44 168
4 175
14 117
47 86
192 226
58 132
9 217
20 144
16 178
67 85
26 147
21 249
3 127
23 64
133 249
254 266
56 250
100 186
40 121
75 218
77 178
18 179
83 192
188 266
37 62
94 180
63 82
212 221
153 258
61 100
70 208
56 185
38 129
24 242
6 122
56 218
8 41
185 223
43 200
28 263
3 174
28 60
106 217
83 259
97 250
220 260
181 221
44 172
124 218
129 238
182 183
139 227
24 37
137 266
50 265
64 113
14 169
38 41
77 130
154 200
180 255
29 166
98 143
122 258
88 126
123 212
103 226
51 262
31 152
11 35
5 165
6 207
49 141
130 150
167 257
0 132
208 242
118 168
88 153
57 113
158 218
124 220
49 148
33 215
26 236
43 134
131 217
76 142
115 118
49 168
73 140
61 203
168 173
87 96
101 201
220 221
130 159
2 155
17 122
210 251
235 240
94 222
229 262
174 217
83 101
16 171
125 209
86 130
191 233
25 190
48 86
20 82
11 59
176 246
52 198
167 171
88 196
137 197
17 94
76 128
161 202
74 215
7 186
64 123
50 178
138 200
107 190
37 49
71 181
91 122
39 95
25 249
167 203
117 249
82 241
46 49
169 175
63 149
110 227
26 133
126 161
65 97
78 207
29 32
47 221
80 241
3 185
14 49
75 156
92 241
18 182
168 233
38 187
24 44
79 245
76 132
141 254
24 149
18 113
77 99
58 82
96 246
26 175
59 165
83 230
89 127
218 260
139 206
117 200
155 211
56 267
186 201
48 230
102 223
145 146
88 119
147 219
92 213
120 222
197 229
1 144
57 171
75 182
59 229
72 86
72 264
74 89
54 203
191 207
28 137
141 244
130 217
175 211
68 157
24 71
128 161
59 172
38 132
2 143
118 154
5 187
93 96
87 184
243 261
118 152
111 177
54 212
138 233
87 200
1 265
52 108
50 154
2 137
26 84
85 156
59 216
86 169
163 226
157 223
65 191
185 254
124 233
145 259
161 209
167 217
106 239
52 205
61 170
33 84
164 187
143 177
54 96
95 162
66 267
147 148
27 236
149 194
83 201
7 102
30 187
39 268
83 151
20 177
199 213
112 232
20 267
215 246
189 264
53 144
117 257
165 225
80 233
99 188
46 246
12 66
99 209
148 203
234 263
128 198
57 115
94 141
192 256
75 230
131 190
68 82
9 190
188 225
31 212
169 213
205 220
65 190
101 265
45 76
26 266
117 201
35 94
84 268
39 221
87 250
201 219
76 156
200 252
110 252
71 204
86 132
19 231
95 147
182 229
100 230
80 132
66 139
192 209
4 141
48 199
41 183
214 259
20 197
115 184
41 73
67 94
50 182
117 251
79 121
45 60
26 218
57 225
109 153
54 182
36 80
54 225
160 255
68 215
133 140
51 84
56 217
33 194
0 240
13 175
24 58
248 255
144 203
109 241
32 50
196 217
143 256
110 217
82 170
24 82
79 171
145 244
154 217
154 158
124 125
58 100
17 114
40 106
250 268
77 180
181 210
30 137
44 184
105 123
63 88
7 68
3 207
182 236
49 198
143 215
173 219
64 114
205 231
194 199
153 203
25 235
209 218
68 227
7 55
36 146
69 121
66 257
169 261
126 264
84 131
61 227
165 209
158 209
11 197
78 218
18 174
197 210
51 164
247 268
99 118
51 200
110 176
180 195
29 228
225 236
18 225
7 222
23 70
186 206
93 210
17 179
33 91
79 135
49 241
50 100
88 100
167 256
187 208
51 67
104 154
43 151
41 117
22 48
177 184
66 87
127 248
141 218
21 30
86 127
40 268
120 162
127 141
135 230
48 131
2 76
16 255
19 263
30 107
61 248
124 260
171 253
113 182
77 89
242 244
34 227
9 193
32 176
3 24
134 199
97 143
6 10
57 206
53 168
93 177
125 251
63 189
59 130
23 56
47 80
164 231
16 174
77 148
21 85
92 120
186 249
70 197
182 190
216 266
196 226
123 148
195 224
180 199
15 171
70 229
43 70
14 56
104 125
154 187
11 65
20 32
120 201
204 241
56 145
28 255
176 249
25 148
80 144
51 189
108 216
35 162
66 193
61 188
34 260
181 258
158 224
40 254
41 239
166 261
60 177
110 216
104 109
44 256
122 215
63 220
27 102
112 214
142 235
10 207
8 180
77 153
32 161
238 263
102 150
163 249
41 69
115 210
205 212
65 98
122 135
65 76
0 207
109 182
111 238
119 262
14 243
120 259
2 139
65 150
52 55
68 256
24 55
116 132
166 170
94 186
52 225
11 91
108 211
151 158
262 263
20 255
105 248
131 147
51 224
37 263
65 85
119 182
62 240
22 223
0 237
55 163
1 149
72 147
26 73
119 201
53 60
191 248
169 195
37 60
30 40
66 77
78 260
199 250
139 170
92 114
83 205
32 47
63 198
148 158
174 263
43 69
172 184
79 129
160 212
83 125
191 249
178 194
193 258
97 153
174 268
26 59
152 242
37 240
59 221
89 241
29 74
74 120
135 237
151 249
95 180
119 229
76 191
21 225
30 226
19 130
57 199
233 250
24 194
55 195
51 191
52 153
121 221
22 74
135 165
120 183
92 252
78 105
82 108
98 165
21 27
116 133
174 249
66 213
132 152
181 243
19 210
30 244
133 137
84 160
4 80
38 205
89 167
139 264
21 125
78 120
122 266
46 232
11 126
151 169
10 252
86 90
62 158
85 153
181 226
154 247
37 111
2 210
99 168
49 54
129 198
9 67
6 246
9 11
105 160
69 211
61 65
66 145
197 213
86 128
15 43
106 155
33 209
121 150
27 240
202 244
67 226
173 203
228 264
52 218
143 171
202 262
181 257
9 46
129 142
90 141
7 176
34 226
26 45
153 268
98 245
185 201
102 136
45 125
22 194
142 264
44 240
97 201
39 163
115 254
167 249
28 40
70 247
11 43
65 172
112 262
12 72
162 204
88 106
78 261
149 176
51 202
111 119
89 213
129 146
74 167
178 218
126 248
184 239
163 189
132 211
24 204
20 257
70 255
182 213
68 252
217 240
108 117
82 179
115 191
32 60
83 233
205 244
43 108
112 166
73 268
77 213
61 101
36 101
100 211
48 166
18 168
80 268
114 131
36 171
142 159
101 119
128 160
27 184
29 260
76 213
82 129
74 107
18 84
122 124
68 168
231 245
44 124
222 225
41 156
76 223
56 179
46 158
123 149
234 240
116 234
101 180
111 258
248 252
171 177
57 228
88 205
16 115
88 165
118 141
27 225
231 240
139 204
95 119
45 47
22 189
159 229
93 176
9 51
30 143
166 202
167 260
149 206
32 40
84 224
90 144
88 243
70 210
92 133
36 120
12 71
56 57
136 265
11 73
151 166
69 257
26 67
51 136
22 254
87 237
204 253
27 179
80 104
160 245
97 161
140 256
4 100
117 183
58 210
21 42
193 259
223 255
88 160
70 163
223 249
30 168
219 230
105 145
134 136
10 184
74 206
20 164
34 55
52 131
2 236
80 222
144 175
247 255
223 265
44 113
7 178
14 21
129 192
38 137
122 185
10 28
27 36
240 257
176 208
15 41
168 251
88 189
50 259
157 220
3 70
129 167
69 206
22 199
85 126
137 201
12 42
6 256
22 100
5 61
127 157
105 140
77 114
65 143
33 165
117 160
33 116
172 230
130 140
5 156
4 238
5 120
177 254
8 108
124 239
84 162
75 140
148 214
15 226
42 87
97 168
15 220
252 254
94 134
159 168
162 227
3 8
21 170
109 181
73 109
118 160
40 110
116 260
68 186
54 125
95 116
132 176
94 99
94 138
28 103
155 240
7 141
93 158
210 230
116 129
5 168
2 25
53 55
8 201
51 226
57 253
148 239
51 158
31 53
183 229
7 224
60 219
55 67
134 246
149 157
29 85
24 105
39 97
177 228
90 115
23 196
51 79
75 98
61 158
45 176
43 124
37 109
81 250
20 120
47 242
89 267
10 67
37 152
105 109
124 261
144 201
188 243
42 191
129 134
162 185
157 232
172 186
21 119
220 242
15 90
145 201
96 191
62 81
127 150
147 260
77 193
141 204
214 219
128 174
209 253
114 215
95 253
52 63
180 240
167 232
161 252
204 251
141 197
41 95
24 94
53 139
37 264
134 163
72 109
38 178
33 190
238 243
142 225
72 159
168 243
16 44
112 203
56 166
78 133
76 186
68 178
241 268
195 206
34 59
197 252
85 169
192 202
199 239
36 108
21 142
12 87
30 257
112 224
66 168
5 131
178 265
60 65
4 227
3 153
105 262
54 153
96 256
214 256
181 187
24 233
56 97
242 266
44 127
82 206
180 193
74 134
188 235
5 128
23 240
8 173
76 262
7 98
35 139
67 79
31 238
53 228
128 146
122 176
161 171
42 74
30 110
156 266
139 246
95 112
162 166
205 261
43 199
202 268
64 121
14 76
199 235
157 209
34 145
66 179
135 198
97 100
155 216
83 178
110 111
242 255
20 48
158 260
51 116
1 69
209 247
174 208
113 212
44 198
32 129
3 72
21 126
132 186
73 255
29 145
85 155
3 136
44 146
131 188
140 215
115 246
85 128
115 224
90 181
179 249
32 221
27 198
126 206
17 34
75 203
45 133
73 249
47 87
107 132
16 202
127 163
22 195
59 190
41 260
27 202
250 260
22 32
228 235
78 161
222 255
37 146
21 162
6 71
14 60
109 216
161 261
50 111
29 76
34 116
12 153
48 151
209 210
61 86
33 62
6 8
95 257
37 172
51 261
57 233
74 225
136 137
82 116
68 90
201 214
78 246
99 125
54 241
9 131
32 166
135 212
26 138
191 224
222 224
135 190
121 217
50 168
23 214
7 45
184 213
13 113
46 190
117 171
119 222
200 258
58 268
126 228
44 204
120 234
34 114
144 256
59 180
141 261
53 174
16 263
32 212
35 50
259 262
230 263
136 226
20 268
103 200
41 77
38 195
74 178
29 238
8 250
11 211
78 214
71 158
149 251
41 119
79 105
75 148
96 255
1 70
70 109
161 182
64 92
31 261
165 196
223 268
40 73
38 184
172 231
54 129
66 108
121 186
184 231
85 204
92 217
93 168
212 220
211 255
172 187
8 181
197 220
63 260
6 177
57 83
175 230
6 103
46 208
120 246
90 110
73 247
36 117
73 117
71 141
180 263
17 247
123 176
21 23
210 227
73 225
133 227
183 247
249 250
47 66
192 253
37 80
196 211
69 185
227 265
96 125
183 222
120 128
125 215
134 157
127 243
30 233
122 240
57 108
19 146
104 223
24 83
60 206
41 211
190 268
113 155
151 231
58 211
120 232
25 109
169 214
98 112
142 187
8 162
195 196
71 155
46 71
38 216
55 152
127 181
26 209
90 145
72 74
189 253
144 193
77 216
20 178
28 35
154 192
121 147
183 226
230 253
36 52
48 240
25 94
176 178
50 191
23 59
123 178
130 246
184 241
179 235
81 93
188 197
31 94
187 230
73 98
80 170
50 127
18 82
4 72
104 239
109 160
27 63
6 136
31 63
40 85
31 99
91 182
174 213
12 103
45 50
44 210
98 187
33 81
50 253
71 186
150 167
84 257
19 122
33 112
41 210
44 247
164 207
20 28
203 225
164 248
37 59
141 153
51 246
34 141
21 40
30 70
103 221
58 66
95 106
29 168
131 210
124 172
62 99
217 234
8 65
180 205
110 211
68 137
60 134
149 209
115 175
110 174
21 180
36 183
24 253
106 144
78 210
7 125
226 228
29 126
241 263
44 128
48 97
5 55
33 121
156 221
42 186
128 255
19 100
54 133
137 154
145 264
58 250
143 226
49 84
121 191
0 263
40 225
38 100
55 103
153 256
143 235
72 181
73 258
13 69
31 195
62 111
81 90
188 259
52 88
99 258
9 235
210 244
213 249
53 195
123 169
101 200
1 94
15 87
84 145
101 178
75 240
44 92
121 136
132 144
127 230
46 176
75 143
67 194
121 268
19 182
31 263
118 128
72 263
66 173
99 255
106 163
143 147
38 193
42 232
1 185
9 107
101 125
51 92
27 249
100 209
126 202
116 195
30 264
160 200
32 119
81 162
12 117
109 178
225 229
181 265
16 136
81 103
128 231
92 125
183 186
158 251
55 175
121 149
90 216
201 245
131 209
103 252
72 246
50 208
75 169
149 162
164 211
45 189
180 216
235 247
89 95
13 227
132 160
114 227
128 192
114 167
82 235
76 247
44 254
79 241
219 228
164 260
97 123
71 200
9 35
213 216
71 146
50 242
11 201
46 109
214 250
56 162
74 157
65 262
206 252
30 34
145 237
70 182
133 245
48 190
114 116
49 123
41 104
223 243
30 259
52 251
124 185
40 150
15 225
96 206
91 163
118 253
99 264
142 197
141 217
80 192
83 115
21 89
58 91
20 222
18 79
107 234
8 150
9 111
12 148
123 256
150 241
27 206
83 147
55 61
101 137
161 183
87 209
193 208
4 150
145 222
21 172
105 212
58 65
149 202
159 191
102 218
41 140
40 236
15 256
55 130
50 109
250 254
205 250
174 196
102 121
6 65
5 215
137 268
71 121
92 147
111 193
23 103
81 235
151 243
247 252
114 220
52 188
129 221
115 129
24 202
56 135
231 253
15 126
148 187
28 190
37 247
120 146
28 244
83 252
119 236
187 220
75 86
90 171
102 145
32 191
14 202
60 168
68 93
220 253
13 268
0 247
38 63
117 212
72 251
128 218
102 169
74 198
38 191
97 232
128 258
11 127
82 232
112 205
30 262
44 85
79 162
165 220
229 237
7 140
16 256
51 171
31 104
60 151
135 168
63 241
37 96
162 203
132 213
204 208
162 199
50 118
126 266
29 250
3 65
93 203
120 135
42 142
77 118
186 190
114 125
159 267
211 215
39 63
193 228
82 219
0 86
103 220
127 186
29 206
118 138
107 227
2 37
81 123
130 242
2 126
73 224
10 236
55 142
9 12
25 180
224 255
178 267
228 251
137 210
109 144
132 220
39 236
29 133
86 209
19 268
205 228
102 122
179 239
22 154
70 72
108 182
192 194
121 238
113 190
34 137
94 153
152 194
19 67
14 254
26 169
90 114
43 163
103 224
27 69
54 252
41 222
50 155
24 116
117 204
9 56
136 153
173 263
202 258
151 195
59 126
3 248
18 41
96 217
91 181
174 228
36 187
47 119
160 199
159 210
12 143
42 120
127 174
48 247
53 257
191 259
103 166
110 170
12 24
206 221
20 181
50 177
220 244
176 227
34 173
29 92
114 195
159 251
188 250
57 179
114 249
109 175
100 218
80 81
6 109
11 95
15 172
7 209
28 167
17 124
17 57
26 88
6 228
204 215
162 245
190 234
39 262
113 114
38 156
65 197
247 264
162 221
1 58
35 168
3 224
202 243
95 192
101 131
251 255
11 39
83 126
34 63
64 181
129 157
70 148
67 196
46 57
13 244
2 10
40 149
64 72
189 267
39 239
14 160
87 113
189 241
102 212
69 198
116 134
63 261
54 117
216 252
104 207
157 229
9 34
84 103
29 157
190 196
7 184
61 159
37 185
21 140
33 42
77 163
77 103
14 234
77 131
165 255
29 106
47 128
36 131
31 51
169 217
92 93
30 249
209 263
103 259
177 239
44 239
82 135
155 159
87 134
66 254
111 150
195 258
36 150
154 161
28 174
28 205
56 109
39 234
47 267
49 224
48 233
226 247
89 238
128 215
40 67
43 179
20 52
105 215
6 132
10 51
143 211
181 241
51 81
55 97
1 152
12 32
202 204
12 235
99 205
51 87
168 178
16 103
38 229
43 183
175 242
58 151
72 99
207 212
48 114
148 179
24 180
47 151
233 241
65 113
215 221
98 243
99 238
41 47
207 226
141 246
17 259
113 259
57 59
171 229
125 155
221 233
102 266
78 99
11 161
161 253
22 39
16 214
80 130
12 258
88 201
250 267
17 140
153 184
14 176
91 230
178 243
12 144
148 265
115 218
57 245
22 176
139 247
90 226
31 205
23 83
24 260
7 62
76 92
7 149
29 171
44 142
73 123
63 237
117 151
9 175
16 249
132 221
233 252
114 141
138 249
182 267
125 261
27 234
27 149
103 146
17 162
180 219
70 260
57 84
3 71
71 171
69 92
215 239
140 166
35 48
86 152
172 239
251 256
49 225
193 264
57 208
89 260
1 252
105 234
140 180
29 141
171 250
23 268
31 268
63 196
111 114
140 217
64 179
3 210
28 186
20 26
22 142
91 236
84 193
55 120
90 223
132 153
133 208
229 267
222 245
260 262
33 201
162 249
61 84
11 247
228 241
77 254
34 207
212 254
29 239
110 179
30 75
91 263
248 253
41 126
111 159
152 209
0 155
41 196
52 144
67 138
218 232
40 205
136 197
112 123
91 153
138 191
20 238
135 139
181 206
227 244
48 216
60 163
14 226
48 140
57 167
28 159
196 201
45 73
52 175
22 179
160 168
171 247
22 187
204 207
8 143
77 85
158 204
2 196
39 109
27 74
142 207
85 223
18 162
32 44
221 227
192 251
86 167
202 263
104 259
230 248
119 213
54 58
160 262
222 242
126 145
81 153
139 154
32 203
136 254
189 223
74 251
65 88
20 194
12 106
94 262
70 193
89 131
61 253
77 120
51 52
65 173
70 187
146 190
95 196
222 241
74 238
44 252
119 162
144 192
2 240
23 30
17 258
158 264
24 164
121 231
73 208
215 227
108 238
45 243
11 146
121 140
105 245
34 36
59 134
5 106
29 34
16 38
105 243
88 138
35 260
245 252
213 221
76 204
100 131
116 165
100 242
2 60
60 75
14 106
169 183
44 88
11 20
210 248
84 129
174 199
34 218
143 200
71 261
138 212
147 266
228 259
58 129
60 123
118 121
92 146
139 217
17 163
111 148
20 204
99 153
69 104
105 209
219 246
65 131
192 230
82 172
32 183
136 166
32 35
4 250
27 220
112 260
118 159
135 192
207 240
15 79
0 97
29 115
168 193
149 243
6 142
81 106
8 98
126 227
121 171
53 103
1 162
70 240
198 213
221 240
138 243
90 121
80 92
25 47
134 149
30 86
54 264
195 265
243 252
90 202
125 170
238 252
70 144
75 138
48 193
35 145
159 220
41 231
86 106
124 136
217 235
84 189
50 110
11 154
11 212
55 267
117 175
53 160
85 89
85 174
261 262
170 251
15 189
65 94
74 247
128 169
65 174
206 239
71 172
91 264
47 124
69 128
41 226
41 229
102 158
154 227
52 110
54 253
94 139
90 239
110 169
108 201
136 247
105 164
115 207
63 263
40 204
148 202
187 226
89 119
153 229
2 144
191 265
92 128
180 198
4 126
158 247
215 244
235 267
134 175
38 102
36 92
41 144
77 162
35 56
89 265
15 248
75 258
151 225
11 220
1 198
18 145
25 242
3 230
24 68
99 261
95 130
85 236
22 97
170 207
148 263
34 187
208 257
142 195
166 178
144 244
216 241
126 219
2 145
116 161
104 158
18 53
89 133
145 224
132 168
139 226
92 192
30 192
149 258
127 194
194 248
49 117
103 211
170 183
30 258
151 226
15 32
63 157
185 257
6 245
208 233
124 126
234 268
78 164
6 96
17 255
145 171
27 32
55 170
93 258
144 187
163 216
13 201
37 92
230 255
59 164
71 257
228 242
130 188
4 130
51 229
67 265
27 190
13 265
211 217
156 200
32 201
89 151
216 238
27 47
137 140
192 224
190 251
130 178
7 196
75 256
72 214
28 142
198 267
244 256
30 147
173 182
65 209
179 234
63 168
93 242
96 183
149 255
209 220
132 219
58 172
130 226
101 105
51 220
81 174
40 242
119 150
166 207
209 241
140 178
102 184
20 147
51 231
45 126
226 267
127 180
20 98
100 189
191 197
67 154
87 253
168 183
80 155
84 187
198 237
110 265
8 142
183 225
120 227
28 29
10 237
19 260
158 195
225 266
36 74
141 179
208 226
25 246
130 149
1 215
152 260
38 95
94 208
20 180
140 189
15 127
77 167
129 259
8 76
89 229
211 266
201 236
46 266
67 219
28 108
218 266
127 135
157 237
147 161
24 137
65 146
15 69
136 171
107 161
18 254
42 245
91 119
204 222
10 20
103 125
141 181
68 109
33 137
17 253
8 50
60 247
233 259
77 137
15 165
85 106
227 241
116 231
145 212
100 257
148 210
59 226
156 213
51 151
57 135
47 138
74 114
97 151
34 234
67 73
93 122
168 208
90 243
0 216
205 253
58 192
123 177
119 143
88 114
51 267
113 195
3 99
89 214
40 45
107 207
87 268
148 201
35 205
216 244
2 29
22 229
72 202
97 209
6 155
19 248
17 260
42 75
113 116
11 49
92 193
45 107
215 226
94 123
31 118
62 175
175 222
17 142
146 180
117 134
43 226
60 255
14 127
27 143
180 225
214 244
32 231
105 237
205 227
178 182
37 234
53 177
67 100
63 163
68 94
172 247
39 77
32 77
97 98
16 208
198 255
61 249
103 152
93 152
63 146
172 198
125 132
11 142
20 232
55 113
49 88
138 238
50 140
140 232
203 256
36 134
60 178
167 235
95 140
13 67
226 250
15 98
178 189
52 204
123 192
82 185
223 264
36 239
96 260
74 213
114 181
82 154
120 172
168 230
126 249
185 263
88 223
197 203
3 101
238 255
136 268
31 166
90 182
96 264
124 149
44 138
74 153
43 50
134 139
88 267
168 261
173 202
128 182
6 265
113 249
99 265
134 176
44 182
125 245
91 118
17 222
28 118
63 107
58 64
238 245
33 44
145 180
188 261
135 142
184 215
134 135
169 225
171 198
158 180
21 81
14 42
99 231
5 112
15 21
20 155
1 208
170 194
57 81
147 257
54 208
110 147
25 191
1 109
123 144
23 186
16 166
63 156
158 186
9 27
12 59
68 111
64 137
152 213
76 150
108 121
136 196
51 82
50 84
151 232
95 243
45 252
43 259
66 239
180 209
27 247
159 219
7 117
63 169
46 155
67 236
75 178
105 173
3 113
27 243
60 162
50 70
59 163
8 215
71 109
46 227
101 129
52 64
121 129
95 167
60 104
34 230
35 248
77 232
125 198
134 234
26 68
64 81
109 185
34 45
107 243
72 90
14 130
124 189
175 185
83 180
57 259
65 227
206 231
91 96
122 235
169 253
74 173
32 111
5 49
182 196
240 249
147 199
195 256
152 227
37 150
13 25
194 214
141 230
61 262
137 251
120 185
40 144
148 267
44 59
157 213
84 246
96 114
167 213
118 147
92 164
17 233
38 177
110 249
110 201
129 170
152 199
47 182
80 157
136 195
148 204
129 218
132 154
58 259
142 144
45 265
79 92
23 153
177 201
28 264
15 146
191 214
168 204
157 207
67 116
72 196
62 140
45 224
173 188
45 172
109 157
24 181
62 188
22 40
98 205
17 65
120 266
138 155
109 172
84 138
47 162
175 220
43 233
44 191
190 264
89 111
5 212
28 203
49 82
98 238
63 232
79 165
48 53
7 187
90 179
111 128
44 220
92 191
72 247
52 186
174 211
8 54
95 105
202 213
118 187
192 255
113 139
46 188
143 214
113 255
172 179
41 207
147 168
25 167
13 253
66 221
60 165
107 123
226 240
50 220
77 126
65 252
94 225
11 113
31 95
42 158
165 264
85 249
47 161
45 46
10 248
131 159
103 256
32 162
20 192
26 206
65 222
10 233
81 120
58 116
132 137
83 186
158 223
100 268
188 192
11 263
157 161
7 234
11 236
107 258
46 252
94 200
14 198
105 170
51 235
61 246
210 259
40 206
136 182
10 62
21 233
164 188
214 216
75 213
34 126
228 233
39 55
143 216
239 253
61 206
56 106
147 220
29 137
85 233
72 130
225 242
25 112
227 264
85 146
67 104
8 15
30 218
29 113
45 202
142 175
251 266
9 246
170 249
226 229
70 84
54 215
37 123
205 207
42 264
13 258
161 256
61 117
21 219
143 240
198 231
94 239
218 245
184 230
101 175
183 259
48 104
67 262
81 190
18 75
13 96
37 181
160 242
63 129
173 197
188 236
197 207
216 237
122 130
50 179
94 100
196 235
84 104
18 206
3 156
224 231
213 224
64 241
22 261
78 112
102 267
84 244
34 92
20 79
100 119
142 193
76 180
15 186
7 135
184 242
11 42
213 250
235 253
5 247
88 99
25 51
29 89
187 189
162 174
161 230
76 134
119 171
2 57
63 204
12 27
173 181
54 248
7 147
204 239
63 228
31 122
126 232
68 218
118 178
0 18
12 16
50 244
2 233
11 149
50 71
63 193
173 201
19 222
28 149
135 232
142 160
96 182
5 169
193 246
51 130
96 210
74 191
109 215
19 145
197 218
201 228
138 216
10 21
185 210
6 100
48 260
176 231
100 213
94 266
56 237
42 190
185 241
117 187
140 203
5 122
66 192
42 204
61 91
168 227
4 37
43 78
73 108
79 102
50 241
39 61
39 181
4 98
261 268
4 222
34 229
11 225
34 201
108 253
9 92
75 189
210 224
206 255
50 137
72 265
28 49
23 124
31 96
132 146
49 201
4 147
91 129
49 134
174 259
40 99
28 258
16 209
52 185
131 237
71 116
81 115
58 159
54 177
82 198
23 172
103 229
23 212
20 199
136 144
21 135
142 211
130 181
59 148
200 265
156 251
105 119
174 178
237 264
31 214
88 250
73 165
37 75
48 129
221 249
4 202
115 143
74 226
65 122
181 252
46 56
23 142
179 220
122 248
116 124
53 54
79 217
29 55
161 264
72 161
86 108
78 127
168 199
53 190
40 76
126 160
121 163
164 236
94 118
55 228
44 242
33 124
2 11
144 208
81 260
118 195
158 228
18 266
13 70
86 150
22 35
29 132
45 96
117 250
63 90
48 235
50 130
112 159
123 232
91 128
109 188
169 224
45 116
76 85
140 231
30 52
90 100
94 143
18 133
196 215
72 266
147 171
85 196
15 31
66 154
183 246
74 140
14 239
18 107
12 121
228 239
156 232
144 198
18 123
51 259
242 246
68 240
161 201
77 263
52 113
142 148
7 239
41 214
124 173
25 73
94 249
57 116
64 138
64 227
45 90
1 258
14 71
220 250
0 67
18 96
114 174
32 234
47 111
36 86
84 190
121 157
9 229
27 142
209 217
116 268
21 133
179 247
55 138
36 231
130 202
30 185
63 246
180 253
28 45
33 167
14 207
39 46
172 259
57 153
16 216
124 241
7 214
133 202
8 60
104 108
130 198
174 201
6 48
50 54
207 252
12 98
101 195
26 35
27 110
197 237
133 220
124 214
67 93
225 230
98 116
7 191
31 246
31 218
242 256
60 214
50 135
85 166
33 200
17 195
102 265
23 33
186 200
17 131
49 210
15 164
138 150
204 216
19 175
233 240
233 246
26 56
26 213
23 137
68 154
41 148
44 122
17 143
141 266
37 63
24 49
202 259
64 237
29 165
138 147
0 177
9 87
193 266
246 248
128 191
113 268
48 160
128 201
21 161
152 164
231 260
100 156
87 183
122 268
57 175
70 142
48 196
69 100
34 72
113 131
208 246
82 158
46 244
47 83
240 265
18 26
14 120
20 182
32 226
43 209
137 212
11 120
62 172
115 160
169 184
77 125
36 195
83 234
90 253
7 261
57 198
169 235
40 245
92 173
47 181
11 241
175 265
93 125
8 221
25 162
81 141
54 191
23 108
134 146
47 258
15 140
74 165
32 54
15 107
85 227
113 178
187 217
76 106
214 218
100 150
87 196
40 70
9 196
157 199
114 163
23 179
59 208
17 139
46 64
31 190
64 229
163 258
18 255
254 263
121 208
116 220
225 226
167 225
89 251
219 236
16 32
75 262
165 203
103 234
83 134
41 102
12 122
69 248
190 257
119 127
80 110
66 230
65 198
74 79
5 248
79 128
74 103
51 197
37 220
226 243
72 224
29 112
15 20
203 247
67 224
126 155
227 250
5 96
7 202
29 179
115 205
38 197
44 98
29 184
112 231
141 164
61 97
82 109
115 241
135 261
3 130
43 239
8 205
33 125
58 227
111 215
73 84
169 239
0 253
222 267
96 187
23 239
180 200
0 180
184 258
44 264
117 242
121 180
40 165
82 128
208 254
104 185
7 107
16 230
153 254
58 208
74 131
67 206
177 205
120 240
185 194
100 120
3 105
119 215
4 58
130 261
48 239
39 105
230 246
45 219
162 219
124 227
228 248
32 260
147 195
43 176
126 189
103 187
109 131
112 210
199 260
96 245
9 101
43 166
4 198
80 239
176 242
40 147
62 130
55 244
142 229
105 128
33 76
29 96
72 188
61 205
49 102
100 191
65 214
6 182
84 126
25 65
110 123
14 80
113 253
85 132
199 200
117 218
36 135
29 211
97 218
19 152
173 226
87 141
25 42
137 196
3 73
46 169
27 262
70 183
24 74
111 234
185 218
215 233
134 172
24 244
227 252
20 96
105 185
155 186
130 134
195 240
21 66
104 203
67 185
47 92
77 196
92 142
112 168
9 223
54 145
54 190
156 225
172 236
4 54
56 98
83 84
48 147
141 199
117 206
41 51
25 239
33 232
192 200
168 237
214 265
64 262
15 58
3 49
120 208
27 107
25 200
65 178
129 232
47 155
32 122
94 192
148 162
40 266
114 222
97 110
3 250
78 163
18 89
92 242
43 208
105 246
208 237
125 246
91 92
64 220
71 97
87 178
35 96
126 268
179 260
55 193
70 203
25 38
6 206
144 252
126 163
19 234
49 169
43 251
152 239
108 263
36 215
104 236
2 239
221 262
102 260
120 130
106 241
149 220
171 179
11 78
72 169
168 174
107 165
50 219
44 106
81 224
119 131
30 36
61 169
112 245
166 205
182 215
203 243
143 267
18 66
20 198
11 14
68 99
217 253
20 67
89 169
122 143
84 88
122 247
29 185
27 125
154 254
100 192
189 194
149 166
35 61
61 152
96 238
29 247
140 235
69 91
73 83
106 122
0 187
31 250
185 221
55 246
170 257
142 154
72 180
54 82
55 231
69 94
84 249
221 242
4 109
119 167
82 199
125 171
58 214
174 200
119 238
88 95
223 241
232 244
1 83
65 111
246 249
74 110
64 223
36 96
83 199
87 119
10 190
112 212
59 246
196 249
52 169
77 200
75 191
68 84
45 54
47 152
1 39
23 208
224 260
39 245
160 238
149 261
195 226
174 231
123 198
83 143
190 227
132 253
64 209
18 227
119 147
130 262
171 251
105 252
16 117
50 260
114 240
154 207
128 222
121 219
62 86
119 178
83 123
210 237
143 191
167 258
123 204
81 118
114 115
16 104
29 68
99 202
3 132
125 160
226 237
28 227
39 185
61 115
13 114
65 158
39 200
3 245
117 196
206 256
152 218
148 266
29 162
35 164
78 102
247 253
36 39
84 141
108 184
121 184
17 165
112 138
12 115
162 251
54 249
198 250
79 83
168 260
220 238
23 62
13 214
31 209
2 92
213 242
207 268
37 61
156 188
145 241
48 202
197 206
148 233
60 264
80 90
44 119
67 192
37 265
44 77
15 247
158 168
83 119
76 235
23 247
41 110
78 227
29 62
106 178
22 222
46 241
93 160
90 217
82 138
31 65
0 199
104 242
99 246
93 115
189 262
220 237
49 90
92 248
45 178
34 70
115 229
20 157
11 248
39 139
67 235
65 182
140 249
141 222
39 167
50 243
108 163
117 208
5 64
201 203
78 233
108 190
71 104
26 143
61 166
28 187
12 178
104 170
77 188
57 65
3 9
4 128
25 70
265 267
61 62
152 267
100 112
153 181
172 189
41 87
235 250
57 192
45 118
217 268
10 147
2 224
118 144
70 93
53 78
151 194
141 206
22 71
4 219
144 231
14 55
173 239
52 62
118 135
88 209
31 48
42 229
23 26
168 229
53 235
86 166
111 260
55 180
157 174
30 239
195 204
13 92
87 120
114 152
83 253
32 73
239 266
134 153
135 259
9 251
90 225
52 100
99 181
77 245
42 218
163 238
111 207
16 213
81 136
198 253
110 186
236 261
114 158
162 258
66 148
87 143
111 134
59 210
115 268
110 197
226 256
99 127
186 237
13 151
72 133
49 208
134 222
9 258
2 110
183 216
65 188
40 173
69 179
50 232
130 265
133 191
189 232
47 91
196 260
26 201
109 208
10 133
159 256
127 233
58 128
59 228
82 191
98 268
2 99
105 166
135 241
10 257
80 101
115 179
136 260
60 240
125 249
142 240
216 248
43 257
134 255
23 60
16 66
17 248
35 49
195 250
66 137
35 231
96 169
208 217
76 111
25 266
124 236
33 228
178 205
1 222
75 235
16 227
187 228
27 230
0 215
196 261
5 155
227 266
1 15
11 75
14 113
109 196
4 151
12 198
94 183
110 238
92 230
6 163
26 142
86 204
26 77
139 173
83 222
119 248
81 148
36 242
136 150
149 215
63 250
171 246
76 251
5 19
38 256
203 206
21 237
153 157
29 266
32 41
197 227
7 230
99 136
131 216
22 267
50 254
19 88
166 245
21 52
41 134
111 252
130 232
29 33
25 136
31 103
114 191
100 212
106 257
96 186
88 152
64 132
30 252
25 237
93 205
175 250
201 216
20 231
27 155
109 176
50 207
77 95
59 113
68 189
73 130
76 135
124 221
153 215
50 221
127 151
45 196
253 266
49 244
214 224
49 86
3 228
64 202
6 129
36 228
85 112
108 250
185 226
185 229
67 133
0 184
21 54
10 204
20 112
57 211
120 191
102 264
72 184
96 234
2 123
103 107
26 144
40 210
3 37
46 248
0 48
59 192
41 165
72 121
136 151
62 198
19 224
112 239
94 113
63 188
15 161
91 136
97 164
117 148
4 64
42 231
131 146
61 136
211 228
4 197
87 137
37 219
21 255
10 231
14 26
85 150
94 111
158 161
24 101
46 110
62 165
142 208
72 198
206 235
83 137
95 216
210 264
33 55
25 108
47 173
106 237
150 173
58 251
4 178
22 214
201 230
87 228
42 200
207 251
69 109
112 131
91 189
42 112
76 146
190 266
179 264
137 172
81 256
41 237
142 146
17 118
109 133
76 246
89 187
10 170
37 72
57 200
63 214
19 89
5 54
165 223
4 35
159 181
138 156
29 252
36 173
60 197
197 257
208 234
63 212
116 229
138 250
238 262
114 128
41 72
182 240
154 178
65 183
147 182
6 162
42 225
105 131
104 262
153 230
24 190
122 195
33 148
48 61
170 188
43 93
141 259
134 201
105 222
23 87
16 265
60 164
130 164
7 159
87 220
72 160
15 182
56 205
95 97
43 118
174 255
97 188
183 184
122 196
174 206
16 110
137 223
161 216
108 218
25 262
243 248
19 29
159 180
26 55
41 205
57 96
104 126
4 258
98 223
76 190
200 233
125 200
5 34
53 248
165 237
226 236
109 200
29 263
59 97
107 237
16 53
4 225
172 177
4 61
19 217
137 260
27 169
84 125
45 105
207 224
105 106
181 190
65 232
4 50
23 238
69 188
55 94
30 130
7 157
47 116
90 109
22 139
124 197
108 210
92 181
15 215
78 253
27 80
25 197
150 263
106 180
194 222
16 260
54 201
13 246
115 151
75 101
81 82
24 215
138 175
236 253
123 250
84 191
66 176
35 93
144 240
140 175
65 203
140 248
19 189
21 88
31 234
217 231
93 140
4 23
5 264
62 168
33 144
12 116
58 242
90 266
145 258
59 78
155 193
30 207
31 38
29 43
195 227
182 258
158 202
45 114
19 257
89 122
128 221
245 268
136 163
152 254
0 85
56 124
46 81
23 139
61 267
67 153
69 207
79 140
248 258
3 14
35 186
5 48
64 125
158 233
130 249
56 174
38 61
136 210
68 165
67 246
123 218
2 211
62 209
71 241
58 156
144 267
143 166
73 242
27 145
29 47
42 90
22 102
216 228
50 181
84 219
41 142
86 253
151 248
172 209
209 243
48 228
45 77
106 216
53 115
30 149
62 230
162 212
241 250
154 246
80 238
20 228
82 253
52 200
187 233
50 91
12 252
37 155
5 262
136 181
83 152
66 76
164 218
110 242
56 70
30 123
128 229
79 254
14 119
111 245
198 261
131 176
245 255
210 217
113 197
45 109
139 266
134 218
254 255
107 259
27 49
70 177
219 237
137 235
6 241
0 16
21 257
66 175
29 130
170 191
6 33
15 23
5 27
9 213
108 196
127 263
184 236
71 123
95 207
48 163
8 160
5 138
156 245
76 140
194 206
89 210
54 120
60 231
15 122
89 207
114 129
73 148
26 91
174 202
126 216
48 144
24 147
175 258
28 152
121 198
81 268
150 236
23 191
67 143
103 181
5 46
227 263
176 210
200 205
19 156
218 235
31 160
62 151
150 156
109 214
88 135
149 190
51 64
105 203
114 165
18 265
116 253
64 219
54 126
139 180
166 252
33 171
4 8
195 214
14 227
27 221
26 230
94 258
15 249
197 208
132 245
45 190
48 49
15 216
51 240
124 219
0 98
179 210
25 253
8 166
27 256
8 226
131 178
144 220
28 132
0 165
122 151
145 252
139 146
97 114
33 175
96 185
108 177
136 232
95 248
177 213
141 255
189 210
43 142
184 206
86 219
131 138
114 223
14 186
48 146
48 139
169 258
67 240
30 206
144 181
45 93
14 181
46 52
127 226
1 51
58 236
2 160
40 175
71 105
217 264
94 133
59 75
6 230
114 169
8 61
5 236
218 222
113 187
189 235
140 213
91 124
117 260
44 216
39 254
59 106
150 163
105 250
11 104
79 236
228 250
63 171
99 123
83 263
156 170
92 180
83 110
141 208
101 141
181 192
119 261
93 182
48 130
89 134
182 212
0 113
21 175
64 110
166 225
63 128
145 225
12 31
5 196
126 195
56 238
72 191
42 198
44 163
84 132
2 215
71 88
76 93
77 187
220 258
239 258
101 120
38 107
81 126
7 154
72 150
80 232
123 125
91 232
131 247
49 218
126 132
137 267
63 186
171 232
140 160
155 247
34 189
184 192
51 98
207 216
139 184
147 246
10 24
159 266
29 258
61 208
190 230
81 225
113 183
157 177
133 268
88 247
61 211
46 263
75 125
4 36
2 7
84 101
136 199
40 258
55 220
14 31
8 132
225 249
110 126
41 218
181 199
31 33
94 151
77 175
47 191
124 252
59 85
54 205
176 258
238 267
70 215
6 88
28 211
110 204
182 189
98 237
178 195
79 258
16 52
108 111
76 215
100 177
99 160
56 215
235 268
3 93
112 196
99 102
41 241
208 228
71 111
52 95
200 266
64 156
120 161
55 70
195 236
158 190
214 228
110 168
36 112
113 136
33 160
10 85
45 216
1 129
244 251
195 237
185 252
88 109
69 245
26 199
195 225
77 197
78 170
125 184
184 204
0 212
67 256
84 97
156 214
140 264
95 150
64 97
46 206
86 141
18 224
86 122
156 231
133 210
63 243
11 264
66 71
22 101
31 147
167 180
138 257
91 225
94 234
61 232
130 233
46 121
186 234
78 220
75 185
70 166
161 195
196 258
50 108
116 156
54 221
20 133
52 196
49 237
160 187
169 172
85 243
71 195
54 157
19 59
192 242
119 161
119 240
9 222
64 185
48 254
4 191
62 94
33 206
70 237
190 192
102 203
116 210
35 221
141 251
4 5
19 70
79 250
8 219
107 182
216 264
6 240
154 235
30 89
91 268
38 198
224 233
113 168
3 268
46 144
16 59
29 191
89 92
115 193
99 243
15 179
139 254
161 200
141 232
85 241
61 156
69 152
165 205
0 8
135 253
148 232
2 122
109 198
161 234
59 123
124 222
33 109
105 124
102 219
11 200
231 241
138 177
148 168
72 195
76 125
70 257
29 156
139 238
40 163
143 164
92 174
118 268
163 167
78 205
103 143
102 206
71 168
83 229
49 190
21 224
121 253
93 120
80 212
1 255
7 128
60 93
144 249
93 165
26 260
72 211
8 64
27 112
238 247
96 163
85 214
78 132
189 257
97 175
114 132
241 264
78 131
141 265
154 230
133 244
23 136
76 119
72 190
5 56
109 147
208 224
98 213
9 187
91 203
0 82
32 152
119 244
36 133
162 226
106 190
34 146
52 262
14 98
110 131
6 148
83 242
200 204
72 183
37 252
6 154
61 144
62 255
16 205
187 238
50 173
22 95
173 194
26 257
14 94
67 69
143 168
54 118
62 84
115 134
159 254
76 153
42 55
43 119
62 85
68 155
69 228
64 204
136 168
209 255
149 226
63 66
163 250
73 160
60 189
49 254
28 207
126 146
116 213
236 266
142 236
19 264
10 14
156 234
8 209
97 203
54 134
128 151
168 245
50 268
19 151
10 239
36 95
176 222
60 260
2 52
73 189
7 218
172 233
138 258
232 247
25 132
85 102
129 231
19 227
216 255
141 252
143 254
44 120
210 235
74 246
47 82
191 221
40 257
142 253
22 76
59 173
49 78
176 245
104 267
70 225
105 180
202 261
158 246
43 224
50 201
11 68
123 133
99 232
16 50
133 192
71 103
219 226
148 159
205 251
184 225
216 261
30 99
67 214
130 155
102 250
171 207
34 170
118 234
180 239
88 252
33 237
1 9
62 231
176 184
2 39
4 95
203 221
43 62
79 95
38 91
54 211
7 185
81 114
135 183
100 207
61 92
110 152
186 213
163 234
19 76
9 18
13 141
81 193
2 220
197 211
87 125
124 127
65 167
10 73
105 127
183 194
255 264
183 243
28 78
168 238
164 169
74 90
39 64
103 109
104 182
120 166
133 234
143 243
27 163
73 147
9 13
129 139
9 99
121 182
141 224
7 18
70 108
49 167
56 95
104 194
95 212
28 196
115 180
96 165
97 120
1 177
9 100
73 190
7 99
48 198
199 220
143 231
5 161
6 156
78 168
9 160
127 193
82 152
164 171
86 189
54 71
55 212
68 225
18 132
108 140
26 109
10 241
95 197
135 238
103 227
118 255
170 172
22 72
44 86
134 150
81 251
4 93
111 153
175 234
54 62
76 226
57 202
66 104
5 151
124 182
13 90
30 94
51 104
171 255
62 253
53 74
105 231
81 129
4 193
208 249
101 196
160 192
134 198
9 211
118 165
57 64
156 215
10 245
142 217
6 104
32 243
16 120
1 24
3 165
96 127
70 152
64 86
158 165
35 223
25 245
188 233
97 223
183 185
22 188
116 224
13 30
128 143
213 223
138 140
9 184
99 112
101 256
18 245
2 261
32 148
82 255
10 181
137 219
1 154
91 190
161 255
55 151
42 211
220 262
114 250
127 134
179 222
18 21
143 220
158 167
140 200
141 228
91 107
105 230
80 257
159 261
135 263
53 169
76 159
184 255
91 144
30 100
210 239
186 217
124 152
58 120
106 268
56 253
30 66
202 232
143 245
247 256
55 99
132 162
57 120
146 223
137 176
50 160
147 153
115 147
31 123
223 244
153 159
90 234
175 267
185 243
17 206
114 219
98 135
99 165
25 80
101 198
72 111
167 253
115 136
23 80
111 217
83 111
30 144
4 30
22 244
206 253
99 195
125 229
67 237
6 233
137 226
140 243
51 215
73 171
8 25
149 256
56 131
197 251
15 159
135 229
41 213
207 208
172 218
220 257
88 262
111 152
62 258
51 89
55 59
118 262
13 39
78 146
112 120
239 241
162 256
111 154
95 260
24 247
101 202
127 147
25 196
171 184
71 91
63 211
174 182
113 260
33 186
211 241
41 147
100 136
206 210
56 228
139 251
161 219
124 238
168 253
184 267
196 200
24 140
29 160
170 260
18 183
124 193
46 73
59 154
107 146
55 229
35 211
88 166
69 242
17 32
206 234
85 87
73 187
78 94
2 44
53 93
17 173
89 220
10 254
129 138
71 230
65 220
64 145
236 237
8 28
222 251
40 228
28 99
35 105
192 218
3 163
184 237
118 250
230 256
2 109
234 237
19 31
6 140
120 202
11 259
194 233
70 218
74 204
194 202
108 134
60 137
149 252
94 254
171 192
165 182
23 76
23 189
47 192
150 258
153 194
21 100
53 96
186 199
42 62
97 136
77 160
137 183
14 126
58 238
163 180
70 99
155 184
199 205
146 233
83 157
66 161
112 184
225 239
46 94
21 141
57 100
39 158
3 63
120 210
34 248
42 216
146 170
128 193
22 265
148 252
36 143
21 67
126 157
56 102
49 216
40 56
78 126
21 178
69 71
10 127
105 232
63 238
6 212
15 175
164 232
108 192
1 259
29 196
193 223
127 227
31 105
30 37
60 250
111 163
111 213
87 147
117 168
80 146
108 118
29 183
60 63
40 262
9 88
18 166
4 223
30 47
157 216
96 135
164 193
86 212
55 250
62 218
34 130
122 201
16 210
32 254
24 152
11 118
9 139
56 244
11 45
57 216
38 110
0 163
113 151
169 179
90 174
203 220
167 169
49 144
76 163
20 94
61 163
61 218
12 92
27 111
28 151
32 196
198 251
40 74
200 264
2 247
210 245
35 252
90 119
99 111
52 104
13 206
167 221
22 55
33 258
62 199
75 210
127 189
82 137
34 86
1 65
43 147
98 125
61 219
1 226
110 209
48 218
66 218
167 209
74 100
229 232
24 56
38 244
21 241
48 113
162 182
203 241
179 195
43 71
159 171
38 64
61 230
78 178
129 161
79 167
24 252
87 249
116 245
102 112
23 84
175 214
4 91
118 179
27 28
186 267
161 225
116 203
105 200
220 251
28 221
132 227
112 178
164 168
87 205
20 185
15 235
178 181
198 235
159 237
147 157
159 242
44 246
28 81
214 245
8 200
67 159
19 83
78 183
39 56
102 211
97 106
6 68
129 268
94 257
43 222
20 245
92 96
92 257
18 252
153 166
155 209
53 81
57 98
54 150
177 215
122 259
157 185
104 201
200 239
116 247
74 111
37 222
144 259
3 242
93 104
172 196
113 232
62 195
146 236
250 261
32 181
53 150
84 184
64 105
55 114
91 186
3 157
95 213
142 167
17 102
11 62
54 61
6 145
216 232
229 249
162 213
141 175
196 266
132 158
149 189
58 194
83 132
93 169
21 159
137 180
194 197
175 231
195 267
160 223
67 151
59 71
54 55
76 169
59 182
28 106
10 66
126 153
22 105
65 118
122 160
158 266
23 261
8 92
39 72
23 173
111 214
40 128
137 166
69 249
105 133
234 251
26 120
25 110
13 264
181 219
172 185
2 225
53 184
139 175
84 215
187 207
65 193
12 20
104 145
139 178
140 251
32 263
12 36
106 256
70 184
109 221
71 162
65 171
28 161
200 261
126 241
60 212
135 240
76 219
105 253
9 224
112 170
84 161
58 108
150 218
75 188
4 235
88 104
48 96
200 240
92 219
112 228
89 249
39 263
220 240
60 142
66 105
233 260
77 209
12 210
53 156
110 185
102 114
216 253
51 251
138 234
99 201
102 131
7 14
81 100
160 189
97 173
166 177
99 244
181 234
79 199
10 16
140 262
103 244
69 165
107 120
17 167
81 171
6 252
159 238
84 118
59 187
93 221
156 212
94 165
85 140
32 67
63 203
254 259
108 265
32 112
189 242
179 229
69 96
47 174
0 103
95 122
105 268
180 254
124 209
54 226
35 176
37 132
55 254
9 249
57 210
11 234
39 210
55 260
79 239
162 179
176 235
24 221
17 63
0 31
0 219
3 57
115 120
67 176
202 208
225 244
155 223
167 207
67 201
56 236
80 133
26 28
154 228
153 163
16 137
66 143
35 126
4 82
155 171
85 93
134 143
73 175
59 174
31 98
81 125
65 211
132 177
15 99
120 171
38 154
120 252
153 245
193 243
177 233
4 18
106 124
44 83
40 151
5 147
185 211
47 62
137 256
126 183
79 107
58 264
119 148
38 57
57 212
52 140
106 111
111 156
78 265
208 264
186 268
1 194
111 120
205 248
39 191
155 222
46 141
154 261
35 239
105 137
118 151
6 217
41 80
51 58
222 259
183 258
171 176
11 109
11 123
163 245
45 120
82 183
179 237
60 74
64 240
40 120
90 224
1 22
52 70
209 244
239 246
193 212
9 110
66 163
117 228
219 241
206 266
79 82
34 49
96 157
15 156
122 149
6 82
7 87
238 256
90 147
165 201
90 173
1 190
215 267
186 196
133 263
213 256
107 180
48 250
234 236
3 221
38 199
249 254
113 214
8 94
102 196
49 212
237 241
124 204
68 72
24 208
44 118
203 214
221 228
147 228
153 221
102 249
64 94
158 257
178 251
154 264
32 207
107 256
120 258
38 48
183 200
212 219
6 152
177 188
241 266
142 228
133 250
16 261
53 171
45 98
16 193
145 214
109 235
35 89
111 267
98 102
133 199
52 243
15 139
175 209
1 151
172 263
97 216
4 245
90 244
135 147
163 218
33 67
13 81
224 245
26 265
212 248
128 180
81 133
231 267
212 253
166 169
59 146
136 264
126 259
146 177
161 211
51 88
120 137
3 119
18 218
17 199
43 235
151 179
58 164
45 245
159 199
39 99
47 200
40 229
53 104
229 240
49 231
153 217
148 174
36 72
235 239
81 204
48 67
83 130
185 242
59 230
234 244
77 78
21 266
112 142
226 254
71 207
106 164
242 261
51 190
50 164
100 244
4 261
40 263
26 219
212 229
164 233
23 263
62 262
216 262
19 164
163 259
194 267
19 38
98 176
78 148
127 169
107 154
113 128
165 171
106 250
53 127
25 243
31 112
102 148
100 164
209 226
103 122
203 248
30 124
123 244
8 37
67 152
156 165
16 153
0 19
51 155
11 131
132 135
184 208
40 241
218 234
21 34
106 212
49 265
21 43
47 223
27 43
105 251
152 160
45 162
11 69
91 99
131 158
78 175
154 177
152 185
14 146
94 108
93 223
35 129
14 81
146 244
75 91
37 48
75 134
26 103
1 12
48 184
44 268
23 171
119 258
208 222
78 239
224 236
32 105
123 208
1 189
171 211
195 262
83 220
22 242
35 177
22 259
41 75
139 244
134 192
51 176
196 257
16 222
60 113
150 246
142 156
119 200
55 266
18 247
151 205
73 260
68 73
95 249
182 253
75 158
86 242
25 177
4 63
17 120
88 203
44 233
224 247
166 237
28 176
66 128
95 179
217 250
46 60
32 118
28 162
66 96
21 56
1 121
125 142
143 244
45 164
183 265
94 232
74 179
144 202
144 248
59 147
33 239
101 152
111 257
145 205
142 212
11 245
22 50
22 46
91 207
76 148
78 80
160 218
66 144
63 147
137 161
159 167
153 191
64 266
80 116
109 174
83 219
93 111
70 146
169 176
94 213
156 263
27 257
29 129
206 260
10 160
215 220
195 252
31 259
49 130
76 239
40 259
48 111
73 126
80 100
99 208
105 155
233 265
119 225
241 257
59 84
5 249
102 111
21 256
7 66
112 129
222 248
77 248
106 196
77 123
22 106
56 195
137 157
32 177
48 77
64 90
21 118
43 100
49 153
11 64
16 128
82 265
7 220
83 176
233 262
196 230
197 216
78 121
95 228
75 96
41 209
13 220
114 118
3 171
92 203
0 29
175 239
85 184
139 262
91 233
71 252
103 209
164 229
43 83
8 232
121 263
60 242
104 266
39 86
49 177
81 187
36 181
49 109
2 85
48 121
122 144
140 206
31 187
142 252
200 229
217 227
131 236
31 126
35 123
109 171
35 220
113 158
63 133
17 158
144 182
100 151
2 230
187 259
41 103
102 141
16 146
112 204
115 117
31 196
141 223
9 161
115 230
47 268
74 210
109 128
18 99
162 234
32 189
80 166
134 141
96 130
250 251
156 248
27 70
41 50
1 124
112 249
115 132
110 218
41 86
159 252
76 214
113 141
57 184
56 156
34 232
64 87
128 211
9 234
38 136
33 123
158 171
68 228
223 254
195 251
22 30
143 255
75 130
60 185
100 135
6 147
114 140
17 73
189 254
127 183
164 221
70 189
38 86
131 256
15 47
119 140
85 190
87 162
76 166
54 245
7 240
234 266
5 121
13 31
104 220
225 261
32 96
10 199
39 211
113 213
88 151
135 151
74 224
21 152
157 252
118 169
22 164
166 238
5 71
81 86
100 263
153 179
103 225
114 134
183 255
22 134
164 235
129 234
104 127
31 237
41 264
46 249
195 233
1 193
184 246
7 215
22 111
64 267
84 98
28 93
119 128
82 151
107 116
46 127
26 215
50 217
26 224
22 54
42 89
34 148
95 104
12 100
1 128
195 260
173 249
31 151
182 205
125 256
20 66
98 152
9 42
125 243
27 176
6 11
2 104
2 221
4 188
100 253
69 129
131 249
216 249
86 210
80 91
145 169
160 237
140 195
77 231
44 121
18 44
151 246
128 252
94 163
6 260
58 234
2 18
47 204
3 218
89 195
100 160
15 224
215 241
152 167
16 83
133 189
119 228
81 172
5 238
98 138
83 167
7 188
3 197
49 173
59 108
5 53
32 55
66 209
208 227
94 209
175 225
127 241
122 184
65 107
8 202
5 229
27 175
136 266
37 164
116 242
31 135
94 263
164 222
198 218
179 184
157 268
114 260
9 205
45 227
79 142
207 263
149 265
123 145
30 121
156 160
169 250
114 198
97 172
7 146
138 223
0 162
67 68
68 128
123 146
107 221
24 182
43 229
92 155
169 182
56 233
56 222
169 202
90 155
94 214
104 124
1 176
5 91
42 257
116 176
66 234
110 171
57 136
151 196
77 182
81 205
150 253
160 259
107 145
149 181
43 201
81 150
166 234
106 249
109 262
177 186
179 240
90 214
71 220
9 216
5 41
0 102
153 246
3 196
68 190
66 68
75 131
96 97
69 120
159 259
25 225
57 230
149 163
24 34
56 242
39 178
80 125
164 194
187 209
130 171
185 216
127 202
47 180
133 215
140 182
193 261
3 54
103 127
87 88
167 226
86 115
1 110
94 166
151 233
73 136
18 173
26 32
147 251
94 264
4 14
87 153
138 168
6 9
12 219
152 259
5 185
25 173
228 255
144 263
14 70
12 35
119 160
1 172
192 241
16 77
45 221
22 239
0 141
43 76
59 205
44 179
46 210
74 264
177 185
51 153
174 229
22 182
3 255
30 54
180 266
15 71
9 210
127 197
41 149
186 208
104 251
159 223
43 204
61 220
18 156
52 264
232 239
55 184
135 268
146 259
146 176
115 214
172 182
117 223
188 216
29 222
43 141
52 115
61 99
80 267
137 237
114 146
152 221
213 257
218 223
81 197
6 87
15 155
35 195
101 242
167 244
176 219
128 162
27 264
63 94
68 231
76 199
179 193
106 175
191 247
181 239
9 65
8 21
153 232
76 265
192 198
123 229
14 177
224 259
234 264
143 175
30 59
28 202
26 111
57 88
78 248
91 191
145 160
8 145
31 153
57 126
93 99
195 197
107 203
16 141
116 197
6 81
71 106
9 180
95 187
105 135
127 175
141 213
125 140
23 61
162 172
10 19
12 249
18 251
145 191
175 205
179 213
65 73
200 214
175 228
109 167
65 234
56 221
9 116
30 198
22 209
73 230
181 215
58 67
8 157
39 252
26 221
10 209
90 105
50 129
170 220
62 132
74 188
18 260
178 227
100 154
82 190
37 241
111 264
43 103
34 205
27 222
184 196
3 103
236 247
100 134
22 57
113 244
60 71
138 209
93 97
113 252
166 182
130 169
40 158
59 111
72 259
19 161
128 156
85 136
82 83
184 198
17 50
98 121
38 175
177 251
104 141
206 248
108 229
109 159
125 191
209 229
36 100
28 241
184 240
139 231
60 199
51 214
191 234
53 170
10 31
72 221
77 116
70 244
48 137
14 173
50 76
36 267
125 259
5 30
132 188
92 243
231 252
120 211
73 199
64 166
93 146
109 267
164 267
126 128
133 239
124 216
66 224
84 242
15 160
23 204
27 116
191 242
28 226
55 258
202 228
113 118
31 161
88 184
227 240
99 222
215 262
118 130
143 203
35 204
147 166
195 207
155 196
56 92
40 239
51 95
31 106
68 200
211 218
68 203
214 221
70 226
79 200
34 105
6 219
39 186
44 55
91 243
24 191
10 32
38 166
152 163
122 250
256 266
194 232
122 142
138 205
69 102
58 207
27 84
96 143
60 230
101 245
145 167
23 44
17 174
124 202
112 182
19 134
93 225
137 177
13 267
119 243
56 219
104 179
109 240
16 212
39 156
76 203
23 101
196 219
188 214
101 192
169 238
12 44
83 267
81 245
25 147
133 254
10 104
21 252
137 222
54 220
107 265
7 41
240 255
56 158
50 121
138 247
30 87
11 135
175 249
77 253
53 149
85 260
35 119
96 190
48 172
0 35
145 192
147 244
146 268
104 150
166 189
53 165
178 212
24 70
169 192
56 234
142 199
7 27
17 168
52 159
55 136
131 248
192 211
37 182
209 212
63 253
90 180
107 231
114 175
103 241
142 262
161 197
150 214
147 241
73 192
151 266
92 211
19 180
143 181
10 45
173 264
166 219
44 96
16 243
119 157
47 144
57 129
53 199
201 225
19 115
67 126
1 115
123 235
0 66
252 264
36 247
69 161
37 211
231 248
12 257
141 183
34 88
44 147
191 195
135 222
160 163
0 172
178 222
192 208
164 220
72 225
156 228
192 232
74 214
40 194
27 172
117 239
55 217
225 260
8 77
41 223
94 188
251 258
112 255
51 221
47 202
55 240
98 106
1 161
57 247
167 191
192 207
18 54
106 232
7 85
160 186
90 259
208 260
162 241
61 239
39 188
25 45
45 71
137 229
90 228
122 170
63 151
77 243
9 178
2 242
59 168
107 220
95 204
203 250
107 252
69 88
16 219
170 242
227 261
99 169
47 254
69 103
162 262
118 145
10 131
172 190
40 244
124 147
205 241
38 160
105 226
0 208
150 164
95 211
108 251
44 176
80 131
51 94
125 238
190 232
33 222
52 154
191 213
108 122
5 7
81 108
88 105
158 203
109 251
26 172
152 206
18 70
138 185
1 138
215 228
49 69
241 254
129 163
75 142
57 82
43 253
162 257
17 218
24 173
165 189
172 251
63 84
165 231
150 189
11 108
61 143
11 217
61 181
83 185
44 214
106 149
147 209
46 97
197 268
41 89
66 151
35 181
123 221
45 119
68 108
120 251
59 217
29 224
70 200
156 162
31 108
105 116
25 204
26 30
112 145
48 192
18 98
89 146
60 122
8 44
107 167
10 180
73 85
231 254
77 155
7 210
16 200
212 235
151 173
14 40
98 221
141 186
162 202
117 236
97 255
79 96
218 225
54 148
81 99
68 126
10 240
130 193
111 263
45 263
99 131
104 111
177 217
122 140
26 181
5 201
51 175
30 112
32 169
34 154
108 207
151 229
94 250
139 189
53 183
73 226
4 267
248 249
222 253
171 259
10 244
25 58
169 191
18 55
139 216
59 243
93 109
98 194
183 239
5 24
49 122
32 193
26 188
89 154
92 224
174 184
185 251
101 179
43 85
4 166
32 225
215 236
7 96
126 208
147 170
196 259
201 262
47 189
104 129
76 91
121 210
110 133
99 106
143 213
40 161
53 153
19 34
18 153
171 231
14 261
79 117
41 217
24 167
142 239
139 242
51 149
163 220
100 255
53 264
45 236
24 179
186 210
84 188
112 183
114 186
2 167
84 170
204 261
176 240
98 110
25 238
164 230
249 264
103 249
1 153
12 244
14 230
194 198
43 67
150 251
14 195
153 260
97 259
26 231
121 152
140 237
182 226
4 196
99 235
153 168
35 38
105 150
33 63
104 120
119 245
11 25
60 130
164 178
29 57
1 102
188 241
39 247
208 251
55 156
71 247
25 53
177 194
17 159
100 141
70 127
7 97
20 134
109 254
258 266
92 199
51 143
36 147
65 266
57 75
78 243
24 47
84 168
59 101
132 241
106 119
75 117
48 165
73 164
78 188
94 203
129 267
164 225
125 128
8 27
53 72
34 106
141 233
91 175
53 70
8 191
53 181
58 183
167 222
65 99
25 228
100 204
185 231
12 61
75 257
42 71
86 131
123 184
229 252
54 235
53 245
15 61
31 236
207 248
141 250
112 185
140 220
52 220
61 241
21 204
14 47
57 152
154 179
13 132
16 237
128 261
35 138
8 123
54 163
1 96
13 218
193 201
16 203
258 263
36 224
45 148
93 199
103 192
101 261
36 243
100 261
147 169
76 194
41 247
98 216
48 188
69 221
99 180
207 236
3 227
138 225
13 237
23 49
184 195
103 120
17 46
21 111
7 139
261 264
47 59
7 198
66 112
38 82
61 171
81 135
157 162
55 144
53 68
1 116
5 234
148 157
112 209
50 112
146 196
4 40
158 207
10 151
109 239
86 154
24 35
128 210
85 268
24 186
201 249
161 251
114 211
18 253
98 128
53 242
37 137
67 76
94 110
231 249
178 241
5 164
92 194
116 262
10 54
76 178
33 47
19 262
87 181
6 190
20 33
47 51
16 233
20 101
0 133
27 61
13 47
67 195
114 226
117 128
121 151
57 104
84 128
39 257
218 263
145 190
32 137
74 123
134 250
70 82
176 237
19 116
65 254
57 248
17 93
47 127
198 217
19 206
54 111
5 74
130 187
96 113
122 246
30 81
224 249
114 252
4 69
88 133
173 238
29 177
223 239
130 186
75 202
29 190
76 95
96 116
126 201
120 187
20 191
52 146
85 86
161 194
97 262
203 212
187 192
167 188
47 139
122 193
124 146
108 248
15 28
130 165
35 245
94 112
98 267
47 69
136 146
32 52
35 128
71 260
204 219
179 250
146 191
36 79
81 209
80 210
62 95
82 160
60 236
70 217
138 267
146 181
236 258
131 177
96 100
71 193
7 263
37 85
144 218
9 31
154 224
34 109
22 172
164 165
32 117
100 201
19 213
24 210
93 142
99 245
42 144
87 104
24 171
150 185
84 149
120 149
38 146
109 218
78 104
85 125
76 184
208 263
180 231
82 143
79 158
42 154
23 182
172 229
95 178
86 95
112 119
25 186
19 253
122 219
47 198
149 267
119 132
60 170
29 90
22 130
120 159
101 103
168 170
60 148
10 163
116 208
60 228
39 60
49 242
124 253
0 74
214 240
157 214
25 250
77 195
40 101
102 151
33 251
41 91
32 68
38 192
191 268
77 215
29 152
59 235
106 125
36 202
16 152
140 197
18 35
72 108
0 225
0 173
12 200
92 136
141 227
143 180
135 244
36 234
6 189
132 231
92 109
105 112
84 263
11 181
171 199
188 201
224 261
107 267
59 254
44 249
8 214
13 167
150 255
81 121
153 196
140 259
13 173
62 105
147 238
29 216
13 229
135 171
152 192
34 44
218 237
179 266
99 151
20 62
20 103
85 179
112 230
202 216
146 224
146 239
140 208
26 183
88 162
2 228
153 195
125 244
225 232
47 201
50 152
23 121
52 150
6 181
79 223
7 201
39 104
54 70
229 248
74 91
38 103
8 207
17 98
262 264
126 152
104 225
154 259
225 228
25 198
177 237
53 102
157 226
34 122
206 254
47 48
68 244
107 225
167 199
213 268
24 60
41 64
73 188
26 43
52 99
129 189
94 164
224 242
89 166
17 204
73 211
43 242
178 216
66 208
202 251
126 238
144 245
165 240
38 133
226 248
3 200
33 95
12 52
210 218
97 212
16 34
40 155
24 250
110 253
20 73
116 230
220 225
141 220
25 247
66 261
32 56
28 101
112 256
61 180
173 199
87 233
6 266
32 127
148 184
81 249
144 247
100 243
15 114
59 224
19 265
113 250
135 249
59 135
48 167
111 151
113 159
48 181
9 182
31 227
46 228
37 139
121 193
52 147
204 236
94 184
34 169
30 180
90 177
27 136
239 267
16 253
52 78
153 162
18 121
103 140
27 64
17 256
165 179
170 215
50 57
205 229
106 129
63 262
59 197
105 201
18 150
81 214
114 122
120 167
190 243
238 268
3 219
115 266
47 178
51 135
148 153
41 143
52 168
121 153
5 89
197 198
154 241
67 119
95 171
87 121
96 102
89 174
65 79
77 106
49 236
50 200
220 223
40 183
68 209
117 120
191 219
96 147
128 148
89 106
179 258
146 154
101 246
191 250
1 147
17 209
6 91
8 135
56 148
257 263
28 156
12 40
87 248
5 143
153 202
147 233
53 73
86 110
171 236
179 206
130 162
108 120
15 141
173 200
206 258
16 195
142 147
20 250
45 249
163 239
145 206
40 171
80 177
165 239
149 185
83 116
187 224
149 154
22 192
70 120
158 184
155 230
147 200
101 163
93 208
63 219
109 252
204 210
83 209
149 205
23 156
2 61
120 127
134 215
38 131
199 248
22 152
68 142
102 180
163 176
188 248
168 171
176 217
32 220
25 261
75 233
84 133
30 160
110 163
70 113
177 218
78 115
24 144
58 149
63 148
173 209
0 135
126 147
25 90
134 225
121 255
98 101
23 181
28 224
45 94
204 224
159 211
108 135
182 265
28 126
49 85
142 251
163 211
129 175
49 113
88 140
39 62
69 137
11 231
4 232
6 34
8 85
42 146
96 243
92 205
258 262
62 157
185 219
89 242
52 75
176 203
70 89
153 200
79 177
92 150
82 130
11 257
91 199
45 193
54 216
3 118
56 243
20 50
55 100
138 262
60 152
107 128
25 260
184 253
144 236
83 90
58 93
160 196
246 266
102 165
16 63
68 159
67 181
110 189
43 198
0 45
220 249
30 136
6 227
73 205
106 264
108 185
31 129
9 125
246 256
231 255
204 232
177 224
237 259
188 246
141 202
149 266
94 122
29 225
20 196
159 185
12 243
63 249
59 177
141 155
189 206
112 193
12 29
9 247
93 230
120 178
17 156
27 101
26 152
208 245
55 64
181 202
50 247
49 178
60 225
26 229
47 107
48 76
64 218
212 226
157 205
10 115
172 235
77 81
211 219
164 174
27 30
44 245
213 214
222 228
64 106
28 262
98 218
66 238
31 239
57 76
141 144
54 76
85 246
45 218
24 249
4 163
147 162
42 133
131 137
35 171
128 150
50 187
47 55
5 243
58 267
89 261
104 118
57 197
179 226
32 143
106 166
193 209
66 260
125 226
77 108
122 257
70 157
51 213
84 146
81 159
0 63
112 216
149 239
31 242
150 213
65 125
38 77
26 244
78 180
15 181
70 114
117 207
49 154
52 230
240 242
171 216
126 166
196 244
6 250
117 238
110 156
180 223
13 102
115 165
87 139
1 86
85 122
150 240
14 34
204 223
36 84
93 148
3 189
77 258
20 130
87 93
47 50
100 188
139 261
0 264
35 180
31 226
96 106
4 108
109 158
111 253
134 145
205 264
90 156
165 186
117 159
40 59
68 174
14 78
111 240
112 243
189 212
85 258
142 220
78 103
48 253
63 80
178 204
148 240
68 120
190 199
212 238
52 122
81 231
155 169
6 236
64 178
157 244
91 183
28 53
11 240
242 247
99 137
31 100
74 209
61 126
126 246
13 51
114 200
128 165
51 193
10 82
103 112
49 235
207 243
178 229
182 186
72 110
126 158
33 181
62 152
12 170
7 106
1 112
26 154
152 252
4 192
116 258
194 268
64 126
48 179
67 221
33 182
181 229
54 250
56 265
63 140
88 207
227 229
126 197
137 257
97 104
81 223
78 90
35 41
96 120
50 236
85 234
28 92
172 210
14 157
20 216
224 254
9 261
107 187
14 69
20 118
4 70
18 248
6 44
127 191
106 265
162 170
182 193
47 75
54 90
42 64
144 223
93 215
27 122
75 161
113 219
53 194
64 103
13 139
9 179
185 206
109 165
91 110
29 103
73 141
59 191
232 233
168 175
168 179
87 236
138 204
34 56
81 210
209 256
14 62
135 196
79 119
24 121
144 177
101 156
69 78
66 159
62 113
156 187
56 58
83 207
74 88
158 265
111 189
88 110
120 133
240 266
22 75
162 198
160 184
125 255
43 266
110 236
205 218
158 221
237 244
120 153
54 139
31 197
93 180
34 40
64 95
115 222
107 135
22 201
185 238
9 171
7 73
93 238
59 247
23 165
66 249
110 239
28 172
125 143
37 210
39 175
259 265
116 194
111 223
126 254
41 259
121 154
47 171
49 258
75 195
191 208
171 208
181 267
106 127
56 140
19 32
86 203
53 58
113 251
206 230
62 254
117 244
156 159
27 191
55 205
56 254
23 155
22 237
214 254
155 268
45 68
50 117
49 252
172 250
36 256
3 167
118 202
73 173
45 64
63 114
177 243
18 80
34 68
38 243
92 149
75 94
208 230
11 227
159 228
150 208
9 134
162 217
80 248
133 256
101 221
42 215
142 213
172 228
30 96
121 259
169 199
151 154
178 224
223 240
215 243
144 200
95 223
138 197
17 146
9 255
2 192
5 58
31 184
8 152
47 131
237 268
161 164
157 186
54 138
17 85
120 186
131 173
211 225
109 183
7 238
181 223
2 175
46 193
160 202
91 202
117 267
14 142
152 262
62 90
49 203
88 191
119 218
46 75
224 230
165 245
59 141
73 267
132 191
42 207
115 261
67 80
137 221
28 80
162 173
175 253
8 32
243 254
109 225
23 110
58 75
28 259
69 154
37 133
89 204
157 259
51 60
14 152
69 143
188 206
84 261
147 230
70 167
214 217
83 214
14 46
155 178
111 195
0 119
118 125
63 191
16 81
28 234
13 61
3 18
72 252
109 226
107 217
181 233
225 253
52 57
96 219
84 183
216 235
23 249
204 263
188 215
124 205
4 268
137 242
9 17
37 267
65 104
162 244
109 238
116 267
42 103
69 217
237 239
169 177
28 71
53 223
23 154
62 100
49 214
42 228
145 161
149 225
43 133
131 189
0 140
24 258
132 198
132 252
52 85
84 164
95 193
25 93
17 116
26 223
46 154
176 225
26 191
96 167
66 229
64 120
169 221
53 265
72 240
14 235
21 200
100 235
86 249
143 252
188 218
9 120
138 224
96 205
94 260
135 157
49 205
20 261
87 195
125 234
61 228
135 162
25 30
29 48
26 114
171 189
6 14
175 237
65 194
0 145
104 133
10 122
143 253
31 125
200 226
19 79
9 204
157 164
49 165
41 256
64 67
92 249
20 230
113 210
2 140
86 145
107 239
97 126
87 136
157 228
187 245
134 259
141 200
216 217
101 249
189 197
2 251
110 115
3 134
133 185
171 265
84 155
76 109
189 221
60 234
47 149
63 245
18 233
92 94
30 73
63 162
35 120
130 133
21 234
229 247
85 198
98 247
20 43
67 75
29 212
143 204
203 262
127 165
38 196
84 243
86 180
14 54
120 250
44 190
48 252
137 198
197 258
126 203
204 238
120 174
14 245
68 80
90 183
59 140
33 259
233 236
154 201
186 265
119 195
34 66
238 257
42 141
195 245
63 130
34 233
220 259
77 190
43 172
34 75
7 256
59 112
200 268
32 130
221 222
9 108
36 268
64 157
69 95
79 189
86 146
29 136
21 227
64 261
143 152
104 175
89 140
91 208
61 217
50 147
3 152
117 232
75 123
133 144
98 261
29 223
100 169
191 231
135 179
0 230
80 217
21 199
10 192
214 227
96 170
223 235
6 32
6 63
58 193
250 259
61 157
94 147
135 218
108 262
59 211
45 85
134 159
98 203
108 130
214 249
43 57
64 80
4 110
66 131
7 251
31 176
10 111
222 237
59 253
11 41
191 196
227 256
74 200
0 20
23 113
195 217
101 218
120 129
24 176
58 140
30 128
37 106
124 134
60 108
165 243
1 239
22 151
1 54
172 215
7 129
0 87
4 224
69 255
122 123
43 169
203 229
34 37
7 92
48 226
45 234
101 220
36 204
30 145
198 201
10 174
71 128
145 226
166 260
29 180
60 237
171 224
18 95
44 116
117 190
95 267
1 66
147 261
22 26
62 93
22 82
99 152
10 225
105 193
66 132
138 157
109 110
73 250
33 266
39 53
137 238
65 176
62 135
44 103
111 126
189 234
22 24
81 147
125 241
20 42
52 124
190 193
91 265
43 238
55 249
64 131
102 167
33 241
204 231
119 192
13 130
48 59
86 118
103 114
154 237
55 167
23 236
7 212
40 168
49 240
86 111
99 101
144 168
119 137
57 241
1 130
3 135
218 256
175 227
36 113
60 144
125 152
27 251
101 225
185 220
114 212
124 268
38 60
10 135
44 262
191 222
80 86
123 128
64 242
34 263
80 159
118 197
164 179
127 231
107 206
36 93
10 187
218 252
235 265
83 237
17 189
9 52
90 184
68 262
141 264
85 200
231 259
3 38
67 255
48 92
54 199
244 265
6 20
25 67
70 105
240 248
96 224
81 165
107 244
57 223
36 156
81 242
92 161
72 226
176 202
197 219
21 217
10 201
3 76
105 224
144 164
5 150
183 218
61 103
21 63
34 177
52 211
143 205
54 140
59 184
94 103
196 222
133 243
59 79
120 190
115 204
16 229
103 106
114 145
66 198
37 175
45 160
99 185
75 267
76 249
27 45
89 177
108 221
59 169
20 136
107 131
26 105
192 220
13 178
102 152
147 197
45 78
44 78
9 156
104 176
37 114
22 78
194 225
99 110
105 113
76 113
84 87
39 233
54 165
85 231
106 179
70 185
83 117
41 173
194 247
35 64
7 193
232 249
66 160
5 45
45 86
78 223
19 197
54 193
80 153
211 212
26 214
146 171
28 166
115 203
29 138
94 116
28 98
76 253
24 216
193 221
117 225
130 176
153 197
48 93
56 184
57 119
19 42
42 252
81 220
119 191
11 145
64 93
42 67
86 165
49 67
146 163
134 142
25 221
98 154
13 226
34 203
16 91
243 253
17 194
18 172
14 88
224 243
89 126
14 251
110 161
82 266
39 87
49 129
69 218
82 107
193 218
131 242
111 256
9 174
47 120
27 56
0 254
80 112
30 196
213 267
187 197
94 182
75 263
206 246
14 237
10 198
83 89
45 238
115 170
165 206
95 174
32 239
82 217
53 130
129 143
117 227
114 243
44 112
30 165
45 92
52 125
57 105
138 164
227 231
78 193
115 177
22 91
95 202
177 249
49 139
23 58
112 266
19 229
85 116
157 179
175 210
187 240
11 92
40 135
183 224
8 230
202 256
119 159
6 205
2 237
11 84
51 133
56 245
137 216
82 227
158 213
20 21
60 149
24 126
133 260
172 199
8 248
35 141
76 108
1 251
103 237
44 155
57 159
73 122
154 196
14 28
185 196
140 148
110 167
116 170
161 175
112 155
0 224
153 222
58 96
94 235
84 228
171 206
85 206
37 81
68 77
14 123
107 118
49 75
75 157
85 201
16 62
32 267
105 139
54 105
68 234
7 26
190 216
25 203
157 198
23 114
36 104
84 211
21 218
174 221
35 153
51 199
101 181
53 217
52 232
51 264
217 219
64 231
156 177
21 71
192 240
101 142
52 217
8 43
82 213
35 137
20 24
158 189
15 153
182 210
17 210
115 149
86 136
25 115
11 26
83 224
3 236
72 199
151 251
18 47
6 192
23 157
137 247
151 258
8 188
178 239
66 166
90 250
212 247
69 176
142 230
2 107
99 212
93 266
83 148
87 138
39 229
16 41
29 267
82 161
193 220
56 132
174 239
185 262
19 102
38 68
7 255
123 223
23 39
102 135
130 215
3 211
161 177
52 174
61 204
24 124
148 199
65 140
151 254
109 245
164 216
124 203
105 196
5 137
83 250
13 224
177 200
206 233
115 122
147 221
144 261
26 125
55 210
176 243
72 212
7 257
118 259
103 172
67 102
137 253
49 61
205 255
119 227
160 172
91 266
140 146
99 142
60 94
59 251
134 251
47 207
37 119
172 232
18 180
18 71
41 133
11 22
62 68
8 257
80 253
224 251
18 176
9 124
132 143
263 264
223 237
74 256
26 129
97 174
102 146
213 253
29 213
123 233
134 156
145 247
46 192
108 116
139 228
43 91
143 197
191 230
4 154
77 91
78 206
30 111
138 165
23 224
70 86
109 201
81 196
188 237
14 247
88 98
117 231
21 57
159 235
34 96
175 197
42 61
129 237
75 133
175 232
21 91
20 161
50 68
71 161
121 250
117 234
59 176
17 69
34 214
87 215
58 150
87 144
100 247
124 181
101 215
140 268
94 221
105 161
170 193
24 27
63 125
229 242
14 175
181 231
0 188
153 235
24 254
139 214
136 255
11 215
113 164
84 90
31 52
29 187
74 97
145 232
114 267
8 242
14 253
10 216
119 206
163 228
121 196
47 104
164 172
39 131
167 186
24 256
110 146
45 223
46 117
20 166
68 140
4 137
152 236
123 129
83 183
70 77
20 187
134 197
19 107
149 214
4 44
75 176
163 198
40 201
25 36
125 205
57 180
163 177
11 238
24 61
123 163
71 196
198 254
20 109
44 125
14 63
100 157
50 134
24 91
63 111
212 216
76 100
144 238
147 196
30 62
72 98
27 154
261 267
49 245
89 102
61 95
137 149
194 209
80 97
77 177
81 128
211 256
34 121
229 253
49 204
75 260
74 252
67 248
69 204
116 219
20 53
2 42
8 39
19 117
1 117
68 208
99 247
71 167
40 127
54 242
182 224
43 63
5 210
4 32
13 15
49 253
26 190
45 155
10 203
155 181
19 172
69 212
112 165
85 172
53 125
136 185
154 251
56 63
134 181
159 162
0 196
56 258
155 202
135 181
11 128
94 179
25 206
56 78
114 241
26 153
191 253
65 228
94 101
219 240
45 89
121 122
130 218
57 243
253 262
63 265
0 22
98 145
58 80
171 267
56 112
87 177
61 195
23 215
64 205
3 44
66 203
30 67
219 254
27 171
136 245
21 254
20 224
21 61
197 235
15 197
4 167
205 214
12 163
66 97
24 98
171 262
145 202
3 159
201 247
121 159
74 249
130 131
50 202
6 120
142 258
130 228
158 160
54 80
130 264
34 138
124 178
117 237
156 268
43 75
241 243
107 191
131 225
73 107
130 174
107 137
97 119
137 192
235 254
238 265
118 254
142 231
51 113
32 251
107 176
234 260
198 243
95 156
147 227
75 180
65 126
98 105
179 181
182 200
0 164
6 28
137 261
205 222
202 242
0 178
6 261
68 148
181 195
170 237
136 217
48 182
82 202
96 109
59 82
76 233
3 94
9 207
128 190
222 254
84 94
7 8
149 250
14 246
63 226
172 266
46 267
143 219
31 111
110 246
78 147
195 198
168 254
51 169
26 113
46 171
137 158
37 228
83 261
169 251
256 260
105 206
139 257
3 212
71 209
110 141
151 201
26 49
157 222
27 35
60 267
128 168
225 247
30 139
63 68
149 156
207 249
71 87
2 35
168 211
47 179
62 256
132 147
71 214
97 208
13 22
256 268
1 56
67 209
89 212
223 224
41 112
58 76
131 232
68 229
73 184
85 230
122 191
111 118
132 263
1 142
0 236
150 202
192 210
86 236
153 169
33 197
0 161
8 107
166 243
238 258
140 228
20 49
49 93
74 230
102 216
122 163
52 267
28 59
18 250
121 144
189 246
24 239
159 174
64 191
226 259
21 194
46 168
13 210
38 44
58 59
7 53
40 214
162 253
8 229
34 250
170 256
150 210
38 223
169 210
95 222
212 241
116 265
170 262
233 258
27 44
117 167
210 211
188 265
143 209
94 135
17 61
108 129
81 184
168 210
173 268
43 184
61 236
145 163
147 189
30 64
14 242
177 183
232 250
180 238
209 266
28 75
96 225
12 261
13 157
101 121
26 117
100 145
20 175
90 209
118 139
8 55
152 155
128 197
86 227
171 243
79 196
155 246
12 264
79 146
1 119
141 258
217 225
71 157
45 129
74 135
227 243
147 218
122 262
137 208
148 259
109 150
113 192
89 206
189 200
163 223
91 210
207 222
59 136
6 202
9 119
2 70
11 29
4 83
197 225
160 165
107 214
118 220
121 194
133 155
90 258
22 94
56 107
43 228
134 257
26 53
152 178
61 113
63 240
57 125
18 85
78 235
129 169
4 57
78 139
131 191
37 160
98 163
34 94
11 187
57 256
15 194
19 103
158 194
12 88
50 165
136 155
65 108
132 218
145 159
39 74
111 194
81 151
196 245
171 239
34 194
244 261
34 93
62 215
65 246
6 37
9 90
224 263
129 258
171 241
92 210
57 134
102 129
18 203
54 197
23 216
163 235
0 34
25 139
29 64
26 33
181 244
78 138
62 206
197 260
99 163
24 151
64 189
10 121
70 169
114 120
19 237
206 268
8 80
62 166
54 121
27 231
76 189
71 138
21 259
2 263
6 186
150 222
62 252
183 251
127 205
150 168
123 137
0 257
7 130
77 92
50 119
109 138
36 246
30 220
70 211
122 260
146 175
195 205
85 237
103 260
48 237
102 134
116 126
92 225
112 254
23 151
33 163
20 78
69 172
127 252
56 164
92 182
21 103
97 211
140 161
77 124
12 167
80 215
38 76
14 216
8 63
151 239
8 49
153 167
8 14
33 152
19 91
54 83
88 137
187 205
146 221
59 67
2 67
74 186
112 141
10 259
2 234
38 87
26 83
66 181
81 178
24 263
95 160
207 264
43 264
23 201
227 228
53 80
167 187
173 183
25 137
105 195
19 37
41 266
116 244
147 250
164 242
103 195
55 236
86 134
96 201
178 215
163 251
136 190
142 214
95 149
6 244
20 186
47 222
78 159
128 213
2 256
59 201
12 45
192 195
74 171
66 220
130 142
8 127
143 207
136 194
65 83
194 243
15 253
192 246
108 234
143 167
3 173
64 208
206 264
80 149
29 253
124 156
14 268
7 56
66 242
201 250
181 217
78 85
27 152
232 262
49 97
10 70
29 227
20 253
173 262
150 243
129 216
198 236
119 252
13 32
4 81
30 229
152 233
25 256
205 208
64 89
3 216
122 238
93 143
64 225
12 237
145 155
22 113
221 223
27 137
119 189
69 259
44 175
163 164
53 114
174 251
48 127
86 197
73 185
199 219
12 234
145 147
86 254
29 67
22 226
34 184
107 192
33 43
0 148
0 241
136 244
2 53
130 259
90 163
75 146
75 170
143 150
14 163
51 249
47 184
13 24
175 266
122 161
102 246
54 209
191 198
48 220
19 259
172 205
110 124
18 140
42 128
98 211
210 219
33 162
104 215
108 155
86 185
7 10
119 223
2 264
68 194
37 97
60 136
101 160
109 148
14 165
40 58
59 131
87 124
12 120
87 232
82 150
44 261
144 190
257 265
25 157
30 118
134 203
232 237
205 209
57 177
44 251
85 138
48 248
13 83
162 196
15 96
165 191
88 219
161 229
108 148
4 195
84 112
109 190
94 167
2 128
10 110
84 105
82 225
33 120
114 218
22 190
100 123
5 99
152 229
69 197
106 261
1 68
89 222
119 235
62 245
69 139
71 151
18 148
23 27
190 223
50 230
100 167
198 244
78 160
77 147
138 203
53 202
44 52
112 124
100 106
36 149
30 261
58 263
1 164
16 46
13 18
110 160
166 241
61 63
97 150
36 87
194 218
76 86
120 253
128 250
109 169
208 238
16 72
104 261
12 134
161 244
138 146
113 206
171 209
82 250
139 210
108 245
118 170
33 97
4 201
2 223
73 195
53 213
99 183
144 176
147 231
101 213
81 146
98 209
186 212
25 215
62 217
148 242
31 141
73 99
73 106
108 167
44 253
82 103
146 187
34 262
123 241
57 231
37 118
0 168
4 104
63 161
7 265
21 167
132 260
105 149
262 267
164 182
11 12
134 207
120 132
212 251
59 149
175 189
11 66
210 212
84 196
3 198
195 220
161 204
22 220
30 117
190 239
178 202
64 175
69 244
17 213
30 42
135 214
143 182
109 260
71 148
239 260
90 194
9 203
43 111
123 179
127 155
91 123
4 182
53 198
64 77
65 207
8 126
65 205
61 199
58 252
222 232
6 199
49 248
233 268
6 242
71 178
213 259
85 216
148 217
13 144
58 122
100 194
209 223
24 198
133 164
70 100
68 149
149 182
228 254
59 218
85 255
78 116
14 211
91 209
72 215
5 141
29 46
179 180
29 73
133 232
97 234
98 254
52 53
158 193
115 244
176 257
93 213
127 219
195 209
82 112
114 166
22 178
57 143
42 185
64 158
194 196
103 159
76 176
79 154
17 224
203 226
23 190
7 89
50 255
196 268
125 161
203 251
66 88
80 227
40 88
209 249
95 194
53 129
55 165
150 217
213 263
119 220
191 193
232 238
57 90
70 190
119 230
48 259
0 7
82 171
135 239
64 119
133 224
64 234
34 77
202 203
219 252
107 215
18 212
30 228
58 83
37 225
97 111
61 263
2 113
172 261
47 172
31 215
18 112
156 173
88 181
77 161
83 244
100 205
132 251
106 171
84 165
118 217
9 106
16 22
53 128
43 206
27 201
157 240
239 261
42 235
100 105
13 164
2 116
91 94
53 147
231 247
43 64
178 197
85 120
29 99
128 181
138 192
54 222
2 84
24 72
139 258
70 153
15 30
206 217
110 137
177 191
44 259
51 112
154 252
50 55
165 174
19 186
110 263
108 252
24 93
113 124
24 150
54 146
203 204
18 86
137 259
127 210
126 261
108 165
24 229
14 77
115 195
18 222
35 91
226 257
128 254
2 69
133 176
82 262
47 60
89 161
18 34
125 242
27 204
1 180
132 209
114 244
196 212
211 258
101 216
154 168
108 198
120 155
11 222
65 242
105 178
24 201
154 248
60 112
161 250
46 79
153 173
133 194
86 247
35 97
162 184
62 260
20 236
194 211
140 196
33 188
18 146
197 262
24 265
58 203
79 104
52 127
16 97
26 247
6 259
5 104
120 255
73 252
125 156
103 131
173 218
84 195
31 42
101 154
80 265
215 265
7 197
57 102
236 268
147 254
47 205
38 149
11 162
54 75
91 195
139 233
124 153
58 187
40 132
18 56
75 160
24 224
58 141
5 163
63 242
75 166
99 229
119 176
12 22
211 227
40 265
100 198
3 243
257 264
22 128
138 183
67 203
47 117
9 117
209 264
93 249
142 169
33 173
166 211
9 76
0 61
114 127
10 256
95 218
5 265
93 134
83 225
37 248
56 255
93 136
20 89
61 268
139 149
34 185
14 45
185 236
74 154
162 261
122 217
68 183
38 94
196 205
141 154
76 83
103 174
68 115
182 251
193 240
238 261
118 185
73 153
64 117
156 236
78 111
23 79
32 209
135 180
2 195
173 185
60 90
68 100
134 243
171 234
126 154
35 46
190 260
172 176
16 142
30 222
87 254
230 261
12 108
166 236
139 155
30 32
153 174
25 164
27 226
61 174
43 196
59 199
27 199
84 220
12 201
11 89
94 207
148 185
122 197
14 263
63 67
164 215
21 45
23 158
144 257
110 116
74 116
9 240
96 156
79 94
186 218
37 201
8 194
156 167
90 220
61 132
67 74
132 216
163 221
79 98
135 201
86 199
156 186
21 24
100 107
14 67
41 98
174 257
34 247
89 137
42 97
45 230
81 195
159 205
23 166
82 114
26 187
206 226
13 259
175 179
148 246
155 190
41 225
56 165
113 161
13 257
210 234
98 210
129 145
79 145
14 134
28 72
68 250
134 226
4 11
12 13
72 209
116 221
69 215
43 59
216 265
3 181
93 141
146 235
198 205
58 197
183 220
28 153
247 258
133 259
2 178
39 194
12 119
20 143
10 49
158 245
16 90
91 141
90 112
117 246
83 246
65 175
85 192
95 198
6 23
87 238
22 143
65 206
106 254
23 218
86 126
7 226
21 92
115 186
79 113
75 217
138 239
9 73
30 268
115 258
169 226
12 86
220 268
155 220
14 131
50 98
92 143
98 127
25 96
90 98
23 200
49 131
150 220
84 166
12 154
114 153
129 159
58 139
121 237
36 58
131 179
26 57
155 165
145 204
131 255
66 119
80 243
87 210
179 183
60 92
180 244
77 121
74 205
73 110
40 117
132 199
62 118
143 242
207 214
8 212
52 164
78 222
245 263
91 260
22 203
173 193
55 89
207 262
102 192
22 81
49 155
95 181
1 217
60 128
77 235
144 229
138 241
119 187
184 217
31 83
194 236
246 264
59 213
44 150
160 217
98 215
118 176
23 28
126 164
155 157
224 239
125 201
53 173
160 250
129 182
99 241
99 130
11 164
227 259
35 154
130 199
136 233
219 249
166 200
160 267
22 158
18 217
8 101
104 240
36 48
151 263
175 257
190 210
234 239
76 266
156 181
14 189
170 239
14 108
146 246
41 135
157 204
9 254
49 60
166 212
72 164
81 232
105 174
124 190
8 42
186 211
84 210
92 127
164 196
161 207
63 225
42 213
178 186
92 253
29 167
65 152
60 192
94 175
53 253
27 187
195 244
73 223
157 187
78 87
52 132
186 255
62 131
72 116
167 228
30 166
24 29
151 245
92 118
89 104
160 249
202 246
216 234
15 200
102 262
56 240
85 188
17 170
111 250
225 237
72 262
156 202
86 93
132 267
32 214
4 77
29 58
81 211
2 201
142 257
181 236
155 204
40 148
141 249
21 53
193 205
254 256
46 213
197 234
147 226
208 239
194 216
147 208
46 77
3 51
37 191
79 219
40 107
10 134
8 189
79 257
145 151
13 137
33 156
10 165
23 148
90 236
8 56
50 141
221 265
139 205
5 36
16 215
154 266
66 228
31 115
6 128
39 113
42 201
79 144
93 256
115 235
66 237
109 151
100 132
34 151
85 173
152 251
209 261
72 155
104 159
47 235
139 248
59 127
128 220
9 244
149 224
75 227
41 78
95 172
103 219
88 231
18 209
60 191
41 125
141 243
29 232
99 192
32 104
234 256
72 145
119 154
65 237
74 78
40 237
142 150
13 72
44 203
92 105
99 100
205 265
187 227
163 168
207 229
149 188
30 179
46 125
5 32
132 165
129 246
5 233
3 111
6 55
53 161
26 130
1 231
155 198
17 227
85 109
21 128
167 195
59 160
20 22
94 218
164 195
184 249
140 155
59 157
49 63
155 252
158 232
71 266
145 175
67 91
197 264
39 153
131 238
170 206
104 178
106 117
78 230
22 247
68 153
31 175
83 179
152 173
116 181
75 223
148 226
217 247
85 239
13 219
168 207
60 258
198 245
122 242
23 119
115 227
137 178
12 177
85 262
69 241
192 235
54 263
42 259
19 214
12 112
165 184
20 259
57 107
116 125
60 204
68 241
99 149
78 251
38 49
175 223
40 202
150 244
47 197
151 208
37 69
133 172
114 139
20 251
48 84
225 234
30 68
188 193
5 81
6 249
6 94
7 245
92 144
155 221
75 229
107 198
102 171
227 260
74 76
51 219
100 115
73 150
167 261
44 258
39 130
88 186
60 127
163 244
134 262
43 193
60 243
103 130
97 224
4 204
118 251
154 238
193 206
147 258
98 123
27 67
191 194
0 171
124 187
50 143
102 128
208 216
163 212
17 87
54 217
127 245
98 167
60 194
89 125
17 45
166 179
187 204
70 107
106 238
108 213
149 242
107 200
121 200
86 260
195 266
17 246
41 244
221 259
120 213
188 247
43 252
31 41
154 170
1 186
80 195
119 193
62 83
6 224
8 106
148 250
11 61
117 179
48 50
83 159
54 102
136 141
93 241
7 268
9 75
104 268
27 108
6 180
78 244
34 162
64 265
2 59
86 194
21 155
82 205
58 157
226 233
47 159
209 211
172 212
69 108
109 243
100 152
7 137
8 57
110 175
223 259
143 248
239 240
183 236
159 179
89 184
168 192
32 110
40 160
106 158
78 150
8 112
87 175
14 38
11 204
204 234
40 247
200 208
131 220
115 194
34 264
75 168
11 221
69 178
3 102
23 246
9 167
9 148
32 150
32 76
26 29
140 246
41 130
5 114
58 262
107 233
160 211
18 160
173 214
145 149
16 206
18 88
164 246
10 86
34 76
34 115
141 268
130 177
21 33
97 264
108 255
16 31
149 235
221 264
64 107
132 159
131 207
132 189
77 174
187 266
70 95
176 190
153 189
191 211
17 262
82 105
80 214
92 197
192 206
58 95
77 220
162 195
101 139
45 157
65 238
105 218
102 251
73 222
70 216
188 245
119 208
41 79
135 248
26 102
76 212
25 240
31 127
67 244
109 111
23 252
100 210
120 189
23 132
217 267
8 243
10 80
58 229
33 210
28 64
127 224
77 129
41 120
71 84
99 175
8 38
148 206
98 137
132 163
19 120
147 239
151 199
16 211
205 259
52 123
117 222
103 207
7 63
8 196
26 115
137 147
51 180
239 259
154 210
64 83
115 138
58 256
21 76
58 127
104 198
7 101
132 149
16 262
198 256
31 169
162 230
86 177
189 252
37 244
22 162
143 193
103 212
161 170
128 196
34 204
24 115
15 102
242 245
39 155
93 254
152 223
126 222
153 227
111 232
20 214
73 186
123 155
81 155
21 136
28 116
129 178
31 50
98 232
163 197
8 159
4 116
83 226
112 258
12 64
218 259
0 129
52 206
150 196
36 44
125 218
45 57
225 257
113 267
132 235
40 97
43 212
80 148
148 261
68 196
34 258
113 125
41 253
36 226
4 111
124 162
95 144
220 236
239 262
87 246
73 227
151 207
46 211
96 179
73 168
68 88
31 173
92 166
138 210
123 127
178 179
110 213
22 206
66 253
9 104
104 155
89 234
13 232
123 139
42 138
36 59
250 256
28 204
73 238
67 144
69 149
15 144
0 124
31 128
139 199
244 259
45 152
160 268
25 59
23 97
89 217
62 241
19 97
43 123
98 231
65 155
77 198
24 139
138 143
24 59
2 189
38 164
67 162
30 171
83 265
102 133
37 153
95 155
103 253
30 113
55 239
183 253
236 242
15 166
49 110
160 207
131 181
120 150
84 143
15 190
69 175
0 197
91 241
115 252
7 133
121 201
75 141
180 264
11 189
84 108
91 177
128 214
106 263
165 263
146 248
24 195
63 117
38 213
152 261
0 150
229 263
134 170
12 146
37 64
118 240
87 208
160 261
196 221
90 162
127 267
219 244
128 216
31 157
20 80
49 66
152 215
42 81
100 226
87 156
70 124
156 179
28 208
95 158
49 195
55 108
100 111
62 176
0 194
174 265
39 138
78 242
91 150
80 198
95 188
180 197
180 183
7 64
58 115
45 55
135 143
36 260
9 123
120 194
37 251
166 244
16 238
15 27
53 260
83 105
172 226
91 109
155 229
79 220
28 246
43 189
102 103
120 264
105 126
62 70
198 259
77 250
158 174
85 129
106 176
15 232
19 148
95 110
106 160
99 162
219 266
64 144
120 140
171 200
16 105
47 183
191 204
201 232
141 188
133 213
51 140
165 228
23 90
76 175
144 191
159 224
33 49
61 179
13 217
33 37
162 240
132 249
92 103
29 262
13 231
133 157
210 266
39 196
157 171
204 264
109 237
15 125
92 108
13 55
75 266
107 210
47 110
67 146
79 84
28 88
96 215
175 261
8 129
132 145
197 240
9 144
17 107
12 175
13 36
80 143
96 209
43 159
28 79
75 247
46 146
31 208
164 243
31 121
40 123
112 220
54 262
54 254
16 232
48 213
26 89
120 139
2 188
21 134
38 176
20 223
154 214
124 242
98 133
135 215
16 225
113 180
101 149
150 184
2 32
150 262
60 64
233 264
68 152
55 185
151 202
80 188
11 256
127 131
137 139
66 174
46 187
235 261
6 191
130 248
77 257
81 238
40 108
80 245
219 243
113 171
34 78
15 174
45 212
91 248
28 124
171 257
106 151
32 224
51 166
51 198
51 157
178 233
213 226
150 215
150 172
107 213
22 157
11 224
54 86
17 154
68 134
118 137
20 260
119 249
33 214
30 260
126 187
84 174
64 143
201 231
136 159
71 240
65 263
137 265
16 179
153 176
26 264
145 268
52 92
29 125
171 244
61 189
74 130
81 244
202 241
68 83
148 163
107 202
141 253
78 181
71 96
66 251
1 174
13 75
133 204
190 191
53 112
125 175
136 160
54 232
138 159
116 151
4 124
146 195
34 73
213 258
25 170
99 254
148 164
50 192
136 211
171 230
58 78
114 172
123 211
179 241
68 145
120 207
39 145
188 229
68 207
108 247
153 183
199 222
137 152
45 153
51 83
85 208
138 158
65 137
125 178
184 185
47 98
50 198
49 59
180 234
36 196
143 172
77 237
112 134
218 267
6 62
62 180
129 250
246 250
111 123
222 238
15 241
16 106
136 215
45 247
4 248
156 250
176 181
150 231
40 180
51 183
126 235
49 264
197 223
28 184
73 217
37 39
18 24
45 161
118 266
91 160
69 146
24 51
126 207
5 184
251 265
12 111
152 181
65 208
104 213
74 259
50 250
65 142
96 267
15 63
40 208
59 241
207 234
137 204
21 151
28 145
199 229
60 82
178 256
1 220
119 181
123 217
90 138
3 32
8 111
184 219
13 191
60 261
81 152
67 106
47 95
122 228
84 106
21 214
6 58
104 265
15 243
30 41
122 211
238 254
45 255
93 220
229 241
118 161
0 32
87 126
35 183
114 178
172 245
65 67
137 170
94 216
124 192
165 257
44 265
117 138
25 78
112 147
53 212
149 211
131 149
87 219
53 193
197 239
112 140
125 187
176 205
25 49
147 186
14 147
32 265
22 230
101 199
8 179
2 23
5 195
236 251
59 145
8 240
86 218
20 93
32 227
217 223
130 138
52 89
137 200
204 260
77 189
141 152
86 120
174 246
157 265
64 155
24 218
57 220
4 148
139 202
18 202
98 115
39 106
80 202
1 197
30 120
193 238
110 121
134 224
106 229
47 99
9 202
104 165
14 16
86 123
155 259
233 256
172 197
127 143
158 249
115 213
106 145
58 191
102 170
122 129
57 164
107 250
165 233
90 208
99 158
38 245
53 111
124 176
136 164
69 184
214 252
13 215
152 217
17 240
35 84
104 171
80 158
205 223
148 219
121 241
132 157
117 210
29 261
32 256
63 105
17 71
57 137
15 85
151 176
48 224
94 128
192 214
25 50
175 212
65 156
39 223
159 188
67 136
27 185
40 152
95 221
6 114
115 251
85 218
34 202
141 236
231 266
14 110
113 170
140 198
95 102
4 173
58 87
114 143
56 100
61 80
39 231
46 167
216 220
83 100
98 185
31 202
23 72
144 194
104 219
62 201
26 158
91 159
70 174
31 233
71 102
53 215
39 267
23 253
127 232
115 231
194 235
199 264
35 147
166 181
157 184
4 174
172 227
160 252
6 124
76 172
96 136
51 99
47 186
203 257
126 140
28 86
108 153
33 68
137 175
69 83
78 83
31 116
65 101
104 224
59 214
26 58
61 265
47 73
7 258
62 200
99 228
77 222
5 186
89 181
112 127
148 224
33 195
4 53
115 158
101 230
8 20
1 263
194 224
29 102
39 266
136 174
64 268
104 235
180 235
64 217
79 203
142 215
92 226
163 192
148 212
67 170
165 229
3 28
109 152
139 197
144 174
195 200
7 29
242 268
11 160
213 228
22 38
126 220
36 212
104 114
16 140
60 216
25 184
128 159
132 230
34 129
42 123
95 262
111 174
20 168
162 169
20 246
202 212
18 109
191 239
111 179
162 194
144 189
74 87
100 184
29 109
34 64
161 188
124 168
187 231
183 257
131 193
122 175
129 262
153 223
58 134
58 230
0 116
95 236
0 44
161 166
1 4
84 218
1 204
15 150
166 168
127 128
14 92
14 30
140 219
150 221
212 265
43 61
114 248
175 262
139 150
138 176
206 228
17 138
62 202
49 222
9 102
16 130
12 225
14 18
189 196
36 217
39 49
108 131
10 113
212 255
37 202
48 107
34 118
182 199
85 253
152 197
7 54
13 222
19 157
14 208
65 259
202 252
88 198
28 41
46 204
37 200
126 141
160 265
0 14
34 50
19 191
38 105
126 159
163 214
83 124
29 36
43 80
231 265
1 183
35 254
27 59
12 19
114 238
135 152
97 249
115 157
47 251
173 228
46 196
202 226
82 177
54 95
36 166
88 176
175 208
10 217
24 213
102 237
19 251
126 223
139 198
59 139
40 137
47 206
183 266
3 6
1 91
92 264
102 143
6 168
179 185
1 201
54 141
187 239
169 229
244 263
62 178
49 124
130 161
32 121
118 229
92 207
87 100
12 78
12 191
100 245
125 260
51 206
91 205
87 201
106 260
152 188
147 207
10 112
99 161
28 192
58 148
94 197
128 171
39 261
11 13
73 196
43 104
5 109
113 200
28 129
10 196
3 220
27 105
122 174
56 143
17 231
80 134
223 226
19 139
46 133
149 246
119 214
11 93
54 67
106 222
46 108
123 193
68 161
148 186
170 186
101 252
31 49
66 70
2 91
30 31
183 197
117 230
17 132
0 5
37 169
170 218
128 200
212 259
116 184
158 187
27 213
138 206
199 208
189 250
12 114
92 234
61 64
67 124
160 233
68 87
45 149
42 178
7 51
119 232
12 165
116 212
121 267
18 152
89 128
116 185
60 106
63 234
82 123
17 91
127 149
136 170
128 265
51 252
35 227
125 202
32 62
21 26
12 156
122 243
159 243
135 146
89 244
17 51
36 137
130 243
44 133
66 121
36 232
119 120
44 145
171 258
46 212
27 50
31 102
94 178
50 210
50 107
80 147
58 86
62 162
178 254
112 169
18 29
36 188
29 236
54 183
20 125
49 73
28 62
220 243
8 131
175 206
74 93
99 225
49 158
165 252
34 57
76 122
10 130
121 181
79 87
12 245
86 252
192 193
106 147
40 49
120 203
54 246
145 263
61 142
71 268
201 233
32 34
60 180
46 87
151 177
61 133
61 207
77 240
180 259
101 243
72 119
56 125
119 219
32 125
60 111
221 231
201 263
23 95
112 167
20 86
158 197
97 254
243 268
196 199
37 145
144 145
126 200
11 132
60 114
122 264
19 66
93 107
34 124
158 263
31 81
91 125
34 53
168 181
81 92
44 244
50 125
130 175
186 194
21 215
31 254
22 144
45 95
118 171
179 209
29 192
80 85
146 203
15 170
10 168
118 257
49 120
239 268
74 219
21 101
30 266
82 187
62 109
265 266
117 186
30 132
111 183
74 83
13 27
84 150
121 137
51 68
33 176
8 137
250 263
2 43
237 257
123 170
103 169
182 184
223 258
14 59
71 101
66 155
173 176
152 224
28 63
104 221
143 189
45 58
120 192
54 185
136 202
90 188
58 104
37 144
44 171
167 212
61 223
158 182
104 253
169 181
2 173
58 153
30 92
22 114
175 180
18 43
173 265
86 268
9 68
22 196
12 224
61 251
41 52
65 134
155 179
53 109
11 191
46 165
22 191
39 128
136 214
162 180
90 232
131 204
178 257
112 201
104 147
148 253
15 259
85 158
43 221
255 268
86 264
31 145
25 60
142 218
124 139
80 156
109 116
112 143
90 160
95 206
4 115
59 242
29 117
166 259
84 197
26 177
196 220
119 186
27 90
3 148
66 100
65 265
85 248
107 178
32 63
56 61
107 170
135 184
107 263
68 263
177 246
38 73
29 242
76 207
232 256
30 208
76 114
142 205
183 192
30 131
92 115
96 249
145 233
91 201
141 146
250 258
139 157
121 128
45 167
24 25
64 193
66 252
45 80
78 130
15 138
28 216
3 194
213 222
203 255
222 266
13 169
199 253
112 189
56 197
145 168
51 167
17 100
88 232
16 175
133 248
12 126
15 103
71 169
19 240
12 39
87 211
17 249
76 195
175 182
90 126
128 239
63 95
91 257
41 132
21 147
206 219
151 203
80 264
108 180
165 221
31 171
5 87
68 176
76 149
35 57
101 266
105 242
39 88
171 261
128 235
62 189
172 192
183 232
141 240
168 189
163 253
218 220
97 222
9 260
57 91
166 186
68 70
26 98
38 56
2 78
42 48
190 207
15 70
13 126
137 220
116 216
8 251
188 260
159 265
100 241
1 163
82 118
129 172
48 128
181 200
19 174
125 236
27 238
197 256
66 149
58 142
98 217
119 256
121 174
69 264
73 100
71 93
74 175
146 243
74 236
193 217
24 28
224 226
176 229
35 116
69 122
174 247
58 224
28 237
52 212
4 49
11 213
16 109
211 249
0 192
170 190
90 240
80 105
127 171
103 151
116 155
86 92
27 130
217 239
95 134
2 66
36 261
12 226
27 241
141 215
5 86
83 113
148 180
134 193
91 211
130 260
34 198
122 234
167 238
77 157
23 127
54 176
84 127
67 87
194 204
75 219
110 166
3 204
147 204
41 65
36 82
59 103
12 230
24 188
61 67
126 177
205 247
8 71
114 205
183 189
11 233
148 249
48 118
88 102
93 253
79 139
135 154
65 162
128 189
25 154
2 90
196 250
257 262
116 214
92 101
148 194
192 239
176 185
249 256
24 226
28 55
44 209
137 258
113 233
200 247
164 234
44 57
172 183
73 162
29 104
143 155
44 84
128 205
82 132
135 266
130 263
198 248
210 249
12 123
8 30
89 172
121 165
121 156
21 210
24 138
160 256
35 152
51 142
96 207
150 237
77 238
103 154
101 255
112 259
162 248
97 179
61 73
37 188
82 91
142 157
96 211
150 266
187 234
50 58
171 202
69 187
178 225
104 188
31 139
52 216
23 145
187 210
158 248
96 159
37 94
103 162
22 120
87 172
193 214
96 232
62 213
131 219
104 237
126 229
5 182
51 106
150 228
52 256
18 115
145 257
62 124
165 256
76 116
229 255
144 150
74 250
165 192
92 212
39 93
43 146
61 124
180 247
174 256
128 266
53 142
53 92
60 91
249 255
144 204
197 263
85 225
59 77
120 263
67 163
110 154
89 152
153 236
80 117
119 264
34 238
96 149
125 146
184 207
9 237
68 210
50 257
111 130
176 247
72 138
173 211
122 168
8 26
117 256
88 132
197 204
136 208
78 257
40 167
254 262
46 134
61 190
102 161
110 135
46 170
33 122
111 185
30 106
6 226
9 64
113 146
102 207
176 255
177 267
13 129
79 251
51 62
16 251
50 65
67 212
171 266
122 230
108 178
113 238
193 226
39 248
0 256
32 75
193 237
149 262
24 183
44 61
6 253
1 30
72 166
35 95
24 120
74 267
2 51
7 118
35 74
208 220
137 236
6 21
128 212
83 91
7 44
104 146
19 108
111 224
87 189
116 141
86 125
72 227
12 209
58 124
6 164
86 103
141 225
219 223
92 200
82 180
135 136
87 111
2 157
11 86
44 49
101 227
227 235
79 261
120 195
242 265
177 258
59 70
8 167
8 158
127 217
70 253
143 198
95 143
202 264
131 233
30 256
0 4
108 223
221 251
156 229
187 196
231 262
150 200
196 197
5 101
51 205
121 141
177 256
47 158
79 249
65 202
191 245
101 254
211 259
89 145
201 241
240 247
16 150
146 159
50 93
85 187
96 244
28 254
232 241
50 169
69 112
52 207
124 263
46 181
42 78
87 240
183 187
27 189
181 228
75 214
88 147
29 246
65 217
23 188
68 86
103 161
103 164
7 243
45 194
143 268
105 181
23 143
19 202
11 38
166 227
133 267
62 194
132 243
8 168
119 224
17 166
71 180
127 172
119 165
8 241
46 259
22 65
225 267
109 124
223 262
113 181
232 258
72 104
3 238
5 198
199 201
41 74
54 233
104 190
12 203
21 51
220 255
204 259
67 247
179 243
13 221
60 186
43 90
101 158
169 233
40 227
136 177
31 213
109 193
122 216
22 79
129 203
92 254
185 260
237 249
127 223
7 171
146 257
172 180
202 207
115 141
32 248
108 176
35 206
164 264
107 119
87 197
195 249
14 203
180 185
217 241
78 263
148 171
89 211
144 151
148 191
40 133
80 165
34 101
138 187
39 255
90 133
58 237
118 206
196 264
82 189
105 197
122 150
212 232
155 173
24 48
118 120
81 237
116 241
136 240
202 214
34 65
172 181
36 37
146 211
127 170
71 211
118 192
51 110
201 255
65 135
73 266
56 202
42 192
149 237
103 124
149 175
26 159
29 154
1 42
257 266
38 190
168 244
14 224
35 58
90 136
35 175
8 59
156 195
153 265
54 85
176 252
167 237
12 93
7 84
94 255
165 235
17 66
93 235
153 172
139 158
43 182
115 226
242 243
32 171
112 177
40 86
27 233
136 219
19 252
92 107
106 116
1 18
205 252
154 256
55 183
122 241
102 240
120 218
99 124
198 211
10 94
11 194
4 102
169 171
72 178
79 99
38 186
151 256
204 227
109 264
149 192
18 101
38 261
185 248
39 241
230 243
35 127
80 118
23 68
163 240
91 237
0 246
106 219
173 227
123 130
115 190
135 170
232 246
21 99
79 209
101 113
153 187
31 69
93 112
108 240
9 186
113 196
36 60
235 264
135 223
142 192
43 154
19 211
249 259
117 131
87 157
9 183
129 207
102 214
138 227
33 45
80 107
118 174
14 83
124 243
56 141
75 183
58 161
177 262
201 258
15 268
84 185
85 175
128 167
15 205
34 111
65 258
115 256
35 67
184 188
57 163
41 62
34 181
189 248
66 263
167 229
95 233
16 123
41 194
100 240
160 215
91 256
157 200
209 262
36 153
7 231
38 83
14 107
105 108
64 153
5 100
102 106
40 185
223 248
9 218
192 258
22 186
162 168
83 142
38 179
50 138
118 204
128 259
67 238
143 161
41 235
149 247
192 254
109 162
64 244
162 193
26 38
164 239
89 103
85 202
101 148
10 60
45 66
28 199
50 234
102 142
161 187
38 224
145 260
51 111
109 212
120 225
68 179
126 162
133 178
133 193
181 249
6 36
65 179
180 190
28 83
36 62
49 196
30 265
149 213
9 61
163 237
160 206
31 138
138 248
182 231
86 265
158 201
8 88
26 61
47 94
117 188
37 261
132 195
46 76
107 181
62 208
81 140
1 261
144 219
34 206
4 28
137 193
36 227
55 204
93 216
38 109
7 250
48 262
43 112
55 166
197 244
3 180
20 85
166 253
86 200
66 114
59 76
89 170
187 254
160 178
167 227
118 153
106 161
87 148
80 96
67 175
71 210
11 157
34 80
5 76
8 146
37 213
66 245
3 121
98 120
59 267
112 223
7 110
112 139
76 267
109 244
58 69
155 168
61 93
87 190
75 154
104 107
97 103
55 104
70 224
177 179
120 181
17 40
116 177
25 131
213 266
8 109
93 129
59 137
105 153
145 239
43 178
179 216
135 224
67 141
15 254
67 109
111 155
73 235
60 84
152 238
28 135
48 258
4 162
29 221
213 236
151 234
96 160
257 258
219 251
62 127
11 63
37 174
239 249
137 144
69 81
114 173
6 107
29 237
29 233
104 226
32 131
150 192
35 140
140 230
5 142
1 28
6 179
92 132
106 192
28 209
192 217
216 251
187 213
142 259
103 142
28 249
47 226
10 158
46 103
104 121
109 213
195 213
138 232
40 182
16 181
12 173
18 219
148 156
151 183
155 158
78 268
219 232
103 136
74 255
37 78
110 264
71 218
2 182
133 181
184 257
188 232
218 264
28 193
15 219
112 162
48 148
35 247
59 95
10 117
128 138
134 185
38 219
102 160
145 261
168 228
27 186
4 20
119 151
53 123
86 178
195 218
95 141
19 205
141 168
67 86
146 157
102 256
155 254
82 97
45 200
27 128
35 136
26 36
193 268
110 173
143 176
164 226
151 262
40 125
89 247
37 224
46 105
63 233
42 152
168 256
94 95
92 117
101 123
136 191
23 73
5 239
86 202
59 238
36 47
72 143
125 204
257 267
85 94
86 228
140 216
110 214
60 215
16 235
72 234
167 178
30 202
160 226
18 243
79 176
169 178
137 206
29 195
210 268
101 263
79 103
217 230
160 182
105 118
37 87
69 209
26 82
0 1
52 224
5 228
110 142
88 251
56 89
152 257
133 136
30 190
159 218
77 79
118 162
140 267
57 189
73 204
115 126
44 211
128 131
42 255
153 253
174 238
15 202
106 230
59 104
61 122
146 178
52 223
41 137
49 111
63 218
91 135
32 264
92 223
47 125
114 180
212 213
26 204
86 266
7 221
89 180
64 180
75 225
0 39
6 35
12 207
110 112
61 128
28 217
8 47
38 240
104 256
55 264
97 146
29 215
101 133
185 253
159 160
54 166
147 236
162 206
91 247
59 231
40 63
212 225
14 111
3 205
42 193
37 121
4 15
186 242
51 234
54 107
59 66
29 69
47 63
171 233
136 162
44 183
56 187
38 233
87 166
138 180
175 241
93 227
100 172
51 182
123 181
61 178
219 248
65 200
181 235
60 172
14 138
67 166
144 167
66 133
70 156
233 237
102 109
110 182
172 201
105 182
90 125
85 98
50 222
32 82
132 150
113 222
1 191
25 223
82 145
63 197
67 123
149 193
155 260
31 207
247 265
33 75
20 75
32 255
170 222
62 190
95 259
63 215
91 244
63 200
52 209
33 189
118 126
47 257
100 246
98 264
137 230
12 160
115 162
79 221
91 155
120 199
19 247
72 94
107 158
19 81
10 102
69 130
36 49
4 180
180 204
33 250
94 224
37 206
66 207
97 233
115 168
170 233
22 225
36 151
57 77
24 107
95 136
110 184
23 126
183 254
106 253
86 135
6 112
92 187
89 107
164 190
263 266
82 142
160 234
127 148
189 247
198 221
116 122
62 82
76 174
106 182
115 189
44 72
145 256
177 241
79 108
38 50
197 200
192 219
24 157
164 200
65 256
61 123
110 225
43 245
213 235
40 248
119 209
110 153
162 255
39 251
38 237
44 156
163 257
83 155
28 179
248 262
40 142
59 167
228 266
134 183
234 254
38 122
17 135
198 223
147 240
177 211
108 197
10 265
50 53
29 268
78 137
145 266
1 49
52 133
89 252
86 88
181 182
59 102
96 262
16 122
173 245
215 254
166 265
11 60
34 155
110 165
57 85
120 268
170 181
124 264
97 140
98 202
20 76
147 262
81 202
82 211
17 27
92 102
24 189
100 234
63 143
82 238
98 186
25 79
27 239
124 177
1 57
0 3
2 134
98 193
10 44
134 189
199 261
47 140
30 115
131 201
78 255
37 44
33 149
6 117
82 197
11 138
75 90
22 41
97 191
115 237
22 121
98 147
56 189
41 43
200 254
126 182
55 211
9 225
19 71
1 213
96 123
57 68
65 196
2 9
16 266
57 92
150 161
45 246
213 247
189 203
31 39
42 254
66 81
1 209
156 255
30 78
95 238
88 217
110 222
175 264
49 159
32 101
26 254
211 243
92 250
16 26
1 200
99 267
49 180
42 171
63 103
61 256
44 188
177 223
51 230
68 74
148 165
100 116
88 161
26 107
52 80
29 189
51 54
144 233
146 173
109 242
24 136
177 219
19 73
27 215
174 210
151 241
155 261
74 258
73 209
107 179
220 229
183 230
155 256
123 265
73 111
195 247
44 215
22 29
47 228
32 244
104 196
21 185
46 268
72 113
106 227
14 86
77 246
141 160
187 257
180 246
104 257
148 236
161 184
50 67
2 142
149 236
147 175
0 149
71 254
146 186
215 234
108 264
9 85
30 57
142 242
38 92
89 158
59 125
86 184
30 105
41 249
89 233
24 156
231 242
65 221
87 188
96 168
21 108
143 148
20 266
169 173
22 89
109 187
81 109
228 263
9 115
26 44
71 202
90 157
65 248
68 104
143 160
55 257
33 166
4 78
171 187
0 122
34 212
182 262
196 267
51 208
131 171
61 146
10 262
18 27
244 258
220 233
61 240
1 196
5 237
201 264
65 218
114 136
43 213
138 219
86 107
158 250
201 240
196 210
84 194
52 102
171 222
39 226
79 161
81 84
67 216
22 131
2 120
33 177
159 217
125 172
11 148
35 182
48 246
57 80
71 224
86 173
94 155
79 90
111 220
26 106
172 267
86 258
41 251
74 265
2 163
64 118
19 58
46 143
117 259
129 247
82 122
5 35
156 244
89 237
36 207
40 181
39 79
78 172
32 236
29 35
239 256
93 151
136 259
158 230
50 176
1 219
61 147
45 122
165 226
15 261
180 237
46 194
5 50
110 145
5 176
156 219
11 119
88 222
181 185
53 116
168 239
219 224
118 184
181 245
200 222
89 228
25 188
129 249
125 206
101 253
42 221
93 113
40 243
166 208
10 266
260 267
227 253
221 248
15 119
0 101
168 257
122 187
58 77
14 201
134 267
73 139
91 240
78 217
75 85
63 92
86 129
119 203
24 234
185 212
6 101
169 267
54 155
170 225
77 244
45 158
3 39
34 167
47 71
1 7
6 160
24 66
45 197
88 261
65 93
9 128
94 219
30 210
151 261
103 156
51 80
105 163
125 267
52 187
47 214
1 257
40 177
91 197
22 250
79 256
63 74
164 255
17 151
47 243
38 169
172 249
3 176
169 219
18 49
26 42
153 180
173 266
78 236
94 152
157 193
13 110
58 71
130 266
72 175
91 250
27 227
185 250
27 156
52 213
84 115
18 25
51 268
22 198
4 127
14 97
7 9
14 200
24 223
182 228
101 264
98 161
144 264
21 115
94 259
197 247
7 138
68 170
220 265
122 205
138 244
228 232
224 252
80 145
52 177
93 204
58 202
163 204
5 65
5 88
74 160
53 207
112 152
147 192
39 228
107 166
146 213
176 192
14 33
28 147
55 102
19 163
13 212
25 69
88 124
19 61
17 221
56 91
48 197
28 50
74 105
15 257
143 156
15 33
26 39
71 216
118 216
156 246
33 130
115 140
37 116
136 173
208 259
83 249
53 254
3 116
113 126
51 71
21 87
20 156
3 241
12 256
81 243
48 176
15 157
39 249
27 131
92 229
31 162
242 262
190 202
129 147
147 174
197 233
239 255
14 121
55 162
167 172
93 162
174 193
58 70
93 263
15 130
84 252
173 251
72 248
69 183
9 152
115 220
64 151
173 241
14 164
173 213
171 252
35 166
23 152
16 42
199 242
219 256
127 242
32 59
151 210
125 225
3 26
91 137
13 250
41 138
45 211
16 231
106 140
18 40
2 138
155 200
63 127
6 183
16 189
148 155
141 163
68 264
28 268
178 192
9 28
90 96
144 239
39 162
97 176
109 115
49 172
95 132
64 108
35 232
0 127
39 41
155 251
121 229
113 246
57 87
73 119
153 225
27 157
66 211
56 60
40 71
16 186
183 213
79 122
20 202
19 20
188 213
218 262
76 242
50 216
205 268
20 212
53 259
91 161
201 238
155 192
43 145
108 159
126 240
47 195
38 157
118 241
9 91
136 188
171 214
68 164
85 264
23 74
29 84
216 225
169 220
73 202
176 233
38 249
81 149
128 195
41 127
38 142
76 192
58 98
143 206
246 262
108 208
25 199
44 71
28 194
33 164
72 219
173 252
16 119
9 118
245 261
103 110
107 242
161 215
83 166
31 200
14 204
139 222
135 220
195 238
70 145
130 191
20 88
89 197
52 65
134 177
36 77
232 245
105 228
53 204
127 185
191 216
190 233
180 224
61 175
241 249
119 153
29 259
90 94
116 137
198 214
167 198
127 244
43 152
21 117
98 111
131 174
11 87
35 201
42 63
48 100
11 70
197 224
67 191
61 135
230 231
11 156
45 75
14 221
88 125
16 155
114 123
118 194
229 261
40 90
93 170
3 117
193 200
152 170
17 19
48 87
43 45
57 169
144 152
128 224
98 134
13 29
117 216
73 88
101 206
39 50
58 215
235 266
240 243
22 241
35 122
52 189
135 225
105 205
170 235
36 140
145 173
177 265
37 68
133 169
28 68
72 81
12 215
154 234
92 260
173 180
39 161
123 261
105 141
118 207
108 143
30 46
166 206
186 251
129 256
65 180
75 226
85 211
116 190
66 94
63 256
25 212
67 254
122 225
119 265
101 183
8 176
55 241
80 187
144 230
1 268
62 101
105 260
23 169
70 258
84 135
114 207
146 198
56 190
92 134
2 250
135 160
116 193
68 103
219 234
179 255
144 195
39 172
41 243
39 165
116 163
128 253
18 65
89 109
176 236
145 185
128 233
87 112
220 261
112 206
68 193
69 195
19 45
33 119
20 100
114 247
134 254
169 244
107 114
12 259
14 212
136 206
188 211
62 141
34 215
144 224
23 210
148 264
149 171
88 172
52 84
203 211
167 233
202 240
188 217
40 82
64 163
28 127
43 186
2 14
109 261
27 150
91 185
131 154
38 123
1 170
161 258
116 187
102 147
50 227
6 151
46 82
17 119
107 196
90 205
182 219
101 268
29 186
56 134
61 94
14 218
68 195
168 185
232 253
16 40
51 185
14 172
131 257
117 266
160 227
170 187
69 200
65 213
46 100
122 237
31 66
36 132
125 136
3 213
16 45
24 175
41 174
131 267
42 150
11 129
3 143
52 145
14 266
140 142
13 266
76 182
31 74
53 262
4 229
17 55
121 124
93 178
10 47
60 175
28 266
50 245
174 180
163 193
64 136
84 248
19 77
27 167
4 210
233 242
79 93
22 44
121 225
66 135
89 266
49 263
89 97
156 238
105 138
152 195
128 237
53 76
127 264
87 133
60 131
189 268
8 233
189 192
9 121
120 229
10 22
181 194
81 246
72 137
168 267
56 246
202 255
215 252
68 224
7 70
6 161
140 205
98 168
46 50
34 172
76 97
15 118
17 207
97 181
48 268
84 247
134 147
37 73
38 260
205 219
54 168
152 190
88 255
111 225
147 159
68 213
131 148
114 206
76 87
116 128
87 97
193 263
38 174
37 83
172 244
44 100
11 186
137 231
154 188
70 186
16 244
117 247
149 197
249 251
57 188
19 140
21 79
217 260
12 213
85 183
164 209
125 250
98 104
20 138
73 243
114 137
170 171
151 191
90 149
157 241
23 140
120 204
3 42
27 195
105 183
39 110
83 172
140 214
81 97
89 148
0 126
85 167
22 132
53 82
118 177
227 248
40 221
87 151
153 251
69 99
32 223
5 154
21 208
21 223
40 80
135 188
65 128
95 114
133 184
212 218
22 33
17 75
139 171
17 251
31 78
26 256
25 145
170 176
39 195
177 230
62 267
260 261
20 59
13 80
35 212
143 153
46 172
77 132
180 250
191 206
67 259
69 182
106 267
137 184
95 145
219 263
23 31
59 81
99 199
203 259
184 265
10 140
43 218
25 125
121 227
200 202
36 264
229 234
13 180
48 189
63 164
108 119
110 198
97 213
66 235
24 206
220 234
51 196
11 19
5 267
46 207
19 74
121 189
14 219
26 195
137 202
52 161
226 262
10 136
142 178
151 259
31 248
103 175
147 247
195 223
31 71
28 178
128 178
168 232
234 267
179 253
92 244
124 186
0 79
211 240
56 211
63 108
196 218
69 163
32 128
103 117
15 192
156 171
12 222
131 208
93 232
217 246
92 184
9 55
204 256
192 249
2 164
10 193
150 165
129 225
9 136
35 256
75 236
226 230
205 213
42 214
237 266
99 210
52 172
125 253
6 214
120 238
33 234
181 203
75 205
97 134
42 172
29 235
65 141
73 75
236 259
91 180
102 190
130 145
113 157
11 239
170 204
117 140
143 266
78 201
70 242
8 130
22 232
96 239
149 231
19 230
37 197
39 230
72 165
103 243
32 78
82 212
77 183
118 230
126 196
183 208
193 241
13 153
54 110
40 203
97 124
24 79
63 229
77 192
35 187
29 127
51 192
47 252
71 150
74 208
169 204
81 91
179 214
99 146
201 243
141 205
175 259
105 156
115 243
130 211
167 264
15 221
171 242
25 55
188 221
92 138
266 267
123 215
56 130
90 164
168 250
87 168
7 247
70 209
87 116
178 237
9 15
141 191
88 159
26 34
170 173
41 170
49 65
217 237
9 132
124 195
41 116
221 243
72 203
146 263
1 2
104 229
56 96
72 167
174 188
102 208
160 197
35 62
75 119
103 216
97 205
129 209
68 85
148 170
231 251
101 145
20 113
22 165
199 254
27 161
180 203
13 135
37 157
46 226
68 136
132 266
59 69
66 134
78 196
137 209
45 175
80 225
134 158
46 67
194 234
154 244
113 148
16 30
102 238
228 238
58 196
62 74
71 100
79 157
13 26
7 219
107 251
83 153
69 219
51 147
92 160
6 172
66 225
187 248
60 187
12 113
36 176
116 147
251 254
0 251
52 265
143 199
63 81
180 187
19 135
122 198
165 172
29 37
143 228
41 88
195 241
180 194
182 197
55 141
13 239
88 268
131 262
67 121
41 228
77 252
18 249
35 44
174 189
153 188
31 252
94 243
117 203
2 232
187 218
25 101
24 122
159 253
74 184
10 87
14 144
85 154
47 176
37 186
130 252
71 90
117 150
20 141
175 181
126 156
143 239
51 134
92 163
11 174
131 134
179 233
180 211
137 250
37 79
114 148
53 63
39 76
89 124
39 57
74 151
25 150
131 226
95 101
150 197
0 89
132 193
19 233
42 99
38 248
144 188
208 262
172 258
17 33
115 173
104 160
61 192
59 115
82 182
203 227
57 258
16 92
149 268
68 169
73 77
81 241
17 226
9 253
16 88
95 231
169 208
92 201
117 255
18 163
47 113
24 196
111 206
61 104
36 265
39 171
60 259
3 98
55 117
117 125
140 229
40 124
110 205
137 248
114 151
174 222
13 211
66 184
32 199
113 167
236 260
193 215
197 266
113 240
146 189
18 157
180 230
24 128
18 39
35 190
1 187
112 157
36 248
36 263
176 265
102 153
175 207
157 239
35 88
44 87
50 156
71 139
4 208
190 244
62 67
224 238
26 186
26 168
84 209
52 170
38 235
63 70
92 159
194 266
231 243
46 229
203 261
28 56
27 91
215 251
46 53
78 156
68 139
132 161
115 240
41 82
134 236
13 128
64 79
12 76
137 167
17 58
152 186
111 122
113 202
74 156
196 206
260 266
139 183
157 189
89 90
68 162
151 161
40 199
108 257
248 250
16 264
170 201
101 124
107 172
38 106
53 238
80 128
137 207
5 259
194 230
70 267
2 176
14 159
106 214
15 124
185 207
22 92
60 103
44 89
139 194
121 173
27 210
52 82
13 202
14 184
111 137
19 169
84 223
97 195
95 261
59 99
79 182
130 219
172 221
113 264
55 91
17 214
135 197
186 243
43 160
143 225
73 198
8 204
15 128
119 246
93 117
119 251
10 176
175 184
127 200
79 149
0 250
61 88
76 123
19 85
26 166
5 98
31 124
46 142
6 137
68 220
47 230
56 76
86 208
1 237
205 236
15 116
86 174
48 52
85 267
19 57
8 11
104 214
67 132
61 184
120 131
129 193
152 207
157 188
143 237
24 39
102 191
16 143
96 155
23 46
79 133
32 39
78 229
149 223
213 264
66 136
50 252
167 219
30 241
168 172
158 164
44 151
64 256
80 150
147 242
33 267
34 191
79 225
66 185
132 155
124 246
193 265
97 184
145 228
72 89
202 265
108 239
81 104
157 181
186 259
22 61
100 266
14 57
129 265
60 147
123 203
53 233
7 190
98 262
16 257
77 229
37 178
184 193
78 241
149 165
43 262
97 155
55 80
185 213
168 195
115 187
136 223
142 190
196 202
34 161
166 193
81 213
100 222
77 261
23 177
8 122
41 46
116 222
201 256
186 250
120 175
61 145
34 240
227 247
104 184
97 220
167 267
79 234
68 98
65 268
173 187
226 268
123 242
135 250
114 239
82 111
56 183
58 145
59 91
10 34
143 232
6 264
13 35
165 251
130 153
29 149
147 164
62 221
63 267
108 146
42 72
0 136
2 102
39 222
100 237
175 226
227 234
18 87
36 245
85 263
10 223
20 219
19 142
56 209
24 248
202 223
59 255
34 188
100 118
30 224
17 144
110 164
80 142
112 173
200 209
64 243
27 33
14 228
138 217
203 218
42 131
24 127
107 188
58 130
95 239
13 168
90 262
60 184
168 201
111 187
175 192
180 226
44 185
33 187
87 107
39 149
104 244
56 261
84 139
2 184
222 249
77 150
17 244
183 193
141 245
28 253
7 61
175 204
78 199
52 165
193 255
78 254
18 124
21 203
115 116
53 231
41 189
19 243
104 157
3 199
149 228
41 99
21 129
33 178
214 260
40 164
88 211
47 187
120 165
11 165
35 135
3 246
162 171
72 256
70 241
26 148
40 130
69 70
215 229
38 246
80 84
63 185
21 84
166 197
92 196
19 190
103 150
57 79
64 182
119 170
140 168
160 205
61 222
79 240
171 237
24 111
17 96
165 215
178 252
103 170
13 87
73 138
3 67
157 253
207 254
47 188
193 256
67 267
26 246
17 31
4 22
172 202
72 207
107 195
179 256
106 174
14 171
76 129
149 172
5 69
182 206
240 250
73 87
6 173
103 183
108 187
56 247
59 110
125 195
216 233
156 207
180 189
8 245
252 262
71 83
15 147
53 250
48 124
32 228
99 114
76 170
145 148
30 158
122 190
217 258
2 213
47 136
60 223
67 77
44 200
245 256
67 120
103 228
21 164
111 219
50 196
18 200
130 238
59 207
7 83
155 175
65 216
49 251
38 99
221 237
16 51
107 136
56 213
1 155
151 188
10 55
4 39
52 180
13 177
223 266
79 131
12 217
72 244
13 145
18 61
38 111
85 197
135 191
15 82
57 183
232 265
24 141
103 233
13 261
97 177
36 158
78 219
66 182
187 237
217 221
97 147
15 227
48 112
70 227
84 182
82 229
25 174
152 189
109 250
45 248
85 171
212 230
73 74
33 212
71 234
42 212
225 250
54 164
22 240
36 250
231 244
36 65
32 258
7 86
40 231
146 247
73 156
24 41
217 233
94 205
133 141
157 233
2 73
124 159
209 245
2 219
41 66
116 168
91 200
179 252
100 171
47 264
104 241
34 71
47 240
60 96
210 232
31 40
131 263
25 66
3 260
97 127
65 105
6 153
209 215
25 43
2 170
45 81
207 258
184 201
22 109
155 205
89 196
54 59
24 145
31 77
35 209
110 187
8 183
54 196
129 132
2 177
17 123
46 156
37 38
78 191
83 138
181 240
100 138
4 9
137 181
37 159
43 177
55 259
2 22
215 248
185 247
123 201
113 218
50 62
79 178
200 225
60 109
16 69
135 203
175 216
12 202
5 133
88 139
87 146
19 153
63 65
127 146
43 126
110 144
17 252
78 208
12 171
93 155
42 73
42 267
35 98
168 218
6 97
97 236
131 240
80 138
103 135
86 124
78 189
155 218
146 160
3 41
32 116
180 241
123 228
68 268
117 211
18 135
229 256
163 210
117 176
3 137
154 175
182 211
134 186
76 173
183 244
53 214
168 169
19 94
153 209
53 249
1 107
43 241
159 214
88 228
163 188
121 168
66 212
237 261
12 110
20 40
39 166
33 183
95 264
6 12
129 160
61 109
113 247
89 149
206 208
53 164
9 50
85 213
83 189
49 138
154 190
30 231
151 242
57 74
91 170
136 228
60 256
26 69
36 85
225 235
17 239
120 169
25 34
8 156
196 243
86 176
191 226
110 248
21 229
126 215
212 228
202 211
143 249
188 194
72 154
43 155
86 144
28 256
92 221
46 262
47 54
126 194
113 225
4 172
103 251
121 254
100 104
2 174
23 223
37 117
133 170
90 198
28 85
163 229
164 210
33 174
153 255
80 189
148 258
43 191
157 257
28 251
134 221
36 71
149 178
17 149
52 167
4 140
120 214
2 125
156 191
34 190
76 94
112 175
214 247
130 146
20 90
26 121
69 136
36 69
1 212
116 183
132 258
141 229
232 267
6 149
222 226
45 110
50 128
147 223
106 251
26 226
168 182
80 154
198 262
96 164
97 157
119 168
120 223
74 199
6 113
16 240
64 233
144 158
237 240
92 98
4 152
130 208
28 39
99 196
149 174
194 246
165 260
13 188
11 47
85 219
75 242
53 64
84 207
178 248
70 232
86 261
17 190
154 166
97 167
67 135
46 88
139 208
38 59
135 211
103 132
9 170
72 120
112 180
103 262
202 230
15 46
81 173
19 239
43 185
41 206
197 199
138 214
110 228
57 97
92 263
72 132
184 244
30 60
78 96
186 209
193 227
62 78
181 205
15 48
20 210
21 198
85 143
101 168
119 166
81 119
107 235
222 231
69 171
235 251
0 260
99 253
112 240
47 260
76 139
25 57
101 106
10 220
130 257
100 227
131 186
123 132
143 236
209 221
62 171
78 174
133 222
133 173
12 104
152 179
123 257
166 203
13 106
166 249
101 150
117 172
111 133
45 206
50 102
26 136
102 183
122 263
193 229
60 61
108 242
62 243
83 262
106 245
152 201
18 59
56 257
42 96
36 110
119 267
1 108
38 220
187 235
177 208
102 194
19 201
149 229
70 92
108 171
28 165
99 170
90 135
50 246
155 197
4 155
65 70
21 120
119 196
198 247
21 250
84 222
21 260
101 174
187 252
90 200
2 159
163 219
9 41
46 175
169 194
164 245
205 217
9 153
63 71
196 262
70 87
132 166
20 163
72 122
161 268
88 193
105 225
14 29
159 207
182 261
78 250
129 177
104 247
4 27
87 252
169 242
201 237
38 124
10 267
146 206
194 223
27 164
173 233
81 233
58 168
39 219
177 222
97 125
200 217
158 226
37 99
2 94
18 190
168 222
138 268
90 268
160 198
74 187
50 171
78 224
2 101
173 230
83 266
213 239
145 165
1 48
199 257
118 183
27 216
191 262
16 258
61 164
30 101
26 176
50 157
155 235
237 260
101 155
2 106
184 263
21 206
0 21
25 211
210 238
68 258
43 72
55 132
4 203
63 69
110 130
24 133
207 232
100 200
235 241
61 111
55 119
21 211
16 80
102 245
62 163
179 248
65 117
141 192
1 20
125 168
0 50
65 91
60 99
19 254
157 210
34 255
10 230
159 172
142 226
25 97
18 57
43 125
93 260
26 205
11 237
112 207
129 214
86 100
116 178
77 260
0 195
83 164
24 113
175 255
245 262
45 127
25 72
154 221
21 240
139 195
96 107
107 268
98 199
142 261
121 248
41 129
35 111
30 44
173 225
213 260
83 187
95 225
1 136
44 218
135 247
184 245
46 120
136 242
51 103
167 259
58 101
122 171
109 180
41 227
32 79
29 31
102 187
181 211
144 268
27 126
23 233
95 258
60 244
84 233
10 213
134 239
70 147
56 232
98 252
209 265
174 215
20 206
97 129
42 203
42 115
184 194
119 257
223 238
71 194
97 251
252 256
3 97
89 254
117 177
17 77
19 209
217 255
123 164
145 208
137 211
105 265
3 232
177 196
86 105
52 120
81 212
3 128
59 158
72 201
89 248
115 257
168 247
25 103
198 265
26 170
61 149
133 201
80 251
76 230
36 81
190 208
3 234
20 226
247 259
98 119
173 221
92 267
5 217
64 172
75 201
61 85
21 188
212 268
105 136
82 186
53 77
157 225
16 27
57 132
121 169
64 85
56 104
50 166
196 248
123 140
55 116
189 259
135 166
103 238
79 253
27 118
14 215
135 173
54 231
99 260
125 149
90 231
75 204
201 254
213 219
157 266
14 145
238 264
63 165
11 77
253 263
18 199
48 70
12 21
5 223
104 180
128 257
142 267
50 214
194 239
64 186
52 254
4 230
77 201
29 93
42 136
19 150
144 234
43 144
0 181
7 216
148 238
50 97
33 263
43 79
11 202
127 215
125 264
119 173
98 141
10 40
134 196
78 237
17 54
42 222
119 250
126 192
217 218
149 241
101 186
68 267
243 249
198 206
55 182
181 191
101 214
41 240
165 218
169 190
147 249
99 140
127 154
15 264
59 225
7 161
173 175
142 189
197 243
129 174
139 243
41 141
183 199
55 73
92 135
9 10
175 188
17 155
244 249
138 246
71 192
204 268
149 222
78 124
251 259
41 216
197 205
51 57
7 36
41 42
93 236
27 253
149 152
57 254
17 41
31 168
26 193
163 248
108 228
138 182
25 105
148 234
10 77
202 234
62 196
156 190
151 165
42 217
142 172
35 52
12 211
3 178
144 217
42 163
121 224
7 228
178 266
13 77
134 256
161 223
124 150
117 118
119 266
33 64
36 189
120 180
6 60
85 101
67 241
107 222
57 118
219 229
88 154
99 108
190 198
126 218
144 148
109 119
35 55
41 202
176 193
72 205
21 163
126 265
135 175
45 201
21 156
57 122
65 166
67 266
160 220
135 243
67 197
9 177
186 227
147 264
88 239
44 101
151 227
121 246
76 210
59 72
216 267
182 223
76 126
164 206
254 268
157 235
41 178
138 202
19 114
36 249
177 232
17 111
95 229
22 216
236 255
95 125
109 154
125 167
124 254
48 227
74 192
78 231
112 190
50 190
43 106
65 151
118 164
38 211
3 75
30 254
4 190
116 167
7 192
89 108
21 70
56 73
155 234
35 194
14 51
137 141
83 149
78 213
96 212
198 260
19 179
14 259
44 213
23 107
40 111
55 179
22 85
126 185
30 80
10 175
67 111
144 172
47 166
163 266
55 68
28 65
143 194
13 162
26 145
4 135
69 93
240 264
113 224
35 179
0 142
110 159
153 160
50 205
153 206
62 148
59 233
46 195
7 166
107 124
104 183
75 128
123 195
71 187
27 34
73 257
93 267
142 152
70 128
119 204
18 208
10 68
17 180
36 136
28 180
60 229
96 261
109 233
12 26
106 181
133 262
57 246
81 166
13 131
2 124
8 210
90 101
34 175
26 164
11 37
123 157
51 223
11 172
3 217
179 254
60 208
157 194
62 268
38 217
193 210
48 119
95 108
2 77
43 188
177 216
0 160
60 80
109 195
46 243
33 179
51 254
199 218
139 203
114 257
7 253
23 231
13 172
152 241
131 198
117 235
39 220
203 216
169 206
96 233
122 227
93 130
77 133
189 207
130 156
105 162
67 149
31 61
91 249
92 176
51 255
59 259
89 150
71 72
96 227
1 195
15 89
162 264
133 237
25 195
190 222
156 240
6 105
37 113
85 176
41 184
54 136
82 215
59 204
152 202
86 160
123 245
58 63
12 137
62 153
211 222
160 231
98 220
7 211
132 134
78 264
72 123
10 200
85 256
50 233
56 212
41 59
180 236
103 182
7 80
5 29
73 200
111 201
148 196
91 145
35 268
79 264
149 200
55 227
131 157
31 251
134 244
205 249
204 218
151 160
44 180
20 74
8 175
210 260
177 209
17 60
169 243
25 133
139 176
54 113
176 268
136 189
49 197
66 189
107 184
119 233
48 142
10 98
56 163
14 79
56 59
17 263
66 200
137 163
87 99
121 195
214 215
99 172
0 234
117 178
141 267
33 70
167 211
102 253
76 101
18 193
75 77
151 193
66 243
190 255
17 18
188 191
25 251
59 250
39 143
63 64
44 123
61 216
66 90
63 221
201 217
216 223
218 251
193 231
27 174
78 134
72 220
144 226
177 255
73 115
76 197
50 90
39 202
217 244
13 138
21 83
19 43
58 137
147 179
242 254
3 92
182 259
81 262
68 112
136 157
102 104
17 82
191 235
113 184
172 253
150 193
3 80
45 137
100 259
0 60
68 133
177 268
2 180
65 133
140 163
95 246
63 86
9 77
129 181
3 151
116 250
29 245
138 218
34 222
61 138
99 155
116 123
115 144
21 173
28 200
180 202
251 264
39 183
12 43
95 242
22 123
107 111
246 247
6 53
69 132
111 147
117 245
2 26
209 258
14 27
216 250
85 118
81 227
122 145
174 177
130 167
76 188
37 53
79 247
50 256
94 171
164 202
0 62
21 160
97 200
1 236
79 134
181 256
7 90
105 132
128 183
44 231
80 236
14 141
60 218
42 45
42 126
151 180
128 163
83 238
176 207
82 228
211 221
123 249
108 136
24 187
34 166
89 155
19 78
12 142
8 197
96 98
13 203
49 116
140 177
46 54
117 141
43 143
176 188
63 205
67 95
177 204
5 10
127 192
107 169
11 16
93 194
129 219
77 107
123 224
127 204
75 129
9 163
11 28
68 181
34 176
38 222
46 74
53 155
109 197
86 168
8 40
127 145
179 268
73 145
74 201
31 32
137 151
89 189
194 265
53 95
32 217
83 258
172 225
54 244
223 236
18 38
13 100
69 118
39 112
129 257
235 238
9 36
239 265
138 198
157 218
87 255
156 209
69 202
10 75
23 178
32 64
69 239
138 220
35 170
67 218
129 245
126 205
218 224
95 133
34 119
75 171
121 233
183 240
172 195
25 138
11 147
229 230
83 112
50 226
56 86
112 163
67 207
53 266
30 152
106 141
20 135
183 256
75 197
230 235
145 265
81 110
54 88
218 226
170 267
94 211
107 115
121 199
30 126
83 99
84 121
126 133
69 131
200 215
151 157
29 146
171 183
54 68
1 148
75 254
197 232
41 203
116 211
183 217
59 178
157 219
77 164
47 241
245 251
8 86
175 238
143 185
65 159
59 244
4 41
4 176
94 96
41 121
59 87
50 229
107 150
43 53
56 203
211 213
60 125
30 84
243 258
34 186
33 207
8 234
39 75
172 188
88 180
10 139
104 148
177 180
79 166
87 132
92 247
93 248
95 123
59 90
30 154
86 102
209 234
146 194
149 245
162 239
84 113
142 201
200 234
168 262
111 191
8 256
164 186
88 97
214 233
20 152
56 262
12 221
99 213
160 173
120 206
77 194
166 231
3 5
240 253
88 144
76 154
159 190
194 203
200 218
14 185
51 239
46 51
109 139
8 171
216 258
66 92
123 167
96 171
57 252
180 217
119 152
105 154
64 210
120 124
32 197
3 56
68 199
15 37
35 189
210 240
42 194
46 255
157 227
6 118
160 266
23 265
231 263
37 47
20 243
64 148
66 116
57 72
111 255
161 221
41 100
187 202
7 108
63 159
113 120
23 228
113 162
190 194
110 220
254 267
125 135
9 72
239 254
85 99
195 268
94 245
36 152
135 186
103 235
84 134
103 217
53 122
46 203
5 17
45 231
35 249
2 217
89 225
78 151
25 146
68 239
235 258
80 182
138 211
157 251
39 54
193 236
47 84
92 209
163 206
73 239
55 174
129 171
95 224
8 31
110 158
17 234
24 92
51 168
198 252
88 169
233 266
141 231
79 195
94 162
15 185
66 115
56 80
177 242
253 260
25 222
115 262
106 242
33 196
78 162
36 67
28 261
30 140
96 263
31 144
32 88
172 224
35 167
20 149
104 195
105 249
49 262
197 255
22 160
210 228
41 171
119 253
175 219
3 251
138 190
206 249
43 137
140 157
7 116
47 239
182 191
159 195
63 72
114 262
139 191
161 208
117 217
43 192
173 242
2 253
53 167
209 239
91 229
119 202
113 265
75 250
87 182
6 90
39 124
2 64
46 209
249 268
151 236
51 178
59 215
76 237
188 212
14 135
42 105
66 259
161 213
56 235
186 215
30 184
139 188
47 121
55 92
88 257
12 195
37 194
52 193
107 149
123 168
69 85
134 187
156 253
104 169
109 263
98 171
24 131
34 52
4 68
95 190
253 256
23 78
4 160
99 200
57 95
113 211
45 150
47 135
245 260
129 261
250 257
122 253
20 69
10 119
46 116
212 263
107 168
162 189
50 163
132 181
161 257
235 252
67 249
162 177
118 236
131 213
150 178
50 145
127 130
211 242
231 235
149 203
45 171
144 147
256 258
66 167
99 194
243 244
3 253
22 90
98 224
10 185
35 42
161 180
138 160
43 256
43 267
96 241
94 199
155 161
173 237
2 227
210 267
201 252
96 194
6 215
65 121
34 134
80 260
189 226
159 260
111 244
78 215
91 176
215 224
107 140
21 124
100 187
72 229
85 142
165 185
83 211
42 134
40 267
54 98
42 88
27 75
234 252
230 258
98 230
217 259
28 250
86 142
182 221
25 32
130 268
82 230
77 227
133 142
140 169
53 120
43 215
18 58
41 234
27 124
140 238
44 81
0 26
29 131
91 184
58 241
75 231
124 229
148 255
128 217
68 171
8 228
127 255
21 58
42 164
54 174
17 117
121 218
97 202
22 34
119 130
33 110
38 194
156 262
46 162
217 249
121 179
82 231
23 81
110 232
55 65
146 179
76 160
251 262
48 211
30 255
30 235
126 184
113 263
85 195
100 130
203 236
122 188
39 103
102 162
36 46
93 202
23 45
116 139
6 194
35 72
70 138
88 259
91 242
24 110
4 45
220 241
31 167
93 245
5 197
116 201
25 129
43 170
224 235
21 36
58 112
92 246
126 250
211 265
138 261
241 242
103 129
74 146
118 258
89 192
146 147
106 262
86 267
243 263
64 168
60 118
101 138
25 127
46 215
100 124
14 99
38 163
157 212
159 250
71 250
32 49
187 212
31 235
195 219
166 226
67 96
166 183
12 28
71 144
6 43
9 239
3 182
119 175
188 220
84 250
147 234
92 262
21 98
39 216
141 157
112 263
259 266
97 187
30 195
29 150
218 257
192 268
0 209
33 60
51 162
12 46
148 188
75 255
125 210
121 132
72 144
3 50
82 119
111 236
45 170
123 180
260 264
39 227
4 161
182 244
144 171
186 191
62 79
5 199
3 175
214 230
59 153
86 232
1 26
30 45
63 255
68 119
100 239
219 260
4 46
91 127
218 227
189 199
77 159
145 253
136 262
3 190
115 169
61 250
40 238
3 58
164 252
62 138
69 158
71 132
59 100
187 262
14 137
3 77
82 175
107 193
140 143
33 36
65 185
54 108
37 258
146 150
34 128
81 105
32 247
93 226
57 178
94 202
15 34
223 228
224 246
147 184
242 267
82 237
59 260
44 91
134 204
146 155
203 238
33 226
91 154
25 179
98 99
46 149
61 66
41 250
88 94
151 162
72 168
55 161
42 66
93 123
151 240
204 235
73 179
130 173
68 185
30 71
128 260
13 196
156 201
147 263
99 135
8 139
43 48
128 199
17 254
25 126
184 189
56 66
42 113
77 179
0 112
164 266
74 229
11 198
129 239
36 75
116 263
32 237
124 223
23 91
3 164
67 193
54 206
64 149
184 205
183 219
10 108
96 154
8 164
25 210
133 149
25 252
113 149
127 167
54 130
76 198
108 266
150 245
13 79
63 112
111 259
35 237
106 154
31 148
31 180
19 113
0 91
73 193
77 256
16 98
76 224
12 79
23 118
7 16
22 149
107 133
167 243
188 224
153 205
136 263
134 152
47 237
124 208
36 145
7 264
41 261
64 207
110 255
3 139
17 238
90 245
7 123
62 88
129 223
78 240
67 158
89 202
88 174
224 253
27 132
74 75
28 34
234 253
48 149
11 226
79 143
17 172
131 170
34 103
131 175
86 133
130 235
60 248
43 223
200 227
254 265
31 174
51 253
91 234
34 140
48 214
16 218
76 144
6 238
81 194
194 215
121 206
212 224
71 75
62 181
15 109
38 226
81 258
42 261
169 255
186 205
133 240
156 216
217 251
42 248
38 144
142 221
14 244
109 155
59 107
115 250
50 120
14 213
201 207
59 117
82 127
155 166
187 243
185 268
77 146
56 126
147 191
24 73
53 232
1 160
40 52
202 205
9 159
96 144
130 223
140 225
82 252
15 49
17 26
55 238
95 157
211 261
42 199
82 104
97 215
102 247
127 184
64 122
103 171
155 227
18 77
85 199
37 142
175 235
46 185
139 190
171 212
31 216
27 224
57 222
116 239
162 228
241 255
46 223
151 217
199 217
91 231
219 227
43 101
148 227
133 138
91 255
19 267
129 150
4 73
59 264
62 237
88 89
1 82
132 233
157 173
136 224
163 186
147 167
80 218
173 260
186 258
107 185
110 113
170 192
233 235
101 237
120 193
50 174
30 203
103 104
75 147
34 46
96 213
218 268
90 134
107 164
13 64
13 125
65 119
15 120
102 235
5 80
133 159
6 229
119 185
165 202
92 145
18 28
31 120
20 56
71 177
28 128
0 261
62 108
68 118
20 205
66 186
44 104
180 261
2 19
25 121
68 266
196 247
111 158
139 166
34 225
50 101
147 151
63 139
69 258
59 171
128 185
52 234
2 20
76 138
162 210
4 206
35 125
123 206
10 153
49 209
127 156
103 115
64 150
195 228
71 140
139 185
24 228
86 263
152 246
33 83
73 90
42 93
9 113
88 93
95 210
175 221
71 188
32 138
36 190
15 233
100 137
45 174
167 265
16 191
178 191
39 91
106 134
13 241
125 196
35 240
92 154
101 177
98 175
80 259
15 24
43 135
41 215
191 202
123 182
66 106
10 100
40 129
113 216
23 217
13 42
65 92
103 119
138 188
39 108
98 191
149 180
20 60
79 235
87 114
10 169
11 81
24 119
31 114
16 35
20 124
112 252
245 253
132 222
19 36
12 253
154 191
35 250
76 147
127 209
115 209
56 264
93 147
129 241
37 108
102 173
154 172
52 143
82 131
13 121
160 239
50 88
5 232
80 237
12 60
53 90
42 210
116 150
93 186
11 31
223 225
131 259
31 163
92 126
3 53
35 225
109 126
157 249
3 144
9 129
58 235
25 151
3 86
96 148
7 232
188 264
154 229
152 193
102 252
60 77
165 166
25 144
13 118
120 197
1 47
38 189
90 235
47 88
17 153
165 173
70 195
28 233
17 232
30 237
22 63
10 226
87 217
142 145
58 94
66 122
183 202
17 211
69 208
14 37
33 134
80 167
29 148
85 242
22 145
166 248
66 102
88 128
33 238
3 52
40 79
2 150
171 264
6 76
179 194
147 154
103 250
32 208
138 245
20 258
166 264
45 143
95 268
151 253
61 254
239 252
12 18
63 210
52 237
6 19
202 215
66 82
78 113
108 254
26 62
84 199
51 209
9 84
75 122
5 224
79 204
84 186
125 232
89 141
11 216
73 128
41 257
174 225
99 128
17 192
29 100
111 216
11 169
3 169
52 141
5 116
63 124
80 254
142 268
154 219
67 252
56 200
141 150
53 196
243 267
1 133
206 225
75 264
99 220
54 213
63 181
18 37
146 174
254 264
144 169
147 155
120 239
104 181
8 93
115 154
146 193
149 216
111 184
117 184
163 205
161 176
140 162
89 200
111 113
29 53
59 200
63 119
26 182
14 197
69 166
181 251
26 104
139 174
4 228
111 167
125 153
24 32
157 224
186 233
121 251
240 268
75 151
31 119
85 152
49 249
125 258
183 264
83 255
10 84
126 169
37 205
85 114
31 91
141 161
116 162
16 121
138 181
87 109
221 235
5 203
79 148
159 215
77 249
107 159
112 153
106 240
132 238
221 224
60 169
5 225
9 38
76 102
75 243
193 245
8 140
39 265
4 7
106 139
75 261
245 248
135 155
19 204
163 231
86 172
41 192
123 230
60 262
233 253
117 199
27 146
54 127
209 248
8 144
133 258
149 151
67 148
129 184
82 165
159 209
111 112
27 31
51 257
262 266
160 244
64 78
11 106
104 230
29 200
172 257
86 121
80 123
144 149
91 152
71 249
58 146
66 75
67 130
256 264
91 246
233 248
118 225
59 119
211 232
0 104
79 243
11 114
120 212
18 33
11 112
3 131
156 184
83 118
64 213
107 249
78 125
11 195
125 268
50 82
99 109
7 163
85 221
121 244
73 212
25 142
1 205
100 155
147 213
140 218
217 252
180 233
28 148
71 118
242 253
21 143
18 158
150 227
194 200
8 266
166 246
59 252
70 165
132 212
97 242
120 247
183 196
1 241
147 185
104 263
61 120
32 108
31 179
81 142
114 192
64 73
71 217
213 245
115 172
23 167
71 223
108 174
185 239
109 135
50 51
2 46
55 125
29 244
89 255
176 180
182 209
16 161
7 77
49 132
6 79
22 122
76 177
50 63
25 219
158 200
81 169
187 216
180 242
19 208
128 244
88 200
20 87
60 265
67 174
36 160
14 257
233 245
25 28
28 32
124 188
24 160
26 65
13 101
17 198
43 243
133 252
74 124
10 37
142 171
225 262
41 131
47 194
14 65
67 70
108 115
5 22
68 217
102 186
42 219
40 207
161 185
89 215
160 236
41 105
18 31
12 14
91 146
43 84
211 229
123 196
35 151
253 255
133 187
104 116
123 240
132 142
140 158
14 265
90 170
208 215
12 63
87 244
73 94
44 263
115 155
88 265
55 134
175 252
115 119
137 190
136 175
17 72
60 153
16 93
127 212
31 199
51 212
43 99
137 191
33 98
137 159
163 254
37 237
152 153
80 193
1 145
158 268
37 149
204 214
157 256
71 239
129 152
130 236
99 104
55 245
66 80
18 181
31 64
72 232
90 248
14 104
100 140
207 225
38 128
18 147
48 232
26 41
170 265
220 232
44 97
123 134
151 216
90 158
36 139
39 101
58 121
163 207
223 234
26 70
18 73
12 15
58 213
144 173
99 134
113 169
35 43
0 221
153 244
159 227
64 160
104 211
166 232
155 176
52 197
25 135
110 224
21 49
236 250
30 159
3 191
41 268
60 209
217 222
47 143
69 237
44 195
181 186
191 244
122 220
76 211
125 233
87 191
72 230
94 107
134 261
7 37
68 105
52 155
114 213
169 207
29 158
37 103
126 255
101 262
68 79
53 209
46 161
120 122
151 167
99 190
245 265
6 146
32 89
96 121
53 225
43 247
153 242
64 246
18 229
63 131
53 88
176 250
42 56
25 123
79 89
39 150
129 191
43 122
53 137
159 226
92 104
19 35
37 229
166 228
215 225
11 110
109 206
120 196
48 200
24 214
4 59
122 221
15 62
148 150
170 240
32 235
46 225
131 244
63 141
51 124
17 79
86 182
208 250
168 188
13 181
9 181
102 175
78 202
134 190
153 208
40 72
8 23
40 139
200 206
88 246
105 130
13 115
3 149
119 217
10 214
129 151
45 56
28 66
28 54
26 97
80 164
20 241
22 174
11 17
17 38
35 216
151 252
139 187
25 29
177 202
76 130
3 106
146 184
132 217
2 127
75 173
57 191
31 170
164 189
1 40
24 95
72 85
42 205
36 54
46 239
49 213
56 111
10 141
49 186
20 215
38 134
146 245
149 249
167 206
127 160
5 192
163 232
60 263
36 144
63 252
11 210
22 42
179 228
95 201
15 133
144 210
146 200
122 222
231 234
39 250
142 222
141 262
17 212
80 230
205 235
91 179
109 192
78 118
236 238
39 83
88 111
234 241
30 212
53 148
41 151
162 211
113 143
94 104
190 263
62 192
148 237
0 78
187 199
134 223
4 16
126 237
112 156
9 220
51 248
54 87
15 162
109 217
3 91
125 131
135 267
43 232
45 177
157 238
57 78
126 243
90 137
217 242
5 26
55 256
14 192
78 143
110 118
51 117
77 186
45 209
36 170
52 128
26 162
84 227
20 146
115 234
62 155
91 193
17 103
157 262
84 169
25 118
39 151
212 257
215 257
31 201
190 225
39 89
140 156
41 248
108 114
1 23
137 249
26 202
152 161
178 219
152 245
156 196
65 251
63 170
179 190
9 267
25 89
91 104
174 233
154 189
82 134
203 245
96 103
101 130
28 175
68 160
93 201
14 199
129 195
62 205
126 171
32 178
36 102
15 167
141 211
237 243
39 235
4 6
32 153
100 126
56 220
223 245
168 235
30 175
15 65
70 115
134 210
27 68
50 239
39 116
110 188
187 251
124 169
10 74
50 161
60 116
52 148
164 198
164 249
4 24
251 260
1 182
214 231
150 151
77 158
56 138
144 154
75 76
102 243
130 168
24 88
131 258
32 241
221 225
54 56
12 94
1 100
114 216
157 175
240 256
121 190
28 219
169 186
12 90
98 129
24 230
145 221
134 253
101 188
114 196
141 173
41 53
1 224
138 174
10 253
12 74
130 244
14 48
35 203
10 35
142 174
2 117
133 156
41 123
203 254
52 74
75 112
13 225
54 131
151 204
159 249
72 200
138 139
31 231
20 169
145 240
142 196
101 182
17 219
135 195
134 260
135 145
115 200
100 109
20 27
20 193
9 89
69 155
226 261
12 38
44 230
8 68
252 259
48 219
83 161
144 157
152 210
228 229
238 244
22 83
63 207
47 112
11 155
68 71
65 75
117 122
176 179
116 189
139 250
60 87
81 107
174 252
181 237
112 149
196 237
213 233
25 26
92 140
181 201
1 181
10 166
34 95
63 89
136 246
56 123
53 216
47 123
170 246
72 185
74 234
29 163
2 212
65 168
195 246
250 264
3 34
126 136
54 255
98 201
91 245
167 251
35 184
133 197
14 125
59 86
143 178
62 137
32 259
61 79
161 173
28 67
87 235
127 177
23 100
169 237
32 159
16 113
108 237
128 153
161 196
98 162
49 142
142 266
61 186
21 113
45 191
19 124
64 115
132 226
43 95
30 48
29 83
76 82
178 238
139 267
47 229
141 248
39 40
93 100
24 64
237 252
27 237
24 159
36 180
189 190
255 258
102 259
35 71
17 265
104 138
25 48
13 166
86 231
145 217
21 158
181 261
18 93
40 57
227 237
99 164
18 164
128 238
107 208
93 211
130 195
157 183
162 190
11 15
60 119
118 249
69 234
158 255
71 219
90 102
35 131
127 176
27 29
102 138
97 128
231 246
2 199
165 250
147 256
222 262
67 137
111 198
180 188
76 151
121 158
42 100
28 248
141 145
7 69
36 115
190 253
82 146
191 256
227 267
134 184
45 259
150 261
137 203
64 200
165 261
27 173
189 255
78 195
129 194
101 185
83 97
52 121
92 151
164 247
103 173
243 245
49 199
137 227
101 151
130 201
101 258
52 191
57 151
150 224
27 53
17 67
50 159
79 191
104 161
183 248
47 167
82 140
160 240
104 168
97 248
104 212
105 146
127 237
52 241
7 67
95 244
167 263
58 243
78 79
43 136
48 212
253 265
215 259
75 105
79 198
152 184
83 154
118 140
144 214
258 267
79 218
67 167
39 170
33 157
52 59
63 93
195 232
8 125
29 220
74 253
25 165
98 131
9 176
33 257
3 147
188 256
76 243
179 242
67 233
84 92
105 266
174 195
53 255
29 205
44 132
252 255
25 124
3 192
135 256
178 209
132 223
61 139
0 84
31 92
10 63
64 199
13 154
4 179
186 224
12 250
85 104
142 155
8 95
115 242
13 159
20 244
9 141
34 89
57 111
15 148
20 37
33 139
219 220
10 56
213 227
202 227
19 147
57 193
48 161
21 109
123 260
35 133
35 193
181 222
136 234
53 118
5 146
123 183
21 131
156 174
87 187
62 203
128 267
26 60
210 247
155 167
48 267
138 196
97 180
130 239
132 239
111 233
224 237
39 141
24 154
98 242
41 198
94 195
139 164
145 158
45 267
142 256
33 193
71 160
77 156
121 143
23 193
73 181
9 172
47 77
23 82
2 235
142 158
187 258
143 246
68 124
52 87
10 234
237 267
80 262
137 234
0 40
58 266
151 212
230 239
99 116
172 217
15 223
62 129
113 266
176 191
76 193
60 181
72 231
100 133
143 227
99 218
99 187
156 223
120 147
77 236
96 247
21 32
164 227
84 201
201 223
181 238
18 139
54 57
60 86
161 206
2 45
61 134
0 176
65 147
61 200
152 250
35 259
45 146
19 104
44 70
129 240
57 250
77 266
189 198
206 241
1 168
56 223
5 263
53 237
61 74
189 214
58 195
105 176
49 147
44 144
35 80
98 212
72 129
79 118
20 99
47 109
33 103
80 172
108 137
73 152
17 205
161 217
123 214
113 176
12 263
16 55
46 139
91 214
102 123
122 233
54 224
58 186
26 200
4 25
148 193
91 114
28 125
61 150
19 86
70 212
77 135
182 239
54 66
64 74
162 186
142 203
90 154
36 142
50 240
109 191
66 150
107 218
209 214
38 247
142 153
91 192
66 232
4 187
12 62
155 241
109 248
68 131
45 88
178 236
199 225
81 189
157 168
64 224
200 267
213 229
165 181
82 159
116 152
136 237
77 112
181 198
18 100
44 232
14 102
180 260
125 194
244 247
6 80
22 64
134 162
14 87
82 261
100 102
133 188
52 253
135 185
182 203
50 199
89 123
45 108
136 267
142 247
8 155
7 164
60 238
155 208
150 223
84 225
1 233
163 190
4 263
6 56
142 209
2 165
54 63
8 73
22 62
84 173
63 167
27 219
169 241
108 175
75 234
242 251
71 79
76 162
133 255
51 177
65 109
87 98
61 244
55 226
3 183
160 190
43 230
199 230
14 105
72 233
43 149
57 234
259 261
5 252
33 248
92 202
183 214
180 186
43 77
135 164
82 86
41 159
131 200
103 177
33 146
16 19
65 249
183 223
166 266
79 193
148 181
37 203
44 193
29 101
159 198
54 181
145 179
56 268
105 210
13 60
133 207
72 258
30 189
29 52
2 13
58 246
1 206
25 207
77 122
201 226
89 224
35 45
44 266
236 263
70 74
136 143
77 141
45 147
36 194
103 134
150 268
134 240
60 115
128 187
11 80
38 218
199 263
80 199
142 188
21 105
54 101
178 264
38 112
136 176
57 235
108 227
246 253
241 260
107 129
31 198
57 265
163 241
86 97
78 167
168 215
25 116
29 203
66 264
18 167
32 252
183 198
156 194
120 158
122 245
56 83
97 204
74 94
13 209
90 264
20 92
139 236
170 205
120 254
0 222
23 161
220 254
218 255
78 165
101 170
17 104
194 228
4 139
101 176
211 245
158 199
85 266
244 254
19 165
62 154
136 169
3 133
78 157
48 66
146 215
129 233
6 38
125 231
135 161
173 174
86 149
3 244
106 133
50 105
34 163
167 218
33 208
162 250
108 109
53 192
241 245
55 147
121 148
41 118
89 105
199 255
238 253
124 250
43 116
9 44
178 200
17 90
14 206
84 172
86 164
82 84
226 255
15 57
11 258
82 184
161 259
82 163
2 5
40 252
173 196
79 85
109 249
27 193
50 153
129 253
164 238
22 177
83 128
31 191
98 166
117 258
33 261
62 64
155 266
250 265
181 207
64 98
176 177
30 134
1 178
64 260
22 207
142 204
55 107
10 222
11 152
23 129
60 121
62 156
66 214
114 265
39 212
30 248
42 237
70 140
33 74
104 177
16 164
96 153
151 223
106 183
73 197
9 245
10 247
98 118
100 231
14 225
119 241
93 108
43 56
28 228
66 157
134 191
221 254
12 164
77 224
45 205
64 161
108 232
116 171
70 126
106 193
48 180
247 254
111 129
50 197
180 210
32 151
103 149
108 249
39 136
38 258
56 115
61 119
9 19
67 217
72 152
176 254
116 136
42 236
162 229
122 236
45 101
33 127
67 90
10 23
18 48
97 182
156 199
69 196
158 214
46 113
140 209
85 105
16 20
110 235
22 69
2 249
124 211
68 230
106 247
222 223
177 247
151 230
66 233
80 180
0 200
44 152
160 209
155 210
150 211
118 224
67 114
66 177
167 177
254 257
88 101
22 258
126 130
22 98
209 225
93 243
138 154
119 211
132 262
62 71
187 203
145 229
178 206
32 46
11 246
113 221
102 125
77 207
178 260
39 80
81 170
170 217
108 125
257 268
31 229
44 69
2 231
106 198
72 194
132 206
11 32
161 231
120 260
129 264
124 164
99 176
39 180
52 96
150 162
126 257
186 223
43 150
143 261
83 120
89 209
85 177
49 230
66 194
160 166
1 242
164 213
46 138
208 268
12 73
137 142
27 196
74 268
6 216
174 176
44 107
234 243
127 144
83 160
28 239
19 118
81 236
30 116
29 254
10 42
32 74
46 186
27 60
44 267
42 167
92 131
56 252
46 98
5 75
97 217
32 115
96 111
228 258
9 48
0 130
115 130
145 248
125 164
8 218
19 155
118 156
132 148
64 214
211 231
27 266
207 256
2 172
18 155
179 208
109 163
52 112
51 204
196 216
28 181
118 124
54 267
164 184
34 266
152 235
58 158
246 257
167 204
0 6
20 106
159 246
173 217
149 161
156 227
18 188
19 223
54 144
80 89
8 51
116 259
44 141
136 183
17 216
65 233
113 144
60 235
192 250
47 199
7 172
22 175
127 228
25 102
39 66
91 113
203 217
66 98
64 96
16 183
0 143
202 233
35 146
213 244
80 235
0 99
117 193
51 194
126 211
179 186
41 55
242 264
33 205
75 124
9 226
12 102
100 232
253 258
17 235
125 239
90 178
189 261
55 209
137 156
28 82
26 192
18 127
183 206
76 90
72 250
42 155
102 248
178 244
73 76
67 199
129 141
181 218
234 261
168 184
92 256
33 50
18 36
88 197
2 252
171 196
233 249
10 150
30 119
101 108
120 221
60 201
142 184
231 233
168 194
167 182
21 60
142 265
29 240
83 268
134 247
90 128
225 241
112 265
154 231
28 242
52 114
4 74
54 251
200 250
30 250
81 180
95 182
153 267
63 179
34 100
90 206
41 175
151 185
151 178
123 220
102 254
189 208
13 190
155 191
114 214
11 209
43 249
16 39
0 233
238 249
56 119
139 268
75 87
100 127
10 53
34 142
110 241
62 106
9 66
22 227
85 178
208 244
131 180
8 151
210 246
174 223
161 162
15 108
206 250
126 224
11 242
162 176
91 261
145 178
38 39
103 123
96 140
22 147
11 151
41 201
119 180
113 185
23 104
45 61
20 121
179 203
167 189
53 222
96 253
121 130
137 224
22 125
16 248
206 218
144 216
23 120
160 175
208 258
0 218
148 160
5 260
21 176
39 122
177 212
78 267
171 213
14 205
27 109
9 206
97 162
110 196
91 105
205 230
237 256
52 199
12 218
239 251
72 76
3 112
6 54
37 173
87 101
110 203
180 267
127 187
127 254
28 252
204 242
103 264
78 88
92 113
23 211
122 137
131 215
42 80
105 186
49 221
129 236
129 190
28 177
49 135
93 268
178 207
18 211
2 48
70 194
81 163
143 154
9 231
168 223
0 10
1 229
130 183
158 217
35 188
55 101
100 183
154 176
54 156
38 173
19 255
49 99
117 170
49 160
76 161
120 163
45 48
23 150
91 97
57 219
6 26
177 225
76 136
76 99
26 110
86 237
18 69
18 102
145 203
46 126
106 211
4 103
40 89
51 238
75 239
156 169
75 265
27 62
114 210
103 205
135 153
87 199
142 176
62 134
114 188
13 187
118 190
19 173
16 156
35 197
43 107
22 56
25 152
49 81
82 87
5 246
163 185
83 121
17 134
203 252
117 195
166 268
73 261
66 202
211 220
87 158
70 139
72 83
15 77
1 232
48 102
148 173
166 221
204 267
23 131
189 265
162 201
151 224
140 164
231 258
17 62
165 266
36 233
76 165
34 135
106 201
109 189
12 179
201 204
25 33
165 265
89 116
120 144
11 219
35 217
131 133
157 208
108 241
121 247
8 149
94 246
50 162
114 201
88 230
122 231
199 258
101 234
45 266
126 253
101 116
76 115
51 70
24 225
71 226
84 208
63 190
194 195
118 123
107 109
168 191
119 216
56 173
119 124
118 214
65 110
187 221
66 140
76 260
11 98
17 126
45 166
113 215
11 133
23 96
89 117
58 113
31 240
126 139
77 184
34 165
54 234
128 173
44 194
101 132
196 253
70 264
32 109
48 265
1 202
51 65
55 66
38 65
98 146
197 238
155 182
17 81
139 177
90 124
150 183
56 198
145 219
14 158
99 157
108 246
75 175
123 258
72 75
102 149
213 243
130 234
133 177
48 65
38 268
244 252
244 266
108 200
195 203
10 124
120 261
259 260
30 53
65 138
115 245
69 98
250 252
196 236
70 102
54 119
110 266
44 166
31 210
138 179
86 207
188 251
69 254
32 218
55 213
158 185
64 258
160 246
14 118
240 263
82 214
104 191
63 106
18 256
0 214
101 238
38 241
24 30
7 112
180 213
73 215
79 147
120 249
59 234
209 242
136 205
92 157
24 86
69 252
44 53
120 267
152 244
100 117
188 239
129 165
99 227
32 70
50 99
71 126
224 262
47 231
152 203
29 105
103 208
106 167
106 153
194 240
105 241
72 197
164 180
61 160
46 251
36 193
39 92
90 247
193 250
7 235
53 91
6 115
1 250
154 185
0 59
69 256
26 126
191 267
84 238
20 102
135 235
36 88
16 21
120 226
78 198
162 233
87 129
84 240
143 201
97 107
65 189
44 54
176 209
136 142
121 172
130 192
59 193
70 248
72 107
77 127
60 221
127 208
0 108
43 202
40 191
86 158
23 206
11 244
176 256
106 128
199 237
75 162
92 231
64 71
207 261
79 174
4 177
2 118
126 239
145 227
232 257
87 260
58 152
30 176
14 101
251 252
32 230
174 264
7 173
30 177
196 239
159 201
16 138
61 112
85 235
36 258
14 168
26 197
71 175
207 228
43 173
62 144
46 128
131 252
222 243
198 249
112 137
203 209
130 179
21 235
164 176
13 192
18 51
11 52
21 64
85 205
29 194
124 144
141 256
199 215
165 169
83 109
91 132
182 220
103 148
56 103
82 113
31 172
76 258
98 200
41 262
2 68
87 204
87 179
111 231
93 95
169 249
192 267
216 226
204 245
48 175
195 201
53 244
98 114
231 264
64 216
212 214
45 244
81 88
97 214
26 96
100 267
4 13
106 259
115 161
1 16
60 97
32 205
207 213
82 201
117 198
112 246
21 261
46 174
4 226
128 228
13 108
33 118
80 197
48 203
118 211
85 117
4 99
121 202
13 183
145 177
76 229
3 95
159 206
55 110
35 51
115 121
77 82
6 70
30 161
19 221
135 264
132 139
139 235
6 150
16 36
7 121
125 240
111 160
56 181
161 260
133 166
190 241
143 223
102 115
128 263
9 264
6 223
87 202
74 92
118 265
98 149
26 101
156 206
40 114
137 244
95 137
54 64
109 256
128 209
73 114
24 33
52 233
72 106
31 185
200 212
25 259
0 268
152 243
17 115
70 137
95 214
42 43
150 252
85 229
135 177
129 149
150 254
109 184
43 89
115 183
3 145
150 201
152 226
5 15
204 209
22 23
143 233
83 156
50 213
126 134
75 144
82 246
14 75
9 43
96 220
142 241
168 190
35 257
33 268
146 185
69 115
143 217
125 137
42 58
193 197
8 222
198 229
157 260
180 243
1 62
126 256
118 219
174 254
139 232
171 210
179 236
173 259
65 215
92 261
68 92
103 239
60 188
132 248
109 130
99 154
125 230
189 209
4 71
170 224
112 208
32 213
88 123
74 203
65 89
156 158
44 99
52 242
17 261
96 151
89 157
23 175
188 210
46 80
94 156
266 268
42 118
188 222
155 245
37 189
158 234
158 208
33 54
5 40
58 239
204 258
186 188
72 176
211 235
2 168
78 203
49 223
22 36
95 113
123 209
96 202
128 139
38 51
148 172
201 202
0 47
125 192
179 257
24 166
62 76
37 156
158 262
73 176
170 227
44 136
102 140
207 211
66 164
244 246
84 262
3 87
28 100
106 233
77 234
34 195
178 198
6 49
63 118
97 152
159 200
58 204
74 109
101 209
102 258
169 193
148 247
44 130
30 267
24 143
54 219
23 221
16 207
60 253
95 255
141 203
170 266
58 170
30 178
124 170
124 201
51 122
140 236
42 151
183 207
80 141
46 130
188 200
104 130
75 190
106 205
25 182
83 254
25 35
113 179
167 231
64 263
36 164
209 228
20 128
143 149
209 213
100 143
112 171
19 50
26 87
38 113
194 263
53 117
28 47
14 209
138 163
66 266
197 236
141 178
213 225
87 223
48 122
127 236
49 207
33 86
13 93
5 97
63 134
47 219
211 248
93 105
47 70
119 198
53 133
25 189
85 257
84 171
65 257
35 103
196 232
136 243
235 255
4 117
15 163
79 180
92 235
59 152
187 236
73 170
100 206
11 218
49 220
179 238
96 101
75 81
4 241
9 20
169 185
159 186
88 150
115 199
76 216
123 188
226 252
157 261
80 139
96 177
71 156
60 232
101 102
10 43
6 98
118 180
230 252
53 246
63 248
9 208
154 205
149 158
132 207
80 244
71 149
60 155
5 135
95 200
89 183
59 266
17 257
1 44
111 116
66 206
10 178
212 260
36 172
160 229
215 217
96 146
55 192
156 254
173 254
4 181
191 261
161 178
35 68
96 240
106 194
110 223
76 157
102 178
136 156
157 170
31 134
63 116
82 244
242 258
15 230
118 149
87 198
85 252
98 263
14 180
182 257
145 246
66 258
21 39
8 268
6 209
90 190
54 162
107 174
178 199
62 222
4 164
11 196
203 240
60 73
147 178
165 267
11 105
29 114
100 219
135 137
71 251
89 258
150 230
57 147
32 123
94 242
9 140
73 214
86 163
6 139
57 112
125 252
51 56
67 261
176 223
164 262
193 202
27 123
82 156
48 206
54 112
92 141
18 149
167 234
36 192
198 220
90 215
4 217
127 257
154 245
198 227
51 101
107 211
19 127
85 110
103 198
35 202
120 230
172 191
229 266
7 181
78 114
185 258
51 184
35 37
48 186
18 230
166 180
48 156
2 183
7 31
19 82
241 251
15 44
182 195
6 231
14 96
143 173
22 213
166 190
53 226
157 215
104 123
48 72
35 66
54 170
156 164
55 105
63 268
89 101
158 179
108 256
16 176
78 95
6 42
79 227
217 245
53 197
44 169
62 120
41 49
166 215
161 262
112 146
136 139
21 179
47 169
9 188
20 173
8 119
135 216
205 266
137 243
156 241
178 188
59 150
86 175
47 76
246 260
67 205
51 172
147 215
131 261
56 116
113 262
106 200
29 38
193 251
26 174
118 233
4 265
93 195
4 236
125 227
212 249
75 78
179 204
23 38
23 197
48 255
50 64
151 187
3 48
100 114
79 214
19 203
201 268
29 60
82 93
37 239
107 130
13 120
1 260
149 234
32 80
107 141
195 234
17 182
16 201
18 62
202 220
6 196
25 168
132 236
167 193
2 226
118 134
7 206
19 143
39 90
106 191
166 229
7 267
58 232
128 227
215 237
197 267
9 80
10 25
50 264
42 251
185 204
46 221
62 69
27 98
14 72
34 104
43 225
27 40
130 227
66 255
132 179
69 238
72 235
1 3
100 264
36 70
72 153
26 74
75 192
68 97
126 199
85 119
95 209
80 247
8 163
125 145
64 238
224 264
10 155
172 240
91 162
189 231
91 222
93 250
46 101
92 112
54 69
64 133
20 188
3 179
192 213
98 179
92 198
84 221
135 149
102 168
134 211
2 147
33 135
65 123
41 136
130 225
68 254
97 197
153 207
79 160
83 168
212 261
81 200
39 177
139 192
89 96
152 159
9 236
81 83
223 246
110 251
174 262
201 222
1 203
92 188
155 233
89 175
71 197
180 214
53 79
209 224
47 244
210 261
12 34
43 47
70 172
117 149
19 266
151 244
101 111
73 95
91 149
69 225
45 63
138 242
53 71
225 227
76 196
40 178
209 246
74 202
39 137
38 188
165 199
148 169
7 82
26 232
74 220
24 199
3 155
4 113
135 257
35 83
177 227
94 190
165 177
71 259
70 173
46 70
185 227
125 148
70 250
152 230
148 207
8 192
164 261
68 202
143 262
53 219
137 255
58 125
174 248
111 205
10 188
34 245
97 99
44 248
109 179
90 148
49 187
33 94
115 221
243 247
43 105
76 234
166 194
17 145
51 266
16 107
83 139
37 221
178 253
224 257
147 224
83 257
194 217
224 225
68 223
0 25
13 94
41 111
252 257
44 149
49 171
13 33
16 184
3 203
89 231
10 97
104 248
50 78
120 236
21 25
54 202
24 153
32 242
90 113
95 237
9 127
96 230
119 172
63 217
145 186
231 261
26 238
234 255
51 187
23 243
2 40
7 91
52 219
165 246
35 121
197 217
83 106
2 30
35 70
68 197
185 224
21 165
127 152
155 199
142 177
0 38
178 201
5 153
173 255
0 2
147 203
13 50
62 211
16 224
103 186
43 54
165 187
53 119
1 27
25 217
63 73
113 241
3 100
70 122
230 266
1 207
36 123
68 177
38 148
60 205
121 240
163 166
116 246
3 168
132 232
95 230
75 209
53 135
36 251
38 263
75 174
207 241
5 92
243 246
1 165
126 131
35 142
15 265
43 237
75 187
12 105
26 131
9 81
60 157
31 131
79 132
117 202
211 260
13 146
69 174
191 199
92 97
8 238
40 143
147 165
74 136
219 265
70 223
61 182
13 216
53 121
8 141
0 235
25 163
111 199
110 162
8 198
1 225
32 160
13 213
42 162
141 209
39 125
63 184
90 175
133 163
97 113
73 219
36 209
165 176
40 264
205 240
91 252
38 139
224 268
18 105
250 255
102 193
116 232
89 173
68 247
56 81
201 259
33 138
102 227
81 175
106 207
107 143
68 127
8 153
69 199
0 95
75 238
67 105
63 224
132 256
26 217
77 259
167 254
72 268
31 59
15 237
99 226
70 198
210 236
6 174
38 265
13 127
135 158
132 257
104 200
17 161
36 90
95 240
116 237
253 267
122 131
72 241
58 190
50 261
52 118
36 186
11 85
18 30
43 157
121 127
186 244
128 226
194 256
136 249
43 140
21 228
88 175
143 190
72 208
138 237
130 256
31 265
12 96
232 264
23 47
147 267
54 132
26 253
103 199
24 81
27 200
38 135
27 89
14 233
41 176
130 196
169 257
31 256
115 185
58 73
14 196
94 154
141 174
246 254
92 218
108 206
40 224
90 212
70 116
126 175
232 242
20 170
30 234
37 91
38 262
23 180
2 89
150 225
108 194
44 129
69 247
122 182
176 216
51 152
19 40
78 228
106 184
70 71
92 237
12 37
164 237
88 118
7 156
27 129
186 229
110 240
56 121
8 66
12 231
85 123
116 204
15 51
113 132
50 203
82 207
49 226
2 8
149 195
1 75
148 235
33 66
42 187
30 104
62 92
142 227
119 268
205 267
135 189
150 182
24 222
77 265
84 236
47 72
65 161
161 246
78 169
16 43
26 122
165 268
152 255
42 246
5 37
31 34
64 174
82 195
26 212
77 181
50 124
8 261
154 208
35 155
21 48
95 129
226 245
171 195
2 258
195 261
39 111
238 251
26 86
154 171
158 244
58 260
213 215
220 226
232 234
42 86
150 204
19 101
15 53
146 256
124 131
25 86
70 175
105 259
170 234
73 207
51 121
88 260
152 166
143 221
40 48
81 144
60 140
84 142
22 135
55 268
22 80
74 182
221 266
24 162
76 252
11 33
188 253
59 65
74 169
234 235
86 262
177 245
50 180
200 207
200 230
36 201
140 254
81 255
5 230
119 226
26 123
156 267
10 52
73 254
104 122
21 150
122 147
55 216
99 174
221 267
67 204
213 218
75 163
192 263
125 221
51 243
28 133
104 193
115 139
136 209
19 177
0 92
79 190
69 214
23 163
24 96
83 232
71 130
22 68
8 211
218 236
25 231
106 255
50 211
50 69
12 159
88 218
114 149
70 266
138 184
33 223
26 40
145 188
171 220
103 137
72 73
164 228
162 242
122 267
158 210
212 215
33 90
227 242
133 158
116 192
72 127
75 95
31 181
124 265
58 92
2 4
11 56
72 218
32 93
214 232
39 206
48 210
68 191
9 221
72 163
131 164
154 213
188 255
35 47
57 162
6 158
72 158
230 265
25 61
194 229
139 218
70 143
26 222
35 148
139 169
93 246
44 173
47 141
41 154
18 241
105 169
47 52
36 259
191 205
148 223
107 156
135 156
101 208
220 227
179 199
17 112
67 239
88 141
123 138
68 89
56 142
29 208
149 232
18 204
12 118
83 241
73 105
30 88
52 117
154 162
154 186
25 111
135 258
24 193
220 248
25 244
2 133
57 145
95 151
12 58
18 197
133 198
40 232
81 263
144 156
44 165
51 59
84 114
38 116
29 199
89 120
8 136
30 236
17 176
94 206
156 242
37 136
5 177
133 241
198 233
91 147
236 246
52 266
12 184
60 146
143 159
32 103
13 245
64 212
167 170
68 147
117 152
123 262
0 179
43 181
111 211
163 262
26 267
241 252
189 236
74 138
29 71
49 211
167 223
176 234
27 235
114 261
18 169
80 206
140 167
51 165
1 73
54 94
70 150
56 88
68 76
239 243
28 94
121 212
67 243
103 194
150 256
137 138
48 194
113 163
97 149
137 188
165 258
13 199
32 174
53 62
86 233
175 233
114 144
63 78
13 58
57 61
105 264
11 260
153 192
122 252
58 222
72 261
35 117
175 177
11 136
60 160
230 245
111 204
108 183
87 226
47 227
84 265
72 112
5 159
176 263
6 17
72 217
25 208
249 260
46 261
131 155
52 129
85 103
49 184
17 64
42 220
0 37
14 167
119 125
26 245
114 159
145 176
92 215
38 43
68 192
147 194
72 117
16 242
62 80
6 195
120 242
21 190
162 238
157 258
110 267
151 182
81 216
61 127
1 34
126 129
163 230
84 205
79 112
17 80
212 264
144 241
170 180
122 128
179 191
128 135
181 197
100 236
56 65
32 43
10 232
108 154
163 200
134 233
26 220
86 240
85 151
17 22
74 150
84 212
70 155
163 169
12 107
24 134
231 257
162 252
39 69
79 88
108 186
121 135
72 177
121 183
113 166
174 205
22 146
142 206
79 124
132 202
53 208
72 213
89 203
200 257
46 129
20 126
215 250
146 188
117 263
29 42
86 250
80 87
178 223
177 206
113 138
84 259
112 247
169 268
70 136
132 180
151 164
173 257
134 209
5 167
21 55
54 124
190 219
52 231
67 101
132 244
82 226
157 195
19 160
124 240
136 186
24 53
29 174
34 136
107 230
9 130
176 226
2 58
26 261
92 238
95 170
192 259
49 193
27 55
53 131
191 243
1 14
98 195
69 168
34 67
176 230
135 202
160 195
164 175
159 169
146 230
53 65
43 255
19 92
21 75
5 59
34 209
58 162
82 125
28 231
13 195
85 222
147 225
87 227
216 245
82 249
91 253
172 243
94 137
51 150
62 146
83 177
127 196
111 138
21 168
76 183
73 151
113 121
17 97
95 152
204 211
74 232
44 148
169 259
105 239
15 55
61 197
235 245
57 217
13 197
11 130
53 85
66 91
137 182
134 168
87 185
32 261
12 236
197 254
263 267
49 76
4 42
56 210
93 261
138 253
204 205
171 193
63 173
29 161
147 176
6 31
51 250
12 187
59 202
180 265
89 118
171 205
76 263
121 161
49 118
149 248
190 203
14 109
58 79
163 174
133 223
113 130
219 231
138 144
175 246
57 182
85 160
37 268
90 92
139 168
192 221
55 171
34 108
59 80
93 190
174 186
78 122
197 226
58 174
199 249
222 234
12 212
175 200
64 195
47 100
54 142
133 242
154 260
73 118
69 177
201 239
15 199
154 218
86 96
134 229
98 164
43 115
60 117
153 155
50 248
30 216
55 255
8 255
161 237
83 217
13 95
145 230
20 142
65 245
46 247
173 232
70 207
93 183
41 221
163 224
84 260
43 227
198 224
114 232
90 195
65 164
18 90
63 257
149 207
59 92
41 236
144 163
99 178
54 192
222 229
198 264
116 255
13 84
1 234
42 209
112 187
85 265
52 235
57 242
69 164
72 126
194 227
111 139
199 240
140 150
25 172
93 198
128 208
105 107
33 96
215 268
46 216
41 168
3 154
104 232
35 213
29 226
122 132
33 114
5 148
70 76
168 246
256 267
44 65
187 264
174 242
16 95
28 96
162 216
55 75
137 150
57 263
30 263
32 257
150 181
5 84
110 136
57 93
3 161
124 248
5 130
140 201
38 181
149 159
85 210
219 253
49 79
187 215
120 209
15 218
64 111
148 243
149 253
203 205
186 230
69 236
57 190
208 236
141 239
113 174
65 157
68 214
53 136
33 246
72 210
157 163
255 256
28 245
31 154
253 264
192 257
76 168
93 135
146 267
131 243
88 238
99 159
3 252
54 152
15 145
73 120
168 187
71 135
57 194
57 204
15 188
150 265
174 234
129 164
6 218
48 177
217 220
253 254
207 239
108 259
146 182
100 146
54 143
9 49
58 144
110 134
57 249
61 257
42 153
134 140
133 257
161 191
36 206
41 267
9 26
6 255
164 254
39 168
95 146
32 135
48 134
11 51
13 124
220 247
20 256
96 242
91 219
123 205
128 230
122 177
64 112
95 247
11 178
59 98
86 119
158 259
49 80
100 220
54 207
238 246
101 161
61 173
220 245
164 219
64 65
99 221
3 79
107 253
12 194
23 194
128 232
204 237
84 256
64 222
42 230
89 253
67 260
29 159
110 258
28 150
149 198
55 79
161 218
61 237
201 209
226 251
140 170
129 187
151 250
37 242
34 259
86 192
15 239
127 268
167 230
218 240
21 184
11 90
0 68
92 152
124 151
19 99
215 238
196 263
12 255
17 185
39 42
14 182
104 172
156 183
73 231
56 108
22 173
199 247
180 181
118 245
38 85
48 98
33 150
244 245
16 48
185 265
112 116
64 169
67 227
64 173
101 247
104 199
10 218
75 120
120 170
66 86
12 41
190 240
219 257
53 241
176 214
16 196
68 233
20 150
79 242
98 225
170 253
7 180
41 85
18 46
222 235
35 60
36 127
126 247
24 261
98 156
72 192
142 223
211 236
50 86
104 258
9 257
62 147
94 265
53 146
28 240
4 90
64 192
54 123
238 248
125 213
61 118
230 247
58 84
72 134
166 210
42 147
168 241
70 202
90 242
9 219
45 113
115 198
177 229
168 196
125 207
123 263
50 123
47 96
111 196
4 247
24 235
103 242
198 266
63 230
118 243
23 130
7 160
13 68
50 72
51 146
15 242
118 148
83 223
201 229
105 211
61 196
69 194
249 263
104 105
142 216
19 181
101 164
199 209
220 256
66 219
138 201
0 80
68 135
39 123
62 143
185 214
6 99
97 156
218 230
2 80
63 266
11 158
111 268
154 174
0 76
38 254
165 230
208 247
17 230
212 243
56 94
49 183
97 183
77 205
22 171
132 141
50 184
30 72
1 118
63 99
21 77
27 144
112 244
8 247
13 242
134 242
104 255
39 224
113 235
22 266
7 32
83 165
73 256
59 120
190 238
227 251
206 238
123 187
109 142
21 106
5 216
167 210
11 179
221 258
78 93
17 125
149 187
136 184
146 166
164 258
9 135
101 127
67 177
215 253
96 145
96 124
42 247
146 210
189 251
33 57
41 254
18 125
90 151
106 188
171 174
231 236
125 197
9 164
52 252
53 179
14 166
90 122
13 251
30 127
167 194
16 127
106 113
78 89
79 152
9 94
18 130
195 210
36 241
44 237
41 258
152 249
74 96
40 235
55 124
64 251
109 127
156 197
168 259
19 39
26 216
139 229
44 90
133 212
54 81
29 44
98 160
22 140
119 174
102 182
139 212
28 43
21 263
62 185
62 119
87 140
88 244
166 222
0 53
58 212
7 203
101 122
51 119
66 226
126 179
67 210
69 222
11 250
162 208
33 225
133 179
82 221
173 208
132 170
101 203
146 219
20 218
205 262
118 231
15 203
235 256
85 186
116 157
114 221
146 151
102 263
134 235
115 164
110 190
56 225
179 212
28 61
95 177
113 140
180 196
186 263
188 208
26 108
33 85
126 210
127 137
51 137
39 258
27 263
37 58
75 145
71 231
91 112
38 66
15 16
125 224
5 83
196 213
9 185
133 238
57 226
18 234
114 133
41 122
109 161
25 224
183 191
167 215
71 203
1 5
26 233
22 263
98 266
13 143
91 258
153 240
9 78
8 187
110 244
136 161
48 75
185 234
5 63
175 176
1 230
31 219
30 85
201 248
118 131
184 259
48 178
198 263
2 38
9 70
70 265
17 37
170 268
145 231
15 213
213 262
121 228
124 133
158 240
46 214
184 187
18 216
49 170
7 42
185 255
76 137
111 175
52 244
51 138
132 210
143 229
15 250
23 86
237 242
104 209
43 219
15 56
99 240
136 200
102 177
24 259
77 97
6 110
27 244
97 122
169 170
46 220
72 228
11 103
45 225
25 265
78 166
224 234
188 198
147 198
8 265
137 173
46 122
69 224
182 198
127 229
139 249
53 186
151 219
34 97
45 184
124 257
43 261
98 239
116 179
38 201
62 248
79 185
101 204
130 151
48 174
33 233
137 241
131 153
126 150
42 182
141 148
172 242
153 219
70 191
35 132
108 244
87 127
213 261
48 116
96 248
38 151
179 192
27 170
15 81
16 86
45 237
122 139
113 177
67 89
139 144
207 250
48 215
16 116
141 193
169 248
259 263
11 261
64 190
107 157
165 232
46 132
52 98
191 200
80 98
86 187
101 112
204 220
44 102
104 217
183 242
96 122
40 138
33 256
52 54
74 207
78 197
104 142
7 229
245 250
178 242
249 265
31 177
42 127
34 112
20 220
214 241
104 231
35 234
20 211
8 262
54 84
132 192
69 151
10 229
103 157
144 253
224 266
133 217
87 110
108 233
48 99
33 265
166 204
158 243
52 56
34 199
79 205
73 253
211 252
44 143
21 182
177 253
13 65
7 213
107 204
52 247
72 193
224 227
80 152
10 107
56 117
264 267
33 61
171 191
123 267
42 46
0 217
78 190
82 243
165 244
202 206
211 257
21 248
37 50
26 31
6 89
18 42
151 153
16 96
48 55
101 157
48 152
55 155
56 64
153 171
21 193
84 167
187 265
37 266
23 262
191 218
21 220
36 126
78 100
9 82
71 232
110 219
42 114
51 53
32 100
2 154
37 230
32 155
64 215
87 206
121 134
111 141
196 240
15 83
21 78
119 183
42 129
0 77
165 204
132 136
19 158
112 164
84 144
134 216
87 243
19 245
37 110
226 266
76 103
76 245
150 219
37 134
79 222
28 218
32 106
127 221
59 121
16 82
184 211
142 254
75 222
99 249
94 169
73 236
231 237
237 238
38 158
161 174
96 174
57 267
88 130
42 143
187 195
46 200
3 84
26 124
130 166
164 208
113 208
161 199
227 254
214 238
187 268
82 144
227 258
88 210
60 227
14 170
143 241
219 258
46 95
189 238
36 167
130 194
98 204
66 118
44 162
53 205
147 152
91 228
11 97
15 18
34 150
87 163
113 261
120 198
48 187
178 231
168 252
23 213
119 188
70 181
92 239
74 181
56 149
97 228
152 234
220 267
21 171
19 212
68 141
150 191
170 247
113 203
231 256
38 221
138 142
142 255
39 94
216 219
7 24
28 183
7 179
85 107
189 256
67 198
77 152
42 266
92 165
98 244
83 194
247 263
264 265
5 256
1 87
32 72
214 268
66 129
142 179
51 139
125 127
0 57
63 142
24 148
8 22
5 207
221 252
22 167
36 105
218 219
156 185
57 127
0 109
75 139
49 100
11 144
1 235
241 246
15 209
1 240
13 171
23 254
170 189
222 258
83 88
17 108
11 252
174 179
203 208
159 244
101 257
222 256
34 211
192 229
19 55
1 122
96 237
40 84
47 232
167 216
20 35
55 62
105 177
116 160
160 216
233 239
87 212
223 261
86 157
105 236
6 29
181 263
11 177
110 193
129 211
188 227
40 256
42 135
94 236
61 252
12 239
63 123
25 193
165 236
247 248
115 131
77 199
171 227
0 170
60 198
27 86
118 200
36 205
52 236
204 244
12 147
84 216
60 139
44 137
76 227
64 124
172 219
68 187
86 104
241 261
18 196
121 262
122 209
40 43
52 260
93 193
95 263
48 222
146 167
168 213
35 210
61 70
186 231
145 218
125 176
41 164
82 223
22 243
148 195
182 252
29 265
161 227
79 248
98 233
9 191
12 227
117 264
157 191
53 87
106 226
117 123
114 235
51 72
49 227
75 136
39 213
55 223
155 228
131 231
81 101
34 61
158 205
151 222
94 227
49 161
10 13
103 255
14 223
16 129
221 256
116 159
46 178
170 199
75 252
50 186
88 215
5 82
27 48
44 205
262 265
238 259
69 113
99 214
67 110
50 170
2 267
150 155
44 48
163 172
25 134
100 182
144 206
88 170
20 221
13 97
33 56
136 154
38 231
14 53
22 93
10 210
109 223
71 98
124 256
18 134
196 252
24 26
202 260
95 205
71 92
144 209
211 262
11 122
39 215
139 172
73 229
105 172
206 211
99 266
61 221
65 201
62 167
76 248
155 195
64 66
24 165
58 160
6 72
13 152
14 61
20 237
109 132
69 213
186 245
16 185
45 222
79 229
8 249
87 222
28 113
156 211
12 129
71 201
75 155
13 252
89 113
93 229
121 164
103 178
59 170
71 113
32 268
185 190
73 263
93 171
159 232
114 184
29 66
13 78
147 255
74 190
184 232
137 145
67 230
165 241
17 157
100 175
77 172
55 214
240 262
170 182
126 217
65 127
44 94
25 187
8 53
65 71
10 268
38 117
128 262
144 266
32 58
97 116
12 49
96 235
21 157
130 245
99 215
46 91
74 170
1 199
163 201
86 221
17 76
222 263
114 258
133 205
65 84
34 223
158 166
173 220
13 34
56 157
5 33
37 95
26 72
57 172
166 239
8 225
25 114
36 266
195 235
162 215
120 233
138 259
106 156
118 261
105 238
67 165
172 265
163 227
75 137
186 225
29 70
40 176
95 175
227 233
31 165
113 237
65 149
47 150
108 199
139 213
122 249
109 123
143 183
116 140
62 169
97 166
55 233
49 136
20 137
31 204
58 135
88 146
51 218
91 133
74 162
183 212
183 201
117 126
100 203
28 173
66 262
74 176
192 212
93 197
184 268
87 106
80 186
177 235
154 226
86 162
2 141
167 214
37 170
129 144
114 164
123 190
51 55
232 248
224 244
33 249
111 136
97 121
170 212
123 172
77 228
78 106
75 248
140 190
45 102
199 268
96 104
238 266
150 170
196 203
78 129
8 114
47 78
16 236
68 150
0 193
232 240
90 93
76 118
7 162
121 236
42 130
1 137
80 176
52 101
178 240
7 158
94 117
111 246
44 161
25 257
28 215
121 178
1 221
101 184
118 186
142 200
108 152
101 135
146 262
69 260
2 198
20 254
143 187
13 56
6 135
113 165
27 103
60 190
100 158
31 44
115 156
113 204
78 256
81 157
103 203
220 263
37 66
6 258
100 173
158 231
40 96
151 228
30 155
33 126
205 232
74 118
36 191
225 243
1 31
17 245
0 183
145 245
74 235
37 45
116 209
20 29
45 141
40 174
9 215
2 166
129 227
69 147
6 254
35 134
0 118
5 204
13 62
19 258
90 254
30 63
55 133
209 238
124 132
178 232
116 182
53 210
74 122
124 184
88 185
6 45
31 76
37 76
28 163
104 246
145 184
42 180
27 250
80 111
34 268
61 177
53 172
82 178
26 242
53 189
29 210
70 252
113 194
14 232
210 254
136 231
9 133
104 144
112 227
88 242
157 172
30 69
73 113
25 107
84 100
74 263
178 246
148 166
57 262
93 144
176 262
54 239
52 149
104 132
174 218
58 123
56 67
210 241
42 226
36 252
121 215
182 218
97 178
238 240
214 267
34 252
110 143
47 90
67 223
16 221
22 137
2 88
94 144
4 221
30 109
84 152
11 79
72 179
114 135
21 62
25 122
64 228
12 220
65 160
5 16
148 251
31 189
166 199
99 224
34 156
234 247
130 158
97 144
69 189
140 159
84 137
37 162
197 241
196 198
240 260
172 178
93 156
140 255
82 149
137 263
67 98
9 241
189 249
160 169
86 222
113 150
30 174
34 123
116 135
88 214
5 258
67 139
152 228
127 211
88 253
188 202
32 113
132 175
129 154
75 251
112 219
35 163
91 115
134 206
228 261
95 115
39 154
4 213
120 243
77 90
91 106
83 247
34 144
34 256
62 149
84 130
131 151
22 148
124 158
127 238
0 229
21 22
136 241
217 243
161 181
5 171
58 205
29 124
209 233
158 239
157 254
52 94
12 190
130 190
102 195
13 112
107 171
70 123
14 43
214 242
161 241
66 204
97 196
35 230
2 259
146 253
56 194
128 157
159 216
21 82
44 47
102 197
106 115
33 133
10 146
174 212
16 23
131 222
33 71
88 256
103 261
116 118
171 203
82 101
1 33
178 213
177 231
117 174
98 124
51 120
43 148
120 179
110 226
19 105
56 175
62 96
98 126
29 49
162 263
152 216
145 236
65 116
18 110
37 128
87 108
28 115
137 194
131 214
86 234
48 205
68 235
60 154
164 185
142 149
164 201
100 233
198 246
170 232
12 50
181 250
37 236
31 43
202 229
57 240
38 253
45 240
14 36
55 82
169 218
6 225
151 206
118 193
27 37
92 168
157 243
149 160
233 263
102 232
167 252
2 16
159 173
186 214
72 149
89 91
211 226
55 224
23 256
17 25
3 247
2 54
58 102
13 82
115 137
69 75
70 179
167 201
124 141
109 219
163 178
231 239
64 235
97 102
217 262
71 237
68 138
33 131
88 237
255 263
143 184
34 48
28 123
38 71
42 240
150 179
49 194
17 243
39 260
49 150
165 207
65 192
62 191
16 65
58 60
19 136
202 221
214 225
140 212
46 58
109 146
135 199
199 238
40 255
48 108
173 248
169 231
93 167
212 250
12 193
173 216
122 180
73 177
127 178
61 185
0 54
127 222
136 192
120 265
97 265
86 255
39 253
15 112
32 173
19 119
184 266
96 223
176 266
87 176
182 187
160 241
54 171
33 262
150 250
2 254
97 198
41 199
185 235
33 217
22 112
82 220
60 217
15 68
135 236
171 240
200 231
87 207
12 101
62 97
7 34
4 212
46 92
122 200
49 96
107 194
187 191
57 142
209 236
0 185
88 216
153 211
112 215
19 171
48 91
138 172
106 199
99 262
107 229
50 258
101 210
116 205
3 201
184 233
55 265
35 208
174 245
181 246
4 107
6 102
86 98
47 211
163 181
85 134
36 121
226 264
24 31
58 209
55 106
96 112
61 229
107 205
93 206
12 192
18 20
85 181
55 135
45 181
107 240
113 142
13 234
28 44
189 191
17 267
98 153
42 69
44 63
173 192
12 25
92 162
28 38
33 115
73 93
71 213
150 159
141 238
93 121
6 268
160 177
114 190
172 222
27 168
41 124
154 239
51 125
55 118
112 118
82 110
69 125
24 117
118 226
2 153
106 120
110 122
146 231
194 210
20 171
144 180
190 205
19 60
47 245
67 107
130 213
67 182
15 158
100 185
138 208
104 173
43 168
101 244
192 236
31 109
5 113
214 263
161 242
44 140
122 178
8 115
46 104
13 104
162 214
91 111
142 263
212 239
27 127
127 198
16 24
18 264
42 125
11 208
27 77
11 205
140 221
101 233
63 178
89 144
40 83
55 160
41 193
206 214
47 203
173 253
77 94
19 242
37 129
66 127
17 52
170 248
96 131
129 255
4 114
0 58
41 139
44 207
22 107
16 78
38 143
72 135
86 109
94 109
19 133
12 151
32 42
214 222
91 226
49 151
31 211
44 238
184 202
62 115
47 148
140 258
59 155
111 164
32 102
84 116
154 182
33 88
60 138
66 125
172 216
12 229
12 82
3 21
143 169
98 155
33 48
206 229
93 139
182 247
31 93
93 106
221 236
18 177
29 134
70 259
171 245
104 131
59 222
12 197
158 188
55 109
75 113
164 170
63 77
48 90
36 262
256 263
73 169
35 124
15 75
2 74
160 176
12 169
25 88
92 170
227 255
94 185
36 155
234 258
30 38
16 100
1 157
81 182
7 15
197 221
0 144
70 90
139 252
30 79
8 79
139 165
5 178
35 73
91 172
47 130
6 123
48 159
85 189
25 185
175 251
42 258
2 65
187 263
144 179
139 143
84 124
10 263
75 80
49 261
131 139
166 175
5 62
96 188
148 152
25 140
168 180
37 184
209 257
202 231
168 234
44 187
15 42
7 57
175 199
177 259
11 72
188 263
128 136
82 168
112 161
144 237
14 32
85 159
35 77
14 231
120 157
169 240
91 224
25 37
98 219
168 231
107 260
128 172
57 186
17 141
10 205
26 54
102 166
2 49
22 219
71 82
223 247
66 199
40 153
29 256
180 229
161 224
147 229
0 204
13 158
95 98
188 257
19 261
46 238
33 235
211 238
105 115
148 151
0 265
155 206
18 142
128 144
3 40
63 83
65 87
41 90
87 164
46 157
41 158
1 143
134 194
203 258
64 254
21 69
27 197
228 244
114 121
4 199
21 239
5 23
43 60
105 204
236 257
19 167
88 157
125 185
7 260
54 89
107 255
33 65
121 242
71 221
52 152
212 223
115 265
106 168
208 229
99 204
93 173
112 179
222 257
162 181
186 216
111 170
47 58
175 196
33 230
220 231
73 82
75 82
44 64
66 172
119 145
83 108
6 251
189 239
15 245
152 219
170 245
35 54
102 172
73 92
78 259
110 151
118 155
184 212
170 263
196 241
134 151
72 97
40 253
47 132
56 182
215 261
63 194
98 207
124 215
208 266
126 180
12 83
10 215
10 125
3 257
263 268
135 140
155 213
65 112
97 108
27 217
15 196
80 140
11 193
100 256
199 251
37 130
115 263
243 259
47 56
4 200
20 247
16 169
214 264
16 192
76 124
237 255
122 141
82 121
61 125
80 216
15 78
58 111
194 262
72 77
70 256
119 237
18 106
16 159
73 265
122 125
128 240
100 168
133 146
160 191
191 210
55 188
32 139
52 261
54 114
3 142
58 103
10 208
4 168
9 147
201 215
76 236
70 85
166 176
76 152
132 203
135 138
131 145
216 231
191 229
32 157
102 261
21 149
173 246
113 227
70 121
214 253
131 246
63 254
86 188
178 217
15 258
43 139
114 119
45 82
56 101
14 85
32 165
55 57
23 112
5 220
29 81
152 231
69 240
67 251
56 230
42 108
8 36
8 252
42 170
37 238
137 228
66 74
36 122
114 185
163 175
189 213
87 94
28 171
101 205
7 246
118 209
200 241
106 202
79 213
21 231
134 154
114 160
169 200
101 223
186 193
5 129
114 187
136 229
108 222
253 259
29 181
160 263
78 108
118 248
107 212
4 125
124 154
183 262
50 139
28 195
166 184
120 123
86 223
85 203
129 131
100 217
29 231
133 152
197 209
15 183
132 173
114 183
34 83
144 250
103 266
211 234
230 249
58 138
83 158
29 120
8 48
100 159
196 251
34 39
83 216
75 193
108 214
12 89
7 103
40 92
70 170
93 166
44 206
93 257
171 223
42 121
129 230
4 243
232 255
177 226
39 193
110 155
140 261
27 93
122 179
193 242
20 111
196 238
119 164
24 106
84 237
75 118
25 71
2 105
64 188
3 81
49 74
23 29
32 81
139 145
16 37
62 122
53 243
89 159
1 55
40 198
118 157
154 215
113 145
1 19
207 253
23 65
118 167
91 259
108 230
53 158
89 264
45 187
36 218
198 230
8 185
18 210
37 257
54 74
14 133
126 173
108 161
28 90
37 227
76 179
43 66
1 159
169 232
79 141
134 212
53 227
10 17
1 267
46 72
122 153
4 121
58 245
1 223
7 205
5 139
22 200
63 235
59 133
33 35
0 242
131 265
12 265
102 126
129 226
191 228
6 66
187 256
22 238
8 253
83 236
70 79
57 238
58 189
97 112
3 114
65 267
48 64
121 216
71 120
1 264
61 225
13 249
1 227
71 245
145 242
129 229
117 268
14 229
21 41
13 16
104 254
147 156
173 250
25 178
133 174
102 229
90 241
51 207
10 157
59 186
0 154
208 218
93 102
183 252
56 75
63 109
24 267
74 101
249 257
102 113
7 119
6 93
123 210
156 205
221 244
46 256
63 144
15 260
83 193
121 249
45 79
32 71
20 252
108 162
10 11
87 131
23 51
80 194
193 225
86 215
122 199
75 177
6 187
38 88
0 107
24 104
211 230
82 196
53 251
77 110
105 261
116 121
120 142
197 228
210 216
107 241
76 158
191 212
48 168
117 162
39 184
124 249
129 205
39 129
20 183
147 160
189 227
78 173
11 249
1 169
34 90
49 133
164 205
58 154
70 262
50 172
222 268
48 153
25 98
144 246
67 72
46 233
66 178
177 193
28 257
91 116
90 187
212 231
82 267
168 212
4 145
86 248
2 244
9 266
38 264
2 255
33 53
94 220
123 162
147 181
101 251
91 151
79 170
49 140
72 254
17 241
90 118
50 209
140 172
13 184
55 215
80 113
30 56
200 259
4 244
31 221
95 131
132 185
23 43
73 206
163 265
86 91
9 256
19 53
202 253
119 169
5 12
151 186
61 172
211 268
0 190
7 100
192 225
132 167
3 12
67 171
103 160
123 213
77 84
125 190
17 105
70 231
62 219
77 166
11 267
21 189
126 244
186 189
13 116
37 56
14 44
148 161
73 180
183 188
72 267
120 164
31 159
0 93
130 189
57 62
8 182
11 153
106 114
60 72
192 252
1 179
139 182
126 245
26 243
41 45
1 146
80 229
103 176
205 258
128 158
80 208
25 76
218 229
25 264
57 268
18 129
42 174
43 194
49 250
87 203
48 155
1 93
12 48
22 256
145 193
9 242
191 223
114 124
14 124
119 163
87 221
61 183
130 148
92 220
72 128
36 63
27 246
175 247
28 238
33 58
75 196
52 79
77 262
27 265
37 115
82 139
69 262
8 82
150 177
22 153
0 244
8 18
90 261
131 211
26 196
157 264
26 146
54 218
31 107
40 200
124 258
16 102
118 246
133 265
223 256
37 214
44 93
254 258
2 149
234 259
166 258
72 239
62 73
18 143
15 26
63 100
62 121
142 232
255 259
58 254
209 259
140 176
152 165
32 120
75 181
114 179
195 257
115 211
94 161
177 189
64 183
143 179
244 268
158 198
52 73
21 114
51 159
110 125
70 83
144 228
0 96
82 208
12 77
89 139
136 216
122 173
34 253
5 132
55 153
195 221
86 89
225 233
29 75
47 213
168 226
0 267
62 72
112 217
88 127
171 219
80 169
1 63
32 190
60 252
4 220
21 144
141 196
156 249
82 240
51 73
139 265
153 216
32 37
43 73
106 137
87 230
112 200
62 112
118 244
112 172
105 110
229 264
56 152
182 207
139 207
56 62
62 186
34 178
127 161
0 227
22 155
155 160
158 175
187 222
171 197
127 164
79 201
195 199
82 181
46 240
166 201
20 38
33 38
61 141
48 115
27 208
170 209
80 108
19 87
185 266
45 97
69 227
112 176
66 236
3 68
86 186
67 129
185 256
62 77
173 244
2 187
92 123
75 186
114 156
118 203
110 237
1 79
68 182
24 50
50 194
23 67
54 228
21 148
99 237
117 145
81 160
150 166
89 163
143 174
169 264
188 196
146 237
82 89
89 178
148 176
30 182
224 228
78 119
168 240
16 162
59 189
123 166
30 225
18 237
118 264
76 209
40 50
168 242
112 181
164 181
94 140
85 209
60 268
145 251
91 164
80 266
175 248
144 251
154 209
96 139
37 233
63 231
51 258
111 169
79 212
22 255
42 239
2 98
168 236
79 159
79 226
93 163
30 238
171 172
38 204
228 265
106 210
190 256
113 199
130 200
98 142
25 160
60 246
31 133
49 200
40 103
111 125
40 81
40 189
119 155
35 161
12 254
76 164
9 74
200 216
123 264
82 194
128 147
67 178
100 166
37 171
84 157
56 191
105 223
159 170
91 95
81 192
105 247
109 170
79 156
110 206
72 249
24 241
228 234
22 245
190 217
130 255
69 114
88 187
107 209
96 208
35 233
10 177
220 239
103 168
100 161
128 245
111 235
149 233
69 231
62 114
19 123
17 208
69 162
127 256
30 58
17 49
32 262
133 148
51 74
41 60
110 178
127 265
10 116
111 251
198 268
61 148
151 218
135 245
120 134
155 258
13 200
70 233
45 179
102 132
196 229
45 228
9 146
60 85
198 210
96 257
91 235
27 82
34 210
124 224
98 235
88 182
29 87
10 72
15 178
46 222
83 181
5 13
10 101
93 131
133 218
2 229
112 229
212 240
82 236
36 124
57 229
44 110
27 261
84 192
94 158
95 234
94 212
122 224
96 196
132 133
127 235
122 155
12 150
143 157
142 246
138 222
110 231
199 226
8 195
178 180
178 208
133 264
71 124
195 216
122 255
5 111
59 124
84 251
12 204
116 226
140 207
63 132
54 257
154 250
99 171
50 158
221 234
173 195
114 161
137 195
57 106
108 209
34 158
162 167
8 193
73 149
159 247
26 173
107 266
54 236
96 162
4 240
89 256
33 147
2 148
243 251
183 261
180 218
5 60
64 127
44 222
67 188
121 209
67 78
126 236
9 29
139 181
130 154
83 188
87 213
15 110
35 207
109 168
14 112
183 205
83 231
85 90
37 41
191 246
93 192
112 135
1 135
82 126
185 233
22 141
38 266
208 223
75 121
6 144
2 262
63 85
83 104
18 187
24 45
35 185
25 214
154 243
72 125
229 235
94 150
96 218
141 207
194 220
213 238
96 266
23 77
51 186
9 103
60 133
30 215
163 255
78 128
2 12
3 29
117 164
210 220
39 147
81 234
68 156
90 192
117 147
118 172
179 261
134 160
46 48
66 99
23 258
161 210
18 64
100 113
123 165
109 229
114 193
109 247
46 189
170 231
103 265
71 222
97 207
49 163
30 211
187 244
42 160
204 212
104 163
40 105
63 202
10 90
74 126
237 246
78 101
15 244
69 133
64 198
259 267
34 41
133 175
236 267
67 156
221 238
92 186
59 118
113 156
109 204
169 203
200 251
8 10
46 218
33 92
207 217
222 264
61 153
97 165
12 109
218 265
12 136
264 268
128 166
152 171
37 253
162 223
45 253
15 86
68 143
11 171
37 255
206 240
75 216
52 77
14 255
51 203
185 209
10 59
54 258
27 52
20 265
163 203
74 102
104 117
206 216
129 244
61 87
116 158
228 230
56 136
18 45
140 192
170 244
245 247
140 234
131 266
104 110
44 114
115 152
76 110
203 224
48 135
236 254
154 233
86 116
8 128
9 30
102 174
86 87
66 190
146 192
24 197
47 253
219 233
69 106
51 69
163 243
42 148
87 145
13 223
92 255
91 188
24 174
19 80
137 174
32 107
141 190
3 115
21 264
151 192
45 250
141 182
37 120
107 177
21 212
38 93
24 142
13 263
50 132
140 265
205 254
9 265
246 252
78 107
4 120
143 162
126 143
20 117
96 222
146 207
41 61
22 51
71 125
157 255
22 129
146 252
94 148
49 229
56 207
85 193
201 205
147 205
10 76
99 239
188 231
2 129
94 121
91 108
182 202
55 78
106 225
25 171
45 229
21 31
71 110
22 262
52 58
8 169
111 165
48 266
97 109
154 159
1 131
166 242
51 96
71 119
41 71
133 134
167 179
58 68
183 215
177 260
128 256
222 247
127 159
8 69
98 140
77 170
70 103
160 161
79 238
69 251
41 212
39 84
81 259
29 91
46 219
158 238
132 178
37 165
11 199
8 206
28 76
201 213
74 168
155 265
74 86
73 251
46 140
171 235
178 184
57 236
180 192
110 195
204 265
87 89
152 169
30 172
6 73
38 67
124 200
131 205
132 225
111 176
117 226
36 177
30 199
131 234
52 183
124 232
99 186
93 191
80 226
188 268
37 190
185 232
121 123
76 228
0 52
90 91
87 173
219 247
183 210
82 242
139 255
84 231
198 242
91 221
157 211
84 176
209 219
45 59
38 147
50 185
95 109
86 230
69 144
205 233
76 231
23 54
20 234
87 259
87 159
28 222
33 158
92 189
6 41
55 58
74 227
29 234
10 183
89 171
4 205
96 150
109 236
156 230
139 200
203 260
152 176
24 169
65 229
176 253
120 220
44 164
40 240
73 158
52 119
215 218
29 155
131 165
165 248
21 236
199 232
3 193
194 258
98 251
102 268
162 224
63 76
25 229
228 247
10 238
106 266
61 162
98 150
50 224
0 131
5 244
133 171
20 165
60 161
97 145
24 243
18 205
199 221
0 69
34 183
1 21
66 120
35 242
67 263
145 234
178 234
83 248
61 82
54 104
89 243
38 118
78 149
19 238
48 191
108 113
169 188
97 253
7 124
120 176
160 235
109 258
67 88
201 235
84 204
53 94
192 215
88 229
40 192
92 130
50 231
19 250
194 241
200 248
57 60
214 243
39 242
170 223
123 174
59 114
111 161
4 122
5 28
108 205
12 17
57 86
119 247
189 224
8 259
21 209
143 145
150 186
79 175
13 228
97 231
60 126
42 157
95 241
74 77
38 257
1 17
125 214
25 31
159 196
100 108
170 175
173 247
130 137
160 167
122 162
67 242
168 206
172 174
19 49
72 172
20 108
146 204
83 184
35 265
96 133
90 257
159 231
109 227
122 165
104 112
147 163
178 230
108 236
66 89
60 239
113 117
10 106
33 80
248 265
59 138
38 72
145 196
127 225
46 231
9 238
230 236
185 228
23 106
169 201
186 241
61 78
136 178
206 265
144 255
48 89
156 217
87 186
82 124
16 71
144 225
248 256
159 197
98 227
107 216
180 208
2 218
44 60
36 225
99 182
194 212
102 107
190 252
240 252
194 245
26 156
16 17
123 234
37 249
109 114
55 177
64 232
46 242
103 147
258 261
30 167
173 258
35 198
14 84
112 199
65 226
153 250
22 193
108 189
94 119
32 158
89 130
207 221
8 105
80 121
142 165
12 242
62 65
130 136
53 83
62 75
189 220
32 240
66 205
213 251
92 158
37 216
53 175
102 164
19 219
4 75
30 227
109 231
115 171
14 23
144 215
46 234
202 225
43 88
170 196
207 265
200 244
4 264
46 106
126 135
114 176
3 125
59 265
4 92
62 228
56 170
112 235
254 260
112 197
18 185
1 92
46 151
14 68
137 214
189 225
27 159
201 261
10 261
61 129
101 212
170 261
53 166
147 212
102 163
207 247
64 164
134 202
84 159
6 221
42 238
81 113
114 208
75 83
81 254
121 192
83 227
71 108
41 208
48 82
124 138
31 193
132 194
225 245
129 217
6 92
76 96
95 185
138 256
106 228
153 262
117 155
24 211
4 60
15 111
97 169
93 116
44 159
73 121
68 259
127 188
62 107
60 66
66 183
44 50
80 122
150 187
98 109
102 209
129 200
120 224
93 212
212 244
224 229
145 174
33 244
61 105
2 200
136 165
81 179
63 176
186 222
39 182
72 103
52 184
21 265
149 184
5 134
48 221
7 207
98 222
36 161
47 250
112 261
51 126
169 174
14 258
148 218
100 208
117 132
3 7
48 245
124 259
16 85
52 173
151 198
187 206
244 253
189 219
133 206
115 182
47 168
58 247
248 266
208 232
49 112
172 207
79 126
8 83
46 62
148 189
4 56
134 230
78 179
183 211
14 179
3 55
49 87
75 165
17 42
40 156
86 156
78 82
9 232
249 252
140 171
78 135
164 204
201 211
15 35
217 229
6 30
147 188
9 165
121 162
174 214
95 245
194 257
181 247
152 156
146 254
41 233
84 136
30 157
105 263
3 263
52 190
117 157
3 20
72 101
23 199
124 234
84 140
28 265
35 65
157 196
67 225
45 165
4 253
129 153
49 128
49 166
39 209
52 60
220 264
2 197
110 180
43 82
31 54
107 160
34 131
190 235
241 262
29 78
28 243
10 167
57 160
225 255
29 209
189 230
125 151
11 183
159 164
29 40
122 210
61 151
17 59
39 160
22 212
77 267
42 256
256 261
32 136
88 113
27 232
229 254
9 259
235 262
116 217
176 228
80 114
6 134
98 170
38 45
90 120
74 121
30 251
194 221
111 117
52 246
69 124
20 41
37 112
219 255
1 248
18 67
89 263
159 225
190 262
9 47
144 222
151 221
29 207
19 30
37 176
70 75
15 201
8 178
126 149
167 205
114 259
10 143
142 219
142 170
178 193
118 189
38 228
184 238
126 267
36 98
5 44
27 182
38 161
167 247
77 217
15 266
105 191
16 259
0 213
200 211
54 259
167 248
27 65
107 262
55 230
135 206
128 184
136 250
95 124
77 242
14 103
243 262
77 136
36 257
130 157
16 144
2 169
2 146
39 232
27 165
1 46
87 174
100 228
141 189
93 114
164 177
54 189
48 106
85 232
33 93
159 166
114 204
6 247
99 268
120 125
193 234
18 76
54 122
204 254
203 266
114 229
72 173
22 104
124 255
93 222
115 247
139 241
74 233
136 201
133 216
62 216
155 164
53 99
129 130
31 62
31 101
90 169
4 218
7 237
13 59
70 171
66 171
51 233
170 250
188 195
119 259
154 242
29 54
58 166
66 124
94 114
8 75
81 265
202 210
54 266
156 252
82 203
13 150
68 216
50 66
137 155
15 211
113 243
174 244
58 178
18 242
20 132
31 88
45 192
93 255
42 60
24 42
54 188
123 189
44 217
5 268
131 229
123 197
39 201
151 175
133 150
55 150
121 245
88 266
44 228
62 139
163 267
0 55
25 100
109 220
148 225
25 46
195 263
181 189
71 185
137 160
74 125
164 244
93 228
159 212
129 180
186 202
139 253
23 89
3 266
77 154
36 50
183 203
51 241
161 247
34 221
218 239
41 265
35 255
245 267
175 194
148 197
57 121
77 264
20 71
45 53
199 203
125 262
15 105
121 175
57 257
187 249
82 85
166 235
109 210
47 49
42 95
25 91
174 187
83 144
5 9
64 91
91 139
174 261
247 267
34 139
21 191
131 241
129 188
30 97
90 116
164 256
96 268
6 257
182 246
49 233
99 115
67 264
7 183
112 213
154 157
92 177
47 81
46 89
202 239
108 220
21 245
48 162
41 152
103 236
96 105
113 257
114 253
58 199
81 261
56 241
96 119
4 55
12 56
46 114
68 96
107 112
212 233
246 259
69 250
139 179
99 198
38 79
28 105
10 224
25 143
138 170
29 193
22 47
5 191
11 229
12 186
62 177
30 191
175 236
181 209
171 263
174 194
0 175
174 260
43 248
29 39
198 212
10 255
68 261
121 176
93 179
161 266
127 247
46 65
28 188
97 194
98 246
86 101
16 247
22 53
110 192
104 137
175 229
187 232
70 159
101 190
46 99
90 222
29 218
135 208
17 197
233 247
45 210
23 35
2 268
144 242
28 130
131 202
132 250
35 173
17 236
24 155
39 68
88 248
131 264
36 222
63 91
3 85
21 68
6 165
106 135
174 230
70 192
10 137
88 178
35 113
27 76
77 119
133 145
15 123
45 138
39 85
186 266
36 138
145 198
4 171
165 190
107 199
43 120
44 212
43 86
2 245
52 158
10 159
96 229
103 116
42 227
12 53
84 264
85 254
204 250
79 184
139 263
126 251
33 143
69 107
121 243
3 208
29 135
22 115
40 234
146 234
90 95
126 190
108 225
67 208
40 209
63 153
50 87
108 156
19 128
53 256
39 107
162 197
59 239
146 261
32 186
34 171
126 233
184 210
194 226
23 229
49 256
2 115
61 215
87 251
45 257
156 218
106 132
62 210
81 198
204 248
192 197
100 196
145 262
46 235
170 214
65 244
41 63
27 87
159 176
183 241
167 202
114 138
33 59
39 246
264 266
151 220
13 163
146 238
109 199
178 210
182 185
111 157
39 142
181 212
0 202
71 143
80 163
51 174
45 173
97 266
178 187
21 94
32 45
9 86
51 78
102 200
35 39
6 262
184 248
113 134
39 203
4 165
239 257
129 162
154 195
56 85
74 143
35 192
244 250
117 221
83 141
8 148
104 208
165 222
1 71
45 84
46 253
94 174
9 143
60 166
144 178
162 235
90 218
53 200
186 203
179 265
37 193
37 148
141 195
4 123
108 181
190 218
34 228
55 169
79 179
108 132
24 212
87 262
55 199
10 235
95 96
94 252
34 43
47 93
121 146
2 47
112 238
35 218
23 174
98 108
61 259
57 196
117 142
70 236
24 262
61 247
45 215
63 113
208 248
27 99
121 125
34 87
118 188
3 265
205 243
5 93
199 216
33 128
60 83
8 138
100 101
116 207
233 255
100 225
98 189
42 173
4 211
95 99
9 69
166 196
135 213
86 211
128 248
15 29
3 66
45 204
28 206
58 131
32 175
185 245
234 245
134 241
88 212
159 183
67 125
34 217
32 87
63 155
74 148
23 34
216 236
120 241
230 233
101 191
40 193
64 135
179 196
189 266
172 194
6 77
35 236
182 263
4 186
19 84
39 240
213 240
21 202
34 152
141 241
30 125
32 132
208 221
108 202
229 265
32 222
20 65
74 240
174 181
89 135
229 258
168 203
51 141
13 238
61 198
35 156
80 246
13 52
22 202
89 110
70 222
98 192
53 159
4 262
11 243
22 77
19 56
30 197
230 232
26 249
57 144
19 75
81 201
48 154
157 202
65 120
154 225
36 94
61 224
236 256
28 185
106 130
171 260
15 88
156 260
8 174
50 80
206 262
13 147
42 106
119 139
161 189
117 169
125 247
33 260
58 155
8 104
102 241
159 184
0 134
197 222
32 211
221 247
60 174
45 70
0 72
109 173
55 145
25 155
130 224
26 134
148 220
54 79
100 202
193 233
12 214
172 223
51 109
143 250
191 237
186 198
160 225
154 198
75 221
14 151
192 203
35 99
4 52
51 128
35 160
67 118
152 172
159 233
57 71
135 251
20 158
46 201
218 253
182 235
38 165
123 191
2 6
132 182
70 221
64 247
0 105
204 249
55 63
37 215
96 192
67 183
125 254
210 226
198 239
19 149
7 259
117 205
209 235
111 230
85 185
49 232
142 168
85 251
150 257
3 126
112 117
57 157
105 151
33 46
252 260
169 260
146 250
73 124
156 208
4 51
181 183
22 49
127 132
7 217
19 166
16 126
171 238
13 248
146 209
55 172
46 265
211 254
150 207
47 262
125 212
130 247
15 121
56 188
22 264
171 178
69 191
225 246
202 250
58 233
66 113
23 57
243 266
12 208
17 130
120 231
52 130
50 89
49 70
183 235
68 201
40 250
226 231
48 209
228 236
124 237
68 180
174 207
130 220
151 181
185 222
17 99
130 205
5 126
71 80
11 206
32 94
0 49
75 110
40 53
137 165
33 40
200 223
78 204
98 173
37 54
37 204
17 43
24 99
48 57
84 235
117 185
118 198
5 110
47 68
161 169
30 188
148 209
53 84
178 211
215 245
13 45
27 259
125 203
160 208
70 154
154 206
52 111
27 41
90 168
40 94
27 121
39 71
28 33
75 92
135 176
93 264
119 221
134 200
16 132
4 260
1 77
39 244
90 131
31 267
111 186
26 225
163 261
61 233
114 236
198 234
32 179
46 160
162 237
18 214
10 91
129 243
162 232
86 140
213 248
165 213
100 214
138 186
26 95
70 160
146 232
26 128
68 249
135 174
122 189
146 149
32 229
60 105
6 127
14 183
60 88
38 182
173 212
111 242
26 151
89 232
51 102
83 93
130 253
225 252
14 150
98 208
13 185
177 252
5 94
48 238
45 235
40 42
39 120
3 177
137 246
49 182
237 262
53 252
84 267
7 153
43 98
221 229
96 132
154 263
83 243
83 198
18 257
31 228
119 207
115 197
13 73
27 162
180 222
251 257
37 218
23 135
107 155
216 229
186 226
93 154
130 182
124 165
37 67
19 28
141 219
14 91
105 171
196 265
40 60
130 143
218 248
145 187
91 93
193 198
108 172
97 199
10 195
139 219
232 251
166 209
124 206
174 226
11 139
177 257
218 233
32 85
5 31
215 219
14 252
57 117
102 242
101 260
138 263
191 257
140 181
73 133
145 209
129 242
18 223
60 193
170 255
76 201
105 175
73 182
146 264
99 191
53 86
34 249
69 82
84 258
20 30
155 217
134 165
58 257
94 191
140 202
61 234
215 222
13 136
1 97
77 206
26 137
23 117
103 201
3 186
32 92
29 116
56 154
167 200
72 80
22 156
103 188
48 256
87 261
14 214
114 246
8 236
31 90
80 103
55 111
152 174
118 132
162 225
33 161
166 233
67 222
30 243
2 119
90 117
121 264
175 203
89 168
19 54
216 230
38 251
177 187
117 119
135 172
189 237
68 129
130 240
97 163
86 114
160 228
78 258
42 156
28 110
71 198
54 92
11 71
186 204
61 121
55 243
211 214
98 148
88 112
55 194
35 241
16 25
57 89
125 169
125 222
64 104
260 265
78 262
40 223
24 108
39 52
137 168
11 168
188 234
64 187
23 146
24 109
146 148
142 244
158 220
91 140
16 101
69 156
41 150
75 244
20 64
104 249
218 249
202 249
124 174
127 258
43 129
45 208
79 263
6 211
95 220
201 210
38 75
211 216
41 157
61 106
16 241
26 48
212 227
0 228
42 234
111 228
203 267
61 83
38 170
141 185
9 95
190 209
16 170
6 106
180 184
10 182
230 244
60 143
19 96
73 246
144 197
5 42
45 169
21 181
54 77
15 134
22 87
72 170
131 156
7 35
46 166
44 227
54 65
124 157
207 209
129 266
48 138
33 142
110 139
44 154
22 248
246 251
116 218
120 177
1 53
64 230
14 238
100 249
30 204
130 214
29 178
188 230
49 238
122 127
19 183
43 49
150 190
40 212
150 171
48 123
30 181
63 121
25 130
79 115
108 112
33 204
28 164
141 149
99 197
152 208
107 122
97 261
201 208
109 149
181 214
4 85
47 236
97 268
81 167
193 194
140 141
34 236
180 207
15 267
169 197
176 264
22 252
60 141
151 255
9 230
118 201
137 233
24 118
26 112
9 194
168 214
48 157
14 162
1 246
66 210
87 105
125 150
77 105
23 170
196 208
19 69
249 253
223 253
215 242
17 191
150 199
112 150
134 161
129 179
26 139
33 51
170 226
58 240
104 245
13 170
209 250
31 45
148 221
7 174
48 73
84 158
190 267
60 158
1 52
14 22
15 210
157 250
31 67
99 173
3 11
144 196
1 139
90 107
131 192
109 177
88 258
45 268
125 181
42 84
9 151
62 145
10 197
141 184
125 235
51 148
23 183
61 264
41 232
17 169
88 226
199 236
58 74
70 243
158 162
100 250
214 246
144 213
147 193
17 70
118 267
11 125
71 152
43 190
128 175
159 202
85 168
25 119
94 253
6 24
39 65
81 188
142 173
16 112
59 227
116 191
35 222
63 110
37 183
186 256
207 244
23 40
15 115
55 232
60 67
60 156
27 214
260 268
27 133
30 138
208 231
83 114
52 222
104 218
5 175
40 134
44 73
141 165
55 208
32 245
77 268
51 154
47 247
244 248
125 257
141 171
26 157
74 108
15 184
205 206
57 156
67 127
97 130
174 219
50 81
31 57
135 163
106 213
70 104
24 240
3 222
115 239
92 129
0 182
58 119
32 141
29 142
157 221
14 20
17 177
93 244
7 109
142 143
96 129
55 181
178 259
116 257
84 217
29 63
111 209
60 202
62 184
30 150
33 102
31 192
11 48
102 255
70 119
169 247
122 172
55 87
81 89
61 154
124 267
100 195
146 251
32 180
68 107
194 219
151 213
157 165
119 129
149 264
96 115
140 185
152 253
36 141
95 107
48 103
117 173
5 189
120 151
69 140
132 254
83 102
177 207
2 41
31 232
230 240
107 197
80 221
45 49
52 240
75 179
98 183
13 160
199 207
42 242
91 126
20 140
87 180
29 119
185 246
21 50
108 173
88 149
146 240
95 215
33 191
144 166
63 166
203 231
149 177
137 189
122 204
58 184
114 162
46 59
92 233
47 79
90 230
49 246
84 117
198 215
29 86
120 262
98 100
66 146
23 209
78 92
97 138
38 212
142 164
80 175
3 256
165 227
71 163
6 203
208 241
158 254
136 140
33 73
252 267
151 247
205 256
166 250
202 248
65 210
154 211
146 172
57 218
190 197
4 101
179 198
118 163
5 219
66 110
87 122
12 23
219 239
70 254
20 217
30 83
81 219
18 235
34 74
96 221
196 234
88 245
1 99
32 182
13 134
110 128
135 231
5 78
185 205
190 236
115 176
189 229
61 114
81 96
36 68
168 202
56 180
67 268
1 90
123 160
139 161
112 191
106 121
42 139
226 227
65 81
109 141
174 183
40 184
15 19
11 94
82 166
149 257
160 243
150 188
180 248
30 163
37 90
26 66
101 136
14 58
27 72
117 136
58 97
56 147
0 266
119 138
75 208
152 204
94 176
65 95
3 129
225 256
115 264
40 216
6 157
41 68
80 137
49 188
43 51
74 119
150 206
73 154
47 170
114 217
123 219
47 108
99 263
74 262
135 217
107 121
80 136
86 94
175 191
117 146
62 263
16 239
225 263
88 145
233 251
190 212
19 198
14 161
215 240
2 36
101 104
112 114
122 169
43 102
34 224
115 228
250 253
148 248
208 255
45 185
163 256
215 256
5 72
102 199
76 225
136 148
116 202
36 99
27 209
168 177
152 200
50 183
5 227
156 261
11 99
27 178
58 265
234 262
229 244
101 226
19 27
135 246
82 268
187 225
18 236
2 193
0 42
90 193
164 257
8 72
129 186
16 135
75 104
38 172
27 268
111 248
36 220
84 214
176 212
188 226
7 200
160 224
118 210
173 234
87 225
46 191
155 231
210 258
25 82
35 82
113 234
98 256
31 194
3 202
122 146
112 128
130 229
201 253
16 76
228 245
21 116
109 117
36 103
131 228
150 157
40 78
255 265
4 256
235 257
101 167
112 125
33 106
109 156
3 166
49 266
172 268
166 214
105 240
36 237
114 233
50 267
5 8
151 215
126 142
47 142
109 257
120 205
198 199
31 79
75 79
50 266
155 263
103 248
208 209
2 202
6 210
33 243
76 105
125 219
213 217
69 201
184 254
145 172
123 161
184 220
4 184
139 142
41 155
66 216
184 235
135 252
21 80
54 243
206 243
241 265
56 87
113 229
30 151
129 136
23 115
7 170
52 208
143 208
189 204
139 141
132 187
82 88
6 237
133 195
45 51
54 223
32 210
50 131
177 178
98 184
76 104
35 115
41 197
19 51
2 190
190 204
192 260
95 219
86 213
140 263
55 128
49 105
43 174
157 167
17 242
18 141
199 231
16 177
4 38
128 241
186 219
19 46
52 86
18 138
4 266
47 105
44 170
200 232
20 31
90 132
89 246
111 249
68 122
24 205
132 214
109 232
40 260
76 145
60 62
3 27
54 167
93 133
26 127
200 219
44 257
251 268
7 136
232 259
107 248
237 250
18 120
87 218
28 232
55 93
106 108
56 196
25 158
58 114
5 174
57 69
98 249
0 94
104 204
0 226
57 101
112 122
42 132
128 152
64 167
121 204
86 151
54 147
56 177
47 154
107 247
37 254
43 234
117 139
16 234
111 131
64 264
71 94
132 204
94 149
98 214
41 242
5 181
39 208
54 178
230 264
142 182
131 260
65 260
66 141
106 206
56 82
21 166
38 238
98 113
9 60
19 64
38 150
63 187
60 183
136 152
116 144
18 207
177 240
235 259
36 216
39 157
166 262
117 144
231 268
46 198
98 177
176 221
106 107
22 73
96 204
98 229
215 264
53 56
36 53
56 172
234 242
8 46
1 167
58 253
64 101
117 194
45 112
8 78
13 14
14 194
38 98
72 82
104 222
46 205
218 247
21 226
121 211
68 95
146 217
198 200
4 19
56 248
4 209
55 72
17 171
198 219
88 220
