270
8
18883
60
357 2
296 2
573 2
579 4
380 2
224 3
99 3
415 1
633 4
534 2
72 1
652 1
62 4
652 1
199 2
19 1
151 3
136 4
287 5
541 3
282 2
284 1
409 3
280 5
642 2
87 1
79 5
315 1
58 3
166 4
534 4
245 1
162 1
148 2
335 1
312 2
277 5
31 1
552 2
361 4
111 4
149 2
247 4
667 2
286 5
81 2
55 2
109 5
298 4
388 4
139 3
193 5
650 2
646 2
446 4
564 2
14 2
525 5
158 3
406 1
91 4
147 2
360 3
288 1
399 2
137 3
176 4
656 2
191 5
41 3
177 2
619 4
29 1
603 1
546 3
84 4
487 3
417 2
661 1
498 3
21 5
163 3
376 4
629 2
578 1
270 5
433 4
506 1
25 1
399 3
164 4
420 2
178 5
241 3
232 3
386 2
555 2
43 4
208 5
427 4
36 2
79 4
242 1
555 4
538 4
265 3
254 5
94 5
119 1
267 2
318 5
388 3
313 3
421 4
588 3
487 3
345 5
219 1
407 4
42 4
648 2
437 1
563 2
631 3
280 4
570 3
407 2
262 3
73 2
389 4
234 4
506 1
413 5
548 5
193 3
508 3
260 5
551 2
484 3
297 5
588 4
27 1
158 4
620 5
433 5
351 4
478 4
401 2
102 4
260 2
574 3
586 4
574 3
79 1
145 1
109 2
673 1
62 2
193 3
392 3
320 1
301 2
436 2
511 2
254 1
440 5
617 1
670 4
114 3
528 2
647 3
361 2
613 3
89 4
530 2
94 5
673 4
96 1
305 2
102 2
45 5
117 4
598 2
98 2
191 2
291 3
630 4
88 3
210 4
450 5
559 3
594 2
309 5
664 4
160 4
368 4
319 1
200 4
514 2
515 2
325 1
157 4
569 3
170 2
292 4
552 1
559 5
202 1
30 5
269 1
156 3
284 2
513 3
124 1
624 1
269 2
85 3
357 2
166 2
227 2
88 1
527 3
657 4
582 1
243 2
101 5
506 3
546 4
107 2
106 5
309 4
563 2
90 3
237 1
537 1
227 4
50 2
561 3
434 5
320 5
596 4
579 2
487 4
380 1
638 3
406 1
186 3
381 4
298 4
34 5
210 4
172 3
332 4
497 5
648 3
316 3
285 4
361 5
617 3
308 4
543 3
41 3
341 4
548 5
357 1
312 1
310 3
289 5
97 5
539 3
47 88
3 14
160 188
176 208
130 173
19 61
114 259
50 168
108 133
122 224
199 259
71 85
1 205
197 254
34 143
18 46
104 249
97 129
82 94
14 116
22 168
1 38
197 223
173 216
109 223
135 164
156 158
10 218
53 58
126 151
0 163
148 167
70 93
4 77
132 196
71 254
184 222
83 220
187 225
19 31
108 249
32 109
8 139
10 84
34 82
47 123
21 27
94 212
82 222
164 230
201 248
19 40
24 109
110 250
66 254
16 111
140 146
123 224
13 103
66 144
81 246
98 205
141 156
101 249
45 218
14 128
181 207
196 217
86 171
71 262
74 161
33 73
131 138
1 77
15 68
75 144
55 156
75 167
94 153
14 33
145 164
72 180
90 192
88 170
70 126
159 257
16 113
136 141
27 31
40 260
83 102
66 231
149 166
169 209
17 239
110 192
38 164
30 202
64 226
218 223
148 198
92 232
113 166
11 85
8 72
92 259
171 268
11 42
37 193
62 83
54 188
198 257
123 229
46 256
32 145
131 208
38 150
82 193
53 61
207 255
23 178
140 263
79 98
8 107
6 167
149 188
16 142
88 162
9 234
26 47
143 220
153 249
166 181
73 179
22 252
0 25
68 123
109 178
77 175
3 227
27 173
4 193
2 262
41 80
101 143
194 237
42 119
74 251
91 161
49 214
108 201
121 164
104 200
47 211
206 230
48 78
49 182
162 257
217 237
170 249
57 206
121 241
7 137
25 253
172 224
143 162
124 267
167 197
77 211
124 216
201 208
1 245
161 266
60 258
6 258
18 222
93 204
237 253
173 184
164 221
126 176
18 184
54 159
117 148
195 251
12 126
17 25
37 142
34 264
59 68
70 196
34 68
55 184
17 260
58 174
103 242
15 178
128 243
58 65
14 26
123 151
43 248
66 213
173 203
8 37
86 248
2 145
237 254
24 234
214 258
60 105
40 80
9 175
25 102
81 243
59 125
196 241
105 141
173 197
206 213
39 148
137 252
33 201
118 154
187 196
24 231
17 42
6 117
152 243
24 189
84 163
113 257
28 234
155 172
31 86
13 171
83 215
84 103
97 216
13 167
13 15
104 231
160 203
65 257
204 259
207 262
125 159
187 210
50 142
37 113
15 224
76 266
177 230
48 176
118 250
106 122
166 187
31 40
88 186
102 117
0 149
9 36
60 93
34 166
4 256
44 150
165 224
129 182
16 101
94 234
117 210
7 254
51 198
156 234
29 202
49 92
150 192
13 240
26 213
56 72
130 249
185 223
49 112
73 80
147 261
42 179
24 149
213 220
139 207
71 188
63 248
67 82
80 164
117 221
221 232
94 179
105 260
156 242
82 243
193 207
85 264
159 162
25 168
195 228
25 115
50 212
45 107
164 246
82 191
36 170
9 63
95 125
159 217
42 266
32 54
3 144
150 162
50 123
137 190
162 198
22 157
71 123
65 171
114 236
165 170
28 124
83 131
122 184
102 134
63 79
62 88
32 72
22 190
12 166
185 192
150 258
28 242
71 184
80 196
9 189
3 156
95 198
136 179
19 79
140 144
175 258
128 245
80 241
140 228
48 116
24 128
16 134
0 224
166 198
68 75
36 165
59 97
57 154
211 265
66 237
209 257
116 248
122 140
56 200
120 250
129 175
39 196
143 227
146 161
66 141
20 94
92 152
12 101
15 52
51 59
16 174
59 161
64 228
26 228
187 219
63 142
201 223
28 108
140 220
172 218
257 269
68 80
160 243
127 191
19 23
186 233
14 268
61 118
117 198
92 210
231 249
127 130
247 261
37 196
110 243
49 93
105 236
58 248
81 159
53 235
58 220
178 252
82 86
151 219
32 214
8 62
96 102
182 207
184 261
123 257
113 125
165 182
0 32
94 169
143 146
83 172
162 177
43 151
141 258
53 260
7 22
14 39
135 146
98 257
147 247
192 257
83 159
6 129
19 260
194 229
83 107
88 191
19 30
20 250
186 213
9 72
53 92
17 117
48 153
91 155
80 186
241 251
67 154
146 263
99 175
44 140
113 223
91 172
22 180
6 74
88 175
119 211
109 209
184 264
8 142
199 267
35 161
75 245
49 159
23 263
44 252
97 160
93 177
49 131
5 118
71 218
4 146
95 262
70 133
74 264
111 244
243 249
149 159
176 210
19 215
35 119
1 217
21 93
16 133
29 104
109 137
48 144
2 105
25 107
59 238
45 146
35 40
47 218
50 127
13 53
81 184
78 261
197 246
122 218
53 211
54 129
8 183
159 165
89 226
68 142
79 266
132 168
4 105
33 162
176 233
234 247
114 252
124 164
143 161
191 267
6 231
34 84
104 211
61 233
17 74
82 125
114 206
144 200
203 234
152 214
123 155
39 78
25 33
84 269
178 179
40 220
77 122
21 208
10 142
77 246
25 44
179 203
82 190
64 144
142 173
150 181
154 192
126 142
139 156
56 104
203 229
20 169
186 232
81 97
47 92
80 93
121 166
23 204
25 267
126 155
109 169
92 221
48 179
70 162
252 267
192 256
78 165
46 87
30 62
16 79
124 126
190 196
217 244
109 256
66 216
241 252
135 172
182 241
16 58
13 216
13 95
200 237
35 219
108 169
79 85
98 214
52 164
50 104
142 234
59 226
71 235
53 231
174 179
56 81
181 199
100 197
90 246
207 214
185 261
3 246
30 153
182 188
168 227
128 251
89 153
16 94
16 240
179 248
61 168
235 242
15 260
230 241
112 238
105 256
169 179
46 166
47 190
7 209
16 267
47 79
23 189
5 67
129 243
53 118
152 217
43 50
107 191
97 99
21 192
162 221
53 184
9 116
81 87
77 90
129 241
178 247
11 95
150 186
10 250
176 268
119 183
95 187
19 177
75 246
122 250
151 263
6 66
51 131
103 239
199 227
179 205
119 237
61 197
173 250
28 226
84 135
96 179
26 95
51 133
78 186
9 66
61 108
178 229
34 221
156 240
24 80
41 237
24 263
60 102
20 202
110 133
30 144
193 209
140 201
22 143
171 206
72 229
9 230
25 195
67 87
119 192
59 217
161 240
93 130
199 261
95 132
71 127
190 210
123 192
58 175
71 238
5 156
24 77
116 251
24 100
10 100
120 148
14 137
111 210
51 215
160 261
180 199
163 263
5 200
15 45
94 127
35 189
101 202
108 138
9 158
20 238
22 217
56 265
130 179
99 219
151 222
27 192
62 169
19 236
163 204
26 60
32 39
18 102
72 90
118 233
52 220
159 180
78 227
89 114
29 248
64 146
36 268
115 163
15 263
111 112
33 107
16 265
171 214
69 243
13 256
31 237
40 69
187 255
242 255
189 250
95 248
121 133
172 184
126 164
92 177
83 112
23 47
37 206
178 268
16 51
135 162
43 49
150 173
35 126
135 142
118 257
14 189
76 134
224 226
45 233
118 190
183 184
139 204
55 135
51 135
185 207
12 177
88 93
134 169
139 160
54 231
130 188
32 127
81 252
49 169
115 189
126 229
73 85
41 67
51 125
49 157
98 140
39 152
112 259
229 233
148 159
18 241
111 116
25 121
81 261
113 239
185 267
149 212
58 126
105 243
178 195
4 12
85 224
46 170
65 68
144 197
158 184
20 46
83 200
128 232
121 235
100 240
43 60
27 44
195 214
105 112
20 59
45 110
124 129
33 131
85 262
197 240
120 184
141 200
215 251
150 161
197 264
40 77
141 254
102 262
129 218
70 260
3 216
85 245
128 176
144 243
5 227
1 115
228 248
62 264
64 70
51 116
137 269
101 256
56 193
52 119
80 247
165 214
28 157
2 5
8 61
142 208
105 196
11 35
39 194
160 216
94 172
15 80
147 231
54 242
37 229
105 161
175 203
127 266
181 196
34 130
126 137
161 194
79 188
32 83
163 260
210 253
27 195
201 247
34 158
6 201
176 185
107 211
40 123
153 170
145 159
83 189
35 173
27 217
161 168
73 210
89 143
144 207
18 264
37 69
100 168
29 66
41 156
36 132
23 138
8 224
78 266
143 228
29 230
2 129
104 171
222 243
67 143
32 143
121 154
66 82
79 246
114 124
51 267
224 250
46 107
76 170
103 216
198 234
19 167
61 82
168 220
101 136
57 162
76 86
156 229
88 142
33 180
88 98
79 182
20 229
19 75
164 260
78 87
157 252
231 258
105 241
164 184
143 208
86 116
147 259
48 235
154 209
58 93
41 210
89 264
155 229
70 149
88 232
91 249
135 251
10 171
192 263
9 42
5 242
199 239
59 194
22 138
26 261
97 199
102 180
158 263
100 211
4 83
19 92
51 184
216 230
7 213
9 266
216 222
166 236
165 169
57 238
249 252
23 157
24 253
109 253
143 246
133 160
40 137
162 252
74 151
233 264
216 240
142 255
77 166
13 131
33 46
97 218
0 89
12 167
18 77
229 242
109 161
26 200
25 206
240 261
166 203
131 139
31 181
159 214
175 236
3 66
35 44
122 173
43 54
104 241
99 186
18 65
25 196
85 86
22 79
130 234
96 129
150 220
50 139
76 250
104 258
68 112
116 210
31 108
174 243
153 161
35 216
107 150
82 102
229 263
123 263
121 178
16 93
17 21
8 186
76 142
8 255
8 206
249 250
97 132
103 147
114 129
188 265
101 198
153 269
12 266
117 204
74 96
30 107
3 163
26 83
76 79
24 76
44 147
57 265
89 159
0 20
39 108
159 160
106 144
93 96
230 238
117 249
95 239
106 254
147 177
180 192
54 181
30 257
154 191
51 152
89 224
137 226
54 223
40 182
174 219
113 121
24 82
39 59
33 203
1 174
50 239
124 221
6 31
67 130
45 130
14 167
41 137
36 89
1 59
81 204
14 54
51 216
101 223
185 200
143 159
79 165
2 102
107 169
155 175
128 168
106 164
14 250
110 216
97 241
29 43
250 254
17 203
86 120
60 180
19 56
96 158
140 184
152 182
218 262
103 182
74 226
101 126
199 237
159 269
95 215
63 233
202 266
18 228
4 68
10 262
84 242
37 230
0 59
134 232
71 247
38 143
166 195
166 230
159 253
72 102
74 125
230 239
111 269
47 55
59 268
193 228
86 260
194 253
7 169
17 178
8 201
48 183
21 230
109 220
12 214
169 185
174 188
44 178
66 93
100 161
220 257
26 199
208 226
38 132
16 181
86 204
230 269
13 127
12 223
55 249
176 262
44 78
185 190
65 231
76 192
9 150
82 163
0 81
28 63
27 216
121 129
235 262
66 207
40 118
30 104
53 176
1 9
16 176
121 206
18 43
30 79
128 177
198 199
54 172
69 136
194 249
19 55
36 64
124 128
19 224
157 197
11 25
155 168
7 122
151 264
38 123
107 108
61 219
15 259
157 170
91 266
171 227
3 190
162 243
62 130
128 129
1 73
113 116
33 118
169 261
6 183
110 194
205 241
131 188
24 54
48 65
188 205
139 183
159 266
176 232
86 223
55 230
3 100
134 149
192 195
66 226
4 27
125 238
21 133
248 250
75 151
46 255
18 21
253 264
235 255
139 218
219 265
41 218
50 268
42 200
21 256
60 142
152 213
72 181
37 106
1 264
21 144
35 165
24 119
203 223
109 140
34 77
21 130
48 98
90 212
74 194
48 169
40 169
46 258
76 247
104 161
11 131
196 218
95 219
134 259
210 220
42 73
205 225
81 260
79 80
214 263
19 199
82 153
98 265
158 171
28 113
105 150
178 261
180 260
50 113
201 251
166 234
94 252
46 137
7 118
39 163
98 175
58 203
12 213
72 251
125 260
69 96
117 176
48 162
68 216
107 186
2 136
26 27
46 158
7 63
19 101
62 188
85 188
24 233
100 173
40 196
73 231
55 170
74 121
34 46
12 155
69 153
15 210
78 161
40 71
40 66
86 196
78 243
159 195
146 220
96 220
163 181
23 126
170 171
14 162
153 202
181 188
38 149
40 98
70 120
205 254
120 222
74 138
89 136
5 10
92 156
93 106
16 59
26 89
8 269
25 139
11 139
101 177
111 138
46 155
22 98
34 49
177 238
36 78
89 230
72 75
109 131
71 81
13 204
234 257
125 171
188 242
129 142
55 177
191 263
219 257
61 185
19 45
37 42
62 73
70 180
162 232
17 114
49 126
11 263
83 246
95 261
6 45
139 252
122 123
210 244
37 225
187 207
24 60
145 179
34 149
150 155
125 168
185 203
166 269
150 226
207 221
35 249
41 147
7 69
170 198
8 209
97 246
71 95
48 259
44 261
126 209
171 256
14 219
39 234
143 151
166 204
103 108
151 208
152 246
113 211
130 202
23 172
51 251
131 236
13 208
46 181
181 198
176 218
23 37
184 228
12 85
113 186
130 141
15 170
8 151
27 256
134 163
201 235
79 102
9 162
60 125
28 81
38 76
0 263
126 158
152 200
104 194
238 246
43 76
0 38
7 57
44 224
237 262
126 234
15 199
32 75
71 98
77 178
95 167
18 113
198 227
202 228
197 215
47 181
22 209
2 178
41 196
119 232
37 267
21 97
7 56
71 114
68 71
68 173
223 240
152 245
44 51
103 169
177 180
7 174
42 243
44 53
115 186
69 229
30 91
67 261
135 238
68 81
14 228
218 225
36 144
109 254
63 269
24 230
18 168
57 106
86 263
172 263
2 263
67 70
47 265
148 260
154 257
12 183
48 67
4 180
146 268
128 159
179 266
66 72
17 157
114 184
10 209
10 27
21 33
156 175
152 194
191 218
55 75
6 244
125 266
217 255
185 222
260 264
52 254
5 245
186 264
9 114
108 245
210 266
3 219
95 210
49 113
122 195
73 262
30 32
36 211
122 176
101 158
127 136
7 148
120 170
185 237
112 162
125 210
113 144
22 120
121 152
31 227
78 134
117 172
57 72
102 222
141 230
76 261
15 182
112 115
99 215
6 113
43 63
49 58
56 181
34 127
27 209
19 266
125 234
115 251
100 166
92 185
169 171
67 147
125 127
81 122
108 258
1 102
24 157
63 103
137 266
167 218
55 115
91 241
38 236
25 34
47 172
90 157
130 241
103 232
162 201
51 230
127 194
159 183
61 226
166 194
54 190
14 172
31 101
54 219
165 199
4 230
6 68
93 143
54 182
206 265
232 259
44 134
61 127
208 222
36 248
229 231
100 267
201 218
0 109
53 103
121 193
44 117
36 224
77 165
146 260
17 115
164 205
215 267
70 117
25 104
44 182
27 61
113 176
60 245
37 155
52 196
60 117
123 209
6 116
15 211
144 181
108 161
91 250
91 99
53 125
128 171
27 186
20 74
95 212
49 171
203 240
19 96
38 118
96 159
59 130
7 55
138 166
24 111
68 147
92 216
95 260
53 162
163 194
72 166
173 201
144 172
87 159
8 210
147 255
157 212
171 222
235 249
105 166
122 168
19 102
171 215
15 129
66 171
48 156
69 118
30 205
75 78
166 218
3 34
209 258
87 162
24 186
70 261
150 167
91 265
29 227
222 251
44 153
17 54
114 123
30 218
163 166
40 49
146 249
41 52
15 79
69 93
19 249
149 157
231 250
56 196
198 208
7 231
213 252
213 255
6 22
144 233
57 186
67 217
127 210
20 221
18 33
87 226
13 258
62 93
116 260
72 192
16 40
94 209
61 167
74 143
95 242
45 120
11 119
7 230
163 207
112 114
169 227
32 206
25 222
75 219
102 266
60 76
57 177
80 240
151 182
39 89
38 148
35 223
5 62
22 67
166 172
96 139
108 175
182 225
205 212
11 162
21 217
189 208
243 266
158 179
185 217
80 141
83 199
102 128
74 123
21 203
34 139
98 228
29 174
34 113
49 108
130 250
51 172
47 156
217 220
67 135
220 234
85 139
66 132
157 264
162 212
148 219
102 174
200 204
42 69
99 258
94 240
176 222
9 52
169 220
36 240
24 61
113 209
80 219
26 120
69 196
65 135
101 246
95 130
121 126
112 248
96 104
174 214
20 248
149 237
57 194
60 89
100 215
90 259
54 195
197 258
57 199
7 200
92 231
246 248
116 252
149 238
192 207
49 259
171 241
32 164
60 99
173 265
121 155
64 81
22 125
47 65
10 160
187 257
52 112
91 204
140 179
48 192
11 61
63 245
1 50
67 267
173 228
30 138
109 250
10 183
227 256
50 163
36 253
158 163
120 209
71 82
158 206
47 103
41 82
10 238
119 146
85 133
13 150
90 262
2 45
79 223
16 145
129 191
9 102
119 230
63 72
212 238
134 248
74 75
212 245
141 183
248 253
112 170
212 265
50 179
14 235
110 256
132 195
102 151
168 229
134 202
247 255
20 68
67 96
31 204
32 159
64 112
102 186
195 262
15 92
25 167
10 50
171 260
29 252
72 265
118 229
39 201
67 221
28 60
35 259
69 124
111 113
86 245
180 261
102 161
186 223
76 123
155 194
76 87
16 261
104 162
50 218
108 242
33 141
28 135
121 179
238 250
10 22
5 158
5 211
151 226
112 183
29 74
113 165
193 215
46 50
62 178
44 45
27 163
76 126
124 150
126 170
60 81
167 245
173 175
66 179
74 104
61 186
116 169
29 71
35 82
65 155
70 214
55 261
120 175
130 138
150 156
2 222
188 267
41 140
8 234
127 249
89 178
10 202
30 192
197 202
220 261
22 72
50 241
110 148
11 93
194 240
6 108
121 261
31 51
174 252
91 269
27 142
178 232
42 104
43 137
246 260
208 246
16 245
146 241
71 237
35 230
94 140
73 120
14 62
3 88
130 212
68 110
109 188
95 220
169 170
140 222
35 158
37 49
135 140
54 94
210 234
53 111
0 219
36 175
3 118
125 203
204 267
51 190
13 120
85 91
133 233
151 237
88 138
221 233
144 257
147 203
2 21
96 207
6 224
31 37
14 209
138 221
20 254
187 214
1 141
31 150
90 167
20 172
122 180
224 228
95 186
76 171
80 187
35 96
192 265
55 164
140 235
16 234
131 243
66 186
177 194
26 223
4 246
99 149
208 268
63 214
7 166
48 96
98 183
140 183
6 121
148 151
189 256
146 190
49 209
87 166
6 188
52 83
44 231
15 36
86 103
69 195
103 227
58 100
227 257
89 200
226 250
80 185
37 219
105 190
41 220
139 185
176 249
120 139
100 189
197 244
174 182
33 105
33 56
17 196
43 135
111 262
220 224
12 149
88 149
132 234
41 231
94 166
116 128
37 145
4 11
234 245
49 87
19 104
18 71
169 253
23 199
22 254
211 237
150 253
95 99
91 201
13 55
110 229
12 127
93 244
63 148
60 212
177 266
135 187
47 94
111 185
93 261
150 152
5 140
134 147
80 228
10 124
17 45
91 109
42 193
237 247
79 230
169 184
52 120
116 204
15 221
18 269
138 219
4 257
156 222
64 99
24 187
82 220
188 240
108 237
21 69
221 254
19 48
192 262
189 243
215 223
26 210
141 239
130 256
66 193
37 221
142 224
53 222
170 204
104 212
155 158
153 235
32 168
5 86
199 212
63 71
132 252
44 239
115 122
47 104
19 176
50 117
81 217
159 194
53 257
119 168
144 262
76 256
51 258
248 258
117 199
98 148
208 254
134 265
74 185
157 176
7 78
54 90
17 244
7 146
87 194
21 25
68 153
73 148
34 102
171 258
12 56
232 250
33 236
102 122
234 242
131 178
30 262
2 141
54 202
19 155
26 98
161 203
204 254
46 75
37 141
59 215
115 221
190 202
7 82
155 189
14 95
220 240
0 261
264 269
67 124
96 166
142 146
83 269
137 200
12 252
59 261
56 186
141 243
19 193
138 191
11 121
36 143
80 234
12 242
68 230
76 253
5 23
103 220
0 101
135 157
32 148
181 204
61 173
79 204
82 127
75 105
82 100
87 156
165 258
88 222
61 155
42 146
90 193
28 90
9 163
214 235
47 132
188 208
26 76
26 237
112 117
108 130
176 193
30 238
191 253
67 68
3 253
227 259
51 202
52 133
30 55
170 212
76 175
29 147
84 210
234 236
108 205
90 145
60 187
101 181
245 267
39 47
88 255
31 234
223 234
110 268
239 257
101 259
163 196
55 209
145 245
14 103
87 233
18 199
33 215
169 235
15 72
122 232
29 160
85 134
72 109
65 106
228 241
31 216
70 250
70 212
77 201
96 170
83 108
3 90
1 147
52 158
41 223
51 109
17 38
102 111
135 235
86 238
187 261
92 135
114 265
3 110
82 211
226 227
38 225
20 37
1 56
99 238
59 189
27 130
80 249
79 169
71 130
33 191
94 246
63 139
84 194
18 105
12 45
149 268
77 104
69 256
3 267
6 142
79 206
6 37
59 162
203 211
67 234
26 176
60 80
209 260
147 201
10 25
119 137
151 246
113 227
92 167
164 215
46 242
62 122
60 106
130 235
37 220
57 193
144 176
115 217
190 247
67 170
148 186
50 166
30 159
62 197
173 233
202 249
41 194
18 122
225 236
99 268
68 213
22 147
103 213
215 234
83 191
152 210
0 61
22 256
119 256
49 67
47 146
120 165
139 186
31 195
142 269
33 75
5 256
113 117
16 171
205 214
93 113
61 252
23 234
69 199
71 199
51 173
67 187
129 222
79 103
105 144
22 69
32 166
137 227
8 125
149 173
156 177
59 214
44 267
5 54
28 40
170 209
129 212
197 243
203 231
7 20
31 57
55 148
92 133
186 244
71 113
0 160
20 120
69 197
50 93
65 263
142 236
139 226
214 238
29 133
129 260
109 211
42 215
90 220
40 166
23 140
81 132
187 211
128 200
105 169
235 268
49 143
169 231
146 262
44 191
195 216
7 185
220 233
14 246
7 103
218 221
115 210
8 76
80 106
7 27
84 144
129 204
14 203
44 180
99 203
39 73
35 184
3 56
142 172
11 194
42 268
95 165
68 135
217 227
92 113
139 161
212 216
118 202
90 171
146 158
58 209
31 207
67 137
120 245
175 176
38 138
50 184
145 226
54 170
10 217
126 167
65 78
30 146
41 111
67 157
99 251
29 53
37 237
63 85
40 72
10 11
107 113
219 235
27 239
60 170
61 235
44 91
102 235
136 220
66 89
30 226
144 162
26 194
35 118
44 255
154 251
88 241
84 248
51 95
1 251
208 259
108 241
216 249
34 169
66 199
60 173
7 129
52 217
11 163
81 165
92 239
32 267
137 239
49 195
118 177
18 92
164 191
24 188
3 109
92 99
81 264
93 153
89 154
28 118
113 140
52 147
107 157
52 182
19 26
137 259
108 111
16 109
92 227
74 213
5 48
112 172
42 140
61 83
208 214
92 132
177 200
14 35
81 112
179 260
41 226
174 261
96 171
187 212
29 114
68 187
32 196
77 155
98 156
170 187
60 157
94 213
71 176
205 221
79 163
2 62
28 101
93 241
48 210
94 268
61 87
54 86
222 264
91 197
41 50
42 257
62 106
96 236
124 156
54 265
218 249
59 74
165 200
93 237
130 164
10 69
52 260
26 67
8 169
29 37
50 72
64 111
140 176
5 24
251 258
0 138
68 200
95 208
133 262
192 205
6 220
40 192
173 174
52 226
69 192
25 254
137 139
82 111
10 182
99 137
88 160
37 242
13 119
24 170
170 229
159 264
193 195
90 123
58 115
54 222
122 199
47 240
71 217
88 204
71 186
79 119
86 232
254 265
50 111
133 200
24 269
180 262
203 226
57 234
171 178
32 244
214 228
193 251
34 234
80 229
156 200
97 161
120 177
76 124
38 242
167 239
14 27
128 165
25 137
57 69
80 133
146 197
49 197
193 245
99 195
54 153
136 187
96 219
128 195
156 206
124 242
28 159
49 245
76 119
42 244
150 257
64 68
94 245
63 84
27 79
177 184
49 246
144 263
145 211
107 215
156 190
24 251
157 242
11 115
12 151
83 161
59 75
123 262
213 251
49 201
227 240
40 99
10 263
12 205
63 176
83 134
2 57
58 259
35 128
15 93
52 137
70 249
1 4
57 160
48 229
34 191
232 265
48 123
71 180
49 128
124 228
188 199
133 256
69 127
49 163
0 186
3 120
139 205
123 213
194 198
229 236
174 256
34 172
145 242
117 202
149 265
210 226
32 76
190 209
12 156
68 252
151 161
77 139
89 120
210 224
23 233
159 222
140 206
110 264
50 151
147 205
119 219
165 178
49 174
134 145
147 250
118 262
14 160
78 88
28 189
120 143
73 122
248 255
74 187
129 139
110 124
198 248
128 204
135 183
251 252
4 211
177 189
16 17
128 252
96 257
14 133
21 80
117 239
60 120
9 129
170 215
8 51
148 239
20 207
62 63
26 123
45 176
38 115
127 214
45 126
62 111
11 135
115 156
127 201
175 190
187 203
17 202
8 148
120 268
159 198
35 226
137 163
133 175
129 259
84 208
40 85
28 174
48 246
90 110
97 266
47 221
76 201
117 177
188 244
93 163
4 239
174 268
150 243
98 209
42 236
72 188
105 171
169 214
17 93
91 123
110 217
91 192
218 239
78 89
94 241
99 188
114 268
78 128
147 172
91 196
1 76
166 262
231 238
50 165
33 251
152 257
163 253
31 59
174 229
72 119
106 239
64 127
143 190
14 222
16 72
12 47
227 260
29 56
130 191
17 242
108 269
54 220
57 260
112 207
97 113
19 198
44 253
131 167
80 262
53 54
68 195
42 186
11 255
46 199
36 158
10 139
43 89
68 132
51 179
47 54
43 131
228 250
131 202
52 97
30 140
177 265
51 178
36 97
217 250
4 253
90 131
61 126
9 44
120 237
106 125
34 44
7 124
102 125
37 166
49 103
88 117
98 168
43 188
57 93
0 147
82 228
146 248
164 254
45 156
20 22
85 106
32 141
83 208
159 262
37 137
33 225
160 164
166 260
168 256
180 222
139 164
37 239
1 177
69 116
108 198
143 168
16 91
101 252
209 256
54 89
109 126
41 263
106 163
29 59
192 204
76 227
74 227
29 156
81 148
151 207
219 246
36 123
54 133
214 254
62 78
123 200
34 52
163 188
52 173
243 267
69 135
14 78
111 176
78 184
225 256
48 131
60 168
77 250
20 62
5 226
36 43
183 215
34 90
23 188
163 240
99 245
73 190
69 227
160 186
159 247
199 225
97 177
87 221
40 186
115 266
118 199
20 176
62 266
42 70
137 185
98 207
30 128
115 134
61 144
6 47
39 205
6 146
129 181
117 222
132 155
189 228
84 204
63 119
10 173
202 234
11 141
196 232
192 264
140 256
198 246
20 195
181 250
94 164
198 224
36 180
26 177
173 232
10 64
15 203
28 34
137 206
3 9
40 242
64 73
49 111
63 212
90 142
26 151
197 250
17 122
139 173
129 231
86 175
239 263
100 170
14 259
66 194
5 18
12 197
142 164
26 156
204 226
72 246
75 234
113 215
39 143
36 133
94 200
61 244
32 187
61 157
33 93
92 253
48 148
41 86
108 176
62 255
75 137
69 113
72 208
109 197
118 237
52 86
162 248
7 28
125 131
60 167
71 255
47 83
90 245
45 59
111 214
21 32
196 202
130 269
137 153
21 41
9 124
227 241
12 129
171 197
41 249
82 155
39 197
155 179
103 177
14 85
75 183
8 252
61 81
86 121
178 223
138 148
48 74
190 216
161 243
250 259
97 142
126 244
175 202
114 199
90 247
74 171
168 201
8 109
49 240
203 238
165 262
49 106
56 177
53 153
28 204
15 127
55 224
146 176
53 138
5 38
22 261
125 192
39 96
22 222
40 147
254 269
11 204
156 250
116 255
57 175
73 209
13 263
160 167
51 156
27 178
81 216
45 48
32 218
167 179
133 151
120 167
29 221
194 206
182 212
54 214
111 225
139 197
23 58
29 108
109 110
6 109
64 219
219 269
2 205
28 257
54 178
89 218
168 184
122 156
27 172
15 19
11 124
161 255
141 154
36 60
127 204
133 267
51 203
75 269
56 170
181 197
42 181
106 252
140 244
1 32
33 97
82 98
19 170
223 232
123 197
3 206
47 247
64 156
44 266
36 139
122 228
23 170
215 244
96 243
79 236
176 230
18 81
113 230
19 132
5 132
177 228
36 261
50 87
65 132
74 120
157 199
19 127
10 230
170 193
140 159
106 152
12 235
144 199
138 235
5 235
172 219
42 92
27 167
161 173
27 72
123 265
129 249
81 265
204 233
199 222
132 228
76 155
57 178
174 192
58 134
230 259
49 139
66 170
184 203
155 234
122 201
88 261
49 69
132 244
182 235
56 247
6 162
168 185
35 102
223 259
223 265
211 250
159 252
97 250
10 87
65 123
49 154
62 68
0 187
85 126
137 140
66 108
5 89
141 211
22 31
8 112
117 167
96 235
232 266
189 258
13 139
111 224
144 259
124 157
64 166
11 190
131 182
28 67
85 207
157 185
82 218
178 256
56 77
65 107
107 184
127 223
146 239
59 187
142 228
127 235
101 210
30 242
150 216
109 159
31 202
68 226
245 265
126 224
10 210
97 226
73 83
58 80
39 68
11 15
24 87
166 237
110 211
82 113
136 198
24 113
121 237
64 188
3 87
49 239
173 176
16 269
70 144
137 255
71 115
0 185
62 86
196 231
40 206
43 138
5 35
156 211
14 94
207 253
183 243
1 180
52 241
121 123
39 66
65 129
10 133
183 194
15 155
30 129
29 215
29 237
79 200
112 234
148 160
73 217
139 169
133 174
33 49
217 236
6 254
28 225
45 236
13 125
46 112
165 190
176 223
27 152
154 206
58 196
94 230
63 201
120 244
28 102
35 133
27 201
128 201
162 180
159 204
11 164
146 245
205 209
72 218
57 151
136 243
198 243
148 267
61 111
68 144
123 238
106 134
176 194
58 104
29 102
36 182
37 186
56 131
26 222
63 97
2 8
40 239
214 246
10 214
110 173
23 161
65 77
18 82
203 206
217 269
114 263
139 267
38 62
112 136
83 187
134 253
27 124
86 152
142 246
104 195
154 186
49 212
6 139
206 212
0 41
111 123
85 225
138 234
29 241
6 104
21 156
40 143
25 134
118 214
90 162
199 204
51 98
96 154
152 192
220 267
74 157
221 252
263 269
128 229
18 129
11 258
66 200
234 262
186 262
70 106
118 247
48 184
136 237
96 189
65 109
39 67
24 37
146 218
123 249
91 101
117 254
25 242
70 96
112 169
63 240
26 198
105 250
37 268
208 256
5 56
164 166
103 131
61 260
177 197
17 53
14 30
99 252
96 212
80 194
29 64
131 145
48 266
93 112
100 210
10 140
2 73
104 244
68 92
10 99
170 253
161 260
8 166
100 144
154 254
36 96
116 266
181 258
183 185
14 102
74 150
136 180
33 261
17 223
86 170
20 153
59 140
97 180
87 91
47 117
59 138
172 199
49 161
22 164
110 203
133 198
7 96
7 198
100 229
67 105
47 185
129 166
150 251
53 216
2 77
154 261
7 255
77 136
27 269
54 137
104 158
0 251
86 99
84 252
98 106
91 235
53 233
32 55
151 223
116 254
97 221
12 218
0 157
169 255
117 183
156 241
89 181
109 245
47 179
202 253
65 110
47 105
108 257
129 149
196 243
127 260
80 171
125 221
103 260
114 125
12 81
102 150
4 163
0 54
2 42
102 242
21 137
120 240
125 134
4 174
14 132
89 187
104 121
55 133
214 255
172 209
160 267
60 189
13 69
205 245
60 61
61 245
4 22
217 257
168 222
183 190
58 180
148 150
79 161
108 186
74 142
150 217
72 78
198 239
17 64
127 209
129 164
50 94
72 112
27 75
17 171
118 163
29 244
22 60
15 255
142 223
123 163
112 150
72 113
197 253
67 223
97 143
21 145
6 263
7 163
6 118
58 190
98 195
8 267
171 172
147 223
69 87
61 72
65 229
16 41
5 214
75 106
139 203
91 92
37 85
214 237
98 180
9 13
39 136
50 233
126 196
140 250
253 254
215 265
171 219
55 171
91 160
105 240
0 260
92 251
124 159
67 212
105 229
36 126
67 117
91 242
84 206
192 218
30 158
112 240
49 185
27 107
87 217
86 91
1 155
81 86
207 268
138 214
32 138
18 119
74 266
176 257
94 135
86 251
203 215
197 227
184 238
77 140
94 190
80 109
11 92
78 190
64 93
52 109
169 190
176 253
51 145
213 227
186 204
16 182
87 241
12 121
49 120
76 231
48 91
83 99
130 157
61 210
45 208
109 241
71 198
114 145
48 268
142 151
105 208
39 188
35 166
86 177
14 237
201 224
66 228
82 200
82 265
92 258
33 242
103 256
233 260
53 131
97 155
39 147
87 108
56 157
116 117
23 85
109 243
117 212
194 207
174 194
26 56
71 74
35 231
152 196
119 186
207 229
3 103
77 240
120 220
20 104
22 45
9 137
84 96
192 252
77 177
25 138
37 191
31 173
8 31
82 249
11 241
1 225
16 224
62 138
219 244
86 176
130 244
140 259
41 204
78 180
156 186
47 203
218 222
84 157
27 55
21 85
118 184
180 187
94 265
213 234
156 237
29 32
175 211
76 182
33 68
116 189
7 197
17 97
227 258
104 155
105 179
93 98
17 55
106 133
142 248
93 119
82 95
73 113
45 132
155 238
17 71
1 246
19 20
115 133
139 217
33 209
140 200
59 121
55 77
17 243
177 185
87 263
99 174
116 256
61 86
107 249
2 140
25 219
92 143
195 206
211 223
169 224
72 151
16 87
200 233
151 205
6 73
16 143
65 170
26 94
197 260
61 261
152 211
2 68
22 183
37 61
57 205
84 231
70 266
170 177
23 220
160 229
52 73
147 244
143 187
13 49
68 165
114 228
126 134
79 142
56 97
16 225
89 97
63 234
86 240
183 216
160 209
155 209
50 169
29 208
2 12
70 226
91 194
35 134
55 70
160 227
52 85
69 213
37 147
226 253
134 251
17 249
73 134
168 205
144 231
68 183
80 193
218 255
38 165
96 201
68 242
160 268
140 258
111 117
61 243
156 185
56 268
259 260
254 266
112 203
154 156
59 65
44 250
134 171
25 40
90 210
125 244
20 246
185 266
11 98
15 215
72 76
133 246
40 132
89 190
94 133
98 267
46 259
121 218
15 25
189 211
95 140
59 111
26 175
78 249
10 115
39 266
141 181
126 263
138 246
101 183
14 170
51 187
134 235
85 173
202 233
107 204
141 202
101 117
114 237
44 119
102 154
105 118
128 190
34 243
125 200
144 153
12 30
49 155
192 232
85 130
176 200
43 125
39 226
78 96
56 127
75 155
75 249
85 250
166 267
143 264
210 217
96 134
39 162
75 181
27 218
20 233
127 230
131 174
0 26
24 181
51 81
141 229
11 259
189 231
111 260
16 144
79 216
110 155
138 155
154 260
120 188
20 58
11 146
88 233
86 155
46 208
147 196
42 132
77 205
85 93
81 104
49 236
76 196
10 116
29 236
126 266
221 230
139 199
231 264
119 196
50 199
34 242
142 195
43 168
106 116
45 200
31 65
44 127
260 262
24 258
129 266
65 86
60 191
45 131
2 227
142 144
60 148
92 141
0 176
85 149
237 242
113 181
27 127
35 104
125 143
51 119
138 176
164 173
39 133
197 213
74 101
149 195
181 266
65 153
76 80
49 188
126 179
9 244
38 264
251 259
113 135
33 259
37 131
6 170
54 238
66 257
15 107
11 260
56 231
128 258
94 221
76 188
69 115
84 254
24 207
119 227
39 269
91 118
45 249
14 218
71 201
46 195
26 121
102 209
22 77
62 123
18 165
135 137
7 93
12 234
163 256
209 223
22 56
132 260
112 144
230 232
60 264
226 238
50 245
166 202
116 198
74 95
6 179
116 197
28 237
260 269
93 201
144 189
97 128
200 201
204 219
86 269
196 234
204 257
47 68
40 267
69 178
53 112
110 244
61 92
20 159
47 121
54 92
67 128
184 206
187 205
83 93
183 196
45 109
22 193
179 232
18 157
23 33
25 62
40 128
169 180
43 142
146 230
14 97
88 111
140 242
9 79
12 241
55 205
218 252
75 191
27 168
105 201
227 267
81 212
113 133
157 204
7 218
30 43
19 73
179 207
137 146
29 220
38 195
1 203
55 237
27 62
12 82
30 190
124 265
137 242
151 248
187 230
10 132
0 241
113 188
167 231
30 157
83 256
163 190
47 236
136 200
3 145
25 82
47 229
42 269
23 201
140 168
84 251
15 250
23 57
106 160
162 194
72 103
170 266
171 225
47 96
56 140
146 210
129 198
260 268
99 189
259 269
206 240
57 115
195 239
49 125
121 226
12 76
199 220
218 233
0 207
94 229
111 263
25 240
97 150
31 243
74 214
18 164
23 193
238 245
148 181
54 106
14 159
31 184
36 109
136 148
133 190
90 182
177 250
113 190
145 158
124 131
10 189
109 122
30 64
26 216
12 172
136 254
110 168
31 90
10 266
107 183
113 167
21 84
26 167
2 165
69 114
152 227
31 249
6 147
10 38
57 243
49 191
104 222
183 206
226 245
89 243
51 128
87 200
13 254
28 263
217 259
92 120
87 192
18 176
50 180
18 111
208 239
126 194
10 80
114 207
41 72
39 216
106 135
104 251
141 165
5 17
110 117
55 245
39 252
26 243
23 168
34 205
139 248
92 209
191 221
97 123
17 135
136 226
144 214
30 248
92 254
153 244
85 241
199 254
83 178
106 234
13 261
125 202
46 182
9 261
160 177
166 190
66 238
127 170
135 149
98 201
207 224
146 164
88 236
67 73
26 186
37 238
14 47
131 209
177 233
80 161
28 48
10 77
33 249
100 200
0 268
39 214
25 198
27 99
100 125
188 259
38 266
42 249
75 118
7 220
143 225
106 148
131 166
1 80
169 246
71 185
13 142
144 185
229 264
232 243
50 86
142 218
101 179
15 91
55 57
183 259
50 196
70 185
160 222
26 101
99 254
207 234
62 170
153 188
16 137
41 268
56 261
108 181
2 194
30 42
107 164
137 173
264 265
23 83
63 174
135 171
52 138
105 254
35 159
91 226
3 195
225 229
114 174
66 227
109 213
155 176
193 235
127 263
124 183
111 151
10 181
62 109
20 179
1 247
131 210
183 234
139 221
26 265
239 248
44 171
5 39
159 236
25 266
28 201
29 98
59 170
190 195
47 110
87 146
12 264
29 186
106 202
92 247
107 219
72 201
163 164
245 261
70 263
171 221
175 246
103 137
20 211
28 231
21 207
9 82
219 255
95 169
195 217
89 150
172 173
12 102
25 182
149 164
63 74
125 248
89 189
7 268
100 119
120 234
70 257
16 190
35 187
77 170
65 235
148 202
119 205
174 242
147 245
41 221
89 219
208 263
14 42
113 243
164 228
22 87
192 254
32 152
109 138
87 255
87 163
94 198
20 122
116 156
127 180
100 134
14 165
37 114
144 192
40 194
43 204
26 207
20 258
2 153
47 217
66 172
132 134
200 211
123 241
22 109
104 137
100 251
66 87
168 233
50 60
169 237
1 61
144 208
36 131
14 80
236 247
4 152
60 98
52 192
73 139
5 258
152 159
167 205
101 207
33 190
225 252
139 148
113 149
211 219
75 156
183 255
120 160
96 152
142 263
95 228
183 258
24 194
2 19
100 132
84 131
116 237
58 169
117 125
86 183
10 81
69 211
57 155
34 92
58 221
220 232
122 251
71 136
2 103
114 238
139 181
230 248
50 85
103 130
17 231
114 179
177 252
117 154
62 108
43 127
85 221
178 269
153 191
23 258
59 253
86 112
57 74
74 218
60 230
162 204
202 244
105 206
119 141
3 69
38 215
132 209
83 219
92 129
208 209
98 263
43 134
93 122
88 250
188 224
153 221
79 162
49 51
3 29
44 114
42 48
3 252
45 189
72 134
64 130
184 197
174 196
108 263
119 129
29 223
4 269
85 263
42 172
110 126
91 255
122 149
57 191
27 161
46 111
154 173
109 267
131 141
186 261
18 175
15 94
46 140
2 235
232 269
111 166
115 120
42 131
137 216
10 15
32 163
21 64
138 170
53 170
46 65
106 172
25 212
56 209
83 225
177 219
21 114
117 263
88 184
233 253
71 88
23 192
74 265
183 218
61 116
53 265
12 105
83 239
40 53
87 116
90 126
18 134
109 206
86 118
46 53
60 133
17 44
28 169
3 169
55 106
13 71
78 130
120 211
127 264
62 180
25 71
207 265
110 123
191 264
36 82
135 144
87 124
19 28
125 137
14 88
32 95
107 207
51 255
38 153
156 210
182 205
5 69
119 193
7 241
191 219
21 49
138 202
5 65
64 214
23 118
3 123
147 200
80 189
109 248
205 223
216 217
3 188
72 235
8 16
15 225
41 255
40 135
40 146
87 229
75 88
163 261
19 183
0 145
78 117
63 231
154 267
108 129
163 170
182 267
84 233
139 208
127 186
63 175
48 189
31 111
73 234
132 236
61 154
0 129
179 212
176 247
8 13
38 238
77 89
26 238
15 243
166 225
0 12
92 169
155 236
31 45
65 241
152 189
78 167
35 263
244 253
46 120
6 141
186 219
141 169
15 269
44 69
2 130
70 92
71 139
86 136
15 122
189 194
56 62
98 122
216 248
8 222
206 222
35 181
40 253
9 176
51 171
56 128
35 59
106 224
0 169
218 232
21 252
118 209
101 233
189 193
10 122
74 160
102 200
119 244
38 163
83 90
123 242
159 215
23 267
22 231
11 192
119 266
222 239
140 208
114 251
88 208
38 213
103 116
90 188
159 251
10 94
107 228
10 89
164 181
99 207
203 218
31 238
8 182
80 101
15 180
218 266
5 92
201 229
23 268
7 162
96 97
94 257
175 234
58 202
82 90
138 264
104 240
75 263
232 261
130 166
70 154
107 198
49 134
209 241
131 259
42 54
230 235
45 148
40 221
59 231
143 207
205 211
68 129
171 196
187 234
92 234
15 192
13 114
75 84
120 253
72 154
166 176
34 267
21 246
164 165
7 133
87 268
153 176
59 180
113 192
122 225
47 201
67 98
108 187
255 256
45 60
104 259
160 238
75 257
83 166
23 200
131 262
222 230
34 107
162 256
91 141
13 238
11 32
132 136
170 221
61 64
32 147
42 85
17 113
50 192
41 162
146 207
113 151
106 145
3 8
127 242
104 118
66 195
74 83
80 221
14 224
112 229
14 83
153 219
34 211
43 71
86 89
112 246
99 122
148 156
98 150
35 206
76 98
3 27
60 114
42 94
30 233
58 222
74 211
104 157
80 257
166 197
179 264
31 224
125 176
223 231
12 201
119 216
6 153
32 140
210 219
170 173
54 81
212 259
4 179
102 243
127 183
168 174
48 167
18 120
187 229
54 269
10 267
34 256
137 248
128 241
10 185
173 246
68 185
140 226
52 215
125 269
56 69
180 219
231 240
33 199
112 217
92 155
105 183
62 240
210 225
157 158
181 182
36 145
121 202
87 178
90 108
79 113
71 181
62 156
120 187
177 214
122 157
168 248
14 249
150 266
104 220
41 157
198 219
132 220
40 102
35 42
80 183
106 196
90 144
45 155
88 104
88 121
30 228
142 261
118 123
71 162
9 138
5 262
107 124
102 197
7 131
16 104
164 257
13 172
60 220
91 128
11 246
108 121
146 222
153 164
180 206
50 222
102 208
18 121
98 256
35 150
80 256
13 244
109 234
102 181
162 170
10 211
196 223
51 261
95 116
104 223
33 222
119 236
180 215
86 257
17 48
122 211
142 199
35 86
35 170
73 226
58 96
92 172
116 126
99 177
132 258
49 225
140 202
102 219
69 232
120 218
55 247
37 158
58 109
60 152
83 127
0 192
6 50
137 165
160 207
98 158
73 137
2 265
13 211
161 268
52 134
73 130
17 181
58 145
74 236
11 12
114 118
167 215
126 221
96 258
78 113
94 146
84 191
71 183
33 164
101 263
128 185
82 109
14 254
79 183
4 62
124 223
202 265
85 199
169 194
6 97
59 234
57 136
37 173
133 176
103 175
110 221
150 218
10 222
37 209
206 238
101 135
73 131
99 228
52 234
45 127
2 11
52 100
2 87
18 216
3 258
154 253
24 152
131 258
186 217
185 188
211 254
133 228
74 235
98 248
168 237
7 235
1 103
101 154
123 128
141 257
81 111
73 191
71 234
3 74
141 155
102 194
34 157
6 96
103 200
35 207
51 189
95 263
31 94
15 153
127 175
10 224
23 158
142 170
74 168
27 101
55 212
75 96
77 238
31 261
74 246
181 212
63 121
63 163
103 248
101 216
96 192
36 90
197 230
158 175
53 136
37 165
20 183
44 105
39 90
134 255
26 225
99 164
112 225
90 223
76 139
17 186
97 208
111 250
76 104
142 201
105 186
158 196
174 208
67 85
54 253
84 162
145 218
71 94
136 160
50 105
77 220
33 34
45 98
106 223
43 191
32 101
165 220
4 245
106 261
73 204
55 163
25 156
6 159
35 208
66 165
90 175
259 261
81 193
24 55
95 106
71 249
25 231
213 256
243 251
111 125
50 146
59 264
139 211
148 184
136 214
153 255
153 248
228 236
0 227
56 70
168 191
47 98
58 214
134 223
144 146
59 171
19 36
99 165
113 231
50 249
205 240
87 157
160 266
229 255
171 201
118 149
52 210
94 162
0 173
159 249
149 245
3 182
78 91
181 224
22 238
205 232
166 205
126 175
38 191
90 200
228 255
87 218
168 206
201 202
138 225
148 235
47 116
101 160
191 215
49 193
93 107
21 181
29 128
18 55
79 247
119 162
106 107
8 133
226 229
216 269
55 169
104 187
117 269
15 53
89 193
101 243
2 148
87 225
221 264
181 194
170 268
25 120
89 127
51 139
65 146
77 230
95 203
121 269
43 88
128 172
189 268
33 83
240 243
67 103
10 93
152 191
151 253
18 146
21 88
118 137
10 180
15 146
57 105
105 235
35 197
148 180
163 171
80 132
59 252
193 205
166 182
76 153
149 186
41 198
74 149
161 217
79 104
43 175
91 239
111 128
65 169
59 260
41 244
57 231
145 170
122 178
94 211
115 205
34 230
84 211
22 142
46 268
77 102
197 267
69 242
161 211
7 208
180 233
80 95
72 140
97 102
16 235
144 244
79 189
192 223
47 209
157 184
140 227
79 86
222 250
124 151
18 183
129 244
8 134
122 212
14 100
151 240
53 207
106 208
61 255
15 51
74 114
75 186
96 111
77 264
43 94
29 164
66 97
116 249
52 165
129 246
41 113
4 111
126 255
79 109
105 188
3 236
107 230
77 218
186 192
155 245
15 150
76 178
6 72
39 88
65 203
87 97
198 238
62 143
118 256
87 202
187 232
165 253
64 243
2 175
54 114
85 223
111 147
164 244
192 219
131 172
60 65
22 150
135 178
57 250
38 75
58 128
61 138
197 232
67 186
95 159
170 222
115 173
26 202
13 193
175 228
165 186
134 268
128 221
153 185
34 141
33 169
99 264
128 151
9 147
22 146
16 266
0 132
1 101
71 265
33 104
33 224
198 237
165 176
75 160
9 64
175 269
126 217
140 257
197 261
52 265
66 143
98 251
7 30
19 63
160 194
129 179
26 130
48 58
53 141
157 196
73 238
42 247
195 252
213 250
36 79
93 225
87 111
111 135
90 248
109 156
123 234
89 96
113 185
57 129
10 187
245 268
78 125
125 235
91 230
186 196
122 188
110 164
124 259
9 177
108 171
68 139
115 259
157 262
101 236
145 222
88 226
95 138
18 200
66 118
186 266
32 230
105 154
67 79
91 210
87 155
195 245
8 229
131 132
18 53
107 239
50 257
184 187
4 157
36 122
62 70
22 34
81 99
188 189
2 213
73 232
49 263
185 213
18 237
44 248
82 144
16 150
92 196
96 244
149 163
165 189
57 171
125 175
14 93
184 189
174 264
109 186
32 107
137 197
134 218
86 134
31 226
113 138
219 238
92 218
19 179
197 207
182 208
1 123
27 159
191 255
125 253
109 129
20 174
48 127
62 139
118 222
148 177
58 125
130 148
37 233
39 117
85 143
158 241
141 259
42 127
84 106
13 141
94 145
131 246
58 217
13 192
91 157
111 222
133 143
178 220
148 227
72 243
16 202
136 207
194 262
106 220
183 233
23 237
24 229
23 149
54 232
168 178
25 135
9 34
55 175
151 252
113 265
196 198
78 244
108 167
160 189
130 259
243 254
77 229
22 118
17 86
23 162
139 219
83 100
232 241
213 266
25 232
88 212
96 149
127 139
225 231
222 252
188 248
139 182
204 258
224 238
13 224
183 192
148 266
6 20
81 221
16 197
40 41
106 211
171 192
94 106
93 127
92 175
156 226
59 124
81 155
7 180
254 255
59 103
84 118
178 203
195 226
29 117
1 153
242 248
76 219
61 198
0 58
51 195
38 44
143 148
137 228
21 180
81 84
3 150
56 264
146 242
186 214
96 203
117 262
55 82
36 37
87 210
101 240
176 212
239 246
186 195
90 237
99 169
79 147
137 244
42 67
10 21
132 265
63 131
79 144
96 148
110 132
3 229
167 266
14 75
198 220
101 201
58 172
173 236
111 175
35 77
197 206
217 252
85 100
123 231
168 219
57 144
124 245
12 72
100 103
4 63
43 45
60 185
34 128
165 174
26 185
105 224
192 229
24 198
110 262
1 93
14 99
154 157
67 119
105 231
16 173
52 225
157 182
73 196
167 256
92 228
4 168
140 255
48 73
25 248
153 226
135 184
54 183
161 189
80 84
17 190
107 268
196 203
66 83
22 92
40 214
13 214
67 253
214 268
19 129
3 173
46 202
200 224
191 228
63 236
13 137
40 110
120 261
195 219
60 128
136 248
78 137
73 91
119 170
137 253
76 130
186 240
41 165
5 185
96 164
105 242
126 216
78 247
3 140
121 143
122 138
176 220
88 213
182 248
7 236
113 254
161 236
87 256
44 213
113 145
212 244
3 73
30 208
168 181
32 77
98 141
97 169
52 245
227 263
18 251
207 250
67 136
209 234
110 149
135 192
77 263
44 61
104 144
182 231
224 246
55 213
10 86
125 178
234 261
40 81
117 124
3 232
89 156
157 163
12 216
56 255
145 252
137 207
105 213
14 110
214 225
56 93
44 75
139 228
227 242
1 160
227 232
105 173
96 120
212 223
206 211
16 167
109 113
84 110
76 251
230 237
152 183
76 236
174 183
70 232
144 147
96 119
93 156
75 130
31 208
153 208
134 162
102 143
87 188
11 172
42 80
14 186
101 184
42 115
219 228
73 236
7 248
17 195
30 108
216 262
170 197
45 50
83 224
206 245
222 261
27 214
217 249
154 263
193 268
97 212
52 188
12 55
219 224
70 186
20 27
3 178
42 232
55 254
19 156
0 94
134 151
48 219
34 78
71 73
204 224
97 236
220 256
123 255
129 184
223 230
49 96
225 240
97 178
64 204
149 222
129 134
79 157
224 256
182 195
107 208
8 64
218 253
112 113
22 211
45 221
45 196
124 184
40 188
53 209
83 201
206 221
1 200
93 191
108 225
55 152
203 254
1 261
1 148
4 13
19 209
101 221
9 256
139 166
134 135
44 211
162 223
85 269
81 158
79 97
76 214
37 138
203 237
163 225
77 126
62 191
205 269
72 197
118 236
82 197
179 268
52 189
121 135
106 119
54 167
151 239
211 239
118 204
5 84
83 171
126 197
89 166
112 184
78 93
29 239
66 221
28 114
8 92
17 127
29 207
216 221
150 194
42 234
98 145
69 247
51 99
106 205
20 190
22 97
183 264
80 167
164 179
32 62
9 223
130 232
131 165
38 145
72 169
20 151
150 225
21 57
50 59
159 196
59 267
42 149
35 85
145 188
50 114
73 153
106 167
75 161
90 215
26 193
168 252
80 251
65 179
12 239
1 97
93 222
8 208
23 147
95 192
213 218
89 201
32 70
3 58
130 262
46 84
101 140
245 260
116 175
86 98
6 63
22 221
149 174
216 264
59 249
34 201
210 263
149 248
35 186
81 89
211 262
66 229
77 148
67 195
4 92
59 233
68 245
169 230
228 249
120 257
221 241
180 228
109 148
147 224
57 147
22 144
6 84
92 131
126 148
83 132
24 240
132 151
88 140
89 267
129 194
258 264
189 261
92 246
21 141
60 94
45 118
124 170
98 216
59 79
84 227
201 259
95 139
51 118
14 176
72 248
201 228
11 254
30 114
111 161
7 247
158 238
166 229
34 252
94 191
15 164
2 246
69 218
50 217
23 211
167 252
165 221
151 194
69 171
138 144
70 73
6 123
5 145
10 59
215 227
108 254
86 146
72 184
21 259
49 74
14 164
83 175
161 223
40 218
2 248
55 267
205 206
60 199
42 89
18 139
76 186
107 188
224 240
45 183
111 256
48 136
37 253
21 234
38 88
83 176
56 130
44 247
111 191
24 162
73 239
45 263
82 154
2 185
188 197
16 62
172 246
10 60
6 195
67 246
41 161
3 68
27 211
106 151
50 219
20 106
181 209
16 26
175 212
4 89
162 219
35 142
65 96
25 79
55 97
78 203
113 178
1 7
69 165
127 208
50 264
66 135
92 142
33 102
224 236
16 125
41 177
91 173
76 91
103 104
184 204
141 212
200 217
103 155
18 142
163 180
121 176
38 81
24 156
21 235
149 203
56 125
102 138
62 269
138 193
200 264
55 81
183 208
178 189
10 237
103 269
33 125
83 245
86 130
18 238
124 195
33 146
160 242
57 63
33 153
114 173
9 192
50 216
149 192
231 241
147 174
85 233
46 83
74 155
78 214
108 206
191 239
40 236
55 117
76 90
26 191
128 174
41 44
226 236
112 152
123 161
34 193
13 126
186 205
110 135
61 117
38 233
70 224
44 161
193 265
225 234
127 245
68 168
162 211
74 164
30 191
145 175
16 239
247 264
47 112
110 177
70 191
89 233
91 206
113 200
87 140
126 211
124 199
158 218
92 127
42 191
17 92
156 169
151 231
49 187
36 87
39 255
180 218
7 47
164 216
2 49
156 172
85 146
116 205
185 251
115 162
191 227
43 166
162 225
164 213
80 258
22 151
74 169
8 127
12 50
136 189
41 192
13 115
1 98
32 268
98 134
97 111
113 194
167 184
80 226
23 217
143 218
11 231
120 260
103 173
64 200
43 164
28 64
22 115
21 152
47 178
209 268
103 241
24 197
41 107
24 125
81 203
57 209
15 35
192 213
256 263
164 255
178 214
137 234
17 106
47 140
20 181
33 246
21 185
235 256
125 144
42 91
209 210
25 218
11 223
15 82
21 106
5 81
2 33
10 62
139 165
10 37
29 138
182 206
40 90
27 106
98 119
202 243
92 263
45 211
122 200
150 207
223 241
52 125
45 101
100 195
3 127
20 78
113 191
31 128
26 208
18 72
34 63
138 230
54 143
8 9
3 217
193 256
47 59
202 221
27 120
71 100
114 176
124 251
50 135
26 48
22 134
81 130
186 254
86 220
121 214
240 265
127 129
156 180
130 220
167 199
91 122
82 114
85 177
84 117
13 27
28 149
165 167
159 260
38 124
10 127
48 50
42 125
225 241
122 171
12 51
76 230
166 253
80 111
74 105
19 138
44 132
16 42
190 224
173 219
12 25
82 221
74 192
140 167
27 183
2 116
33 161
31 113
50 167
4 197
18 124
174 181
2 221
155 200
57 70
159 169
164 212
48 262
16 148
151 188
90 191
77 114
30 78
81 101
142 196
154 250
79 254
77 124
83 228
23 116
88 112
183 235
152 184
30 48
181 256
33 135
39 76
158 173
109 182
127 246
106 259
136 137
133 225
90 155
48 177
40 83
102 166
158 201
92 208
71 93
75 77
136 157
154 238
31 46
61 207
0 256
123 171
62 202
4 58
14 15
150 157
166 238
51 240
188 226
7 196
57 192
38 64
75 254
94 187
110 142
9 40
70 217
5 190
151 195
252 262
25 252
102 237
137 158
94 105
143 221
19 160
38 229
47 76
46 200
73 89
68 126
55 59
176 195
182 243
130 218
222 269
70 220
31 153
44 130
164 261
43 78
99 168
82 161
51 97
22 80
40 97
79 96
50 82
61 194
157 246
74 209
174 236
229 260
4 35
120 208
21 249
126 225
56 243
17 77
124 143
144 250
0 202
21 115
213 267
82 138
144 267
92 217
173 222
140 185
43 93
52 58
187 251
104 206
116 192
217 233
6 240
29 118
103 231
217 226
225 232
70 178
113 204
21 52
9 229
78 90
110 228
80 220
133 213
80 114
68 156
97 193
10 41
28 38
152 168
47 239
6 112
28 227
191 193
107 190
112 187
76 146
26 245
122 253
40 65
15 27
5 178
56 234
143 239
76 210
46 189
46 159
102 204
88 247
33 207
88 201
176 196
9 119
136 149
123 178
50 63
192 197
202 224
160 182
104 146
170 176
205 239
115 253
180 209
43 227
151 228
126 203
124 166
57 236
128 133
51 174
107 153
35 239
124 209
101 194
167 263
7 40
37 96
95 149
103 249
226 239
97 233
66 120
10 49
12 165
35 131
57 103
61 262
83 130
41 115
6 241
31 75
199 207
62 137
183 252
105 111
50 100
71 240
9 81
203 262
201 214
19 181
27 189
164 170
29 178
186 242
59 211
53 77
47 163
49 94
20 49
82 147
47 157
58 253
244 249
113 154
10 129
105 203
155 230
113 162
4 164
2 118
196 221
72 202
49 203
51 130
33 91
81 154
41 213
98 154
137 201
69 103
75 132
138 205
58 63
47 251
93 102
121 186
28 220
187 202
50 118
56 102
53 120
13 229
103 257
197 226
44 187
71 196
162 259
178 245
20 152
69 200
76 252
59 251
4 102
62 90
27 92
119 249
99 230
4 202
119 254
66 149
191 203
158 203
87 168
128 149
22 99
62 152
92 260
59 146
31 125
170 225
31 160
19 86
142 161
87 266
112 174
30 151
50 52
53 224
13 225
123 162
117 174
190 229
82 230
76 255
62 218
109 117
17 146
68 130
20 187
22 205
91 175
150 203
79 130
121 213
107 197
13 94
83 138
88 113
163 228
6 221
6 164
244 256
86 249
47 241
122 135
191 269
121 172
91 183
30 106
64 119
38 109
68 259
160 241
36 41
75 268
48 208
167 191
159 226
229 240
253 269
65 219
119 121
99 233
84 257
12 262
37 167
56 105
45 123
107 200
172 256
51 154
193 201
24 172
109 160
92 183
119 226
76 150
102 268
68 201
136 210
120 267
99 128
175 197
154 226
133 146
28 221
43 107
56 183
108 247
188 200
166 245
12 130
121 177
145 212
70 145
34 160
107 203
68 225
68 117
189 219
18 215
171 174
137 222
25 51
24 99
42 161
241 247
188 268
169 241
52 102
193 199
64 152
39 264
171 187
87 119
184 251
148 262
141 222
146 183
101 220
91 232
102 221
5 148
13 134
12 175
141 266
78 198
70 170
135 204
90 121
150 198
5 263
111 194
68 215
7 187
107 177
9 146
175 207
103 193
172 182
229 265
96 132
79 218
217 266
132 233
122 261
158 260
5 201
67 166
54 88
158 183
175 252
53 69
136 161
88 182
145 165
56 218
155 262
188 198
38 190
12 79
78 136
109 230
102 202
59 221
22 206
38 188
42 98
164 262
80 214
150 180
76 199
84 149
82 96
51 165
173 255
1 33
64 137
27 70
156 191
112 158
48 118
4 39
21 188
219 253
207 220
119 210
115 148
52 222
128 135
5 210
167 174
153 213
168 188
176 259
117 235
170 232
20 199
23 137
121 200
161 269
45 62
2 237
3 18
106 187
218 268
68 214
150 168
124 269
8 29
3 142
35 182
186 263
229 247
67 172
148 210
169 188
14 105
108 114
13 106
8 147
229 266
127 268
94 259
95 201
4 150
45 269
167 188
39 82
38 186
3 251
73 149
136 170
99 139
65 101
125 126
37 97
61 63
68 107
141 177
205 207
105 182
58 107
10 149
95 173
26 149
193 240
23 226
189 234
115 209
136 219
80 250
50 106
84 213
37 152
145 187
242 258
17 20
21 255
21 31
38 179
146 149
46 147
107 166
30 105
142 243
103 261
27 109
48 145
34 159
2 43
253 266
34 212
80 206
151 155
59 149
1 133
22 240
31 48
83 141
120 140
36 246
0 65
19 133
70 137
53 263
126 223
33 67
225 235
103 214
40 181
6 98
149 216
111 211
47 202
160 214
26 173
212 222
88 262
99 250
7 15
104 234
27 113
117 135
31 70
34 239
59 207
234 241
10 111
117 132
107 117
27 105
36 95
13 227
81 269
149 249
145 195
168 239
169 198
121 162
87 189
180 202
128 269
167 244
79 251
78 265
57 92
2 204
30 243
20 161
154 232
7 154
171 203
166 167
196 266
192 228
132 251
108 134
99 101
26 50
22 133
112 142
39 104
163 208
21 154
94 207
68 223
1 249
74 139
26 231
180 259
42 261
102 182
103 160
57 148
82 215
169 172
79 136
88 268
14 52
78 163
47 137
45 212
182 245
142 171
202 269
159 241
203 216
83 116
193 269
40 120
88 211
235 241
69 148
75 229
20 36
196 235
2 111
189 266
58 127
58 144
103 243
86 235
194 242
46 231
162 169
85 111
103 120
78 257
179 193
84 143
1 243
15 222
46 144
44 157
62 214
111 249
113 246
202 267
26 108
55 90
131 252
152 198
100 214
48 75
116 125
185 198
19 147
3 21
75 218
174 187
204 213
113 169
169 259
217 239
97 244
1 44
103 201
86 198
50 66
119 123
24 135
23 46
58 266
0 150
59 96
45 140
161 199
209 263
39 209
52 63
36 153
62 252
82 174
86 202
99 199
104 268
71 191
124 149
43 181
107 118
36 108
206 262
3 49
41 71
162 215
58 245
109 174
54 239
220 268
106 210
92 138
1 118
99 269
69 259
73 207
131 267
73 125
161 181
79 256
87 198
145 255
73 198
130 200
58 198
78 135
48 257
32 264
42 130
24 176
175 244
245 246
82 146
91 111
7 60
10 29
45 149
51 236
51 219
41 63
18 155
24 154
5 196
75 203
120 153
174 180
72 127
57 86
119 182
85 109
66 205
33 63
111 251
60 139
66 142
14 187
16 193
147 156
43 47
180 242
239 259
187 218
128 156
138 184
145 234
51 73
43 208
13 41
102 264
36 206
56 76
129 225
81 209
21 81
8 108
127 142
13 88
186 225
187 216
73 165
56 101
81 135
42 230
209 227
6 30
69 73
46 227
56 75
155 193
132 176
58 212
77 207
25 189
146 219
222 247
133 163
81 241
144 268
130 156
50 55
148 163
65 161
25 123
35 143
19 252
202 230
87 92
148 237
144 269
129 237
226 254
260 261
43 98
86 154
37 72
58 171
111 182
53 151
64 133
12 187
135 258
196 227
86 105
138 228
15 113
25 262
108 221
1 48
39 69
201 245
32 56
173 238
115 142
93 224
67 113
112 205
38 218
156 230
157 161
216 266
34 79
153 172
143 267
162 182
215 263
123 136
83 160
202 212
135 256
116 182
170 261
84 87
65 180
40 256
47 73
196 237
25 74
134 137
49 149
80 145
10 192
122 128
140 249
199 216
4 177
19 232
177 199
162 240
122 131
57 249
171 234
132 212
6 137
48 81
29 158
199 209
75 196
39 51
32 60
77 108
87 253
129 220
119 223
51 57
95 247
15 179
100 239
75 233
134 182
59 120
23 75
106 207
55 114
44 151
41 267
46 237
40 263
7 101
40 178
84 226
123 156
91 96
80 137
0 216
48 166
52 202
101 209
97 228
93 226
0 97
105 151
100 116
97 219
203 219
161 264
81 103
100 201
33 218
144 173
75 204
153 168
177 206
35 168
130 209
100 213
82 115
71 137
117 156
85 155
148 229
95 250
72 83
169 268
102 159
20 54
225 257
47 219
166 208
75 176
114 130
121 128
172 187
208 212
92 256
79 192
77 200
138 199
100 156
68 77
67 185
192 237
77 242
11 38
239 242
102 258
75 182
208 211
86 138
250 253
111 181
7 178
148 157
15 174
104 125
76 185
119 191
29 253
155 243
49 186
14 238
29 55
235 246
14 111
139 232
124 134
26 226
18 29
16 97
135 167
141 249
52 229
217 228
57 207
59 167
37 75
11 208
184 232
139 167
55 85
243 259
77 127
13 218
34 255
62 87
3 201
58 160
37 43
40 245
27 205
30 232
197 205
31 134
171 254
94 197
76 267
144 206
197 214
208 210
57 163
131 253
44 200
41 112
20 252
151 251
111 228
217 240
153 229
162 230
40 93
80 199
27 77
79 178
103 228
90 93
220 264
104 230
135 213
33 244
145 168
253 268
239 265
22 154
182 234
115 204
217 238
31 93
2 80
201 220
23 113
13 189
125 227
44 168
207 251
50 95
81 236
41 265
226 244
125 132
30 163
100 177
6 172
7 195
27 248
62 79
99 121
0 121
53 234
37 100
165 166
24 71
81 127
44 80
26 126
175 201
125 182
218 247
204 222
52 266
52 123
62 100
97 229
35 136
22 116
129 238
20 249
13 228
71 190
213 224
17 261
75 187
35 241
254 268
78 242
186 208
207 254
66 133
143 203
154 169
114 219
202 248
107 173
233 235
4 255
162 220
60 201
126 127
57 157
8 176
61 192
62 164
10 74
80 143
6 59
40 129
53 75
77 81
140 198
28 210
45 199
17 103
59 169
43 55
24 196
22 152
36 249
215 240
58 77
164 235
48 205
2 199
171 188
80 162
112 149
14 191
59 67
86 156
134 243
37 89
48 126
113 129
87 183
6 69
4 5
113 160
86 246
228 234
110 219
1 230
5 119
61 189
52 60
100 202
10 97
8 95
33 234
42 182
51 112
244 260
192 244
63 108
58 254
45 184
119 126
92 171
19 97
59 129
67 260
213 222
20 184
74 253
65 251
23 80
146 215
165 230
208 217
119 199
16 49
26 51
201 241
216 259
161 239
22 247
108 243
66 243
6 208
123 228
81 168
64 179
36 232
121 125
96 169
54 135
12 139
121 239
123 144
157 175
11 125
201 226
23 155
58 178
144 230
87 216
170 240
76 242
92 153
1 168
170 227
111 234
185 263
95 133
199 218
113 269
146 175
15 71
58 146
10 101
16 65
13 177
47 237
20 148
225 255
47 95
32 170
187 254
45 84
3 241
108 217
24 115
203 230
16 180
102 177
129 196
21 67
147 211
156 204
85 242
154 197
213 265
54 115
93 263
192 253
27 234
69 244
173 220
108 209
48 165
65 255
0 115
71 230
174 209
124 172
221 253
121 209
7 251
23 223
121 253
119 153
58 108
198 202
115 214
109 172
110 121
215 216
112 146
205 243
6 60
107 214
60 131
14 36
86 224
11 122
72 173
62 165
104 173
45 135
92 268
34 202
61 240
143 152
238 267
159 256
47 263
115 258
157 238
63 198
110 138
13 63
173 199
145 235
139 147
125 267
173 206
44 162
75 116
84 241
68 98
45 47
10 110
31 50
69 183
43 167
10 206
108 255
196 245
53 262
107 227
181 210
233 250
137 249
20 147
56 194
51 235
56 237
161 205
213 248
13 66
45 124
118 126
44 225
183 187
92 144
56 178
7 84
233 238
103 132
178 208
4 139
81 133
137 250
79 125
173 266
174 215
192 258
17 229
49 247
87 98
150 260
68 82
17 232
50 171
12 207
64 157
115 152
125 189
202 261
31 91
36 57
77 171
185 246
29 78
148 194
131 254
34 119
13 121
177 262
157 208
95 121
191 196
140 180
0 255
205 216
157 193
143 170
0 3
63 181
206 263
63 222
35 225
214 265
76 225
155 197
166 178
170 175
93 234
133 171
99 182
60 150
74 132
49 122
111 261
87 237
4 90
52 110
24 248
2 134
58 84
163 184
93 174
77 261
31 192
104 113
8 192
62 128
128 145
44 196
21 178
38 54
9 112
66 163
56 220
31 203
106 237
139 245
2 61
141 221
252 261
101 151
52 204
75 217
143 236
163 212
247 265
22 128
46 223
53 191
6 134
62 162
33 149
33 186
39 239
133 229
130 169
30 86
78 196
66 185
54 63
150 202
52 64
34 121
56 116
177 198
66 173
132 171
199 213
79 148
82 112
56 198
13 23
204 232
76 244
107 116
48 51
44 264
135 194
75 134
40 138
140 181
106 121
164 223
22 176
243 261
94 206
149 168
32 255
8 237
146 194
125 198
90 128
55 200
117 134
30 266
119 252
150 262
16 179
114 221
184 207
77 239
109 238
127 154
1 187
138 237
175 189
6 211
83 155
87 89
187 268
68 210
205 235
35 221
92 262
84 266
77 145
5 26
118 170
68 85
151 258
111 157
34 155
39 249
108 236
201 268
48 198
75 199
86 259
37 54
54 226
90 97
112 148
156 160
160 235
178 243
15 198
40 212
78 151
127 220
23 72
85 208
162 231
33 121
27 265
40 237
153 177
163 185
72 129
147 228
81 141
168 243
106 244
219 221
103 191
38 39
89 261
167 211
62 75
49 63
182 214
33 45
159 239
137 205
2 125
19 228
14 192
84 129
125 188
253 265
67 139
48 124
99 107
93 227
257 262
40 229
77 259
20 52
54 193
125 204
68 176
75 256
9 220
88 219
43 226
258 263
34 235
45 151
13 174
85 247
44 175
19 89
198 240
12 58
181 246
222 263
36 185
160 180
9 100
84 153
21 39
204 208
51 72
76 249
21 241
46 243
143 179
172 247
190 236
171 240
126 219
165 240
165 244
53 254
95 136
11 66
56 117
63 239
53 142
107 137
228 235
37 183
83 97
62 175
39 105
75 107
199 265
112 213
30 244
226 263
137 192
80 147
33 256
142 257
99 163
154 221
31 49
72 226
92 195
123 218
58 161
90 199
41 260
100 109
182 191
45 203
17 238
63 232
31 144
81 164
204 241
197 203
239 249
119 165
73 224
28 36
62 136
110 255
83 164
79 138
31 161
43 136
101 112
32 260
119 185
126 150
162 258
200 266
110 153
29 57
96 155
59 179
70 202
157 247
170 182
202 256
39 86
24 86
93 120
33 221
3 33
45 238
57 166
37 174
101 186
43 81
49 202
47 191
100 145
79 240
246 264
136 261
175 243
115 146
127 132
154 195
165 247
124 158
88 169
17 162
93 141
120 217
18 104
75 143
29 150
201 257
167 210
49 118
117 140
53 97
18 206
209 212
28 89
27 57
160 191
93 144
82 226
175 209
44 240
0 182
29 182
148 256
4 74
66 225
170 213
222 254
16 114
98 174
17 23
161 229
205 222
35 190
63 133
65 120
59 165
65 138
179 204
46 70
71 119
19 188
69 119
43 238
184 217
118 260
15 254
85 120
45 205
5 73
36 173
159 181
155 215
9 254
47 77
27 165
92 110
7 153
35 195
13 195
132 200
177 203
82 148
29 68
54 85
94 120
133 265
183 240
39 142
172 260
78 210
95 181
44 193
130 205
188 221
250 267
136 209
0 237
30 121
42 151
77 195
71 220
234 266
241 244
140 161
26 190
25 161
46 72
116 153
88 126
36 267
117 237
21 34
106 232
200 265
115 165
209 254
8 22
178 246
199 247
125 249
111 252
107 140
49 150
30 172
25 91
52 243
18 117
184 248
174 178
158 254
198 242
0 211
63 117
157 169
49 248
172 193
41 123
71 231
14 17
3 211
1 269
0 218
110 261
48 228
65 76
108 266
26 110
66 86
121 240
160 254
178 248
30 122
55 102
9 198
4 80
100 155
136 234
183 242
16 259
114 171
133 193
114 162
68 209
189 251
168 189
107 167
200 241
107 218
49 158
116 170
62 268
42 183
109 158
22 108
96 188
125 142
41 45
219 222
4 67
51 245
20 127
33 267
130 198
21 142
130 221
168 249
13 47
54 104
125 197
14 114
62 267
50 191
230 256
172 244
134 252
211 228
168 234
5 268
27 94
50 133
7 53
67 236
175 186
74 167
17 66
95 153
57 258
4 40
212 233
209 236
160 233
144 251
21 111
184 186
24 139
98 255
142 209
65 258
4 216
155 195
100 192
29 200
66 169
79 177
100 127
87 145
94 217
116 163
109 116
63 203
169 206
60 79
50 261
202 204
60 113
72 194
116 211
114 148
168 169
15 228
82 208
113 114
140 178
2 255
18 236
92 188
4 115
114 151
121 137
38 146
65 217
13 246
6 248
12 86
26 250
63 177
180 221
223 255
10 121
31 242
95 180
49 141
82 116
96 264
196 201
78 132
3 22
96 256
213 258
36 215
84 112
64 213
22 159
212 239
47 70
82 238
17 182
214 217
167 228
136 182
4 14
80 265
71 202
40 230
85 152
92 159
76 215
139 194
0 7
11 148
136 221
5 37
86 131
75 190
165 267
118 227
93 214
195 236
1 37
5 53
26 236
16 151
16 107
46 174
169 269
49 172
215 259
58 204
73 180
42 220
97 135
77 130
64 184
55 264
17 49
139 210
64 192
13 257
90 189
31 197
14 173
72 89
32 136
1 240
119 222
82 244
9 65
79 137
24 72
65 67
38 248
117 128
103 180
32 120
153 193
138 154
15 90
203 210
74 263
119 221
11 52
35 253
176 202
191 211
21 229
128 137
92 233
39 48
9 179
72 107
160 163
24 206
42 235
100 124
136 239
214 257
8 105
21 227
198 229
59 185
139 238
106 226
107 130
169 254
3 55
69 269
2 7
23 89
19 149
50 234
58 73
39 227
148 220
119 159
56 84
80 205
14 120
74 145
0 215
22 141
52 239
55 216
26 256
26 263
140 265
164 234
15 139
70 206
19 229
47 91
48 80
60 115
69 251
29 137
183 262
19 196
60 160
147 216
211 218
142 192
13 84
71 200
146 201
6 145
185 268
10 268
104 201
160 187
179 206
5 261
61 68
130 152
8 53
61 77
116 240
146 244
100 152
75 150
101 178
126 198
2 156
8 220
33 232
173 189
136 228
65 108
27 150
96 135
86 166
1 36
128 211
3 108
108 192
63 200
125 195
13 161
172 234
63 267
50 131
181 260
29 218
13 223
74 267
49 241
19 54
18 51
41 184
55 107
97 163
91 203
17 200
211 259
85 219
16 207
83 135
41 208
132 254
15 223
1 167
46 264
222 253
36 74
85 252
26 104
17 191
115 178
232 238
162 171
31 193
35 220
105 257
5 14
5 70
2 186
4 71
197 209
1 207
114 117
0 50
16 249
4 241
62 67
98 241
87 246
142 232
129 211
57 225
55 191
167 264
137 223
140 238
234 252
121 174
18 190
80 110
27 137
27 80
1 130
79 268
68 138
131 148
65 163
63 187
87 184
118 207
90 125
95 176
239 244
49 85
93 232
68 105
193 219
32 265
60 241
7 18
149 211
201 265
60 175
52 194
13 175
142 163
8 167
83 230
27 111
191 194
36 168
24 30
125 262
63 218
54 87
118 244
25 210
79 91
45 136
166 256
14 206
16 29
171 209
41 110
152 241
0 30
223 233
0 191
59 101
73 114
145 260
62 142
82 156
17 265
11 247
18 40
82 172
188 196
139 162
76 194
58 97
100 107
44 249
63 156
108 146
67 241
36 151
98 258
220 231
81 183
76 181
32 80
25 152
99 155
100 135
130 253
106 245
134 206
66 85
113 115
102 105
96 109
57 259
44 262
23 213
205 237
25 180
109 181
231 239
207 261
95 103
22 186
216 260
151 168
84 171
82 259
73 158
0 29
113 267
43 255
114 261
107 168
105 119
6 42
42 205
34 266
20 168
194 260
76 198
63 229
140 177
201 212
11 170
29 170
32 211
183 223
77 181
3 269
65 269
19 171
25 217
84 207
15 33
15 256
133 166
12 268
34 241
28 104
19 50
185 187
88 152
31 247
79 156
139 254
31 120
219 225
96 261
195 266
88 242
96 253
163 193
75 121
47 254
94 141
3 119
98 121
14 204
72 191
81 251
83 144
36 174
197 256
135 269
55 208
64 201
67 255
14 251
95 238
197 231
117 211
134 188
17 155
53 66
44 268
133 221
57 143
15 266
137 154
263 265
95 232
124 243
106 189
12 212
136 139
1 166
47 113
81 231
197 217
169 236
29 99
48 152
12 43
181 236
139 178
40 94
46 102
125 205
51 75
56 180
118 193
60 211
14 156
136 204
100 165
35 97
113 134
195 244
168 235
150 158
10 260
113 225
90 156
132 227
119 157
152 250
197 237
78 138
69 263
133 152
176 177
48 244
21 196
15 244
186 249
57 240
72 258
15 110
4 123
222 266
96 229
75 185
69 97
13 219
165 217
23 43
111 221
103 187
129 171
182 260
241 250
6 35
22 233
44 227
90 249
100 257
178 267
64 90
86 237
4 43
112 173
105 167
28 233
123 244
169 233
121 127
1 60
206 239
93 203
65 79
5 216
131 180
94 173
77 213
35 93
146 265
53 87
52 162
50 246
34 244
71 78
162 190
189 202
41 129
81 195
174 250
26 129
48 151
171 186
182 215
89 148
154 158
75 184
7 147
114 205
241 260
1 92
107 261
66 91
12 254
16 128
107 252
193 257
84 169
31 126
156 232
30 160
124 171
67 152
196 265
141 262
30 99
63 96
174 191
55 93
223 225
90 187
25 59
4 126
52 269
65 240
27 48
173 244
13 57
146 261
93 208
91 184
27 204
29 115
22 84
0 162
39 166
14 68
65 72
64 211
37 207
146 163
154 159
123 225
71 87
242 265
216 268
25 177
27 69
13 252
235 267
47 180
153 181
14 57
74 140
80 119
52 248
22 111
189 226
132 239
5 55
17 36
74 180
167 246
115 180
13 25
105 264
163 265
42 212
61 196
27 156
54 100
203 212
2 226
82 122
11 157
36 119
108 193
47 164
233 265
100 147
107 235
19 195
186 187
37 135
21 236
185 194
22 230
44 214
117 145
10 78
172 204
145 267
131 173
142 157
122 259
80 204
74 201
77 199
127 190
73 244
113 199
41 91
133 182
37 249
2 39
103 197
178 198
220 258
10 108
33 247
85 94
29 181
133 161
97 138
101 161
143 210
130 140
121 246
18 118
136 229
96 190
10 107
156 170
21 113
105 233
66 158
143 206
144 247
40 197
21 66
74 240
75 79
71 101
196 219
39 241
56 137
76 111
123 205
12 67
62 261
50 154
104 181
70 235
53 172
24 199
74 207
43 240
135 241
161 220
87 165
144 184
194 268
14 106
142 212
87 260
98 212
84 100
76 263
112 220
26 266
53 239
194 211
101 208
58 98
7 167
53 183
39 45
61 74
120 232
200 223
51 82
183 248
147 267
25 86
62 206
18 220
53 70
129 173
122 153
161 180
123 142
112 211
109 226
72 199
65 159
135 228
22 41
39 83
40 160
11 266
8 163
172 215
213 260
157 160
55 258
23 93
122 189
157 261
169 197
25 261
100 115
15 98
46 85
62 161
18 91
48 243
158 209
173 267
179 191
107 254
68 179
138 204
9 49
130 229
27 180
177 269
114 140
9 216
16 39
92 261
66 78
3 132
3 54
183 266
100 112
69 130
123 216
109 185
19 38
23 208
26 255
47 187
25 221
107 248
46 154
116 122
133 239
143 234
155 160
105 123
27 103
24 164
13 79
71 107
36 127
102 238
82 250
55 92
157 213
74 135
65 136
30 46
135 173
210 221
34 43
156 213
34 233
22 210
204 247
111 231
169 208
99 211
6 128
13 264
140 219
81 263
78 85
103 123
129 217
37 62
132 166
18 145
93 168
7 75
85 132
12 190
63 197
59 254
120 156
77 241
42 166
36 50
32 116
210 230
129 252
64 136
61 149
27 202
82 180
3 52
122 204
135 233
21 191
23 232
104 191
218 243
110 162
45 230
144 154
91 140
106 141
87 127
225 228
156 182
28 127
64 193
141 218
59 200
123 198
109 219
24 151
111 174
117 251
197 238
128 192
178 257
175 257
67 178
83 231
57 184
58 124
65 266
56 158
45 252
129 262
69 188
130 159
136 176
37 164
160 257
188 225
146 169
46 124
57 195
130 257
118 141
129 208
77 252
162 208
3 177
139 215
82 216
126 140
218 240
20 269
155 184
20 135
107 141
34 42
41 138
206 236
236 255
106 251
71 205
3 164
135 205
148 178
127 216
79 133
32 134
13 210
119 152
22 36
202 207
33 120
12 93
161 221
142 177
156 231
95 225
53 194
104 205
250 257
20 164
58 69
111 124
149 160
53 167
92 147
83 92
4 247
149 244
136 146
61 238
155 253
127 187
166 171
22 258
110 163
106 188
53 106
77 209
247 256
21 151
44 148
64 95
58 234
64 238
3 179
14 197
71 153
195 230
161 179
72 101
236 241
93 125
95 114
29 209
67 127
47 233
32 44
140 241
51 63
105 160
3 197
57 220
30 45
148 250
68 154
131 177
87 234
186 199
88 155
55 137
230 268
149 161
137 181
135 265
31 34
51 108
206 235
21 75
100 227
224 234
132 152
216 233
97 170
52 191
115 172
14 55
168 202
169 205
52 212
132 139
166 265
112 132
81 160
168 208
32 169
185 228
120 178
46 117
148 258
204 214
94 134
56 119
171 191
32 65
0 130
31 254
232 249
201 205
19 108
112 137
102 165
116 223
15 252
69 222
57 111
142 167
74 107
66 102
47 133
21 72
89 135
16 131
86 100
116 168
18 266
55 187
116 141
21 50
219 237
34 106
7 234
29 251
66 138
13 217
140 239
200 247
99 256
256 257
150 195
48 119
17 132
107 221
5 137
25 238
37 169
47 142
102 188
13 239
57 262
0 22
248 265
151 157
6 64
0 87
55 235
175 188
3 254
8 132
213 257
127 231
62 227
87 235
8 162
155 263
69 191
136 194
111 208
24 266
114 232
122 145
6 247
64 78
158 185
60 171
64 97
54 71
61 209
120 163
73 146
30 178
108 228
82 162
3 86
46 115
165 209
35 74
192 216
232 234
146 252
21 26
120 230
36 207
204 227
217 230
24 218
106 183
210 251
169 176
81 177
63 264
104 239
143 197
76 101
57 190
82 165
39 75
46 185
94 220
147 220
55 188
34 126
7 34
178 213
130 223
84 189
64 244
48 125
57 169
57 107
93 193
29 155
53 105
130 238
65 172
8 173
173 227
29 212
237 269
12 248
57 68
29 126
115 212
4 195
70 108
22 54
39 155
180 214
2 54
135 179
137 189
129 152
15 44
64 215
152 163
66 187
95 108
131 194
90 107
91 139
62 89
63 107
191 201
63 102
149 150
192 249
43 116
199 206
148 214
78 83
0 21
90 196
62 181
113 180
118 219
132 191
103 128
56 225
166 228
23 112
157 250
57 128
154 234
122 161
26 117
126 233
30 187
82 206
122 150
172 185
95 142
183 231
13 78
122 143
259 266
129 165
26 57
68 93
108 216
57 165
146 240
102 152
124 181
150 163
66 182
82 158
138 267
17 154
47 154
17 94
141 151
117 127
32 53
134 230
60 130
176 217
30 237
139 140
69 83
58 71
101 254
2 35
164 258
130 194
58 213
27 76
20 226
147 241
198 266
8 150
61 191
4 170
80 174
95 110
187 267
182 216
87 257
43 62
132 159
53 143
43 199
161 242
186 216
52 143
201 232
35 260
91 248
3 212
7 62
104 266
7 262
66 154
196 252
100 258
141 180
125 263
81 136
78 81
1 149
19 141
107 199
36 93
82 186
32 113
55 166
179 198
66 145
142 165
17 62
63 98
1 3
199 257
103 139
141 250
25 29
64 102
10 264
122 248
86 126
160 183
57 75
21 46
149 253
51 66
96 168
95 109
66 167
88 119
72 190
16 117
80 126
6 55
45 262
101 229
165 211
94 148
62 259
76 99
59 243
89 117
151 169
3 159
72 174
80 102
85 211
118 121
7 164
152 223
67 81
73 151
122 252
175 226
128 250
53 196
43 243
29 120
72 253
29 95
104 143
26 150
148 269
10 172
4 248
118 221
91 153
189 217
1 202
53 62
105 153
2 188
82 183
5 247
220 265
4 100
169 242
5 58
65 205
1 140
72 250
66 250
49 59
2 244
177 183
63 114
25 178
113 253
51 193
36 200
82 130
41 163
222 267
61 152
194 197
109 191
162 178
136 147
37 177
33 100
145 221
198 236
47 102
7 68
22 191
18 108
163 234
52 262
79 267
86 182
77 137
257 266
9 145
118 253
45 223
210 212
109 204
102 191
9 80
41 172
11 187
127 258
94 262
44 212
210 218
14 86
0 110
50 62
160 208
51 61
78 146
126 200
47 62
244 266
104 170
101 149
2 151
97 239
14 198
18 233
11 70
22 130
86 193
188 241
16 61
82 107
122 210
90 172
175 256
151 163
102 210
105 263
149 261
25 60
5 187
134 168
48 226
49 199
78 175
167 178
190 215
109 112
118 263
23 39
31 217
81 118
75 258
50 175
31 36
43 178
83 243
130 144
22 207
71 91
45 217
52 71
89 162
74 202
168 250
39 56
165 227
53 268
99 249
46 224
84 137
16 214
182 247
121 122
155 202
159 261
128 143
193 200
4 24
137 187
100 183
77 131
100 122
49 205
120 142
82 176
136 266
74 141
57 78
98 149
251 262
206 243
5 209
114 198
204 216
112 266
165 207
11 179
117 214
27 154
88 197
120 263
24 63
97 114
172 196
41 203
56 215
205 250
104 214
44 204
54 174
106 124
175 187
10 24
19 262
6 40
4 124
20 48
11 134
145 201
87 204
109 221
122 146
107 160
14 45
38 50
54 211
107 255
159 219
77 227
214 269
224 244
87 90
149 183
1 222
63 254
13 98
164 233
149 193
25 259
23 88
100 237
0 232
64 106
150 238
44 243
124 203
4 223
140 191
88 109
43 61
48 117
20 95
56 163
103 255
49 72
43 219
113 262
6 238
122 205
63 213
77 96
151 167
58 187
126 183
248 262
147 155
81 235
43 58
164 167
90 135
127 152
173 258
90 239
147 237
191 205
1 96
0 151
189 264
68 72
136 232
69 224
22 139
128 254
38 251
198 245
244 267
56 115
3 170
79 82
55 64
178 219
150 232
132 194
27 67
82 152
192 215
51 213
131 196
129 269
56 83
72 158
133 177
77 254
192 247
132 256
91 147
79 149
58 148
133 199
234 238
126 247
27 242
88 251
131 250
113 222
17 194
208 253
2 44
25 27
65 216
154 248
51 199
109 265
164 209
192 225
32 104
234 240
81 256
108 183
98 225
32 123
56 236
11 222
18 143
48 204
103 105
228 258
73 163
73 93
27 207
29 168
134 233
255 259
222 245
80 182
72 183
46 78
17 219
30 201
23 76
154 207
44 226
125 149
132 250
23 119
249 256
87 186
12 92
11 155
43 72
23 195
39 94
51 115
155 269
61 137
50 269
24 92
55 168
121 181
60 224
19 22
114 214
60 141
98 224
132 140
177 245
45 111
57 80
41 53
29 105
58 59
93 94
149 169
30 127
158 246
102 160
144 249
214 266
22 30
137 182
39 215
100 160
53 201
224 252
63 205
136 151
153 196
52 259
57 131
60 63
27 182
103 202
3 224
212 253
66 140
22 224
131 133
79 186
117 161
177 179
189 236
1 105
54 93
26 52
112 180
107 114
59 112
157 227
113 127
15 249
60 235
41 175
37 127
25 193
3 63
96 193
5 43
114 253
25 211
36 205
245 257
107 251
185 247
217 225
225 242
209 232
125 130
132 208
65 168
117 217
220 243
41 160
119 187
152 169
184 235
170 245
143 150
82 219
36 225
103 181
8 146
85 215
135 138
127 262
32 74
34 167
228 257
2 220
56 92
205 224
132 222
52 70
100 157
190 222
134 186
0 91
87 126
238 259
105 130
27 30
64 209
51 224
156 162
119 120
120 144
124 182
99 106
37 76
15 63
197 263
166 210
251 254
141 235
138 207
17 52
153 205
218 265
2 217
85 248
16 82
2 36
9 60
123 179
17 119
102 241
48 141
84 152
22 110
48 171
182 189
9 264
91 131
247 249
57 87
58 62
189 220
58 154
19 161
86 203
110 236
32 251
70 247
53 256
237 267
57 135
1 30
195 250
103 236
115 154
54 168
56 190
32 68
22 189
32 139
84 145
40 141
144 201
177 221
137 264
82 237
150 200
222 260
251 269
238 260
92 124
8 207
139 257
12 204
123 169
170 180
129 206
165 222
17 95
92 250
53 220
83 181
38 58
129 251
1 63
53 99
17 67
233 239
7 79
52 208
133 167
110 210
1 229
185 235
105 172
86 268
137 179
31 47
14 22
182 253
18 249
151 227
18 208
125 184
115 157
8 110
162 205
7 238
59 131
130 167
146 247
90 255
241 242
16 86
25 203
95 152
172 241
22 194
200 262
62 203
143 215
23 159
236 251
15 99
204 236
104 261
97 249
16 70
174 204
11 176
115 247
57 99
74 205
32 200
71 214
25 63
157 186
83 128
138 156
2 207
210 229
109 194
3 249
252 266
157 228
2 182
61 236
190 252
8 261
126 218
60 67
48 57
45 182
90 161
94 189
137 157
9 19
11 128
24 123
33 139
56 100
48 225
5 50
6 185
46 126
4 159
96 142
48 168
17 250
36 255
33 79
44 217
28 112
150 227
102 126
30 203
10 28
10 145
1 197
42 237
81 258
54 262
3 125
73 155
118 169
132 225
22 83
6 115
3 129
116 124
82 136
49 257
29 203
116 232
6 204
134 159
24 257
34 118
14 87
20 31
62 200
18 93
134 260
6 132
52 186
64 83
33 245
75 148
117 142
1 216
35 46
6 56
33 211
62 195
41 242
145 166
29 123
175 259
89 232
31 158
78 103
14 136
148 268
49 260
34 182
85 205
15 17
116 130
75 236
77 97
75 163
190 266
85 260
4 203
78 253
127 228
200 213
144 156
79 145
106 209
153 220
37 217
34 93
78 118
233 248
107 149
180 264
213 231
109 257
190 233
76 239
195 218
261 269
10 63
130 211
129 151
191 262
131 149
11 118
24 182
219 251
69 231
243 252
208 237
212 254
8 117
209 229
113 202
102 196
147 256
143 185
121 196
47 141
11 14
158 235
36 102
0 92
39 103
23 254
100 243
204 269
118 217
172 264
107 258
232 257
186 241
54 75
153 214
164 182
5 173
22 100
65 150
1 52
234 235
102 139
159 177
77 82
155 244
125 196
174 232
130 216
158 264
155 191
78 213
154 190
140 173
174 265
128 216
164 192
48 233
51 87
145 190
155 233
106 246
30 135
64 87
3 44
6 176
78 129
105 248
21 44
197 242
25 54
56 65
95 252
169 193
117 209
211 222
99 205
209 265
111 149
16 112
20 136
33 237
133 214
12 37
8 48
24 256
63 161
122 170
174 200
11 83
65 84
54 69
62 118
192 255
178 205
152 268
237 246
158 267
5 80
240 256
213 238
2 69
75 92
85 157
105 126
92 192
10 118
190 213
29 161
50 89
32 262
191 237
120 157
8 86
67 224
43 260
79 239
176 181
62 171
62 98
23 30
88 216
19 128
62 199
14 262
118 268
11 126
25 141
186 256
58 256
69 143
34 58
132 156
31 118
44 241
11 184
88 101
140 231
132 137
11 218
9 59
1 12
58 92
17 65
56 227
35 79
40 45
3 105
77 99
21 108
124 161
78 172
192 193
56 139
55 214
14 151
138 183
224 268
153 210
71 92
136 215
71 173
0 188
100 264
189 269
144 221
116 133
36 66
201 254
79 211
94 267
26 131
242 253
149 175
183 253
34 75
159 234
139 268
164 229
115 139
46 66
175 216
8 136
63 159
108 143
211 251
248 259
59 157
159 212
93 200
72 98
22 117
102 192
1 110
46 48
236 237
94 163
56 167
4 98
0 197
181 206
17 118
147 243
44 154
24 127
189 209
126 152
104 112
164 266
30 74
72 88
128 255
15 31
103 165
62 76
13 80
0 73
56 123
18 89
25 66
167 251
199 210
23 107
151 212
91 221
42 253
156 254
162 218
131 193
140 148
101 225
188 220
233 257
15 163
215 264
19 225
30 77
165 268
66 217
151 230
190 264
158 194
76 259
68 83
78 82
156 181
109 173
68 76
140 221
72 114
20 231
147 268
21 24
12 243
217 242
94 167
5 161
70 90
32 61
3 93
129 141
63 208
175 199
184 220
17 246
136 162
158 220
117 139
43 46
122 127
101 107
103 179
24 244
100 154
7 165
149 172
115 131
115 121
112 208
142 264
48 265
103 251
46 204
126 202
113 255
7 25
67 266
28 250
189 192
115 181
86 108
165 228
138 216
141 227
68 211
82 83
4 266
107 246
195 222
82 133
33 62
96 156
21 126
152 251
132 204
163 244
54 99
51 163
5 265
123 182
140 218
67 75
53 158
56 96
139 261
118 168
106 173
26 103
161 253
73 212
59 86
153 182
73 92
72 159
142 158
253 262
95 123
23 218
61 130
185 206
101 185
68 227
29 151
10 65
6 12
123 211
3 148
8 103
13 197
99 241
83 122
100 169
19 202
139 213
16 199
13 143
133 195
17 121
221 239
28 65
19 49
155 260
131 216
132 135
97 188
34 222
31 211
120 236
216 234
99 242
105 265
61 80
101 248
119 251
207 258
16 200
118 225
211 260
18 61
77 146
44 174
11 76
119 190
119 218
51 232
44 203
106 193
64 135
54 260
31 127
117 171
4 262
29 116
139 223
80 150
26 187
116 121
46 250
167 260
47 109
157 177
157 202
155 163
248 257
30 166
11 216
83 115
84 136
55 129
34 140
16 243
58 237
0 144
15 87
222 262
134 192
133 137
86 145
108 156
170 241
26 145
169 249
214 259
138 250
223 244
70 105
38 77
144 227
20 182
43 52
53 190
69 104
158 229
76 246
3 250
78 95
5 221
25 185
126 184
28 180
58 197
43 245
95 185
100 114
105 106
74 219
55 160
74 210
106 113
93 129
8 226
141 157
140 240
137 188
82 262
76 243
44 112
249 255
185 204
177 213
21 202
61 246
64 225
164 243
90 136
22 170
235 260
66 230
209 235
122 243
141 145
46 133
34 72
28 131
122 159
151 256
7 199
131 219
13 20
65 164
77 116
61 106
132 255
17 206
1 232
89 140
176 188
110 202
228 256
39 238
3 126
77 160
35 107
111 160
92 136
70 155
145 177
144 174
71 167
22 174
194 213
1 66
18 74
240 260
58 106
149 242
192 241
1 35
146 181
33 178
56 164
40 174
17 198
82 256
186 203
49 264
9 46
95 269
57 130
30 177
52 66
13 34
114 230
16 196
40 250
94 122
152 266
131 191
131 142
5 151
117 118
63 219
29 76
77 144
16 37
32 86
192 211
159 185
121 173
37 255
75 214
142 153
28 130
42 178
76 238
138 211
50 92
151 153
99 145
203 228
23 235
131 179
65 214
34 165
126 161
130 186
10 123
92 198
28 259
34 245
94 160
46 212
60 243
65 207
15 59
229 241
126 141
148 244
122 181
10 141
130 134
12 171
71 134
73 126
197 247
36 152
247 248
29 261
93 198
11 217
147 199
8 25
235 251
3 130
12 62
24 39
51 122
13 102
10 61
232 245
231 269
91 152
125 247
61 232
131 255
26 215
146 160
70 119
23 194
72 259
60 237
201 231
263 264
40 199
35 211
194 264
98 203
72 73
64 126
189 225
137 198
15 61
27 43
149 207
100 167
22 253
50 125
100 208
2 3
85 228
23 96
38 260
180 216
170 192
14 240
0 88
5 99
59 122
138 177
97 205
9 21
52 108
110 128
97 209
2 212
209 224
73 178
199 226
96 146
53 249
141 173
25 169
118 164
114 264
83 266
104 108
40 116
40 86
36 265
12 229
158 225
168 207
71 163
109 189
67 248
192 194
11 50
59 246
80 201
57 85
81 100
11 193
91 205
8 239
76 113
23 144
97 181
41 76
63 227
38 247
145 192
223 260
45 93
189 241
185 189
130 213
212 219
30 134
74 175
1 188
83 143
159 171
185 202
14 216
95 115
176 266
40 95
176 252
75 87
84 98
72 210
150 261
120 126
91 113
67 247
118 127
181 237
48 230
53 269
24 249
172 261
2 30
218 224
99 216
62 99
128 191
118 266
50 231
9 130
229 235
74 122
164 222
32 35
112 194
2 95
42 44
60 213
42 129
64 85
196 236
169 217
71 175
74 255
22 101
6 148
94 264
110 239
57 71
32 51
152 231
154 161
109 261
153 259
156 192
144 159
204 268
90 120
9 84
29 119
185 250
143 200
22 91
19 231
13 241
13 118
76 148
51 183
175 240
70 142
163 215
16 96
22 220
7 120
11 49
90 225
60 71
57 61
140 195
58 137
82 247
36 77
193 210
50 157
160 250
172 268
57 170
54 244
136 259
27 224
52 106
2 91
131 190
136 246
104 242
32 269
92 109
143 158
13 156
151 214
37 224
15 212
113 240
136 165
135 195
4 103
106 115
86 247
84 199
132 138
24 31
63 104
44 144
61 179
224 242
1 165
162 235
48 63
91 219
221 265
32 179
31 105
12 91
71 80
47 223
225 264
116 193
31 107
46 95
152 235
212 246
15 135
131 175
5 228
88 254
48 158
76 78
97 145
15 84
42 117
148 232
95 96
149 190
66 161
207 213
119 171
121 145
104 132
147 158
38 167
196 204
52 148
121 191
36 140
169 196
20 268
149 165
13 269
55 125
0 52
112 236
140 261
91 158
159 213
249 258
41 169
143 254
39 257
77 80
18 48
77 118
5 131
195 220
19 119
215 268
96 245
29 198
148 218
38 100
34 142
45 166
36 171
130 143
137 155
52 197
9 91
71 253
84 209
105 187
87 136
5 98
187 206
101 247
26 96
55 252
207 241
126 144
80 200
49 100
61 103
29 54
84 116
11 133
119 131
151 229
135 145
62 120
153 227
244 247
127 160
44 208
71 160
146 225
120 196
30 229
63 124
176 224
75 127
128 153
59 98
67 179
118 152
25 184
51 147
184 268
225 233
51 192
69 265
82 124
73 264
29 187
171 208
180 232
62 262
91 126
134 266
54 175
231 246
232 268
215 219
19 35
184 237
81 198
132 230
57 222
135 199
74 232
23 132
101 171
115 207
25 96
68 250
1 235
122 235
153 265
5 111
173 182
11 58
50 243
119 243
32 195
136 140
40 61
211 226
5 13
39 63
137 148
173 235
124 253
77 135
72 167
37 104
32 252
245 247
124 208
108 172
66 111
18 248
194 243
74 221
2 13
9 123
167 168
135 244
94 108
135 203
2 143
157 231
50 215
175 241
8 145
129 144
139 266
63 190
52 104
110 193
180 266
17 73
57 203
41 102
132 161
153 207
242 261
69 72
41 88
16 123
26 53
118 153
6 178
43 262
46 178
16 121
50 195
158 200
65 74
49 127
127 182
28 160
10 91
136 188
43 187
137 261
94 226
57 150
196 261
57 96
61 165
88 114
43 130
170 185
19 205
122 241
37 248
66 75
75 178
25 229
68 255
52 211
17 58
8 94
5 246
226 243
201 258
217 243
58 166
21 128
20 96
29 206
251 253
12 259
197 249
96 234
3 230
21 176
87 250
27 190
42 88
20 55
19 140
44 216
38 230
81 110
6 198
47 82
113 234
171 259
53 145
42 74
189 218
245 250
93 164
74 118
116 188
52 256
30 132
224 232
89 111
111 213
100 141
48 69
130 181
227 238
44 56
34 89
122 163
136 241
18 258
98 161
100 133
51 249
136 184
208 224
153 257
84 212
169 234
57 152
127 184
200 222
64 86
156 195
56 108
47 173
163 227
129 170
110 145
158 226
4 153
91 258
104 227
15 109
154 185
52 167
38 142
17 207
181 269
16 89
147 230
4 122
31 55
22 65
85 254
6 228
61 242
22 203
261 268
91 134
3 243
37 74
20 264
89 95
150 263
53 82
24 161
149 154
0 252
115 117
47 206
147 157
31 262
87 94
41 83
33 64
4 25
11 18
64 248
35 232
91 256
6 143
159 192
45 169
4 32
88 243
42 46
90 151
65 156
102 119
33 69
17 50
47 177
184 213
30 175
131 185
166 254
256 265
65 88
51 201
84 108
211 227
53 59
76 144
1 158
85 159
140 210
68 155
198 251
69 177
104 126
33 57
87 230
93 240
73 267
6 107
229 237
115 155
169 266
36 85
112 226
23 141
184 265
19 240
59 90
37 226
10 152
16 38
69 203
243 256
61 205
155 213
146 182
6 210
95 179
13 138
135 152
187 264
0 222
24 255
59 88
11 215
37 213
112 153
32 96
5 16
122 236
66 214
91 95
115 135
177 210
23 110
1 82
33 110
39 65
4 36
215 238
111 206
207 215
231 233
45 197
208 232
125 170
173 237
83 89
30 250
34 164
259 262
35 215
82 166
69 137
28 141
60 229
163 239
76 136
197 210
134 226
137 257
54 267
118 157
156 266
25 32
115 226
124 163
187 243
27 95
72 260
118 192
40 217
17 22
47 72
50 206
171 190
156 267
54 117
183 257
138 175
180 220
22 265
170 196
80 159
171 236
196 257
38 104
1 100
152 226
7 89
209 249
35 127
206 259
79 153
101 188
108 230
160 206
5 147
83 98
125 252
103 254
159 201
103 111
143 147
12 169
248 251
0 34
207 242
70 176
26 38
206 247
53 159
17 47
46 116
133 179
163 259
8 104
58 67
152 263
110 245
19 130
14 127
185 238
90 152
150 234
153 167
27 213
101 109
36 194
19 185
127 151
139 189
14 258
156 183
87 265
65 200
0 158
42 239
103 167
222 259
20 103
106 194
9 180
113 236
21 121
137 168
203 222
108 122
48 62
77 115
150 237
197 224
21 261
88 252
17 137
24 141
38 86
48 54
23 94
175 268
94 256
32 199
67 129
178 244
20 267
3 12
37 198
33 254
46 151
27 253
13 183
10 67
30 53
141 161
57 121
34 131
131 152
107 223
76 110
232 236
114 216
20 141
183 265
16 162
172 200
11 206
49 137
9 152
44 46
61 102
20 121
180 207
116 259
70 80
192 221
80 243
31 267
28 58
21 35
58 99
150 166
38 182
114 143
24 78
114 213
80 138
6 81
118 218
32 37
91 154
23 68
31 95
12 65
38 175
33 99
166 244
101 245
187 208
123 190
62 129
37 56
35 49
164 245
29 92
151 244
241 269
26 113
53 157
28 260
158 199
179 230
43 228
29 183
34 207
194 218
15 177
130 217
181 217
75 122
206 253
58 81
179 249
38 166
7 72
167 229
172 179
18 198
0 196
5 254
92 146
148 174
134 254
95 200
57 218
119 150
167 261
153 237
100 255
127 203
102 172
26 36
73 136
121 204
152 267
14 56
187 188
78 238
100 204
68 84
70 118
0 231
106 215
65 198
42 49
122 219
28 258
22 202
127 176
46 266
23 108
20 80
99 131
50 204
50 240
158 251
209 267
139 212
73 81
34 88
117 126
137 194
50 74
87 160
67 209
145 231
182 250
185 243
15 162
13 166
18 131
44 237
106 177
33 78
23 146
113 237
159 244
79 245
175 239
213 242
101 212
28 256
70 129
83 268
158 159
185 220
6 79
25 111
19 253
40 215
53 117
115 241
126 177
16 165
68 177
187 265
88 244
124 232
115 123
128 160
23 97
72 267
41 122
65 89
82 210
115 143
62 85
221 259
193 236
57 230
4 97
148 253
247 257
113 153
92 240
230 264
177 234
77 109
7 108
17 149
46 260
104 145
170 264
24 212
5 104
193 267
54 233
13 185
128 262
111 235
117 137
108 159
158 160
48 55
55 238
15 134
149 220
30 34
3 204
39 85
240 268
93 99
14 51
54 189
86 96
57 125
34 204
119 239
6 36
32 41
182 229
37 153
77 163
130 214
78 223
56 64
145 171
176 192
68 121
165 246
22 243
152 253
240 250
142 225
109 141
3 26
209 259
121 255
71 257
55 119
205 249
29 224
77 206
58 90
34 85
24 136
88 269
111 233
195 224
113 224
122 147
125 232
12 227
8 204
252 258
30 89
178 241
159 190
62 160
27 33
98 260
66 262
18 186
25 186
33 119
64 92
9 33
213 241
105 120
104 207
102 230
90 241
18 232
18 128
97 220
89 211
139 174
80 232
36 234
6 54
2 108
74 245
36 241
42 144
147 194
24 239
142 182
36 237
35 106
116 236
79 227
40 75
17 129
64 132
110 249
53 225
156 217
142 149
24 261
156 202
198 204
225 239
43 186
62 222
83 250
134 256
21 228
0 250
52 200
168 221
109 263
25 122
176 261
89 132
70 104
26 162
44 220
34 248
57 137
230 258
63 78
48 105
2 240
125 237
18 210
160 190
153 232
12 39
90 127
199 202
50 236
81 120
93 151
147 191
6 161
195 243
2 219
91 190
110 238
6 175
43 147
174 235
97 173
25 55
1 31
66 103
192 240
141 184
104 208
235 253
43 90
11 152
24 232
40 163
59 222
111 267
27 245
11 21
123 165
75 95
198 249
19 206
194 267
34 65
59 210
76 88
107 154
216 267
220 247
238 262
111 209
25 220
64 183
127 211
108 127
38 96
103 265
54 163
90 101
20 35
2 126
29 234
112 227
123 269
27 81
67 158
161 197
4 142
25 125
20 242
262 268
84 154
57 245
22 66
5 202
138 141
66 177
68 131
187 224
108 151
51 60
76 154
120 162
107 201
88 178
143 247
211 225
128 244
40 52
239 266
91 231
137 142
51 111
23 190
42 171
242 264
127 146
169 200
142 235
44 86
85 113
149 246
100 101
95 156
35 103
111 257
47 118
152 207
165 252
6 213
116 241
133 140
71 109
46 54
161 244
160 259
14 178
197 255
177 260
35 114
134 234
164 172
193 232
28 73
12 219
45 78
49 136
75 252
26 161
184 221
140 214
91 195
57 183
67 92
38 120
26 218
87 177
30 98
205 248
158 177
34 223
173 230
196 229
131 263
99 232
60 145
5 248
91 260
136 208
27 252
4 135
32 99
1 107
24 27
7 239
158 166
31 66
131 164
4 218
167 233
103 258
8 200
86 184
217 219
175 238
5 33
84 203
87 236
33 112
124 268
128 206
216 261
97 186
42 143
19 115
120 210
65 202
224 247
38 154
176 263
126 220
70 231
99 208
81 262
74 170
82 268
127 200
20 170
19 52
197 251
225 254
2 10
37 140
116 177
179 241
7 71
45 105
23 74
24 88
26 203
238 257
126 199
55 151
32 174
41 97
188 253
115 211
30 194
80 261
195 255
62 229
21 200
177 235
3 186
8 56
121 262
44 129
64 233
17 90
54 123
172 253
184 194
6 15
147 187
133 218
126 174
94 184
23 228
91 149
6 32
87 211
169 218
82 255
18 52
38 246
56 221
75 165
27 86
152 181
23 136
189 203
36 264
65 94
83 267
134 228
33 188
14 153
140 215
47 228
96 268
7 76
35 139
81 247
129 185
134 238
25 106
141 238
5 51
136 252
53 121
20 253
79 89
38 80
34 227
46 123
58 101
39 189
189 198
93 135
91 217
142 203
35 67
36 40
80 166
75 101
160 260
106 241
20 261
127 239
96 231
13 70
14 217
149 194
67 197
47 198
35 69
21 71
14 91
34 109
138 233
89 104
64 191
9 231
49 220
127 236
177 220
132 181
98 191
79 168
115 124
1 171
253 255
12 146
12 208
72 131
28 32
163 245
149 156
17 105
14 185
84 195
10 114
58 268
0 184
85 231
134 142
180 254
95 124
17 89
118 175
96 174
185 255
11 79
47 231
99 166
192 250
237 252
210 260
113 147
130 251
84 250
159 178
24 137
197 239
59 229
58 242
115 218
20 178
106 265
52 252
67 83
86 139
152 172
140 225
58 223
74 195
7 138
20 40
173 256
47 208
189 206
205 255
120 150
111 114
7 77
110 246
78 133
54 66
73 150
66 211
11 43
2 268
124 174
3 61
23 215
88 266
179 202
266 268
109 236
121 198
182 240
18 22
79 253
136 163
117 150
54 130
41 136
202 220
59 197
125 230
59 223
39 262
3 113
212 226
12 261
197 269
148 231
27 198
148 190
44 167
121 150
110 251
37 214
112 202
194 257
219 229
59 85
103 110
15 226
121 258
43 237
50 194
29 77
26 78
58 121
174 247
197 266
158 202
120 241
113 146
61 70
53 124
57 90
112 165
145 253
30 246
7 228
98 202
60 231
22 197
28 66
40 204
205 258
191 257
62 149
175 182
25 116
174 245
113 217
229 234
119 161
37 66
54 103
31 191
223 227
72 232
128 155
28 97
9 149
141 148
77 78
37 59
92 115
37 212
117 166
10 168
82 233
20 201
154 265
87 139
119 231
179 239
178 197
79 263
47 48
38 211
27 138
12 42
126 245
31 148
7 266
206 229
86 243
11 96
51 149
64 165
48 260
79 215
37 77
130 265
30 81
36 217
0 42
3 122
48 122
5 76
181 229
108 148
20 79
111 178
42 180
188 269
161 261
194 223
68 238
129 214
52 152
199 243
95 105
213 254
33 187
131 147
224 265
124 177
79 203
203 257
29 50
11 62
179 254
98 222
176 226
22 212
143 222
94 183
70 84
260 265
13 231
43 261
101 214
65 265
15 189
36 71
8 119
182 213
22 74
188 223
51 212
67 151
90 268
14 37
67 168
60 137
100 121
92 149
233 254
227 262
2 66
213 225
39 178
176 254
103 107
5 225
101 217
84 192
34 176
216 239
103 198
207 216
19 174
99 200
50 235
103 158
108 204
18 240
31 119
135 165
197 212
50 237
19 33
26 183
174 177
89 170
202 254
121 244
18 100
2 47
164 196
158 239
69 257
22 241
109 177
146 233
7 134
52 213
146 253
45 89
111 240
14 64
238 261
99 180
73 184
155 224
114 197
149 198
66 92
53 178
20 34
101 114
140 209
26 33
65 212
127 256
85 103
28 122
44 131
198 218
50 160
23 81
90 216
45 222
55 159
67 213
135 188
121 182
204 211
72 106
70 116
200 228
57 158
172 235
242 247
165 202
139 216
10 106
45 116
116 144
32 224
97 222
24 208
150 197
154 227
117 236
38 155
89 245
121 188
71 155
199 215
29 176
111 168
67 162
158 224
30 65
52 141
32 263
39 213
246 259
151 225
177 211
182 201
29 197
110 206
22 81
10 57
49 80
85 187
119 177
38 239
65 121
254 261
26 70
73 75
135 207
166 196
45 256
13 170
153 200
176 221
132 186
115 242
9 154
32 36
17 251
43 179
113 233
111 243
40 269
60 104
84 221
6 235
98 243
126 188
7 114
140 237
112 241
45 128
196 262
5 8
91 223
39 203
53 156
24 267
1 90
118 132
76 205
174 251
69 94
21 129
151 152
6 215
79 150
78 235
105 193
105 234
109 184
19 150
9 58
127 172
90 133
12 87
68 240
15 60
9 226
141 162
38 168
186 201
48 108
134 217
31 230
91 177
28 222
6 44
6 200
87 176
112 256
42 231
165 194
142 265
79 159
51 91
22 192
192 269
92 226
44 156
139 150
123 267
36 236
117 218
40 130
65 184
31 256
6 222
82 214
209 231
112 239
126 181
0 178
178 236
10 143
87 107
67 116
127 197
75 131
108 207
66 234
132 245
121 139
144 245
10 159
160 178
15 248
4 37
44 194
103 222
70 210
64 84
52 139
16 69
84 142
162 229
106 267
44 135
141 244
23 244
72 214
93 223
43 77
69 147
29 149
112 121
74 256
33 192
88 253
24 83
154 252
124 255
83 205
28 162
117 250
70 81
38 117
23 181
175 208
144 216
67 138
54 74
161 169
161 230
9 247
104 224
75 240
52 233
148 182
123 172
101 230
135 248
193 218
29 258
43 145
138 160
53 171
119 263
76 83
13 201
42 62
125 194
210 236
51 106
85 154
136 191
32 144
94 204
72 233
177 187
149 177
62 133
14 225
101 104
143 175
48 120
147 152
187 215
253 261
29 233
83 236
127 149
114 223
17 69
116 238
160 205
216 247
117 129
4 238
21 23
131 223
15 207
173 193
1 46
84 263
6 184
65 244
94 113
0 249
50 164
28 208
53 109
150 246
169 202
183 244
89 128
216 226
19 145
207 225
38 99
140 170
116 165
49 233
212 256
238 253
5 71
81 125
228 244
155 170
188 234
39 111
167 172
147 176
108 233
16 102
86 151
30 155
62 198
59 208
43 264
3 255
55 197
210 211
173 195
54 120
46 49
111 205
188 204
92 205
10 103
66 263
119 215
62 115
29 269
183 239
74 147
93 264
121 161
72 187
8 155
115 233
137 233
22 257
18 144
36 204
148 228
191 207
69 121
3 39
169 211
62 147
202 206
103 221
211 269
5 122
110 223
28 128
162 238
171 212
79 129
167 222
181 214
190 258
56 174
17 233
56 145
178 186
56 257
23 184
20 110
11 166
75 120
112 193
83 257
26 109
196 197
62 213
49 183
149 226
123 259
15 70
56 165
31 255
19 175
51 100
87 174
52 132
20 131
9 169
137 224
8 34
149 189
189 237
91 246
189 260
117 194
4 227
10 154
121 184
133 255
59 147
185 253
107 217
149 229
22 132
28 164
93 121
173 249
50 258
59 227
149 227
4 189
8 67
93 213
221 261
191 200
101 130
103 235
255 267
95 150
68 175
56 160
81 232
55 104
69 142
37 136
174 230
210 245
64 163
150 160
54 173
123 146
100 217
15 147
71 224
25 256
74 239
21 109
35 212
73 211
124 218
173 251
89 125
134 183
17 26
166 233
219 226
25 49
63 167
23 49
48 194
102 113
128 161
135 181
86 110
152 215
218 220
36 46
65 119
4 57
30 216
102 201
2 106
8 137
54 268
10 223
76 109
2 104
205 268
70 94
53 264
121 195
31 241
136 190
72 86
4 196
36 196
2 29
5 87
21 61
64 266
155 186
40 63
151 193
221 267
48 64
26 179
57 108
164 177
77 212
132 173
86 181
13 113
8 71
139 241
206 217
16 247
60 250
51 246
7 95
110 114
80 236
144 252
46 121
51 222
92 119
132 162
24 124
155 259
101 265
162 254
3 82
183 189
186 258
39 171
127 163
74 112
1 227
38 254
80 169
156 215
30 35
177 209
35 51
54 116
34 66
7 250
29 240
43 66
1 189
172 250
171 176
113 238
38 205
3 32
33 151
184 211
90 251
43 212
15 233
92 162
89 112
207 212
101 253
106 185
54 111
75 171
52 249
9 202
10 76
109 190
7 205
23 259
112 157
234 237
1 74
86 128
59 151
136 223
120 185
117 223
67 141
217 247
7 222
152 161
3 141
66 264
91 185
0 53
19 82
137 172
156 246
108 213
65 128
167 265
113 241
61 202
122 207
121 234
97 112
39 179
78 222
19 250
56 258
70 85
28 147
115 144
187 204
6 76
8 256
91 102
8 217
66 247
170 174
12 231
80 97
46 263
62 113
15 78
96 147
116 225
212 261
22 237
27 191
21 112
24 108
113 128
16 217
63 147
15 46
133 207
38 47
4 34
64 66
50 193
5 52
177 195
80 87
136 218
73 259
55 217
84 240
105 134
117 170
2 253
192 246
264 268
88 132
98 269
68 256
119 235
26 260
11 144
53 163
51 101
37 170
1 169
98 118
78 217
80 107
74 229
31 166
90 269
224 266
63 216
95 221
174 190
107 240
162 236
142 207
51 155
112 177
24 75
196 239
22 63
7 83
70 91
158 223
9 213
161 187
98 235
53 259
117 241
121 156
8 250
161 250
177 242
188 219
105 107
65 182
22 264
81 189
58 240
39 114
92 126
218 244
20 265
114 247
55 182
200 229
56 241
86 258
15 89
118 241
21 213
124 249
59 99
14 269
11 199
54 199
44 238
95 251
83 255
50 238
171 220
195 205
14 121
6 14
144 222
225 267
106 137
4 235
1 119
121 232
64 197
151 159
40 47
112 133
213 259
18 66
76 264
114 248
69 179
160 193
46 58
82 140
34 135
130 182
73 94
52 68
19 99
127 192
108 124
90 147
109 115
221 257
73 243
210 246
13 242
3 46
89 192
63 73
154 256
42 158
20 25
4 221
5 231
85 222
29 145
205 242
95 194
184 195
35 65
123 201
178 258
110 222
36 128
107 231
90 132
15 23
179 197
27 228
2 239
166 232
33 233
81 156
80 263
56 124
76 193
181 187
41 92
21 226
55 149
46 221
164 217
130 233
114 240
168 231
98 171
65 124
56 238
117 213
115 141
9 186
125 212
213 226
70 242
129 157
40 56
98 155
25 61
97 215
167 232
37 67
211 266
3 13
6 246
191 233
8 135
22 73
56 61
74 92
113 132
24 174
146 227
98 130
165 259
62 239
7 211
14 49
45 209
184 202
213 215
47 224
27 148
150 165
110 139
84 187
95 257
44 169
12 61
154 187
237 259
28 83
37 143
146 254
32 59
53 148
50 144
155 173
148 185
178 190
35 99
116 242
129 177
104 235
159 182
98 190
220 244
45 259
58 200
43 265
82 119
28 219
74 89
228 261
148 166
38 171
112 156
76 81
145 240
138 152
66 181
104 122
105 227
144 258
108 235
87 227
170 178
117 165
213 230
179 229
141 204
196 268
49 176
36 68
34 174
77 186
82 121
216 241
196 244
168 232
24 166
234 254
2 225
43 154
106 170
38 57
46 215
167 220
52 144
36 137
88 172
1 236
35 224
12 46
16 195
38 95
94 208
184 231
106 253
105 135
172 225
105 136
66 124
145 227
65 197
75 215
55 199
61 160
126 192
58 184
86 135
156 207
45 241
151 158
39 146
157 162
16 226
21 163
69 220
25 95
65 144
170 201
67 196
39 187
59 213
97 251
20 45
195 200
63 111
42 124
130 203
23 185
45 157
67 215
110 184
15 196
41 174
165 237
93 255
113 196
101 187
177 212
10 259
163 216
29 268
244 257
67 175
89 202
26 74
25 36
93 215
124 198
34 262
45 104
63 194
0 137
1 24
12 159
239 255
20 206
96 140
214 243
163 213
166 191
80 224
103 146
37 47
50 213
1 163
36 146
72 132
33 269
42 120
221 245
135 245
62 230
92 128
21 56
247 250
6 214
160 171
162 192
7 269
166 209
181 252
164 188
195 208
161 256
101 231
116 129
25 93
87 209
42 152
78 119
155 212
98 250
30 82
25 89
135 151
51 177
26 116
120 176
6 65
143 191
18 41
28 223
133 263
6 269
31 198
205 247
98 176
164 175
124 236
215 252
9 206
78 108
62 163
67 84
92 95
55 63
13 22
113 193
117 136
7 233
37 78
0 265
89 252
84 200
75 90
5 234
6 168
168 213
15 105
171 189
73 219
182 203
73 168
147 260
102 162
6 24
162 247
236 261
74 225
40 228
39 181
100 175
24 221
179 195
192 199
2 155
27 90
213 268
27 52
177 249
40 109
24 226
65 221
50 64
27 184
209 215
8 106
207 218
13 56
98 226
115 187
16 106
3 24
176 199
70 201
45 119
167 194
113 173
62 236
46 130
10 88
50 150
91 133
74 116
34 122
33 150
11 265
35 117
31 53
130 222
87 180
72 213
27 210
10 188
203 213
71 106
214 232
130 161
72 118
243 244
12 202
93 266
89 260
185 269
27 199
0 203
26 240
34 246
12 133
146 204
58 135
68 217
59 216
137 238
100 269
138 146
47 153
230 265
83 253
75 202
228 252
32 249
8 84
18 62
153 247
70 125
6 180
56 146
62 212
7 135
97 175
186 231
48 101
211 244
55 243
199 234
27 251
80 96
255 264
44 149
93 148
170 252
23 269
167 240
55 239
33 94
18 116
45 255
51 200
132 243
135 163
27 233
225 245
36 38
117 260
41 79
72 234
48 252
62 124
9 228
15 169
89 241
114 250
14 25
74 134
3 149
112 182
18 167
152 164
107 237
1 159
79 140
43 157
77 193
156 223
175 177
51 114
69 225
8 180
82 252
45 137
57 127
74 156
39 129
83 207
7 86
64 82
47 213
50 162
92 168
25 87
211 267
141 143
74 126
49 99
200 242
85 259
182 254
21 74
179 265
138 142
196 242
119 143
146 217
184 244
18 25
80 235
107 171
13 164
62 263
161 257
163 186
209 244
143 195
16 237
12 34
21 247
158 214
52 153
29 45
154 177
92 191
24 110
10 258
126 222
181 200
182 218
55 260
19 261
233 244
86 216
115 196
188 227
46 254
1 95
2 154
146 172
53 199
9 205
37 254
255 260
20 266
5 121
89 214
58 88
105 115
117 186
105 258
11 41
36 141
113 156
171 175
76 209
46 68
223 229
10 240
90 234
39 118
75 262
46 207
109 207
103 184
24 40
51 206
101 235
97 140
34 180
0 204
48 140
184 233
176 182
191 244
95 120
193 252
46 184
104 232
50 124
4 243
83 182
17 218
107 245
66 146
54 61
148 193
21 244
192 268
64 205
106 250
25 140
213 223
127 229
45 46
64 77
85 97
85 214
82 213
7 267
39 212
56 159
33 262
212 255
103 259
129 205
131 224
31 124
63 130
6 237
103 246
26 63
1 20
20 109
6 249
32 243
229 230
83 232
102 145
176 267
36 58
32 117
112 161
30 90
126 213
51 126
204 231
32 232
121 157
51 52
67 111
120 131
40 208
34 47
55 155
156 173
23 209
177 247
77 158
76 173
46 203
66 88
102 214
17 163
77 185
89 212
24 104
16 253
170 207
27 38
29 175
5 222
105 184
22 48
105 170
10 112
117 238
132 207
24 210
50 259
84 205
12 247
146 148
11 16
1 106
136 211
120 219
44 76
95 196
243 257
15 241
86 102
243 258
134 219
7 121
62 74
118 246
7 66
43 172
153 180
72 228
176 238
191 254
45 94
7 36
213 262
7 39
85 239
181 193
0 166
193 225
35 255
80 233
94 102
123 145
71 219
46 52
17 32
50 138
100 224
19 159
101 162
209 239
98 101
114 132
93 182
145 146
197 236
198 209
184 242
10 219
10 146
20 75
46 163
190 192
167 195
97 211
188 238
143 153
67 227
205 219
56 57
184 252
4 215
70 197
105 205
8 70
36 120
96 163
17 236
3 20
16 227
165 196
28 117
182 220
115 249
3 138
223 237
47 170
32 66
133 168
0 15
139 259
105 168
192 233
84 90
128 148
32 89
90 150
250 255
127 267
29 75
121 224
143 260
67 133
59 142
70 98
56 133
152 254
55 183
74 172
222 258
165 248
41 159
64 94
70 177
28 261
20 245
15 21
5 63
95 151
7 240
9 165
3 191
60 222
134 262
57 187
188 209
82 192
58 159
86 242
7 214
223 261
35 41
158 245
42 209
16 88
112 235
113 141
80 151
115 243
21 58
4 91
171 199
52 190
100 150
10 204
56 134
77 169
106 256
90 163
119 234
35 71
104 209
80 244
71 208
179 258
179 256
6 157
131 257
140 251
18 263
32 205
177 254
67 256
2 31
191 224
60 100
157 200
191 202
185 234
26 39
143 182
16 221
32 79
101 226
101 219
87 99
195 202
166 219
41 55
243 245
120 158
26 163
11 100
65 236
70 100
62 257
138 140
33 258
12 144
8 153
15 239
10 251
2 119
42 256
59 269
111 180
120 147
28 269
25 78
93 118
212 269
211 215
121 144
20 163
10 102
72 255
31 169
8 191
83 202
78 229
132 224
139 175
56 240
170 210
73 88
119 269
107 206
11 130
189 223
19 131
147 167
96 127
46 71
195 268
68 169
72 80
133 157
12 119
178 202
82 149
47 260
16 31
96 175
104 256
159 246
62 82
68 140
152 212
62 192
162 199
61 151
75 235
31 100
70 254
35 146
2 78
127 177
27 197
111 131
40 202
79 84
20 251
149 234
113 266
88 192
88 193
147 150
4 7
91 104
137 151
166 212
96 241
8 178
122 269
142 241
115 222
174 221
89 147
187 190
64 100
54 140
100 123
10 126
213 214
167 219
27 118
198 253
53 181
35 54
141 217
211 258
37 123
179 208
220 250
8 264
181 222
66 81
99 225
60 87
16 129
41 114
125 165
62 250
32 158
1 136
11 69
18 94
112 141
80 197
188 201
6 105
88 264
10 254
138 153
121 187
218 261
97 238
141 236
71 148
13 230
65 227
36 198
53 113
129 159
26 71
163 243
39 247
68 253
87 101
12 115
242 260
38 170
136 168
55 79
42 154
163 222
37 92
176 236
55 198
210 259
83 86
69 212
15 156
208 241
67 123
123 220
46 57
129 240
69 176
76 268
32 48
239 252
26 137
10 33
218 227
82 145
98 159
227 243
110 212
121 183
116 261
103 230
17 177
167 243
155 226
136 186
181 195
58 207
83 263
28 230
13 136
138 187
226 251
28 61
58 251
249 267
110 119
95 107
110 176
28 215
154 205
197 241
137 202
49 162
33 103
146 246
130 264
13 14
32 47
130 242
44 146
43 160
203 256
74 154
36 169
20 113
90 179
84 85
167 249
12 221
0 117
99 150
18 204
2 193
20 90
44 230
103 119
70 213
26 85
43 59
15 40
48 133
19 269
0 230
169 181
44 124
108 239
12 220
1 129
136 143
151 160
147 240
93 110
6 119
102 227
93 176
20 47
56 141
84 265
119 242
22 43
172 266
91 146
112 127
166 257
5 19
173 245
1 242
25 192
184 258
88 237
154 222
75 153
2 216
14 169
25 157
134 214
40 89
90 206
32 266
19 98
4 116
55 147
42 245
61 249
24 50
56 206
118 119
131 260
123 135
15 257
125 226
77 247
102 137
89 126
222 249
202 214
11 137
75 253
223 248
74 237
82 258
171 207
134 247
230 250
11 111
77 132
8 97
5 180
157 234
132 143
213 261
19 144
103 195
74 153
96 206
23 35
122 239
54 80
115 147
14 196
90 141
106 248
14 113
24 158
190 231
25 234
104 177
49 81
158 219
126 259
96 262
112 255
13 173
95 128
84 114
256 261
123 219
3 175
3 208
90 105
97 210
105 108
67 207
88 94
36 55
33 171
36 266
70 115
20 167
98 219
72 146
4 191
69 219
176 256
24 45
118 210
9 28
106 242
139 242
191 229
268 269
146 238
103 129
48 52
74 259
153 186
64 131
62 157
47 212
12 185
36 54
30 199
26 204
100 102
49 91
1 228
102 157
104 184
164 248
51 89
162 267
20 263
134 220
112 204
133 184
127 140
162 184
9 106
142 159
0 127
30 241
149 162
5 12
98 144
98 167
172 188
132 237
80 180
44 233
177 186
44 63
70 74
39 236
13 268
79 107
27 71
66 245
121 228
102 185
99 240
151 243
15 209
89 108
2 164
44 71
107 193
134 148
60 134
210 213
53 146
119 228
34 145
25 151
33 66
46 161
28 145
29 112
191 268
142 193
154 178
106 262
215 269
39 195
7 201
165 223
22 162
54 192
26 157
21 29
107 238
92 181
101 155
119 138
156 255
13 50
75 147
62 154
122 249
97 247
243 250
116 118
166 263
43 92
119 194
170 234
61 112
20 133
101 147
148 196
16 118
193 238
171 235
113 206
71 239
73 242
81 242
92 102
56 86
17 160
4 263
120 221
88 238
29 31
124 258
68 94
196 247
131 221
156 239
173 264
100 248
60 182
172 214
207 239
32 240
25 265
222 241
209 220
198 255
39 61
98 184
69 139
113 179
69 237
137 167
39 46
87 122
190 267
45 153
178 260
56 192
66 109
15 114
198 258
83 84
136 242
96 195
162 202
22 71
1 69
65 80
92 140
132 249
138 164
19 111
28 70
56 78
237 245
16 36
17 34
49 235
127 143
141 261
100 263
95 191
79 120
39 98
64 263
196 249
126 154
36 86
87 242
11 117
90 226
64 174
53 93
111 223
143 250
190 227
165 191
5 197
38 267
71 79
198 256
8 138
13 72
67 263
43 209
39 100
41 248
130 176
123 226
31 222
149 204
12 73
164 187
241 267
39 223
198 210
24 140
68 184
38 43
129 167
170 184
138 163
111 143
113 259
131 189
89 257
133 258
84 166
78 101
2 83
78 240
169 260
13 160
209 253
216 229
23 164
40 168
66 90
200 212
161 193
23 99
60 121
44 102
177 201
170 224
156 227
112 253
125 191
89 146
210 214
47 124
27 98
134 156
189 263
74 110
91 159
191 222
86 214
18 83
14 229
207 247
142 181
18 110
94 175
85 253
19 203
29 204
0 257
60 216
64 155
214 226
134 195
100 246
110 205
37 103
14 67
56 91
13 86
40 84
120 255
113 170
119 133
9 30
25 90
13 26
44 123
106 169
73 138
54 230
76 241
168 257
84 178
150 249
165 184
191 256
19 42
11 97
8 197
40 162
50 115
142 191
40 226
130 174
65 75
91 94
75 261
14 232
49 57
79 99
149 219
32 248
180 240
119 163
95 222
62 97
65 262
49 223
50 197
12 22
35 261
76 265
25 76
196 260
181 261
183 188
86 159
76 191
215 230
24 49
219 241
144 180
7 99
99 132
82 201
5 32
165 260
218 269
18 245
215 228
60 72
84 224
253 257
17 84
79 83
59 139
99 218
49 54
69 84
151 262
8 254
0 198
5 61
131 183
228 269
109 239
71 227
124 137
26 144
165 234
55 87
222 226
178 242
57 198
204 207
141 160
79 181
135 211
43 84
14 59
43 184
1 170
26 133
143 235
163 174
164 227
80 246
140 207
65 87
64 125
195 223
121 219
100 137
127 244
118 239
192 226
119 173
65 194
119 207
24 171
3 38
81 163
229 259
46 162
141 265
36 163
67 238
89 161
38 261
46 232
77 79
53 76
193 217
134 269
132 197
98 233
92 249
25 166
13 181
79 225
20 230
5 141
1 25
37 231
42 248
131 238
15 264
179 245
128 202
165 264
9 136
24 112
0 175
208 230
59 155
226 240
80 178
190 238
47 250
21 231
97 182
59 241
66 204
96 204
106 216
64 172
109 143
159 188
55 78
198 244
208 260
8 85
117 159
90 236
150 196
258 261
142 210
31 218
107 182
55 220
58 118
88 120
111 239
26 34
58 170
243 253
99 201
109 246
100 194
18 130
173 253
64 141
4 56
267 269
54 250
77 113
202 250
133 251
97 261
21 146
137 215
28 93
31 96
175 237
96 249
148 175
100 193
189 248
203 247
169 174
11 226
21 155
81 169
53 189
63 250
167 204
47 81
58 158
95 199
209 252
39 92
77 253
84 92
21 219
178 263
119 197
17 248
78 201
68 196
24 260
61 142
1 194
176 190
216 225
233 247
211 213
176 258
16 25
28 43
163 214
92 117
88 148
115 130
154 162
19 68
90 209
232 254
18 123
70 99
43 159
115 229
186 212
30 133
150 182
174 234
70 151
113 124
24 238
36 239
21 174
1 198
5 34
89 115
32 45
24 179
23 224
26 42
182 222
108 246
188 217
154 245
51 110
0 223
106 184
62 204
150 178
74 268
59 259
223 249
45 257
1 71
72 150
44 121
40 96
24 247
252 265
83 188
21 248
138 180
219 256
37 185
76 203
1 55
7 256
9 201
208 215
39 156
17 104
165 239
11 145
70 221
116 253
121 220
23 154
6 21
107 145
153 228
13 267
167 177
106 129
45 201
139 222
17 61
7 160
43 105
205 227
19 64
79 154
79 108
16 219
189 195
90 267
111 127
97 269
112 251
1 121
220 251
130 133
69 123
24 35
204 234
84 239
135 198
19 234
58 249
27 208
150 229
134 189
52 150
28 133
66 107
61 85
121 231
38 216
44 159
35 264
99 111
37 110
82 204
18 250
30 38
131 226
30 47
30 88
159 163
188 213
40 190
138 162
180 248
98 245
46 165
15 216
48 66
41 74
25 67
37 227
55 71
139 235
189 244
213 269
141 163
11 200
40 125
12 35
210 237
52 126
72 212
109 170
118 212
5 149
7 177
132 146
91 188
247 269
1 128
30 215
59 186
123 185
35 210
60 205
73 98
21 243
78 268
174 216
10 117
3 106
134 146
8 131
186 218
7 143
41 266
45 250
153 258
11 161
3 97
24 180
44 59
34 60
63 153
81 152
34 250
190 240
23 177
131 157
31 71
7 31
19 247
221 224
160 232
20 130
84 216
2 202
35 113
5 123
51 223
261 267
21 120
91 116
100 126
25 56
78 158
104 196
103 106
89 134
128 166
19 208
60 263
207 263
14 20
8 260
122 227
8 87
99 112
211 220
47 155
62 201
53 104
200 244
131 198
113 122
25 130
103 226
58 261
7 261
216 255
62 107
165 236
178 230
90 260
144 236
47 120
119 147
99 183
78 204
32 111
94 104
48 213
45 220
248 252
87 259
138 198
53 242
54 217
56 250
192 214
109 216
45 88
86 212
62 251
126 232
74 184
50 229
62 102
57 233
49 61
50 156
55 255
48 251
29 107
34 213
50 159
116 226
106 136
131 234
5 27
56 151
141 253
85 258
57 81
102 245
136 201
26 235
128 223
120 202
76 121
58 239
4 226
152 244
69 141
139 262
134 190
24 195
61 268
140 165
32 247
9 43
46 60
53 144
129 233
64 153
8 42
128 194
199 250
183 222
55 178
69 248
142 205
145 269
223 251
81 219
53 195
119 201
114 168
15 54
161 224
4 52
10 245
18 267
64 227
118 267
36 263
83 234
85 267
116 227
60 268
8 12
50 76
197 235
226 259
99 152
14 109
99 144
110 165
147 233
79 202
21 100
125 224
121 140
154 223
25 176
3 181
86 127
10 221
157 267
82 184
48 214
179 199
190 243
92 160
42 43
223 256
12 160
86 95
167 180
132 202
175 233
137 231
32 57
168 216
197 228
146 165
68 262
90 139
37 46
83 252
114 204
70 112
16 246
58 68
138 149
165 203
21 190
60 95
163 249
185 191
111 241
129 178
86 191
67 229
147 229
115 239
95 226
34 76
64 162
1 190
171 248
95 145
61 75
225 250
20 63
228 263
32 153
119 261
56 252
39 206
13 178
142 268
73 213
39 199
22 269
22 153
57 179
27 82
171 242
15 251
118 156
143 172
80 216
63 179
18 177
129 242
23 59
162 245
15 86
134 205
45 82
70 171
88 105
75 142
77 129
20 215
166 168
4 240
9 62
48 216
135 267
201 207
71 84
93 199
12 49
51 54
92 137
57 82
17 116
96 227
13 96
164 267
81 94
84 164
54 134
14 163
108 115
37 65
45 90
183 261
14 188
80 213
136 247
206 226
65 175
150 219
141 267
131 207
33 265
61 237
92 207
77 232
66 155
16 132
165 245
39 258
123 256
58 176
143 252
0 85
114 120
77 167
73 254
58 116
253 256
96 247
80 92
81 107
57 141
60 82
76 84
123 139
96 141
57 208
33 114
24 74
171 204
132 248
111 155
84 262
52 56
166 247
116 222
16 34
78 121
67 99
98 146
110 201
36 209
139 206
116 206
17 151
195 231
20 111
172 222
188 191
19 230
145 153
93 124
30 84
49 84
174 213
169 248
167 193
64 206
70 101
102 254
195 197
38 66
105 214
87 196
180 201
38 244
75 241
51 76
71 243
168 199
1 84
227 235
160 201
24 265
204 240
182 238
40 243
170 255
91 228
22 171
91 254
18 195
102 141
145 152
181 220
156 244
114 133
70 167
31 41
44 152
101 250
13 222
81 199
35 164
226 258
69 236
19 162
140 141
24 53
211 246
148 203
73 197
88 128
80 104
101 128
169 223
66 80
35 47
58 232
59 225
109 251
156 238
261 263
13 147
165 233
62 221
60 97
91 98
68 167
171 224
74 212
154 167
25 103
109 201
119 202
121 180
61 121
232 260
94 156
2 157
147 206
76 163
104 202
26 44
114 196
77 224
207 243
72 195
8 227
173 243
78 171
22 225
84 93
143 178
7 85
10 44
42 159
182 264
111 119
51 256
78 120
83 242
18 96
24 64
20 243
181 202
42 153
11 177
11 235
50 51
102 114
34 45
141 190
131 227
27 45
49 232
188 237
82 157
191 252
109 210
126 258
89 137
85 124
89 123
244 252
40 173
103 199
94 247
166 240
212 257
33 35
37 250
53 122
152 199
133 254
29 195
138 173
195 199
2 173
178 184
31 259
143 194
41 253
76 167
163 202
62 101
47 87
77 198
1 22
10 42
149 235
129 131
142 242
93 202
61 159
174 189
134 241
53 221
151 174
91 103
30 115
85 234
50 103
11 154
73 101
90 217
23 247
233 268
8 36
34 178
46 153
15 245
2 90
29 79
53 137
166 199
154 188
254 259
17 110
186 239
65 248
64 202
79 135
2 115
57 239
108 260
95 241
13 85
132 199
23 29
31 165
119 139
147 264
51 196
157 219
38 208
94 235
196 258
4 237
38 87
49 145
227 269
11 112
242 267
0 155
1 260
26 247
33 238
76 128
9 51
54 126
151 170
33 250
5 25
194 228
75 109
66 196
5 96
12 64
204 229
12 16
40 211
110 174
2 168
141 209
16 236
93 126
115 161
5 243
15 95
46 156
98 223
11 227
195 240
20 203
54 127
89 188
40 112
210 231
81 166
187 198
45 237
181 185
9 24
85 191
10 26
41 118
104 247
33 130
147 212
2 192
57 246
32 227
61 146
193 246
13 149
44 245
46 247
43 200
38 156
85 162
6 266
79 124
8 158
90 154
11 180
106 201
17 109
78 97
69 205
76 89
82 143
69 202
9 156
231 261
250 263
179 251
104 254
235 265
95 253
241 249
79 207
22 28
47 196
115 116
81 245
24 118
73 176
163 205
168 172
95 249
14 264
21 166
44 136
43 108
98 124
122 255
197 234
118 203
4 132
112 201
146 191
67 216
45 213
126 243
135 247
120 269
14 147
35 172
4 265
35 268
70 215
11 156
51 55
125 222
111 196
73 186
133 226
47 53
148 152
60 112
175 253
29 51
103 207
212 232
45 258
50 136
62 258
38 140
115 216
178 216
44 113
147 209
0 156
138 195
137 251
67 126
42 157
125 225
88 107
9 90
139 264
149 208
14 32
21 242
186 227
251 260
62 233
23 163
101 144
173 196
112 210
76 189
16 105
56 112
17 211
101 172
163 217
140 268
28 105
9 233
237 256
156 235
136 227
139 190
20 171
124 175
114 166
26 253
63 243
19 204
226 247
50 126
43 169
194 202
93 178
67 163
174 223
89 195
90 211
87 248
43 121
74 216
30 116
38 201
44 173
157 236
9 253
57 257
6 9
63 225
247 266
116 172
4 173
3 11
220 253
83 237
29 127
103 126
73 118
95 207
137 247
125 250
122 238
65 98
160 253
140 154
134 237
124 155
96 138
40 170
0 259
246 252
104 111
108 132
0 96
101 120
51 143
11 248
56 239
131 150
85 178
59 173
172 245
121 134
28 183
24 114
98 246
144 188
98 177
183 193
183 236
66 105
70 258
88 176
133 155
124 239
67 232
6 217
8 116
1 15
53 261
11 47
58 133
88 239
13 188
0 95
8 32
4 254
110 226
89 237
65 226
117 206
5 218
0 72
108 232
38 245
35 246
74 137
27 194
138 208
2 149
18 239
85 123
234 263
63 192
3 147
5 90
93 243
29 154
118 166
23 40
137 225
25 233
95 189
92 161
59 174
189 196
32 122
151 217
53 193
56 262
44 107
20 73
70 136
56 87
92 223
55 62
100 223
174 207
17 41
39 198
63 164
83 105
43 246
163 200
104 248
175 264
92 193
113 130
184 247
20 213
97 268
126 138
30 260
69 254
81 255
72 189
13 33
43 148
99 202
11 229
126 240
13 18
215 249
155 223
31 103
163 230
25 48
74 176
159 240
33 196
166 261
153 179
5 134
18 85
14 89
120 141
86 208
42 121
78 152
122 183
11 228
133 154
83 104
59 201
44 87
42 90
10 247
180 247
40 82
151 179
133 145
138 181
64 241
185 209
17 189
66 249
50 173
76 187
133 223
82 167
23 139
120 135
25 204
81 126
41 164
161 164
80 176
17 158
153 171
120 134
204 266
25 28
31 116
25 249
49 170
72 245
155 174
42 139
3 266
8 189
48 203
74 204
71 75
17 161
112 168
81 179
158 249
240 258
39 126
129 188
4 209
33 37
4 51
60 228
7 204
206 216
61 124
45 243
48 106
7 12
103 124
91 187
154 228
78 212
123 125
30 39
29 34
200 245
156 205
7 259
165 225
91 214
18 191
92 215
91 237
105 114
209 242
48 181
67 104
58 103
40 155
184 216
94 188
99 114
204 205
71 261
59 154
37 40
152 202
210 257
161 201
86 111
85 136
40 50
73 140
79 221
110 267
55 218
241 246
37 205
29 48
230 257
139 142
130 252
130 189
43 257
4 60
111 170
90 261
175 178
149 236
25 100
16 50
8 11
47 200
187 239
98 189
55 136
9 67
80 86
70 158
25 179
23 264
28 188
89 266
106 230
174 257
8 149
39 175
74 146
20 144
65 239
65 196
156 189
116 228
127 128
63 160
220 236
4 181
25 124
23 151
52 93
96 143
155 198
112 155
102 183
204 210
6 78
49 252
146 200
86 231
97 137
0 39
86 113
48 234
187 223
145 197
111 195
164 183
33 134
24 134
55 72
141 203
25 216
136 269
80 259
108 267
67 265
131 201
23 36
52 247
78 79
67 257
127 148
141 263
183 212
178 227
205 218
138 269
45 74
242 254
129 235
42 65
33 51
112 242
255 266
1 184
15 66
8 124
5 68
16 98
137 208
80 157
36 81
173 210
46 109
35 87
61 213
34 134
135 268
34 162
50 253
83 118
135 182
82 177
76 233
92 245
60 143
81 225
115 179
40 144
205 229
174 195
101 228
199 252
184 191
0 146
142 186
85 179
11 221
113 195
103 162
113 251
50 224
148 189
110 215
35 130
37 223
233 259
11 203
136 222
94 205
93 219
70 159
131 228
78 258
173 269
14 252
95 214
26 148
120 133
145 215
23 243
228 264
19 212
19 254
99 125
187 226
127 215
106 227
139 149
4 55
84 260
123 133
79 132
127 193
45 267
169 264
27 139
57 226
127 234
38 137
28 167
61 257
36 223
24 252
220 248
57 139
184 218
23 120
48 135
174 218
61 158
97 162
42 60
96 199
104 250
211 229
193 261
45 264
82 185
25 45
226 230
43 180
34 214
44 219
43 109
169 232
10 234
41 119
246 263
24 227
54 58
195 229
9 178
72 196
154 247
161 237
106 214
68 244
146 264
93 138
63 110
0 183
18 158
36 213
58 194
193 204
1 265
107 119
44 209
200 219
179 269
12 178
12 53
41 69
130 149
205 208
143 145
51 243
82 182
168 228
166 235
67 125
30 54
57 120
140 171
22 245
38 139
66 130
5 102
126 166
61 115
16 216
10 252
28 232
149 200
31 133
22 46
135 236
203 249
57 112
14 34
28 152
2 187
62 64
75 117
173 268
10 71
9 240
64 265
111 229
180 231
26 32
34 254
103 114
52 95
21 38
69 77
173 223
29 190
93 259
69 101
0 228
184 255
85 183
22 244
96 269
97 235
9 118
102 240
7 32
6 25
6 62
18 109
10 232
116 217
80 252
240 257
66 239
115 267
48 142
88 103
116 235
62 168
204 242
84 91
174 269
83 261
157 256
59 219
177 192
172 265
31 135
106 231
144 266
222 257
5 85
46 188
42 251
183 230
67 240
173 241
108 119
26 54
45 103
66 183
158 193
12 60
93 212
39 200
24 213
242 250
172 208
29 162
92 105
91 253
55 221
65 152
40 180
145 154
2 88
28 84
27 254
31 52
79 255
42 228
32 78
92 186
186 221
27 134
110 257
93 190
33 60
116 143
161 162
5 232
122 185
152 173
85 236
241 253
145 261
28 247
189 216
87 219
119 174
147 180
122 193
68 124
20 88
123 164
94 261
12 125
40 44
81 108
47 166
122 190
194 209
99 234
57 100
92 204
43 122
8 141
16 43
8 33
22 145
18 235
237 238
144 187
18 171
16 264
2 264
89 238
208 258
99 179
68 148
69 75
115 183
73 76
204 230
59 220
111 159
103 136
62 132
95 129
96 225
112 176
72 81
112 218
39 144
18 188
96 136
179 186
30 148
139 246
2 131
68 164
106 150
5 215
110 137
130 236
0 68
200 267
49 228
137 221
34 124
157 164
103 143
92 107
49 55
87 195
87 95
5 97
11 28
47 269
19 184
9 115
13 107
64 218
103 164
104 123
222 228
170 263
8 14
146 203
118 143
17 28
28 199
103 163
117 153
38 206
48 137
60 155
0 253
43 79
92 148
18 57
180 205
84 228
169 251
88 102
109 240
157 216
86 150
21 143
150 252
99 140
1 83
55 222
80 207
236 264
138 261
94 101
28 214
119 135
137 180
6 17
78 107
232 258
93 158
206 257
134 175
86 143
188 263
59 164
141 201
5 15
8 80
198 264
21 210
61 224
99 197
80 192
54 162
27 34
67 198
53 232
222 231
106 197
66 98
217 221
136 245
44 141
53 267
12 255
25 81
28 178
10 186
96 230
116 173
104 152
132 192
155 181
51 121
88 248
83 133
65 204
91 167
181 225
34 36
196 256
70 244
12 33
72 82
41 57
95 148
63 66
32 217
96 145
76 184
175 204
40 241
58 151
48 258
57 210
0 112
155 256
187 266
151 209
71 204
236 249
122 196
191 231
13 97
11 214
224 264
221 266
14 149
155 246
76 237
19 238
30 168
31 163
54 218
250 251
90 160
33 41
17 165
162 189
98 236
3 257
15 24
223 236
102 189
7 106
179 216
77 152
40 235
47 256
20 173
39 81
131 211
70 146
61 178
29 191
19 221
130 245
0 33
137 150
12 245
244 246
72 268
5 169
41 209
249 262
95 162
58 215
41 151
36 61
47 158
2 223
150 242
9 265
1 79
210 254
106 114
122 247
180 189
65 92
10 236
119 155
4 158
134 176
46 139
126 212
76 197
108 177
152 265
81 83
9 225
174 240
18 76
22 95
200 207
123 232
102 130
1 18
249 260
139 145
213 240
29 226
52 59
67 106
48 92
216 250
93 103
205 264
98 193
134 213
34 251
89 205
96 208
57 201
229 254
44 72
3 36
114 138
212 267
198 223
132 170
123 253
83 167
231 251
150 256
109 217
15 81
77 187
63 88
86 93
47 67
36 99
203 266
61 216
127 251
127 145
27 261
82 187
93 145
180 203
17 39
218 256
38 71
42 241
58 132
73 255
143 268
6 236
16 192
191 213
26 45
5 44
28 134
5 239
43 235
4 104
73 174
125 214
64 170
110 147
69 264
72 237
57 264
24 169
38 258
180 226
67 226
54 255
21 168
36 42
8 215
16 119
7 123
164 204
252 255
41 94
126 230
155 241
68 228
207 267
228 247
112 261
4 95
39 170
88 196
115 257
28 115
162 234
179 211
126 139
38 127
144 163
85 128
28 224
17 56
145 268
102 115
37 57
105 218
51 176
63 238
115 138
36 88
55 61
35 194
0 44
178 238
104 167
92 220
184 239
49 114
151 224
3 220
215 258
82 129
15 47
41 251
102 239
23 73
106 159
3 53
30 258
11 178
40 175
19 120
36 67
114 226
214 224
44 54
13 221
183 224
142 251
98 254
16 28
69 186
100 262
96 173
3 265
27 179
97 260
87 128
124 238
43 196
172 252
88 240
136 183
67 202
26 155
11 262
199 219
162 166
56 254
66 115
203 205
61 123
135 257
33 89
68 241
73 117
24 116
45 210
124 189
96 123
73 133
22 161
25 129
12 184
179 190
10 58
133 149
54 84
195 242
24 132
138 245
144 226
166 226
14 223
180 236
45 80
89 173
81 227
37 150
114 227
32 108
78 114
90 243
240 253
105 140
133 134
43 230
83 96
85 201
91 200
82 232
180 252
180 182
47 148
66 198
43 91
1 154
11 201
35 188
100 196
106 266
22 129
44 110
154 235
40 113
131 134
146 205
142 162
94 171
38 102
10 215
97 223
55 99
40 261
127 202
68 202
3 51
0 236
133 234
26 232
107 143
70 230
86 218
45 154
119 260
177 207
27 104
184 185
59 228
101 232
30 139
19 255
91 119
29 58
10 53
182 230
107 226
17 179
36 195
65 238
71 147
126 228
134 242
190 269
49 102
123 245
9 222
95 112
35 156
9 185
2 180
103 168
23 69
35 115
116 166
189 238
8 57
81 129
17 43
46 141
69 74
48 199
209 211
57 132
55 269
50 99
160 181
2 114
126 195
59 205
38 187
54 132
87 220
92 101
23 219
114 127
116 239
26 88
190 256
53 219
22 25
184 267
63 186
22 53
66 233
252 257
18 192
39 229
153 194
7 9
31 72
37 204
78 160
109 229
61 66
48 89
181 267
183 269
16 60
38 144
182 221
133 178
36 230
205 260
125 265
16 250
80 172
6 199
178 192
122 234
190 212
184 243
49 198
95 170
43 267
12 209
176 197
131 192
80 239
177 255
48 161
7 59
131 213
169 250
38 198
101 227
89 142
60 232
38 262
194 233
158 197
212 230
47 108
63 150
60 70
172 242
189 215
120 242
8 81
59 137
88 234
102 110
145 254
45 49
28 126
13 36
68 265
154 215
64 195
125 155
142 200
57 104
49 268
21 153
109 225
175 180
132 266
18 156
67 181
196 209
183 203
62 66
212 218
81 150
124 229
0 118
21 62
17 254
37 163
171 181
113 221
81 214
72 165
105 269
55 83
160 240
149 260
0 113
142 168
167 237
55 96
145 205
120 233
46 47
86 90
147 165
64 122
144 253
10 200
85 217
9 20
72 149
56 106
40 247
87 244
149 176
75 91
51 62
31 205
145 232
177 236
123 230
158 205
59 237
115 132
163 252
82 209
169 195
13 61
116 142
30 189
115 137
0 40
65 254
81 248
163 187
85 104
118 224
42 197
103 115
132 164
18 202
19 41
60 218
128 184
91 169
141 189
184 269
113 139
2 15
44 100
110 159
42 100
119 229
63 67
33 228
24 36
85 172
80 152
11 151
140 175
70 121
149 205
172 228
17 212
118 215
36 214
26 90
44 163
58 150
145 216
1 150
147 170
84 186
82 108
59 105
87 105
46 180
5 236
43 115
50 172
91 170
89 254
36 186
107 135
26 141
51 70
165 232
8 243
167 182
45 245
19 76
7 249
91 261
79 248
44 198
205 210
24 79
63 105
21 193
4 194
56 249
237 265
54 147
96 182
127 217
11 257
13 105
14 92
26 41
5 30
80 85
46 211
115 231
42 45
83 244
117 215
98 210
215 245
40 119
28 166
47 169
79 257
50 161
70 208
190 200
38 63
42 118
150 172
48 232
217 241
147 235
167 214
87 264
43 156
8 181
20 205
19 103
124 226
102 225
59 182
112 181
59 188
67 235
17 253
4 50
97 156
2 128
137 178
39 243
77 150
22 201
18 254
34 188
126 206
39 183
22 188
113 120
158 255
158 192
11 211
98 244
32 203
85 135
34 137
35 53
148 245
206 254
1 28
46 92
172 189
13 194
24 96
105 252
176 183
98 162
73 103
121 217
36 107
126 237
38 159
63 86
162 261
123 143
150 233
171 185
185 219
183 198
4 133
9 242
76 92
162 242
40 60
259 265
44 269
82 168
83 247
62 256
16 52
22 33
94 130
37 115
102 261
94 98
256 266
132 153
164 224
14 101
71 172
131 153
65 116
130 248
25 30
4 9
118 234
80 190
17 81
11 243
93 128
164 238
119 233
19 83
17 128
56 191
16 183
6 181
119 208
70 97
67 191
87 254
231 255
83 233
85 189
41 89
150 177
62 185
21 134
55 167
94 110
157 159
44 104
149 239
63 165
36 244
48 172
184 230
8 152
178 211
88 195
60 109
38 172
49 234
224 227
21 63
73 205
7 42
135 180
72 92
22 58
38 114
87 167
32 222
141 255
120 213
139 224
21 22
123 140
80 120
13 203
224 230
90 240
78 92
46 122
104 149
117 173
0 18
49 173
115 126
141 226
53 154
57 241
32 220
59 123
83 136
68 236
4 38
163 236
124 264
57 89
92 269
139 253
26 135
161 204
33 260
147 269
17 72
111 162
42 263
159 191
165 251
214 221
157 240
107 264
111 248
105 200
25 164
92 173
111 200
48 221
54 209
232 246
30 169
48 218
17 240
194 258
103 234
136 268
155 255
203 265
120 130
89 185
41 145
21 197
88 143
84 201
135 168
54 124
37 86
164 197
116 234
38 40
239 267
213 229
100 191
6 150
114 135
23 187
252 253
110 167
45 69
110 183
48 84
34 138
74 130
140 269
137 141
13 205
223 269
52 157
26 241
15 126
177 239
161 226
35 140
125 146
21 169
6 163
79 152
125 219
32 192
64 123
170 191
62 72
75 97
32 181
94 210
64 229
5 72
4 61
171 223
197 245
13 112
98 157
210 265
32 110
33 177
73 230
157 232
83 183
73 183
262 264
19 267
83 211
229 253
221 262
199 262
12 224
63 180
4 145
177 208
86 241
158 258
52 91
75 189
86 165
58 168
26 79
25 173
46 249
75 207
174 224
16 126
16 55
232 240
87 249
102 158
25 159
149 213
168 259
95 175
212 237
106 195
128 218
46 251
5 249
112 252
86 123
42 133
20 228
120 227
125 218
216 227
7 49
73 154
121 229
109 127
52 84
146 155
37 194
187 256
24 193
2 256
47 167
62 126
80 267
15 97
79 259
123 235
46 206
62 145
108 135
125 177
141 210
11 22
170 236
260 267
201 261
145 250
18 42
121 132
220 227
217 268
199 232
2 97
140 189
0 47
79 197
21 175
97 134
9 259
66 73
15 151
92 190
62 194
184 246
205 226
66 95
81 211
37 228
26 170
213 263
156 218
46 131
112 185
202 231
4 167
27 259
116 230
140 142
213 247
36 80
199 200
44 57
132 145
57 229
63 235
34 247
113 252
131 158
95 258
111 122
23 242
88 185
184 257
172 230
101 241
59 175
23 95
57 185
18 67
73 229
96 131
33 87
17 33
16 22
16 157
94 195
60 136
72 128
99 178
79 220
128 209
97 206
204 223
13 248
185 201
71 232
51 78
201 250
176 189
39 110
67 225
104 263
32 184
152 260
60 178
96 221
41 230
101 195
224 231
124 167
60 172
3 92
118 128
176 237
133 144
28 129
101 193
117 187
20 186
7 144
16 215
202 235
140 153
83 110
221 263
245 252
19 134
155 214
80 175
145 237
73 129
150 193
66 119
34 41
55 186
157 180
64 186
107 209
210 235
208 255
108 149
180 265
73 218
2 215
123 208
80 117
69 160
61 150
47 245
114 211
63 247
3 240
259 267
114 175
196 251
93 229
177 246
90 111
6 94
0 247
161 206
122 266
140 217
122 192
47 259
110 136
27 83
162 174
52 127
164 210
202 222
32 253
8 214
110 247
25 172
49 76
3 47
157 248
142 253
128 186
128 146
127 238
130 131
42 226
152 180
94 170
34 105
208 250
206 250
221 249
80 148
43 101
143 238
28 121
51 265
90 185
199 246
79 242
35 199
64 143
131 256
84 113
13 243
68 263
7 23
179 210
131 181
8 122
92 179
9 68
118 144
90 99
97 107
140 192
28 249
125 228
149 210
2 17
21 160
98 166
131 214
17 213
32 52
121 248
6 120
10 166
16 160
18 182
110 141
59 191
239 262
168 186
20 194
152 178
35 145
193 221
267 268
90 100
61 131
36 110
175 214
73 119
18 203
15 104
216 253
76 158
140 166
75 238
104 166
43 56
85 194
112 189
208 228
109 233
46 214
14 233
87 141
174 193
149 201
70 78
39 109
14 58
95 218
35 138
12 240
147 208
27 188
56 71
55 76
23 86
99 158
64 180
135 240
16 19
254 260
61 223
125 206
100 159
18 166
25 58
10 162
234 260
206 220
27 174
101 222
58 129
115 236
104 159
155 258
3 256
27 125
64 129
33 88
122 268
162 179
62 224
56 168
36 262
86 192
176 239
179 227
92 267
118 249
144 256
45 72
71 245
53 230
148 173
138 167
120 195
22 29
34 170
82 173
211 214
78 149
32 238
183 225
86 133
56 189
148 264
106 186
210 255
41 144
164 171
68 108
26 264
9 89
26 259
29 213
249 257
70 265
62 265
46 196
1 112
15 267
35 266
145 148
52 156
46 176
32 208
6 48
104 246
91 151
114 178
206 249
141 186
68 190
132 150
40 76
86 230
20 29
140 236
12 211
134 194
14 134
55 263
39 120
147 175
1 6
109 163
46 191
8 20
9 16
91 130
190 253
16 208
71 171
65 233
132 154
209 237
4 210
102 124
155 267
198 241
5 168
102 223
194 224
53 107
23 131
118 146
86 142
79 174
28 78
39 192
12 170
62 220
178 180
109 114
39 242
109 164
204 251
65 100
87 231
253 260
166 200
13 215
33 185
56 90
95 163
83 142
111 212
101 102
93 218
96 216
75 81
110 156
97 171
150 201
62 241
55 236
184 192
108 248
154 216
178 225
63 265
8 196
17 220
72 100
179 194
158 236
60 259
166 189
46 106
41 134
77 128
10 83
109 196
20 100
77 202
38 59
210 242
2 98
77 159
27 66
87 114
101 203
90 106
4 199
91 129
1 224
52 218
63 122
44 65
1 204
1 231
74 127
88 145
39 193
96 162
229 261
48 187
162 241
132 205
84 124
242 246
134 166
49 256
69 239
197 201
23 212
166 239
49 179
37 124
116 231
163 226
66 74
48 150
255 268
136 230
261 264
52 82
8 63
81 161
148 249
13 109
54 221
168 197
53 86
265 266
12 258
141 225
72 179
188 247
176 187
236 252
163 266
83 179
194 208
55 112
133 240
100 252
120 204
46 169
159 218
67 94
117 256
97 258
20 193
116 145
93 171
79 233
96 209
83 148
37 266
12 97
8 161
58 192
135 161
120 224
192 208
154 214
158 161
173 180
141 142
9 171
114 121
200 205
168 223
118 134
171 265
62 184
67 200
30 200
227 244
178 226
5 233
43 239
113 256
33 183
28 190
141 166
119 149
224 267
15 145
34 258
160 211
170 230
157 179
192 227
6 268
44 109
122 134
142 237
150 174
168 192
132 188
58 227
36 150
136 238
30 254
31 121
170 254
5 115
40 105
44 139
134 143
120 197
51 244
23 173
101 146
98 268
32 246
89 113
3 209
165 218
105 191
92 166
76 164
121 205
227 229
35 94
45 150
25 191
41 183
175 223
154 266
34 112
81 144
22 267
52 145
77 251
9 12
110 151
116 176
72 269
200 210
101 138
111 158
45 56
88 135
219 231
106 190
111 215
0 90
83 117
99 237
54 65
185 232
19 187
159 211
36 129
43 269
19 241
96 167
255 262
12 186
68 122
116 135
163 264
141 224
39 158
215 239
19 122
90 104
240 255
137 203
27 147
44 206
39 137
100 203
105 110
114 215
36 197
63 90
139 244
126 205
52 140
253 258
38 178
127 212
30 69
15 16
39 101
140 224
60 119
127 185
13 58
2 99
73 228
41 155
54 157
18 35
69 81
39 191
44 188
194 244
231 235
160 202
88 227
44 143
17 152
18 87
83 85
59 100
114 256
208 265
69 151
70 248
76 206
76 85
160 244
84 167
10 212
36 191
164 237
121 251
42 165
10 197
92 214
75 85
0 212
55 172
0 62
22 59
138 251
152 158
173 185
98 129
104 245
154 176
227 234
37 99
50 227
209 261
162 239
136 181
4 47
51 252
143 249
81 175
105 175
66 246
13 90
73 127
75 267
219 254
121 265
120 192
213 253
31 136
131 261
149 152
235 248
225 253
144 145
152 203
3 75
236 242
105 251
37 179
107 128
36 176
53 85
61 269
100 220
23 117
156 233
192 231
178 240
130 193
2 28
49 89
57 172
8 28
68 258
107 212
82 199
128 228
22 167
94 107
12 137
182 257
15 112
96 263
120 203
59 156
95 195
74 88
68 109
78 102
1 157
89 210
91 267
59 102
45 97
39 222
40 198
106 203
33 155
31 62
82 239
188 261
129 143
53 56
103 117
50 225
178 191
143 188
76 183
85 167
64 79
104 116
117 184
29 185
216 252
104 226
18 30
7 145
20 87
9 75
73 161
82 97
101 218
110 144
12 108
154 208
104 114
46 265
64 210
15 148
8 113
47 238
216 237
107 233
39 130
68 170
141 179
126 208
105 127
97 214
77 84
12 142
43 103
76 190
56 148
24 204
31 68
7 253
33 50
0 6
131 245
49 221
3 67
110 127
194 256
28 91
39 261
46 134
28 229
40 222
175 260
70 122
77 255
47 174
75 138
38 52
37 63
17 237
8 73
172 237
173 194
153 222
59 136
78 218
3 7
118 259
169 256
122 209
124 201
178 207
7 136
162 188
73 253
158 242
37 203
21 47
39 182
133 253
137 156
13 152
87 106
72 141
133 187
19 166
22 68
107 115
128 162
21 186
65 188
140 254
14 50
111 139
147 183
36 44
50 228
44 181
58 269
125 231
183 250
16 230
185 240
107 178
87 137
59 266
136 224
154 259
142 183
39 102
88 91
58 267
11 173
98 230
19 118
47 131
159 221
125 216
153 203
44 81
128 236
22 199
10 131
25 117
82 117
36 250
71 246
211 233
58 156
174 210
10 163
170 256
94 238
189 197
27 50
46 90
108 259
76 77
142 194
27 114
13 123
42 199
194 239
59 203
25 188
94 248
31 233
196 206
2 189
57 91
17 59
28 62
25 202
239 256
106 168
175 221
13 200
53 185
0 135
37 52
48 113
188 190
61 253
231 259
123 158
177 258
253 267
41 168
16 172
198 228
99 259
34 190
9 193
84 158
42 68
160 198
197 216
168 210
115 150
87 88
55 84
59 91
27 135
99 157
121 175
45 65
12 257
22 200
47 150
112 232
25 41
45 187
72 120
66 222
181 219
150 204
5 66
222 248
30 61
266 269
75 231
202 216
48 197
95 227
107 229
190 194
18 223
42 195
105 128
193 255
4 8
50 198
19 113
50 185
9 99
79 110
239 243
31 239
83 264
34 50
7 150
67 237
98 181
135 225
46 222
20 67
70 79
19 91
82 246
90 95
242 249
3 165
26 184
58 155
132 259
149 171
181 251
118 220
29 47
109 168
63 126
137 219
180 186
135 253
190 234
11 57
169 265
98 211
66 201
9 55
18 211
196 230
134 140
202 260
51 250
219 258
133 188
226 255
20 33
133 205
132 216
19 218
70 82
85 265
245 266
24 173
23 102
75 180
195 207
24 95
67 194
60 135
219 240
119 180
53 123
13 260
29 172
19 112
125 213
101 242
61 113
99 113
15 160
75 133
32 173
54 151
40 140
175 251
179 238
7 16
4 187
8 258
79 118
81 88
52 221
51 181
195 232
84 182
46 252
107 263
67 112
34 208
21 83
166 250
156 219
84 128
3 94
119 247
61 104
202 225
4 78
14 38
205 244
3 76
149 196
86 140
75 228
48 138
57 214
38 112
166 175
58 139
56 263
146 188
23 176
181 233
190 225
167 196
123 214
53 149
9 140
31 147
49 211
11 269
81 228
79 141
52 261
143 156
99 173
1 255
103 121
54 210
43 118
50 67
194 269
54 138
57 267
71 223
50 223
92 265
70 204
162 213
112 129
181 263
109 119
127 219
170 203
89 131
46 226
61 93
14 221
111 220
119 172
106 182
175 185
58 61
110 178
10 70
89 208
79 134
12 123
1 144
73 123
60 200
121 168
171 226
35 64
198 226
11 159
35 233
92 111
108 154
59 115
11 19
2 250
98 252
0 126
15 115
6 265
170 223
160 262
36 199
173 205
135 159
58 188
186 198
47 264
46 104
36 178
178 182
63 65
72 152
128 249
115 225
106 243
18 180
69 173
116 247
72 238
134 165
81 201
61 129
4 160
122 216
236 245
0 148
211 261
38 189
17 130
130 208
56 161
214 247
53 135
96 224
97 166
120 182
104 109
32 46
41 135
85 218
15 26
4 107
12 69
131 204
222 232
121 249
136 251
6 192
101 132
24 178
125 135
55 111
71 194
68 199
52 65
137 199
42 102
37 201
3 171
104 213
63 136
25 224
48 114
76 100
179 244
149 266
43 218
78 236
30 56
175 242
53 150
156 197
69 144
177 237
68 188
167 230
21 157
86 115
65 211
81 226
36 218
102 248
28 80
47 249
38 240
82 141
80 170
109 123
71 150
115 244
55 181
16 130
10 255
76 248
123 251
93 155
87 100
71 103
118 269
228 260
34 184
148 217
6 225
31 77
25 75
23 246
67 100
61 170
51 226
1 143
46 94
183 229
6 197
73 152
169 175
19 125
175 191
238 263
207 264
98 135
20 53
129 192
24 142
175 247
84 125
135 202
164 250
195 196
92 222
43 263
158 198
153 166
35 257
139 179
126 248
110 199
158 227
40 231
104 134
86 266
42 81
173 217
96 116
51 96
100 186
76 94
23 221
12 90
108 174
202 268
11 29
253 263
123 233
1 85
37 241
53 94
170 237
43 211
64 101
143 186
82 229
198 252
27 143
211 238
97 242
1 152
51 74
15 149
7 33
117 264
91 162
29 136
171 195
137 144
18 90
60 236
3 98
118 243
205 228
148 208
252 259
78 262
71 244
75 188
167 186
162 203
77 231
155 192
122 256
62 71
36 83
45 125
216 245
178 194
152 237
254 264
13 163
133 245
131 248
118 206
56 246
104 233
169 207
72 205
58 260
126 160
23 241
20 256
27 203
146 212
29 103
7 58
24 200
4 94
75 139
116 196
51 158
135 261
129 158
47 207
48 223
12 128
37 244
6 82
90 258
39 127
112 245
81 128
15 191
75 112
198 215
81 172
207 231
8 123
20 247
70 269
32 119
90 214
15 48
171 198
144 204
4 20
151 266
72 249
12 228
106 153
230 267
68 118
80 127
195 260
34 144
93 185
31 102
80 98
29 100
176 191
3 153
88 141
151 171
99 102
69 88
4 217
124 192
135 266
128 261
3 43
109 259
117 200
65 154
81 190
120 169
91 247
63 64
31 74
82 134
69 156
3 210
175 229
178 187
70 218
117 168
20 210
215 222
55 138
69 204
23 127
24 201
216 243
2 123
0 194
11 167
85 115
63 171
118 231
85 197
47 145
30 136
135 264
95 245
74 93
0 128
98 116
64 264
27 63
65 117
154 212
46 218
38 147
26 77
72 220
89 110
34 163
55 95
71 221
0 221
27 162
71 159
68 73
35 240
72 168
0 1
36 189
128 267
241 243
6 23
13 130
61 73
77 215
136 144
204 248
27 132
149 221
136 205
100 139
49 204
201 216
185 248
41 49
88 100
22 204
4 28
78 241
111 266
56 251
90 159
81 267
66 139
88 133
4 176
80 188
141 152
133 249
43 220
135 239
122 139
43 207
61 169
3 199
90 119
200 252
149 228
11 191
68 74
0 210
187 240
119 259
12 237
29 238
27 155
197 252
176 184
108 125
109 247
17 267
80 254
155 204
203 248
179 231
74 193
13 155
200 206
206 264
112 166
227 231
103 138
144 193
13 24
228 246
174 203
2 120
185 265
2 40
4 112
159 179
220 223
243 246
41 233
48 209
113 207
126 180
205 217
155 252
7 87
89 203
168 254
143 255
100 232
5 59
114 119
106 206
53 237
170 188
65 66
81 119
54 139
90 149
18 28
18 140
30 181
81 138
85 190
21 167
4 228
214 218
95 268
39 244
35 50
14 166
100 184
102 199
125 256
1 206
77 260
42 250
192 239
136 212
1 70
35 55
72 161
28 46
165 183
218 248
30 71
90 224
142 221
120 164
16 53
79 228
91 199
0 48
92 211
85 200
185 225
211 256
166 183
191 232
30 259
23 245
92 125
48 99
29 89
114 239
102 231
62 211
117 141
86 137
129 247
135 214
34 225
45 248
102 184
51 266
32 69
0 206
69 86
51 162
159 258
136 249
107 110
49 231
65 93
54 150
124 212
159 230
126 215
103 225
44 122
11 160
90 221
229 269
240 266
48 207
199 251
152 232
23 165
22 195
14 84
96 115
101 237
133 147
130 247
125 133
106 178
154 224
193 224
23 145
88 221
40 165
136 264
80 149
196 253
154 203
97 126
29 254
57 252
117 243
39 230
166 224
119 195
45 164
68 146
164 242
112 190
116 220
26 31
193 226
200 239
38 108
161 190
114 200
168 265
206 260
105 138
190 220
52 228
58 257
86 178
27 59
29 106
58 140
50 79
73 116
33 47
134 157
90 213
32 245
183 202
72 108
163 255
146 235
60 78
100 136
114 115
35 177
203 246
117 234
183 247
39 235
40 233
113 248
98 197
166 220
101 145
182 184
66 104
127 162
15 64
67 101
25 227
119 124
192 222
26 86
155 239
165 254
9 155
144 239
87 149
21 204
41 170
103 151
190 214
65 141
193 208
14 239
23 251
155 220
198 222
25 131
117 219
13 122
7 127
30 59
2 122
43 163
44 186
60 101
82 263
135 158
193 231
6 156
72 216
144 203
116 131
91 112
22 140
232 237
25 65
125 246
235 247
6 67
36 111
4 148
83 94
191 199
103 250
146 250
7 50
44 58
104 117
91 179
57 83
45 194
229 248
198 211
135 210
71 258
153 239
64 247
147 184
2 37
42 208
117 258
130 146
178 218
182 192
203 261
12 107
185 210
42 123
74 234
131 230
40 59
23 103
73 268
177 188
152 221
56 256
43 223
53 140
33 189
63 155
16 153
94 243
187 248
127 205
152 242
101 192
163 192
99 170
197 259
108 153
166 192
22 131
231 236
161 165
219 261
59 133
185 196
106 225
130 228
44 115
111 153
180 245
190 237
99 126
189 240
37 178
1 252
32 175
70 182
38 90
187 263
72 163
20 200
223 258
10 151
89 244
129 268
28 79
38 85
127 169
39 40
60 90
55 234
2 84
70 72
115 149
39 177
5 257
35 80
143 201
122 152
95 264
43 242
48 206
92 134
194 251
202 219
109 134
