276
3
25047
60
389 2
192 2
733 2
233 4
414 2
192 3
667 3
267 1
557 4
506 2
492 1
728 1
72 4
314 1
235 2
123 1
473 3
356 4
665 5
339 3
170 2
154 1
307 3
304 5
390 2
659 1
535 5
395 1
502 3
628 4
652 4
297 1
712 1
196 2
477 1
592 2
379 5
531 1
656 2
477 4
725 4
503 2
301 4
181 2
168 5
783 2
661 2
243 5
292 4
658 4
261 3
175 5
694 2
598 2
592 4
772 2
120 2
611 5
278 3
244 1
761 4
653 2
120 3
220 1
779 2
713 3
610 4
92 2
115 5
751 3
195 2
453 4
635 1
531 1
638 3
700 4
391 3
745 2
705 1
418 3
295 5
161 3
786 4
291 2
452 1
292 5
137 4
384 1
757 1
499 3
652 4
324 2
560 5
551 3
256 3
130 2
675 2
459 4
388 5
71 4
780 2
315 4
564 1
527 4
340 4
407 3
380 5
282 5
509 1
419 2
498 5
680 3
459 3
115 4
676 3
571 3
741 5
319 1
623 4
234 4
164 2
429 1
737 2
589 3
440 4
192 3
179 2
492 3
425 2
591 4
704 4
128 1
699 5
348 5
743 3
582 3
720 5
381 2
490 3
261 5
426 4
279 1
458 4
712 5
195 5
473 4
204 4
577 2
726 4
564 2
176 3
754 4
554 3
123 1
343 1
501 2
189 1
202 2
433 3
210 3
698 1
127 2
290 2
559 2
232 1
284 5
81 1
446 4
544 3
644 2
549 3
149 2
621 3
653 4
396 2
586 5
479 4
92 1
593 2
578 2
423 5
473 4
244 2
198 2
653 2
507 3
166 4
494 3
156 4
772 5
97 3
652 2
335 5
520 4
732 4
494 4
755 1
630 4
120 2
145 2
705 1
601 4
575 3
532 2
158 4
768 1
241 5
572 1
228 5
553 1
510 3
58 2
415 3
108 1
730 1
437 2
135 3
393 2
482 2
547 2
472 1
431 3
203 4
738 1
297 2
671 5
154 3
252 4
695 2
126 5
481 4
485 2
242 3
505 1
557 1
513 4
134 2
785 3
186 5
610 5
398 4
335 2
739 4
94 1
184 3
88 1
686 3
389 4
422 4
576 5
204 4
232 3
580 4
423 5
568 3
218 3
765 4
493 5
429 3
332 4
417 3
141 3
57 4
534 5
659 1
288 1
404 3
763 5
445 5
63 3
734 4
764 1
724 2
658 1
387 5
583 4
48 58
2 76
152 219
167 190
124 253
126 251
110 206
124 182
7 160
76 193
187 188
135 141
14 57
185 217
33 163
220 240
34 244
68 135
8 134
62 91
129 262
35 199
32 121
188 214
54 96
161 204
148 241
23 192
139 213
121 133
106 117
118 164
160 192
20 82
126 252
175 189
28 113
73 195
115 133
18 148
49 155
11 232
62 103
21 160
37 121
46 74
0 122
85 136
39 226
156 227
26 248
188 237
112 260
40 140
27 217
10 239
134 144
55 219
0 138
25 45
79 110
94 262
41 119
69 222
116 238
4 26
151 261
82 193
15 188
38 181
77 190
160 256
47 64
6 64
23 271
13 160
23 124
113 192
91 92
13 185
138 258
93 120
68 233
85 181
23 206
152 175
10 175
110 151
26 98
48 140
44 249
140 190
259 271
142 216
223 264
138 171
21 49
53 116
62 268
200 243
141 263
89 201
180 268
45 80
3 93
97 182
237 265
18 87
31 204
60 153
93 197
186 202
175 261
10 192
14 132
193 244
133 228
155 209
169 238
51 141
193 213
87 157
36 121
7 268
171 191
142 238
19 201
85 173
56 134
71 249
171 173
17 72
205 232
79 271
6 71
11 124
46 262
107 177
65 117
26 242
100 246
39 167
22 177
66 160
48 205
182 258
105 194
72 189
88 141
200 226
31 158
224 244
216 218
266 271
26 39
46 252
127 237
154 272
29 258
162 188
56 91
19 73
52 252
126 139
163 258
22 91
77 209
159 168
238 254
119 226
118 181
188 195
40 57
154 174
128 200
5 22
90 160
215 261
138 221
164 205
9 164
77 256
53 57
112 235
183 256
27 155
3 181
36 143
164 246
94 115
13 209
105 214
17 135
12 13
14 171
34 147
45 214
177 232
56 161
14 89
2 92
1 72
64 243
0 206
13 228
9 148
24 60
127 185
212 231
55 77
96 192
39 66
73 94
74 236
28 199
80 190
174 259
35 266
90 252
61 66
191 270
145 191
59 102
68 129
54 232
16 220
27 51
33 228
54 265
1 148
172 176
28 49
1 45
8 154
19 125
102 157
219 251
94 108
197 238
168 254
37 131
118 271
231 240
169 196
132 227
25 37
131 150
49 140
62 88
1 242
231 270
74 188
145 247
168 201
31 259
94 171
117 179
84 264
118 121
99 199
50 129
0 128
12 26
230 265
244 251
47 251
124 125
221 241
10 259
189 230
240 265
85 101
55 151
149 201
118 273
47 258
222 259
26 36
19 251
125 179
73 210
110 123
48 51
70 238
59 205
157 229
83 245
97 196
197 199
124 134
233 260
7 250
190 271
205 230
269 273
214 249
163 165
80 99
34 48
119 249
83 98
231 273
25 147
46 205
16 161
32 163
164 268
51 57
257 261
85 144
130 225
3 216
73 196
151 260
72 100
12 63
62 98
49 53
131 214
103 119
8 256
69 93
87 227
38 46
27 186
157 159
112 230
79 249
44 186
215 263
61 133
106 123
3 71
120 188
62 275
75 255
8 68
46 120
77 269
3 119
5 243
72 234
89 149
37 76
158 172
33 266
245 273
77 85
73 200
134 226
15 274
19 141
74 157
56 111
93 114
34 159
57 185
80 228
85 254
196 219
260 261
112 181
146 242
55 94
172 236
47 121
98 207
137 199
84 257
224 258
89 121
115 167
181 218
16 55
55 209
72 260
57 249
69 194
70 167
71 177
52 268
176 235
11 193
134 216
124 192
163 252
66 96
18 140
122 162
57 192
37 91
6 197
113 123
1 172
89 179
84 142
208 275
113 121
106 230
216 259
131 247
84 158
19 269
50 191
48 255
25 133
21 141
82 134
57 236
83 137
153 250
148 222
63 157
172 207
119 130
138 175
151 267
157 173
102 179
51 64
59 172
18 158
154 194
135 260
52 161
91 223
64 224
139 171
6 26
141 187
80 199
6 92
42 101
19 270
80 149
22 142
182 248
107 273
31 257
194 211
175 236
51 218
112 238
155 215
77 261
95 205
45 153
21 86
95 226
140 211
205 220
122 199
55 153
90 213
177 262
73 106
125 152
65 230
18 180
174 218
34 178
158 251
187 198
63 156
97 260
43 222
35 47
112 182
15 275
81 256
38 174
84 208
184 206
73 224
183 263
106 148
69 116
83 100
215 220
91 208
169 242
96 236
77 160
64 96
177 215
6 249
47 90
217 222
193 252
5 21
110 189
217 241
64 252
49 57
112 232
76 159
43 206
19 93
55 263
228 239
52 247
16 170
53 68
151 206
66 154
126 224
49 176
54 264
6 170
20 264
24 262
31 139
210 248
136 271
105 148
36 264
180 229
136 200
106 113
79 178
4 245
76 209
138 160
145 264
145 205
118 178
56 129
29 98
34 142
211 234
74 238
168 243
35 131
33 158
100 248
61 72
33 184
17 200
169 249
48 81
136 159
162 185
62 89
187 209
178 257
144 266
7 249
189 265
66 166
33 73
16 20
66 259
64 214
159 183
121 137
251 272
59 229
155 199
149 192
18 28
75 266
1 102
181 199
49 256
210 241
95 135
50 67
105 241
167 248
2 89
200 211
7 149
214 226
13 152
235 237
90 108
241 255
34 236
76 173
237 245
48 201
84 238
157 212
173 222
49 159
100 116
42 80
27 212
10 174
165 187
63 255
121 262
134 190
18 116
83 95
0 162
114 267
121 155
129 140
46 250
42 73
22 267
28 236
1 58
59 250
119 157
160 255
108 211
74 147
208 233
18 151
4 85
35 71
23 129
127 269
93 182
13 86
55 244
51 242
89 260
120 136
61 173
57 150
6 189
45 208
154 238
2 220
74 206
36 70
88 214
173 182
68 118
169 203
195 203
180 238
117 214
179 259
167 252
32 151
68 150
31 220
32 60
99 262
145 234
21 238
7 154
261 270
186 244
54 192
29 178
244 262
7 81
77 172
50 56
104 134
19 254
64 150
59 190
23 164
169 185
149 207
21 240
4 102
156 234
58 188
106 112
99 246
21 239
117 136
61 204
7 201
107 255
135 193
18 145
31 154
74 211
23 150
207 209
98 134
153 273
7 188
110 215
187 190
63 64
116 214
62 254
41 44
104 259
107 123
114 219
232 234
115 204
43 195
63 116
50 138
66 195
18 65
111 125
155 262
90 258
51 84
39 132
104 129
142 253
213 242
1 34
101 199
124 259
50 91
19 22
62 263
114 139
235 252
0 272
6 43
53 219
2 191
69 255
9 110
114 158
51 134
177 178
158 233
10 135
15 150
63 245
76 109
183 193
132 170
88 208
80 203
36 237
61 182
140 166
163 211
8 99
263 273
76 167
151 163
80 123
177 179
214 262
178 242
93 192
163 216
8 23
144 190
41 110
57 241
86 179
34 237
71 208
129 147
143 212
91 241
114 186
73 259
0 201
25 212
20 121
55 237
204 243
15 189
53 251
50 58
50 236
116 154
219 227
128 221
115 128
89 160
75 153
79 116
94 193
29 78
111 126
163 197
64 170
125 250
169 170
29 227
261 265
220 236
81 148
9 223
4 50
86 105
132 264
11 128
75 168
117 187
45 139
5 236
142 264
16 24
82 250
60 151
82 131
168 259
146 165
15 148
8 257
95 185
47 164
123 186
8 45
16 215
23 91
101 111
67 141
59 67
64 102
181 202
83 96
33 134
101 268
9 237
115 242
37 256
185 207
65 174
162 169
202 215
51 77
135 254
185 225
169 184
17 138
240 263
86 257
5 23
12 84
25 219
145 201
94 273
171 257
98 120
241 263
26 38
135 222
7 127
93 240
21 265
110 259
157 205
20 155
68 168
32 82
63 138
108 136
24 195
152 245
84 244
76 110
141 169
50 69
106 172
86 151
123 134
71 255
166 202
120 275
171 212
153 213
126 160
26 264
24 164
68 176
169 226
225 262
195 228
103 206
79 187
110 196
3 194
80 231
187 222
34 199
107 207
71 162
74 271
59 103
18 22
96 217
47 57
31 142
78 99
109 148
3 86
134 257
97 114
122 161
14 248
17 195
74 80
79 137
71 195
10 29
116 203
66 107
203 238
18 245
198 219
40 95
74 90
54 226
45 65
117 215
204 267
111 227
97 175
107 143
210 245
160 179
55 266
85 153
20 33
85 113
112 272
6 133
203 233
132 204
91 180
13 14
6 213
150 196
89 259
21 201
4 63
156 175
157 216
141 199
30 164
81 212
86 260
239 254
68 131
88 227
39 63
25 149
54 104
130 162
215 243
233 272
67 187
23 240
49 228
40 106
84 195
186 256
10 205
77 132
151 196
93 200
133 242
10 122
263 265
56 239
39 234
234 266
199 218
85 108
68 84
199 212
27 268
261 269
100 270
217 231
34 186
72 91
19 80
6 9
50 214
29 50
77 250
136 243
210 228
199 228
42 266
3 74
24 258
123 180
25 35
116 264
21 191
37 223
207 260
235 266
4 31
226 274
85 137
49 134
148 219
17 191
123 155
67 136
39 245
82 104
130 229
5 264
12 120
14 206
13 136
121 171
100 265
74 172
63 109
5 55
112 141
27 99
161 214
123 266
6 252
8 133
12 216
228 269
5 203
119 136
81 150
72 218
140 222
8 226
42 231
93 207
13 234
223 241
90 206
149 260
152 268
217 229
4 257
104 258
70 207
113 129
40 46
111 253
66 125
52 190
91 177
125 274
245 257
90 210
5 125
146 271
36 236
89 241
190 250
111 122
24 171
41 260
51 129
12 255
50 93
56 72
140 247
49 250
0 143
170 222
33 84
58 230
53 123
128 169
141 150
38 48
11 196
21 244
165 231
86 231
1 200
49 171
72 176
59 160
44 91
25 56
31 111
78 268
18 42
46 141
86 205
38 249
2 105
100 234
119 158
222 270
174 236
34 103
122 274
152 226
148 231
161 170
30 264
197 220
40 216
137 254
92 241
60 74
121 164
224 272
74 251
134 176
193 212
122 175
190 215
109 232
92 131
50 146
168 186
157 188
152 187
186 254
134 169
11 154
36 231
51 213
244 260
127 233
69 217
32 195
28 194
234 255
135 183
69 267
158 182
41 206
107 244
54 213
75 181
73 254
66 117
208 231
179 241
21 83
181 241
82 147
177 208
182 274
17 258
8 143
17 152
40 213
107 265
64 125
13 251
166 249
58 76
4 106
33 165
219 233
52 218
93 124
193 249
168 220
38 166
54 144
208 255
8 10
230 234
167 246
71 222
174 228
17 272
18 206
34 112
74 129
37 58
19 118
64 237
39 47
52 79
122 147
116 255
151 229
247 260
18 172
242 271
132 246
91 173
152 207
187 239
22 89
185 231
62 96
27 207
182 270
234 254
10 275
64 136
128 254
93 139
146 247
80 176
105 176
208 244
22 48
149 243
49 208
40 215
190 209
162 268
108 241
9 133
17 87
39 192
39 52
126 135
71 149
23 157
82 133
7 218
228 251
125 150
133 201
110 251
82 106
110 229
87 109
167 214
11 156
34 220
120 233
16 168
73 79
221 237
71 143
45 215
102 233
17 120
121 177
21 109
57 210
43 167
223 227
211 226
6 35
201 259
75 209
198 249
28 204
34 182
41 98
20 233
105 123
152 196
48 212
18 85
25 264
39 59
46 270
189 257
59 88
11 246
36 137
92 135
10 103
50 128
55 271
72 110
129 179
79 124
65 238
184 201
76 95
234 267
53 84
1 201
10 13
128 268
37 235
176 252
198 218
243 269
116 150
48 269
2 165
10 83
171 186
18 59
45 97
112 152
114 179
183 269
57 79
120 255
39 220
115 179
15 32
137 186
57 200
134 233
51 248
13 15
17 198
5 37
213 220
203 219
129 268
2 95
99 173
11 149
22 233
71 266
19 66
4 225
38 189
75 262
69 70
141 244
2 132
243 245
72 226
93 123
237 260
67 237
151 240
62 67
19 123
155 186
199 231
30 187
18 72
161 215
52 194
64 65
116 119
171 204
82 182
89 125
89 251
191 269
191 248
161 171
6 32
181 209
227 252
26 129
55 121
163 271
9 174
45 115
115 191
223 273
71 141
36 63
70 215
68 259
168 209
38 199
117 242
257 274
190 247
71 119
127 163
170 240
210 262
45 194
177 259
42 51
180 223
67 115
201 249
92 175
170 215
114 233
119 255
127 227
121 257
37 219
117 161
55 146
27 234
100 185
41 258
58 217
4 206
176 219
108 184
268 275
56 240
115 177
31 123
158 252
94 140
225 268
8 126
179 231
259 266
44 208
19 241
53 208
121 195
31 99
86 261
69 182
175 225
235 258
74 274
8 252
8 26
145 239
115 239
170 219
203 209
13 151
47 131
37 233
164 200
49 66
28 172
117 244
124 221
171 214
167 200
78 111
174 190
40 113
173 244
70 196
77 198
48 228
26 104
30 64
100 201
104 237
30 100
0 64
38 266
21 100
10 217
88 100
162 273
7 75
43 194
29 242
94 215
9 153
49 128
69 98
142 145
81 245
40 147
10 261
43 168
6 29
154 214
40 177
185 253
154 255
1 12
133 266
50 113
6 38
10 100
7 44
99 194
56 95
91 167
12 275
125 172
118 225
236 259
195 222
17 20
167 258
106 107
66 76
58 145
141 202
110 180
105 239
224 249
6 14
7 10
101 257
75 258
6 13
200 245
10 81
208 226
17 82
46 216
1 120
31 145
236 254
3 7
122 256
26 217
52 198
130 182
138 180
57 61
136 170
47 194
116 124
39 168
26 115
8 61
53 159
145 189
136 179
70 84
71 152
29 213
15 268
60 104
78 108
174 252
50 171
95 275
220 241
190 264
192 270
51 269
117 235
97 195
6 214
6 97
225 246
97 173
73 116
24 28
115 228
125 242
121 244
45 83
72 221
65 142
116 201
20 150
2 255
112 259
70 166
64 130
95 272
102 103
135 230
41 165
219 229
27 42
41 271
97 120
49 184
22 180
96 215
120 229
111 188
13 79
150 275
15 208
78 180
22 272
104 255
200 204
169 192
43 181
78 121
122 232
88 219
170 179
149 234
53 231
115 241
87 144
184 232
125 171
99 225
70 149
49 83
72 247
141 155
154 218
44 104
167 269
205 237
85 222
3 113
125 258
109 244
122 193
109 184
79 243
74 114
0 219
77 81
196 236
154 267
93 162
69 112
14 188
192 237
68 264
49 117
5 263
44 246
193 243
54 209
71 245
63 228
188 205
7 143
138 153
68 103
127 181
47 81
109 133
47 233
31 244
199 206
35 241
51 110
118 238
7 224
25 207
92 256
87 268
255 274
96 102
135 155
134 189
77 220
80 113
26 97
56 120
7 53
13 216
103 163
12 91
5 9
26 197
118 165
142 219
31 155
80 145
53 117
97 132
151 241
84 167
178 192
3 147
137 275
38 167
101 163
56 94
141 195
150 158
98 202
2 274
1 186
29 247
53 186
48 210
211 220
187 228
162 256
98 105
22 170
41 124
131 152
68 239
88 241
106 246
15 264
78 253
143 206
210 225
109 237
50 271
123 209
110 134
257 265
54 182
203 246
41 164
241 244
35 228
11 96
114 251
5 8
80 250
114 193
173 234
72 164
87 99
98 129
27 222
19 35
58 179
65 241
197 231
32 161
18 66
23 237
112 193
70 154
122 219
98 153
72 83
23 239
236 242
122 259
4 176
221 248
107 246
29 56
42 238
76 200
155 210
202 227
15 52
7 134
49 263
228 242
225 229
128 224
61 225
32 33
152 244
126 162
186 211
152 240
48 219
121 139
21 181
21 80
90 101
114 240
41 77
74 176
172 225
109 142
150 234
191 208
38 197
178 212
79 227
33 131
99 193
121 200
25 241
112 269
103 156
35 95
78 141
124 217
24 237
71 118
30 157
53 198
40 158
36 47
199 262
166 251
201 275
130 238
104 221
126 169
21 229
35 250
83 177
4 79
221 254
98 106
167 204
246 257
67 200
103 271
177 200
116 171
108 219
40 123
90 225
143 273
43 155
38 75
26 110
86 230
13 55
230 262
40 159
53 95
13 246
48 256
28 118
112 185
31 192
129 195
162 229
185 221
143 158
57 146
17 250
3 250
92 267
88 99
163 176
18 170
45 247
150 274
150 177
41 55
42 43
121 188
47 138
52 108
177 189
99 139
105 235
5 268
187 261
26 89
49 52
197 222
164 249
6 268
10 114
109 212
150 218
174 243
55 217
109 266
104 252
96 224
77 109
5 185
11 32
25 137
39 103
9 17
14 126
5 131
245 258
240 268
186 218
153 164
176 185
37 115
108 143
2 199
63 163
210 237
152 262
13 61
1 236
34 57
185 206
91 253
97 126
211 238
1 15
80 124
3 78
62 156
123 145
216 253
65 144
44 194
39 94
25 192
34 129
61 260
175 239
34 274
23 174
83 262
175 213
98 196
67 128
111 127
61 245
52 182
194 269
100 169
148 228
231 234
81 91
31 270
175 246
12 128
59 161
20 165
20 129
20 80
74 221
74 161
30 52
222 240
155 245
12 179
225 269
9 140
30 61
158 255
88 187
15 78
234 243
99 232
165 242
1 13
79 143
146 190
84 92
64 211
106 203
180 198
19 179
145 208
34 157
21 117
54 156
32 83
46 166
48 107
47 124
200 264
86 176
122 216
22 207
42 108
6 86
101 166
25 144
21 230
136 155
221 253
49 173
53 153
10 55
22 37
184 257
19 41
95 222
49 179
157 234
40 170
32 70
42 112
164 172
56 180
69 207
188 226
46 233
140 187
19 147
46 50
204 234
63 79
193 267
94 271
95 255
8 14
188 240
134 218
32 168
109 122
55 97
160 231
119 195
197 258
98 250
75 147
219 225
152 188
35 219
14 100
77 158
12 229
85 149
211 233
41 190
144 247
36 272
88 148
166 227
30 204
140 273
110 223
56 64
4 78
132 247
87 154
17 123
40 72
36 212
14 236
73 160
33 77
41 86
28 248
70 221
61 221
112 132
229 267
258 273
126 170
204 245
109 158
131 263
170 175
120 146
26 33
17 125
99 119
14 254
167 272
68 181
55 122
30 43
261 268
66 230
194 204
133 152
31 167
83 120
161 223
211 239
48 108
178 248
55 246
86 198
3 230
101 185
133 166
8 242
160 252
223 224
40 201
61 180
106 167
133 203
62 154
215 257
10 107
11 148
28 228
88 154
81 181
53 176
87 151
125 251
127 144
202 257
198 239
213 228
40 254
153 168
59 86
24 246
201 265
75 112
30 174
218 223
23 139
105 244
5 161
88 181
210 246
33 250
106 212
144 157
30 171
26 194
50 227
65 86
195 270
14 60
129 239
107 164
87 258
131 205
37 257
128 195
168 239
201 228
47 107
245 263
41 171
46 259
55 205
0 247
180 213
43 219
50 258
8 146
150 243
160 249
32 220
186 210
27 95
74 143
149 187
16 120
39 194
10 26
135 165
82 201
7 148
20 195
197 252
177 257
83 135
185 226
100 221
203 204
114 170
52 123
151 213
198 236
120 172
78 171
132 154
33 204
130 151
175 195
72 136
62 266
16 100
28 107
219 263
68 114
85 258
59 255
74 178
252 253
63 139
68 108
138 228
91 257
198 235
72 123
13 226
114 119
136 260
26 179
247 261
216 275
149 247
2 183
116 164
71 102
233 269
104 156
44 158
237 275
115 232
101 196
39 151
57 154
6 49
221 247
13 247
101 194
85 86
29 202
209 247
192 242
73 272
96 137
111 158
96 248
22 217
58 86
18 193
158 221
3 189
5 30
190 268
81 117
162 259
25 157
136 144
69 173
131 226
140 154
202 210
56 158
58 134
112 252
88 240
132 217
235 271
106 201
29 72
95 170
66 242
101 160
196 254
63 97
177 236
79 180
5 248
129 208
0 159
248 263
39 71
108 134
113 128
128 248
188 254
24 274
27 43
15 200
157 249
141 236
10 246
78 124
37 163
120 254
115 263
51 177
8 150
68 161
181 272
197 265
131 257
86 237
77 120
41 208
127 219
4 249
53 107
180 205
208 266
87 130
119 210
206 266
67 272
72 216
47 84
26 106
150 187
41 199
82 266
118 189
195 223
81 177
48 211
15 145
19 246
54 102
112 156
51 234
223 261
82 152
213 235
159 271
35 254
62 272
72 132
122 170
63 140
188 192
69 84
88 182
45 252
66 266
18 62
12 74
98 142
145 274
50 193
53 96
90 211
87 167
105 234
104 119
130 144
101 115
110 212
61 247
37 221
140 210
173 240
85 246
145 162
17 231
177 195
88 222
167 251
6 204
149 230
227 240
205 257
127 245
13 93
37 102
8 176
74 220
18 138
86 203
237 247
73 134
143 188
21 51
9 95
36 124
7 199
7 124
42 199
96 99
91 191
82 214
18 89
159 227
140 271
20 245
189 245
135 153
155 270
137 174
194 258
120 246
10 233
111 154
100 120
23 83
85 260
138 140
125 266
132 226
89 100
33 258
141 251
121 208
179 210
47 227
99 184
159 203
29 134
143 189
22 179
61 141
172 210
16 84
189 221
118 179
205 225
75 212
27 205
26 114
137 224
4 215
53 226
90 156
136 255
153 240
15 76
21 224
203 211
57 184
69 169
201 266
124 163
34 266
50 96
65 213
41 193
26 88
191 210
147 215
4 180
86 89
194 255
16 157
130 168
177 230
176 202
124 153
245 268
73 132
70 117
17 211
182 233
227 271
25 146
161 261
63 175
167 199
61 152
90 140
92 233
141 248
189 267
126 168
56 201
124 201
97 100
50 87
78 192
41 195
113 268
156 180
190 203
133 164
98 168
30 165
50 98
43 272
201 210
121 194
3 69
96 195
176 225
65 102
84 211
157 239
77 183
81 175
182 203
106 161
22 116
170 218
115 172
27 45
38 62
43 150
149 178
200 241
40 54
134 151
189 214
15 249
123 275
10 74
144 208
6 88
239 275
26 132
133 175
41 51
74 225
123 247
14 202
86 167
191 259
184 223
45 173
65 167
18 108
196 225
121 149
148 236
139 184
23 85
63 112
1 145
129 213
102 262
39 56
27 60
87 224
186 225
30 87
244 259
134 153
65 257
8 222
11 204
15 144
58 258
204 252
74 195
7 29
82 84
201 225
111 224
137 265
96 263
140 218
57 246
147 228
49 243
55 173
45 266
71 202
93 190
21 212
64 231
89 205
157 264
87 171
20 106
187 231
56 221
117 243
113 261
84 252
50 134
108 224
38 226
86 152
28 206
103 136
84 226
140 209
37 152
194 261
17 234
8 70
70 105
93 248
40 122
28 209
26 207
27 219
108 145
29 161
89 101
43 253
193 272
90 195
13 275
60 168
163 263
26 184
138 218
112 115
3 155
58 266
29 245
3 263
168 171
193 237
8 86
101 188
187 205
165 275
20 226
51 251
64 258
61 147
65 242
161 231
32 152
14 101
93 137
20 54
182 221
59 251
99 125
89 235
61 130
218 257
119 172
7 226
25 139
53 169
47 198
215 237
48 241
133 218
186 195
18 107
58 189
157 191
91 201
18 92
200 267
32 248
166 173
51 63
117 258
79 193
199 227
254 272
231 269
230 259
109 198
79 162
115 117
158 169
121 122
172 216
222 227
181 192
18 41
206 269
130 165
32 268
87 110
93 132
118 202
18 40
71 241
43 77
127 209
85 215
158 200
162 168
122 183
12 97
109 112
96 103
127 246
41 153
120 130
87 223
8 232
36 118
61 91
56 93
206 259
225 226
137 233
219 224
224 262
171 188
127 205
158 263
160 200
149 163
26 41
16 74
95 248
4 74
34 140
2 99
19 256
159 214
262 275
140 145
52 273
105 212
4 22
21 30
117 210
20 136
8 155
61 140
149 169
10 178
27 230
220 256
62 112
144 161
73 218
103 210
129 238
49 174
48 185
143 195
92 121
44 167
42 188
64 196
167 262
2 167
150 186
27 36
61 153
45 62
253 257
72 256
101 124
10 44
23 87
58 173
48 171
57 183
9 239
68 227
45 134
97 124
50 147
115 221
245 259
58 115
16 43
37 169
75 90
119 238
128 157
5 208
61 269
104 262
28 186
103 172
248 256
24 158
118 242
163 226
80 178
56 78
63 193
187 271
87 201
117 156
159 175
71 261
19 56
39 152
169 209
207 252
139 222
180 196
144 175
33 115
31 187
178 272
134 202
59 264
131 135
115 130
38 228
140 275
42 212
148 212
81 234
92 164
157 169
215 259
88 258
0 255
2 257
106 145
223 237
123 158
144 147
46 81
77 185
129 237
140 212
123 206
125 252
57 70
134 242
44 180
76 130
25 204
165 204
1 40
11 195
176 242
157 260
148 206
64 274
70 99
60 133
44 139
161 267
44 87
104 234
40 88
232 242
36 132
94 233
239 253
115 211
131 169
104 249
81 126
46 61
163 261
43 112
35 42
176 215
85 238
12 85
2 113
47 192
94 266
61 216
76 203
46 172
14 17
87 107
106 181
27 247
89 99
70 150
50 269
162 271
13 241
91 166
184 266
229 259
177 261
108 168
45 95
136 158
109 118
161 163
16 77
139 191
24 173
42 201
64 178
58 176
102 224
200 257
49 95
74 184
265 272
91 113
35 57
41 93
38 39
155 254
82 227
46 60
23 140
6 122
124 271
99 229
15 197
23 270
28 106
63 188
29 47
78 138
56 145
125 235
80 184
149 206
96 274
174 185
35 168
148 160
6 58
14 196
103 187
45 159
90 272
42 64
101 121
50 102
59 248
191 195
36 138
129 224
11 264
232 250
154 195
193 209
73 89
29 200
201 257
41 245
136 160
207 228
59 208
54 153
139 243
34 267
82 211
69 238
200 217
13 145
201 248
82 124
64 262
35 39
7 223
8 59
44 117
134 273
211 249
32 118
159 269
200 246
67 212
53 58
41 197
186 273
13 111
29 110
152 191
59 119
27 135
136 184
182 197
91 127
196 204
171 203
97 170
170 252
46 223
65 210
78 208
33 187
25 230
37 253
151 193
61 113
162 163
174 229
181 196
194 254
116 209
49 54
90 172
180 247
81 92
3 108
33 71
199 238
192 245
62 216
11 150
75 160
98 251
81 232
41 142
38 101
239 258
135 151
73 248
13 48
215 238
171 215
32 250
224 251
205 243
9 255
84 237
9 40
39 170
173 203
152 215
152 165
73 202
114 128
9 73
61 188
42 191
161 260
53 91
9 119
186 242
61 212
13 73
120 259
66 157
113 147
2 256
32 42
49 119
36 246
6 18
48 172
61 177
162 167
25 249
9 145
129 142
134 258
92 232
24 152
178 230
49 222
92 260
72 76
105 122
24 270
181 207
184 215
131 230
0 133
171 266
20 221
47 151
164 253
96 219
91 154
55 64
29 274
172 194
112 168
133 189
8 229
64 149
7 84
59 93
158 166
17 184
1 199
70 206
76 140
49 116
21 227
10 118
40 258
213 241
34 205
35 40
18 195
13 200
104 171
223 231
72 267
190 244
188 208
48 238
70 168
27 265
39 265
40 218
125 244
48 84
21 42
87 234
47 244
250 252
20 37
6 107
8 42
50 268
125 199
68 234
78 133
56 188
52 242
79 206
9 109
99 202
13 108
225 239
129 186
33 271
135 169
124 156
57 168
184 185
147 266
100 244
162 238
206 248
31 232
85 198
70 263
31 51
46 248
197 274
31 275
110 148
72 111
235 236
169 179
44 193
13 202
167 185
249 261
111 117
51 128
76 255
217 261
235 256
69 269
82 268
75 175
230 255
51 264
25 150
120 187
115 255
154 243
90 190
54 63
24 223
37 170
1 174
137 138
79 82
113 164
149 211
12 217
5 159
83 118
33 53
2 226
43 242
219 228
61 74
47 126
48 231
107 200
118 141
87 233
104 265
158 262
43 262
73 153
133 217
0 56
86 216
90 215
20 202
180 227
70 169
139 194
82 174
9 267
64 111
170 239
71 228
11 211
34 61
9 114
201 263
147 247
136 266
26 133
50 126
208 235
66 179
151 259
75 121
50 196
134 246
28 143
15 183
118 226
26 218
91 137
55 154
255 260
62 202
43 236
10 169
18 244
197 228
35 235
9 220
109 191
21 262
45 239
0 114
81 178
115 249
7 110
2 136
189 264
111 261
27 78
167 212
53 194
11 45
124 177
25 240
61 230
168 199
3 257
18 191
8 253
24 39
161 243
55 191
7 121
119 138
4 67
127 138
39 127
99 245
124 173
162 261
32 204
48 155
188 266
14 116
97 190
3 198
30 175
181 226
127 156
118 267
64 251
200 205
226 247
12 14
24 49
9 214
208 245
58 225
48 236
82 144
21 131
12 198
247 274
2 81
172 235
7 227
48 93
31 97
131 164
186 219
14 175
204 233
204 239
2 170
40 85
10 102
66 93
9 94
14 84
13 157
134 238
39 255
31 149
185 222
62 212
24 244
131 161
22 186
2 231
178 250
209 265
122 192
109 131
47 51
122 202
7 13
143 243
203 253
96 162
223 262
117 189
55 213
67 270
47 87
66 238
34 217
108 160
189 234
79 166
45 151
45 211
207 268
14 26
24 204
25 143
42 138
36 227
130 240
35 166
60 165
110 165
158 222
74 183
14 226
80 232
87 181
39 190
55 236
158 273
19 31
88 267
46 80
239 250
164 195
89 208
5 169
43 131
78 159
52 256
3 85
127 216
230 263
11 25
71 253
37 230
10 234
82 205
108 207
173 231
73 174
193 211
96 156
84 154
43 143
33 144
223 230
109 180
12 147
57 228
27 271
44 201
27 164
219 275
154 161
20 213
212 228
116 141
111 213
200 201
157 181
86 189
196 244
19 239
73 138
155 193
99 207
80 132
17 251
10 84
238 246
176 208
113 245
77 138
64 187
63 164
71 167
36 187
76 166
71 191
50 64
11 62
200 260
267 269
8 92
15 164
185 275
65 172
120 182
201 234
26 267
41 112
2 68
110 210
6 270
18 129
13 262
107 272
134 136
59 99
79 117
110 246
129 171
262 267
12 82
36 174
244 254
214 253
106 268
70 182
159 161
23 263
198 261
92 237
17 255
167 253
16 158
171 231
31 223
112 223
115 272
16 41
79 136
189 242
100 147
14 119
20 201
145 187
56 237
71 219
65 154
165 208
115 185
171 250
96 126
25 183
114 172
18 166
124 236
47 130
25 126
202 274
258 275
152 260
119 124
201 272
11 114
139 218
36 269
120 216
99 160
104 208
107 251
183 203
93 113
5 139
42 181
6 33
77 267
164 264
9 135
60 123
54 79
135 187
100 253
2 124
35 141
70 91
59 207
47 212
96 197
63 180
24 234
81 114
12 113
105 188
1 143
109 116
82 110
182 235
112 199
7 59
11 147
93 257
13 54
162 192
84 99
18 152
130 224
1 56
45 76
19 106
68 104
6 238
107 119
171 274
194 198
127 242
1 185
201 236
39 165
101 136
146 217
123 260
179 275
27 90
100 165
65 133
45 220
74 254
88 236
107 209
14 63
52 210
226 236
147 240
161 220
238 252
54 145
80 82
230 231
134 171
112 187
13 184
26 148
24 257
177 206
158 176
193 258
62 237
26 102
36 105
115 153
2 262
12 189
63 144
123 220
46 54
7 47
90 264
140 170
40 127
109 239
93 149
24 90
75 211
24 129
89 150
5 70
101 197
189 225
120 131
87 197
62 195
68 215
84 136
16 38
121 141
167 225
53 249
68 124
28 108
30 85
137 182
120 190
39 232
48 52
42 180
144 187
104 181
32 203
100 198
22 149
198 210
98 244
114 235
102 181
141 213
160 181
39 79
70 72
157 230
102 266
49 94
26 135
78 242
113 249
1 95
59 171
108 119
156 178
169 228
185 271
136 211
20 140
17 34
37 252
65 247
241 272
260 270
86 107
116 222
80 270
238 251
35 211
244 261
146 172
96 198
174 266
141 159
19 117
59 154
93 106
22 226
133 221
66 229
70 181
101 235
3 270
16 109
172 174
218 270
160 162
134 252
70 83
52 147
54 66
66 232
81 237
197 267
3 91
114 124
79 207
119 211
56 243
162 260
218 250
84 233
199 204
203 273
37 210
63 77
209 266
71 198
62 198
20 110
80 197
83 268
8 145
107 253
57 266
262 268
232 235
74 258
72 269
65 232
43 198
46 51
39 113
43 51
199 267
0 194
151 189
141 254
179 261
163 179
117 264
80 141
176 178
126 202
62 184
23 261
113 265
124 237
160 253
101 203
28 235
49 135
109 257
145 254
122 223
116 152
60 79
114 135
80 121
190 257
135 274
157 214
117 270
78 136
109 132
12 248
40 196
95 219
38 136
119 200
200 254
27 262
244 267
59 117
19 214
63 124
5 51
25 62
240 243
188 209
144 166
140 274
32 106
16 126
75 150
210 226
3 192
244 255
103 273
116 117
15 216
107 179
11 81
153 170
53 92
182 216
76 121
158 199
197 216
23 202
8 183
20 146
24 126
192 263
189 196
23 213
147 203
138 157
47 93
181 195
140 241
58 275
77 118
43 88
65 140
28 87
42 230
41 82
149 151
80 117
74 102
2 233
27 255
75 275
38 211
102 118
28 31
45 148
89 243
87 145
79 146
33 49
21 219
100 204
95 263
89 198
175 234
197 215
47 200
89 156
44 93
38 90
110 234
8 238
244 263
41 123
65 183
63 148
133 235
134 194
42 215
49 118
103 252
112 189
5 48
184 190
76 82
104 108
68 222
12 160
59 168
19 152
25 213
100 132
74 246
55 103
39 131
15 73
39 275
213 258
59 64
144 215
96 118
144 244
161 173
14 242
205 240
55 230
43 264
195 256
20 249
11 194
112 275
67 221
51 152
143 157
134 178
16 225
39 133
137 161
10 96
162 205
50 145
112 266
85 157
0 67
24 222
43 65
158 168
52 86
83 134
107 145
53 236
148 173
13 249
179 239
13 66
83 269
109 169
80 251
3 275
207 241
127 223
129 169
37 159
87 153
50 183
95 198
75 103
38 115
153 262
106 260
42 223
78 154
182 219
105 251
206 214
109 175
153 177
64 105
84 101
106 187
57 230
110 273
105 262
200 273
95 144
172 272
20 174
69 241
48 91
128 145
16 205
36 130
170 209
230 246
38 220
67 109
49 107
124 240
126 275
175 204
45 219
237 259
232 264
105 115
39 237
150 223
121 247
56 157
249 262
79 199
95 116
22 175
101 117
129 151
23 219
257 260
225 253
130 157
58 251
120 134
135 198
194 265
34 208
128 178
32 51
32 215
21 242
26 261
180 190
64 94
35 128
92 219
189 205
73 179
12 20
119 133
25 262
166 189
43 89
73 111
16 30
173 242
4 23
19 168
180 273
8 69
201 250
34 225
3 161
27 275
104 273
18 262
20 89
90 255
106 134
89 138
40 172
226 228
83 172
16 154
132 173
80 220
114 205
78 166
38 217
129 192
141 208
61 234
160 248
74 118
41 84
10 99
185 234
9 106
144 220
0 43
15 158
181 216
30 104
95 153
125 178
30 121
49 129
40 71
156 218
29 261
15 215
107 137
124 207
38 91
1 258
37 54
109 208
96 218
102 197
92 236
85 100
62 107
6 85
30 84
90 103
221 255
184 203
27 131
38 122
104 253
220 235
74 153
57 133
66 128
70 228
73 203
118 274
145 148
49 96
121 165
44 111
212 217
48 127
193 217
47 196
13 88
62 177
36 205
12 80
82 90
104 168
172 179
172 182
65 81
24 115
25 193
41 166
40 152
256 274
115 136
218 224
70 87
93 102
8 55
98 256
40 102
8 141
259 261
45 155
35 60
57 212
15 273
248 273
129 193
244 270
9 204
108 113
90 185
61 172
36 183
224 248
93 203
112 129
23 162
41 237
124 258
59 138
191 221
20 131
84 95
39 269
8 193
30 36
22 144
82 128
90 183
148 270
22 36
44 247
234 246
135 166
70 101
187 275
80 135
92 94
191 200
4 129
41 186
46 72
102 177
142 151
57 62
4 198
16 239
184 217
84 186
22 166
188 265
66 247
107 172
88 107
34 271
73 214
176 217
167 229
130 200
78 274
38 238
134 244
8 217
104 210
74 113
86 125
29 146
38 251
55 238
61 198
37 189
40 103
155 213
1 217
149 273
131 170
28 86
248 255
58 208
181 246
189 222
61 196
111 222
131 264
207 208
109 145
32 133
169 253
145 225
63 149
139 205
37 100
21 71
100 256
100 224
145 163
6 72
116 274
23 143
46 180
159 208
26 161
134 231
127 271
101 173
13 21
30 117
58 175
124 139
22 239
84 178
69 268
5 116
54 252
91 158
233 265
163 203
93 227
170 177
116 275
162 266
42 145
130 251
151 274
104 136
15 178
208 262
15 133
149 272
36 218
220 243
55 134
220 233
1 212
94 251
231 254
183 244
119 240
16 140
52 99
155 227
200 253
105 107
7 256
57 117
103 166
34 36
8 158
160 275
15 88
5 202
131 144
2 59
81 113
43 251
188 238
100 231
168 223
63 198
34 243
17 237
67 118
53 150
22 75
10 20
45 244
86 225
30 102
118 250
104 128
88 275
42 262
76 102
28 222
4 172
142 241
102 120
179 184
4 33
52 266
11 198
110 156
72 179
78 100
221 275
131 189
205 275
118 159
81 179
64 133
32 129
137 170
133 161
63 169
133 234
5 94
14 223
4 229
195 219
89 223
34 169
15 17
60 161
4 27
37 57
56 271
87 194
138 174
57 98
146 224
29 119
8 163
25 36
218 233
169 271
149 185
43 260
40 117
85 249
122 222
209 263
129 205
144 202
215 253
54 171
44 218
40 130
59 269
65 101
263 270
76 178
210 251
31 185
31 221
28 212
62 100
149 216
124 224
54 221
16 222
129 252
66 104
65 194
227 273
18 111
60 202
69 153
56 185
137 197
135 249
71 136
25 173
2 43
4 109
42 211
194 245
49 56
81 207
18 49
219 223
143 211
161 193
190 205
47 119
43 223
102 156
51 189
17 266
60 223
152 253
208 213
146 164
77 266
9 65
79 261
51 59
173 247
48 192
24 250
19 171
27 213
129 223
80 150
63 244
154 225
106 138
54 117
0 12
122 230
77 94
15 63
107 130
182 227
125 138
209 250
190 237
108 226
43 255
132 266
128 141
212 220
268 272
24 134
68 98
196 245
130 263
27 146
26 249
24 102
219 253
21 85
159 211
11 72
42 225
225 255
12 99
104 114
122 124
171 209
68 241
91 268
47 54
16 71
226 268
147 260
73 208
231 250
86 148
52 185
58 242
7 166
86 145
109 146
70 246
5 42
162 262
120 243
46 263
42 153
164 188
37 44
116 131
79 90
142 214
2 148
65 91
99 154
25 70
201 247
164 232
183 216
32 206
195 273
42 198
60 144
141 267
105 121
84 273
141 183
49 156
101 154
109 182
26 30
111 246
62 194
52 191
132 180
156 225
18 133
39 178
264 267
23 199
12 50
2 207
91 146
2 57
181 197
126 194
44 105
46 168
4 124
50 107
118 272
30 163
167 175
1 5
19 47
23 82
4 86
125 140
137 150
32 211
32 94
116 230
138 168
132 146
93 153
11 121
92 235
103 266
129 274
92 126
165 216
134 227
175 182
12 252
171 179
83 187
124 250
109 240
8 117
46 265
46 258
159 180
65 188
4 123
136 249
43 239
35 145
44 189
121 240
42 94
56 265
13 94
39 41
68 223
195 252
90 205
57 95
14 159
109 186
11 274
38 124
195 260
108 216
175 207
133 199
87 229
112 241
43 165
2 227
57 126
141 274
101 201
17 31
76 274
201 274
61 155
95 140
80 261
147 185
88 274
80 108
134 180
97 136
168 225
114 218
89 265
46 249
85 261
169 225
246 265
250 260
62 85
156 198
61 112
138 141
23 253
21 248
120 222
55 65
70 94
43 84
36 74
81 120
21 115
68 206
73 161
74 245
197 236
207 233
97 115
2 80
78 144
43 47
69 258
77 260
117 191
88 150
125 209
48 101
120 159
131 151
61 170
160 234
133 146
147 150
26 256
170 269
49 190
188 230
132 184
139 269
34 124
150 233
1 65
59 210
176 181
78 243
108 212
148 176
127 204
85 195
59 213
45 170
72 203
3 98
27 47
251 269
129 241
35 246
54 55
35 157
31 151
200 224
220 230
38 85
168 232
27 244
90 223
74 233
46 90
119 149
57 105
52 270
165 170
231 233
68 136
19 107
7 262
105 269
169 202
94 265
166 179
77 98
21 114
103 200
74 82
96 183
95 177
54 262
205 258
33 75
107 237
95 119
15 112
189 216
68 229
50 178
184 186
62 131
114 266
53 126
179 271
149 173
193 221
105 233
30 207
108 165
30 110
39 70
44 131
7 216
209 223
179 272
172 205
84 247
67 175
24 30
179 260
74 255
75 218
119 224
262 263
26 112
65 204
81 85
147 229
133 250
91 211
62 72
45 113
83 109
25 197
83 90
147 246
127 146
61 227
15 161
63 239
4 144
252 255
156 254
131 271
88 143
91 122
59 234
124 208
264 266
260 272
75 268
72 263
68 87
151 253
180 270
48 209
111 149
53 64
8 269
51 55
48 120
150 262
158 210
82 221
69 107
52 222
32 228
177 248
114 118
114 197
1 209
62 160
47 145
20 253
60 87
20 269
68 158
175 242
98 187
111 203
27 59
134 223
14 268
38 234
77 90
35 103
103 111
195 201
20 218
146 153
16 32
88 186
41 238
199 240
108 197
37 174
45 51
226 261
37 207
85 219
229 248
95 260
5 56
132 254
151 258
134 204
82 219
59 158
67 82
155 195
25 186
129 163
140 240
35 85
104 275
152 169
57 143
118 275
4 156
100 249
98 203
9 63
203 234
131 191
140 176
70 98
73 193
68 178
0 235
132 238
19 206
135 247
88 268
113 237
153 191
75 253
99 116
98 190
69 80
80 227
48 73
21 99
116 186
89 203
77 240
17 26
15 99
58 104
137 179
89 248
254 260
70 114
38 42
24 180
206 261
92 213
82 192
248 269
175 229
93 214
109 149
208 227
75 179
134 237
146 148
127 180
18 171
73 187
70 93
1 141
104 224
189 212
94 241
40 187
88 121
9 243
7 173
230 256
2 21
152 267
102 130
16 89
51 121
36 219
105 196
41 61
80 240
235 272
70 86
25 54
29 80
59 146
60 248
29 138
173 252
48 274
21 172
161 273
43 175
24 116
64 227
135 251
52 183
60 77
110 139
150 221
73 221
8 112
34 125
60 78
66 94
67 158
62 179
129 210
190 217
254 261
60 264
153 274
70 258
58 200
48 137
4 217
120 173
111 206
206 219
135 194
35 225
35 64
147 249
214 259
93 242
52 199
122 152
158 184
49 143
27 211
17 62
23 42
164 244
58 271
42 175
71 83
21 153
161 217
131 272
204 205
0 42
81 273
123 219
6 241
194 272
134 224
136 198
39 202
190 255
72 131
45 210
176 249
16 88
135 211
34 123
57 193
47 188
254 273
100 229
68 146
101 131
229 235
149 229
32 84
49 76
37 52
117 199
95 249
22 199
127 128
68 221
196 234
140 167
187 229
171 198
195 198
37 98
65 162
124 130
98 234
160 209
28 77
113 203
168 185
85 200
12 21
28 92
60 224
164 206
32 86
5 127
185 249
36 172
76 133
33 121
53 54
29 263
78 132
128 239
96 213
59 94
105 217
172 248
153 258
20 252
40 219
8 194
78 211
6 127
181 200
83 274
118 180
63 133
7 239
100 252
170 187
212 242
170 236
5 260
158 177
232 263
71 178
14 221
98 258
100 144
114 271
127 170
136 187
26 200
235 264
18 71
123 127
33 192
115 274
134 196
34 107
67 236
48 50
54 142
100 156
91 273
23 130
110 185
92 215
93 159
30 146
25 206
71 84
21 158
47 89
182 255
136 175
27 228
36 64
75 216
35 179
121 207
79 160
154 178
83 157
52 136
53 268
66 164
0 135
103 229
8 237
39 247
91 258
129 148
99 200
113 224
159 192
34 263
5 86
127 220
78 269
6 126
106 206
163 275
52 127
74 93
55 240
63 272
4 126
118 235
36 184
10 210
49 196
160 257
60 246
51 148
101 182
78 147
42 237
189 237
97 191
150 267
127 268
3 90
237 249
55 102
147 230
9 173
135 175
7 12
20 242
224 227
33 177
39 115
92 177
68 73
61 274
148 274
34 224
16 224
174 226
93 262
170 178
33 143
111 217
31 52
122 144
192 244
131 154
32 140
95 129
97 251
32 92
231 245
25 164
257 269
17 59
130 247
15 113
88 108
152 190
53 207
42 96
197 240
222 242
121 148
167 187
29 113
238 272
149 150
133 186
134 200
87 212
101 181
78 88
150 228
129 173
51 243
73 227
171 228
87 249
31 64
190 259
214 273
118 205
56 149
102 208
55 80
0 185
185 195
136 189
210 229
53 155
125 260
55 158
138 261
253 258
48 261
139 176
110 152
42 166
199 207
144 222
87 162
164 197
172 196
9 156
109 236
94 163
95 182
5 50
97 193
229 269
157 209
110 141
43 92
106 270
80 109
16 93
9 103
40 274
188 206
95 212
119 269
65 185
3 237
130 254
133 229
50 82
70 269
24 200
141 249
54 178
220 225
9 183
129 139
25 252
188 222
219 252
248 251
215 222
106 205
60 251
49 181
53 115
113 231
29 128
75 194
107 161
207 216
153 175
106 207
251 274
34 82
97 197
121 161
37 47
160 186
68 209
61 195
162 242
109 123
39 256
191 234
16 149
96 142
187 250
54 275
132 251
152 154
119 135
158 192
230 250
180 212
8 186
24 199
160 165
18 163
118 246
44 210
57 174
102 247
213 268
10 211
85 114
67 172
20 191
187 274
81 258
71 81
75 142
231 262
51 167
34 78
86 158
11 84
123 126
69 142
63 186
62 120
205 259
39 139
198 245
16 65
16 184
18 167
177 224
16 42
171 210
113 219
203 212
20 185
204 264
6 39
2 232
115 147
27 112
179 195
68 139
72 89
178 260
103 223
58 148
141 245
91 142
160 194
155 172
27 221
42 150
255 275
233 255
144 257
7 74
51 170
172 234
7 46
93 175
74 218
130 211
36 86
56 267
153 204
67 227
146 215
182 240
138 271
80 155
64 118
107 225
200 214
44 231
229 263
55 138
35 114
41 149
115 155
5 181
36 224
138 208
122 194
36 87
140 260
10 212
33 200
120 184
54 149
48 99
10 196
75 174
23 222
66 209
14 258
101 183
237 257
34 209
4 161
154 239
104 110
29 214
40 86
178 207
121 241
2 237
251 273
58 261
243 249
106 266
84 105
112 149
77 174
103 207
37 245
58 74
22 31
29 130
42 113
29 150
9 235
148 215
92 185
154 200
227 236
54 85
60 211
42 269
117 122
40 238
37 69
214 275
34 203
14 246
55 71
3 27
55 254
26 152
31 118
108 180
158 217
87 102
223 254
156 243
47 254
255 265
17 32
59 165
59 220
6 266
18 136
32 245
0 77
182 217
7 77
183 275
41 202
190 265
1 134
86 235
95 128
50 187
244 269
157 177
28 68
1 119
60 192
73 86
121 203
79 145
11 118
42 76
22 86
94 153
59 221
41 268
105 274
47 109
64 175
157 165
71 188
202 222
36 128
26 43
36 261
46 232
152 223
185 269
166 268
25 250
149 263
16 241
59 232
75 226
123 149
76 205
32 149
84 207
111 238
97 273
39 159
163 255
10 200
113 148
32 103
173 200
152 160
111 196
101 151
197 229
27 114
126 176
218 239
154 175
84 163
40 56
33 39
165 274
182 201
150 204
139 180
150 209
216 221
6 150
193 238
35 132
65 107
41 42
75 231
38 105
98 195
93 145
21 266
123 256
91 145
23 35
23 273
88 190
89 165
31 238
144 229
146 240
51 155
55 136
52 215
165 218
117 180
148 184
100 163
183 250
111 240
71 199
33 149
137 189
33 60
89 187
161 180
108 261
60 188
138 274
211 227
32 256
51 224
81 172
62 80
53 170
88 104
2 104
91 274
134 265
26 214
29 75
52 126
38 106
194 249
202 239
152 254
134 147
181 184
125 256
141 182
56 223
80 130
89 252
22 240
130 208
178 255
163 272
180 207
151 174
65 99
57 91
52 120
73 237
57 202
28 141
26 130
120 180
25 169
63 84
116 239
149 249
16 69
21 56
24 254
39 48
106 267
6 232
130 194
67 179
100 258
205 208
12 257
1 149
34 183
168 252
161 169
13 85
51 258
132 175
81 203
173 221
63 159
28 210
100 107
132 178
133 237
24 25
34 227
102 196
68 105
105 128
69 74
63 137
7 71
183 272
120 268
58 223
129 150
74 86
101 204
3 135
107 211
81 149
56 137
142 196
72 266
30 182
84 242
46 215
183 251
89 127
107 269
86 187
12 118
197 218
58 153
63 273
204 253
74 267
29 131
51 230
105 250
97 275
194 270
213 266
131 248
95 218
98 115
6 169
78 118
150 264
93 212
155 269
95 261
218 268
76 237
38 172
133 248
99 217
67 95
102 221
19 231
78 189
41 43
150 205
81 106
57 207
254 270
147 227
90 237
82 118
34 51
61 187
212 224
104 183
3 14
175 214
167 194
66 234
46 73
24 33
91 183
101 219
168 200
118 262
53 69
4 175
6 186
228 244
223 245
55 248
41 176
41 253
54 95
77 79
152 220
164 257
26 73
11 247
10 160
31 46
2 127
110 125
65 124
184 261
200 219
146 254
157 163
65 149
55 63
77 161
22 145
145 275
144 226
1 221
64 100
11 58
8 204
146 202
81 264
228 253
70 273
57 194
19 137
78 143
63 177
125 275
33 232
115 116
7 60
115 197
145 178
178 227
165 236
252 263
101 237
24 52
41 236
18 242
171 267
45 190
131 140
120 210
76 145
57 75
113 266
4 114
55 250
50 223
101 224
106 209
76 114
189 252
173 201
31 237
106 173
187 226
17 124
146 253
45 48
146 179
43 123
100 262
227 228
21 82
35 88
49 150
198 253
170 251
160 178
34 146
26 44
153 269
43 266
79 191
167 202
58 85
62 215
23 155
87 152
0 35
50 153
190 206
207 221
244 265
0 168
64 120
112 209
196 249
188 219
76 120
7 52
92 207
5 274
116 228
9 256
11 237
206 270
86 263
155 191
87 101
34 261
194 232
172 231
127 199
193 195
103 109
47 141
204 263
9 80
30 62
210 266
108 243
245 256
98 180
48 95
206 225
118 257
65 220
37 168
31 101
185 242
197 253
139 251
145 154
98 233
62 69
149 240
166 235
146 182
41 91
103 185
115 203
34 62
170 193
191 268
0 198
165 191
208 229
222 253
127 186
5 244
51 245
43 244
11 244
137 267
105 142
12 200
107 152
94 130
127 135
51 102
12 16
163 250
240 252
161 247
93 255
238 264
87 172
128 203
153 242
37 201
42 152
199 252
28 266
192 214
122 181
78 151
203 260
192 219
155 261
57 166
130 161
121 132
138 215
151 269
49 180
228 263
236 250
42 164
226 231
39 172
142 274
56 193
44 160
150 166
14 128
46 99
11 202
51 178
202 230
48 114
145 150
140 182
8 9
205 229
78 222
46 186
80 128
251 257
57 250
204 271
74 136
16 141
107 183
200 271
228 255
102 104
208 250
50 57
48 265
96 250
39 86
36 206
6 261
192 195
154 240
37 101
60 255
195 199
19 60
154 162
179 229
29 137
94 204
75 196
121 183
102 255
108 157
155 161
102 190
51 201
15 132
0 129
98 132
96 170
189 273
246 272
186 187
2 101
118 153
5 253
65 100
147 180
39 186
19 96
49 247
1 261
125 233
171 181
24 162
229 246
8 46
102 152
48 148
16 139
46 122
22 238
101 202
143 239
44 77
41 127
87 204
124 270
75 223
145 224
143 264
31 98
90 180
90 121
26 243
4 219
139 146
72 169
18 248
72 212
4 100
18 122
47 75
34 152
0 44
114 215
189 210
76 88
199 243
33 221
117 274
2 7
160 213
180 202
80 218
16 82
30 263
32 200
16 22
132 244
127 262
49 268
180 269
10 116
58 124
142 224
134 254
114 157
54 101
11 95
143 168
71 154
65 221
92 127
169 266
215 272
83 210
3 143
35 188
22 123
85 151
18 39
199 254
156 210
10 161
263 274
91 240
195 238
44 197
2 205
7 187
63 264
12 169
250 271
119 182
136 188
44 79
170 258
91 120
71 267
136 270
137 178
57 167
13 90
97 147
107 142
137 258
135 170
4 82
18 222
43 107
88 125
73 216
75 128
151 169
228 238
61 131
130 189
149 259
144 254
62 241
77 144
104 251
80 217
89 194
67 274
158 214
91 101
148 151
17 270
242 275
188 213
39 204
193 266
180 192
42 214
47 240
74 106
18 134
46 230
70 224
224 271
95 225
101 106
204 258
114 182
208 220
57 104
4 214
234 271
2 202
1 257
107 170
198 242
75 106
102 136
74 181
41 200
54 242
130 185
10 172
46 196
62 65
4 52
22 153
47 263
24 238
17 57
79 273
5 150
80 174
204 255
180 242
181 205
75 169
92 106
72 174
7 213
2 115
109 135
27 204
89 111
2 186
164 169
82 162
132 262
88 151
69 164
99 182
154 236
24 36
255 256
116 196
58 253
100 228
34 96
48 60
78 205
18 217
47 219
37 96
46 240
116 223
133 192
1 83
135 210
183 240
195 215
125 198
5 192
6 264
104 248
35 249
108 187
61 117
31 182
136 250
96 157
36 192
173 273
17 187
98 125
21 132
107 245
110 122
25 263
134 195
16 111
110 235
46 167
72 95
104 205
7 119
152 275
6 260
77 194
127 211
92 180
211 217
147 263
39 258
241 271
9 113
108 123
110 137
106 114
37 229
150 219
74 81
108 170
55 222
54 203
9 70
61 275
234 264
9 115
1 129
12 167
149 154
66 167
199 217
180 191
7 186
136 199
72 208
58 196
96 141
37 45
109 157
29 118
175 226
121 197
154 228
68 110
10 253
125 218
41 169
113 258
82 168
84 120
73 234
53 88
16 138
242 252
30 201
26 49
100 182
200 236
25 103
3 232
32 53
254 256
85 99
128 207
72 109
30 114
148 251
113 138
24 187
156 211
40 173
78 104
96 269
144 242
99 198
109 151
170 248
42 159
154 242
123 222
99 264
14 76
25 273
45 156
179 268
19 198
171 219
30 152
39 124
62 242
81 86
9 12
113 246
79 159
102 217
44 264
12 56
49 92
9 24
5 110
19 224
33 206
91 165
15 176
19 88
230 243
162 215
1 248
169 218
120 141
262 270
94 180
22 165
120 128
25 88
29 104
38 264
40 136
31 161
96 259
66 267
125 211
194 266
83 178
77 119
137 222
151 188
133 181
75 89
39 260
33 79
143 209
122 253
90 235
19 36
56 263
21 129
46 103
22 231
86 133
96 166
34 253
194 206
143 246
26 245
126 273
114 185
78 190
34 108
94 166
80 165
37 246
19 42
48 56
57 128
33 107
27 48
64 166
189 215
91 97
163 266
252 267
116 263
63 73
6 65
31 140
20 222
130 163
2 20
111 235
1 216
91 151
154 229
182 184
166 257
148 267
110 112
41 101
44 142
76 180
227 242
141 258
117 211
8 19
147 175
159 172
109 215
93 211
23 148
131 237
31 39
251 256
66 67
117 212
103 150
42 158
28 150
88 249
158 220
55 60
54 269
158 240
236 241
91 102
99 261
17 269
4 44
41 246
111 169
64 191
105 236
55 174
143 159
74 240
78 223
142 231
151 210
102 246
141 174
14 98
78 168
156 207
102 189
105 169
165 189
167 205
87 142
69 132
39 45
0 62
27 251
145 179
7 115
66 129
63 236
72 209
92 147
66 258
150 226
42 147
55 268
141 156
5 180
55 69
27 166
77 153
154 201
173 223
124 146
171 272
121 216
46 79
127 151
133 168
178 245
0 54
229 253
83 237
157 182
82 275
252 269
90 238
143 196
70 234
6 113
37 225
139 274
91 152
10 243
84 111
237 270
25 179
10 164
144 207
20 58
37 108
202 206
137 193
19 163
37 53
114 117
6 102
177 247
12 122
44 136
21 214
15 165
3 76
57 225
7 21
45 117
72 149
165 188
218 242
163 177
10 142
233 234
225 243
168 212
28 53
29 127
121 211
33 223
172 243
100 213
150 190
35 146
59 222
6 41
230 237
203 268
53 240
129 178
225 235
138 214
110 219
161 166
112 204
174 209
12 102
1 184
50 198
59 101
78 98
130 265
109 163
144 169
234 241
195 261
78 215
22 118
6 223
26 70
97 237
157 200
164 241
122 163
24 87
61 78
66 170
73 267
166 266
102 115
225 275
168 272
2 189
30 177
145 165
74 132
177 204
118 138
42 251
199 266
205 221
135 258
17 103
35 150
42 221
55 126
76 97
88 109
137 213
1 62
8 51
55 164
89 182
179 232
103 132
4 105
111 190
9 269
68 224
10 65
91 248
100 260
121 189
134 185
119 180
42 204
152 213
11 127
42 259
20 259
137 244
163 246
167 178
62 251
183 225
163 269
104 244
63 200
54 268
23 228
34 87
31 249
71 124
168 248
56 96
34 213
14 144
40 94
20 162
86 221
48 230
159 240
256 264
72 73
10 130
166 211
96 160
79 198
35 230
107 149
2 169
23 26
38 131
170 273
28 52
205 269
96 140
15 118
108 273
58 82
131 223
89 180
109 115
155 274
124 144
18 173
256 258
70 162
245 265
122 157
82 114
79 91
170 275
28 35
94 149
40 80
165 254
100 103
254 271
104 147
104 236
119 231
190 191
34 197
1 240
171 213
132 231
58 210
50 81
256 275
51 244
30 59
70 124
74 174
68 165
46 256
38 263
48 177
11 257
120 144
27 153
126 137
89 151
248 258
115 156
71 93
62 141
89 229
105 174
154 274
120 155
127 175
118 269
64 181
81 230
15 117
22 81
13 240
176 270
21 207
54 93
185 191
108 147
17 93
85 132
201 224
95 239
194 227
112 261
136 147
13 51
139 189
179 242
146 227
54 139
237 244
217 236
9 47
66 139
191 211
66 142
193 214
68 147
76 238
4 116
24 224
42 208
1 275
88 161
3 158
27 142
37 103
143 242
117 171
226 270
179 194
116 221
131 219
66 240
240 274
21 216
92 193
58 241
97 240
137 220
37 238
21 76
118 255
107 223
221 271
90 123
130 205
18 96
262 269
54 266
100 141
105 147
10 109
34 117
73 271
18 169
245 253
174 207
97 187
159 160
24 267
80 265
78 263
11 255
127 190
40 157
17 116
130 250
53 63
103 194
14 18
207 258
54 205
228 256
131 261
5 136
42 123
164 179
224 269
51 223
82 238
10 206
92 240
47 63
37 232
137 245
139 267
139 170
100 112
156 162
238 262
166 196
36 147
158 230
55 61
135 157
43 75
31 209
50 242
53 192
233 270
177 217
11 36
189 259
61 237
87 108
103 160
109 192
99 214
238 263
249 265
142 192
139 264
71 86
143 229
89 119
34 93
135 264
9 228
162 230
156 192
218 267
38 274
113 275
221 262
55 167
51 273
184 212
30 47
65 74
18 88
118 144
7 228
211 263
22 30
67 91
16 103
203 241
40 242
134 155
43 68
2 133
176 223
260 274
150 238
12 183
166 206
177 214
154 227
70 128
147 243
259 273
72 99
27 143
14 186
112 220
53 273
200 235
4 95
40 129
90 260
211 241
108 129
50 88
46 101
54 75
94 134
4 275
56 66
156 265
177 213
38 231
102 172
35 51
150 261
87 187
189 248
153 160
59 241
5 78
22 117
43 217
130 257
87 156
116 249
61 135
75 101
5 206
10 77
57 188
103 149
91 265
186 189
103 181
66 226
42 261
159 262
201 245
95 186
46 153
66 241
153 181
113 114
6 275
161 174
36 180
118 200
187 219
24 68
101 177
20 133
141 275
91 272
104 169
42 248
77 159
49 186
120 123
176 183
19 160
50 237
176 241
103 211
41 272
78 126
84 243
149 186
105 158
17 18
144 154
23 116
131 199
6 156
193 274
47 179
247 256
123 151
72 220
55 120
9 155
153 176
29 44
33 179
155 179
161 235
61 68
155 221
142 167
14 80
59 145
0 245
59 183
80 183
22 51
101 262
139 232
44 234
181 257
35 256
64 108
9 81
118 130
43 265
65 256
115 196
57 237
20 41
68 121
147 177
18 224
100 241
22 119
26 182
107 186
220 268
17 224
85 273
58 133
33 259
102 268
24 205
70 183
203 247
74 213
8 16
218 264
192 201
142 268
26 244
94 249
134 158
152 243
112 217
94 113
76 134
195 263
258 272
235 259
65 274
43 113
124 168
107 148
44 178
95 148
99 248
165 220
116 219
13 248
25 154
49 267
22 208
8 12
35 198
104 125
143 192
91 138
132 189
51 257
71 120
38 88
210 242
198 247
160 261
30 106
19 186
158 229
42 227
132 216
57 263
89 192
94 222
170 232
234 239
47 232
12 256
223 263
86 92
89 132
162 244
172 204
97 174
0 215
11 248
24 182
194 201
3 252
120 235
139 193
180 271
184 249
46 88
99 266
73 159
116 143
105 198
95 123
136 157
15 39
51 227
21 139
2 135
160 233
37 51
228 247
15 119
20 271
135 197
132 242
49 241
153 244
96 261
52 115
44 151
14 121
172 245
81 176
107 224
109 203
3 233
81 158
186 264
164 262
94 138
238 245
154 237
211 212
99 222
41 225
28 145
14 208
178 256
5 117
142 229
33 240
145 193
94 117
36 208
115 244
133 223
169 239
9 28
216 240
144 231
14 75
100 275
1 259
99 257
114 202
39 119
58 141
154 185
241 269
11 87
174 234
19 233
189 239
53 212
69 159
34 95
165 197
39 68
96 147
67 255
22 260
9 226
105 161
213 215
89 107
49 235
30 256
63 232
55 113
76 92
7 214
81 156
57 121
126 190
101 232
72 195
47 56
70 262
238 249
90 275
123 255
154 232
233 258
19 262
51 146
20 25
134 205
88 93
51 144
9 137
51 255
56 212
157 178
63 65
1 159
96 210
172 184
35 121
73 133
23 88
83 99
117 250
256 269
53 78
52 96
14 47
8 167
188 262
134 222
107 226
133 206
51 79
59 243
0 113
17 190
55 190
145 226
3 175
11 94
122 262
6 164
41 255
215 256
35 216
1 59
178 185
16 196
212 274
5 89
44 63
90 97
99 165
97 256
19 144
96 267
139 192
73 262
35 135
94 244
47 79
67 151
95 197
188 250
13 149
131 239
1 48
9 231
170 272
98 269
1 206
1 175
25 258
213 237
45 187
217 270
64 69
4 220
59 173
78 153
148 161
53 200
51 142
13 161
17 221
140 165
107 250
48 213
138 234
9 146
149 190
24 172
105 146
83 122
31 84
122 211
82 246
15 262
184 236
152 186
109 228
3 134
94 156
52 93
1 18
225 234
90 182
203 242
266 274
6 262
89 102
111 255
35 55
73 246
20 220
255 266
226 258
31 268
18 234
45 179
2 4
20 61
42 263
4 228
38 210
65 143
109 243
111 272
115 243
55 142
81 116
39 242
196 222
137 243
239 268
71 211
128 173
67 210
164 259
31 59
63 220
56 67
31 88
45 255
182 183
29 244
52 176
245 246
124 162
92 163
117 167
41 214
199 256
109 269
27 242
84 271
162 204
4 143
199 202
124 161
73 78
20 180
73 163
92 166
120 228
115 132
34 222
50 229
81 257
151 252
94 120
185 240
173 206
156 262
45 267
116 272
225 249
104 166
31 201
124 140
34 233
90 184
95 115
45 197
129 188
9 29
7 254
69 172
267 268
167 215
138 229
2 31
78 227
77 238
60 88
79 168
58 247
68 138
227 265
138 219
206 211
125 139
92 150
69 105
24 186
35 43
137 148
41 56
145 271
228 260
34 120
154 172
1 103
96 207
17 261
41 79
89 225
95 262
2 36
83 253
30 268
142 163
81 137
114 254
13 242
105 125
75 152
82 103
73 252
189 251
168 177
79 151
76 196
11 126
37 213
161 213
91 239
82 255
107 160
3 53
38 144
117 140
46 97
141 260
113 250
58 181
29 239
36 244
114 264
97 98
157 226
58 159
22 61
111 201
232 270
241 256
48 125
119 150
28 232
193 233
148 213
19 202
74 253
25 48
98 135
34 38
35 127
7 66
14 42
177 198
74 273
217 255
57 255
101 238
10 257
29 169
133 183
24 44
239 262
39 177
16 135
22 188
88 230
134 199
135 263
247 255
4 164
15 202
126 180
88 203
100 237
81 251
37 237
160 201
174 194
199 268
103 196
57 274
32 85
14 252
30 130
142 233
236 237
144 259
215 230
8 272
60 98
247 248
6 271
3 94
128 227
143 271
33 42
195 275
167 231
95 168
42 49
12 31
82 157
107 271
184 269
138 262
139 141
246 274
27 216
85 110
13 107
144 258
120 129
200 207
46 100
48 253
38 51
50 233
0 21
76 261
25 128
8 106
52 135
202 238
71 179
24 55
22 58
218 266
213 243
120 179
100 187
146 177
200 203
28 79
165 240
51 176
148 225
41 50
188 207
45 176
66 183
103 154
156 273
193 207
259 260
4 226
71 82
11 138
50 182
123 177
90 236
199 249
86 104
13 99
71 105
22 270
166 200
64 165
185 214
120 265
137 175
155 230
27 134
200 265
26 199
13 83
12 228
190 238
93 251
39 243
24 242
18 79
106 149
26 103
111 223
197 203
134 192
30 226
64 218
1 29
41 263
108 130
59 182
162 165
84 191
26 151
6 194
140 192
78 267
137 177
96 249
14 238
57 244
30 259
109 113
129 159
57 155
47 58
106 204
108 188
47 72
39 111
3 62
45 135
22 73
116 126
50 230
186 239
90 256
2 18
28 61
87 105
23 233
207 242
252 271
50 161
144 225
20 135
99 113
26 160
222 275
155 169
159 235
48 158
187 207
101 242
61 246
57 217
101 152
26 231
78 232
109 139
114 272
176 194
207 214
11 231
110 271
46 77
49 227
140 161
232 256
264 273
115 245
4 151
181 187
215 248
65 67
91 232
83 270
92 152
86 112
62 257
74 164
48 119
49 75
197 201
43 159
66 148
111 264
176 247
252 259
232 260
85 233
167 223
138 192
97 241
177 180
10 154
37 239
39 173
3 72
54 195
212 264
0 195
0 105
84 206
16 125
144 265
139 256
51 147
82 270
160 238
167 171
124 137
103 209
39 114
162 166
188 211
37 204
134 245
8 32
44 164
153 263
137 259
16 248
77 205
155 229
141 178
80 114
173 238
141 147
24 53
67 248
149 167
146 261
139 223
97 158
90 106
61 203
105 159
186 213
230 258
141 198
13 210
36 216
114 232
128 138
23 89
183 191
1 181
66 81
98 164
153 200
174 241
157 227
164 239
5 245
8 79
73 109
81 121
11 57
105 228
67 241
165 221
75 163
9 90
56 178
61 132
162 175
13 24
120 174
3 20
128 148
116 188
94 129
42 81
1 260
43 240
186 227
150 178
103 224
170 173
2 143
47 195
135 209
153 235
123 163
47 223
85 88
42 142
66 275
11 26
41 81
12 226
27 241
0 115
93 111
89 113
212 273
60 150
171 275
86 180
50 158
164 225
67 217
144 263
76 215
88 244
79 138
12 145
88 117
44 108
53 59
30 128
55 70
0 26
53 156
132 133
58 163
102 229
9 172
171 226
137 166
80 88
56 122
150 271
210 218
98 149
37 118
66 98
65 129
105 254
27 231
28 122
197 227
10 269
24 168
71 99
102 204
103 274
10 80
11 143
209 273
203 248
186 235
165 227
206 243
174 239
233 264
141 259
90 194
26 105
15 218
150 152
2 67
61 233
57 197
133 268
175 178
107 234
5 225
4 91
90 128
115 123
30 217
3 66
30 238
189 233
53 120
168 235
243 273
48 61
58 236
32 73
45 235
46 195
62 193
191 275
148 204
30 93
161 219
74 139
191 212
154 181
43 166
34 144
192 235
198 222
62 81
220 232
94 246
248 266
22 178
55 114
133 257
52 141
82 224
44 133
38 230
30 116
139 185
223 269
124 249
256 266
122 151
49 62
45 183
30 267
57 78
86 199
99 255
55 235
167 191
22 52
102 106
178 193
238 240
119 266
234 237
117 178
68 78
50 80
81 134
78 177
2 48
107 257
260 271
3 92
142 191
63 91
216 263
21 256
75 228
29 68
67 242
112 188
47 264
51 89
207 245
160 218
120 193
180 256
37 188
112 219
105 221
237 273
9 149
110 170
84 97
3 174
82 100
142 218
9 254
186 226
33 268
89 231
27 208
75 116
20 49
83 242
45 178
96 194
132 261
20 247
41 109
40 148
92 156
38 240
104 235
107 138
127 215
215 232
86 272
155 176
112 140
10 220
66 113
258 263
107 125
108 117
222 225
82 236
135 178
75 151
47 144
61 64
166 188
140 248
65 268
175 249
192 204
50 205
78 249
146 200
26 219
62 153
148 243
88 101
3 120
21 175
208 236
95 154
21 110
72 94
59 128
120 273
40 248
109 217
122 166
50 60
12 184
98 261
48 118
188 257
166 213
264 265
69 218
120 185
6 137
60 145
240 255
28 275
34 207
25 275
144 200
5 47
111 251
225 261
62 101
47 70
65 169
0 130
214 239
53 93
55 92
61 124
85 155
201 213
120 224
131 141
93 143
78 241
75 138
1 50
246 262
49 111
82 212
31 94
161 194
0 103
6 147
199 261
37 160
103 116
30 118
29 81
34 91
29 111
234 238
121 205
102 205
152 211
169 206
45 203
52 155
227 260
137 153
90 113
14 177
72 239
108 248
219 274
62 78
28 71
0 16
171 262
104 242
87 215
1 237
70 239
57 211
203 262
157 231
157 235
84 194
131 218
33 55
227 232
190 218
8 116
128 252
76 157
234 263
136 245
97 151
66 216
64 116
60 106
147 202
54 105
80 205
71 176
149 248
106 242
84 248
114 238
207 269
2 96
152 239
150 259
120 140
39 205
106 132
187 196
149 204
206 228
114 258
52 204
23 161
89 263
40 220
62 70
110 227
102 236
36 175
222 261
38 126
8 214
90 136
57 267
8 274
64 206
106 135
31 113
119 183
12 243
236 240
213 223
111 187
107 108
253 256
9 39
115 246
46 70
48 141
72 273
176 236
160 210
169 194
101 240
54 187
6 205
83 171
51 132
109 114
187 270
60 247
112 225
147 174
3 129
53 261
55 81
5 240
41 211
193 247
147 171
43 214
48 218
48 135
161 234
23 64
18 236
113 171
70 271
43 210
61 98
165 246
41 230
34 45
5 157
88 243
72 172
189 218
10 237
150 195
142 186
28 163
152 258
240 248
127 192
97 216
31 33
135 171
161 212
18 21
116 192
158 237
142 249
166 208
199 203
194 208
136 268
92 101
131 211
13 92
36 56
228 230
8 76
15 228
38 160
45 259
206 252
151 222
148 185
52 203
20 196
115 131
125 135
191 218
104 260
10 182
168 256
28 65
45 100
151 153
88 120
112 248
11 103
144 210
60 83
48 86
85 139
114 175
44 212
199 237
155 235
57 161
71 161
126 140
43 137
110 266
64 238
130 249
6 211
152 214
164 183
32 208
208 268
105 132
15 195
56 104
42 144
67 84
19 220
86 142
148 258
49 152
0 7
67 73
217 269
81 249
139 253
68 88
193 210
80 212
19 110
146 209
106 248
214 220
242 265
61 175
43 177
22 97
21 196
32 111
70 155
105 133
103 146
168 266
200 228
50 140
92 269
81 171
194 252
227 245
186 266
174 208
118 258
38 76
130 270
8 96
6 68
63 70
153 163
105 145
111 260
26 108
67 147
206 223
158 215
41 161
52 74
12 244
60 93
48 97
42 60
137 214
141 218
11 268
125 151
15 163
8 135
126 147
126 201
50 168
81 152
91 254
27 109
39 156
13 239
45 61
164 247
16 230
240 273
64 186
62 95
158 259
52 116
70 143
14 156
28 255
96 241
83 217
136 196
174 211
4 135
131 238
92 255
91 148
128 213
48 88
32 258
84 153
119 274
59 230
128 218
18 105
2 221
37 60
160 191
16 101
164 167
63 160
32 190
99 270
32 171
136 197
35 138
183 237
8 38
42 202
148 163
47 275
19 187
61 255
89 157
13 16
249 252
16 62
83 113
103 168
93 165
84 94
236 271
173 259
128 182
134 172
194 234
242 264
174 269
254 269
105 180
35 195
126 269
160 267
81 143
73 177
175 193
58 245
46 48
61 229
40 128
88 188
26 144
61 146
7 94
123 259
37 155
202 237
82 176
94 275
22 70
64 233
8 200
136 148
186 201
121 179
42 252
81 231
83 148
221 264
115 195
6 40
47 143
232 240
181 247
226 240
186 241
115 119
10 148
65 228
87 111
57 160
30 46
204 229
145 248
173 198
114 152
30 232
206 271
37 226
180 185
61 114
41 270
197 237
74 248
21 124
29 240
23 262
57 132
184 188
3 149
197 247
33 233
28 102
62 132
66 233
76 227
83 114
9 57
33 167
62 236
135 235
100 137
85 267
88 126
59 219
48 248
6 99
112 213
72 201
126 228
95 109
20 156
96 175
176 259
128 235
29 96
77 245
38 247
3 63
193 220
92 220
198 274
10 47
19 131
56 222
211 225
59 159
90 219
128 274
104 180
57 231
43 231
229 271
94 231
103 219
235 255
5 144
61 268
43 185
64 88
246 251
19 58
38 218
198 231
57 273
14 180
176 224
201 240
72 85
7 17
18 225
179 252
97 213
114 234
6 76
56 169
42 187
6 206
118 187
58 119
155 233
19 40
30 94
12 204
161 199
16 114
14 185
6 192
67 185
116 202
12 143
185 257
5 155
3 12
47 117
44 149
97 215
12 174
26 131
181 260
32 253
68 246
138 142
156 233
9 229
58 248
160 226
20 141
4 10
112 171
92 145
229 231
140 149
5 140
60 86
250 253
95 169
18 181
230 248
64 89
131 171
104 187
225 271
17 112
17 76
130 266
63 142
60 128
10 181
106 179
175 206
29 71
78 165
120 126
23 156
50 207
175 243
88 183
37 107
54 84
62 106
98 151
2 161
186 234
114 149
15 124
46 178
83 86
98 263
146 155
53 223
23 114
1 23
18 99
48 123
82 271
95 118
136 236
113 255
56 60
15 72
36 257
196 215
163 268
231 275
58 155
119 192
19 25
97 220
172 173
109 229
119 165
241 249
43 87
3 89
176 250
77 114
117 194
62 217
39 189
77 187
113 166
154 186
121 245
103 135
37 158
241 267
257 272
205 255
80 235
11 206
37 259
87 112
66 201
134 236
82 178
203 252
26 61
65 203
238 247
52 264
209 237
0 205
17 147
67 233
207 251
92 274
78 183
103 173
55 261
20 182
78 260
88 255
70 129
164 224
181 208
2 138
16 208
16 173
101 175
136 232
34 175
170 211
248 275
5 242
40 206
51 70
136 149
52 205
57 204
90 175
180 234
127 179
57 99
115 135
110 209
0 155
98 255
109 162
64 155
33 188
44 75
95 202
73 143
74 116
21 81
86 115
104 139
57 189
21 107
102 232
40 52
177 226
43 105
98 136
139 220
43 224
42 273
38 186
100 138
25 260
233 263
179 187
95 127
100 238
73 181
80 269
34 229
52 230
82 209
102 119
68 106
80 115
5 7
179 209
35 221
39 149
204 207
64 117
12 159
43 232
75 271
16 266
239 263
77 181
191 205
25 110
138 209
8 270
110 208
3 4
90 188
14 255
74 120
22 187
178 205
257 270
124 151
144 260
46 212
54 231
55 157
26 34
7 238
78 238
114 148
0 70
62 68
22 146
83 133
47 177
138 201
127 212
25 222
94 182
24 26
36 79
37 275
208 267
12 18
27 58
8 98
199 250
85 253
5 132
105 226
79 274
26 159
47 239
67 148
79 115
178 202
125 204
107 141
223 266
45 248
20 228
37 227
77 140
41 212
193 206
173 211
90 254
73 139
188 199
28 205
20 124
80 87
44 153
110 175
155 196
91 235
41 147
79 225
51 204
123 131
112 208
109 260
19 243
1 142
43 238
50 208
55 143
131 178
201 215
75 241
110 182
19 52
91 263
165 252
47 249
39 80
108 140
22 192
82 94
148 178
163 251
173 254
15 142
42 184
170 217
8 205
185 219
114 116
10 23
38 119
31 83
49 225
55 72
130 244
79 235
149 196
12 65
58 160
26 50
127 196
161 183
26 40
21 267
220 261
42 172
99 210
36 250
55 197
70 220
271 274
12 214
171 252
133 134
105 232
111 163
151 233
216 244
27 187
145 155
229 237
91 123
81 216
160 208
82 184
34 126
239 260
18 205
102 219
47 185
72 235
82 179
11 53
33 166
100 264
52 170
252 265
24 110
175 266
15 67
148 197
35 165
30 230
81 199
33 208
163 169
8 234
50 66
97 176
52 68
51 91
50 131
195 207
62 206
147 192
8 239
177 246
97 137
51 76
29 82
79 221
32 136
16 132
149 172
214 224
169 223
19 183
110 154
83 104
14 247
32 45
80 222
0 3
70 102
143 214
2 28
20 30
7 167
130 275
143 221
29 210
166 223
64 123
87 178
192 213
67 106
135 188
11 133
95 229
90 164
80 146
84 96
12 168
11 135
8 180
79 169
178 204
54 179
163 187
172 215
36 85
5 12
37 43
118 132
36 233
98 119
124 190
14 27
151 235
50 257
214 234
29 248
140 207
63 106
143 217
105 152
154 223
118 256
101 147
7 41
80 248
241 265
165 203
187 273
110 127
139 244
137 191
26 77
53 266
164 265
70 115
16 250
113 228
99 145
64 260
131 137
47 171
187 233
114 184
150 247
88 184
132 274
95 159
58 105
57 271
128 174
46 106
2 16
161 216
18 190
10 260
15 255
26 169
60 61
7 257
78 84
199 258
13 190
235 245
125 241
213 248
199 200
72 141
41 92
93 213
98 130
192 274
27 30
118 142
127 226
138 163
45 99
103 205
132 228
29 36
136 141
176 258
22 83
74 149
75 254
24 123
131 179
36 169
67 214
105 108
78 214
174 230
16 145
84 236
112 212
22 181
150 202
38 151
163 238
23 272
123 225
72 211
231 248
8 144
38 232
215 245
264 275
116 183
112 215
57 196
21 225
41 177
84 173
56 179
84 102
239 259
118 234
97 210
133 254
91 109
101 112
159 213
21 127
61 109
202 232
14 151
168 264
221 224
145 168
8 230
219 243
130 152
26 236
108 193
80 272
6 136
10 62
71 185
138 148
110 119
20 210
5 129
29 185
114 163
153 252
116 129
45 232
154 179
8 140
222 274
28 245
105 211
44 138
216 230
29 122
66 79
5 44
223 255
117 195
80 181
67 205
32 242
127 267
19 121
141 207
21 149
72 254
153 222
33 155
18 98
119 245
55 218
153 201
0 273
23 110
216 264
69 108
182 220
0 79
35 224
40 68
96 163
48 235
1 272
228 259
191 265
73 168
137 168
139 219
12 272
255 271
15 44
213 240
48 128
85 229
59 97
130 177
178 267
77 125
74 235
78 146
191 249
18 118
202 243
48 87
73 136
72 137
65 196
67 134
111 212
12 148
0 269
10 125
32 214
32 261
66 147
95 264
69 79
27 125
53 85
169 237
36 203
18 201
2 69
41 191
48 136
4 162
44 70
28 39
146 212
10 134
67 142
107 206
82 150
51 199
129 227
146 169
54 110
127 251
149 254
31 245
55 85
146 233
128 237
24 112
90 251
5 194
255 257
109 258
14 129
177 183
63 194
90 173
196 248
43 235
115 214
237 242
56 62
212 213
61 249
15 213
94 173
56 109
160 269
54 159
84 135
59 197
38 157
62 180
0 248
64 160
1 269
196 262
5 187
130 142
10 123
30 134
20 83
181 224
31 256
23 197
219 235
18 273
63 265
41 137
160 264
137 255
18 237
184 234
115 251
72 134
123 257
49 77
32 100
135 216
124 203
148 269
52 145
124 239
42 117
118 231
112 218
148 156
9 142
207 273
103 120
125 187
214 267
124 149
252 260
93 158
130 220
205 244
225 240
253 272
135 189
49 205
16 19
103 105
205 217
182 209
91 217
139 250
216 248
222 260
94 133
166 254
169 213
11 271
238 257
131 145
187 200
185 205
27 173
16 110
66 87
168 228
159 257
129 259
47 73
79 210
92 159
57 102
74 100
38 84
36 234
122 191
198 248
81 82
7 176
141 243
18 36
61 210
161 250
45 174
136 163
25 118
106 142
75 195
233 247
158 193
49 261
20 254
45 78
130 186
28 110
80 259
159 173
212 250
101 157
132 257
0 148
69 121
105 206
143 164
32 216
148 221
33 227
59 62
122 169
200 222
26 258
60 266
141 149
188 263
68 205
6 109
157 267
46 78
217 259
125 245
69 126
93 247
25 191
212 258
30 65
65 157
86 150
198 263
10 12
56 105
125 194
66 168
71 78
82 208
116 270
106 171
258 260
25 39
24 161
142 180
177 216
83 204
144 232
22 212
215 219
6 247
156 216
206 272
133 214
24 131
47 203
72 115
98 200
116 242
51 126
27 50
19 70
115 236
175 218
12 215
149 266
62 166
201 202
18 203
45 75
30 241
7 164
56 88
17 246
214 257
153 172
30 58
18 82
160 161
142 188
30 131
158 248
92 100
192 207
111 258
160 167
204 251
4 240
112 148
190 231
174 258
220 250
90 207
24 247
103 218
78 202
157 266
162 234
25 60
59 238
137 216
139 212
21 108
10 46
165 186
204 208
168 184
190 228
4 20
92 275
12 150
15 131
97 116
23 28
96 151
4 34
87 137
112 270
43 192
143 234
122 198
83 195
160 245
76 234
147 149
17 160
76 184
9 171
134 230
195 213
68 275
43 275
71 223
201 227
139 241
117 183
130 236
140 267
104 227
108 221
86 144
174 272
153 247
88 128
188 236
57 156
34 211
28 251
18 240
17 95
19 134
181 214
150 240
103 143
113 189
116 127
126 239
87 186
36 123
54 154
3 110
128 180
37 145
143 257
59 115
61 224
55 163
26 32
76 84
123 157
2 129
75 187
125 153
26 91
94 191
38 239
17 162
56 75
32 43
9 221
149 177
9 274
48 266
129 197
63 74
126 167
137 212
38 41
106 247
78 169
180 257
160 241
38 146
236 274
9 83
60 208
63 212
24 141
7 89
199 270
123 246
160 243
89 118
55 172
98 113
2 163
52 262
17 239
153 259
23 218
30 108
15 101
17 73
169 171
75 186
60 199
181 249
95 180
5 213
62 164
26 266
68 90
109 137
32 271
188 221
16 234
60 159
52 186
4 84
73 257
231 258
15 210
3 241
34 65
142 200
244 246
170 244
121 219
142 146
117 203
37 144
9 88
74 150
48 220
104 215
6 163
24 64
68 132
117 181
138 213
179 240
82 215
99 233
47 128
98 118
111 119
89 133
108 128
41 99
32 170
38 253
67 102
121 266
54 211
89 90
21 258
93 250
133 147
247 251
26 156
77 243
2 14
4 274
30 50
143 202
18 31
144 230
9 209
2 172
19 59
52 148
84 275
173 219
138 259
251 261
30 78
71 274
107 182
8 244
20 199
228 261
29 190
64 138
78 196
23 200
91 221
189 192
41 244
42 174
201 212
51 154
156 261
161 262
13 68
101 146
12 154
29 57
216 252
139 273
154 249
99 168
54 71
83 102
92 251
166 199
153 275
129 232
135 172
91 210
10 248
6 182
46 121
75 207
122 214
38 43
57 221
21 189
177 201
71 259
64 177
123 268
9 261
136 151
129 236
62 261
179 205
32 243
177 252
104 152
135 250
39 140
62 183
188 217
77 177
8 105
118 209
23 34
23 232
64 199
184 237
168 250
75 133
34 250
204 220
47 207
6 27
0 260
27 137
162 228
142 221
244 266
182 202
114 209
24 65
28 175
7 103
144 181
30 83
186 274
62 64
40 69
117 159
89 226
62 200
3 35
137 208
29 140
197 248
33 103
114 146
67 189
39 74
153 188
51 188
163 199
46 246
83 165
71 79
182 254
16 79
137 200
83 222
3 116
24 191
28 238
103 121
21 205
15 64
13 172
130 141
16 23
124 234
87 91
72 224
72 248
135 233
2 175
50 116
46 83
29 42
164 196
221 251
98 230
52 274
232 247
47 111
41 63
161 189
105 189
236 244
20 87
94 239
253 260
28 147
100 177
103 244
83 153
31 213
114 180
14 209
219 269
19 200
58 147
97 155
104 225
40 265
30 196
57 151
83 273
24 99
84 190
231 257
231 243
136 258
212 266
7 8
20 50
127 273
203 266
186 275
227 237
31 141
82 116
47 139
9 67
152 237
35 273
155 181
85 167
152 164
103 237
10 241
81 100
104 267
90 239
22 141
219 266
81 93
79 233
35 93
109 235
20 240
96 129
31 137
144 177
67 127
102 201
5 179
86 160
114 192
60 238
67 69
68 269
31 96
18 266
175 273
215 252
240 262
182 210
75 208
74 205
131 217
52 53
25 102
107 165
96 112
10 183
15 38
224 245
12 263
7 123
33 86
105 225
156 214
59 65
93 189
27 79
179 180
73 154
115 198
122 251
104 246
189 226
8 148
100 223
5 199
152 179
131 160
223 236
160 211
79 258
132 210
235 249
113 139
1 211
12 64
34 275
71 89
52 64
95 200
136 244
139 254
97 208
78 164
94 237
172 247
40 160
60 210
140 250
16 104
70 197
70 204
103 256
2 159
79 111
138 225
25 160
118 150
55 269
31 62
12 68
228 241
61 145
33 148
11 224
126 209
100 274
213 246
154 189
8 43
128 130
114 237
192 217
57 169
163 230
5 71
190 232
81 184
33 136
179 255
151 262
232 249
0 123
176 190
166 186
62 150
67 174
24 263
20 143
128 270
135 265
105 167
68 266
207 235
87 122
42 194
16 216
117 245
121 169
87 228
17 139
51 272
61 265
63 173
6 10
63 171
59 201
57 63
198 226
36 50
48 131
204 261
216 270
69 90
193 198
82 194
140 225
27 28
56 151
96 200
189 270
6 90
126 248
67 228
223 244
141 175
202 205
57 238
82 233
75 164
7 11
88 127
70 118
10 64
29 221
166 253
26 178
238 248
226 227
95 102
50 136
149 176
110 249
217 221
90 111
121 233
179 244
79 120
109 183
3 140
55 181
0 89
62 133
178 254
99 132
73 244
76 192
13 43
185 254
34 231
15 97
49 130
181 186
119 201
186 190
63 256
77 255
26 125
190 211
91 255
51 203
53 221
142 195
193 202
114 177
176 221
203 267
55 128
68 111
259 264
47 150
1 24
79 179
129 149
62 94
127 160
62 209
5 271
184 256
196 260
103 144
40 44
17 79
56 112
43 196
93 150
59 265
8 100
161 245
46 71
21 261
22 33
147 188
85 129
74 219
80 242
240 271
126 200
102 111
81 153
113 186
27 126
14 210
51 202
5 163
25 269
148 239
207 236
35 144
96 111
32 263
1 81
87 199
219 232
203 240
18 123
166 181
82 98
38 161
122 182
131 206
53 65
8 236
26 223
217 235
68 74
16 261
187 257
105 202
165 194
15 242
49 204
146 170
48 156
155 164
18 256
106 159
104 170
23 144
108 153
19 89
52 211
185 232
18 128
131 143
121 224
121 134
103 254
228 233
30 60
110 200
3 210
12 104
200 274
122 255
26 172
126 260
79 270
45 188
267 274
15 196
120 127
8 210
27 214
126 158
109 261
180 224
191 251
97 211
145 215
104 116
114 260
226 232
63 208
101 129
21 78
146 166
245 272
152 185
44 216
144 236
127 130
83 215
11 245
152 225
60 253
32 252
178 269
133 182
3 112
35 174
181 251
32 188
56 232
76 142
50 210
21 192
9 56
41 57
5 269
115 200
71 146
119 196
99 104
162 184
81 183
15 33
97 149
78 96
194 230
10 263
55 140
206 221
140 142
46 104
33 132
2 171
52 140
88 113
132 233
118 206
56 216
7 269
5 102
72 238
32 76
56 170
33 110
61 226
72 244
95 246
114 133
28 142
191 220
27 92
96 204
22 168
212 265
42 206
131 197
65 151
45 245
31 91
190 226
90 147
134 267
18 57
156 184
24 94
34 269
109 144
36 157
223 275
8 166
89 217
80 223
15 230
55 82
89 219
7 58
59 270
132 149
43 187
42 111
172 189
71 242
218 269
117 138
66 122
6 222
180 217
133 267
216 247
99 147
65 263
169 264
178 224
206 275
113 154
70 251
62 92
147 251
220 254
26 167
32 160
128 236
2 268
161 264
58 101
65 248
128 166
160 236
120 181
3 163
176 211
160 274
1 126
4 190
84 212
203 217
29 164
156 209
132 155
27 223
144 237
2 73
34 104
59 176
21 268
57 219
20 270
81 208
20 244
22 176
91 95
140 193
117 118
37 77
60 265
266 269
20 161
13 41
137 187
105 181
71 204
0 232
92 206
76 132
172 253
2 181
18 124
147 182
87 148
59 134
64 232
126 165
153 245
76 136
128 257
83 167
147 201
243 258
96 113
10 146
30 197
163 205
15 105
85 264
214 218
44 145
78 213
150 172
14 172
79 122
34 153
187 266
16 240
163 220
140 254
146 221
43 151
54 212
108 190
10 179
190 254
94 238
123 133
76 183
17 192
22 242
66 189
128 149
41 217
15 201
70 112
111 214
67 145
218 246
195 202
5 234
89 224
138 273
181 264
56 226
170 213
22 243
210 231
127 195
42 115
13 121
18 115
23 191
9 196
149 228
15 116
87 246
86 228
112 227
80 244
63 141
82 170
91 259
30 129
247 258
40 225
63 172
102 194
37 111
83 94
36 273
41 148
110 191
76 151
73 93
131 253
29 162
3 240
110 263
158 264
33 160
197 246
146 251
24 249
48 199
88 237
94 155
38 96
86 214
7 30
47 241
142 198
81 154
36 274
109 170
123 147
56 168
116 170
0 38
125 141
37 128
146 196
137 257
125 217
64 76
77 271
84 168
166 256
58 103
168 190
74 179
72 90
70 208
10 222
126 148
60 111
136 186
188 228
13 46
50 247
75 270
209 258
88 178
12 155
161 272
53 145
189 190
98 176
41 222
47 265
91 242
3 18
58 139
75 93
137 159
131 255
114 144
171 190
8 254
179 198
210 216
57 233
8 80
151 168
94 243
113 145
25 268
120 191
146 188
199 246
119 241
51 247
151 201
123 170
95 258
95 147
42 124
201 243
12 274
124 174
129 275
196 257
156 173
151 218
20 51
258 271
40 58
100 202
30 113
143 226
164 187
175 260
227 230
74 133
147 196
252 261
159 259
18 44
139 148
7 64
148 203
21 134
47 170
156 185
69 272
78 250
101 125
118 243
6 60
172 246
81 198
88 221
154 203
151 265
61 209
18 221
166 170
89 161
20 60
63 118
58 203
224 240
52 104
2 93
180 184
71 117
148 186
231 242
225 266
173 188
60 124
69 224
157 184
26 213
20 227
143 208
88 212
85 231
151 200
185 209
194 251
37 59
98 246
55 67
82 166
4 157
107 135
200 212
70 165
147 217
82 253
126 216
23 247
28 261
12 39
78 229
22 39
135 215
168 269
146 235
35 152
134 221
18 228
178 189
212 221
45 120
181 223
139 249
213 263
178 274
139 231
44 214
33 272
36 177
76 257
10 91
25 175
37 141
77 97
137 204
38 227
31 175
0 253
2 9
87 164
29 105
48 242
198 213
132 205
22 122
0 249
146 184
64 185
37 186
249 274
0 126
18 51
76 182
90 154
110 240
64 194
104 228
96 138
8 111
82 151
144 199
190 223
69 263
227 264
46 134
132 248
57 147
122 221
28 184
141 217
73 103
23 167
91 233
99 192
85 179
16 167
58 202
39 83
134 215
33 81
95 209
27 132
205 213
69 253
113 272
63 203
71 166
17 241
134 248
4 98
4 194
88 199
95 117
187 243
173 241
153 192
188 243
141 181
27 169
44 262
12 94
125 263
254 262
0 10
32 237
5 18
51 235
10 45
41 235
146 229
15 224
82 87
37 122
156 269
57 180
15 36
91 106
154 202
171 222
133 141
57 177
47 173
245 252
149 215
69 178
137 228
64 249
181 253
8 41
125 200
159 226
100 140
101 230
76 79
34 239
66 92
17 128
80 177
143 252
111 174
73 99
140 234
195 235
82 217
1 198
157 263
58 269
182 211
117 163
10 147
110 232
130 206
8 195
82 240
67 171
177 241
53 106
29 32
15 172
40 211
155 174
41 111
55 145
111 118
58 215
66 180
95 166
76 100
33 102
163 264
10 197
142 222
46 96
143 171
21 125
126 256
109 156
2 200
46 203
255 268
25 166
174 186
9 197
13 116
13 69
24 107
88 238
146 252
73 105
103 127
98 155
201 244
71 164
50 86
96 121
70 248
157 217
15 179
41 88
85 134
58 138
153 268
128 185
20 123
58 254
99 103
93 263
28 135
113 220
146 156
178 190
140 146
94 151
14 28
176 222
38 260
118 240
48 244
98 112
227 270
153 236
4 260
53 60
121 259
94 195
58 205
85 252
15 16
155 271
173 218
67 235
102 178
104 131
141 235
103 129
116 133
83 228
180 206
228 274
28 225
198 207
115 158
174 240
5 36
43 59
145 217
10 15
77 223
114 150
60 76
218 260
37 84
140 258
38 184
112 160
46 169
80 157
52 167
129 183
90 139
35 77
3 249
100 230
1 157
42 195
76 93
21 120
62 240
35 186
83 162
37 205
79 213
56 186
200 250
236 255
189 258
161 196
66 246
105 150
96 158
3 166
29 55
105 240
199 222
136 192
207 215
170 229
149 271
86 122
157 248
13 180
3 95
101 271
75 198
10 191
84 133
9 216
15 40
186 237
15 109
183 219
224 231
110 199
2 259
72 246
5 59
218 231
32 65
32 226
11 243
41 192
13 56
35 74
31 212
133 232
31 241
42 222
57 73
103 162
151 162
26 274
162 180
137 202
21 39
23 135
154 253
11 275
32 162
3 136
134 240
124 152
9 218
94 122
104 173
16 58
141 228
198 212
62 82
125 257
125 169
126 138
74 232
174 179
67 223
164 212
144 252
176 239
42 146
79 113
77 242
89 105
177 212
56 124
75 78
152 236
97 134
44 72
63 204
101 169
98 235
71 116
68 137
174 238
114 165
32 52
129 158
8 172
74 79
19 140
6 200
65 192
104 188
30 119
96 216
115 134
30 221
195 255
21 178
24 72
56 258
12 140
4 47
121 238
74 187
19 249
68 202
95 192
13 165
140 214
94 165
125 261
18 45
139 262
143 162
31 240
187 237
50 206
112 203
238 242
27 52
33 34
33 140
130 175
49 272
207 234
145 257
61 271
110 143
57 67
35 87
241 247
242 250
22 197
125 247
11 252
182 222
41 201
152 271
83 145
213 269
42 244
16 174
136 137
99 185
151 228
122 197
20 128
5 65
0 161
208 234
8 109
90 152
144 171
120 249
145 160
107 117
6 140
71 80
117 221
78 173
6 177
36 144
123 166
42 190
220 238
153 221
29 166
3 226
80 224
108 132
13 179
196 218
25 159
51 65
142 174
41 232
119 258
43 203
200 232
109 130
126 184
32 222
14 37
77 176
140 269
66 135
253 273
108 154
19 27
23 51
37 185
118 215
91 205
197 214
207 237
84 204
71 121
143 170
45 118
92 229
70 266
65 236
18 183
88 260
131 224
117 193
165 272
106 109
1 36
64 210
31 128
100 117
86 172
6 184
117 205
243 250
18 68
211 222
36 211
71 132
65 92
67 79
42 44
38 116
248 261
132 199
209 231
44 67
151 219
25 254
42 50
86 155
60 234
35 124
16 195
94 259
63 121
74 256
35 120
131 157
29 135
19 116
24 225
65 110
10 36
80 263
98 117
17 230
91 216
99 226
6 229
54 74
170 246
205 264
36 194
246 275
151 158
125 143
114 255
81 131
37 87
67 105
10 79
88 159
110 257
19 129
116 134
72 219
168 210
43 179
81 96
88 95
122 215
102 203
155 253
139 150
3 45
61 101
28 72
144 209
12 90
202 253
127 240
28 133
9 158
113 209
241 248
151 212
223 240
87 90
122 128
196 252
122 217
5 212
33 162
47 176
144 163
21 157
96 232
84 114
67 252
147 194
4 120
91 219
48 78
53 164
96 117
60 169
23 163
163 213
38 244
76 91
87 255
77 226
91 249
167 250
167 236
19 132
56 144
22 29
128 199
10 42
29 217
115 139
37 167
156 217
43 140
37 194
52 111
80 103
161 210
87 214
146 260
76 258
7 14
23 254
97 264
115 209
100 251
60 63
182 225
75 108
221 222
82 107
102 116
15 102
15 79
91 171
101 273
95 179
196 274
62 119
114 245
160 202
12 195
46 82
176 232
184 219
134 160
127 149
49 232
155 218
29 212
73 243
136 259
150 191
0 152
225 245
30 213
16 232
153 159
126 198
88 197
5 254
22 261
126 241
191 202
0 156
148 170
186 267
105 144
27 106
88 202
9 147
73 142
103 139
45 238
65 94
76 122
10 199
92 265
164 191
0 180
125 243
181 229
4 137
4 41
35 41
0 87
77 171
92 259
6 100
1 183
73 123
45 53
8 174
154 250
16 244
9 265
107 261
53 105
53 97
27 44
47 104
38 50
114 244
2 253
28 160
22 109
33 264
145 261
119 139
94 161
128 271
14 82
108 209
97 144
142 162
40 101
142 240
58 75
204 257
66 91
53 241
143 165
77 216
28 104
121 145
130 167
64 131
45 94
205 251
19 145
124 223
75 115
78 256
40 195
77 273
196 251
252 274
11 189
15 212
44 127
88 166
3 162
160 259
101 264
215 271
49 258
50 65
49 249
166 217
192 247
142 193
227 275
103 142
6 144
36 256
52 151
22 121
66 73
112 268
30 219
114 206
11 172
229 230
120 214
81 162
62 118
217 237
129 201
69 152
63 229
131 149
2 251
144 239
1 6
138 184
50 175
15 59
160 246
59 191
71 218
78 262
185 204
65 231
140 171
103 131
134 225
75 229
68 214
64 208
39 216
27 237
127 140
175 241
51 186
119 215
129 202
53 75
131 173
111 144
24 27
138 233
23 90
193 197
16 85
95 271
140 172
49 67
129 253
160 232
239 249
109 189
118 120
167 206
66 84
115 152
31 156
174 222
66 146
104 165
144 246
182 257
130 180
44 68
49 175
82 186
131 172
63 103
119 218
170 262
45 226
49 73
47 169
168 180
42 165
135 255
75 95
107 175
196 226
7 211
60 173
250 267
209 267
106 176
198 232
35 263
0 199
129 257
44 162
14 219
147 265
164 203
142 209
23 38
49 275
120 262
48 147
181 212
8 15
71 111
0 100
11 98
249 257
113 235
87 265
67 76
1 63
120 234
36 245
211 248
239 261
143 260
63 174
100 175
72 144
49 125
63 108
93 135
1 41
3 46
57 261
188 248
130 232
40 214
43 72
182 264
58 93
166 240
16 31
114 138
118 126
86 254
19 217
36 81
171 192
1 256
58 272
78 170
64 264
45 223
117 149
81 94
6 254
16 242
100 227
30 56
31 66
117 132
206 268
248 254
90 118
202 231
113 130
32 57
83 275
36 163
251 254
161 229
62 245
130 198
91 104
118 245
155 247
39 175
112 119
14 204
107 188
52 63
141 204
124 261
84 177
51 267
181 228
107 181
119 227
164 227
32 205
139 209
20 74
17 142
4 40
97 194
1 189
35 270
42 258
205 273
57 165
27 102
83 186
41 155
6 66
195 211
217 273
50 172
130 228
186 263
74 247
217 238
83 88
163 194
148 264
62 130
20 71
55 258
29 223
132 202
13 212
94 143
10 67
77 230
3 209
2 196
178 222
215 260
128 147
102 169
45 227
42 63
100 127
17 137
83 91
147 162
204 249
161 181
121 157
149 232
234 259
101 258
56 220
98 154
259 265
55 202
103 179
155 223
87 136
95 175
40 207
51 185
118 229
129 206
67 114
193 245
15 121
144 165
10 126
4 184
100 133
77 186
187 201
140 227
116 174
125 255
225 272
23 32
38 224
61 89
13 214
55 175
4 57
142 271
47 115
90 200
177 220
30 120
241 254
63 122
41 146
216 260
65 84
19 79
220 251
92 99
25 231
110 256
82 196
38 87
134 208
203 259
24 45
108 199
133 184
91 163
42 65
56 116
109 160
54 147
59 82
32 77
45 74
194 237
80 98
94 213
4 15
43 158
136 262
100 181
60 194
2 11
87 264
68 95
19 138
68 220
52 66
7 221
13 19
121 246
110 236
179 197
183 207
4 6
155 273
148 183
242 267
161 211
151 203
30 91
73 240
92 186
49 191
46 85
186 196
120 167
31 234
103 242
39 75
130 203
66 221
75 131
10 131
63 67
100 186
57 234
22 152
59 267
45 201
21 166
60 193
225 250
75 80
14 179
86 119
107 168
140 232
0 80
11 48
110 163
97 225
37 95
20 204
179 186
10 158
16 127
129 216
62 243
100 197
168 181
62 192
76 241
216 222
89 134
153 216
140 220
65 118
155 219
237 268
104 229
132 197
136 242
179 235
42 203
208 257
9 139
192 249
17 168
120 247
34 255
99 251
40 150
58 227
17 105
122 160
126 179
17 213
23 257
92 140
106 227
40 236
235 265
4 200
184 265
31 87
176 267
106 232
152 235
136 257
71 175
221 250
2 228
38 79
151 246
118 221
173 245
170 250
125 155
116 254
123 250
145 156
257 273
56 259
2 252
92 114
35 70
151 224
25 82
81 206
30 149
39 104
155 260
121 142
220 222
23 158
133 205
142 199
192 231
41 219
109 265
164 192
132 150
131 190
187 268
39 118
60 195
48 105
216 217
25 123
14 88
11 253
174 268
28 190
15 180
103 220
227 253
192 221
40 118
227 233
35 244
169 212
82 231
144 145
235 263
229 238
2 142
42 178
63 225
185 215
85 146
20 219
45 111
35 262
120 168
151 216
14 120
18 200
22 108
4 233
120 186
220 234
80 122
11 110
32 239
203 258
40 63
21 220
34 170
35 68
109 255
128 208
94 107
110 162
46 150
162 194
45 103
185 189
79 185
52 160
1 152
85 124
163 249
19 166
15 151
98 221
22 173
120 250
132 198
57 159
15 222
46 105
170 259
265 274
22 133
89 172
98 127
24 74
166 258
39 250
52 206
173 253
158 267
209 235
60 171
47 234
124 136
19 128
113 198
89 115
83 249
6 54
29 152
96 251
120 145
50 73
88 123
84 159
102 200
143 267
139 230
23 76
95 178
29 174
56 177
90 269
122 172
40 104
33 36
71 90
15 221
2 194
108 229
34 83
38 117
36 249
14 22
116 253
54 190
18 153
77 162
198 265
13 115
44 270
141 239
114 171
10 258
52 132
102 162
44 245
117 259
66 100
140 194
159 206
97 247
11 65
63 238
38 265
27 210
170 190
112 211
33 90
9 185
38 154
159 238
122 201
192 225
111 177
149 170
20 152
131 220
182 243
175 222
17 214
89 142
59 66
65 72
151 184
65 235
44 64
42 157
16 40
114 189
20 214
111 205
116 200
41 150
85 255
111 178
58 117
232 255
79 131
18 23
121 163
129 212
122 266
50 119
2 108
119 242
4 247
33 211
1 205
117 164
150 210
128 202
86 182
7 202
10 69
124 218
22 107
64 78
43 79
113 238
12 41
160 260
45 119
2 45
9 122
90 250
49 85
48 208
77 175
56 115
220 237
166 238
107 210
8 29
9 233
15 115
52 248
40 75
47 183
27 83
197 221
13 237
163 247
71 181
95 242
47 268
155 242
218 249
73 190
2 37
115 273
76 125
14 135
83 220
177 199
101 260
36 131
115 148
53 89
138 179
59 144
69 180
184 220
13 243
58 191
44 224
142 272
59 135
59 209
75 98
168 205
97 238
216 255
54 172
256 259
10 129
58 122
197 256
184 250
19 164
107 208
37 165
149 180
94 112
209 216
180 211
8 72
136 213
120 227
16 83
58 125
117 185
20 164
89 190
216 226
149 246
35 251
87 230
29 267
157 237
78 110
24 228
214 216
124 150
248 267
17 101
30 44
12 234
43 241
113 140
167 174
43 114
77 113
138 241
24 31
22 232
113 226
47 230
207 243
72 104
30 140
37 274
79 195
60 102
213 257
112 167
29 243
261 274
71 171
26 232
81 138
230 269
49 160
11 39
22 98
211 229
16 121
206 241
117 236
99 142
169 197
199 221
11 56
68 219
64 112
218 238
144 172
39 228
100 183
135 272
43 204
115 137
52 250
129 244
87 116
56 133
31 37
24 70
157 168
59 225
149 165
100 215
158 219
27 236
56 182
15 29
29 66
163 221
15 233
162 231
83 236
14 136
11 64
31 127
59 253
39 120
63 100
146 210
51 183
0 94
45 72
3 139
8 89
129 256
152 221
87 160
125 166
166 241
107 242
100 109
140 261
12 173
82 136
35 94
212 246
83 232
11 175
21 253
135 176
118 192
77 184
104 193
107 184
87 88
91 267
31 48
57 262
36 38
156 232
81 185
17 22
180 232
114 143
29 272
12 55
63 268
63 231
82 226
103 107
36 162
54 108
102 271
128 240
103 192
66 202
165 249
25 85
26 80
73 275
204 214
12 156
73 182
135 163
170 185
6 183
88 209
93 117
138 149
88 119
133 259
211 224
132 157
115 220
44 82
236 269
62 168
64 209
43 226
75 178
30 147
37 241
30 92
192 243
186 194
198 260
0 4
183 196
107 230
54 244
137 221
49 259
18 91
85 180
22 115
127 184
18 156
30 173
69 81
40 228
222 224
84 169
43 144
73 263
163 223
86 242
122 240
61 79
88 175
43 96
0 127
187 259
143 166
78 95
103 269
155 211
0 163
9 241
66 115
73 217
23 216
97 261
101 193
21 119
160 263
122 236
234 262
161 176
170 225
134 212
157 245
154 156
195 258
93 261
8 57
55 129
156 159
65 218
37 126
9 96
38 140
234 275
175 257
22 203
22 43
130 248
111 209
17 207
174 253
150 232
96 247
28 234
79 126
123 160
46 247
168 233
29 54
120 121
8 119
181 245
64 106
56 171
94 245
114 213
115 266
67 194
70 198
234 236
71 263
139 145
72 121
178 201
43 124
199 233
242 254
24 211
66 260
163 195
56 253
41 120
51 71
8 66
39 160
31 189
191 242
29 155
159 210
87 168
77 133
249 272
99 124
255 272
82 252
15 153
195 227
91 195
11 161
10 33
14 30
12 72
134 187
11 82
80 111
140 188
127 263
88 129
124 235
25 28
117 155
157 194
74 215
34 160
52 241
81 115
64 245
178 262
73 95
105 231
28 123
139 227
10 115
23 212
57 123
38 179
32 260
59 69
120 204
187 225
20 207
109 222
170 182
246 259
140 257
46 237
84 240
90 151
76 177
128 210
63 128
268 273
11 46
261 272
180 262
236 249
111 207
88 195
140 202
177 245
164 207
210 268
12 107
2 222
13 201
131 142
108 262
183 258
154 241
42 245
161 167
70 260
36 213
135 238
29 43
122 206
79 140
129 176
124 238
182 214
190 269
3 269
10 186
86 110
235 268
115 248
29 238
35 248
151 207
19 84
49 234
92 257
142 215
75 96
99 127
97 250
108 133
153 167
93 218
59 75
235 254
79 99
134 255
92 261
142 244
173 248
48 159
160 204
235 257
166 209
100 150
19 274
51 75
36 43
173 224
149 231
92 209
16 203
99 135
16 90
84 130
218 263
220 224
60 206
125 181
100 199
120 256
33 120
49 198
142 206
51 115
22 160
138 173
60 117
155 246
73 184
202 245
136 218
72 135
155 182
89 120
11 269
32 202
59 126
168 193
163 204
122 267
51 216
51 166
58 102
210 267
235 242
181 252
82 203
57 97
115 208
65 111
105 219
86 90
145 169
77 145
114 221
0 51
92 199
119 186
171 180
30 180
66 149
49 132
106 183
164 269
69 246
162 177
116 247
17 115
112 237
84 270
181 193
129 250
76 106
3 153
212 227
44 271
59 192
98 145
105 200
45 77
13 169
106 238
7 261
11 240
37 262
108 175
98 191
165 167
165 270
39 158
77 91
49 154
0 15
48 166
65 160
160 268
117 151
103 267
108 267
178 210
33 213
29 181
35 240
178 221
141 255
29 30
19 150
19 193
225 230
224 267
2 210
39 40
72 152
9 190
21 190
34 88
223 248
130 264
25 98
122 213
80 89
27 75
100 108
5 33
107 109
84 147
111 134
83 93
70 130
20 76
56 153
30 246
82 263
134 197
196 231
89 108
242 263
128 192
83 260
0 19
26 37
31 215
97 222
201 219
77 101
115 140
208 254
165 261
57 90
37 56
11 21
121 231
68 174
136 142
91 204
185 227
125 195
6 171
29 154
104 141
198 199
147 244
173 210
203 255
142 178
180 209
3 218
50 72
115 233
165 259
46 57
77 89
63 168
176 273
97 249
191 252
85 272
184 228
207 250
30 63
138 197
48 194
82 165
93 112
30 57
203 270
48 270
66 250
51 66
119 160
45 88
17 157
84 198
170 180
18 154
168 261
73 90
85 95
40 43
63 183
21 252
65 234
99 134
99 137
31 148
44 109
136 212
101 132
35 149
35 242
6 93
156 200
127 203
60 187
126 192
26 90
114 181
39 101
69 92
121 186
114 122
24 268
45 166
27 70
200 242
104 201
199 225
108 210
204 216
69 212
7 270
23 61
182 236
39 246
53 76
100 152
11 106
248 270
197 233
186 262
65 195
167 208
14 69
58 197
12 110
97 153
158 271
3 251
129 219
26 275
104 270
117 137
42 119
123 191
89 162
172 213
206 233
121 237
28 128
139 159
161 164
184 260
110 146
0 31
103 265
0 106
154 271
102 220
84 155
180 189
27 193
167 238
195 229
76 112
140 179
86 149
136 219
140 199
31 144
77 193
3 142
131 201
32 62
86 249
56 266
113 175
181 182
79 197
101 148
116 229
192 198
146 204
16 156
112 251
78 255
111 234
130 137
184 267
21 200
161 165
33 247
138 249
121 184
69 123
113 161
49 202
184 242
63 101
71 160
54 249
27 37
141 230
98 273
141 168
32 270
42 82
30 203
212 267
35 264
158 183
1 93
5 16
86 252
9 250
29 67
147 210
145 198
52 150
164 274
157 193
0 69
33 66
91 143
155 225
18 67
90 133
144 235
132 158
35 204
110 231
208 232
24 252
107 218
242 266
2 145
129 261
0 256
88 201
101 229
27 77
187 230
146 174
53 239
214 256
98 224
115 163
95 141
181 270
11 40
1 235
1 113
158 209
70 81
76 137
5 184
143 219
186 230
105 171
141 185
27 188
31 174
172 201
2 258
202 271
216 237
77 146
5 219
153 264
88 155
5 111
102 159
162 193
117 196
110 195
128 226
203 275
28 58
76 247
97 108
219 220
4 61
89 195
104 158
28 151
108 225
7 267
205 254
129 133
135 150
40 257
43 157
210 271
111 275
84 115
9 271
123 195
98 198
131 241
25 113
77 135
113 143
31 47
119 140
54 188
72 261
230 244
165 265
233 256
9 85
81 173
82 153
122 168
24 264
41 70
63 224
110 261
6 125
170 265
55 201
24 54
254 264
175 220
64 220
157 185
92 111
29 222
24 260
96 246
151 166
88 174
148 199
190 224
37 208
43 122
19 139
30 215
100 233
62 128
22 222
97 267
25 170
199 211
36 41
177 264
3 101
152 209
80 140
39 203
48 239
113 173
122 260
65 186
135 244
3 244
141 240
177 260
104 239
62 219
249 275
14 118
154 246
85 230
82 180
97 143
31 173
43 212
8 208
49 109
98 126
151 245
9 161
222 248
49 203
105 119
115 170
66 118
253 265
126 262
127 129
169 176
25 107
63 145
167 243
14 31
18 77
48 79
267 273
217 254
0 238
221 233
151 157
5 96
131 262
169 244
83 233
149 184
25 132
5 13
45 222
112 169
2 120
126 144
44 213
103 110
60 201
78 158
33 125
137 149
0 204
17 96
130 221
31 86
53 260
90 114
8 127
35 102
47 153
34 252
53 222
181 233
25 131
12 238
156 226
83 168
64 71
57 96
86 108
173 268
150 253
157 183
113 122
101 274
84 106
77 124
65 123
69 122
16 207
26 86
38 175
37 64
35 247
64 202
26 225
94 148
58 70
107 264
23 41
107 180
74 134
105 151
56 98
146 199
59 95
84 148
72 232
223 265
93 142
53 160
68 145
165 182
115 126
9 200
111 170
35 36
193 205
12 266
89 212
57 157
101 104
138 155
3 48
167 181
129 134
65 89
6 239
64 267
106 208
71 129
58 95
144 186
29 253
47 149
26 230
4 16
192 257
143 197
92 210
212 259
196 259
60 120
6 228
23 230
207 224
130 172
66 219
109 190
14 85
27 120
12 202
100 188
246 266
142 170
14 43
133 216
18 192
34 161
14 16
88 226
102 132
2 248
177 223
194 268
173 227
135 217
99 115
239 241
46 125
24 140
44 240
226 257
105 120
179 248
131 246
3 228
43 50
27 145
31 164
140 164
143 146
146 189
76 117
196 240
99 109
72 140
30 138
106 160
69 130
28 272
126 265
171 230
174 225
196 223
16 151
33 139
107 203
215 231
27 151
57 115
30 254
122 139
127 255
1 215
98 144
138 177
158 167
36 68
19 108
113 269
51 197
83 146
179 253
91 202
1 262
134 140
64 244
138 195
98 240
147 157
79 105
44 115
17 154
25 181
31 219
178 252
105 238
135 259
154 233
143 225
18 78
86 185
6 42
44 242
61 217
22 257
158 195
90 167
88 211
97 118
129 233
1 69
17 121
83 170
57 258
34 148
69 251
119 244
212 268
81 265
83 196
133 202
106 110
58 226
22 157
219 240
156 252
14 220
151 177
15 198
76 214
158 216
130 234
33 78
191 204
97 258
76 141
195 218
150 257
100 243
36 228
67 139
39 238
16 164
51 83
7 142
105 207
237 254
54 136
144 205
126 220
23 138
150 185
74 137
113 131
133 253
55 227
71 98
110 131
27 113
122 132
9 198
145 186
163 186
18 29
102 170
57 124
59 124
138 216
51 82
5 174
47 221
61 202
87 240
27 159
89 131
45 253
243 257
191 262
13 174
83 234
27 156
86 118
217 262
73 101
39 263
9 64
2 214
105 177
59 130
42 240
13 156
7 234
100 218
54 99
93 185
19 105
97 128
172 206
149 252
52 231
139 259
152 247
88 165
57 251
33 64
191 274
30 261
23 201
24 206
19 149
19 221
173 175
50 101
52 172
57 86
36 275
45 191
160 235
129 204
35 258
54 234
0 177
84 124
131 194
260 267
90 125
96 178
49 274
117 247
59 180
196 256
63 166
168 268
58 183
6 224
65 114
136 235
64 90
68 77
204 230
97 270
105 247
161 185
101 133
86 241
81 269
49 97
2 50
125 248
108 251
10 207
29 194
79 153
61 181
65 71
141 186
147 163
35 143
210 238
9 205
5 87
12 212
159 242
60 183
92 137
61 199
88 162
61 184
51 68
15 54
112 257
46 156
96 252
95 112
130 258
0 73
110 167
76 259
225 248
115 144
36 252
69 202
102 259
41 125
232 267
66 268
23 245
0 193
167 257
14 95
91 112
28 57
64 164
93 272
110 173
159 253
28 268
14 198
55 115
20 243
91 197
105 249
15 28
170 247
102 193
83 103
33 182
89 95
85 234
154 197
213 250
79 150
151 185
121 162
175 219
182 187
111 115
60 75
73 242
102 122
110 194
25 92
138 172
165 244
76 146
18 70
257 258
177 225
5 246
244 271
63 222
59 125
106 121
220 269
192 256
9 176
114 166
105 218
153 174
1 131
0 267
30 145
154 160
80 153
0 182
210 255
237 262
57 187
202 217
127 253
205 211
12 258
39 134
182 189
230 241
165 214
104 115
1 107
48 154
3 25
75 185
138 182
0 154
50 216
86 190
82 248
168 215
265 267
93 130
17 161
162 211
194 219
224 273
20 138
9 247
105 230
55 123
115 213
159 201
119 161
93 179
94 230
35 272
140 150
78 220
79 219
20 153
88 196
11 155
96 240
61 127
221 244
94 214
23 39
1 127
118 230
20 99
16 200
39 122
94 221
5 27
127 259
183 204
45 268
33 217
125 163
76 104
12 149
12 79
41 114
79 205
24 66
72 168
10 18
93 230
110 242
22 62
94 175
54 236
36 46
183 265
120 209
53 267
22 211
38 113
31 160
92 173
55 106
63 162
3 24
2 83
55 130
141 272
44 161
192 268
174 275
25 237
1 118
63 249
0 186
147 270
34 234
92 116
85 165
106 118
164 194
231 237
39 142
1 169
191 236
89 158
32 178
35 80
96 105
48 63
14 237
61 87
59 258
23 249
165 226
50 97
65 222
140 173
271 272
85 109
0 258
50 163
9 42
49 146
137 163
138 211
105 149
8 125
165 222
20 65
9 105
162 270
143 204
147 164
72 143
71 103
103 108
197 207
170 223
147 159
118 174
70 209
180 187
2 134
17 36
249 268
27 93
100 158
4 101
45 175
69 221
102 167
27 180
75 104
133 273
173 271
168 192
100 219
140 244
151 242
48 168
0 251
141 229
139 198
36 93
69 166
138 224
194 199
104 182
8 220
15 18
135 200
5 197
86 96
57 145
83 152
23 81
39 259
86 171
13 233
203 235
63 187
84 146
92 218
23 97
135 231
20 69
158 211
27 105
104 264
78 127
202 214
39 49
18 73
69 114
86 273
63 214
266 272
135 243
54 92
0 212
32 156
160 189
27 240
36 202
169 275
181 185
50 75
125 133
59 148
13 230
28 51
209 230
197 211
59 242
22 42
27 127
184 251
63 184
109 153
2 188
131 233
82 267
149 233
184 227
180 222
81 182
50 185
160 224
4 88
76 199
78 102
65 164
3 81
19 49
38 152
150 184
119 212
36 259
32 122
47 137
55 118
69 136
83 141
90 227
76 128
106 273
24 73
161 251
83 226
221 257
72 150
3 127
62 93
0 11
45 50
112 240
123 235
79 130
27 273
147 259
86 175
36 182
9 240
24 146
75 220
8 48
17 271
207 231
89 234
130 156
149 213
49 51
9 127
59 149
43 268
155 216
34 81
237 239
45 101
0 36
105 210
26 118
147 234
9 61
85 170
168 218
217 264
158 178
196 232
113 153
169 172
224 252
86 166
4 222
123 237
245 264
97 248
19 122
89 196
232 254
156 181
0 25
213 233
201 237
197 273
12 51
28 47
158 196
116 266
56 106
11 80
128 190
70 237
88 158
75 265
72 163
61 76
83 97
114 160
19 135
171 268
9 118
159 189
52 220
159 245
75 102
44 73
2 266
4 170
45 199
24 147
16 188
21 67
44 112
85 209
250 274
8 67
91 107
40 66
143 224
99 129
49 172
101 114
120 152
50 270
223 243
19 175
38 257
233 271
7 82
77 96
60 272
154 262
14 96
46 142
27 41
161 233
3 222
158 257
2 176
3 206
144 243
162 232
76 85
90 224
148 192
14 104
56 100
216 256
70 78
88 168
26 68
172 203
256 270
51 72
81 103
0 40
50 135
28 239
26 262
4 227
35 108
16 221
30 132
169 241
97 259
94 189
137 194
215 255
91 147
181 236
16 61
66 109
197 243
117 126
131 258
201 256
199 259
77 173
50 260
90 102
56 231
153 228
29 52
8 182
71 248
52 58
107 193
139 215
233 244
102 267
138 251
164 214
28 60
34 149
53 158
7 28
22 135
10 56
84 262
36 45
255 262
54 138
47 88
1 171
71 193
35 69
135 239
9 199
8 216
69 128
113 185
147 261
42 229
110 145
29 51
129 215
189 247
80 247
52 105
3 82
108 155
49 163
4 58
43 91
34 264
13 36
78 261
47 67
11 228
33 92
34 270
89 137
43 164
208 251
175 252
123 135
139 197
181 222
207 230
0 213
53 218
156 246
89 245
162 253
56 99
90 161
39 99
81 240
162 217
70 151
67 113
39 95
110 225
62 126
162 207
0 20
162 179
160 254
26 117
9 75
15 166
183 185
196 264
121 256
1 70
143 173
119 265
27 64
87 242
35 112
248 268
260 262
1 243
101 253
30 253
43 82
146 231
61 111
23 27
28 148
140 163
134 135
66 203
27 181
166 176
26 164
86 212
137 169
38 149
93 215
104 192
48 55
91 193
62 83
1 17
36 80
0 88
147 154
116 162
108 275
55 125
70 217
145 158
14 184
64 168
54 107
24 80
9 33
170 206
76 160
35 65
34 246
174 206
196 221
74 109
49 91
187 246
7 70
52 110
87 266
184 225
146 223
42 74
103 248
120 267
46 94
6 138
113 210
40 165
129 230
160 216
66 103
82 242
40 155
41 90
194 242
158 258
71 96
164 255
1 173
78 167
122 196
20 90
5 41
73 260
56 127
136 150
210 214
104 126
26 155
42 224
36 148
0 72
70 122
162 218
17 48
31 136
209 256
98 259
103 171
151 273
80 164
13 91
23 142
132 222
129 130
179 273
67 273
124 166
14 99
86 135
50 148
127 247
0 153
203 274
101 179
52 55
121 199
176 244
176 184
168 170
59 177
208 212
113 271
5 201
86 210
111 130
181 273
156 272
121 258
18 209
27 264
94 139
230 271
7 251
25 248
26 189
46 219
40 110
181 213
65 139
59 137
202 259
35 58
43 221
35 156
84 263
16 116
109 140
113 163
202 251
227 258
89 253
23 274
178 184
143 249
40 60
46 206
13 96
55 207
136 220
122 225
94 162
24 50
112 197
70 186
252 258
28 219
56 244
205 256
207 246
41 48
21 165
50 272
129 135
101 156
159 255
41 71
137 226
165 268
31 170
126 253
34 254
69 189
21 69
146 152
89 168
161 259
30 77
118 170
100 266
113 176
103 232
32 247
156 179
173 184
123 244
63 146
73 102
82 189
111 183
63 262
61 240
15 66
65 202
117 146
114 222
97 178
8 22
54 76
77 215
137 160
10 32
60 94
101 211
18 188
68 179
81 123
109 224
138 236
54 237
88 228
21 171
128 216
111 186
65 251
215 228
167 220
136 263
0 214
5 81
28 100
111 156
122 254
25 26
85 236
164 258
137 238
122 234
83 261
197 239
107 247
66 132
67 125
10 143
29 109
3 261
109 264
128 177
159 166
102 215
38 200
24 174
129 248
174 204
60 134
43 63
137 154
10 173
140 272
141 164
85 120
50 167
185 239
157 189
185 203
174 210
12 203
62 138
39 141
231 274
37 251
105 168
3 157
88 103
124 266
29 265
12 230
152 193
111 180
98 131
49 102
22 45
44 219
23 225
238 271
87 133
169 232
97 263
23 182
54 181
59 96
11 115
66 134
157 241
204 211
22 224
50 52
262 272
125 219
112 247
151 178
159 207
67 130
217 257
44 237
117 158
15 45
29 241
119 176
27 121
259 268
20 70
31 67
125 229
41 85
30 101
21 135
50 228
11 102
132 270
41 227
73 250
4 146
52 113
2 217
31 184
115 216
89 261
3 115
58 186
13 70
49 120
162 240
153 217
62 111
81 236
18 178
4 72
32 47
204 235
76 131
14 97
116 158
64 92
86 204
48 146
85 224
147 253
100 263
143 274
122 238
51 150
122 125
84 91
58 142
175 240
13 102
174 264
33 63
115 174
20 112
168 227
78 264
69 245
227 257
55 73
185 218
233 252
66 163
10 86
16 134
133 191
94 196
44 187
23 260
73 165
0 93
9 249
93 220
47 159
81 235
127 217
22 128
8 77
187 197
52 233
143 269
85 203
215 216
139 182
66 152
124 260
109 223
73 155
228 268
83 246
178 247
30 199
9 22
161 228
19 197
16 182
130 259
145 235
68 107
43 67
112 228
141 190
210 263
250 257
214 233
41 234
195 248
5 72
82 161
154 216
120 135
94 132
3 34
71 137
109 154
159 191
143 154
86 265
148 240
38 68
115 149
17 193
19 162
101 134
27 84
80 170
133 200
78 115
85 275
27 124
82 145
39 57
51 156
113 146
201 232
32 257
242 246
145 184
66 237
19 234
38 67
42 239
32 79
16 169
128 244
63 94
91 175
269 271
191 267
43 193
41 140
132 171
18 75
22 182
21 52
17 222
250 275
26 64
165 233
60 260
213 227
20 235
5 178
30 98
135 236
45 79
74 190
168 196
176 234
65 207
67 112
234 251
130 212
91 206
196 271
14 271
57 101
95 216
186 198
171 238
18 38
27 162
4 90
116 160
183 213
31 116
202 224
0 220
47 80
61 148
103 208
105 263
93 252
64 192
3 164
197 212
50 63
32 199
17 229
45 114
0 243
116 122
40 221
9 212
130 230
50 244
201 205
24 243
135 136
143 222
13 135
99 148
139 270
179 258
37 127
15 60
122 179
230 232
205 224
167 218
89 152
118 239
5 239
191 233
54 258
61 92
180 230
67 93
17 92
98 266
26 116
147 186
14 266
125 170
90 130
195 234
89 92
41 184
186 259
177 255
38 132
11 241
142 143
123 213
14 214
234 252
73 112
200 247
187 191
31 71
206 250
95 227
50 255
120 138
19 130
115 183
25 74
168 236
73 81
93 173
20 42
38 203
63 107
70 173
206 212
88 98
98 174
123 271
108 186
17 242
159 224
112 121
136 210
75 249
68 163
21 47
25 225
93 107
141 224
22 172
8 233
21 226
69 273
99 216
19 215
79 220
74 241
113 199
120 223
170 201
178 225
15 236
52 175
19 176
93 163
0 158
61 213
74 250
34 235
38 65
50 59
46 151
68 268
72 93
253 275
78 109
167 179
95 163
184 230
134 177
164 189
101 107
110 248
124 186
228 236
3 273
160 244
2 64
174 214
88 232
213 260
118 124
54 177
87 92
158 189
84 126
7 198
68 130
83 265
166 221
35 170
134 163
85 107
25 142
159 193
2 261
47 175
195 225
30 222
118 248
34 133
226 229
70 106
139 165
10 256
216 272
54 143
69 275
216 268
98 192
150 272
10 166
72 197
234 261
93 244
123 197
65 233
140 178
203 244
97 140
9 194
39 221
183 197
17 83
167 256
35 153
21 163
45 133
66 75
126 215
57 89
64 91
75 244
130 237
44 90
77 253
127 228
44 204
179 196
146 162
108 177
39 166
98 222
201 262
56 225
60 67
68 218
76 195
30 210
25 31
103 180
80 151
67 149
49 239
88 254
2 122
64 182
173 262
58 198
21 91
22 219
111 140
211 237
16 217
51 124
136 143
61 65
167 240
11 78
117 119
229 252
23 73
136 172
27 85
180 181
167 247
169 210
53 197
40 232
85 216
125 224
65 69
30 86
75 110
21 28
41 207
162 249
144 251
14 83
91 131
112 184
38 169
173 232
9 159
11 219
150 220
71 272
13 33
35 191
82 132
46 75
12 211
124 227
68 208
112 131
26 28
163 222
120 183
136 183
49 226
88 257
23 31
124 246
167 198
167 264
131 134
5 76
109 165
51 137
17 209
85 251
43 57
71 239
19 225
224 259
91 162
142 175
18 157
126 142
33 145
9 131
34 113
136 256
189 250
161 242
24 143
110 178
100 122
59 194
57 135
79 190
185 255
56 77
5 26
141 261
66 108
70 175
78 259
24 75
32 49
38 109
92 109
158 246
89 109
112 236
4 197
45 241
10 145
232 252
59 106
2 229
12 269
215 233
25 101
53 173
111 269
133 215
17 180
105 270
131 132
109 168
163 170
29 206
64 141
3 130
108 196
206 213
178 199
181 255
108 269
232 253
14 32
168 176
25 75
38 141
23 168
42 268
107 198
23 268
25 51
165 177
98 137
163 248
148 238
3 123
7 162
48 257
68 257
15 271
176 195
220 226
199 245
15 19
28 203
81 197
217 224
3 29
60 268
88 253
179 228
203 236
45 136
186 200
8 251
17 256
194 216
44 190
75 204
66 78
125 259
110 245
15 252
128 159
37 114
61 267
17 196
130 195
24 91
143 265
106 175
221 268
71 244
180 218
213 232
132 183
244 256
85 217
66 101
142 256
4 254
104 175
210 243
40 199
159 221
97 119
102 273
3 165
52 89
77 156
130 235
16 81
179 192
68 188
43 100
10 162
102 154
218 243
171 263
23 250
58 114
28 260
132 194
115 265
34 134
50 165
221 227
2 180
106 190
3 61
81 211
93 234
92 139
57 119
76 220
124 194
161 205
109 127
53 147
21 84
128 253
173 176
40 209
136 169
71 92
31 35
27 116
114 203
89 200
114 208
32 244
163 225
121 214
76 187
1 110
59 90
73 191
29 246
14 230
27 206
12 29
45 49
34 139
66 159
46 129
54 123
83 176
30 51
187 214
28 161
83 142
46 171
82 245
23 24
31 45
100 176
65 80
59 186
114 236
123 181
144 155
148 187
136 181
31 195
98 175
13 59
92 205
17 19
76 171
11 86
76 78
234 244
193 203
217 256
49 127
157 175
12 209
157 228
148 273
32 130
250 265
77 178
251 275
18 117
38 214
76 263
64 142
125 253
119 143
178 249
93 223
138 144
69 197
185 228
104 157
78 122
148 180
173 192
0 188
96 272
27 184
123 253
58 158
117 269
52 84
0 57
95 110
41 162
75 87
23 120
170 270
76 90
141 158
8 54
93 194
53 136
171 269
157 251
110 192
129 265
135 148
180 214
18 165
156 166
78 231
96 228
222 272
10 16
15 258
17 43
111 215
184 243
173 183
115 120
59 147
5 175
201 231
100 146
93 259
157 223
76 272
65 246
63 234
229 274
201 211
118 151
129 160
109 256
79 119
54 230
56 174
57 111
16 258
136 176
9 187
42 186
155 241
124 128
37 49
139 187
60 214
61 251
103 235
5 166
11 201
20 98
21 98
96 243
163 267
201 218
31 108
16 272
82 241
35 217
13 177
13 62
54 256
27 56
185 186
57 275
29 62
96 124
21 250
7 88
105 229
77 170
107 214
183 220
62 218
11 254
30 55
131 231
185 246
5 35
4 13
103 117
56 159
92 117
27 63
87 190
58 195
157 257
106 240
163 233
168 172
37 243
33 231
83 256
4 158
100 206
55 88
81 127
14 71
198 243
74 208
42 249
170 186
134 217
15 30
6 130
163 245
75 247
50 248
178 239
76 103
28 177
6 162
110 121
52 82
21 213
3 207
100 119
4 267
224 233
26 147
20 91
0 174
193 253
31 171
249 263
46 86
114 270
36 94
32 87
28 252
152 212
221 229
68 162
17 97
14 235
66 208
193 275
12 221
77 112
219 272
1 105
156 170
89 104
11 152
99 123
55 117
62 157
114 127
252 264
215 224
59 224
77 80
160 239
5 32
42 135
155 205
166 236
99 143
27 163
70 236
7 105
148 252
188 268
46 87
178 240
65 215
13 263
3 227
24 128
265 273
70 110
103 124
167 221
102 114
230 240
73 197
141 165
19 169
169 219
207 253
70 185
31 124
99 156
104 105
55 74
57 130
119 235
194 250
147 222
167 242
43 139
211 261
68 201
28 166
52 101
46 243
42 193
95 131
73 238
137 201
35 59
116 269
195 246
7 116
45 264
58 234
64 235
23 102
209 251
65 68
99 201
25 100
106 272
49 71
6 101
124 213
57 227
33 101
146 206
63 182
48 134
1 60
197 262
13 37
102 237
54 260
230 260
143 151
41 78
14 102
50 263
12 235
199 229
76 169
38 89
70 147
2 66
6 187
9 169
82 175
128 247
16 162
55 221
204 223
42 272
99 206
12 144
93 216
9 141
75 267
64 139
173 251
195 209
93 186
10 24
46 231
68 148
81 170
79 237
32 69
143 268
105 157
44 163
82 149
192 196
70 172
37 250
69 146
22 79
200 225
52 229
10 242
14 131
203 237
22 110
12 66
8 53
17 257
139 149
70 254
3 167
195 221
91 93
126 225
148 232
8 228
118 212
190 207
21 151
30 139
111 161
88 118
167 217
96 177
46 163
100 203
25 165
46 139
58 107
190 252
19 37
125 225
22 137
3 172
93 166
63 71
11 79
189 262
36 119
2 6
43 227
188 272
171 174
33 74
146 236
86 134
52 124
32 275
0 78
40 263
105 252
18 160
52 261
122 272
41 152
17 253
45 63
39 126
75 239
80 136
168 273
96 144
39 42
130 209
15 204
42 106
54 94
13 198
194 213
172 200
117 267
108 247
48 163
76 216
183 236
216 267
15 229
232 238
163 257
24 233
14 41
85 87
84 104
37 195
60 263
121 160
26 168
105 209
26 238
75 256
21 58
89 238
38 143
37 72
8 94
157 274
38 57
93 275
125 202
236 266
99 108
83 92
75 237
146 249
138 198
5 53
3 190
168 187
118 137
66 207
112 192
9 53
202 246
153 234
112 157
41 131
145 222
169 224
127 256
73 241
170 237
219 221
157 225
26 149
144 272
52 100
22 99
242 258
150 181
85 176
153 212
115 260
64 169
206 245
27 91
7 85
39 241
26 66
92 142
27 82
123 148
59 111
109 110
86 87
187 248
51 238
33 59
236 238
80 187
47 248
145 237
12 224
143 205
55 112
87 275
129 270
58 267
43 116
8 264
216 269
25 68
114 274
3 266
27 118
180 255
83 144
176 254
106 144
13 134
120 242
192 194
184 264
136 193
174 187
69 262
42 84
83 112
40 76
216 232
45 169
45 182
120 221
108 254
39 85
99 224
116 187
96 110
6 160
2 152
1 220
126 254
87 126
14 59
153 253
154 217
4 237
145 188
77 217
140 266
42 265
148 256
0 41
128 144
16 75
141 171
1 178
50 250
34 196
115 159
10 21
147 206
8 65
73 162
107 216
193 240
123 272
28 237
26 259
248 271
18 265
10 271
111 176
126 207
134 201
204 225
19 265
198 220
43 256
48 229
139 246
102 191
22 253
157 238
77 182
182 228
92 214
93 196
114 125
115 168
72 84
17 159
247 254
62 208
136 226
206 224
88 192
27 76
124 183
6 116
95 213
141 167
179 208
237 250
15 87
8 171
82 197
73 118
51 138
81 195
247 253
68 153
83 229
23 231
145 213
93 206
65 83
44 225
132 208
25 79
128 267
99 105
26 193
69 228
222 233
99 235
185 193
7 69
78 191
31 236
33 47
24 239
181 188
131 228
106 124
55 135
89 171
69 240
171 217
3 23
75 144
172 244
178 211
60 71
168 238
13 34
6 91
31 168
82 121
97 163
114 123
78 137
103 164
198 225
67 101
205 241
34 97
95 270
108 114
46 159
73 207
27 29
97 101
39 107
124 232
96 233
125 148
117 198
136 180
189 268
60 164
75 222
127 158
126 257
7 133
143 258
118 166
156 176
17 109
156 222
97 145
112 153
106 186
44 121
48 203
33 37
98 167
117 184
178 213
58 72
104 160
60 236
80 260
102 185
144 149
12 163
55 84
15 120
5 128
114 224
34 68
7 51
173 249
165 211
98 178
255 261
141 222
67 220
103 260
7 259
95 187
86 251
49 121
146 228
35 209
62 248
267 270
114 153
182 213
40 93
81 210
30 160
223 242
173 266
87 128
22 74
153 243
42 179
45 82
158 232
154 252
187 195
41 196
218 252
180 274
67 215
125 264
26 146
69 230
152 203
85 141
101 176
28 152
150 174
169 274
76 99
123 165
100 209
28 207
84 210
159 164
184 224
40 125
23 252
138 244
179 185
28 64
162 199
78 251
56 197
18 90
165 225
93 164
183 228
149 209
5 182
27 174
22 23
158 161
132 139
87 196
150 273
71 275
48 272
75 272
17 46
162 196
80 264
192 260
137 218
8 123
183 200
113 152
37 177
177 192
28 138
59 166
11 214
34 273
48 258
146 266
206 244
97 150
37 46
171 236
254 275
34 158
38 125
190 258
66 197
22 49
53 188
41 139
60 267
105 195
18 179
188 246
96 206
205 231
59 113
53 175
263 269
30 208
98 229
60 156
167 213
63 83
134 164
25 174
119 208
34 80
62 269
58 110
18 126
148 209
32 213
13 57
149 264
135 184
25 140
2 35
9 87
90 158
8 113
4 168
107 248
123 202
82 260
111 171
75 118
251 271
80 162
2 87
164 185
209 257
43 273
22 248
145 268
38 191
132 195
92 157
103 197
94 227
135 219
116 181
0 164
12 36
38 192
162 191
193 199
80 185
92 103
20 261
23 171
129 157
171 218
44 257
130 139
49 195
157 215
56 130
116 250
240 241
7 272
10 209
38 55
98 171
168 244
137 198
43 98
8 74
92 136
58 255
81 221
14 90
128 162
67 275
55 59
95 100
190 227
162 275
16 260
93 168
28 78
41 96
215 227
114 214
199 201
228 275
94 109
211 255
34 193
86 192
238 266
32 172
12 241
195 243
117 230
137 261
130 239
101 216
19 205
165 199
82 265
50 203
78 230
15 237
57 178
70 104
86 186
110 262
158 186
21 274
182 231
0 120
59 151
127 137
78 82
245 270
4 9
175 258
2 139
26 48
210 232
94 147
162 187
89 175
42 125
62 147
73 77
232 268
221 226
192 234
100 261
79 194
51 151
218 274
6 28
55 170
115 261
61 273
54 151
48 267
180 260
117 206
53 172
175 231
128 222
99 211
77 93
24 142
14 148
128 229
53 74
96 98
263 266
87 159
73 80
184 241
192 240
148 265
11 238
207 210
61 149
214 272
212 214
12 127
46 189
22 220
10 265
100 142
231 252
135 225
49 89
179 201
62 161
51 113
0 181
74 259
2 56
4 38
222 254
137 164
30 270
15 267
11 242
140 246
48 198
21 168
259 272
36 39
121 229
120 149
114 130
94 169
36 255
127 266
76 86
32 175
217 232
114 207
120 219
195 206
141 234
97 181
66 206
208 263
181 265
53 238
168 224
97 209
20 125
155 208
158 228
139 272
95 157
121 168
11 104
57 245
16 210
161 254
135 147
181 232
123 162
132 243
8 52
214 221
53 129
88 229
42 169
163 229
14 65
209 221
217 265
69 104
186 271
141 215
75 172
211 242
35 54
181 194
49 149
4 59
39 214
90 134
15 227
141 145
56 73
0 9
38 60
10 128
153 272
104 146
131 196
40 124
140 242
38 92
185 197
220 266
147 205
218 265
32 71
134 270
9 97
28 112
21 23
137 147
17 201
116 157
38 45
166 250
14 162
128 179
152 158
118 203
111 262
114 223
224 241
12 61
115 125
12 116
81 272
65 189
103 151
55 156
196 237
85 102
95 125
175 248
120 245
136 216
104 196
34 49
40 139
164 215
70 108
1 273
121 138
128 231
44 116
6 74
55 160
63 132
65 214
151 171
129 153
65 145
7 43
172 262
140 152
85 187
4 153
143 190
116 179
74 77
57 92
195 204
169 236
73 194
154 213
212 233
148 234
26 239
131 216
11 171
35 222
165 235
31 90
92 107
1 112
206 208
91 186
104 231
119 207
119 151
47 118
72 77
76 80
107 231
49 65
9 26
63 117
113 133
2 242
19 71
1 144
40 183
229 247
32 38
85 235
11 88
54 120
146 265
35 84
215 225
130 169
80 147
75 261
92 262
182 226
251 263
28 43
31 129
1 213
8 188
53 235
4 236
120 212
32 116
24 139
64 269
136 240
46 65
154 169
53 124
19 178
136 138
25 77
26 83
32 264
66 231
207 267
108 253
13 140
23 152
250 261
144 223
49 80
219 231
60 141
57 253
45 102
249 259
102 225
100 145
72 206
117 261
69 99
12 75
71 151
90 165
134 250
67 256
114 161
14 178
10 251
24 130
24 153
27 239
58 240
93 129
105 140
16 147
102 121
127 198
56 65
78 184
5 235
41 154
35 133
86 217
20 85
1 84
1 122
117 223
50 90
251 255
15 82
167 219
58 219
148 193
60 261
17 189
178 194
46 238
91 169
11 111
4 103
165 219
17 127
58 91
104 272
45 150
3 5
50 121
182 253
132 203
109 274
17 155
41 141
226 249
144 189
125 160
245 255
36 196
185 244
232 244
93 101
117 148
89 213
74 191
175 179
124 131
101 113
65 97
18 215
88 167
88 270
50 122
58 62
86 88
68 190
93 95
25 34
3 32
153 183
127 173
26 183
175 272
147 255
27 158
13 30
82 154
8 115
52 201
79 223
57 224
144 150
83 128
118 154
56 92
30 257
60 146
191 215
151 182
94 248
35 111
125 232
76 113
69 231
33 234
82 234
223 238
54 259
5 188
168 182
99 155
6 30
1 137
71 94
106 254
140 204
87 250
33 40
77 104
141 193
54 62
124 269
39 268
128 167
187 227
186 221
142 255
9 258
34 258
2 146
191 196
165 212
29 268
159 165
41 265
132 176
52 178
165 180
129 231
48 80
244 268
103 113
114 190
46 261
25 243
213 267
6 96
54 106
16 191
64 157
130 191
83 248
116 128
235 247
95 189
20 52
112 159
134 239
2 26
157 167
98 237
73 169
14 197
72 155
143 156
64 200
176 206
22 35
174 184
0 230
57 270
23 62
60 262
33 126
59 218
63 258
61 205
184 204
194 240
196 210
178 215
233 246
75 182
70 123
137 156
165 258
70 213
73 265
48 191
38 64
195 232
39 162
5 114
24 114
56 166
245 247
208 243
27 168
169 272
79 84
65 260
129 199
97 265
2 236
176 263
108 213
161 237
142 171
30 191
44 52
96 265
29 35
235 244
165 271
5 230
63 99
133 149
92 124
61 70
1 153
123 169
33 113
111 243
10 117
131 232
15 46
59 140
95 172
111 116
110 149
11 272
1 53
167 255
211 247
19 268
25 233
92 120
38 163
102 212
209 264
21 233
66 270
106 200
112 226
20 211
190 220
29 249
194 267
82 96
78 245
116 224
162 237
124 142
73 256
9 227
240 258
49 131
220 246
154 209
30 97
12 87
93 239
35 183
76 172
169 183
43 134
100 257
122 184
43 152
77 264
23 127
58 229
10 14
22 184
142 275
122 164
231 232
164 229
79 236
191 214
118 158
103 225
8 168
31 112
86 93
20 62
37 65
2 91
92 148
6 34
47 226
133 163
44 191
112 122
42 72
164 210
61 189
64 253
165 207
5 43
121 206
102 270
1 57
90 92
123 207
74 165
118 133
121 218
72 207
13 39
21 48
66 120
27 38
5 107
44 211
51 229
104 274
83 136
29 124
230 236
167 233
70 243
72 86
6 191
130 179
86 127
179 227
51 169
26 201
263 275
161 209
53 87
198 275
2 273
37 236
66 256
11 35
123 245
205 228
27 80
207 240
131 212
148 217
84 213
147 224
67 132
18 106
4 207
247 259
67 169
131 234
35 237
65 166
123 233
120 232
227 251
91 194
2 86
72 249
116 166
170 233
161 179
26 253
33 69
202 220
80 110
49 101
54 133
256 273
65 155
52 117
34 200
101 254
5 80
170 249
72 275
202 263
138 181
78 128
52 153
195 264
160 172
91 99
102 216
116 132
43 160
216 241
81 109
120 160
66 269
183 226
244 245
222 229
160 185
52 133
8 24
73 130
260 265
38 243
111 204
170 210
57 198
148 218
74 222
46 140
209 246
12 210
164 168
135 268
63 125
57 264
15 250
9 18
90 168
4 255
57 107
49 104
102 251
18 19
54 250
191 206
58 136
23 236
208 272
29 168
2 121
41 194
34 138
161 172
249 251
23 207
100 110
165 183
76 204
84 90
89 155
90 146
91 184
57 110
2 179
82 262
190 196
138 232
141 238
153 158
81 101
135 159
183 245
158 201
106 244
11 107
154 193
84 235
193 226
1 117
55 89
1 101
95 230
150 248
115 151
74 252
156 204
3 100
207 256
85 92
73 222
150 157
178 261
183 229
27 209
50 106
44 188
104 216
24 181
194 275
63 260
117 233
92 221
56 71
167 270
113 270
101 105
62 185
114 229
221 234
10 120
66 138
16 105
15 51
190 260
32 273
45 162
148 226
22 129
151 217
25 236
231 263
19 204
19 136
62 123
64 73
55 110
107 140
152 156
16 227
173 216
30 206
61 143
108 149
6 158
108 191
175 244
106 116
220 244
119 175
37 260
207 229
81 270
180 208
91 133
25 158
128 242
99 208
81 122
99 190
51 196
45 110
38 187
44 146
9 71
22 154
86 163
75 199
27 110
66 178
205 248
77 210
131 225
231 247
9 92
178 220
45 212
89 117
153 230
71 133
53 230
246 271
92 102
12 22
105 223
17 173
11 182
49 260
182 218
85 117
204 259
134 203
76 233
90 234
30 166
64 72
54 127
165 245
211 274
2 60
110 267
102 182
0 183
75 210
16 206
11 55
23 255
93 131
41 80
5 108
161 208
40 153
33 98
100 157
101 200
48 145
181 244
33 243
190 248
17 71
215 221
268 271
10 244
131 204
188 202
30 81
133 143
19 213
46 138
169 204
150 162
60 270
110 114
132 191
151 266
227 229
38 205
162 208
38 86
51 241
190 201
88 147
114 159
109 128
73 126
84 140
17 136
42 143
13 126
45 116
211 216
143 199
49 270
57 235
74 104
174 205
30 240
30 194
64 216
151 271
55 62
172 250
4 211
132 188
45 249
53 148
85 205
6 145
1 106
254 268
102 250
117 234
66 223
127 257
147 268
231 255
105 170
94 199
14 195
2 125
28 153
91 251
211 270
34 102
10 231
95 217
55 133
108 240
44 65
45 263
209 255
123 249
211 223
117 174
16 106
6 46
44 253
192 229
102 269
152 230
48 264
126 130
152 192
205 242
65 197
152 218
113 205
125 175
232 261
48 246
121 144
191 235
203 228
141 196
44 86
136 215
212 248
64 124
95 211
208 258
14 68
24 271
94 252
36 60
7 206
151 238
271 273
19 182
9 86
93 109
90 271
146 192
162 203
16 54
191 203
273 274
92 244
25 117
63 87
5 98
78 91
175 198
150 227
107 129
75 263
88 94
193 270
102 241
0 50
96 193
70 132
82 120
155 175
80 209
11 54
4 204
52 163
17 254
226 246
205 209
203 214
94 258
195 247
30 32
83 110
169 234
32 80
217 253
79 238
75 85
126 226
133 155
51 194
37 161
40 239
7 131
5 46
133 224
9 41
14 229
214 248
88 102
56 270
73 107
119 126
140 263
221 246
66 110
5 257
121 269
10 159
13 72
52 239
20 78
116 151
93 241
217 243
113 248
13 100
14 67
148 150
45 69
195 237
115 271
79 239
3 44
106 128
53 121
138 217
73 228
211 245
47 102
30 193
29 117
120 211
109 126
82 173
96 136
185 264
116 267
22 96
98 146
3 193
90 100
0 71
224 228
22 269
7 212
217 239
85 207
88 160
7 98
28 263
197 219
3 182
90 143
24 43
111 194
32 234
237 271
199 242
40 109
56 141
89 154
121 123
191 258
131 275
207 272
99 102
71 234
241 250
86 130
138 185
102 202
83 235
209 211
62 143
58 129
97 133
27 253
45 122
96 130
27 257
12 236
148 211
150 217
69 162
12 89
173 226
2 185
179 254
156 199
64 254
155 275
42 98
68 262
22 76
24 175
33 190
114 132
174 213
81 238
139 257
89 170
30 161
21 137
244 252
250 273
213 224
93 226
1 219
6 152
196 216
177 274
29 160
43 53
49 254
21 73
140 196
73 131
119 250
115 224
69 252
28 196
79 127
107 121
44 85
117 246
213 230
38 180
17 228
169 257
238 241
172 226
60 72
0 104
2 42
193 223
57 173
83 200
22 169
2 270
61 239
65 267
96 245
196 268
9 48
87 232
195 265
174 271
74 217
138 169
248 259
37 119
110 174
59 252
39 62
21 236
223 259
60 131
67 88
68 250
57 120
174 175
19 192
23 227
79 183
103 122
132 271
23 178
63 151
52 173
14 232
138 188
43 156
78 123
23 169
90 124
55 216
90 274
32 269
198 267
199 253
139 207
208 256
79 245
58 63
15 248
127 274
138 193
185 266
43 80
87 259
29 220
94 127
45 56
59 68
14 253
84 232
142 257
70 71
53 217
5 109
89 206
143 203
186 238
71 73
124 148
66 124
39 136
122 261
39 106
147 216
140 151
95 152
28 221
20 166
122 200
31 150
229 244
170 266
54 113
18 130
74 237
4 183
154 273
72 114
15 37
123 227
40 61
111 256
35 207
119 120
20 208
39 184
65 141
52 271
62 124
171 178
170 212
40 244
92 204
0 30
14 19
126 233
34 249
108 178
121 181
52 195
254 266
104 184
142 223
233 238
224 243
107 144
16 212
101 267
13 211
31 56
29 153
39 213
239 272
75 114
29 77
74 91
15 177
10 230
36 150
22 102
215 217
157 199
174 217
144 268
130 160
127 222
46 136
118 261
18 232
4 133
17 199
62 182
106 151
17 88
40 108
87 173
26 215
60 81
123 211
76 89
65 106
86 140
85 122
199 260
31 264
71 163
11 188
205 210
233 261
13 164
76 181
10 152
125 132
28 144
125 137
83 101
124 210
58 259
4 107
183 238
212 230
2 162
50 120
88 152
38 52
47 105
7 62
73 212
27 94
78 212
178 273
116 139
191 273
68 193
60 174
7 102
21 206
79 80
1 108
159 177
172 240
127 176
147 231
195 239
23 123
33 254
135 179
42 197
104 232
57 127
233 245
48 221
36 72
184 194
57 137
79 135
146 197
173 257
172 221
74 204
54 173
139 214
26 157
52 83
23 119
31 69
184 258
229 260
92 194
124 198
133 211
79 260
3 184
1 249
54 73
91 218
191 254
7 126
79 112
93 254
98 231
121 198
62 97
226 251
146 258
14 55
82 177
22 271
164 165
45 92
132 190
160 214
13 63
43 86
55 260
111 232
152 269
208 218
45 130
143 180
182 252
88 149
196 235
41 259
140 235
126 222
88 173
8 240
123 138
1 192
58 67
60 230
84 227
11 225
126 182
148 172
129 266
153 210
139 190
77 246
162 226
173 191
103 114
105 178
159 212
204 228
97 232
115 138
48 275
6 104
98 253
72 225
224 234
92 263
196 227
86 250
102 265
21 55
1 150
253 274
5 101
98 219
12 73
126 243
28 149
114 142
155 192
88 239
14 62
19 76
2 123
69 89
6 210
25 115
60 101
65 266
37 180
64 143
5 214
168 207
16 39
35 260
66 205
180 259
106 211
132 166
22 148
48 202
139 174
61 123
67 188
57 191
122 186
51 93
20 73
73 206
152 251
3 236
15 254
117 272
0 76
48 92
121 170
98 264
62 125
179 263
68 258
132 185
28 240
83 231
144 194
9 162
70 188
14 207
26 58
84 231
91 271
163 262
69 100
31 183
17 149
21 173
96 143
44 89
157 221
9 49
166 175
27 54
101 247
33 82
119 236
36 52
88 248
97 172
94 203
78 90
35 49
6 50
6 78
176 230
117 248
63 274
16 91
24 169
108 245
35 238
16 181
62 270
98 268
131 202
10 93
94 219
141 173
9 242
76 273
83 263
26 141
32 173
2 224
5 164
22 28
17 145
108 126
209 248
247 264
22 46
27 274
145 238
43 184
73 215
121 223
110 214
55 91
89 230
123 229
36 71
98 157
145 219
50 226
79 139
28 96
151 190
48 189
2 158
77 265
13 225
51 164
35 176
111 143
89 269
42 177
198 264
125 221
10 238
88 220
14 181
9 193
104 203
148 248
246 267
226 264
56 264
15 154
37 220
92 198
37 73
230 239
146 147
143 272
98 236
58 88
155 156
27 171
26 173
115 142
38 173
21 143
87 163
45 216
30 99
155 163
68 116
15 22
10 153
243 244
1 61
29 116
84 175
134 243
56 123
64 79
170 195
4 62
67 138
43 201
29 61
77 195
8 124
82 220
2 88
156 221
63 270
84 266
17 273
10 31
33 230
33 65
160 266
2 53
166 267
139 177
99 223
21 35
131 259
1 238
156 237
44 58
92 146
143 216
59 256
207 227
37 138
61 194
220 229
15 108
184 268
225 244
75 161
104 172
30 67
81 187
50 76
13 154
72 200
32 229
219 254
81 174
119 272
85 268
4 174
70 226
36 251
163 173
95 145
18 64
7 194
106 269
39 87
18 20
50 224
6 106
228 245
78 85
135 226
145 266
65 200
54 247
133 263
51 270
209 215
24 236
187 265
73 140
95 237
53 56
61 165
19 216
234 270
212 229
136 237
139 178
115 184
100 143
42 133
110 159
138 231
141 209
106 237
112 165
153 229
151 234
133 148
86 138
106 166
18 35
57 220
61 103
20 192
13 87
67 96
169 178
16 211
132 174
31 248
106 220
119 193
31 61
148 223
172 268
116 184
207 271
72 229
38 204
82 130
48 132
120 143
170 257
80 253
10 214
120 196
9 82
82 92
29 139
133 274
111 155
22 85
131 195
83 258
197 260
30 185
76 186
150 182
75 107
102 260
107 194
102 180
126 187
197 249
58 180
4 140
18 268
73 170
73 119
178 229
31 228
15 141
40 48
101 252
73 137
209 243
128 211
11 22
153 255
83 140
1 165
118 139
58 273
204 246
112 180
33 202
52 192
190 210
31 251
127 194
218 221
65 96
123 172
79 173
150 176
106 165
238 269
50 124
213 245
151 195
61 266
30 236
100 192
25 203
161 241
83 89
77 151
136 217
87 257
69 161
56 175
63 243
65 78
212 254
88 164
204 241
113 194
57 139
191 225
17 179
77 83
38 255
115 157
40 64
24 190
27 261
147 199
80 116
62 188
103 178
75 173
14 143
120 153
48 183
95 126
3 160
82 199
116 177
71 106
17 218
17 129
96 161
139 236
133 204
195 240
168 179
3 31
68 236
208 242
25 152
31 55
142 205
178 258
3 60
156 219
57 272
68 86
126 161
94 100
115 192
170 189
12 40
139 208
100 225
59 122
16 57
18 239
78 160
109 209
61 261
69 129
192 266
110 177
18 247
243 274
103 263
172 192
104 212
48 152
228 248
53 181
38 104
86 193
164 202
169 222
19 101
4 268
47 242
6 142
28 262
266 267
48 164
33 80
149 183
78 187
173 230
168 188
2 238
122 245
85 148
10 92
59 60
65 122
229 257
37 248
204 238
4 242
1 90
118 241
34 86
21 43
31 203
29 231
37 182
127 188
71 212
12 201
134 269
200 237
40 50
46 93
256 262
64 228
103 204
0 132
66 156
98 170
11 117
25 134
151 243
86 153
151 187
19 165
20 194
27 107
87 251
8 93
191 222
117 262
30 34
211 269
126 271
99 253
118 149
125 240
133 144
1 264
87 98
189 203
22 252
253 270
70 192
6 259
225 260
85 213
53 190
164 182
110 124
130 218
129 217
1 224
58 164
16 256
121 226
29 45
50 79
41 257
130 219
33 119
130 187
154 157
40 45
143 232
77 221
41 252
149 251
3 144
186 217
148 255
228 258
123 140
124 211
95 121
54 80
63 248
7 38
7 174
70 135
87 176
4 35
96 146
188 239
18 142
17 23
47 123
39 112
160 170
197 210
20 40
117 200
143 179
86 274
29 39
1 27
237 256
153 231
198 273
25 119
5 220
3 195
56 242
136 241
95 151
241 268
6 103
15 243
145 177
150 194
62 135
100 173
156 205
146 207
51 56
2 38
106 120
22 65
205 272
43 121
31 202
23 63
58 220
195 210
45 271
67 167
27 128
168 219
176 272
117 141
74 78
119 273
84 149
220 231
90 179
128 184
37 214
65 253
50 238
109 230
158 245
35 187
21 264
121 128
97 257
65 227
52 60
45 68
114 227
142 262
95 207
209 260
30 248
33 170
92 171
52 76
42 176
145 175
62 221
20 75
61 115
51 162
223 228
39 271
21 154
76 127
22 251
123 179
23 100
51 211
150 193
88 198
20 258
10 66
232 237
193 271
8 189
105 113
115 141
47 91
1 229
24 218
117 142
34 136
140 158
159 260
35 115
45 132
125 206
61 125
49 216
5 66
83 150
189 238
157 244
6 242
34 41
98 159
75 250
127 260
144 271
227 268
35 213
34 228
183 217
85 194
100 255
5 229
37 117
114 174
9 14
123 139
43 202
25 76
1 33
31 261
77 192
29 184
38 267
26 109
5 231
43 200
143 215
132 187
12 166
165 205
73 198
0 150
138 222
126 166
41 113
72 251
55 229
35 106
154 196
18 149
30 231
69 193
38 155
10 193
45 146
48 96
54 158
29 141
48 69
24 231
6 15
139 147
141 242
157 162
247 269
33 169
153 256
58 274
8 235
61 236
31 93
26 107
167 193
91 262
5 68
137 140
138 238
117 143
203 227
10 57
135 180
134 234
19 259
77 258
187 213
88 97
104 269
75 166
263 267
4 39
84 249
204 268
32 97
51 222
9 268
152 252
215 262
90 176
176 214
60 185
140 245
32 99
173 213
128 146
1 191
120 264
107 197
4 81
50 115
52 152
8 198
105 124
28 173
119 171
129 177
40 249
44 92
148 237
55 116
120 270
86 253
195 230
28 54
54 91
34 251
75 191
105 183
49 209
74 244
44 124
35 38
227 234
28 244
81 215
11 19
110 239
60 148
88 111
32 144
148 261
81 157
8 227
14 39
192 223
194 222
30 200
175 275
7 219
133 142
32 91
103 203
36 51
131 133
8 179
143 240
166 203
144 193
147 211
63 217
61 154
166 263
5 241
14 261
87 209
163 181
145 236
79 142
185 273
92 153
97 125
17 64
66 99
90 99
40 107
123 183
60 198
120 198
6 167
23 224
27 226
134 183
206 227
6 154
222 269
8 260
96 132
54 267
218 256
158 174
42 207
0 28
67 243
128 133
29 85
49 114
31 146
105 253
173 265
118 222
25 238
48 262
58 127
50 231
154 205
154 256
4 118
211 243
34 42
193 224
141 262
74 216
54 185
136 222
238 274
98 227
124 143
10 132
125 220
9 107
197 250
52 121
6 236
12 261
109 233
240 264
207 259
116 123
6 149
158 224
15 174
94 157
16 119
137 274
128 176
97 183
109 213
134 145
6 240
8 101
131 188
23 173
6 119
124 219
1 167
12 196
31 74
134 272
38 164
126 240
41 203
186 193
50 157
72 190
12 54
52 196
143 167
150 216
70 103
131 153
16 51
38 150
138 156
135 154
97 177
16 214
128 251
220 247
128 201
110 205
96 115
25 116
11 191
4 199
67 85
201 204
220 271
3 56
4 216
211 258
47 110
80 159
136 225
144 158
201 253
206 258
20 118
61 191
45 240
11 212
65 219
62 253
111 266
164 201
111 182
132 250
58 98
78 125
163 200
168 270
107 190
180 249
192 254
28 176
88 234
168 234
17 84
10 63
30 127
61 73
130 143
216 223
52 67
45 251
159 266
70 88
72 119
40 185
32 176
63 134
180 186
211 230
28 115
120 163
53 98
264 268
88 163
157 207
10 245
127 133
40 240
57 106
135 261
239 248
4 139
59 81
151 231
22 249
84 193
121 191
20 95
158 275
12 98
10 48
104 155
122 154
151 254
94 190
47 252
135 224
59 188
15 80
44 106
9 211
62 90
126 175
7 73
12 32
4 250
73 150
251 258
132 267
46 128
134 220
19 90
89 183
36 176
206 236
18 150
43 115
25 97
174 262
212 236
98 243
10 156
40 223
99 275
23 248
32 108
83 199
137 270
17 94
169 188
9 253
23 188
201 221
95 181
37 266
122 239
103 137
90 109
124 170
148 182
152 231
26 153
58 130
113 218
67 164
149 238
69 131
86 218
27 179
121 190
1 32
98 122
93 167
203 239
19 236
155 240
140 144
198 256
65 85
106 251
167 241
73 219
115 250
9 62
23 53
133 258
16 176
18 132
176 204
79 154
218 254
201 251
127 254
229 251
142 239
130 231
62 175
155 251
31 211
175 227
75 243
123 182
97 180
80 95
50 204
88 245
154 254
99 146
208 259
48 82
130 255
97 146
124 176
97 253
247 275
55 189
142 202
11 140
24 69
48 260
76 229
100 123
170 241
46 66
79 148
151 191
100 130
94 106
100 174
100 271
121 251
51 100
10 226
92 122
157 219
56 272
75 127
33 57
47 103
212 216
194 224
72 183
76 236
143 263
80 152
112 271
137 144
213 216
76 256
65 115
41 269
36 42
50 142
61 77
179 267
24 248
12 62
72 138
2 147
94 159
37 228
15 156
11 210
174 249
239 256
167 207
65 181
80 274
101 217
162 255
52 106
39 102
41 239
211 254
7 217
240 247
129 166
166 193
126 172
59 141
3 125
6 16
11 68
62 174
10 203
36 100
172 259
31 252
81 275
134 253
5 130
110 247
23 234
12 52
16 66
34 79
55 149
21 90
3 156
10 11
196 228
15 48
192 248
185 190
12 176
55 231
47 52
6 201
118 169
10 180
35 197
168 255
130 131
51 192
12 27
117 249
41 138
147 189
84 145
60 196
122 268
5 148
190 267
146 198
47 158
131 210
93 219
124 214
126 188
107 118
199 244
25 180
37 263
94 270
5 60
90 267
132 164
137 211
44 182
135 214
19 258
69 72
74 214
217 228
19 238
71 75
4 43
45 205
43 62
28 227
223 272
173 272
136 190
65 272
50 170
40 208
206 251
78 93
130 262
6 7
57 77
224 254
202 267
95 133
161 201
35 178
60 122
109 129
164 213
73 261
58 192
70 134
96 139
136 171
95 235
95 204
147 238
114 252
75 94
93 115
41 254
154 234
81 189
184 210
168 271
14 56
52 122
58 97
151 264
40 70
59 136
14 36
63 113
59 202
144 198
7 122
44 61
29 70
9 84
123 228
56 69
75 124
174 270
188 194
31 206
54 270
27 101
52 88
59 76
175 186
242 244
218 241
47 257
32 109
15 103
94 240
69 237
76 156
12 205
250 258
33 194
77 200
103 226
70 250
17 259
151 275
118 123
108 205
8 11
255 270
45 46
88 132
98 107
117 154
53 67
56 215
32 63
20 272
140 201
87 219
27 117
59 152
22 196
68 133
74 193
169 252
52 131
61 262
152 227
135 161
86 270
1 252
49 115
104 268
64 107
103 147
189 261
11 31
134 251
88 110
64 189
19 157
4 24
146 272
105 155
66 70
43 234
166 220
182 260
78 207
148 167
62 199
184 187
192 250
155 171
79 167
111 145
217 268
74 170
168 231
13 244
14 117
17 111
168 206
119 234
209 219
2 219
255 263
127 232
9 251
79 269
96 108
126 272
51 112
128 241
169 216
49 74
262 274
43 254
130 164
135 205
37 90
7 266
58 249
146 239
142 201
81 213
13 254
153 214
10 68
22 263
135 167
32 212
52 128
16 72
31 242
81 161
61 151
3 248
159 163
103 264
73 110
208 240
68 197
241 270
127 191
49 269
63 75
241 266
59 246
54 61
41 74
150 265
34 242
182 265
16 133
70 136
25 163
55 272
213 219
8 255
4 272
89 110
170 207
167 239
9 252
128 220
79 94
32 155
125 162
99 150
233 237
14 20
63 215
170 216
156 239
76 231
140 189
214 258
224 265
5 265
150 165
52 246
137 232
55 95
101 161
37 149
127 143
70 161
4 46
6 248
33 133
56 275
21 133
6 218
74 180
184 213
86 162
224 257
16 68
206 216
67 202
129 185
74 199
44 62
216 219
99 107
142 246
128 163
58 126
122 188
26 42
9 120
183 206
77 227
135 146
6 83
52 166
166 248
0 231
129 218
55 273
104 145
209 270
208 223
102 230
22 134
234 247
153 265
82 257
75 215
157 271
6 69
4 251
64 221
2 193
27 243
170 191
147 209
114 263
117 166
54 130
93 243
71 182
1 267
87 192
13 45
132 236
159 225
115 199
2 177
17 153
197 232
196 214
75 213
97 165
20 217
179 190
21 194
97 171
191 238
149 182
82 244
209 226
17 167
60 147
129 211
15 185
75 205
46 185
138 253
123 221
0 125
119 271
128 217
161 253
83 117
29 37
101 246
48 206
27 203
157 174
30 69
153 169
103 198
51 266
221 267
53 203
115 240
32 235
85 232
183 198
206 267
235 253
12 246
37 125
166 184
9 10
26 127
252 262
83 132
79 92
200 272
12 142
40 133
79 192
152 194
79 171
23 176
18 86
161 275
76 123
105 156
27 139
48 254
123 241
154 245
26 94
80 126
15 129
94 194
112 239
28 97
59 272
147 169
211 231
168 240
62 73
164 199
43 93
1 160
62 235
2 241
135 162
53 163
9 152
4 203
11 179
58 132
230 267
64 171
110 117
12 171
33 138
265 268
67 268
29 273
100 139
6 203
92 203
143 186
102 123
71 91
18 32
7 83
94 146
96 237
40 192
114 198
89 191
13 273
34 248
64 114
127 261
198 202
28 200
75 82
44 120
62 136
104 150
111 164
67 254
102 133
47 71
210 227
106 182
237 274
167 263
224 268
99 122
104 167
36 111
18 231
54 162
59 121
37 271
65 165
69 260
165 166
238 244
40 126
152 270
117 157
43 247
27 141
64 248
24 241
32 255
93 221
147 214
67 126
149 197
44 250
133 195
82 83
18 175
106 131
16 245
1 203
118 264
66 169
102 187
198 217
165 250
143 193
64 190
77 208
19 87
22 100
151 160
222 255
142 189
113 193
64 272
64 134
156 251
212 222
261 273
9 128
120 157
38 208
189 272
90 141
131 168
114 168
126 211
60 64
173 217
138 145
166 190
28 62
29 199
108 250
98 109
74 265
166 244
27 100
78 188
159 237
103 214
212 269
222 258
31 85
0 140
102 138
70 97
126 155
26 187
152 166
115 205
123 252
118 217
236 267
27 249
50 179
141 273
121 130
172 258
12 93
254 267
80 118
86 147
82 155
48 113
64 151
150 241
26 81
154 220
44 275
189 256
21 169
130 170
40 243
72 153
7 255
162 236
213 272
204 270
121 158
80 158
6 44
0 184
238 265
43 108
39 208
14 154
16 47
45 93
20 79
34 257
28 132
88 225
55 79
44 235
36 82
93 256
28 197
92 161
202 209
36 232
23 126
110 135
138 164
119 204
37 105
37 197
113 125
125 246
62 189
191 224
35 63
188 270
28 121
36 248
167 173
104 240
50 195
50 71
180 228
32 139
112 255
53 110
154 191
15 65
248 253
56 187
209 274
157 160
36 171
42 257
150 213
162 183
141 154
147 242
32 225
5 198
52 209
77 117
252 275
111 252
2 85
129 225
7 113
63 199
108 173
58 246
177 256
46 98
12 247
237 243
121 242
27 57
25 267
87 218
185 245
63 266
62 71
30 71
16 37
185 196
23 69
192 265
77 263
27 46
112 174
50 61
120 238
166 259
12 112
208 253
31 247
72 202
11 16
11 234
96 238
211 272
21 97
120 124
87 106
175 233
53 265
130 184
15 257
25 218
22 138
170 199
73 158
70 153
25 122
98 232
166 228
70 174
65 147
123 129
168 251
205 218
157 240
89 164
17 118
24 188
85 145
29 175
160 198
204 242
38 40
25 32
97 103
115 166
58 212
135 142
203 226
157 250
156 256
40 194
135 223
1 135
80 266
128 170
86 244
200 216
108 139
146 149
10 113
50 197
30 105
53 94
222 273
42 131
78 198
91 243
145 200
61 163
18 110
87 134
38 130
143 148
142 273
118 129
98 238
175 180
20 200
146 222
109 231
7 161
18 60
9 43
245 261
206 263
54 166
132 268
72 165
96 133
6 153
32 194
106 137
60 99
22 124
13 215
82 156
189 232
125 142
41 182
190 266
163 171
151 220
14 190
188 203
120 251
29 208
152 217
88 179
137 231
41 187
98 272
92 190
16 17
24 62
20 203
114 137
108 214
8 47
239 270
14 107
167 168
156 263
52 73
222 231
115 222
130 252
5 25
0 6
187 258
137 146
22 77
150 250
189 246
27 74
140 168
21 217
34 172
30 72
165 215
76 116
160 215
11 52
16 264
36 223
93 201
105 261
87 210
187 208
206 240
51 58
26 35
207 226
69 184
43 101
28 156
39 187
83 250
105 268
168 213
121 201
121 268
25 91
186 245
99 237
75 136
88 207
0 17
116 216
125 177
15 93
101 137
48 104
123 224
123 178
4 66
47 245
90 166
166 191
18 95
5 77
68 115
78 181
135 237
41 274
158 162
8 103
5 10
124 158
149 200
32 115
53 157
96 189
145 223
52 221
38 78
18 253
47 209
112 151
47 270
73 229
114 268
16 96
41 267
87 202
55 257
225 259
165 228
73 204
73 167
16 160
83 205
39 257
15 71
137 256
44 263
102 151
30 158
38 270
244 264
73 115
214 219
73 141
27 256
109 227
99 178
243 275
84 157
134 274
60 127
229 264
16 177
113 159
10 27
43 182
4 5
221 232
25 130
20 177
47 191
79 95
36 120
153 209
80 119
3 104
186 191
112 176
156 241
71 155
64 159
191 213
84 116
67 267
69 191
34 116
222 265
213 275
140 181
156 194
186 270
19 261
175 237
152 242
143 187
133 150
203 251
4 54
155 256
13 257
73 233
28 117
102 141
104 266
33 141
184 191
39 125
155 255
85 243
114 249
15 94
5 172
124 245
148 207
104 159
116 180
7 235
91 134
48 263
109 218
85 178
117 152
183 201
255 258
44 181
121 126
228 240
73 183
49 162
30 66
69 138
81 196
61 174
178 253
112 254
102 210
157 247
114 173
54 220
113 242
113 183
63 76
173 235
64 97
74 127
36 134
17 248
44 81
108 244
0 98
30 41
85 244
56 142
18 251
120 166
74 242
0 74
53 77
122 174
22 221
97 127
180 265
230 252
14 213
47 156
7 24
49 157
53 122
260 269
94 174
181 227
146 213
39 89
132 177
86 240
142 161
54 245
137 272
26 185
95 174
224 264
72 253
118 167
69 183
98 133
192 264
124 209
126 261
46 184
26 56
209 224
209 238
104 118
179 238
29 121
115 206
213 218
32 158
63 104
110 250
66 236
211 218
180 248
67 230
52 184
106 162
37 63
42 57
131 193
83 175
174 244
67 184
14 233
53 269
149 168
62 233
151 197
29 38
207 266
79 222
100 153
61 90
4 93
37 191
232 262
21 50
1 67
26 92
167 266
71 109
76 185
115 194
57 254
190 204
129 247
88 251
30 205
67 182
24 122
115 212
144 192
96 123
174 232
123 153
95 244
29 172
48 200
68 244
199 269
46 130
144 151
21 210
99 181
102 107
101 266
179 202
101 192
70 100
154 187
59 162
45 158
39 207
20 265
87 175
178 234
15 23
51 165
32 198
10 266
145 232
14 265
67 186
13 186
177 197
81 226
32 128
129 145
23 256
16 94
115 171
75 246
152 274
84 87
81 228
136 145
93 146
63 155
32 254
164 231
129 184
115 264
124 167
57 213
68 169
243 254
74 185
58 232
121 222
23 54
12 96
13 229
248 250
39 55
26 52
165 168
101 241
182 272
72 240
89 139
61 259
245 267
76 212
17 223
23 205
120 266
138 143
204 215
219 257
56 181
37 190
1 255
211 235
38 271
163 212
19 24
10 97
180 251
150 168
35 181
59 114
82 213
16 148
3 221
3 97
69 87
188 242
42 102
60 137
44 265
125 214
198 237
182 215
107 178
185 237
124 154
41 118
154 183
6 135
222 234
30 80
21 37
82 183
233 241
118 197
232 274
182 250
155 159
80 107
87 237
169 233
99 121
214 255
79 121
24 272
74 125
94 228
40 190
21 271
84 162
84 137
107 116
89 178
159 171
177 273
194 243
221 238
47 66
179 236
52 95
94 142
203 257
62 191
191 263
44 159
78 106
93 253
1 85
96 273
0 124
102 199
110 166
31 191
58 108
231 238
188 227
79 209
112 179
108 120
26 84
240 254
20 47
122 229
19 50
220 239
77 225
47 94
218 234
82 95
40 62
116 135
7 237
137 230
74 96
13 67
150 173
53 166
219 256
110 126
74 140
241 252
26 190
21 126
129 174
125 237
132 235
1 25
22 34
38 107
120 125
106 213
54 228
152 195
126 250
176 192
136 167
98 99
230 251
15 137
16 155
84 160
71 180
113 234
94 177
24 154
147 221
33 197
130 272
91 198
52 129
105 163
122 210
70 212
14 108
51 92
69 214
1 71
225 254
40 186
12 119
144 191
40 193
67 265
91 275
16 187
142 230
82 207
128 233
123 137
142 232
104 261
6 159
110 188
8 121
142 179
144 174
33 225
223 256
31 89
136 177
80 154
49 88
120 161
72 222
79 254
43 149
23 149
92 270
135 199
157 246
14 199
22 112
138 223
66 253
136 161
119 177
9 58
178 181
10 78
182 195
148 259
168 189
4 89
121 129
226 253
163 202
132 232
160 212
167 201
162 225
63 181
89 169
65 240
99 212
58 199
126 197
104 207
95 171
119 270
175 181
0 166
227 259
107 249
5 275
84 261
72 88
62 267
147 173
18 238
51 101
223 257
92 201
86 95
22 87
174 203
44 217
90 228
213 261
32 189
174 215
147 148
14 74
149 217
149 191
18 69
21 34
56 268
186 261
172 223
70 79
191 228
1 223
75 251
48 106
43 58
91 174
117 275
92 252
264 272
24 194
140 180
184 189
25 121
119 232
167 222
1 109
60 69
29 94
149 245
70 274
159 247
268 274
223 260
188 225
64 121
209 218
81 250
9 51
239 245
102 173
75 92
35 122
166 182
33 245
61 102
93 191
150 167
56 233
71 197
97 204
98 242
158 231
140 255
0 165
21 177
37 78
53 62
25 261
13 81
58 264
92 133
134 175
160 171
56 199
6 178
118 223
118 254
49 214
133 222
3 54
170 200
77 169
44 267
174 193
99 267
72 268
102 145
3 10
80 252
40 184
234 257
157 187
62 238
6 82
189 275
39 235
135 232
189 260
96 149
107 212
16 249
2 34
39 225
179 225
51 191
33 50
41 133
131 177
64 223
181 225
134 150
192 246
84 181
46 241
254 257
48 90
32 165
34 73
31 117
61 118
46 118
191 241
89 188
45 198
114 155
230 242
29 102
82 235
81 159
243 265
6 161
180 244
130 140
205 245
21 112
2 197
76 218
89 143
57 172
173 250
70 268
96 212
28 223
48 103
167 203
92 151
72 159
43 49
23 128
158 223
150 153
85 98
110 204
74 83
117 254
200 269
148 260
77 167
92 227
68 274
58 243
96 275
37 242
3 102
113 149
203 208
52 97
61 232
17 206
145 252
141 151
126 156
77 272
68 267
58 166
26 72
91 261
86 121
58 69
5 191
25 228
106 169
64 163
14 250
192 226
17 133
151 180
193 263
92 196
53 248
147 269
162 220
17 47
177 191
151 236
25 29
93 108
102 134
106 119
73 225
98 162
129 198
148 169
255 264
61 100
79 252
208 247
6 225
113 118
84 156
82 230
95 111
246 256
169 270
138 162
64 215
20 115
9 104
37 179
87 118
52 227
243 264
166 183
60 215
42 155
38 97
185 268
58 84
139 201
155 257
18 235
26 195
96 225
128 193
69 163
86 196
142 208
55 185
243 252
91 130
0 121
71 108
83 131
30 223
55 150
120 137
49 148
65 209
164 245
154 269
178 186
2 102
79 164
47 97
52 177
88 235
7 232
239 274
21 29
182 186
87 143
24 269
121 271
146 163
182 193
49 193
103 140
33 270
82 88
215 241
32 184
115 175
161 175
202 256
8 91
75 162
172 211
50 51
16 180
47 77
9 260
155 272
46 275
39 181
31 177
0 137
208 214
20 145
169 208
21 183
218 271
135 256
29 187
156 163
52 77
148 214
99 260
46 191
37 212
52 235
147 179
53 161
61 252
231 256
149 162
104 174
14 72
75 143
43 48
76 265
195 233
51 271
43 90
60 113
30 269
156 188
152 197
107 187
240 246
13 189
46 68
34 92
14 35
30 212
128 272
187 244
130 271
147 256
166 172
57 170
83 143
45 204
210 212
65 153
49 264
139 238
125 223
54 163
109 125
102 140
37 80
178 235
0 37
113 202
13 168
90 93
18 184
119 267
192 215
72 156
167 169
38 83
39 272
47 146
48 165
143 150
24 51
96 120
222 226
251 270
184 255
18 241
79 101
29 195
102 231
8 177
25 93
141 227
6 21
102 242
179 269
32 231
2 235
13 113
184 273
25 80
9 15
126 185
156 267
29 151
229 270
9 11
22 191
13 133
102 131
156 202
37 88
56 261
122 228
194 202
181 256
40 203
35 126
49 139
1 193
171 260
45 128
60 62
27 31
38 129
13 232
1 253
11 14
124 202
64 212
126 128
67 168
70 138
41 247
96 270
9 224
69 261
12 219
72 270
238 256
120 226
82 97
91 270
77 275
7 40
119 185
62 213
199 271
31 165
161 224
87 267
175 203
88 140
90 148
44 238
88 206
52 134
62 108
5 112
31 222
177 219
94 207
89 106
81 209
128 205
98 152
128 134
3 58
36 62
216 229
24 40
124 200
66 193
93 236
144 270
76 198
80 166
192 227
78 218
6 212
132 192
85 223
143 238
8 259
78 101
199 209
106 147
163 210
184 209
17 117
89 96
146 264
86 113
69 109
167 267
51 153
189 271
46 143
191 197
36 199
16 131
68 93
233 251
19 199
143 207
97 106
70 193
87 254
67 155
43 209
131 256
51 145
230 254
73 264
39 182
190 208
72 87
3 131
27 167
155 189
140 177
38 259
2 65
72 105
16 271
41 89
17 141
129 167
22 105
165 230
90 262
155 167
69 171
68 94
44 207
172 180
119 188
68 171
144 178
140 215
3 271
154 268
66 141
136 206
52 70
131 139
56 154
163 196
106 258
22 209
43 161
93 138
43 45
104 256
86 264
48 70
5 221
110 226
208 261
0 202
74 101
156 167
26 163
50 133
21 162
80 137
23 211
166 237
199 264
139 247
80 255
178 275
199 232
66 162
7 274
27 254
34 74
211 256
43 70
48 54
34 216
40 154
27 154
86 169
22 84
100 210
48 179
115 181
35 61
52 267
25 226
19 99
86 229
92 115
1 130
93 98
114 129
61 201
137 239
203 254
1 121
205 212
50 54
22 255
40 210
10 88
51 78
155 236
0 32
181 206
80 104
8 206
41 100
66 136
172 177
39 130
121 166
146 230
134 275
27 183
166 185
217 223
162 221
10 144
139 226
35 167
60 204
40 111
99 159
17 104
155 177
51 193
20 179
30 156
60 271
108 270
6 202
67 250
203 222
3 215
28 264
66 116
35 82
58 216
116 173
224 263
111 239
4 147
126 181
92 108
73 85
51 209
23 204
0 268
72 252
188 255
0 119
208 260
36 54
120 158
0 172
2 195
11 251
72 265
31 258
12 273
41 218
58 168
39 147
76 170
112 183
191 253
16 48
67 104
176 227
88 191
34 110
37 261
139 188
71 224
196 273
68 144
59 184
23 48
51 195
17 114
33 244
28 164
106 252
105 227
2 8
35 227
41 126
18 27
41 97
134 181
30 107
61 168
87 103
126 247
93 152
71 113
35 180
155 166
8 129
249 267
88 170
11 265
199 275
43 154
211 221
98 177
111 225
86 111
66 186
54 128
184 246
37 120
98 211
78 193
102 147
102 244
259 274
38 213
67 129
34 59
73 114
64 263
61 208
126 205
17 156
75 117
157 210
70 171
9 46
21 36
95 243
68 119
190 256
35 269
27 138
20 67
128 214
126 206
100 162
31 81
18 26
92 118
111 230
212 218
116 210
70 144
56 219
49 136
50 201
29 148
32 153
2 243
42 86
115 219
248 249
122 227
179 218
130 146
6 227
42 128
85 123
135 273
70 111
131 251
124 231
3 28
38 73
204 222
25 124
140 155
52 197
220 253
99 172
33 161
6 123
40 143
20 230
27 194
7 42
124 171
159 179
1 100
110 190
56 102
26 96
90 226
134 146
209 271
89 126
104 124
17 60
240 253
67 244
120 202
203 271
20 22
23 84
27 172
5 249
9 163
7 191
142 203
104 112
42 200
67 177
116 261
164 238
49 244
43 145
76 77
102 124
67 199
237 255
5 122
154 244
241 243
31 54
36 49
172 264
106 136
54 168
33 273
8 104
82 101
111 197
7 100
108 161
49 78
79 215
48 109
30 151
141 188
1 38
140 243
31 77
4 149
37 184
60 85
135 185
114 225
187 245
128 245
142 160
20 263
75 123
81 224
45 200
63 127
152 181
75 217
22 93
25 171
155 258
144 203
7 108
10 94
36 77
62 149
79 203
39 44
217 234
250 269
21 174
145 255
28 70
24 179
91 190
200 262
160 197
14 23
180 201
10 138
206 265
1 7
145 218
149 227
57 71
192 236
197 204
203 263
242 247
142 182
13 238
36 48
139 158
118 184
31 210
68 96
101 210
159 254
71 101
49 213
85 208
143 245
136 165
6 233
78 162
58 151
81 130
15 125
54 103
22 40
71 270
198 214
251 268
74 119
39 135
234 258
57 85
71 257
204 262
83 230
165 248
49 55
183 218
183 241
2 39
133 240
78 273
3 208
114 183
40 270
148 155
38 103
230 275
99 259
36 140
116 226
245 250
95 191
198 215
237 263
192 239
72 241
177 269
119 261
50 110
6 36
100 155
110 144
129 251
33 252
36 191
76 228
67 144
1 21
36 113
80 230
68 248
40 83
35 172
195 274
21 93
102 195
49 86
48 170
24 48
85 166
109 166
68 187
131 198
28 134
28 233
137 241
160 222
99 110
69 181
154 235
153 161
117 188
257 271
191 264
5 52
201 226
126 242
111 185
69 235
72 173
33 146
119 162
219 234
33 214
8 196
70 121
4 248
193 225
15 241
47 101
66 130
15 77
69 271
125 126
145 260
174 248
37 132
55 200
2 150
69 266
203 221
6 53
179 191
132 218
67 271
11 77
17 67
132 169
90 144
6 121
45 269
43 170
6 110
101 120
45 180
3 150
176 233
140 231
102 257
128 212
97 203
247 250
166 272
12 206
65 187
85 89
117 204
65 237
54 189
23 185
141 225
12 192
6 234
80 239
70 203
28 137
50 200
145 209
145 233
235 270
129 168
226 252
197 226
2 112
9 264
55 183
91 212
41 181
19 272
127 134
35 105
79 85
136 224
17 182
49 151
81 102
221 259
259 262
265 275
18 81
38 121
40 261
91 94
147 257
10 157
30 159
127 177
182 199
87 252
205 268
51 125
43 119
58 157
135 242
0 242
18 93
62 187
156 244
66 86
112 133
118 171
6 47
23 98
106 264
154 165
7 39
208 215
175 208
71 226
30 242
48 94
157 179
222 263
39 81
110 113
26 198
77 234
133 153
49 257
31 246
52 159
253 264
54 135
65 224
207 218
35 101
116 145
65 191
99 167
142 234
130 166
47 85
108 192
93 188
130 216
155 248
16 218
7 208
51 136
83 201
163 274
109 161
61 62
37 112
55 99
101 215
29 270
144 255
117 173
56 251
70 164
33 263
163 218
19 223
58 171
202 273
106 257
103 272
84 184
46 126
81 253
69 220
35 50
165 175
37 123
70 120
11 197
210 272
45 168
124 267
50 212
81 274
48 67
26 99
13 183
29 256
34 101
113 243
33 112
109 176
137 229
89 123
19 208
66 131
139 217
69 225
28 46
253 254
39 157
115 187
18 223
153 157
148 257
106 163
143 145
78 234
59 129
33 248
120 156
153 254
81 193
76 150
4 152
192 230
137 171
159 200
116 207
166 264
122 136
168 230
96 242
54 112
19 62
12 260
103 243
153 224
128 156
39 121
83 208
82 129
6 188
71 238
81 200
68 76
153 193
7 107
27 201
203 250
153 171
27 192
76 126
103 275
115 227
70 80
115 275
108 195
162 265
10 98
135 164
76 162
126 151
52 59
221 270
86 141
183 268
44 266
19 142
194 215
138 226
112 244
42 118
83 218
77 115
166 207
165 209
108 167
81 247
108 121
159 190
67 264
126 129
142 259
162 223
128 132
1 245
23 226
52 189
175 269
51 90
64 259
126 193
79 234
259 267
37 244
119 137
216 242
28 94
257 268
23 146
255 267
9 101
164 248
37 130
26 82
89 146
91 231
177 265
48 76
26 31
51 205
176 271
7 80
94 223
67 98
7 137
164 252
128 258
150 270
154 182
149 261
138 268
51 139
17 85
229 254
3 16
28 242
238 239
56 191
79 133
7 56
1 147
82 200
139 248
84 185
194 262
79 257
88 171
161 227
90 209
49 242
60 139
80 175
121 210
106 191
3 6
73 251
70 249
108 150
240 256
91 213
186 214
72 117
16 56
159 181
101 190
38 223
59 199
205 235
55 255
3 42
21 152
51 159
63 259
130 210
127 238
84 143
21 64
243 248
181 243
213 251
47 186
38 237
54 257
90 159
131 267
186 208
160 195
61 157
34 40
139 199
5 216
50 117
17 89
57 222
168 211
85 245
160 207
74 130
115 253
47 228
141 241
175 253
6 272
56 108
153 198
127 159
108 159
220 274
131 158
164 176
55 220
82 138
27 148
86 208
132 168
177 227
274 275
33 198
57 100
89 273
162 246
75 170
181 215
56 203
183 192
198 228
27 224
163 241
62 170
45 228
52 207
127 178
146 178
70 216
67 107
184 226
35 214
145 265
82 256
128 152
94 192
20 122
58 128
215 268
49 123
23 47
54 90
42 149
152 172
80 215
37 81
138 146
27 182
63 211
45 154
162 198
68 128
89 266
15 57
153 248
81 248
34 164
182 190
109 249
87 123
63 130
1 263
61 241
141 200
57 112
35 147
136 231
95 195
52 257
198 223
182 230
111 248
21 104
27 165
8 33
107 228
82 243
51 94
272 274
67 94
69 234
179 189
232 246
222 238
133 136
33 93
90 96
122 209
100 232
2 275
194 233
45 123
24 215
22 67
100 194
34 106
35 46
116 211
219 250
2 98
67 204
158 185
212 257
28 168
174 177
163 190
34 56
7 220
152 257
53 131
130 178
56 82
21 186
38 207
142 159
26 45
105 201
55 131
41 104
119 145
18 103
133 187
39 171
141 152
82 188
255 259
47 189
173 229
115 154
4 65
62 86
226 275
141 246
185 233
172 265
67 166
55 228
189 224
134 211
108 203
63 123
66 153
51 210
13 227
70 113
148 162
212 234
3 59
10 28
212 215
177 263
73 236
89 218
139 169
125 205
85 186
95 176
15 24
52 217
20 181
70 218
157 243
68 253
55 232
55 242
20 92
142 243
163 182
123 152
33 106
47 68
195 208
211 268
188 253
104 177
138 220
96 152
52 208
5 145
56 173
105 199
56 68
59 259
32 105
127 210
127 193
151 249
17 243
9 175
3 137
34 210
154 261
19 250
91 207
7 155
46 253
7 97
23 111
197 225
9 91
93 110
88 137
117 271
122 231
116 256
62 87
92 125
14 92
57 118
83 87
149 242
47 190
96 226
52 272
206 260
226 244
59 175
197 223
154 226
61 253
95 238
8 268
103 182
228 270
11 97
122 233
186 240
81 244
62 197
41 163
86 191
65 208
42 114
238 261
1 210
141 191
53 135
235 274
226 248
184 196
200 268
133 156
123 175
143 213
31 200
29 100
83 160
38 94
122 129
157 186
196 199
31 233
6 81
18 74
88 246
238 250
10 176
194 203
180 275
23 175
39 229
19 229
24 104
100 134
147 198
71 125
54 155
14 228
183 190
167 234
113 214
34 173
46 217
5 120
209 217
39 110
172 218
107 157
62 144
65 175
62 148
97 242
100 161
11 136
72 198
114 275
63 254
26 93
176 191
196 265
52 92
164 236
16 78
66 172
7 150
77 82
94 253
159 273
219 222
14 78
20 109
198 229
7 260
15 20
120 274
20 104
94 184
70 95
135 181
191 229
48 187
100 220
26 162
60 140
234 240
51 220
5 273
237 267
62 167
52 188
206 262
119 253
59 120
202 275
56 113
69 242
156 183
29 259
158 180
68 123
244 250
11 266
43 259
110 203
165 232
157 252
119 247
118 172
48 224
45 224
106 249
19 54
42 185
99 215
182 232
61 214
113 212
19 113
36 209
15 95
48 173
49 238
17 52
113 117
80 221
184 216
101 162
59 198
67 124
210 275
99 242
135 174
233 254
97 159
182 244
197 234
64 176
131 215
39 51
66 74
21 122
60 136
171 270
8 21
93 195
195 268
29 257
61 250
10 76
107 153
145 221
5 272
22 106
155 220
189 235
26 143
192 209
54 141
48 66
93 222
74 263
3 109
125 239
49 59
12 267
26 76
61 83
3 138
33 224
108 118
219 242
6 95
128 165
100 217
14 77
108 264
43 85
0 108
80 163
71 150
57 140
176 189
201 235
188 191
117 253
104 219
19 114
30 247
157 166
28 83
198 206
75 141
14 260
141 180
129 226
138 204
154 265
10 184
97 122
65 125
194 218
92 195
225 228
35 116
138 248
175 223
16 197
10 273
27 149
86 267
221 231
160 176
203 229
119 237
2 12
229 261
51 253
38 250
86 238
24 212
37 136
156 268
35 274
101 226
75 137
76 190
1 2
13 80
179 245
21 198
28 243
23 209
144 197
71 184
0 167
53 180
62 226
104 204
147 212
158 198
30 188
25 185
132 229
12 233
127 148
52 146
27 215
94 188
35 233
220 257
98 166
132 212
12 245
22 189
253 255
215 265
228 272
85 192
156 195
7 197
56 241
17 25
97 117
49 211
64 183
120 206
65 158
67 152
6 267
152 249
13 191
126 263
79 229
162 174
231 266
97 198
138 257
11 153
187 240
113 200
3 148
205 246
82 164
111 150
109 238
138 189
98 247
128 158
110 169
105 255
54 272
167 177
2 245
91 238
108 169
167 249
173 196
174 201
29 89
10 155
120 237
121 151
49 229
0 82
17 99
24 196
72 223
69 143
87 217
10 71
39 53
221 256
35 229
180 225
31 41
127 174
55 264
24 253
109 150
40 59
104 238
32 132
170 184
157 171
69 115
40 235
33 137
30 125
95 114
38 256
88 176
145 173
8 224
6 226
106 140
129 203
46 194
172 187
22 63
163 217
23 125
13 131
26 154
184 235
112 262
171 232
47 69
182 229
1 88
17 263
68 186
11 66
160 173
138 147
30 228
193 201
116 161
118 186
149 223
45 121
170 264
9 182
48 53
9 188
222 246
73 205
106 228
51 103
49 230
126 159
136 173
8 275
250 266
206 226
100 171
11 20
4 29
95 257
129 242
98 161
25 64
233 253
12 101
39 129
93 161
158 208
45 127
70 131
31 225
44 140
30 123
266 268
199 241
174 191
241 251
0 48
130 201
44 259
67 154
169 211
121 243
132 249
51 260
143 182
36 158
44 99
119 154
37 143
94 267
111 172
9 266
60 241
76 223
97 199
124 126
47 65
21 63
223 232
124 265
120 177
13 123
133 261
161 226
223 229
258 274
9 215
104 162
84 85
218 261
46 235
93 116
40 266
166 265
8 110
37 74
19 57
44 152
116 218
108 206
64 247
132 144
188 264
47 106
220 227
134 165
219 268
213 221
10 85
62 165
102 258
155 222
44 269
50 181
176 228
77 126
83 155
97 107
186 223
40 178
100 179
170 235
92 172
35 100
26 204
50 137
72 92
75 245
100 104
41 262
209 245
166 226
211 213
10 105
7 36
17 41
226 265
193 234
100 193
17 63
30 181
13 187
52 149
126 141
67 81
10 254
99 130
137 183
199 273
127 153
83 259
104 151
46 218
9 151
156 177
149 226
50 139
6 131
76 243
71 147
191 245
7 156
43 69
165 256
35 190
10 121
103 133
51 106
70 96
199 234
77 180
37 215
228 267
213 255
3 107
160 193
118 176
226 239
1 138
75 238
79 251
155 234
184 259
191 250
28 215
26 101
21 245
33 220
246 260
142 248
26 269
46 174
97 152
46 271
53 211
54 111
144 234
26 188
232 236
174 178
20 206
42 234
176 246
19 191
21 203
75 148
24 273
69 144
106 115
219 245
49 145
6 208
0 217
36 197
18 83
62 190
84 164
115 226
106 194
250 262
16 142
12 109
114 140
13 117
25 161
155 194
219 247
32 61
107 205
81 132
225 263
84 201
13 217
35 175
201 209
73 171
74 112
142 197
3 211
76 260
13 17
16 117
121 235
57 141
43 197
171 184
135 212
73 98
95 266
90 241
71 130
203 230
206 222
2 54
151 232
92 224
56 86
238 255
3 201
173 209
45 107
4 270
39 163
124 141
154 215
108 237
151 257
201 238
258 259
174 181
79 152
201 242
85 158
58 238
14 140
136 185
196 266
44 232
218 275
20 187
124 169
94 232
64 75
260 275
52 56
139 175
88 146
19 48
26 136
14 73
84 121
109 124
115 143
47 78
166 215
158 191
1 195
114 145
68 102
89 147
71 269
54 196
93 267
144 182
197 245
42 66
29 60
66 80
142 169
227 272
108 232
203 249
32 223
131 156
135 213
36 239
194 236
42 250
13 71
28 274
82 85
175 228
65 146
258 268
12 53
88 259
94 272
80 192
210 236
213 253
31 72
20 241
33 83
193 261
64 86
135 137
49 231
119 167
37 97
61 126
20 103
2 174
215 274
198 200
228 262
12 158
219 259
147 200
55 165
4 218
72 217
47 210
25 114
3 75
208 209
2 107
8 162
22 275
4 110
159 209
198 252
80 86
8 25
8 37
162 239
185 236
150 211
97 252
198 250
15 43
177 235
36 66
15 226
93 105
25 89
46 131
157 172
0 63
53 118
101 128
111 153
151 167
204 232
84 170
199 224
83 125
101 187
23 244
169 190
36 151
105 258
123 199
174 220
20 113
270 272
91 124
59 254
31 235
61 107
26 229
155 226
210 221
110 136
74 257
160 229
35 169
58 209
16 253
113 169
27 53
51 95
186 247
42 235
81 204
233 248
24 82
74 94
62 99
161 203
66 126
82 264
208 224
7 61
116 195
117 130
8 56
51 119
90 91
92 141
47 113
138 205
157 269
29 207
59 72
172 266
137 271
119 216
38 69
79 231
16 112
140 203
169 265
22 72
152 162
77 88
94 261
8 107
13 222
112 245
148 190
51 161
102 166
111 267
109 252
49 164
48 110
72 214
12 153
54 58
146 259
125 193
78 119
36 230
149 188
143 185
91 115
47 271
6 132
99 228
25 44
32 119
198 204
111 152
45 85
159 219
73 128
49 61
85 163
40 234
29 269
11 144
221 263
206 273
66 251
95 231
64 268
48 271
11 23
141 266
2 213
153 196
11 200
96 188
136 274
85 118
32 64
34 66
27 252
129 196
38 63
33 171
6 209
32 39
105 130
68 216
119 153
6 139
180 264
1 98
185 223
91 266
68 210
137 139
191 255
11 67
42 77
132 172
71 123
101 123
187 251
96 104
59 223
226 262
60 160
74 115
215 229
61 254
43 199
56 189
38 133
16 128
12 187
7 253
104 209
67 143
173 178
40 146
44 137
76 267
18 47
84 180
13 218
147 226
13 139
69 113
72 233
220 275
85 240
90 127
115 256
99 151
57 190
68 231
8 267
171 246
71 157
89 254
150 199
109 201
11 50
35 92
140 143
72 75
171 205
130 173
252 256
237 253
9 219
96 181
74 230
53 270
207 265
159 202
120 244
63 93
6 243
28 29
0 274
62 249
17 268
14 173
122 263
137 196
16 233
93 155
36 37
93 103
34 215
124 220
95 232
44 228
71 258
38 245
153 225
83 189
41 53
198 257
229 243
127 141
62 262
11 235
148 275
162 186
0 75
54 204
30 239
25 274
24 135
55 210
156 212
21 22
226 254
13 18
179 270
152 256
115 178
131 273
101 269
113 230
101 189
65 113
161 249
153 251
72 215
172 260
17 212
19 83
91 236
201 217
25 47
108 266
63 115
46 49
104 117
132 213
117 170
104 200
135 266
111 133
60 162
93 205
54 68
47 246
41 188
13 155
56 164
85 94
50 85
87 238
71 250
170 205
170 194
111 270
96 209
7 49
64 219
71 264
236 252
90 95
171 241
83 255
77 214
165 238
145 273
83 130
253 262
157 170
2 166
222 249
109 181
117 256
49 147
204 206
199 251
30 227
106 189
93 160
159 232
117 238
75 86
75 154
73 124
133 176
43 248
183 211
92 154
207 212
142 148
180 215
75 177
25 156
222 244
28 193
66 89
5 160
203 269
86 209
73 186
33 35
116 169
29 264
15 35
77 204
50 184
166 224
29 76
90 189
107 131
39 240
25 182
21 45
115 270
8 28
249 253
113 155
135 158
103 241
97 130
139 164
67 190
16 257
18 80
135 270
11 216
10 149
108 194
238 259
229 249
96 164
1 20
110 161
237 272
76 105
78 175
99 176
197 241
35 73
14 125
96 179
149 214
26 145
143 191
7 240
37 148
187 210
71 206
42 255
200 218
223 233
36 193
252 266
138 161
72 120
13 272
111 202
41 175
44 56
28 42
12 199
43 102
123 215
67 77
19 155
8 138
21 221
38 206
238 275
15 209
87 182
215 275
53 189
190 200
118 185
166 216
111 175
52 61
71 210
118 237
85 133
27 61
25 232
37 267
15 104
100 208
137 237
4 262
20 72
77 139
33 159
59 179
51 246
79 186
7 16
51 263
0 225
68 173
108 223
14 194
190 274
235 261
4 30
100 106
107 268
85 190
148 171
11 61
70 211
21 184
81 88
72 148
166 230
140 174
56 81
89 227
165 174
53 82
50 232
99 269
214 240
233 273
54 114
190 261
2 30
11 273
116 148
169 231
93 217
206 254
193 260
12 69
105 208
45 218
241 260
34 232
42 109
21 269
263 271
33 269
7 144
81 140
31 115
70 82
109 152
262 271
26 209
62 203
3 49
215 242
35 232
214 261
2 23
156 172
95 241
12 259
204 274
124 133
93 183
67 119
133 145
81 125
5 93
181 230
180 210
207 263
161 162
89 239
133 241
79 157
131 147
64 256
26 57
175 221
150 244
83 190
108 179
40 74
1 42
111 128
85 162
7 114
240 260
144 176
121 225
85 201
174 195
23 60
125 273
123 142
73 127
107 260
226 263
87 220
128 129
202 212
91 176
28 82
19 126
115 188
74 148
87 211
80 245
32 259
7 195
60 142
81 118
124 263
16 265
118 211
121 252
27 170
13 23
130 138
195 231
151 239
14 45
56 234
20 68
231 253
149 222
221 249
216 231
25 106
124 165
98 179
32 117
102 272
67 251
14 114
193 235
152 176
64 161
93 235
3 103
24 150
139 155
54 241
122 158
241 274
35 129
6 67
98 181
101 228
7 129
11 227
162 272
2 215
125 184
29 211
85 204
99 234
110 275
160 205
79 109
42 75
166 197
165 234
112 155
94 152
49 212
3 50
115 124
106 122
5 95
54 222
60 89
94 154
8 118
153 182
144 164
138 152
63 82
28 155
30 237
83 257
6 115
130 222
125 176
83 202
47 96
66 174
58 165
154 192
134 247
154 208
96 239
182 212
159 252
7 247
169 177
25 198
3 36
185 192
56 59
19 111
44 155
22 256
53 138
158 256
37 192
143 169
113 162
242 253
88 262
148 242
141 153
204 256
98 216
157 208
12 70
149 265
172 249
69 257
85 218
191 219
54 59
226 243
35 185
2 201
2 254
56 131
23 96
110 142
66 213
68 100
156 275
118 194
226 235
153 202
203 232
232 275
93 141
195 250
69 149
66 77
38 272
85 185
212 241
135 267
249 256
18 37
32 265
27 197
142 157
48 77
42 91
11 267
256 261
155 197
63 158
60 184
17 260
56 89
35 62
184 274
193 218
133 198
44 195
104 223
128 255
236 253
0 218
248 257
162 214
158 269
89 250
192 216
30 272
162 182
116 259
70 275
121 192
59 187
9 129
121 236
129 234
115 210
94 123
83 223
34 201
29 266
17 236
20 45
171 239
222 241
165 178
84 134
169 200
151 192
52 236
32 142
142 228
29 103
93 237
4 131
172 188
4 96
23 29
79 228
58 228
23 165
129 146
160 242
183 242
84 165
42 151
60 90
19 247
35 159
44 229
117 121
47 206
103 123
173 205
55 180
190 198
231 239
85 164
253 259
107 256
19 119
46 210
131 186
102 139
96 100
103 158
49 133
97 205
111 198
17 215
171 206
257 263
27 147
163 193
169 173
41 205
12 242
82 258
46 110
230 274
82 112
37 147
223 274
214 245
56 238
53 162
92 162
59 231
103 134
90 104
24 98
26 205
82 159
53 191
44 96
103 169
108 171
25 94
22 44
174 263
28 254
94 181
2 230
42 216
161 271
18 24
88 256
0 200
37 203
70 191
69 125
141 270
134 210
89 204
23 136
150 252
109 207
161 206
36 58
247 266
146 157
49 217
53 174
107 159
79 118
66 263
27 39
113 195
21 116
101 233
105 187
138 269
178 268
9 195
136 248
175 255
30 218
46 144
64 265
217 219
65 130
2 109
96 191
131 222
100 135
11 17
97 239
177 242
2 157
31 193
193 256
152 177
0 95
116 257
5 17
44 241
35 83
152 255
87 216
135 221
215 250
21 179
121 212
28 120
34 163
36 125
0 91
8 130
8 88
133 207
214 274
61 162
85 271
7 153
53 216
33 123
187 254
46 102
162 219
74 152
37 68
18 220
64 84
13 153
159 268
92 181
123 243
8 231
247 268
10 127
43 128
43 174
33 89
13 193
69 243
82 269
90 181
2 79
4 136
41 168
193 215
88 144
47 261
22 114
32 35
171 175
60 108
46 47
133 244
57 175
106 217
32 48
81 104
145 229
37 162
58 149
64 82
161 200
29 101
16 159
38 145
135 252
94 183
6 269
187 269
89 222
169 260
2 77
89 189
197 261
34 58
11 261
68 180
160 247
99 268
57 242
43 83
149 171
53 165
72 191
154 177
220 221
46 209
36 195
212 253
70 267
36 189
40 65
1 116
150 251
25 202
4 230
88 264
201 239
229 268
31 214
205 215
19 151
33 117
35 271
78 200
10 51
181 210
21 24
67 218
132 252
13 141
8 44
132 165
10 73
18 211
88 90
45 258
227 266
47 50
82 167
34 174
164 181
24 88
1 114
174 176
136 247
132 143
81 112
27 266
72 158
48 144
266 270
155 267
34 176
92 238
140 160
36 181
157 236
39 97
190 219
185 194
158 173
41 143
39 180
9 170
163 240
165 262
35 255
174 256
122 137
79 176
107 202
137 167
1 228
82 137
2 264
14 273
114 262
159 162
88 142
9 191
94 247
158 170
103 189
122 173
55 224
11 177
9 19
0 149
98 150
10 89
15 152
68 200
199 210
64 156
37 171
28 126
168 175
152 159
139 252
43 76
28 105
91 159
174 250
31 102
45 145
34 195
191 231
100 240
140 159
42 122
146 237
12 83
122 145
40 132
61 67
62 265
8 50
84 122
45 64
216 243
42 156
127 264
186 197
62 229
41 216
17 247
249 270
109 138
32 249
7 196
37 92
10 137
101 155
206 210
5 250
85 105
119 225
7 263
52 154
103 184
22 227
116 175
69 133
50 235
191 272
110 270
102 108
189 217
95 221
89 256
107 220
198 251
152 222
172 251
106 223
45 186
163 237
13 84
197 209
70 180
72 160
4 173
64 129
113 263
80 106
3 96
175 211
13 159
144 167
159 265
25 71
98 156
70 190
76 108
105 216
113 124
171 185
160 168
180 253
248 262
69 205
17 113
45 260
54 229
194 226
61 178
94 235
118 268
260 266
120 207
31 263
16 172
34 265
1 92
213 252
128 196
146 244
63 78
93 147
38 139
20 238
77 168
18 55
96 262
183 194
21 156
110 268
208 273
45 184
4 252
31 34
18 194
193 257
9 99
73 192
206 239
116 220
79 129
59 127
77 244
37 42
56 140
179 224
69 185
68 177
114 194
1 156
25 135
71 159
116 204
270 271
96 174
126 230
150 266
176 238
53 244
31 132
51 120
52 179
11 112
56 132
12 271
24 178
15 75
184 202
74 103
67 213
155 268
73 220
126 152
128 194
124 257
194 248
176 257
43 172
98 245
17 56
162 212
108 256
67 249
193 246
125 208
61 238
83 156
166 201
20 256
13 147
109 136
43 228
54 148
42 247
35 267
228 273
1 230
4 130
14 161
144 179
67 170
65 199
55 57
3 196
30 115
244 272
7 9
18 34
130 256
63 242
36 154
109 202
153 199
175 185
83 243
24 245
97 200
14 70
113 178
183 252
102 142
76 251
27 229
127 224
109 177
158 238
97 218
172 228
7 20
109 204
129 271
104 140
211 273
265 269
151 214
75 156
113 217
103 141
28 40
118 207
170 255
48 240
5 186
156 157
114 228
83 191
82 181
122 271
96 223
13 264
126 236
181 198
267 272
125 271
109 200
21 176
137 180
99 239
191 227
203 205
56 167
80 156
28 174
5 54
96 165
180 263
9 180
80 214
72 271
104 132
41 49
7 25
16 86
68 91
89 249
8 75
90 155
160 225
10 112
123 218
23 194
204 213
165 229
21 180
105 220
133 247
269 270
116 258
178 226
0 262
180 250
114 121
8 18
229 245
72 196
35 45
11 207
213 274
8 185
47 184
20 268
27 144
132 145
13 171
60 115
52 94
86 97
5 124
18 97
113 126
145 262
108 174
233 235
188 267
6 216
113 136
88 177
104 148
51 232
86 202
44 102
24 144
182 196
217 263
15 238
19 172
52 139
29 65
120 200
103 250
8 246
22 237
73 247
32 227
28 69
158 270
76 179
128 135
52 78
12 125
28 271
44 209
116 232
37 129
214 250
0 49
35 173
42 62
37 211
61 219
57 153
33 46
34 85
125 227
23 214
219 244
123 214
176 256
10 140
173 270
1 244
25 168
80 234
67 207
56 57
56 218
93 151
222 223
63 233
46 183
116 149
250 272
23 112
59 227
36 95
24 32
69 157
138 158
123 217
112 249
2 55
9 275
33 209
100 216
139 179
162 216
43 163
126 258
228 237
87 169
50 74
0 209
57 206
41 228
189 206
89 185
170 245
54 122
61 93
19 184
71 189
210 269
97 274
7 203
6 45
118 119
147 220
197 269
45 163
61 128
15 211
80 191
116 182
43 225
42 121
39 185
103 251
15 92
84 89
30 170
77 222
178 209
83 183
117 120
225 257
21 92
28 185
13 150
9 157
191 223
79 204
52 102
74 168
101 212
111 114
114 247
181 217
190 236
103 170
73 226
176 240
47 59
112 143
32 179
119 146
123 193
11 43
220 258
139 183
175 199
75 221
1 44
5 69
23 30
47 243
154 212
56 183
68 183
48 273
198 262
46 272
11 51
137 176
64 230
45 140
64 135
165 196
41 251
87 221
87 115
192 197
79 275
157 268
13 268
83 216
2 178
0 241
30 216
8 175
20 193
91 108
117 228
139 204
97 246
87 256
76 208
47 250
70 157
42 90
86 234
49 84
133 158
4 256
53 271
77 141
6 56
183 270
11 226
13 53
91 192
126 134
12 254
71 100
154 168
82 251
21 228
9 52
185 216
114 126
33 45
239 252
59 174
191 261
41 250
0 97
177 231
125 265
2 62
65 119
99 133
118 122
74 142
119 230
14 263
68 152
60 212
74 224
19 180
11 263
120 271
172 224
26 196
40 149
38 77
140 169
71 74
170 181
70 170
114 269
40 229
12 123
124 164
55 100
9 160
1 64
101 227
58 83
177 258
31 166
132 182
120 272
32 267
8 187
40 176
77 257
99 149
187 236
122 159
77 236
11 168
195 267
29 252
56 87
18 176
8 219
13 206
48 133
84 161
46 274
5 238
26 265
22 174
137 246
37 48
176 251
109 141
3 197
114 120
84 179
59 185
123 274
89 128
69 236
35 52
8 151
164 177
25 125
14 267
72 274
50 162
75 120
22 229
25 95
79 147
67 192
3 267
142 155
17 225
8 160
10 37
87 189
125 173
7 33
148 263
19 263
53 61
11 162
22 210
119 155
7 22
113 215
127 201
199 219
28 231
42 246
212 223
0 141
205 216
156 231
70 142
60 66
27 245
2 190
61 84
60 114
217 248
212 237
57 65
190 221
133 162
143 244
39 236
72 259
109 196
180 197
110 216
262 264
165 192
62 158
135 262
209 240
149 181
50 156
20 137
49 251
105 190
67 211
137 158
14 48
79 216
23 221
85 266
129 258
116 252
28 226
3 204
53 209
179 256
82 249
200 208
38 74
46 112
158 165
29 216
60 65
107 258
84 265
160 221
77 197
31 178
0 66
58 263
25 239
2 5
134 168
147 264
79 248
49 165
132 265
145 149
4 104
16 98
101 250
84 188
107 241
60 105
113 213
233 249
100 235
202 254
54 199
169 220
132 207
54 109
60 179
240 266
121 175
29 201
4 155
146 191
149 158
173 236
160 199
121 178
76 239
179 234
79 189
45 147
156 174
36 241
32 37
59 143
46 234
33 109
159 229
77 136
26 140
172 219
43 243
67 157
107 217
64 193
8 203
83 154
65 77
172 209
60 70
162 210
19 77
88 217
72 264
109 173
113 172
106 133
27 232
66 121
31 216
227 262
9 66
53 71
26 224
95 254
112 126
78 178
142 144
86 101
135 257
159 186
174 189
138 275
79 97
86 116
140 184
10 119
199 235
75 167
158 179
32 120
57 209
254 263
31 267
28 246
113 233
74 76
21 121
158 181
107 222
154 188
90 212
82 187
59 63
138 167
87 269
78 97
164 178
137 181
145 256
92 189
4 76
61 215
50 125
106 222
76 250
25 61
41 116
24 127
158 175
76 197
76 264
89 246
234 274
160 174
38 221
202 216
102 150
176 207
108 228
229 262
94 170
10 136
58 257
27 152
48 83
34 111
106 178
16 150
20 93
113 273
19 68
20 215
73 232
24 202
183 227
118 173
79 202
122 148
65 126
96 172
23 196
81 145
54 238
101 174
149 262
87 200
78 210
101 198
104 247
76 194
105 271
70 152
43 106
201 258
23 44
175 267
124 230
66 252
85 135
103 138
92 258
14 205
11 180
197 217
229 275
96 167
122 246
107 120
141 226
67 161
60 107
41 106
25 127
67 92
121 270
29 215
13 38
18 185
126 232
49 166
18 259
105 243
122 126
6 215
107 136
182 234
59 150
143 181
129 155
114 239
147 161
17 49
68 154
44 94
98 116
180 241
44 143
18 252
58 96
181 269
217 250
88 153
26 150
20 158
119 121
94 263
85 130
28 34
3 180
15 191
45 129
80 179
30 126
32 138
89 214
127 154
23 229
107 270
192 206
79 244
40 197
55 267
25 208
35 104
81 180
90 230
92 112
242 274
117 145
92 246
125 231
121 249
116 234
7 95
135 240
135 204
131 236
106 127
182 261
6 217
165 273
166 192
127 200
68 242
246 248
117 176
214 264
57 144
81 239
33 91
111 219
133 193
61 116
53 100
239 243
95 188
48 259
197 259
161 274
109 178
130 223
55 144
214 236
24 137
152 208
29 158
70 247
150 214
5 40
103 195
53 79
92 212
217 227
86 194
6 51
31 224
208 265
170 254
167 271
42 218
62 102
17 30
65 136
116 142
64 236
120 263
18 186
132 181
124 129
80 186
84 171
24 118
35 200
104 245
22 101
170 198
261 267
81 261
1 31
176 274
89 275
107 176
19 209
79 134
172 186
30 154
6 23
189 211
72 199
7 222
37 93
61 69
80 102
12 25
11 249
3 132
2 24
146 161
69 233
202 225
90 222
92 268
134 179
179 182
192 259
93 134
26 119
50 53
29 173
58 144
36 226
154 158
75 176
27 119
18 269
112 145
190 240
36 161
78 252
66 95
87 120
112 128
113 141
167 226
127 230
44 185
63 267
13 223
151 268
32 236
96 119
117 231
105 136
109 210
105 154
45 96
159 251
99 238
69 134
93 246
227 244
1 8
173 258
41 95
186 215
100 125
20 26
61 186
34 238
71 214
206 230
75 149
15 190
66 271
62 173
213 225
38 71
126 259
206 220
65 104
197 263
89 94
57 138
108 185
105 111
158 241
183 262
43 117
45 125
37 85
188 231
198 258
59 155
93 204
30 172
218 259
25 41
213 256
122 167
143 250
38 201
152 264
44 168
27 191
66 82
34 100
24 58
188 193
73 92
50 160
21 188
50 70
225 264
33 257
53 101
33 150
11 30
153 227
71 190
99 254
187 256
123 232
59 89
111 151
201 254
54 183
30 225
133 178
159 264
209 242
133 220
125 228
99 247
32 55
110 157
73 178
185 252
46 254
231 264
146 151
83 84
21 77
15 55
98 158
82 247
64 147
138 230
0 107
46 152
196 241
66 244
49 161
225 232
41 83
84 103
32 50
89 163
88 106
2 118
35 231
130 202
3 259
134 162
37 222
0 224
143 155
44 165
134 154
11 205
103 106
33 203
40 162
14 34
217 272
48 233
133 251
187 232
28 136
209 269
75 155
19 174
135 245
120 170
20 183
92 272
138 245
2 52
29 225
68 243
148 254
20 154
139 154
90 220
48 112
54 254
82 171
184 192
235 275
9 207
95 256
174 224
43 60
90 193
87 213
169 215
53 134
102 165
7 158
44 144
22 215
68 228
5 97
50 141
27 115
239 266
47 157
93 148
145 206
41 68
156 215
49 188
68 237
12 135
126 218
156 253
56 97
170 208
165 263
122 257
198 241
121 173
25 69
94 168
74 228
67 231
150 236
77 78
67 181
16 201
11 70
79 81
27 238
45 126
149 221
126 127
29 170
16 99
38 142
42 243
184 200
71 256
147 168
244 248
71 145
45 47
160 237
166 168
55 274
167 245
105 260
186 268
83 238
143 248
39 183
273 275
20 171
118 253
125 167
126 174
106 229
112 207
21 231
3 26
125 196
50 266
119 129
95 203
89 274
77 254
174 261
4 181
172 185
115 215
74 95
26 111
86 207
267 271
196 255
170 203
79 250
239 240
81 219
182 208
243 263
148 210
81 164
189 266
43 205
227 231
49 60
91 170
83 198
67 74
187 211
74 98
38 47
24 213
84 217
84 117
9 21
38 53
89 97
7 92
53 114
72 112
13 137
39 54
86 109
0 176
92 200
105 143
147 245
214 247
186 199
143 255
39 58
63 195
164 275
115 165
4 12
28 230
70 256
50 202
193 264
35 78
219 270
155 238
27 250
182 267
28 257
179 220
95 99
98 252
152 265
60 274
23 241
201 271
35 184
102 206
59 164
94 178
49 99
6 114
2 128
126 255
10 225
58 172
93 184
20 160
6 84
182 256
38 148
7 189
22 216
64 77
241 273
220 252
138 150
166 218
257 266
59 84
52 169
86 181
15 84
75 197
13 197
47 82
103 202
229 256
94 111
39 174
115 121
223 226
105 165
64 246
184 222
216 261
51 168
177 221
85 177
36 101
88 224
49 106
17 40
179 203
183 259
55 98
193 236
16 34
159 243
117 240
57 134
106 214
31 217
37 247
104 123
21 74
225 241
114 204
175 196
4 177
13 60
135 228
142 164
76 213
27 34
93 270
216 246
29 262
92 119
71 165
25 216
42 213
119 254
12 49
150 163
96 114
159 195
162 213
123 263
150 242
116 241
65 190
157 262
160 272
34 70
70 75
8 221
138 242
215 273
32 46
92 183
87 185
150 198
105 134
116 244
99 249
139 186
166 214
104 154
63 257
58 250
108 146
42 93
35 76
210 258
57 158
237 241
137 249
121 239
45 138
9 179
202 264
172 181
240 272
158 239
173 174
59 80
129 220
188 218
137 185
46 208
147 232
84 144
79 132
15 34
137 155
232 241
150 164
94 255
103 145
167 261
3 229
26 271
231 235
95 199
178 270
97 268
176 203
207 255
179 207
0 233
16 123
118 143
28 88
104 191
53 233
62 207
45 149
99 120
212 272
1 182
162 224
3 219
29 232
107 240
63 192
145 183
30 262
242 262
90 191
4 150
85 257
188 235
38 202
77 149
134 263
246 253
59 273
123 262
51 157
60 68
175 192
22 234
64 162
192 272
88 252
27 260
51 249
98 148
0 203
5 147
1 91
105 138
264 269
224 235
137 145
45 141
185 188
15 259
159 216
189 193
183 255
24 198
44 243
120 162
109 193
226 237
223 225
35 113
60 221
222 251
108 109
212 225
107 238
2 156
10 262
45 58
36 67
130 242
175 197
17 238
184 248
3 9
59 131
97 207
160 166
51 240
139 235
98 147
188 261
62 139
127 272
81 147
11 120
7 273
78 131
109 225
72 161
78 272
116 125
80 225
68 226
40 145
46 201
118 191
30 96
126 143
200 220
123 205
41 144
73 164
91 246
246 261
102 168
145 195
112 136
32 217
18 48
12 218
93 208
240 267
9 134
70 219
66 198
121 202
60 100
58 77
64 140
15 140
77 150
142 165
94 137
98 193
123 188
115 169
90 110
192 210
199 236
137 227
39 264
59 107
32 104
129 207
78 197
61 160
172 257
13 20
69 211
50 267
13 167
141 177
5 209
219 273
12 190
94 250
15 217
46 149
108 135
49 218
158 212
8 245
140 226
96 214
112 113
8 114
47 136
119 156
14 115
50 256
143 161
173 220
209 225
175 191
127 142
110 187
46 67
57 58
210 259
189 220
47 222
161 191
76 164
23 80
44 199
140 197
0 33
128 153
75 227
170 204
29 177
34 99
47 197
72 243
20 167
214 231
83 124
75 130
218 255
210 264
133 157
75 183
154 211
184 198
0 22
195 217
42 219
139 211
13 42
115 254
162 274
92 123
179 219
169 174
143 235
139 156
18 174
81 124
3 124
234 235
9 27
50 273
112 138
25 153
69 209
239 242
119 131
81 128
34 131
4 196
148 195
65 173
215 264
1 176
123 141
47 238
48 49
10 171
50 143
197 242
8 212
105 245
19 81
255 269
102 261
9 60
176 186
208 225
38 229
32 90
19 146
55 198
200 230
219 241
175 202
119 191
6 20
149 256
19 34
117 131
59 153
15 223
25 162
17 39
75 125
39 98
234 245
6 207
84 251
29 157
202 244
11 160
205 252
111 210
164 250
77 142
40 112
94 198
16 45
86 236
229 255
23 223
179 183
106 170
51 105
66 262
25 244
37 154
196 263
17 176
10 232
86 201
150 192
242 270
8 139
137 152
143 184
34 171
24 125
7 248
67 203
24 232
10 151
120 176
157 161
110 111
4 154
135 177
134 268
166 177
113 158
42 162
171 211
121 140
34 63
0 257
35 210
29 219
157 203
74 275
26 216
101 142
17 151
24 208
183 222
53 102
157 204
15 181
103 191
54 65
128 262
122 185
130 147
91 185
75 100
23 151
209 210
74 194
25 220
124 132
12 117
31 120
25 138
31 63
0 250
36 91
84 132
96 234
134 161
89 197
154 184
52 254
46 225
82 210
17 27
149 258
109 221
35 97
96 106
114 230
178 218
231 236
52 187
186 257
186 205
109 246
70 76
16 76
119 152
90 120
110 252
230 272
72 118
129 243
127 152
60 209
146 195
51 173
122 270
33 207
40 51
87 97
12 172
4 165
34 119
68 92
64 128
50 100
159 270
174 188
114 216
146 160
25 221
56 195
64 81
90 186
15 219
79 87
184 263
215 251
147 267
79 211
19 98
66 155
48 167
130 183
7 50
108 272
163 192
56 207
29 224
18 109
27 62
44 107
90 153
12 137
214 217
52 253
117 255
20 34
32 240
125 191
117 263
6 195
142 270
126 234
53 206
116 178
85 214
11 44
60 132
154 170
245 248
16 192
105 127
140 233
34 64
180 203
168 222
69 97
130 188
71 213
154 251
90 126
150 179
123 168
172 237
132 253
238 268
27 220
74 212
15 207
170 196
50 108
152 182
22 235
196 198
35 137
37 206
209 262
163 235
140 205
55 159
75 122
1 30
6 193
182 238
120 147
13 138
115 267
56 76
173 263
79 93
156 208
105 117
45 177
40 73
18 147
162 247
80 142
28 229
62 66
87 244
163 209
210 240
39 191
9 132
125 203
123 176
34 137
86 232
154 263
93 136
24 138
270 275
48 116
95 132
65 212
16 63
107 254
145 204
88 271
45 209
44 226
185 202
104 138
226 245
47 53
25 246
99 209
92 155
109 120
109 270
56 228
79 83
55 68
92 169
218 235
18 113
44 251
224 247
102 213
192 199
210 211
67 180
132 179
95 215
36 133
29 204
34 189
38 153
131 184
15 232
25 253
36 153
26 252
12 92
60 170
2 114
164 166
168 242
237 240
162 254
5 193
252 270
26 210
7 23
181 271
0 244
66 200
115 268
89 262
152 201
121 261
44 202
217 240
93 233
94 274
82 261
18 100
41 173
105 257
99 274
163 270
173 246
68 80
97 185
228 252
87 150
3 213
128 264
22 268
204 240
44 125
29 156
17 245
137 172
31 105
125 164
221 252
38 258
17 42
38 195
31 274
85 196
125 226
43 54
61 75
33 41
14 133
29 136
237 258
163 178
68 113
1 52
85 126
6 105
37 150
74 177
126 229
39 72
44 53
8 142
173 199
15 86
137 251
9 117
155 180
103 128
36 78
39 244
41 60
2 19
50 241
16 92
93 97
98 265
14 146
39 239
81 252
82 232
186 253
76 222
132 263
121 124
28 111
66 245
116 176
42 192
15 68
32 209
225 231
138 272
86 211
120 217
104 143
219 267
34 154
61 137
48 188
103 245
23 160
52 107
31 130
152 238
57 259
139 163
11 125
2 260
120 260
249 273
179 188
20 126
48 139
12 46
59 217
84 209
44 172
147 233
101 245
60 203
78 216
186 251
177 203
96 202
138 178
45 142
159 234
63 210
36 115
40 262
149 268
170 234
157 158
245 275
42 103
16 219
213 254
143 183
7 15
139 140
105 106
166 194
169 198
106 210
32 272
168 245
26 250
68 261
77 191
49 266
44 88
94 124
166 171
17 204
29 255
36 139
49 170
98 184
20 184
35 259
171 221
108 163
24 229
19 195
207 232
123 150
145 242
54 132
71 231
42 79
209 222
112 202
80 139
27 69
100 170
155 212
33 261
43 230
45 160
90 246
19 39
58 177
136 246
153 154
87 146
51 274
172 238
167 230
29 97
24 256
134 167
24 149
103 270
175 268
14 152
225 258
76 217
103 221
37 240
84 220
53 255
12 180
91 157
91 140
42 69
45 221
115 238
16 163
108 112
240 244
24 207
94 136
59 261
55 234
112 123
68 157
42 232
59 249
44 130
61 97
189 236
27 103
115 217
34 268
113 157
2 3
187 221
9 116
182 251
10 255
58 94
33 72
96 107
111 200
204 248
96 231
94 217
2 204
15 256
91 160
11 258
156 169
128 269
83 179
122 249
20 188
37 83
44 119
29 64
56 160
20 175
172 198
204 272
128 164
85 160
149 275
65 73
2 137
7 168
61 139
71 236
0 102
194 253
115 186
202 261
97 186
40 115
62 110
166 269
175 238
161 178
24 221
37 209
170 171
40 189
6 143
28 216
192 261
4 94
30 224
134 213
21 182
16 166
189 209
104 120
202 255
21 65
19 218
72 125
162 241
85 262
202 248
157 259
49 233
4 25
59 200
40 91
77 274
0 211
8 36
85 237
68 143
94 220
51 233
216 220
27 89
4 243
29 275
9 144
202 260
17 265
55 182
22 205
78 219
46 273
148 201
63 86
145 272
40 163
59 226
216 251
27 263
101 243
160 262
34 71
147 275
31 57
48 181
188 215
25 188
14 168
113 257
151 247
112 150
120 132
7 229
56 184
15 50
98 225
150 151
14 256
181 211
32 44
197 272
58 185
43 216
8 34
104 250
53 201
33 199
124 199
25 120
140 228
52 144
96 208
178 217
40 141
161 207
49 201
136 194
176 265
172 233
151 176
145 245
73 97
40 251
177 209
12 157
14 138
49 220
17 233
65 66
143 251
150 200
55 109
129 161
9 130
45 108
196 212
169 248
18 137
117 257
7 91
126 131
68 142
62 222
12 76
186 252
53 119
41 46
92 242
65 131
247 270
190 246
231 259
29 132
33 176
112 186
190 197
107 115
82 163
48 115
134 266
82 229
142 235
18 196
107 158
55 195
101 102
4 185
211 259
159 182
139 152
70 222
147 223
31 60
168 216
17 186
121 146
15 159
36 155
271 275
160 240
35 67
138 247
53 228
45 172
191 247
142 185
46 161
119 252
124 222
0 53
54 235
20 23
160 180
67 121
200 221
185 213
56 262
64 70
7 190
209 214
5 113
39 105
115 176
50 213
48 190
47 180
170 228
249 255
38 112
200 248
47 100
201 260
119 134
66 119
162 267
239 246
143 144
232 271
29 171
124 180
20 84
68 198
3 43
6 251
7 27
72 188
23 154
130 193
22 155
183 234
75 252
94 201
5 223
28 130
8 249
5 141
46 176
81 223
112 166
113 167
26 233
45 196
151 227
1 123
140 217
51 158
166 195
194 210
18 155
14 66
119 243
151 159
68 75
145 253
50 194
243 270
87 96
38 196
41 242
2 71
31 196
72 170
128 232
90 162
114 178
127 270
31 199
7 48
3 171
12 17
86 247
0 61
106 239
28 99
154 164
59 235
109 253
182 200
218 272
237 238
153 156
9 111
22 69
123 231
152 273
83 108
248 260
227 269
96 220
131 200
11 60
68 81
138 270
35 151
66 188
128 230
116 268
138 187
24 156
58 116
22 92
5 20
58 99
40 260
162 178
107 127
23 37
86 170
49 194
80 91
124 228
200 227
37 40
94 236
240 245
165 255
0 139
243 255
44 150
25 256
1 163
31 205
130 274
48 65
206 246
52 103
81 255
41 180
21 118
197 254
92 182
146 181
80 241
80 196
17 178
15 53
114 164
110 202
3 217
9 244
167 275
211 240
32 182
