278
6
17711
60
104 2
99 2
110 2
100 4
107 2
103 3
114 3
124 1
104 4
125 2
99 1
115 1
111 4
105 1
116 2
118 1
100 3
125 4
104 5
108 3
113 2
113 1
106 3
115 5
99 2
96 1
112 5
100 1
103 3
109 4
97 4
98 1
117 1
117 2
98 1
123 2
104 5
120 1
97 2
104 4
110 4
110 2
108 4
120 2
123 5
96 2
102 2
100 5
105 4
107 4
100 3
110 5
101 2
97 2
113 4
115 2
119 2
120 5
123 3
105 1
124 4
108 2
119 3
99 1
120 2
122 3
101 4
103 2
114 5
112 3
102 2
100 4
96 1
104 1
115 3
101 4
102 3
120 2
98 1
107 3
104 5
98 3
111 4
100 2
123 1
99 5
110 4
99 1
112 1
104 3
109 4
105 2
105 5
104 3
99 3
117 2
118 2
112 4
97 5
108 4
97 2
114 4
121 1
102 4
109 4
102 3
107 5
123 5
100 1
118 2
119 5
121 3
112 3
98 4
97 3
108 3
124 5
116 1
104 4
111 4
115 2
114 1
114 2
106 3
123 4
115 3
116 2
109 3
100 2
96 4
97 4
107 1
124 5
111 5
114 3
101 3
99 5
96 2
117 3
120 5
109 4
118 1
115 4
115 5
108 5
112 4
99 4
112 2
107 4
123 2
117 3
125 4
121 3
120 1
120 1
118 2
104 1
97 2
98 3
103 3
101 1
100 2
109 2
108 2
101 1
111 5
112 1
123 4
113 3
119 2
122 3
118 2
120 3
100 4
111 2
113 5
96 4
97 1
114 2
97 2
112 5
96 4
125 2
109 2
100 2
114 3
101 4
121 3
125 4
107 5
124 3
109 2
108 5
105 4
99 4
125 4
108 1
117 4
101 2
118 2
124 1
114 4
120 3
97 2
123 4
103 1
104 5
109 1
119 5
112 1
117 3
109 2
114 3
125 1
121 1
98 2
106 3
110 2
117 2
104 2
121 1
112 3
124 4
103 1
108 2
104 5
107 3
119 4
116 2
99 5
96 4
104 2
99 3
112 1
108 1
106 4
103 2
98 3
111 5
113 5
109 4
112 2
124 4
101 1
97 3
123 1
99 3
100 4
117 4
99 5
109 4
119 3
107 4
108 5
105 3
115 3
102 4
102 5
116 3
97 4
116 3
112 3
106 4
107 5
98 1
107 1
123 3
118 5
96 5
112 3
121 4
99 1
121 2
107 1
96 5
96 4
112 3
108 5
1 164
28 41
149 250
163 191
123 183
18 133
109 172
61 137
103 124
116 193
181 224
68 114
15 148
179 271
33 90
2 231
100 115
92 263
58 158
3 35
33 101
56 127
179 240
160 262
104 201
127 248
146 165
23 137
51 59
119 221
5 85
139 180
67 141
31 252
125 176
3 153
169 250
80 141
172 184
63 208
103 240
11 203
2 147
5 233
74 208
45 188
40 224
90 198
39 121
153 216
182 255
36 39
41 97
105 215
11 239
20 123
132 150
117 179
26 68
24 236
78 185
94 143
133 144
97 151
44 66
41 215
167 194
178 260
82 253
38 81
243 250
8 246
124 133
6 126
17 255
24 93
37 238
72 154
90 139
6 131
136 228
51 139
86 226
84 228
27 214
149 210
47 244
128 209
12 152
49 183
67 132
64 112
140 162
213 246
61 177
105 157
31 176
77 133
62 121
193 254
139 211
88 242
107 261
7 266
33 73
88 269
223 261
46 274
232 239
51 132
30 186
256 257
117 184
9 85
21 134
124 203
43 258
79 123
58 194
187 189
22 238
132 267
35 275
23 216
16 158
140 184
73 237
84 220
11 89
78 168
135 176
144 177
154 251
9 89
4 197
21 147
46 147
104 156
64 172
26 177
4 39
52 83
39 189
65 222
96 225
177 232
43 252
71 247
87 183
223 238
103 192
115 147
99 243
38 91
186 192
36 245
70 91
152 156
220 255
158 239
58 172
115 224
5 141
232 263
160 174
134 260
118 208
224 236
20 157
118 157
182 215
59 276
151 183
63 184
24 235
7 129
89 202
204 205
160 230
226 270
119 246
52 140
67 260
111 187
178 221
27 50
12 236
36 56
13 41
41 265
13 172
35 221
17 92
11 247
17 33
99 120
19 122
122 128
14 68
27 220
116 266
72 251
64 90
160 249
5 188
83 136
12 205
204 206
40 212
191 248
38 201
4 157
60 95
74 79
28 128
57 68
179 186
100 171
160 243
185 266
46 276
130 157
24 250
112 179
171 260
7 207
19 140
256 267
228 275
62 84
80 269
108 183
61 255
145 197
33 229
52 208
80 136
80 209
93 166
11 46
56 167
219 227
149 265
27 132
184 277
187 196
118 244
171 274
1 128
219 251
57 121
227 232
164 192
230 252
112 275
101 139
154 257
76 157
84 244
97 186
20 228
46 60
11 108
228 234
42 237
63 232
211 251
122 207
1 168
225 266
111 249
64 99
75 170
241 254
47 139
7 13
141 171
8 247
70 130
53 262
123 259
170 228
3 136
70 87
139 153
5 211
13 244
190 241
131 227
51 64
21 51
50 166
77 100
239 259
195 245
90 165
101 114
146 249
79 173
176 227
82 163
148 243
10 197
178 198
74 256
32 94
44 133
235 237
79 121
16 170
14 34
91 99
149 170
30 263
63 258
17 275
140 277
70 100
129 242
151 222
68 150
3 100
74 94
109 149
153 260
16 84
79 245
116 153
97 203
73 123
31 35
1 126
9 256
36 84
170 197
141 237
3 191
45 234
77 136
48 93
36 47
231 236
128 247
75 122
132 148
229 234
122 130
76 142
132 232
48 195
19 30
4 54
55 189
154 268
11 196
8 228
61 123
68 118
236 244
12 132
188 223
111 135
115 270
56 65
114 247
122 200
5 76
135 183
137 208
63 231
18 204
88 162
45 111
5 87
234 248
57 98
16 76
62 123
0 102
172 178
66 82
182 230
47 99
132 224
160 168
210 234
18 95
150 178
120 246
36 240
171 215
58 257
229 271
111 237
274 277
201 216
120 185
207 265
52 138
105 208
74 78
100 266
3 224
53 171
25 72
21 86
165 193
76 161
142 181
24 256
54 81
91 249
168 172
170 182
117 212
107 220
153 272
5 143
90 155
134 244
236 251
151 201
49 145
133 246
31 118
2 132
27 268
127 230
94 195
138 277
176 201
79 275
19 221
26 122
177 224
79 221
84 249
57 277
51 105
257 262
51 91
21 102
27 145
2 201
87 177
74 205
205 249
13 39
138 171
95 101
39 125
108 149
87 194
73 173
69 254
84 233
113 222
104 187
170 185
69 99
181 232
72 232
62 223
47 91
43 105
7 221
93 110
89 175
31 96
38 75
22 105
33 240
91 236
8 189
3 242
106 196
206 229
140 155
163 193
51 232
3 139
34 202
76 135
26 271
15 204
104 115
31 244
49 85
75 80
43 223
36 178
18 170
48 160
33 93
43 89
78 123
23 164
217 218
116 187
52 112
3 34
18 66
148 246
85 272
65 157
74 144
125 148
41 125
17 241
163 216
202 247
109 165
117 264
134 259
175 235
33 226
37 90
99 254
227 242
34 39
78 253
109 119
136 140
184 187
143 159
116 270
49 151
34 63
81 179
164 232
74 81
1 7
40 275
14 141
74 207
51 216
165 234
61 252
47 189
134 145
141 160
144 235
119 212
131 176
14 174
183 275
52 76
171 214
34 268
32 246
65 264
115 149
232 254
1 61
119 225
104 147
88 231
39 62
17 240
209 229
176 200
3 182
30 256
54 170
250 266
117 226
174 188
193 224
104 234
41 157
205 250
127 256
168 206
226 239
15 196
21 41
223 241
4 45
103 160
52 263
94 152
47 168
23 125
134 206
10 123
68 262
52 159
161 204
22 28
167 186
96 111
87 90
218 236
170 266
2 270
52 246
167 262
156 257
122 136
85 199
37 77
12 261
166 168
29 139
202 276
15 140
200 246
107 177
101 110
157 189
23 182
22 227
40 115
55 220
1 112
0 154
240 251
122 268
58 80
143 162
67 235
102 195
92 233
61 151
151 245
32 163
1 111
73 252
41 180
122 266
165 188
6 101
141 165
18 249
163 251
113 194
91 161
68 137
16 45
116 219
142 225
49 152
49 150
99 117
181 192
165 236
113 248
45 219
161 180
25 106
80 241
92 141
13 208
19 205
39 71
58 247
33 166
165 170
59 116
146 247
12 275
36 177
57 250
259 264
66 97
104 270
72 120
176 229
132 205
9 154
159 176
5 138
69 113
64 170
22 186
113 203
78 98
151 157
89 128
181 226
91 106
23 114
174 202
117 147
62 107
61 147
34 104
66 88
111 138
4 17
0 237
114 145
62 181
106 162
52 77
150 196
166 208
152 268
50 179
38 267
90 113
69 91
97 104
103 129
1 72
10 258
60 117
23 222
123 189
222 229
142 184
60 82
59 254
236 261
152 209
57 156
11 205
69 104
50 229
243 277
35 177
148 261
230 262
85 160
61 254
23 206
75 159
109 230
30 219
105 235
37 61
4 135
159 184
47 150
229 251
5 53
252 271
172 214
206 209
173 266
91 222
115 116
159 251
119 234
88 187
47 156
57 90
59 270
165 209
41 148
127 246
70 261
141 152
53 95
127 226
113 118
73 106
20 41
197 216
26 134
112 215
168 235
131 224
69 151
25 247
170 212
15 18
84 151
126 269
131 180
69 251
123 198
215 260
78 191
20 150
109 256
120 142
4 139
236 272
43 248
47 114
93 261
17 271
107 198
199 276
139 172
36 167
105 239
55 74
74 219
108 165
170 272
140 208
39 180
100 273
164 248
29 135
213 265
62 167
14 176
136 137
214 246
51 244
80 121
121 272
115 218
96 154
14 137
4 68
178 184
100 142
55 162
26 63
117 229
5 145
223 264
179 257
114 181
133 188
192 210
140 276
180 184
22 116
133 242
225 264
122 243
47 232
40 255
82 144
121 216
136 183
40 249
21 153
226 247
61 182
18 191
25 226
130 174
97 158
37 256
55 224
215 232
154 181
24 196
10 273
3 262
134 180
100 226
249 266
36 101
150 151
90 158
220 229
138 261
53 265
15 128
100 191
162 207
121 165
167 183
10 54
119 207
150 237
68 215
59 132
152 265
189 190
64 258
182 254
78 266
229 235
163 168
102 215
69 129
143 231
136 223
80 110
49 55
71 124
150 211
17 234
85 189
136 147
66 114
39 269
95 263
62 200
64 233
42 216
57 58
62 118
31 192
135 184
11 56
73 130
99 214
196 222
54 120
23 154
115 137
39 225
64 177
108 205
54 85
197 240
23 254
66 129
258 269
180 225
72 107
37 177
156 250
96 218
55 126
48 201
146 236
235 252
12 87
84 156
33 237
57 263
74 241
153 246
74 102
147 241
201 225
100 271
228 259
135 164
82 198
139 151
224 272
144 252
3 44
55 82
86 119
145 254
55 76
85 98
87 271
128 186
3 14
176 207
32 232
25 274
181 204
26 155
1 165
62 64
93 149
97 249
148 234
96 125
63 252
221 254
39 129
192 242
17 237
20 156
192 234
236 276
240 249
75 260
208 228
39 116
32 180
104 231
135 202
125 276
71 145
151 276
69 139
202 229
192 252
134 227
70 122
1 197
18 230
93 168
25 53
62 172
66 186
200 208
222 243
0 61
216 218
205 231
154 273
124 134
23 34
149 167
162 240
255 276
31 250
116 142
21 263
100 107
95 112
74 136
1 22
81 180
9 247
123 244
91 276
141 199
41 176
11 168
100 124
57 63
110 263
15 216
217 246
143 222
21 61
102 154
1 210
200 229
117 218
115 161
27 224
52 89
73 114
1 5
28 223
73 195
208 226
230 242
98 203
108 210
173 201
97 100
144 197
67 209
111 243
17 60
228 268
19 92
27 67
27 64
48 65
2 97
25 264
85 205
27 119
52 275
148 241
101 161
89 94
200 243
112 123
91 213
101 271
138 207
166 201
68 83
29 57
144 234
66 176
85 270
130 131
2 13
37 192
161 244
107 216
15 94
43 214
48 270
58 217
41 209
118 162
52 255
22 99
68 103
6 158
17 254
7 78
40 189
78 143
4 114
212 264
97 125
170 205
218 258
71 167
75 151
102 173
145 200
121 208
101 181
51 78
105 181
93 191
213 226
208 249
58 111
82 202
59 176
56 249
92 120
132 188
142 261
194 210
98 238
5 88
96 208
181 202
149 222
91 189
15 156
226 275
36 142
3 149
4 257
81 152
37 46
40 125
127 182
33 259
26 270
154 265
155 178
149 206
71 119
5 62
200 244
106 221
41 267
4 65
176 248
83 148
177 248
15 149
7 62
79 206
38 96
34 70
104 198
46 91
157 195
161 213
63 185
57 142
95 256
195 222
10 220
187 221
33 92
44 187
83 92
200 274
53 228
218 237
46 265
163 245
218 224
170 195
51 204
70 275
59 206
79 93
12 217
34 35
38 237
114 274
203 222
42 131
230 233
19 69
40 132
29 56
2 194
115 189
7 248
58 240
121 217
180 190
66 197
34 233
221 244
61 164
1 134
117 228
6 103
147 186
36 266
145 193
5 248
142 226
5 183
102 112
51 122
21 250
147 159
88 99
233 275
65 263
151 267
68 193
121 169
51 88
107 211
53 200
157 271
51 114
217 228
185 231
124 183
40 203
46 124
172 245
131 203
149 219
163 215
83 111
11 127
14 27
126 249
211 247
38 86
42 192
119 165
72 136
207 275
8 24
51 125
21 54
209 242
203 215
131 238
194 263
4 62
20 194
58 71
35 261
67 97
143 158
31 88
49 61
35 220
2 12
35 238
47 118
183 269
104 118
46 155
67 154
79 94
86 246
4 259
36 50
21 95
49 226
40 114
99 204
38 90
178 261
91 193
127 209
188 245
74 122
185 215
75 145
7 56
191 253
58 204
79 83
94 203
147 271
15 169
100 180
165 202
166 269
10 93
182 258
155 182
90 238
24 170
77 231
56 152
94 113
39 115
50 59
46 121
119 187
62 127
111 215
51 119
66 81
102 190
1 99
17 218
57 131
8 153
30 232
79 166
82 87
39 206
95 268
5 111
265 274
248 252
41 150
23 213
43 56
75 113
67 242
237 249
58 188
75 195
83 84
76 254
148 276
241 272
92 182
152 186
55 68
158 161
1 172
143 263
167 175
63 123
18 30
72 227
185 244
114 219
25 100
85 182
216 246
88 166
89 104
2 119
5 45
58 274
0 198
44 181
236 241
105 261
34 247
8 82
42 63
164 200
24 156
85 276
68 110
104 109
24 141
28 38
202 257
118 256
173 178
122 167
21 136
175 231
194 255
78 250
41 206
59 205
35 242
64 150
151 256
65 207
12 258
45 269
80 167
91 235
67 79
131 272
216 235
188 269
65 169
171 271
239 255
136 243
7 59
140 270
118 253
170 208
155 217
235 275
186 245
71 236
11 202
58 190
158 188
68 124
93 196
56 271
222 235
41 69
120 122
159 226
40 214
50 260
134 249
154 274
98 164
142 170
143 191
108 137
123 212
9 58
44 254
124 231
15 33
25 66
167 185
163 201
4 180
169 256
9 26
108 112
123 151
11 140
19 136
20 197
126 263
182 242
45 215
15 24
73 261
6 139
79 236
30 33
119 228
143 145
215 250
204 229
43 77
34 68
45 107
29 158
204 214
120 147
44 63
74 139
31 275
40 42
91 141
54 128
180 218
183 208
179 232
20 74
68 115
21 31
2 52
113 243
30 260
10 27
8 254
28 122
216 224
222 273
196 265
143 190
41 114
98 225
163 255
23 100
63 142
20 212
109 253
65 134
214 217
48 213
128 173
62 91
2 112
193 256
18 242
104 232
12 182
55 67
75 109
26 195
83 151
160 213
3 140
46 56
40 248
139 273
145 168
63 104
4 110
17 45
138 176
121 199
166 186
47 77
235 250
108 265
42 50
66 74
236 255
146 182
142 273
175 186
2 248
69 136
119 193
193 235
170 227
210 259
33 155
79 150
171 246
77 174
103 236
189 203
67 274
91 184
70 269
116 164
79 180
40 197
12 93
116 145
96 240
120 191
66 71
114 167
170 242
106 271
119 137
107 239
19 32
115 135
35 253
69 220
111 211
13 198
98 112
133 218
5 63
65 235
106 224
95 141
47 105
52 101
29 210
6 242
13 42
31 47
19 192
119 161
110 151
95 261
88 195
157 181
51 73
118 212
38 266
103 249
60 220
42 263
54 202
130 171
155 268
34 84
87 263
34 165
60 130
48 184
86 191
123 251
99 110
254 270
72 100
120 249
148 264
4 158
154 264
68 219
56 101
9 178
60 109
154 166
22 212
15 90
89 141
73 160
227 228
201 263
229 262
39 263
187 217
48 216
199 274
96 181
182 225
43 148
60 213
115 176
32 86
63 77
45 161
138 168
3 230
153 191
192 226
39 171
28 99
17 110
70 116
107 271
7 203
234 255
15 114
19 137
117 164
66 196
63 216
135 262
103 152
87 272
87 121
62 212
121 211
1 248
16 228
91 186
28 69
184 193
76 153
16 270
92 121
4 240
68 227
130 202
5 221
51 157
88 226
91 234
37 69
152 199
4 40
160 247
135 253
83 229
39 207
139 147
147 201
159 192
203 209
100 196
116 137
29 184
159 185
31 124
66 190
66 181
73 233
9 254
19 94
155 166
67 103
188 224
83 232
20 24
17 242
235 241
88 98
31 98
196 230
44 157
223 250
108 204
22 215
152 171
28 148
138 157
11 67
25 84
58 67
54 167
140 153
201 217
31 119
180 199
212 223
190 273
190 276
55 149
136 173
65 92
62 240
120 265
57 60
39 158
84 103
69 206
63 128
111 147
0 253
1 62
90 195
70 72
72 167
91 216
31 169
262 264
18 67
152 212
106 223
157 237
74 224
68 243
57 228
98 156
35 213
77 184
61 82
236 267
31 211
51 106
78 240
71 224
19 213
154 242
92 101
103 166
168 190
185 202
44 195
33 174
173 224
206 246
148 150
170 222
71 117
80 120
97 197
45 263
17 179
25 180
94 166
47 155
39 218
30 161
123 260
74 200
7 84
193 200
41 133
195 199
81 233
41 243
147 253
151 236
139 232
97 243
181 238
77 82
95 184
90 226
163 205
77 185
157 230
70 90
76 137
219 262
73 253
50 153
39 255
8 156
97 148
91 104
114 271
218 265
91 251
161 239
8 262
140 233
52 178
17 251
96 129
87 103
53 84
179 275
28 93
38 238
88 241
207 230
111 139
140 234
175 252
7 33
159 211
20 181
35 75
161 195
115 138
24 105
57 129
40 182
47 254
172 216
67 273
87 226
132 183
61 152
39 250
60 107
69 95
11 248
160 274
56 118
104 228
38 104
199 218
45 47
53 244
147 263
114 206
41 210
148 177
2 23
8 144
27 204
113 157
81 227
27 260
87 106
35 246
67 174
25 45
122 216
49 230
113 241
27 31
190 203
127 198
52 137
190 210
133 171
208 209
107 109
190 230
16 99
21 248
105 221
125 175
97 220
156 259
127 152
207 259
9 211
61 222
51 267
45 46
38 229
97 255
178 232
3 77
38 93
27 55
159 230
55 182
34 195
112 254
65 96
54 147
55 196
66 187
219 223
105 236
83 133
166 270
97 230
171 205
58 140
145 219
50 106
32 151
99 205
20 78
212 238
56 71
28 60
215 225
204 233
26 142
29 234
74 106
142 188
107 122
1 155
107 260
176 235
8 134
73 98
61 73
30 211
4 243
117 250
119 240
31 234
156 174
160 221
42 254
211 238
247 262
110 222
53 240
41 261
46 49
49 161
46 237
114 172
123 148
140 271
41 230
173 203
75 116
211 265
121 148
85 224
23 202
48 272
247 266
195 226
38 170
15 119
105 113
7 164
177 235
74 164
115 244
21 196
161 277
88 102
26 207
165 173
52 63
32 175
207 242
187 241
74 174
138 149
70 127
79 124
90 126
14 146
32 157
65 184
123 222
229 243
104 166
253 265
157 180
257 268
20 165
61 241
127 224
21 49
188 259
49 79
69 201
251 253
78 100
119 130
185 193
19 72
39 132
81 185
126 198
142 199
84 196
195 246
136 197
138 233
36 276
238 243
3 258
72 93
28 203
130 257
59 120
172 173
7 224
27 245
218 225
32 250
116 149
197 218
91 160
31 147
48 246
30 217
176 209
8 177
132 239
43 253
124 238
76 93
163 269
60 207
22 54
94 257
187 263
54 201
21 207
67 247
94 121
259 273
29 196
139 164
173 272
137 237
9 146
83 236
241 245
55 103
45 261
212 270
82 185
18 144
99 105
40 94
199 219
85 246
198 248
47 258
16 167
100 220
61 220
131 205
163 232
114 136
96 103
179 261
161 207
22 181
51 83
66 78
246 269
106 214
194 271
254 255
84 207
125 214
22 237
90 152
110 181
2 111
63 80
202 245
30 111
52 219
33 182
157 263
18 213
39 265
189 232
141 232
90 259
87 223
14 67
105 194
58 143
89 242
15 146
13 40
228 272
127 271
17 125
106 137
89 259
140 267
58 90
126 247
47 252
7 211
12 211
218 230
50 129
203 272
7 153
157 194
14 44
110 257
17 228
42 194
130 255
45 152
146 229
47 138
7 127
17 277
173 176
103 228
51 224
195 267
26 249
176 206
173 259
191 267
68 127
133 227
123 266
3 189
41 179
134 196
227 256
158 194
99 255
145 183
237 273
26 228
62 119
180 273
232 258
125 232
61 215
109 189
3 142
53 132
53 202
243 251
148 275
78 210
113 179
136 202
27 68
6 200
208 214
111 238
93 269
187 249
127 215
5 219
223 271
69 235
57 238
1 90
36 198
83 264
32 188
211 259
42 240
43 220
159 228
245 260
201 254
12 123
97 191
202 242
124 173
27 100
29 169
44 146
29 255
3 208
150 246
184 272
15 268
74 216
14 28
110 121
174 194
18 265
145 214
64 201
195 205
25 96
228 247
66 207
92 128
133 261
80 190
129 252
33 241
3 129
51 222
133 231
58 124
130 227
48 132
77 178
14 173
66 95
230 263
18 224
7 180
98 276
30 67
127 241
3 174
167 191
72 90
51 264
78 255
67 90
75 134
83 226
154 225
85 88
75 90
1 32
86 227
17 36
66 163
191 225
32 41
172 248
62 260
77 192
106 226
103 121
163 176
68 252
175 221
52 188
218 266
199 221
40 154
8 115
35 93
158 202
34 41
68 133
81 120
202 236
103 196
86 179
30 257
96 263
207 226
48 86
85 121
65 223
196 259
105 233
214 270
97 161
152 201
34 156
137 169
9 225
84 110
35 167
62 125
157 245
58 159
116 201
62 205
81 228
9 235
5 146
199 244
6 191
66 117
215 246
241 270
92 132
39 58
49 128
44 114
53 96
10 174
0 57
60 272
97 180
128 170
83 126
172 220
88 145
109 178
26 186
79 141
216 234
59 96
36 151
65 245
95 164
76 110
12 160
223 245
3 234
60 260
9 171
90 232
18 93
81 104
66 201
34 150
140 264
26 92
16 151
11 272
3 24
7 80
20 113
57 232
183 257
3 222
21 251
31 197
188 226
138 231
15 138
113 148
142 208
108 153
88 177
153 201
0 141
71 216
14 257
123 245
74 177
26 173
135 257
110 117
174 239
20 224
139 199
12 13
54 164
22 214
161 163
247 271
29 103
7 151
197 270
95 194
35 50
16 58
98 269
192 193
80 112
143 155
59 216
48 131
113 267
74 263
13 143
114 162
131 206
10 236
134 241
74 197
41 219
107 212
59 177
185 204
89 111
68 228
41 84
31 129
64 274
75 245
20 27
122 247
31 63
100 174
79 254
18 55
130 132
33 207
140 169
146 184
56 77
54 88
30 187
6 100
158 199
122 237
179 260
183 277
72 109
68 140
43 142
88 143
171 226
48 126
56 58
17 147
19 191
20 129
75 93
134 208
131 246
191 228
50 150
248 264
104 189
76 129
86 254
43 157
77 264
36 125
171 275
121 240
100 199
203 228
26 263
157 241
138 170
36 247
178 186
29 149
195 198
73 251
22 63
193 252
109 277
42 267
24 244
10 111
80 250
122 229
66 219
3 257
95 129
37 45
1 13
11 266
134 144
27 210
40 178
91 139
5 163
193 207
88 123
131 181
189 268
257 264
86 205
137 205
64 222
65 93
2 237
114 242
162 180
68 109
18 75
137 150
62 177
228 242
119 237
1 179
71 212
64 244
60 202
95 177
67 214
35 212
17 153
26 61
65 106
102 117
194 233
75 218
42 146
65 227
6 151
98 125
129 140
26 234
40 263
135 243
34 112
56 113
29 118
145 162
85 107
81 158
51 272
39 78
187 254
103 232
192 261
5 272
13 119
47 206
46 231
53 204
61 245
10 187
88 249
38 125
130 144
20 75
112 202
49 254
153 177
13 150
6 157
88 109
21 144
89 151
85 200
44 235
107 235
24 50
102 161
11 78
0 92
130 164
102 276
46 83
88 237
219 274
66 266
107 111
43 109
61 206
187 209
88 142
245 251
77 244
31 159
166 180
8 173
162 171
219 232
171 276
44 52
61 76
4 211
258 260
93 277
158 177
76 104
90 199
49 201
185 211
46 269
39 159
12 257
89 239
19 198
90 254
48 240
241 251
196 243
87 219
19 42
25 78
47 81
92 198
117 256
6 203
194 197
50 269
154 167
89 235
123 174
233 276
214 216
28 156
72 273
35 125
40 131
10 85
132 180
24 274
208 271
14 127
20 124
91 182
126 227
175 250
58 220
77 145
160 220
40 113
64 207
58 156
129 191
236 252
50 178
94 245
84 218
74 134
228 233
60 145
158 219
149 217
176 215
86 157
68 244
48 192
116 168
2 123
75 261
84 262
14 124
61 208
83 120
209 258
65 251
126 165
40 105
166 271
183 272
50 100
158 266
47 249
191 218
176 271
44 163
73 96
146 207
93 111
114 174
7 136
26 258
156 168
40 43
121 205
52 134
33 255
16 252
137 244
36 221
176 265
95 121
6 213
128 255
92 181
121 235
146 213
118 183
37 83
58 78
65 108
38 213
141 236
26 77
90 231
26 223
44 50
163 259
38 142
233 240
136 275
102 219
146 197
60 271
147 231
60 216
79 277
2 131
11 264
117 217
190 272
0 219
199 202
56 258
15 191
56 212
34 116
4 219
5 257
68 84
55 123
71 160
25 56
12 43
37 76
27 144
25 99
47 175
201 269
54 225
61 122
63 270
118 169
172 239
126 221
1 27
23 113
0 159
50 236
131 225
117 168
177 193
200 202
162 166
39 49
137 166
111 241
140 261
188 251
15 121
174 201
34 75
20 155
141 258
59 105
85 166
239 269
73 272
255 260
132 210
105 229
47 221
138 235
113 230
153 268
14 214
126 245
139 142
113 123
74 276
23 104
71 181
114 140
257 263
208 211
41 57
122 164
104 261
180 239
121 244
127 267
208 265
76 244
163 264
225 243
122 137
92 219
9 191
77 155
112 113
36 258
23 189
158 205
37 157
139 252
41 225
24 217
59 241
37 197
21 219
120 269
11 241
45 191
36 265
109 223
120 256
162 194
171 267
44 115
10 185
114 265
149 151
34 203
129 215
126 140
123 130
260 275
62 147
46 55
8 155
86 144
93 216
28 118
217 276
253 273
173 180
89 161
61 169
162 178
141 222
94 147
6 269
33 210
100 201
157 224
14 48
87 145
105 182
87 214
193 270
12 101
242 266
95 114
109 181
48 196
244 271
87 218
24 53
155 210
201 205
69 173
73 232
143 202
152 258
45 174
161 254
26 140
218 256
63 92
135 146
14 39
11 169
41 196
199 222
79 157
123 201
15 247
103 260
3 110
5 249
107 146
92 247
15 68
35 85
124 162
44 272
41 186
12 72
25 138
59 89
49 200
222 224
65 206
5 103
47 176
21 182
42 223
49 187
199 253
124 197
21 190
42 184
164 227
58 265
20 79
193 230
76 269
86 165
5 187
14 205
114 234
101 142
74 266
43 256
97 194
40 71
5 253
84 175
94 106
0 223
26 118
3 74
26 144
138 156
153 240
18 174
41 88
81 200
66 269
80 129
149 215
19 146
79 250
149 226
155 208
157 166
166 231
238 240
66 179
52 74
10 53
103 189
134 266
16 245
97 154
188 222
58 224
103 277
60 176
101 180
45 125
175 249
24 185
78 81
13 89
28 141
142 169
194 244
22 176
29 206
191 244
224 276
117 155
62 65
152 193
3 112
206 247
71 276
58 99
214 219
74 211
198 211
1 36
21 79
29 247
27 269
46 224
1 9
168 266
39 67
45 143
152 245
95 171
8 212
9 170
149 248
149 200
181 190
93 127
84 98
4 85
110 166
112 224
23 136
1 265
59 65
129 237
94 145
7 214
109 201
44 103
79 170
22 80
231 240
122 206
111 261
125 135
173 244
81 114
54 264
2 90
183 214
13 79
178 275
176 208
132 260
180 237
54 132
167 237
90 150
180 215
10 136
38 184
161 162
32 139
66 108
33 112
129 258
77 161
79 112
13 220
29 66
2 195
86 176
37 199
179 267
69 257
131 193
122 256
82 257
204 276
95 265
66 138
56 107
69 260
21 176
134 136
14 210
184 244
1 33
2 208
108 141
69 217
69 219
90 186
51 123
46 207
58 184
231 257
88 263
72 122
69 222
103 167
56 153
50 97
51 238
6 107
104 175
112 262
69 72
151 272
69 212
118 216
17 72
256 272
22 184
87 89
10 95
106 166
71 102
178 245
124 126
129 205
66 232
78 150
199 203
38 269
242 271
70 200
79 85
72 170
145 204
221 264
56 214
3 231
59 131
17 201
231 241
164 276
130 184
20 131
174 208
222 233
208 254
92 276
120 157
162 206
109 112
87 91
12 186
156 231
47 153
6 20
184 191
154 229
51 133
75 120
76 112
5 24
32 42
55 191
137 223
1 70
12 121
24 164
118 277
54 177
46 139
12 184
209 262
4 75
146 257
111 142
75 186
34 136
57 139
149 229
32 226
78 155
269 271
31 128
28 246
155 229
125 267
114 164
29 211
177 201
168 177
2 103
106 177
131 217
30 236
72 210
222 246
17 232
7 63
194 267
47 82
63 171
77 159
85 264
156 214
116 125
79 192
49 81
49 224
151 172
133 142
72 254
120 259
126 232
234 241
55 71
76 260
167 184
37 276
101 269
132 248
58 260
56 93
46 81
19 145
263 268
117 152
18 199
2 129
17 167
75 252
224 232
116 197
21 45
192 203
92 205
1 175
163 213
249 256
108 156
79 230
49 95
164 190
20 235
8 249
54 268
228 269
147 188
33 130
74 182
158 183
132 163
101 169
23 235
136 139
130 271
238 276
160 169
14 184
259 270
150 216
37 201
117 220
122 274
55 141
184 251
181 187
125 208
55 178
16 24
161 217
27 164
200 264
63 153
64 98
169 231
230 247
116 170
85 127
23 245
125 224
168 200
21 76
31 48
156 215
1 53
197 204
197 210
189 245
149 205
93 200
42 222
10 225
13 135
26 180
39 215
81 220
129 192
14 45
13 120
133 199
45 133
75 246
111 206
92 197
201 270
173 274
61 276
106 176
136 199
117 257
59 138
5 43
124 177
213 244
82 106
147 174
29 110
165 197
2 134
50 103
102 188
121 122
138 147
223 244
134 200
121 134
97 112
6 178
141 195
104 137
13 250
13 61
207 224
120 137
3 150
93 176
25 82
3 66
68 101
59 225
59 198
155 185
105 176
62 83
128 266
224 268
115 220
55 93
7 67
68 142
160 222
10 227
45 194
130 160
24 95
76 179
67 240
178 274
8 73
48 225
19 74
146 218
18 184
186 277
169 186
46 190
10 207
114 268
212 274
58 176
52 53
168 245
10 126
73 187
10 66
59 159
2 236
107 173
139 173
44 84
131 189
126 139
51 90
193 216
77 113
30 231
43 169
23 148
33 77
154 157
163 206
224 226
144 249
39 169
90 216
32 133
114 241
17 206
33 208
10 173
121 241
151 204
226 242
66 235
138 153
185 199
28 66
62 231
129 163
180 234
250 277
52 173
18 140
117 193
101 151
163 177
19 70
60 214
28 138
22 85
7 35
51 52
7 182
77 135
3 277
191 236
8 186
105 138
9 135
26 260
20 206
183 252
193 249
109 176
132 142
32 119
106 245
80 108
127 203
72 165
82 234
134 218
99 238
144 229
69 238
38 243
185 265
8 257
212 235
82 124
130 270
1 54
3 186
52 69
63 236
30 237
112 239
86 196
180 265
30 276
92 116
142 271
195 232
32 123
195 265
211 219
121 269
38 204
24 262
46 243
202 262
171 244
1 16
112 272
38 160
129 157
92 151
71 87
22 106
36 180
224 239
117 204
219 254
242 264
258 268
38 227
107 108
0 106
28 50
101 104
59 185
226 238
66 86
152 276
98 187
30 234
163 272
0 272
9 152
95 178
92 174
78 206
35 244
124 140
46 103
89 110
96 124
38 162
65 166
226 267
24 42
74 175
158 243
151 177
19 244
95 239
145 165
41 173
111 153
167 245
168 236
31 84
38 193
128 248
45 180
7 229
82 252
2 269
24 168
93 130
83 161
60 212
41 147
159 266
1 75
6 176
215 241
126 163
224 234
63 230
96 143
272 274
52 118
122 191
141 230
72 133
26 52
145 172
25 238
11 180
35 252
46 151
99 201
21 148
82 181
81 162
93 227
87 257
17 89
35 176
142 185
111 141
93 171
4 273
54 116
157 265
111 222
146 248
85 227
104 223
39 259
183 233
24 40
16 241
103 248
122 174
179 188
121 159
39 60
119 148
99 138
108 206
42 58
97 219
38 151
36 201
42 136
217 243
20 35
114 237
118 219
4 83
239 242
85 233
99 164
66 224
191 245
159 276
150 202
34 121
56 123
185 235
24 121
34 237
5 223
193 237
211 266
168 241
69 92
139 163
28 230
103 177
59 85
141 196
8 211
180 230
20 59
120 264
122 189
10 34
70 226
23 48
31 125
112 188
17 48
228 244
23 102
134 195
117 118
106 259
33 218
179 270
21 81
92 277
64 269
78 96
248 271
222 230
13 223
94 133
214 240
158 260
138 253
11 17
72 79
22 173
19 26
16 66
52 132
131 223
87 114
4 41
191 227
94 118
63 164
53 148
16 130
119 266
132 254
209 232
192 224
159 189
59 152
87 182
100 270
12 239
88 261
117 259
33 192
100 259
8 154
21 59
237 248
81 116
175 263
2 202
107 179
5 52
70 251
84 94
82 173
50 123
65 69
187 202
130 250
15 201
38 231
37 118
163 240
90 121
83 139
183 261
179 244
252 259
39 243
90 176
53 149
54 250
40 55
12 44
61 248
157 200
163 236
76 239
190 248
171 186
44 54
84 118
40 157
1 57
49 105
79 215
21 177
123 167
47 95
63 218
104 219
15 55
228 250
253 277
133 266
100 238
29 213
270 274
225 242
30 273
182 231
25 154
79 195
28 116
88 268
77 204
99 134
228 238
12 150
93 105
54 249
83 178
74 236
110 170
75 158
104 221
111 251
177 202
161 219
16 198
61 72
220 243
142 275
113 197
186 253
43 274
2 71
114 217
249 271
6 68
5 9
80 202
176 196
215 258
39 205
40 78
53 70
57 78
79 179
54 94
42 205
0 196
73 94
194 242
82 258
123 254
132 263
49 139
21 187
146 193
3 57
193 253
80 263
29 246
9 71
112 209
166 196
90 251
190 255
146 244
4 112
162 215
18 235
6 275
228 246
62 180
34 151
199 220
99 198
100 209
89 96
264 275
101 150
134 220
89 117
60 259
13 272
64 240
145 263
62 215
13 177
57 64
109 200
131 237
2 220
132 204
33 51
58 225
9 255
163 260
84 140
95 100
232 249
37 95
102 253
37 63
3 203
88 153
177 275
189 218
157 234
21 216
30 152
181 267
142 167
55 87
47 266
7 192
20 196
179 277
15 272
143 156
10 30
50 247
72 269
21 206
213 241
4 264
158 167
35 148
150 164
14 188
138 274
135 143
27 248
42 253
109 141
119 204
27 229
12 142
56 85
85 143
14 191
83 128
168 267
149 271
145 234
34 158
18 98
16 136
29 187
238 258
7 238
14 234
150 162
41 44
70 143
67 217
198 251
127 201
78 108
20 50
156 235
136 171
8 161
53 258
194 203
66 107
92 163
54 241
235 264
132 262
105 240
23 195
146 192
218 249
210 246
209 259
107 142
144 199
63 114
223 255
126 271
56 141
86 244
119 171
12 58
170 271
26 274
45 100
31 164
126 211
21 249
85 236
90 119
94 205
57 93
115 201
214 271
173 227
91 114
17 66
33 256
38 263
49 208
62 162
133 169
120 176
131 136
96 265
62 105
18 210
127 185
81 267
183 213
102 208
133 190
96 199
109 150
53 131
97 223
100 148
121 230
1 192
119 127
135 234
44 67
0 96
175 277
81 224
163 183
72 234
62 131
46 90
70 218
13 126
220 235
82 149
155 215
215 233
188 242
92 96
49 100
28 57
34 193
16 146
217 273
124 169
9 13
71 166
14 35
133 217
9 277
173 247
106 212
5 13
15 208
105 120
212 233
145 171
114 185
28 71
74 184
85 99
82 237
59 64
138 226
75 224
77 236
81 187
30 77
39 201
50 68
43 156
16 115
120 179
195 243
131 219
201 231
113 207
28 207
18 168
134 167
6 111
211 267
228 271
62 185
70 272
210 257
58 177
123 137
14 213
50 244
20 48
37 264
133 259
2 86
88 151
56 208
81 243
203 267
107 276
3 130
217 241
118 228
71 97
130 212
153 159
34 204
179 230
59 246
140 191
167 253
4 153
37 229
77 91
119 249
2 109
26 102
208 272
107 230
21 122
74 133
58 210
55 234
0 89
26 178
53 199
24 215
230 273
90 207
20 215
53 123
81 164
68 230
113 238
53 119
87 140
68 165
34 221
59 253
6 83
10 42
98 99
69 76
62 246
23 198
127 221
36 96
41 128
152 261
188 189
54 119
125 240
106 253
221 236
70 152
198 236
1 228
154 272
110 251
59 98
69 239
110 250
44 132
210 264
89 199
135 270
92 262
181 235
184 237
83 157
219 220
184 275
267 273
32 52
3 253
11 145
234 252
72 260
40 262
40 88
42 83
32 132
169 234
171 269
79 209
168 247
27 52
33 47
165 263
20 275
38 137
62 146
68 242
157 190
64 127
137 277
57 87
230 255
132 246
28 206
36 260
17 57
194 200
71 111
35 61
100 231
199 229
78 151
107 228
147 193
50 154
53 216
2 160
165 238
129 198
78 170
16 88
79 258
47 242
16 105
22 93
76 247
118 206
130 147
142 210
172 189
50 185
222 272
108 114
156 160
46 63
80 177
152 195
20 34
128 268
3 227
220 270
9 27
65 174
6 46
132 172
81 161
64 113
54 111
101 177
151 218
30 235
158 256
159 195
13 58
22 231
137 257
122 223
210 263
240 270
210 255
219 241
13 80
178 209
61 187
115 209
54 215
181 185
193 264
12 202
90 215
106 215
1 262
93 100
20 134
3 176
51 193
10 138
212 213
139 194
56 192
4 159
11 165
25 178
128 216
126 155
86 216
164 212
108 116
136 222
117 231
63 214
103 273
14 256
56 216
8 44
129 174
105 133
36 186
3 27
102 187
107 262
66 177
45 221
42 147
10 78
143 172
68 238
12 81
30 35
23 223
11 223
212 220
168 257
198 243
86 98
17 132
83 270
55 102
18 232
193 239
88 130
83 262
44 59
18 256
70 262
187 234
119 264
63 193
109 120
38 136
12 59
101 152
100 117
133 153
32 64
104 254
256 263
26 70
13 66
268 276
36 206
131 268
88 219
175 189
92 257
13 142
129 146
136 154
34 259
88 264
144 172
82 140
181 219
80 99
237 262
0 14
119 129
73 159
47 97
149 239
154 260
72 145
120 225
127 233
94 139
186 248
137 211
85 102
9 273
5 178
44 239
10 243
124 204
164 195
44 119
53 122
41 122
39 239
96 114
18 152
65 164
63 200
55 263
95 220
173 195
20 99
76 107
68 212
25 112
135 181
101 165
124 161
70 189
157 256
64 81
70 126
135 266
200 230
201 247
4 84
134 190
96 261
67 233
60 72
169 202
243 258
7 39
150 157
9 229
95 180
186 258
1 264
143 249
26 203
10 242
34 97
103 172
56 84
45 65
102 168
271 276
211 220
65 250
3 20
127 255
52 102
101 108
212 214
87 248
218 270
197 263
108 255
11 185
104 191
145 201
176 255
121 162
118 124
105 274
18 181
214 273
247 272
28 172
124 205
169 177
131 241
30 102
204 261
19 118
14 99
149 189
219 235
3 8
44 260
36 94
174 187
30 190
83 216
69 259
28 270
101 219
88 257
102 223
51 277
152 169
207 220
24 98
159 191
162 250
98 193
10 176
233 249
6 186
239 244
194 253
91 143
178 187
85 196
159 240
50 264
19 267
140 160
64 148
119 175
85 235
213 235
95 214
234 274
42 207
17 217
43 95
31 115
56 111
139 215
237 270
161 267
138 275
26 197
85 265
187 258
61 258
108 169
153 214
23 131
176 198
32 111
104 116
84 132
83 233
90 184
22 234
110 209
120 235
95 229
48 137
68 179
135 273
10 118
6 61
34 240
37 41
16 71
7 122
67 200
124 266
181 245
117 196
28 143
99 180
96 165
79 144
156 263
57 246
157 247
41 194
136 148
6 19
15 176
203 240
2 249
36 54
34 76
77 92
13 168
142 238
155 255
97 109
46 143
198 207
131 168
107 244
189 214
44 72
169 198
114 157
92 114
134 235
91 202
169 201
1 242
23 178
95 227
80 237
111 124
66 247
111 164
237 253
37 266
68 82
56 219
38 78
74 270
195 197
116 220
78 124
41 224
109 151
131 201
200 253
31 228
98 186
32 138
108 260
264 265
111 193
231 265
56 203
82 120
165 210
143 252
76 97
39 57
82 194
8 248
46 182
78 162
151 228
183 224
100 236
113 152
23 149
6 39
125 189
80 140
88 139
187 204
94 201
48 49
89 120
85 116
172 264
144 149
3 133
58 154
26 165
61 240
27 178
9 39
67 257
68 113
28 155
169 225
161 221
103 254
113 140
47 209
18 109
82 162
39 143
104 263
87 277
116 118
40 234
77 212
14 186
144 216
104 245
124 136
171 243
31 100
19 98
12 56
51 165
201 273
106 118
109 187
28 45
129 268
23 98
61 77
16 48
130 206
54 195
7 269
101 189
29 216
53 83
80 146
164 181
71 261
112 137
84 242
202 218
10 39
24 266
45 204
168 269
56 180
44 124
6 197
80 160
9 267
83 186
86 160
30 68
104 184
82 200
16 108
17 244
5 203
34 253
59 154
68 225
212 253
2 40
114 208
121 163
71 72
15 71
215 268
104 260
175 232
11 146
127 228
83 194
53 79
118 222
62 145
10 106
102 211
50 148
25 253
146 217
168 170
43 247
113 204
41 231
175 187
30 192
239 256
44 183
13 154
13 45
34 89
138 230
33 43
217 269
185 213
192 229
16 80
26 49
32 219
24 265
232 260
216 231
74 271
84 106
61 138
152 266
53 102
22 155
7 85
33 197
145 178
103 120
152 175
168 232
81 143
131 228
120 241
74 170
18 115
29 262
27 44
222 244
7 126
73 192
165 243
163 230
45 177
28 261
67 143
30 42
19 194
155 173
75 119
88 179
145 261
49 257
15 106
142 268
70 182
37 254
206 258
55 80
68 166
171 201
133 157
20 216
77 151
14 118
21 234
45 258
82 218
10 86
173 210
21 276
93 243
192 260
29 35
185 275
53 116
62 142
242 244
9 109
23 99
13 263
101 241
13 124
193 263
3 58
112 234
97 135
173 209
54 187
19 60
97 269
113 255
62 252
27 48
117 197
149 168
24 119
43 184
25 227
113 277
196 218
132 212
109 164
84 266
56 218
98 172
86 222
149 204
14 193
102 232
20 256
153 167
95 133
183 264
3 161
31 209
58 170
71 195
194 214
69 150
182 236
75 173
7 103
91 244
90 243
233 264
19 143
24 163
131 154
100 106
8 96
201 265
123 176
230 269
102 202
22 240
188 207
124 254
15 259
200 240
19 51
37 186
15 252
135 163
185 201
69 166
159 166
172 193
88 244
5 264
27 146
14 60
114 250
14 158
218 259
2 151
52 242
152 275
253 260
84 145
143 237
64 155
108 118
222 249
19 27
72 242
103 178
209 263
12 238
100 125
150 173
67 137
80 87
44 253
124 257
196 209
58 205
152 155
87 163
59 202
63 250
124 268
158 211
12 53
20 230
3 259
64 252
59 208
59 135
250 272
107 246
101 162
28 239
121 141
99 161
8 172
53 256
29 212
53 155
107 168
7 21
144 147
11 269
72 274
82 171
107 185
94 230
139 169
93 271
36 179
71 207
5 27
45 232
79 256
70 109
58 114
55 164
99 200
70 240
154 267
166 184
21 233
118 261
196 256
21 133
113 227
7 25
31 242
188 244
158 163
47 48
190 224
57 132
98 133
120 238
156 204
34 191
229 277
172 188
6 104
39 99
73 91
130 153
122 126
217 254
161 176
37 73
132 230
76 215
119 196
217 263
166 228
201 207
34 242
107 156
88 165
100 213
0 277
188 250
146 277
167 169
1 173
115 185
83 248
86 142
20 234
27 166
10 103
114 184
164 176
116 126
157 158
68 80
141 245
99 263
41 208
180 210
125 200
11 255
30 60
10 203
101 213
86 178
265 267
84 162
84 179
42 82
134 233
112 148
6 40
36 145
58 153
102 128
97 266
33 48
22 26
153 243
76 249
23 106
87 150
54 238
220 228
137 269
143 225
260 274
0 131
97 277
77 200
94 194
36 225
222 241
26 139
104 212
97 250
151 194
10 28
178 266
65 107
90 276
99 266
66 104
113 247
166 224
83 145
53 169
116 180
134 171
62 188
6 220
25 133
27 212
88 182
110 179
95 103
125 238
17 38
132 206
98 109
23 75
114 215
77 171
37 237
31 132
79 241
50 143
12 75
41 156
129 217
149 269
94 96
63 165
32 114
20 140
151 185
45 208
32 113
65 197
71 74
74 267
68 210
108 199
155 265
120 134
92 220
9 263
90 132
81 101
6 257
45 74
252 277
121 225
57 61
35 73
55 97
1 189
118 164
183 245
82 98
157 204
223 247
46 58
57 159
21 22
126 141
98 231
105 186
141 197
50 111
10 24
213 262
96 217
31 171
95 154
16 40
21 212
5 172
8 199
44 189
12 36
32 211
145 164
30 136
124 253
171 199
170 193
189 249
126 193
33 104
94 186
156 267
235 245
8 251
96 236
116 243
133 245
49 210
24 57
54 63
76 83
133 143
97 263
13 224
30 233
224 254
69 256
11 39
91 237
258 273
41 218
120 230
74 201
25 236
134 142
241 276
60 242
20 29
61 68
232 267
36 175
12 103
167 199
13 128
34 153
99 126
97 118
92 154
1 26
179 247
147 275
64 147
65 203
1 56
28 225
55 227
127 205
50 99
94 272
107 164
86 257
37 175
77 154
93 158
106 202
5 21
134 173
100 216
148 167
161 233
218 227
19 91
80 268
137 142
17 115
128 228
53 140
220 247
76 277
70 209
101 240
48 193
3 32
154 187
51 112
102 103
6 144
22 107
230 270
18 33
22 46
27 34
86 209
210 247
23 32
34 95
90 266
230 251
45 53
190 277
206 231
105 248
2 277
0 160
216 223
139 197
129 134
144 183
144 176
232 256
52 196
49 50
156 221
8 140
35 74
127 173
135 227
36 115
50 219
94 273
108 157
65 124
185 230
83 227
150 201
200 221
159 171
112 174
74 245
90 148
3 70
149 202
140 241
5 237
30 139
167 211
9 275
185 222
154 275
119 245
20 66
86 234
199 258
84 95
156 236
236 263
130 261
139 248
219 247
96 242
175 183
53 146
89 105
25 69
36 117
20 138
48 191
113 173
101 124
225 231
198 227
193 197
50 52
99 230
112 143
36 171
85 239
97 145
42 54
84 102
195 277
167 181
158 258
1 207
85 173
7 125
4 20
22 134
91 177
115 252
20 132
121 212
174 181
25 104
205 213
8 181
220 260
142 270
142 215
4 100
74 103
112 162
3 113
9 188
76 268
100 265
67 203
246 258
152 176
74 220
25 75
176 225
154 252
50 267
140 182
5 73
53 54
150 260
11 224
218 221
87 261
105 251
14 26
59 190
57 155
73 264
136 234
116 147
90 197
109 272
59 100
81 121
69 152
41 42
44 202
180 187
13 17
150 254
76 130
223 253
9 148
5 149
92 236
50 225
136 184
46 50
175 268
28 150
147 173
132 231
38 112
196 229
117 251
59 72
122 269
67 136
116 181
18 142
142 202
41 249
101 225
6 69
26 264
275 276
44 162
91 258
31 154
45 123
53 177
270 277
216 230
15 250
122 271
74 179
4 78
120 168
73 148
100 218
56 168
102 234
0 152
171 174
145 270
9 270
73 137
32 83
27 86
265 271
83 167
180 229
19 24
259 272
83 272
172 191
154 220
27 115
26 89
24 157
82 122
105 270
153 230
175 264
124 167
13 199
31 53
228 252
75 152
5 56
33 88
14 233
179 249
18 244
91 133
158 212
109 240
48 145
32 176
162 232
153 276
127 218
121 261
143 246
69 82
12 110
95 190
121 191
12 229
21 232
3 72
10 135
62 209
56 259
22 33
10 152
180 228
153 266
63 233
0 226
162 273
120 130
132 261
180 181
46 115
40 237
94 189
59 71
11 234
149 256
122 204
38 40
19 229
49 77
147 185
44 57
33 83
178 222
190 271
60 64
89 223
83 181
105 258
251 257
104 134
117 189
85 142
108 111
21 145
6 115
207 227
9 207
119 162
87 252
171 178
116 157
105 129
118 200
60 184
103 162
65 161
213 223
147 251
97 138
223 272
85 92
91 112
266 276
64 164
171 248
46 233
100 184
3 124
87 232
83 225
178 215
22 95
124 127
3 96
102 243
70 235
169 215
48 154
11 118
33 271
77 191
42 79
172 229
27 242
25 74
44 164
170 218
55 85
12 100
17 273
49 99
88 206
92 206
140 159
154 156
38 273
118 260
25 40
169 217
162 174
253 255
61 148
129 249
127 168
82 216
44 112
107 233
194 236
88 228
40 256
179 224
168 173
59 269
56 78
175 223
119 180
104 107
65 187
32 68
22 275
112 247
139 190
17 155
123 158
1 205
57 141
81 237
148 212
133 247
28 70
80 212
22 228
90 131
124 241
25 108
73 211
87 179
106 174
125 259
164 273
139 240
6 193
2 95
128 275
177 257
101 237
169 176
21 91
5 222
45 189
5 74
156 208
51 129
0 114
31 191
142 214
108 191
178 241
73 181
103 158
149 251
123 269
206 234
13 246
61 125
23 221
11 82
131 239
37 223
201 245
191 201
13 15
84 270
92 111
120 194
197 265
196 231
237 238
131 202
184 276
197 228
39 230
168 243
140 142
12 227
22 92
4 254
3 245
101 228
159 162
90 92
89 125
88 185
146 233
51 99
2 107
28 229
209 248
59 123
80 224
164 256
178 196
6 64
69 249
205 273
36 64
54 237
233 274
55 60
227 264
134 246
130 133
67 258
274 275
14 18
40 170
138 150
171 196
92 165
112 136
11 222
72 276
84 87
97 142
163 195
204 259
171 177
86 271
94 277
1 47
130 149
51 201
13 23
125 245
245 267
77 96
92 110
104 269
23 229
156 195
17 74
180 211
97 103
55 105
161 166
106 127
3 255
179 223
268 270
81 194
117 186
156 249
18 201
118 186
12 198
231 250
12 191
20 139
8 133
18 217
153 264
18 149
217 230
175 274
76 136
105 227
70 201
7 116
144 200
11 29
100 261
13 46
36 121
232 268
13 275
156 185
88 238
55 218
132 259
51 258
76 220
144 154
127 268
63 175
150 232
74 248
39 51
102 272
178 246
26 202
60 156
25 192
54 214
22 70
191 258
23 39
57 276
56 148
181 258
175 196
75 89
32 245
71 113
114 258
178 189
216 220
129 168
76 263
38 234
113 181
130 158
75 199
171 222
6 173
1 211
92 126
100 272
120 129
19 265
35 235
115 126
115 268
163 203
228 248
168 213
53 261
108 180
151 153
84 133
70 238
107 240
190 209
13 21
46 158
156 211
38 157
93 262
241 266
30 218
199 225
54 269
186 274
70 260
188 200
105 114
127 276
72 203
1 87
99 187
168 196
240 273
15 190
7 184
118 263
202 261
35 202
111 163
44 205
85 202
147 152
24 193
70 110
137 176
129 259
100 243
33 61
191 215
78 198
3 225
131 248
199 204
29 242
198 272
100 203
91 267
189 275
185 264
45 81
103 264
80 216
4 19
200 242
142 262
16 221
161 208
0 199
135 228
91 266
89 154
2 33
28 145
143 269
126 262
97 212
83 258
43 200
224 246
23 52
228 257
76 181
194 226
17 198
55 112
2 15
42 242
192 274
158 187
19 39
80 145
186 207
196 240
30 44
193 229
145 174
177 188
93 162
37 108
17 208
194 222
217 240
244 256
68 102
8 120
14 31
60 84
49 93
126 251
69 203
15 46
14 182
184 242
93 186
266 270
117 210
122 209
196 255
47 106
197 274
93 128
25 164
140 218
122 159
13 70
197 246
167 269
102 212
23 150
217 232
106 222
1 156
28 208
66 268
118 125
45 243
7 227
80 122
185 274
58 84
89 189
103 216
39 105
184 207
250 273
19 253
48 142
73 182
97 123
22 65
131 186
126 235
74 85
151 247
82 168
36 250
21 245
66 164
229 264
184 190
152 230
21 142
77 104
185 259
68 135
112 261
79 127
166 188
52 213
115 118
101 136
13 197
142 201
189 234
112 229
46 128
80 92
119 267
85 212
107 123
49 118
30 271
2 22
30 90
37 48
22 209
38 272
192 233
141 173
47 131
93 266
9 121
45 236
101 222
1 125
48 209
169 207
46 238
153 165
34 197
57 208
123 242
124 160
67 162
8 127
36 275
141 204
28 105
220 239
148 277
72 148
36 76
14 19
136 252
41 51
6 183
101 184
27 211
86 249
9 194
157 162
11 271
9 113
16 133
4 119
89 220
6 150
33 146
91 166
190 239
85 247
26 38
27 127
123 272
54 258
220 267
234 254
110 228
82 180
42 103
22 179
140 170
192 276
270 271
72 185
189 200
140 244
42 271
46 64
189 257
16 237
66 211
70 207
55 99
13 123
3 120
157 240
199 252
114 254
195 254
166 237
104 126
138 254
7 41
61 273
30 138
88 141
119 218
42 125
22 43
125 131
84 198
86 122
122 219
210 240
173 277
88 256
79 218
21 56
69 264
117 270
94 154
238 255
81 137
182 266
227 260
64 94
22 68
63 159
182 235
41 83
14 271
106 113
16 57
148 209
155 177
42 110
90 177
18 143
214 241
43 206
32 189
42 99
156 181
154 188
142 156
46 199
130 180
47 121
59 218
60 273
19 103
191 271
103 245
82 228
20 67
22 248
44 221
20 76
80 96
252 275
38 194
8 29
57 198
185 196
53 173
67 180
54 101
3 115
102 192
197 230
52 123
255 263
13 162
73 170
74 149
51 230
80 97
76 189
66 72
106 143
0 239
4 92
0 244
48 250
64 237
234 237
21 252
160 196
251 267
40 117
39 195
27 135
53 72
34 262
101 168
62 195
211 260
167 196
75 155
162 216
260 270
151 243
35 69
0 203
229 239
63 225
48 79
107 273
36 224
31 249
120 263
33 39
58 253
88 152
13 210
197 226
28 73
11 129
87 195
42 224
98 160
169 232
133 200
181 251
98 211
43 272
152 185
115 159
60 248
58 93
14 150
140 199
22 74
264 267
60 105
226 255
182 203
36 81
244 248
164 242
12 92
99 147
54 182
80 166
82 212
50 238
118 136
62 256
150 177
54 136
71 149
108 254
16 134
18 260
140 188
201 208
138 204
82 132
42 56
62 178
13 92
218 248
175 207
48 136
37 240
76 127
61 128
121 214
13 75
198 234
106 261
116 276
5 260
10 179
171 187
104 272
59 174
2 19
226 271
36 194
177 185
197 268
121 144
9 195
151 235
233 260
0 248
136 239
35 172
207 268
47 180
105 142
74 206
86 88
87 228
108 126
83 210
120 124
118 140
148 189
88 137
25 42
13 258
146 176
142 193
213 269
6 263
40 66
166 227
6 23
153 202
31 231
146 179
81 240
110 258
170 256
109 229
175 195
77 202
211 236
153 199
11 250
73 210
47 250
46 102
34 93
128 257
12 245
24 147
67 102
35 94
93 255
92 245
108 120
155 234
13 228
237 250
135 174
66 102
114 257
98 229
16 248
64 77
32 198
4 223
18 45
48 189
188 234
99 119
79 226
19 38
41 177
66 245
24 231
38 163
175 258
227 234
153 241
164 267
130 139
12 161
63 262
21 62
42 159
4 24
203 216
118 229
48 245
187 265
44 113
46 74
26 94
30 183
74 152
66 155
2 126
131 185
3 45
65 132
266 274
76 176
18 126
93 240
183 223
88 273
232 272
116 169
141 186
196 266
16 191
8 147
96 109
79 260
55 92
108 117
33 274
50 122
26 231
30 69
130 266
67 254
4 165
236 247
176 276
8 174
183 201
51 175
216 236
108 257
118 192
77 262
223 262
43 270
30 178
232 240
83 108
115 197
205 235
120 184
146 187
123 230
155 249
87 144
56 239
81 271
222 257
42 219
73 200
153 257
149 213
68 123
220 271
71 101
30 85
197 275
116 140
4 262
54 139
155 201
12 165
63 182
22 271
48 198
0 82
235 272
160 265
79 151
22 180
25 33
132 171
62 224
11 215
63 249
47 89
41 252
59 130
69 77
161 206
14 151
145 225
23 186
148 250
153 198
74 83
26 46
142 150
86 225
35 227
67 135
54 90
134 168
145 161
74 188
29 168
80 149
40 240
84 170
169 178
142 263
55 127
167 243
217 270
77 238
232 274
104 160
121 145
101 276
128 205
126 190
86 189
11 53
24 272
97 235
148 172
88 218
224 235
2 54
128 225
145 149
14 169
26 214
55 155
117 126
20 108
34 98
8 227
140 272
155 186
13 87
172 266
67 263
70 81
41 117
25 118
90 173
105 107
18 101
24 142
76 85
142 157
209 224
36 202
98 127
214 261
90 91
135 177
65 200
77 227
47 196
52 73
7 24
56 67
10 267
163 178
168 208
123 228
196 248
29 237
26 112
214 251
153 247
76 167
94 276
247 273
38 57
28 176
29 60
14 104
212 225
5 258
147 235
2 8
161 261
200 226
41 190
114 205
45 112
120 138
12 246
50 69
117 243
136 190
67 204
34 91
191 202
51 182
136 207
88 227
160 268
215 231
5 127
4 217
172 210
99 249
110 245
193 213
4 52
38 270
99 109
193 206
197 266
24 30
108 130
77 164
46 73
3 212
105 193
15 86
126 178
76 133
23 239
93 143
230 274
37 53
142 247
28 133
24 174
54 207
239 276
102 194
107 126
15 187
34 166
116 222
29 127
55 58
24 179
38 134
135 195
61 224
27 200
44 203
97 273
85 113
18 162
84 259
163 179
68 141
128 217
117 133
41 127
175 242
183 204
149 244
99 189
158 166
185 229
110 153
166 218
54 127
142 190
119 273
117 266
64 271
121 173
30 47
102 157
25 137
118 150
96 276
156 192
17 160
22 29
91 123
99 127
198 237
93 183
55 161
59 267
17 145
20 214
47 61
35 143
37 217
228 274
71 125
29 67
180 268
57 148
169 195
100 141
38 222
46 249
5 44
184 215
224 231
240 254
55 264
153 156
47 267
171 224
74 186
10 128
25 223
234 275
78 275
27 213
15 66
69 216
206 254
107 249
0 258
100 233
145 255
107 257
72 211
8 175
178 264
61 267
55 237
78 91
23 63
70 86
51 115
93 275
129 253
28 189
37 189
130 241
48 54
48 71
89 100
115 169
234 246
171 266
78 83
15 197
73 222
67 231
99 135
179 243
66 261
21 202
152 158
165 186
50 57
72 139
25 153
63 239
66 139
17 267
49 246
113 260
95 156
42 108
113 265
21 156
174 273
148 174
83 238
121 189
15 54
7 93
88 270
226 244
49 56
158 215
53 221
65 191
133 276
84 143
107 113
215 275
42 93
6 93
10 109
116 277
111 213
276 277
65 204
77 85
59 228
103 268
49 197
42 145
8 191
67 213
87 197
212 216
46 75
115 196
102 201
13 267
24 212
84 171
152 233
0 167
72 231
206 261
221 261
19 67
256 261
175 237
115 155
87 205
215 256
26 87
61 149
20 174
150 176
14 227
4 118
8 244
155 241
149 179
200 206
209 247
54 64
113 132
95 159
81 167
72 117
214 239
18 117
73 122
102 204
160 206
33 117
176 221
224 244
104 138
88 193
113 237
1 35
98 158
34 184
129 130
114 264
94 236
162 201
144 269
125 262
17 73
55 163
67 191
103 238
172 240
155 193
22 263
115 160
231 245
21 89
38 156
102 207
50 113
58 94
173 235
67 223
158 262
129 274
42 118
41 89
15 163
205 245
173 204
157 251
61 94
176 219
12 180
16 148
158 275
83 189
170 172
139 275
133 210
212 265
97 122
87 254
98 111
10 215
0 216
77 237
133 254
35 133
241 261
128 139
86 155
141 177
41 74
106 146
21 121
16 268
102 181
23 251
162 211
98 249
159 249
200 231
214 258
41 263
193 246
125 213
116 230
216 217
63 246
46 161
12 20
148 154
162 256
60 146
128 229
84 240
136 229
43 204
146 156
172 238
5 96
0 148
45 257
104 208
97 271
30 185
8 275
77 158
18 209
153 248
67 221
141 159
66 222
80 255
39 167
40 62
161 185
31 266
15 167
5 17
146 198
106 267
75 176
23 257
67 77
194 251
186 244
113 221
109 215
65 116
121 175
15 125
155 224
143 274
156 218
163 242
236 275
158 222
30 176
18 128
115 183
151 186
73 163
66 79
44 274
101 204
194 216
60 71
229 237
118 210
42 133
72 99
32 140
171 245
200 213
25 160
139 223
157 198
20 154
229 276
3 126
0 85
200 232
121 167
90 245
91 175
13 226
75 262
155 238
11 212
37 105
20 242
37 211
128 238
94 247
42 69
118 211
54 199
58 68
21 208
133 165
185 197
100 212
5 239
20 243
91 147
21 162
242 273
77 194
173 250
109 276
129 139
38 192
6 211
81 123
33 110
136 251
206 212
67 226
29 33
9 257
76 201
137 196
57 86
102 170
25 184
134 215
99 139
21 32
51 210
58 130
77 150
209 244
7 166
15 164
141 252
46 232
1 206
235 265
30 212
79 257
114 137
33 139
76 223
35 240
26 111
33 184
120 136
6 59
197 269
98 270
26 179
25 131
140 212
106 163
50 51
149 276
29 58
189 274
85 128
95 176
6 235
99 277
33 60
111 174
29 222
31 136
60 195
202 241
20 45
111 171
102 121
53 158
34 248
47 191
28 198
140 245
136 259
156 269
157 208
115 145
269 270
166 211
122 154
156 173
57 112
21 113
33 99
39 185
70 173
18 56
144 275
28 199
159 173
154 237
179 211
175 273
125 231
103 125
94 209
36 236
53 121
106 251
55 109
152 213
78 128
90 193
44 58
217 224
41 251
45 202
166 268
75 115
97 251
98 216
79 145
37 84
157 182
15 168
85 134
39 88
14 251
33 126
7 215
168 210
134 143
242 254
149 194
183 262
56 80
177 189
49 157
84 269
202 275
19 25
4 155
14 147
179 180
78 246
174 179
75 209
28 139
99 121
83 123
177 237
41 116
151 193
240 259
98 176
28 74
165 224
80 249
51 198
226 253
75 276
29 59
6 274
106 201
108 172
183 247
1 133
20 111
124 247
142 277
96 128
1 58
110 178
170 203
11 33
45 207
43 217
161 212
184 231
107 264
157 269
193 219
93 194
19 196
98 257
83 86
39 222
113 134
34 277
42 43
47 96
55 238
70 216
12 51
150 242
188 229
56 213
5 137
52 220
23 40
63 81
83 90
95 125
100 134
44 51
117 249
62 184
102 122
25 60
219 224
262 267
25 187
151 239
234 269
104 152
76 111
195 233
101 227
88 148
70 203
95 195
59 188
3 137
243 248
79 264
150 224
36 111
83 268
137 179
62 151
123 210
37 170
76 225
225 241
8 20
57 257
11 231
162 248
206 275
20 245
87 133
72 190
0 80
54 271
23 49
29 256
48 97
11 109
41 146
64 82
14 198
114 150
161 205
12 269
59 67
113 193
81 203
37 215
49 92
106 203
4 107
3 271
78 86
64 152
138 186
20 223
166 251
204 272
172 177
121 196
130 220
137 158
5 148
38 230
55 120
98 154
22 157
29 249
122 250
36 190
45 68
15 132
120 197
59 224
171 207
172 175
34 200
219 236
50 183
228 229
188 193
34 81
226 272
48 88
3 270
145 218
125 156
22 42
16 150
13 166
137 266
238 265
126 128
22 117
136 208
234 247
3 94
139 176
6 79
215 263
42 169
228 235
183 210
83 162
139 250
136 209
122 262
198 252
210 256
15 151
82 236
24 165
64 122
225 232
45 60
63 122
54 76
128 193
178 270
82 187
130 264
8 35
42 62
103 212
71 175
45 59
182 252
31 203
161 168
109 209
89 222
13 192
107 144
18 255
146 237
147 150
193 194
2 45
143 233
135 223
151 206
192 222
116 251
55 232
183 192
128 191
110 235
158 251
80 193
72 259
26 33
49 75
179 182
23 228
126 237
21 42
19 236
24 166
214 265
132 253
180 277
78 226
4 73
163 274
151 264
115 261
35 162
159 204
125 192
56 243
238 267
53 248
180 270
72 103
16 265
72 220
45 267
84 130
122 245
113 234
10 97
91 221
23 120
96 153
59 204
127 132
42 225
50 211
101 224
42 166
32 170
46 225
79 272
44 200
33 41
19 110
81 136
116 271
87 118
78 79
31 45
73 119
41 239
97 111
93 178
89 224
17 99
100 181
95 211
93 169
183 265
151 181
213 219
96 115
7 195
135 254
19 217
143 229
164 168
76 251
123 219
96 127
63 100
70 210
111 195
81 249
139 242
91 224
63 196
158 159
97 228
74 161
198 212
37 120
155 156
23 237
108 211
114 273
159 254
187 207
88 266
64 272
66 180
130 235
95 251
14 79
52 167
176 181
9 173
5 150
204 255
98 148
53 118
187 206
82 220
208 248
106 133
13 50
139 170
10 51
99 168
38 166
113 202
221 250
222 277
12 112
57 104
32 277
203 206
252 267
131 252
117 234
38 110
22 162
249 251
127 251
133 237
19 266
193 208
59 217
42 80
222 253
12 232
169 260
131 187
52 183
229 268
22 183
51 135
52 175
59 92
59 94
36 162
2 221
19 271
11 206
17 221
179 222
23 244
159 224
90 183
229 266
136 146
179 231
187 205
17 130
124 248
12 25
31 263
30 65
142 213
106 180
193 220
144 157
151 254
3 213
25 251
8 259
11 237
99 106
245 248
195 229
99 273
128 148
9 184
136 232
209 246
205 206
49 221
168 199
109 271
193 218
7 188
26 194
182 227
3 10
51 229
119 154
235 269
186 275
21 260
48 69
33 57
198 242
118 217
24 143
95 272
24 204
39 131
10 240
19 86
94 229
76 120
14 87
37 216
153 256
34 177
24 226
58 148
21 132
162 205
118 267
194 195
184 240
3 146
47 58
10 269
93 179
67 160
43 135
218 268
70 137
48 74
63 223
190 245
4 5
18 215
75 150
209 261
60 165
171 190
187 188
6 81
135 159
144 212
109 132
183 228
102 177
201 275
37 119
151 244
41 154
119 197
57 106
29 160
22 25
21 84
10 46
7 159
37 253
28 251
55 251
58 86
132 202
13 141
56 194
23 132
29 99
232 276
56 230
14 112
77 98
192 199
60 255
153 221
46 185
11 47
158 276
50 101
106 258
69 105
66 252
82 238
127 193
27 239
23 227
107 224
83 253
20 226
24 252
107 255
83 134
199 237
105 184
14 272
12 163
9 141
71 80
238 239
37 49
22 199
43 71
63 84
22 170
206 265
176 188
71 249
49 96
35 60
113 137
88 181
35 155
32 152
232 264
190 243
59 81
68 257
16 110
38 261
137 262
154 197
187 212
113 210
64 235
64 124
182 248
192 271
151 156
17 260
103 234
20 39
14 236
117 183
15 233
266 269
219 244
114 270
92 131
73 212
3 181
115 222
116 259
147 164
37 146
182 233
73 197
64 253
136 170
84 93
158 230
30 31
88 163
46 71
267 270
106 186
170 268
91 107
181 183
108 195
137 222
43 54
28 78
41 139
34 45
10 194
80 83
218 261
198 210
1 214
6 12
172 213
231 234
36 98
103 208
33 250
183 276
1 73
97 246
122 221
14 172
138 241
146 211
82 141
144 240
191 200
45 55
89 261
176 197
68 100
29 106
160 266
103 200
43 212
44 246
63 237
56 74
161 234
117 272
195 266
115 192
63 86
74 180
115 236
113 164
25 156
180 193
110 114
104 150
104 258
191 260
106 255
185 233
32 155
102 218
59 165
211 255
83 112
78 230
53 162
74 165
99 216
42 249
89 90
8 220
28 134
134 250
204 250
149 209
62 262
110 158
147 227
31 81
104 275
2 233
160 245
137 159
131 167
119 194
160 252
0 2
18 208
81 151
64 69
36 146
64 109
61 98
51 207
23 60
13 24
103 246
179 190
52 142
102 231
167 197
202 215
130 154
68 211
17 258
12 118
54 89
150 248
190 269
34 205
76 99
112 151
54 243
168 238
88 154
30 63
16 197
202 203
98 188
164 261
5 104
5 117
130 155
64 184
161 196
161 240
176 202
68 106
78 213
83 168
141 239
16 220
19 45
40 229
35 128
60 270
109 219
118 274
183 241
52 165
21 146
13 33
170 251
58 128
139 207
124 249
71 106
19 150
164 224
147 197
91 95
174 266
132 184
16 19
185 206
147 182
134 268
58 79
30 78
186 225
9 69
50 119
191 255
67 198
145 222
154 248
158 165
89 232
126 136
95 108
27 263
13 97
13 215
106 213
84 114
30 61
12 61
33 245
63 188
7 120
152 189
89 172
50 245
43 249
99 156
223 273
269 273
121 185
14 119
6 273
62 258
76 151
72 204
70 180
17 80
101 254
131 265
236 260
133 209
209 223
96 233
51 271
3 141
135 192
152 217
207 269
25 168
51 108
244 265
63 275
67 111
9 72
38 257
36 40
223 269
123 179
63 263
54 169
24 176
42 72
141 181
73 214
32 46
259 277
163 273
71 142
125 151
180 274
262 272
52 109
33 217
8 107
184 250
2 83
102 120
8 184
30 208
128 129
74 166
75 79
132 185
101 138
153 209
29 123
206 241
90 192
140 164
19 97
17 175
137 241
119 125
86 162
73 257
111 173
38 139
113 263
141 241
26 50
109 134
169 235
35 51
104 216
120 209
19 95
130 273
162 193
79 271
55 253
83 159
172 227
39 95
247 277
75 130
222 254
81 176
46 257
72 186
228 239
38 276
142 220
106 109
73 239
0 156
103 227
182 275
52 245
237 268
83 147
36 182
225 256
86 131
106 257
146 167
150 170
165 184
56 161
1 59
223 232
120 275
217 265
82 107
151 255
72 175
7 205
16 87
143 238
152 190
59 207
138 258
11 221
156 273
101 261
194 219
229 252
63 68
86 116
155 261
8 169
3 75
168 179
46 183
149 192
129 257
65 68
23 79
46 94
221 226
118 273
209 243
11 32
16 100
94 215
89 225
210 227
65 252
9 145
30 95
54 184
216 254
257 273
2 116
25 265
84 277
10 121
210 239
40 122
34 44
74 187
82 146
9 214
45 84
180 231
43 198
167 233
196 242
30 53
149 242
24 85
80 259
51 137
216 226
37 65
64 183
21 155
53 133
134 277
160 197
174 228
159 210
120 132
154 207
154 211
63 217
91 110
72 92
5 275
233 251
43 91
102 141
199 238
79 213
57 113
64 187
69 240
47 182
181 230
107 152
56 114
198 261
129 244
26 167
44 89
134 229
94 271
144 264
65 149
33 212
88 205
117 173
75 211
86 233
70 227
95 204
167 265
14 63
78 101
63 64
33 235
33 171
184 259
179 220
204 262
113 176
28 106
35 54
61 136
105 220
80 85
19 85
17 22
7 167
96 194
22 146
113 196
119 220
152 157
182 205
105 118
55 129
92 117
66 230
17 82
147 236
158 172
183 236
31 41
29 205
89 118
22 136
41 236
62 77
50 227
33 239
96 268
13 148
60 94
53 120
95 240
2 264
207 246
129 181
162 247
109 213
120 187
144 238
154 214
117 258
84 227
43 93
89 139
114 214
7 131
8 274
61 135
182 264
155 260
17 126
111 179
50 156
22 64
187 267
27 150
4 269
149 253
89 142
68 247
162 213
214 222
57 102
56 195
139 269
64 67
8 241
158 203
196 233
68 146
94 112
62 243
150 272
185 212
16 47
25 125
34 131
12 266
19 93
165 235
69 270
38 61
26 67
31 163
15 275
169 245
113 121
52 70
81 214
28 109
12 204
29 100
148 262
145 240
30 142
13 189
18 77
88 120
63 124
40 258
59 145
125 180
164 165
17 268
78 159
53 268
90 106
126 230
169 183
25 127
160 210
28 211
91 155
62 144
123 215
172 261
208 262
128 277
1 229
242 259
41 266
65 141
15 264
202 266
205 242
132 165
36 213
60 101
67 85
110 206
84 184
28 63
111 276
66 143
101 249
182 204
109 232
188 220
79 138
165 187
181 212
119 176
106 204
102 144
60 238
7 254
16 254
68 258
42 119
169 276
161 203
148 225
217 267
43 132
47 57
147 158
9 94
159 260
21 246
55 244
38 59
37 218
32 44
5 207
105 226
7 54
5 113
103 257
33 160
31 49
115 223
150 189
165 189
73 79
225 274
59 155
7 108
95 250
129 154
169 185
24 113
108 252
126 158
108 243
50 252
173 267
156 219
102 171
181 275
102 222
3 56
110 223
42 122
9 65
104 136
39 178
92 150
251 275
221 277
194 220
21 256
48 73
46 70
39 43
123 208
64 93
123 231
157 159
46 126
43 66
119 124
59 69
16 91
71 161
200 261
160 194
127 202
189 223
156 264
0 228
1 14
35 140
38 102
14 78
162 190
223 231
41 85
91 127
44 153
63 143
227 233
188 202
150 168
136 191
76 118
169 214
21 107
94 193
134 181
69 236
15 215
145 220
96 106
26 129
69 208
38 208
95 222
83 215
90 203
110 216
103 267
14 92
157 216
64 181
29 114
216 227
32 207
43 87
110 264
108 229
254 274
26 42
45 162
107 209
132 182
22 257
61 119
88 198
59 275
108 232
115 120
215 243
21 149
259 265
75 126
48 61
26 156
18 236
224 265
197 200
58 250
18 160
91 154
20 86
16 225
92 226
178 244
16 240
8 57
92 218
191 193
68 129
80 218
9 139
5 116
190 204
11 79
10 169
14 128
191 207
156 157
128 250
48 162
33 97
3 265
4 237
81 246
88 169
35 174
131 214
26 153
19 231
129 141
70 79
82 213
47 219
154 234
243 252
89 212
178 206
50 210
74 91
10 35
62 79
30 100
48 108
158 160
62 87
192 218
47 224
10 73
7 223
92 269
0 126
33 94
30 110
6 187
131 230
218 229
76 80
86 223
27 40
2 157
21 194
11 158
46 101
113 233
40 95
71 259
64 246
54 65
57 80
41 106
111 167
98 236
73 107
143 254
130 190
26 101
183 256
3 168
113 232
1 208
37 100
163 185
175 179
0 161
121 177
88 243
44 117
54 98
60 75
149 225
38 100
249 253
95 219
129 159
191 247
37 265
55 247
180 220
4 250
131 258
101 243
102 134
157 264
49 261
71 139
41 220
8 46
24 61
57 223
53 205
36 269
139 233
113 170
18 219
67 130
9 219
76 169
46 137
6 71
18 131
218 251
58 91
12 82
132 269
153 220
215 227
55 186
59 78
71 250
64 215
21 266
26 132
6 53
169 205
32 184
74 86
138 246
189 213
134 164
23 27
45 251
137 248
42 141
170 273
43 74
99 244
149 249
165 237
20 62
14 106
123 162
13 170
12 105
111 127
138 152
95 247
70 197
96 260
119 268
68 99
21 170
36 105
160 235
129 148
30 203
25 32
92 97
82 248
53 82
263 267
71 263
226 233
74 156
119 122
10 58
160 184
47 231
34 243
167 247
39 82
55 86
64 247
57 165
57 217
217 257
226 251
36 168
93 113
87 225
40 186
189 254
82 118
79 249
18 130
10 59
125 234
37 193
34 223
74 112
196 232
37 91
82 151
0 259
55 137
109 245
201 242
151 195
12 273
60 73
101 111
21 205
2 14
14 102
72 271
179 226
22 24
108 198
48 95
22 79
9 153
28 204
94 179
230 275
134 204
122 236
76 246
64 264
156 193
129 275
237 251
202 252
115 157
65 212
65 129
48 83
2 251
19 127
5 90
32 190
124 143
70 204
30 169
83 254
112 232
86 159
91 150
204 257
215 236
89 230
63 242
222 262
9 252
71 229
53 113
211 270
182 272
8 103
10 98
28 210
220 268
75 233
80 151
54 140
174 264
78 135
64 111
119 189
44 251
65 193
112 269
47 239
47 100
70 121
155 204
9 233
11 18
159 179
19 241
143 186
73 162
196 258
32 242
72 200
48 219
137 184
221 265
57 207
272 275
40 223
61 109
12 225
172 236
131 182
14 90
7 28
224 273
43 115
47 248
103 137
3 111
237 267
94 196
195 196
72 236
220 233
22 129
58 179
94 263
95 230
123 263
101 262
127 156
63 154
107 210
97 174
247 275
6 85
33 170
31 108
185 227
46 95
104 159
201 206
187 195
90 263
3 218
192 272
141 265
238 244
76 240
55 188
11 107
108 193
45 135
109 174
102 172
100 149
213 248
17 193
37 182
65 109
177 255
6 192
50 234
132 181
182 219
52 238
34 108
31 57
168 274
24 255
27 271
34 254
16 85
35 226
81 117
3 190
78 113
126 131
246 270
35 101
57 273
31 167
170 192
84 210
52 190
3 269
131 274
17 27
194 223
92 223
178 236
85 108
92 215
152 198
67 224
61 179
90 127
25 128
93 242
54 178
13 268
227 250
65 128
24 27
224 227
128 204
13 115
27 91
38 215
64 185
91 212
179 248
250 265
127 138
42 71
36 263
49 245
126 186
28 59
21 105
129 206
211 215
91 206
118 184
101 206
240 243
128 207
37 161
48 59
72 197
179 234
239 275
72 277
16 263
35 224
217 256
131 198
5 18
225 226
230 272
77 223
25 200
112 218
31 229
1 247
128 272
95 260
21 179
232 270
178 214
156 265
140 273
55 66
108 151
86 190
125 207
113 168
143 195
179 254
18 196
10 62
125 268
162 274
72 245
70 225
66 225
171 231
65 74
49 97
34 49
25 179
196 245
92 191
32 58
29 208
64 161
154 184
3 201
106 173
98 243
122 196
168 225
205 248
56 207
231 260
27 237
87 93
96 171
165 208
46 84
83 125
61 270
107 112
100 197
18 59
117 199
157 243
114 272
26 243
186 201
89 201
58 61
15 221
124 175
90 159
20 80
76 205
138 173
17 162
34 172
0 84
22 244
30 106
151 214
173 218
28 163
39 42
161 275
37 187
69 154
158 274
168 180
85 194
144 201
7 50
48 241
109 118
205 258
36 176
102 265
16 78
14 243
223 224
226 249
176 277
80 275
62 73
146 239
58 263
117 271
36 192
179 210
133 250
9 192
37 124
161 216
13 264
196 250
86 221
24 229
16 39
7 235
12 256
18 193
161 174
29 165
138 169
89 206
87 206
16 93
6 120
45 201
78 252
25 208
65 78
10 277
50 257
30 103
137 210
144 202
117 180
1 100
206 219
193 196
3 155
57 120
3 119
203 227
63 146
143 242
25 87
63 110
61 261
59 119
24 71
173 242
125 219
71 128
56 154
4 147
156 175
109 247
66 246
101 118
152 270
50 181
6 65
20 274
238 242
183 258
6 228
41 140
9 70
70 248
103 184
19 171
202 230
95 242
102 239
69 234
219 233
7 174
71 197
170 199
22 225
5 245
238 241
57 171
159 271
137 191
124 168
133 272
116 228
255 264
27 185
22 177
120 245
28 160
108 125
5 180
126 147
44 219
75 105
98 253
164 251
195 223
62 78
41 68
81 188
20 117
125 277
92 272
96 243
135 166
123 150
115 229
68 128
129 149
92 152
2 198
146 177
78 87
100 263
60 172
135 162
136 187
7 124
67 159
11 61
212 268
5 134
178 262
21 254
25 211
51 56
117 160
37 224
61 79
19 179
99 224
70 142
38 217
14 223
21 25
65 265
128 176
150 263
83 235
135 265
177 263
46 176
227 236
84 137
94 150
80 206
2 74
107 159
58 138
242 272
177 206
97 110
40 243
50 90
20 159
36 255
60 177
114 229
181 257
55 75
169 191
139 159
14 85
36 273
31 240
6 44
122 198
116 122
150 223
116 257
107 150
104 204
67 100
44 156
128 163
60 158
11 268
50 233
61 199
60 74
160 165
191 195
147 149
54 153
25 239
116 158
147 250
157 207
13 51
95 210
17 117
62 269
61 143
75 146
24 133
148 180
161 197
165 222
102 258
20 102
130 240
25 35
123 239
50 58
164 231
108 221
265 277
22 207
88 271
24 159
19 220
41 82
169 209
95 207
36 114
117 171
104 163
40 165
71 144
0 171
36 188
77 214
102 252
49 277
110 175
126 204
135 190
145 185
100 153
62 156
66 199
24 173
35 219
68 73
98 128
30 112
33 163
147 202
33 187
70 118
62 116
127 257
214 230
74 239
146 220
34 219
20 251
184 265
106 183
157 218
95 137
59 191
32 125
132 223
36 230
18 182
98 179
122 242
1 77
211 262
4 148
89 166
61 246
81 226
50 271
14 138
18 147
114 153
11 253
34 110
11 95
40 264
188 255
122 277
7 87
27 181
8 31
62 208
72 253
116 173
128 168
77 147
66 254
99 234
193 274
105 127
32 65
135 235
87 162
101 158
257 274
197 262
146 189
77 239
212 254
133 206
267 276
117 153
104 197
32 40
106 126
112 125
179 255
121 232
165 198
162 261
66 249
80 152
6 42
50 54
39 251
71 105
44 276
123 133
7 138
123 169
128 244
16 193
150 192
172 265
137 216
45 105
47 86
123 267
112 166
220 252
15 42
151 232
22 249
131 235
269 277
119 210
193 271
13 64
145 209
7 42
102 145
75 277
51 189
186 198
203 248
101 268
68 209
9 38
128 140
139 191
120 271
17 265
64 159
226 250
113 163
63 268
183 187
64 132
53 234
150 264
134 149
146 238
91 199
36 161
99 248
208 252
58 121
40 217
105 247
140 156
8 55
88 157
54 186
71 104
140 240
128 214
24 264
235 253
120 242
154 241
39 179
105 128
101 205
65 243
52 253
207 260
49 82
27 234
242 263
16 246
51 227
246 277
17 28
55 183
178 200
150 222
53 112
203 234
89 123
90 274
32 222
8 142
12 84
13 187
132 245
60 80
100 190
24 207
51 218
52 217
139 263
70 133
124 172
84 111
171 181
84 213
12 272
200 273
140 157
129 233
260 261
12 231
64 227
186 197
6 204
96 141
197 224
125 132
192 245
93 120
61 232
109 239
71 171
156 232
157 215
9 79
124 271
155 213
106 241
54 248
156 238
45 190
170 233
114 175
47 170
139 271
184 232
90 120
42 65
159 161
71 103
17 69
74 160
201 253
182 212
26 199
106 246
97 234
110 276
57 115
0 197
31 77
134 139
51 62
25 181
34 94
52 225
85 181
44 244
82 182
212 241
6 218
43 75
110 194
56 121
194 235
25 88
73 77
1 158
25 191
224 225
132 243
182 186
95 182
209 277
141 174
16 64
32 179
102 225
6 175
56 209
51 146
21 74
97 257
34 79
12 144
7 9
208 221
141 254
33 154
2 118
52 56
162 192
36 136
73 243
191 192
121 130
78 254
84 112
254 257
220 227
76 197
128 262
106 160
30 264
109 145
115 275
53 238
28 216
148 156
37 206
6 250
47 78
37 52
114 160
20 221
46 164
103 219
21 71
30 155
20 261
154 176
16 156
175 261
243 264
138 160
44 258
114 227
15 256
184 245
193 210
15 189
101 200
188 276
157 186
17 105
4 178
100 105
135 153
4 66
79 95
77 245
2 61
13 57
90 206
138 250
15 262
3 274
11 184
164 266
123 233
81 99
56 95
20 147
12 213
19 185
89 191
12 265
13 67
123 248
0 37
6 241
160 273
0 175
204 221
26 105
26 37
4 124
110 112
29 81
32 192
63 277
60 224
264 270
24 205
127 263
129 241
122 177
51 252
31 72
142 242
29 62
90 268
124 189
86 141
87 161
56 276
35 188
174 271
28 121
140 146
176 193
29 229
180 267
139 227
4 171
52 62
86 230
31 133
107 275
112 244
125 171
98 184
40 226
155 176
25 244
147 239
16 72
144 277
116 130
48 222
120 146
36 184
19 202
116 119
159 252
91 116
169 174
6 41
217 238
210 252
122 190
14 43
58 59
103 207
6 106
138 148
97 221
118 122
141 142
1 2
55 245
131 157
73 230
71 226
59 74
133 139
111 166
19 224
127 180
35 131
163 200
42 61
131 160
73 235
17 190
97 156
64 239
153 244
123 204
68 155
71 123
43 188
138 271
180 257
11 259
34 178
22 156
10 99
232 237
172 226
168 181
84 134
55 160
246 247
48 55
33 205
151 159
171 198
12 195
182 239
74 235
87 270
15 161
15 170
100 132
33 172
77 268
179 197
96 172
133 168
119 190
63 235
20 23
231 276
61 277
102 203
16 218
0 13
61 212
235 274
165 229
44 207
134 137
37 139
3 216
59 148
181 222
98 195
133 238
46 228
28 30
63 257
116 217
82 208
149 245
13 60
76 262
140 249
1 136
92 130
90 269
74 98
84 177
18 237
42 105
17 49
51 191
10 38
97 131
254 263
90 134
42 213
62 141
30 71
85 163
141 266
38 209
11 238
46 59
82 110
112 146
67 252
143 168
240 246
53 88
116 221
162 230
219 269
18 105
26 39
211 263
75 154
29 264
99 186
26 181
140 145
49 87
41 91
112 246
87 175
173 233
10 15
54 246
100 183
79 113
6 87
17 204
195 230
21 26
157 252
40 190
76 229
46 110
59 197
26 54
57 163
35 195
163 258
22 178
26 168
108 179
3 147
50 273
29 270
9 197
259 276
10 63
177 192
104 169
151 202
128 215
4 67
76 214
137 145
180 227
66 151
8 196
23 61
7 233
152 239
22 261
241 253
82 264
49 80
210 231
4 176
239 250
30 228
188 237
104 182
97 260
6 54
6 43
0 256
121 157
90 248
16 212
249 262
34 57
29 253
41 109
149 270
29 85
54 122
119 270
9 131
206 271
99 213
96 231
17 131
93 189
35 109
24 136
69 141
39 212
213 276
173 177
32 121
16 90
116 179
86 206
162 260
141 260
98 100
101 117
140 257
48 187
13 167
126 268
51 145
70 129
28 32
155 228
174 207
213 216
113 124
5 208
35 124
3 192
20 162
18 226
15 27
5 241
80 164
123 154
54 276
74 259
49 211
2 125
85 208
5 230
157 160
79 90
154 194
9 177
95 175
21 186
80 243
4 258
168 212
114 267
145 227
149 214
121 183
176 220
51 177
129 239
246 271
54 174
95 217
23 211
114 139
43 57
129 186
21 154
4 160
93 270
208 275
186 205
40 121
109 111
184 234
107 205
219 271
0 112
111 253
23 208
84 255
114 260
51 120
92 248
159 263
69 258
222 242
185 240
99 257
75 264
79 137
101 141
162 191
79 238
11 136
33 238
26 71
7 257
77 234
136 265
83 274
104 199
115 276
102 164
37 261
27 240
52 237
102 259
149 172
0 186
191 259
197 234
83 160
140 179
13 56
49 215
66 231
153 219
140 189
32 149
47 119
96 151
64 217
213 224
141 217
56 136
118 144
61 118
132 195
84 167
47 237
224 228
11 211
37 159
99 133
216 269
16 18
108 188
55 274
213 260
43 90
26 62
141 264
41 138
119 253
208 218
138 185
9 179
69 142
152 277
86 169
120 207
161 188
238 252
138 267
174 275
22 239
14 136
174 177
49 234
129 152
45 75
11 225
122 139
69 170
180 236
206 272
3 197
28 195
5 40
74 215
164 272
141 211
125 174
235 273
22 190
175 260
9 185
124 191
123 140
30 141
18 141
126 142
7 201
176 191
125 236
87 169
53 80
3 123
126 164
202 238
120 160
19 142
85 117
124 245
108 148
72 214
187 248
1 245
27 102
0 193
225 272
46 263
104 243
249 257
175 270
78 195
202 240
43 79
103 174
94 163
57 275
12 222
26 40
67 175
28 125
98 161
199 261
75 124
62 268
47 49
41 81
127 183
209 266
196 224
19 75
49 70
27 49
15 47
240 265
25 107
144 250
240 277
118 234
125 230
75 220
208 232
83 256
4 93
53 93
12 148
11 34
76 212
54 265
146 163
1 226
55 233
52 148
29 146
115 164
9 98
21 201
109 127
43 63
94 162
124 272
164 207
216 272
47 223
15 206
40 211
17 235
89 92
140 165
34 224
148 217
97 229
136 189
191 256
3 13
129 234
239 243
95 255
1 31
197 242
2 261
128 219
143 257
29 115
76 209
28 257
215 237
98 258
69 127
190 218
19 276
69 75
124 128
20 51
111 200
163 254
173 252
39 273
30 200
10 156
107 119
102 118
19 36
147 216
107 222
28 112
32 63
15 30
45 149
63 144
62 201
92 155
23 140
109 166
62 271
27 216
207 216
102 255
170 252
193 205
197 276
188 198
118 215
125 188
65 181
230 268
195 208
63 152
113 198
142 248
169 263
212 261
134 248
32 87
44 79
98 237
11 155
82 114
127 222
121 161
76 245
47 262
199 260
212 227
35 64
185 214
125 202
53 201
95 252
174 214
127 136
70 199
83 196
204 242
100 160
70 144
39 107
20 63
146 169
113 131
114 141
118 123
94 214
9 48
21 258
180 183
155 158
208 267
263 275
130 243
30 227
143 266
194 213
34 174
82 147
51 251
77 162
0 51
117 134
3 80
98 131
74 260
80 258
55 236
65 239
167 263
6 267
87 153
207 253
54 161
39 80
173 236
30 59
18 43
83 91
105 201
244 275
52 218
4 131
204 219
4 123
2 77
178 220
99 114
109 221
22 140
22 185
31 137
51 215
32 33
80 251
10 223
136 141
164 183
130 169
77 131
218 222
196 239
209 214
204 243
88 134
61 160
131 277
37 156
117 124
158 170
122 231
154 189
72 208
88 260
49 115
80 102
33 265
122 276
58 233
34 212
12 42
202 204
5 139
36 88
126 132
105 175
57 72
170 240
100 202
83 156
129 231
7 146
53 141
168 218
60 122
227 259
58 222
118 269
109 224
0 221
151 229
11 193
71 214
123 177
138 155
87 99
205 240
78 109
75 162
91 126
160 191
0 107
182 201
25 259
135 171
0 194
203 244
70 257
184 254
100 127
93 199
30 159
161 229
43 261
110 147
21 33
59 161
16 107
76 147
39 152
147 175
15 265
130 192
13 193
188 254
104 172
54 71
209 228
147 217
64 89
76 101
174 244
248 262
120 131
6 108
16 120
56 231
86 195
90 175
129 209
20 60
21 195
43 171
8 58
18 175
230 231
25 116
16 186
63 228
51 104
92 104
32 161
28 137
35 122
0 157
69 164
31 54
141 206
97 195
17 270
75 237
51 98
78 197
25 268
6 26
243 256
10 264
10 181
112 194
125 205
256 268
36 78
6 22
110 177
28 135
66 100
10 77
111 119
42 162
126 259
5 262
60 106
240 256
57 239
34 265
28 124
127 210
15 45
50 128
34 264
74 257
65 113
111 181
24 152
28 162
42 161
36 159
8 145
17 211
136 230
8 143
162 263
86 87
55 63
6 66
75 205
140 144
38 197
16 94
82 104
76 88
110 183
26 247
47 255
40 239
174 258
82 159
2 47
16 165
121 127
181 247
135 237
66 264
101 226
144 148
211 256
69 227
60 66
202 213
243 260
166 273
190 252
104 235
174 225
69 262
178 188
210 272
72 275
123 221
122 176
175 230
124 144
21 120
50 125
194 249
77 138
206 232
187 232
190 219
5 10
188 195
108 128
97 265
139 148
135 141
115 179
232 266
50 240
216 222
42 234
262 275
54 236
40 273
96 157
185 195
112 242
160 214
102 262
201 261
171 223
20 87
143 275
153 168
49 106
75 165
16 277
3 90
202 235
229 275
148 258
25 182
145 269
119 123
161 257
123 226
148 235
217 275
56 92
144 233
132 177
162 175
121 256
153 178
22 161
70 168
136 254
145 258
101 263
59 114
57 175
78 136
76 165
2 245
101 102
57 145
179 259
53 81
37 272
91 226
157 203
111 248
189 217
95 131
188 231
105 272
38 124
72 157
0 190
126 179
17 53
57 153
44 159
54 133
116 139
161 225
52 185
47 69
48 122
66 162
176 199
164 258
143 213
203 271
148 238
50 138
205 226
190 259
6 15
22 247
81 251
100 156
88 202
30 181
174 205
24 248
16 205
8 21
175 205
114 154
38 187
61 116
4 174
8 192
163 164
2 199
46 206
34 271
84 274
46 127
9 269
27 117
113 129
33 195
20 22
171 238
12 247
16 101
13 237
125 136
12 126
32 156
70 274
84 159
132 235
124 269
40 57
28 39
48 135
28 107
14 57
15 23
68 200
7 44
17 64
20 110
49 251
117 261
38 111
175 238
44 118
225 259
44 148
130 219
197 258
143 271
29 137
129 135
4 99
56 222
96 178
174 182
136 161
110 186
57 94
182 261
61 64
90 253
233 266
206 207
140 171
169 196
33 248
149 187
132 143
153 215
109 206
71 218
162 220
6 125
16 142
103 134
189 246
208 215
72 160
149 165
89 198
5 156
74 146
97 261
69 102
7 99
203 230
90 149
28 200
18 22
22 158
167 193
27 265
138 273
258 259
75 196
173 225
119 222
99 155
153 252
19 139
60 143
122 140
35 276
98 221
13 35
56 252
17 203
13 255
18 63
7 68
156 180
180 271
6 70
142 174
87 243
58 64
146 261
151 242
124 188
132 152
97 127
172 260
202 222
3 177
192 223
242 248
3 7
154 235
11 72
142 192
174 256
148 165
43 228
64 85
24 125
146 188
104 151
68 87
234 249
69 145
36 252
139 160
75 129
242 255
193 222
90 153
5 51
72 156
27 131
53 150
122 166
43 276
162 203
169 248
38 54
128 230
148 191
111 178
45 210
115 257
96 189
98 235
65 242
95 249
32 55
140 168
109 198
109 188
107 147
134 236
18 266
99 129
40 123
119 272
108 181
39 54
32 264
53 251
230 236
109 248
82 190
154 195
216 262
133 215
22 126
54 67
57 178
102 250
178 192
68 259
45 200
92 118
60 266
143 196
125 184
152 249
17 34
23 85
70 99
117 137
132 222
58 269
69 209
24 171
132 136
258 263
101 190
24 149
151 170
5 268
40 74
143 243
215 252
15 226
133 273
209 240
91 97
55 118
12 179
170 211
96 267
68 201
73 105
27 45
79 198
117 166
49 239
23 130
5 198
95 167
49 263
95 264
222 269
131 233
58 219
30 99
126 160
25 139
195 252
12 141
1 24
146 154
124 211
124 267
93 138
6 80
17 200
114 233
192 246
216 219
101 119
29 217
221 267
113 262
187 192
5 267
112 250
189 255
4 72
62 93
55 78
31 138
113 201
113 229
77 86
213 266
101 210
12 192
39 210
43 168
111 210
56 186
30 41
131 243
23 115
66 99
110 174
55 116
156 189
2 136
147 166
147 191
145 188
208 213
79 229
41 105
51 185
80 242
67 76
22 110
38 203
5 151
11 251
5 155
196 241
127 142
125 253
82 227
103 147
158 231
28 55
157 259
191 249
131 140
196 269
32 120
21 94
136 167
68 253
52 264
12 178
71 215
148 200
1 129
51 60
4 276
69 161
37 116
119 254
72 219
62 234
39 50
91 159
95 209
100 136
51 178
8 277
59 171
101 130
89 127
61 150
133 145
132 244
129 240
76 258
13 85
21 39
208 231
170 209
164 175
52 163
16 153
15 87
153 229
86 170
17 170
223 260
36 97
188 201
116 212
132 277
13 184
46 68
11 166
116 128
223 275
32 191
124 214
8 231
44 233
30 274
70 169
125 235
67 201
39 118
85 186
163 171
226 231
199 259
36 156
226 269
4 32
54 135
106 112
88 146
56 201
136 241
135 255
50 70
257 260
177 208
7 112
237 272
205 230
35 159
140 238
176 185
63 130
137 228
13 144
234 250
5 246
66 92
50 94
171 185
35 89
58 268
91 243
242 274
38 190
25 158
5 201
109 143
14 240
52 272
90 108
143 211
124 186
124 137
3 152
111 157
18 211
13 203
38 247
67 243
3 92
175 256
148 266
115 156
67 127
65 173
133 268
63 103
233 256
0 138
130 247
78 251
141 250
94 253
183 274
71 100
124 174
49 111
11 71
119 231
123 196
1 104
88 208
27 32
70 135
90 146
250 275
8 209
234 270
40 160
200 207
119 211
139 257
116 150
26 259
123 144
50 214
47 120
227 251
179 264
77 221
207 252
62 226
89 196
39 191
138 229
47 50
230 261
76 115
53 213
33 224
67 167
14 50
51 138
201 249
201 236
87 174
119 174
39 47
124 250
13 74
137 207
48 158
62 270
42 238
57 83
182 238
211 214
69 157
4 94
177 259
94 141
45 110
45 187
173 241
129 250
7 104
0 70
140 203
95 262
58 126
57 267
96 122
37 129
82 127
6 221
70 185
166 225
158 182
12 215
25 142
52 136
14 264
130 213
93 155
18 145
21 173
104 265
93 159
13 136
188 190
68 190
181 191
92 108
74 99
133 161
47 101
112 189
109 177
80 187
99 151
64 105
8 237
10 70
213 220
148 196
156 237
56 131
104 167
77 232
175 239
2 213
216 225
69 214
38 268
28 108
63 226
87 227
60 164
13 76
39 192
93 131
41 80
29 156
26 225
136 256
197 205
24 110
173 257
170 194
123 223
189 271
37 75
11 139
79 259
17 257
148 252
170 207
47 59
90 275
163 249
65 120
163 235
59 229
80 204
9 25
141 240
114 123
87 135
65 202
112 152
167 224
67 101
61 165
29 181
160 211
45 52
193 255
95 142
229 255
121 231
113 127
71 251
3 37
200 201
73 157
153 208
41 240
107 133
51 205
27 255
11 163
35 214
35 270
179 181
157 227
26 47
0 50
63 65
79 188
90 250
105 204
31 272
214 263
143 176
144 204
241 243
144 187
146 199
135 240
185 194
86 154
79 208
5 251
170 255
135 156
56 90
70 78
35 68
74 151
64 209
17 226
162 244
69 149
152 220
40 172
214 236
22 111
27 175
86 259
18 113
50 176
132 199
79 177
7 178
1 29
176 230
35 183
150 185
160 218
25 147
52 170
129 179
24 200
19 246
13 117
124 185
129 166
100 108
12 86
88 119
134 256
15 222
142 176
23 96
23 177
108 166
128 233
128 130
7 139
101 132
83 135
81 109
124 270
31 111
52 180
214 274
40 151
197 232
38 200
151 259
33 244
87 241
196 197
62 218
72 256
9 142
40 198
49 126
198 219
110 246
29 96
42 66
143 180
190 211
72 180
124 170
32 115
85 120
6 181
16 50
93 95
25 240
61 93
139 245
90 256
140 186
29 102
186 237
113 182
115 128
99 175
138 188
33 263
178 247
0 242
115 174
74 77
157 206
0 108
140 161
36 187
70 158
71 240
107 175
132 265
87 180
149 166
208 234
12 200
135 210
69 70
39 199
7 60
78 190
1 177
178 190
30 195
192 227
92 207
17 231
139 231
37 147
54 58
18 108
4 268
123 153
129 207
0 3
40 69
24 242
81 119
100 217
83 206
15 59
171 270
97 149
11 197
7 32
186 265
119 214
240 276
3 166
240 257
67 188
80 222
72 112
113 142
142 191
127 229
22 61
221 274
206 252
241 262
52 158
19 173
137 272
114 193
70 271
51 61
163 207
5 170
121 193
40 230
36 69
112 177
4 117
34 100
170 189
197 267
41 273
55 185
10 102
40 270
22 102
159 178
166 241
47 126
87 148
127 216
74 230
201 213
201 272
191 263
78 137
169 265
32 35
125 210
26 172
128 134
48 174
65 208
96 253
109 274
26 209
231 237
76 273
116 204
144 193
0 222
160 228
11 183
33 102
113 254
30 79
128 208
29 73
189 221
71 217
63 203
129 200
161 165
118 194
49 148
46 273
35 41
33 49
206 276
118 149
103 163
7 187
41 60
177 238
13 63
60 246
61 114
155 218
128 179
90 94
128 138
32 276
147 220
6 238
162 245
1 273
122 169
132 141
62 154
13 243
105 158
243 263
27 112
62 241
25 276
125 141
143 268
206 215
8 152
56 227
232 238
58 115
112 178
7 200
31 80
2 59
61 269
45 104
148 171
9 175
49 73
120 237
2 209
29 142
128 256
49 67
260 263
90 212
0 66
179 206
2 104
46 270
84 172
64 137
158 175
37 204
116 210
15 57
22 193
15 178
16 179
4 59
44 55
27 186
51 176
56 87
198 241
182 265
193 223
71 164
36 89
8 30
26 275
208 266
67 216
179 266
92 196
42 248
38 185
84 127
77 242
29 236
11 102
74 178
28 87
10 23
50 228
2 234
211 244
108 160
159 229
11 130
77 87
173 234
207 209
89 162
54 137
110 241
63 90
19 22
197 222
85 157
106 165
95 236
48 181
123 191
199 200
47 198
27 247
116 132
129 161
69 268
94 99
95 228
45 108
128 252
187 219
144 185
81 122
157 244
24 251
120 239
181 256
13 259
146 202
12 193
48 190
152 232
122 195
105 110
148 197
55 59
88 91
99 270
51 81
144 228
28 260
236 268
29 150
167 256
1 234
138 260
66 192
21 115
36 152
82 153
16 86
60 133
59 143
210 271
87 156
8 119
22 160
48 152
85 141
141 242
6 222
71 185
140 150
11 36
109 184
8 164
138 187
226 228
83 164
77 153
15 61
31 222
68 152
62 261
51 254
88 89
33 266
148 273
0 217
62 187
85 109
29 250
86 185
14 55
97 188
58 141
10 108
52 86
169 241
77 203
124 180
155 202
210 218
75 133
35 48
80 214
189 222
18 239
36 133
4 213
81 253
132 214
243 267
180 242
43 119
99 169
77 248
84 107
89 238
56 135
66 89
200 203
109 222
157 276
20 46
107 165
25 101
170 186
8 45
72 127
67 155
14 262
68 185
67 262
206 236
17 83
145 238
137 229
45 151
91 153
10 171
127 236
172 223
14 66
25 94
74 168
62 76
42 171
106 262
9 180
59 255
116 205
27 129
87 117
109 202
164 172
56 72
41 115
52 252
49 198
43 98
192 197
106 158
186 239
200 276
28 237
187 227
118 255
161 167
16 17
5 164
3 18
210 248
69 276
1 161
13 190
61 256
30 251
152 244
19 268
179 227
127 176
130 162
52 93
112 182
146 273
32 148
110 126
117 263
172 202
55 268
7 61
112 217
235 249
23 29
77 93
16 149
159 160
146 274
23 274
169 200
130 211
166 229
2 155
158 186
49 103
159 206
179 202
65 271
19 166
143 171
69 200
188 215
70 270
246 267
66 127
96 270
103 221
149 268
3 40
31 142
119 179
99 132
149 154
98 167
134 245
78 160
207 276
8 208
186 266
26 159
60 113
186 209
27 169
23 97
66 218
126 144
152 264
70 164
21 204
143 208
105 210
38 264
15 229
170 243
86 186
141 213
143 228
47 213
96 191
38 202
54 126
120 206
131 209
30 88
146 190
84 142
2 244
71 234
9 150
98 223
196 238
50 175
101 211
17 54
108 162
56 275
226 260
183 268
103 113
31 256
44 226
141 216
179 241
240 262
241 244
42 150
57 183
7 185
30 177
27 193
162 272
90 242
73 82
26 227
165 185
61 251
24 222
63 116
67 250
20 61
11 91
1 140
58 241
70 224
133 149
33 198
2 176
124 147
102 227
12 15
201 240
109 129
44 74
169 208
8 170
159 267
251 262
15 107
56 234
69 153
16 206
50 96
166 216
111 146
71 116
175 266
27 257
24 65
46 160
41 170
59 231
141 145
0 206
108 224
12 122
109 126
47 115
240 248
112 243
67 158
87 176
33 119
0 269
19 134
46 132
40 251
155 192
97 147
171 272
117 145
14 260
16 224
20 173
153 231
3 88
142 206
205 267
69 231
3 200
12 199
148 170
165 261
36 71
39 148
78 99
177 213
62 86
123 227
167 204
224 277
186 215
70 89
166 169
25 216
2 184
221 237
159 246
70 145
23 128
12 102
88 156
139 187
127 204
91 174
5 179
113 161
156 190
144 165
96 169
219 277
97 241
63 87
34 245
115 187
143 212
18 276
171 252
71 202
96 118
44 236
34 77
36 196
101 232
37 92
51 118
116 188
49 219
62 164
120 231
55 108
41 113
27 272
94 239
24 103
73 217
148 222
188 233
131 232
68 107
15 20
111 165
227 270
18 223
83 230
14 69
137 155
168 215
170 248
52 65
3 135
52 82
67 177
101 194
66 98
18 218
108 163
149 197
8 148
162 243
190 263
261 276
73 125
8 150
80 189
147 259
170 225
48 186
14 135
30 118
59 215
45 79
110 141
119 247
67 104
16 51
172 224
85 110
118 173
109 190
121 200
49 190
60 201
18 82
75 194
55 158
109 210
234 259
195 272
176 256
57 222
24 128
139 266
207 261
107 248
88 250
200 269
164 196
11 270
43 264
66 170
30 70
99 188
158 254
76 234
41 238
177 187
46 165
42 269
245 275
106 187
111 176
103 150
147 260
57 188
30 275
8 263
230 267
72 115
40 163
75 175
205 238
89 97
74 100
49 243
82 178
33 50
67 150
113 250
21 165
69 74
168 194
63 138
3 205
123 224
75 184
74 167
136 235
163 175
4 133
154 213
0 67
143 198
205 220
134 197
104 119
26 254
188 225
115 238
36 251
42 268
185 239
39 275
57 169
35 272
27 182
0 155
85 135
106 185
178 194
108 150
115 277
119 159
28 53
4 164
255 267
0 236
165 182
148 271
55 128
41 104
94 198
64 133
22 45
25 113
32 233
71 241
13 93
190 262
100 150
99 250
98 120
86 275
49 177
2 55
93 170
85 257
131 194
36 107
61 242
22 168
43 73
46 272
18 31
37 220
138 224
74 204
134 154
13 205
15 22
111 123
37 87
67 148
18 27
36 271
105 214
33 167
146 224
133 264
3 249
146 209
180 195
197 273
44 107
28 62
80 171
127 206
13 27
43 183
46 54
156 251
104 241
59 108
163 244
85 178
23 45
14 77
62 165
34 218
39 231
200 263
1 88
53 197
8 202
119 164
253 264
149 252
144 160
78 186
86 161
180 263
4 132
15 173
246 251
138 221
26 146
178 213
37 250
87 212
105 203
51 270
62 115
161 260
93 123
72 80
39 203
223 229
176 184
133 172
99 251
203 213
0 78
25 221
63 115
38 158
45 85
106 219
25 204
27 151
117 120
56 104
180 240
13 47
177 262
58 206
17 161
56 225
102 158
193 195
195 212
204 245
106 161
32 172
41 192
120 266
103 118
2 41
99 143
212 222
86 135
4 218
78 192
32 256
107 166
117 224
74 116
14 129
150 240
54 103
50 256
0 254
211 212
80 260
69 143
15 82
12 16
221 252
69 86
12 19
172 183
103 142
4 142
66 195
114 159
102 205
84 236
135 203
189 220
122 129
72 192
205 207
87 253
129 194
40 82
3 125
68 136
206 218
120 201
157 210
134 207
5 67
81 207
140 242
95 196
223 240
73 110
106 209
20 209
143 152
154 219
49 228
111 128
125 256
33 137
11 204
151 161
221 224
5 23
179 272
164 222
60 173
127 184
153 158
176 252
72 272
226 273
47 142
76 174
26 135
43 123
169 249
132 218
87 217
46 213
62 70
43 82
20 249
83 247
32 221
185 238
147 277
21 50
234 253
220 223
124 258
95 158
17 227
221 245
88 93
128 276
39 44
25 213
21 163
14 253
6 110
33 262
147 266
2 139
124 159
56 110
156 162
99 136
76 149
82 266
193 199
162 242
20 118
81 113
84 113
67 277
212 263
121 246
192 273
93 136
71 177
61 155
114 207
6 145
197 237
3 134
163 246
120 133
34 47
95 134
5 22
29 207
2 21
120 255
0 52
17 113
179 268
198 209
60 140
222 265
110 230
165 272
25 176
9 105
239 251
217 221
6 63
204 240
119 269
59 274
16 175
51 262
173 189
110 111
9 86
35 57
178 225
55 124
68 236
164 197
19 111
49 123
214 224
75 197
65 94
18 40
43 155
160 203
169 222
222 245
138 217
126 183
119 244
90 170
62 193
87 171
12 47
84 88
157 228
53 161
45 273
13 53
16 260
24 232
222 231
142 260
74 108
241 264
16 152
228 251
80 188
127 178
75 231
5 167
132 219
55 277
92 230
17 107
17 18
25 38
122 210
127 188
20 217
133 226
217 233
129 172
70 111
19 37
77 102
31 165
223 252
8 128
34 82
52 186
173 214
89 133
87 239
252 263
7 245
62 257
1 127
47 265
214 225
101 258
35 192
121 138
92 193
45 228
12 156
140 190
39 276
248 277
19 222
48 183
221 270
78 204
130 269
85 150
43 60
78 215
74 84
121 135
164 182
125 161
94 129
27 274
109 191
77 197
209 233
47 129
58 185
1 114
28 169
152 250
140 152
8 22
252 274
81 105
32 240
258 265
28 275
82 130
126 242
166 263
91 98
51 89
112 200
92 136
170 260
16 163
35 70
94 274
176 194
203 277
189 197
107 242
123 261
81 160
148 259
13 222
179 256
26 182
11 262
110 118
8 221
102 107
35 277
75 85
82 221
142 251
132 229
43 209
64 88
46 242
245 255
161 186
32 217
173 222
185 245
114 147
105 237
20 177
105 211
37 98
53 159
214 237
25 242
30 258
76 202
117 274
3 247
61 154
213 228
165 233
211 230
257 259
115 181
168 205
70 267
12 254
128 231
225 267
3 39
50 246
183 200
56 248
119 157
52 61
78 184
40 192
190 191
58 152
180 189
139 244
56 76
139 203
47 194
115 133
105 216
58 211
107 141
274 276
194 227
18 241
98 166
76 148
115 241
13 100
40 185
29 194
4 272
55 231
161 272
180 186
148 173
114 238
107 241
265 270
59 184
57 173
252 261
137 177
69 246
44 227
94 140
8 276
69 182
17 182
73 240
185 248
175 225
77 101
162 186
10 275
161 270
108 143
199 277
113 172
35 178
40 141
27 123
196 252
22 138
121 195
59 220
46 186
133 136
49 170
36 37
88 125
53 75
111 205
212 221
22 200
23 71
145 176
83 209
113 242
165 270
164 250
38 98
50 266
34 117
62 235
65 91
120 158
49 223
38 251
186 191
83 131
12 129
31 151
26 150
13 225
23 219
8 42
123 275
53 71
52 151
13 84
1 199
36 132
39 190
167 216
103 139
5 235
106 130
31 208
173 205
151 178
177 218
28 212
122 239
7 264
181 208
90 265
190 275
8 112
124 142
197 255
117 277
1 89
184 210
19 172
62 182
166 174
94 160
163 209
43 232
135 178
90 169
42 102
210 260
11 186
38 89
97 116
27 90
11 77
57 158
26 185
168 178
78 94
172 263
14 259
55 100
87 112
7 209
19 46
30 214
95 216
88 159
202 219
199 224
21 275
190 246
26 152
163 237
98 163
45 82
97 119
81 102
23 273
192 251
98 254
186 240
24 55
95 126
64 143
98 214
103 195
77 201
46 141
127 249
179 229
51 173
33 168
65 220
161 202
85 216
183 234
115 227
13 219
32 213
153 182
148 210
23 266
32 274
104 155
138 141
5 171
20 244
138 161
53 136
106 192
63 101
204 244
95 106
5 59
145 249
109 110
140 194
10 261
4 265
21 109
96 196
132 213
55 121
6 251
121 155
81 197
65 88
2 121
180 209
227 235
25 257
86 250
24 67
28 234
33 179
127 272
115 165
184 229
37 106
68 182
181 262
33 158
160 185
205 272
154 169
131 236
34 234
61 91
110 197
53 267
93 172
45 159
141 176
144 270
111 275
46 80
86 100
115 171
38 181
180 276
27 227
106 120
57 161
148 195
58 262
32 37
73 275
0 164
207 241
142 187
164 173
167 275
1 233
105 171
7 176
38 221
264 266
82 86
113 188
2 196
14 117
209 254
38 246
20 104
128 142
154 266
61 263
5 225
143 261
163 204
125 166
110 142
53 130
33 211
11 246
51 109
108 159
106 195
75 104
25 102
81 131
235 240
94 181
119 258
218 247
132 241
107 180
75 187
179 207
66 157
87 245
42 256
73 85
2 99
57 253
233 268
29 49
161 276
43 170
45 106
141 249
26 128
27 176
46 205
100 223
217 251
255 256
53 270
46 173
120 227
86 167
9 127
261 271
60 163
76 100
133 150
2 173
171 183
255 275
127 167
61 218
87 199
40 254
15 150
50 251
83 246
107 195
0 5
154 161
134 237
9 120
0 72
34 66
231 255
88 236
4 69
131 170
117 222
73 103
111 257
76 192
39 227
46 193
65 274
30 188
188 197
107 178
119 251
15 162
165 177
37 60
233 248
212 244
120 252
3 184
103 198
69 228
125 225
115 122
136 185
27 72
149 240
28 254
14 88
4 186
99 100
46 172
8 93
40 201
78 272
80 248
211 243
102 109
49 72
133 232
70 136
21 137
89 221
0 268
56 229
45 91
106 230
7 165
29 231
85 119
56 61
145 163
118 196
80 126
70 119
112 124
31 112
33 134
39 186
162 212
136 156
76 172
1 142
150 212
150 273
6 124
99 267
34 103
29 275
139 195
117 127
97 132
128 183
253 268
6 233
38 150
130 196
26 143
113 274
4 260
48 169
37 184
119 121
188 261
219 246
81 248
128 259
14 190
90 190
29 75
163 262
140 173
42 244
43 134
96 186
134 273
5 231
138 182
172 174
209 239
42 173
80 157
120 204
266 271
7 163
111 125
149 267
192 259
111 168
25 90
1 69
124 218
66 150
160 239
59 139
81 173
37 43
2 161
90 99
5 16
20 69
54 107
77 228
141 225
157 212
169 187
85 174
192 238
18 54
186 249
44 214
254 272
110 218
40 53
190 221
204 236
63 172
24 75
229 256
145 195
172 274
73 180
155 222
138 206
241 263
59 245
82 233
77 187
6 30
4 51
29 190
67 211
64 146
188 236
160 241
10 76
79 109
106 157
172 244
88 215
51 243
75 188
113 226
19 56
53 237
169 182
77 169
89 262
115 144
35 92
17 247
110 133
130 138
7 171
3 246
75 273
139 241
174 277
33 151
32 153
157 221
9 114
183 186
98 277
189 264
31 131
105 188
60 124
151 262
159 182
44 179
155 272
167 201
174 250
70 246
9 50
40 92
164 239
38 133
59 214
5 195
9 44
31 123
107 132
80 178
16 183
178 240
24 88
236 271
246 263
117 214
46 97
16 181
29 112
73 113
73 95
83 244
57 166
56 190
251 252
129 276
11 243
140 185
173 253
87 268
217 255
111 233
45 214
38 58
115 167
126 220
52 156
170 258
102 221
140 225
49 158
42 245
89 119
161 179
33 141
62 160
140 223
6 134
52 57
89 211
195 274
174 270
96 212
242 256
209 274
91 124
15 253
39 232
1 240
16 236
0 74
42 55
161 255
188 270
20 265
140 275
28 183
116 261
96 131
61 74
7 49
27 89
47 102
30 107
44 160
45 266
118 159
161 181
85 171
127 133
67 190
155 181
194 224
33 183
57 227
36 166
1 78
97 182
121 201
127 265
82 192
143 160
193 251
60 250
10 155
54 216
41 112
97 270
46 125
262 276
62 161
79 196
51 148
34 86
185 258
2 217
48 228
115 178
10 233
128 258
47 112
21 172
40 67
17 168
58 183
44 194
78 244
145 211
32 126
142 155
196 199
25 263
41 121
75 254
153 163
8 32
125 153
82 263
66 144
10 100
131 261
185 270
70 153
57 127
37 72
38 179
104 251
12 196
136 192
67 144
31 36
88 129
125 142
36 235
146 153
97 167
152 153
236 250
168 240
171 240
52 94
120 218
76 156
76 180
6 239
12 262
146 222
47 169
164 171
17 154
0 122
1 166
33 277
6 155
15 141
20 186
160 200
158 264
108 164
47 124
49 196
42 275
169 239
87 95
61 89
58 237
88 172
85 158
186 236
97 155
101 202
245 258
43 117
6 90
56 73
3 73
104 168
64 226
77 205
106 266
202 237
63 244
82 210
44 259
129 143
114 182
111 262
62 233
193 227
62 254
142 240
54 158
18 34
87 207
263 264
75 100
220 232
146 253
259 261
60 244
156 194
108 167
41 228
116 176
212 229
92 246
51 208
64 128
39 237
17 26
27 259
7 225
109 211
171 268
24 227
45 256
263 265
60 268
211 272
158 164
53 194
6 89
54 256
60 225
61 178
92 109
111 112
190 226
7 173
32 142
71 127
35 95
107 223
56 188
43 208
27 235
126 172
49 159
31 146
62 191
15 60
228 254
163 270
26 130
129 138
66 119
28 96
258 275
100 164
111 209
27 75
176 190
211 223
84 190
94 207
76 114
113 246
19 141
47 164
4 38
10 116
24 253
51 159
93 239
6 140
70 243
65 111
22 82
87 113
197 256
51 72
242 243
161 215
102 244
151 260
134 179
41 199
107 116
24 72
179 184
75 140
10 199
63 71
238 245
77 103
213 252
94 173
73 193
112 115
115 139
214 243
151 167
164 204
172 259
100 137
4 214
5 185
59 136
230 248
65 145
88 136
193 275
15 213
109 160
65 155
228 273
51 180
83 146
78 225
112 266
4 109
118 190
12 80
50 87
27 172
0 53
73 234
91 225
80 176
26 44
159 190
177 274
12 133
65 147
136 162
198 222
101 154
27 163
13 178
115 215
22 89
141 256
60 169
106 242
191 194
5 6
60 190
109 161
70 154
149 255
79 225
1 122
17 44
123 192
27 95
8 124
244 246
120 247
103 115
86 181
103 266
249 270
72 191
188 271
2 162
51 160
85 238
5 102
145 167
73 227
54 95
53 126
50 75
82 121
52 197
185 232
91 168
169 223
7 270
117 156
165 199
105 187
34 246
102 235
86 166
54 211
165 228
78 93
7 273
155 180
19 64
4 108
73 133
62 229
12 194
167 174
239 273
16 256
43 176
79 125
153 203
123 243
109 153
156 261
94 109
3 178
64 123
111 252
109 208
26 189
119 139
190 247
60 150
122 182
25 166
93 276
20 166
93 165
156 161
4 172
189 261
17 276
41 75
175 201
37 103
52 99
34 65
18 121
107 227
15 84
137 274
93 251
154 226
42 86
47 109
217 219
55 132
169 230
190 236
56 184
58 118
141 144
104 276
81 97
91 231
45 103
33 84
144 230
204 211
9 215
65 196
138 162
71 85
25 212
24 154
145 198
228 237
164 243
213 255
111 129
122 202
100 101
148 263
94 128
195 209
70 230
68 276
78 247
79 122
238 263
59 147
199 264
139 179
56 220
106 265
73 260
137 164
130 188
8 66
99 165
100 257
136 198
103 226
84 104
158 168
111 204
190 251
165 260
133 192
179 213
33 194
75 111
25 67
78 249
42 164
192 253
179 189
156 262
36 42
202 254
69 108
58 207
101 187
62 277
37 143
155 270
9 206
72 202
84 230
8 176
2 85
30 199
46 210
53 198
90 194
169 259
101 270
100 165
160 175
253 263
18 151
137 151
71 188
19 230
13 186
67 71
119 262
60 230
82 217
146 214
0 133
141 255
8 101
273 275
60 137
51 265
5 217
214 266
11 263
158 191
15 142
60 141
223 235
93 201
62 236
177 269
0 263
53 245
123 213
43 100
224 275
3 151
254 258
44 93
0 140
154 204
89 253
108 122
96 269
164 174
26 69
152 221
19 199
206 262
36 214
85 248
0 39
32 92
89 213
118 139
31 90
3 167
4 221
17 236
1 223
77 168
204 268
44 256
92 102
191 233
152 218
154 261
11 176
98 202
38 256
56 253
43 160
25 41
50 259
44 104
22 127
195 258
128 180
58 74
88 138
35 169
207 254
46 123
149 233
151 216
10 90
232 234
167 239
153 174
177 277
151 173
97 133
110 182
52 262
84 86
27 197
78 205
220 274
220 251
4 61
60 76
127 235
42 156
11 218
114 173
49 52
135 147
26 36
45 80
126 228
42 176
8 52
185 237
94 114
153 161
118 177
192 211
6 216
252 255
44 231
70 175
88 105
45 245
25 30
108 119
217 259
71 221
12 208
12 96
86 107
81 110
10 180
74 145
27 143
156 243
39 226
158 277
72 149
167 277
34 161
139 152
97 231
79 203
151 271
203 254
8 125
39 262
24 33
95 270
55 119
165 226
175 244
40 52
37 132
191 203
22 232
164 211
64 83
67 249
2 235
28 120
16 25
187 270
34 189
186 242
66 183
94 164
221 255
4 25
9 212
163 182
234 243
58 151
155 244
107 268
1 43
30 221
52 216
75 135
87 155
13 113
12 77
13 43
25 146
47 245
38 218
123 232
83 250
11 131
247 274
21 108
183 259
30 270
191 222
123 171
7 234
206 224
22 233
89 264
86 115
170 274
54 117
34 276
12 34
27 138
53 222
137 251
52 232
45 86
67 173
130 143
96 183
130 182
71 99
200 270
80 174
49 264
199 255
61 227
238 254
76 230
144 175
3 276
30 137
27 196
31 238
35 189
93 125
171 213
30 253
189 239
69 248
181 199
68 221
29 30
209 271
35 79
270 276
158 242
17 86
156 169
19 207
31 225
1 213
66 238
14 226
125 223
127 247
45 165
198 200
55 177
112 134
37 181
40 137
57 177
7 110
30 84
25 70
86 96
109 163
35 164
228 245
24 107
107 121
32 260
142 243
102 241
61 194
21 92
44 184
19 240
146 230
162 181
41 207
238 260
26 85
73 124
43 80
246 265
22 50
23 122
80 128
33 67
67 264
60 174
49 121
88 178
0 21
189 262
132 275
18 79
25 152
181 276
82 158
168 219
34 130
166 185
130 178
179 187
113 154
241 246
169 272
71 210
57 91
102 175
26 170
20 149
151 174
152 191
188 210
135 151
61 170
41 149
7 156
148 185
21 226
30 172
144 220
88 201
229 273
53 163
120 135
167 187
168 183
25 159
27 65
202 209
83 104
109 263
172 267
5 61
51 273
2 145
137 219
1 253
36 137
54 72
209 267
42 134
48 67
85 260
20 220
100 145
111 225
101 112
25 249
51 241
107 251
158 263
21 200
64 145
196 254
22 76
86 268
19 225
27 71
21 274
104 185
98 240
24 247
47 128
97 137
92 274
79 106
40 58
70 151
169 261
163 165
175 212
91 94
176 272
48 259
99 275
35 247
56 144
80 103
69 174
102 249
51 147
7 130
139 206
7 29
176 212
40 267
101 267
42 115
190 244
121 128
216 252
17 166
81 191
82 113
21 189
20 44
57 189
14 204
24 190
190 220
99 137
122 230
124 219
51 117
15 166
15 49
99 124
19 254
43 113
62 202
28 131
44 182
199 273
80 153
97 214
163 250
39 139
11 227
106 270
19 210
120 126
75 244
184 249
61 103
115 140
31 182
50 140
114 128
12 120
45 173
11 138
146 180
52 162
164 209
4 37
52 143
26 208
34 181
98 104
8 272
55 222
85 258
64 87
71 248
158 197
12 159
211 258
78 103
100 214
54 175
100 200
49 184
111 277
125 187
42 215
15 157
81 115
43 85
137 195
249 273
38 141
129 131
114 216
22 236
91 170
206 237
52 90
82 184
206 238
127 169
68 246
41 257
112 271
70 242
70 276
143 241
63 111
163 221
175 222
2 241
33 221
191 197
20 105
82 138
167 180
48 76
176 245
17 42
32 171
89 275
116 260
31 247
48 273
13 204
10 87
96 138
19 243
96 244
188 205
93 222
108 213
89 180
219 253
179 253
180 200
169 270
48 230
67 245
71 148
63 120
174 184
155 245
93 161
173 174
134 251
46 99
185 209
42 157
170 173
61 113
77 78
100 235
39 66
65 192
92 125
2 189
43 104
31 127
233 239
22 87
168 185
110 149
19 88
196 262
237 252
32 88
126 133
39 272
132 134
100 198
176 177
80 196
121 188
235 277
86 184
208 250
121 166
48 188
115 207
135 216
58 155
4 87
7 132
52 169
143 199
15 158
252 256
196 237
154 215
48 119
3 33
18 148
48 99
13 249
42 124
29 182
91 125
15 159
12 27
7 177
53 203
127 212
40 73
172 249
65 194
13 169
83 130
53 274
197 206
17 171
148 216
20 163
62 186
107 174
107 236
39 151
110 143
7 252
57 248
234 262
23 124
95 245
50 144
227 262
33 180
101 273
86 197
113 245
71 158
99 252
57 243
50 79
166 178
166 176
31 86
124 252
132 255
5 78
35 153
164 216
247 267
60 168
175 192
63 121
147 189
174 272
170 239
24 155
135 138
243 271
244 258
97 128
97 121
83 169
177 271
155 167
53 170
206 225
114 155
11 86
53 239
229 249
71 152
20 57
235 238
68 151
24 101
50 151
32 57
75 181
16 49
40 51
2 62
106 132
114 144
1 202
39 137
89 116
190 234
189 210
115 127
69 94
8 105
42 266
30 229
5 35
80 123
46 146
263 277
131 195
2 137
158 200
41 175
114 117
102 210
35 218
173 239
30 150
138 197
91 274
27 219
178 238
72 222
65 214
226 263
78 277
164 255
54 193
58 236
13 25
92 137
100 122
149 199
78 139
72 182
143 157
26 121
151 223
4 21
50 237
72 212
44 175
13 175
23 84
120 232
0 1
239 257
21 83
12 240
61 210
140 230
108 192
84 250
84 251
138 180
77 117
87 126
129 203
248 269
92 203
27 256
116 238
134 213
110 122
161 246
85 193
171 254
2 154
43 64
95 218
18 112
190 235
155 269
3 229
180 244
39 84
57 236
133 205
189 253
55 167
165 239
195 215
43 149
167 209
36 85
95 151
50 77
230 264
14 201
118 250
56 75
25 143
51 221
68 237
35 105
106 250
12 255
172 241
68 76
216 229
56 176
220 253
115 170
194 209
93 188
133 224
11 150
56 97
15 100
218 235
66 171
122 184
44 128
152 248
43 53
73 238
83 171
66 273
206 214
18 155
128 236
64 208
23 66
152 227
66 237
163 219
51 156
189 196
56 151
73 74
47 167
187 236
221 242
117 175
7 186
122 265
7 86
8 258
31 134
204 265
75 207
78 273
193 258
57 138
94 97
199 205
105 177
115 166
111 148
99 108
38 62
156 172
145 251
128 254
167 182
240 275
80 184
57 109
34 173
130 223
198 249
64 259
43 259
208 243
104 256
250 264
105 141
20 115
144 248
179 258
129 254
50 186
17 65
138 154
123 274
14 56
76 143
123 252
68 149
15 171
184 209
19 144
24 44
24 84
86 213
80 191
156 178
26 64
43 197
94 258
19 261
233 258
2 5
244 267
98 175
217 229
40 126
33 254
12 244
10 131
38 77
255 258
157 191
13 262
103 230
21 88
28 276
253 275
141 257
138 270
89 108
72 138
98 117
231 254
24 240
45 142
81 175
113 253
37 74
160 216
87 168
106 236
155 205
12 230
161 175
56 187
45 138
170 179
85 103
144 265
61 70
33 142
79 268
49 104
127 164
27 30
86 240
72 238
61 100
71 233
54 247
8 160
56 157
47 205
74 93
112 144
124 255
116 250
10 83
119 153
64 97
97 206
85 172
196 228
183 194
20 65
51 143
196 273
1 131
31 140
159 177
127 197
200 255
52 154
72 126
22 41
79 99
147 223
124 275
191 196
77 149
98 251
22 124
92 168
10 139
116 208
61 223
109 214
36 66
86 175
101 265
37 138
31 70
174 223
69 158
99 220
64 153
148 190
120 172
92 224
107 194
65 238
91 102
80 220
210 214
117 174
44 243
34 231
86 139
93 160
100 138
48 200
84 152
20 179
71 255
60 70
68 181
237 239
94 157
43 178
70 92
68 117
163 239
44 173
112 235
50 177
101 259
131 262
175 197
211 234
138 146
98 185
17 93
38 174
143 247
49 186
75 95
30 156
17 263
49 114
60 128
63 66
95 197
8 131
11 64
97 226
99 227
153 234
31 274
152 166
45 137
127 170
107 143
126 149
120 195
151 208
18 136
133 274
54 242
21 227
140 158
49 253
93 265
94 105
159 255
125 217
21 36
60 227
242 257
71 150
36 242
15 219
71 132
29 267
7 81
26 123
115 211
97 254
95 166
142 205
62 89
85 154
42 228
29 44
102 197
126 248
251 256
188 238
41 73
113 239
52 128
21 188
17 164
71 121
79 108
72 132
175 236
134 165
144 221
102 104
192 228
33 165
0 111
154 190
28 253
26 276
43 189
74 120
102 242
88 191
96 237
113 149
146 262
17 248
37 59
49 71
219 275
93 197
206 230
110 171
155 211
27 170
113 205
158 224
8 98
26 108
96 229
139 209
2 65
176 258
159 205
108 132
28 102
65 168
39 183
88 112
33 56
79 240
13 234
114 218
85 104
67 70
118 199
53 144
179 192
271 277
146 246
161 194
96 162
15 72
160 164
186 263
12 172
12 57
196 220
187 275
180 246
41 108
94 122
40 196
107 274
27 79
129 219
4 144
83 192
174 259
28 114
165 201
22 139
45 148
32 101
180 249
78 267
129 162
92 157
151 226
2 30
71 186
11 214
88 150
125 229
130 200
254 265
62 69
25 148
203 270
55 117
21 183
56 254
120 198
133 249
96 177
91 165
20 125
15 211
49 165
179 194
119 224
41 135
84 119
13 155
86 260
1 188
65 136
106 175
135 206
174 219
154 158
24 269
63 224
211 237
180 247
54 100
32 164
66 106
246 268
60 69
30 174
123 186
244 251
229 233
140 200
77 127
153 173
205 265
14 76
180 201
35 166
29 124
71 95
122 192
158 174
130 199
105 266
108 185
124 184
86 112
126 223
80 272
33 249
54 180
21 229
157 270
21 244
188 219
192 241
60 243
59 242
58 218
181 246
150 236
77 143
27 94
31 177
163 276
158 214
146 234
107 192
118 276
85 192
188 239
237 265
78 258
126 256
174 176
221 234
87 181
175 190
83 102
65 81
32 117
186 271
134 153
3 159
90 161
82 152
223 268
15 274
58 243
70 147
39 236
191 216
127 145
96 160
105 170
31 66
77 121
56 166
46 148
26 162
114 252
107 265
113 144
72 105
7 199
67 192
26 164
101 186
14 72
26 30
75 241
157 167
81 88
141 228
153 274
175 224
65 77
45 218
258 274
63 149
19 81
134 163
55 190
123 184
16 121
87 116
66 126
42 111
2 9
26 106
140 215
72 110
166 249
113 174
91 196
21 171
12 38
212 266
57 224
78 196
39 233
56 268
18 57
179 205
167 248
248 259
242 260
4 50
191 274
34 232
194 239
211 248
21 103
94 240
68 254
61 253
154 227
194 217
1 198
191 272
80 82
81 134
209 235
68 130
11 175
2 191
95 144
76 122
67 269
142 224
35 232
0 83
6 99
124 178
199 272
104 217
11 152
117 237
47 149
154 201
26 269
196 205
165 183
2 49
184 225
133 148
3 171
128 146
77 190
2 215
16 79
11 179
63 83
135 191
152 179
153 213
47 186
132 211
36 43
28 86
178 193
115 202
95 232
121 143
112 264
175 271
113 184
7 149
113 218
22 96
18 243
24 233
200 225
21 123
133 253
28 159
6 116
85 207
56 163
1 180
22 258
36 59
176 237
127 219
125 177
94 171
88 259
20 133
44 261
5 175
70 148
19 169
30 58
4 55
11 233
124 233
62 67
165 276
121 242
154 231
78 115
25 169
74 232
231 243
10 140
213 268
55 142
174 230
33 123
60 68
93 132
34 249
56 177
92 166
101 233
51 170
104 121
148 269
211 239
180 235
187 255
70 170
111 198
86 270
141 175
210 237
134 182
20 141
102 186
28 167
13 95
84 178
106 191
46 122
46 106
206 233
95 127
104 224
96 108
74 162
161 183
24 230
45 144
211 233
1 109
64 74
183 230
126 216
93 211
53 241
129 267
54 166
78 200
238 251
92 211
139 188
218 243
173 264
184 200
157 184
25 165
4 125
28 168
14 202
54 262
155 254
13 52
23 258
91 173
188 218
14 70
53 56
80 198
214 262
165 204
113 208
53 143
25 31
6 121
47 230
6 94
23 153
163 173
248 270
202 212
189 208
163 241
50 126
57 125
152 219
88 127
84 206
248 268
144 205
64 276
236 259
201 258
48 111
70 85
3 85
110 129
222 268
38 274
141 161
161 259
69 162
107 219
55 169
218 263
4 101
34 169
62 90
85 161
2 68
6 255
45 229
28 94
168 187
103 237
172 257
145 156
72 252
66 101
101 201
7 219
141 157
41 259
46 212
196 274
64 80
247 249
38 164
3 62
240 250
67 267
209 227
80 109
211 250
130 216
194 254
15 126
236 273
38 148
51 55
37 148
187 210
62 247
10 64
154 206
4 86
59 128
111 140
115 203
60 228
50 184
102 149
144 156
23 93
155 227
101 146
56 202
131 242
72 193
15 214
24 172
185 217
49 51
37 62
67 145
48 165
173 211
249 272
105 250
93 219
107 190
66 208
195 216
123 143
46 166
39 65
184 252
81 149
128 133
48 112
65 137
75 223
141 208
127 139
52 108
10 206
14 171
15 78
115 214
54 234
54 105
54 235
94 219
53 98
74 202
5 169
12 29
124 221
69 226
22 59
148 244
172 253
11 236
130 198
166 257
94 183
49 142
31 166
47 135
17 229
22 144
73 183
32 241
131 255
173 260
191 204
133 151
6 56
4 90
65 262
234 264
38 72
16 214
104 148
112 237
36 172
5 159
125 126
87 210
207 273
56 106
49 259
26 250
117 140
25 190
60 274
10 219
29 38
50 174
161 241
7 121
59 95
126 246
37 144
171 200
63 178
24 108
40 187
144 186
4 168
78 89
18 238
62 228
55 266
13 251
65 205
30 201
174 232
51 71
124 152
6 50
233 263
62 152
195 237
150 167
55 195
81 126
60 112
54 198
7 141
6 152
210 270
226 277
87 138
95 221
9 96
51 169
99 239
98 162
85 180
121 206
34 206
79 214
245 259
33 156
14 153
116 196
34 196
94 220
189 215
10 183
15 277
31 174
182 183
124 193
107 217
54 163
99 104
53 252
34 229
192 267
20 93
154 203
165 171
255 269
136 176
34 256
113 158
95 109
216 245
34 40
89 277
42 235
18 258
207 277
84 136
130 234
47 93
39 197
66 124
175 259
104 194
73 144
83 100
23 116
120 145
1 15
73 88
54 102
22 250
44 127
2 156
78 218
71 126
31 239
9 21
13 233
111 113
101 153
220 221
55 187
55 151
255 262
82 157
43 255
98 135
128 269
3 214
121 263
114 199
53 208
61 161
36 262
143 189
66 76
132 137
127 140
20 98
67 99
132 169
75 226
51 155
230 271
32 95
122 258
30 167
250 257
121 234
181 215
168 273
214 264
34 92
134 177
137 193
196 276
225 261
29 143
113 212
108 249
31 243
150 267
2 105
62 98
45 240
229 274
113 128
25 173
80 155
82 166
111 114
5 259
11 125
33 152
179 252
198 257
94 260
21 273
94 252
105 130
138 263
58 175
16 62
119 151
115 123
144 266
11 134
37 66
82 209
64 101
147 256
0 48
47 148
165 230
174 235
88 170
36 157
197 201
28 43
82 177
155 230
125 182
162 237
130 136
56 198
156 246
179 245
137 212
29 152
86 173
12 234
80 173
109 117
52 226
65 102
58 216
130 185
154 170
56 125
20 82
152 254
170 196
106 193
122 203
82 273
2 3
138 259
110 139
91 200
225 273
71 174
65 159
159 218
91 119
46 96
198 205
14 241
199 266
2 255
113 272
34 163
11 142
24 122
134 240
9 168
40 97
77 160
14 270
37 68
67 219
159 212
41 71
112 181
134 270
4 177
64 119
21 159
122 267
57 242
151 269
40 147
127 155
17 116
271 273
84 163
41 55
44 204
30 131
154 238
37 270
39 81
34 141
128 202
182 214
38 64
89 197
77 226
5 252
88 147
18 84
6 217
92 189
10 154
153 253
35 150
80 270
241 274
63 245
103 106
7 118
12 260
169 204
70 259
57 160
129 167
186 188
238 271
141 198
133 255
124 202
28 184
213 222
88 217
18 111
40 183
58 112
213 245
50 118
117 211
79 118
135 208
47 130
108 201
234 256
29 243
58 105
209 234
92 209
77 163
64 223
39 175
68 112
5 41
116 254
92 103
227 274
22 78
58 136
159 174
125 228
106 107
81 172
56 143
155 195
110 275
7 208
62 101
17 212
260 267
105 166
53 264
131 226
110 259
68 270
178 201
31 130
160 172
172 231
79 114
136 217
89 122
30 72
4 207
161 238
157 258
248 266
238 270
37 172
98 144
177 266
62 250
100 244
83 266
166 210
29 133
23 152
233 271
24 56
156 229
6 169
198 275
149 263
78 119
184 258
168 203
41 163
158 245
87 250
75 215
87 276
55 199
97 210
136 216
167 207
146 251
108 214
76 238
0 71
51 263
97 152
75 149
7 220
35 37
247 256
54 57
67 106
132 145
28 219
189 241
139 216
39 248
84 186
71 170
96 210
157 233
37 219
50 216
27 84
22 224
104 229
146 245
210 266
215 224
154 200
46 112
77 256
87 120
19 28
159 194
75 123
242 265
37 117
104 179
113 213
115 163
1 79
201 264
90 142
41 166
138 236
220 257
99 245
12 164
256 271
56 130
186 267
36 57
58 69
161 173
32 99
257 258
80 199
134 276
225 240
6 153
53 181
168 229
105 242
16 255
73 198
80 163
59 230
66 146
27 187
167 189
65 253
8 226
45 199
55 212
97 183
47 76
133 178
124 222
23 129
79 87
172 277
39 221
175 220
104 188
120 171
229 265
81 218
85 169
206 257
224 248
217 252
230 254
155 188
190 222
4 49
78 146
4 137
143 144
126 219
78 120
130 209
177 268
41 92
164 237
74 222
135 150
13 211
34 144
152 207
12 39
3 46
17 159
17 120
0 60
140 231
122 156
134 214
89 200
50 112
161 214
127 191
18 53
141 271
87 125
36 170
82 133
14 46
0 121
76 78
86 251
22 165
202 233
25 199
1 71
222 232
6 62
51 240
28 132
75 131
154 269
144 231
209 252
16 190
171 221
48 156
8 270
40 152
25 71
19 121
103 251
91 215
75 118
125 179
1 76
28 80
265 273
139 156
14 216
147 208
23 179
90 221
179 203
62 214
69 156
41 164
199 231
23 62
206 221
57 244
219 237
43 118
54 232
35 108
44 224
17 23
141 267
16 194
7 237
177 223
4 18
13 19
62 88
32 47
184 247
61 126
236 240
105 139
11 119
133 197
41 70
89 124
109 228
23 209
48 150
37 71
94 161
51 192
178 210
1 91
46 268
85 234
3 179
188 256
77 146
171 262
19 41
167 172
58 132
82 90
224 247
0 188
100 113
74 251
138 242
37 198
224 259
7 106
6 276
176 266
47 60
40 164
42 135
43 175
69 71
81 256
42 262
26 138
76 150
86 188
70 183
101 218
38 172
8 167
78 271
48 251
12 277
52 107
27 62
201 228
208 258
166 171
100 120
203 225
91 227
205 247
25 197
32 97
33 252
109 183
23 82
38 53
63 79
152 210
156 202
91 223
46 154
9 137
12 253
76 145
93 245
116 224
179 251
112 228
57 237
107 140
137 238
27 54
26 145
120 156
128 182
114 266
28 33
61 200
69 165
12 181
41 107
8 109
14 219
119 149
106 148
20 145
126 191
6 35
139 165
76 257
162 257
45 172
217 234
190 197
73 176
19 273
56 182
66 202
110 116
164 269
59 173
138 239
25 248
130 231
130 156
16 176
44 85
119 152
84 165
31 114
132 139
140 204
249 275
61 213
245 252
208 273
11 220
12 131
96 226
241 265
107 149
79 116
43 44
21 58
5 93
96 254
152 222
132 272
23 253
23 44
204 208
146 242
129 147
131 210
1 209
117 275
108 247
52 113
39 209
61 130
198 245
22 148
20 231
177 197
89 176
30 128
161 248
85 241
86 245
84 125
20 58
217 264
68 248
75 110
64 200
147 225
23 268
43 58
232 273
12 248
207 270
110 225
71 245
4 96
195 218
80 158
13 202
98 182
77 152
91 181
130 152
119 177
116 207
18 78
150 188
132 158
127 187
117 255
92 100
49 236
68 186
207 234
99 154
103 123
68 85
96 202
1 217
52 177
39 74
124 145
81 272
262 270
160 195
231 239
69 111
0 208
94 184
135 269
94 115
168 244
169 179
17 109
31 215
84 234
125 271
118 180
8 76
20 83
33 140
258 264
8 114
1 137
26 161
85 105
57 157
10 31
58 82
79 92
105 191
86 92
12 62
111 245
54 255
0 210
103 223
23 220
57 184
18 47
25 117
130 244
21 161
20 47
81 217
202 263
40 221
48 253
39 83
89 241
68 256
112 191
2 146
129 277
7 243
91 163
88 171
7 246
173 212
23 157
142 179
61 188
56 178
28 224
228 266
25 140
39 153
88 233
9 160
96 137
161 232
22 191
67 105
21 104
37 195
24 66
215 270
100 114
162 268
88 203
107 225
169 275
51 199
93 218
119 208
28 151
18 70
46 189
239 263
24 148
6 7
95 128
11 177
120 153
58 249
192 208
145 248
43 243
152 235
50 250
47 273
149 193
11 161
155 209
143 240
34 85
224 269
14 229
114 138
83 96
33 161
21 129
116 152
1 101
214 218
233 241
36 203
44 77
57 195
24 224
166 256
213 218
141 276
125 261
130 217
9 104
170 214
77 116
77 258
67 228
32 131
126 188
68 104
38 198
114 132
6 223
30 133
75 230
150 207
221 275
28 262
143 232
221 271
185 192
33 121
77 125
23 42
34 147
65 234
145 199
53 224
20 222
23 192
26 261
34 157
2 181
25 120
106 277
16 140
148 220
205 228
6 229
122 213
9 33
52 172
2 89
79 148
32 206
185 269
60 155
42 220
69 78
52 182
98 180
87 209
144 271
13 30
116 240
28 83
49 74
182 184
146 212
64 211
154 192
212 247
75 163
88 225
87 259
100 144
188 208
36 110
2 64
35 156
67 82
169 244
90 174
94 222
184 223
35 149
231 264
7 140
143 147
189 194
228 260
82 193
81 230
1 52
36 165
58 191
105 232
12 117
205 244
38 116
37 277
200 262
131 162
123 262
221 272
26 93
59 258
106 122
87 105
162 182
140 232
55 134
13 277
8 236
48 244
172 198
94 127
14 97
23 232
18 103
15 248
37 233
76 119
73 189
86 121
101 247
214 228
27 264
60 151
71 213
72 226
36 72
5 165
146 196
111 115
120 183
11 157
195 201
41 268
16 147
11 68
9 119
92 105
145 223
106 264
97 252
184 228
32 214
33 201
255 261
83 119
92 271
28 67
82 195
29 245
172 182
136 261
106 147
153 169
34 194
37 145
65 130
133 191
21 267
129 189
18 137
103 258
75 270
124 196
12 32
46 98
11 258
46 215
219 221
133 251
168 263
165 168
185 208
131 159
20 127
206 208
122 260
28 29
63 251
107 181
209 273
49 178
35 80
9 49
53 195
25 141
129 260
51 172
66 121
160 256
48 70
78 157
38 275
52 119
128 203
11 200
57 179
79 107
127 266
74 265
56 205
88 255
36 229
29 227
109 246
55 62
231 232
161 220
97 130
181 217
169 219
218 239
134 158
81 273
242 276
108 121
249 260
108 177
73 255
139 202
105 180
10 107
24 183
202 224
38 188
129 142
90 191
89 217
76 144
124 223
57 151
161 199
40 274
91 188
50 180
114 130
137 139
29 31
199 267
23 143
14 148
94 233
172 185
120 270
101 244
131 169
32 178
81 170
116 248
47 260
120 248
233 253
157 274
26 86
54 273
121 133
234 273
38 159
35 206
47 179
33 230
195 213
38 45
169 246
69 210
216 263
161 243
7 133
93 112
71 265
92 161
100 116
189 224
177 181
5 199
19 73
42 168
198 228
56 57
12 249
227 277
60 131
157 242
35 268
225 227
236 248
42 190
37 58
178 199
31 89
19 227
145 158
151 154
101 231
56 240
138 172
89 136
75 268
38 56
14 154
26 73
60 258
176 224
33 64
102 123
22 203
181 253
166 189
27 205
4 111
48 147
123 159
185 198
211 268
15 245
77 81
266 272
230 277
4 275
72 102
37 93
132 175
28 101
56 89
16 200
31 34
119 236
36 95
15 236
51 256
19 63
140 196
60 276
26 45
128 171
184 202
78 194
52 110
271 272
42 246
4 230
40 242
161 198
77 165
44 154
66 255
106 181
166 240
16 103
63 199
98 170
17 184
17 58
5 242
160 269
11 80
89 257
52 96
34 168
170 176
81 277
49 180
92 231
93 185
11 37
98 130
38 195
46 116
61 192
57 251
1 271
110 270
17 104
205 227
18 264
110 167
42 87
84 161
111 122
27 137
184 260
80 197
162 179
80 182
147 245
15 99
163 267
160 215
76 203
101 248
136 206
196 236
45 196
25 97
71 180
169 173
46 240
161 171
103 110
64 224
40 119
29 166
148 164
44 161
89 210
40 116
76 204
205 275
159 275
49 271
88 115
87 275
62 120
33 213
21 117
136 218
74 95
60 183
79 140
246 257
75 212
60 186
259 267
88 196
171 203
25 62
105 222
89 188
23 233
110 196
150 205
65 198
116 154
142 252
82 135
205 251
137 185
58 101
173 232
84 96
113 185
138 210
116 162
26 113
79 120
117 119
90 247
48 157
29 43
5 166
70 83
116 159
177 204
95 160
22 256
88 214
72 153
15 239
51 57
40 155
65 224
17 56
203 263
135 268
31 218
50 65
59 193
86 93
187 253
95 105
61 141
12 274
109 250
27 262
184 248
45 83
106 111
98 192
34 160
248 255
92 187
107 115
63 76
107 157
16 232
239 249
92 98
165 217
6 268
131 266
79 262
61 88
101 167
2 170
104 274
123 246
11 116
226 240
48 199
214 269
58 160
147 153
98 199
88 117
47 200
83 265
83 165
12 166
17 39
16 189
15 243
3 97
17 197
27 225
98 220
99 166
196 207
158 253
1 268
137 250
233 272
75 271
0 81
98 219
111 192
76 86
38 225
6 214
5 80
23 26
88 158
75 266
166 214
81 138
157 261
84 160
104 218
147 205
82 232
41 136
141 231
94 248
12 264
61 96
1 115
203 257
131 151
89 274
52 72
113 146
129 232
79 217
7 57
201 262
89 156
225 277
126 275
82 225
173 199
6 113
220 226
15 174
45 128
243 268
35 53
26 55
95 123
11 147
58 214
23 133
27 162
71 252
196 210
101 214
0 8
193 201
129 165
54 219
73 154
36 41
39 110
35 116
60 154
92 192
110 226
99 195
125 172
145 206
56 232
85 114
27 36
13 238
87 189
167 212
20 158
179 201
39 52
79 158
37 154
12 207
91 122
22 187
24 175
92 107
51 162
162 208
49 270
7 98
9 106
31 216
41 188
146 150
172 225
142 171
44 131
203 242
215 249
175 199
43 94
60 104
197 254
196 198
4 136
145 271
41 56
62 194
19 62
227 246
12 173
208 246
86 194
70 82
67 91
151 213
94 174
44 178
78 172
196 261
97 258
25 150
165 247
7 48
8 78
10 271
19 90
24 114
124 206
13 130
18 262
34 137
12 113
123 255
76 198
129 202
28 98
206 251
49 57
59 80
54 179
208 238
91 136
5 250
35 175
46 245
238 277
27 275
141 221
3 52
268 269
189 191
101 131
116 216
166 198
1 117
65 66
113 166
29 157
126 276
55 122
120 125
8 158
103 168
143 210
34 122
61 95
161 265
26 51
64 65
181 241
223 267
97 199
252 264
208 236
131 165
190 261
35 49
45 198
56 120
20 191
192 262
89 101
185 254
94 131
127 163
44 122
85 251
92 170
23 185
261 272
41 79
57 123
108 219
190 232
180 214
125 150
117 208
80 88
201 218
141 235
104 195
53 108
23 56
22 53
82 175
35 269
51 274
184 219
70 181
121 150
120 200
24 96
58 70
89 143
166 212
6 109
194 204
72 96
10 72
52 91
16 274
135 224
50 200
52 149
175 181
3 54
27 159
18 214
37 134
66 149
11 242
64 230
119 141
214 268
105 112
41 174
53 187
32 244
57 262
54 118
166 235
48 204
1 135
4 161
239 272
69 272
29 195
32 253
153 190
209 217
71 83
120 143
145 266
52 81
187 201
199 250
216 271
235 258
13 55
84 254
110 157
6 133
151 258
165 242
230 259
59 250
135 244
81 222
44 165
45 171
137 192
97 184
10 259
100 248
27 158
26 268
109 205
24 69
31 93
65 114
15 145
165 179
99 210
88 230
169 267
27 201
142 186
78 257
192 217
30 55
19 165
78 88
98 129
47 154
101 176
3 16
25 174
14 22
21 70
27 109
27 266
109 139
191 214
61 217
244 276
168 275
134 223
94 192
72 188
12 125
96 176
228 253
54 227
12 157
93 210
83 198
118 179
33 116
160 202
85 106
128 251
43 226
12 147
3 64
181 184
151 190
65 246
61 186
183 251
69 207
128 192
0 44
42 167
71 136
228 263
224 251
118 130
91 270
41 264
25 260
20 252
31 102
165 221
65 229
125 265
16 161
178 212
0 273
131 135
136 166
155 174
38 232
166 245
40 142
85 219
47 238
7 73
109 140
22 108
12 48
233 270
205 223
100 170
125 250
54 134
44 134
82 100
87 222
45 155
166 261
166 191
225 236
31 227
54 55
53 74
13 32
9 237
96 110
102 108
39 145
59 104
145 146
32 79
124 129
137 252
133 277
90 157
58 147
68 121
93 173
30 230
57 119
120 257
68 174
32 223
19 242
126 199
28 36
102 147
26 117
83 106
39 122
113 271
164 169
12 237
169 213
49 127
97 134
220 266
37 39
87 141
11 254
3 237
168 195
102 230
65 86
6 48
57 154
213 275
120 141
127 192
174 261
56 109
117 200
19 223
90 272
74 214
7 75
14 180
98 224
49 146
49 173
110 219
173 254
36 253
14 64
39 157
19 155
65 177
20 167
187 266
64 236
74 155
4 88
149 243
67 115
119 265
36 141
66 243
220 250
84 97
261 262
76 87
108 208
111 126
66 166
174 248
43 121
2 7
170 188
29 32
32 108
66 116
209 219
4 203
59 266
143 255
5 161
77 108
2 10
60 256
104 207
55 110
72 229
167 254
169 212
16 203
64 218
168 186
126 143
5 158
185 250
119 192
15 237
7 109
11 124
164 245
116 203
250 269
169 271
41 158
91 144
24 89
7 91
163 180
124 187
10 146
164 217
24 43
6 226
124 208
157 260
17 136
97 129
85 188
9 243
39 176
249 258
148 168
190 195
9 172
21 272
23 55
160 192
173 231
114 239
16 154
12 138
85 100
97 179
137 178
77 97
17 262
39 94
22 118
144 258
33 136
118 240
134 172
11 101
73 250
12 116
104 203
162 184
125 246
15 105
24 277
178 252
168 254
62 267
189 270
58 171
118 170
36 138
46 88
78 153
65 267
158 269
108 147
72 83
70 223
101 123
15 143
150 175
140 256
20 114
134 140
244 277
58 117
136 269
114 230
65 201
82 172
138 195
26 262
136 193
20 151
82 116
40 108
70 123
23 50
32 218
84 121
140 172
51 255
33 63
26 235
224 243
164 198
117 185
148 176
24 257
109 199
152 257
13 101
157 205
12 127
110 195
78 187
109 204
41 191
78 262
30 66
152 192
81 198
112 249
34 114
98 171
125 144
77 88
35 222
30 108
121 224
87 191
133 177
170 190
107 234
72 78
10 104
105 124
63 156
113 240
34 230
0 33
63 180
81 266
32 265
44 83
132 179
235 256
140 201
160 178
16 261
112 240
46 239
31 42
52 235
20 64
137 140
11 235
138 200
81 96
44 206
16 215
83 175
32 70
39 187
63 174
11 27
87 192
86 109
238 269
102 139
230 237
220 231
154 199
14 75
155 232
38 65
28 170
34 183
88 94
25 219
70 244
185 200
7 114
58 165
18 257
69 175
34 149
204 217
69 244
92 144
120 272
2 135
76 206
27 99
52 229
2 140
52 198
49 194
110 131
0 10
80 165
111 254
94 148
192 204
252 253
53 255
69 79
21 221
47 52
10 165
174 192
74 111
36 79
141 151
215 271
193 221
138 265
155 264
84 141
40 112
254 261
59 122
35 123
118 167
98 115
18 19
107 120
12 91
75 208
14 40
227 245
93 106
67 253
129 230
13 261
67 241
33 186
57 186
40 85
119 276
213 239
17 134
107 215
148 226
148 163
45 132
94 182
28 37
81 229
45 146
76 132
139 258
186 216
11 104
8 63
159 256
66 272
250 251
101 106
163 166
94 100
43 130
115 200
0 255
120 150
6 253
55 106
152 160
116 258
141 212
158 273
170 224
168 249
11 16
14 134
55 230
151 266
26 148
210 251
19 260
10 125
80 168
13 221
22 206
0 201
90 116
18 189
98 151
89 271
210 219
125 133
153 210
44 60
48 255
124 148
60 247
123 258
24 45
75 96
112 259
51 77
25 233
22 172
217 222
153 224
113 244
6 210
61 189
62 102
40 102
221 258
228 243
32 243
15 227
84 131
201 222
80 154
82 88
75 99
141 156
22 150
2 259
19 212
259 274
147 148
3 226
140 235
70 188
50 107
38 48
169 258
52 103
164 264
84 253
42 106
76 256
36 80
197 217
6 128
12 50
3 187
127 264
257 261
31 268
27 168
83 237
32 258
133 243
114 210
131 244
18 72
116 255
21 87
70 73
197 220
86 274
3 219
39 261
99 192
111 212
70 212
17 68
109 193
133 214
36 228
21 169
54 59
72 87
5 135
16 112
73 190
152 241
242 275
3 272
216 221
131 273
45 169
150 247
73 267
139 161
56 185
106 114
31 91
148 272
154 218
191 211
147 229
102 268
106 200
100 230
73 209
88 183
106 152
16 27
34 201
201 250
56 267
60 134
12 153
177 253
99 112
129 188
146 149
184 218
114 127
85 231
6 240
37 214
84 201
81 111
127 252
48 121
22 272
153 183
111 121
8 235
205 208
190 250
96 105
5 190
108 216
44 220
209 215
105 132
72 82
105 148
65 163
27 128
10 81
132 273
129 193
27 258
197 214
70 233
63 209
56 79
164 201
150 269
49 160
118 231
6 32
19 105
67 182
119 146
58 62
10 16
158 181
45 140
54 197
46 175
90 196
29 269
71 157
12 64
159 193
179 262
32 177
94 95
189 202
47 127
29 94
8 23
147 221
80 104
65 254
210 274
70 77
80 132
200 219
195 275
181 227
22 152
25 183
67 206
164 170
83 129
148 229
12 267
43 196
82 247
66 206
5 105
80 81
227 275
12 140
161 249
70 163
26 211
201 244
84 126
97 227
36 220
140 209
157 169
91 149
190 202
101 212
121 258
14 196
51 164
107 191
82 205
2 167
67 218
114 224
119 145
192 239
64 70
19 151
115 212
104 105
19 256
137 202
49 149
172 215
253 257
217 274
51 86
12 73
70 161
76 140
20 248
117 190
56 98
15 260
103 126
118 262
133 198
35 144
158 226
229 261
182 268
137 174
55 175
114 277
194 274
193 248
181 197
6 180
132 193
10 114
18 227
4 253
92 268
273 277
65 73
62 263
88 200
1 171
169 274
185 216
68 188
3 132
68 194
1 230
191 198
146 225
58 266
107 124
183 211
29 254
28 164
111 117
132 146
190 268
63 70
180 261
29 131
124 277
9 74
31 95
31 99
108 178
124 153
91 232
248 251
76 188
84 243
170 178
160 180
97 143
53 172
77 230
27 108
20 188
50 66
92 93
39 208
72 224
58 271
2 113
242 269
19 263
79 100
95 104
54 191
121 249
93 156
184 241
43 106
170 206
79 253
1 25
182 257
163 172
50 132
77 208
100 129
79 216
143 205
14 177
92 183
37 185
96 277
197 221
117 267
52 129
2 153
112 153
163 220
125 260
27 133
96 275
111 226
74 194
74 189
12 14
183 215
132 157
68 266
195 276
207 211
44 120
145 239
75 98
137 161
38 128
141 172
61 203
252 257
28 174
147 169
67 261
102 213
188 260
231 266
103 140
166 274
14 175
39 242
117 163
49 203
29 189
43 152
48 233
109 124
37 205
250 274
210 253
108 256
179 196
89 227
164 208
86 145
55 98
50 169
150 249
116 235
132 221
116 161
254 268
104 273
74 76
151 198
24 111
153 196
183 202
46 86
76 232
105 212
49 258
27 174
19 133
147 237
134 225
121 226
121 186
121 137
123 141
219 259
142 259
90 156
244 263
217 271
186 212
195 262
74 104
39 45
135 194
18 185
57 59
86 219
181 211
63 194
8 86
18 277
124 251
80 219
55 219
16 231
34 185
165 241
124 176
24 276
88 189
29 167
112 169
86 133
92 241
132 196
32 72
119 155
140 206
77 193
216 260
94 104
124 209
44 273
7 111
115 231
14 166
44 201
77 167
45 249
105 106
10 190
204 275
156 216
20 195
142 257
71 75
247 254
211 232
86 134
14 81
46 219
162 218
53 104
21 47
38 233
192 265
16 97
132 170
30 49
99 209
56 261
82 93
107 128
187 223
104 211
44 248
3 49
83 211
161 218
140 197
59 265
55 157
23 183
235 270
46 236
68 157
138 238
38 94
34 72
29 172
39 150
94 266
58 144
128 175
14 61
209 253
74 258
119 133
95 254
47 66
70 88
49 107
202 260
185 273
35 160
97 124
53 103
110 136
99 202
146 152
59 61
17 97
75 101
237 269
116 237
151 203
14 228
29 116
8 99
82 274
163 222
165 258
88 277
112 274
136 196
34 36
23 203
243 257
139 186
130 203
114 192
79 103
34 73
28 267
189 209
20 126
34 119
168 276
82 215
21 85
139 277
101 203
189 192
18 212
153 157
78 178
13 62
16 75
60 275
31 189
208 233
20 135
53 242
36 91
41 197
25 269
216 228
136 212
69 189
6 248
20 96
18 195
100 112
87 173
108 259
186 211
133 174
58 168
125 130
9 19
83 118
45 90
253 256
60 191
127 144
43 86
57 220
44 102
138 205
38 69
104 141
30 206
69 224
30 193
87 152
174 245
28 51
12 203
63 94
125 134
188 203
62 189
97 193
146 161
180 232
9 61
98 113
177 219
71 232
4 162
112 171
82 224
46 259
24 77
42 178
46 51
79 233
164 233
103 265
43 92
104 142
184 269
3 109
84 108
213 271
154 270
24 124
15 199
74 87
91 137
32 263
106 164
96 184
89 216
92 178
49 252
105 121
93 121
224 256
44 237
56 165
169 220
103 239
144 259
165 166
67 256
59 101
49 60
27 171
165 225
148 207
63 133
154 259
15 271
22 69
1 64
55 140
104 174
16 184
69 135
73 273
188 267
50 208
35 118
69 126
83 184
97 105
86 140
15 80
87 151
24 126
37 236
35 182
44 61
52 79
74 148
27 37
84 203
19 206
92 124
200 227
0 213
151 265
125 185
215 244
205 271
126 266
76 134
77 213
179 218
50 104
155 187
29 125
61 124
111 118
152 231
53 59
0 118
209 275
129 150
210 267
18 36
64 273
241 250
268 273
13 273
10 20
156 227
16 69
211 225
27 141
133 213
76 178
173 183
163 170
203 245
152 271
80 100
177 203
48 50
126 205
96 166
114 201
10 71
149 171
50 62
112 130
93 208
42 208
110 198
89 169
57 272
92 171
43 96
26 91
5 114
56 169
31 246
127 245
114 221
175 253
144 257
147 261
160 226
132 274
66 161
108 202
181 239
156 253
112 159
159 235
63 132
64 86
52 104
199 206
165 167
224 266
30 222
108 182
4 120
2 63
133 154
234 242
197 257
48 170
10 92
149 273
158 220
147 168
175 272
73 134
8 149
115 264
134 209
141 153
156 222
125 168
4 35
19 154
129 158
56 171
71 187
158 244
39 106
232 242
17 24
241 260
114 194
37 136
45 183
96 228
94 206
25 86
85 159
57 218
154 185
100 221
230 234
77 276
115 188
198 269
5 124
34 115
57 105
20 153
162 227
145 177
4 246
62 149
45 49
51 153
63 105
17 85
105 116
110 229
35 88
181 244
96 220
106 110
35 230
232 255
194 229
101 207
106 167
40 208
4 70
95 163
219 258
170 237
17 19
149 164
248 261
10 101
72 267
92 129
209 269
58 259
62 190
110 188
152 269
133 212
66 227
192 198
272 276
86 138
205 225
129 255
60 196
7 183
72 179
96 117
100 140
109 128
265 266
217 268
131 264
119 275
23 88
209 236
73 174
120 267
50 73
15 139
67 121
132 228
70 159
120 240
27 236
28 129
64 248
63 69
0 45
33 36
19 102
17 210
221 249
177 239
201 202
149 264
85 93
15 240
79 201
42 97
27 43
50 135
109 169
187 260
249 267
58 276
28 77
27 51
150 179
80 273
52 205
1 130
153 223
115 234
31 73
60 180
88 224
65 225
40 46
44 262
43 48
79 224
131 141
142 237
160 231
93 250
100 111
144 219
251 255
52 228
1 39
188 227
151 263
