286
11
20377
60
73 2
131 2
145 2
180 4
70 2
162 3
65 3
123 1
148 4
136 2
95 1
87 1
65 4
65 1
178 2
153 1
180 3
181 4
178 5
146 3
160 2
169 1
114 3
81 5
119 2
158 1
162 5
129 1
123 3
174 4
114 4
181 1
74 1
125 2
157 1
104 2
136 5
125 1
135 2
160 4
184 4
91 2
92 4
185 2
122 5
122 2
146 2
69 5
158 4
94 4
75 3
163 5
76 2
141 2
94 4
78 2
124 2
149 5
167 3
185 1
138 4
131 2
184 3
146 1
146 2
175 3
91 4
114 2
170 5
177 3
131 2
108 4
152 1
136 1
96 3
82 4
182 3
149 2
127 1
106 3
187 5
139 3
95 4
186 2
89 1
134 5
127 4
161 1
174 1
97 3
186 4
95 2
185 5
127 3
128 3
164 2
144 2
120 4
84 5
182 4
135 2
71 4
180 1
107 4
87 4
149 3
94 5
158 5
147 1
129 2
172 5
138 3
108 3
88 4
105 3
113 3
75 5
178 1
115 4
161 4
171 2
185 1
134 2
93 3
104 4
93 3
160 2
180 3
93 2
95 4
162 4
103 1
135 5
83 5
134 3
124 3
77 5
173 2
110 3
146 5
138 4
81 1
138 4
81 5
158 5
96 4
71 4
165 2
142 4
101 2
122 3
85 4
102 3
158 1
68 1
96 2
73 1
153 2
178 3
126 3
88 1
180 2
186 2
125 2
184 1
170 5
78 1
74 4
91 3
157 2
187 3
135 2
182 3
144 4
110 2
172 5
86 4
114 1
71 2
90 2
114 5
143 4
154 2
93 2
87 2
119 3
175 4
159 3
187 4
109 5
111 3
186 2
155 5
143 4
137 4
82 4
146 1
155 4
151 2
138 2
69 1
104 4
101 3
144 2
182 4
99 1
76 5
117 1
148 5
93 1
140 3
150 2
80 3
85 1
69 1
151 2
129 3
73 2
176 2
130 2
165 1
177 3
132 4
87 1
164 2
112 5
88 3
163 4
100 2
146 5
179 4
112 2
95 3
123 1
80 1
96 4
66 2
184 3
74 5
157 5
114 4
147 2
171 4
187 1
153 3
140 1
80 3
168 4
80 4
92 5
126 4
145 3
115 4
92 5
185 3
159 3
65 4
164 5
94 3
186 4
151 3
165 3
111 4
160 5
151 1
106 1
143 3
159 5
83 5
81 3
111 4
86 1
153 2
127 1
86 5
86 4
111 3
98 5
132 5
149 3
94 1
122 4
108 3
70 4
109 3
135 2
8 17
40 61
141 174
152 284
117 164
26 106
104 162
14 254
14 226
115 166
168 206
118 194
45 163
167 177
32 42
73 259
253 285
64 270
73 211
17 271
109 115
7 137
166 264
150 277
227 271
121 195
137 284
22 181
49 72
113 258
53 56
131 264
220 239
15 132
18 56
113 143
227 253
30 234
160 230
29 41
47 67
40 231
93 199
106 252
35 201
43 281
40 143
120 173
37 278
144 216
169 216
24 125
70 142
19 141
11 117
58 165
125 186
43 270
23 273
63 232
75 129
90 107
126 165
35 203
42 169
6 20
156 211
166 186
38 254
102 278
210 220
33 244
44 258
240 255
9 270
69 231
82 180
50 88
86 151
15 221
129 204
69 127
51 61
81 110
80 280
140 278
87 231
122 142
219 272
94 260
230 246
93 160
132 230
192 264
31 35
27 82
15 18
20 39
226 282
178 195
132 142
84 282
102 275
48 261
23 41
40 150
199 241
32 195
204 245
53 227
88 244
215 218
111 263
13 222
91 116
28 168
75 263
12 66
18 133
172 268
71 195
126 144
114 222
15 267
25 177
132 252
13 211
81 106
246 285
33 93
128 167
136 181
145 234
58 116
10 268
44 228
92 205
99 217
62 69
13 213
8 260
56 95
63 99
46 174
66 84
165 178
51 245
114 218
83 239
199 218
2 150
109 252
95 157
13 127
172 181
46 53
84 87
143 173
197 243
149 154
2 102
5 201
31 53
204 269
150 189
127 266
89 279
199 269
24 82
112 212
169 176
2 3
142 217
56 144
38 194
32 111
85 232
185 283
150 245
201 237
27 136
50 155
220 268
106 157
165 266
59 194
34 237
70 228
42 132
116 281
34 159
11 125
52 113
27 70
56 73
9 85
0 279
114 120
60 123
5 114
111 181
31 146
61 210
254 263
100 253
14 195
70 235
185 284
65 219
176 235
62 204
229 249
4 28
71 75
54 255
34 119
166 210
86 121
150 258
171 277
56 114
123 223
23 160
64 264
160 201
17 172
12 16
215 228
202 258
41 267
109 201
9 196
17 29
137 185
20 285
50 223
76 268
89 140
72 167
60 181
38 54
196 246
141 189
23 265
171 196
172 275
41 214
160 215
30 256
196 270
70 243
201 249
153 266
203 248
93 191
58 131
145 240
81 124
232 276
93 122
51 92
240 248
74 176
202 217
57 181
47 188
267 281
112 181
19 269
200 266
106 221
80 240
235 273
209 230
21 109
24 252
133 223
259 269
51 265
117 240
69 202
236 276
67 137
73 283
131 237
7 139
80 101
175 251
124 278
21 103
21 106
77 121
46 70
208 238
179 245
96 188
32 166
138 221
63 126
164 193
78 277
140 183
18 176
165 243
31 57
20 96
6 96
206 213
34 102
60 221
87 101
98 201
140 238
96 227
70 138
59 89
236 258
40 263
123 161
142 256
65 218
36 114
26 125
54 242
144 260
76 176
103 142
63 249
58 127
92 273
11 80
54 74
34 265
226 239
158 283
134 138
44 86
100 251
36 225
30 245
19 140
203 278
221 245
47 170
125 184
202 265
73 114
24 39
125 268
24 79
20 127
53 168
114 166
145 251
50 176
54 227
65 186
0 271
206 261
25 277
173 279
100 193
36 62
6 38
109 180
18 233
25 243
253 268
130 169
118 175
88 251
89 261
231 237
233 253
205 261
41 237
59 261
9 247
32 116
160 224
44 177
169 191
22 121
125 260
150 183
190 244
91 210
141 229
114 269
57 133
159 281
66 150
203 220
218 247
218 241
183 273
102 181
188 262
100 256
78 264
96 164
77 249
24 100
20 148
76 261
8 241
154 248
78 121
134 217
52 74
87 247
111 189
157 170
158 268
41 247
9 273
144 272
86 169
56 182
127 250
206 268
250 252
65 202
126 267
40 107
39 202
78 120
227 228
13 21
131 223
164 167
34 244
246 275
284 285
165 170
43 76
49 122
92 285
20 164
215 243
68 199
75 140
34 75
83 233
71 203
231 282
222 285
21 202
130 271
7 14
117 161
30 43
18 204
67 97
82 154
18 209
108 170
24 221
158 271
74 246
258 271
60 136
71 252
38 124
88 284
22 258
80 233
80 251
9 123
32 190
60 75
64 250
38 228
113 231
36 139
100 176
187 253
132 223
153 154
86 283
27 89
3 89
34 224
31 72
101 163
10 40
5 161
2 24
42 93
35 111
2 208
3 42
50 278
74 277
99 115
49 115
16 105
195 209
50 125
10 156
1 5
31 162
249 251
12 245
52 116
118 283
19 62
28 265
42 164
153 177
184 278
245 254
112 162
127 265
163 221
83 160
105 111
63 158
201 259
25 30
72 246
71 144
128 272
170 220
135 179
111 185
20 68
84 183
71 77
154 175
97 191
6 149
71 205
109 275
14 229
74 208
155 159
6 119
4 266
127 151
133 212
136 239
9 86
124 227
50 85
170 215
78 84
159 280
63 137
8 24
4 80
71 284
204 260
38 204
113 262
42 208
28 61
23 140
2 184
189 267
164 166
6 64
16 102
27 102
213 227
112 124
162 194
177 272
0 38
45 241
187 203
121 203
157 204
201 206
240 280
85 178
199 221
46 133
75 188
46 198
0 103
63 218
2 76
127 212
1 6
19 133
252 280
151 201
71 154
156 203
81 237
107 176
196 197
159 226
18 137
59 80
156 279
147 206
2 8
38 138
104 107
27 270
155 204
1 195
185 207
63 229
183 227
96 184
21 280
147 258
243 255
43 235
27 114
8 32
53 84
247 280
208 267
45 180
65 88
135 182
110 266
49 196
0 284
23 252
142 279
70 259
68 177
40 72
230 245
48 225
154 243
41 77
133 217
7 96
153 212
108 142
61 211
30 125
62 88
47 193
134 261
22 220
94 229
18 92
168 174
155 161
24 134
98 255
151 177
72 77
3 130
113 255
37 226
32 118
57 253
45 87
53 174
154 225
31 246
138 219
55 219
21 196
86 132
218 256
69 142
97 155
64 95
164 195
125 241
99 202
149 209
2 258
62 67
55 117
241 275
66 165
105 169
142 191
93 110
168 208
59 267
54 93
162 208
11 172
46 226
65 113
218 279
99 139
91 237
33 205
47 275
108 250
4 155
3 272
14 80
141 247
155 244
260 267
21 60
86 129
35 62
92 234
98 189
18 51
17 79
86 118
27 130
117 170
91 107
198 241
134 220
51 81
7 234
206 278
143 226
66 163
105 231
35 229
34 117
210 247
7 148
140 201
203 258
32 139
72 146
29 198
104 220
57 87
58 224
63 80
118 136
241 258
149 217
109 257
202 282
13 198
213 283
160 260
187 233
162 169
1 161
25 208
149 284
35 51
97 251
75 254
12 111
39 283
154 264
68 92
121 193
28 160
133 204
236 249
121 173
103 229
35 270
26 54
180 272
51 113
47 197
157 233
124 275
33 63
39 248
159 172
50 227
2 32
260 275
124 231
64 265
75 135
194 220
10 250
114 176
47 185
114 171
95 210
207 211
68 265
2 132
84 172
33 125
45 143
182 282
131 256
16 171
71 217
62 132
5 105
235 245
159 232
132 276
3 260
3 66
154 191
68 173
192 283
89 120
221 233
128 269
193 235
4 205
35 260
115 277
8 104
220 259
4 214
95 235
165 229
52 257
0 180
15 57
78 275
80 156
199 244
166 281
100 178
126 209
176 282
133 192
167 187
4 264
126 263
200 264
79 214
10 112
24 186
115 221
42 168
129 159
70 162
55 280
201 214
44 137
10 159
37 45
123 240
57 161
46 150
57 191
193 283
145 164
88 279
60 116
96 124
257 266
20 223
212 272
4 13
141 202
8 166
197 217
131 207
232 272
50 200
100 200
152 186
115 225
156 200
113 244
54 258
142 145
25 215
118 211
143 282
174 223
44 198
169 215
104 217
202 266
240 265
43 53
104 154
135 251
129 199
33 174
67 261
27 51
141 262
26 98
30 47
128 279
91 227
13 145
33 214
54 245
10 23
4 36
6 107
7 79
70 135
128 175
25 166
62 125
21 211
180 198
235 238
109 240
224 266
52 78
49 99
70 145
77 113
181 192
85 165
254 257
215 269
167 228
53 108
92 168
236 241
84 269
115 202
81 86
262 271
206 228
104 183
13 268
71 239
43 84
81 238
144 246
35 170
139 197
183 282
6 10
202 242
128 155
96 115
131 235
200 220
136 256
82 179
81 118
81 168
137 242
96 145
40 54
31 193
121 282
82 86
164 173
97 208
107 280
168 186
28 269
80 142
19 68
12 175
20 150
140 174
107 142
37 284
198 211
28 102
177 206
53 180
55 122
177 198
246 261
208 265
109 221
189 198
16 93
12 72
1 13
239 259
119 243
65 87
143 168
71 121
184 260
177 216
127 233
91 94
23 263
34 40
2 171
14 105
36 54
115 271
183 189
198 255
1 228
194 239
186 282
145 256
253 278
80 274
140 235
152 219
215 216
110 235
82 88
6 106
102 140
78 95
88 261
69 169
69 264
30 247
70 227
114 125
133 251
95 217
59 282
68 259
105 242
89 156
4 136
195 237
135 242
34 108
68 261
19 216
235 270
233 270
106 180
54 198
236 281
223 279
87 172
88 254
231 277
262 281
203 238
103 217
92 230
161 227
27 68
136 201
106 213
113 275
115 184
222 229
45 67
13 75
34 38
86 146
239 248
31 186
18 205
11 244
85 122
140 181
104 242
87 215
183 224
1 123
13 32
1 238
131 153
155 237
55 259
105 197
136 238
15 276
45 173
123 197
226 260
218 265
151 241
47 83
23 66
56 172
42 77
22 170
21 223
12 128
11 48
96 255
71 250
244 268
84 109
7 202
25 279
50 104
5 220
233 281
19 284
159 165
196 219
97 238
76 87
235 258
266 275
84 215
84 92
7 73
26 113
56 64
192 244
189 219
70 192
22 64
58 112
90 261
65 166
125 224
135 147
178 234
92 158
73 229
87 191
168 184
141 146
35 75
38 60
201 242
77 274
67 224
91 117
252 277
22 145
115 154
243 257
66 175
55 91
145 248
145 283
140 274
20 90
101 242
183 225
21 145
35 226
5 189
164 214
93 185
165 194
103 256
3 210
38 251
20 103
99 253
2 5
61 96
147 264
239 275
24 135
49 147
44 57
254 273
17 149
173 188
36 232
224 229
96 144
183 255
35 128
196 198
70 167
153 206
195 274
158 281
223 272
19 250
10 57
96 283
59 176
17 257
61 204
28 44
185 227
38 277
203 229
31 44
16 245
4 240
110 119
24 217
63 277
40 142
10 28
167 193
94 104
8 56
247 281
35 144
112 126
16 27
55 132
139 142
21 48
137 181
119 270
242 282
57 71
88 188
242 276
2 187
138 261
5 171
205 245
0 112
143 159
37 106
71 80
60 95
6 87
28 68
148 203
224 273
195 219
171 242
47 174
47 245
41 139
161 167
233 240
141 143
153 176
78 97
26 76
8 160
120 210
191 229
263 275
113 202
101 159
86 112
188 272
67 170
80 110
9 84
189 280
185 220
125 129
179 181
64 164
12 253
33 46
27 29
93 99
135 178
89 237
29 246
4 263
61 279
66 90
44 236
170 209
44 153
15 69
34 231
58 132
30 258
38 259
5 66
4 57
93 239
112 265
87 195
60 240
166 187
48 196
121 156
174 190
48 184
171 226
85 275
11 129
176 240
59 232
7 215
95 271
228 231
18 172
1 150
154 257
156 176
36 173
169 219
146 148
88 177
89 272
48 88
44 202
71 232
59 265
59 214
113 224
106 185
41 107
13 166
67 78
13 258
69 101
27 189
37 232
70 255
78 203
11 69
47 198
22 257
68 150
60 255
39 285
217 242
249 252
72 100
52 155
15 146
56 121
72 180
207 228
46 212
0 13
21 113
88 170
220 255
209 248
38 188
143 203
33 92
148 212
118 229
135 283
229 254
49 171
14 280
94 212
171 255
16 39
112 259
85 132
194 267
2 87
31 197
20 117
235 247
97 219
14 261
90 122
206 258
40 190
48 285
64 235
82 145
153 274
29 277
118 208
20 198
59 192
65 244
70 132
185 188
34 137
161 204
32 149
72 155
163 217
178 279
100 259
3 69
45 240
84 99
87 112
143 148
87 233
84 105
37 179
73 179
102 152
114 209
125 163
194 256
174 214
113 118
160 212
208 234
129 219
81 225
133 186
102 271
159 168
146 183
206 251
172 234
85 121
99 206
89 172
148 239
3 168
82 118
90 246
198 247
114 151
12 28
149 259
23 129
23 118
127 255
145 257
33 212
134 206
135 211
43 117
99 154
38 120
29 33
53 229
23 264
110 250
156 202
153 162
57 129
158 235
5 187
117 132
28 149
67 93
28 234
5 216
120 224
169 203
249 272
37 84
17 28
67 254
69 93
230 266
41 194
135 165
194 210
186 208
90 236
30 243
47 68
71 135
186 193
100 115
87 143
108 233
8 244
85 184
77 246
98 182
167 221
169 263
166 256
11 50
89 113
75 160
84 175
93 177
63 141
6 105
90 231
28 56
194 245
198 285
180 241
135 210
56 228
23 55
153 216
61 118
62 237
6 202
25 39
10 164
193 206
33 217
121 269
104 138
40 115
178 197
17 201
72 96
79 243
44 180
96 190
100 191
58 220
150 228
64 143
5 230
65 73
132 204
137 156
41 75
14 174
115 195
130 276
35 141
155 222
50 253
206 226
29 110
89 223
57 278
206 272
138 154
135 159
163 172
61 81
113 230
43 174
177 283
159 187
190 269
24 126
92 121
160 187
30 248
15 79
174 236
12 163
51 116
17 37
110 257
243 250
92 190
77 130
88 215
49 264
92 166
108 270
84 263
159 202
113 172
9 115
58 65
109 238
25 275
66 86
120 201
21 180
54 228
40 123
126 239
91 103
10 142
55 230
56 201
99 178
21 272
5 135
62 102
117 265
120 175
105 126
67 130
23 91
74 207
47 69
147 250
107 248
51 93
99 135
94 222
10 27
56 141
115 169
123 237
146 234
109 235
82 253
65 132
258 274
37 117
117 232
251 265
45 86
240 245
93 269
43 81
140 204
19 115
145 247
74 250
43 161
65 217
48 166
145 149
25 178
12 136
73 110
38 169
201 245
184 219
203 211
34 87
173 184
89 145
182 280
40 134
169 186
60 208
74 198
85 166
231 255
108 171
41 152
130 268
72 247
144 191
177 190
21 97
24 174
22 116
103 105
102 194
22 82
205 268
88 272
9 57
111 243
120 143
83 175
227 282
35 40
79 216
13 180
49 249
76 116
19 275
107 174
79 182
86 120
170 226
50 213
49 174
81 181
246 280
276 284
123 268
76 148
14 232
16 147
55 74
80 116
143 216
38 115
150 262
128 244
117 222
28 172
131 231
139 157
149 225
232 237
93 172
6 120
9 66
149 218
234 250
43 232
76 91
18 139
65 160
19 99
145 271
8 280
173 280
249 282
19 97
267 268
206 217
246 258
11 273
180 206
103 211
199 230
3 265
103 273
143 188
55 253
130 257
42 198
107 186
17 31
103 277
132 221
183 274
53 130
167 202
191 270
175 283
176 177
107 140
129 149
57 164
249 271
66 265
27 78
28 196
34 216
106 115
86 207
30 139
10 49
40 252
109 185
277 285
20 174
89 122
28 231
216 261
237 258
143 229
47 102
148 169
30 155
58 227
58 244
22 249
63 262
46 151
44 263
234 239
80 219
3 161
85 203
48 174
118 213
145 225
2 156
113 264
157 188
171 213
108 128
76 250
161 250
187 270
139 235
159 182
69 105
29 140
53 65
23 215
73 75
96 251
34 54
14 107
106 191
86 266
34 139
97 244
83 128
177 248
90 248
179 199
61 122
72 181
139 209
142 270
132 163
27 184
168 220
98 279
5 280
12 156
153 166
48 182
148 162
66 276
63 86
196 281
73 234
92 280
79 142
106 284
109 204
102 201
6 284
196 226
91 138
151 236
232 271
133 149
54 108
30 97
12 166
14 256
3 284
167 181
0 238
37 225
106 107
188 227
86 111
133 150
163 238
55 96
149 244
43 186
39 81
151 192
65 126
113 261
98 136
11 190
40 111
160 262
48 105
62 243
125 219
46 243
54 83
16 42
27 273
7 231
151 155
51 247
39 207
43 259
182 224
99 271
24 225
139 219
10 213
35 162
139 262
98 125
73 138
68 239
21 171
96 229
47 269
110 156
41 128
10 274
35 195
82 120
25 85
46 259
80 258
175 213
121 145
87 98
175 220
246 278
188 275
39 176
175 240
93 158
10 74
45 97
27 235
50 51
147 208
120 263
188 256
37 148
23 228
80 121
36 258
58 258
111 266
165 277
40 183
90 174
49 134
149 263
63 265
107 215
74 82
90 176
107 130
19 183
19 147
196 242
92 236
90 218
156 177
18 203
159 271
10 240
137 207
2 223
28 222
99 117
33 206
191 285
14 205
46 220
193 276
186 212
20 219
100 151
49 223
134 224
70 105
222 278
5 111
164 201
7 13
84 86
49 84
26 174
112 148
76 195
94 197
32 191
146 261
150 236
58 92
191 220
211 284
49 121
37 66
39 270
81 227
27 241
40 122
32 231
4 175
133 187
82 95
161 229
50 247
191 247
104 173
21 249
59 164
37 57
212 215
179 226
111 226
25 226
81 153
40 126
165 181
84 146
3 230
38 125
151 274
42 94
90 247
154 228
43 257
1 146
188 239
173 208
4 26
130 249
85 191
32 150
53 191
89 189
45 223
59 172
7 275
202 274
218 281
214 230
147 249
215 249
36 237
16 167
121 171
5 143
174 204
19 45
93 220
213 240
56 284
69 157
171 204
81 82
29 120
48 171
35 207
134 235
102 118
179 246
129 173
131 179
36 59
207 261
23 112
31 211
11 249
124 162
55 92
160 219
47 220
58 223
195 275
243 280
101 283
180 274
28 180
9 133
42 123
12 220
164 175
26 218
125 275
1 190
118 223
82 192
153 230
96 185
50 140
89 280
173 230
6 85
3 16
104 131
14 266
246 249
31 217
131 248
162 175
130 198
20 228
79 91
209 221
44 145
38 239
192 224
82 117
22 204
39 138
13 225
182 225
96 118
181 279
32 181
92 127
84 167
56 137
124 256
153 193
47 226
57 157
166 285
151 204
86 272
56 98
115 128
211 261
60 149
179 189
214 243
7 121
119 183
105 156
38 101
41 175
12 178
30 61
184 276
27 46
6 89
115 278
148 195
83 281
70 146
174 265
133 284
85 268
100 238
26 131
36 88
14 18
25 278
73 141
55 205
202 255
121 218
226 232
67 196
16 203
133 183
83 185
120 208
2 236
62 272
15 156
218 251
3 247
185 277
106 266
147 263
96 208
29 265
70 77
27 242
124 160
114 147
138 201
75 244
67 104
7 207
161 202
31 170
49 234
179 267
61 190
164 172
161 285
176 254
97 149
126 248
19 175
5 110
107 233
127 202
201 273
148 245
16 176
137 171
207 252
46 95
33 94
167 276
204 264
119 199
70 233
20 226
86 217
23 152
60 76
210 221
140 215
50 214
14 118
129 178
3 19
69 249
188 280
0 245
84 223
243 262
121 162
32 49
199 251
5 209
31 190
9 49
18 169
12 282
74 204
191 241
56 183
108 274
149 261
211 221
184 210
32 133
42 249
184 273
55 115
68 237
104 235
49 273
84 177
75 205
142 154
171 191
1 24
104 278
106 124
0 102
162 200
66 166
137 202
88 114
179 205
5 34
202 230
101 197
109 224
126 282
1 16
123 171
75 78
103 128
91 100
126 252
44 141
124 132
33 115
19 27
107 214
26 93
203 259
42 243
90 195
75 197
57 167
121 188
13 167
156 208
81 93
81 158
48 149
1 114
83 89
63 243
145 208
18 273
28 263
27 277
18 210
74 147
66 220
176 212
1 127
161 170
98 181
89 206
114 204
39 169
152 269
39 53
163 207
47 126
196 227
182 227
77 242
44 278
40 224
148 253
17 233
1 237
112 192
184 267
34 206
47 176
59 124
39 96
188 223
106 270
78 251
85 205
180 235
77 180
193 259
80 202
143 218
59 263
129 285
15 220
60 118
78 139
87 186
148 177
93 245
91 280
23 58
48 194
114 277
88 118
182 250
13 209
42 217
194 206
209 246
91 166
62 268
25 136
93 116
86 140
24 108
40 47
84 280
75 281
121 266
55 89
160 266
95 239
42 143
28 51
98 248
194 255
7 59
104 207
94 196
13 186
1 272
14 124
199 225
21 221
64 174
14 206
107 276
3 165
19 263
18 40
116 169
133 180
55 197
16 229
7 178
94 218
104 279
12 247
29 170
170 197
96 141
63 280
46 146
173 282
131 177
107 275
94 264
134 244
8 210
71 173
144 201
28 192
247 282
52 77
98 245
109 117
25 43
128 248
76 128
162 245
96 175
131 283
38 232
72 83
11 70
151 160
212 220
25 70
254 259
181 222
94 145
11 143
75 138
59 64
176 265
43 151
135 175
119 186
112 195
1 227
100 227
72 157
78 236
124 257
85 228
127 247
66 77
39 219
35 188
243 272
171 215
64 99
33 43
50 279
7 75
116 240
22 136
107 206
62 98
29 166
76 269
64 123
9 149
123 198
25 228
132 237
138 156
39 49
237 238
61 64
116 230
148 250
46 177
166 284
170 217
84 139
105 219
54 58
39 50
160 167
39 221
85 210
30 93
3 187
88 98
47 235
127 214
125 137
176 215
116 280
212 242
81 257
8 154
119 266
79 196
115 245
120 125
160 216
232 259
34 50
185 233
33 67
148 173
130 270
80 158
165 231
41 150
179 198
1 7
77 178
267 269
7 171
24 45
108 216
116 222
25 88
56 267
29 158
3 84
39 77
87 141
17 154
118 168
127 150
78 93
51 117
4 252
82 267
177 255
105 164
124 232
175 191
215 245
12 67
130 166
28 104
25 262
116 132
8 139
152 159
30 110
96 133
129 266
113 274
202 225
117 275
7 36
69 181
4 46
62 209
83 129
115 210
66 204
22 75
1 119
55 174
108 225
232 269
23 94
93 219
47 155
32 68
16 45
122 221
1 182
77 280
128 234
105 162
102 168
16 26
137 150
104 143
91 271
219 280
10 267
173 221
47 271
177 225
100 129
118 178
37 44
48 56
14 42
16 60
16 181
11 16
110 263
232 278
106 257
39 60
81 272
144 177
2 42
56 255
28 82
266 281
102 247
97 226
68 242
29 36
73 82
56 277
9 25
64 256
123 230
91 240
67 284
102 127
197 205
28 170
54 260
46 191
45 279
173 176
36 268
211 212
29 230
67 215
155 216
94 128
151 283
196 251
160 217
86 211
5 55
10 192
215 260
45 108
148 228
65 189
219 256
62 176
171 222
60 269
27 194
50 263
83 277
88 195
80 99
88 186
209 227
246 252
61 113
36 99
31 98
112 154
28 73
23 187
4 51
178 221
34 65
145 150
43 188
20 144
205 246
193 205
25 50
222 237
48 260
3 250
3 240
125 216
105 217
189 241
268 278
5 211
120 180
240 267
163 236
99 130
39 235
150 235
3 185
81 104
26 278
122 272
206 269
48 158
24 175
82 215
66 95
202 216
11 65
148 270
140 285
164 181
88 281
45 137
110 261
53 152
58 85
2 201
14 216
0 5
15 80
38 221
190 201
119 281
91 115
60 112
156 178
170 212
14 178
149 181
62 210
176 205
164 237
2 224
79 186
138 179
72 111
232 239
66 264
57 109
146 255
66 234
80 209
73 205
90 273
38 127
130 205
9 108
164 231
19 116
118 195
122 188
101 161
112 240
138 185
86 241
28 248
4 236
42 153
40 202
134 137
85 250
15 144
63 236
54 205
153 220
76 208
205 210
129 251
15 109
138 169
87 181
139 187
54 225
64 185
80 167
32 90
108 117
175 282
93 167
182 208
53 106
21 24
38 88
35 249
66 256
17 107
45 242
113 249
71 127
52 218
59 112
28 285
18 85
19 261
87 103
184 225
101 231
112 222
70 147
14 247
160 285
120 174
10 84
241 246
37 204
97 260
124 276
32 270
164 259
182 285
151 278
31 247
129 282
46 231
133 177
174 196
10 106
240 252
53 67
19 201
134 159
29 31
6 67
208 248
35 114
214 270
125 246
5 281
108 176
131 181
67 177
144 268
29 161
120 206
131 226
39 59
53 119
107 258
93 165
110 182
215 244
188 277
79 283
35 96
115 249
167 242
55 246
121 214
189 235
9 141
153 225
200 243
42 125
8 113
119 216
69 177
57 217
57 182
29 215
148 256
93 195
132 183
90 150
76 129
27 255
5 186
68 105
40 176
41 114
111 112
114 279
31 110
18 227
152 173
160 208
109 196
222 274
109 183
140 219
10 248
123 134
89 192
25 89
216 241
89 197
89 199
3 135
75 180
66 261
97 241
195 267
214 238
161 206
84 180
23 151
152 157
133 274
83 201
63 134
28 266
219 253
148 156
48 201
74 262
249 269
55 94
178 211
1 108
209 277
254 278
70 239
82 158
210 274
81 187
43 267
146 176
183 262
14 15
97 142
135 222
143 275
46 106
151 251
76 88
196 217
60 168
128 137
31 192
49 68
33 272
182 228
230 272
74 161
34 84
2 185
64 241
79 114
47 239
11 233
118 129
40 120
63 83
34 166
88 99
6 186
41 155
84 279
41 108
198 236
5 54
26 200
39 271
11 183
95 243
69 164
182 259
31 80
82 225
96 241
154 170
4 116
41 103
177 278
227 247
77 93
93 130
2 163
111 158
106 178
27 158
5 88
76 243
10 17
90 98
46 210
263 284
78 113
46 283
37 85
6 258
130 256
144 240
46 278
73 107
232 266
63 257
39 106
140 283
82 270
116 265
251 263
146 174
147 235
155 267
207 258
88 197
93 94
263 269
68 256
127 272
96 254
99 163
173 278
3 106
0 185
20 83
26 222
20 23
163 235
16 131
90 238
8 257
110 135
265 270
178 268
109 246
90 162
176 231
200 224
26 277
82 266
143 210
25 213
187 271
56 223
46 262
223 240
1 256
181 242
67 243
22 158
1 92
116 159
13 281
91 139
157 264
14 169
85 160
143 262
6 273
14 30
36 262
141 172
140 268
168 172
35 176
36 154
90 109
107 191
43 112
96 213
39 280
24 216
123 156
58 171
74 136
26 37
81 133
53 211
113 228
203 282
17 75
29 217
24 190
161 270
23 154
89 269
9 191
169 269
35 177
166 201
164 174
126 137
167 240
48 224
156 254
52 136
167 218
99 244
13 55
151 159
12 183
229 281
230 269
123 177
20 238
58 209
220 227
15 141
36 80
86 223
61 134
167 173
6 82
124 244
239 260
25 284
186 255
16 115
3 48
57 110
113 225
94 244
127 142
46 166
170 277
45 48
58 97
11 206
69 144
5 141
66 281
36 259
223 283
53 241
204 218
12 51
41 93
85 199
89 129
67 228
66 271
117 191
107 225
29 138
83 139
14 91
143 164
47 70
36 254
3 280
215 233
70 104
10 261
1 66
117 260
75 225
166 171
12 58
123 124
9 241
87 100
182 209
94 163
209 282
44 212
79 107
26 205
137 192
198 221
111 116
16 96
101 154
90 206
203 283
154 219
123 250
83 141
162 214
198 245
189 224
103 285
49 150
152 185
64 125
38 224
73 86
147 180
53 170
110 191
170 224
145 212
33 187
117 235
78 253
52 170
44 220
25 113
130 184
25 193
113 156
85 254
41 240
26 270
81 149
0 204
228 243
70 248
251 254
48 284
49 178
4 162
41 260
141 153
84 283
12 267
250 275
106 153
45 53
146 195
69 228
1 258
106 118
164 267
157 175
4 256
70 100
124 268
21 216
86 184
198 258
54 56
47 263
179 185
19 31
0 67
78 161
119 224
147 163
79 174
83 96
73 230
10 71
142 206
126 163
11 59
46 52
52 228
205 254
44 162
224 241
156 201
106 150
100 167
125 284
50 156
72 91
43 213
0 60
216 279
0 11
91 194
90 245
46 173
61 219
199 265
95 176
54 206
176 275
15 27
103 163
153 174
212 262
5 184
8 265
33 141
153 264
11 252
4 168
99 122
202 252
139 144
10 116
54 250
148 234
125 199
9 107
39 172
128 271
124 176
208 217
150 184
14 102
216 219
141 267
109 232
77 98
22 63
19 24
170 284
168 169
116 250
15 126
32 229
256 267
7 198
183 245
61 181
81 281
158 210
203 243
9 279
228 275
119 193
2 227
157 198
89 176
1 166
147 164
10 176
180 260
180 266
174 278
140 273
30 102
26 34
109 135
63 140
73 149
10 177
55 269
122 273
33 65
102 158
126 220
52 243
28 98
35 73
46 178
245 251
162 177
2 80
47 166
129 175
74 264
85 215
82 238
20 107
192 262
22 200
138 276
85 95
154 252
115 129
92 242
5 204
43 127
130 247
238 241
127 206
3 77
89 150
110 211
133 247
35 71
67 280
57 166
188 221
222 240
23 197
245 246
15 100
62 96
94 122
100 222
32 127
146 151
6 114
33 127
122 199
200 216
28 96
11 169
42 274
66 70
150 237
24 248
0 70
123 226
14 83
84 162
7 232
166 200
16 35
7 101
35 46
138 190
6 18
172 266
158 165
30 203
57 100
26 103
192 228
7 98
119 253
157 243
71 110
102 187
41 177
242 275
32 266
59 193
131 257
73 255
124 240
7 217
78 202
177 264
106 194
43 178
22 184
43 160
109 237
144 280
153 167
199 259
136 253
109 174
37 259
1 205
0 155
114 128
52 65
89 219
63 95
142 238
201 209
27 135
130 253
171 210
43 100
107 147
122 244
167 237
213 238
75 276
26 120
5 192
65 152
152 270
17 161
54 101
27 34
21 92
57 145
10 61
219 249
100 180
40 182
176 223
232 274
76 238
38 202
104 166
71 262
170 192
178 190
19 96
125 178
55 256
67 79
104 202
230 239
33 225
32 173
127 224
50 160
136 233
101 106
39 52
171 276
232 273
191 282
52 196
124 175
88 102
24 38
63 128
105 138
109 142
64 209
92 207
167 268
31 50
45 82
135 157
179 232
95 99
179 265
236 257
19 92
15 275
3 239
239 282
185 193
160 185
27 246
63 149
83 177
122 238
7 209
37 146
66 142
15 42
199 272
106 269
196 273
209 275
215 268
115 118
98 220
17 220
94 119
23 246
45 164
201 205
88 160
144 152
37 253
60 160
153 233
29 117
91 265
64 267
53 71
117 274
71 171
95 203
11 268
1 212
56 101
249 263
91 203
201 234
53 217
23 205
149 158
142 211
94 203
106 121
137 153
59 264
90 168
156 262
157 234
91 112
22 223
122 181
28 197
49 228
40 278
10 42
44 102
0 92
2 89
62 85
26 244
150 164
75 182
119 277
194 201
69 251
199 267
264 277
223 248
218 231
44 232
108 255
133 282
79 87
95 117
137 160
21 70
18 36
80 250
34 199
112 245
6 54
23 75
88 135
44 96
106 109
43 261
99 208
134 221
13 120
9 56
6 135
64 271
148 197
103 230
138 220
25 55
225 270
119 184
170 173
24 156
116 142
98 186
81 97
236 278
51 111
103 213
68 203
65 136
88 198
225 247
93 107
53 125
66 146
109 170
195 234
96 130
18 189
86 226
105 131
208 221
113 266
23 230
54 92
176 232
150 174
141 253
22 120
87 134
171 246
16 189
56 256
60 272
177 285
191 248
157 239
92 281
131 247
66 140
109 111
93 216
133 248
115 117
167 233
10 29
246 283
42 190
10 275
32 152
107 151
18 71
27 81
112 237
202 227
19 21
127 201
9 77
58 84
19 124
167 176
94 184
62 202
10 179
69 88
212 249
198 242
50 145
28 167
193 229
149 175
131 199
86 254
2 275
103 139
118 236
94 132
25 132
124 274
47 149
40 209
176 214
54 69
42 252
29 283
96 168
87 152
126 131
189 270
268 272
149 222
3 246
77 238
255 283
19 207
59 187
27 182
82 186
80 180
78 285
20 123
207 227
29 269
163 249
114 168
35 134
36 264
64 97
76 204
111 216
88 131
69 146
172 281
237 245
47 207
25 83
49 111
153 201
33 277
14 175
170 201
166 268
213 271
53 116
41 215
68 181
116 181
99 248
80 210
76 144
147 269
153 197
35 271
175 258
159 252
37 115
107 169
94 223
29 252
117 148
0 178
27 113
36 204
233 241
42 151
78 182
93 142
202 233
214 242
127 129
85 108
18 247
218 220
200 242
27 250
169 192
59 156
18 251
34 197
7 138
112 184
11 68
202 221
18 93
4 188
58 217
71 199
9 240
106 223
20 154
80 199
15 44
164 268
151 216
23 189
27 154
197 231
135 161
9 97
172 242
26 146
111 278
51 114
212 277
110 246
32 275
64 72
163 283
194 218
44 118
70 114
38 85
79 210
11 131
26 217
220 230
110 112
72 283
178 266
102 126
102 230
126 140
86 261
8 200
138 165
119 258
178 194
76 120
9 32
27 247
64 165
155 232
69 216
175 265
138 216
83 270
152 194
39 147
75 165
202 229
36 186
2 280
182 226
51 55
62 137
60 128
217 231
7 167
229 276
10 24
84 141
68 215
104 190
137 251
20 278
8 105
83 84
57 284
125 128
10 119
125 240
54 118
89 105
106 111
153 221
34 196
10 198
204 255
219 220
15 161
60 190
41 262
36 253
165 221
174 251
148 166
35 282
23 254
168 249
134 203
42 130
2 66
18 129
7 258
167 183
46 256
135 176
228 284
3 100
73 235
18 229
192 259
107 156
148 218
101 225
141 215
51 72
131 220
128 134
242 244
20 178
13 68
81 90
8 75
51 164
1 181
36 197
45 73
35 239
157 265
141 195
137 222
67 189
13 103
85 141
6 264
207 276
15 271
266 274
225 269
67 212
40 211
9 231
181 282
121 148
37 49
91 192
245 278
129 147
85 97
35 48
178 227
100 282
45 264
19 70
206 240
126 139
100 112
103 147
138 164
196 210
190 256
190 202
23 69
136 203
79 228
259 277
120 232
82 107
54 241
106 148
90 169
159 231
72 186
15 222
120 164
91 248
10 104
37 180
103 160
15 83
46 281
41 83
193 260
161 253
22 203
59 243
40 200
99 169
114 199
61 188
126 190
221 228
124 187
33 232
48 251
33 264
121 132
40 114
169 268
65 266
126 211
15 255
115 235
81 155
102 176
113 162
70 158
59 269
30 80
128 225
27 92
35 232
163 263
79 100
152 276
87 279
8 153
23 226
0 140
19 155
197 223
90 129
218 261
225 264
174 187
19 184
68 87
29 192
246 270
40 66
195 264
69 223
100 277
85 253
99 155
126 238
23 171
161 273
234 238
47 148
109 112
28 274
191 280
137 159
117 151
107 220
38 109
97 227
104 175
17 191
131 172
58 79
114 172
2 261
54 140
66 162
22 234
57 269
5 217
115 206
179 243
124 270
184 187
56 130
55 263
66 209
127 173
7 238
191 249
202 254
10 280
117 118
190 267
10 94
10 149
18 173
10 115
63 65
252 255
126 280
100 171
89 91
61 191
245 279
185 272
76 125
24 27
195 232
56 89
99 133
123 278
144 159
7 228
166 254
239 283
132 259
156 270
61 258
114 210
1 260
32 248
87 170
3 215
189 242
89 137
81 175
78 79
36 274
66 79
10 270
116 134
46 121
57 192
203 269
82 132
52 191
108 182
7 11
85 91
66 137
8 109
40 264
47 89
39 263
100 163
52 112
0 210
21 36
32 246
257 259
224 278
121 168
112 173
101 278
143 278
173 245
119 205
12 198
56 268
197 280
105 230
181 267
88 250
145 255
79 249
17 139
77 210
11 179
27 237
190 274
11 46
128 261
244 285
168 217
170 270
38 233
196 239
171 194
217 262
39 73
84 91
47 208
205 265
27 265
31 141
89 245
43 120
51 185
158 213
160 210
12 129
157 245
15 197
112 161
155 188
83 203
109 195
38 143
30 182
147 259
75 95
130 238
56 91
203 251
125 282
29 61
51 221
111 258
178 224
8 90
34 86
60 137
182 235
30 281
42 152
253 258
12 103
9 31
48 212
155 163
122 279
17 176
37 267
34 218
31 51
39 277
105 160
5 100
110 202
123 213
134 246
160 235
51 147
198 284
111 242
146 247
24 273
52 104
143 212
111 150
122 201
53 283
197 258
56 87
229 279
28 89
125 208
37 103
2 214
12 159
111 114
142 252
96 106
149 171
149 228
15 284
52 208
130 218
11 260
258 275
209 210
190 265
263 281
49 210
222 271
113 197
83 266
23 198
167 284
178 205
4 81
32 154
117 193
117 253
64 199
38 242
99 136
29 200
4 190
191 260
131 278
112 224
85 145
79 198
103 119
122 149
26 251
35 119
154 155
99 159
129 198
106 246
57 83
97 254
101 261
87 248
27 284
122 255
27 282
66 89
92 185
57 61
36 127
32 182
7 281
95 181
58 202
135 192
7 146
28 30
48 117
15 162
84 170
191 267
157 255
181 274
8 227
68 270
51 227
16 150
5 237
178 180
74 121
103 175
61 123
117 247
104 112
173 201
11 30
71 152
35 139
224 228
100 120
40 268
28 67
231 273
22 174
7 271
215 224
65 284
17 85
217 274
38 160
125 159
7 246
163 175
106 146
231 248
122 227
129 130
257 274
34 104
136 176
109 251
168 201
64 175
207 241
27 259
81 172
226 271
47 136
141 163
145 243
18 237
115 159
121 180
2 151
172 237
130 172
20 263
118 171
91 255
12 107
100 255
8 128
153 269
9 54
2 100
38 117
65 280
57 249
63 82
94 138
77 111
67 237
98 264
161 221
41 164
10 211
219 264
24 281
128 172
65 86
57 228
16 196
148 188
25 222
16 98
222 248
263 278
184 203
77 208
127 196
58 222
88 247
57 89
158 181
210 228
45 131
141 208
239 249
63 123
172 247
96 262
135 269
50 115
32 50
58 200
62 238
96 182
57 59
61 228
218 228
191 202
27 169
57 180
121 202
36 265
39 284
191 261
23 25
196 231
238 257
115 167
16 212
101 132
137 189
164 221
73 219
22 197
96 195
27 267
193 262
212 221
41 68
43 123
157 283
125 132
120 160
186 240
62 185
65 162
140 257
196 254
39 120
263 272
63 108
240 243
98 109
0 244
113 253
45 230
114 231
33 68
107 152
19 131
143 186
188 217
81 268
149 224
152 229
22 152
71 238
205 219
26 118
208 223
178 277
7 38
264 269
17 97
245 257
113 212
41 210
132 228
50 212
109 164
62 277
192 253
50 67
206 208
85 137
100 231
77 179
108 164
94 113
132 146
207 249
151 264
131 221
9 217
5 194
233 246
42 91
99 175
144 214
88 119
163 285
105 184
100 108
2 165
15 31
13 29
102 274
3 5
28 139
99 126
52 219
32 81
128 264
235 284
86 213
41 85
51 124
99 259
103 214
118 249
111 273
227 259
34 235
108 141
59 230
73 260
4 103
147 212
243 276
148 179
30 36
128 280
44 224
75 278
222 223
29 77
232 235
61 195
98 153
114 270
134 274
146 221
33 239
77 253
181 238
124 219
64 104
174 247
35 42
158 177
57 105
65 144
127 241
120 155
158 180
21 112
109 145
10 229
32 47
35 163
10 38
40 116
207 232
14 264
87 208
77 233
58 149
111 135
224 277
87 154
52 252
42 66
22 193
124 252
183 234
47 140
106 163
58 74
26 56
217 221
35 64
204 226
87 122
26 191
154 265
135 272
76 272
39 157
19 185
26 100
52 231
90 165
142 262
169 279
85 148
47 187
28 134
66 207
13 53
43 184
59 163
172 283
77 259
40 48
256 264
92 167
161 186
136 153
45 274
25 210
43 45
35 93
38 51
19 105
15 157
2 79
84 130
158 204
151 218
46 147
38 146
118 203
56 220
68 143
14 29
13 236
240 244
30 156
71 100
117 270
113 130
136 220
7 229
2 108
160 184
115 276
52 188
34 99
89 211
184 229
76 278
45 225
20 31
123 187
74 144
81 122
104 125
123 272
37 156
22 224
119 142
44 56
54 270
119 241
153 255
77 88
1 22
3 212
184 249
49 199
41 272
24 157
157 267
1 251
1 28
32 146
99 241
52 114
12 24
74 224
231 253
56 180
48 78
70 137
52 85
31 41
17 124
47 108
67 211
192 207
100 130
55 170
59 283
273 274
25 173
194 228
98 152
163 218
80 149
121 175
91 189
32 284
88 237
37 182
96 215
25 255
11 196
110 260
245 256
157 168
31 88
114 160
23 247
163 173
29 64
208 235
99 281
23 111
99 260
71 269
131 176
80 196
195 260
171 224
177 193
230 236
238 267
50 174
58 229
204 266
240 281
112 210
77 82
87 157
143 283
76 177
23 155
7 84
49 137
223 241
70 201
143 192
157 230
64 212
124 279
49 211
49 245
90 188
23 285
72 106
198 256
62 112
19 120
155 168
153 191
77 135
36 180
33 62
33 247
22 95
145 278
57 90
59 149
137 249
43 250
7 48
135 154
44 110
30 142
187 282
52 92
19 144
159 267
126 178
64 184
4 102
107 185
61 117
22 69
118 204
227 272
161 236
44 255
105 251
177 224
16 140
172 173
99 230
25 53
209 255
54 147
5 124
120 179
12 262
39 80
178 204
36 141
15 88
32 237
161 235
59 212
111 254
81 144
18 234
34 52
21 42
88 176
140 236
7 166
104 156
14 55
27 55
180 194
125 248
90 285
28 203
105 281
68 228
79 244
140 272
258 259
72 158
105 151
144 167
61 257
244 283
99 157
45 248
90 276
70 82
178 238
15 211
169 197
55 133
223 227
17 159
29 93
205 234
12 75
25 256
124 205
107 141
18 257
184 221
76 236
203 265
66 225
4 148
173 263
84 284
82 196
183 221
48 66
21 161
71 229
128 154
171 212
219 235
149 199
160 239
45 133
59 146
21 184
103 136
69 262
14 76
196 220
25 71
64 206
226 264
214 225
70 118
135 257
38 181
71 218
198 261
56 158
119 217
42 174
190 206
83 219
32 108
141 224
66 199
59 180
27 165
50 59
180 185
101 147
143 172
15 151
83 162
257 276
96 236
148 262
51 259
13 83
94 267
54 200
229 268
19 193
213 233
62 255
70 79
101 253
55 231
99 142
64 251
101 275
21 51
78 232
102 199
25 128
136 151
234 260
78 194
237 250
47 55
46 125
131 253
237 284
65 249
22 117
23 184
20 108
101 183
63 106
50 267
117 192
246 265
113 140
145 250
155 220
1 39
20 99
180 232
221 259
238 268
37 269
37 254
174 189
148 214
114 261
175 234
83 120
28 244
67 234
147 153
20 40
203 226
160 234
112 152
2 188
33 128
123 219
77 276
195 245
151 173
61 70
233 237
83 268
87 110
240 284
155 264
183 264
27 180
116 269
36 92
9 18
56 151
174 195
138 249
156 186
15 55
20 248
63 264
51 128
95 179
14 113
95 253
38 192
153 250
13 94
147 227
3 251
134 146
80 256
28 188
167 213
9 245
56 106
2 31
70 193
29 284
48 87
217 235
93 204
107 111
4 38
251 273
57 271
94 140
29 69
28 177
48 84
74 155
42 55
102 216
144 243
5 196
40 165
57 115
14 141
197 216
130 230
135 245
216 240
268 279
17 32
91 223
60 155
79 237
223 239
38 264
47 78
58 98
142 228
17 82
166 192
51 229
82 212
49 237
88 145
80 150
155 260
116 209
22 42
229 250
127 177
105 154
93 228
11 281
12 137
31 77
119 203
10 128
40 46
109 146
125 242
67 185
107 234
18 119
41 243
67 270
51 80
79 208
104 261
71 265
12 271
123 136
141 193
26 264
88 208
22 227
85 202
142 219
44 215
56 187
75 179
40 130
2 44
114 163
86 245
146 231
10 235
105 189
97 173
48 268
11 31
60 252
1 235
214 218
48 140
48 267
87 133
74 120
34 146
2 78
249 254
14 185
147 273
199 227
100 230
119 259
11 33
46 64
12 78
86 164
133 249
56 123
263 280
192 280
51 232
39 232
11 107
64 196
12 217
82 155
113 157
31 275
12 277
47 249
137 152
79 135
92 186
159 265
158 279
223 230
234 267
3 159
24 264
147 216
206 221
277 283
51 67
90 110
126 266
18 87
56 173
71 197
16 255
126 164
26 147
91 276
10 258
200 202
54 104
114 253
17 129
215 273
3 74
54 68
7 93
30 261
127 148
209 252
92 248
7 117
29 224
204 273
53 206
52 172
156 216
103 241
49 157
70 85
42 126
74 111
83 117
166 271
139 231
67 153
4 215
59 167
42 45
62 65
121 152
96 114
77 194
93 121
41 165
102 252
51 143
115 204
37 285
5 25
127 179
99 200
139 252
151 230
195 277
45 110
5 183
129 258
26 59
122 161
64 98
197 235
104 108
82 271
29 175
81 283
96 111
145 170
10 204
23 37
55 204
218 260
203 266
96 158
60 93
23 137
79 271
190 257
55 71
92 188
101 108
203 247
88 89
176 178
187 255
8 63
97 141
3 182
194 244
131 281
122 215
237 249
136 180
204 262
68 267
58 138
147 170
51 70
59 199
120 284
128 218
223 226
108 265
8 100
94 110
72 165
171 241
23 177
141 252
233 279
149 204
45 123
0 86
50 148
13 119
140 270
133 157
48 216
90 240
156 228
226 265
171 233
255 284
92 192
64 69
102 277
249 281
49 219
147 185
206 280
124 166
132 179
196 266
47 201
163 169
17 162
6 15
31 32
93 202
16 241
80 190
10 81
111 251
200 231
181 258
232 240
47 84
22 284
34 116
100 281
87 179
39 272
81 278
18 231
179 277
222 254
149 173
67 94
48 164
38 217
115 217
71 99
55 179
91 188
64 274
80 213
162 187
38 65
186 264
55 273
197 248
135 156
239 257
38 168
33 237
9 166
96 194
3 23
54 91
6 58
35 140
211 250
143 193
55 120
89 183
164 191
145 235
11 154
132 250
63 119
80 187
142 168
33 218
195 271
66 211
84 189
8 221
104 262
73 102
80 273
129 210
15 23
49 165
88 224
28 276
81 212
10 137
30 274
67 238
167 190
63 112
142 162
32 104
199 233
3 173
2 199
27 181
2 13
221 251
102 169
163 254
98 246
138 275
125 267
116 264
180 205
25 27
61 100
19 223
72 234
101 263
40 237
226 248
99 237
14 183
70 153
8 249
218 242
69 92
0 215
99 158
84 111
116 266
218 223
194 251
114 193
119 284
79 259
35 151
101 104
100 242
105 250
53 94
29 276
26 162
159 240
137 258
2 249
110 148
9 100
32 40
217 239
79 149
167 232
45 285
216 221
68 216
160 237
145 203
31 139
8 20
21 30
237 244
31 199
144 230
163 250
80 100
82 207
76 248
202 235
12 104
5 252
104 230
36 234
166 273
56 69
35 196
148 263
19 41
230 282
3 221
152 211
144 276
121 165
95 146
135 266
24 205
42 224
16 236
13 132
61 144
35 105
86 158
84 113
26 193
90 153
68 72
18 52
167 231
144 266
114 159
18 244
152 252
81 267
126 138
167 184
57 220
79 273
38 269
93 128
30 249
141 180
81 210
60 89
232 246
30 68
139 141
2 25
101 118
234 283
175 281
99 193
223 276
259 264
59 139
213 244
65 212
62 157
105 176
45 120
33 236
70 204
188 224
81 162
228 241
92 268
159 244
105 134
233 236
250 276
80 112
115 275
13 82
192 241
139 207
0 243
199 252
50 91
52 210
217 255
67 283
160 189
65 115
95 221
78 240
47 92
40 206
165 260
260 269
53 68
4 6
24 279
1 255
158 194
77 201
116 180
88 194
94 96
42 268
160 275
30 163
12 182
11 204
159 178
230 235
77 206
22 65
261 282
21 240
42 215
132 227
144 279
99 225
84 268
95 115
158 196
152 153
214 220
50 84
123 168
120 279
1 214
27 69
63 118
178 260
232 268
54 135
166 248
157 171
100 121
30 74
163 209
87 151
78 88
6 51
86 143
235 280
107 172
131 274
70 93
60 62
83 235
12 89
20 105
140 152
126 268
79 159
5 92
9 201
15 239
39 213
52 217
36 285
67 190
2 229
0 272
154 216
132 171
253 264
48 155
122 208
165 203
20 38
157 282
8 261
3 13
40 279
108 208
147 157
30 251
42 246
8 251
134 250
72 159
166 167
2 271
10 32
141 175
273 285
187 258
34 262
33 49
93 154
29 98
125 130
70 141
184 201
176 188
21 47
98 212
77 264
94 251
181 217
180 207
207 217
124 253
171 195
180 284
104 251
157 241
132 210
77 150
30 238
91 105
75 110
49 119
149 195
32 249
84 208
257 273
138 205
74 171
93 213
59 275
190 191
45 159
64 176
154 199
165 241
58 157
3 65
187 226
109 197
74 141
205 244
243 268
201 281
127 252
123 199
12 152
218 239
22 230
106 275
130 250
159 262
62 260
88 231
99 128
88 96
113 167
14 88
153 156
186 238
159 243
24 44
53 88
54 266
123 215
114 216
89 239
26 70
211 228
16 239
11 67
2 134
101 156
146 282
105 192
167 214
8 61
8 262
151 163
33 103
119 239
166 247
217 268
73 108
42 165
147 198
104 271
67 249
58 76
204 211
27 268
81 139
20 181
37 252
144 264
35 193
195 221
163 260
74 275
239 255
47 200
3 275
219 254
51 66
47 163
49 263
37 206
204 274
48 180
146 272
3 150
63 92
126 136
96 151
105 125
136 158
121 215
55 243
141 283
72 117
111 230
35 66
166 172
68 148
271 282
61 229
12 226
118 167
176 245
21 59
118 126
90 156
168 240
163 182
10 151
88 112
33 192
13 273
165 234
194 241
122 249
0 254
10 230
9 21
123 224
41 264
160 163
51 134
243 260
7 196
68 145
14 150
26 271
64 201
103 185
63 213
153 164
202 231
157 211
52 262
70 112
142 187
36 179
19 181
41 283
175 219
2 145
2 53
147 160
27 31
88 259
209 242
100 158
182 231
113 181
172 263
247 260
173 256
35 262
121 223
14 276
105 130
72 203
157 194
209 213
46 127
59 132
45 268
251 264
31 150
89 267
56 245
256 272
138 254
87 267
63 122
130 137
123 178
77 142
115 200
176 202
39 115
81 89
125 139
182 210
13 194
182 200
51 84
85 180
175 198
171 275
35 261
4 224
234 274
41 242
183 223
135 148
76 267
151 205
58 63
128 219
92 218
79 175
30 166
39 99
136 140
120 223
15 237
12 48
38 158
199 279
22 241
202 240
18 55
178 250
89 136
74 182
34 238
117 163
177 238
148 238
65 172
57 242
172 196
180 216
101 152
177 277
137 162
241 277
2 235
11 40
101 193
178 246
195 231
210 259
22 67
253 271
49 66
89 104
15 171
120 212
34 66
53 77
116 202
170 275
112 114
239 256
225 250
69 117
180 231
116 152
181 226
17 48
76 252
133 134
96 277
55 152
181 198
157 158
46 193
97 237
195 223
48 219
112 180
77 167
70 191
37 153
86 282
111 279
71 81
171 285
107 136
267 282
62 276
50 165
170 240
213 234
73 272
34 250
36 231
114 234
120 188
124 237
108 229
20 130
142 281
91 238
29 250
10 85
220 258
203 213
170 223
143 247
47 159
4 129
171 270
61 220
40 281
35 219
250 267
61 251
12 285
73 243
11 236
134 237
174 267
71 251
5 255
89 242
73 129
75 102
42 63
227 285
97 108
231 268
13 267
87 268
93 108
64 261
177 197
133 225
98 224
69 257
83 170
108 278
34 257
69 166
10 146
249 266
118 127
144 165
27 196
1 121
61 65
118 240
17 171
96 258
32 100
133 256
36 77
197 227
229 277
56 227
58 204
226 280
129 228
114 170
68 84
29 81
2 270
72 225
24 121
147 231
23 258
28 154
92 172
51 126
11 218
45 91
75 220
55 135
175 249
90 212
26 189
64 70
61 230
40 141
197 255
205 267
243 279
67 255
70 98
228 254
132 238
177 240
217 284
90 146
174 233
133 160
120 134
60 278
175 180
224 259
1 172
108 267
60 244
18 258
99 185
148 172
182 258
87 187
179 254
155 273
23 164
131 200
22 47
89 97
63 111
224 257
20 94
116 212
15 127
236 268
87 117
58 125
234 256
190 250
162 180
112 168
75 248
111 233
38 62
5 121
103 238
207 273
92 94
169 227
201 277
101 144
37 256
3 175
169 196
107 270
111 244
97 124
231 238
140 149
145 282
44 194
30 75
63 84
193 230
6 80
16 183
76 226
146 268
145 171
134 192
67 121
123 246
38 58
9 130
56 203
52 94
176 258
2 122
101 151
12 123
229 263
116 199
34 118
70 179
214 216
100 263
45 221
6 162
171 207
47 63
107 245
0 195
227 251
5 79
181 182
20 65
214 273
101 170
53 187
24 69
51 75
51 230
10 143
29 102
87 146
244 263
96 242
254 262
72 142
95 254
205 250
27 140
150 211
213 254
35 155
23 138
45 253
20 36
5 13
22 194
50 121
191 242
156 213
85 109
245 272
216 236
142 277
42 192
27 220
202 270
83 251
13 249
51 59
9 275
72 115
35 82
52 121
58 179
61 109
94 143
180 282
72 253
4 146
45 101
5 243
31 260
158 211
126 221
168 233
109 262
104 165
143 202
77 94
37 274
12 162
68 155
132 267
102 167
217 223
64 237
201 222
168 280
68 125
210 251
154 185
70 71
18 183
53 62
91 163
93 283
241 271
66 132
31 85
141 228
42 162
113 183
58 277
8 69
65 137
237 268
183 265
131 150
67 240
55 227
2 219
27 187
196 209
163 193
15 193
68 185
5 164
0 105
86 145
100 142
181 265
115 222
91 221
43 284
84 195
159 253
16 187
115 149
6 24
201 238
0 246
164 251
181 220
54 280
29 152
142 269
205 230
35 266
129 215
103 129
188 265
26 67
4 160
45 161
114 153
17 73
15 167
258 272
243 254
77 160
139 274
99 112
42 69
16 281
138 148
134 229
193 195
70 217
31 259
155 263
73 100
144 202
42 242
138 151
223 265
74 125
159 216
0 193
163 181
59 233
191 218
144 199
0 236
7 244
7 252
19 214
32 253
122 190
257 272
18 280
232 270
17 18
116 144
64 102
7 87
146 200
56 77
207 229
128 165
94 231
37 82
90 192
7 39
8 130
12 17
38 244
37 130
113 165
174 179
99 114
71 244
81 255
41 44
91 186
3 263
54 85
163 244
201 251
221 284
154 210
123 205
29 208
112 284
51 201
62 235
73 148
185 221
119 200
89 216
173 232
63 184
41 127
79 147
20 166
26 52
117 272
91 267
124 236
235 275
41 258
217 253
3 202
29 183
29 235
169 278
100 219
204 278
49 192
133 238
180 242
21 120
46 184
102 248
6 260
70 213
228 230
80 163
106 170
16 221
39 125
124 171
227 242
42 191
206 264
164 242
69 171
226 276
108 121
194 257
0 150
41 199
68 241
199 242
114 207
112 166
204 246
77 165
68 134
187 188
40 172
138 159
52 132
146 215
77 166
102 148
0 265
198 269
22 66
76 82
144 257
140 281
61 139
197 259
1 12
96 123
181 227
84 156
69 215
103 189
146 167
0 106
241 273
70 283
228 260
31 245
206 248
150 280
51 270
71 79
64 204
246 260
83 87
97 240
117 233
87 130
86 163
103 232
3 132
151 203
9 24
137 213
35 124
140 190
144 198
74 193
252 262
134 186
72 265
74 281
120 168
54 237
127 174
137 149
9 271
97 164
61 135
17 198
52 211
157 284
135 149
84 258
156 260
195 261
49 149
218 285
105 107
72 258
118 152
122 138
36 56
7 260
119 226
87 207
65 116
139 257
26 132
199 268
53 281
122 158
136 285
37 263
111 205
27 156
55 226
71 210
111 250
3 151
133 188
146 152
86 105
161 188
26 239
93 248
102 204
43 93
54 166
79 265
28 48
12 160
21 157
134 193
189 262
28 205
48 55
193 250
57 60
128 168
56 232
99 187
48 101
4 118
64 86
4 238
11 167
152 271
157 206
24 123
180 224
116 249
33 34
193 240
144 247
54 97
26 280
212 222
41 64
25 26
78 196
18 115
191 272
109 134
139 191
68 118
151 258
183 207
114 167
55 159
22 283
79 130
9 216
26 45
5 219
129 166
44 122
68 255
235 268
73 220
129 183
234 270
254 277
193 282
98 275
51 102
160 256
70 121
50 270
177 261
103 135
72 197
69 136
177 254
181 218
19 163
70 187
58 113
43 125
23 181
52 238
19 51
16 232
47 222
92 232
52 131
203 270
45 125
134 283
13 142
72 134
97 243
208 255
14 57
111 137
31 235
36 97
79 282
80 225
2 97
34 144
32 264
128 186
55 177
102 107
52 120
95 103
111 130
257 267
242 284
152 272
120 204
122 150
105 128
13 231
163 228
169 259
141 168
97 222
148 217
171 240
114 143
155 254
115 164
134 226
40 42
34 83
77 219
72 259
58 270
262 280
117 179
70 258
27 101
146 279
55 111
42 92
48 123
262 268
181 268
75 76
44 80
220 269
105 203
46 93
8 131
223 233
279 282
202 257
248 263
75 217
167 271
36 87
158 174
19 160
11 209
16 71
86 109
170 248
199 264
208 270
5 256
265 278
45 65
160 165
74 245
246 271
20 106
219 225
102 269
45 188
52 66
20 264
187 278
46 109
34 164
39 92
137 243
78 105
107 148
228 259
166 190
8 223
70 229
55 155
9 58
22 162
64 225
107 278
123 172
98 209
38 200
263 283
66 224
246 250
56 212
23 199
205 259
160 207
43 274
74 76
57 259
49 236
238 251
166 267
76 220
262 276
143 175
154 241
47 99
108 200
85 110
27 253
44 170
51 250
97 147
21 146
86 183
42 136
113 126
102 208
162 279
139 259
3 63
40 222
95 212
63 81
50 52
201 211
44 97
148 266
42 260
0 93
127 139
8 102
106 183
194 235
83 253
1 89
74 99
25 106
63 173
218 244
29 229
225 276
97 274
266 270
1 63
30 240
55 160
65 233
57 97
191 263
83 261
73 262
73 151
17 27
245 258
0 144
255 256
47 236
110 152
187 285
198 218
109 258
215 222
163 223
49 248
70 125
194 216
27 155
91 125
2 248
141 227
22 89
58 94
107 188
146 207
140 247
183 187
189 285
6 170
75 238
85 280
23 194
11 81
193 228
240 257
53 144
64 262
150 221
90 228
164 187
199 277
222 255
36 247
48 142
92 182
117 239
26 65
122 211
65 74
45 276
152 180
136 273
34 92
0 283
58 234
59 185
52 272
233 271
146 159
29 262
54 180
204 206
103 170
79 281
9 92
70 128
66 76
161 261
106 127
149 177
123 193
36 170
37 92
96 187
187 198
272 285
148 183
4 276
164 185
0 59
6 159
149 190
80 216
158 258
132 206
126 231
192 219
20 200
10 41
22 85
106 260
97 248
109 215
126 275
50 127
209 237
121 235
57 237
133 229
75 154
44 242
20 28
107 181
91 212
81 120
152 190
4 55
149 282
183 212
193 247
111 145
178 187
23 268
31 100
194 238
68 188
35 132
65 72
139 239
152 235
8 246
122 162
2 63
129 205
38 75
137 275
160 284
106 152
34 100
77 189
117 257
77 99
56 82
45 237
26 267
58 129
144 248
41 254
133 211
95 248
102 111
95 98
94 180
151 182
70 208
20 158
7 51
138 170
63 159
9 15
220 257
61 267
178 275
172 233
228 271
19 238
43 137
12 258
96 278
146 190
136 145
147 167
153 203
207 214
148 273
110 113
111 224
8 270
142 220
6 256
10 79
25 105
60 239
178 240
24 59
219 238
98 165
28 72
99 138
34 247
160 186
183 194
73 188
132 154
147 267
90 211
203 225
111 207
258 264
183 213
54 254
34 173
99 218
24 46
56 279
146 204
78 224
50 105
112 266
223 259
122 171
103 218
43 83
103 264
15 97
51 74
34 109
126 186
171 208
104 266
44 89
52 133
54 279
7 261
209 284
18 146
161 276
28 147
122 220
272 276
17 98
82 222
59 115
129 227
187 236
6 74
76 188
25 198
35 104
130 157
10 210
39 262
57 185
233 249
225 236
10 153
41 81
30 170
18 194
189 282
111 127
108 240
258 280
55 107
38 216
206 241
249 250
81 198
30 262
65 241
114 165
11 253
101 186
80 173
47 181
22 80
181 221
32 159
8 29
49 243
132 280
225 228
64 147
141 200
94 188
175 197
73 168
80 144
55 175
36 156
30 275
108 136
30 123
35 216
55 75
184 272
47 254
59 158
38 93
101 148
67 221
13 233
1 176
133 161
129 235
147 218
147 277
109 256
217 276
155 247
100 236
146 260
89 139
5 264
98 183
46 228
103 274
42 161
136 279
64 76
149 206
252 282
237 247
163 259
22 29
0 262
8 172
101 241
0 142
241 270
104 109
143 230
35 133
25 258
64 68
195 215
70 78
89 260
156 175
42 137
102 114
17 262
43 165
6 95
147 251
27 73
113 204
69 275
10 122
72 194
79 215
157 208
127 149
209 265
140 262
170 202
100 177
164 255
98 254
90 106
185 206
49 265
13 207
5 137
166 204
66 82
162 185
35 204
22 68
2 189
61 193
165 183
270 281
142 227
208 275
36 266
91 269
154 279
103 179
17 212
201 220
3 24
15 177
44 207
40 247
114 242
170 187
27 274
253 282
22 124
135 163
32 155
43 70
94 187
159 163
43 96
90 214
78 180
151 209
170 264
50 235
148 201
177 267
36 159
107 263
33 233
87 230
94 256
90 277
48 266
44 250
247 268
7 175
100 243
62 284
142 150
173 285
85 175
58 156
53 189
56 122
96 282
248 258
84 188
231 239
116 175
72 74
52 189
91 159
99 213
196 243
216 264
36 94
142 273
205 282
12 193
89 241
179 233
32 254
22 56
37 67
43 252
118 245
69 208
210 218
83 228
255 269
27 38
13 49
130 140
11 153
4 49
80 89
2 264
200 241
61 202
21 195
56 238
152 227
188 202
22 83
7 40
2 69
50 103
51 269
2 67
94 204
20 146
3 33
101 222
59 116
13 71
18 256
151 202
252 253
3 92
13 250
20 202
89 169
35 123
3 131
46 126
82 194
69 155
115 201
131 132
36 57
156 158
236 261
160 223
22 173
124 125
129 274
73 177
60 262
98 138
40 282
34 167
42 64
3 62
95 202
12 194
72 151
91 275
82 92
159 273
160 221
89 282
196 255
58 158
242 243
173 249
29 239
201 239
87 116
119 125
137 206
41 54
2 194
222 230
13 152
130 227
207 283
34 174
230 273
229 233
205 260
8 103
131 260
36 107
194 223
108 149
202 218
169 265
43 72
132 181
129 185
76 147
181 283
190 266
13 232
277 279
90 160
85 246
200 232
62 100
22 91
92 125
122 126
166 196
75 134
124 169
251 279
80 88
86 172
54 129
28 122
169 213
265 281
151 165
30 150
10 30
36 108
4 235
20 136
138 209
138 252
177 242
105 210
135 253
128 214
142 240
177 186
71 92
47 119
169 247
122 124
70 277
149 166
87 111
59 154
1 158
51 251
229 232
49 181
33 154
84 221
69 238
242 248
193 254
126 130
167 280
110 189
48 236
153 235
143 156
114 260
16 168
149 237
223 282
29 270
207 285
104 179
167 273
108 178
50 282
22 166
52 91
77 258
74 233
66 157
80 137
111 184
102 142
5 249
102 226
120 243
32 183
85 248
75 122
52 181
20 155
107 246
20 113
35 185
91 175
53 173
225 235
51 158
88 239
75 185
98 104
56 148
105 239
0 132
56 209
49 180
39 113
45 111
43 133
9 125
170 205
142 215
192 237
107 164
117 200
248 284
9 208
135 249
153 242
96 125
71 201
52 70
85 106
238 277
17 60
46 123
132 173
55 178
25 205
148 210
91 215
109 208
181 243
68 85
145 261
91 93
108 246
61 132
150 152
173 174
97 174
99 177
32 156
124 140
110 198
29 129
28 90
163 268
32 217
51 63
186 234
46 124
24 101
172 285
34 160
189 218
108 150
6 277
131 254
78 118
69 189
34 158
10 180
198 207
199 203
101 135
38 131
112 132
185 211
213 279
125 143
35 95
15 113
67 246
212 257
121 198
126 258
58 210
177 256
63 90
0 28
198 265
40 283
158 239
124 238
0 220
203 217
6 49
26 155
248 264
43 166
15 169
10 144
41 91
51 109
14 16
13 154
166 246
233 243
149 257
82 185
203 215
128 278
166 255
172 284
61 241
105 183
24 122
95 187
12 53
134 249
97 278
177 268
136 161
143 146
10 252
6 50
34 122
75 119
57 150
210 283
179 229
22 195
121 244
49 64
129 208
189 284
186 257
31 252
157 197
25 274
177 266
4 124
90 193
169 188
36 142
48 82
11 83
206 245
172 264
25 162
21 205
2 16
181 273
69 149
15 145
41 65
69 192
16 206
59 272
46 129
38 268
41 250
67 183
103 262
144 256
37 154
29 280
79 232
16 248
152 184
28 148
178 219
170 273
116 258
68 81
57 58
21 270
81 214
27 223
196 229
56 192
92 197
55 69
175 255
98 214
91 111
10 249
190 204
53 230
159 256
172 267
13 15
128 150
136 216
29 251
263 279
54 197
264 278
13 184
142 278
4 104
21 176
44 252
48 130
25 37
59 150
44 266
256 275
73 223
89 102
15 19
24 241
125 238
30 263
80 138
4 282
21 83
204 282
3 244
33 229
254 284
176 271
234 236
144 221
28 95
41 89
149 191
80 179
1 87
102 267
1 160
33 158
121 140
4 92
100 228
82 146
68 282
90 224
40 99
83 140
86 125
182 243
54 75
83 242
29 97
96 267
53 75
207 257
50 131
71 276
113 173
8 92
23 57
188 192
221 230
68 115
3 46
61 244
105 181
74 261
28 195
24 127
204 270
175 253
44 169
50 102
108 158
90 133
130 223
145 180
173 179
59 184
38 40
87 132
169 209
177 235
229 253
27 77
79 233
52 123
32 238
28 214
76 137
217 248
196 263
112 157
36 188
87 109
81 156
9 93
30 198
138 266
54 64
169 194
10 105
64 109
129 146
64 227
148 281
49 155
87 257
65 238
217 259
223 284
159 228
96 191
167 282
64 162
130 183
92 238
15 56
0 191
93 184
106 280
62 82
196 222
181 241
35 184
73 236
160 259
203 276
116 214
53 274
24 49
170 216
43 109
31 70
0 94
45 265
131 187
138 183
72 119
136 244
176 187
245 284
2 198
163 284
42 144
104 258
150 281
85 176
112 170
76 216
57 106
20 266
151 231
72 105
179 266
0 192
101 280
0 18
18 279
75 85
85 118
167 196
11 23
7 212
68 213
176 247
110 114
171 244
93 134
59 95
236 275
191 237
14 73
62 273
84 267
118 234
33 213
49 224
45 84
69 233
81 201
127 256
186 229
140 277
80 211
3 49
139 183
50 157
95 226
265 274
150 260
129 275
124 218
61 85
150 267
40 71
98 115
88 185
62 138
20 184
26 204
52 236
70 181
72 252
90 194
84 194
166 214
82 99
15 84
156 214
184 246
123 220
24 168
19 157
100 223
75 157
142 156
175 279
246 248
19 37
43 230
22 277
157 236
9 207
58 201
43 82
184 234
28 49
154 204
120 133
18 264
123 221
54 239
151 193
151 237
164 168
26 87
12 60
218 280
134 140
11 138
87 97
17 236
46 159
45 177
221 277
85 219
170 181
55 265
45 236
85 114
159 211
43 209
132 138
82 205
59 238
56 125
154 167
139 153
39 67
162 272
125 220
13 187
171 217
138 284
127 274
80 206
48 238
172 214
52 186
101 232
176 242
85 198
137 210
145 231
268 270
117 145
61 162
11 243
26 159
16 252
69 222
21 91
85 135
60 167
50 55
71 189
5 89
36 211
143 206
81 280
48 104
56 283
41 203
199 253
217 279
53 107
52 80
51 174
9 36
8 66
37 174
102 222
20 273
52 162
125 156
206 277
126 230
189 261
48 190
89 284
29 85
128 183
143 234
188 266
21 151
64 156
210 268
117 160
95 108
59 270
0 152
8 156
199 249
22 142
113 277
7 273
36 65
71 279
133 233
112 252
55 240
216 226
153 234
230 249
267 280
167 277
216 269
20 169
41 135
71 98
170 283
233 277
95 230
4 74
104 181
121 225
246 277
20 142
125 221
111 256
144 209
113 160
187 265
106 141
132 232
3 143
43 103
130 202
104 126
99 267
37 239
262 263
85 112
76 275
134 142
79 205
4 99
158 214
230 251
13 192
11 240
100 145
124 178
152 172
86 116
13 126
72 90
160 273
78 274
212 226
111 210
198 266
23 214
116 129
18 180
202 222
28 40
134 256
89 181
101 282
79 220
10 279
169 236
57 146
207 247
8 206
112 127
200 256
3 109
33 153
138 139
141 221
154 239
83 195
25 223
199 212
50 191
195 256
94 177
143 147
4 267
29 76
85 225
135 258
143 207
62 121
131 204
113 242
147 222
103 191
178 243
202 283
115 212
19 268
146 227
3 193
7 61
157 177
113 152
140 260
123 176
224 271
33 69
116 189
197 270
53 97
189 281
268 282
59 240
113 166
218 257
190 237
49 212
36 162
111 234
11 44
194 275
215 254
8 126
87 102
120 192
114 212
190 249
114 254
41 173
59 69
78 199
219 257
36 270
167 234
45 141
156 250
180 218
36 117
141 166
38 281
61 130
29 112
194 247
117 219
54 79
97 206
114 161
127 283
150 212
162 234
149 243
95 138
145 190
145 194
50 186
29 159
90 235
89 117
205 221
66 272
39 141
182 244
72 281
90 204
74 255
67 275
31 174
168 212
74 122
2 149
182 189
123 163
47 168
15 257
127 235
59 161
136 268
58 285
95 139
36 216
44 225
76 214
13 133
246 259
14 211
156 282
42 189
92 144
48 214
108 126
100 268
171 178
166 244
186 241
21 264
110 254
44 120
51 226
28 262
108 144
85 146
113 256
1 213
5 46
59 217
17 141
87 209
143 174
168 282
25 257
92 220
85 206
39 237
69 159
139 192
250 265
170 176
5 145
67 174
14 157
80 171
7 28
85 142
14 250
101 112
109 114
25 31
113 252
14 86
91 120
103 204
188 243
122 262
152 226
116 143
63 130
136 242
145 197
81 233
55 65
86 136
42 206
106 147
229 285
56 213
43 210
169 225
146 226
83 248
72 263
91 239
72 231
173 234
28 97
108 209
141 177
108 273
34 198
152 192
193 211
104 169
67 113
132 200
48 119
78 125
148 254
180 209
4 69
63 168
10 244
142 180
171 223
34 89
228 251
38 212
53 87
84 160
155 160
75 103
17 183
80 143
51 271
119 231
158 224
93 149
94 200
16 250
99 168
20 180
41 134
140 202
137 228
79 256
39 162
20 225
107 144
6 25
24 37
119 151
19 166
153 239
8 25
35 241
1 233
87 184
24 41
158 162
86 280
150 225
108 271
80 276
21 222
90 230
161 183
189 232
122 210
93 267
209 270
54 57
251 252
0 45
185 197
187 195
125 201
30 257
104 222
224 225
12 184
35 275
118 189
40 248
257 263
109 279
168 281
60 88
173 276
30 70
154 242
168 194
92 245
66 154
77 235
86 153
24 185
77 250
0 131
117 159
158 255
151 200
140 165
195 258
57 96
45 270
138 260
100 274
150 158
18 123
99 143
64 281
17 101
49 240
96 271
78 158
46 240
110 151
25 68
99 183
50 237
46 271
141 240
235 236
103 259
200 274
111 261
61 245
5 9
122 235
158 164
3 160
105 198
88 223
37 198
16 278
162 170
147 168
106 182
168 257
6 240
56 240
112 282
12 46
110 228
51 235
59 215
31 167
213 262
198 234
178 244
227 236
99 145
96 155
45 79
23 280
111 136
33 242
147 228
104 228
220 229
34 114
70 225
111 166
73 92
183 242
150 209
121 149
174 256
147 213
86 88
108 251
63 228
36 229
113 175
152 169
199 211
91 249
86 215
118 272
88 120
201 250
173 258
141 219
129 167
29 63
158 193
50 117
64 151
127 187
55 118
19 23
137 208
99 153
5 33
41 193
114 228
58 231
35 235
84 238
17 263
94 237
11 54
147 285
102 223
16 119
194 248
30 60
37 268
67 142
25 168
214 262
103 237
85 237
46 142
125 218
88 214
1 117
66 200
88 206
242 271
84 225
194 203
19 239
215 283
21 261
47 50
6 257
67 165
200 213
180 256
5 71
16 282
43 143
20 35
4 50
78 163
166 170
269 285
60 183
26 85
176 180
76 219
77 230
226 285
114 133
175 214
29 275
52 145
10 194
176 194
146 244
122 183
31 128
110 214
69 201
10 36
7 192
26 201
20 201
124 265
63 176
51 202
122 222
5 234
28 250
23 150
145 217
210 222
11 210
165 251
106 206
100 126
22 210
6 37
44 182
8 219
148 211
52 58
177 182
54 273
229 240
21 159
104 237
105 171
25 233
9 120
12 161
124 281
195 279
54 60
0 148
29 160
42 280
105 207
73 280
106 135
2 10
68 99
31 132
94 279
237 275
66 152
3 134
7 103
11 133
88 204
135 274
123 256
13 76
170 196
0 4
3 97
28 181
5 7
152 278
163 165
9 104
68 174
22 34
53 185
40 112
44 163
141 149
11 255
212 259
43 247
122 240
176 234
14 40
44 218
228 256
40 131
125 149
38 275
72 189
148 196
247 275
75 86
9 172
24 25
108 120
31 135
43 190
37 118
244 274
15 204
36 72
116 215
106 200
44 114
92 210
9 48
33 121
196 212
20 145
37 261
235 272
144 220
193 278
8 215
98 110
60 282
36 223
8 191
25 110
12 127
230 267
51 169
8 55
131 192
174 246
127 170
106 230
91 211
235 262
30 244
159 233
105 272
10 63
141 173
234 269
102 282
69 80
85 185
87 205
13 183
17 185
130 252
245 275
7 128
108 153
276 282
75 130
98 247
37 114
150 250
122 229
101 145
12 264
76 180
17 213
39 85
216 278
113 227
200 284
20 192
12 185
67 242
150 199
103 284
62 154
156 264
53 118
106 253
105 143
27 201
11 41
195 248
201 218
26 133
27 248
11 181
20 153
175 177
95 162
73 77
107 161
57 187
8 216
44 237
11 161
73 203
245 263
90 143
73 216
112 176
31 151
33 211
184 198
142 229
119 159
62 161
63 89
53 85
9 235
23 242
110 184
166 250
22 102
76 285
11 42
48 192
10 77
114 197
82 217
203 271
127 210
10 133
78 96
241 285
146 280
228 252
207 230
221 278
42 83
25 232
48 229
55 242
229 246
91 160
72 216
42 61
120 163
35 278
14 222
54 252
54 231
84 152
91 156
186 236
194 196
120 156
61 126
198 274
233 278
41 222
67 171
191 252
169 233
37 75
91 136
3 169
197 256
1 59
49 91
1 135
162 270
22 28
22 167
98 282
19 87
9 170
22 77
49 251
62 217
78 172
146 170
15 230
21 62
149 212
28 128
135 206
0 62
180 234
69 256
34 153
71 186
130 145
198 222
16 246
221 242
88 157
234 278
30 44
160 282
124 233
113 185
265 280
200 221
58 153
93 112
76 280
64 103
233 245
83 274
179 196
86 275
197 221
19 264
73 210
6 76
258 285
14 209
50 112
120 267
38 100
52 182
5 35
212 224
5 48
279 285
38 74
171 238
20 268
119 190
183 263
227 231
16 74
104 164
177 236
134 166
207 262
68 93
65 209
102 256
238 266
53 203
77 141
52 147
116 228
192 266
107 209
86 248
45 63
165 201
69 128
80 126
125 217
169 180
108 201
4 133
230 259
157 272
35 220
10 212
48 108
33 167
95 164
119 249
86 141
39 214
275 280
211 262
108 159
13 17
62 231
158 278
81 277
25 169
10 47
125 165
10 174
178 247
28 159
165 281
6 262
43 269
143 215
19 285
222 247
35 50
47 137
27 153
90 196
45 52
201 267
52 144
11 180
199 260
122 137
115 150
233 256
55 191
248 280
114 194
166 272
213 226
230 250
84 275
5 223
219 263
68 244
41 78
16 52
123 125
191 197
24 167
56 159
1 68
208 259
122 140
59 248
53 182
78 83
166 258
208 254
6 243
36 137
7 236
195 247
124 249
107 183
200 226
203 268
94 202
54 148
2 120
18 109
67 273
122 205
38 261
104 201
204 276
165 259
147 214
133 189
24 114
75 163
18 232
20 256
26 102
135 215
166 278
84 164
83 134
25 270
152 253
72 204
94 173
30 264
160 172
26 95
115 198
110 200
111 200
180 221
78 171
42 188
57 183
29 216
145 167
43 256
2 138
37 255
34 266
157 223
187 201
86 173
204 221
39 200
23 149
6 73
154 263
13 202
29 271
77 200
30 106
42 115
65 81
87 270
148 175
8 193
15 155
172 190
15 129
90 170
53 61
23 169
63 78
61 94
97 157
130 273
41 62
20 191
13 90
16 80
35 248
142 248
161 244
110 259
104 110
151 272
25 221
36 48
149 189
157 178
44 209
136 205
60 260
25 180
246 255
187 211
114 280
1 245
14 260
46 114
199 204
243 273
164 243
48 282
56 70
138 211
18 174
114 250
36 177
166 234
126 271
92 177
28 108
151 213
255 273
180 226
35 56
2 22
55 72
55 232
111 129
0 223
151 171
8 167
236 265
21 239
107 170
278 285
57 62
16 87
54 123
18 88
81 150
48 208
39 58
20 170
130 171
136 206
5 80
79 180
187 243
177 244
93 117
96 192
95 269
185 232
60 68
135 262
42 234
66 260
71 84
118 138
23 110
161 268
107 247
68 195
108 167
54 188
146 262
32 233
63 211
98 121
144 146
64 239
73 145
22 285
207 260
170 198
45 169
52 103
77 221
34 130
28 242
22 37
184 261
1 2
46 101
44 76
196 252
229 255
12 227
158 285
93 137
98 166
207 259
8 51
150 169
130 152
88 260
127 135
49 184
214 274
90 148
88 138
119 263
13 196
44 119
64 228
58 103
11 151
19 75
64 220
154 194
179 223
101 221
33 278
119 148
68 236
60 245
110 157
22 252
128 157
25 206
29 119
29 212
122 230
8 71
41 61
138 149
80 122
109 218
93 106
128 153
129 163
86 138
6 234
17 23
192 222
111 228
166 188
111 239
3 209
6 150
14 221
99 229
13 220
226 258
2 14
52 209
102 206
33 283
92 240
35 150
121 272
142 171
27 134
128 256
165 209
118 148
247 261
119 279
46 112
10 265
85 181
95 150
51 140
223 252
164 272
42 259
58 89
30 157
57 230
65 85
30 272
95 152
168 239
222 252
158 170
131 243
19 154
49 92
92 235
110 217
65 263
31 155
141 274
254 283
243 283
30 237
60 186
15 264
121 259
37 126
96 245
32 175
14 165
91 104
150 180
176 182
138 251
31 270
44 104
40 84
139 206
147 276
73 154
81 152
89 244
7 274
44 179
2 155
261 285
139 265
151 194
220 244
44 283
95 156
124 145
34 157
63 279
68 135
154 174
2 124
217 245
3 231
86 260
18 65
60 156
70 154
158 188
55 261
105 150
53 238
17 100
9 157
15 256
15 122
53 193
71 237
12 84
98 148
53 166
70 106
128 181
137 173
38 102
30 83
24 195
91 95
56 285
4 210
30 40
106 262
42 58
139 158
87 174
37 247
59 169
121 204
193 219
21 204
138 192
92 148
16 57
171 184
20 249
148 150
75 210
12 180
35 68
125 259
3 123
53 91
102 146
118 281
108 258
191 244
270 274
42 47
9 154
39 259
80 84
76 151
116 272
44 229
111 270
53 128
96 232
52 122
174 200
43 136
47 117
24 61
1 236
64 106
43 170
104 257
121 264
102 144
59 118
77 78
178 215
61 95
38 157
128 226
68 138
32 157
215 255
181 214
138 161
22 199
192 208
126 227
217 265
269 271
60 70
42 54
32 36
53 149
166 279
34 219
154 253
152 240
65 253
118 180
117 150
234 264
76 187
40 185
72 260
7 112
30 187
49 173
122 177
116 226
141 243
161 187
130 177
32 53
53 222
97 156
39 86
197 240
35 116
142 266
49 118
125 126
217 283
2 62
178 212
107 224
137 197
0 73
105 145
12 31
98 193
172 187
185 253
53 171
41 120
77 270
121 236
131 275
83 230
34 150
32 123
201 217
19 186
100 173
169 242
101 139
57 254
142 172
127 155
138 210
4 71
44 148
18 153
189 222
76 193
9 200
71 256
132 224
114 263
106 172
76 270
2 11
133 156
122 147
16 37
206 229
23 29
145 224
57 236
95 118
14 197
38 274
10 233
188 257
12 172
35 179
209 274
67 179
50 260
211 269
32 196
35 146
165 245
141 273
58 134
185 239
81 270
19 260
237 252
2 230
244 246
21 148
125 281
0 208
19 256
65 168
89 98
101 123
132 194
8 151
78 195
19 88
159 247
63 198
13 66
229 282
132 225
123 152
216 227
29 100
28 135
172 186
118 265
101 264
180 280
69 161
177 209
56 250
84 157
93 135
23 185
147 181
147 284
89 243
27 95
146 179
93 170
61 254
147 187
27 67
159 193
36 201
49 145
132 202
170 265
76 83
43 107
149 194
25 98
28 43
41 192
184 209
169 173
65 141
83 130
91 92
32 274
105 196
51 219
100 224
127 145
4 221
7 53
22 134
244 270
18 58
58 69
117 277
192 195
30 179
50 65
37 213
2 225
178 259
92 100
19 74
31 257
100 187
199 258
125 279
168 263
5 198
190 220
133 226
115 160
80 204
78 124
14 140
88 140
67 201
235 244
34 217
17 179
1 4
283 285
189 191
134 155
87 166
94 186
43 248
152 171
46 199
101 185
176 179
81 262
20 245
78 104
214 245
197 215
20 215
122 195
102 203
87 234
77 134
98 285
15 150
238 274
139 241
96 143
21 32
75 235
96 274
51 112
83 91
37 167
92 269
29 109
37 211
111 272
145 159
16 256
163 247
210 234
130 260
111 141
89 227
230 257
170 278
177 258
1 141
62 116
174 221
147 255
7 136
57 200
72 149
128 144
120 193
63 64
6 86
117 214
95 136
99 278
131 196
3 21
235 279
222 249
154 209
59 153
61 184
14 36
3 90
1 45
21 119
19 34
96 109
82 199
94 124
80 228
28 261
151 154
41 131
186 200
56 175
84 285
22 155
116 170
20 157
16 261
64 82
75 162
241 268
42 81
121 210
123 160
77 79
65 277
45 100
134 278
43 119
70 205
11 19
79 95
35 117
31 33
24 214
162 277
9 20
132 214
163 280
49 215
167 270
132 158
23 31
65 149
7 268
93 175
45 157
56 171
83 112
113 135
53 224
145 281
101 189
139 195
33 245
136 281
35 107
63 178
98 271
21 224
73 169
21 31
149 285
3 29
157 280
66 94
195 229
190 262
45 233
73 278
30 183
20 261
13 62
130 248
79 166
96 201
133 194
11 135
50 53
124 208
1 220
13 105
61 99
253 266
8 39
86 196
121 127
80 224
153 161
116 133
124 211
112 271
240 256
7 74
71 233
144 244
74 223
98 131
101 182
28 39
268 280
167 260
37 175
15 192
3 264
95 225
204 243
251 270
157 179
37 192
40 145
211 239
15 121
23 193
142 193
159 264
55 236
169 200
48 273
107 180
75 234
233 274
79 230
85 257
117 279
166 221
54 150
126 189
73 232
58 101
94 127
204 237
88 116
49 208
11 160
13 255
66 245
261 274
154 284
21 269
127 143
0 44
31 49
79 276
168 204
102 280
224 230
59 279
261 277
22 217
93 193
54 194
141 169
32 201
60 87
133 165
51 91
8 146
44 210
19 251
24 64
16 283
54 107
52 167
12 218
22 165
63 233
214 251
32 199
11 221
47 253
4 223
107 109
134 167
75 253
116 126
83 231
72 226
69 205
53 223
135 188
208 262
6 228
230 231
152 209
197 200
38 282
13 175
191 245
107 207
219 276
7 257
83 102
132 213
260 276
2 49
38 191
79 185
161 259
20 205
2 268
71 236
101 213
73 184
54 195
179 230
15 99
148 184
8 268
17 74
41 182
100 261
261 284
22 160
107 212
153 219
13 223
23 143
41 172
94 114
47 246
32 167
24 65
216 225
7 233
164 258
76 109
142 236
122 148
21 84
93 198
129 261
167 230
22 123
32 93
258 279
50 209
143 256
107 243
209 229
103 212
28 157
190 241
4 270
208 229
83 154
174 182
95 129
78 210
98 283
62 78
57 281
84 203
99 106
92 146
212 268
6 276
23 93
8 107
240 270
100 205
30 121
74 203
245 255
188 198
78 107
22 79
65 188
2 61
97 189
57 137
28 227
78 94
193 202
161 203
48 131
44 183
118 260
6 188
152 239
134 161
10 138
99 149
133 173
6 203
7 242
120 229
231 235
86 98
35 272
146 194
162 213
192 234
27 206
68 170
42 214
91 143
54 269
0 77
50 248
40 104
5 38
16 117
13 81
28 129
84 155
243 245
7 218
113 233
222 284
89 246
145 177
41 151
102 120
6 148
13 67
15 16
157 210
231 281
137 215
140 282
50 207
164 186
68 279
123 158
211 263
78 256
64 279
87 237
102 219
45 69
122 267
41 269
4 42
235 259
189 245
172 194
25 204
100 207
170 267
16 225
197 202
103 276
59 136
76 215
4 172
6 46
82 250
16 179
229 235
21 90
198 254
171 251
59 141
25 212
86 208
23 63
152 170
99 198
47 270
261 276
26 107
54 105
6 218
129 241
70 265
12 113
117 183
58 267
18 125
42 241
31 101
74 86
140 240
53 208
176 246
181 186
44 221
132 247
7 161
22 240
0 14
144 219
132 257
19 215
80 136
56 195
87 252
192 242
133 269
82 229
11 216
103 193
125 231
83 133
43 242
199 261
92 143
42 160
115 244
195 200
110 265
114 123
235 255
192 278
48 151
90 219
134 165
90 134
32 141
188 284
130 285
248 259
113 259
144 153
0 222
78 181
151 185
207 270
131 213
162 281
18 266
7 42
162 183
117 173
122 233
59 249
4 245
73 173
86 144
167 239
188 199
82 174
77 212
60 236
69 232
154 215
133 263
69 147
206 249
52 149
163 246
42 142
80 265
44 67
6 16
77 161
119 201
64 244
163 278
103 155
90 127
41 196
9 52
74 79
184 269
34 179
47 175
270 280
43 104
45 118
58 186
173 215
30 216
8 229
76 145
200 272
25 238
15 140
212 263
163 256
0 237
227 267
16 146
20 44
56 110
6 263
90 189
88 149
16 211
229 271
52 258
182 267
7 91
221 244
50 163
6 238
121 130
190 209
180 200
83 226
3 196
10 218
46 47
208 281
101 201
136 254
209 217
80 266
36 205
241 279
189 202
250 259
248 251
85 120
68 231
30 211
39 188
74 177
137 282
111 232
19 28
8 164
3 45
14 35
22 31
47 240
15 208
118 255
53 196
55 209
153 281
195 203
19 180
21 207
31 157
96 183
30 280
132 233
86 90
140 157
228 255
129 165
176 243
91 127
123 153
208 222
78 82
87 155
181 194
30 267
122 152
135 277
28 264
117 262
4 95
194 197
109 139
32 64
175 228
2 36
66 216
60 188
57 258
34 191
153 215
161 278
88 139
52 54
82 284
21 39
98 139
76 80
253 274
95 208
39 83
8 248
239 254
19 198
73 186
43 97
14 272
21 101
30 221
83 252
112 270
188 213
115 238
159 212
275 279
181 228
173 254
71 242
38 230
220 251
203 264
179 208
99 228
67 247
134 284
158 242
192 215
127 254
38 172
32 242
7 88
95 251
8 145
121 169
96 153
18 131
27 197
238 253
191 274
119 171
171 225
49 114
22 105
74 119
162 220
120 247
263 282
12 191
186 221
2 129
77 184
30 195
28 282
138 141
62 103
18 130
22 40
93 252
107 126
79 181
167 186
145 263
189 237
217 218
124 148
50 233
136 137
178 237
226 249
49 232
111 213
50 262
21 74
10 48
19 173
30 39
4 189
23 119
48 242
76 98
156 280
107 230
25 245
188 250
79 177
82 202
161 262
7 279
90 271
60 266
109 149
210 278
84 174
47 252
186 198
70 206
85 98
165 265
9 127
24 47
85 100
73 134
41 273
21 88
56 186
69 95
7 208
128 273
153 257
123 235
75 275
195 272
254 269
189 252
186 222
29 227
111 203
125 168
57 280
91 278
148 221
264 276
227 229
18 97
72 175
17 57
16 23
87 182
51 234
74 263
23 39
83 149
184 235
2 92
258 282
118 209
78 242
17 63
159 200
229 275
8 158
123 150
1 193
18 239
157 216
68 88
201 276
77 168
43 172
18 81
113 139
142 263
112 213
27 221
7 155
130 255
60 209
187 193
15 238
73 171
64 93
150 206
83 144
168 278
104 215
128 162
55 106
185 249
231 259
171 173
14 65
32 86
82 257
279 283
35 145
73 267
99 231
2 279
41 284
24 159
53 139
138 277
9 265
123 258
91 135
174 199
78 214
22 211
189 266
249 257
71 160
59 65
162 250
212 240
37 47
80 133
69 115
36 187
10 18
46 200
123 128
11 170
96 163
34 229
38 263
19 84
203 227
91 174
27 121
30 111
18 212
4 230
5 162
17 224
23 256
57 264
8 11
18 29
133 258
24 68
18 33
15 93
107 157
32 260
99 220
63 212
210 226
105 264
60 177
83 216
26 273
215 229
31 201
64 137
29 47
83 151
82 147
38 270
52 280
72 190
120 220
0 51
49 169
208 272
106 149
78 157
227 230
121 157
56 235
41 87
90 184
111 196
1 56
78 273
57 114
262 279
87 164
78 246
12 49
57 222
129 206
79 84
152 242
97 112
15 94
64 127
82 133
132 212
23 134
31 118
229 252
97 218
67 105
48 156
21 208
34 285
261 262
74 95
86 99
9 105
19 119
168 229
128 228
14 33
24 236
136 152
191 238
7 21
26 63
184 244
210 230
156 180
175 262
12 219
162 231
228 235
165 233
227 248
95 174
71 240
103 131
163 216
47 147
236 284
60 170
178 273
92 165
187 256
173 199
175 229
6 222
173 251
109 284
39 218
131 232
128 132
29 68
204 272
71 176
194 243
93 146
216 272
40 249
41 162
87 121
171 206
45 122
150 229
80 205
184 217
160 164
20 88
136 146
144 168
226 257
68 219
223 236
226 246
184 266
203 224
140 198
13 153
137 257
96 176
151 254
259 271
140 175
195 266
41 130
136 237
125 213
152 154
57 273
144 178
5 202
93 123
129 230
137 246
2 73
34 51
77 105
17 88
74 279
2 82
101 130
17 216
166 283
14 235
27 281
25 92
147 272
57 240
174 250
57 229
174 176
27 211
120 130
57 268
84 242
14 50
76 273
7 147
95 247
15 153
15 268
151 222
263 273
30 99
34 175
25 44
235 276
154 201
135 233
185 276
140 178
9 198
186 277
175 269
7 153
52 127
229 244
259 276
69 221
72 89
162 211
58 260
45 183
115 188
163 191
58 238
17 90
9 281
24 66
21 173
152 257
109 119
93 218
65 268
21 285
42 182
22 274
254 266
73 88
107 284
38 53
160 179
118 269
42 251
42 284
90 116
72 73
48 178
67 260
92 97
236 250
95 122
107 282
55 57
16 51
100 196
221 234
278 282
31 166
8 111
82 273
222 235
230 275
31 92
59 70
163 224
67 216
200 259
33 198
123 285
181 210
136 142
69 178
248 271
21 241
52 119
50 222
162 188
129 137
40 193
32 160
169 222
105 223
87 194
205 236
187 231
132 239
158 175
60 237
140 255
125 179
144 215
79 127
22 143
152 199
55 190
7 27
54 219
174 279
188 281
61 83
140 233
72 199
34 171
22 206
106 162
40 127
42 253
185 235
94 153
31 279
3 116
14 71
156 210
15 148
131 219
215 259
98 208
161 251
26 276
21 174
144 252
20 41
25 67
22 254
33 55
45 61
62 253
18 271
103 269
45 203
106 168
23 213
146 267
167 274
269 276
134 210
94 123
254 275
138 233
142 276
250 271
238 258
86 167
161 182
184 253
35 269
177 187
209 259
14 44
145 218
89 251
134 228
162 262
139 250
49 213
76 182
58 67
138 160
8 54
55 252
205 262
119 176
225 268
131 244
56 226
209 266
177 270
23 107
8 108
9 136
5 270
31 251
8 78
242 279
152 182
158 227
110 185
122 163
139 276
101 236
40 136
55 141
90 202
29 219
12 101
69 143
58 197
132 236
46 202
104 238
67 263
127 242
61 278
247 267
8 10
107 202
99 258
56 222
245 268
27 74
203 232
13 176
38 41
145 178
194 283
126 236
95 270
96 264
35 41
99 204
165 237
18 75
9 145
96 171
73 165
135 216
26 27
143 266
33 161
64 153
58 178
43 222
125 258
10 37
37 87
50 70
125 172
215 263
22 219
83 210
142 204
49 278
68 123
135 263
250 268
13 35
127 136
189 278
57 283
112 125
89 114
159 171
49 207
256 266
111 245
34 243
29 162
105 213
51 238
42 101
114 211
22 132
92 225
38 128
198 281
124 284
78 220
28 35
51 107
31 137
179 252
20 168
98 191
137 273
108 202
22 45
96 284
229 243
84 93
72 130
177 210
194 240
47 160
49 202
198 224
56 217
172 271
53 143
62 162
175 178
44 49
32 60
77 170
12 153
77 207
73 251
7 170
223 253
59 68
66 254
70 223
79 131
54 115
8 207
75 166
125 134
110 274
37 131
97 247
81 230
146 276
39 220
221 273
139 147
137 176
188 279
98 211
93 207
60 285
223 224
41 84
113 251
57 195
112 261
80 82
33 226
180 217
120 253
91 200
111 126
100 267
148 282
7 70
148 191
176 236
124 191
180 245
95 229
96 204
129 143
63 234
18 62
80 119
12 21
247 273
66 87
5 68
70 285
17 177
56 198
2 111
231 245
44 109
35 161
0 201
34 80
94 210
77 157
71 115
15 258
84 237
12 80
29 136
126 166
125 280
123 159
25 154
81 254
20 48
189 201
159 169
153 249
51 142
98 222
98 235
144 229
16 238
48 106
199 240
118 151
173 257
84 186
126 154
118 187
27 83
249 276
56 275
234 257
20 139
46 208
18 238
29 233
54 109
38 249
104 209
251 260
30 223
74 83
152 264
200 282
182 265
87 241
201 236
39 227
96 102
0 221
76 282
6 209
129 217
128 246
14 142
215 241
164 274
117 197
207 251
186 281
65 96
133 154
163 272
48 153
130 189
6 116
254 267
50 144
14 116
75 193
159 251
12 179
39 276
68 245
224 239
60 234
106 125
14 38
90 217
60 182
1 187
30 175
135 231
14 72
41 195
22 118
27 210
236 272
32 162
67 181
26 173
26 109
163 242
140 206
19 169
85 260
8 272
127 131
118 141
205 226
31 104
226 279
226 253
134 151
60 127
170 214
41 63
102 262
40 53
85 224
55 163
245 276
25 266
113 248
113 218
12 211
60 151
213 236
254 276
205 283
110 243
183 188
32 234
132 188
23 126
115 257
225 249
101 238
4 114
201 268
167 170
30 277
188 249
119 210
67 167
3 245
131 175
46 140
203 257
0 281
113 170
40 64
63 220
59 66
91 235
184 205
234 248
6 267
118 233
66 201
7 118
91 263
130 168
50 151
95 246
20 237
68 141
169 199
191 196
52 198
0 124
165 205
11 55
24 247
82 91
161 267
123 169
110 215
47 129
219 234
5 53
84 85
1 93
3 139
116 219
45 257
93 187
22 169
155 261
148 233
29 122
0 54
259 261
230 234
123 279
2 144
44 206
9 169
31 90
66 273
58 95
173 246
68 204
168 173
83 283
15 180
269 279
39 215
83 121
80 229
104 199
76 274
76 190
66 283
75 214
192 238
139 281
147 186
106 128
115 146
45 128
163 225
40 153
194 246
18 197
77 128
13 193
92 200
240 263
83 259
94 191
63 79
117 204
93 281
83 189
58 248
129 232
180 261
60 193
161 283
158 280
27 204
218 273
78 230
49 222
35 247
68 284
140 192
159 167
51 253
82 195
153 210
0 107
153 196
40 132
119 132
12 18
134 141
72 128
114 141
28 247
119 275
156 241
70 123
8 209
8 157
150 226
28 34
178 196
43 183
203 204
2 266
11 198
53 275
4 77
182 284
65 231
144 208
224 238
48 146
237 261
71 147
233 244
53 114
43 225
166 205
243 274
10 99
15 49
115 227
91 133
114 200
111 174
83 119
193 252
244 251
136 208
209 219
136 191
138 171
128 231
171 205
13 191
50 185
234 280
159 215
128 147
43 101
60 265
22 70
64 191
21 57
37 110
152 223
7 111
143 237
7 186
243 264
37 200
95 201
79 227
40 65
115 226
125 235
96 222
77 129
120 183
164 196
96 206
141 236
150 233
28 275
67 140
122 260
262 278
36 118
103 173
94 158
122 247
84 273
46 238
119 245
127 262
251 267
134 212
4 249
69 198
38 145
122 166
121 226
31 120
227 264
7 225
37 69
92 159
31 94
34 263
193 263
21 98
181 184
103 194
143 151
8 115
1 234
179 278
5 112
31 200
70 249
118 137
88 132
181 250
53 163
47 161
14 268
135 200
175 221
60 79
88 124
10 190
25 76
32 263
0 196
61 281
108 132
14 282
132 176
36 267
132 254
66 131
172 226
59 78
102 189
115 174
246 267
36 76
166 173
45 214
98 128
240 274
147 275
56 119
132 229
74 97
93 203
33 222
97 259
126 142
30 279
140 234
189 204
97 221
128 201
47 209
2 15
65 79
94 280
77 148
165 235
117 134
177 191
69 134
29 99
132 162
14 112
62 242
50 173
5 21
37 281
123 126
59 254
80 175
62 189
37 147
68 102
62 163
25 236
160 211
39 110
66 208
53 164
172 254
107 271
209 216
26 254
208 273
97 232
32 70
67 266
109 122
134 227
121 176
9 243
198 231
187 276
209 238
20 271
5 165
130 233
99 188
27 193
78 168
153 168
222 228
63 85
100 245
54 151
74 165
38 163
46 164
158 275
181 219
3 200
5 170
4 159
6 201
50 272
149 211
155 277
13 26
79 133
121 163
104 264
183 270
184 228
176 250
119 179
158 244
25 184
46 72
66 190
243 284
27 91
111 117
108 196
60 135
22 225
203 279
9 274
46 275
136 197
39 242
240 264
41 99
116 191
4 31
98 227
122 141
45 205
174 254
87 189
219 281
122 281
151 162
19 210
221 243
115 186
60 154
41 74
188 203
5 129
53 96
37 270
231 242
165 184
17 96
8 234
116 162
146 184
121 275
25 133
121 234
43 197
139 176
1 271
152 224
15 216
71 188
125 177
52 175
32 55
30 119
210 233
97 223
274 280
107 139
31 256
136 139
187 239
21 89
22 202
204 244
49 172
14 158
41 186
12 95
6 101
49 54
8 201
139 256
46 152
11 261
30 120
89 111
86 232
122 189
107 162
216 229
95 127
107 201
262 270
111 123
3 9
20 212
54 207
148 226
98 262
48 72
29 190
42 185
57 131
7 31
13 251
17 138
3 110
0 179
84 201
181 272
169 226
177 271
120 137
26 86
22 259
74 98
189 236
87 228
167 172
27 123
95 177
110 186
8 13
86 89
44 90
86 165
55 248
29 181
105 220
101 188
53 151
191 226
34 249
149 262
50 280
6 220
161 260
188 206
1 280
238 283
106 112
62 190
119 202
180 278
24 282
70 238
41 201
252 265
224 240
182 206
110 227
260 268
12 187
122 242
27 33
79 278
83 224
27 35
122 185
173 186
136 189
116 188
148 176
4 83
46 188
168 238
45 215
226 267
52 271
23 89
252 281
59 281
85 131
139 282
47 261
3 107
59 82
86 216
136 232
9 26
206 285
25 72
156 273
65 220
131 206
17 206
60 176
102 178
257 282
120 166
80 245
113 282
190 281
16 142
59 252
94 269
112 267
56 111
134 143
233 235
93 124
132 218
32 101
72 120
77 140
131 133
200 279
1 131
54 72
264 282
116 217
43 94
16 41
63 169
94 118
77 85
140 213
48 69
3 81
85 264
95 242
118 149
14 32
89 158
94 275
94 194
113 154
158 220
47 98
74 190
146 168
190 228
19 121
37 173
7 188
174 255
33 36
78 183
104 212
14 259
125 250
210 237
167 245
87 159
70 124
4 243
37 279
57 194
43 175
87 258
183 184
95 200
148 208
61 183
52 222
50 265
158 272
234 247
44 93
62 135
227 234
76 134
45 235
187 260
48 161
137 226
130 190
22 26
109 152
16 285
121 183
160 269
35 84
29 59
42 207
78 136
112 263
67 119
39 234
64 132
72 233
90 278
7 214
260 271
153 246
83 176
20 207
9 46
108 135
50 169
176 269
3 192
172 228
183 257
231 234
173 194
26 227
151 164
57 246
99 266
72 280
190 258
19 243
51 181
101 168
18 170
97 187
143 261
63 207
166 251
121 123
123 228
37 217
68 223
138 245
70 210
88 253
62 184
160 248
90 270
8 138
54 99
206 225
5 247
92 222
109 273
149 193
138 246
7 247
158 179
123 277
234 249
99 101
148 237
116 267
149 239
166 226
76 249
38 110
135 191
113 216
173 271
112 243
211 259
49 97
20 216
114 267
141 192
60 261
18 118
60 220
275 283
140 222
44 200
127 251
14 37
188 273
223 266
172 255
81 169
100 258
172 198
6 142
52 261
48 141
26 161
143 281
5 60
8 37
135 228
94 155
114 229
86 225
159 203
116 174
133 265
135 248
59 268
7 132
89 93
62 111
98 173
124 260
103 169
138 162
42 282
24 255
76 281
31 106
6 167
180 214
69 113
231 276
106 268
12 257
115 282
201 227
170 208
8 192
53 254
29 178
133 268
166 265
208 278
209 220
112 189
80 113
20 132
36 78
98 111
152 251
68 187
22 157
73 244
154 240
120 153
27 254
51 106
60 249
111 188
17 135
57 198
90 220
99 140
126 170
75 260
10 72
105 211
72 145
91 179
184 196
57 171
52 63
248 277
32 214
150 165
213 249
111 162
58 70
53 234
59 88
232 238
155 252
104 118
95 194
163 252
24 130
273 275
58 66
93 270
225 265
133 197
51 275
14 192
36 73
23 259
6 239
208 264
239 274
21 105
27 275
89 213
112 147
78 243
82 254
67 139
146 158
42 267
160 213
67 191
61 263
116 185
84 196
144 231
33 203
134 242
187 220
117 208
61 98
80 108
139 255
155 186
62 261
19 66
21 29
164 279
109 243
17 118
156 221
200 225
172 204
17 47
155 205
241 249
91 259
258 277
149 279
72 75
97 118
114 281
102 213
131 271
121 151
70 177
90 203
6 123
146 277
136 169
41 171
197 208
35 92
8 239
15 72
62 193
255 266
64 246
160 193
31 69
110 273
8 144
37 127
13 240
36 167
21 72
101 215
228 258
24 94
46 235
103 186
106 133
7 10
31 148
36 61
21 67
43 95
220 248
174 178
124 283
57 156
12 196
11 12
202 204
47 229
1 253
228 240
129 271
157 213
159 208
27 141
63 74
75 142
30 117
30 69
42 176
38 237
78 90
140 265
105 116
152 222
175 273
216 258
95 240
93 103
50 187
139 215
159 185
82 101
85 90
115 205
83 240
119 134
73 204
104 200
35 126
25 111
160 270
3 268
44 246
0 137
51 257
103 114
79 110
4 138
86 119
34 64
15 235
205 272
179 272
164 222
34 269
61 235
132 197
188 258
85 259
14 59
183 250
153 270
116 138
26 126
71 137
0 98
33 259
149 169
66 135
71 163
164 253
100 215
79 183
211 236
28 85
87 260
51 242
139 216
47 104
40 82
14 109
203 263
71 166
263 266
90 267
187 191
37 235
18 41
27 30
61 165
22 238
15 87
17 243
31 111
0 278
157 192
48 168
59 127
28 136
107 239
56 241
129 211
152 268
29 248
145 196
12 147
135 218
186 271
127 203
55 176
68 274
173 281
103 157
78 238
89 96
171 250
83 135
113 196
37 158
89 144
32 74
110 207
255 261
165 239
59 165
39 63
53 190
88 151
72 101
214 277
20 183
154 237
140 211
90 262
221 238
221 276
24 183
13 51
65 140
73 131
10 33
58 162
175 272
22 115
4 63
64 221
7 180
20 177
36 257
100 252
26 123
124 245
27 192
111 118
30 197
81 246
61 177
10 207
100 262
131 170
34 268
127 160
110 280
74 205
97 253
29 49
85 161
19 143
39 133
34 254
15 251
138 196
126 285
4 137
250 261
167 198
181 225
35 43
47 114
101 167
121 153
80 91
16 104
73 101
147 200
27 183
61 106
153 205
95 133
79 199
50 159
92 275
51 195
84 271
240 268
16 120
51 184
62 166
41 145
214 229
141 176
136 164
10 19
60 248
167 266
82 269
39 186
211 243
131 167
28 191
165 258
63 139
102 162
101 240
8 243
79 195
151 257
226 229
22 237
246 282
199 209
163 271
126 193
43 277
185 218
47 171
34 233
95 204
256 260
59 157
111 199
94 253
98 251
21 250
61 176
167 243
34 225
165 208
115 119
53 153
21 279
235 283
177 243
179 212
186 224
241 274
94 148
81 116
30 103
71 227
36 112
112 122
191 269
35 281
8 174
80 148
40 174
16 204
234 245
84 108
65 206
142 148
11 89
87 242
29 83
191 194
108 264
120 178
29 67
73 201
198 209
45 250
88 164
160 229
30 213
244 258
111 148
97 194
28 100
25 138
128 194
174 253
101 228
98 122
186 258
265 269
122 275
77 279
1 224
80 118
187 242
49 85
147 279
127 213
3 119
111 156
133 158
45 54
199 220
80 197
238 240
53 228
135 172
145 202
76 211
115 177
42 277
97 177
19 104
142 195
197 268
56 167
167 178
154 165
25 191
121 131
144 158
164 218
114 244
247 278
19 139
44 171
33 216
33 210
158 228
125 254
1 147
7 185
47 94
96 126
227 243
92 258
38 112
171 249
139 233
91 182
205 266
197 211
93 141
74 112
75 145
225 230
77 271
122 209
37 68
99 285
22 168
8 179
112 135
79 248
139 222
75 146
95 114
115 251
146 249
92 145
112 264
6 72
177 247
152 221
115 130
7 77
56 239
6 174
192 217
13 124
177 237
94 254
54 212
1 279
238 262
79 132
181 189
5 242
153 207
116 161
29 278
66 85
1 282
72 182
72 269
43 111
34 88
42 128
167 174
181 240
62 201
198 277
114 139
155 197
20 71
61 186
208 230
195 212
32 147
186 219
93 276
23 272
50 60
253 262
161 215
15 74
22 96
110 171
165 270
115 242
0 251
153 271
119 208
62 174
193 213
49 267
29 134
101 267
250 282
150 218
158 201
198 257
131 163
99 279
40 197
77 87
69 108
96 119
41 277
53 201
218 255
82 168
43 204
50 201
61 209
53 111
198 243
135 146
117 259
209 240
249 264
202 234
115 127
121 125
65 265
108 211
125 255
57 169
55 108
62 181
97 144
6 99
44 275
273 278
61 159
126 247
195 224
122 253
57 73
41 56
81 275
79 92
199 232
41 50
27 65
115 143
161 240
46 221
21 170
213 275
228 267
56 138
49 102
43 106
220 274
1 153
8 76
18 190
67 194
50 139
80 95
132 258
33 52
212 255
11 121
103 156
198 227
105 221
124 174
13 182
23 158
23 45
16 156
47 52
153 256
4 207
77 282
68 224
10 257
26 250
189 271
63 263
14 248
62 63
275 284
143 267
132 220
57 231
214 215
79 125
56 202
215 265
107 208
97 170
118 150
156 170
41 233
31 75
117 242
101 245
159 220
41 220
261 280
12 177
163 281
185 282
174 230
38 106
40 240
33 51
140 199
35 167
166 280
59 77
10 155
48 233
96 140
67 106
0 48
54 215
108 252
135 137
125 265
49 138
16 94
7 18
211 216
151 183
23 284
161 248
171 256
99 265
34 128
246 281
112 172
14 34
35 283
193 226
9 13
223 244
56 164
0 202
106 159
98 171
192 246
155 158
191 212
215 240
113 194
157 203
64 195
57 218
122 164
200 267
68 133
14 51
169 255
13 208
102 157
100 264
11 270
10 54
175 201
90 175
167 192
132 175
70 245
132 134
11 97
66 241
21 281
110 167
102 253
218 240
178 251
52 151
16 143
1 26
20 46
87 126
28 31
47 211
16 58
96 221
151 269
167 189
139 258
109 227
65 272
217 238
35 214
12 190
213 273
130 138
274 284
6 31
58 226
105 161
229 242
70 212
18 103
171 259
163 211
9 280
152 165
79 223
151 267
15 263
182 283
18 195
45 165
36 151
106 175
221 271
32 193
43 144
10 209
63 183
126 157
44 130
40 162
7 9
0 50
94 182
234 254
73 118
34 71
137 164
22 156
14 281
155 195
154 193
57 190
82 130
96 165
13 56
5 45
93 205
117 256
55 194
172 180
37 245
12 94
13 216
13 199
23 74
43 227
14 151
42 201
85 102
38 166
86 181
22 207
116 232
22 213
156 233
0 203
93 155
55 121
221 274
161 231
142 212
164 284
92 246
112 142
74 227
168 190
70 108
175 285
70 281
10 201
181 207
70 172
106 158
170 243
10 26
46 186
155 210
62 153
273 280
47 217
128 169
23 210
26 88
190 270
92 173
19 56
6 53
42 263
48 91
224 263
39 224
157 176
261 281
161 185
23 40
95 170
38 153
7 280
96 160
71 224
118 247
57 275
184 250
182 230
98 261
175 256
46 266
235 239
88 172
83 272
9 284
236 273
68 194
177 215
86 220
172 229
114 144
51 283
231 269
60 232
20 104
42 133
21 218
121 196
166 253
74 81
110 155
23 233
151 199
44 123
252 270
14 99
73 222
114 189
144 182
140 150
21 206
103 283
54 282
130 241
13 201
3 12
130 261
65 250
16 144
42 209
186 223
5 58
8 252
137 237
14 191
132 262
57 82
97 138
3 205
56 271
125 249
98 250
10 130
22 226
47 213
33 41
106 265
167 212
201 252
109 268
265 273
108 272
105 172
61 243
121 219
43 246
170 262
25 123
34 60
168 244
34 96
150 200
187 225
145 152
125 127
52 108
8 68
247 256
55 221
33 177
1 11
133 228
136 274
43 78
41 246
28 58
71 122
23 100
167 279
25 218
49 53
44 223
139 280
39 245
51 211
7 19
47 215
188 238
256 276
153 247
157 164
90 145
78 146
12 158
72 172
217 222
101 214
51 228
51 130
65 196
190 197
84 100
65 191
121 238
265 285
47 151
7 264
135 281
153 165
39 249
41 136
112 199
246 251
10 109
21 243
68 83
82 227
103 110
96 162
48 276
206 216
73 74
7 100
196 208
125 277
221 229
13 99
166 231
8 181
110 134
256 282
13 246
235 285
117 147
205 238
5 274
151 273
101 211
67 96
134 150
60 204
65 243
90 264
84 276
195 242
214 266
45 234
24 187
17 99
100 155
102 209
216 253
39 265
79 269
126 171
7 282
159 249
214 285
120 278
23 206
22 122
59 119
58 172
3 10
28 221
21 155
67 69
229 269
127 243
112 120
20 134
25 244
204 216
69 243
102 254
124 221
74 118
77 176
114 121
73 175
69 211
114 275
68 139
77 127
219 242
27 174
77 265
97 172
154 232
19 188
205 218
192 198
12 82
5 91
108 123
114 214
64 91
14 236
129 161
87 169
141 164
73 144
99 162
20 217
35 94
1 155
56 207
17 167
83 282
47 82
191 225
105 113
57 202
126 253
98 192
1 163
15 269
95 183
56 115
67 182
106 263
71 184
115 199
103 120
103 271
137 151
38 43
67 108
78 167
99 113
6 61
46 185
21 50
152 191
129 132
11 191
272 278
141 263
142 181
108 214
240 260
52 137
33 138
131 279
21 40
6 35
121 279
221 267
93 104
33 207
123 262
99 173
82 148
223 270
237 254
257 264
53 63
174 206
196 265
62 75
122 192
23 82
86 115
104 128
234 242
132 241
225 252
78 99
2 168
127 279
10 206
130 282
160 220
189 277
54 199
15 21
232 265
217 250
36 190
118 193
141 191
177 223
224 244
97 200
28 150
57 186
79 137
150 254
64 282
95 140
10 87
75 249
47 191
218 278
18 283
41 140
35 279
133 277
147 281
158 166
60 241
177 202
5 222
172 238
2 148
214 260
2 228
48 75
175 231
223 280
101 262
52 138
203 205
137 183
161 196
23 188
146 188
131 152
209 239
252 279
89 180
29 147
6 121
41 69
48 170
99 201
108 172
174 181
150 256
44 159
97 181
105 110
161 166
91 190
12 99
36 193
94 209
25 254
40 78
158 161
4 191
44 161
9 259
227 252
13 47
77 106
123 204
67 148
67 92
19 254
132 172
243 258
219 232
22 279
148 153
54 159
169 241
69 185
175 187
34 210
24 111
55 77
143 154
149 215
18 89
146 238
156 218
162 256
106 202
75 268
72 152
154 182
53 81
44 134
39 170
46 214
24 200
3 257
116 247
44 85
165 285
41 181
207 210
211 255
51 79
39 136
114 202
253 254
96 238
219 267
12 71
29 285
99 214
213 239
123 195
22 129
132 253
232 250
109 272
195 246
6 75
74 192
94 225
58 219
43 266
43 168
159 218
100 188
133 141
55 255
16 175
93 251
151 176
7 104
271 273
133 139
30 184
97 161
2 83
179 274
162 276
89 133
209 267
190 217
107 173
42 178
109 175
94 284
107 184
84 281
93 118
151 252
174 215
47 122
133 191
24 178
78 188
240 249
70 280
29 86
42 127
93 208
71 169
12 237
64 179
8 14
151 178
0 66
120 244
20 51
146 147
178 248
76 265
28 218
79 139
34 162
225 257
0 145
121 212
253 283
135 180
178 192
41 82
219 261
77 268
41 49
22 185
107 216
216 273
246 274
67 199
56 142
14 212
171 269
100 140
0 29
76 78
40 192
230 260
81 126
38 148
111 163
45 209
50 107
66 232
45 185
137 199
73 152
134 191
179 280
106 255
103 254
14 101
144 163
57 143
2 274
224 256
5 125
95 193
125 152
171 281
3 47
29 221
74 108
94 272
52 86
14 23
129 168
118 275
88 129
114 241
60 283
50 225
137 272
84 212
143 170
206 267
247 276
160 181
49 186
93 221
4 178
37 77
96 276
103 171
138 194
4 204
153 245
3 258
62 123
18 155
57 70
52 224
18 186
62 196
150 215
149 179
46 245
57 128
224 253
107 168
158 218
99 227
28 202
58 175
83 265
79 192
172 225
97 185
104 105
211 219
25 167
9 206
110 122
8 142
8 222
9 63
48 280
1 174
184 268
37 199
25 175
58 199
122 224
65 179
76 221
3 254
177 275
36 243
134 276
21 147
59 101
31 133
269 282
54 157
197 220
138 225
215 279
248 279
146 281
111 274
10 118
18 126
277 284
31 202
63 201
60 104
7 67
20 49
60 231
6 110
116 121
160 209
72 154
102 235
216 276
17 256
191 254
148 215
110 175
11 279
90 171
95 255
80 282
53 240
17 244
175 236
11 136
64 208
8 72
20 188
14 17
9 283
47 138
6 77
72 229
83 167
106 179
9 112
87 197
202 237
153 231
25 45
122 219
87 128
10 66
215 275
38 241
50 197
20 175
163 277
191 205
21 64
90 137
103 180
82 228
78 174
47 152
57 227
63 166
86 179
8 62
27 39
62 195
48 116
75 93
74 92
32 44
181 208
17 168
209 254
151 212
60 253
143 152
127 185
30 130
91 96
11 166
166 208
32 230
87 284
9 197
207 263
77 104
192 270
13 168
31 144
25 118
104 152
193 232
142 201
153 278
161 181
224 283
45 200
22 191
16 25
203 244
56 278
108 143
178 216
58 121
1 112
40 265
202 256
35 197
40 220
4 126
113 187
54 164
222 268
25 195
2 207
219 237
82 241
106 155
225 256
9 195
25 56
149 223
165 220
82 109
110 143
129 138
181 253
36 143
8 163
98 175
262 264
78 233
134 157
41 72
52 178
176 181
244 254
12 157
240 278
74 247
222 226
49 75
37 183
50 238
83 169
32 65
8 48
210 249
31 169
66 170
75 265
111 260
212 276
35 208
174 216
97 133
25 163
40 219
27 202
137 155
234 285
56 270
20 79
89 268
86 249
57 233
171 243
66 119
158 202
32 185
49 160
154 254
56 163
89 252
18 214
15 202
85 93
154 283
83 278
5 95
145 285
117 224
111 192
33 91
104 198
7 187
156 191
208 252
15 67
85 245
113 176
144 203
51 281
57 241
147 210
74 258
34 212
3 211
78 208
59 276
21 130
102 239
175 257
66 139
8 31
63 73
92 239
26 187
27 227
146 248
44 227
175 184
80 111
84 143
163 187
101 243
68 232
75 189
115 170
71 156
113 221
130 235
35 264
145 209
80 248
54 189
195 210
66 129
158 209
175 246
70 267
71 143
133 196
119 262
40 175
23 204
25 285
105 276
136 234
233 259
15 68
82 184
130 262
80 194
30 141
9 215
137 186
202 220
154 186
192 273
9 64
51 179
32 261
247 254
26 224
179 209
111 179
37 150
56 160
5 50
207 281
66 169
182 270
131 263
254 270
81 112
37 241
129 280
123 254
81 206
47 210
6 128
129 174
64 138
13 170
148 219
65 169
175 261
155 185
126 213
166 237
97 158
225 239
58 161
79 121
95 257
177 217
166 213
147 211
19 55
184 285
256 283
52 190
46 194
0 9
91 220
146 236
8 232
44 58
119 240
50 164
34 188
93 131
2 204
1 232
62 197
158 238
18 165
43 233
150 190
214 228
52 81
129 267
38 98
18 278
97 199
72 236
88 221
77 231
62 159
138 186
13 28
134 156
82 119
218 236
97 245
74 123
66 205
193 255
60 85
148 242
109 217
85 153
199 215
5 98
87 285
165 215
26 64
101 113
69 79
58 164
200 223
97 271
214 246
12 40
49 151
145 187
30 105
1 144
31 108
153 248
112 194
143 238
84 178
188 189
47 112
31 119
14 234
18 34
48 51
37 178
50 275
95 263
19 219
80 170
6 255
24 268
186 247
57 232
9 213
176 220
143 235
145 244
42 212
75 270
34 63
41 205
33 85
84 115
8 45
57 207
36 217
179 258
121 276
11 141
10 13
76 153
188 251
15 98
141 157
223 228
11 187
224 254
156 256
144 174
165 223
142 207
82 85
89 101
261 267
82 167
87 238
40 121
197 262
197 239
106 241
76 132
121 182
62 178
11 104
3 7
112 230
128 138
244 277
89 262
65 251
49 77
91 121
171 248
53 102
144 161
64 115
176 283
16 170
213 267
45 90
65 102
63 261
12 249
107 221
12 130
219 262
42 271
8 44
40 229
70 242
66 120
231 279
14 129
37 221
147 192
245 264
149 192
18 45
157 166
43 79
131 236
66 191
26 274
143 163
185 259
0 276
111 160
37 203
54 59
86 92
154 281
256 261
104 244
14 152
176 190
40 125
153 285
32 211
252 263
27 110
7 263
78 254
173 237
82 175
172 231
19 89
91 172
198 212
51 225
118 170
152 275
245 265
5 174
146 210
33 165
49 132
1 130
18 268
33 208
68 132
77 102
67 91
73 200
117 152
119 168
74 274
112 257
32 222
22 209
212 223
21 201
170 199
62 145
176 209
17 122
63 230
187 248
12 260
52 105
109 113
159 234
14 194
16 268
71 86
94 100
45 66
130 212
119 167
47 262
92 256
123 209
53 158
123 248
10 98
183 251
78 156
2 75
182 261
230 238
207 272
67 258
136 179
0 157
92 175
243 263
28 183
99 181
74 234
159 279
19 137
174 272
225 248
168 181
84 171
59 117
243 246
7 159
218 222
149 157
19 158
146 256
106 273
54 190
98 123
20 232
94 174
15 174
121 194
21 118
181 231
41 146
30 284
18 236
108 277
95 148
14 200
14 130
8 278
99 256
6 104
26 28
202 228
113 211
25 86
42 275
134 279
19 233
48 152
115 228
41 80
43 130
138 202
254 274
25 142
207 278
11 75
35 237
26 196
211 257
41 249
97 242
92 161
39 51
47 214
15 199
118 274
7 145
30 84
175 185
126 152
230 258
107 281
168 258
93 181
157 217
48 76
155 221
123 244
166 211
33 270
209 222
158 251
12 206
27 164
23 49
243 244
82 131
142 208
143 208
173 266
128 142
0 17
102 260
66 100
139 270
41 241
96 186
136 224
24 250
203 222
24 98
41 57
156 204
157 181
42 197
16 69
184 240
58 276
18 38
161 189
15 200
106 195
67 197
130 180
54 113
52 69
54 284
190 210
31 204
30 189
111 128
83 173
37 56
9 134
75 133
66 233
95 189
62 258
149 178
75 283
105 271
180 230
37 176
30 104
85 212
113 236
252 256
0 2
231 247
3 53
3 285
46 71
73 121
12 176
8 96
5 260
158 240
152 258
163 198
12 213
164 238
27 66
13 173
224 276
115 135
224 275
5 94
62 172
11 284
90 258
132 137
10 193
164 178
62 91
45 273
93 152
175 254
6 182
194 273
29 35
45 144
275 282
78 206
16 205
47 74
32 51
32 75
175 230
43 49
75 126
23 178
23 70
36 147
107 128
82 129
33 84
87 220
18 178
62 180
52 168
182 279
61 67
103 192
153 211
48 54
14 156
104 250
96 112
35 213
100 189
170 282
19 171
24 138
41 200
91 184
5 133
36 121
34 165
80 214
138 152
59 226
153 283
17 204
111 198
42 129
85 134
66 97
103 268
62 234
106 249
60 126
41 170
148 248
4 125
191 240
54 223
10 58
6 204
26 192
37 116
262 275
90 126
42 200
106 119
22 110
54 152
130 156
212 279
0 160
122 212
104 184
63 104
28 146
187 261
89 198
39 165
187 262
120 280
91 283
62 203
92 196
30 77
98 188
135 261
41 244
153 182
163 208
39 98
73 246
176 184
9 167
114 156
156 197
19 78
164 211
48 183
99 102
58 126
1 48
218 283
35 221
116 168
107 283
29 52
39 171
52 244
256 279
11 123
46 163
42 283
196 272
166 277
167 203
158 249
27 62
29 48
65 78
18 72
162 190
146 211
33 123
161 200
127 257
105 124
171 220
15 250
158 259
10 86
34 152
227 262
46 216
28 132
250 257
44 240
53 261
74 242
205 209
42 261
220 271
8 183
119 251
180 238
207 231
102 202
61 153
63 71
125 170
36 58
163 264
4 97
23 250
206 253
7 237
189 220
13 150
49 108
40 73
128 207
15 89
120 194
74 143
110 219
135 219
46 78
213 268
180 213
145 198
29 39
32 106
82 259
44 87
10 161
90 282
91 209
63 142
6 190
115 240
39 91
105 118
121 159
229 280
161 171
21 256
58 99
75 208
42 219
180 262
44 61
140 156
7 60
44 63
79 261
69 129
9 164
44 234
118 166
103 247
205 275
91 162
106 169
104 130
201 279
1 259
92 260
47 283
22 188
117 280
93 224
222 257
88 173
155 214
155 212
73 239
32 221
126 132
94 146
6 176
154 159
212 216
24 119
163 178
235 257
139 145
162 278
159 199
101 217
128 129
210 241
210 261
34 81
21 71
41 86
165 217
145 272
82 123
187 249
110 230
52 226
26 190
202 280
21 68
99 150
206 214
18 114
79 245
53 66
114 116
35 251
81 209
75 83
109 228
7 173
39 65
15 160
115 175
7 94
175 244
174 243
20 151
64 240
15 37
89 163
23 170
25 87
107 226
251 262
217 220
124 246
71 272
148 251
75 82
28 257
29 72
226 244
161 265
271 280
131 143
77 234
26 245
165 283
2 135
83 166
232 254
49 272
154 198
16 84
89 234
79 209
55 285
101 114
140 267
75 92
5 47
135 177
103 197
142 257
99 189
240 251
13 20
57 72
55 201
61 84
60 72
7 220
208 236
76 191
30 225
24 266
133 146
17 21
234 259
1 164
223 243
46 76
219 259
122 284
226 234
237 257
112 276
81 200
127 219
2 39
151 243
45 154
160 195
25 103
28 62
89 164
35 243
175 245
146 235
5 206
167 247
79 263
32 82
126 226
175 176
100 241
155 164
179 215
2 41
156 226
90 120
22 130
46 236
203 260
54 125
79 274
40 45
36 228
62 105
70 83
100 161
94 149
46 87
161 163
19 151
194 250
54 173
229 234
24 91
178 233
72 192
126 245
68 257
40 151
36 93
195 285
89 256
80 168
232 263
143 265
71 196
88 127
41 118
31 145
187 238
16 22
122 169
113 285
265 284
143 244
26 228
153 180
107 178
174 229
48 265
34 154
33 255
173 203
198 199
34 252
60 195
104 256
2 131
42 113
86 102
186 244
61 69
90 241
178 199
28 126
30 232
182 211
100 124
98 103
103 138
44 281
32 45
146 259
137 239
122 187
156 199
209 215
13 214
44 94
32 279
124 128
181 280
99 160
32 135
189 213
29 75
213 225
8 143
220 280
136 252
166 282
123 173
43 272
105 255
130 254
31 273
33 173
68 207
85 136
85 200
79 284
170 242
112 117
65 82
3 255
50 99
1 133
146 265
24 35
86 262
76 189
9 199
205 228
66 181
210 270
111 140
195 220
25 158
34 62
33 159
228 261
89 109
214 268
147 260
108 239
68 266
96 169
251 277
214 240
134 158
131 216
39 203
81 240
118 188
204 215
54 265
19 226
4 106
68 182
51 152
150 231
5 221
1 126
146 171
93 144
151 172
24 253
101 178
158 265
61 160
136 269
16 186
94 120
11 148
94 152
120 275
91 231
106 285
113 190
223 232
21 49
16 218
111 167
220 254
2 284
13 244
24 224
222 243
70 274
64 232
101 149
66 217
63 113
54 133
180 204
169 249
77 146
9 146
226 243
18 76
27 236
149 210
121 144
183 236
104 161
29 249
57 226
57 68
139 179
111 121
176 183
51 173
80 246
6 208
10 91
90 121
103 270
36 248
98 216
74 160
233 254
17 150
55 229
49 203
162 229
30 191
85 105
106 256
139 275
8 197
106 126
31 213
111 253
37 172
58 59
190 224
6 13
98 170
94 117
4 247
46 69
19 39
66 248
22 33
218 253
74 77
22 81
72 232
207 218
93 164
95 141
100 233
81 245
153 200
10 34
81 196
52 169
43 177
125 153
163 183
191 216
272 280
14 87
61 246
236 254
135 267
102 159
68 112
35 53
76 154
12 202
81 222
91 268
71 149
255 260
28 115
86 104
112 155
144 234
119 265
143 183
77 115
120 281
84 145
8 28
88 205
227 256
73 83
127 137
69 152
51 137
132 226
16 17
12 91
22 159
150 153
66 182
61 124
34 281
209 268
65 94
110 139
86 148
80 259
0 122
43 131
116 239
68 247
68 76
25 199
134 241
0 270
5 140
0 171
42 131
95 182
256 285
213 243
174 183
75 125
68 217
24 81
18 182
37 113
71 275
66 118
78 119
163 222
127 171
136 225
44 150
177 192
105 232
111 206
145 173
15 181
33 186
113 150
16 33
117 138
111 133
77 202
225 283
138 234
79 277
44 253
101 173
197 206
52 270
187 254
92 112
146 177
23 141
13 226
148 275
4 176
60 92
19 213
132 140
75 209
164 224
149 238
16 55
112 254
105 159
3 249
102 184
104 136
118 191
99 246
2 167
0 146
93 119
53 100
79 128
166 216
218 229
138 218
151 191
112 133
15 135
150 179
172 252
13 97
28 216
180 196
227 233
167 249
87 167
11 258
21 56
117 139
26 268
123 138
16 68
97 203
162 265
230 276
154 256
62 239
58 269
13 137
167 252
10 191
122 243
4 72
142 260
42 99
102 255
114 221
41 73
56 75
230 271
226 259
101 198
71 253
185 275
37 90
31 268
55 143
10 67
126 270
54 276
81 136
4 182
68 130
29 101
166 218
3 277
71 222
83 116
84 150
117 165
9 189
49 87
6 144
128 197
162 225
144 281
93 275
10 245
191 219
167 250
103 278
90 182
83 188
211 260
21 263
17 114
81 142
210 254
202 264
132 268
54 110
144 173
187 218
54 285
222 256
102 215
27 208
54 138
34 161
148 225
231 250
120 176
83 237
248 268
52 176
108 199
86 175
95 216
56 196
43 221
148 202
44 152
173 275
177 205
83 178
15 125
80 85
168 228
142 144
76 257
36 283
232 260
153 237
148 265
138 206
16 50
22 76
69 266
174 184
207 244
46 277
120 217
162 182
197 278
13 271
163 176
64 101
54 249
100 216
172 260
127 159
69 173
232 275
257 262
199 248
15 138
113 205
42 163
40 232
176 203
120 256
61 62
107 273
56 63
65 91
3 195
14 132
116 285
119 222
22 90
55 189
35 136
63 148
61 259
72 208
70 270
79 145
75 271
7 35
147 236
79 111
133 280
144 274
163 210
239 258
64 177
215 274
66 105
52 150
127 169
77 256
108 124
52 60
15 102
42 262
76 167
69 248
65 200
132 283
111 169
155 285
219 244
92 213
13 30
68 113
192 220
18 164
10 162
38 69
64 253
87 265
166 229
156 265
212 237
209 271
1 217
176 261
37 129
178 263
191 230
0 41
54 277
8 259
89 177
145 210
178 241
31 149
176 259
60 214
99 216
189 273
4 25
22 36
3 60
60 65
88 270
110 283
134 260
82 128
30 87
27 129
73 140
182 278
36 45
26 141
42 138
28 199
145 184
37 125
180 181
154 238
56 253
170 258
126 169
34 112
121 242
37 233
90 135
6 47
0 80
28 124
128 182
143 196
144 213
27 276
125 247
108 166
119 230
165 238
83 90
59 207
110 240
89 281
163 257
91 250
32 58
102 198
57 224
17 232
0 163
183 206
32 136
126 274
47 54
104 239
9 178
66 258
13 54
57 93
35 138
164 203
121 166
115 247
33 162
25 127
14 68
49 56
72 177
13 16
2 231
39 231
66 250
55 169
24 254
8 84
155 201
43 158
145 214
250 280
67 112
39 94
231 283
90 279
193 194
6 40
162 236
3 156
101 210
10 88
69 209
52 274
4 246
61 194
24 97
11 224
140 209
191 221
167 238
173 222
72 140
24 129
4 198
133 227
190 247
127 188
257 269
16 138
118 262
14 278
77 122
87 175
100 266
19 43
187 257
96 275
19 111
64 216
68 169
151 180
28 249
224 249
191 215
23 50
64 268
169 285
229 262
12 154
80 279
123 186
220 235
42 203
207 269
17 246
131 272
220 266
162 167
233 275
147 253
20 42
72 248
24 180
62 173
23 201
146 220
102 272
114 282
115 162
173 274
66 221
78 115
63 138
193 251
239 267
113 247
2 166
1 157
102 268
237 278
5 6
49 96
152 266
212 248
184 243
174 241
153 202
37 72
5 266
143 236
47 65
15 243
212 246
136 209
21 144
206 276
184 214
61 200
18 213
31 62
9 124
198 280
104 277
133 213
151 256
27 99
29 242
55 199
196 224
9 194
22 41
50 56
60 162
65 127
111 124
5 26
71 139
157 185
18 105
161 179
137 144
33 254
64 214
35 246
110 160
133 209
30 215
97 214
180 250
96 220
211 271
50 100
9 182
208 266
47 85
189 265
94 115
191 232
123 282
178 278
77 225
207 212
6 118
62 127
72 206
173 177
110 133
61 110
248 281
115 140
68 119
44 65
33 195
230 263
88 91
242 267
136 160
48 213
146 193
43 149
90 183
125 133
34 203
50 224
43 48
229 239
32 208
12 174
270 275
109 219
161 237
212 278
47 183
90 147
45 204
39 95
179 216
65 157
64 173
63 135
170 285
56 237
121 229
54 167
19 138
40 113
133 260
120 250
31 242
0 239
40 146
73 157
239 243
54 203
35 236
9 224
17 140
85 117
86 222
66 68
58 205
94 169
35 202
18 224
140 184
161 175
5 261
123 264
156 164
103 227
92 226
82 126
42 235
99 209
12 205
269 270
45 103
266 283
162 163
176 191
126 172
56 161
36 250
9 171
205 277
56 145
22 264
118 259
37 237
104 211
77 237
98 150
111 219
188 270
44 72
67 110
2 72
47 128
34 123
0 83
81 248
253 275
0 25
151 238
68 233
1 129
120 207
28 236
159 266
4 251
91 185
237 240
136 190
64 119
24 223
64 83
104 121
22 27
28 190
35 81
112 141
162 238
106 192
24 72
88 125
205 233
1 71
179 237
141 218
2 128
115 211
5 193
8 95
47 91
54 168
190 280
201 244
11 113
90 259
43 169
110 281
50 132
29 225
85 157
219 252
70 149
35 101
211 220
83 114
118 248
6 112
54 193
263 276
174 248
99 242
33 57
73 115
168 260
47 257
14 85
75 178
112 179
44 238
108 110
177 231
90 92
145 186
154 226
220 275
129 152
51 171
78 271
1 276
194 266
77 137
41 268
40 98
48 52
188 274
14 237
237 255
35 127
47 227
93 256
163 245
35 47
105 258
0 31
89 275
102 264
8 173
43 182
56 154
10 56
98 112
25 207
20 149
66 189
91 206
2 158
116 139
51 282
59 106
197 209
120 128
36 100
214 272
50 166
109 231
17 43
122 202
28 164
102 218
91 140
6 184
20 213
115 239
135 209
96 207
125 173
120 251
72 201
82 170
125 205
72 161
41 235
203 267
3 91
15 108
60 217
213 218
23 227
168 197
157 271
193 253
90 96
127 183
130 154
180 252
200 261
7 97
107 257
84 210
68 191
142 175
100 174
10 284
100 103
203 223
57 211
8 276
34 246
82 233
58 96
113 188
5 169
94 192
166 276
182 185
59 197
62 205
36 236
10 236
131 209
6 124
62 250
63 258
63 278
136 270
23 282
23 234
94 189
225 255
139 212
222 250
54 106
154 285
162 241
34 176
219 221
180 257
101 212
14 123
146 196
51 123
224 231
123 202
65 70
147 195
166 269
130 173
16 38
116 196
27 105
112 223
111 220
36 252
49 83
52 260
123 251
145 153
63 274
105 265
143 271
158 282
20 125
108 212
26 71
110 120
131 205
22 196
54 256
200 273
67 168
74 181
149 251
29 213
13 109
181 236
248 254
182 272
67 220
6 200
32 72
52 250
15 170
127 246
116 262
77 196
21 169
12 47
13 162
241 250
149 245
37 258
17 25
127 276
83 158
19 117
38 151
68 90
55 63
143 161
69 280
120 266
53 134
218 225
18 128
17 66
84 252
75 246
145 221
231 256
40 96
8 281
122 135
169 175
104 155
54 88
32 99
75 266
100 152
14 77
38 84
9 204
27 57
144 253
118 165
46 213
209 250
100 107
72 125
23 26
50 259
158 183
62 79
11 219
122 248
172 177
208 212
133 250
266 268
116 261
99 124
192 240
13 260
97 252
19 44
69 246
192 263
39 74
112 281
79 167
264 265
91 101
246 247
205 269
85 150
238 250
189 272
106 136
105 254
270 271
33 184
64 100
24 179
102 246
100 212
202 208
119 197
74 273
149 207
261 272
96 142
57 160
257 260
146 161
54 89
220 253
22 51
9 98
216 233
56 234
69 265
124 277
97 228
73 208
165 246
64 275
150 187
251 256
21 79
129 193
98 147
10 225
278 284
151 235
148 190
212 244
208 211
103 220
26 262
165 212
109 265
92 284
94 230
155 246
27 148
65 104
205 241
64 85
147 178
98 194
182 203
141 187
76 185
171 177
157 201
12 116
149 160
78 134
38 89
22 276
23 53
72 110
129 192
156 224
138 223
240 285
8 152
4 209
80 117
58 180
73 103
33 98
32 184
211 278
61 137
71 178
125 181
42 155
174 274
132 147
38 72
95 159
36 131
33 201
148 165
87 276
5 123
31 214
13 190
45 246
138 217
190 276
193 275
145 183
261 279
28 80
39 197
109 266
149 227
42 71
209 276
118 120
109 127
107 210
4 66
103 234
184 220
82 140
78 129
131 182
197 245
3 220
90 222
215 232
66 130
172 256
86 243
35 259
151 170
110 199
215 239
223 225
127 282
200 240
75 113
82 276
157 227
11 27
94 185
72 271
106 198
78 144
0 174
79 270
156 206
118 199
8 47
248 262
12 215
31 142
17 163
126 199
50 182
31 76
241 248
161 199
20 176
163 206
86 228
116 195
203 214
78 245
58 123
187 281
199 281
195 243
203 250
146 154
175 232
120 172
116 233
60 268
135 164
29 116
72 118
123 275
165 214
33 220
154 180
76 192
128 141
39 46
53 178
143 224
10 68
72 257
35 277
87 217
6 156
133 147
31 210
127 220
16 118
62 151
151 211
121 138
34 101
134 172
9 128
58 230
48 79
116 252
66 215
4 197
58 271
27 213
244 262
77 220
47 150
198 244
43 236
5 30
38 126
22 137
261 278
136 235
190 195
1 46
160 162
82 111
98 118
54 162
89 175
57 225
50 118
111 204
260 262
34 57
85 152
74 259
217 241
131 240
90 125
139 164
77 149
82 105
166 227
65 155
47 248
33 120
182 237
21 73
187 245
118 202
196 256
4 27
99 210
70 122
104 218
52 96
134 168
224 247
105 227
165 169
117 221
12 132
84 256
11 101
170 280
20 114
206 257
75 213
78 175
126 218
5 130
33 263
39 88
279 281
60 215
67 231
25 131
26 50
165 255
97 104
58 122
30 206
36 70
174 201
35 189
160 203
13 248
156 189
5 12
53 113
199 280
76 247
73 215
26 135
131 188
65 114
200 207
87 225
60 210
164 232
16 44
24 237
51 263
70 190
67 241
58 102
77 217
49 61
93 229
26 58
5 96
75 88
45 62
235 254
44 233
40 128
80 227
92 201
37 99
183 285
189 228
155 207
8 129
185 230
34 277
187 200
23 117
27 79
30 186
53 140
70 185
31 159
51 94
253 261
147 151
107 195
87 192
88 227
114 183
113 120
54 114
33 72
166 275
94 195
50 239
80 125
250 285
71 221
17 219
49 67
121 278
104 133
22 233
83 285
226 255
34 44
36 280
120 142
228 245
10 62
60 189
23 98
16 106
30 148
131 249
84 126
152 236
67 116
195 225
175 207
8 182
115 253
92 206
221 272
94 156
154 212
51 148
131 185
84 207
124 136
123 222
32 96
29 207
85 204
8 188
13 278
125 175
132 272
212 281
53 244
211 213
189 243
36 49
22 93
57 205
209 241
71 134
256 270
0 242
74 109
0 282
77 86
143 239
126 149
39 211
38 195
186 187
138 214
122 228
124 261
109 188
32 112
26 145
87 283
26 97
45 130
181 276
88 228
105 200
164 263
66 75
28 189
151 245
5 227
46 252
33 112
67 272
195 255
7 34
35 70
120 198
139 181
61 108
31 165
204 279
89 274
188 267
81 114
78 204
23 173
179 218
57 140
68 166
221 239
6 191
33 39
123 218
60 246
17 24
66 230
141 239
125 194
121 134
40 158
24 206
55 167
71 278
188 231
109 214
23 24
115 134
75 226
61 236
32 172
17 121
91 262
84 119
216 267
150 210
224 237
11 203
27 152
33 59
128 260
46 207
157 242
157 285
90 123
119 242
80 127
99 103
108 109
49 60
86 259
20 82
215 264
240 254
76 150
238 282
81 125
48 118
104 280
75 84
40 80
21 225
65 224
9 76
57 130
24 198
12 224
26 195
22 267
81 123
78 262
35 211
124 149
21 117
67 227
89 194
185 194
24 158
43 134
95 207
53 70
44 146
50 243
18 144
123 196
244 267
93 247
30 52
43 220
161 238
22 214
134 215
16 43
14 54
30 160
202 249
256 268
245 249
113 219
89 283
14 267
151 229
17 131
106 120
68 80
110 275
24 169
194 230
56 78
152 247
240 247
0 264
158 254
73 284
75 237
28 238
56 59
17 237
7 157
208 242
50 204
61 272
44 285
95 97
61 75
59 105
176 280
137 236
17 173
143 252
20 224
64 273
140 261
11 178
146 175
263 265
46 246
227 239
110 245
119 235
54 236
69 145
60 203
0 69
8 112
193 207
205 211
34 135
37 277
53 176
69 281
156 163
192 236
134 177
234 282
123 283
26 252
159 174
55 264
0 280
26 134
53 98
85 94
91 168
16 254
56 157
85 130
41 174
4 35
141 258
198 232
113 237
135 252
198 228
171 203
29 115
23 245
88 146
79 94
116 206
137 187
113 269
84 112
23 232
15 119
230 254
12 266
2 68
87 206
40 204
140 160
186 279
107 138
259 279
88 142
227 284
22 32
86 174
90 254
171 280
25 194
72 195
111 157
66 253
101 269
39 240
136 275
61 128
78 219
61 68
32 113
242 272
138 184
99 234
145 175
192 201
9 65
27 85
11 283
52 143
173 264
90 91
34 183
17 190
44 276
158 223
82 181
19 262
170 256
76 209
204 225
69 244
135 167
174 227
237 272
117 180
115 216
14 201
1 58
14 180
12 39
33 124
187 197
120 184
222 272
183 243
124 213
79 211
198 229
15 158
70 117
48 97
93 271
152 161
133 148
28 153
80 267
77 192
43 88
160 244
62 241
25 119
105 260
98 132
8 195
62 233
16 153
12 239
42 221
69 85
193 217
56 266
77 239
103 275
56 272
54 261
31 271
138 168
91 128
19 22
101 172
179 201
15 207
1 239
14 43
71 123
23 218
248 283
15 33
14 188
170 261
42 184
42 167
214 271
29 182
41 161
118 159
11 264
75 247
160 228
129 237
230 252
144 169
33 180
110 174
57 215
126 212
226 277
122 270
42 175
15 262
37 236
64 276
13 144
51 215
70 126
36 263
196 240
126 272
157 261
154 223
171 219
224 243
72 148
187 232
91 246
19 109
92 262
25 183
190 216
9 19
12 275
91 273
41 121
86 203
232 249
44 113
55 235
150 271
11 137
38 247
111 264
82 258
122 136
97 121
82 220
84 233
121 213
57 216
106 114
39 195
90 197
48 255
100 226
78 85
203 274
151 217
38 214
168 199
158 198
196 200
127 164
17 70
210 212
62 281
212 266
89 191
33 276
132 133
33 266
2 143
56 126
184 255
40 271
122 223
66 269
46 182
115 121
69 82
89 90
151 196
14 134
112 178
28 215
62 164
129 255
5 225
182 273
24 197
63 269
54 158
160 231
233 273
27 40
124 220
86 246
13 245
61 168
116 193
39 97
205 223
148 206
18 50
66 80
22 139
206 207
25 196
85 164
16 275
71 124
179 213
82 113
158 225
261 275
194 284
236 274
18 24
79 105
69 91
43 243
3 133
174 257
164 247
97 188
41 59
8 21
181 259
41 231
69 124
202 211
52 141
148 174
82 231
200 227
206 265
90 128
12 230
165 244
101 259
0 85
137 146
142 188
256 273
22 150
130 272
21 123
116 151
117 140
219 248
40 173
37 79
164 190
24 170
19 128
96 233
168 235
155 225
54 73
46 261
118 258
78 151
171 209
191 250
79 90
74 151
217 251
203 273
43 80
8 240
35 78
125 211
221 260
48 203
55 279
76 79
28 105
59 204
36 75
58 133
28 243
132 264
76 102
2 162
121 267
170 235
119 276
57 78
218 224
65 193
53 243
242 256
151 195
20 54
106 204
79 156
17 188
155 276
42 254
13 84
37 71
10 152
69 109
23 211
150 284
15 187
105 142
106 216
46 223
158 262
46 111
41 43
73 95
112 205
47 53
17 229
105 121
85 240
97 137
18 242
40 147
87 246
64 260
186 278
84 128
41 124
33 152
46 217
45 46
0 166
171 179
69 133
152 158
69 160
139 201
1 33
153 228
150 230
85 216
86 192
129 182
180 212
74 195
78 247
29 172
157 279
22 103
151 168
77 100
100 229
12 44
258 283
139 249
98 124
86 257
68 171
18 219
187 228
150 173
87 156
2 112
100 270
15 128
5 153
67 133
129 194
84 254
63 101
25 280
211 249
61 150
47 258
215 285
8 19
159 269
82 153
39 126
110 247
1 125
5 235
141 256
45 175
90 255
135 138
107 222
187 204
130 146
110 255
161 258
87 105
100 271
131 156
58 72
55 80
103 124
52 90
30 218
62 81
35 148
47 120
224 226
56 200
164 270
53 242
104 240
26 96
58 203
95 231
101 142
79 257
63 214
53 135
185 268
128 259
80 157
17 30
55 220
97 220
173 220
7 83
95 266
71 88
220 241
0 12
170 281
100 144
8 235
72 254
30 53
212 233
14 75
72 270
41 53
4 17
63 68
208 228
20 197
154 272
73 279
125 157
71 259
92 237
57 248
4 250
19 237
94 171
94 151
201 207
42 196
193 258
221 262
138 255
40 225
22 86
44 64
93 237
6 151
67 126
58 83
107 129
68 275
87 251
74 268
114 174
99 269
41 213
237 256
149 168
25 93
130 211
205 242
105 235
34 240
221 257
8 106
106 174
16 234
92 179
52 97
13 212
47 195
90 275
155 250
70 159
148 193
27 142
58 137
139 161
98 180
97 100
133 283
17 42
88 180
6 166
81 184
185 262
124 202
31 74
6 282
23 103
123 151
64 245
14 249
184 218
95 109
244 276
120 236
56 191
161 225
25 259
197 214
17 193
33 240
210 238
6 22
13 195
97 165
104 249
58 170
18 284
58 176
73 89
180 186
237 265
49 170
177 249
122 246
62 188
26 75
114 258
85 183
224 235
109 189
119 141
50 69
24 139
82 248
137 194
26 183
8 255
6 79
48 122
8 82
156 229
32 224
166 225
18 220
21 282
11 265
30 85
36 51
2 250
26 261
88 111
25 62
152 187
232 283
100 185
97 168
80 109
24 116
225 232
160 271
134 207
41 48
185 247
194 209
163 185
88 165
9 221
181 206
179 279
24 165
137 259
28 235
83 218
66 243
201 263
47 71
189 216
42 211
111 142
118 173
142 247
52 139
75 202
21 220
180 237
117 236
2 202
155 172
39 57
16 235
45 147
29 157
24 51
85 221
59 251
60 94
38 68
110 210
96 266
46 143
122 283
17 55
187 275
76 277
6 185
2 37
189 208
238 270
90 95
88 154
111 131
208 218
108 116
133 273
107 218
217 267
174 224
14 41
41 166
155 234
116 173
21 131
10 90
7 253
120 237
10 148
75 257
109 156
86 156
135 230
91 176
33 281
151 262
91 199
64 182
168 223
199 247
19 159
213 276
189 206
219 255
175 271
69 118
29 84
221 248
117 154
177 226
90 101
171 265
70 92
120 274
9 33
21 65
82 144
57 65
216 254
111 285
118 285
115 155
175 242
167 217
28 272
114 223
109 184
183 275
134 136
40 50
65 77
32 62
53 167
21 252
52 64
13 46
259 267
67 115
40 56
89 92
4 82
68 120
112 269
155 248
81 134
178 228
24 173
113 178
103 118
21 45
128 215
237 241
106 122
163 167
35 54
218 268
18 73
67 264
104 252
259 281
31 121
23 64
193 257
62 208
30 200
81 244
75 199
93 120
265 275
155 271
99 272
85 92
84 270
208 251
64 94
58 189
55 211
144 190
189 255
113 246
107 131
137 254
79 200
172 280
182 256
195 202
206 234
52 220
120 203
96 250
67 162
143 150
155 167
203 255
8 147
128 235
66 266
50 158
2 114
279 284
77 123
97 120
89 186
18 199
22 215
104 149
15 228
92 126
5 65
107 197
154 234
83 164
46 234
158 246
57 99
134 222
102 119
177 181
55 156
96 103
63 76
220 267
56 112
259 280
65 107
51 119
53 213
11 61
108 266
36 104
40 69
176 201
112 239
210 279
157 273
127 229
39 100
104 151
61 274
63 190
202 236
37 98
79 165
51 172
12 126
5 139
76 237
150 217
111 249
122 184
58 184
51 77
43 124
167 283
142 224
37 257
34 82
170 191
25 134
122 125
51 105
105 180
29 37
202 246
199 284
98 190
52 227
54 84
104 132
72 239
103 206
154 276
91 208
14 70
86 171
165 257
102 212
124 186
129 142
145 279
80 239
155 281
235 249
85 192
72 153
93 240
119 215
220 224
88 155
205 240
186 274
98 274
24 58
25 188
104 241
5 102
97 212
45 49
156 168
155 227
200 236
77 269
83 197
92 264
45 189
52 84
0 101
109 281
62 267
74 180
136 282
33 171
40 221
130 213
127 140
43 152
120 146
22 147
106 144
79 106
32 281
16 77
264 285
43 191
3 126
25 129
13 61
40 205
54 181
113 119
98 184
41 224
153 243
4 234
158 192
5 149
7 204
197 254
96 156
45 254
54 222
110 196
157 193
12 192
115 148
64 118
111 277
193 201
7 285
121 139
162 267
32 170
27 52
60 139
45 72
59 266
52 161
64 194
115 178
24 40
39 117
13 261
161 280
114 135
26 182
37 139
103 215
43 244
15 133
173 233
4 33
75 114
3 15
141 167
218 246
93 201
254 272
72 218
197 238
16 184
216 244
47 88
89 214
8 254
96 200
162 254
81 258
8 46
158 274
76 157
5 104
85 273
189 257
73 137
71 274
135 275
61 282
97 152
52 106
50 168
30 152
118 210
25 51
156 271
158 191
232 241
9 184
157 184
31 158
25 143
171 261
16 129
40 55
74 239
70 257
154 188
257 261
213 230
158 250
118 181
59 84
13 274
58 206
152 273
117 198
4 244
154 160
49 146
112 160
24 148
148 192
109 172
44 186
2 142
41 280
6 129
212 264
139 253
175 205
27 37
97 255
118 162
150 207
161 257
34 208
47 146
52 229
35 159
95 283
130 139
28 127
2 34
52 225
66 218
136 262
26 180
18 215
127 178
53 58
106 166
75 279
67 173
152 163
52 283
47 234
32 241
166 178
157 252
8 64
175 193
44 197
12 55
44 265
70 148
41 189
30 133
260 264
83 153
5 232
7 283
250 272
82 108
141 226
133 172
11 109
127 146
210 280
15 136
129 245
106 164
40 285
79 80
131 141
39 112
129 169
83 247
105 170
80 262
94 103
104 194
53 74
80 174
132 240
21 124
78 187
51 141
199 276
153 272
49 139
139 261
4 91
29 60
143 274
77 216
147 274
28 229
85 88
91 158
47 169
100 166
8 231
41 216
143 209
118 279
100 192
108 184
242 259
118 231
117 137
37 189
26 171
43 147
2 246
126 198
220 284
50 58
41 228
83 280
77 81
63 103
97 204
84 136
7 85
101 105
98 276
108 285
10 259
125 215
206 232
132 269
150 193
50 110
42 244
28 178
49 110
12 109
103 126
129 256
46 249
225 272
33 75
14 31
25 69
47 172
46 137
35 156
71 105
8 135
21 66
98 272
208 210
6 270
203 233
249 284
145 182
46 170
146 198
115 123
28 137
60 110
53 69
105 108
21 186
171 211
80 178
112 123
52 110
31 240
14 161
186 196
36 176
52 194
117 129
106 160
39 109
93 234
10 246
43 92
45 199
3 224
53 59
61 213
0 96
2 175
245 260
176 276
213 265
25 36
243 249
113 141
52 241
46 132
162 198
43 239
62 183
133 203
194 231
177 269
131 211
146 230
1 202
102 227
214 249
103 166
32 102
96 180
51 240
57 282
50 143
81 252
67 150
16 148
201 262
35 173
10 127
123 149
33 191
33 179
9 140
77 96
93 238
53 209
192 257
230 248
12 221
140 166
139 248
0 188
116 117
68 157
48 173
70 247
249 268
132 189
172 205
114 177
67 102
150 154
12 35
212 284
3 61
152 259
111 173
18 91
31 185
85 154
2 101
31 71
12 23
143 177
61 114
133 264
149 188
159 184
157 247
260 265
6 14
72 86
143 158
220 281
190 261
99 110
117 282
47 273
51 176
98 263
17 261
19 235
24 232
226 261
73 226
190 229
261 271
144 210
30 124
58 136
14 184
80 124
223 245
24 31
69 167
93 206
66 107
24 265
79 242
195 213
144 224
79 226
40 101
15 114
43 203
46 237
198 215
202 226
39 190
29 78
78 207
183 279
8 120
19 225
38 209
133 208
14 228
27 279
25 152
216 223
138 250
65 111
133 151
15 281
3 153
11 272
158 237
43 154
154 207
34 68
14 28
89 141
19 218
180 273
62 113
62 70
49 209
121 211
215 242
40 230
52 83
96 113
95 282
126 264
73 265
125 135
32 87
28 112
63 240
96 128
180 276
9 37
60 229
4 199
44 251
65 205
112 260
76 174
3 102
126 235
60 191
23 208
14 170
83 88
89 110
5 85
30 271
143 258
210 211
48 179
194 242
125 164
55 147
142 155
99 148
131 245
224 285
70 72
69 104
140 212
145 201
176 198
139 185
108 230
54 246
10 170
32 61
28 76
7 151
67 281
252 254
184 206
105 266
54 211
89 143
165 199
3 157
122 269
137 268
170 251
87 95
21 139
46 168
273 282
100 194
13 89
121 199
68 192
80 223
144 183
117 205
56 79
186 259
175 260
236 248
78 117
63 245
46 59
189 253
57 121
53 60
79 221
68 205
113 114
11 88
126 150
122 274
29 176
180 270
66 122
79 151
32 115
153 275
142 177
65 175
70 263
80 235
101 194
44 71
4 265
67 209
48 231
148 232
231 271
81 271
272 284
80 218
42 141
25 66
15 22
149 226
167 168
79 109
26 119
174 235
97 178
97 98
66 112
139 177
87 150
94 112
190 284
253 259
28 201
183 200
179 275
168 209
62 86
20 133
65 274
153 244
55 262
140 169
67 207
41 281
102 205
115 263
6 33
28 75
202 209
3 38
151 246
27 239
274 278
184 200
108 111
20 66
113 182
132 277
244 249
4 16
175 212
52 202
51 241
36 273
25 74
88 256
79 266
114 132
82 204
52 158
115 274
177 203
37 81
105 174
65 256
51 144
84 138
130 163
0 235
160 261
214 222
195 265
77 156
113 124
10 45
22 232
109 212
78 110
6 181
7 26
66 246
226 281
126 219
70 101
148 277
203 210
169 229
130 135
50 269
9 61
179 192
178 189
168 179
108 236
125 229
17 155
113 273
30 208
73 275
218 238
86 191
67 169
238 273
76 184
158 253
171 227
2 196
89 130
111 152
223 274
176 185
138 197
14 119
35 83
169 266
40 223
5 64
47 87
125 182
175 278
95 175
167 264
51 199
51 71
26 285
96 223
71 131
30 88
89 121
83 146
212 229
4 152
30 273
158 264
150 195
59 131
56 246
43 282
37 53
42 187
33 193
218 277
27 177
71 270
45 106
93 113
209 280
60 147
7 183
229 258
93 105
5 19
115 252
170 274
30 135
159 166
27 61
96 135
169 218
152 265
16 18
34 37
16 182
61 260
135 225
19 63
1 169
45 113
68 75
180 277
82 203
92 233
98 99
81 138
153 181
93 140
2 126
60 226
247 250
65 182
45 94
30 73
169 270
125 193
73 202
179 276
188 208
116 153
137 227
29 73
129 277
16 141
133 224
35 160
213 269
73 191
138 271
103 263
54 70
174 205
204 227
5 259
156 181
99 233
44 50
55 76
56 153
65 75
46 122
118 192
88 207
49 182
213 235
190 263
1 231
166 220
82 285
153 282
100 260
56 81
34 124
142 157
0 156
125 257
115 191
214 256
65 285
46 134
142 232
92 151
144 196
169 257
229 257
228 276
226 240
7 63
221 223
42 48
139 193
127 231
93 97
60 80
11 32
101 281
196 278
135 145
117 237
210 266
195 262
172 201
179 262
6 152
118 143
128 185
24 150
102 164
83 148
168 193
116 235
26 117
117 157
83 94
113 192
3 140
11 106
15 17
155 166
80 98
100 148
12 165
78 209
91 130
17 145
72 162
125 232
40 88
110 159
132 274
52 216
194 281
51 131
37 210
48 199
54 171
67 74
56 66
63 208
33 202
25 153
105 275
10 188
186 254
147 165
25 47
135 143
3 136
211 276
191 214
99 120
65 199
3 124
152 197
20 140
2 35
109 220
177 229
58 193
125 206
72 88
35 80
92 254
27 44
25 260
173 190
48 137
66 117
28 103
98 105
151 215
132 265
88 241
113 168
48 259
206 246
7 106
55 101
131 184
7 272
107 118
1 111
14 148
105 163
79 119
218 284
2 127
190 196
20 206
99 167
69 126
108 217
96 159
19 145
185 191
171 284
25 271
85 147
5 181
86 268
2 74
137 271
34 95
107 237
47 196
207 248
101 107
142 237
32 39
17 45
30 199
52 156
153 183
155 183
120 132
241 280
129 172
55 112
105 253
210 227
131 270
123 269
95 205
34 61
55 183
12 252
174 242
97 99
6 194
157 274
69 83
84 235
132 208
16 132
254 256
120 135
144 157
15 201
31 152
108 241
36 189
96 177
189 203
52 98
25 32
76 164
101 219
53 250
194 249
244 252
105 245
24 243
0 114
28 260
6 251
118 263
93 232
172 200
126 195
16 75
238 261
15 226
110 161
80 198
214 221
247 255
120 255
33 38
87 139
16 78
131 151
82 106
88 166
36 184
39 241
118 267
29 57
162 251
119 146
92 134
16 172
7 62
173 259
12 223
73 193
137 280
167 235
16 213
242 245
164 285
89 151
78 226
12 22
94 168
19 217
69 150
107 116
79 280
4 283
154 176
34 261
1 42
5 147
171 188
99 123
4 123
193 197
145 253
36 164
27 173
0 224
45 129
83 207
47 86
47 242
88 110
4 195
18 102
41 109
43 69
200 204
77 158
62 110
158 199
84 193
136 263
154 221
4 98
117 189
69 180
13 254
154 280
140 147
111 172
145 242
24 89
37 168
75 161
45 226
0 214
45 96
93 159
78 132
174 212
77 254
70 269
88 283
76 230
44 142
55 233
46 120
243 259
1 14
46 86
40 242
66 101
1 218
63 114
281 284
80 183
47 177
88 219
183 208
87 213
143 157
106 117
194 204
187 224
120 227
67 208
0 15
166 242
3 227
146 153
31 176
18 147
29 40
240 261
81 236
19 165
190 218
122 231
190 277
69 206
96 273
209 226
217 271
31 113
100 114
147 176
24 207
191 207
14 220
126 234
66 270
161 209
152 263
185 250
144 147
88 128
164 269
66 247
70 139
253 279
16 228
100 175
140 239
0 184
109 154
103 207
100 285
56 84
48 186
38 66
12 148
18 138
61 158
4 68
31 93
236 279
121 192
103 187
163 239
136 261
139 217
150 241
126 151
74 231
54 82
168 221
147 202
10 15
149 268
42 95
236 238
117 130
241 252
154 222
200 214
64 126
30 154
33 150
3 282
126 175
205 255
181 209
74 284
2 191
141 197
148 271
138 270
230 279
274 282
18 59
119 137
127 215
133 205
147 171
116 257
18 235
38 284
122 239
14 108
36 136
234 279
101 265
204 248
221 237
209 236
35 63
92 229
55 223
56 274
74 202
70 234
105 204
109 253
145 168
44 60
203 230
101 190
49 163
182 197
28 171
44 81
14 263
63 66
152 206
137 165
11 285
45 80
11 49
102 174
96 261
61 107
70 183
19 64
118 142
168 226
58 115
2 28
23 47
204 261
178 253
9 187
97 151
12 97
80 140
20 87
196 277
159 197
42 166
245 282
212 239
84 257
104 120
61 239
190 212
8 165
39 279
68 179
144 145
126 233
31 239
176 270
218 233
235 241
186 276
123 174
62 106
222 232
18 26
46 251
33 194
98 217
217 234
195 259
125 155
84 264
103 132
189 274
4 203
37 140
36 157
62 148
54 131
125 264
17 146
119 122
61 143
45 167
66 192
90 198
41 42
99 264
38 173
267 271
226 241
165 185
183 259
141 188
92 114
16 40
80 155
72 207
119 218
78 228
23 34
173 227
212 273
82 137
15 219
61 172
141 230
13 283
51 254
40 216
144 223
19 240
8 73
65 84
67 250
75 269
70 186
1 219
102 122
70 150
124 192
134 273
150 246
60 198
49 103
136 223
213 242
91 279
12 197
173 283
143 155
122 182
72 266
197 283
128 196
200 222
88 216
93 100
57 98
87 171
60 174
178 276
118 239
9 121
175 284
200 248
47 124
132 216
185 213
181 239
128 217
135 168
107 154
185 240
11 57
115 273
97 106
237 279
120 126
79 275
75 167
39 61
138 212
163 262
154 236
59 175
59 235
35 137
68 160
10 271
241 259
211 253
46 171
39 128
94 265
11 58
95 155
232 285
95 185
35 181
2 152
86 230
114 203
92 250
41 92
7 193
52 61
29 82
6 221
218 245
69 175
2 220
18 117
106 193
14 89
3 226
13 39
161 223
98 119
97 284
3 179
98 195
154 187
208 232
115 214
68 263
28 87
6 32
0 27
53 277
177 228
9 209
15 195
88 147
103 108
82 283
97 183
28 246
34 151
43 50
51 133
136 255
22 171
92 255
51 62
42 245
40 210
3 95
177 213
192 272
31 244
113 201
126 188
264 272
96 150
21 135
77 278
29 232
63 120
14 177
80 151
82 236
76 97
118 225
118 176
7 219
4 284
23 48
48 246
22 183
165 197
23 97
20 187
120 139
11 26
97 182
152 243
13 217
1 186
44 279
63 70
68 227
107 251
21 283
110 267
150 202
150 255
136 154
2 200
3 188
4 156
75 187
148 198
230 264
115 207
198 233
49 276
142 246
101 122
140 153
201 228
38 267
193 249
106 234
123 127
3 51
44 53
102 108
113 239
105 137
204 224
2 273
68 175
38 183
118 243
126 135
61 269
36 219
131 159
250 279
80 220
90 115
71 93
17 264
158 172
60 164
159 205
1 230
113 123
10 93
122 225
208 257
200 205
82 264
49 246
43 115
102 283
25 99
26 144
97 215
140 242
51 268
135 284
117 155
42 146
13 101
55 137
50 74
77 190
25 109
63 239
174 261
11 239
151 232
34 140
215 238
69 245
161 239
118 214
212 218
1 50
100 203
127 172
91 153
19 30
20 257
165 180
64 120
72 143
22 189
45 162
166 175
254 255
116 150
220 250
5 69
237 243
186 248
20 98
152 204
67 198
103 250
68 222
87 203
67 87
160 276
68 77
183 283
17 126
154 163
189 283
207 233
103 144
167 222
269 280
41 113
8 186
12 114
95 249
141 184
166 257
147 189
89 278
87 232
82 187
14 172
17 228
93 231
60 233
60 280
70 171
4 192
46 157
7 221
58 135
51 52
77 151
49 52
156 223
202 278
7 227
180 203
76 136
191 213
98 228
169 251
90 113
83 276
191 278
162 192
101 257
49 201
3 75
164 241
2 262
47 142
51 165
69 140
98 130
16 253
186 235
15 259
90 132
8 250
45 74
22 50
99 207
121 256
81 207
99 161
43 113
17 77
12 143
74 175
187 227
12 236
10 277
19 164
193 224
132 235
156 255
18 252
72 116
36 105
213 270
123 190
155 231
121 284
162 232
68 202
148 207
21 61
51 101
109 282
119 269
166 199
193 216
170 180
17 189
178 280
119 165
181 284
77 162
90 136
50 221
72 129
117 127
72 268
212 254
95 276
57 251
44 167
165 222
87 256
220 282
114 148
178 262
16 191
5 231
17 116
75 111
48 202
77 261
10 178
43 196
92 215
88 233
249 285
102 234
46 68
222 266
152 234
155 194
106 210
16 284
32 244
63 276
78 128
116 263
17 207
165 247
16 200
212 261
36 37
109 129
1 132
53 95
146 164
138 198
22 208
6 153
23 216
104 255
193 267
94 109
89 253
171 245
37 273
132 260
52 275
230 280
96 127
83 262
87 271
145 228
82 125
79 194
130 196
76 251
156 237
162 223
146 212
11 147
94 108
26 44
53 212
55 153
118 218
207 275
26 43
68 74
127 260
115 125
259 282
53 93
65 229
191 259
31 230
165 210
62 118
113 241
46 158
48 81
32 177
26 188
142 271
42 88
156 267
42 98
98 207
148 244
104 223
102 192
43 132
27 249
85 103
56 58
227 235
205 253
117 187
214 247
58 252
97 148
39 118
14 106
1 216
97 169
226 263
252 258
149 229
72 174
167 220
93 115
46 81
89 94
70 81
210 229
63 94
30 82
89 171
65 154
92 247
49 235
148 264
141 248
37 224
150 266
121 190
26 62
159 246
96 173
9 102
16 136
154 178
261 269
75 274
92 164
35 143
73 274
250 274
108 282
31 86
49 136
120 226
27 32
75 109
232 261
73 93
185 243
20 84
175 179
102 284
79 101
205 273
97 280
176 224
119 124
11 162
7 134
55 129
51 64
105 175
12 141
9 267
11 35
242 249
199 257
61 140
180 187
99 176
226 228
81 219
3 233
197 229
77 283
15 184
50 258
70 215
16 19
123 170
106 208
14 275
76 235
9 78
62 90
37 101
32 205
57 77
155 200
133 178
60 257
12 207
38 167
152 225
1 34
138 176
102 266
153 273
48 67
146 246
36 230
35 38
83 125
69 141
69 125
7 276
51 86
67 256
84 272
35 97
61 97
111 283
107 259
206 238
69 197
63 145
97 101
218 270
14 279
2 205
87 263
72 202
43 249
182 269
20 89
132 161
76 90
94 281
116 210
104 284
23 167
62 134
12 79
12 250
0 65
229 248
60 141
215 219
192 206
100 208
199 207
186 225
172 277
25 95
233 242
5 200
98 229
152 230
24 162
121 233
144 236
165 211
37 89
20 59
139 254
135 247
28 71
124 250
26 57
4 174
224 270
98 240
40 213
109 171
13 257
150 278
58 259
7 90
12 110
111 265
88 268
32 280
80 186
170 188
20 254
189 279
48 100
98 158
65 204
70 102
148 278
3 6
97 196
128 133
22 30
167 246
201 257
174 266
46 180
199 208
48 114
76 279
113 128
6 214
25 73
22 127
149 198
220 279
67 118
70 214
5 176
29 193
171 229
132 152
189 259
0 161
38 185
59 231
146 202
142 261
49 69
137 205
203 249
24 196
93 215
0 176
177 221
154 190
135 202
190 200
21 210
25 276
43 85
11 212
99 164
205 206
148 149
32 236
6 177
85 113
5 160
96 244
46 100
130 220
78 145
199 219
101 249
58 87
63 221
27 54
62 232
122 129
87 94
93 189
81 241
81 251
91 154
10 195
270 272
45 89
46 61
32 212
102 228
94 206
167 209
38 97
172 244
53 121
35 198
86 178
66 88
210 248
60 271
149 201
128 276
17 231
134 264
49 158
55 82
68 78
183 253
26 220
54 281
165 275
106 209
59 100
68 212
87 221
73 163
152 267
108 269
81 224
227 276
34 132
15 39
48 71
2 253
122 134
106 177
79 138
81 117
3 177
48 249
270 277
61 277
79 98
31 276
47 80
276 277
21 54
33 223
152 212
154 183
119 180
107 217
107 252
176 253
82 110
83 123
102 155
33 258
177 219
12 98
64 90
11 201
38 134
78 92
73 178
0 240
47 96
44 125
122 132
242 247
42 194
24 231
37 171
68 69
87 190
4 113
136 259
120 191
82 211
118 256
202 253
4 228
32 271
3 4
68 82
85 162
1 64
1 178
30 81
90 180
102 170
16 123
31 205
29 247
197 271
61 152
54 235
6 168
71 228
122 145
171 185
70 168
132 285
122 206
60 216
0 273
169 184
159 213
10 134
16 210
63 252
8 124
200 265
242 278
200 234
57 84
110 197
108 210
5 32
68 97
82 163
126 161
94 266
115 185
121 270
59 247
55 100
23 156
73 281
62 92
168 268
214 267
68 131
61 275
77 267
160 245
117 185
82 243
70 74
56 165
167 175
152 260
36 66
69 272
29 223
2 130
137 217
230 244
155 187
50 171
38 42
168 222
172 215
21 168
182 199
50 285
128 265
78 80
182 255
151 225
20 242
159 230
37 123
91 243
140 200
179 188
187 250
13 171
38 99
20 143
78 143
171 218
137 265
261 270
117 227
147 233
238 285
59 242
78 215
83 279
11 84
49 89
148 229
117 231
3 18
113 220
79 123
19 195
101 176
46 56
91 147
26 248
4 59
2 183
176 195
14 93
1 85
111 252
10 175
74 133
93 242
222 231
86 100
19 73
94 258
163 270
122 213
43 192
34 207
45 179
193 266
144 273
178 220
17 59
21 230
217 261
51 256
118 140
73 253
43 198
46 204
31 180
79 213
159 190
174 284
145 236
247 284
239 250
0 81
83 183
47 105
242 277
222 239
22 78
78 282
11 274
88 248
84 106
121 245
222 244
112 208
26 246
39 216
114 157
236 283
106 138
219 243
140 279
195 236
13 197
85 238
16 97
72 221
58 148
140 251
64 124
117 238
221 256
7 135
66 160
183 216
187 189
72 220
168 198
135 197
37 55
17 119
114 240
23 85
83 109
20 210
213 241
271 279
95 160
136 271
164 210
6 7
2 18
40 167
122 265
62 225
166 222
136 250
3 70
66 212
90 99
91 195
205 252
249 267
28 63
82 246
67 77
196 245
65 281
32 80
42 49
164 212
168 255
16 81
141 284
84 219
147 244
172 211
103 201
162 218
76 122
87 142
86 198
51 118
48 200
6 241
116 157
55 60
13 118
208 263
114 162
29 234
157 251
73 79
143 277
130 243
33 89
60 277
73 261
28 212
170 232
64 149
158 169
45 127
91 180
232 282
233 264
145 273
206 271
156 275
37 212
75 212
25 155
26 238
89 208
231 241
163 253
93 212
137 252
213 280
53 192
129 155
83 257
108 261
69 217
22 235
162 212
206 282
164 194
68 106
235 240
137 233
167 216
11 171
39 104
85 223
59 222
113 210
77 97
7 143
240 271
40 156
83 86
121 189
164 217
68 176
91 230
128 275
22 198
55 158
106 132
184 197
31 187
115 180
185 212
85 234
242 269
33 284
40 87
162 275
89 236
130 258
118 270
112 139
52 124
92 224
47 77
212 250
183 195
167 205
121 241
52 179
136 171
113 177
131 160
253 270
247 277
13 239
113 257
154 214
193 241
170 247
82 159
159 175
114 283
26 104
108 257
221 263
50 72
41 236
228 234
135 186
29 180
91 124
99 252
101 134
64 170
200 235
92 118
160 253
66 144
135 207
55 212
143 214
58 195
167 182
65 215
145 245
89 210
183 260
141 259
178 283
116 229
159 161
67 202
87 144
222 233
195 208
156 161
162 235
114 247
161 282
63 223
32 138
19 146
75 241
59 108
160 268
5 108
20 27
180 259
227 280
12 272
52 129
201 272
99 171
9 34
5 248
53 179
96 117
36 207
62 104
18 135
71 128
11 110
36 125
128 148
202 259
90 118
57 80
103 134
11 173
165 192
169 254
24 145
150 273
44 270
154 156
86 204
74 114
197 273
9 246
108 165
139 264
51 222
24 30
247 265
173 224
25 100
23 235
40 70
32 219
73 94
38 178
9 272
27 229
9 227
233 282
89 212
37 152
188 219
186 250
224 282
21 100
145 193
39 204
217 258
156 222
148 152
143 276
197 234
149 280
36 152
167 199
47 182
213 251
41 106
26 157
191 279
79 168
158 189
38 71
165 172
15 252
55 78
32 174
109 132
46 263
69 224
71 97
143 166
61 173
6 246
58 147
33 109
1 278
4 206
93 265
58 145
239 241
154 273
127 284
215 277
168 178
88 276
37 234
89 100
1 110
161 222
75 169
28 253
120 177
148 267
105 191
81 179
196 244
171 190
21 164
56 68
186 256
33 142
112 165
35 245
162 273
56 129
96 174
46 58
43 264
185 273
89 203
1 198
18 156
50 126
96 219
244 282
8 35
44 117
189 254
20 160
69 139
18 270
16 130
141 277
36 269
37 121
2 105
87 236
33 82
23 278
59 110
267 272
136 163
48 125
60 225
168 177
42 285
73 143
64 73
80 243
22 229
86 224
8 85
62 66
68 225
41 158
220 278
241 254
111 214
181 261
21 81
90 138
243 281
101 120
140 179
106 110
6 102
27 285
23 73
32 243
141 249
73 270
29 177
75 127
0 82
188 215
35 178
89 266
106 220
33 197
78 178
34 228
23 27
104 122
179 224
89 174
19 69
46 250
142 184
73 245
84 151
75 258
65 260
28 145
192 256
167 261
119 154
63 209
91 281
24 136
109 168
16 127
15 265
4 169
29 169
73 268
141 154
51 76
13 228
15 154
204 235
103 265
150 232
51 218
151 197
218 219
143 228
197 247
43 121
100 199
80 188
14 61
97 127
65 216
112 268
129 131
250 255
101 153
71 90
110 278
153 252
34 232
120 231
101 160
115 203
15 225
132 141
132 244
134 285
184 277
36 172
132 246
134 179
149 270
122 237
2 245
119 229
12 32
119 147
136 213
10 157
263 285
131 280
134 154
59 140
99 215
186 275
229 256
37 208
127 165
8 204
32 57
64 78
59 183
171 235
198 276
59 256
258 262
146 285
21 128
44 108
19 236
59 258
99 141
139 236
41 110
127 153
242 264
157 186
166 179
16 190
97 197
33 97
197 251
1 210
169 206
67 134
63 197
192 260
137 177
59 71
64 222
13 22
114 237
82 183
10 208
153 184
88 181
16 209
113 254
82 176
29 104
97 131
256 277
25 130
80 212
48 176
213 222
47 134
4 121
72 251
17 20
112 256
152 166
34 270
31 265
219 278
39 208
57 141
86 97
45 117
51 154
37 223
94 175
1 149
82 121
64 188
277 281
46 239
8 15
6 133
166 184
58 274
46 181
59 250
87 261
187 251
65 121
91 216
138 263
117 285
155 215
168 205
94 236
89 165
164 265
250 284
71 114
54 233
26 94
52 232
216 262
30 201
53 220
227 261
114 249
191 258
86 247
100 149
65 103
74 148
62 191
16 67
41 148
137 203
164 192
196 206
15 179
131 161
87 89
109 165
27 271
241 276
45 252
45 142
63 105
185 266
53 214
30 42
145 219
7 189
154 233
181 244
109 125
116 165
68 159
95 238
13 136
142 233
9 117
88 238
92 123
37 112
83 181
53 236
100 221
82 234
90 112
63 284
211 277
272 277
111 259
110 190
43 199
178 223
17 62
126 241
117 261
76 264
109 269
43 65
211 254
24 32
129 207
7 82
101 208
149 267
100 137
80 128
33 182
41 143
102 233
20 93
10 82
53 195
81 211
222 276
173 204
125 190
119 232
51 213
131 238
11 92
36 71
56 152
133 155
10 243
57 63
55 95
205 258
51 88
22 222
91 161
27 278
31 179
11 47
24 240
202 277
84 224
2 282
36 245
188 259
187 252
39 223
44 55
8 189
183 247
48 241
201 282
5 103
10 203
149 180
138 150
74 106
146 160
172 175
5 236
66 73
55 131
58 181
225 244
78 212
94 208
17 269
104 160
201 270
131 191
2 6
87 211
52 284
6 196
30 37
96 243
71 213
112 171
67 159
23 122
128 213
138 175
140 158
125 274
200 238
26 82
88 92
6 145
209 263
72 187
181 213
29 44
108 115
115 256
46 255
161 228
220 222
1 154
29 43
118 205
79 148
137 216
24 212
34 226
120 169
150 285
164 244
58 239
18 181
112 275
56 229
130 170
179 249
85 107
65 270
34 97
101 155
111 132
147 262
213 250
172 261
4 227
250 266
105 139
26 130
32 144
3 39
93 132
79 252
157 174
96 240
132 222
33 155
74 265
27 131
119 219
196 262
30 149
168 259
82 157
152 167
148 170
60 227
51 243
176 186
19 279
43 195
107 262
14 198
2 146
47 274
63 253
21 192
36 55
64 210
207 256
53 194
23 243
86 197
187 264
54 160
84 132
220 263
32 252
10 135
56 216
264 270
224 250
32 186
144 154
4 242
39 191
1 257
184 238
60 113
141 147
67 75
77 284
224 232
251 281
61 221
152 156
9 150
172 192
65 247
162 284
22 144
119 248
5 63
1 19
63 206
30 229
16 257
34 220
159 204
126 265
20 118
24 90
166 241
191 273
218 243
125 169
48 223
22 246
5 276
142 268
110 231
220 245
24 77
58 272
43 150
143 264
166 259
141 156
71 119
82 89
128 161
88 199
40 52
162 239
57 265
63 247
38 104
173 228
13 19
146 166
216 260
97 117
3 279
44 121
54 98
61 185
179 182
27 161
121 158
130 165
104 135
29 50
55 173
47 162
140 185
41 178
199 271
102 154
62 120
34 190
135 158
180 191
133 142
30 159
27 171
163 212
44 107
102 279
1 90
144 250
238 269
85 241
23 99
78 106
117 284
234 258
160 200
282 284
226 270
0 39
136 147
83 124
42 233
56 88
29 32
22 48
96 246
38 154
57 101
186 272
111 212
16 220
171 216
8 284
38 243
80 285
97 119
104 219
71 268
188 230
135 285
11 43
172 206
5 244
82 93
72 255
132 217
106 187
54 244
84 255
41 232
106 228
84 173
44 78
201 231
166 195
97 160
76 93
197 244
8 52
12 135
115 165
49 88
26 283
78 221
57 245
231 265
110 153
113 161
61 265
180 225
220 242
43 193
196 216
116 211
149 278
32 179
10 222
31 224
238 284
170 249
84 97
118 169
2 186
237 269
94 172
103 272
22 35
217 285
63 91
34 239
85 220
165 191
110 249
170 182
97 145
31 238
112 247
87 147
62 220
79 238
37 166
230 277
25 108
133 230
78 216
106 232
119 152
60 63
144 197
104 263
51 212
76 183
132 215
210 276
253 255
18 274
75 123
27 106
120 214
94 278
8 208
106 151
14 45
136 212
50 135
46 260
53 89
13 110
183 261
86 229
112 258
78 193
15 183
73 217
174 218
33 252
243 275
185 241
29 141
92 189
136 221
62 245
0 154
78 177
37 240
101 117
216 218
130 239
146 172
10 100
21 187
194 229
23 200
161 193
9 82
143 167
56 80
152 196
118 172
130 161
123 207
40 129
62 227
180 210
13 227
34 245
130 275
122 193
258 268
120 196
236 269
43 219
121 146
144 162
99 255
48 239
87 226
38 90
115 144
37 170
18 44
112 174
51 262
34 194
39 273
82 206
183 192
213 266
167 219
40 228
10 181
90 244
189 190
156 268
89 128
66 237
3 256
47 281
114 136
54 257
104 182
32 215
125 237
48 188
65 164
250 264
73 212
21 178
107 108
47 244
193 222
116 171
226 254
12 151
105 129
65 67
229 266
90 213
32 121
17 123
73 153
143 255
77 91
3 76
31 177
110 238
241 255
168 215
74 173
248 275
128 210
103 240
90 140
26 266
130 216
127 154
28 55
68 208
71 187
124 153
0 126
88 97
75 191
110 132
59 61
35 36
141 279
219 224
220 276
70 116
130 151
50 211
138 142
136 184
130 242
211 264
61 142
61 129
3 58
103 255
204 208
231 233
258 270
260 283
51 258
120 122
216 268
21 167
19 102
168 234
80 120
85 263
120 181
59 90
42 67
84 245
104 153
250 278
87 92
213 252
174 270
65 245
47 81
92 243
71 248
109 206
67 274
84 262
37 108
157 275
182 192
80 86
16 111
60 100
95 274
215 250
139 140
171 175
39 206
36 240
68 198
85 239
76 146
197 263
31 253
129 270
108 179
41 45
66 240
1 185
128 131
242 280
61 80
180 281
229 264
203 245
150 188
75 148
143 187
71 226
33 268
117 207
44 273
183 266
117 271
2 190
87 90
120 271
26 129
65 122
80 134
53 188
12 68
183 198
34 214
251 284
237 251
67 210
170 236
232 257
49 154
99 275
190 283
66 180
210 215
17 274
162 255
49 112
42 139
37 70
98 234
200 254
210 273
28 208
75 136
7 102
28 240
7 47
89 185
24 63
212 285
69 116
9 156
75 206
202 260
42 107
157 281
75 198
90 144
24 80
121 181
199 231
40 41
48 195
12 201
200 278
62 156
59 111
47 167
57 170
22 140
211 247
136 267
68 158
71 107
77 236
161 241
90 216
51 187
92 141
178 258
62 76
18 277
47 110
99 276
8 94
54 187
69 284
239 268
91 118
10 221
27 243
88 200
130 217
39 217
96 138
4 86
69 158
76 241
83 260
182 232
266 284
236 277
40 277
146 173
17 19
222 227
122 232
123 162
14 47
172 243
55 214
117 142
0 64
61 276
138 204
189 207
4 96
198 248
139 163
52 197
27 258
104 148
142 285
13 128
147 154
116 248
112 274
31 34
189 199
162 260
168 210
73 198
106 226
62 143
1 136
4 260
175 210
32 71
25 273
84 226
26 247
16 173
163 201
45 107
123 148
26 42
162 217
113 153
17 247
27 216
159 180
146 208
214 241
204 258
131 149
230 256
33 215
59 210
162 248
132 174
30 129
143 279
74 271
100 164
197 279
179 180
127 204
176 238
234 277
34 131
121 265
1 229
47 260
127 200
6 213
180 192
159 236
56 124
185 217
199 239
224 279
147 159
30 62
264 266
148 285
169 267
115 258
164 171
95 128
125 251
172 220
15 38
138 247
159 179
135 229
65 262
228 249
12 210
132 196
99 262
158 167
161 218
26 38
240 277
108 189
12 45
174 269
66 213
220 236
31 191
68 252
1 27
174 268
241 284
150 170
105 225
87 243
20 29
206 223
58 250
23 96
196 275
7 45
182 240
47 219
69 90
171 271
37 238
111 191
49 130
9 256
72 237
8 12
108 175
48 98
8 253
58 190
208 274
42 51
30 56
190 211
10 22
19 108
108 169
96 285
14 262
41 271
110 169
31 117
81 213
140 159
147 158
28 156
49 80
30 89
102 132
137 245
117 273
33 107
9 162
53 129
116 259
182 204
120 165
128 223
25 48
49 101
220 238
203 219
200 247
89 263
99 191
91 146
123 189
28 278
115 230
32 109
259 284
121 228
159 181
62 124
28 268
5 273
50 219
138 207
198 259
121 258
20 182
255 285
160 222
13 243
125 147
150 168
197 203
153 229
66 188
124 141
194 217
95 107
5 213
56 214
1 20
14 196
4 180
206 247
105 149
142 160
183 226
73 109
10 52
69 241
40 81
207 271
29 241
4 105
191 251
222 277
34 43
93 260
23 262
118 220
240 262
176 197
211 283
159 189
65 76
26 255
56 184
15 76
119 144
13 108
28 50
83 269
56 140
32 158
201 255
119 139
185 199
73 81
156 157
76 89
44 188
98 270
123 253
176 233
131 259
105 273
204 268
4 202
11 234
15 229
115 246
37 46
63 241
127 278
149 203
64 150
107 149
13 237
160 251
97 109
182 247
52 212
16 201
25 147
135 205
200 201
135 185
159 237
0 164
68 107
16 110
104 171
72 139
40 257
64 67
120 234
113 235
138 188
7 56
38 44
163 202
10 282
45 50
67 229
74 184
174 234
214 232
77 203
4 145
136 177
83 159
263 271
52 266
1 243
101 227
86 155
150 205
94 216
80 252
115 132
17 44
39 212
27 203
119 173
5 39
44 174
10 205
185 202
34 280
71 209
150 151
133 185
105 234
12 105
18 263
26 156
213 263
258 267
46 92
170 266
53 255
143 269
155 180
132 248
114 169
45 150
13 91
62 247
150 196
80 230
124 214
10 141
151 248
95 100
41 119
61 223
11 146
9 212
9 114
186 270
39 142
190 198
196 269
105 274
158 212
13 63
134 230
34 56
122 173
16 180
18 206
16 124
134 245
34 181
15 104
103 133
52 273
152 248
34 195
49 71
20 75
15 217
16 247
137 262
3 98
42 70
110 195
57 193
121 200
69 151
146 239
50 167
63 182
34 168
181 197
170 250
96 247
165 280
24 188
96 148
119 136
35 112
19 167
128 200
141 234
29 163
109 120
145 147
260 266
83 168
8 171
20 111
14 251
211 223
143 181
93 169
55 278
53 239
84 120
79 173
234 262
217 266
84 104
107 200
24 78
151 219
183 196
229 260
159 198
23 60
128 146
227 263
43 148
192 197
3 283
18 265
6 8
25 269
41 70
265 283
86 264
21 278
109 244
146 229
63 144
45 170
18 249
128 263
114 245
161 214
203 262
25 151
96 252
40 44
21 273
3 181
160 252
38 278
102 190
0 139
9 155
37 144
264 283
102 175
174 175
30 162
29 267
126 183
129 209
129 176
74 260
106 283
77 214
10 92
