288
7
24796
60
212 2
791 2
174 2
670 4
57 2
293 3
440 3
266 1
550 4
771 2
665 1
33 1
141 4
501 1
576 2
898 1
358 3
525 4
422 5
382 3
729 2
743 1
462 3
631 5
65 2
854 1
720 5
688 1
871 3
203 4
199 4
404 1
781 1
463 2
374 1
239 2
438 5
152 1
179 2
808 4
736 4
198 2
398 4
282 2
101 5
468 2
432 2
508 5
437 4
65 4
588 3
786 5
377 2
593 2
905 4
533 2
659 2
764 5
65 3
37 1
442 4
642 2
749 3
121 1
420 2
612 3
259 4
353 2
34 5
384 3
358 2
214 4
614 1
618 1
295 3
435 4
166 3
444 2
432 1
131 3
326 5
830 3
581 4
174 2
633 1
285 5
804 4
41 1
412 1
708 3
249 4
313 2
383 5
52 3
337 3
513 2
774 2
450 4
763 5
190 4
749 2
900 4
633 1
718 4
335 4
284 3
783 5
799 5
774 1
828 2
223 5
189 3
224 3
62 4
351 3
164 3
524 5
130 1
324 4
703 4
809 2
30 1
638 2
440 3
417 4
747 3
42 2
689 3
522 2
116 4
647 4
529 1
544 5
593 5
600 3
227 3
707 5
324 2
501 3
898 5
375 4
488 1
329 4
497 5
480 5
900 4
635 4
724 2
481 4
435 2
521 3
409 4
419 3
570 1
738 1
712 2
288 1
627 2
124 3
243 3
697 1
862 2
299 2
412 2
853 1
483 5
692 1
91 4
911 3
81 2
176 3
352 2
84 3
578 4
327 2
199 5
338 4
707 1
678 2
99 2
846 5
54 4
281 2
115 2
366 2
674 3
217 4
573 3
239 4
87 5
608 3
245 2
630 5
161 4
143 4
565 4
110 1
597 4
191 2
162 2
674 1
164 4
38 3
541 2
161 4
489 1
824 5
287 1
915 5
148 1
675 3
317 2
358 3
411 1
363 1
774 2
454 3
198 2
523 2
846 2
719 1
492 3
852 4
45 1
908 2
162 5
417 3
719 4
116 2
359 5
288 4
416 2
869 3
40 1
244 1
676 4
501 2
194 3
197 5
857 5
213 4
622 2
172 4
731 1
537 3
283 1
627 3
910 4
809 4
855 5
281 4
221 3
559 4
482 5
561 3
889 3
224 4
328 5
206 3
453 4
518 3
664 3
154 4
157 5
484 1
691 1
421 3
384 5
624 5
408 3
493 4
353 1
131 2
913 1
478 5
762 4
124 3
856 5
412 5
84 3
239 1
718 4
363 3
870 4
639 3
67 2
893 2
760 2
1 113
2 4
164 178
151 174
115 236
94 211
103 110
13 90
237 264
229 265
165 271
64 267
136 268
164 269
178 257
82 121
81 168
169 264
58 61
103 189
224 270
7 116
30 192
166 209
220 281
41 44
136 149
77 86
48 197
112 173
52 171
109 273
64 87
20 256
117 203
38 133
220 269
209 212
158 208
17 149
46 194
77 170
2 259
130 249
43 65
267 269
179 277
175 213
256 263
142 242
173 230
150 207
37 262
43 101
7 276
57 267
124 260
129 184
170 233
10 283
74 178
89 91
124 199
101 106
64 180
18 93
98 221
78 174
33 50
254 261
5 172
85 90
44 145
0 176
175 207
22 56
68 253
163 249
85 155
66 203
127 222
105 244
50 182
80 133
80 95
139 156
130 279
179 263
166 191
237 273
61 99
92 127
130 240
198 203
189 211
195 269
39 41
60 94
151 225
175 180
130 152
101 237
25 242
7 88
33 198
64 114
195 278
161 217
168 246
134 191
103 219
165 217
110 190
140 264
28 93
21 281
142 205
59 199
216 248
266 283
70 266
110 205
34 138
7 78
15 48
130 262
134 193
2 229
236 277
205 231
188 216
231 277
143 264
88 278
147 177
44 117
8 216
98 192
81 282
8 272
113 220
2 34
62 196
99 143
82 283
38 272
51 130
189 254
82 244
146 249
104 178
108 183
86 273
25 60
80 132
144 236
66 216
141 193
0 149
147 194
2 185
51 271
59 239
30 281
208 210
201 272
73 85
14 147
196 213
126 217
24 250
166 242
140 245
14 233
218 238
7 128
84 237
2 95
148 275
113 171
36 60
49 279
214 284
104 283
163 260
130 255
63 243
12 275
174 269
22 35
34 82
136 152
233 242
32 94
116 270
2 68
13 200
53 101
13 22
1 59
109 285
113 128
47 207
8 29
242 262
22 250
73 182
182 258
34 152
52 114
64 208
32 116
27 58
93 180
54 134
92 147
14 58
185 190
30 71
68 226
133 163
23 226
92 98
64 135
36 164
11 258
2 89
43 117
22 137
26 170
63 207
4 88
44 178
78 219
50 110
76 93
54 177
88 129
109 246
35 128
126 285
42 170
193 199
122 176
28 112
225 244
58 178
13 17
118 161
29 75
193 231
133 225
100 259
152 157
57 233
109 135
120 176
143 276
54 225
92 93
180 270
231 240
29 58
198 230
89 186
136 170
250 274
187 284
15 24
197 199
130 247
36 267
7 201
227 254
204 247
13 25
52 200
122 181
246 252
116 141
108 198
228 255
66 212
68 72
227 259
2 88
1 202
240 270
34 285
23 243
25 209
73 115
15 155
15 62
176 225
95 160
32 91
136 247
98 125
190 255
158 226
15 186
18 283
30 236
42 207
111 133
98 177
201 287
142 262
86 92
222 239
97 183
138 260
37 134
146 255
58 188
2 149
228 231
183 257
65 83
60 166
35 278
33 124
21 136
147 281
143 152
50 263
209 221
57 229
0 231
118 197
137 164
34 186
219 266
67 219
156 277
4 53
17 197
57 72
30 170
254 267
83 234
212 257
17 243
143 274
198 280
72 179
58 263
124 139
119 283
216 274
128 242
27 243
86 141
56 242
52 213
64 271
61 105
172 183
202 248
104 229
125 238
134 198
10 18
120 234
148 210
126 196
79 232
241 275
116 249
64 76
1 55
223 276
71 265
54 170
181 272
59 130
0 126
49 132
18 145
158 200
2 203
124 129
17 141
148 207
4 67
18 57
113 183
7 161
170 250
157 257
64 103
105 151
83 264
212 263
180 237
105 149
16 155
185 225
16 84
95 136
102 253
48 244
31 273
133 200
102 181
187 223
175 227
132 221
86 240
110 114
85 172
236 258
201 246
110 218
59 287
48 77
143 166
24 116
39 286
66 251
204 274
125 141
5 120
68 100
30 113
89 143
217 246
269 283
75 250
21 87
27 263
236 263
75 196
82 201
5 233
48 247
20 111
48 229
210 232
15 139
30 212
156 268
73 143
70 274
8 225
72 264
128 285
89 233
91 174
33 146
9 107
79 99
66 172
18 166
107 110
114 251
268 278
27 200
156 271
245 271
165 285
41 117
26 59
87 276
124 148
97 137
18 134
32 117
0 283
46 59
64 121
19 193
2 204
55 235
114 233
86 232
32 179
85 281
151 176
25 223
0 72
67 127
202 271
257 284
26 253
70 287
41 233
271 281
211 271
185 267
26 105
41 101
74 118
71 262
5 252
8 20
247 273
191 248
2 41
7 174
274 284
160 252
51 234
18 234
127 221
122 201
20 65
85 204
47 49
181 241
235 246
126 130
79 81
125 228
35 153
32 159
101 218
173 264
72 97
40 215
127 130
12 96
133 185
32 185
45 240
99 163
182 188
177 274
106 121
152 199
49 138
70 276
229 266
44 212
63 115
58 278
153 179
125 183
131 220
10 263
53 136
55 105
49 207
41 278
167 256
64 136
22 120
256 287
122 249
108 185
17 53
35 113
200 263
76 149
10 81
36 134
45 162
138 211
121 148
112 128
161 277
14 236
27 110
110 232
76 246
0 77
174 256
12 119
31 183
31 87
240 246
184 224
225 235
197 223
29 47
147 227
48 91
195 258
17 144
270 271
70 245
105 248
203 273
19 82
4 76
241 257
50 235
149 233
208 274
214 231
123 264
13 128
50 148
55 164
44 103
92 231
112 195
144 220
11 47
82 133
0 216
118 265
20 66
3 78
183 197
117 186
180 197
114 155
101 240
120 218
233 265
12 28
202 285
52 199
118 245
5 284
20 216
88 120
75 242
105 286
49 83
189 284
119 217
141 163
70 114
39 220
46 229
222 280
12 263
9 33
152 267
45 54
109 274
106 264
151 232
120 148
79 91
47 82
132 271
37 52
93 193
26 162
44 161
62 256
165 251
153 181
18 236
47 84
149 205
2 49
37 137
86 101
68 200
124 236
53 57
43 205
8 194
152 249
136 245
55 92
86 91
62 280
62 261
99 122
93 175
37 82
172 246
164 264
82 215
22 82
42 65
164 192
29 51
120 284
84 157
32 162
91 272
140 223
7 165
165 273
24 198
128 142
235 252
10 86
80 151
213 227
98 116
75 138
87 281
107 196
41 166
13 102
95 109
67 191
48 97
259 266
259 287
152 254
91 200
4 270
13 155
97 169
55 87
3 6
12 138
115 242
89 283
57 115
9 166
194 284
240 264
174 189
239 247
40 240
65 239
70 75
34 38
180 218
135 187
205 271
80 259
30 82
71 208
13 124
5 15
103 168
178 255
31 199
39 156
10 226
231 282
13 159
42 177
80 86
71 270
109 174
75 170
158 244
25 141
159 284
53 118
34 220
148 175
54 162
12 70
52 204
62 245
49 280
67 166
119 176
131 212
63 253
2 285
102 176
43 135
7 111
24 230
177 251
51 81
47 262
126 257
108 240
285 286
249 264
74 183
107 121
118 278
107 116
13 224
74 184
174 201
26 259
103 194
112 251
96 190
154 197
66 207
3 147
202 276
88 178
10 201
42 139
107 181
208 240
179 275
42 250
71 72
2 242
109 141
227 230
131 132
60 260
139 223
45 89
59 174
100 226
152 215
94 113
253 268
131 201
66 105
58 255
114 188
8 59
10 31
106 149
94 208
41 146
16 272
17 94
78 86
74 176
79 180
64 249
51 241
0 79
124 243
61 142
205 240
149 195
9 190
125 137
164 277
78 173
24 121
196 287
114 132
21 160
38 139
24 187
58 204
133 181
179 240
24 194
197 233
42 121
173 198
142 169
71 157
106 267
49 126
112 120
143 192
95 98
16 140
81 154
244 267
97 145
4 167
66 173
169 206
168 284
38 88
225 231
156 218
87 219
114 136
121 243
150 216
154 214
99 287
192 272
242 257
181 244
79 277
171 230
8 207
25 173
27 57
96 261
182 255
147 187
172 286
133 166
45 220
26 242
196 266
82 173
140 141
128 276
137 240
237 238
56 200
47 65
130 215
86 215
14 207
46 271
36 210
237 276
69 209
25 246
52 146
76 132
84 252
5 275
176 287
120 280
186 217
218 242
69 219
123 279
9 198
63 88
177 277
109 163
242 252
87 138
171 245
230 259
143 244
145 237
80 105
16 34
79 274
12 57
248 257
11 46
10 68
176 268
218 253
81 212
142 280
137 223
68 230
168 229
38 136
142 198
129 247
92 220
81 195
62 223
196 247
191 223
135 254
39 202
31 116
95 209
120 165
5 26
4 121
96 173
9 199
29 134
69 236
136 264
178 281
23 198
19 176
33 116
138 196
37 197
27 286
5 184
58 169
194 256
264 286
129 282
14 75
174 184
236 249
202 280
67 105
185 257
16 215
118 124
230 266
30 138
13 225
19 262
70 190
181 219
174 198
88 131
5 201
14 64
225 276
54 243
35 220
204 254
43 164
19 111
30 41
241 270
195 206
249 258
111 277
144 151
19 39
1 287
135 278
226 258
10 241
157 172
77 117
5 22
6 237
211 285
258 275
69 125
70 82
159 179
94 188
62 160
5 33
6 216
104 189
0 175
213 255
114 270
24 96
191 282
138 207
0 201
19 222
110 224
225 283
20 50
68 92
50 241
23 135
217 271
37 274
93 97
224 249
185 255
248 265
26 283
142 157
25 271
105 157
27 265
115 139
24 225
1 271
216 227
198 264
84 283
173 234
6 91
214 283
224 242
168 213
30 231
103 190
17 264
179 235
5 10
50 213
9 111
129 163
6 186
221 252
81 157
161 196
121 223
35 280
72 80
111 173
118 228
46 210
66 245
117 192
119 157
149 275
21 142
21 78
4 280
45 198
51 197
33 210
34 130
167 245
234 274
150 267
8 110
52 227
53 66
197 198
188 265
6 273
117 136
185 254
11 69
135 204
136 137
83 199
209 280
45 282
146 233
106 141
11 33
87 100
189 191
89 243
48 273
171 181
133 149
23 137
104 154
140 175
46 268
86 188
64 186
84 228
165 257
155 229
77 93
35 134
30 268
197 261
113 172
206 251
29 287
3 277
233 267
142 285
28 48
67 232
143 286
41 282
23 102
4 100
81 214
277 286
16 280
57 166
108 262
134 159
162 196
107 273
44 61
181 218
98 230
15 37
238 243
54 214
22 226
36 200
230 280
84 134
13 97
59 211
242 274
20 168
170 200
21 24
142 207
137 251
183 273
12 111
69 241
192 243
74 278
151 226
130 157
156 275
71 75
64 193
49 75
237 271
90 131
38 182
32 38
16 71
28 170
64 184
199 238
108 225
40 41
33 101
66 159
140 160
26 92
58 186
188 202
164 285
237 259
110 234
194 244
104 234
42 66
28 255
77 213
19 283
12 139
230 287
27 144
57 176
30 210
129 198
136 287
3 286
219 255
51 243
147 264
141 179
190 275
15 176
26 100
26 223
41 118
2 84
43 44
30 42
191 260
161 234
122 284
33 176
225 253
114 255
11 111
18 221
151 198
55 176
43 82
179 269
189 202
48 267
248 275
56 92
154 159
185 235
126 151
16 111
115 167
186 244
55 130
175 272
75 93
15 135
15 277
33 227
3 199
154 251
25 192
37 202
171 205
44 125
55 204
98 152
0 213
167 250
34 154
47 154
38 164
6 157
104 126
25 58
70 263
86 190
120 150
60 103
88 242
119 198
1 260
130 205
164 173
35 232
74 268
255 273
46 72
173 225
46 92
94 246
74 140
55 241
95 137
168 266
112 206
48 236
77 84
154 190
88 259
47 214
50 187
34 221
44 187
63 118
112 143
31 135
105 129
101 262
119 265
15 160
62 273
7 139
37 143
7 236
77 225
70 110
154 221
5 287
35 77
69 274
67 228
7 168
156 248
75 247
71 162
238 254
59 67
70 105
71 244
207 260
26 113
145 202
87 166
35 140
46 157
138 238
8 68
79 177
74 125
141 225
184 202
140 145
22 283
146 252
222 248
128 240
154 206
83 210
84 133
157 240
67 89
171 259
112 212
191 214
273 287
33 115
227 232
107 271
38 54
142 213
38 257
81 163
104 206
7 212
59 191
83 273
85 268
152 165
65 109
25 49
34 58
114 240
181 253
108 138
204 268
56 251
159 202
104 276
161 199
143 241
142 269
66 151
86 226
52 101
7 220
198 283
76 120
113 121
157 198
109 117
55 251
33 142
189 272
94 104
75 91
158 186
131 194
204 209
101 233
19 115
0 224
167 223
97 252
144 213
169 249
202 238
117 176
150 181
1 172
38 264
19 151
112 235
34 169
6 42
195 198
3 15
47 200
54 275
33 135
42 252
273 275
16 205
22 131
10 14
92 120
68 116
12 146
190 195
189 276
38 62
24 253
154 216
115 204
151 184
12 228
156 241
35 91
118 272
5 132
134 157
6 192
49 72
238 286
184 240
94 120
156 182
97 277
149 178
94 239
84 176
30 168
8 24
205 264
59 249
70 204
86 138
182 266
79 87
210 213
76 275
106 191
0 159
3 21
2 21
119 145
165 183
52 168
23 253
161 162
126 259
104 176
89 213
107 219
39 152
2 125
93 119
26 117
191 192
171 224
195 234
65 260
144 268
62 110
1 276
151 238
89 228
77 136
7 103
166 239
189 249
52 165
98 266
33 112
175 182
2 284
95 162
98 129
33 220
100 260
12 278
167 281
88 160
3 188
33 38
135 170
44 273
2 258
148 150
35 56
127 150
133 144
50 142
50 174
177 186
98 223
133 192
198 241
65 273
133 161
135 144
112 147
51 91
11 188
126 255
27 241
128 190
122 171
168 225
187 228
10 246
69 216
67 174
8 248
66 193
109 183
91 162
42 128
104 174
62 254
91 140
36 218
10 168
107 216
100 263
169 242
141 180
52 131
57 169
108 169
30 130
105 125
122 239
170 245
244 272
90 215
124 275
87 287
80 266
216 236
45 204
16 273
10 202
35 281
36 120
27 159
174 185
103 256
61 221
255 285
112 264
30 203
57 253
14 29
50 212
98 112
7 23
60 128
113 255
121 269
46 126
57 165
91 181
133 268
94 130
64 221
116 133
149 276
209 260
129 205
72 146
240 255
186 239
146 197
265 271
138 226
79 259
87 263
48 53
165 278
181 232
56 118
23 101
38 80
182 225
184 280
14 136
169 231
219 257
30 228
39 280
199 220
16 167
7 272
79 191
84 167
41 47
166 250
162 199
224 231
76 84
119 133
64 258
3 268
174 176
234 262
115 249
67 95
264 276
267 281
4 162
54 183
110 168
34 137
201 263
151 221
103 267
108 204
29 263
11 32
19 224
75 160
2 86
26 205
184 198
145 266
107 221
115 233
145 232
83 270
43 173
199 285
66 94
75 192
254 258
213 236
225 236
213 230
159 236
139 241
34 167
116 123
147 173
129 243
94 262
230 283
137 185
60 261
51 165
181 281
63 138
57 248
13 235
175 247
155 165
147 254
181 276
120 287
84 216
211 242
227 255
171 172
97 188
131 206
239 254
39 275
177 238
102 160
202 206
0 179
102 222
27 197
55 126
128 269
1 210
17 65
1 174
106 167
85 148
17 116
52 245
69 217
141 240
88 216
160 172
54 126
22 189
141 142
56 271
44 224
66 122
34 147
2 213
123 175
104 241
67 250
91 219
26 166
255 257
17 188
127 239
39 117
75 92
47 66
100 213
111 168
228 283
54 248
141 251
73 195
58 102
189 281
254 278
45 283
5 12
144 246
138 219
4 249
235 265
48 63
116 279
27 223
143 257
112 179
114 219
70 86
24 143
195 223
76 77
168 249
93 286
29 65
137 259
45 111
159 254
93 244
57 240
33 44
37 174
29 32
189 212
25 283
67 76
104 114
93 184
115 200
52 147
174 232
60 209
24 264
83 162
73 97
23 107
137 233
120 239
15 263
164 200
97 261
142 177
166 172
10 64
258 260
30 207
151 188
11 118
107 255
146 206
86 242
63 205
108 137
214 260
127 229
6 148
32 52
82 164
81 167
192 273
76 248
16 174
0 165
33 70
138 227
209 272
165 264
12 18
119 210
164 271
131 158
64 246
5 200
47 278
68 108
131 163
120 152
87 126
147 282
64 215
40 144
26 236
138 154
95 269
65 134
106 277
62 116
27 202
53 201
10 34
174 243
7 219
98 262
51 132
39 248
62 285
48 156
149 183
164 196
11 49
92 260
137 245
12 129
97 107
207 251
25 233
206 215
47 158
141 272
208 278
13 218
144 218
20 257
67 182
165 235
79 282
104 186
157 283
15 267
6 83
100 271
144 216
2 175
92 125
16 32
69 202
38 79
182 192
49 173
42 276
58 246
166 245
86 251
103 265
36 169
185 219
41 242
33 63
228 249
6 9
29 245
48 259
220 244
62 70
100 162
106 164
121 236
50 57
97 246
92 137
99 260
57 244
59 203
103 205
106 181
205 213
93 281
76 123
53 174
136 204
41 262
97 283
160 236
112 280
114 263
40 156
188 237
4 199
98 109
39 273
190 228
18 151
213 274
137 234
83 88
35 93
21 215
48 209
73 106
110 252
93 161
3 255
77 279
134 148
51 128
148 194
44 203
85 154
145 155
27 170
14 198
39 268
4 240
216 256
228 232
27 272
60 168
81 117
36 199
113 239
242 255
62 287
21 143
82 285
188 199
125 179
20 239
50 195
180 280
239 265
192 220
164 227
121 172
77 88
24 191
147 243
23 139
66 233
65 193
103 175
52 58
17 165
161 228
129 138
113 196
182 287
32 75
114 237
164 174
56 229
211 255
23 49
153 268
0 38
19 76
124 131
101 264
213 229
46 95
2 169
145 287
28 167
92 193
13 287
22 151
56 159
168 202
157 188
46 133
7 41
45 158
25 205
144 198
90 251
17 242
240 252
127 129
85 118
234 255
31 134
122 194
57 204
81 277
203 244
83 275
16 139
58 98
234 284
98 143
155 201
27 33
41 263
7 217
192 231
10 19
90 201
57 160
198 265
116 285
27 66
52 77
52 64
262 264
88 267
57 106
238 263
65 71
151 252
62 266
43 73
19 190
10 284
52 201
59 167
270 278
79 133
31 165
21 96
146 260
160 161
93 278
136 216
12 16
30 73
251 270
188 271
94 284
58 244
179 208
39 270
174 219
74 219
70 177
250 259
198 243
133 210
16 48
18 114
13 153
76 215
206 259
28 273
198 247
104 182
85 226
188 190
175 280
37 259
209 231
102 247
37 222
200 208
38 82
133 286
85 129
181 239
110 245
1 234
108 230
55 200
132 137
170 178
171 272
99 218
35 254
204 236
2 161
2 157
55 207
119 264
73 185
151 259
28 176
0 74
160 212
198 270
46 247
173 222
229 238
94 131
169 280
24 58
161 191
104 183
215 229
83 277
178 261
165 225
156 190
146 168
20 48
41 202
8 45
159 239
4 31
70 275
70 279
146 221
43 202
60 283
105 170
176 251
19 124
196 248
107 151
50 125
153 202
126 147
136 154
8 31
59 126
160 280
46 96
45 227
38 123
15 71
50 254
51 90
4 152
51 123
39 43
85 219
14 83
200 267
19 245
63 81
21 70
59 85
205 235
68 73
37 127
16 80
72 156
119 204
201 244
185 243
149 240
87 247
66 282
137 143
18 126
43 203
61 116
196 197
102 239
127 169
72 238
0 217
188 193
42 142
6 46
29 34
180 275
175 269
91 252
206 262
117 154
44 180
74 252
33 79
176 240
103 226
90 132
127 279
168 231
77 202
70 97
167 189
76 147
106 139
52 275
257 287
176 187
121 195
81 119
29 111
46 80
39 65
110 271
40 73
122 164
34 43
62 278
175 243
18 83
35 65
42 136
89 177
96 232
160 192
119 226
141 172
19 95
199 266
17 233
12 140
80 185
2 97
165 230
33 143
134 249
154 222
140 210
245 264
11 134
105 208
143 240
73 203
38 230
29 266
173 191
150 153
55 253
127 220
176 206
60 126
211 223
6 94
32 148
35 268
76 271
40 123
195 229
179 210
262 276
66 167
14 252
111 122
142 263
27 76
114 195
51 72
71 145
77 271
16 218
166 233
246 280
76 213
101 124
79 226
49 194
147 231
59 132
183 222
77 163
141 260
56 247
71 101
82 243
94 135
49 226
118 263
113 191
87 112
51 89
64 276
155 203
109 284
25 67
48 86
214 277
119 139
35 218
209 277
58 124
31 100
83 284
113 218
120 147
25 244
103 116
94 212
228 272
105 258
37 277
12 36
72 147
158 256
38 271
178 234
0 91
191 202
76 255
53 81
115 217
84 194
63 160
218 255
55 73
134 287
195 262
142 231
16 90
55 70
84 218
36 88
47 140
92 228
28 271
19 108
34 234
28 51
77 223
89 285
167 238
100 134
106 220
171 174
200 206
6 226
248 284
14 268
178 197
151 253
100 234
97 225
103 222
173 200
30 171
75 172
14 114
1 211
130 142
72 182
136 168
202 235
160 227
235 269
93 165
93 107
240 254
167 214
145 250
129 286
242 254
158 246
133 179
57 146
3 254
150 245
20 231
13 16
29 279
70 264
84 233
125 275
49 112
25 237
118 259
193 266
41 74
5 127
72 79
7 93
50 166
168 251
115 148
69 158
35 252
30 109
96 164
25 161
57 198
5 46
57 206
38 200
120 171
260 276
260 281
93 280
67 179
115 138
65 73
46 74
110 263
75 187
13 173
82 229
36 180
167 258
71 142
84 215
230 255
87 90
39 171
111 257
116 283
136 192
115 184
224 254
92 174
155 225
25 197
22 107
82 181
226 277
92 107
25 48
207 272
23 220
12 68
15 251
266 279
8 134
79 182
90 182
72 273
68 74
143 228
160 260
23 55
61 186
4 210
175 178
115 130
92 118
250 264
152 252
38 228
38 141
86 136
125 158
14 76
132 258
68 106
53 243
42 284
81 281
145 235
39 277
130 199
61 202
61 211
6 8
25 195
172 187
41 185
114 212
59 184
55 223
124 276
15 44
127 286
196 262
61 233
90 126
73 124
119 230
179 197
55 158
82 140
96 145
198 238
15 285
55 237
222 249
92 217
15 151
175 191
64 138
175 234
193 198
120 261
27 129
22 204
77 99
170 185
68 88
104 152
17 220
21 184
90 186
135 164
26 54
53 159
5 135
51 92
111 207
88 124
35 41
17 238
100 232
118 237
0 101
233 264
19 213
109 191
74 269
106 112
29 232
111 239
225 237
22 112
128 283
45 82
63 249
96 191
101 211
148 164
39 159
108 136
120 262
250 258
72 145
63 283
85 274
117 238
83 188
100 273
55 133
73 253
151 235
46 175
36 179
50 85
127 186
26 150
170 188
115 208
181 182
11 15
35 262
154 173
151 258
52 126
72 141
3 224
185 216
150 182
24 43
46 180
118 205
8 222
145 194
63 87
141 250
146 268
60 100
2 67
87 182
43 216
48 181
79 275
27 86
35 285
18 163
182 215
67 115
131 175
121 229
55 81
27 210
24 243
219 235
38 183
65 216
74 161
143 178
197 264
62 248
123 248
135 285
201 241
248 280
118 220
8 61
102 193
63 212
39 138
74 228
251 252
189 240
12 13
80 123
75 205
217 220
221 262
47 284
148 263
112 218
121 232
14 247
65 177
103 271
202 256
80 163
72 95
34 279
109 187
120 272
144 161
147 178
258 268
33 162
60 160
118 158
235 277
170 267
277 281
43 177
65 95
177 234
186 262
69 175
105 144
32 183
101 219
157 179
103 215
43 66
141 228
49 273
42 91
157 180
155 273
46 193
89 255
55 271
37 285
73 286
4 258
145 149
227 248
116 265
239 272
199 241
96 246
150 175
111 170
168 172
42 48
136 209
14 270
132 141
4 200
84 263
45 72
135 139
20 234
54 88
96 267
157 246
2 46
19 229
86 178
57 270
151 242
136 193
54 106
201 205
137 215
5 104
31 203
188 240
242 277
120 210
47 93
64 237
2 160
14 232
138 241
42 138
10 29
187 273
198 266
70 196
58 146
86 94
29 189
48 220
14 208
8 256
3 103
118 214
7 32
258 267
69 221
19 261
126 195
71 146
167 235
231 272
33 196
17 208
74 89
31 172
128 143
65 218
63 74
179 266
9 196
80 265
143 197
152 273
70 134
132 163
231 244
16 23
21 165
160 193
123 276
16 69
37 198
129 191
107 118
7 70
118 254
35 201
125 166
30 93
42 107
41 256
143 162
72 94
134 169
22 174
218 224
79 100
148 286
114 160
119 260
55 110
44 68
71 131
88 100
114 208
144 176
101 248
56 241
180 198
132 162
11 154
124 198
57 59
268 286
53 129
72 248
35 184
16 286
40 75
40 253
134 219
2 57
147 164
106 187
113 193
18 184
44 271
0 281
27 48
188 278
89 221
48 187
171 187
98 106
158 184
105 124
36 262
47 137
2 269
6 203
72 91
95 191
136 140
89 95
39 227
70 143
83 186
212 216
160 242
28 191
131 282
12 87
192 223
52 130
23 155
159 204
23 131
99 206
193 256
213 277
150 223
38 270
25 274
146 198
175 196
13 247
70 94
7 56
18 225
37 286
122 149
96 107
115 197
26 77
31 193
61 244
50 246
78 275
53 85
61 178
30 275
48 193
7 31
115 254
27 99
149 287
123 237
42 270
99 205
39 226
110 265
39 266
194 275
36 176
185 242
114 161
35 237
49 282
62 180
23 86
177 200
35 240
85 151
39 174
88 270
90 97
121 204
94 218
212 270
73 138
175 270
186 255
53 100
103 147
179 242
190 201
158 241
163 253
131 255
0 146
174 264
46 283
220 263
40 274
12 218
6 172
62 279
19 97
52 54
77 135
46 172
192 278
4 28
63 226
23 85
5 250
145 210
27 72
175 225
40 54
2 31
142 274
94 257
225 227
1 145
152 168
31 244
164 204
139 168
97 235
240 253
141 270
57 209
95 224
145 273
68 117
153 287
98 140
0 119
170 286
31 128
18 268
17 68
11 108
206 283
27 91
132 209
60 139
231 236
169 239
51 93
33 102
10 181
165 224
249 267
4 46
70 280
36 148
83 247
1 232
196 251
200 250
208 238
184 237
169 261
24 86
64 220
189 251
195 285
167 195
130 227
47 133
79 208
36 173
39 87
243 287
78 143
155 274
65 128
139 190
234 256
10 220
139 148
106 140
54 131
30 209
158 177
60 236
93 276
57 273
76 265
36 70
183 259
30 227
105 179
13 103
134 183
71 227
10 216
64 108
7 238
37 191
35 94
235 245
87 211
124 171
145 206
37 190
48 117
17 40
38 169
51 254
6 38
87 113
209 258
271 287
46 161
106 157
154 266
100 236
78 178
60 207
223 252
123 163
94 97
109 208
162 233
21 138
69 112
89 112
149 254
271 278
21 90
46 91
276 284
56 217
48 265
217 267
202 205
178 219
64 274
196 204
123 165
101 198
47 252
168 205
68 221
90 209
11 262
13 21
113 162
97 213
2 80
217 275
65 209
19 121
66 128
200 212
235 275
58 275
270 282
36 165
102 147
5 101
50 97
60 80
20 23
46 82
116 161
33 191
65 190
74 270
209 255
41 220
93 125
31 253
68 269
10 198
78 126
26 140
163 276
179 188
49 141
27 245
205 219
34 223
87 256
147 238
230 243
18 113
82 150
45 109
194 266
98 121
218 251
102 236
90 151
203 233
152 243
55 224
65 253
185 287
72 149
195 196
205 244
12 80
88 236
44 109
181 186
244 274
67 129
31 225
16 198
41 137
111 258
84 267
56 166
8 250
44 205
46 54
134 257
74 148
48 264
86 123
41 159
142 241
3 16
186 266
14 177
21 166
8 233
204 257
11 269
8 173
20 24
46 233
6 175
69 89
100 177
123 138
144 225
19 71
81 151
98 124
127 263
64 168
199 265
163 229
67 188
77 185
51 252
175 276
41 192
269 278
69 135
74 259
180 199
124 197
171 277
183 245
52 109
11 167
12 210
9 263
41 230
34 89
24 129
177 178
44 148
43 106
17 267
201 249
147 197
166 229
89 227
25 123
46 68
33 231
22 43
13 167
22 220
9 10
31 262
102 114
6 60
142 217
13 56
9 135
196 209
46 117
77 120
43 175
174 237
36 162
284 287
138 270
188 274
132 204
207 252
1 185
152 155
122 206
17 275
124 240
14 145
234 267
110 162
62 228
248 258
110 226
177 184
30 260
103 109
117 235
115 156
61 85
23 272
229 278
1 222
174 252
190 223
40 196
116 268
109 189
22 161
180 209
186 205
120 188
147 161
42 201
11 44
2 27
8 247
77 155
209 234
102 171
94 233
145 182
177 241
51 153
177 247
37 256
121 139
68 86
55 142
219 225
13 246
28 220
147 261
53 116
34 242
118 229
67 249
38 233
139 149
97 239
47 258
94 201
181 187
74 193
90 149
26 165
77 100
168 238
14 18
166 251
119 285
72 188
43 78
189 209
123 199
79 112
255 272
157 230
7 50
3 176
109 143
134 156
8 69
23 136
179 280
122 187
27 127
6 105
60 216
37 153
123 231
230 275
1 218
11 228
239 271
120 241
144 156
38 81
24 181
14 42
72 236
144 181
118 151
28 155
2 115
258 263
158 287
196 243
149 284
39 169
106 255
2 120
148 265
9 47
46 173
30 128
9 21
204 284
219 264
75 285
169 279
150 151
8 231
59 269
16 263
26 271
156 171
34 163
41 181
188 277
129 271
122 270
233 245
141 144
10 25
14 202
255 282
21 28
26 278
174 248
117 170
191 259
124 231
220 267
110 125
172 188
108 109
93 166
143 168
33 219
249 274
133 148
60 243
59 238
127 223
128 265
98 239
1 8
180 250
16 282
105 273
152 156
68 170
27 133
2 142
97 116
4 205
46 221
149 260
16 267
165 201
53 217
47 178
40 81
9 167
16 145
110 155
151 160
12 206
99 162
66 179
103 114
213 273
225 233
123 206
98 156
82 89
17 258
44 280
125 268
66 154
114 239
5 266
119 167
2 266
17 167
20 176
19 171
24 85
99 270
51 56
106 127
218 280
9 204
143 250
67 264
57 96
104 271
107 258
153 164
17 52
11 99
282 285
133 159
93 259
22 245
20 196
72 133
37 98
34 280
5 153
176 249
9 284
67 198
74 222
187 254
17 157
37 55
37 240
152 222
10 119
128 159
196 212
110 210
95 150
35 275
109 110
80 187
92 275
45 49
60 108
3 160
213 248
87 156
112 152
73 248
48 196
84 139
170 224
137 182
90 248
83 147
142 176
138 284
94 174
52 182
210 260
70 242
73 162
90 184
0 6
140 172
83 243
165 170
93 167
16 63
139 245
43 79
104 247
15 74
24 184
140 239
197 253
23 37
170 230
147 198
32 170
95 245
43 236
24 60
47 179
54 189
155 242
24 166
30 169
118 154
25 35
51 117
46 179
70 160
114 151
44 121
114 264
160 214
11 87
17 23
144 160
190 244
278 283
83 114
70 201
196 211
135 172
259 261
101 236
38 177
106 231
169 222
141 174
9 31
104 235
56 222
132 227
101 180
92 238
143 280
165 180
76 117
155 285
24 91
249 276
6 89
219 265
40 136
34 266
114 222
196 254
23 26
119 183
50 230
102 162
28 46
217 270
87 192
159 223
272 279
40 93
32 243
36 216
107 284
2 3
95 104
275 285
116 228
55 277
248 260
186 267
16 105
55 135
36 86
18 109
197 218
206 271
132 179
176 286
135 259
60 135
28 196
25 53
65 261
166 227
29 219
92 187
51 151
131 256
113 201
24 70
114 262
145 239
143 207
62 199
74 112
240 266
106 257
105 277
18 240
236 275
165 199
125 229
110 122
233 256
218 285
55 270
30 101
44 206
16 257
98 189
55 58
198 240
198 235
68 165
156 216
157 192
269 281
133 283
125 190
12 89
101 275
103 221
123 144
103 249
84 136
32 270
58 219
186 252
32 69
71 121
173 193
95 140
137 264
12 165
13 196
78 99
37 112
76 267
172 282
27 43
173 287
250 273
186 232
153 260
250 282
17 199
243 266
93 138
101 155
10 157
36 175
39 204
19 149
1 126
78 256
175 215
82 97
203 210
275 280
193 239
161 241
130 167
32 282
7 36
4 126
35 131
203 227
83 174
26 212
65 170
52 231
33 237
198 239
90 217
79 234
20 203
75 188
45 51
35 188
170 253
162 275
152 206
151 207
106 116
27 46
115 220
99 283
146 174
78 180
102 180
85 164
5 82
17 54
102 141
84 109
125 161
130 143
73 213
83 159
59 196
90 152
154 223
30 87
198 244
3 60
135 199
160 189
62 157
150 155
196 267
199 235
26 285
98 219
49 266
105 167
137 146
161 194
84 214
169 272
198 234
16 126
195 233
134 167
11 261
133 165
38 175
214 245
71 220
93 110
54 150
32 182
259 279
87 257
102 175
118 155
12 45
80 202
63 172
144 204
187 193
8 56
39 151
129 157
96 112
161 273
0 24
4 201
85 263
24 108
214 250
191 249
184 206
40 270
112 136
75 164
5 97
184 254
41 219
53 142
169 244
2 245
127 193
180 272
172 257
95 194
212 232
103 211
80 120
119 195
50 176
25 36
157 235
243 279
150 224
45 168
212 218
198 242
57 80
103 138
222 262
99 135
123 156
83 161
123 268
183 263
265 269
75 203
40 166
78 176
104 237
60 78
97 119
200 274
70 152
33 274
41 161
158 195
7 34
15 104
21 123
125 264
168 223
46 169
10 129
40 264
132 207
171 256
44 194
15 204
203 229
5 196
28 266
16 237
146 212
40 277
18 186
101 266
46 142
106 287
42 197
222 226
123 254
111 213
126 158
233 246
10 182
89 140
80 109
32 216
54 85
146 258
95 129
132 256
78 122
6 176
143 272
24 122
45 174
103 279
135 232
190 235
64 159
206 263
76 87
133 176
23 261
57 154
119 190
56 72
52 115
76 81
197 286
30 166
1 138
121 265
178 262
97 110
73 233
37 79
235 274
39 221
124 173
175 206
78 280
237 252
10 281
149 248
99 233
43 86
77 102
0 256
118 280
19 51
112 131
81 127
92 152
5 34
192 255
53 97
66 181
93 220
170 257
37 91
59 139
195 274
5 148
22 144
108 239
207 256
63 67
56 102
32 249
67 220
36 168
112 285
80 162
98 144
196 214
48 146
190 212
117 194
119 180
33 187
119 171
102 274
215 234
174 221
77 159
65 129
114 146
226 231
108 224
16 26
111 266
68 239
157 268
77 283
21 210
24 90
84 94
90 142
0 269
143 247
68 267
15 64
65 112
89 113
35 277
16 270
5 219
29 117
161 253
151 166
71 243
50 217
29 94
171 192
159 193
219 240
16 197
190 236
146 173
243 256
98 132
162 239
195 259
122 124
194 283
3 165
73 245
69 247
37 267
76 198
171 247
171 175
272 284
12 141
11 158
67 231
101 244
57 183
69 114
88 234
28 179
24 120
4 114
123 140
111 283
44 270
164 278
136 256
200 254
125 205
176 223
47 68
185 274
18 185
115 190
99 199
54 58
18 130
8 90
41 237
45 83
188 201
82 141
45 191
62 162
187 222
73 269
66 200
5 41
16 82
134 179
30 211
6 53
169 285
98 110
20 84
182 244
210 269
110 204
29 74
12 173
112 205
70 198
61 125
231 234
69 237
163 199
85 221
42 266
77 105
0 268
154 282
33 89
114 214
91 179
65 161
186 204
13 110
33 84
57 71
127 287
107 126
34 198
89 182
232 287
92 197
129 174
89 202
199 276
51 230
21 67
119 208
32 173
132 234
7 121
4 47
75 195
100 241
117 267
72 228
209 261
214 229
218 260
56 143
222 256
46 185
6 28
78 274
169 170
76 241
56 59
106 221
77 139
63 198
89 226
194 236
38 153
94 283
168 243
38 224
111 227
25 70
75 182
32 160
25 198
31 64
6 71
116 186
97 124
49 53
167 184
230 274
164 187
7 251
65 175
95 265
127 197
82 212
12 230
35 186
38 52
68 277
43 147
156 219
120 201
143 167
82 233
124 159
127 249
96 178
38 223
25 64
136 283
17 36
195 281
36 255
9 216
11 137
15 113
199 258
121 143
38 281
48 103
131 251
179 222
39 180
43 276
241 267
46 121
121 239
104 107
94 267
35 229
145 274
133 201
153 183
50 266
260 283
54 143
99 243
7 215
133 135
193 240
34 79
31 181
101 164
0 178
73 76
123 240
94 171
81 148
28 272
89 247
29 196
89 184
147 245
94 274
141 168
194 214
6 69
52 89
33 282
95 167
85 229
40 120
227 247
87 266
211 280
108 249
147 262
192 194
31 73
187 232
248 274
214 275
248 277
216 269
65 284
193 215
175 190
56 278
6 259
163 250
14 242
118 146
2 163
172 276
106 213
101 257
34 286
28 197
182 280
76 130
65 90
207 253
178 183
96 221
3 8
126 287
146 196
251 287
11 273
189 264
85 210
152 179
100 110
132 168
94 150
120 216
84 148
154 261
106 111
1 124
69 260
83 176
71 77
110 180
39 165
39 132
9 206
266 277
14 162
51 112
18 249
160 203
60 193
188 221
169 284
73 179
102 244
82 171
35 61
64 256
171 227
53 211
26 158
221 270
122 248
99 100
122 281
182 217
89 200
142 173
208 230
183 241
65 147
71 127
112 244
16 187
103 241
82 112
212 221
9 37
17 202
211 284
194 225
6 18
100 262
13 115
181 185
214 253
36 242
153 201
152 272
20 40
119 218
14 225
113 245
50 244
220 221
38 56
57 70
203 224
90 238
116 245
38 198
141 282
147 235
62 138
237 258
53 222
256 262
10 132
129 186
86 279
108 130
61 120
48 150
219 281
6 33
67 94
13 208
16 153
126 194
25 155
16 55
7 87
226 233
118 129
64 175
208 239
23 96
34 91
76 239
148 268
263 285
44 116
55 233
48 65
76 176
219 270
135 137
146 232
213 254
11 162
96 154
95 232
133 271
164 275
22 203
230 254
2 263
156 187
23 38
25 281
72 194
119 244
21 27
99 269
143 215
237 263
185 226
135 277
73 108
23 60
77 174
99 137
163 233
57 202
64 122
141 185
229 269
100 107
206 245
63 125
42 258
48 270
118 198
123 160
60 228
91 108
251 277
96 243
80 226
49 183
39 229
190 214
4 51
27 89
199 271
21 140
2 287
96 273
105 224
92 281
190 278
125 286
178 179
31 114
193 209
142 159
12 48
160 177
53 168
71 259
102 177
20 163
40 111
154 239
22 116
126 149
70 194
216 260
10 134
147 258
175 258
75 245
50 84
74 156
246 281
142 259
49 189
39 269
62 150
92 269
101 136
4 268
163 232
130 156
0 75
129 231
162 167
79 248
15 215
15 284
43 264
5 112
9 182
210 249
98 150
184 196
225 259
12 118
203 232
113 120
57 230
142 240
52 196
55 187
35 227
1 40
28 65
161 275
60 179
50 67
49 68
117 141
88 204
24 131
98 240
110 202
99 227
34 158
28 102
255 261
104 268
272 282
26 195
127 138
220 275
120 283
31 201
88 212
89 197
91 238
39 254
280 283
87 92
8 226
104 187
97 133
157 199
65 152
39 45
29 90
186 249
107 208
90 174
41 124
21 57
125 271
178 218
171 252
79 217
64 233
97 214
121 194
35 80
77 282
171 260
8 87
26 72
156 183
38 74
71 174
34 245
109 239
62 127
54 266
52 133
31 191
48 134
28 84
176 179
66 219
97 284
105 107
17 176
65 98
27 155
84 162
24 245
134 147
87 193
40 225
76 97
132 266
157 194
89 149
123 256
135 245
84 149
152 181
200 227
14 281
0 100
120 151
153 155
65 283
92 140
148 220
58 264
58 85
43 168
64 199
267 272
78 221
91 103
228 244
73 128
34 249
37 211
44 92
83 134
99 159
4 35
2 132
73 221
159 176
116 271
90 278
89 164
56 95
49 108
70 167
109 145
42 279
195 245
17 18
107 245
111 230
231 238
220 236
132 232
31 133
122 279
52 71
38 104
121 213
76 103
175 197
113 168
157 281
2 224
56 83
80 145
162 245
43 190
41 201
118 122
58 173
140 268
161 260
76 121
123 171
119 266
8 143
100 188
1 219
18 30
25 276
11 39
16 120
32 71
11 109
256 267
215 253
98 141
98 218
5 37
47 204
55 286
131 245
49 256
113 150
82 137
139 205
230 253
263 274
67 68
102 271
5 59
59 152
99 110
237 282
39 175
68 232
96 255
90 172
33 232
170 174
36 96
14 284
253 255
0 47
76 256
24 99
162 221
106 274
47 235
204 262
11 76
17 161
90 167
235 250
133 158
63 233
161 220
98 260
51 277
117 168
191 265
58 160
34 236
160 269
2 261
40 170
8 263
118 275
186 277
210 261
111 140
229 287
67 142
95 217
22 75
131 259
219 275
78 80
128 270
22 267
135 180
142 164
184 268
45 108
16 47
175 185
82 246
252 277
23 207
18 219
71 168
108 210
85 193
184 272
155 238
14 74
90 249
46 105
156 272
51 142
89 132
65 99
58 250
0 104
0 59
235 237
7 152
43 233
83 93
138 181
136 186
35 154
182 245
4 34
41 222
106 130
107 235
159 251
63 284
6 127
6 156
157 245
67 209
35 204
0 46
7 222
52 63
174 208
52 158
2 134
55 274
37 192
48 238
159 234
194 287
166 269
39 264
208 236
88 254
30 167
80 167
101 141
166 167
87 172
26 246
84 256
102 286
199 201
37 71
123 278
119 287
138 258
59 94
41 284
119 186
25 275
33 241
11 165
176 285
140 218
65 287
5 178
85 257
41 235
139 152
7 268
156 214
150 287
113 186
245 251
25 189
171 177
54 242
20 260
32 93
153 262
67 203
8 235
50 175
105 265
63 91
93 268
217 221
142 183
117 131
84 85
66 82
11 83
18 203
201 229
42 117
126 176
16 113
49 103
50 144
181 204
199 272
180 193
29 112
33 202
147 253
109 194
86 266
114 171
6 283
38 238
16 116
101 259
63 280
133 257
38 92
109 213
64 83
215 258
55 262
82 224
156 282
34 49
192 267
209 217
74 87
25 100
65 275
58 83
49 181
6 111
105 156
139 244
256 258
90 207
95 206
132 254
93 235
63 139
95 263
49 146
63 201
36 140
219 247
30 229
186 279
244 279
45 201
55 104
195 197
69 153
147 170
141 246
2 226
12 252
101 161
147 199
68 101
49 197
79 161
66 234
129 267
23 263
141 148
12 130
53 262
228 277
5 255
24 72
115 264
50 154
4 259
194 249
228 286
111 242
196 258
24 28
110 193
189 280
168 206
236 253
88 262
28 169
226 227
177 209
144 145
233 262
120 195
44 267
283 287
20 134
32 208
121 247
232 237
136 220
110 256
44 286
94 165
146 254
31 33
124 137
5 63
229 236
145 189
146 251
158 218
189 228
27 31
29 188
35 258
231 266
20 195
192 199
149 201
10 94
111 265
50 71
9 170
94 148
171 198
79 155
94 228
104 110
141 222
128 245
246 253
12 166
90 213
79 280
117 225
154 200
116 134
14 174
55 210
27 82
3 269
92 175
34 68
151 274
145 265
130 165
35 279
78 255
71 232
165 177
41 197
47 210
163 227
82 87
102 159
117 144
78 227
22 57
240 265
31 263
119 128
191 241
191 255
7 287
208 254
4 236
117 180
4 221
98 244
32 64
34 174
159 177
131 149
110 112
78 287
172 278
193 265
83 226
112 142
153 271
217 235
171 283
141 278
32 144
63 250
195 204
221 263
103 284
30 256
75 216
39 194
117 265
1 19
233 274
16 110
107 262
53 181
49 174
18 263
43 194
66 264
60 165
16 44
17 148
44 195
22 168
239 283
54 218
71 114
125 197
84 207
60 182
100 156
43 60
18 71
62 275
49 125
132 260
109 157
85 247
74 285
140 247
107 201
8 205
1 146
48 157
34 171
64 176
138 277
86 128
37 204
119 197
16 214
72 114
144 271
79 165
118 134
93 205
9 12
61 64
273 280
50 157
177 212
99 210
31 234
215 242
74 225
36 76
26 219
196 272
32 265
39 241
146 178
14 38
195 264
72 166
39 223
56 196
78 152
118 184
189 229
231 265
2 71
234 271
62 74
82 147
10 159
138 233
62 159
47 253
78 283
86 228
226 264
33 127
157 243
12 209
9 144
27 143
153 213
141 198
210 238
121 123
32 275
57 275
202 210
212 282
89 234
74 281
67 277
91 214
125 204
118 199
45 224
92 264
188 239
72 104
104 242
61 210
196 229
53 89
102 190
51 270
136 174
59 133
50 138
123 274
88 121
77 85
73 169
90 229
120 158
66 228
221 276
58 268
137 255
154 230
27 122
40 128
93 162
101 142
50 262
164 245
146 170
125 211
44 237
84 206
95 282
79 101
74 218
210 255
127 278
180 262
32 215
142 257
60 255
102 240
81 285
50 181
47 110
8 19
1 79
148 267
192 233
40 94
69 70
79 209
95 130
117 164
249 270
84 180
204 255
143 198
6 285
247 257
15 174
50 98
35 261
19 84
253 286
123 152
120 255
187 212
172 275
210 279
35 182
79 136
134 182
187 188
184 221
199 254
126 183
126 238
215 249
61 72
83 85
19 158
179 230
58 68
45 209
110 223
13 51
200 265
105 259
67 111
64 217
28 52
186 215
111 209
168 275
139 276
227 243
50 139
112 201
91 164
150 197
13 162
139 150
49 117
18 74
172 240
101 239
122 198
192 259
81 183
168 267
230 242
47 90
180 212
221 261
92 173
1 70
76 187
38 113
79 214
145 219
166 232
110 176
14 229
135 141
74 247
43 62
193 223
263 265
175 253
27 102
18 188
178 236
81 99
53 160
86 247
61 175
84 202
235 249
183 247
132 278
176 261
86 229
40 63
70 166
38 170
73 83
48 179
80 140
64 145
154 212
105 245
132 257
67 256
143 175
95 166
72 134
11 94
26 97
230 264
160 173
10 253
105 222
6 103
236 238
21 110
194 206
130 144
6 35
193 260
141 211
132 253
72 92
187 233
24 80
63 260
70 153
103 210
213 250
48 143
34 197
33 240
209 218
42 229
5 283
7 85
163 168
192 227
65 80
9 248
89 100
152 166
7 141
213 220
19 219
127 176
68 248
220 282
21 40
3 239
87 173
101 133
115 168
113 217
269 286
158 279
56 180
137 151
95 103
195 272
62 253
2 207
125 176
183 203
108 156
37 218
16 191
118 131
53 253
69 227
240 275
134 235
274 286
112 277
62 155
78 284
89 169
165 242
36 38
160 196
125 188
212 239
2 129
100 244
50 69
139 227
191 198
53 75
78 166
135 272
15 159
56 105
86 238
26 47
140 273
31 62
72 172
48 120
17 177
31 122
68 77
100 105
69 166
189 201
79 122
92 216
81 223
95 121
141 256
228 271
7 271
11 249
103 178
39 238
142 260
65 217
29 178
48 152
50 99
58 201
176 226
36 66
59 216
53 180
198 246
172 280
10 208
44 85
39 158
164 247
60 233
0 209
183 231
90 127
33 235
38 279
131 265
138 247
112 243
208 226
4 25
149 192
8 50
15 166
136 222
103 207
92 99
110 237
74 172
166 279
143 158
159 163
245 269
42 113
80 241
157 272
172 270
150 282
139 200
39 281
117 232
157 210
224 271
98 170
9 264
172 271
18 266
84 132
104 123
65 77
146 225
2 37
46 228
86 235
228 230
15 80
14 44
229 250
79 134
208 259
76 116
4 156
117 121
184 287
127 282
225 251
50 191
76 139
16 53
8 217
165 238
94 192
67 140
65 125
97 105
74 231
25 62
4 181
32 141
52 183
29 129
64 240
141 234
219 249
10 172
72 74
132 223
4 111
16 221
134 196
21 273
21 185
227 262
76 237
42 110
163 256
58 170
34 195
126 186
36 158
104 125
93 275
245 278
127 238
98 200
53 161
57 87
101 209
5 246
95 247
6 125
247 280
12 91
14 159
4 165
234 279
7 58
53 251
16 143
86 146
13 39
167 181
3 163
135 197
85 147
59 79
6 183
82 240
45 268
32 101
5 211
59 156
120 211
132 182
50 274
161 187
51 125
54 263
14 286
148 166
8 62
79 175
21 233
4 8
24 102
12 94
6 164
204 264
19 195
4 69
108 209
90 211
137 145
32 92
35 241
84 242
180 274
48 72
151 163
241 271
14 63
110 146
116 151
34 208
122 126
31 254
73 146
92 121
156 161
97 229
123 158
35 60
145 193
16 247
92 97
113 129
93 215
11 281
77 83
69 215
59 169
163 274
172 285
50 91
83 125
63 225
78 181
244 266
130 220
40 68
89 281
76 185
116 206
139 195
170 221
177 265
25 174
52 111
123 215
202 282
159 208
167 263
47 279
73 225
59 144
31 39
22 188
27 67
22 214
59 115
133 224
168 188
121 225
93 183
132 196
164 172
186 250
37 187
82 142
89 225
118 119
57 285
105 221
152 223
43 189
87 88
136 246
198 267
212 255
201 239
143 161
121 241
5 263
39 182
93 134
78 213
97 192
50 146
77 131
22 88
29 131
60 124
103 155
32 158
97 148
46 135
151 178
104 139
27 279
100 133
123 131
242 263
236 244
11 86
33 234
161 212
95 124
37 170
21 29
4 171
125 254
174 266
113 130
67 108
103 135
178 285
149 191
30 117
55 154
23 213
164 229
56 249
25 127
239 248
47 52
134 208
37 117
55 91
15 195
230 262
49 188
198 223
17 63
191 262
15 60
122 275
137 149
212 213
134 162
206 239
16 76
113 152
115 149
122 271
6 74
133 169
200 275
34 230
32 176
116 241
10 260
16 202
73 230
32 171
22 117
87 106
71 248
97 104
5 270
121 230
38 97
9 234
19 235
86 207
22 39
28 127
17 191
37 72
12 21
146 205
217 268
140 164
155 272
204 228
36 235
190 284
102 136
54 165
26 249
14 130
51 76
94 245
209 286
28 168
9 96
89 104
197 284
69 116
63 161
16 45
168 169
93 261
114 249
172 213
151 186
91 213
50 257
18 61
159 185
39 183
81 95
28 56
159 238
104 130
204 253
109 176
179 216
170 266
38 101
169 267
141 182
252 256
17 164
108 237
40 244
177 273
128 153
87 235
196 256
181 257
193 268
84 287
155 200
151 257
217 226
29 158
244 245
21 199
173 185
4 39
15 70
41 139
35 178
101 189
175 223
85 220
10 213
40 46
67 144
91 188
48 204
161 207
78 200
54 185
57 167
70 265
180 195
53 220
134 142
20 132
44 56
58 205
140 262
20 160
87 151
88 125
265 284
149 237
1 118
129 210
126 258
137 262
160 234
117 283
170 209
43 124
31 279
64 257
174 222
202 223
88 149
148 205
135 176
91 167
177 193
105 172
41 285
156 250
88 95
172 256
86 153
165 256
71 252
62 139
114 282
27 117
8 122
110 216
162 246
103 239
191 276
47 97
114 232
15 144
118 209
176 201
34 156
1 3
168 203
58 117
26 50
219 224
12 257
141 230
27 242
110 284
102 169
137 195
177 283
35 98
15 25
110 208
74 90
36 117
119 269
57 137
50 52
155 164
191 264
169 187
279 285
103 119
60 161
75 100
60 210
17 98
77 152
135 279
27 59
27 268
196 220
54 87
36 74
75 262
208 253
37 154
178 283
85 272
156 264
35 136
61 87
20 275
257 271
214 276
141 269
132 243
30 107
127 251
100 285
199 222
39 56
178 207
35 209
239 270
95 264
171 274
149 224
33 279
122 226
187 219
54 280
134 262
5 107
68 113
23 145
7 45
34 178
74 133
107 220
116 195
0 226
123 125
128 188
244 268
6 163
68 247
82 122
95 228
22 256
131 264
20 35
238 274
56 138
11 164
78 277
84 257
168 240
111 203
28 79
10 102
188 206
15 269
67 158
91 146
20 79
45 63
40 131
67 178
20 156
24 76
77 150
159 237
146 253
54 244
233 266
74 283
97 220
79 167
33 286
61 97
172 241
24 140
52 197
61 271
130 248
118 172
4 12
158 219
75 271
234 244
80 121
2 64
184 279
221 255
14 88
144 162
212 233
125 242
179 183
84 178
86 184
63 71
98 162
127 168
203 228
95 241
23 209
32 80
270 287
4 256
26 202
115 120
66 182
8 210
64 98
62 210
104 190
146 218
57 227
64 154
252 254
110 270
228 243
87 274
85 191
7 170
108 148
70 238
63 236
124 219
104 274
209 220
31 113
118 281
100 119
129 248
64 67
163 243
66 114
154 235
51 134
85 142
7 245
203 256
12 271
137 161
246 259
23 165
44 163
30 36
119 207
144 171
96 144
123 143
135 216
84 164
150 173
189 273
138 245
128 150
39 57
5 43
173 243
161 270
6 240
93 156
46 190
62 249
70 214
16 228
30 194
73 82
27 83
85 178
48 66
96 160
28 285
21 88
96 146
148 266
50 194
39 170
100 149
43 99
58 141
95 212
11 26
59 202
101 146
14 55
209 271
24 176
111 273
37 151
11 63
53 56
117 158
161 285
36 220
89 246
22 229
7 102
56 81
125 276
26 33
69 256
101 247
271 274
208 267
14 36
26 109
243 247
50 180
93 105
235 268
57 213
141 161
210 284
0 32
57 281
109 202
221 225
164 256
65 144
1 91
47 55
124 255
10 124
108 193
177 263
42 150
76 127
93 221
105 108
116 246
28 78
122 168
259 282
101 131
15 95
134 211
154 219
54 239
171 243
156 217
67 262
3 55
90 150
52 177
102 210
28 283
34 75
20 197
2 127
16 87
166 228
85 98
205 277
58 152
124 132
37 230
139 252
152 209
35 42
68 164
3 129
114 130
5 249
229 243
180 233
96 180
17 237
194 254
110 120
87 203
6 82
69 262
36 139
193 236
180 248
113 235
35 121
223 229
161 169
168 270
99 277
29 210
176 224
238 279
50 237
249 284
44 200
19 234
101 265
152 266
178 196
202 261
2 113
25 204
141 155
197 257
87 93
76 193
3 13
36 47
32 213
5 198
201 225
132 235
123 147
9 140
158 249
139 271
2 45
3 87
70 72
42 63
45 276
21 268
146 259
6 58
136 163
98 257
150 219
59 102
27 54
10 155
142 230
46 125
93 121
217 257
153 283
112 148
38 244
109 221
141 165
160 275
19 62
93 195
108 125
36 241
27 73
225 229
53 60
114 271
244 277
63 204
34 129
49 70
65 127
13 198
24 278
6 170
37 221
244 276
73 136
88 156
103 235
203 212
29 133
171 182
101 156
245 270
111 121
178 249
177 250
51 84
17 28
109 114
88 203
180 242
99 192
137 248
104 148
216 219
20 177
122 266
116 173
121 281
46 99
31 164
20 232
20 85
138 188
121 168
92 236
113 266
30 158
175 241
227 256
49 79
131 246
147 241
101 130
25 178
12 22
22 80
77 114
214 287
167 208
124 181
75 212
177 221
28 247
100 142
88 206
256 264
200 279
66 253
80 247
62 177
134 228
19 237
18 285
181 264
15 98
223 240
52 144
110 268
91 227
196 242
19 116
1 60
167 196
111 233
102 123
34 157
191 204
16 38
149 220
237 242
102 200
266 274
15 59
19 204
32 143
44 287
200 247
52 129
40 43
44 266
144 249
102 140
138 229
87 250
60 249
83 150
40 50
2 248
198 261
70 138
34 88
201 256
144 179
33 88
70 146
178 233
144 197
23 248
67 143
39 42
76 260
87 195
4 238
217 256
79 286
26 267
118 208
69 106
60 203
60 258
73 247
47 185
9 23
138 210
74 122
96 129
63 70
142 226
149 235
83 262
68 161
241 245
23 118
73 118
189 268
11 20
47 95
117 196
87 99
238 261
47 69
103 181
111 119
72 109
137 253
17 75
110 195
7 190
213 237
156 163
85 187
64 205
192 217
145 150
137 281
200 281
57 216
87 133
131 196
40 234
50 51
92 219
171 257
87 205
128 217
2 201
215 228
232 236
3 157
187 285
121 155
27 34
257 260
49 85
73 80
56 198
126 190
74 276
56 163
33 173
159 180
7 131
111 237
25 235
98 164
42 95
68 99
125 130
186 224
43 98
116 154
186 257
190 200
22 268
15 110
3 273
15 211
53 213
177 201
89 147
9 261
29 258
9 152
107 250
64 132
239 259
35 119
273 285
189 287
54 268
17 151
137 217
94 132
19 61
207 254
11 125
93 185
179 286
84 238
79 171
72 132
104 171
73 177
1 63
132 153
8 156
163 203
15 212
97 259
265 272
167 229
83 107
69 195
18 20
14 261
242 276
28 57
78 157
190 234
174 238
69 259
158 238
5 51
178 194
150 280
117 146
143 235
133 137
186 235
82 287
67 141
31 160
83 251
195 207
109 241
34 114
111 143
150 263
211 237
126 208
53 272
32 191
149 242
78 160
25 263
118 248
123 257
160 247
148 204
21 223
4 248
66 217
2 28
103 258
9 188
114 279
6 284
88 182
154 279
137 158
28 107
56 233
110 266
22 246
139 186
20 32
148 201
57 85
151 162
223 256
26 148
100 102
47 173
4 214
8 155
54 220
209 240
19 215
85 152
100 146
29 153
13 171
115 205
154 179
54 56
36 270
143 269
45 166
170 271
178 248
76 212
249 282
7 194
104 170
93 216
195 219
85 115
24 35
161 244
217 227
134 202
108 110
45 73
55 114
112 184
227 277
198 272
101 223
7 178
169 194
101 231
45 241
161 202
20 237
166 248
22 29
84 129
236 261
26 179
55 155
204 259
213 247
83 153
179 186
215 273
47 212
201 283
93 209
64 173
37 201
40 148
47 174
172 192
97 191
246 249
116 248
77 178
36 154
188 196
60 237
63 98
185 224
63 237
83 236
47 119
75 260
92 286
248 279
84 111
1 286
34 53
229 263
24 269
9 113
85 185
172 198
16 193
211 233
40 121
129 268
24 83
75 84
16 265
36 51
65 106
186 225
276 282
152 265
100 275
44 45
1 170
125 171
96 174
89 118
71 159
105 127
160 255
18 273
20 27
42 174
15 233
34 108
85 96
96 241
5 213
111 169
119 179
212 246
96 228
147 174
131 242
117 266
190 280
16 184
32 118
16 29
219 246
73 109
36 59
160 209
53 71
29 274
108 189
109 129
38 106
90 121
246 285
125 230
97 130
86 246
129 150
44 174
236 240
69 199
184 249
237 266
74 101
73 132
106 204
198 260
48 104
85 87
10 270
6 221
161 209
105 140
93 253
122 145
274 283
98 174
179 272
111 225
25 259
9 39
93 240
120 251
57 180
10 101
134 279
117 285
54 93
42 79
2 53
35 123
75 243
188 262
216 251
152 164
52 153
69 188
126 236
127 272
196 221
131 225
79 98
129 264
65 243
27 257
11 43
36 81
216 228
60 82
150 210
170 283
92 201
61 267
33 109
158 276
27 192
213 234
39 112
74 105
80 208
200 207
130 216
37 102
206 277
128 209
127 141
24 266
83 204
93 141
186 199
18 207
125 149
49 249
66 112
159 228
52 67
45 229
111 279
56 231
147 228
15 194
15 125
119 181
106 126
122 193
205 220
19 27
82 245
51 203
109 249
55 145
126 181
90 183
4 177
134 170
158 188
19 179
20 99
174 282
130 173
17 195
64 161
101 214
87 238
150 220
227 249
73 255
26 200
15 17
23 271
57 58
87 147
10 74
12 67
86 227
85 133
57 231
142 145
147 210
116 262
100 257
5 268
158 272
19 247
133 236
179 259
88 153
254 269
134 135
239 263
142 284
207 231
21 146
143 171
18 37
104 168
128 236
87 153
106 229
175 256
101 154
114 133
11 136
108 219
110 137
12 195
52 198
22 176
7 231
47 273
187 245
33 258
120 200
86 174
8 232
103 125
27 115
145 203
72 257
97 147
89 193
130 164
139 280
24 240
213 285
52 75
110 132
72 251
29 84
33 138
60 104
34 96
86 144
94 276
158 210
49 227
22 90
120 217
79 216
220 276
29 276
59 215
109 168
227 284
63 192
199 234
12 56
27 183
103 214
89 126
25 102
36 174
217 251
58 111
21 116
114 225
126 275
93 213
28 110
84 226
35 249
19 184
79 221
189 210
7 51
100 192
205 221
146 272
24 33
5 53
125 251
29 247
73 152
26 197
252 279
273 278
174 193
108 267
127 139
109 231
132 157
61 192
13 63
107 186
99 259
24 139
218 274
169 193
80 225
176 282
21 42
47 70
22 97
213 215
215 233
123 285
238 252
131 136
0 202
236 282
160 279
15 202
96 151
52 151
202 228
79 168
135 193
160 266
75 184
98 105
104 265
139 220
172 193
218 268
71 263
128 216
45 69
69 180
79 247
11 101
39 172
83 267
71 191
108 181
181 235
108 187
46 222
74 163
181 214
66 91
42 56
3 158
261 270
67 246
99 216
46 258
97 163
228 262
17 72
156 210
100 239
75 118
12 120
25 191
146 182
38 58
2 268
63 176
146 175
153 267
171 281
183 225
189 208
41 277
241 259
232 241
53 163
63 257
124 252
156 286
69 95
49 142
214 223
22 164
118 227
65 244
116 180
78 240
1 17
125 181
0 81
143 233
191 256
71 258
73 92
38 149
12 183
22 114
41 116
222 223
50 105
146 148
44 210
139 144
83 229
167 230
21 267
49 182
23 51
106 123
181 271
74 107
4 247
41 227
177 270
54 113
102 130
211 256
57 88
118 177
33 139
46 85
88 157
140 255
160 169
87 111
93 151
266 269
252 255
133 167
28 41
125 202
32 207
141 202
16 201
7 122
132 225
211 257
76 258
197 239
20 201
65 149
195 249
89 259
106 206
239 257
25 220
170 171
218 223
13 262
8 230
156 283
48 155
183 202
20 33
30 78
8 266
149 243
122 125
205 259
51 172
226 245
25 269
26 84
66 238
90 144
82 257
53 256
27 75
71 136
47 109
98 188
15 216
14 115
223 278
1 263
122 227
32 181
117 139
53 162
0 285
82 196
14 234
53 232
110 254
176 213
176 228
122 189
6 61
213 262
81 228
117 184
91 263
201 277
20 22
130 221
3 144
61 69
42 173
220 240
243 252
104 236
87 277
28 212
51 156
124 135
255 268
1 247
6 267
131 207
94 207
184 261
100 197
15 273
236 268
135 271
112 168
65 104
9 252
188 242
97 114
138 265
109 172
32 203
52 235
119 203
60 272
143 279
128 135
141 279
217 274
45 277
16 57
60 125
203 259
133 162
208 235
90 252
4 188
129 284
5 204
12 82
183 224
157 280
35 167
73 226
113 222
154 172
122 217
0 276
117 179
55 191
152 282
52 236
31 235
5 154
18 44
232 263
161 248
157 249
127 198
104 140
43 46
32 206
168 192
130 275
2 273
100 217
19 241
61 109
35 185
177 181
34 211
15 45
33 271
223 258
141 160
54 139
57 83
129 170
32 205
203 266
98 185
29 173
121 277
201 255
226 241
14 133
97 260
88 146
79 110
129 172
94 285
31 145
6 151
0 153
78 195
91 255
128 274
227 265
3 220
70 227
25 243
35 141
196 257
126 234
240 269
241 272
40 199
102 129
46 246
136 233
222 281
174 224
145 212
118 232
26 101
43 134
149 193
173 285
1 5
79 131
137 250
216 232
18 124
16 98
86 211
38 167
173 246
86 216
79 246
159 215
115 187
117 219
222 230
112 132
51 263
82 153
147 208
42 196
5 75
115 146
125 214
77 254
76 287
190 206
21 204
161 174
247 281
22 81
136 278
138 254
88 139
30 164
15 250
32 163
55 139
84 261
3 131
6 248
203 268
165 237
196 250
153 156
9 52
225 266
89 168
2 63
7 239
65 97
21 51
143 231
38 266
16 217
49 67
47 249
8 131
13 264
19 102
188 260
92 133
217 248
257 258
36 123
135 175
155 215
188 204
15 172
105 109
84 107
35 251
1 11
51 190
167 244
154 201
66 125
156 212
90 196
36 259
76 171
192 204
108 141
18 150
237 270
35 148
22 156
152 284
22 102
151 264
138 175
65 124
19 140
0 232
277 285
98 154
135 173
27 157
4 219
54 176
170 184
27 100
24 223
100 139
6 180
11 53
25 188
109 116
106 272
13 53
103 223
35 287
102 279
56 265
139 273
48 279
29 46
41 65
217 276
135 270
119 240
185 281
86 137
5 39
87 283
42 55
117 264
275 284
39 157
142 248
85 197
13 79
2 272
62 219
73 246
57 151
195 238
174 240
3 203
20 212
24 157
147 181
17 244
107 135
162 236
142 171
143 213
40 279
127 136
81 203
26 133
184 229
3 281
237 285
16 132
46 76
148 252
96 102
199 226
123 170
132 255
49 133
96 251
62 85
121 254
50 211
42 247
140 150
136 164
120 123
17 70
174 254
7 115
199 224
80 113
164 235
167 283
6 266
37 199
121 140
157 232
176 209
123 179
39 161
47 208
33 175
7 109
138 287
250 279
43 109
199 233
33 256
111 204
206 254
18 154
104 156
222 232
3 200
58 87
169 277
29 205
170 213
166 252
86 147
226 285
5 78
68 273
111 248
66 262
202 232
135 282
132 150
27 193
115 162
38 115
255 269
93 274
110 281
39 192
43 181
203 221
175 200
89 287
121 180
26 194
107 285
22 158
58 103
102 256
2 230
33 82
53 113
172 247
31 72
13 161
5 205
112 151
134 224
77 154
62 227
57 144
141 277
218 270
15 221
44 242
200 270
18 181
88 91
11 104
216 265
10 238
16 78
101 260
26 257
79 162
161 204
45 133
72 226
22 213
126 174
25 279
4 17
25 30
96 286
225 241
238 275
35 37
26 233
119 184
113 154
25 165
90 240
101 229
85 128
54 190
135 241
113 148
133 188
15 256
55 213
200 283
99 208
152 196
57 152
68 143
53 189
37 89
128 282
101 108
10 153
49 195
45 183
46 122
1 182
46 181
15 173
179 228
98 113
20 284
167 213
12 59
114 183
28 30
74 102
6 178
89 117
23 161
74 165
161 268
235 273
184 253
167 269
28 139
211 243
70 231
70 74
101 200
43 284
78 258
161 269
158 183
43 144
174 217
186 253
86 100
200 271
28 106
1 37
5 220
14 168
139 171
158 216
79 153
127 160
109 188
9 130
49 233
23 232
86 250
71 275
147 239
34 69
64 230
91 204
22 253
3 86
137 236
128 201
100 158
250 268
248 270
166 258
23 69
58 161
132 214
37 126
21 256
100 150
63 262
58 80
116 244
115 122
196 286
208 262
73 81
110 133
61 268
147 176
129 197
149 266
107 211
11 142
140 217
82 255
162 260
70 191
17 200
134 260
192 269
136 207
57 111
50 101
124 282
8 132
75 256
41 180
6 75
264 278
20 101
151 175
106 236
84 119
100 243
98 186
101 177
99 108
70 232
92 103
49 161
92 237
7 255
149 173
143 216
92 246
55 209
44 211
58 194
47 184
272 285
149 265
58 273
49 111
23 53
110 203
51 276
102 189
13 19
104 173
74 179
114 135
122 246
88 209
188 189
123 130
51 279
138 163
22 78
1 175
4 186
137 209
163 267
183 198
161 186
12 27
52 117
181 234
100 106
45 142
28 226
124 239
11 120
249 269
27 171
72 103
29 163
14 158
154 169
7 240
132 259
57 108
8 261
75 239
35 283
32 283
61 173
187 231
181 207
134 139
10 271
121 251
172 269
34 179
5 247
76 82
8 287
80 204
154 228
54 118
32 250
10 184
86 88
181 193
94 223
12 181
66 111
37 44
58 110
9 11
226 247
252 271
34 62
217 225
30 235
43 87
137 170
260 282
14 240
112 194
20 74
149 223
119 250
165 286
161 279
30 278
68 242
1 150
88 224
133 227
48 159
79 230
76 142
41 259
270 275
49 139
157 197
54 277
49 176
16 101
100 205
48 234
62 167
168 253
169 229
118 125
152 191
77 272
47 244
105 282
26 126
108 152
8 49
104 284
47 230
133 198
2 176
81 101
111 118
70 260
16 31
106 115
146 256
33 178
38 93
51 200
123 182
100 270
260 287
281 284
60 275
63 278
88 271
164 184
166 243
48 81
41 153
60 263
29 39
17 203
140 162
70 76
115 232
161 222
196 199
20 30
4 231
3 215
50 243
108 192
40 42
72 282
63 256
202 264
2 153
32 279
204 276
241 242
95 182
111 184
60 137
4 157
223 265
146 281
26 261
213 244
213 226
14 124
60 116
154 233
222 286
95 107
84 204
195 286
210 276
56 76
42 238
217 284
13 273
130 242
75 246
151 256
168 211
137 280
102 258
77 115
236 267
113 170
35 68
0 134
180 238
98 248
29 120
122 208
126 233
184 231
166 202
78 264
176 276
157 190
32 267
66 232
220 273
100 280
55 244
223 224
47 88
71 152
247 284
36 92
73 88
67 151
141 215
42 83
6 23
124 227
15 181
100 245
34 257
54 89
28 228
41 212
36 112
150 202
93 218
51 237
94 179
44 151
93 139
131 151
134 160
187 189
50 76
136 151
19 107
11 138
51 282
187 207
44 142
13 187
46 154
8 51
36 188
203 230
89 163
102 142
196 279
113 187
141 169
22 225
42 253
14 156
152 263
190 218
141 229
175 220
65 102
112 158
122 153
43 255
142 281
74 239
160 245
130 209
15 49
46 55
80 107
139 140
70 254
78 121
118 234
199 210
208 284
197 212
88 154
34 270
24 52
97 112
37 162
77 221
89 238
212 279
251 258
221 234
55 89
194 226
187 196
57 121
1 15
224 260
49 168
187 201
3 285
191 222
34 170
187 204
96 171
112 245
187 239
177 195
213 281
139 184
5 267
66 156
138 253
25 227
5 74
16 79
101 202
168 179
38 155
154 262
31 213
82 106
191 194
208 282
45 178
121 191
109 242
71 260
74 96
67 132
197 229
143 224
21 133
215 216
89 250
123 245
94 108
59 129
75 225
2 44
143 277
61 131
134 286
91 118
70 179
178 276
10 116
165 283
161 280
165 178
17 150
203 219
26 82
20 152
73 174
11 144
157 236
39 61
155 259
26 183
112 171
15 234
106 266
38 157
104 120
91 190
72 142
39 140
180 228
84 211
183 212
72 82
39 55
102 255
96 119
49 120
11 62
1 104
122 147
84 143
35 89
68 227
27 38
67 205
226 259
0 145
112 167
41 80
185 192
39 51
38 209
161 188
239 268
4 273
10 33
231 255
55 282
13 31
9 177
5 105
54 174
124 222
19 178
104 273
117 259
181 246
135 217
91 267
14 112
19 150
59 232
34 261
258 282
59 252
65 79
24 218
30 175
224 250
85 278
194 213
48 96
105 207
170 236
76 278
23 196
130 271
17 256
16 141
58 225
21 265
62 189
11 31
157 264
60 248
83 166
108 188
55 203
13 43
97 205
117 287
179 192
56 193
280 282
150 222
4 118
3 234
54 86
32 48
192 232
29 216
215 287
39 71
102 217
174 251
271 276
30 183
153 199
135 244
15 168
9 223
138 222
38 263
80 239
45 153
27 249
209 222
41 104
4 110
137 168
6 47
149 286
8 162
63 252
16 169
46 101
45 251
75 214
63 102
38 187
81 169
98 243
47 166
12 160
172 266
64 270
71 123
103 170
35 192
88 183
172 272
148 253
6 201
253 287
94 157
243 253
36 57
59 182
20 130
43 143
2 238
1 24
90 257
107 141
63 227
130 263
79 102
170 284
144 182
39 222
191 251
0 92
59 142
59 195
39 69
135 152
26 229
56 205
11 247
135 227
19 24
99 252
24 65
98 120
173 196
69 205
76 207
108 265
28 128
96 201
50 124
102 208
156 259
22 154
253 264
124 149
59 205
22 191
5 99
275 278
177 260
104 145
139 262
139 283
6 118
0 54
48 92
37 66
25 179
143 275
31 90
56 115
72 155
111 212
51 120
38 225
50 64
204 208
36 266
110 141
38 138
194 233
118 235
86 124
40 115
98 122
36 286
149 181
44 274
48 164
19 161
183 265
42 94
126 231
60 143
68 280
70 80
101 178
53 110
71 140
72 157
139 277
90 230
57 120
58 132
174 220
87 114
27 80
66 124
36 80
127 199
116 280
59 229
8 268
143 273
49 239
148 235
70 261
32 96
0 196
172 208
26 231
170 268
235 243
83 242
135 220
21 238
27 146
3 230
248 276
134 155
40 272
55 273
197 269
101 185
110 201
59 255
135 284
156 199
102 186
76 276
69 113
96 223
217 240
153 250
87 200
22 242
151 199
7 76
108 114
76 179
54 127
18 89
43 271
42 278
146 190
53 126
32 108
30 241
66 240
167 279
77 187
50 117
151 193
69 146
39 243
55 103
11 58
78 136
138 155
177 235
190 248
112 219
59 177
2 82
24 123
120 227
190 191
172 277
46 56
162 204
42 223
13 140
69 264
70 154
59 88
220 239
173 177
169 192
20 21
59 96
16 24
29 36
160 287
106 162
272 273
138 139
87 251
135 195
62 141
27 109
211 273
6 257
72 115
286 287
107 145
39 144
99 106
156 208
51 178
54 152
146 247
131 139
80 219
69 240
61 235
178 221
64 262
173 281
41 236
19 286
47 264
24 67
159 195
93 247
104 261
53 238
86 107
16 115
73 127
5 222
137 286
117 175
25 210
23 123
124 200
206 244
7 59
5 115
91 207
192 235
28 162
91 261
11 60
17 182
7 21
80 110
55 117
43 140
64 178
23 245
46 137
0 174
85 112
14 110
206 267
38 180
0 29
31 70
26 99
37 276
14 144
1 41
92 132
199 205
105 206
160 265
151 168
37 178
38 245
137 246
93 238
130 174
221 257
269 277
21 35
48 82
68 166
142 189
40 167
161 185
181 202
165 187
58 259
5 183
223 281
234 278
43 241
146 238
129 250
60 145
5 50
126 270
48 68
24 228
51 58
51 52
91 182
90 192
192 195
55 228
128 225
130 251
142 250
33 52
67 104
192 257
213 242
190 230
223 250
86 200
86 169
51 171
124 168
91 163
29 217
104 270
31 99
243 248
114 229
226 266
99 115
225 242
125 240
38 236
179 285
97 227
82 286
25 196
40 220
114 257
75 224
107 137
1 96
0 277
20 230
66 209
103 199
77 285
40 258
254 256
238 257
52 233
113 278
105 199
107 131
274 282
51 54
11 187
46 61
35 256
90 165
117 261
91 275
23 100
224 247
50 87
105 287
209 257
148 225
104 158
63 211
64 70
172 177
154 276
245 285
76 205
258 277
102 152
40 192
61 238
53 141
197 237
195 220
61 253
58 116
67 199
191 217
11 230
251 272
112 283
98 249
32 112
140 257
49 203
55 125
161 239
157 164
137 154
108 191
84 269
3 69
180 182
157 176
75 233
99 145
55 159
42 185
48 126
71 141
68 123
70 211
83 156
118 196
221 253
76 178
71 282
41 119
21 228
215 282
83 257
117 118
222 240
36 163
40 141
38 275
29 225
131 157
156 276
202 215
98 127
67 181
154 253
39 101
16 86
85 238
32 54
128 264
220 234
26 121
163 191
177 268
145 240
137 227
93 219
11 232
18 231
13 214
51 221
6 34
195 213
62 90
21 104
56 280
128 161
108 270
15 21
55 236
194 212
40 145
192 202
69 117
97 179
96 115
177 211
23 103
155 241
8 60
112 204
76 105
19 53
57 255
217 286
147 250
135 167
215 244
75 162
47 167
116 182
24 244
197 206
17 215
70 181
72 271
85 132
69 249
249 275
98 149
24 42
216 284
120 226
215 241
8 244
19 70
14 21
84 265
254 283
23 258
49 98
134 239
47 141
6 149
99 155
80 186
180 184
163 251
169 287
180 231
174 218
179 271
220 245
9 229
13 252
106 158
80 115
63 164
115 209
45 272
106 203
22 94
39 137
81 152
235 286
124 208
24 128
40 236
88 205
105 152
189 213
75 126
6 90
58 109
145 270
9 151
223 242
37 43
17 20
64 252
166 246
17 226
69 77
62 104
4 215
44 177
190 265
100 108
155 282
156 196
195 203
141 252
183 189
175 224
204 248
174 211
28 241
20 69
51 262
2 174
95 250
50 205
141 237
77 248
40 85
14 117
216 243
44 48
10 38
18 257
23 201
8 178
12 227
155 167
44 63
282 287
124 284
74 113
157 206
284 286
214 221
77 109
54 135
14 71
180 210
4 261
141 238
173 270
85 196
21 108
27 132
85 102
27 49
108 236
106 128
78 161
187 250
73 236
61 91
27 248
223 239
57 222
61 118
136 196
74 83
47 94
101 228
204 217
96 236
95 157
74 210
83 170
146 224
102 111
192 201
154 252
82 152
48 89
78 242
197 260
132 285
261 276
68 187
131 169
259 276
62 232
54 207
155 219
200 277
21 227
59 68
99 220
163 279
14 116
11 287
85 173
26 284
19 119
29 224
157 271
129 178
135 252
81 218
72 78
154 177
28 237
3 287
2 24
147 166
28 217
10 72
20 238
110 253
228 258
183 270
2 96
134 276
66 70
7 94
128 287
13 280
84 285
38 181
72 158
27 287
35 40
253 270
169 211
131 214
152 287
20 136
146 189
60 212
88 246
5 165
97 131
17 219
37 53
178 181
94 259
75 77
203 265
41 240
62 69
44 264
124 235
8 183
9 44
1 135
66 129
84 241
135 273
20 76
56 94
80 238
125 145
236 243
64 269
1 225
233 283
183 280
13 81
136 237
20 142
3 127
112 224
3 115
128 281
221 236
80 184
51 101
70 87
6 286
197 235
70 207
3 41
238 241
81 140
29 206
25 229
80 175
170 243
110 186
6 185
126 188
134 210
149 247
187 203
39 178
95 164
94 244
115 169
123 183
161 283
74 243
3 56
132 230
174 226
176 264
70 253
102 243
9 124
0 107
173 283
7 218
53 58
188 246
182 198
19 278
3 46
15 187
5 262
97 101
68 91
73 163
21 231
14 197
139 159
6 155
204 267
120 266
97 202
151 245
17 99
63 228
142 168
222 241
159 268
28 194
58 95
91 268
87 252
53 119
118 140
132 274
107 171
168 214
28 91
123 263
3 119
65 249
60 254
2 180
122 220
62 201
157 217
91 209
13 65
266 272
204 242
156 279
193 207
36 61
21 263
20 102
70 193
203 242
33 48
108 273
37 45
163 165
68 97
176 203
15 203
79 144
262 266
15 153
177 224
48 207
23 56
53 106
136 161
165 254
173 186
76 167
155 183
110 164
70 101
19 138
91 206
90 244
41 156
93 100
25 128
132 190
98 206
120 155
6 95
208 252
130 237
3 36
27 234
159 207
101 137
218 263
35 231
42 152
237 280
11 176
138 189
48 149
8 157
35 195
134 209
224 228
107 278
1 156
12 248
140 205
65 268
89 122
5 156
129 255
51 264
75 230
48 217
12 107
0 84
252 282
44 234
98 238
10 114
145 286
172 202
31 245
149 198
133 266
44 152
59 280
39 150
31 78
66 131
191 272
4 237
162 272
109 177
140 155
234 248
204 232
88 231
113 270
242 282
32 150
80 177
172 279
34 93
37 80
116 121
72 215
26 172
50 55
21 98
73 223
28 211
92 114
18 122
95 99
86 171
8 41
138 140
103 259
28 133
153 159
91 143
67 242
7 37
61 169
203 255
133 206
214 262
30 83
53 121
108 144
61 282
45 84
129 234
56 130
54 173
185 220
23 127
140 158
131 273
71 92
48 183
56 237
52 190
49 102
190 261
38 160
119 248
90 137
208 218
42 76
12 243
91 124
49 64
114 269
41 245
113 144
73 78
186 265
30 39
182 240
2 106
146 215
172 232
147 183
93 206
41 189
86 103
49 143
48 142
20 100
193 258
15 264
107 204
79 106
115 176
42 98
150 201
1 43
217 222
95 202
52 243
41 120
8 130
165 275
10 76
29 221
120 145
23 125
22 121
118 213
25 153
80 252
76 111
208 216
121 206
177 190
116 230
213 268
51 98
127 285
63 208
12 156
5 251
152 274
41 248
31 142
252 258
7 68
107 277
70 282
59 164
136 181
79 119
41 64
149 162
178 190
158 277
21 75
69 204
23 265
40 181
26 220
120 221
212 229
162 225
6 70
188 257
115 134
26 182
173 204
230 245
158 175
3 7
20 171
165 287
53 105
38 237
70 199
58 89
212 264
51 177
51 122
152 277
86 196
165 186
106 129
164 232
21 126
61 119
55 178
119 284
77 89
52 78
97 173
136 270
130 134
24 39
0 118
86 212
238 276
43 178
166 207
43 280
15 97
194 198
125 187
204 286
5 218
197 202
18 110
65 113
11 279
216 252
130 234
6 48
113 177
120 189
76 95
98 157
153 170
68 236
84 138
64 213
167 182
211 219
22 42
226 257
64 212
129 199
21 216
157 244
57 113
185 285
48 139
114 277
7 123
134 285
34 252
123 258
187 209
102 219
66 258
60 246
58 67
9 26
208 260
22 59
81 91
116 207
59 87
251 285
87 286
19 202
205 215
57 94
130 206
57 196
179 218
72 270
64 253
78 192
1 129
234 252
58 123
124 134
207 234
126 169
117 157
26 74
38 48
9 172
26 175
210 225
110 143
100 229
126 177
2 231
74 209
185 186
92 141
67 214
157 225
205 228
107 222
45 150
29 56
177 261
7 13
125 154
61 121
23 178
130 214
15 130
17 216
73 250
18 226
91 273
209 278
261 274
19 239
179 219
125 162
145 215
30 239
144 207
104 143
51 102
125 177
195 287
12 190
249 266
168 193
41 140
73 285
99 202
34 37
90 268
17 246
127 189
57 173
87 165
64 204
147 232
96 275
14 260
20 106
234 276
48 167
96 157
4 91
131 234
175 236
79 228
63 222
114 169
33 103
189 192
38 121
115 231
62 109
188 228
5 159
8 186
132 159
90 146
124 143
123 153
223 264
12 162
129 183
167 273
107 243
176 204
199 253
64 140
75 237
52 249
41 238
258 261
109 137
16 216
76 169
255 258
157 191
278 279
190 237
67 275
129 218
95 244
140 203
74 280
7 57
8 22
19 255
158 205
209 233
19 160
181 210
107 276
115 119
0 214
193 232
264 280
169 195
30 35
95 260
0 244
158 285
70 71
106 125
22 244
22 150
126 168
4 190
21 79
180 261
115 286
119 212
174 242
223 238
52 220
136 215
22 106
60 140
58 271
270 277
59 179
57 257
128 256
36 124
237 248
58 254
217 282
42 183
227 260
82 222
216 266
257 259
12 124
131 249
108 168
63 285
216 245
84 166
114 250
116 240
146 158
154 243
42 254
85 212
220 286
20 91
69 183
152 233
140 213
100 258
162 206
100 148
190 247
44 240
103 255
193 219
121 280
22 287
130 224
101 249
211 254
52 116
130 168
10 256
1 285
98 209
71 223
216 218
23 257
11 21
61 166
153 279
16 224
63 120
67 121
68 264
159 227
36 147
40 226
261 279
144 248
180 220
19 81
83 218
81 130
6 269
70 92
191 261
109 230
22 99
92 104
25 111
70 217
96 122
7 171
149 272
122 238
15 199
131 202
73 125
49 175
116 226
18 246
52 270
20 41
228 242
32 59
18 216
17 251
23 195
79 250
5 207
67 243
38 46
191 274
156 159
43 80
54 142
22 91
147 167
155 181
35 133
95 253
215 274
146 201
241 273
112 182
231 246
141 248
16 94
34 66
29 208
31 185
194 271
82 91
85 144
11 98
136 194
55 256
142 278
186 221
96 245
161 166
91 279
21 66
251 256
160 274
268 274
101 144
67 239
21 132
66 120
102 225
87 110
140 225
85 283
167 175
84 258
214 247
40 133
113 237
39 235
166 264
79 107
207 210
68 102
43 272
125 133
114 272
77 122
72 269
10 123
59 148
44 99
58 154
16 175
44 254
146 187
164 203
35 171
61 153
93 196
206 282
111 177
118 287
28 190
23 77
222 257
165 269
159 253
64 164
39 267
54 215
21 175
162 252
132 171
105 231
114 206
75 86
183 249
32 211
38 240
66 184
103 177
186 189
7 130
28 280
72 77
25 261
18 45
233 263
209 243
107 191
18 46
42 85
2 48
106 156
38 102
255 265
38 208
148 258
163 180
44 188
202 283
47 219
30 233
186 227
11 278
204 225
2 6
99 257
96 254
188 197
118 277
72 247
55 141
11 222
183 275
80 172
181 252
62 164
246 286
77 116
6 57
136 156
70 250
54 147
92 169
104 262
7 104
1 267
22 26
37 40
22 264
9 180
32 140
40 216
100 200
146 228
65 151
247 282
226 281
44 251
206 212
33 90
135 179
94 96
112 246
97 111
56 134
12 103
20 138
91 122
103 269
53 264
14 279
160 272
162 248
2 78
49 51
19 205
71 176
194 239
77 129
106 223
179 191
23 45
187 200
117 248
23 273
82 275
38 201
276 278
259 271
175 259
146 263
79 127
25 95
158 221
1 262
24 205
4 74
218 233
37 74
75 263
208 217
77 224
33 68
81 103
214 266
98 126
6 238
106 196
49 81
52 137
90 124
165 198
119 127
189 245
96 208
234 259
54 148
162 264
41 69
49 116
67 248
223 274
113 188
206 247
159 165
52 104
14 120
148 256
27 239
12 97
47 217
14 51
154 213
75 85
12 54
160 199
233 253
36 89
87 228
111 151
121 133
130 233
19 236
101 160
57 241
180 204
24 246
53 252
12 100
88 122
94 142
224 253
155 163
145 267
122 159
105 171
73 243
223 271
40 227
25 94
135 151
88 130
155 216
18 286
103 197
227 242
3 152
46 47
270 281
202 255
45 75
8 126
83 269
207 230
58 240
30 185
29 77
168 197
109 257
42 134
210 243
63 190
102 197
65 264
53 221
35 244
45 193
168 285
0 117
236 262
58 142
194 273
148 185
93 207
73 232
53 91
39 176
28 195
34 213
31 169
0 273
78 185
123 267
247 272
35 101
88 256
81 245
47 162
25 29
177 271
102 161
192 212
95 213
201 278
184 252
27 254
42 153
145 234
112 209
95 175
115 175
62 209
104 108
211 270
42 141
129 141
33 37
16 70
77 203
276 287
0 212
7 26
47 148
6 271
227 240
120 269
154 237
43 212
57 69
46 177
72 127
82 230
50 202
196 205
189 227
31 284
60 206
26 135
258 286
91 281
83 129
47 130
60 99
104 122
44 124
49 78
158 217
104 278
87 181
2 187
218 241
88 111
160 257
45 234
112 269
89 111
28 279
102 106
160 167
23 276
24 249
22 37
138 183
35 267
174 187
46 240
74 205
64 117
46 159
73 137
25 116
210 221
11 145
152 239
202 236
26 64
206 223
28 37
71 132
89 171
75 284
50 119
33 171
148 282
31 80
80 200
28 101
54 187
178 277
52 139
119 178
12 244
90 245
151 219
49 287
72 245
34 136
118 271
214 246
210 281
147 153
17 235
197 205
85 216
16 35
80 83
71 80
96 199
179 250
196 218
134 272
177 179
199 229
10 56
213 269
146 284
121 156
99 133
154 273
147 225
87 231
117 145
90 200
232 239
136 147
156 258
39 53
55 82
31 143
185 261
58 283
239 264
16 22
16 271
198 269
2 47
174 287
90 106
80 106
41 206
113 205
21 248
95 225
40 112
32 180
49 244
162 278
17 58
6 275
116 163
133 281
66 221
35 73
44 241
36 280
191 242
127 243
170 197
100 281
15 87
51 53
47 236
177 279
81 268
60 242
143 237
0 234
11 141
51 174
22 63
103 104
75 122
203 282
27 148
97 121
62 120
14 273
93 129
190 240
60 66
32 196
23 126
117 211
7 172
102 184
110 135
175 176
43 204
266 270
116 275
25 218
147 201
125 266
159 274
159 210
37 173
84 106
115 135
233 252
65 153
256 279
8 58
250 269
5 17
178 206
134 274
225 268
139 202
262 284
162 210
253 279
30 272
77 281
35 200
16 227
1 257
241 276
81 208
116 276
6 146
20 103
107 190
14 86
110 282
143 265
34 161
40 47
210 280
147 190
82 218
168 259
122 180
56 157
136 153
64 235
223 243
231 281
48 269
95 141
30 242
183 190
49 119
133 168
168 191
26 94
33 74
218 245
38 253
10 120
3 225
14 181
175 216
41 175
81 210
114 197
78 202
89 253
251 269
35 246
219 276
218 279
83 180
197 220
62 156
12 113
84 99
12 33
153 232
180 236
62 88
217 228
19 188
41 239
53 94
121 267
45 180
185 213
14 22
84 86
218 273
67 193
120 276
72 199
123 194
115 132
206 273
25 79
56 114
110 128
1 158
23 173
94 268
253 282
215 265
27 74
57 157
41 114
139 185
37 104
57 149
230 271
36 260
111 123
74 85
55 250
16 61
242 270
158 180
186 214
4 286
103 162
39 96
220 243
20 276
111 250
143 200
121 273
249 253
174 265
89 248
87 261
44 62
90 223
270 283
142 228
80 274
166 213
33 270
124 264
15 103
231 263
146 223
9 279
115 283
126 184
51 184
103 252
215 247
72 96
21 122
17 134
198 259
141 149
33 248
217 229
155 222
173 176
250 283
134 266
184 228
31 34
183 264
28 126
14 214
98 208
12 99
121 258
224 235
119 148
166 226
17 37
140 201
168 217
160 284
33 161
137 155
102 205
58 164
254 274
90 108
171 202
18 159
97 160
16 114
71 286
148 179
19 231
25 270
191 257
33 93
183 267
9 285
224 287
10 90
64 146
9 201
5 23
28 208
59 183
131 266
88 263
125 156
57 141
235 251
207 270
103 282
40 185
105 283
160 276
223 259
104 211
29 182
53 230
21 246
82 160
71 106
212 238
10 131
83 249
199 236
52 161
41 106
153 266
77 181
132 194
71 115
40 260
104 275
71 254
199 257
151 185
101 224
3 166
22 201
106 249
29 213
65 114
1 18
19 177
127 224
97 282
185 278
44 169
104 105
50 128
81 161
57 99
130 222
45 262
144 227
113 190
43 192
8 188
49 259
152 208
139 269
138 281
37 144
72 280
66 180
126 248
62 277
54 154
212 250
248 263
73 87
73 153
8 163
44 262
222 246
115 274
32 259
81 120
71 170
116 179
150 272
98 231
111 181
74 207
79 113
23 83
82 274
101 267
24 50
136 213
247 258
43 229
248 282
87 125
55 121
54 285
174 214
238 251
21 152
126 156
92 115
62 94
71 214
165 208
194 235
175 254
228 265
194 241
154 192
160 213
72 165
135 251
25 170
45 128
203 281
52 98
21 103
154 205
71 206
206 241
134 146
1 203
82 237
37 138
170 181
68 284
211 234
24 257
164 223
114 172
131 226
190 286
176 236
89 265
256 285
107 194
2 85
44 265
6 102
59 190
181 227
127 250
179 189
150 235
85 270
133 156
134 280
175 281
184 212
178 189
135 260
89 214
118 168
97 224
74 120
83 122
94 166
34 264
246 254
145 222
33 280
83 246
6 87
57 117
92 282
18 137
61 68
193 201
94 222
150 186
54 229
51 173
5 88
63 239
127 218
6 199
135 165
210 262
58 140
133 235
179 261
19 209
20 266
164 259
22 155
4 29
217 250
174 277
85 138
27 71
3 101
77 177
40 266
40 150
138 200
23 266
172 261
92 189
260 264
108 234
248 273
185 232
70 173
40 228
267 277
222 238
16 230
70 219
41 226
118 279
152 225
226 269
60 241
188 226
18 187
162 174
20 54
175 279
72 151
54 72
160 197
169 274
161 167
175 183
40 132
57 274
161 232
7 163
81 287
25 76
58 84
83 189
68 270
167 255
227 278
99 178
73 260
96 156
36 194
202 257
14 280
45 74
61 185
162 269
7 140
102 153
150 209
191 226
59 161
154 265
0 28
132 226
103 144
24 127
216 235
211 281
65 237
178 186
78 146
61 246
10 63
88 94
67 122
122 259
40 90
56 140
94 114
5 141
70 229
42 146
78 285
170 217
3 27
13 178
2 137
151 263
50 95
167 168
16 225
184 201
83 100
36 209
129 229
156 230
21 234
201 231
0 198
2 247
209 268
156 181
73 220
129 180
23 52
61 83
41 174
65 263
76 92
174 271
68 243
102 218
51 131
196 200
120 260
114 238
43 53
135 159
146 271
206 275
123 220
42 220
80 176
210 248
57 192
246 247
154 224
160 286
71 178
41 261
25 50
140 275
56 89
136 255
1 160
67 271
131 252
0 233
21 120
63 99
93 127
145 161
251 266
57 112
109 244
96 204
239 276
134 245
4 241
103 242
140 204
7 177
93 203
219 256
218 267
77 247
159 172
143 252
49 270
119 136
103 136
246 277
109 121
55 156
105 186
101 125
219 242
87 98
223 267
130 246
9 158
233 247
141 213
103 186
201 257
16 147
27 189
148 221
144 226
92 285
67 120
89 173
3 170
142 229
68 261
139 163
123 287
168 194
3 105
95 234
156 233
86 90
117 209
18 32
246 263
50 197
151 255
20 64
73 252
235 264
68 133
124 127
42 181
9 200
123 200
0 80
26 232
244 270
83 203
143 206
190 271
229 284
90 116
118 246
191 232
159 232
125 224
133 265
128 272
64 234
88 103
121 266
100 214
73 277
42 255
41 241
37 77
110 170
9 171
70 170
129 283
91 254
149 194
171 191
209 246
47 186
210 254
78 216
123 249
61 84
31 56
52 255
33 233
263 275
138 249
220 237
149 222
73 101
95 254
243 278
42 261
187 199
107 148
24 202
2 183
189 224
240 277
0 275
174 253
142 249
119 200
169 232
62 282
15 219
76 203
19 92
19 93
174 194
94 243
55 179
195 230
65 110
6 134
176 278
83 127
18 194
230 281
59 93
6 277
18 67
136 250
40 223
70 78
60 262
1 278
17 21
242 249
80 261
113 252
33 130
76 144
19 252
31 97
124 272
50 208
189 233
97 193
105 182
15 20
68 109
101 176
137 173
32 222
42 204
206 225
26 191
97 274
218 261
94 200
152 228
108 142
114 125
10 46
58 172
58 112
171 273
72 287
206 285
244 280
21 257
31 281
41 188
8 18
0 42
56 73
88 218
65 169
167 211
37 195
121 187
26 144
12 64
117 202
138 166
96 248
161 198
237 249
147 186
146 207
84 116
137 226
9 22
223 282
7 224
88 141
32 194
17 171
79 251
158 204
109 229
116 219
116 131
110 140
97 215
169 254
134 163
129 254
11 243
52 189
31 232
183 277
105 146
111 153
14 269
258 259
165 244
186 207
10 121
91 183
34 86
107 287
157 159
261 284
218 231
194 255
226 252
28 274
33 65
194 223
126 266
239 242
137 266
70 168
77 124
32 234
107 124
3 249
70 109
30 189
81 206
131 162
171 223
42 175
179 248
196 201
153 180
47 202
148 270
64 183
268 276
11 51
125 192
151 154
169 210
197 215
20 273
197 255
14 85
93 103
231 271
6 254
133 233
183 256
83 252
65 88
48 282
211 265
17 127
203 234
242 268
55 197
83 143
82 88
136 146
193 284
125 163
66 260
85 230
78 169
112 183
26 250
139 248
228 251
50 186
67 223
41 145
84 229
138 228
92 226
147 159
123 253
56 207
54 272
112 137
22 36
88 235
32 178
220 227
109 169
1 181
231 243
214 227
19 126
192 206
114 168
110 257
151 215
94 215
235 272
43 96
201 221
88 287
129 185
119 137
42 106
4 72
52 170
8 184
36 287
90 214
2 233
111 176
77 261
117 127
131 170
242 279
217 234
90 246
4 30
226 260
56 68
11 284
174 259
94 235
69 134
105 180
55 59
67 90
112 278
117 217
197 287
5 66
180 259
116 272
223 227
69 214
86 177
109 147
96 152
199 264
4 158
30 230
130 177
70 162
34 222
93 225
44 95
122 148
219 273
199 275
152 238
54 251
7 164
73 241
24 75
89 204
15 76
42 88
83 84
39 118
56 220
31 202
4 52
66 130
57 197
37 61
169 220
129 214
146 166
76 99
67 282
107 259
46 202
170 246
65 269
75 234
13 44
9 103
245 283
91 172
153 281
70 257
93 155
26 222
80 154
127 255
38 143
99 215
23 90
121 192
200 276
138 162
87 217
127 252
74 249
115 129
114 247
111 241
178 239
188 285
84 227
132 201
63 268
86 245
68 98
35 243
280 281
69 273
24 168
81 213
107 170
118 152
216 268
153 254
101 184
132 145
42 129
34 67
137 278
135 265
138 212
213 219
185 268
30 280
71 190
125 178
57 252
71 245
101 109
204 279
91 184
3 186
69 197
155 249
66 88
156 287
52 226
79 105
53 173
34 283
220 228
243 273
10 136
136 206
209 270
22 224
145 152
114 138
99 228
149 252
8 140
166 223
75 150
162 205
160 268
4 16
78 139
42 236
217 287
85 94
1 250
83 217
50 70
35 125
36 264
78 129
18 259
223 230
15 164
227 233
37 70
136 195
34 83
72 246
43 123
118 250
34 44
140 166
58 191
164 189
190 202
32 98
275 281
204 214
55 196
125 281
95 178
216 224
120 279
66 195
47 56
157 201
118 126
141 259
126 227
102 124
5 24
48 75
48 254
4 119
15 252
38 255
216 270
139 258
28 174
14 105
39 163
50 222
72 90
186 209
80 217
184 276
5 256
85 134
35 219
7 73
72 261
23 117
68 279
148 261
54 211
16 146
41 253
55 265
60 96
240 257
93 249
126 141
47 50
47 79
36 104
24 142
65 91
87 118
22 111
177 267
131 229
93 188
10 228
141 173
22 167
49 149
0 237
202 273
106 250
130 264
202 249
178 228
172 215
55 177
152 242
28 161
119 160
69 254
101 151
29 199
45 114
66 231
23 88
5 187
151 153
21 174
108 196
130 145
169 243
80 156
57 150
112 185
48 237
74 126
79 85
231 260
236 257
35 54
31 40
115 206
108 261
13 135
48 199
130 172
1 93
138 256
61 123
13 285
56 78
99 111
233 285
123 213
23 94
68 211
253 260
40 160
227 281
80 210
25 55
9 212
140 167
2 93
59 275
119 214
59 89
96 197
106 214
110 219
77 184
41 97
127 154
43 267
132 233
245 247
14 132
34 141
26 152
40 83
128 249
46 120
161 192
74 132
148 156
27 269
234 257
128 268
210 259
25 186
34 104
104 192
151 189
62 118
1 109
111 189
73 219
78 150
13 106
204 249
58 149
47 78
112 180
111 179
133 146
117 160
214 279
76 114
136 198
30 103
119 278
88 284
194 274
16 170
215 256
24 30
68 111
8 276
151 190
97 272
132 252
129 278
173 237
114 193
157 270
181 189
77 197
15 278
48 212
79 197
3 216
86 186
96 176
84 190
22 235
154 162
162 165
83 231
1 241
183 235
231 252
30 85
39 155
244 275
64 82
110 235
263 271
95 119
43 90
85 108
119 282
44 176
115 127
182 200
199 286
106 145
69 228
148 273
46 139
214 236
7 260
21 157
99 184
122 219
197 216
137 206
120 232
111 125
18 52
214 255
117 286
145 226
60 167
118 243
187 275
237 240
164 186
11 113
33 97
45 78
37 161
40 200
59 155
81 170
129 226
139 201
165 274
93 287
24 26
65 72
163 190
87 180
13 244
179 212
16 223
109 227
184 207
115 141
83 193
257 278
13 205
107 223
49 254
149 234
8 189
69 142
48 232
200 245
107 119
247 265
117 188
171 199
91 251
54 105
168 208
114 265
31 175
107 195
94 146
18 105
25 206
120 199
198 225
102 118
228 245
115 155
18 102
79 148
22 58
178 252
3 89
146 266
46 132
33 108
0 220
71 99
66 186
48 219
170 227
167 172
36 206
100 167
186 196
31 106
127 225
44 196
23 190
89 110
48 84
21 39
48 262
109 155
121 132
41 215
21 141
123 192
81 192
31 110
230 244
244 260
163 221
184 265
154 211
177 259
8 257
29 80
148 157
70 243
108 124
31 182
0 66
41 281
153 174
159 262
51 57
59 150
254 265
170 198
67 87
42 169
118 204
246 276
101 196
51 269
68 79
134 246
31 219
19 185
2 252
9 183
157 266
141 271
103 122
49 219
166 188
59 194
121 166
117 218
146 222
45 58
69 193
130 228
87 175
129 143
254 281
1 154
76 175
255 260
3 284
10 138
87 253
16 255
71 182
90 199
164 208
202 272
244 287
2 212
77 206
222 224
215 261
56 230
84 275
30 54
15 112
12 178
22 194
2 51
10 162
20 118
102 151
111 256
51 157
77 205
75 165
66 73
8 38
123 282
249 257
103 160
86 154
64 101
58 129
26 57
2 255
65 220
9 236
11 149
159 273
45 192
97 176
49 231
68 198
8 190
113 122
64 206
234 258
8 121
2 278
26 192
64 84
131 241
70 139
41 234
18 162
56 164
205 251
70 91
43 139
94 100
75 143
9 77
107 268
62 99
226 242
165 211
263 269
51 201
90 123
9 78
18 284
124 211
172 204
44 46
88 92
80 240
58 282
180 266
75 145
85 206
17 138
151 157
56 126
10 110
2 70
185 202
99 225
141 220
2 208
97 109
45 60
125 196
2 186
93 194
57 132
51 64
62 83
11 128
38 47
105 269
169 245
224 258
180 221
170 206
77 251
132 222
100 147
86 193
151 268
12 42
116 260
18 146
53 103
86 110
122 146
79 264
63 86
154 157
136 267
91 241
142 144
92 194
41 280
190 211
225 228
177 220
3 104
45 88
39 143
89 115
203 283
97 269
112 135
257 276
64 149
44 89
2 262
262 271
226 244
202 251
57 75
73 200
125 279
80 180
224 279
271 277
16 64
202 214
9 40
87 149
79 258
71 234
154 193
93 117
156 185
223 233
72 118
153 285
37 115
99 236
138 246
113 141
116 117
73 258
44 80
179 213
123 126
114 145
166 230
47 143
253 283
184 283
57 118
138 224
102 120
0 137
48 144
121 165
142 162
119 263
2 202
102 188
87 197
212 243
7 101
69 165
56 69
34 255
67 225
39 81
45 154
131 276
230 231
157 187
11 283
1 133
110 286
18 40
177 191
42 116
182 183
7 203
40 89
48 190
229 262
96 277
54 103
33 251
45 71
19 271
12 114
73 89
61 134
162 271
228 278
77 242
56 279
4 82
35 255
70 151
138 216
17 211
75 153
204 235
20 272
254 275
233 286
82 221
191 263
10 143
182 271
103 261
53 112
92 239
246 273
58 203
1 111
15 268
114 167
198 219
4 223
20 87
147 200
32 231
189 250
106 271
88 188
74 94
218 225
13 27
22 24
224 265
99 187
39 80
157 259
7 228
45 176
148 189
3 229
156 193
78 259
61 124
66 214
15 154
45 146
34 101
115 280
96 108
66 270
134 273
37 164
195 241
12 255
93 140
71 83
208 270
35 172
141 233
204 227
111 216
197 246
23 249
90 242
27 232
8 101
47 57
137 279
95 274
66 87
65 118
113 195
129 287
228 241
98 269
105 280
101 175
126 205
10 150
96 166
169 223
108 223
281 283
72 200
51 97
39 92
69 251
15 40
35 230
122 285
166 221
2 135
279 284
109 207
106 211
88 147
42 230
144 283
245 277
104 146
153 225
127 227
104 259
35 266
26 55
32 36
208 212
63 129
113 260
145 173
157 229
90 203
77 214
32 73
67 241
39 125
221 259
107 123
193 257
80 207
53 170
45 105
193 212
138 184
33 153
125 206
1 122
33 188
165 200
48 106
124 204
17 252
214 264
39 40
109 232
112 203
36 190
156 204
93 254
114 116
39 276
2 223
3 84
14 40
224 244
172 265
187 224
18 167
47 180
83 239
137 237
54 253
131 143
85 121
72 150
211 224
18 33
54 260
39 177
70 147
8 33
12 273
12 90
213 270
105 122
150 252
247 261
157 173
284 285
114 218
20 207
27 240
49 258
100 185
74 93
26 221
28 156
35 180
92 110
179 253
26 244
78 133
163 173
3 49
20 37
46 87
144 210
142 148
130 141
185 221
36 219
75 171
45 67
201 267
131 271
81 186
162 208
93 94
56 152
13 211
72 101
19 105
28 47
152 161
6 280
44 98
146 213
17 104
152 258
58 226
18 94
106 188
125 231
2 280
263 282
113 250
20 53
95 203
183 262
102 108
66 109
85 120
88 133
199 270
79 173
108 216
112 119
94 216
68 135
109 139
54 71
55 108
4 211
190 263
23 46
72 203
155 198
143 226
216 254
55 201
183 244
56 80
53 78
151 158
17 184
110 189
57 164
92 204
38 45
31 92
27 125
79 285
7 200
33 242
30 57
53 212
64 229
93 190
68 134
48 258
104 215
32 264
77 216
186 220
209 273
200 210
116 212
153 256
178 195
185 206
15 118
16 75
59 172
142 187
152 261
94 123
86 243
125 159
73 261
55 97
30 273
181 190
63 127
161 284
15 121
88 148
79 283
116 138
147 152
2 128
63 82
94 102
7 185
149 176
83 105
136 205
88 110
23 154
49 283
87 185
45 140
76 124
0 116
8 283
94 134
49 144
85 253
69 100
176 222
169 180
60 111
134 168
153 166
10 261
10 54
23 99
46 158
231 256
8 133
77 147
78 220
21 237
155 213
154 275
144 258
6 62
124 225
64 200
81 211
263 272
155 175
9 141
58 100
209 223
43 170
128 258
97 98
128 214
52 74
37 108
76 217
148 236
69 203
77 235
220 230
113 203
97 233
219 258
41 208
58 97
20 28
181 283
163 225
34 113
65 221
16 204
169 237
229 258
163 254
14 278
150 158
243 274
63 154
227 264
195 244
232 245
96 247
71 82
158 213
150 185
64 134
38 235
69 73
38 216
88 190
65 69
114 200
100 190
228 252
87 244
217 260
104 112
226 240
121 141
151 234
151 159
188 223
163 210
2 74
140 208
16 148
44 179
27 179
4 224
79 140
0 14
86 151
225 246
66 277
81 179
82 278
93 264
234 266
99 175
72 207
171 258
91 197
10 219
16 203
1 152
72 110
102 127
113 263
25 171
194 252
27 267
39 99
85 114
57 116
180 208
20 220
39 149
147 247
38 267
135 183
23 185
1 157
123 286
91 224
18 156
3 208
113 259
102 165
70 221
146 184
123 155
95 100
143 234
63 210
140 227
60 85
88 101
12 194
120 249
66 170
50 250
86 163
162 241
42 143
49 250
92 232
74 192
63 72
46 275
22 181
194 224
137 257
152 189
98 147
220 259
168 279
94 147
197 259
76 238
269 272
7 77
13 201
111 196
107 252
25 97
17 106
37 232
175 181
132 172
18 27
53 283
194 203
149 185
201 261
72 223
82 86
74 147
85 156
36 224
41 269
91 145
93 192
1 35
39 73
147 277
40 127
256 269
191 203
80 108
103 216
257 277
92 245
147 185
18 274
79 196
32 157
18 147
115 285
83 195
29 218
94 181
29 124
42 218
250 252
27 135
76 145
174 179
178 220
160 175
71 199
118 219
160 174
18 86
87 212
51 233
132 176
8 284
129 173
95 159
71 280
105 128
14 266
183 188
24 133
252 284
195 224
241 269
9 84
153 217
64 129
69 194
79 95
73 117
83 96
30 123
68 185
159 178
11 237
5 84
113 213
12 136
192 216
28 121
175 261
59 266
106 107
148 277
47 209
93 128
212 277
115 253
124 283
147 251
61 273
156 207
126 273
195 208
80 116
45 85
268 287
132 138
238 272
72 197
113 229
162 266
62 98
125 213
3 238
48 175
150 157
52 156
32 198
194 286
248 267
119 243
19 246
130 268
194 221
122 204
36 252
63 219
253 259
100 261
87 116
121 210
7 49
149 188
17 260
53 257
139 268
22 184
77 101
3 45
79 269
41 190
117 256
214 286
32 230
37 73
18 85
63 165
189 259
159 240
147 219
86 262
11 161
68 85
61 155
96 135
48 58
56 77
106 201
39 187
106 110
116 143
63 142
16 180
28 50
66 284
218 265
21 243
61 75
194 270
7 133
120 166
54 234
6 68
215 223
151 282
21 280
33 53
148 165
31 111
80 231
200 202
20 112
58 176
134 151
210 256
56 214
48 263
152 236
139 233
20 131
107 200
31 163
1 237
182 254
35 55
154 184
5 35
115 223
247 278
19 258
46 57
150 215
149 203
98 246
119 169
161 271
142 179
108 217
14 47
102 206
112 240
5 192
145 208
112 117
53 93
4 235
17 287
43 217
236 271
129 188
12 280
206 242
47 181
101 110
33 85
101 119
149 211
108 167
41 71
79 189
28 189
189 271
99 242
279 282
54 265
189 193
37 278
22 98
100 240
108 283
153 252
101 217
172 197
0 17
15 245
12 155
155 205
94 182
132 272
76 160
97 200
120 267
175 228
7 234
79 118
25 132
30 106
44 149
136 218
72 243
65 135
32 83
176 234
48 79
35 124
108 126
100 116
268 284
170 204
3 214
74 254
42 180
59 242
72 195
56 174
25 215
54 155
105 119
101 256
124 191
154 229
14 272
222 236
164 279
6 139
20 283
150 168
7 44
112 267
1 9
130 204
29 44
24 97
64 226
179 264
25 158
237 268
251 273
199 237
161 189
72 183
57 67
216 286
34 92
51 105
34 247
136 272
16 72
150 166
97 181
132 188
28 70
133 134
209 252
17 76
106 147
140 174
123 135
16 39
6 133
59 233
169 197
87 155
28 44
54 230
117 230
119 175
24 77
34 149
0 225
5 221
258 262
152 217
104 230
80 84
31 101
176 254
267 271
71 211
135 161
47 106
13 74
92 251
70 136
172 273
11 229
45 196
215 280
179 195
34 229
62 113
158 168
25 163
48 74
11 59
53 188
59 227
59 109
47 123
59 83
167 282
106 134
121 184
24 200
13 227
128 132
84 251
145 146
8 32
37 270
163 164
277 280
50 258
253 261
67 96
9 174
97 243
91 131
13 170
151 192
119 238
74 273
95 183
60 95
119 255
51 170
222 269
3 5
52 217
237 245
131 195
155 182
65 255
104 220
112 273
170 193
28 242
79 126
73 139
34 105
128 255
161 165
128 273
2 112
224 245
125 237
68 214
151 218
0 58
30 225
140 224
37 120
148 160
12 253
201 250
130 274
138 172
96 116
65 115
56 185
49 210
88 108
241 251
223 261
4 178
24 37
28 251
6 65
154 163
149 231
159 259
36 77
105 117
123 235
104 119
17 186
183 192
107 218
82 271
0 151
18 42
8 267
4 253
49 57
94 125
146 200
105 193
9 64
55 94
189 222
131 236
122 235
48 251
4 101
96 124
126 212
50 252
38 114
49 107
272 287
68 244
135 140
21 89
47 104
51 94
197 271
89 129
29 152
132 229
166 192
143 180
99 209
106 258
59 120
14 165
90 119
45 175
13 32
278 287
44 173
117 189
22 269
46 280
71 236
139 249
86 259
63 116
155 239
64 281
133 285
188 264
35 147
135 229
90 91
185 201
81 243
244 249
120 268
48 165
5 116
124 238
168 204
100 248
19 159
225 273
82 258
155 170
106 233
208 211
24 149
186 258
72 137
61 242
236 237
47 231
58 242
27 120
74 199
97 255
182 279
45 164
182 187
110 129
26 91
30 144
38 140
34 123
39 168
227 266
66 249
152 230
124 203
79 86
10 15
101 171
119 168
110 163
68 215
244 255
192 253
33 250
35 85
7 42
142 219
29 68
20 81
92 139
164 213
27 56
23 111
76 162
201 233
66 144
110 228
168 189
150 172
112 207
207 223
27 262
16 245
1 25
113 189
85 276
52 242
96 137
157 227
44 93
27 162
209 287
156 160
45 95
76 83
91 283
280 286
143 172
47 145
135 256
222 285
45 66
68 152
19 63
51 141
149 190
138 170
200 214
114 121
44 255
66 244
81 284
206 219
200 217
91 230
125 127
94 152
159 225
92 227
42 60
192 238
36 257
72 120
57 81
234 265
105 209
187 251
102 220
43 188
17 51
201 213
141 232
41 191
85 198
4 92
59 124
19 83
1 246
81 155
99 129
97 281
187 276
85 232
16 68
73 272
130 138
34 102
107 160
20 233
114 215
105 110
22 110
111 260
27 161
31 272
121 237
27 104
117 213
172 234
94 251
231 250
118 175
52 284
70 247
77 121
51 218
140 215
113 139
73 237
126 146
104 217
252 281
80 271
216 229
260 265
228 279
101 234
84 187
31 156
220 268
191 285
106 195
78 154
96 165
17 109
198 217
139 211
244 265
259 265
35 122
52 118
23 211
88 220
75 189
76 122
6 231
69 261
96 230
25 71
30 70
148 190
211 272
32 72
143 170
186 243
158 198
23 160
61 133
14 257
5 217
218 222
38 215
58 101
46 77
30 172
85 97
51 256
143 147
120 154
22 218
174 186
273 281
128 168
7 126
38 78
37 133
172 223
184 218
72 107
100 161
93 173
43 110
107 114
222 259
103 238
8 23
10 251
57 159
183 184
179 236
66 235
104 160
90 283
71 269
205 208
173 256
179 267
191 243
98 139
59 267
57 170
130 182
54 156
39 127
199 214
133 172
82 219
158 225
130 196
99 212
120 175
77 219
18 250
259 286
84 264
49 158
90 253
210 219
40 269
158 280
2 148
197 254
133 220
49 118
120 224
50 58
5 133
120 246
217 258
117 126
156 167
114 153
34 206
71 216
119 229
250 278
101 213
160 261
81 250
117 258
95 208
30 127
184 220
165 188
34 246
74 164
93 189
130 213
275 286
63 162
4 78
209 262
54 197
98 145
36 191
67 213
68 129
24 57
154 232
134 143
7 258
55 128
66 101
21 154
0 170
21 63
241 261
5 259
214 216
123 167
84 200
224 275
17 172
34 51
154 287
91 282
123 210
207 224
128 222
81 226
78 235
58 107
25 105
84 184
97 206
73 116
57 283
85 277
276 286
51 108
14 243
230 235
23 95
111 144
59 168
90 99
83 112
119 134
27 199
10 239
117 134
103 137
48 95
171 220
78 187
193 200
186 276
193 220
215 238
38 98
54 115
164 270
269 273
215 275
96 282
27 52
267 273
40 201
71 242
56 160
111 158
73 191
13 87
241 252
2 155
69 174
136 212
75 155
14 267
158 201
63 101
17 82
144 175
80 149
79 245
109 267
45 125
99 120
258 273
207 241
132 197
45 187
131 283
84 188
123 178
233 240
169 177
12 211
94 164
72 213
47 193
116 178
2 5
105 159
164 170
127 184
153 168
96 262
131 159
54 160
98 234
113 153
83 216
148 151
182 209
94 275
110 191
136 184
80 257
27 277
15 261
169 183
93 116
218 232
159 281
36 189
58 93
102 122
11 220
55 63
156 168
17 117
83 232
48 54
57 156
75 111
56 173
220 278
30 49
61 215
194 211
83 101
39 50
20 252
75 201
52 247
64 128
206 243
15 126
10 60
87 226
0 7
98 204
15 265
245 250
59 135
202 254
155 246
57 61
192 246
4 150
46 160
39 79
36 240
89 286
261 269
39 54
81 252
160 222
58 72
9 220
106 239
148 241
7 55
11 117
251 263
125 255
50 169
52 102
109 195
92 248
46 65
108 257
181 231
164 176
4 89
32 224
151 197
180 226
256 278
77 91
206 260
166 281
134 189
136 249
48 130
0 10
50 153
89 155
170 189
56 162
118 269
101 199
129 240
94 230
185 218
78 231
117 204
251 276
262 278
39 115
62 229
40 87
46 232
189 206
168 224
24 31
86 192
193 269
60 114
69 104
105 123
47 271
35 116
70 155
67 148
0 122
150 227
63 241
64 85
50 82
107 134
8 195
171 255
24 151
29 76
12 43
86 261
54 110
4 262
182 275
193 250
51 69
47 156
22 72
133 216
89 194
83 182
40 45
124 186
156 164
148 196
95 243
164 224
50 168
74 216
13 77
15 228
210 258
10 231
127 142
198 248
19 123
248 285
108 173
158 282
98 278
25 181
20 180
1 105
102 282
178 184
27 64
11 274
210 222
20 191
32 142
15 200
204 271
119 121
68 76
11 50
66 89
138 158
66 97
207 265
105 281
140 258
137 282
47 54
3 227
31 200
26 277
20 95
35 273
81 257
43 48
189 219
108 132
268 285
127 152
104 132
21 53
203 246
26 122
81 129
77 257
0 189
108 255
178 259
5 271
70 119
132 161
48 173
152 171
141 262
70 83
133 170
12 269
84 122
190 229
52 85
194 201
213 261
217 254
256 276
42 101
167 173
3 110
7 82
12 163
17 44
48 111
195 227
75 98
231 262
97 123
220 272
135 201
96 285
36 84
9 91
63 151
85 251
89 196
56 145
8 63
110 160
115 191
88 239
99 121
181 224
107 249
34 99
25 226
42 140
65 232
40 183
42 54
226 282
28 250
35 111
63 137
5 123
39 91
103 146
9 53
40 137
25 89
237 244
222 233
7 247
121 218
59 197
26 224
162 277
219 279
86 224
53 269
80 264
80 117
109 238
123 195
0 259
200 238
1 74
48 281
101 203
65 215
98 237
33 131
135 210
17 113
74 79
56 108
28 129
99 251
26 173
172 251
128 251
21 102
93 148
177 240
79 270
246 284
10 203
11 41
251 281
1 27
126 160
99 128
131 204
90 98
87 227
105 272
34 109
20 158
126 261
75 115
104 223
93 239
53 154
79 218
42 166
51 95
138 171
134 248
102 119
147 266
209 237
161 163
51 62
170 173
85 192
75 103
10 24
140 222
172 228
109 283
98 169
123 202
129 277
180 192
110 183
65 101
162 283
80 135
127 190
156 215
60 61
24 197
72 138
59 283
20 205
5 60
176 191
80 237
268 279
138 240
39 85
1 167
100 272
144 287
88 200
56 223
94 232
144 256
71 231
41 193
57 263
17 185
144 250
63 238
72 260
172 255
114 213
253 274
125 170
182 249
164 252
203 264
4 11
19 168
193 252
57 219
84 196
23 27
62 105
210 277
6 152
16 102
240 276
62 64
9 123
62 251
102 281
65 204
161 265
34 177
153 205
46 100
49 167
4 20
164 221
81 139
159 199
115 266
61 251
72 87
158 233
170 191
86 280
11 277
76 136
101 261
39 162
165 240
73 181
85 233
13 220
2 144
43 146
23 140
10 279
26 274
260 279
223 253
17 90
42 84
227 257
53 64
30 199
112 200
11 153
124 216
111 124
37 68
15 77
24 188
19 80
84 182
78 89
94 238
50 162
79 194
36 185
94 219
177 194
13 147
0 85
1 89
35 159
147 150
117 174
4 77
195 252
115 117
32 147
69 82
120 159
20 93
32 53
40 174
211 241
173 199
94 139
175 248
25 106
269 284
151 270
26 53
253 265
132 136
42 62
141 257
215 248
183 220
76 261
24 152
10 167
81 185
166 241
212 241
164 228
182 241
143 282
130 181
105 185
18 69
126 162
75 176
90 100
233 248
94 253
98 215
111 160
24 211
92 224
33 78
52 215
104 269
45 206
38 108
142 204
44 183
144 157
118 123
7 79
101 246
34 214
18 282
169 202
200 241
27 94
80 157
106 170
68 272
64 189
88 106
131 224
32 76
42 277
12 215
142 193
14 191
194 218
63 140
171 221
25 250
82 193
46 273
270 276
65 267
1 130
15 192
204 206
28 141
53 171
103 192
224 251
18 179
0 78
1 6
235 260
77 180
176 216
137 216
199 269
180 258
181 258
69 96
48 148
98 272
85 99
15 224
172 287
166 267
45 94
16 220
9 239
245 255
32 70
147 230
155 172
121 201
21 191
51 106
185 270
48 94
64 115
63 85
42 73
30 33
180 216
66 166
49 230
166 217
188 244
153 171
25 34
72 263
57 86
29 146
174 229
7 69
61 237
12 192
162 185
165 268
224 262
25 44
46 254
66 164
43 209
127 275
32 177
28 77
201 251
62 145
175 195
52 273
15 152
63 215
165 266
84 224
3 198
22 115
104 286
83 201
26 256
40 256
44 91
48 268
10 207
88 266
80 100
28 145
84 170
20 26
31 243
98 158
180 215
20 96
119 234
9 235
58 216
22 211
159 275
7 206
233 275
105 219
55 247
118 267
16 157
83 222
112 248
100 283
97 103
4 68
42 221
72 206
30 253
129 200
157 255
219 222
50 96
84 127
244 254
34 271
5 130
14 53
9 195
34 39
36 192
259 284
5 264
84 262
118 225
190 203
184 264
154 155
103 275
41 200
96 207
59 237
14 221
15 170
7 156
39 160
58 192
82 156
9 85
61 256
10 148
62 95
192 268
23 110
88 268
34 277
32 132
7 96
36 58
270 273
128 241
214 243
18 206
59 175
243 263
83 169
216 285
142 275
29 55
126 166
73 159
30 114
224 284
9 131
1 171
173 280
210 250
150 192
95 158
109 154
36 284
95 163
209 238
6 145
97 146
40 273
134 236
87 254
166 206
237 257
10 55
17 33
204 243
23 238
43 228
151 271
105 139
129 176
38 205
111 223
153 241
18 182
133 264
54 55
156 255
164 195
94 160
35 215
98 142
44 114
86 117
181 201
12 34
165 246
82 95
84 217
191 225
112 153
47 86
26 161
58 281
25 183
25 148
57 220
152 158
26 49
154 218
97 115
12 261
101 138
136 162
149 189
144 219
38 112
177 207
92 106
78 93
116 156
1 51
92 119
43 152
165 280
22 84
223 284
176 190
45 189
44 269
65 108
41 195
70 182
240 285
42 119
147 218
102 207
31 36
2 270
31 81
28 219
44 147
135 189
92 222
44 107
118 185
218 258
8 88
43 262
14 167
81 147
23 63
85 145
112 239
150 286
56 122
30 223
74 98
63 117
70 267
74 91
106 120
103 198
94 278
60 70
101 158
49 190
96 238
11 82
236 280
162 164
214 285
66 158
217 272
37 227
28 240
150 249
87 259
109 268
57 110
64 74
179 260
44 220
159 224
24 69
10 70
124 279
105 195
128 172
67 153
59 220
112 270
0 243
74 235
42 232
54 104
11 196
115 133
23 181
86 89
104 245
260 267
78 113
20 188
88 185
256 286
103 132
124 140
73 184
211 240
119 170
29 72
7 179
20 78
57 60
205 250
251 253
134 203
133 261
59 173
13 191
155 199
134 177
64 185
151 227
22 30
17 100
62 76
130 169
27 284
136 238
147 156
190 197
234 273
73 93
25 240
142 202
63 247
184 227
97 99
172 281
52 125
27 207
38 96
108 238
37 59
76 153
104 266
77 108
26 207
213 216
22 49
35 144
2 87
125 283
94 264
53 128
34 143
0 241
58 228
103 254
151 204
213 235
121 124
46 70
111 221
118 130
75 107
103 224
49 196
86 120
33 113
113 279
39 193
123 196
24 89
113 257
21 33
41 50
52 82
92 178
36 213
11 129
39 72
118 236
13 113
41 57
165 169
144 243
164 255
193 235
53 208
82 273
10 206
41 105
132 166
43 89
177 215
239 262
67 227
197 282
55 90
143 174
156 263
73 199
73 145
21 254
38 120
96 182
39 126
0 182
58 185
56 74
163 171
7 39
103 248
58 59
75 268
214 225
135 243
185 283
117 274
75 131
31 188
57 201
169 228
33 273
202 240
253 280
98 107
251 280
102 196
24 124
86 143
143 230
208 277
222 266
39 74
81 222
116 181
3 218
117 129
138 178
48 210
177 243
8 64
110 260
67 261
33 141
270 272
96 222
16 54
84 145
70 259
116 191
15 247
97 204
200 262
59 141
92 166
49 216
8 260
66 220
53 146
44 51
107 206
65 229
199 215
77 230
36 279
131 274
199 283
14 161
125 220
147 240
210 227
70 117
109 132
140 173
247 274
20 46
92 96
72 180
52 181
22 199
60 265
5 161
112 198
52 282
174 261
124 128
205 253
178 191
69 101
157 185
61 222
152 183
17 56
107 164
45 170
135 185
184 217
256 272
11 121
207 237
74 135
68 281
129 153
7 135
76 263
176 246
69 91
171 248
0 73
71 93
128 192
88 221
82 203
21 100
125 262
78 234
33 87
2 99
98 197
113 167
231 259
44 182
211 250
96 202
131 177
150 171
19 60
96 214
209 224
51 247
55 74
99 278
3 65
56 175
60 173
224 277
98 168
59 166
203 279
116 160
44 208
225 240
10 61
2 189
168 244
109 259
30 284
42 78
125 249
140 282
13 120
20 175
122 211
141 143
197 249
251 271
135 257
15 73
212 286
226 254
168 230
18 144
79 80
25 202
117 122
12 233
63 159
199 243
8 78
16 254
43 119
61 257
217 237
166 236
213 283
183 216
70 98
110 131
232 238
169 216
2 182
143 205
41 199
53 241
35 70
48 153
46 203
3 228
155 191
38 71
74 260
75 223
124 281
49 208
35 162
149 277
52 149
54 210
144 275
91 186
9 175
48 154
165 213
7 176
120 215
50 226
76 143
156 176
13 216
175 212
20 147
41 144
37 269
48 261
154 240
243 275
27 44
77 94
24 270
3 70
17 178
7 232
53 152
89 223
103 204
61 204
137 270
94 281
45 246
142 150
131 222
46 214
23 129
191 229
138 209
179 207
171 236
128 215
206 208
122 158
152 204
64 201
38 127
249 277
121 197
19 33
99 104
38 176
209 285
177 218
12 236
175 184
15 84
103 193
7 112
151 202
207 279
87 207
34 59
179 190
84 137
22 217
76 174
82 135
106 275
194 242
134 270
92 207
159 194
225 264
168 268
202 259
30 178
178 260
145 151
81 108
2 118
69 200
6 287
35 74
106 173
100 230
36 229
215 220
47 263
63 103
108 284
58 90
162 177
157 226
63 119
160 176
72 148
13 256
31 65
71 147
6 205
13 168
222 261
74 186
264 265
79 233
190 243
102 285
209 210
152 198
67 101
14 262
126 159
104 169
145 159
31 118
10 178
8 12
164 276
74 284
116 152
93 146
51 85
48 203
56 147
201 223
10 264
93 143
76 234
3 243
105 229
46 81
81 251
112 115
115 161
109 271
226 235
86 95
46 131
41 167
145 244
132 178
4 166
87 206
210 253
15 83
107 237
76 181
144 201
66 74
148 259
88 123
81 215
103 152
16 152
65 259
1 87
64 105
5 274
230 260
89 105
156 267
25 119
10 96
214 272
57 103
112 281
177 183
181 278
9 14
229 272
60 240
62 133
110 213
68 149
73 170
29 229
197 274
137 205
26 76
64 130
27 260
122 273
110 178
23 147
94 213
66 281
1 117
111 199
69 126
95 211
162 183
71 144
259 260
191 221
21 25
175 287
78 233
138 152
60 68
47 99
151 236
20 72
8 93
88 251
127 185
273 274
147 169
81 106
107 163
214 259
9 54
51 268
58 131
64 112
160 211
148 224
264 268
118 142
102 273
8 274
67 207
212 275
32 210
43 157
155 245
41 96
67 186
101 126
12 31
80 255
64 182
28 63
59 98
11 116
38 287
70 218
43 58
125 208
15 146
130 236
96 235
103 208
29 236
169 252
151 220
69 168
41 203
252 283
60 211
15 123
27 40
202 231
200 204
220 264
108 251
46 165
54 60
253 285
33 125
142 266
132 247
132 208
20 115
14 126
65 195
53 72
11 175
67 150
19 134
55 222
86 225
55 170
76 156
23 44
147 273
166 187
150 225
125 203
83 158
36 119
205 207
137 247
94 111
71 124
189 263
148 181
120 275
20 61
171 186
52 285
136 254
151 244
79 94
17 255
218 230
44 249
87 91
101 273
48 280
167 271
42 246
4 185
32 90
109 192
239 279
83 137
130 150
13 92
24 111
165 185
85 237
63 181
10 255
29 214
74 256
81 156
21 262
116 261
111 186
10 211
48 168
141 196
21 177
0 228
32 276
69 160
23 284
29 207
42 126
129 164
110 153
11 22
123 136
110 277
144 205
59 78
86 166
51 265
61 180
10 23
65 252
93 198
12 29
193 255
122 247
78 267
64 263
44 82
42 111
43 154
3 259
155 279
169 265
170 242
22 105
210 265
30 257
113 133
130 281
40 96
32 37
29 101
220 249
39 76
56 192
0 34
66 177
102 139
176 284
158 162
149 221
210 237
54 252
20 110
111 195
40 71
100 175
18 199
165 215
91 205
36 232
7 181
1 229
127 245
160 243
174 203
223 254
47 218
219 280
70 108
1 127
101 279
24 112
17 201
49 66
11 61
209 245
28 163
93 96
257 279
80 165
130 280
4 179
116 221
122 134
6 14
81 85
111 255
82 242
263 281
1 148
37 103
11 181
121 188
101 179
27 111
85 175
55 173
17 139
25 72
92 218
0 4
191 205
198 271
11 16
56 71
24 107
160 207
8 171
90 282
126 197
58 139
29 220
97 217
123 217
66 272
170 203
33 159
12 135
8 281
45 97
45 245
23 84
237 287
79 267
19 248
95 230
39 105
109 278
73 212
42 61
9 38
125 193
52 268
72 75
86 194
69 127
224 283
168 212
119 144
35 208
18 247
99 196
35 177
161 176
60 149
20 49
25 32
106 216
16 275
78 162
4 112
221 282
17 189
55 64
30 217
78 130
193 210
161 256
134 227
7 169
191 195
56 208
163 263
33 238
30 88
11 180
27 222
244 263
76 285
212 281
211 277
194 234
8 113
106 163
5 279
9 60
106 244
11 152
72 154
26 154
143 221
105 260
3 167
68 154
12 172
33 126
89 108
57 254
31 267
239 273
123 177
0 55
6 162
188 230
90 153
173 206
221 250
37 186
195 279
38 41
43 127
7 60
13 42
97 234
92 122
90 231
61 276
52 159
3 61
116 215
6 22
60 77
99 165
87 262
38 61
69 244
64 66
70 188
208 248
86 159
31 112
188 267
65 96
41 134
26 280
180 282
154 170
97 201
26 268
25 121
120 121
191 193
11 224
89 119
46 129
25 59
210 287
54 166
9 165
164 211
39 255
24 136
17 278
211 229
26 119
231 232
43 81
39 214
45 124
160 162
7 167
106 286
266 280
137 192
74 110
14 72
118 261
83 117
65 286
88 97
136 251
143 212
87 146
134 255
153 214
164 266
99 149
75 249
23 235
53 200
169 276
13 193
34 199
128 196
28 151
30 38
22 273
53 250
12 39
20 58
57 64
18 214
45 223
168 252
92 196
76 146
132 224
89 261
9 139
62 107
30 51
74 185
3 171
144 184
90 219
43 130
7 214
52 90
41 42
27 173
56 106
163 236
70 116
52 155
86 257
48 198
122 287
63 111
25 260
37 181
60 287
69 190
258 265
51 199
86 183
157 252
0 120
224 255
11 221
98 258
71 202
140 238
98 167
143 246
196 202
205 260
4 148
5 25
189 235
229 254
29 67
176 192
153 221
129 269
174 175
75 157
31 162
200 205
66 205
29 231
23 114
72 160
187 272
80 111
252 268
118 221
82 116
19 141
187 202
99 231
64 139
37 123
146 177
31 66
92 138
93 227
184 223
20 38
9 232
106 278
46 106
119 191
106 283
86 239
44 77
68 162
187 266
82 217
30 95
0 207
111 132
174 231
82 159
48 227
103 234
30 221
16 151
214 282
39 134
170 282
174 205
144 244
101 195
42 268
50 90
230 270
203 252
150 250
192 249
67 69
159 282
146 154
229 251
61 67
23 280
150 247
171 246
67 211
27 219
18 111
97 287
67 157
175 283
127 191
166 273
59 256
72 214
41 217
3 107
180 279
170 223
140 228
28 73
8 254
96 179
207 278
32 88
95 190
151 222
30 140
135 158
150 243
91 141
49 87
207 276
30 104
45 53
97 143
220 232
12 174
99 285
71 279
83 141
69 148
16 130
234 281
190 219
31 231
108 243
60 199
177 229
61 219
192 271
30 238
124 180
90 235
71 272
63 209
187 227
143 259
5 215
43 196
115 196
55 165
89 144
34 126
145 228
190 233
76 112
36 83
204 229
136 182
52 62
54 79
174 272
21 84
18 238
233 239
22 153
27 79
241 278
38 269
99 113
119 140
112 272
131 268
175 203
196 282
15 122
156 191
7 188
77 240
144 223
66 230
11 126
98 103
116 286
24 51
62 236
49 253
35 247
155 187
27 88
13 160
4 143
251 286
94 205
102 174
7 191
123 174
56 141
168 215
208 227
44 86
15 254
37 282
21 198
23 162
30 92
51 188
98 184
117 151
1 53
0 262
138 206
111 285
76 277
3 26
45 99
35 259
164 190
71 79
214 257
226 271
49 63
20 184
45 242
10 85
38 211
57 147
13 197
80 168
40 84
87 129
105 250
171 212
8 193
117 156
218 229
8 176
251 262
10 32
250 260
154 178
134 192
222 231
193 272
207 259
188 258
98 235
1 162
159 278
59 263
95 287
44 127
185 233
54 129
121 160
114 122
43 242
152 229
223 255
228 267
53 228
6 188
38 144
27 70
65 176
12 152
163 244
5 181
42 82
35 132
109 215
79 252
101 193
142 195
41 198
176 217
119 150
12 158
85 224
162 181
180 206
6 159
49 171
55 106
33 55
69 223
89 114
126 155
71 129
127 166
128 284
100 250
86 275
106 230
170 172
53 240
30 213
241 250
98 213
37 234
88 113
82 267
11 85
151 276
173 228
283 285
6 67
229 256
12 224
105 178
232 267
42 263
113 206
49 76
104 205
52 76
118 166
28 81
261 264
6 112
89 192
63 266
46 201
130 163
45 113
143 214
1 197
73 148
239 277
107 244
209 275
26 218
8 249
62 97
173 248
33 255
185 237
37 248
18 34
120 242
44 239
160 238
114 150
79 205
133 213
113 160
30 215
194 257
73 104
31 283
56 204
95 205
49 147
160 224
114 231
37 100
161 233
111 126
84 234
12 132
127 131
125 215
52 103
83 214
15 271
53 83
23 287
224 256
19 133
50 281
106 200
91 156
63 107
69 192
2 196
66 139
52 112
81 249
24 247
7 223
63 84
16 154
231 235
169 178
99 154
142 153
78 194
177 231
21 93
158 199
9 156
201 262
17 66
16 164
13 265
17 239
0 240
199 274
13 233
208 237
143 157
140 209
108 208
60 169
35 45
135 136
10 262
74 170
88 128
99 249
41 103
82 175
178 272
178 273
128 191
140 270
31 152
27 150
114 276
4 107
199 232
100 191
3 58
62 134
38 234
94 151
47 188
49 154
162 267
21 270
45 263
162 280
129 217
54 80
14 203
213 239
83 191
47 206
46 192
109 266
100 186
16 134
103 225
138 237
87 101
183 251
7 124
47 112
73 235
153 175
87 255
115 166
44 277
116 220
106 189
145 231
14 209
150 246
213 238
29 95
164 243
41 45
34 238
39 196
0 19
54 107
156 278
162 163
26 30
205 236
178 216
16 18
76 80
277 287
34 56
261 283
53 59
122 151
188 210
56 96
11 65
65 70
13 181
4 102
143 191
29 172
10 44
5 281
17 74
62 187
257 274
66 113
8 144
10 170
155 287
263 283
77 113
4 281
28 119
58 62
212 245
179 217
108 146
64 265
34 273
131 258
246 267
0 64
108 250
138 239
96 219
13 164
59 108
144 278
92 247
90 264
5 234
138 177
29 185
11 127
235 239
41 275
65 197
6 179
131 280
64 244
29 71
204 269
209 281
117 255
43 235
69 107
100 111
188 254
72 256
91 114
59 226
104 185
54 276
165 232
35 206
29 234
40 287
220 262
114 235
188 287
235 284
99 194
96 193
37 168
149 255
203 272
92 117
23 197
63 202
259 278
65 93
66 104
34 131
226 243
186 234
20 166
77 81
63 254
61 286
48 226
55 115
8 98
160 232
97 129
71 198
252 275
106 117
38 105
91 134
244 261
3 201
144 189
36 108
247 270
228 234
104 128
140 199
260 273
5 224
127 208
40 178
143 151
1 107
18 155
98 183
181 194
17 175
139 178
102 115
148 211
15 163
137 201
42 244
124 246
60 180
208 280
153 276
35 194
209 226
94 128
120 162
179 182
207 274
146 234
184 242
121 144
104 214
168 219
158 269
19 35
53 274
128 238
40 143
80 230
9 19
178 204
63 223
47 91
163 214
28 257
108 197
63 199
28 223
115 239
74 272
77 153
147 202
126 271
134 220
37 171
107 143
136 243
44 276
154 238
19 132
1 52
8 82
85 245
186 271
93 147
30 43
43 68
37 235
115 215
25 82
109 133
28 276
27 228
242 273
28 118
40 213
116 190
180 285
123 242
163 245
88 208
147 287
50 284
140 193
169 269
268 270
124 233
69 226
135 268
51 224
111 120
52 202
84 235
118 212
36 121
192 280
109 190
221 248
0 266
82 155
48 235
58 121
217 219
27 130
122 144
100 215
136 158
41 232
148 255
60 131
231 274
43 287
72 113
11 253
237 283
0 286
13 46
196 265
12 176
247 251
158 161
87 107
108 149
182 203
40 233
89 172
13 67
20 228
4 263
154 220
22 79
213 214
184 245
62 255
69 179
236 272
30 274
167 191
102 187
143 204
192 276
86 201
201 206
223 277
154 207
7 180
211 225
128 198
28 263
234 251
196 225
32 61
235 279
2 167
25 185
98 114
26 265
55 263
176 232
173 249
126 252
49 136
37 136
106 222
89 109
55 212
62 63
58 150
181 223
234 270
46 230
163 218
92 274
155 159
222 273
74 100
62 119
93 226
75 175
27 114
22 230
99 281
112 208
73 161
6 263
128 260
103 245
47 120
83 260
87 95
157 263
186 256
22 93
247 276
77 199
232 248
249 273
130 277
82 261
58 158
82 93
159 220
246 268
103 165
68 128
206 209
56 272
125 282
15 133
179 224
127 161
57 272
36 82
72 187
203 220
10 77
67 88
186 261
90 212
13 83
125 248
8 270
140 144
164 209
21 139
60 234
31 208
50 210
13 66
193 211
159 169
188 222
78 215
3 191
188 251
136 177
18 243
176 208
47 113
166 237
128 194
146 231
202 244
17 183
13 112
67 98
135 269
110 243
62 244
0 278
180 227
50 242
0 221
63 235
8 146
48 228
113 182
6 92
35 63
98 263
23 62
139 225
32 115
35 272
194 277
112 265
21 92
140 280
36 114
171 213
117 206
94 149
151 205
145 154
171 241
199 209
120 161
83 86
34 188
260 263
39 199
204 278
162 224
115 157
182 196
10 109
91 148
186 188
184 222
25 103
87 270
189 200
141 249
71 143
129 263
227 239
267 287
55 216
41 168
94 269
121 235
153 227
114 164
66 81
129 195
22 160
145 185
122 143
221 266
53 86
240 241
40 188
84 209
2 109
219 278
101 127
99 235
130 284
152 212
164 249
121 171
172 203
124 234
14 129
280 287
71 181
16 119
59 204
66 250
189 241
126 144
41 221
100 184
124 185
66 76
128 130
215 278
82 129
174 262
72 284
86 278
69 94
191 268
48 171
113 268
68 139
150 266
119 273
25 228
118 240
19 251
6 30
171 204
9 90
77 215
24 48
157 251
142 175
68 160
68 140
1 249
141 261
86 213
243 284
54 59
96 114
60 197
44 259
171 267
149 172
182 260
206 258
176 248
17 169
60 130
178 256
37 58
123 226
140 260
165 281
13 245
37 242
9 74
38 76
168 272
13 261
67 244
24 115
121 189
108 145
0 5
63 263
161 206
17 231
129 236
153 186
3 181
68 258
126 280
110 267
67 79
149 279
89 107
225 272
192 211
127 195
58 153
212 280
80 183
4 202
86 164
136 226
66 255
52 148
212 274
80 166
248 251
216 223
105 161
0 9
22 165
109 144
163 257
103 228
75 194
58 210
56 202
0 235
17 187
205 218
2 150
13 150
162 276
85 100
88 181
27 285
54 271
35 135
21 269
63 272
94 178
215 245
58 148
41 122
18 198
185 212
140 192
200 201
133 214
238 266
19 266
153 278
155 250
51 86
54 199
49 234
27 178
132 265
214 269
226 229
49 192
46 88
101 201
45 172
224 232
23 32
154 171
181 259
25 154
46 138
124 163
12 110
67 139
109 209
33 72
3 68
4 274
12 191
67 154
175 251
21 147
106 207
93 178
61 117
60 190
111 129
71 278
150 211
1 178
83 103
25 164
71 271
47 83
32 258
162 237
243 282
87 174
44 198
129 270
189 226
97 156
206 237
97 102
78 149
45 130
130 149
3 109
198 262
67 287
148 176
122 152
19 145
173 273
149 263
84 144
236 265
142 155
132 181
278 282
96 244
84 95
13 105
34 217
215 259
11 235
84 131
105 112
204 211
40 193
107 180
107 183
80 229
147 249
67 283
9 181
218 283
11 214
65 66
100 269
37 130
113 126
12 188
248 269
114 286
133 184
12 225
47 114
24 66
10 249
77 165
78 116
108 172
56 104
188 283
4 104
87 136
52 100
63 275
154 161
14 25
28 183
53 70
43 116
57 264
60 74
77 241
36 246
109 261
19 25
139 169
20 167
89 174
129 241
95 223
13 250
66 110
138 182
105 246
33 73
124 142
216 258
72 255
221 232
45 134
48 274
61 194
42 148
28 100
15 286
81 197
91 195
183 254
13 195
79 265
9 271
118 226
84 220
115 252
59 118
133 173
99 256
159 231
119 254
90 125
82 177
98 281
64 165
170 274
59 92
78 236
35 179
27 274
69 105
110 275
17 281
11 208
18 173
131 156
31 186
155 261
168 183
171 234
227 237
42 167
229 245
8 14
57 190
167 247
104 207
264 272
232 271
26 96
29 251
71 86
18 228
264 277
232 280
156 229
42 186
62 114
183 266
60 88
87 223
45 118
80 206
198 254
19 131
1 10
18 195
49 95
128 145
24 53
56 259
190 253
65 270
5 273
59 200
61 100
28 287
4 115
116 147
116 233
89 116
194 272
158 228
10 59
75 80
24 274
176 181
78 115
11 110
229 230
18 101
52 128
63 80
89 146
122 240
91 228
165 222
51 115
46 284
44 197
52 57
131 275
150 178
168 228
73 202
177 192
146 274
192 270
59 70
212 269
136 210
64 147
31 136
18 251
220 223
71 210
85 207
103 184
65 282
158 206
48 50
60 153
252 272
43 243
60 129
59 228
147 259
12 251
39 190
32 253
23 150
15 101
77 111
168 255
218 252
42 72
20 34
57 93
96 184
95 286
61 101
13 152
5 80
61 94
101 188
15 65
192 285
120 263
21 113
19 38
2 279
51 82
202 281
125 260
20 137
153 240
124 126
171 232
111 201
75 88
113 207
62 154
26 52
3 280
37 150
205 272
149 163
247 275
58 233
94 180
44 246
40 231
49 59
54 281
109 269
68 159
12 143
0 87
6 40
13 55
29 115
21 94
146 151
84 165
93 124
45 243
15 42
149 251
58 265
192 245
46 266
37 214
78 124
208 215
81 133
225 257
168 199
25 129
74 275
179 254
42 53
81 202
171 262
210 241
153 208
59 250
112 286
232 243
79 157
112 199
62 111
48 51
47 121
81 247
140 168
137 178
208 233
176 197
173 182
131 253
167 285
24 206
28 122
167 237
137 238
68 201
115 212
171 264
121 207
50 66
146 246
194 209
14 134
135 160
201 281
238 265
77 175
52 266
68 246
82 163
125 277
162 261
156 231
2 188
25 212
120 236
77 118
59 137
63 214
70 85
9 59
185 205
37 237
8 106
12 121
68 238
73 207
49 186
48 49
198 224
164 234
130 276
135 236
202 252
61 165
59 222
86 197
160 170
100 181
156 162
198 273
63 231
164 260
179 223
168 247
60 93
16 235
43 155
98 211
222 275
39 236
19 91
62 93
123 142
144 177
96 97
215 264
16 51
197 270
103 272
145 245
18 164
20 211
217 236
93 230
167 272
229 252
96 216
16 163
83 132
248 262
106 179
137 274
45 221
72 235
195 199
34 190
33 244
14 70
83 240
67 161
16 185
169 224
88 252
127 196
126 143
70 158
24 214
16 49
46 51
64 131
149 227
36 228
179 270
5 225
7 227
90 103
76 131
79 206
85 89
41 186
10 221
73 249
68 241
201 236
191 227
50 264
58 187
7 132
113 230
127 210
83 258
47 135
31 192
168 221
1 38
85 166
172 174
30 69
0 164
2 190
21 36
137 271
160 182
99 248
136 234
89 237
109 173
221 287
20 213
12 217
29 126
125 153
150 190
151 250
139 161
25 47
138 141
67 97
87 213
168 254
33 181
40 230
6 166
174 199
5 57
67 259
266 267
26 120
84 208
69 265
148 197
75 287
15 18
94 202
139 278
115 151
59 143
263 270
184 282
3 283
259 269
193 280
92 287
55 102
96 185
46 53
100 277
34 165
26 189
32 256
101 135
207 220
54 221
52 241
14 166
69 132
4 128
177 269
2 54
17 122
34 132
146 161
32 263
217 277
94 190
102 231
12 177
22 132
78 257
173 282
159 260
72 105
44 275
237 250
182 238
72 121
0 132
231 241
31 153
149 150
39 122
83 97
51 176
123 198
86 244
75 190
179 215
168 209
184 204
162 270
105 251
61 149
56 281
128 152
53 76
128 227
50 89
62 205
7 83
136 277
50 239
150 154
221 278
89 257
14 285
168 184
140 283
47 59
61 74
26 176
14 195
13 230
80 137
215 268
128 210
45 171
122 232
95 258
65 231
222 225
190 210
52 209
181 277
106 218
122 140
95 277
118 284
113 284
82 250
26 90
51 261
124 280
39 260
40 122
27 41
102 202
5 13
44 153
85 214
53 123
137 189
177 198
138 266
112 192
177 272
151 273
50 56
151 217
147 212
201 237
55 215
80 153
31 127
52 162
117 195
40 280
182 230
180 283
17 39
169 225
234 282
60 274
0 97
54 212
36 155
67 133
70 176
57 245
19 254
10 183
57 139
24 164
49 272
45 48
84 254
47 170
40 276
21 72
176 277
275 279
52 203
140 194
63 258
190 221
58 213
96 133
111 149
93 241
82 279
115 159
42 125
193 263
132 211
5 155
55 180
2 192
126 189
49 166
72 229
73 134
148 230
40 99
30 66
97 166
125 233
21 255
33 283
80 158
226 237
16 85
48 85
81 146
27 212
116 247
49 130
116 137
111 115
28 164
121 147
43 193
46 146
55 85
1 97
19 48
218 272
0 36
178 182
164 207
95 236
12 238
51 149
63 93
134 150
138 236
269 285
88 277
63 131
190 252
257 283
15 214
160 285
11 168
120 286
38 145
140 279
136 240
185 279
79 137
193 274
106 238
75 258
71 241
59 134
116 194
78 100
184 191
19 117
242 265
25 51
68 112
90 180
125 152
16 213
125 138
224 238
68 263
10 112
17 210
22 52
184 239
51 227
40 159
12 265
88 283
42 216
115 226
185 269
34 60
117 244
119 164
190 215
117 173
40 263
45 264
78 87
113 180
16 160
178 193
23 223
31 109
133 254
110 214
113 241
203 278
19 212
216 281
108 117
126 163
30 224
46 205
174 210
37 207
69 208
13 255
87 280
3 187
40 204
213 279
185 265
215 250
35 48
208 281
77 157
85 184
7 98
84 173
134 258
179 282
130 287
41 274
9 186
195 284
199 247
28 264
26 239
256 265
91 284
108 241
103 200
33 264
61 197
43 137
74 81
162 247
110 121
84 93
91 215
132 206
165 181
50 171
103 262
80 273
226 253
245 258
18 165
9 249
8 223
138 257
246 250
25 176
41 170
48 163
115 174
92 221
62 67
37 113
95 220
0 139
62 283
8 172
34 54
84 260
142 252
26 106
28 282
88 173
128 171
95 276
25 234
246 260
37 167
21 107
5 214
24 114
0 219
1 221
201 264
164 198
9 259
83 91
142 218
69 276
121 196
171 235
4 282
63 143
14 227
13 203
21 193
154 156
197 276
26 264
134 243
177 248
62 220
48 271
5 28
4 37
175 233
16 20
1 68
269 274
125 259
50 201
39 111
46 49
40 257
78 188
188 270
1 136
128 266
64 254
199 262
153 187
34 232
210 271
82 157
110 174
42 162
152 240
43 69
31 86
16 194
158 263
156 206
16 73
17 160
94 236
60 97
59 210
25 236
84 128
104 127
61 98
194 199
40 102
90 234
163 223
114 129
59 248
147 213
127 158
40 248
63 65
50 196
63 221
92 211
229 246
20 43
84 197
117 275
50 143
17 79
206 248
247 269
7 52
88 180
42 43
227 286
91 232
0 265
56 119
148 245
65 107
88 194
10 43
29 209
165 214
165 247
243 269
274 277
40 49
118 188
55 248
227 234
116 202
28 105
133 260
47 283
128 229
251 267
204 282
8 170
47 190
28 95
78 189
0 191
30 174
11 226
272 276
105 268
135 148
96 224
62 202
214 244
5 186
121 138
19 85
86 104
64 148
47 232
154 166
2 122
113 223
161 190
159 205
27 264
95 128
201 235
189 243
139 279
110 241
70 222
119 251
111 163
11 219
20 198
28 229
154 182
33 46
196 261
47 142
45 91
118 211
71 151
175 263
130 259
33 197
18 189
78 237
46 281
174 228
133 230
60 115
102 164
82 123
84 142
208 243
46 186
50 236
0 26
4 250
202 239
182 273
25 241
88 201
74 266
151 281
120 163
79 255
17 34
145 260
102 185
101 220
129 204
143 186
73 98
118 136
32 152
74 155
30 240
91 250
80 287
96 117
173 190
225 270
133 279
49 82
167 199
212 248
9 120
227 229
38 196
129 168
32 229
80 197
20 214
42 151
40 235
56 111
23 177
36 197
64 94
211 212
170 187
22 141
33 268
97 142
44 226
116 255
115 270
53 122
59 265
74 82
38 241
131 237
111 157
138 185
176 262
0 125
110 262
194 196
91 125
107 286
26 43
88 174
109 236
21 38
169 173
32 131
43 176
44 115
127 211
122 264
128 155
132 273
146 265
94 258
47 203
184 232
67 128
117 271
27 93
68 175
156 197
176 218
128 148
103 213
137 277
3 64
172 201
106 169
24 81
208 249
134 278
139 177
105 218
70 239
105 130
8 100
63 185
82 162
55 279
19 240
74 180
36 204
47 233
91 249
84 120
2 101
42 215
134 212
4 129
213 221
69 162
220 247
263 268
148 233
86 139
6 184
172 189
100 180
22 31
27 204
89 264
93 256
77 209
104 117
163 178
225 248
169 258
52 214
128 133
121 226
77 168
186 187
35 175
32 67
56 197
84 89
84 88
79 84
54 123
141 242
18 269
129 256
152 186
246 270
50 260
97 186
22 255
117 125
42 178
81 187
122 233
43 138
3 161
12 30
190 285
35 130
143 165
209 242
189 274
99 148
42 160
96 169
84 150
72 192
167 261
64 118
36 141
70 161
65 138
87 124
160 164
18 232
30 161
4 94
232 279
94 255
255 287
54 237
127 276
15 46
144 158
161 235
35 57
66 160
213 263
72 237
48 188
234 237
170 263
74 109
129 144
220 256
117 260
14 59
215 226
184 210
37 128
22 240
54 274
44 65
35 145
60 285
2 253
212 265
178 247
93 234
103 236
65 254
149 226
9 150
31 205
139 228
87 272
64 172
60 105
16 285
54 112
81 164
219 244
54 261
249 254
47 72
8 152
46 67
88 280
10 268
177 182
9 28
13 107
129 136
32 79
56 61
19 146
126 193
105 132
133 229
239 256
47 172
65 162
129 221
60 271
114 117
31 105
111 150
29 63
203 270
40 172
72 169
22 92
199 242
9 228
188 272
53 198
265 277
173 269
233 257
99 147
7 233
10 95
277 284
15 262
122 245
16 172
77 204
27 53
42 108
27 181
147 155
56 144
92 208
35 183
131 287
41 182
92 241
152 268
112 259
15 213
58 119
110 181
195 255
64 207
50 216
63 145
84 155
124 188
190 274
209 241
17 225
26 276
118 189
70 102
1 39
216 238
56 120
138 190
131 272
76 113
6 142
26 168
77 142
110 283
103 251
33 252
126 145
116 183
12 55
12 212
21 137
197 281
10 156
179 265
238 280
21 232
71 148
9 173
154 195
42 163
92 177
14 253
141 266
79 146
17 241
119 185
141 197
118 191
72 285
95 151
10 142
184 216
7 235
179 227
88 152
65 181
77 229
31 249
219 259
160 210
173 278
24 212
25 249
38 280
18 76
13 248
187 216
219 282
131 216
170 195
29 144
2 126
36 144
101 208
180 286
1 169
56 153
64 106
7 29
57 148
58 94
51 229
14 113
217 239
9 81
32 106
134 176
241 266
136 286
69 269
142 254
180 243
36 226
76 219
81 190
18 277
62 192
42 157
163 175
191 254
240 272
68 83
79 188
41 142
95 102
32 119
6 107
13 49
59 178
182 256
43 238
124 271
45 145
88 99
123 190
194 260
111 192
75 218
43 93
42 231
127 180
51 196
13 121
174 285
156 284
79 263
129 257
221 286
145 164
264 267
177 255
251 265
61 258
65 188
34 153
152 231
143 181
232 266
6 261
11 239
55 206
58 75
113 198
107 174
20 169
75 209
153 184
95 171
104 213
6 11
109 216
216 241
102 172
172 184
173 181
157 224
46 286
205 223
140 185
137 211
33 107
46 188
125 210
135 280
52 135
91 265
34 35
96 240
99 156
123 185
44 167
132 140
180 271
99 176
78 168
173 232
237 256
74 175
68 286
24 95
68 275
111 214
240 283
52 276
55 78
50 158
100 276
13 234
0 263
231 275
56 165
134 165
7 105
215 239
89 94
61 102
19 260
79 181
86 148
79 242
253 263
198 255
110 165
70 118
183 232
96 143
100 173
178 227
95 256
177 249
5 173
12 199
43 150
186 263
67 137
151 181
28 125
34 203
15 180
33 54
72 239
35 120
39 131
44 154
152 190
56 234
159 173
16 281
110 261
220 225
81 264
53 148
171 240
146 277
137 203
65 137
4 98
166 178
30 52
83 281
72 177
252 287
164 246
181 226
87 248
176 259
30 151
4 13
90 263
146 278
30 119
80 258
90 177
147 260
52 164
86 221
15 105
78 199
32 220
37 146
128 181
173 252
32 153
74 253
180 265
135 145
76 189
31 274
110 196
24 259
3 99
108 143
81 196
124 253
151 266
96 233
209 282
6 79
160 171
89 135
22 187
37 216
64 266
4 57
239 287
198 222
57 185
90 154
158 189
79 224
192 210
88 226
142 234
115 277
141 154
107 182
104 209
88 119
140 248
121 208
47 103
14 128
0 162
220 229
75 228
123 212
206 220
186 201
15 119
174 284
172 216
26 217
2 42
87 115
23 250
67 170
192 221
28 235
89 106
20 223
98 161
3 197
39 119
203 217
33 208
16 56
136 221
15 193
15 281
76 96
77 232
168 261
96 170
25 41
272 280
64 219
70 200
5 61
163 195
6 12
58 248
44 64
15 227
12 267
217 242
108 140
36 258
109 270
267 270
48 284
260 284
150 271
41 171
24 172
190 217
152 170
136 230
229 270
29 271
92 109
111 159
133 231
72 218
108 194
189 252
55 257
53 124
29 204
213 225
96 259
209 274
211 248
51 231
11 212
85 158
148 219
10 173
205 217
149 166
72 98
12 15
29 59
119 236
38 94
104 238
131 232
148 254
102 248
0 22
65 166
102 212
73 99
188 268
189 234
94 231
153 218
166 286
121 182
27 136
61 174
53 114
5 191
52 150
53 285
23 255
102 195
61 113
59 65
158 227
98 212
4 269
136 167
137 147
27 139
167 204
17 273
17 129
184 269
171 210
113 277
115 194
14 215
12 151
3 266
29 285
99 238
10 47
135 213
99 153
11 227
7 202
125 261
63 126
13 186
56 132
242 244
40 74
15 63
175 231
12 226
133 147
206 207
108 276
28 245
116 211
47 107
154 191
187 218
140 187
27 250
197 268
218 227
35 49
64 153
74 211
35 59
77 231
144 188
35 71
123 260
221 283
42 233
61 80
2 19
50 86
93 285
152 175
170 220
62 246
0 193
130 286
28 171
28 33
144 251
26 282
31 184
188 275
108 275
145 278
99 130
23 149
219 227
30 201
20 133
43 230
137 232
15 31
23 283
97 256
133 145
127 247
221 274
15 231
71 273
123 238
193 241
33 260
86 222
153 228
134 275
66 273
118 187
185 260
108 178
69 120
42 287
28 236
13 88
83 227
145 158
7 256
85 143
12 106
71 150
96 265
91 151
75 76
2 191
78 138
191 230
93 266
111 270
142 220
132 248
14 84
5 18
38 232
11 130
45 261
10 58
23 72
54 233
51 194
132 267
170 202
126 239
62 91
33 154
11 244
170 183
39 173
18 120
97 208
48 260
168 281
54 144
31 76
49 163
162 179
68 203
82 234
31 252
209 276
122 138
106 186
30 122
148 234
31 102
9 193
247 259
94 176
256 257
148 162
37 81
44 131
56 186
149 249
52 107
97 244
83 177
216 230
67 187
130 218
31 71
11 91
34 268
48 161
204 270
61 254
163 277
201 208
232 257
140 267
49 269
162 175
84 96
46 227
197 234
57 247
225 226
152 216
92 244
70 286
75 208
194 263
184 267
82 200
124 229
205 239
13 35
129 212
124 147
46 259
66 236
86 134
34 162
114 177
129 161
115 267
160 204
153 203
117 159
87 162
179 245
91 110
123 275
84 253
56 201
70 150
73 74
49 235
44 100
10 128
153 172
176 182
155 284
60 109
229 275
169 221
32 137
119 196
44 94
209 256
199 287
36 238
191 196
45 182
98 178
10 151
236 285
55 186
136 145
29 253
12 264
59 193
81 128
209 213
63 251
60 268
82 216
119 279
83 179
57 127
87 104
27 96
135 219
98 100
4 283
59 122
50 271
191 277
131 240
240 278
65 117
254 287
31 94
217 252
160 231
3 106
65 256
174 180
36 247
132 185
100 198
150 191
48 78
55 127
7 157
33 209
150 275
72 171
103 227
6 279
97 210
150 233
74 208
34 185
54 64
1 183
186 238
220 255
25 199
75 270
24 265
125 168
161 242
158 209
8 47
249 260
70 285
5 32
88 171
70 124
91 92
134 265
7 279
101 174
125 147
45 239
104 243
97 172
17 86
52 157
63 113
101 140
38 283
196 231
233 269
27 195
156 205
84 223
145 258
230 279
152 245
29 98
193 238
19 49
195 251
153 162
95 240
3 223
50 141
191 271
116 176
107 246
14 119
141 177
90 140
48 125
95 231
115 247
254 284
245 265
133 153
98 282
70 195
33 194
61 73
115 128
119 232
102 156
9 30
18 119
39 114
107 270
132 280
55 245
144 183
46 207
159 261
21 276
69 213
30 197
102 138
59 128
25 187
187 236
97 138
175 266
102 229
242 243
233 250
83 220
182 218
115 202
187 260
23 98
22 118
115 273
1 184
106 232
124 207
38 135
224 278
28 74
238 271
78 103
117 191
37 169
63 174
203 249
0 15
16 95
56 210
125 245
118 244
19 65
91 144
75 206
231 276
234 249
206 255
255 284
80 112
33 172
44 257
56 142
105 198
14 46
113 142
185 187
90 110
182 184
18 56
20 224
110 139
47 157
161 225
64 86
144 146
103 250
20 193
93 271
223 262
35 43
8 114
56 109
24 192
20 259
22 55
67 265
52 81
226 276
99 140
32 281
196 241
68 237
9 277
27 164
100 169
264 275
57 278
42 52
33 265
4 149
25 99
28 69
63 157
225 239
79 164
42 213
4 198
25 75
81 230
8 275
111 234
32 138
178 284
143 196
60 227
82 103
53 245
200 249
47 228
112 229
127 265
13 37
175 230
85 242
216 226
53 234
54 270
122 214
113 175
83 268
49 52
68 153
123 255
31 229
186 259
144 206
150 169
23 260
28 111
150 236
34 94
113 212
49 215
97 199
173 261
121 222
15 127
27 221
15 283
227 228
90 286
102 149
35 196
212 249
22 262
67 92
52 184
12 62
4 183
45 102
13 127
56 123
211 258
108 118
46 191
81 153
128 244
68 287
43 211
16 190
148 184
24 93
42 182
20 149
122 224
54 256
38 268
79 287
186 236
60 204
1 84
90 256
139 208
223 251
39 283
192 215
176 231
132 283
265 274
161 200
77 172
41 287
107 232
6 264
120 238
101 232
250 266
43 64
139 254
142 146
117 133
3 71
43 160
55 162
118 164
170 258
66 185
75 142
35 138
130 226
277 282
115 256
60 191
60 252
155 281
59 236
131 193
10 30
114 184
61 263
92 261
89 278
20 278
17 30
141 175
116 170
69 220
96 226
41 86
93 233
68 168
222 253
243 254
3 133
94 124
10 237
109 240
16 181
208 257
239 269
258 264
175 187
74 129
113 115
79 183
10 252
92 212
88 127
31 115
215 283
182 206
42 206
195 261
151 165
196 249
76 110
65 111
95 145
94 194
105 137
221 224
178 215
0 48
196 273
8 185
96 257
11 135
57 237
12 285
88 272
116 214
96 287
23 191
52 238
37 223
97 175
28 214
33 204
86 217
34 139
33 215
67 119
58 274
50 149
121 284
20 42
211 251
76 274
17 78
64 272
31 155
17 280
116 128
207 222
0 210
230 257
55 269
95 122
77 92
163 219
116 287
157 196
64 245
7 137
226 283
16 41
33 226
14 31
99 116
0 31
71 240
103 263
51 223
124 154
160 198
96 147
79 116
7 195
71 201
16 17
204 207
128 160
152 211
53 235
10 139
153 280
121 183
116 130
101 287
54 109
109 197
121 153
136 138
134 154
74 248
189 221
108 116
114 118
51 158
114 253
124 259
248 287
250 251
228 280
39 209
134 251
172 224
25 109
64 80
70 180
142 221
2 271
117 137
0 251
29 62
124 169
58 127
214 215
89 99
76 158
18 204
61 266
89 124
225 232
120 265
68 171
23 109
15 93
187 269
171 239
14 68
38 226
149 206
132 210
120 190
13 146
48 275
39 166
24 271
86 93
15 162
100 264
148 287
131 191
161 210
149 268
6 187
29 281
76 221
213 280
23 81
106 260
182 213
111 131
142 199
152 227
194 276
100 176
197 247
26 181
239 280
1 270
43 45
87 158
4 54
62 200
49 236
42 234
200 225
197 230
45 127
39 103
68 174
3 257
52 187
157 189
201 259
31 74
13 129
23 234
157 203
10 235
171 268
7 75
161 274
22 284
10 217
65 185
62 234
94 193
262 277
128 275
167 253
70 107
51 87
30 149
98 187
46 86
88 265
143 271
153 182
22 260
96 158
184 274
4 85
62 268
12 52
123 191
257 261
115 125
78 163
46 187
242 246
9 154
15 88
0 208
33 236
207 250
15 209
180 247
35 260
172 194
63 187
89 97
177 206
76 188
29 273
251 261
57 163
139 204
3 149
134 226
75 180
44 83
28 230
42 90
10 250
163 184
18 158
150 234
158 268
46 189
251 274
8 86
65 280
53 127
48 233
83 223
75 129
203 216
152 187
44 58
145 223
4 124
31 198
21 258
91 242
34 196
98 182
51 195
49 214
47 118
104 200
111 148
120 167
71 161
138 279
2 275
187 264
56 117
57 66
7 280
13 131
76 280
25 107
142 271
108 213
117 223
48 73
27 247
28 209
132 143
183 206
17 136
76 195
10 137
97 178
163 211
35 72
52 136
87 131
223 226
44 57
11 199
41 225
127 273
214 233
62 230
160 166
184 199
27 211
77 148
193 281
128 248
123 203
126 209
189 269
18 108
2 7
128 263
15 175
19 173
205 229
2 152
23 142
102 201
178 264
64 268
13 192
78 109
69 130
17 123
31 209
92 265
189 261
148 244
153 251
108 134
157 202
20 199
184 285
245 282
1 112
42 161
142 256
215 222
28 185
20 31
164 183
180 189
147 285
81 105
119 202
29 265
50 115
207 286
161 238
54 184
67 124
50 130
87 157
73 105
29 186
79 211
4 232
205 286
94 260
83 197
20 47
133 208
45 265
124 201
235 247
16 25
62 197
41 91
113 211
118 207
116 264
215 257
150 264
6 72
69 263
86 199
131 261
53 165
119 141
36 159
167 198
9 133
24 226
52 66
82 110
41 172
5 177
27 103
16 240
22 149
10 223
143 260
193 208
96 113
176 210
10 42
97 189
50 53
29 88
23 180
199 281
75 273
81 110
2 33
87 282
77 253
84 110
28 114
119 228
13 212
72 106
9 189
103 230
231 285
188 213
79 169
148 222
21 179
203 258
149 239
233 273
205 282
91 138
1 165
86 125
45 211
220 251
43 269
219 221
38 60
31 104
70 122
240 250
11 256
14 170
61 130
8 96
187 253
205 280
78 120
2 214
163 212
36 128
59 86
95 126
18 183
240 287
237 262
74 158
157 282
33 262
205 245
96 253
30 98
8 240
71 103
43 285
26 180
60 259
31 35
10 215
22 219
69 109
171 185
45 212
37 46
4 182
48 242
114 115
122 183
173 205
172 179
14 205
55 189
10 209
32 95
104 287
147 172
36 46
124 213
60 229
148 269
72 244
131 186
97 198
135 249
142 267
104 116
56 88
123 239
55 167
57 123
88 250
226 263
95 181
122 241
154 189
231 249
27 39
2 154
54 140
142 261
90 135
19 157
43 95
5 14
0 18
112 256
190 213
110 212
6 189
106 202
203 253
47 100
93 251
88 165
14 43
17 207
187 249
185 282
196 203
92 128
244 286
115 118
16 212
103 232
33 47
41 273
1 196
0 76
101 194
161 236
49 148
44 282
2 83
14 219
57 134
89 160
92 243
32 39
100 252
122 280
8 169
25 138
167 215
42 260
89 158
69 171
21 117
158 171
135 146
148 202
109 111
66 265
84 140
136 235
144 270
40 175
34 168
20 114
202 286
42 243
222 242
46 155
16 233
108 220
127 155
110 194
133 272
7 107
83 171
144 234
35 270
24 165
96 161
221 258
10 210
188 255
124 144
35 152
210 216
105 225
61 287
138 164
108 147
52 272
156 157
23 217
13 104
3 244
218 246
111 228
150 204
195 242
184 260
2 205
130 162
189 220
95 197
150 260
85 186
96 272
7 166
243 251
60 226
44 281
38 249
21 124
36 167
23 64
125 225
28 244
69 182
26 85
38 67
23 246
36 131
104 175
96 271
15 188
114 256
80 192
156 252
77 169
95 214
1 29
14 244
20 140
240 256
25 85
42 96
168 263
147 182
131 133
29 175
213 252
23 216
7 28
31 257
74 124
141 147
201 216
37 88
239 286
254 257
115 235
147 236
211 217
9 127
23 108
43 195
127 134
248 254
77 192
29 43
78 232
217 244
134 213
204 212
3 250
127 159
28 281
3 19
199 256
81 180
86 214
9 101
21 155
7 9
11 280
105 238
72 111
105 153
111 116
145 242
41 84
200 287
169 257
8 135
182 229
78 245
126 211
143 223
33 190
52 113
106 241
11 275
19 118
188 224
195 256
86 233
11 70
72 279
46 93
180 217
130 151
115 279
175 217
2 103
53 147
220 231
165 173
197 224
104 137
174 275
20 282
282 286
53 140
106 166
171 271
101 117
21 213
84 270
25 142
83 207
65 74
79 276
37 149
84 90
49 115
24 286
129 194
4 222
27 246
81 227
43 167
231 261
109 224
63 153
108 259
1 243
31 241
176 275
57 217
43 84
75 213
45 279
157 214
120 187
76 222
60 184
232 265
137 176
16 279
38 100
37 215
54 267
17 26
231 283
80 99
50 251
28 42
51 60
150 242
81 182
33 36
152 207
113 184
23 61
48 245
46 170
51 275
75 244
88 98
52 97
191 275
124 195
210 224
148 192
0 229
101 172
113 271
66 99
107 156
14 212
65 247
25 239
69 170
131 148
60 189
103 247
70 126
219 285
81 259
100 267
198 268
77 227
168 227
38 278
69 255
87 145
53 229
10 195
61 156
23 187
21 240
67 208
34 72
232 286
26 66
9 65
48 178
134 178
92 179
21 224
19 57
102 154
47 201
37 224
45 274
94 287
77 167
64 283
37 231
22 50
40 250
30 181
126 222
196 259
44 70
215 219
36 48
99 237
46 238
166 216
209 265
78 142
54 227
61 182
233 254
260 262
90 128
31 285
112 139
34 76
11 286
138 220
32 236
92 213
59 276
139 192
105 204
179 238
164 267
51 225
213 256
9 94
166 174
60 188
61 230
54 116
187 267
6 140
230 246
153 207
100 157
142 282
82 128
45 197
125 227
196 284
87 164
222 229
64 96
137 273
149 259
28 258
78 238
1 258
43 250
20 126
82 192
31 227
54 125
67 224
145 271
149 244
44 53
87 240
45 280
40 275
57 228
26 124
152 169
104 256
141 200
73 121
112 241
139 165
216 231
31 52
26 247
156 260
174 183
178 267
164 244
11 173
78 167
40 146
65 87
116 139
112 282
91 278
114 226
220 241
190 216
27 121
58 118
49 159
161 223
36 49
121 131
81 184
133 199
229 234
143 266
90 95
141 244
109 156
95 255
115 179
198 211
137 166
57 161
104 199
88 281
14 184
90 176
21 226
106 276
36 37
7 71
22 32
150 283
213 267
159 187
76 228
79 128
145 282
47 116
0 200
68 80
36 44
215 260
74 144
136 260
67 114
216 278
124 189
110 239
183 260
125 142
93 101
52 96
31 217
165 263
248 286
67 126
3 74
31 206
102 132
5 244
105 191
44 97
252 263
21 129
108 112
15 32
13 96
10 22
14 150
59 162
68 189
6 278
78 226
59 260
35 234
70 225
1 177
162 192
142 258
14 189
188 266
41 89
82 260
52 237
48 70
163 282
182 197
11 79
52 188
201 247
37 64
80 89
168 280
200 224
133 234
93 224
14 60
44 217
69 277
162 194
171 237
42 194
135 266
72 168
67 180
65 180
4 197
225 277
84 156
70 172
115 228
112 133
105 162
160 206
39 278
85 241
97 168
170 239
8 46
223 280
186 211
97 266
205 232
88 223
1 100
2 222
90 274
97 203
42 49
3 279
156 175
179 214
214 265
68 163
222 274
20 98
208 285
194 258
171 195
15 148
144 148
95 284
200 242
13 72
68 146
12 260
161 245
32 145
29 174
223 235
42 112
7 192
185 196
187 197
180 276
6 97
233 241
73 167
181 279
84 222
39 95
91 94
80 169
190 251
28 142
2 139
33 212
32 188
85 163
40 106
83 190
105 212
21 253
133 211
179 278
10 191
11 213
160 249
112 164
237 251
108 180
26 139
1 65
89 181
115 192
241 277
167 286
67 281
113 159
49 286
38 83
221 231
204 252
207 280
46 220
165 262
62 68
192 196
14 52
5 238
65 121
51 119
74 286
157 163
55 252
208 222
33 180
175 264
86 231
88 286
17 268
46 52
126 172
236 276
261 285
134 283
151 246
25 114
35 236
119 272
27 194
68 120
198 287
50 140
60 217
53 139
107 184
216 233
27 216
52 246
112 188
62 237
206 227
67 202
107 202
156 281
31 150
154 165
68 197
107 115
61 284
221 244
93 208
46 241
147 257
27 186
1 220
45 70
89 251
92 144
158 258
46 245
38 64
226 287
156 242
149 182
79 190
219 274
78 266
127 283
263 264
170 228
198 202
54 188
119 174
146 203
10 171
15 210
167 194
191 245
238 247
237 243
0 147
38 57
162 235
225 287
198 274
86 185
103 183
37 65
153 206
107 248
83 90
83 224
73 172
26 227
64 202
62 269
169 186
211 282
38 109
88 89
218 264
133 232
18 272
58 70
163 198
75 248
88 138
3 275
131 279
59 217
25 156
50 172
230 239
22 183
180 278
126 243
43 174
166 203
27 36
116 124
205 261
119 224
186 273
148 173
154 236
85 280
230 261
230 248
2 200
3 175
193 285
29 135
14 222
77 228
43 47
33 128
23 29
156 195
46 261
95 285
19 147
18 170
9 132
17 245
52 124
18 141
203 285
66 178
61 255
205 281
87 201
26 79
50 234
165 255
79 108
100 155
97 238
50 225
181 212
153 163
89 178
166 270
234 286
231 245
73 141
159 218
43 263
82 113
181 196
35 129
17 81
258 269
109 248
258 281
7 173
41 179
5 30
88 253
7 253
84 284
186 216
0 16
106 183
93 176
53 244
88 161
231 278
187 190
9 95
257 264
112 210
130 243
212 236
88 93
31 275
69 156
58 133
104 227
103 141
47 161
234 246
137 256
78 273
74 267
63 166
113 236
34 172
64 250
66 79
122 182
19 172
107 282
61 196
63 229
32 105
116 118
73 268
158 239
102 214
46 242
4 164
13 60
61 162
125 191
55 272
30 219
96 192
103 153
61 261
116 199
18 106
47 265
136 178
13 47
69 285
74 130
29 73
105 267
162 285
205 210
199 267
32 81
130 254
17 92
14 17
189 203
130 256
177 284
132 183
57 142
210 212
100 201
67 280
18 209
113 233
220 254
109 180
165 227
122 173
79 237
132 158
110 148
104 150
51 164
7 155
125 199
4 131
3 184
114 143
74 262
17 61
188 252
98 190
103 277
17 73
161 282
95 199
101 204
50 247
51 193
149 229
125 185
193 206
176 256
75 117
22 171
30 237
89 262
54 203
62 84
111 232
98 118
250 287
129 230
266 273
114 202
32 217
151 278
222 250
166 247
18 107
81 201
24 154
112 169
148 163
169 209
183 248
248 281
158 179
79 241
177 276
79 236
77 164
21 153
2 282
104 226
93 137
181 248
39 146
92 192
107 109
2 166
60 76
101 274
30 248
158 286
163 213
111 188
107 153
84 192
150 167
126 241
220 248
45 216
134 230
80 164
61 152
105 133
36 212
212 240
189 207
136 229
185 234
108 214
242 248
12 281
163 280
234 275
8 129
17 154
126 229
44 221
69 157
22 122
89 156
38 87
74 274
120 277
84 268
119 130
113 161
151 206
44 108
22 96
41 73
219 283
25 124
151 187
76 240
61 89
137 139
53 236
164 282
33 40
91 262
160 190
177 222
41 265
253 266
42 171
71 122
150 198
21 26
73 176
239 253
49 212
184 219
12 220
56 187
43 261
36 271
87 230
92 185
58 181
28 43
82 190
77 82
211 228
14 235
55 76
2 277
72 210
5 176
232 249
93 104
130 139
134 175
57 282
153 235
160 191
1 66
124 277
47 89
239 241
92 215
32 190
41 164
7 61
3 264
135 234
15 280
178 222
182 236
25 175
214 235
79 152
267 283
13 116
123 222
27 231
192 251
162 176
73 112
66 226
77 278
59 206
175 204
101 197
58 227
39 216
200 258
75 267
58 280
111 137
250 275
54 97
61 232
12 78
188 234
152 257
85 150
36 138
145 196
10 125
97 162
13 228
26 167
54 157
19 69
12 179
88 282
140 197
170 214
164 286
57 78
207 238
110 185
65 160
72 196
11 143
66 86
36 217
13 134
81 138
36 254
20 162
168 200
129 201
74 271
25 108
87 191
123 129
134 256
18 210
279 287
81 238
32 136
56 66
135 211
84 212
124 145
144 212
129 252
27 77
190 277
51 219
199 261
105 181
90 260
49 145
41 129
22 172
209 236
68 78
201 253
39 89
158 252
26 228
30 136
85 91
116 273
81 176
64 163
159 167
199 204
55 66
103 139
218 284
265 287
1 32
23 54
30 270
20 187
138 180
198 212
60 112
127 132
147 220
104 272
138 234
20 240
232 258
124 254
170 237
15 102
68 130
130 195
126 165
137 180
140 220
156 180
198 200
130 232
117 279
127 241
75 221
5 47
13 185
88 274
87 144
81 135
44 252
81 175
69 225
214 242
72 202
140 276
196 263
93 150
2 59
164 214
38 192
71 217
28 216
63 195
19 110
118 256
83 136
11 179
200 244
159 226
85 201
199 259
89 138
47 280
104 224
169 262
21 163
176 252
123 149
9 57
174 263
131 281
39 259
114 201
32 166
230 267
5 203
36 187
42 114
185 250
93 152
113 137
29 41
68 107
49 224
62 163
53 227
65 266
29 149
155 180
82 277
56 177
17 112
171 189
265 268
83 238
128 257
92 272
238 277
232 274
70 127
127 216
96 100
151 195
10 229
146 216
181 197
211 283
26 56
218 228
29 118
166 204
210 215
68 136
53 187
173 184
53 120
230 263
169 213
22 258
27 116
217 281
134 229
142 188
240 271
123 141
66 192
45 250
38 89
72 209
58 144
133 140
80 278
77 107
128 183
21 218
212 259
157 222
6 124
93 236
78 204
69 136
139 174
120 258
18 28
150 188
20 68
188 225
75 106
13 108
200 261
53 255
170 234
9 58
173 194
210 275
51 283
74 92
78 117
22 23
116 185
129 275
36 127
130 153
24 49
164 225
100 216
211 226
203 243
53 261
5 257
206 217
20 244
95 216
63 178
177 180
147 223
186 269
76 194
28 45
17 83
32 214
63 132
14 169
7 263
123 127
22 221
77 196
103 233
60 195
230 232
66 183
149 238
110 279
78 83
42 227
30 64
45 188
105 131
41 68
74 261
221 272
112 140
46 153
142 286
3 251
196 215
17 282
78 145
154 260
113 251
159 287
23 144
36 221
90 287
123 133
0 35
251 283
50 221
44 233
5 182
30 81
45 120
25 146
108 269
33 246
18 22
236 248
158 235
267 280
36 274
185 193
116 243
71 158
58 207
10 130
158 278
84 225
164 248
268 269
109 175
70 224
20 90
195 273
148 284
167 262
25 211
94 183
6 225
63 267
15 30
131 238
181 208
23 116
32 103
31 161
15 69
62 226
118 264
245 254
195 221
73 120
214 258
135 215
92 108
31 287
102 145
210 242
164 179
12 256
17 205
197 272
127 167
104 277
205 263
14 265
85 231
269 270
33 183
148 171
192 263
82 170
163 231
41 150
29 113
223 260
39 228
111 190
107 213
224 286
71 229
128 253
121 233
60 247
53 167
190 239
229 264
29 246
274 287
24 180
64 273
186 233
122 141
10 97
70 132
128 179
211 252
149 170
180 225
49 164
129 131
23 57
174 236
194 227
233 287
16 106
159 229
11 248
131 135
23 182
90 129
16 253
50 253
50 92
207 213
64 174
13 271
213 231
59 185
93 223
24 239
165 172
110 274
39 207
135 239
182 216
42 123
141 187
4 234
210 268
148 159
34 228
31 151
144 280
177 189
10 113
38 214
75 159
26 138
43 165
103 130
190 272
3 262
20 86
69 121
247 287
231 253
89 195
20 97
13 240
174 213
3 235
134 152
45 81
0 194
24 47
93 284
48 90
150 226
137 171
58 138
41 52
126 230
138 261
29 222
199 223
47 122
78 137
75 238
126 185
161 180
107 185
52 192
85 174
27 261
185 249
198 257
208 275
77 207
73 205
260 269
70 212
32 187
1 134
73 165
128 167
118 162
181 254
84 277
210 223
34 235
245 286
154 280
213 276
74 206
60 231
60 133
202 241
1 215
189 267
3 195
34 121
167 176
4 23
74 88
116 159
150 187
16 122
105 192
24 98
172 237
100 104
32 46
20 82
163 283
1 189
29 200
93 242
7 277
100 140
86 115
30 131
14 41
48 225
112 284
37 87
108 139
221 228
21 202
215 218
52 179
56 171
43 105
119 261
48 61
223 272
191 215
25 282
32 184
17 118
128 131
83 92
158 192
43 247
211 232
217 218
8 127
238 260
0 113
22 64
54 264
25 139
71 264
104 231
31 57
197 238
7 237
54 278
166 184
2 146
200 209
13 257
87 189
59 105
34 47
117 254
117 132
63 78
209 230
49 221
129 272
90 130
208 265
54 90
27 151
202 246
45 141
194 207
41 143
28 248
189 198
66 75
2 260
12 204
0 181
79 150
79 231
10 87
50 107
222 258
121 158
65 238
36 275
141 287
163 261
65 150
98 256
43 108
133 180
96 110
9 134
63 193
44 105
38 53
13 29
65 245
24 94
10 192
3 178
128 246
55 146
64 137
63 124
54 232
13 122
199 252
99 197
96 127
103 243
70 185
66 143
13 241
2 168
109 186
76 163
204 256
205 227
51 259
220 246
18 55
187 244
181 191
31 32
26 34
18 19
73 114
55 134
155 248
128 233
10 13
160 235
65 192
63 110
200 282
73 256
41 79
29 136
35 36
11 272
36 272
196 277
188 214
206 240
51 246
92 162
238 262
213 233
61 148
115 214
66 85
19 282
93 95
123 218
7 259
100 256
85 101
190 257
34 202
153 204
0 13
32 223
52 140
102 280
115 154
213 264
195 270
62 106
50 116
159 283
16 136
31 68
69 233
83 230
47 76
58 249
171 263
207 218
89 190
48 214
6 122
40 179
19 277
38 161
72 83
138 165
118 178
108 231
166 275
129 159
77 263
14 49
144 203
138 143
46 282
166 189
159 285
130 184
25 159
48 184
141 167
138 199
214 239
162 220
166 177
101 103
6 126
50 118
26 214
31 251
102 125
0 138
29 42
29 127
0 65
177 226
111 271
148 200
78 222
3 85
156 200
165 279
119 138
99 146
22 228
5 194
40 283
204 216
59 145
26 226
24 234
173 221
7 151
58 64
74 246
23 215
172 182
209 229
226 274
161 179
142 160
77 237
27 213
127 260
60 84
43 198
20 194
64 279
246 251
176 283
160 218
196 216
85 265
66 279
68 124
276 279
196 228
11 140
128 280
169 233
27 266
211 266
42 217
4 140
24 141
19 52
119 211
100 112
114 211
110 116
162 259
71 185
60 224
48 224
38 179
110 215
248 283
48 55
171 276
78 265
180 240
232 261
46 151
94 265
195 276
13 18
154 167
182 201
163 234
237 272
48 243
32 45
268 281
127 267
6 39
17 55
121 215
221 245
13 138
8 25
63 148
114 159
69 115
156 173
36 161
159 214
65 228
66 211
170 176
74 128
179 233
247 279
80 235
132 228
11 93
12 81
3 276
73 279
120 139
41 133
202 212
100 208
55 161
126 232
98 180
53 267
121 173
45 185
204 231
186 270
34 151
180 254
72 86
100 145
50 206
32 285
53 169
62 121
28 64
22 77
195 263
3 90
216 277
68 193
134 197
71 109
172 249
159 213
136 231
253 284
37 62
214 254
81 109
94 209
18 211
30 63
139 260
99 123
44 170
77 287
25 150
110 248
40 254
15 54
0 206
20 36
163 284
196 226
61 228
17 152
121 285
199 228
21 32
24 232
243 268
4 136
84 221
75 140
25 255
23 230
190 193
245 280
46 178
129 273
98 115
183 255
70 96
139 275
41 61
132 164
190 260
237 278
70 251
21 56
195 257
81 234
150 284
82 105
62 80
82 248
99 183
69 71
22 25
17 180
188 205
202 234
24 54
19 249
169 236
41 149
133 189
22 190
2 36
22 47
203 254
78 186
18 142
41 276
157 177
61 115
261 277
181 206
180 183
169 246
28 87
207 244
82 168
173 244
16 104
45 135
36 118
12 109
38 77
66 92
44 219
124 287
163 181
22 139
148 152
75 136
5 197
17 271
18 245
179 232
30 40
216 222
147 165
33 56
43 240
200 269
1 272
0 43
124 176
83 259
91 147
48 189
41 252
133 259
179 181
166 193
167 265
106 217
130 258
104 254
158 245
44 141
60 123
106 205
179 283
85 264
76 192
52 194
107 257
0 163
6 270
97 190
99 214
24 148
128 156
82 231
10 104
116 282
37 275
120 219
181 267
21 287
44 110
3 44
112 130
94 95
38 199
38 159
9 67
148 231
132 251
255 277
84 219
119 242
101 269
91 176
45 177
61 189
76 244
75 161
142 154
56 137
150 277
148 177
25 248
57 140
69 98
245 263
21 283
54 101
72 125
3 162
8 36
41 98
74 251
207 243
149 219
51 154
67 278
115 121
20 263
66 201
173 192
25 136
21 285
5 243
97 139
107 234
115 250
38 221
83 106
177 185
134 269
4 144
21 245
31 44
13 189
49 170
145 204
75 277
43 172
98 283
6 49
242 285
136 169
59 82
0 111
33 122
14 264
6 128
132 239
9 29
85 177
278 280
3 232
80 126
1 69
152 248
179 187
28 83
108 175
122 255
93 252
144 279
15 169
37 106
56 277
95 222
59 101
5 170
29 78
87 214
47 221
34 205
71 235
17 64
132 144
38 191
246 274
30 134
127 192
222 254
122 282
157 168
163 272
66 78
220 277
34 42
2 20
140 149
120 133
195 243
16 260
206 264
35 102
4 24
127 137
102 182
17 259
111 281
74 177
121 217
25 112
59 214
13 272
126 260
100 123
149 253
213 245
105 202
171 178
10 135
45 217
29 130
42 212
10 53
144 269
210 239
80 211
68 209
61 249
102 259
200 248
48 223
33 218
68 147
158 234
46 118
80 193
96 206
127 232
159 212
46 285
66 71
47 165
54 108
23 227
116 140
110 255
163 271
140 242
1 45
46 276
147 263
73 103
178 210
152 276
9 244
50 152
44 75
80 280
83 151
4 9
3 14
106 285
22 147
121 262
140 251
68 137
138 150
20 71
137 163
26 171
165 229
98 259
28 198
28 148
213 257
183 238
71 110
1 75
71 119
197 285
87 241
31 37
73 131
172 205
78 224
39 113
61 96
79 114
34 90
82 220
146 264
7 286
234 235
17 190
120 213
165 223
29 269
53 207
37 220
2 9
160 244
173 233
7 162
162 198
118 150
130 132
158 261
26 95
134 231
149 232
152 224
22 135
143 209
38 284
110 117
26 169
11 123
16 42
258 271
9 209
64 91
217 263
4 10
49 201
145 251
24 217
158 284
39 47
47 146
2 65
45 269
124 184
133 248
135 253
245 284
100 287
91 137
227 236
16 77
177 264
79 256
200 264
46 260
83 124
162 166
14 32
66 95
80 260
47 270
264 269
48 201
182 199
95 188
117 212
141 162
183 287
37 238
147 246
137 190
132 284
134 138
126 274
118 249
85 136
188 250
83 261
14 109
58 230
15 242
56 244
6 217
117 273
7 175
55 226
93 109
93 279
48 52
63 180
68 122
88 215
76 88
77 79
29 233
265 281
63 230
60 117
207 236
133 164
156 240
162 242
4 81
6 96
173 276
206 224
257 273
215 262
83 287
63 281
210 236
55 255
13 33
186 286
162 282
182 286
129 238
104 133
204 226
84 169
31 83
58 270
47 191
26 125
2 73
83 183
158 255
100 204
35 202
60 158
100 199
105 163
216 271
224 233
21 242
13 199
167 249
83 155
13 48
92 233
81 165
11 205
6 59
32 41
108 179
241 268
41 173
60 245
122 272
120 183
24 175
99 198
27 163
73 224
222 227
142 215
210 283
40 202
221 239
227 241
182 242
56 199
171 208
42 165
240 286
87 273
25 77
156 169
40 138
17 257
162 193
62 147
94 167
35 110
38 227
155 234
125 253
31 238
119 259
48 180
69 87
230 238
167 174
147 203
237 281
101 145
183 243
68 224
86 209
32 287
172 267
14 27
102 246
1 31
46 140
58 182
212 268
51 235
46 102
1 281
76 108
127 188
73 144
18 202
10 287
91 269
153 178
261 275
54 209
55 138
99 189
46 64
157 254
143 232
89 183
18 193
248 261
178 251
239 258
114 154
58 209
85 92
88 192
63 173
69 147
26 115
73 218
56 136
192 254
19 182
46 278
52 218
79 125
27 225
40 149
121 246
52 80
40 80
105 136
229 281
21 148
97 219
70 273
171 280
92 184
45 247
167 227
22 53
57 168
23 192
109 219
44 192
65 276
71 104
194 237
190 256
129 239
36 98
125 134
86 182
71 90
107 159
56 273
45 213
5 98
112 230
91 235
66 190
77 259
106 261
76 257
85 93
196 207
141 153
180 245
21 274
71 120
136 150
89 245
40 247
172 229
21 217
162 207
198 277
14 255
94 156
140 226
133 138
70 128
138 274
138 147
129 162
40 271
152 234
15 197
43 286
41 53
70 223
161 259
16 284
25 84
118 203
15 147
0 98
3 155
99 164
134 282
45 255
0 169
51 137
163 208
191 269
231 258
95 111
186 260
59 112
66 188
0 60
13 23
14 66
88 169
158 160
31 55
16 176
179 204
16 256
50 111
165 218
178 271
6 54
95 101
45 226
194 228
39 213
235 267
73 178
195 280
39 52
49 104
209 228
79 185
129 154
119 166
125 194
38 210
8 145
17 283
20 144
172 212
1 12
104 144
68 121
261 263
68 69
39 90
94 273
123 271
105 142
53 275
125 236
208 221
8 26
88 207
3 271
81 269
235 248
25 101
171 270
52 55
1 266
134 149
178 232
65 207
106 118
4 206
66 222
2 195
107 233
143 284
129 140
169 205
250 277
61 269
167 226
85 199
49 278
33 167
162 284
232 234
39 244
226 249
21 55
78 254
48 166
91 239
124 223
122 163
51 74
31 157
102 194
105 145
116 162
94 241
18 43
210 240
175 244
38 203
102 245
163 172
173 209
45 266
112 233
15 47
154 270
60 106
230 268
169 214
91 126
75 207
170 252
30 75
27 156
80 150
24 155
33 83
166 238
52 244
88 115
140 146
64 126
34 204
125 200
27 55
54 120
100 219
141 263
34 216
8 123
50 63
2 240
7 53
72 240
45 76
157 287
116 201
59 119
157 167
4 159
118 224
10 83
38 70
127 172
61 79
76 279
187 274
169 266
4 271
127 212
257 265
205 238
114 191
39 164
185 244
94 136
19 136
192 225
58 99
20 45
205 249
125 258
9 153
9 98
19 55
16 67
9 13
36 268
7 46
124 182
213 275
36 195
80 155
86 248
263 266
81 86
3 128
177 266
185 194
108 121
4 36
125 244
4 132
232 254
32 169
32 124
209 267
132 189
31 46
15 198
37 236
204 263
17 209
54 132
122 178
50 88
109 200
97 122
100 284
47 211
135 142
81 166
21 271
275 276
257 281
52 175
11 147
138 248
40 246
11 30
59 117
144 159
201 230
49 178
22 124
69 248
188 232
92 105
193 227
57 82
1 217
10 91
23 269
141 254
159 265
88 211
6 239
0 110
67 285
89 166
59 277
135 149
48 69
53 265
63 114
77 222
142 216
148 274
90 280
101 221
7 15
68 179
87 224
30 76
21 168
114 246
139 226
75 197
135 237
214 224
148 226
91 192
147 180
68 176
52 207
242 253
98 247
35 187
214 234
103 123
46 209
38 44
86 106
214 232
39 206
169 271
87 139
117 272
89 120
112 191
6 113
161 203
136 232
112 129
53 67
169 238
142 265
18 152
139 265
16 99
1 230
29 264
98 284
53 108
18 190
119 216
155 197
243 245
153 219
111 182
207 267
175 265
21 279
117 269
38 73
203 223
90 205
178 274
14 192
143 164
188 243
0 246
54 249
34 84
20 127
94 195
238 253
67 253
0 52
154 234
200 233
83 187
86 129
20 226
5 91
13 154
43 63
47 266
49 65
12 86
10 144
19 265
78 108
194 204
92 240
190 249
203 263
145 227
127 205
110 118
267 278
197 219
41 78
15 94
38 86
23 228
23 65
254 272
203 260
8 35
22 162
76 115
72 135
99 139
76 182
71 283
131 182
70 189
1 187
40 59
77 200
188 279
228 246
64 72
78 203
144 167
128 206
109 210
58 196
92 186
202 230
110 187
36 132
219 231
50 113
152 275
81 115
162 255
29 277
202 253
118 285
5 240
57 265
123 188
273 282
0 94
64 238
192 265
26 235
183 208
31 103
209 211
39 136
114 185
57 114
120 156
237 267
5 180
222 276
91 166
180 273
72 241
148 214
171 209
12 93
33 254
41 163
0 1
153 224
32 257
70 89
20 89
196 198
22 40
54 124
78 269
23 205
11 132
0 25
51 189
32 99
95 135
3 120
100 282
77 143
35 216
144 245
75 229
55 56
141 243
90 179
78 90
44 284
93 154
141 265
43 158
13 266
269 287
72 99
169 208
9 137
39 252
122 157
16 192
47 223
150 240
64 144
126 180
145 218
44 150
205 266
94 98
18 178
113 146
94 187
183 242
194 285
217 262
158 173
108 129
211 218
139 189
191 280
70 125
248 271
144 166
92 249
89 275
192 248
181 238
94 112
31 42
112 274
58 183
69 169
199 208
67 163
144 199
43 67
205 225
169 270
190 231
48 191
255 264
87 89
9 241
16 97
5 19
0 195
23 179
97 195
19 281
41 209
52 79
6 137
17 224
147 279
23 167
10 194
109 287
190 254
15 244
52 180
94 277
166 255
199 263
200 229
141 281
30 157
58 215
35 269
47 58
156 223
109 148
73 217
1 226
175 186
190 222
176 279
5 49
97 249
245 261
79 184
79 115
178 270
170 182
67 136
18 160
13 144
49 71
246 272
192 256
42 205
58 212
70 269
107 214
10 79
52 221
1 277
203 225
8 148
106 150
20 235
25 207
137 165
37 253
216 259
124 257
197 214
191 201
35 198
9 41
62 262
241 246
151 267
12 276
139 263
99 200
18 201
154 188
206 246
21 111
75 177
85 106
10 12
173 175
82 266
151 229
56 238
155 280
202 225
63 100
56 226
202 270
170 270
18 127
125 207
0 69
81 116
61 144
54 151
116 174
60 205
38 158
51 78
101 183
12 205
157 219
115 278
89 230
170 212
44 106
17 198
114 179
11 198
89 274
191 234
62 161
13 15
95 143
181 229
104 166
173 203
18 239
64 278
9 129
9 27
139 142
202 224
88 257
31 242
183 240
40 70
84 92
47 195
70 156
116 146
72 167
5 185
173 257
122 234
25 137
26 206
15 75
88 105
184 281
56 195
179 284
206 279
25 117
73 231
107 197
80 279
54 111
116 278
86 195
2 104
18 123
184 286
21 49
59 240
45 93
75 124
80 262
5 254
112 138
14 67
76 204
74 277
157 158
39 77
61 220
19 156
0 109
13 142
59 160
89 101
8 138
37 94
134 284
76 86
68 82
40 245
50 137
200 260
49 97
56 240
159 166
158 273
236 250
77 238
30 100
6 206
156 172
6 64
212 256
0 129
98 245
45 151
146 181
109 282
198 213
71 193
84 199
272 281
13 64
124 146
40 173
51 207
47 226
166 249
24 260
138 255
41 92
204 213
137 218
44 73
61 240
109 140
28 252
261 265
118 171
103 229
185 258
44 96
174 223
47 102
2 29
68 240
33 132
195 217
53 92
217 265
47 248
18 140
27 217
76 85
88 150
102 224
13 38
54 92
173 247
94 286
66 107
48 71
141 273
126 215
132 202
27 126
173 207
126 262
181 262
135 246
230 265
19 148
40 51
46 226
74 76
54 245
80 283
158 215
8 158
18 31
61 132
75 83
22 66
224 263
94 248
146 240
1 224
37 101
109 115
27 256
243 249
90 193
153 195
13 130
64 277
41 82
138 191
16 117
18 248
87 122
126 129
88 237
188 209
139 206
87 190
50 204
72 211
206 281
63 197
6 41
57 95
31 280
43 122
83 178
174 215
1 142
176 242
83 149
65 68
116 155
1 201
95 242
116 120
52 277
7 262
44 140
103 220
19 225
93 157
31 54
222 247
135 203
28 224
150 176
36 62
28 130
48 182
41 43
148 285
100 118
135 182
82 281
21 187
30 125
80 136
190 270
59 186
17 128
134 264
207 246
27 208
1 83
4 109
15 196
10 106
36 54
80 122
88 244
30 252
21 251
9 69
83 87
54 238
93 126
187 262
74 114
120 278
70 256
222 272
23 277
64 88
225 281
142 233
86 237
30 286
36 43
45 215
69 159
87 135
109 166
210 226
78 127
135 261
49 106
123 241
82 197
8 142
55 144
93 204
94 220
58 269
29 122
195 268
147 207
9 155
68 255
105 279
24 146
16 251
86 87
107 240
41 184
154 246
70 178
101 132
14 164
73 284
121 122
55 184
107 129
80 251
23 175
166 285
201 228
245 266
113 258
126 179
55 95
79 154
105 257
76 98
40 72
231 257
192 207
62 239
55 122
64 222
175 226
238 249
121 214
9 247
17 57
145 188
90 170
190 262
104 129
52 223
63 92
255 271
200 256
180 232
235 270
33 59
69 76
22 38
41 246
8 154
233 278
67 125
6 167
102 198
33 276
196 238
160 277
89 239
99 261
42 149
49 99
140 181
25 61
26 123
156 226
16 19
238 281
49 69
17 102
147 192
213 217
215 276
53 192
122 162
101 206
204 224
9 83
59 234
42 70
125 151
42 280
53 74
167 270
256 273
17 45
86 126
46 212
245 248
26 58
85 137
140 207
54 235
147 148
173 272
28 35
97 264
130 197
6 168
2 76
150 193
162 202
110 173
268 273
40 139
88 114
238 285
157 238
36 183
104 155
61 147
242 258
60 170
133 251
140 249
188 241
214 240
125 246
252 257
221 284
229 239
15 235
128 146
32 84
219 272
176 266
79 88
84 152
101 159
114 134
53 143
47 242
59 213
1 20
172 283
9 281
98 216
220 238
124 130
185 230
199 282
172 262
90 265
16 46
13 258
74 201
73 86
2 117
102 117
60 162
192 228
97 164
226 284
129 276
33 199
131 215
97 226
192 213
51 118
150 238
201 222
110 111
49 105
0 274
3 29
168 278
58 237
125 157
15 230
166 176
37 193
35 99
156 238
23 158
149 180
54 121
58 159
29 91
167 276
56 84
133 228
8 81
26 86
60 225
42 58
68 95
54 205
205 278
133 196
181 256
1 233
209 284
163 169
101 181
96 101
92 278
136 180
16 239
80 87
262 280
78 209
53 134
83 131
51 113
177 286
44 160
34 103
90 168
86 165
33 39
168 237
103 270
219 232
168 234
13 251
144 230
45 61
81 174
247 267
191 199
95 271
54 171
25 125
8 150
67 267
64 90
8 161
31 247
150 230
104 165
22 86
161 267
194 247
22 233
129 146
100 196
155 161
19 276
183 286
179 194
206 269
211 279
66 80
87 265
120 129
109 142
112 162
194 220
78 177
66 285
69 234
230 277
42 86
83 102
44 104
232 273
27 119
144 150
39 250
120 208
100 231
38 206
7 198
42 145
184 241
150 244
52 94
92 151
96 258
204 244
46 253
81 193
95 153
10 248
88 164
115 213
86 274
214 228
74 151
12 127
153 161
106 159
126 201
7 275
129 280
48 277
270 274
54 202
203 213
43 251
17 170
26 146
51 273
68 196
2 75
109 123
74 153
128 178
144 174
176 189
15 85
6 247
239 266
244 273
139 235
77 211
69 212
49 157
111 249
101 242
69 88
83 140
166 201
33 118
22 61
65 116
124 258
132 245
23 221
61 223
67 160
64 75
59 274
170 186
162 187
126 237
119 241
9 119
57 171
32 89
232 235
1 153
101 123
68 212
103 196
71 175
168 170
71 177
8 181
97 236
48 211
10 199
185 195
188 195
67 260
77 270
151 179
130 219
114 144
100 225
127 163
252 270
60 144
24 145
27 147
182 185
107 178
12 235
168 198
101 150
145 252
75 110
46 225
71 113
66 152
189 190
236 279
115 246
16 229
75 241
105 143
12 84
3 272
96 218
136 165
256 260
99 127
108 202
3 63
155 173
240 268
44 215
113 243
116 227
202 269
250 267
115 150
54 186
194 215
202 227
12 246
115 188
46 119
3 67
122 169
113 179
60 159
249 279
88 210
94 177
163 209
46 204
100 132
20 172
27 215
147 268
43 258
54 119
63 121
231 284
0 171
100 221
104 203
93 163
25 256
45 80
145 261
107 112
120 256
232 276
80 191
248 256
30 283
31 84
250 255
135 223
24 144
39 98
32 238
171 250
22 238
158 248
58 222
176 281
208 244
129 203
78 94
237 253
6 174
73 156
11 13
174 177
18 53
152 241
99 132
31 226
242 281
83 120
39 218
145 191
126 265
204 277
74 224
23 97
182 268
190 259
72 267
40 168
193 277
84 185
155 218
92 155
3 95
31 82
37 83
75 231
31 261
75 137
19 75
113 164
201 269
9 246
32 192
52 210
83 185
62 115
137 169
102 230
168 180
60 282
27 81
95 125
82 195
38 91
161 230
27 184
199 260
80 128
64 73
143 150
12 274
59 159
21 194
149 214
71 139
103 201
167 169
224 268
86 122
132 134
115 183
39 145
138 223
37 263
39 210
22 51
151 194
85 149
71 76
175 282
65 86
81 267
152 193
32 66
119 146
85 179
79 192
3 24
167 257
130 252
167 274
8 42
33 42
46 200
184 270
147 214
35 181
59 69
108 229
48 239
14 176
23 133
97 263
58 126
26 137
147 188
4 239
51 166
13 80
2 220
33 179
201 207
81 132
30 44
13 28
111 240
32 58
69 81
213 272
214 270
130 267
56 67
131 231
169 182
53 193
202 204
13 148
205 275
135 255
192 266
47 275
155 276
189 223
37 281
205 274
60 175
45 173
192 283
22 87
24 106
9 233
125 174
151 213
3 73
94 189
228 248
20 155
42 164
3 207
232 250
71 284
154 208
54 224
126 263
103 266
77 286
81 253
144 262
152 237
228 229
112 234
110 149
97 177
124 152
91 112
241 248
96 213
28 54
93 228
233 260
210 229
74 123
240 245
57 256
65 164
199 244
140 159
24 171
73 276
131 263
58 76
117 234
24 179
101 115
44 129
100 164
123 284
81 189
50 277
169 201
20 200
117 166
185 245
47 77
79 90
58 157
120 146
63 156
112 176
4 5
81 97
227 285
65 194
40 242
16 135
78 208
137 275
56 131
160 185
184 255
218 248
121 193
9 255
144 194
218 240
84 280
184 215
67 215
24 130
40 82
130 198
49 131
166 210
227 252
75 276
109 280
238 278
113 280
35 210
97 180
76 109
46 130
123 128
95 138
58 218
57 174
88 134
47 85
87 152
67 234
98 214
45 256
108 227
199 246
24 242
32 62
55 143
89 153
65 103
139 158
32 49
228 236
20 258
139 234
178 265
183 213
11 171
43 206
23 254
76 126
19 20
28 177
53 183
108 264
176 258
98 255
181 240
61 137
27 131
74 229
38 162
64 167
229 274
73 154
90 222
62 131
145 207
18 276
35 62
57 238
111 136
56 284
11 245
175 250
121 170
207 248
82 209
10 233
21 95
187 206
134 259
178 188
182 282
185 272
269 280
109 138
33 247
197 236
182 208
22 159
50 151
99 181
28 135
85 188
1 72
60 134
6 86
17 111
101 192
210 285
71 195
69 161
257 286
52 59
184 262
125 180
54 240
20 279
24 92
7 187
41 194
175 189
136 211
8 259
59 110
22 261
19 21
210 273
191 228
93 199
92 129
43 75
94 279
18 227
136 248
177 204
168 186
33 94
143 145
121 283
46 60
75 78
63 234
18 63
36 157
177 237
17 60
45 149
126 202
125 267
203 262
65 201
132 218
191 211
4 153
232 233
79 92
174 182
52 106
6 232
148 251
208 286
77 161
72 181
215 243
23 124
151 241
45 267
46 277
115 245
20 44
62 137
41 183
65 131
33 168
126 164
8 57
86 131
115 234
88 170
5 131
148 195
9 160
42 100
193 242
149 174
27 258
168 182
8 17
26 44
15 217
29 166
157 181
122 195
76 138
182 237
126 175
60 113
128 197
203 205
63 128
27 180
31 149
144 239
176 188
185 207
169 181
140 240
178 258
159 203
26 41
1 56
151 262
61 214
250 285
30 218
39 231
65 219
152 218
265 270
132 249
249 268
122 262
100 212
45 228
157 171
138 282
146 191
170 225
12 23
19 197
63 246
30 139
185 246
121 190
90 210
16 258
67 196
33 121
12 123
178 275
9 121
53 223
118 176
170 260
169 176
64 169
7 189
88 118
2 256
56 155
176 250
47 254
137 212
75 280
66 148
77 123
65 126
15 99
9 88
208 245
154 227
12 245
99 229
46 195
29 228
140 230
206 232
155 220
70 142
56 203
170 210
196 230
38 222
241 247
94 254
212 271
13 101
31 60
135 224
68 213
84 174
45 52
19 253
162 171
228 238
9 231
161 229
66 141
106 114
178 246
76 208
20 218
179 239
26 147
17 142
145 216
57 68
112 193
14 80
195 235
43 252
25 131
8 74
79 187
26 163
81 242
32 57
71 249
58 197
170 280
47 73
110 198
134 200
1 14
22 282
56 168
71 154
111 276
142 149
24 186
125 148
74 214
230 282
224 246
104 252
159 184
43 246
103 172
64 133
38 178
172 230
162 189
91 161
136 201
164 194
210 286
68 131
246 258
90 250
6 153
47 286
239 240
106 198
241 285
100 171
23 200
2 244
175 199
59 81
28 180
57 235
5 174
79 156
56 183
98 102
241 274
9 24
0 252
9 230
63 194
154 245
92 188
28 39
235 244
191 286
77 103
81 137
23 70
60 151
10 180
51 242
235 282
41 76
65 198
67 230
193 218
51 104
204 220
107 263
142 172
132 192
72 274
116 269
35 166
213 286
50 150
88 214
251 259
58 256
36 129
57 184
210 245
31 268
85 117
120 257
93 229
148 216
110 151
90 107
176 212
38 165
146 219
8 282
84 272
92 259
163 258
50 193
203 248
83 254
68 110
253 271
46 75
91 95
14 153
78 95
260 271
120 127
265 283
139 231
38 55
29 151
20 262
177 217
120 194
144 195
116 136
19 191
96 132
67 91
64 231
203 276
32 109
183 269
105 243
245 268
95 218
70 90
231 254
135 209
126 192
138 214
46 217
61 104
16 142
24 183
22 208
162 211
8 48
66 286
39 188
144 254
6 63
227 274
161 243
89 241
142 184
20 190
101 173
107 227
116 235
39 287
22 270
192 209
117 187
155 271
39 217
10 224
55 225
167 186
35 165
73 171
98 111
173 212
40 105
247 256
56 75
18 143
118 160
190 192
149 273
114 220
27 176
193 279
145 281
65 279
184 273
46 148
166 280
119 281
52 232
29 52
44 159
32 78
122 160
69 196
17 261
15 145
124 164
2 8
104 218
47 282
6 244
98 279
184 193
12 213
53 158
134 247
154 180
11 260
53 82
88 144
80 97
99 275
224 269
1 94
82 120
111 113
123 124
186 280
74 97
93 222
185 200
216 262
207 263
28 31
168 232
52 143
66 171
89 188
88 222
21 69
25 88
118 169
50 68
200 220
91 178
200 239
181 250
214 256
21 159
82 94
47 108
226 273
173 195
23 214
172 190
33 229
172 244
37 132
28 82
264 287
93 272
128 278
3 59
242 266
11 264
14 230
128 174
114 216
29 53
9 49
132 286
1 245
40 232
40 109
275 282
108 115
84 87
28 85
3 150
103 195
59 245
65 67
41 148
64 251
5 68
113 158
146 163
46 216
73 130
53 190
94 99
27 123
75 127
44 66
39 133
114 241
53 195
45 103
135 188
251 279
74 173
55 172
19 31
151 167
173 267
27 259
59 253
257 275
23 168
135 154
89 161
23 119
51 150
29 40
57 128
169 189
64 224
79 135
6 121
42 208
77 137
11 103
13 179
50 120
33 117
123 269
48 132
66 208
50 103
33 35
69 282
21 169
122 265
162 168
84 130
27 191
105 264
76 166
63 108
23 79
103 182
255 278
185 236
80 205
258 280
3 57
163 167
57 259
8 234
104 191
53 178
3 237
43 161
249 251
30 53
37 268
61 260
172 250
237 265
0 271
151 286
29 60
37 157
84 250
128 147
6 197
23 42
30 84
7 242
4 45
84 286
169 204
255 279
261 286
232 256
47 175
259 283
19 196
107 108
119 253
42 187
248 266
70 197
42 245
230 284
208 261
65 82
202 213
81 92
43 253
110 217
3 169
91 199
92 131
34 71
94 203
21 259
47 125
31 214
232 253
272 275
53 278
55 86
67 176
45 181
82 166
218 281
86 150
28 284
83 95
31 237
4 33
46 168
181 236
130 229
86 116
140 237
235 271
62 211
116 253
91 210
85 110
60 132
18 97
166 196
75 264
36 125
114 285
139 281
94 117
116 229
32 246
20 153
46 114
33 223
19 208
112 157
111 146
122 167
49 153
118 231
63 191
37 210
221 229
107 209
246 255
45 281
51 179
67 195
36 143
24 63
49 86
48 241
216 253
9 222
78 164
136 208
27 237
104 184
115 173
20 249
182 263
29 255
47 199
19 238
158 220
104 136
9 219
124 228
55 185
40 98
148 180
77 144
277 283
17 108
82 126
31 98
87 176
7 278
243 246
12 164
182 250
44 207
24 233
53 130
6 173
112 175
35 106
106 132
242 286
171 233
209 283
141 264
68 180
159 269
6 17
208 209
63 271
52 286
95 249
25 252
159 279
81 265
14 201
7 150
206 216
253 256
202 219
55 62
131 244
148 238
197 273
94 159
153 236
90 270
203 206
124 237
69 235
149 245
40 140
76 200
18 275
55 261
174 181
30 269
61 262
125 143
24 79
161 175
142 246
42 184
50 224
29 286
129 228
96 188
4 32
103 115
118 195
54 82
252 278
30 108
103 120
0 63
25 91
68 191
255 263
136 219
82 256
47 62
4 275
23 92
82 117
92 271
91 177
26 279
156 222
8 166
155 237
42 248
75 220
91 196
195 275
3 274
80 174
147 149
194 200
5 31
97 152
70 206
44 248
52 281
123 246
84 121
97 268
267 276
132 277
29 105
90 194
82 98
48 67
223 287
1 274
145 277
17 62
135 206
31 240
64 97
10 278
86 272
47 229
50 231
105 239
46 103
40 164
57 266
9 104
87 208
51 204
29 83
97 212
155 258
82 264
112 215
75 82
45 270
224 274
61 209
106 151
54 223
61 275
169 282
94 266
191 224
82 165
75 169
122 150
155 188
65 78
58 236
58 202
130 166
96 217
27 203
155 178
72 108
72 201
151 280
147 191
24 261
84 101
138 273
38 85
109 218
124 192
42 188
47 129
23 47
101 281
121 268
37 48
34 65
34 276
106 172
16 65
189 214
139 287
61 90
180 196
9 105
53 204
37 185
81 258
52 274
233 236
31 194
77 87
2 170
171 287
139 187
193 282
14 200
61 107
126 178
35 157
67 152
59 176
210 234
198 205
7 149
139 199
115 219
70 149
146 179
89 205
129 160
193 216
147 211
97 241
95 207
134 184
75 113
140 259
100 195
15 270
172 259
37 69
178 209
36 215
21 101
49 50
1 28
93 174
153 212
85 252
1 54
84 135
53 203
203 277
78 82
33 201
36 151
25 118
51 281
62 203
10 280
145 213
90 189
8 237
34 155
233 277
99 226
6 196
17 137
122 161
119 257
106 122
181 220
46 257
192 239
208 232
84 104
101 170
204 222
113 169
151 283
72 254
74 169
22 186
0 115
115 177
4 189
17 250
82 111
63 163
53 271
183 237
99 186
177 256
82 92
217 247
12 63
110 287
142 277
1 216
223 283
69 242
29 167
227 246
79 172
19 100
10 62
24 103
1 200
260 285
150 159
1 284
79 104
60 253
98 104
6 106
103 185
23 159
99 112
38 207
68 254
162 286
120 124
161 219
99 286
41 95
4 38
105 235
130 189
37 121
63 269
117 181
160 181
38 265
197 279
162 228
141 206
33 151
100 113
15 182
184 284
5 169
190 199
52 138
184 203
111 165
69 138
145 160
87 169
187 243
30 135
198 284
164 226
73 201
268 280
3 17
124 285
48 80
214 252
121 209
265 278
43 248
184 250
139 181
180 229
115 153
117 249
111 167
122 278
112 287
28 277
41 270
95 179
65 262
97 230
8 71
116 193
10 212
185 253
150 206
4 21
83 206
76 264
175 222
54 149
12 184
1 151
43 227
133 277
23 278
23 208
32 204
4 155
90 158
77 243
37 265
42 99
130 241
107 157
144 240
191 247
25 273
33 129
169 253
205 262
63 216
202 278
75 79
39 186
254 263
35 95
125 160
80 114
71 266
9 163
54 282
8 159
45 122
4 6
41 72
11 29
42 219
146 217
233 249
174 273
224 230
168 201
97 132
42 172
4 7
45 232
13 118
60 171
153 233
26 38
209 259
36 91
105 214
159 235
3 28
69 72
66 202
172 218
43 257
35 205
50 283
236 281
12 198
74 78
31 132
57 234
151 261
9 48
49 232
14 62
100 153
207 281
88 198
160 201
17 114
103 287
178 278
245 262
33 217
106 273
69 224
147 265
191 206
178 268
173 263
162 265
69 90
5 81
20 148
104 264
104 193
5 121
157 184
183 214
151 210
205 285
183 281
199 277
25 73
104 188
118 144
105 173
6 191
166 274
86 176
269 271
262 275
109 179
84 259
21 220
112 114
60 71
52 108
55 202
107 275
189 262
6 177
5 109
57 129
36 107
13 259
177 214
57 239
166 240
138 195
172 284
176 244
57 277
22 232
62 215
17 248
119 221
3 246
270 285
47 101
27 92
43 142
33 156
70 210
120 186
91 201
17 77
172 207
151 249
62 231
86 155
6 101
56 275
90 120
26 199
178 185
76 262
14 135
74 245
16 246
116 210
135 186
14 175
113 244
124 160
13 283
22 237
66 117
15 131
193 225
71 225
232 251
88 168
239 260
75 191
87 186
92 210
81 233
37 255
127 194
43 265
111 215
78 251
65 224
29 119
73 183
86 172
114 236
190 220
150 179
273 279
9 282
65 250
129 166
99 258
18 87
2 215
145 205
166 194
6 258
51 228
28 246
129 130
118 141
29 270
146 195
32 186
159 247
136 284
7 241
93 142
99 101
59 181
123 228
77 186
123 176
42 93
15 128
84 243
12 196
58 277
140 219
106 219
5 193
159 256
11 81
127 256
50 60
4 117
204 261
254 268
71 165
20 164
105 148
66 108
20 269
63 73
270 279
263 286
196 255
32 232
22 234
107 139
63 97
54 70
45 96
49 268
137 186
15 255
7 148
91 128
39 279
84 248
125 144
148 240
169 256
43 182
204 210
156 273
0 90
69 92
152 279
2 210
92 209
76 184
57 101
196 269
175 211
30 261
88 136
31 269
229 282
163 188
96 120
4 105
54 159
85 254
45 100
64 156
69 152
3 151
53 206
115 137
153 243
172 221
152 221
150 170
78 262
192 258
39 83
142 270
131 153
40 285
145 217
57 242
143 219
79 284
82 146
99 224
27 275
11 96
224 264
4 220
204 223
121 260
249 263
64 171
23 105
131 277
87 198
17 38
1 99
236 252
19 64
24 173
150 184
196 233
72 232
93 149
63 279
9 268
73 215
28 72
146 152
83 265
120 168
25 57
142 255
50 177
104 255
122 202
1 205
116 129
82 263
155 156
85 256
7 18
205 243
31 215
60 176
26 159
71 107
30 34
92 270
3 247
119 201
42 92
64 93
230 286
162 262
87 140
176 177
50 135
51 162
24 193
254 280
130 217
13 62
139 261
66 137
36 245
90 178
119 154
30 246
28 143
3 43
47 147
18 128
69 154
122 213
113 192
59 72
53 61
123 234
172 222
93 258
72 152
87 275
137 140
252 285
122 261
78 112
26 129
186 213
252 259
149 209
22 275
8 271
57 133
72 216
197 243
19 275
4 227
160 237
46 176
60 98
28 225
91 285
4 133
154 247
8 125
144 173
126 278
188 273
186 195
237 239
77 97
41 231
110 167
185 227
47 267
199 227
69 258
133 223
163 182
0 180
39 274
32 107
97 275
5 11
13 260
121 211
187 241
102 227
45 126
150 232
54 181
67 123
123 204
11 17
212 219
190 198
88 264
49 101
62 181
86 223
97 223
39 108
155 275
112 238
144 185
86 241
44 52
130 188
90 255
135 156
57 218
32 120
111 174
138 186
2 199
100 174
30 142
35 176
195 201
10 66
52 216
146 183
211 215
71 81
131 198
92 153
8 213
157 209
211 278
14 104
60 267
74 103
45 147
18 88
142 174
85 211
161 216
93 248
123 262
264 271
53 144
262 274
171 269
30 195
41 58
128 129
128 154
226 246
195 254
23 67
39 66
76 119
60 270
72 259
73 240
223 275
233 276
126 240
73 173
133 237
18 157
137 267
192 208
149 210
15 132
152 194
57 179
54 77
237 284
152 182
121 271
193 245
76 250
67 84
126 182
129 208
137 225
68 225
112 275
3 194
154 284
105 236
59 104
143 238
99 265
32 199
80 134
95 174
215 217
112 126
46 164
61 111
135 166
27 187
166 278
69 210
225 258
158 174
15 179
197 267
160 187
92 195
72 225
29 194
25 42
55 129
264 279
66 98
232 260
10 28
20 146
99 268
217 259
210 228
16 287
63 64
114 119
9 146
133 155
39 208
51 238
189 237
71 221
166 287
35 39
109 258
37 208
7 229
141 274
88 285
203 236
100 166
32 228
147 224
73 281
182 252
33 177
43 129
18 254
94 138
157 207
6 119
168 282
105 188
18 279
107 161
52 127
81 207
167 180
102 191
69 201
145 280
43 222
53 131
18 36
66 287
95 200
3 270
4 151
102 266
10 80
56 127
249 262
120 198
216 250
55 109
26 36
83 139
102 116
239 255
42 87
34 118
120 245
12 108
92 161
8 197
21 264
174 204
74 250
215 227
23 194
6 265
243 259
140 274
121 130
104 138
68 150
116 234
211 216
142 190
216 225
140 232
16 243
144 180
89 90
70 248
154 241
8 239
37 160
122 185
121 245
51 146
21 62
62 194
186 203
107 274
95 156
15 274
21 109
145 180
0 27
236 260
28 165
162 257
59 247
83 89
95 233
43 187
30 65
126 220
172 226
180 253
229 232
94 144
129 225
92 280
119 222
11 194
1 164
86 160
84 186
112 263
161 168
74 139
55 280
23 224
148 188
232 252
96 278
87 264
51 88
155 226
201 254
45 254
12 154
1 275
58 145
88 155
114 221
21 282
89 170
181 255
48 287
105 164
187 261
14 99
141 152
168 276
71 203
218 256
128 271
66 198
246 261
144 169
143 249
63 96
104 161
28 269
11 25
126 247
72 212
111 229
108 279
2 164
122 123
118 147
74 86
101 114
49 150
29 211
7 184
122 244
190 241
30 179
110 166
116 218
83 173
102 143
118 210
34 122
153 239
117 239
127 258
35 103
196 235
4 154
87 249
194 268
180 191
178 225
82 254
146 230
98 229
137 138
8 278
71 255
16 238
33 45
107 238
57 236
50 104
29 97
194 269
23 128
182 253
62 264
77 78
147 270
20 67
13 221
134 201
143 194
31 158
6 204
51 163
135 250
172 227
37 50
182 278
75 254
78 211
66 102
1 188
33 149
14 56
71 138
22 272
39 75
55 99
19 36
51 209
55 72
182 195
60 251
44 245
47 71
28 76
49 200
228 270
80 244
146 149
176 180
59 244
192 219
215 267
40 229
51 192
14 148
59 125
46 149
19 109
157 286
216 247
242 261
133 136
53 111
14 89
7 211
108 263
91 202
131 184
216 217
19 143
228 256
40 210
65 233
103 278
2 94
66 229
75 168
201 258
47 246
242 278
8 229
6 25
18 287
8 277
161 262
50 108
41 229
72 275
19 163
8 75
245 279
26 213
137 235
215 271
125 270
56 276
22 100
176 220
124 183
57 269
155 283
137 219
87 117
100 122
126 221
106 197
163 183
10 193
30 155
134 185
93 212
69 185
240 259
71 251
170 255
159 270
20 139
163 238
36 253
72 249
95 172
18 29
143 190
12 216
164 166
168 226
51 168
109 228
29 108
143 261
193 195
60 119
166 257
1 125
6 218
16 103
89 231
34 176
63 224
12 14
192 281
37 261
61 183
121 176
220 271
164 236
44 156
159 258
217 249
138 217
122 188
55 220
12 148
121 150
11 18
106 234
214 220
54 201
49 91
133 194
24 204
8 209
119 268
76 154
36 233
254 277
83 202
215 285
47 251
103 156
188 276
210 233
19 227
135 230
56 189
21 64
44 69
35 214
61 205
47 259
164 231
18 24
147 234
3 42
172 206
254 266
117 247
156 237
136 190
0 272
106 224
12 153
26 187
79 215
131 138
145 209
197 208
79 273
130 253
257 280
163 215
131 262
170 190
61 78
9 100
58 198
129 149
103 107
153 246
94 214
83 237
224 225
35 217
182 193
80 270
236 241
46 244
26 73
88 227
109 203
92 113
146 202
109 211
161 181
7 20
58 251
163 201
116 153
8 105
120 191
110 119
75 185
156 228
181 233
23 78
97 159
154 217
15 68
172 274
140 241
28 181
216 246
37 111
141 236
3 180
37 283
220 260
39 201
45 152
114 170
153 231
74 99
119 123
27 60
12 249
103 126
99 157
169 191
66 90
77 98
23 120
59 272
163 166
156 203
74 145
117 210
61 140
12 134
138 250
33 278
9 168
259 281
84 154
19 189
64 190
111 218
32 154
80 227
34 142
58 147
189 247
117 120
28 213
0 204
167 183
68 233
75 166
34 248
1 256
132 213
72 81
153 189
20 122
116 165
91 225
49 252
15 138
8 252
37 252
24 162
73 209
9 179
113 200
11 106
42 192
253 281
82 85
122 130
43 103
86 208
78 212
50 259
89 139
65 155
268 277
167 251
186 223
77 260
173 286
222 282
7 270
3 66
111 287
32 266
168 220
84 179
224 267
33 200
56 269
143 203
53 286
52 228
57 271
40 158
4 173
55 77
36 239
8 117
87 236
17 168
18 91
57 143
162 230
21 277
74 223
103 173
117 278
39 120
147 252
114 149
113 125
75 132
151 177
22 227
77 158
141 158
146 188
233 271
21 284
58 162
139 176
15 222
47 131
61 127
224 282
133 282
162 201
110 182
85 208
193 196
35 156
55 239
28 187
108 158
140 231
162 279
66 134
84 112
105 169
11 159
133 226
18 82
46 143
70 271
64 69
211 213
74 166
94 271
141 170
119 147
131 172
48 121
45 157
189 283
155 270
54 279
149 270
126 225
120 202
7 24
139 141
173 279
73 216
127 236
53 151
38 259
35 137
114 267
157 234
216 255
141 219
30 58
17 174
24 268
200 215
37 114
96 211
18 217
164 182
143 176
91 116
6 50
100 154
16 112
10 244
126 137
63 274
83 272
51 135
14 106
9 275
106 265
103 260
119 173
62 79
51 114
208 219
81 286
85 170
198 282
249 256
158 264
3 121
72 286
15 142
79 111
132 279
75 279
211 253
19 186
62 108
190 281
48 176
4 265
104 109
4 44
199 203
208 234
145 279
209 263
174 178
9 55
39 97
87 285
46 163
164 268
31 93
62 149
108 160
153 269
145 169
95 177
57 102
101 263
11 95
16 234
216 263
173 180
262 267
150 208
28 256
103 276
152 201
60 142
3 9
90 181
8 187
115 241
138 231
14 107
226 250
88 143
17 135
37 226
23 174
53 205
89 151
164 284
143 193
71 169
132 276
101 105
102 179
0 238
80 236
101 168
66 274
53 137
35 207
114 152
79 139
0 83
52 279
42 131
35 126
68 181
153 270
32 278
68 217
32 280
141 253
157 273
127 147
151 214
4 15
109 146
13 69
47 243
11 191
114 261
88 217
122 197
38 217
236 270
97 248
75 181
69 150
97 100
49 225
27 51
22 239
132 240
42 189
218 276
20 277
250 261
37 42
43 186
49 58
126 157
38 174
213 251
8 286
169 255
14 226
91 218
8 199
69 229
121 152
38 219
12 104
43 92
65 119
45 64
134 153
8 201
67 276
258 278
166 220
176 219
167 206
17 119
131 239
103 268
175 285
61 93
99 179
137 162
45 129
43 57
119 158
110 127
132 148
131 199
3 260
63 149
191 235
25 232
4 99
218 244
176 235
18 125
198 227
142 192
157 239
18 255
197 226
8 104
115 282
30 276
52 259
130 201
207 257
6 150
144 190
137 177
107 176
233 281
0 223
21 125
198 285
133 263
24 135
26 245
112 190
7 142
200 284
96 196
98 265
14 283
95 149
57 77
185 217
116 119
30 133
139 188
47 127
252 262
43 249
235 241
25 285
96 269
44 236
101 143
96 225
69 270
182 223
143 248
175 260
187 237
55 287
26 193
14 34
68 184
216 280
65 187
13 174
274 285
227 270
6 182
161 250
104 225
11 68
54 145
81 224
59 225
150 161
22 195
163 230
46 83
93 102
5 235
40 52
14 249
31 75
194 231
118 145
29 192
48 129
75 179
51 180
201 242
69 75
139 198
45 287
106 108
31 138
41 157
3 4
168 207
54 236
37 152
122 191
137 242
36 227
34 254
101 111
74 194
52 252
238 273
50 79
77 149
4 257
155 202
71 253
130 176
131 221
31 125
199 248
79 201
0 215
109 251
24 170
53 248
12 92
3 18
44 54
43 55
29 257
268 272
138 176
