289
12
37454
60
66 2
62 2
57 2
62 4
66 2
63 3
57 3
56 1
67 4
66 2
57 1
68 1
64 4
61 1
51 2
55 1
64 3
68 4
65 5
67 3
64 2
62 1
50 3
62 5
65 2
53 1
53 5
63 1
66 3
60 4
58 4
54 1
59 1
51 2
66 1
63 2
57 5
66 1
65 2
58 4
56 4
62 2
63 4
59 2
61 5
62 2
56 2
56 5
63 4
53 4
60 3
68 5
64 2
68 2
55 4
62 2
50 2
65 5
64 3
64 1
68 4
67 2
68 3
68 1
52 2
55 3
60 4
61 2
51 5
52 3
68 2
54 4
63 1
55 1
52 3
53 4
67 3
65 2
52 1
50 3
65 5
60 3
52 4
62 2
62 1
57 5
51 4
50 1
56 1
58 3
57 4
66 2
68 5
54 3
63 3
67 2
57 2
51 4
52 5
64 4
68 2
52 4
54 1
66 4
52 4
68 3
63 5
54 5
65 1
53 2
64 5
66 3
60 3
67 4
63 3
61 3
52 5
58 1
63 4
60 4
59 2
57 1
52 2
64 3
57 4
67 3
63 2
61 3
66 2
68 4
63 4
60 1
63 5
58 5
60 3
54 3
59 5
54 2
57 3
65 5
53 4
67 1
67 4
67 5
61 5
63 4
68 4
68 2
62 4
64 2
63 3
50 4
57 3
61 1
52 1
51 2
53 1
63 2
52 3
54 3
68 1
66 2
64 2
51 2
63 1
63 5
59 1
61 4
58 3
57 2
65 3
62 2
57 3
55 4
68 2
56 5
50 4
68 1
64 2
52 2
58 5
62 4
55 2
61 2
60 2
55 3
63 4
53 3
60 4
64 5
65 3
53 2
58 5
56 4
50 4
68 4
68 1
66 4
58 2
55 2
59 1
52 4
54 3
67 2
54 4
53 1
65 5
51 1
51 5
61 1
52 3
52 2
63 3
59 1
53 1
51 2
65 3
63 2
64 2
50 2
59 1
52 3
54 4
55 1
54 2
63 5
50 3
65 4
59 2
65 5
59 4
55 2
62 3
63 1
64 1
58 4
58 2
55 3
64 5
63 5
66 4
56 2
52 4
62 1
62 3
60 1
65 3
56 4
55 4
54 5
61 4
57 3
52 4
66 5
57 3
68 3
63 4
54 5
66 3
63 4
55 3
61 3
50 4
59 5
55 1
53 1
62 3
64 5
68 5
51 3
61 4
63 1
68 2
57 1
50 5
68 4
62 3
66 5
66 5
54 3
50 1
56 4
52 3
50 4
52 3
60 2
65 2
60 2
57 3
9 11
10 159
162 263
150 160
115 121
94 117
102 192
13 77
233 237
225 278
164 229
64 203
135 284
163 229
177 189
81 245
81 87
168 214
57 233
102 271
221 241
10 31
30 162
164 288
217 268
40 250
135 165
76 220
48 149
111 237
52 119
109 164
63 247
20 236
116 257
38 95
217 256
206 243
157 180
17 132
46 148
77 93
1 105
129 277
42 267
256 288
178 207
173 265
249 252
141 246
171 288
149 195
37 225
43 58
7 265
57 210
124 136
128 214
169 181
7 256
74 104
88 201
123 239
100 192
64 116
18 75
98 123
78 96
32 272
247 266
0 189
84 208
44 101
2 120
173 259
22 34
68 185
162 211
84 273
66 137
126 256
105 139
50 132
79 261
79 223
138 166
130 149
178 193
164 270
233 246
60 265
91 231
129 268
195 278
187 221
193 261
38 251
59 262
150 211
173 232
129 180
101 136
25 217
7 77
33 165
63 274
193 270
160 183
167 198
133 211
103 116
164 175
109 258
139 272
28 65
21 260
141 209
59 140
213 251
256 282
70 196
109 273
34 104
7 67
15 33
130 132
133 213
4 249
232 255
202 278
186 229
227 280
142 266
88 190
146 171
276 284
3 128
97 284
81 201
8 225
112 282
11 228
62 134
98 233
82 201
38 234
51 79
187 264
82 162
145 245
103 258
107 255
86 187
25 35
79 260
143 236
66 150
140 199
4 228
146 188
5 187
51 220
59 180
30 251
205 245
199 246
72 227
14 133
194 202
125 253
24 226
165 198
139 253
14 219
215 233
10 29
84 153
7 234
147 267
112 233
35 276
49 230
212 219
104 179
162 222
129 283
63 180
12 263
173 209
21 279
34 48
135 168
229 235
32 62
116 154
4 170
13 187
52 283
12 284
2 150
109 176
112 190
47 160
4 7
237 260
22 228
73 109
181 182
34 118
52 62
64 144
32 84
27 31
92 282
54 80
91 251
14 44
183 212
30 41
68 158
132 185
23 203
91 202
64 71
36 128
12 142
7 66
43 74
22 115
26 144
63 144
3 195
44 134
78 141
50 60
75 229
54 123
277 287
109 137
35 93
126 159
42 128
191 197
121 220
28 84
221 277
58 120
12 279
117 213
29 46
191 229
132 247
100 159
150 278
57 176
108 205
119 224
142 278
54 171
91 197
179 198
227 243
28 288
196 213
89 97
135 186
244 267
186 198
14 282
194 278
129 275
36 231
1 164
223 277
202 212
12 287
52 148
121 225
240 273
115 197
107 270
224 273
66 146
67 224
223 282
0 92
0 16
235 280
34 251
23 220
25 184
72 257
15 140
15 47
174 274
94 258
32 59
135 263
97 217
188 262
157 198
15 171
18 265
30 206
42 165
110 199
97 269
199 261
141 266
85 208
218 287
96 277
137 272
37 97
145 251
58 130
6 83
224 249
181 285
64 241
60 106
35 243
33 91
21 115
146 275
142 154
50 213
206 252
57 172
5 126
117 249
136 178
34 152
216 257
67 152
155 253
2 108
17 180
56 246
30 140
247 272
83 151
209 276
17 226
142 276
196 263
72 107
58 205
123 179
119 164
213 277
127 274
27 216
85 257
56 186
52 161
64 207
60 271
170 244
200 219
104 125
124 276
133 218
9 282
119 282
147 202
125 232
79 153
236 279
116 133
63 236
8 87
220 251
71 194
54 116
180 198
59 71
10 91
49 83
18 127
157 172
6 22
123 169
17 124
147 199
1 269
18 39
112 245
3 74
169 198
156 231
63 263
104 229
83 181
264 279
178 274
104 227
16 139
183 247
16 68
94 234
102 151
48 196
31 242
132 222
101 265
185 239
173 279
131 245
86 154
109 182
85 87
232 236
199 220
109 286
59 228
47 269
142 168
24 92
39 247
66 185
202 239
124 179
4 274
67 252
30 83
88 253
214 245
258 278
75 175
21 66
27 236
232 241
75 121
82 119
2 33
48 199
20 91
48 181
207 259
15 124
30 182
273 279
72 285
70 204
1 54
72 192
128 157
89 144
90 280
33 113
5 56
78 229
66 106
18 148
106 184
114 137
257 285
27 173
155 247
240 251
164 243
41 76
26 33
87 189
123 188
96 231
18 116
32 85
0 163
45 255
63 281
19 174
4 97
55 180
114 119
86 146
32 147
85 196
150 162
25 198
9 189
66 281
200 242
250 265
26 227
70 217
41 192
259 280
209 215
184 185
26 79
41 60
73 258
71 191
5 9
8 249
241 287
189 252
7 163
10 257
261 270
159 220
51 183
18 216
126 255
121 245
20 45
85 119
46 243
179 275
230 286
125 166
78 211
124 266
35 118
32 127
101 117
172 206
71 241
40 175
126 164
1 107
132 207
32 153
45 195
98 253
180 219
176 208
105 197
151 183
49 89
70 206
225 279
44 168
62 277
58 220
152 161
124 221
130 246
9 48
53 83
54 283
49 158
41 237
166 210
64 72
22 98
249 276
122 127
107 257
17 36
35 78
198 240
75 285
8 210
36 98
45 117
137 223
120 194
111 192
160 243
14 222
27 83
110 122
76 170
0 77
173 196
8 115
31 152
31 56
235 256
182 249
221 268
195 209
28 277
146 221
47 283
193 250
17 127
258 283
70 175
105 143
201 241
19 63
5 219
236 261
50 185
148 223
206 227
211 242
123 141
13 115
50 98
55 109
44 59
92 139
111 259
143 220
0 213
81 257
8 94
118 147
20 46
10 203
181 225
116 240
178 234
113 215
101 139
119 266
229 258
1 181
200 256
52 147
118 127
1 95
20 196
87 232
75 167
105 181
48 273
188 194
118 267
140 169
69 262
39 181
46 183
219 259
12 251
1 81
151 251
44 252
109 165
106 158
150 218
119 196
78 221
46 276
132 139
36 266
93 100
26 136
44 117
62 194
164 209
152 163
18 218
46 278
148 195
2 133
37 100
85 217
68 132
277 286
52 239
43 162
1 229
151 233
135 261
54 270
85 207
62 218
62 199
98 212
92 277
37 45
171 190
163 224
82 133
22 60
41 269
162 277
28 281
120 164
83 277
32 130
91 181
139 231
7 131
164 231
24 174
127 174
231 235
10 74
79 279
210 242
97 208
74 276
87 194
106 270
41 125
13 89
94 207
67 124
48 49
251 267
251 288
151 238
91 109
12 176
13 142
96 263
54 265
6 52
10 85
115 127
89 194
57 58
11 234
192 279
235 274
172 244
234 263
40 200
65 174
69 223
33 258
178 255
134 205
203 233
271 275
30 52
71 137
13 111
6 183
102 250
177 187
31 168
39 117
2 247
227 285
13 146
42 135
79 214
71 199
108 244
75 95
157 216
25 116
158 254
53 65
34 186
147 167
54 108
6 130
52 152
62 183
49 231
67 99
118 226
130 238
63 190
9 181
101 260
43 92
2 87
24 206
176 185
50 267
47 215
126 131
108 132
264 274
243 264
74 109
106 195
118 160
106 190
279 288
74 110
172 256
26 233
102 276
112 139
95 286
153 177
66 141
0 21
200 247
88 90
9 88
42 97
106 255
205 275
178 205
42 208
70 218
5 161
108 211
223 253
130 158
60 200
138 233
44 287
59 115
100 126
151 199
93 213
246 281
130 227
65 261
58 197
113 248
0 194
2 52
105 225
94 114
41 105
16 256
17 77
77 218
74 102
79 101
64 185
51 190
6 30
123 283
61 81
202 287
148 185
0 129
124 175
163 237
78 95
24 97
194 276
113 192
21 139
38 101
24 163
58 146
132 203
177 280
24 170
195 219
42 79
171 256
141 173
71 86
106 161
49 77
111 184
142 194
94 196
16 124
80 280
239 253
96 239
11 98
66 107
167 276
167 236
38 50
221 264
155 194
87 132
113 196
121 122
149 204
153 194
99 188
190 273
237 255
179 278
79 198
170 176
8 76
25 148
27 30
264 280
180 286
146 181
171 230
132 188
45 175
26 216
194 255
82 91
139 149
128 148
136 254
232 266
56 144
46 259
129 243
86 129
14 193
46 225
36 174
233 249
69 140
25 221
52 94
75 268
84 168
4 34
175 223
120 160
184 236
215 237
69 150
123 156
4 180
62 250
176 211
108 233
237 250
86 252
170 191
226 267
142 246
144 235
79 233
16 18
79 195
12 43
242 264
10 56
6 88
175 204
215 248
81 131
141 284
136 237
68 162
167 181
38 98
141 202
128 277
92 128
81 114
62 161
194 236
189 227
134 272
39 163
31 85
95 114
119 213
5 97
3 60
95 269
4 188
29 105
69 167
135 280
177 213
23 175
19 157
33 83
137 208
37 160
27 259
2 25
58 111
192 251
255 274
129 153
14 61
172 239
231 283
200 251
66 259
183 279
16 199
117 176
226 274
30 108
13 212
19 243
70 120
179 253
172 253
87 243
9 285
14 50
271 278
54 189
35 185
202 219
43 121
19 92
29 269
236 274
193 198
243 258
111 166
143 151
19 20
7 257
135 143
222 286
4 273
155 278
76 251
7 55
7 69
209 229
250 285
68 275
69 230
157 279
93 288
62 98
0 134
7 174
103 269
11 237
210 270
114 156
24 72
189 286
137 219
9 265
19 203
110 114
222 250
20 30
67 244
50 191
23 112
214 270
37 237
92 199
220 287
183 277
242 272
26 257
141 161
25 246
104 235
27 238
114 197
24 201
12 47
213 230
196 247
84 199
172 176
9 50
212 218
220 280
166 286
30 201
102 272
17 247
177 275
9 271
50 163
6 176
128 193
2 231
218 235
80 283
160 162
120 269
35 245
71 224
110 239
117 280
46 164
66 179
116 246
118 207
148 265
21 121
21 57
3 19
45 153
51 146
33 177
34 96
166 199
230 262
269 285
5 36
52 175
277 280
194 277
186 278
3 268
116 190
183 276
3 205
134 222
135 153
83 116
207 230
45 237
145 229
105 217
5 42
86 214
187 201
89 154
48 225
169 245
132 171
23 114
103 234
139 183
46 222
86 102
64 122
84 144
164 215
154 207
76 227
35 99
30 238
195 247
112 234
204 210
29 258
1 171
229 260
142 143
27 280
67 165
142 288
41 241
265 279
8 181
81 133
262 279
16 264
57 109
108 154
133 179
160 287
107 166
43 261
179 252
98 132
15 22
233 265
54 160
22 204
36 164
226 288
83 254
13 84
59 152
237 272
20 148
168 267
20 270
141 211
136 265
182 195
5 274
69 172
190 244
74 204
150 212
129 185
155 251
70 221
64 129
48 265
233 244
89 239
38 144
31 262
16 55
28 142
64 120
197 218
108 117
39 249
33 68
66 93
139 168
26 66
58 128
186 215
163 245
232 287
110 124
192 239
104 130
41 270
28 227
77 136
19 264
9 143
227 234
27 117
57 119
30 180
128 228
136 151
7 20
216 246
51 192
146 258
140 185
188 282
15 161
26 74
26 197
41 77
11 48
42 246
29 270
189 264
160 200
122 162
33 143
221 286
114 141
12 140
18 203
150 184
55 121
42 284
178 199
187 212
48 219
242 282
55 268
152 274
183 257
125 187
16 95
114 225
184 263
55 75
174 210
74 231
15 120
15 262
33 194
1 265
153 231
25 167
37 165
169 269
44 81
55 149
97 244
4 120
166 204
34 120
47 107
38 126
6 17
103 206
25 33
70 193
86 104
119 198
59 271
88 154
118 248
1 20
129 233
162 258
35 197
74 194
248 270
45 268
171 283
45 288
94 152
73 280
55 186
94 235
167 218
111 270
48 188
76 218
153 170
88 171
47 167
50 137
34 187
44 143
62 280
111 207
31 104
104 207
101 161
119 146
15 145
62 211
7 225
37 106
11 25
77 148
69 258
153 201
4 284
35 42
69 205
67 161
1 32
155 224
75 172
71 91
233 276
58 237
69 253
71 173
205 216
26 87
144 200
86 280
35 105
46 111
137 250
7 229
79 98
73 265
140 231
182 227
139 153
22 261
145 248
219 227
127 272
153 186
83 127
83 253
156 214
66 243
170 205
111 276
189 218
260 287
33 82
223 255
107 164
37 266
141 217
38 219
81 82
103 286
1 35
59 132
83 190
85 183
150 286
64 267
24 287
33 278
114 126
179 287
107 210
202 233
56 195
158 172
104 172
160 165
142 243
141 273
66 85
86 140
51 285
2 277
196 266
75 256
112 183
156 172
108 187
55 196
33 109
187 282
93 204
74 229
157 158
130 220
201 260
101 132
19 96
4 187
166 177
97 155
143 213
168 199
200 209
116 230
149 169
6 28
38 226
19 132
112 123
34 135
0 14
192 285
3 242
47 153
54 221
33 102
42 210
260 275
16 189
22 109
9 86
91 224
67 268
0 287
188 202
187 286
37 274
24 229
153 196
114 262
150 170
7 109
155 217
35 56
118 154
2 62
133 177
1 24
48 262
234 254
182 265
93 220
155 158
97 180
148 168
94 145
84 92
30 138
9 24
203 226
59 190
70 134
85 254
181 190
78 217
207 240
76 199
105 267
1 56
2 173
6 76
269 287
163 265
52 116
23 230
159 256
126 133
103 256
89 124
107 112
39 113
11 274
92 221
26 91
189 196
169 288
193 226
65 195
143 268
61 274
9 33
150 224
89 139
76 270
2 184
165 195
187 259
52 113
98 168
33 79
173 234
6 42
94 260
97 221
33 187
100 160
12 266
166 235
87 272
2 191
32 260
134 188
44 229
2 105
146 283
34 274
126 184
132 166
50 92
50 124
175 232
98 125
132 214
196 224
65 208
132 183
134 162
111 211
50 277
8 279
126 129
27 214
127 222
121 215
167 177
185 244
3 81
69 147
67 107
8 149
66 127
108 253
90 268
42 86
103 254
62 192
90 246
36 182
0 170
107 109
100 163
168 192
140 186
52 79
57 112
107 241
30 100
104 203
121 283
169 193
239 258
90 125
124 151
87 200
80 186
213 239
45 159
16 257
1 213
35 246
36 84
27 132
172 240
103 153
61 160
248 282
112 152
30 173
57 196
14 15
50 162
97 204
9 159
60 68
113 142
121 148
46 80
57 108
90 287
133 135
93 230
64 157
115 189
148 266
207 210
128 235
72 74
235 265
184 258
145 193
255 281
137 238
79 180
87 176
47 245
164 236
179 266
56 62
23 78
38 42
180 256
183 200
14 122
168 181
216 248
30 198
39 241
197 200
16 151
0 286
79 112
83 287
40 253
165 206
161 163
265 280
75 220
118 183
64 194
4 212
172 231
230 250
115 134
66 249
255 264
257 269
2 24
54 129
109 236
34 103
199 237
150 207
103 164
107 276
29 234
11 16
19 205
75 85
9 116
26 179
182 223
144 264
107 114
115 118
144 230
83 187
43 130
197 265
65 250
75 117
247 263
210 251
221 269
210 245
158 206
138 251
34 133
115 179
146 167
128 273
94 168
227 230
136 199
60 201
51 114
180 207
63 75
57 191
13 222
174 185
153 277
146 248
180 202
120 167
84 132
208 265
223 278
169 236
96 282
130 232
234 270
39 236
175 284
101 244
199 265
6 272
102 120
27 170
55 71
128 141
282 286
17 48
3 217
105 243
84 266
17 99
52 193
69 148
140 246
88 128
158 269
54 72
22 167
140 148
56 215
44 180
65 278
34 113
7 160
122 217
104 137
67 183
91 128
26 140
248 254
17 171
126 273
39 78
74 230
46 260
100 113
110 234
225 238
54 194
140 257
73 122
57 274
188 191
247 283
45 238
7 14
143 246
137 231
1 75
231 248
47 255
116 163
27 196
142 259
111 243
113 279
69 234
24 119
193 215
75 213
167 201
93 193
29 36
136 273
45 66
158 224
93 151
57 183
32 266
37 137
28 262
187 222
25 258
66 230
103 194
276 280
114 258
52 95
172 287
60 149
24 240
82 284
72 239
23 84
136 247
119 287
15 248
162 285
97 164
141 181
164 251
10 35
250 270
30 177
150 174
9 194
107 148
145 202
86 156
63 142
107 209
211 271
126 263
0 200
31 276
81 288
81 86
190 274
76 172
16 158
3 142
33 37
137 239
207 222
164 222
9 210
118 260
163 231
130 184
64 182
10 242
47 231
67 260
130 189
119 200
86 240
146 276
64 151
40 104
26 210
137 166
95 174
65 69
106 171
61 280
27 175
53 148
11 138
173 183
7 204
98 164
51 81
39 209
62 223
48 108
148 173
162 281
4 113
92 168
136 259
1 249
96 201
205 207
25 208
203 258
47 111
140 278
206 231
13 205
143 218
20 237
67 115
164 193
79 203
103 266
156 257
15 252
1 204
100 171
143 216
0 270
91 229
15 288
69 133
38 41
180 223
49 124
42 234
58 188
165 201
86 165
103 162
36 133
183 241
41 201
32 285
224 267
7 285
29 216
48 211
217 231
61 234
99 250
105 240
120 282
49 245
97 149
91 241
99 161
57 187
59 144
102 287
105 257
202 260
266 282
75 259
53 121
135 220
41 221
97 186
159 204
112 168
114 149
40 116
186 250
8 51
97 201
39 234
188 235
18 133
211 212
136 248
82 210
35 58
21 194
48 161
72 248
110 142
92 263
1 135
77 202
133 168
51 77
147 186
44 159
84 272
144 153
27 143
14 184
39 229
2 273
213 259
224 250
27 245
60 108
80 243
36 163
113 126
237 253
62 225
21 122
82 203
186 212
124 217
20 219
50 145
179 208
234 281
190 221
163 187
120 218
76 222
24 167
146 237
23 116
66 167
65 128
102 257
51 242
17 148
160 194
128 168
112 258
181 211
32 43
114 123
162 259
56 173
208 278
23 26
152 250
10 39
19 57
123 171
101 163
210 244
46 49
8 28
144 285
28 139
92 101
13 274
22 129
56 103
166 275
156 162
46 87
1 51
45 113
25 180
143 198
90 161
17 225
235 262
126 163
84 236
265 274
31 103
121 238
57 147
81 196
201 212
83 192
16 123
57 270
230 272
97 235
154 179
26 267
41 222
2 76
190 232
4 288
90 111
57 103
196 248
116 169
27 39
51 261
51 248
253 272
88 179
56 280
233 285
64 229
150 238
62 204
42 275
19 171
11 151
52 149
59 108
259 261
78 263
31 134
21 75
145 256
158 258
93 185
135 232
4 226
30 43
245 256
186 284
94 190
58 186
177 248
39 231
172 274
74 145
70 107
244 252
196 226
132 232
16 32
18 96
13 140
76 139
204 218
28 245
196 230
103 262
85 141
186 203
174 218
37 222
206 262
102 145
37 185
197 275
38 44
133 153
84 247
179 273
110 135
10 216
108 122
55 145
131 161
168 245
170 218
99 119
35 219
201 287
1 241
5 215
55 152
119 145
73 112
150 245
28 148
0 257
159 180
196 253
46 201
171 280
225 251
93 231
168 230
24 34
159 285
103 263
212 236
83 194
177 193
164 183
155 166
145 164
20 28
41 161
0 288
158 209
0 263
70 205
70 209
145 217
43 159
60 223
104 248
175 187
19 105
194 237
106 225
50 75
152 184
125 183
135 170
9 263
59 67
159 248
46 50
45 182
38 85
15 56
50 204
50 276
10 28
51 72
38 253
85 134
14 69
198 244
19 226
62 243
21 49
58 255
202 282
67 225
37 90
16 64
72 84
118 254
199 218
183 265
148 230
87 160
66 216
136 157
18 108
43 160
60 282
193 280
102 137
126 203
72 166
5 73
186 206
42 100
10 152
28 264
179 203
174 207
91 161
204 221
116 208
44 136
74 178
33 46
175 176
103 123
89 240
127 152
167 183
77 125
69 245
165 265
75 283
105 215
52 223
250 268
174 236
120 241
80 245
29 82
45 276
38 275
110 161
279 283
121 208
33 263
62 216
174 181
18 65
34 283
42 94
88 287
96 136
159 160
118 276
140 178
19 76
197 246
17 216
2 20
80 105
7 244
164 188
33 110
133 269
153 202
139 218
240 244
9 114
104 286
142 242
73 130
38 192
29 237
171 249
148 280
55 198
126 254
174 255
60 66
208 246
4 240
32 116
35 233
76 195
40 83
283 285
177 250
253 284
66 101
14 238
110 188
141 267
27 49
113 255
50 258
71 74
77 194
16 202
165 189
241 254
76 137
100 210
79 147
49 145
146 225
59 73
181 250
77 86
140 266
56 191
70 247
82 161
93 235
49 177
118 145
112 253
86 226
50 275
64 212
154 181
109 175
25 42
47 278
211 288
118 189
35 183
207 227
58 66
31 69
83 201
112 280
119 195
25 219
102 198
94 118
225 227
105 153
37 240
0 34
72 75
157 228
38 233
176 277
7 80
189 206
76 179
52 263
114 275
84 110
63 97
215 250
54 251
134 153
193 254
141 235
16 74
54 248
84 134
36 52
47 93
92 136
28 243
19 89
34 200
27 283
77 146
89 196
166 192
99 222
106 114
169 238
197 273
5 166
243 246
14 254
176 240
150 239
100 134
97 128
103 119
171 258
30 141
75 97
14 100
5 220
129 170
72 110
135 184
200 206
159 195
231 252
92 267
92 209
235 264
166 168
144 248
129 157
237 252
157 218
132 201
57 89
1 260
149 233
20 211
12 278
29 250
70 194
84 149
125 150
49 63
25 212
118 141
191 264
40 280
4 243
71 223
1 88
50 116
167 203
114 206
69 89
35 217
30 79
95 260
25 136
57 141
3 199
57 149
38 162
119 219
252 268
252 273
93 187
67 112
114 196
64 231
45 270
110 153
75 112
13 160
82 147
36 144
166 212
70 288
84 131
226 263
86 204
39 132
111 146
116 167
135 208
114 242
221 225
91 278
154 203
25 172
22 85
82 99
223 240
91 211
24 286
205 228
23 197
7 152
15 236
256 278
0 101
79 103
90 92
72 201
67 226
142 230
159 228
23 32
61 125
7 99
173 230
114 188
91 222
244 257
151 236
38 190
38 103
85 252
124 196
14 62
131 282
67 258
53 190
42 242
81 200
144 233
39 238
129 227
61 141
61 150
5 269
25 170
170 248
41 144
113 272
59 125
55 168
270 277
15 29
127 159
194 251
61 172
89 234
72 266
118 280
177 237
55 103
81 264
95 241
196 221
15 270
55 182
219 228
92 125
15 136
173 243
64 74
173 286
191 196
120 141
27 102
22 182
76 233
168 252
67 240
103 232
17 203
21 163
90 96
134 182
26 28
53 106
0 29
50 278
110 273
87 236
34 259
17 221
100 132
118 119
3 122
229 257
19 194
108 261
74 195
105 188
29 203
111 128
221 270
22 90
128 155
44 280
63 186
95 287
101 110
147 156
39 120
107 208
120 142
244 251
72 73
63 220
85 189
117 121
83 105
100 173
55 78
73 180
150 221
46 129
36 143
49 273
126 220
26 124
168 255
114 266
179 216
8 155
35 227
152 288
150 244
52 74
71 285
5 25
183 238
149 170
23 283
46 134
117 257
6 117
144 192
62 249
140 256
145 264
59 268
5 190
87 95
43 173
48 133
79 196
27 59
35 250
18 145
180 246
66 269
130 201
120 275
54 259
27 183
24 219
216 226
38 145
65 151
74 87
142 180
195 250
62 186
123 125
135 150
199 215
242 287
117 272
11 12
101 277
63 149
39 99
74 154
244 281
187 250
1 84
79 251
75 130
214 219
218 245
47 237
147 255
111 282
120 278
14 233
65 112
103 168
200 227
80 83
71 239
34 245
108 257
120 152
143 161
146 172
250 278
33 129
60 100
117 210
231 260
169 215
262 274
43 134
64 253
175 280
184 281
69 106
104 222
32 151
101 118
155 285
103 112
42 268
140 234
49 224
42 49
155 286
154 251
46 147
89 166
55 216
37 248
73 213
4 150
144 147
223 271
116 149
234 288
197 221
96 150
275 287
110 236
166 245
41 252
135 225
14 256
131 165
11 127
84 179
44 270
134 157
20 214
53 268
96 171
156 220
5 121
19 210
86 92
57 213
150 228
135 209
53 286
198 268
136 229
1 263
31 172
186 253
237 275
119 258
46 287
64 173
5 154
14 218
137 253
42 96
9 219
186 187
196 249
70 126
58 88
85 210
29 160
48 172
14 194
9 284
5 227
117 266
0 151
250 277
69 152
19 242
125 231
71 75
166 189
227 275
33 163
17 191
73 229
31 141
127 175
65 153
62 236
178 196
0 224
80 185
142 199
151 257
69 282
131 187
227 247
15 279
21 144
159 161
123 153
16 53
37 161
128 221
106 192
1 248
118 136
35 166
124 204
30 63
42 65
41 215
142 164
71 238
133 189
22 152
215 219
78 230
147 278
113 220
119 141
54 288
43 268
70 277
87 212
113 268
143 176
101 147
56 185
178 235
131 186
10 96
123 238
56 233
258 263
53 76
72 176
35 149
16 270
39 283
40 213
133 239
12 144
146 158
105 263
112 255
18 166
44 227
11 82
26 282
187 190
89 132
48 139
169 251
97 198
156 287
104 202
36 226
47 90
9 120
0 244
71 235
95 96
135 156
267 278
39 188
70 73
83 103
209 235
159 210
28 163
131 151
1 208
190 224
52 78
23 132
158 174
23 108
99 107
191 254
211 215
149 211
38 232
25 249
145 194
173 248
13 234
69 242
1 211
18 207
37 249
121 193
95 203
114 255
26 51
31 162
61 183
50 196
78 197
52 267
61 117
30 245
48 145
2 189
115 139
27 72
148 277
122 279
42 228
99 106
39 187
110 155
39 227
192 270
36 140
183 264
113 221
35 202
49 233
62 118
23 63
175 246
35 205
84 269
39 135
88 182
89 205
120 250
94 124
210 211
72 280
174 208
184 274
52 282
102 229
177 282
188 208
157 213
162 215
130 281
6 273
173 204
46 237
217 250
40 234
7 258
5 113
62 217
19 78
51 238
76 269
46 126
190 279
3 16
63 163
23 62
10 232
144 208
27 45
173 277
39 262
10 266
141 278
94 163
221 260
4 75
151 152
31 213
163 164
138 178
97 138
235 263
140 276
57 152
95 129
144 271
67 269
152 269
97 232
5 150
169 234
31 97
18 250
17 51
0 57
204 242
27 64
131 233
60 79
227 239
168 189
50 279
33 69
12 127
164 182
243 267
6 152
70 210
36 112
83 164
6 211
194 240
198 227
205 273
182 262
168 211
24 62
64 156
187 261
193 277
165 271
129 255
47 86
79 129
36 137
39 48
238 279
77 275
154 252
64 286
138 200
230 244
3 143
138 158
105 216
54 77
30 179
156 280
60 176
93 183
57 216
76 189
35 286
181 287
30 197
104 257
13 90
133 203
71 156
2 253
63 268
2 34
37 154
35 59
230 285
87 124
123 211
144 204
37 153
48 69
17 23
38 131
51 203
4 266
86 227
207 208
259 286
46 115
105 233
153 246
100 136
78 100
60 147
220 227
122 205
93 197
108 278
161 197
21 117
68 262
88 222
148 244
259 277
21 69
45 287
262 267
56 161
48 217
214 266
199 264
176 262
64 210
193 287
122 207
100 284
47 205
166 278
68 153
90 119
2 31
12 283
112 224
97 116
0 61
214 274
65 144
19 102
65 284
197 279
231 258
58 217
259 265
36 129
101 231
2 237
49 285
59 248
19 271
45 278
115 217
33 158
65 125
74 196
206 286
41 179
92 227
31 222
68 201
8 108
77 258
26 114
162 238
177 228
49 92
27 218
202 266
34 189
87 169
146 232
226 251
18 95
81 274
45 64
192 261
97 213
215 246
102 134
89 259
200 288
151 227
55 169
65 188
184 205
72 77
192 283
203 206
0 136
88 148
44 65
179 220
239 260
66 283
31 194
16 182
275 276
111 147
84 183
56 110
10 129
44 161
45 250
133 277
73 288
48 216
85 239
41 118
141 245
5 173
184 285
14 163
21 145
7 166
202 222
0 125
2 41
19 272
46 187
8 208
276 287
99 265
122 180
143 225
19 52
80 277
97 216
127 136
64 104
197 245
162 191
67 121
77 108
51 201
174 214
41 151
258 273
68 285
74 185
178 236
123 237
170 223
181 273
52 57
6 41
7 90
0 11
41 189
34 55
24 105
175 224
44 104
43 63
17 250
199 223
146 191
165 185
89 138
25 98
45 264
33 198
21 287
13 154
22 198
6 251
31 231
101 198
1 74
141 221
13 43
2 225
194 198
46 71
76 254
43 132
173 177
36 126
264 273
137 282
186 287
131 228
205 208
5 153
150 276
121 250
17 258
123 280
14 131
230 255
109 230
62 166
242 265
110 116
175 230
30 230
102 191
117 118
114 214
60 251
23 249
226 229
7 70
173 192
188 230
40 156
116 152
108 259
22 139
178 246
184 224
119 236
146 155
42 159
7 168
5 237
3 103
77 78
206 265
101 255
94 139
144 180
175 287
51 102
176 181
37 219
120 185
67 238
55 87
215 288
13 233
28 192
146 255
53 63
34 208
117 281
67 182
38 195
138 159
97 142
47 211
94 107
179 221
74 119
89 257
26 139
76 234
167 190
13 278
165 207
119 166
72 116
42 280
187 219
122 241
78 242
248 269
156 204
1 118
3 7
108 213
133 176
2 216
23 113
178 210
121 231
27 100
2 142
60 156
37 116
122 273
226 283
11 125
8 192
234 287
120 121
143 156
38 43
24 157
14 28
72 164
143 181
117 203
28 127
8 92
250 273
157 259
194 232
148 274
39 130
106 149
4 209
147 257
4 177
46 127
30 98
8 166
202 249
216 255
75 210
168 229
148 278
5 69
59 210
16 247
26 245
154 280
34 129
41 140
187 189
129 142
122 148
229 238
140 150
1 273
14 188
248 279
20 274
26 252
173 188
116 224
189 263
123 271
217 254
109 193
170 249
107 181
92 268
142 170
33 186
243 274
132 170
60 183
59 179
126 257
128 137
98 141
7 267
178 287
16 266
105 168
150 277
68 102
27 106
3 210
96 210
12 57
46 175
148 250
16 251
163 283
53 164
47 131
40 41
11 21
16 129
109 223
149 284
3 105
98 252
66 113
102 196
210 288
221 266
122 248
97 248
81 213
17 241
44 236
125 143
66 88
114 125
8 247
118 217
2 19
17 150
20 156
19 152
24 61
99 171
50 242
105 203
215 275
4 22
142 252
67 197
56 270
104 167
107 151
151 282
17 35
7 154
263 288
132 181
93 166
22 223
20 176
71 277
37 61
34 246
1 152
175 185
1 245
67 131
74 148
185 270
17 140
36 269
37 203
151 206
7 33
127 191
194 201
109 278
94 248
35 240
108 180
80 107
92 183
44 247
59 276
12 31
210 263
86 270
111 216
73 175
48 148
83 259
169 172
136 196
90 158
82 269
141 180
138 146
93 274
52 130
207 287
70 172
73 89
90 94
5 159
139 180
83 160
163 252
92 269
16 47
138 255
42 281
104 143
15 59
24 160
139 247
195 239
22 279
169 178
146 192
32 138
95 150
43 193
24 36
47 132
54 135
154 220
24 142
30 139
117 206
24 273
51 66
46 133
70 90
113 211
44 77
114 150
159 182
3 18
16 277
143 160
188 251
262 285
82 236
70 131
194 200
134 190
251 262
101 135
38 139
106 125
168 172
140 180
0 177
104 131
56 166
131 251
100 266
92 146
142 282
163 262
75 253
154 263
24 67
243 276
0 53
216 256
40 96
34 232
113 282
194 243
22 268
118 233
50 180
101 246
27 278
214 269
87 105
158 193
260 265
40 53
32 211
36 180
107 177
6 195
94 202
261 283
115 284
55 222
242 267
184 286
16 89
55 80
36 50
18 91
195 204
204 230
131 203
175 222
134 277
60 75
28 168
25 28
65 196
165 183
29 190
92 95
51 100
130 282
112 263
24 46
114 148
144 237
142 209
62 137
73 252
235 276
106 151
105 172
18 222
232 253
163 281
124 267
109 190
229 249
215 280
55 215
30 71
44 162
16 241
97 281
54 236
196 223
196 218
68 97
155 192
156 166
258 276
133 150
124 228
4 103
101 174
103 118
122 186
103 146
83 256
32 238
58 161
184 271
32 37
70 267
171 251
94 238
136 278
2 129
13 183
77 231
37 75
76 191
171 226
26 277
172 229
244 266
184 251
152 242
244 275
17 182
238 258
92 240
100 241
3 233
36 139
39 165
19 130
3 30
78 178
173 267
81 221
200 265
261 278
191 237
160 207
129 195
32 250
12 73
4 286
35 96
200 282
83 91
26 186
65 105
52 179
33 204
196 222
90 127
79 155
20 183
75 113
44 249
35 153
169 201
161 239
151 190
150 193
105 192
26 280
114 278
99 184
145 170
78 102
101 264
84 282
5 281
17 37
101 225
83 229
124 199
129 171
73 140
82 281
59 137
89 260
153 203
30 57
196 227
11 273
134 217
158 286
62 95
148 282
194 256
197 215
26 259
98 121
49 217
104 245
136 160
159 288
84 130
168 222
196 217
16 110
193 225
133 187
10 47
132 187
38 137
211 256
71 149
92 212
54 96
32 150
251 280
87 170
101 259
117 207
4 28
80 122
63 109
143 204
185 209
3 100
39 112
128 187
95 208
160 239
2 239
1 97
85 178
24 84
211 261
189 253
182 231
40 230
111 200
75 89
5 88
182 279
267 285
53 89
168 194
1 111
126 227
179 200
171 201
95 99
209 251
103 108
79 248
118 245
50 126
24 274
156 209
238 271
149 212
45 123
209 237
196 225
56 254
102 220
219 241
98 225
122 198
267 279
123 145
182 185
255 279
75 128
40 126
78 98
104 133
59 246
96 213
198 251
70 82
33 241
41 120
157 167
7 53
15 89
21 102
125 139
167 175
46 123
11 191
40 224
131 231
170 202
44 150
15 189
200 284
6 264
28 238
16 221
145 208
40 237
18 168
101 165
46 96
106 181
42 155
218 274
123 131
110 279
125 194
229 239
12 132
88 250
79 237
32 184
53 265
145 254
94 227
131 280
77 254
9 201
142 274
24 98
45 129
103 176
134 250
188 242
64 95
204 222
75 223
132 198
23 238
57 97
118 240
55 248
52 63
75 217
195 272
30 136
6 207
121 144
177 194
96 204
73 160
37 42
231 257
39 182
123 213
173 258
78 202
232 280
4 127
148 238
99 134
42 288
76 236
8 79
118 162
19 32
111 195
80 253
91 256
11 172
190 256
52 279
66 115
93 127
169 205
37 54
59 80
193 266
12 122
22 122
108 131
205 212
62 229
55 278
32 217
67 153
36 132
112 173
80 82
97 236
194 203
48 98
188 219
116 248
118 230
33 154
118 221
102 172
212 241
172 276
77 82
64 287
113 206
222 259
266 286
15 282
111 155
68 171
156 242
77 206
21 189
24 66
83 214
89 250
4 72
142 249
68 199
15 49
64 270
88 223
35 242
16 254
3 241
29 88
160 219
150 152
71 172
50 167
29 65
169 256
158 163
216 231
16 181
188 243
145 169
238 248
97 224
161 203
193 251
121 168
192 278
3 27
73 172
69 178
37 230
76 122
170 193
169 239
260 270
2 134
9 54
67 164
101 143
57 126
68 264
88 146
28 151
24 96
10 132
122 182
111 172
44 226
163 238
135 272
198 231
124 243
174 272
46 262
184 192
18 167
114 248
99 100
53 238
18 112
3 191
41 196
44 281
186 214
81 265
45 146
62 100
185 238
73 196
66 134
5 32
16 66
133 199
30 181
0 87
168 235
97 202
20 64
180 275
208 216
109 272
29 45
12 42
111 269
70 128
61 64
227 237
69 168
161 287
85 136
42 224
76 239
6 91
153 262
33 56
113 274
90 285
65 96
184 223
13 97
33 51
56 245
127 160
106 200
34 164
89 93
228 285
92 105
128 204
89 113
197 256
51 179
21 46
118 258
32 141
131 258
12 41
9 89
75 120
100 141
117 150
72 156
207 211
211 240
215 255
56 87
219 235
46 139
3 222
78 196
167 240
76 165
55 235
106 115
76 273
63 135
89 137
192 231
38 115
94 189
167 195
38 186
111 116
25 45
75 107
32 128
25 173
31 33
4 157
115 242
96 218
48 243
165 260
226 282
162 272
8 284
65 110
95 170
126 231
82 130
6 60
35 151
37 264
68 209
43 104
155 195
119 249
142 169
82 151
123 199
126 283
95 274
38 185
25 39
136 147
17 19
193 273
36 219
11 178
2 48
15 98
197 238
120 189
38 243
48 55
130 277
177 262
39 141
43 233
236 271
46 75
120 285
103 187
94 173
35 194
144 272
132 223
152 165
50 216
252 275
54 89
99 144
9 110
132 157
191 238
34 45
31 150
100 250
1 9
72 218
122 282
93 271
80 274
28 244
89 158
29 167
89 95
146 239
94 180
140 174
192 209
1 13
51 273
33 249
94 265
85 144
40 80
223 270
87 179
209 224
108 141
146 256
190 195
31 42
185 248
242 281
211 286
242 284
213 272
65 219
191 213
173 242
56 222
8 141
162 212
14 228
117 198
5 189
171 220
106 107
101 156
34 252
28 169
181 204
75 266
64 248
205 209
176 226
96 125
3 246
126 161
145 192
245 273
1 49
187 274
85 125
151 163
99 198
131 192
93 250
119 264
83 268
153 241
105 187
2 145
69 191
83 93
70 223
109 248
39 126
39 93
7 178
256 276
14 148
51 61
18 231
159 171
60 133
186 234
168 234
73 106
102 142
82 89
34 279
64 192
170 173
53 158
26 132
218 253
122 126
98 190
122 159
180 248
89 111
141 177
205 265
181 269
65 82
70 273
112 132
16 171
103 138
81 236
209 240
3 250
17 185
209 228
192 220
6 8
100 162
13 102
179 219
211 264
36 206
152 183
151 256
19 288
118 268
14 211
113 132
50 194
216 279
37 268
56 244
200 279
90 148
116 129
38 160
140 288
146 229
62 76
232 286
53 169
249 251
7 32
128 216
86 193
107 202
60 286
48 102
216 272
11 34
66 248
13 195
16 137
125 230
25 130
16 39
3 10
222 261
117 181
64 111
205 274
23 73
34 57
76 163
147 260
254 283
44 72
55 178
47 257
76 100
216 261
134 155
145 228
210 269
0 56
95 250
95 137
133 138
163 235
22 181
226 262
1 112
155 163
22 280
25 256
72 122
119 125
20 273
99 170
142 217
233 236
183 248
135 142
72 250
23 37
77 97
98 227
162 195
57 145
63 282
140 191
225 282
99 195
203 288
62 287
42 216
48 222
117 250
122 202
60 168
90 214
245 263
96 147
80 146
49 134
39 190
188 221
10 287
27 62
197 251
21 119
5 147
96 177
105 119
92 189
188 285
125 161
176 222
31 83
191 207
141 163
6 254
158 274
53 115
71 188
101 261
20 143
40 71
153 219
22 94
125 185
70 124
213 263
1 100
146 252
174 196
75 170
49 272
74 82
241 255
141 263
49 140
39 230
62 88
92 177
100 222
9 187
162 194
129 184
6 142
128 261
160 258
79 169
15 200
15 269
43 221
6 288
4 248
207 276
97 242
182 221
222 226
11 199
200 287
112 182
57 173
141 244
52 144
55 132
35 192
8 83
28 37
160 241
60 119
49 255
48 258
116 195
88 116
24 107
98 142
109 270
99 128
34 124
28 74
248 258
104 164
260 268
26 169
126 172
217 262
120 163
31 170
88 124
89 108
91 147
39 215
263 275
86 206
5 95
103 267
96 227
156 173
65 87
38 255
29 61
184 268
106 282
89 282
41 83
21 36
125 146
176 261
170 198
79 138
64 169
97 117
120 240
35 45
77 205
170 206
6 18
26 46
155 159
37 286
71 103
34 211
109 130
62 65
54 212
52 81
31 160
48 86
28 56
174 228
66 153
97 187
104 185
17 159
64 256
27 128
83 282
24 221
133 167
87 106
40 185
75 233
132 134
156 168
88 259
123 133
134 263
83 269
151 165
198 204
14 267
2 93
119 199
151 273
65 218
91 244
147 212
278 279
57 257
43 125
64 135
257 260
78 143
90 209
224 262
72 270
34 215
37 174
44 48
82 256
98 249
8 85
0 70
73 148
157 276
116 155
90 188
88 274
55 271
49 59
70 97
108 215
42 237
193 237
16 272
107 138
111 119
227 241
217 223
131 256
31 102
122 157
51 255
38 66
120 259
75 239
173 249
112 230
156 255
4 154
55 259
79 273
161 209
43 147
41 160
117 174
58 115
139 276
160 226
75 257
122 213
119 147
3 65
99 276
11 49
17 282
25 251
8 256
16 104
32 39
7 112
249 256
212 260
97 233
98 120
5 266
47 157
55 231
130 271
49 207
112 212
81 261
138 215
226 261
254 272
66 222
102 169
5 252
59 93
98 200
233 255
39 136
68 164
282 283
89 280
33 199
168 241
36 60
14 270
246 268
10 18
76 180
24 75
161 185
106 168
47 188
202 227
11 63
17 144
89 275
231 233
132 180
63 170
160 186
98 162
51 226
116 222
189 269
274 281
34 202
159 237
1 29
40 130
2 107
269 282
185 193
207 288
110 206
226 238
67 75
95 122
22 53
130 285
216 266
77 212
128 142
22 245
134 198
141 168
183 188
45 63
16 31
173 237
82 164
246 256
23 184
18 201
71 97
107 282
85 108
183 192
154 216
14 60
90 159
46 59
155 248
51 91
88 242
64 257
58 192
9 51
7 119
230 277
3 54
43 190
82 215
137 193
135 202
35 119
180 276
12 155
41 181
105 206
107 128
158 221
63 221
7 75
1 278
156 219
67 142
35 169
1 232
5 79
51 247
172 263
52 106
4 223
55 219
37 155
48 190
158 204
192 282
165 225
39 225
205 271
88 166
30 137
80 87
100 227
164 246
86 286
26 220
84 172
102 184
196 272
36 285
123 155
119 168
137 270
58 264
41 243
118 236
25 250
33 208
8 169
175 221
139 226
65 222
5 213
85 172
41 194
138 162
8 164
155 190
149 275
112 248
239 279
25 164
169 241
54 188
20 240
32 61
152 244
67 136
5 191
50 125
105 160
62 253
93 175
214 220
141 187
116 185
83 205
65 238
10 146
18 185
199 203
42 75
125 212
16 97
49 54
50 94
179 238
197 252
178 230
29 83
33 169
146 247
108 264
86 180
113 231
5 202
38 200
16 100
101 158
63 217
132 279
38 54
108 283
63 243
212 265
55 207
82 142
155 258
33 269
190 268
206 248
73 227
25 75
65 210
57 255
49 132
0 159
104 234
138 254
248 286
90 117
95 111
131 278
93 142
63 76
95 168
49 97
63 138
36 104
216 238
30 199
185 195
239 265
45 156
54 282
192 284
69 84
146 164
140 252
11 261
12 240
100 247
146 193
67 253
49 148
79 82
280 284
129 138
23 240
140 154
0 227
53 209
225 232
10 228
24 48
115 149
50 104
10 285
192 244
225 241
111 131
194 247
23 268
109 261
188 190
166 279
231 287
88 174
28 141
222 255
175 255
143 145
229 255
119 243
44 223
264 270
20 114
32 176
121 126
228 235
135 236
110 146
44 242
93 265
145 250
30 259
123 177
5 64
225 249
144 187
145 247
157 190
187 238
26 265
29 159
35 223
227 269
20 175
190 200
148 191
10 82
111 154
49 259
7 266
93 248
169 262
78 285
94 134
103 190
140 228
127 277
240 274
12 128
90 123
79 201
116 279
153 180
115 190
14 160
55 155
27 55
4 62
91 279
33 288
150 260
144 263
129 193
35 244
78 177
71 161
163 259
41 156
47 163
162 189
81 211
101 243
266 283
78 149
22 35
235 275
31 232
118 178
189 245
189 259
7 247
206 207
8 119
116 234
3 240
98 146
31 288
34 140
157 277
130 175
109 180
78 209
171 222
191 263
83 143
111 206
152 253
214 234
170 229
140 284
32 112
63 187
193 196
218 246
103 181
30 226
75 141
39 155
117 148
3 213
229 267
16 94
107 155
53 128
49 125
18 245
43 151
66 198
60 105
16 28
17 131
44 151
22 146
235 246
54 164
70 260
124 235
84 123
60 122
99 244
42 262
18 53
62 213
49 76
131 284
108 227
85 162
74 211
139 255
106 275
4 254
0 27
48 109
34 137
64 112
138 139
85 244
37 167
118 247
16 198
71 258
143 271
79 86
117 186
93 112
4 26
60 230
260 280
50 107
175 258
99 111
31 203
212 249
74 151
36 40
26 193
194 261
32 233
39 202
145 174
14 24
193 256
72 94
39 184
56 140
77 284
117 236
187 239
227 268
1 59
230 259
61 238
81 271
2 96
137 245
62 97
47 206
78 205
86 142
223 227
33 94
156 217
9 287
7 81
27 116
152 195
283 287
207 265
120 169
32 243
57 218
199 269
210 223
89 145
74 207
67 210
91 123
124 242
117 251
45 179
92 172
186 252
71 248
104 138
61 149
194 218
52 271
101 274
51 219
135 190
59 74
50 88
123 151
87 233
76 219
73 96
90 139
119 206
66 162
218 259
58 210
136 269
153 210
27 95
40 88
92 264
100 228
50 212
163 205
145 166
124 249
44 193
84 122
95 187
78 231
74 144
207 282
127 151
179 190
32 183
141 261
60 195
102 138
81 204
50 131
47 63
3 208
12 14
147 259
190 234
40 54
68 220
79 130
94 228
116 218
243 270
84 96
202 220
142 200
12 174
241 271
15 159
49 286
35 226
19 65
247 258
122 194
120 135
185 228
171 219
208 226
35 147
78 266
133 202
185 204
182 246
197 234
125 219
125 274
212 256
60 238
82 207
19 139
177 270
57 240
45 164
110 113
13 38
198 242
105 154
66 265
64 153
27 284
184 234
110 275
167 227
138 286
223 266
50 89
111 265
90 270
149 185
13 149
138 160
49 68
18 56
171 184
101 138
121 242
190 260
81 102
167 219
226 250
46 284
178 249
218 244
91 277
12 123
76 111
38 75
79 135
144 217
165 188
109 244
14 215
134 159
74 173
42 264
191 221
254 263
174 191
27 75
18 170
176 279
80 225
53 107
86 161
61 114
84 118
231 232
181 275
132 146
175 197
86 143
39 271
70 96
38 132
72 225
48 131
79 268
64 81
153 192
105 140
131 281
67 189
142 177
94 264
71 278
11 81
26 71
226 272
158 270
9 153
105 117
6 36
231 272
21 89
192 201
129 172
8 264
191 258
284 286
131 277
71 236
185 249
24 56
63 197
70 83
103 107
210 265
48 95
34 163
33 207
206 249
42 187
10 84
0 59
161 256
190 228
64 238
4 29
88 210
150 287
3 237
210 235
19 200
126 210
68 180
217 269
20 286
6 135
86 287
100 219
114 226
112 279
258 281
157 251
56 124
136 165
94 201
193 264
62 191
1 233
124 214
181 231
107 228
37 181
16 175
117 183
53 200
69 158
235 285
133 255
261 272
112 165
62 93
78 206
88 279
164 200
35 254
159 164
124 226
209 258
9 10
100 144
49 257
138 237
189 202
52 257
78 88
135 137
15 144
55 281
86 152
25 283
139 281
30 288
72 100
48 72
17 160
31 91
67 229
99 193
69 97
187 211
78 252
92 124
81 142
94 219
140 262
225 226
5 198
0 97
273 284
39 199
141 264
65 152
29 149
48 104
49 287
58 143
174 275
35 282
59 157
53 127
196 229
171 224
11 117
43 285
39 119
163 207
60 173
4 156
181 259
89 235
33 202
38 241
131 134
137 259
112 131
205 261
4 233
148 182
2 234
15 151
135 238
103 104
91 203
110 127
74 98
165 235
142 160
157 263
240 249
42 71
80 161
156 246
171 214
149 270
138 210
39 242
116 286
267 268
221 242
97 262
11 47
171 215
18 248
83 252
103 203
64 235
145 221
5 78
46 182
86 149
224 248
15 65
14 30
225 263
78 264
206 212
75 252
4 181
116 175
183 207
127 155
221 284
50 141
75 275
16 37
6 194
164 196
94 98
67 73
64 283
96 199
74 157
25 37
8 91
32 109
52 131
29 100
64 176
140 240
216 240
10 160
71 218
131 247
3 285
16 205
133 216
21 252
278 284
223 285
76 161
42 68
162 218
58 112
34 161
125 222
36 122
103 205
93 182
240 258
126 272
98 102
53 108
56 261
101 108
11 163
95 152
11 64
242 248
0 36
14 145
10 219
230 267
3 272
53 198
16 127
85 262
13 26
165 257
6 228
134 215
84 265
58 249
9 38
82 158
45 223
32 69
2 103
59 97
119 259
131 206
50 224
159 281
51 74
54 209
14 272
147 158
3 265
79 96
21 212
1 244
277 285
0 75
9 39
202 229
19 176
10 108
107 281
90 121
136 159
32 60
35 206
84 158
179 202
47 264
149 287
236 275
14 49
109 214
115 207
34 174
121 170
31 223
72 288
91 225
154 270
97 132
122 200
34 278
144 191
16 231
91 201
112 191
93 122
10 143
76 217
69 146
59 110
162 236
171 229
49 279
82 247
63 162
78 103
239 252
129 248
39 276
89 192
76 109
115 262
138 205
168 288
176 199
25 149
52 59
122 257
200 253
158 178
279 281
47 232
73 152
59 85
30 265
22 166
27 40
22 192
58 285
132 246
166 261
120 271
92 285
131 220
162 257
184 269
37 150
81 266
89 136
117 171
57 228
105 116
151 207
43 146
86 202
135 262
196 250
209 274
199 213
142 163
120 287
8 229
39 143
92 236
78 135
96 286
50 96
76 265
22 66
29 102
60 64
102 237
32 126
96 242
46 89
150 164
103 219
27 252
99 221
122 173
237 261
231 278
11 73
33 201
160 178
94 222
37 133
20 275
0 118
125 129
173 206
112 192
66 262
102 217
177 217
148 181
30 87
55 99
23 190
163 189
56 193
25 102
234 264
46 246
133 228
37 80
54 269
15 180
226 270
49 139
196 206
17 46
189 266
15 45
122 153
136 163
209 232
133 182
203 282
16 60
112 214
114 207
122 149
2 26
132 191
198 252
34 196
32 144
116 125
10 267
16 186
73 157
32 139
22 95
86 220
71 177
96 198
12 55
120 276
38 59
9 277
19 216
86 121
21 283
28 99
17 174
36 286
0 123
145 201
214 267
139 172
154 250
201 279
36 199
189 192
101 220
54 111
26 223
14 116
50 262
94 151
207 236
28 140
0 222
88 214
195 270
68 266
63 98
16 29
166 242
93 168
114 135
170 274
150 172
91 122
50 207
18 43
157 285
39 144
80 221
27 288
158 208
103 210
202 218
108 246
177 256
169 214
38 63
168 217
140 188
245 277
17 147
108 129
40 204
176 207
127 185
87 148
194 245
180 183
191 266
84 203
154 178
150 243
214 225
29 129
238 280
21 178
171 243
10 71
15 55
41 98
35 143
100 275
173 275
85 135
10 57
39 254
67 77
91 97
48 156
160 173
78 122
54 131
57 110
70 195
178 232
53 167
133 162
20 112
43 256
58 147
139 270
20 140
86 265
87 237
256 262
148 227
7 142
128 240
126 132
136 276
159 202
117 166
168 276
43 81
31 248
64 193
172 277
199 282
87 261
147 197
134 194
90 273
175 239
104 250
41 244
155 226
87 207
171 200
85 269
164 214
71 181
62 77
114 168
27 90
12 124
109 284
161 210
103 136
189 280
47 50
114 118
15 129
117 261
174 250
34 122
7 147
166 276
58 59
25 286
215 287
12 245
140 236
27 215
110 174
101 253
136 209
176 217
35 63
14 283
109 276
73 230
36 81
119 150
57 80
49 240
153 276
189 268
167 257
263 270
102 201
60 101
74 238
60 150
17 81
76 286
135 144
27 32
27 241
194 209
53 267
36 38
75 187
205 288
37 117
177 215
85 187
155 240
35 101
60 253
20 255
250 252
211 287
140 275
131 267
30 77
126 285
100 185
197 202
38 266
176 250
35 174
234 286
95 169
170 220
148 214
33 246
121 270
185 235
54 226
133 282
10 282
67 265
23 122
12 171
34 144
73 273
107 113
115 251
5 258
122 167
127 220
239 254
6 96
68 179
81 246
95 133
22 234
131 133
19 283
234 242
56 82
1 109
78 199
84 173
167 192
110 269
28 51
10 90
186 219
15 254
67 91
90 252
20 59
44 261
40 91
67 111
20 136
24 52
76 284
158 207
145 249
54 190
229 259
74 209
97 123
79 88
33 253
60 263
171 185
24 116
52 145
61 210
129 276
117 224
6 98
157 191
75 196
230 232
79 249
7 49
183 199
218 238
14 74
143 162
209 252
124 280
177 223
84 94
86 98
62 233
97 254
126 202
200 283
95 146
23 186
32 48
259 270
10 170
26 176
114 178
66 116
8 140
63 258
62 148
103 270
145 214
57 170
64 90
245 275
110 160
224 261
87 187
85 106
4 153
107 220
70 168
63 173
123 259
104 170
206 251
31 82
118 163
99 207
128 278
63 227
162 205
65 270
153 215
51 83
84 260
11 194
201 224
12 259
136 175
240 280
23 142
44 119
29 264
118 257
143 171
95 240
122 185
134 234
83 284
149 161
187 283
137 257
127 182
38 267
8 190
172 185
160 236
5 233
92 258
46 144
62 187
70 144
16 212
30 164
72 224
27 56
85 93
47 258
95 256
28 257
21 67
95 242
147 258
50 144
39 131
99 237
43 56
58 83
95 117
11 13
59 143
100 232
14 41
207 221
24 152
111 162
37 114
0 192
52 238
116 212
160 251
36 184
89 157
22 207
6 20
55 257
125 151
25 269
69 187
101 146
259 273
206 220
14 22
26 83
238 239
50 130
92 207
231 251
57 156
140 167
208 231
11 144
57 224
108 272
217 278
163 216
65 79
9 227
46 249
124 131
2 211
107 265
176 197
42 108
75 263
93 128
104 186
116 130
28 50
121 212
251 283
100 217
15 80
133 231
153 199
54 185
170 189
155 193
67 195
0 176
89 258
52 125
102 108
28 255
34 41
20 177
12 81
16 71
165 184
84 216
203 239
58 94
123 172
37 193
138 262
151 193
34 260
68 96
8 258
113 190
10 89
225 256
178 270
95 276
17 220
192 249
109 188
87 116
8 254
69 193
36 103
191 234
178 285
113 122
35 86
219 272
159 263
167 222
99 178
29 181
174 273
234 247
50 187
243 284
44 156
19 215
101 164
151 250
176 239
200 232
11 145
278 282
140 161
195 243
86 207
76 117
2 61
35 263
32 181
2 117
198 288
131 259
122 189
0 47
157 221
138 281
3 223
8 186
69 220
41 267
45 231
21 247
145 255
7 22
135 179
98 159
149 207
58 272
26 288
1 110
141 234
46 79
92 223
214 256
152 265
111 212
38 206
109 112
140 171
159 243
19 43
93 102
107 197
36 205
27 46
221 262
265 271
114 157
239 263
63 141
34 95
48 260
64 285
13 185
24 254
7 68
37 184
239 262
72 278
87 268
103 132
200 267
29 104
169 246
100 242
240 250
110 187
177 181
176 184
50 270
16 282
108 184
88 115
178 279
98 282
136 262
103 228
213 222
20 157
122 144
115 229
121 160
46 53
31 133
20 212
20 65
137 200
120 214
92 144
113 153
30 128
174 179
223 279
48 269
130 272
146 235
100 216
25 153
3 214
22 58
76 248
212 222
165 284
123 221
75 137
175 267
28 219
99 230
88 118
249 253
198 256
66 187
80 167
62 115
133 248
19 218
18 267
180 190
15 83
219 283
52 92
110 158
91 136
194 231
19 97
9 154
165 272
111 122
101 207
34 123
189 208
16 22
268 272
232 270
101 284
256 273
15 44
19 185
32 111
44 243
198 224
52 77
39 251
44 222
143 249
101 224
137 241
87 163
60 189
82 272
39 258
4 27
196 244
69 286
34 54
199 230
143 179
33 55
70 76
176 276
143 197
23 225
67 76
38 252
76 184
87 108
12 152
214 255
279 286
26 241
117 260
68 256
60 143
60 198
73 174
47 138
2 196
137 222
73 262
95 225
62 232
141 230
148 225
83 179
68 93
236 249
23 95
72 260
187 278
9 270
47 48
116 250
86 213
233 283
46 263
102 263
110 185
71 253
136 267
17 58
109 263
7 179
210 252
154 272
85 102
64 141
190 218
144 148
137 144
198 258
57 159
86 247
130 222
40 194
49 239
92 127
170 203
87 118
127 249
8 207
212 235
228 234
10 169
186 199
120 201
26 268
249 279
48 275
72 222
56 142
125 226
74 202
56 107
33 140
157 280
3 51
111 126
25 210
97 256
42 53
67 251
124 168
184 243
43 55
115 210
184 276
188 207
22 246
15 95
4 32
15 196
53 160
175 247
88 257
9 267
29 229
10 235
107 143
64 68
234 275
35 84
260 285
188 197
54 214
17 134
136 231
93 232
19 42
205 210
0 126
92 287
178 216
84 154
79 92
71 276
103 251
73 104
2 17
131 177
1 226
162 165
15 197
97 162
255 282
166 183
82 229
69 126
17 272
14 247
237 274
28 29
78 79
188 241
173 178
69 190
157 210
1 121
176 237
149 268
116 200
142 237
132 159
184 254
82 205
67 74
31 129
83 168
193 199
109 132
34 80
110 209
149 251
280 288
125 244
53 219
32 159
148 232
78 82
25 238
118 130
123 134
159 215
147 196
21 202
9 230
66 151
9 167
103 155
1 40
114 165
9 220
88 94
153 259
136 172
28 79
56 177
110 156
22 224
138 196
19 280
147 193
56 259
274 284
220 231
26 122
99 190
47 126
9 234
5 38
54 166
206 271
19 196
84 270
268 287
29 124
13 158
114 263
153 159
53 236
36 234
142 271
45 121
169 219
177 180
76 136
243 282
9 71
103 250
93 123
193 211
84 233
23 275
160 210
214 226
133 222
107 182
44 271
55 59
111 248
224 236
196 255
101 122
6 180
167 264
101 130
45 196
160 168
20 217
165 204
21 273
83 249
232 239
26 153
55 100
202 224
210 262
82 275
177 226
212 280
47 165
199 257
93 116
64 109
37 164
40 108
47 127
170 253
96 285
240 270
116 132
77 101
36 118
186 209
60 177
62 260
183 246
63 174
83 153
47 72
75 185
92 194
242 286
83 231
9 223
33 273
225 276
24 245
6 79
85 100
170 259
16 177
208 256
40 81
129 139
24 59
74 222
16 249
35 267
64 264
184 244
262 265
151 249
100 175
43 245
0 131
124 209
95 270
88 228
71 88
104 205
159 223
18 255
19 275
42 132
15 218
34 74
84 214
96 145
5 6
110 235
118 229
209 265
96 132
146 168
130 268
117 149
188 287
16 168
32 86
15 285
216 237
72 251
35 275
159 177
52 253
29 245
107 261
108 199
38 68
89 229
241 259
124 268
96 224
86 160
128 180
44 130
231 274
69 130
182 274
233 239
73 241
72 274
284 285
196 243
48 56
84 205
5 170
4 66
160 175
104 218
93 160
121 189
261 269
97 266
178 202
111 114
25 234
1 231
93 147
120 131
57 123
8 200
134 145
117 168
53 273
41 283
0 283
35 88
75 168
186 275
213 254
150 285
52 101
69 119
125 272
127 145
194 210
130 251
78 228
129 135
65 178
27 230
7 159
36 45
213 231
59 250
149 198
169 231
92 109
61 206
33 76
157 248
27 165
210 249
39 73
73 245
80 128
197 274
129 244
37 65
204 236
127 241
126 175
24 242
83 121
92 243
184 218
18 189
124 187
49 200
65 268
158 198
51 251
45 184
111 168
56 175
146 222
15 179
15 110
118 231
105 202
121 237
202 267
18 277
82 163
51 152
109 140
55 90
125 217
90 93
1 159
133 190
157 160
19 160
20 79
173 222
129 201
17 178
64 97
101 113
87 151
149 208
223 272
73 182
26 174
14 275
23 248
56 232
86 261
4 115
8 268
86 141
84 251
57 174
141 149
146 204
116 146
100 157
4 195
157 244
19 228
132 258
178 189
87 265
247 274
133 155
234 279
141 288
204 270
21 125
142 173
18 19
103 248
127 268
86 267
106 123
174 194
100 240
113 193
11 123
108 111
109 205
12 181
52 146
22 154
5 280
47 226
185 261
33 225
119 248
86 88
11 77
102 207
27 88
144 201
72 185
96 241
89 104
129 192
139 141
24 216
211 223
51 259
109 200
72 179
29 55
33 105
59 272
34 62
85 260
94 182
157 182
49 178
22 68
119 265
79 137
217 263
29 247
59 156
108 238
224 243
63 129
197 214
0 139
27 156
103 111
88 236
25 77
36 138
214 250
57 283
21 95
113 285
126 149
93 120
28 82
84 142
35 214
19 165
79 142
187 220
0 2
99 280
202 268
145 268
23 273
1 268
125 126
29 218
73 79
26 171
246 258
260 278
172 248
108 159
126 173
109 122
131 181
61 131
13 50
106 260
99 160
24 115
215 269
167 263
80 145
175 218
20 288
46 264
22 75
210 230
212 240
123 162
233 274
130 162
2 260
232 260
159 247
15 187
95 247
52 99
199 287
79 89
134 211
159 234
75 109
97 197
104 161
138 230
170 254
215 263
71 192
127 248
44 267
69 111
79 168
1 36
39 133
83 184
71 120
107 253
179 269
107 259
46 176
74 89
179 248
65 247
41 260
8 246
252 288
67 179
99 117
46 212
96 257
224 280
17 55
155 186
100 139
74 256
2 210
25 166
145 178
37 270
10 173
63 113
145 171
152 249
170 227
181 253
187 218
41 236
236 263
228 239
53 110
63 194
124 128
155 262
68 245
49 93
211 234
22 142
117 279
65 179
115 236
78 162
11 229
124 219
5 211
142 235
189 260
71 187
72 234
38 111
7 59
22 92
41 75
218 271
50 55
144 287
44 166
138 154
83 146
166 184
21 246
49 133
23 28
105 199
180 197
73 247
2 159
41 186
176 204
54 59
101 214
208 279
56 262
117 229
33 106
45 281
87 269
139 263
158 266
86 225
92 253
256 268
245 276
132 189
27 273
124 240
32 175
140 208
16 185
10 50
131 249
208 280
76 182
195 225
20 181
65 84
193 241
270 283
105 282
234 273
25 195
168 238
215 218
13 249
1 186
155 259
48 107
181 230
19 281
30 48
10 126
148 233
121 169
203 221
51 121
222 273
25 244
26 58
66 172
89 252
82 175
53 203
27 48
70 282
47 62
97 280
15 201
14 101
220 253
10 164
121 271
32 149
116 193
53 109
4 144
82 114
14 220
53 179
110 144
174 262
174 277
121 233
5 89
210 277
81 147
116 238
91 172
199 251
19 270
129 249
1 108
60 235
42 131
217 227
238 244
104 132
87 190
28 184
51 105
123 175
248 265
7 263
11 92
130 233
94 113
182 286
99 285
15 258
232 246
135 136
111 232
64 262
8 271
186 255
96 208
137 277
108 242
32 171
52 183
118 253
60 212
142 281
127 167
140 285
214 273
45 232
16 41
60 65
201 227
132 184
205 270
90 162
5 63
129 155
7 222
11 226
181 252
156 254
35 132
73 153
112 284
152 287
121 261
11 84
116 233
55 136
151 266
52 184
31 204
4 25
18 26
228 261
160 214
156 223
126 232
103 220
42 248
32 174
166 265
130 145
0 110
100 117
19 222
60 275
35 150
175 227
272 275
15 30
33 238
220 233
140 166
54 85
56 257
128 200
32 173
201 234
97 277
29 144
121 156
199 229
222 269
14 119
97 163
87 258
78 240
128 202
94 191
31 114
8 84
3 200
78 117
91 164
128 146
223 288
8 142
70 157
25 218
35 106
194 246
125 270
235 279
236 276
40 159
101 213
46 200
135 249
219 260
172 279
144 210
117 284
26 75
43 91
148 183
172 227
1 10
78 261
136 264
213 235
18 106
16 82
86 125
38 129
172 188
86 130
79 167
158 185
269 273
116 273
218 278
111 196
51 212
81 277
146 202
42 154
9 261
114 204
124 252
77 177
76 211
188 213
21 183
159 268
242 249
22 59
136 142
137 266
87 251
30 134
15 235
32 131
55 84
84 177
2 137
6 238
201 236
164 195
194 239
151 274
2 276
222 233
88 278
9 214
8 276
64 255
21 30
142 233
38 228
16 201
48 257
47 202
0 52
13 251
19 83
186 273
91 237
214 247
249 277
36 87
134 193
154 193
186 217
15 157
104 187
83 227
35 216
5 101
51 139
166 198
153 181
65 281
155 188
90 106
36 223
76 95
190 205
107 213
18 132
233 243
35 113
22 134
151 268
22 80
150 250
137 187
64 282
19 121
1 240
262 278
97 246
134 191
27 130
7 201
54 122
168 251
27 73
24 199
99 227
2 148
8 43
25 163
108 186
106 166
13 40
103 120
35 252
102 177
56 209
138 283
48 231
28 276
40 271
214 275
134 288
119 121
184 199
85 253
7 215
87 196
41 259
117 147
261 282
39 118
141 252
85 112
13 66
6 190
62 157
73 173
57 94
193 230
173 180
8 250
20 192
24 133
146 175
17 227
106 209
161 200
141 175
142 215
40 239
126 170
81 122
26 107
182 254
10 238
233 258
16 116
45 272
147 244
95 198
197 206
122 212
131 279
49 84
96 155
61 249
121 133
50 161
42 205
139 158
135 180
119 171
17 53
173 194
0 142
197 204
79 241
163 195
166 237
0 281
37 162
120 186
156 206
174 258
122 221
39 122
47 161
33 142
3 94
138 149
244 272
43 66
197 213
33 223
110 270
204 213
18 136
103 236
218 280
266 280
57 259
168 227
29 176
168 280
165 208
85 263
223 248
7 187
68 205
111 137
66 196
200 203
135 147
131 174
27 166
114 220
269 288
248 266
93 181
110 171
39 153
43 138
200 276
173 252
89 198
120 226
26 168
107 178
22 136
57 275
102 154
3 26
33 49
53 60
171 191
31 41
13 148
5 34
111 215
133 244
76 288
62 165
57 87
140 283
215 265
15 206
44 198
198 247
18 163
87 203
11 91
213 268
8 55
16 62
101 159
26 231
79 83
160 170
45 88
72 154
22 191
125 210
25 254
3 28
24 268
96 190
221 274
234 243
34 255
26 207
118 234
112 216
25 140
90 150
101 128
84 246
54 136
134 259
112 210
132 210
15 241
55 158
198 260
99 109
151 180
57 95
68 75
53 136
37 52
128 154
100 194
6 208
49 146
45 138
46 76
4 210
46 135
15 158
177 268
97 205
20 264
166 167
12 45
113 243
27 262
73 242
2 57
88 227
23 138
74 91
160 234
231 256
182 278
166 223
28 111
208 266
70 161
69 222
100 286
43 241
78 180
160 235
156 286
43 101
172 272
184 272
85 216
198 248
28 78
9 244
0 218
14 154
138 181
157 188
78 283
126 194
108 258
2 170
49 184
23 209
86 164
71 204
146 233
34 35
64 166
91 113
22 231
1 275
136 250
127 233
99 246
244 261
242 277
165 214
23 46
58 103
131 238
37 89
21 235
99 238
63 199
57 252
116 128
114 180
194 275
206 215
72 223
109 201
61 207
146 170
128 227
148 256
106 285
2 265
139 225
82 173
161 224
70 121
17 183
133 280
190 270
135 223
56 285
50 51
124 158
6 35
75 181
41 139
7 12
255 266
20 81
150 161
106 130
83 239
100 143
97 278
100 263
98 198
70 162
91 207
49 112
92 145
5 156
148 163
142 218
92 154
55 154
44 167
58 136
47 137
260 271
148 255
58 215
49 62
23 30
109 271
51 225
101 273
12 281
103 253
74 105
113 195
122 124
88 121
186 202
122 172
51 228
137 175
22 56
7 185
3 224
136 223
162 229
181 226
159 280
7 193
52 65
179 268
99 194
45 97
28 198
123 279
12 145
243 269
27 144
71 247
29 134
14 144
152 284
7 224
131 283
56 282
5 35
75 164
35 248
32 251
61 112
185 247
179 241
133 159
6 51
121 130
171 213
34 145
10 63
75 218
8 275
80 124
153 208
54 64
32 218
0 191
85 204
179 227
94 129
4 256
65 267
36 258
57 282
4 31
222 275
246 250
33 282
214 224
30 205
43 44
136 184
252 274
14 226
111 258
20 54
148 213
119 131
164 244
160 245
30 248
68 174
5 194
88 136
132 249
48 111
79 151
75 278
41 218
258 287
49 90
156 171
54 223
49 127
16 85
100 105
48 186
62 105
167 205
168 179
117 177
151 175
77 195
47 197
105 177
26 100
107 224
9 73
104 180
47 183
132 220
6 162
80 227
110 184
70 190
15 287
105 191
145 252
33 145
38 55
51 149
122 224
100 170
252 279
263 282
60 215
63 215
88 183
162 269
165 199
47 273
41 112
60 203
28 269
17 186
139 170
69 224
115 117
160 188
193 282
19 278
2 256
9 247
50 193
107 264
39 250
72 210
63 193
200 235
0 266
32 247
202 241
236 246
94 280
110 250
60 77
10 36
220 240
145 277
26 235
210 259
210 241
14 110
59 284
153 213
219 265
94 205
84 120
193 278
208 223
55 252
42 196
214 283
13 260
129 270
75 171
150 242
166 284
137 143
102 156
76 249
232 245
112 232
34 286
12 159
178 275
98 150
29 91
121 252
125 269
182 256
164 281
78 186
175 212
156 164
32 235
66 166
217 260
100 180
55 189
219 267
46 282
71 81
242 252
36 56
72 230
67 84
140 221
41 287
7 18
123 267
15 166
100 145
34 223
53 269
28 200
41 171
36 76
149 190
93 125
51 186
93 279
44 107
92 241
130 177
133 180
185 205
49 264
135 167
19 88
9 84
51 231
185 223
44 98
13 174
46 108
6 38
36 152
200 285
88 273
101 226
194 268
112 249
140 175
22 203
42 211
14 142
151 247
188 225
140 235
173 272
64 260
111 222
121 197
43 212
141 285
74 165
159 213
129 237
15 34
45 251
79 235
138 150
70 184
77 253
117 286
196 281
206 237
195 198
87 266
34 236
24 28
96 206
37 125
77 144
89 149
210 220
244 287
217 287
54 267
192 221
185 212
57 64
5 7
221 231
49 119
185 217
10 158
189 226
34 136
185 220
95 267
112 133
185 255
175 241
211 219
138 194
2 228
66 90
137 265
25 202
11 56
16 63
100 288
166 252
38 117
153 242
31 182
81 230
189 198
206 235
45 133
120 237
109 133
71 189
73 236
66 286
195 215
142 226
21 112
212 223
89 161
122 287
93 208
59 70
75 150
9 95
142 279
61 70
134 152
90 224
70 109
177 208
2 180
164 241
160 246
163 260
17 133
200 274
26 56
20 132
73 101
11 131
156 210
38 271
154 237
26 157
111 235
15 219
106 160
38 119
103 200
91 99
71 286
39 101
178 265
84 127
181 240
71 226
38 265
102 153
95 215
49 71
3 36
9 156
121 191
83 263
35 54
68 159
26 272
67 138
222 287
0 3
111 231
40 286
183 214
38 261
38 171
159 282
234 284
12 16
5 93
227 258
55 227
13 18
11 140
8 283
54 120
123 262
19 159
104 169
117 142
179 280
134 235
91 176
14 98
19 131
59 173
34 227
251 255
59 193
64 237
24 194
30 145
220 288
85 193
192 208
47 288
104 285
169 184
76 202
23 173
130 141
17 239
16 125
58 167
21 244
62 127
2 102
156 238
60 188
82 288
107 260
55 148
13 30
97 108
117 170
177 232
56 137
263 274
149 210
9 130
10 60
53 266
31 272
190 233
29 187
213 219
38 281
102 115
173 191
259 275
30 153
152 181
134 262
15 153
12 101
137 234
38 225
80 159
45 108
27 222
206 253
41 63
10 157
136 182
9 68
148 276
6 219
63 189
16 153
46 55
45 206
75 139
62 264
38 149
81 88
98 145
47 119
7 124
171 210
64 206
70 269
102 252
35 157
88 95
171 216
147 245
5 33
247 259
93 257
238 245
35 273
59 123
20 110
43 100
5 125
9 131
90 167
106 215
63 164
130 133
78 232
169 232
143 182
39 183
189 255
266 270
59 83
59 136
38 279
134 170
26 203
56 149
5 124
134 245
18 274
99 153
24 41
97 212
171 254
69 136
76 131
108 157
28 100
96 105
50 74
102 106
155 235
22 132
246 277
123 189
59 146
22 169
5 130
261 276
176 194
103 225
138 272
139 144
3 273
12 188
47 284
36 280
25 154
142 277
31 59
56 59
72 83
110 278
51 69
38 187
49 252
201 259
36 230
109 209
38 100
192 228
117 287
85 240
40 75
97 214
36 250
148 171
44 230
48 116
19 142
182 187
42 52
125 267
60 83
68 212
69 228
100 264
53 57
70 286
72 85
138 287
90 140
57 63
58 74
172 275
86 228
27 53
65 280
36 44
126 233
116 164
59 170
11 198
142 275
49 190
147 227
70 191
32 64
4 247
170 269
26 205
169 216
230 283
83 159
134 238
21 217
27 119
3 225
242 283
133 175
40 232
55 218
195 255
100 271
109 269
59 196
135 149
155 175
101 270
76 200
68 263
96 127
214 239
152 232
87 113
22 220
150 185
10 221
107 186
76 103
54 73
18 71
43 228
42 236
145 186
53 73
32 76
30 211
66 174
166 233
77 110
50 67
150 179
69 77
39 204
54 281
11 45
77 268
137 167
175 281
188 255
111 283
59 118
6 157
24 99
119 275
188 198
171 221
45 252
161 168
42 181
13 127
69 195
70 84
58 258
217 226
171 235
167 262
19 269
58 266
15 280
28 266
159 255
105 238
259 287
137 151
87 164
134 213
62 79
27 82
209 217
286 288
71 259
264 276
106 219
39 105
98 196
155 184
51 127
54 98
145 243
130 165
80 139
69 171
61 174
176 264
64 198
172 223
41 195
19 267
47 217
24 43
158 165
93 154
104 157
53 185
85 223
16 99
72 269
5 41
137 149
116 229
25 185
23 100
123 240
203 287
9 59
6 82
91 116
190 236
28 134
91 170
0 174
280 287
12 79
79 238
55 62
43 97
64 114
23 222
46 91
12 183
84 230
14 96
204 226
38 142
6 284
31 39
26 73
37 239
14 130
0 71
91 236
196 276
104 284
159 233
150 154
37 141
38 207
136 260
93 145
129 202
218 240
258 272
20 281
47 274
68 98
141 193
40 127
159 279
179 236
163 269
58 201
4 252
220 256
230 266
43 198
145 234
128 280
60 85
7 181
126 144
47 260
24 204
50 244
50 238
90 288
90 102
190 196
55 173
127 257
129 279
141 254
32 274
66 258
190 258
210 257
188 237
220 225
86 114
85 285
51 120
123 208
90 269
29 188
104 166
31 68
238 240
114 115
223 229
98 205
221 275
124 278
38 198
178 215
97 130
82 204
25 171
40 180
114 143
75 149
106 211
6 255
4 250
20 210
66 143
102 281
77 208
40 218
247 261
233 279
52 181
113 165
104 277
106 205
261 268
50 240
2 127
45 257
35 221
89 273
117 144
91 184
23 77
220 285
49 275
105 182
206 288
147 217
103 238
63 148
63 230
170 238
153 256
240 265
76 129
250 287
101 236
40 152
61 177
53 88
195 223
193 212
61 192
57 288
67 132
189 221
9 47
245 258
112 171
98 151
32 80
139 265
49 154
55 70
160 205
155 270
136 168
107 263
84 185
2 75
178 219
155 282
75 158
98 235
55 104
42 143
48 78
70 287
67 275
70 141
82 278
117 248
218 236
76 102
71 211
41 78
21 207
213 214
83 174
116 172
218 288
36 127
40 101
38 237
29 196
130 183
155 252
199 274
97 219
67 114
153 233
39 62
16 70
85 153
31 278
128 136
217 221
26 95
161 279
176 202
144 238
136 241
93 126
11 281
268 269
13 201
51 170
1 145
193 205
61 254
21 83
56 224
127 193
108 162
14 279
55 181
192 207
40 105
190 203
68 267
96 273
95 211
175 257
23 80
154 219
4 270
111 268
75 241
19 34
57 198
267 272
146 244
134 185
212 251
75 87
47 120
115 238
24 220
194 285
17 198
70 111
72 199
84 250
69 180
243 275
97 241
23 282
213 287
119 274
212 248
9 56
19 51
13 281
84 181
247 288
23 235
48 288
133 259
47 94
9 132
98 245
80 106
178 221
162 213
168 237
178 268
172 273
178 201
217 232
2 72
13 239
105 234
79 243
63 101
114 267
45 227
105 279
22 72
39 98
80 278
231 269
123 248
24 104
40 196
88 117
104 230
187 223
74 264
11 164
57 281
144 268
9 138
219 285
36 257
16 274
64 188
165 202
17 209
68 227
61 268
3 95
44 133
188 272
99 196
154 260
155 172
193 195
140 258
181 217
173 276
202 213
172 266
28 213
20 49
51 211
6 240
95 155
50 155
140 243
77 171
40 45
14 103
213 246
43 248
10 26
18 239
23 178
11 141
11 250
153 279
43 263
264 266
124 160
73 253
156 180
264 272
211 232
76 243
54 81
14 57
178 247
11 120
140 244
172 212
85 111
21 87
27 105
84 220
26 283
108 128
105 204
78 83
185 266
73 163
60 257
27 221
219 282
57 165
60 284
135 212
73 223
46 288
101 127
201 268
96 140
94 255
74 136
83 87
145 220
101 195
190 202
153 232
81 276
47 281
78 164
195 246
132 153
253 259
68 119
130 195
251 277
62 170
54 153
154 197
198 254
21 206
58 238
99 121
162 241
14 102
5 244
85 88
26 258
19 100
29 195
156 245
128 208
134 270
81 137
71 222
153 157
28 209
6 140
2 3
146 160
28 189
11 175
20 218
110 143
224 276
182 192
12 83
134 142
65 226
9 275
128 159
13 267
84 201
38 143
72 86
27 260
34 258
246 283
167 281
130 240
151 271
20 116
145 185
60 152
88 158
5 236
96 225
17 202
36 267
176 224
94 165
74 215
201 233
41 199
61 233
44 220
123 275
2 163
1 262
6 184
65 285
84 157
135 138
20 56
55 270
80 158
124 183
231 277
64 205
0 93
229 276
182 202
13 68
135 253
20 122
5 179
111 288
2 146
128 153
218 219
80 104
50 287
69 235
2 46
195 221
70 137
10 118
233 263
80 266
29 177
25 204
80 95
169 191
109 254
12 54
125 224
133 230
148 237
185 219
39 139
94 262
94 150
114 227
122 225
160 249
74 169
9 162
131 254
172 281
175 200
70 183
102 141
0 69
4 182
172 225
1 25
52 240
186 259
180 229
19 259
8 138
15 172
6 213
96 195
67 243
73 90
21 210
14 183
138 169
4 200
202 232
120 146
97 105
150 231
17 82
63 165
141 172
219 220
158 238
28 166
57 267
91 177
87 165
53 66
117 192
132 142
106 245
166 287
28 63
123 140
10 186
65 184
60 194
8 117
121 264
62 139
156 191
91 118
13 52
256 271
202 207
155 255
191 205
35 277
21 242
20 82
70 123
201 210
32 270
108 165
36 259
270 280
67 249
174 252
15 188
78 274
253 274
15 138
269 280
48 159
23 33
52 288
135 177
164 212
171 244
76 91
154 161
109 232
69 249
19 119
91 115
90 154
41 115
92 202
25 103
131 214
98 108
119 203
6 200
205 287
129 265
0 8
27 207
158 177
100 223
215 258
35 196
42 110
233 253
6 112
137 201
48 101
4 267
35 160
133 229
220 266
107 171
1 143
12 236
139 213
65 203
88 232
10 261
128 285
51 213
75 155
48 169
2 89
1 198
246 261
44 190
98 140
8 19
144 284
170 263
31 214
148 188
132 288
44 108
59 221
39 111
31 47
65 287
189 276
9 200
161 236
108 247
139 163
230 236
201 283
88 143
113 157
237 280
32 118
80 97
171 223
34 59
37 43
115 177
72 143
26 146
49 243
21 77
73 150
28 183
91 218
18 104
94 197
85 287
10 153
137 152
103 156
28 105
151 277
90 249
67 175
5 255
61 108
201 223
132 228
211 273
30 53
53 68
107 216
61 221
44 282
128 264
56 74
54 119
183 242
23 104
139 166
131 142
70 238
48 135
56 181
52 138
49 53
188 268
38 122
119 129
89 245
205 253
41 280
12 231
90 230
48 254
114 155
41 204
112 206
72 220
184 284
29 267
180 271
10 45
145 211
171 176
146 177
93 113
41 148
85 219
49 94
48 94
20 80
191 256
15 249
106 278
78 236
114 234
42 56
149 189
1 12
214 221
95 107
52 191
41 79
11 44
164 233
9 16
29 192
119 193
23 102
22 99
117 265
25 128
80 172
75 247
205 251
120 252
175 236
115 286
210 283
50 284
127 158
63 145
9 92
3 96
151 258
41 207
31 111
245 279
7 57
107 170
70 212
59 105
135 197
78 249
40 270
148 152
176 233
157 249
21 54
69 135
23 242
40 141
26 194
119 269
209 248
161 189
1 162
186 270
114 192
26 156
171 262
226 253
156 278
1 2
20 151
164 245
52 287
38 199
70 129
57 261
209 283
51 126
51 71
151 261
86 110
163 268
105 205
163 192
21 105
60 285
55 123
119 165
76 223
51 262
96 267
135 286
129 162
23 279
4 140
86 126
234 244
43 135
164 286
43 237
15 82
192 193
124 225
202 251
8 184
194 281
18 92
64 271
9 280
213 255
129 262
9 30
112 239
119 237
75 231
97 249
151 288
68 168
83 258
64 149
165 258
208 242
21 286
222 285
64 148
128 229
21 195
156 218
56 287
184 203
48 91
114 163
6 145
134 151
34 218
123 135
185 225
102 117
66 192
60 186
57 239
6 234
206 213
22 37
80 217
115 263
58 257
245 271
87 199
19 183
202 262
56 268
129 234
57 139
177 258
72 198
64 189
78 114
3 29
230 240
58 65
123 174
204 273
125 205
116 211
26 48
37 260
9 82
26 149
207 252
109 211
100 129
125 213
0 215
74 135
183 208
91 245
67 147
156 199
202 275
107 115
45 105
28 286
176 195
8 42
124 192
60 287
23 155
129 242
15 115
17 199
73 177
18 208
91 182
207 228
253 257
19 220
177 259
124 200
144 213
30 209
143 207
103 223
50 288
124 215
193 279
5 245
243 266
166 266
41 99
73 212
99 103
33 257
90 178
17 229
126 223
57 116
86 279
64 140
146 226
96 179
14 246
20 86
230 264
48 119
95 253
4 166
130 260
173 288
79 149
63 159
113 229
33 70
187 202
38 83
115 116
61 273
186 241
1 271
6 56
131 183
89 254
123 183
122 195
220 239
6 110
128 213
166 227
107 136
174 253
197 233
64 76
75 162
52 197
41 197
250 271
108 207
16 200
76 93
248 255
156 165
262 281
188 244
67 208
128 248
95 149
139 211
74 206
9 36
2 99
19 236
157 177
206 264
19 141
179 244
107 169
114 177
9 121
191 230
255 268
167 265
29 263
95 165
1 193
157 257
69 219
105 201
22 222
22 128
125 204
9 139
21 58
179 189
115 171
118 262
277 279
219 281
52 168
135 231
22 84
60 80
58 213
259 260
59 120
57 200
127 288
36 88
232 276
58 196
214 281
42 141
223 283
82 140
213 269
249 278
9 212
130 275
107 240
63 222
213 248
83 286
114 136
116 124
145 154
153 223
42 212
85 127
217 273
20 71
69 114
151 217
139 221
100 158
161 170
99 236
188 254
44 196
103 152
191 217
121 159
22 265
129 252
101 148
208 277
52 64
129 196
6 72
11 55
98 111
71 152
213 221
23 234
6 221
61 105
152 261
16 208
62 282
66 275
68 196
158 197
36 111
40 186
253 262
143 248
178 257
19 62
83 135
80 256
0 168
69 240
189 265
109 121
22 77
91 208
25 86
70 147
95 218
0 35
148 262
121 282
15 184
130 228
72 267
49 126
115 282
18 228
52 218
20 21
224 260
31 283
18 198
17 234
23 172
79 171
12 153
67 176
37 258
189 278
154 268
42 282
54 88
22 69
146 161
154 159
35 98
95 158
212 281
145 197
236 277
111 246
227 249
140 254
16 78
33 286
29 179
31 154
192 266
81 215
84 262
7 183
135 210
55 201
141 282
184 240
96 149
159 260
91 188
21 45
244 285
159 242
257 281
100 230
67 172
21 111
65 276
102 123
86 224
139 233
85 198
165 251
84 174
211 258
40 93
113 124
39 196
165 220
78 237
204 249
67 254
43 229
124 171
114 158
76 256
72 197
7 155
59 89
44 55
58 96
16 159
44 210
145 183
162 288
35 136
61 92
93 103
204 241
110 243
118 169
28 162
23 54
219 236
164 227
158 223
64 100
39 228
54 161
21 154
161 216
131 195
105 126
113 266
74 224
181 277
32 179
38 202
66 118
102 259
184 208
8 159
28 252
71 221
25 236
18 27
229 256
206 274
106 265
18 28
42 43
9 155
105 232
38 64
248 262
38 170
147 250
161 268
44 144
200 254
47 172
30 203
184 246
12 160
201 276
2 190
99 158
96 158
186 210
118 159
72 175
55 86
0 242
182 197
80 92
179 286
62 102
241 260
76 250
269 271
135 172
70 180
54 93
91 273
104 158
7 93
2 140
21 270
36 254
22 242
5 10
32 108
40 176
99 288
145 224
65 86
242 250
223 244
44 207
203 255
33 57
134 197
93 196
112 134
96 205
56 78
2 202
20 118
90 228
103 166
53 211
14 265
159 240
161 212
5 21
48 241
19 186
71 105
192 234
76 263
106 117
177 231
22 287
185 216
117 131
23 250
82 193
38 163
261 287
251 272
174 197
145 259
78 257
25 70
157 193
3 253
24 181
10 150
215 228
36 288
75 188
205 252
77 147
33 35
80 229
211 277
97 218
8 216
105 272
48 271
52 85
89 232
163 280
118 177
187 255
96 112
230 247
54 94
161 228
40 275
49 67
67 181
220 249
112 250
204 206
157 265
51 288
14 106
147 248
27 212
0 178
47 170
14 37
153 193
74 223
4 269
159 167
229 246
36 53
87 141
110 217
120 179
129 261
19 217
100 246
57 184
178 241
24 222
53 199
9 98
87 234
93 242
221 224
153 275
144 265
121 203
104 249
73 170
220 246
40 187
25 69
134 169
87 242
154 194
18 268
102 279
223 265
10 30
45 243
259 264
200 226
44 273
1 136
83 186
204 269
58 182
30 155
29 48
166 270
109 148
42 92
207 270
63 127
101 281
65 199
53 168
35 209
45 148
167 237
3 6
232 240
58 84
192 268
147 177
93 114
73 159
52 273
39 137
28 167
34 179
31 138
7 246
78 107
123 144
241 286
35 66
88 168
81 164
47 115
24 267
176 205
101 245
190 213
95 118
199 252
182 277
27 227
42 111
144 232
111 273
94 273
114 233
62 147
268 277
209 214
42 99
128 171
32 259
16 54
77 126
262 270
3 284
4 204
47 101
3 31
223 263
120 149
153 217
43 169
56 243
46 131
71 271
82 148
50 152
193 288
187 237
31 253
60 146
26 109
251 259
91 190
82 251
47 83
59 267
103 202
44 80
48 268
157 189
104 174
87 94
0 216
215 236
87 223
159 225
45 189
112 157
88 221
28 251
101 190
158 264
23 253
24 225
21 281
137 195
35 232
172 242
46 194
74 131
63 277
46 113
72 279
25 91
207 248
5 133
151 223
200 207
26 38
203 266
27 269
70 278
88 281
75 209
50 69
33 138
147 274
31 49
80 120
28 73
54 133
177 209
52 87
118 228
12 232
90 155
150 205
49 238
72 173
34 102
118 153
211 257
208 228
146 147
17 218
194 284
85 131
16 19
79 211
70 226
96 103
178 180
194 207
134 138
175 225
197 209
3 43
210 284
145 280
120 202
98 223
153 253
146 219
87 144
116 199
90 110
228 237
135 163
155 234
38 263
54 260
31 112
183 283
58 225
234 280
15 278
16 255
196 252
11 139
173 227
89 214
79 234
41 165
112 267
21 227
95 130
40 72
32 148
49 195
161 242
17 41
3 188
115 219
133 148
66 155
35 38
44 197
36 244
189 246
126 277
168 264
100 181
15 72
50 239
47 189
176 213
81 187
60 182
142 239
2 280
2 147
51 123
22 41
102 186
74 260
201 250
27 121
96 215
61 284
14 259
92 231
188 247
59 234
32 164
23 103
116 265
3 244
101 268
109 203
173 228
43 161
256 269
116 159
25 193
146 195
125 141
158 244
158 180
37 136
83 226
114 193
229 245
65 88
249 268
2 152
244 262
1 137
176 249
134 140
222 235
138 212
254 258
161 174
247 251
30 242
77 204
35 165
16 211
1 221
236 280
81 127
116 160
11 57
20 83
106 264
14 72
110 172
142 267
34 127
39 255
208 227
146 184
82 136
167 211
121 224
56 101
135 169
64 171
219 286
227 284
48 221
94 239
30 212
181 218
49 70
132 190
166 264
26 68
33 41
215 240
38 215
6 133
1 87
14 167
173 268
41 134
81 129
113 257
78 124
89 164
245 255
35 211
216 267
215 274
83 97
195 206
62 94
12 203
83 219
12 19
152 214
178 273
61 252
214 227
19 169
41 198
52 276
121 146
45 135
183 235
13 282
83 206
215 268
67 126
120 156
72 127
122 236
114 190
204 232
25 54
56 58
109 196
8 197
23 150
94 174
247 254
212 272
27 47
57 100
41 73
138 195
37 67
57 92
226 279
36 224
110 189
73 225
55 195
16 45
237 268
156 283
184 233
5 184
102 244
39 57
217 230
20 256
111 139
142 202
121 152
243 253
173 205
89 159
87 174
43 262
90 133
259 266
141 232
80 194
165 169
33 237
124 140
15 88
227 266
145 219
11 187
115 168
125 220
51 133
103 149
212 254
71 240
21 101
17 117
196 242
140 155
33 215
214 228
154 200
171 234
244 276
133 286
182 253
30 260
182 186
28 98
14 200
98 110
12 85
121 137
220 273
118 198
165 182
17 20
139 209
167 169
159 252
33 128
136 169
102 103
58 106
247 279
89 216
169 266
18 141
96 254
16 98
71 215
147 171
19 212
25 245
189 261
33 60
182 189
3 73
221 258
4 142
64 82
2 251
1 197
28 180
59 124
131 135
88 175
124 194
57 84
231 234
205 226
103 179
40 145
105 178
159 244
220 234
104 107
29 153
53 177
21 225
81 284
70 252
209 257
6 48
83 166
197 216
52 109
41 65
152 248
77 104
131 218
70 261
40 220
104 171
71 183
197 237
150 171
101 123
4 40
22 179
106 143
29 184
64 272
5 52
19 158
126 258
97 185
184 196
44 125
103 185
50 78
80 287
56 273
129 250
45 217
143 227
112 252
43 149
5 62
49 210
151 192
138 279
138 143
37 107
72 208
66 114
125 284
62 215
54 100
209 269
242 270
72 229
73 80
2 126
44 218
219 225
115 159
32 227
80 246
71 99
115 235
149 260
98 133
110 247
74 133
78 243
23 60
82 192
101 166
24 26
135 229
241 272
43 186
243 244
86 239
55 66
54 231
172 269
233 273
21 131
125 192
91 219
61 258
71 143
164 166
192 230
174 192
224 283
192 236
153 172
159 181
72 93
134 269
25 145
45 83
201 249
51 282
21 82
153 185
71 135
203 284
133 166
0 37
82 155
37 101
168 248
68 216
208 257
24 233
163 183
113 232
130 252
189 194
174 285
89 176
249 274
106 268
9 141
44 221
7 157
59 131
179 261
126 284
177 229
149 223
85 185
132 178
134 146
174 219
182 237
176 232
134 278
89 125
117 220
97 127
73 260
82 244
93 266
34 230
240 275
144 220
33 247
83 163
1 46
57 60
92 190
18 119
60 234
191 199
94 128
149 174
54 175
51 122
0 153
63 176
126 252
5 262
134 183
208 209
58 82
132 257
178 191
19 190
20 246
163 219
22 133
10 16
214 249
173 217
84 256
27 44
6 174
77 100
40 226
40 110
137 212
23 243
171 205
92 97
252 256
108 126
242 280
183 254
70 103
40 188
257 265
218 286
16 214
70 149
41 185
118 161
151 209
223 232
60 181
186 239
18 169
160 265
20 34
174 217
72 79
53 252
159 165
168 224
159 261
173 235
40 92
57 217
160 198
11 31
81 206
25 51
57 256
83 106
68 202
166 209
224 237
98 268
73 187
95 252
36 158
200 228
14 266
44 272
61 124
161 233
12 154
101 237
149 197
189 230
59 102
153 245
11 265
131 250
102 226
24 103
213 238
209 225
65 172
176 229
77 278
61 185
6 94
87 206
66 276
122 137
40 50
56 84
93 214
3 62
70 159
42 104
78 207
168 284
1 69
13 165
4 38
150 249
49 283
165 244
16 209
182 226
82 222
36 173
128 259
155 206
21 213
199 205
6 136
2 132
207 218
155 157
73 147
128 210
23 29
60 249
41 133
65 198
75 228
173 211
68 175
102 116
51 80
193 283
120 140
114 124
42 255
134 177
145 267
204 234
122 262
42 178
80 96
207 275
57 135
240 268
153 204
159 254
71 107
41 220
24 288
139 283
55 265
135 271
1 60
67 204
130 278
0 22
21 99
62 261
92 229
144 159
245 252
56 286
109 135
96 108
235 239
133 265
10 190
103 139
139 212
12 129
93 110
216 247
215 262
77 170
157 272
142 254
49 221
118 186
102 218
241 251
108 191
55 101
104 264
100 211
216 233
86 212
220 242
129 274
9 283
229 240
140 219
102 268
199 231
16 131
27 162
147 213
143 226
92 193
66 274
88 283
3 271
141 233
68 193
138 173
123 164
166 267
8 98
95 139
155 209
85 206
116 263
17 284
240 284
50 147
150 241
20 44
73 179
231 247
67 285
123 167
42 139
10 212
122 242
9 129
26 206
276 278
83 120
142 208
188 278
226 235
89 224
118 128
189 236
158 202
124 262
132 287
128 144
64 170
87 215
121 145
100 114
73 204
42 213
41 200
37 40
109 238
9 158
70 100
274 279
91 163
148 184
169 255
206 277
47 139
207 281
78 138
123 126
60 250
30 282
52 203
33 200
254 273
137 261
217 224
148 212
72 243
95 159
238 270
42 219
185 215
106 222
24 178
11 70
187 234
235 287
1 91
173 193
141 253
273 288
168 182
62 220
15 204
76 127
19 73
19 74
172 249
94 149
55 124
193 222
64 268
4 50
175 214
82 249
18 176
227 228
58 263
9 13
18 49
135 266
40 183
69 226
60 202
1 134
16 275
237 247
80 181
113 139
33 97
75 280
19 233
31 66
124 148
50 158
187 243
96 287
104 260
14 278
67 261
100 262
136 187
32 190
42 162
203 268
26 165
97 177
215 256
268 270
151 212
107 214
113 185
0 96
58 114
57 284
170 219
72 215
204 244
239 266
21 236
31 250
41 147
3 86
2 144
55 249
88 130
65 104
165 287
37 158
120 233
26 118
9 278
116 256
137 178
96 152
160 164
232 277
146 180
145 203
83 236
136 240
4 111
220 257
12 118
87 253
32 162
17 154
79 172
157 176
109 120
115 275
115 187
109 208
97 118
168 204
133 183
128 284
7 74
52 137
31 201
182 199
104 224
110 219
14 255
250 269
164 202
184 226
6 236
91 92
34 52
107 180
155 265
253 267
215 226
192 250
222 280
28 246
32 287
192 218
126 140
234 258
136 280
70 98
76 258
32 202
106 198
10 253
69 257
30 159
81 125
130 188
169 287
42 133
177 288
193 284
152 162
47 155
147 262
64 119
257 283
2 177
124 230
149 278
167 280
195 201
20 253
195 241
14 71
92 205
227 274
4 279
132 255
181 284
83 169
64 246
48 234
208 288
17 110
201 202
237 266
55 142
82 265
81 212
135 162
191 282
124 201
66 194
85 145
78 91
111 247
268 271
138 258
224 269
50 136
67 156
41 104
84 145
137 240
92 134
146 153
123 130
56 151
54 218
111 201
21 280
88 147
32 146
216 285
108 239
7 288
227 246
211 238
19 107
190 207
113 228
110 147
150 201
94 121
231 255
43 53
198 284
88 199
128 215
118 187
42 64
3 257
52 118
12 97
36 251
90 124
9 57
110 242
77 184
116 181
130 196
237 277
214 233
90 156
8 157
222 288
55 244
11 271
173 199
94 141
68 284
104 258
54 237
66 244
112 166
116 271
195 273
3 104
179 187
116 156
219 270
69 145
86 91
108 217
95 248
197 244
10 280
30 200
129 205
70 92
34 188
93 132
44 51
121 192
216 264
197 255
151 222
54 197
10 180
73 168
24 51
89 115
15 61
42 46
82 206
39 79
56 164
31 171
4 237
65 286
57 140
36 275
168 170
128 244
145 162
75 235
67 215
107 152
46 156
169 194
65 204
75 159
13 31
8 176
240 263
90 278
152 263
70 187
92 257
26 196
79 282
127 128
38 105
264 281
23 67
120 238
198 253
137 174
87 130
126 286
74 175
114 187
114 133
111 130
176 282
187 197
84 143
131 225
63 205
86 159
67 250
35 208
263 273
69 204
24 144
81 132
106 244
117 204
213 271
152 236
100 270
131 169
42 87
33 287
137 141
134 283
137 224
210 234
184 186
30 250
71 119
124 216
57 195
71 174
100 195
202 244
91 93
2 261
69 128
154 227
65 244
155 263
52 174
78 235
53 120
34 249
216 286
238 265
3 178
135 222
207 220
22 202
144 150
113 198
99 129
148 242
1 131
165 179
74 288
161 169
159 236
7 190
77 271
42 194
214 286
84 212
1 222
83 134
49 258
35 90
36 228
77 261
18 241
219 273
15 149
223 256
36 284
135 211
34 49
72 174
43 80
118 132
33 264
139 174
58 133
162 274
188 209
32 66
261 279
201 265
55 141
125 156
94 276
213 227
120 159
66 129
46 250
156 175
117 178
140 265
125 263
101 208
12 71
47 267
48 206
1 168
15 237
38 217
213 273
138 268
28 146
14 91
39 124
50 172
267 273
184 228
80 137
183 196
9 136
84 252
35 184
7 213
72 189
23 94
68 211
147 253
54 157
16 130
41 212
55 210
59 264
235 267
93 156
125 177
46 244
46 273
36 68
24 118
64 249
86 232
22 89
176 201
130 255
93 95
9 122
140 179
22 145
49 100
1 71
200 244
106 144
130 134
200 220
176 271
170 276
55 122
151 226
28 133
118 210
69 185
100 237
29 170
45 69
66 165
23 65
8 35
149 277
21 153
107 268
129 173
168 193
79 284
57 93
111 249
48 189
73 266
78 215
227 263
232 235
34 272
30 266
114 264
108 153
13 122
48 151
129 200
7 202
137 268
61 62
13 272
55 254
270 286
229 278
122 255
23 71
68 143
246 273
40 120
224 240
80 130
25 30
10 251
139 175
5 212
59 216
118 264
58 259
96 101
106 108
109 287
77 107
41 56
126 188
43 224
131 257
239 275
14 118
34 107
26 126
40 43
127 281
46 74
159 286
73 272
147 148
27 242
230 245
128 140
207 286
25 161
34 70
103 272
150 175
61 282
1 189
110 255
73 146
77 282
13 93
202 214
58 91
46 272
111 244
110 245
132 168
116 214
212 214
75 250
135 214
30 73
119 159
88 196
192 269
16 154
212 263
23 270
67 263
0 64
150 176
97 175
131 276
129 149
172 179
113 253
156 244
179 223
77 120
15 263
48 164
79 118
0 241
86 100
95 272
84 106
22 213
152 277
160 256
83 148
2 279
181 263
227 255
30 55
39 116
239 261
63 242
110 125
254 269
94 217
43 47
84 226
119 163
44 132
114 185
180 231
197 266
105 221
69 159
147 265
46 93
211 247
4 124
21 136
98 274
121 263
195 202
136 220
119 280
110 191
18 34
211 266
117 169
144 224
60 107
118 125
186 189
232 268
162 271
7 108
33 64
44 276
37 124
40 160
59 96
81 89
128 256
138 211
164 232
93 194
23 266
64 230
161 278
87 93
13 231
177 252
16 207
109 118
182 232
114 199
83 110
250 259
13 192
107 116
49 205
148 224
8 237
69 73
48 184
198 222
106 193
241 279
116 242
169 263
91 160
53 285
166 281
114 151
31 144
106 269
93 246
18 87
25 181
119 247
196 208
101 202
224 263
114 213
18 84
78 278
22 36
177 184
1 185
145 262
46 86
33 75
11 286
70 245
66 120
48 171
169 175
165 248
36 170
99 255
184 215
31 75
126 259
44 152
23 167
88 220
47 276
20 285
48 214
108 225
120 178
41 174
21 120
122 234
81 111
31 79
226 252
239 246
162 183
183 185
153 191
176 193
10 44
29 51
147 149
70 173
107 196
31 151
2 205
41 240
152 156
158 232
50 243
59 91
247 270
168 265
66 241
42 127
117 256
241 250
100 282
51 218
67 231
133 266
31 188
19 166
1 287
9 22
156 240
140 277
102 204
49 170
164 267
59 135
120 212
116 272
145 218
44 256
69 124
129 256
87 88
128 173
247 286
8 70
76 99
248 257
9 229
1 43
87 166
16 239
71 111
90 109
163 168
200 243
239 273
8 217
77 129
218 272
212 268
56 174
84 191
29 282
15 97
1 8
22 172
2 86
12 29
20 98
101 235
111 145
51 106
77 128
75 90
65 229
10 213
123 159
243 257
102 242
85 270
63 261
58 71
26 31
9 101
65 155
2 242
5 216
158 243
45 147
96 270
49 182
68 130
1 33
112 184
64 142
230 246
4 176
2 222
26 166
63 244
130 267
69 287
41 193
18 144
56 108
203 213
69 239
43 96
93 200
74 281
12 116
107 161
61 263
222 270
164 169
254 267
51 150
89 231
1 149
18 266
123 251
170 265
43 246
87 204
80 160
58 224
179 194
74 283
85 121
17 121
149 281
56 70
8 46
3 124
183 224
99 126
140 226
8 178
96 203
44 258
124 234
4 106
93 101
57 75
50 250
61 247
9 46
37 259
105 164
168 195
221 229
178 258
168 273
77 174
131 246
99 235
86 107
150 254
8 154
116 144
18 128
52 285
85 226
121 190
79 185
62 248
152 272
135 283
91 150
141 148
92 102
41 239
188 218
221 261
175 266
12 26
44 286
39 104
88 225
201 251
97 172
111 199
250 257
64 85
44 45
12 134
253 279
222 272
200 222
56 249
73 127
125 154
80 100
221 250
259 276
16 48
199 273
6 67
86 263
79 179
71 163
153 173
92 219
155 161
219 276
71 262
152 267
37 78
99 137
137 258
112 203
115 173
73 185
43 280
177 253
122 168
113 205
165 186
47 96
247 255
183 203
57 61
137 236
101 204
8 143
48 96
120 211
141 166
119 144
4 208
101 272
87 110
209 262
9 197
69 96
55 245
34 221
67 158
39 42
45 109
131 145
226 239
156 161
11 54
4 33
110 176
18 22
175 237
42 74
180 214
5 139
40 49
48 142
225 275
96 181
53 283
33 218
44 269
19 252
3 255
72 231
61 73
161 235
225 233
77 165
56 223
9 17
35 220
70 81
137 228
17 194
75 78
201 286
20 252
247 280
229 279
82 139
189 267
274 275
181 195
103 158
53 59
92 147
241 247
58 145
11 280
15 253
113 227
196 202
8 170
20 67
146 194
32 199
187 260
106 165
88 100
73 234
215 220
13 14
21 268
221 236
98 277
39 41
156 233
6 260
45 131
147 181
11 238
155 169
78 181
61 63
66 148
15 139
45 101
34 67
115 165
95 204
66 204
134 139
37 127
193 233
265 282
92 242
70 229
206 223
35 137
140 239
201 278
110 282
195 232
23 226
90 152
27 205
8 89
46 251
269 283
95 179
65 243
64 276
112 257
129 158
224 259
98 171
105 175
100 261
125 241
12 131
95 262
168 173
108 115
263 281
72 128
50 283
39 53
69 182
15 25
35 195
122 163
165 177
7 35
263 269
108 277
105 287
87 259
42 188
143 283
240 257
103 226
152 207
126 261
104 155
35 231
26 29
31 260
205 247
63 66
113 147
144 171
156 203
90 113
77 137
32 41
67 174
39 86
218 242
106 197
191 255
80 127
53 117
45 60
191 210
137 196
33 120
124 244
11 62
33 155
163 282
48 58
123 244
17 235
211 275
38 250
109 123
111 267
36 154
155 180
93 161
113 176
39 237
4 8
1 220
14 26
220 282
171 209
185 240
18 149
47 133
83 156
136 251
54 199
130 169
84 239
72 78
208 247
17 285
54 206
39 138
70 77
2 153
12 261
5 158
210 285
104 200
149 240
241 275
155 279
264 271
113 278
20 187
27 213
49 209
99 273
73 233
26 195
28 128
35 145
91 214
178 183
26 218
77 265
161 261
3 216
19 285
45 283
143 210
141 152
129 169
183 243
36 183
75 96
44 265
199 241
131 140
81 105
161 172
92 196
56 96
13 198
71 245
19 86
27 279
150 282
1 288
44 54
145 209
17 87
151 242
58 168
18 76
105 264
124 269
1 264
254 280
113 137
20 33
95 108
182 184
101 192
65 265
84 238
87 245
197 250
79 94
107 288
111 183
94 122
67 287
108 209
53 251
54 286
7 38
188 270
22 288
72 131
154 176
142 228
213 257
55 146
181 272
55 256
52 260
149 282
17 167
109 257
57 107
92 112
37 257
31 61
27 98
79 206
4 81
33 209
29 285
53 159
64 165
93 97
67 286
48 210
104 111
32 232
77 139
184 239
207 223
197 277
115 268
152 238
176 238
183 228
15 103
16 59
59 113
275 286
151 245
93 223
86 157
124 197
73 188
54 275
30 243
179 224
63 64
160 250
15 106
87 260
79 204
115 194
145 288
11 30
62 244
93 202
5 204
148 166
82 227
135 221
87 222
23 131
49 234
87 98
45 95
75 260
4 198
12 52
93 234
49 95
85 168
68 250
174 271
167 250
59 279
133 188
151 284
1 130
10 42
23 76
46 112
227 259
9 273
76 281
78 142
21 216
154 191
153 255
143 258
6 127
123 265
64 136
81 130
254 270
153 287
4 54
57 272
206 254
43 127
128 130
96 192
127 246
51 258
37 71
76 141
147 228
69 134
77 158
216 288
112 265
97 136
216 249
41 167
57 269
19 276
180 209
287 288
34 79
65 156
16 188
168 187
225 271
162 216
14 264
148 285
238 266
63 91
223 287
193 236
228 243
96 151
70 228
157 185
149 173
64 70
38 197
68 223
38 178
88 102
64 227
113 260
99 278
224 270
87 157
214 259
103 192
222 268
120 187
150 220
271 287
186 236
162 172
12 108
139 216
16 132
44 135
27 152
0 102
78 270
4 236
85 267
221 279
66 211
81 98
82 196
93 171
230 254
98 265
72 135
170 204
91 106
3 24
16 187
9 182
71 254
101 211
113 150
25 146
192 247
27 240
39 60
84 232
57 59
178 245
20 200
39 110
146 241
38 229
134 201
23 162
3 4
123 163
91 133
18 138
1 140
113 146
101 249
70 151
145 180
122 197
94 198
142 236
63 147
139 235
59 253
87 213
5 231
120 129
66 104
50 200
85 279
161 205
42 101
49 201
92 140
74 118
62 234
46 229
22 159
192 219
136 271
151 173
97 239
217 246
268 275
93 247
195 245
76 162
258 267
3 162
13 188
110 262
107 145
25 72
17 89
37 195
173 233
131 196
17 279
53 230
192 198
148 175
199 235
72 151
81 210
73 287
84 274
36 188
41 228
274 283
93 99
7 276
38 283
146 271
40 87
249 258
189 207
79 236
103 113
250 258
92 153
146 179
18 256
79 117
32 125
273 277
115 170
83 112
29 189
93 281
29 95
42 176
244 245
27 108
75 281
172 234
176 263
158 272
71 128
117 271
158 271
18 68
87 125
51 182
131 200
279 280
128 203
94 257
71 209
104 206
14 252
181 216
24 109
246 263
193 216
236 273
3 87
152 199
64 65
69 125
78 225
72 259
82 218
30 93
68 117
157 278
7 274
6 205
112 275
6 169
190 217
28 93
174 199
59 207
105 183
147 269
47 162
92 230
210 218
115 138
124 159
146 245
61 212
155 183
126 147
193 200
79 244
44 283
258 264
131 162
234 240
72 125
113 116
161 230
61 262
124 251
5 26
48 127
148 284
52 104
32 166
192 281
242 274
119 124
19 227
130 138
192 216
121 248
36 216
63 156
246 272
100 161
86 230
120 256
11 203
148 178
17 243
53 204
138 278
22 162
76 235
3 120
79 190
41 149
117 139
212 221
32 198
36 287
18 67
63 102
187 269
158 210
146 213
86 176
8 219
67 237
61 94
95 231
47 250
55 253
105 277
39 148
105 186
115 199
272 276
16 164
27 282
66 218
215 260
21 222
60 241
192 265
7 226
119 214
54 180
6 201
212 230
150 268
21 259
32 275
147 157
31 80
80 151
266 278
20 92
58 118
133 171
207 283
56 158
48 215
151 220
138 243
20 111
106 274
31 132
10 224
180 285
34 273
153 164
7 279
114 281
242 246
19 239
45 253
149 203
148 193
98 148
118 219
160 237
141 183
108 109
14 33
102 104
112 128
6 121
144 206
111 181
52 275
6 259
17 270
43 174
232 249
128 218
12 268
203 285
47 134
100 196
33 52
100 205
148 201
107 239
40 277
79 110
28 161
187 281
99 143
263 267
54 211
187 203
37 241
22 76
100 140
108 175
152 234
101 116
170 258
5 140
15 230
12 141
154 183
93 282
132 140
76 84
97 103
120 147
173 280
1 148
78 248
25 107
30 76
44 105
135 234
72 171
65 70
32 51
174 283
47 271
35 89
107 198
271 283
258 261
168 271
3 207
74 180
42 138
59 183
72 123
56 118
25 190
54 101
104 197
101 155
123 231
153 209
14 258
218 284
163 239
11 269
20 263
149 156
11 258
112 155
6 275
129 232
28 274
24 73
64 162
178 194
25 133
233 241
245 259
197 217
159 283
72 111
56 241
214 215
34 58
51 54
34 213
135 288
16 56
149 154
96 275
131 212
28 42
132 156
206 283
17 59
105 223
139 182
122 177
16 23
0 84
59 174
167 267
86 269
27 276
54 176
116 284
118 225
24 53
34 115
3 117
4 21
250 272
151 201
104 126
79 212
31 70
175 190
257 259
71 140
134 179
47 59
13 61
92 159
69 284
171 217
10 67
45 151
212 287
177 235
34 195
61 277
156 271
25 138
47 266
8 209
53 135
59 168
58 279
47 76
58 253
166 236
105 210
120 230
24 176
13 214
127 164
84 167
143 288
5 171
37 233
161 252
262 273
50 208
246 274
66 250
0 285
97 146
90 237
13 157
150 178
118 288
74 199
94 281
59 263
119 136
51 119
219 248
0 74
52 165
232 273
130 221
154 160
65 190
104 116
112 161
168 260
28 214
78 256
72 281
34 71
127 287
159 259
128 145
12 213
220 283
124 275
68 146
150 204
10 58
30 195
139 232
37 83
147 152
12 241
277 284
130 144
137 184
95 212
64 273
56 129
49 161
87 220
236 255
220 236
10 255
23 277
267 281
2 7
152 278
148 221
158 229
36 41
104 195
122 277
103 199
17 169
181 220
107 111
82 189
7 241
18 24
7 9
1 34
48 247
93 225
145 196
104 271
7 236
54 272
187 232
130 262
121 279
48 203
3 238
95 220
125 248
50 202
38 76
49 58
260 273
68 176
134 158
21 68
47 57
50 280
195 257
88 239
29 123
131 253
164 271
142 182
99 110
106 152
59 61
14 151
89 227
45 130
13 19
263 264
44 129
116 243
22 247
46 234
71 165
138 259
86 173
62 278
154 217
64 217
133 152
186 277
35 112
134 247
89 199
183 223
81 162
238 284
120 148
48 117
11 66
123 278
166 277
100 148
19 140
222 240
82 176
153 282
106 127
205 246
24 125
184 277
71 281
61 181
231 271
47 184
58 184
27 93
74 125
97 158
181 203
45 119
180 218
109 197
26 65
30 114
38 102
34 89
39 129
224 225
66 183
151 214
123 243
78 216
4 253
100 257
118 218
109 231
68 147
239 241
190 254
33 217
35 50
3 112
141 223
29 39
20 61
91 243
163 173
27 29
23 88
76 86
199 207
66 78
110 118
166 262
149 160
111 271
204 262
27 235
16 229
3 212
112 251
85 191
52 190
95 233
156 201
44 49
27 135
207 237
154 269
45 50
75 219
91 192
263 278
142 174
47 98
134 274
219 264
44 264
68 84
19 44
51 90
148 180
137 182
197 281
113 181
44 211
66 178
81 203
203 262
197 284
91 139
124 165
93 252
158 195
92 135
41 264
190 239
36 221
71 264
56 255
230 253
104 287
185 267
102 118
43 145
17 34
198 276
140 238
41 150
85 113
2 245
59 65
19 64
10 99
80 281
98 219
97 184
186 190
85 147
16 52
73 199
129 166
34 68
106 234
20 213
113 275
104 188
22 88
111 149
27 134
31 241
120 283
27 77
116 267
171 178
94 157
227 253
117 227
52 232
70 177
76 255
51 167
139 223
112 201
73 164
125 182
104 113
246 260
80 191
213 232
252 257
225 234
101 133
84 103
31 125
217 255
190 191
105 271
77 286
95 261
17 92
196 200
138 221
239 251
251 266
35 87
52 66
23 188
88 132
75 114
75 258
7 191
69 192
96 134
25 46
30 40
147 182
209 216
32 40
142 172
184 262
157 170
23 137
61 72
14 243
8 53
215 217
38 177
57 273
45 273
30 142
84 215
51 205
142 149
119 202
265 283
172 241
260 281
127 200
7 28
38 40
37 96
170 284
182 243
71 251
99 249
92 275
43 67
106 188
219 238
103 135
9 152
3 181
57 102
181 212
177 276
66 169
103 240
90 193
71 198
202 255
172 198
178 197
189 247
97 231
59 208
57 113
129 210
54 102
39 88
196 285
132 194
82 137
157 197
129 224
99 113
119 223
77 142
18 232
251 287
84 180
49 109
90 163
207 246
40 229
157 252
4 201
195 240
132 242
49 69
119 272
49 246
0 184
120 126
214 257
116 180
154 276
113 213
34 172
71 145
118 279
244 271
101 112
159 229
81 169
117 141
95 113
30 97
182 245
163 270
34 212
74 90
93 96
129 241
261 284
63 99
3 164
207 212
54 143
97 237
36 155
67 146
67 281
24 33
153 212
133 163
2 272
55 73
65 257
21 133
7 153
21 42
236 265
8 56
211 227
122 209
84 116
221 246
17 155
33 271
153 267
91 191
122 252
204 263
127 254
81 145
78 157
57 279
25 80
84 100
97 109
72 258
57 226
85 192
262 269
51 57
14 229
226 243
23 72
110 210
59 109
89 207
82 234
118 184
27 172
5 192
116 188
102 219
47 287
169 284
78 109
191 198
185 192
191 218
212 245
38 60
54 61
163 230
258 268
212 282
96 186
26 286
257 261
40 161
71 171
56 104
110 224
73 118
13 74
236 256
4 244
69 105
135 228
75 80
14 253
157 173
62 263
17 65
143 175
79 277
79 166
109 158
45 80
98 210
250 283
204 280
131 221
45 142
131 152
84 104
122 220
229 233
167 247
12 197
93 264
72 141
47 146
115 234
12 89
104 237
162 255
126 218
151 286
96 166
130 185
54 106
98 136
112 215
83 133
146 284
180 240
94 181
109 259
135 200
80 177
27 250
15 246
167 253
92 218
215 227
158 251
36 153
57 265
101 206
11 52
54 241
154 277
17 100
83 149
47 246
57 99
74 249
56 117
217 265
29 277
61 154
192 206
82 223
38 260
20 232
75 126
52 195
63 288
203 286
15 111
10 48
87 139
9 248
98 106
15 250
239 278
59 76
200 225
154 224
56 235
190 247
2 45
46 114
39 40
36 204
89 197
252 287
38 264
81 171
159 190
57 244
2 198
270 274
147 233
7 40
7 39
245 249
125 130
50 119
51 286
108 265
92 156
45 261
108 149
179 265
162 261
3 114
32 192
150 183
178 263
249 267
76 225
204 219
165 237
133 209
135 265
48 82
5 206
50 103
88 265
168 256
56 106
118 151
100 285
128 270
94 136
183 240
78 153
116 258
245 262
253 286
39 76
62 167
40 47
46 186
187 216
167 176
23 271
86 106
191 267
59 282
68 254
104 201
47 224
35 81
70 85
67 81
5 138
149 215
63 178
63 245
49 270
106 208
8 245
170 201
24 127
29 47
9 119
86 175
54 56
3 229
181 199
191 248
50 255
47 109
22 50
132 238
89 105
83 99
39 253
123 226
154 273
147 188
95 148
163 184
50 118
74 142
13 64
15 213
207 285
1 258
126 176
196 231
19 104
243 247
107 245
157 254
98 180
25 156
20 160
5 55
102 180
176 227
27 37
12 147
207 249
20 171
32 110
15 185
202 236
118 171
67 228
11 37
65 245
137 170
65 253
205 221
105 176
139 266
137 145
46 248
2 248
31 169
26 251
20 75
35 238
81 176
42 250
187 229
107 204
258 262
126 186
103 212
21 32
201 214
26 96
80 255
77 180
7 65
108 147
177 191
7 188
69 267
131 185
48 125
151 155
140 268
69 231
132 192
12 257
83 242
188 236
51 269
192 196
210 276
214 253
249 265
42 59
165 249
6 181
11 146
12 149
17 27
48 63
193 219
74 236
227 265
96 217
217 259
134 219
96 189
36 48
2 212
63 88
85 166
89 107
56 89
2 4
109 228
114 249
88 151
98 211
179 258
107 142
34 65
25 201
42 98
65 167
40 143
41 258
223 245
28 222
35 76
63 74
7 94
39 52
102 228
3 153
40 97
25 64
232 272
218 281
10 65
120 264
59 138
26 198
161 241
216 270
86 138
53 216
80 184
79 245
109 129
122 237
0 88
198 215
1 116
48 233
101 102
65 150
98 139
33 98
134 228
17 96
73 219
55 284
28 101
99 152
26 147
171 195
127 283
21 81
92 250
175 286
79 191
266 273
5 284
0 271
245 267
5 185
125 196
98 218
130 230
89 206
87 140
105 167
34 75
20 138
126 135
74 253
104 119
93 146
53 101
79 139
42 124
50 281
137 183
133 268
101 203
146 260
206 268
159 257
50 248
168 240
85 107
74 241
9 288
139 230
171 172
109 174
97 261
122 244
129 148
178 229
282 285
64 259
161 247
79 263
126 224
155 191
59 229
24 173
71 282
59 224
20 185
8 261
174 240
80 157
257 286
137 252
39 46
7 134
100 172
143 287
88 112
56 167
94 138
143 256
71 160
41 152
57 206
17 168
143 250
63 175
72 188
171 199
113 273
246 287
124 208
180 280
163 212
201 232
6 65
19 149
191 250
57 162
84 112
22 269
61 269
208 224
4 87
16 86
235 286
61 228
12 189
62 189
102 179
65 139
160 231
34 143
152 187
46 54
49 118
7 169
163 181
80 265
158 169
115 151
61 190
71 231
157 205
168 258
86 194
9 239
75 272
101 160
39 123
164 198
73 108
85 148
13 207
9 21
43 103
23 117
2 259
26 248
252 271
220 228
17 73
41 288
223 280
52 246
30 169
111 264
0 272
123 256
110 190
282 287
15 62
24 164
19 61
84 98
77 221
94 144
50 112
79 115
36 149
94 125
175 240
13 134
0 229
8 180
35 124
145 286
116 228
5 144
193 244
114 175
32 115
68 232
119 207
20 73
31 277
40 134
208 264
171 257
93 239
174 186
25 81
258 279
150 256
26 27
246 278
131 160
41 266
140 263
212 255
181 248
76 185
24 128
11 210
81 104
165 197
209 260
163 188
180 272
142 284
129 209
104 263
18 51
125 198
75 101
89 208
229 241
94 159
98 117
110 226
24 187
92 132
33 45
52 163
104 165
45 161
38 70
141 208
44 139
143 157
117 175
3 203
101 145
34 180
18 264
167 272
198 218
27 67
79 285
105 246
68 204
64 125
87 218
130 250
32 44
42 235
4 134
141 197
14 177
192 213
63 77
169 285
25 225
82 111
46 227
258 288
65 202
7 156
15 177
201 257
28 113
53 118
102 274
221 222
18 161
4 39
5 203
231 243
77 103
174 265
136 230
197 249
179 186
180 184
68 246
48 100
98 174
84 217
15 209
171 231
165 223
45 49
16 204
5 197
239 283
32 38
146 224
153 284
120 247
21 170
51 55
184 188
47 286
63 275
62 247
41 277
29 261
178 253
66 100
49 181
165 173
186 257
152 153
24 272
72 191
56 260
29 117
172 284
12 130
61 176
2 97
160 276
164 226
221 233
24 282
46 208
66 98
43 166
127 148
32 145
28 49
199 225
62 83
173 247
52 221
15 137
63 152
164 224
84 140
9 127
22 93
104 182
83 118
26 230
40 216
44 47
48 220
8 215
88 178
79 228
28 117
84 86
19 274
31 212
97 250
178 252
20 76
118 284
12 162
58 158
22 189
158 245
11 224
229 268
105 114
55 192
118 149
16 141
83 139
112 136
100 183
96 197
8 120
42 179
72 134
30 223
128 230
156 229
215 285
49 284
83 247
239 240
34 237
6 286
14 39
5 148
33 259
36 156
251 285
7 239
84 178
117 277
188 210
183 184
152 270
103 172
41 159
96 111
59 178
14 207
15 155
6 179
39 121
58 134
81 280
1 243
61 195
3 71
61 259
190 269
23 87
88 180
34 243
32 100
7 85
35 274
258 285
127 273
211 254
18 188
59 116
238 255
83 86
213 288
141 279
28 285
125 202
73 86
30 84
221 255
9 118
271 276
172 222
207 277
149 180
94 256
108 224
36 248
94 261
206 269
7 184
96 240
40 233
133 256
87 167
164 285
232 285
3 58
16 287
202 208
23 215
43 185
150 257
104 217
128 206
38 167
111 112
152 223
18 164
132 286
53 235
155 231
162 280
93 260
35 180
97 234
44 70
85 233
179 235
10 115
164 204
81 219
84 133
189 229
111 217
46 280
26 135
58 223
25 158
25 123
57 163
150 279
25 285
153 198
96 209
12 249
100 224
135 178
148 179
143 219
38 74
175 253
91 210
77 225
115 212
7 52
91 223
43 109
164 238
22 62
220 259
174 239
45 144
44 225
64 266
41 154
70 112
236 243
42 77
146 212
102 105
30 262
9 27
31 50
28 191
44 103
134 207
92 130
269 277
117 237
215 253
3 274
43 219
14 153
80 273
23 40
84 263
112 127
149 274
56 66
30 193
73 238
62 279
70 197
73 231
105 196
102 280
94 184
59 238
100 244
49 141
96 142
9 20
232 258
160 255
212 220
66 92
214 271
37 190
28 212
149 237
87 172
109 159
56 284
63 234
178 190
44 176
158 194
24 45
7 127
124 155
104 273
127 204
67 86
59 161
112 158
7 46
74 161
42 190
53 284
11 183
114 191
23 158
85 205
104 141
252 259
77 245
20 168
88 97
249 275
102 214
123 180
73 111
208 263
118 220
29 43
1 126
20 58
56 234
203 212
244 282
133 223
132 283
59 114
13 178
154 177
133 197
64 121
150 213
21 274
17 83
61 240
129 197
27 257
135 254
146 150
188 204
230 261
72 235
25 215
141 206
63 184
182 252
96 193
171 225
52 73
27 180
38 58
108 130
36 273
76 77
104 162
76 242
26 181
210 231
22 27
35 109
273 280
125 158
94 170
53 75
34 109
0 223
58 170
103 151
150 190
210 250
120 170
45 266
110 287
117 182
74 245
103 121
49 147
85 236
33 80
271 288
39 154
122 238
24 65
113 144
20 279
40 256
51 266
91 282
36 177
11 147
38 282
117 288
13 100
40 263
163 251
143 243
163 215
191 233
53 155
82 191
0 48
41 64
131 190
43 46
175 261
234 278
67 160
195 268
54 268
142 176
155 239
73 126
72 287
21 233
38 82
95 278
39 87
2 81
58 127
55 250
161 259
8 266
103 145
57 231
75 193
211 236
134 261
184 201
117 157
74 269
31 157
57 144
168 178
33 240
200 211
247 252
97 199
245 266
101 280
24 100
85 259
142 232
206 230
219 245
38 284
81 141
115 237
1 50
116 183
137 190
48 162
176 177
8 106
110 150
67 194
33 108
258 284
96 126
16 38
83 265
70 189
115 247
15 232
97 107
198 239
59 82
91 270
49 167
6 99
66 154
53 93
43 251
106 280
65 164
196 286
77 153
36 243
131 143
197 263
14 147
124 258
146 234
207 254
69 265
108 202
139 181
241 288
20 26
91 200
72 108
52 129
22 177
60 205
6 106
111 262
52 230
173 201
123 168
203 215
176 234
68 251
156 159
61 161
151 167
17 39
106 238
45 125
134 203
182 242
249 261
12 28
204 276
73 275
68 213
128 183
3 22
76 187
175 182
68 241
170 194
7 216
70 239
127 224
88 133
82 121
21 79
125 137
78 156
33 54
6 138
98 99
112 229
227 262
44 138
208 273
96 106
130 203
149 159
19 41
96 118
206 255
51 196
54 252
99 179
5 118
56 119
60 113
221 248
97 260
59 107
201 247
115 216
44 164
221 273
4 206
5 250
167 196
109 150
30 254
41 282
124 287
140 142
13 107
20 155
121 255
140 149
195 235
245 257
134 275
15 58
210 227
222 282
167 182
18 126
78 210
25 177
116 176
12 221
63 96
197 223
5 100
16 238
43 76
61 196
214 236
165 192
211 221
181 244
272 277
109 199
228 236
167 286
10 263
273 283
41 158
53 188
34 288
48 105
46 157
6 80
154 169
37 283
74 186
75 148
124 157
49 159
35 127
148 267
52 97
54 156
143 275
91 95
6 118
48 106
164 171
1 170
119 263
50 176
75 279
154 285
13 203
173 264
20 127
41 103
37 232
48 213
153 220
238 267
26 278
76 228
24 246
6 248
17 161
6 53
53 99
89 134
102 286
61 143
136 284
94 187
45 201
141 154
130 248
46 168
23 106
189 233
137 221
177 247
170 182
127 247
203 251
121 202
151 188
64 137
38 89
243 277
120 243
18 283
98 194
38 138
207 235
175 264
12 224
173 236
15 69
102 275
7 101
150 188
205 235
87 120
33 279
177 230
83 257
22 195
76 98
81 259
106 169
192 237
134 136
92 115
158 164
222 231
167 220
200 230
30 148
177 192
144 149
80 234
9 87
69 131
2 94
35 39
105 249
100 130
36 193
212 227
47 216
272 282
108 176
57 262
160 268
156 200
62 281
158 273
72 76
13 243
31 34
71 76
0 49
13 155
219 240
74 112
254 286
79 154
188 250
102 183
206 241
151 182
66 255
14 248
125 195
103 249
144 157
31 87
10 166
9 252
163 236
74 210
115 208
92 248
50 271
48 155
56 91
198 286
9 145
92 245
76 158
3 13
105 124
45 277
81 170
111 179
114 219
109 162
222 263
85 211
46 85
41 126
144 242
131 202
0 171
87 119
207 280
15 68
107 130
76 105
143 201
65 230
147 251
87 235
81 134
102 234
16 136
65 194
2 158
63 265
1 215
226 268
88 215
155 243
25 94
2 246
211 283
285 286
112 169
175 229
180 204
1 133
225 285
60 180
62 71
109 281
68 81
73 97
29 200
195 260
136 219
26 50
64 66
27 233
122 151
109 246
23 124
94 119
66 215
12 209
110 265
68 276
95 116
160 274
71 73
251 261
189 225
20 271
174 225
78 155
137 164
59 236
47 52
150 222
20 52
5 193
88 163
126 219
260 274
146 163
80 232
106 237
211 270
4 262
51 217
58 73
63 272
159 179
147 216
255 256
117 194
102 171
4 168
67 140
210 216
32 178
43 114
154 223
41 55
67 119
100 212
2 223
80 175
64 118
28 35
58 268
6 58
38 249
70 148
42 260
124 246
15 131
129 264
96 139
103 105
29 207
168 202
150 206
69 99
41 162
246 262
60 151
15 108
26 274
200 202
197 271
217 251
108 143
46 119
53 240
247 257
33 92
141 270
131 271
131 232
20 95
14 112
65 130
52 254
0 181
67 83
19 115
55 167
86 139
55 115
76 80
22 286
146 267
164 266
149 213
124 241
82 280
36 83
202 254
136 261
93 211
70 270
187 273
147 173
120 155
20 41
169 250
52 233
135 270
150 230
78 224
17 238
215 225
44 205
86 205
101 172
48 232
166 225
42 204
2 275
32 58
108 262
235 242
82 259
129 178
13 79
24 87
163 267
85 152
63 118
6 222
29 185
74 182
80 282
21 241
116 145
110 252
7 118
48 120
140 202
21 156
10 137
32 244
69 91
23 261
29 178
42 84
128 194
109 221
9 60
122 178
110 167
143 205
58 248
85 282
51 214
61 119
6 13
65 187
93 105
1 286
191 253
122 125
78 189
64 199
43 282
42 69
43 111
10 227
154 257
267 277
169 190
22 83
208 212
30 227
112 195
130 151
40 56
31 261
29 72
217 236
38 286
273 286
12 88
66 111
101 223
175 220
156 265
148 211
207 264
54 198
20 90
110 261
39 279
99 263
18 181
164 173
91 114
36 196
9 12
0 46
126 279
159 211
172 258
220 229
47 171
216 271
69 256
0 205
101 178
24 88
17 184
48 256
2 172
206 276
28 135
92 198
250 260
80 85
130 150
12 156
115 277
121 178
10 61
80 211
111 144
82 160
254 279
5 201
37 66
6 125
120 234
100 265
27 84
85 90
55 118
17 122
25 47
92 126
1 247
189 209
196 254
2 274
55 247
24 83
159 175
10 195
90 192
125 233
58 81
29 191
97 120
122 259
66 206
168 270
33 126
5 224
7 242
45 52
45 200
23 61
233 260
79 188
19 229
95 135
39 66
109 169
73 139
41 265
6 173
124 231
52 216
71 219
86 108
68 277
221 254
166 285
118 194
35 173
18 229
98 286
35 142
159 270
60 89
20 29
24 270
106 110
16 259
78 84
2 63
218 265
17 172
54 242
30 187
77 262
191 208
160 222
133 247
8 160
189 199
272 283
162 225
33 205
30 58
9 144
27 195
239 249
76 209
210 222
209 221
192 229
4 275
105 239
2 55
3 85
106 138
265 277
72 82
26 128
142 223
105 155
7 48
68 86
10 225
33 93
88 218
57 197
31 236
235 236
122 219
5 13
4 104
186 243
89 261
171 264
218 233
37 149
193 271
37 253
43 84
11 220
13 29
97 137
91 226
90 141
61 215
52 107
10 125
115 271
1 128
59 245
98 255
87 175
37 273
69 175
63 226
70 118
205 283
85 275
31 81
186 280
64 254
41 93
26 254
179 210
152 285
97 104
26 242
25 96
119 169
189 197
11 211
88 229
46 83
25 34
208 234
54 112
7 126
163 171
39 216
24 112
17 261
208 252
26 93
227 235
42 283
39 175
45 79
158 259
5 221
106 180
256 279
136 206
73 250
14 58
118 143
82 239
65 221
87 209
135 267
142 214
86 260
133 275
152 196
272 284
98 239
75 174
23 212
53 147
168 226
13 180
34 165
127 228
28 123
29 266
22 251
53 197
12 25
20 38
56 238
18 196
45 178
167 204
92 104
75 282
131 248
89 172
5 259
61 271
29 279
74 111
0 201
143 184
90 129
43 87
4 192
51 274
40 248
27 146
55 282
162 198
69 264
52 103
86 171
48 150
122 165
62 273
25 235
37 144
60 227
69 121
250 275
51 148
86 97
156 226
9 35
221 226
12 137
98 160
71 131
139 246
97 259
142 248
193 285
203 222
7 273
3 55
187 245
225 267
29 38
174 241
152 203
129 140
172 230
75 82
31 131
197 272
66 139
29 202
23 91
72 88
185 288
79 239
246 247
117 273
81 240
19 122
185 218
99 132
64 75
37 86
145 173
31 35
91 242
93 134
182 248
19 286
12 217
106 172
46 60
118 241
106 177
86 153
43 277
68 94
264 285
82 135
30 65
1 180
110 198
172 286
81 283
48 179
103 131
30 191
16 135
212 217
39 95
169 230
172 260
143 244
100 281
42 226
49 278
226 278
201 220
149 238
190 250
66 223
158 252
145 150
225 264
60 233
23 257
149 235
170 192
67 144
27 192
18 93
97 190
67 90
174 221
126 225
165 229
59 197
72 142
41 176
10 15
179 207
169 171
139 236
28 45
1 156
95 275
205 234
32 56
94 288
150 208
30 110
134 176
149 231
90 247
281 284
205 232
30 74
44 251
96 237
217 219
12 151
279 287
71 208
82 263
69 79
16 114
230 269
188 226
31 200
108 135
60 139
175 275
61 158
190 272
30 208
123 220
90 145
71 201
63 146
185 243
142 261
11 110
43 153
114 254
55 110
267 270
34 92
144 226
188 240
75 248
36 47
201 280
135 198
51 246
53 259
173 212
21 63
18 220
229 232
22 131
27 52
236 282
38 231
98 203
118 190
112 160
131 137
173 255
194 271
15 107
155 167
4 19
77 163
143 223
66 164
11 113
97 195
116 170
24 27
62 174
49 204
35 212
154 165
27 61
13 147
2 226
245 272
94 111
101 258
12 46
122 216
56 85
166 288
205 262
43 286
15 239
37 245
21 177
23 139
30 62
51 137
97 276
116 205
7 143
2 58
137 218
111 174
76 201
5 277
45 54
35 224
162 275
70 225
211 268
223 234
48 253
20 164
45 197
4 56
38 173
57 90
13 184
80 88
40 44
86 243
105 145
169 276
2 233
116 210
215 224
12 77
245 248
2 14
244 253
153 158
133 212
218 279
191 270
205 215
186 271
98 137
10 19
158 248
59 204
95 192
44 83
183 255
54 75
120 206
113 182
43 199
151 213
220 230
224 285
53 175
0 133
38 106
27 43
65 111
10 14
162 206
3 243
41 286
35 97
108 285
79 173
100 279
141 199
41 157
174 266
118 200
1 119
265 285
160 272
178 243
7 250
49 122
54 284
32 277
69 154
88 224
125 191
70 275
126 200
128 156
100 150
86 189
106 124
168 239
53 187
30 183
236 254
98 115
37 197
87 225
82 185
6 216
150 262
171 286
264 268
0 188
225 269
7 262
104 256
228 265
42 221
112 268
48 266
103 285
51 260
117 218
28 53
252 282
6 247
89 103
63 203
46 155
129 191
45 68
142 216
5 183
73 75
235 240
107 137
207 225
26 192
10 196
61 261
172 190
33 222
183 259
37 211
17 286
120 122
44 195
159 206
113 210
79 126
132 235
112 222
30 185
192 252
72 246
31 252
56 148
95 110
49 98
159 192
114 117
37 63
160 199
110 192
84 150
7 78
126 165
124 253
51 287
83 131
15 256
52 265
23 264
221 227
19 114
50 231
105 276
90 262
62 269
69 123
4 15
66 73
52 60
81 168
24 223
0 228
62 246
16 138
227 238
167 248
98 244
141 157
78 116
175 277
21 72
157 171
4 155
199 236
17 49
16 148
13 252
17 222
11 104
197 254
13 220
205 272
142 159
139 217
107 280
60 109
34 263
134 154
7 71
74 96
87 240
99 150
41 62
82 93
177 204
177 205
127 223
139 278
31 121
27 123
266 279
2 230
197 212
99 279
2 193
62 72
38 196
93 251
47 141
49 105
161 231
21 249
45 218
161 244
128 247
53 260
14 189
210 254
83 108
47 159
46 146
109 157
99 274
16 118
103 122
137 249
86 215
181 279
3 152
47 65
73 162
152 157
87 168
114 224
44 233
115 276
105 265
144 229
14 195
149 234
210 253
29 66
163 203
40 251
34 204
39 157
3 92
53 287
155 254
160 254
25 266
202 283
176 259
15 274
75 216
262 280
33 276
253 266
52 241
121 195
268 288
55 272
2 206
64 228
13 168
8 185
142 193
29 143
4 82
8 118
17 57
62 125
250 255
65 269
5 105
10 24
154 265
254 281
76 247
9 94
28 91
57 234
209 264
177 257
107 218
64 201
34 239
130 284
240 288
1 68
108 142
137 251
96 123
13 151
58 278
143 278
92 155
90 174
3 110
137 189
29 156
2 128
230 279
41 234
65 132
8 163
131 149
64 180
29 42
202 234
207 231
117 138
43 192
68 257
99 199
186 267
72 184
90 220
59 167
103 265
54 222
164 190
35 171
29 205
40 247
217 249
114 121
187 199
231 267
98 284
96 97
37 131
148 245
201 240
91 221
23 174
63 139
251 279
64 251
65 260
34 97
222 271
184 253
20 146
76 215
63 191
61 225
48 178
55 60
1 48
159 200
96 223
71 127
246 254
105 193
38 67
90 240
239 247
6 214
143 189
36 72
241 284
224 252
103 208
139 207
252 265
11 116
126 242
40 138
270 271
5 16
18 137
97 275
179 228
17 158
138 188
101 199
147 203
15 148
136 215
42 202
123 286
60 120
206 233
152 258
35 159
206 257
93 228
119 210
177 222
205 230
145 230
182 267
120 190
104 110
167 171
157 241
18 285
53 221
127 270
40 103
80 150
0 41
176 247
63 160
46 285
162 176
28 229
107 269
63 136
28 195
115 124
74 198
76 287
146 196
126 145
133 240
37 134
106 217
135 259
44 232
153 218
19 113
12 117
7 196
85 160
185 187
92 249
29 271
42 270
37 198
114 273
25 57
108 203
28 248
27 201
237 271
28 90
40 173
115 246
179 213
122 284
162 207
88 120
146 281
50 234
139 201
168 219
257 277
123 273
69 157
134 286
51 173
110 186
52 150
84 151
117 264
36 85
190 281
108 260
218 231
2 101
81 279
48 187
58 63
214 218
27 103
121 188
100 115
135 174
41 191
147 247
60 71
227 277
43 244
71 257
6 146
267 275
9 65
13 33
194 254
11 202
241 265
156 264
86 221
107 221
180 234
40 193
88 282
13 54
20 208
11 249
153 200
22 57
210 229
182 270
62 193
69 110
232 250
30 244
165 267
101 271
142 206
190 277
86 115
198 269
220 252
153 187
0 67
208 248
127 230
28 235
230 239
194 214
31 285
231 262
12 98
25 160
97 206
26 239
55 208
174 281
172 191
125 288
49 87
37 99
106 116
88 219
55 157
61 227
58 92
179 257
230 258
46 184
162 180
92 182
153 271
219 252
73 240
61 283
93 133
75 100
27 87
22 208
99 182
111 272
73 88
3 42
128 132
103 142
47 73
83 177
86 209
156 237
184 275
22 71
242 244
77 122
228 246
243 273
130 147
82 179
58 100
81 217
158 190
241 242
102 247
67 280
203 252
56 216
125 157
15 118
177 264
126 195
57 215
36 46
72 115
200 275
4 175
66 242
184 280
90 122
13 70
124 286
10 105
139 152
163 169
21 118
60 174
31 177
50 160
13 53
191 209
157 269
186 235
78 137
6 227
186 264
135 193
18 225
174 257
47 66
165 193
127 226
145 227
200 215
17 166
13 99
66 252
134 287
110 133
62 182
8 255
178 264
50 192
5 94
63 172
0 54
48 180
112 244
3 20
34 281
98 165
23 39
138 235
32 83
35 237
192 272
112 153
21 71
139 288
36 78
169 277
116 260
93 249
150 191
144 152
170 187
196 280
119 209
82 208
34 154
252 255
39 160
202 243
161 188
114 215
180 227
10 193
90 254
184 207
182 247
25 78
87 183
187 210
140 255
71 72
129 134
223 262
257 275
55 161
41 127
94 175
120 281
152 209
113 224
65 237
128 225
22 138
144 183
121 187
218 249
52 268
235 251
40 148
84 125
1 188
216 269
100 213
99 136
130 154
151 196
163 209
120 217
170 264
123 274
14 115
263 279
71 110
16 103
59 145
66 184
187 251
125 180
41 180
99 272
123 225
65 232
127 162
212 285
81 253
173 202
72 212
86 192
68 244
189 272
48 123
113 155
68 71
149 254
119 154
25 203
118 122
19 232
10 141
169 268
5 249
77 138
23 288
156 225
141 179
68 92
68 72
5 98
140 267
86 127
238 276
53 239
95 210
60 137
44 215
170 213
148 162
181 184
204 217
175 184
17 152
60 70
177 188
36 272
122 268
139 268
164 239
13 232
37 205
5 260
37 288
167 224
13 248
67 177
24 91
120 235
107 217
9 91
63 200
160 172
17 214
128 266
152 168
10 59
68 190
126 154
110 157
66 233
148 269
88 217
222 239
190 212
126 229
58 95
210 221
80 103
12 166
85 280
135 242
66 189
52 96
210 215
80 86
242 258
213 226
104 239
0 76
22 143
108 214
162 219
103 125
75 119
58 152
56 146
11 209
17 170
202 265
11 27
13 137
161 240
84 218
88 93
27 258
54 217
271 286
21 248
63 209
93 278
212 252
58 90
41 81
18 180
183 234
139 200
197 268
132 236
233 288
19 247
152 260
154 228
50 272
54 145
49 185
27 151
132 133
211 280
222 257
49 143
45 284
100 287
45 127
220 270
22 274
152 286
180 185
25 129
46 92
123 203
11 170
67 72
108 279
33 39
0 204
6 202
12 177
67 87
174 189
21 126
105 283
92 280
60 283
60 130
110 195
71 207
149 199
11 251
82 225
25 139
71 200
46 277
32 226
161 201
238 274
86 288
44 154
129 141
187 236
96 250
203 280
96 196
77 281
45 85
129 177
11 262
196 245
67 220
147 168
121 196
19 126
172 215
148 253
83 264
232 243
141 159
131 205
262 284
96 148
83 215
13 92
34 183
212 266
6 16
83 251
104 190
201 262
40 153
106 254
106 257
80 149
146 243
67 216
0 232
215 278
9 262
64 224
100 169
37 93
112 188
1 47
242 276
114 172
132 206
5 53
47 67
24 42
3 93
77 88
77 248
107 244
55 280
187 195
8 212
86 250
51 284
63 212
152 276
13 285
28 155
52 252
43 73
57 207
59 242
77 164
36 210
109 152
18 275
138 179
20 147
88 284
128 271
95 128
13 237
65 266
137 194
105 141
33 40
123 182
213 261
72 183
217 285
45 89
48 226
61 133
42 106
28 72
15 271
81 116
91 104
181 282
13 182
79 186
12 138
117 278
84 136
115 137
58 288
132 195
99 157
158 201
119 135
89 233
82 95
98 183
64 101
169 222
58 262
78 158
35 144
27 247
68 255
110 165
17 264
11 195
18 155
130 182
31 155
154 239
166 256
170 180
266 276
42 125
225 258
6 27
57 133
166 201
103 287
255 260
228 269
26 70
29 222
70 232
18 210
255 265
228 278
155 205
42 144
61 278
182 188
59 256
87 136
45 73
80 126
196 237
19 112
7 15
18 177
48 285
127 177
24 29
56 203
188 260
65 205
11 38
59 141
60 266
28 259
7 23
115 203
116 117
88 226
192 267
157 200
12 185
74 218
24 250
174 230
77 247
11 97
225 243
18 83
52 76
62 242
88 256
121 284
91 137
164 180
51 64
46 238
44 153
51 241
131 144
149 166
167 180
73 129
175 238
145 270
190 271
58 240
280 286
135 226
64 83
31 105
18 233
216 281
71 139
85 122
102 266
65 217
157 178
47 242
60 93
246 251
43 200
60 69
59 169
146 253
12 239
39 151
274 288
23 127
15 86
76 245
167 207
215 247
41 276
19 282
56 267
95 280
95 191
60 267
13 139
5 72
60 260
100 274
15 50
190 286
120 143
21 92
18 288
10 247
50 268
200 252
125 135
20 117
152 222
123 166
170 178
110 267
74 226
112 269
62 92
25 288
8 204
37 113
203 234
148 153
242 243
58 175
93 280
44 202
40 191
48 249
54 227
109 160
68 91
12 135
8 93
6 89
13 42
29 86
21 73
145 147
83 285
92 226
45 198
15 27
148 241
58 207
190 246
271 277
37 177
77 256
205 250
80 259
222 224
166 272
25 104
74 201
178 184
41 257
81 121
170 208
207 268
152 190
59 191
112 174
228 241
78 287
111 263
61 275
47 243
47 74
81 166
139 176
136 192
205 268
174 246
171 240
130 279
166 239
24 182
28 94
166 191
136 252
68 133
114 270
170 210
120 253
49 254
145 242
192 204
14 120
134 178
199 255
233 287
77 98
52 214
68 178
81 287
125 152
161 225
155 207
9 191
25 187
119 284
76 252
59 78
63 151
69 233
8 9
183 227
37 200
8 58
6 126
68 170
73 134
49 137
47 241
196 207
163 194
130 146
134 254
200 223
61 104
59 163
86 111
158 267
99 269
154 271
196 256
63 168
163 220
177 263
167 199
59 261
16 219
43 112
98 113
219 254
39 197
19 72
61 257
122 184
143 177
95 193
212 271
16 35
195 256
103 169
144 243
18 146
20 191
214 235
93 137
271 279
225 265
96 120
16 147
82 254
242 269
105 255
136 288
45 176
72 163
192 286
34 156
33 211
14 56
83 157
67 94
16 169
168 174
88 164
126 230
125 179
70 88
24 190
16 33
45 247
64 67
148 217
36 192
178 200
10 38
6 149
89 211
75 267
79 127
84 207
41 145
0 60
73 176
68 173
199 210
189 231
50 214
58 129
0 185
113 117
126 244
83 175
47 88
31 161
167 173
8 218
84 284
170 235
30 39
11 167
1 237
20 282
136 285
158 279
99 149
135 250
89 148
108 243
218 270
20 193
2 157
29 97
124 191
149 178
150 236
138 171
24 285
137 153
66 251
87 126
167 206
33 148
40 190
3 102
172 254
1 16
67 192
256 266
26 94
84 124
69 196
147 189
75 212
14 276
94 108
138 288
114 209
59 84
254 268
183 202
2 143
251 270
191 278
92 195
54 280
95 281
45 249
100 177
34 131
26 163
32 224
100 221
204 259
54 167
52 189
14 152
68 282
2 162
176 203
4 74
17 105
34 98
145 157
32 231
214 276
94 96
102 129
11 283
22 110
78 179
172 224
158 230
71 249
44 231
232 278
180 269
71 265
4 42
227 244
31 122
147 280
39 83
82 219
51 125
122 240
86 158
75 115
177 255
166 282
182 229
161 234
105 146
61 88
56 225
127 184
52 258
127 259
49 277
62 143
0 65
136 141
50 189
148 281
218 261
89 168
14 271
166 257
140 143
46 253
60 240
26 150
14 181
13 217
79 265
212 275
127 242
45 126
121 276
95 163
65 166
218 273
188 217
52 157
180 203
106 112
121 184
95 182
118 166
113 171
82 168
26 64
51 210
124 156
39 221
40 82
26 275
101 286
10 52
44 109
85 129
53 70
136 203
266 274
137 278
111 256
176 206
150 259
49 244
150 203
146 206
199 211
55 160
79 281
31 96
52 110
116 249
40 240
180 261
179 211
17 22
168 175
230 270
60 214
3 125
54 158
36 119
66 287
70 106
57 188
19 235
0 165
57 82
24 140
49 223
44 246
84 170
47 123
40 236
21 51
175 213
261 277
52 151
139 202
63 195
188 228
58 155
95 229
110 215
93 148
82 197
114 217
42 83
191 261
131 235
8 214
55 125
10 172
125 225
49 117
72 157
72 276
147 222
40 59
30 36
96 260
124 271
21 234
33 250
79 286
222 265
16 69
47 277
80 272
27 185
116 131
49 81
115 193
110 181
28 136
120 193
43 150
46 100
54 263
4 148
19 29
215 267
5 112
176 225
163 167
95 141
12 226
51 98
62 255
133 170
137 248
258 280
88 189
63 68
188 259
250 264
15 199
159 253
1 22
120 166
38 107
139 287
135 256
184 197
78 267
191 272
106 132
75 183
71 170
59 75
115 250
77 232
182 216
19 98
237 263
25 26
67 264
89 288
124 190
16 197
124 176
220 276
68 195
10 100
17 193
22 30
182 264
51 176
40 119
12 253
88 195
42 174
114 284
184 187
33 280
117 127
118 214
188 222
116 227
40 223
45 219
77 219
112 242
16 144
176 236
23 200
31 78
132 276
109 282
113 128
201 246
19 193
213 284
107 189
125 199
30 194
46 159
172 265
37 170
69 139
13 242
87 193
5 80
40 164
211 217
183 287
212 257
34 266
206 234
77 80
85 99
0 143
84 89
133 278
178 212
130 157
41 233
0 278
193 276
197 227
28 236
26 213
249 254
91 193
108 133
102 282
33 231
61 136
43 94
73 221
161 211
109 189
83 213
91 124
131 230
163 263
50 121
103 159
80 193
222 281
239 286
18 147
10 117
6 97
137 269
240 271
25 151
41 129
48 115
114 232
92 129
61 231
37 76
95 125
1 82
62 221
0 226
33 274
84 176
141 256
26 80
28 254
87 285
127 203
95 181
25 209
240 281
37 130
21 86
12 103
24 90
5 75
11 95
199 238
162 283
10 284
82 213
141 222
69 207
120 242
170 181
1 235
63 80
14 213
13 190
21 172
152 271
195 262
26 238
133 263
176 182
62 158
48 223
5 67
5 115
173 285
15 276
8 130
258 269
125 134
50 151
39 72
267 271
40 217
78 110
186 283
4 280
128 138
64 190
197 242
152 169
34 198
208 218
81 281
109 242
42 120
151 224
42 271
31 55
16 178
157 235
155 182
16 57
17 143
94 142
59 265
59 151
25 211
83 248
103 207
60 264
192 194
40 62
90 144
162 185
113 189
59 189
146 207
126 192
40 208
62 227
50 146
63 158
92 119
225 259
20 23
84 113
117 158
50 93
17 62
204 207
241 283
3 138
88 92
41 247
224 245
91 141
6 107
56 63
147 237
64 265
88 106
11 74
29 180
164 172
164 205
238 261
261 263
39 257
117 240
55 193
223 257
115 258
28 77
132 282
47 236
127 261
245 253
202 247
9 174
47 143
28 67
78 111
5 19
30 144
2 83
260 262
105 163
134 166
96 128
62 140
211 255
2 217
120 184
19 66
85 220
64 84
47 185
152 281
8 37
112 285
159 284
158 175
27 237
94 226
199 209
187 253
139 140
110 131
70 152
119 132
110 229
10 80
20 178
281 288
153 162
32 268
194 250
47 95
45 46
117 263
71 80
174 201
129 287
33 164
18 171
78 159
46 235
172 283
132 252
59 283
101 248
81 247
83 262
205 278
46 140
50 186
5 188
2 90
200 210
181 197
25 216
88 113
74 192
150 267
119 211
79 176
16 288
144 258
101 269
101 119
128 234
142 188
72 240
117 188
32 120
74 81
30 210
91 159
80 207
95 213
171 248
222 237
133 146
48 272
165 275
209 267
268 274
223 252
38 158
128 198
32 197
80 117
20 194
42 109
40 195
55 287
23 154
36 161
63 254
208 235
168 254
22 119
33 235
96 236
44 182
116 139
115 155
53 69
59 206
73 222
38 203
130 263
110 223
137 197
175 198
11 193
110 152
191 287
90 231
107 179
25 279
87 286
109 127
20 284
167 243
32 99
43 133
44 71
126 245
122 142
127 187
132 141
145 261
94 164
47 156
182 257
66 282
117 154
27 66
68 107
155 173
174 267
127 180
103 110
137 140
12 92
170 262
105 245
24 57
205 284
134 144
138 187
105 113
70 169
104 208
1 120
63 122
81 286
55 224
19 221
74 106
36 168
47 186
91 158
83 240
1 175
42 173
133 232
3 168
210 236
69 93
217 234
254 266
147 225
85 255
3 137
170 250
99 268
21 275
27 177
89 175
93 163
77 132
103 197
161 266
221 281
168 208
52 162
127 165
120 272
77 91
184 206
35 140
32 35
56 141
83 209
83 208
78 214
54 69
140 248
18 251
128 286
151 170
241 244
50 210
96 280
22 233
116 179
42 136
81 106
121 277
43 95
0 246
8 18
189 193
35 95
142 167
206 273
187 284
98 238
42 118
95 265
83 270
72 120
166 215
63 278
36 105
70 91
65 73
86 238
158 261
18 214
30 131
4 126
228 277
94 161
248 284
54 183
127 149
15 31
143 158
160 201
34 275
66 94
210 278
72 165
48 140
229 283
169 211
73 249
128 174
217 243
117 143
14 45
212 233
182 235
37 91
22 218
54 220
43 265
35 110
60 225
0 109
209 284
177 179
282 288
103 133
65 189
148 216
3 139
31 174
138 238
87 185
64 108
59 273
16 269
54 58
81 83
216 235
54 207
243 254
46 266
2 124
45 263
88 192
5 48
175 228
2 27
13 94
128 166
272 273
55 237
19 127
125 229
104 210
132 251
234 272
47 125
65 97
128 251
60 211
113 177
31 74
110 216
29 34
201 238
40 132
72 97
22 70
197 222
1 41
186 285
53 145
255 287
172 211
229 250
98 237
10 223
12 164
262 277
15 247
122 123
16 156
77 127
26 287
42 66
27 154
146 149
56 88
92 116
35 148
131 156
41 141
284 288
151 252
112 147
15 198
58 61
109 249
193 247
64 143
50 166
63 82
83 275
123 228
188 281
206 272
17 208
26 250
117 241
69 250
9 233
213 241
56 64
137 202
131 141
75 249
12 62
26 142
76 276
110 173
103 148
33 219
125 181
115 239
11 75
12 143
21 116
195 267
5 65
178 195
234 248
21 211
71 77
4 64
153 175
42 121
91 281
14 239
140 272
78 276
17 224
118 235
140 203
117 243
72 213
94 249
9 78
182 241
0 17
177 267
87 264
65 116
77 152
31 218
216 250
159 178
172 220
24 188
25 224
38 242
18 58
13 235
185 232
216 273
130 242
168 262
29 115
6 116
36 108
101 107
179 214
8 263
56 97
63 266
10 101
57 91
57 266
51 178
14 99
214 238
8 69
32 74
133 196
236 270
136 150
69 200
141 258
178 280
36 190
76 143
81 109
18 259
62 130
42 115
161 263
189 258
235 282
67 235
79 109
41 101
94 200
32 87
9 61
13 36
59 119
180 287
43 195
124 147
45 100
87 211
122 232
192 255
110 258
75 143
43 50
42 189
126 214
51 145
13 108
173 225
155 260
79 184
128 287
218 269
144 162
254 288
176 189
245 251
61 197
65 123
34 119
151 215
142 183
228 264
8 21
5 8
55 151
57 247
112 260
106 248
20 149
75 134
152 166
94 269
104 109
2 267
108 286
213 244
101 256
170 245
171 239
156 198
46 240
202 270
139 193
136 225
33 74
46 142
124 248
135 145
52 83
91 174
33 255
96 144
98 246
122 227
44 123
131 164
179 199
98 266
78 90
172 174
232 284
74 101
68 218
24 71
68 207
110 280
236 241
52 224
54 256
50 108
100 176
13 221
11 169
227 278
56 109
133 185
2 255
212 246
88 204
60 268
19 241
79 102
85 264
79 163
246 276
196 238
109 233
69 266
181 260
95 239
99 261
176 270
95 161
176 183
11 148
8 238
43 107
184 282
67 70
150 167
28 97
34 169
15 165
32 276
72 167
35 85
39 92
44 110
151 174
56 178
157 273
16 265
110 151
216 283
81 183
53 95
170 186
145 273
136 217
65 72
6 177
164 257
29 280
83 198
72 105
246 266
163 206
179 260
87 161
175 195
30 121
0 25
90 173
145 274
30 89
80 178
89 285
146 254
52 112
86 135
15 90
78 121
32 188
37 109
267 283
172 194
32 121
74 179
179 193
134 163
76 113
31 243
109 264
24 235
3 163
107 215
81 115
124 129
150 252
96 137
207 232
3 175
158 268
88 245
22 165
37 179
64 202
4 281
235 250
196 205
57 128
89 262
157 161
79 145
190 211
88 138
141 238
115 162
140 160
106 256
104 105
87 231
139 256
120 254
47 56
14 114
12 36
216 287
75 153
122 254
203 263
184 220
15 104
173 224
170 277
26 191
10 77
86 229
23 227
67 103
190 222
28 207
267 284
20 203
97 253
10 188
264 283
200 272
33 175
16 40
135 237
15 178
15 266
75 232
77 155
167 213
95 266
24 279
260 266
64 155
70 130
2 119
161 283
6 90
58 190
43 264
15 212
12 255
214 241
107 212
36 222
109 161
257 258
48 236
252 276
149 259
41 130
24 148
188 224
151 154
135 246
225 283
29 242
91 213
110 225
132 253
72 146
107 266
187 262
55 202
53 71
29 175
210 240
96 163
207 224
208 271
51 180
0 148
84 276
147 211
5 45
202 264
148 156
71 242
11 277
29 30
118 286
38 56
104 134
130 258
147 246
102 146
2 262
270 285
102 110
72 241
186 281
187 244
94 137
152 200
165 242
120 228
27 109
61 113
53 61
8 151
52 98
53 232
23 232
101 279
60 279
58 235
157 199
98 114
12 119
135 183
136 161
27 112
165 280
17 256
17 112
183 189
169 274
113 164
114 252
14 201
1 58
8 68
29 256
99 139
12 30
134 231
98 243
11 174
7 228
125 136
62 288
13 173
56 76
237 242
39 282
15 48
173 283
7 283
132 169
203 250
108 168
28 217
115 267
47 60
153 171
185 234
139 195
27 223
195 254
215 222
34 267
64 89
74 137
34 277
77 154
268 281
35 36
123 137
218 266
42 191
60 246
4 259
49 274
93 192
151 159
168 287
62 184
2 197
130 156
28 143
27 265
143 251
26 256
31 153
186 288
108 167
144 276
98 220
23 126
216 218
30 171
20 113
43 187
136 246
15 16
23 260
97 159
132 167
126 281
218 257
15 216
71 202
122 280
191 239
33 227
86 136
152 210
134 141
66 207
117 239
183 282
107 250
68 270
42 245
28 208
13 75
83 144
144 156
10 201
84 261
12 165
71 79
96 169
90 257
74 214
8 109
77 270
189 234
93 173
111 159
141 224
131 272
14 70
0 245
38 194
3 171
45 216
11 58
23 49
54 179
51 143
132 135
168 269
125 275
61 255
33 121
11 85
168 250
39 134
18 102
97 111
48 212
167 233
54 90
31 45
49 114
160 270
68 135
82 152
31 221
207 226
121 182
105 262
30 92
147 226
31 71
5 162
241 273
93 276
248 285
147 154
37 44
44 87
56 130
148 239
52 55
97 147
83 94
213 233
67 120
129 246
31 40
3 232
34 234
48 113
202 235
61 193
162 239
198 271
228 255
139 275
49 220
160 266
83 216
46 181
195 220
57 190
221 259
151 200
92 152
70 216
75 133
192 258
183 187
82 118
123 269
202 286
13 22
128 242
123 187
46 213
66 170
85 250
34 128
113 237
128 191
115 152
159 172
152 185
116 213
86 276
177 285
90 216
123 152
84 169
56 145
70 80
72 216
49 186
44 56
10 116
152 154
174 231
154 262
59 277
225 288
168 171
32 105
118 246
44 50
206 287
197 267
36 202
189 200
45 137
97 270
0 89
232 263
55 131
135 161
29 224
12 252
59 134
80 254
206 244
63 188
60 208
82 134
119 160
83 96
57 70
86 218
27 69
134 237
97 192
12 121
59 63
50 221
189 281
130 266
235 288
64 275
248 252
31 63
214 251
159 199
4 220
65 191
172 235
36 211
131 209
99 286
149 179
47 270
55 72
0 267
33 176
149 263
72 99
103 124
1 132
97 113
149 221
74 134
34 151
53 244
5 17
184 257
217 242
25 174
75 195
24 241
124 206
160 208
157 181
10 53
243 260
70 215
5 209
87 283
69 272
90 198
133 285
7 232
100 260
124 185
45 194
104 139
96 266
17 69
52 105
62 275
100 226
38 245
194 220
229 262
27 168
155 181
84 139
144 256
226 287
151 229
29 69
191 236
19 30
193 243
151 280
95 145
5 108
50 91
189 275
115 232
107 139
14 105
140 183
89 248
48 77
95 136
115 132
248 249
240 245
132 175
98 184
70 125
33 161
60 239
114 186
118 282
101 240
0 233
18 101
39 75
107 163
132 148
55 190
143 183
46 161
158 231
21 255
69 144
30 167
101 222
59 69
25 162
185 252
96 232
174 204
102 127
237 241
229 243
83 137
180 249
114 260
185 276
23 75
22 96
115 158
8 123
106 126
123 247
38 97
221 249
28 46
234 239
77 235
116 245
37 132
63 111
201 217
2 156
16 79
56 154
124 283
118 126
19 46
90 250
75 131
227 279
230 237
204 214
248 281
79 240
33 139
44 213
56 86
104 276
14 32
112 204
183 209
89 218
180 215
18 38
20 204
109 207
47 110
160 191
63 246
143 146
103 147
20 173
93 178
220 237
34 261
4 272
55 285
24 168
20 239
22 33
67 198
51 265
223 239
98 230
32 249
194 230
68 169
2 224
27 137
99 257
255 263
57 221
41 256
33 232
8 241
25 74
28 41
63 94
221 272
79 85
42 171
4 234
25 50
81 149
8 222
111 123
32 106
177 216
142 198
60 167
81 227
53 192
198 226
47 181
112 117
127 138
13 24
173 282
85 157
213 229
53 181
54 216
121 258
112 237
83 185
48 242
68 85
123 132
31 198
184 278
143 206
149 157
23 237
28 83
149 224
34 60
112 274
49 166
97 102
172 203
120 268
15 112
27 194
15 268
223 251
90 196
101 233
35 161
209 268
22 240
66 246
52 132
6 45
5 12
45 57
13 114
56 67
266 281
107 190
46 145
80 279
127 276
68 219
43 168
16 174
147 176
24 69
42 140
20 129
121 268
54 202
38 230
79 208
184 255
60 144
9 228
90 166
138 218
220 226
39 244
190 216
174 280
132 151
255 284
160 166
77 95
41 246
107 125
9 106
119 286
101 131
244 259
42 266
138 264
141 150
116 187
4 101
43 117
55 107
117 216
169 206
66 119
74 280
35 103
129 254
262 275
115 141
60 131
60 192
154 259
59 177
130 219
11 162
113 244
61 202
92 169
89 189
20 258
16 284
140 181
115 226
69 151
96 130
41 45
93 140
68 100
219 232
238 246
6 61
93 224
4 102
109 131
16 165
206 210
234 285
250 274
173 239
73 269
112 177
79 104
11 171
92 120
87 239
31 84
213 215
180 237
42 164
193 253
150 151
194 238
75 246
64 269
94 243
94 100
104 215
217 277
176 258
2 88
194 262
1 246
96 161
4 227
57 180
12 273
88 184
115 270
96 191
23 168
52 186
37 186
96 269
28 186
33 171
86 131
34 105
33 182
66 273
58 216
50 99
283 288
20 22
208 274
76 198
17 61
64 208
31 124
17 263
115 184
204 261
6 277
226 265
55 214
94 220
76 226
162 181
116 171
156 170
64 181
6 226
223 246
16 25
33 193
14 17
98 206
4 287
71 169
103 160
51 172
123 194
159 166
95 243
78 246
3 219
71 130
15 273
201 258
127 192
151 195
53 182
5 234
152 262
120 229
115 186
101 186
54 55
108 267
120 199
135 154
133 174
74 174
187 231
107 188
113 178
51 107
114 139
124 135
243 249
243 288
225 235
39 170
133 271
170 285
25 84
63 240
70 110
141 225
4 241
116 191
0 4
29 33
123 209
58 69
211 226
88 209
76 82
18 186
61 205
88 234
221 265
120 145
68 103
23 86
15 78
185 285
170 185
14 54
38 188
148 196
131 234
119 238
13 133
48 227
39 127
24 247
85 209
15 147
100 164
147 279
130 217
160 176
148 258
5 287
29 252
76 145
211 218
23 58
106 154
180 244
110 197
141 203
151 211
192 271
99 264
195 233
26 155
235 243
0 279
42 247
86 272
3 69
62 138
49 187
42 192
198 202
195 216
45 82
39 64
68 106
1 254
52 135
156 163
199 233
31 43
13 116
23 211
156 177
11 76
170 214
5 11
160 240
22 262
3 9
65 120
62 172
94 99
253 285
128 147
166 207
69 255
50 273
30 119
97 279
45 282
88 177
142 273
152 164
22 238
95 254
183 194
5 47
62 206
5 44
122 233
249 280
114 183
78 85
46 141
237 244
2 118
15 73
8 134
33 203
205 206
15 194
178 284
35 225
170 255
63 124
88 207
175 252
76 112
29 244
245 247
57 106
138 214
8 148
133 246
75 105
43 283
28 202
42 48
7 252
161 272
18 140
149 222
157 240
46 143
245 260
1 123
65 215
278 285
48 185
83 140
74 267
200 271
151 171
43 258
144 221
3 32
31 167
21 237
91 151
34 162
97 274
51 144
49 165
47 71
103 280
110 214
119 215
71 90
138 141
5 102
185 280
56 61
56 240
8 62
13 118
76 204
25 82
141 275
107 285
116 277
47 265
27 220
28 181
131 167
181 234
17 119
76 119
9 53
96 272
162 173
35 37
52 84
86 245
219 269
43 257
3 193
41 184
127 146
211 244
62 168
158 263
182 224
27 184
76 282
191 279
127 280
122 245
125 245
187 279
18 90
8 124
128 135
15 160
19 154
202 276
7 198
23 119
101 285
177 196
64 204
13 179
77 241
68 280
17 106
31 178
92 173
187 271
147 236
152 233
107 206
156 176
20 179
183 205
240 262
9 166
42 119
141 260
212 229
28 157
19 279
162 268
178 226
146 279
80 231
118 252
29 236
50 65
205 242
160 204
54 130
66 278
50 80
86 271
72 247
29 157
79 132
1 63
203 248
94 166
83 114
20 27
132 230
45 220
123 241
230 287
15 281
62 135
41 50
112 273
117 259
116 148
212 264
149 252
0 30
69 194
86 113
130 287
53 112
118 191
36 123
165 274
5 83
24 202
51 250
81 234
41 131
7 281
27 76
16 224
22 127
0 190
142 262
191 206
95 209
174 259
6 70
96 283
49 241
29 59
23 157
197 261
75 198
80 236
7 83
87 195
77 176
83 230
28 86
118 278
13 199
71 250
8 195
103 127
227 288
186 226
79 90
147 214
21 158
201 226
148 229
229 266
203 244
90 244
279 284
85 241
45 166
217 238
43 226
215 284
37 272
31 73
69 270
235 260
11 181
14 156
61 69
3 38
185 269
203 242
77 252
9 99
162 174
36 92
58 256
94 224
18 165
236 245
233 235
74 84
156 256
33 229
203 207
96 157
30 68
0 149
70 249
43 242
26 154
60 199
30 261
9 150
22 197
68 259
169 249
45 167
36 260
11 33
48 194
113 175
121 227
171 263
170 240
14 191
55 134
9 184
32 63
104 183
146 166
35 262
123 253
60 169
147 261
72 172
130 212
97 101
134 267
141 271
103 196
55 264
122 281
55 112
57 66
88 162
223 226
94 279
121 285
153 169
227 252
26 273
10 181
54 86
141 265
89 243
19 138
43 52
1 216
1 163
112 144
188 220
109 280
7 209
105 278
201 221
47 53
93 158
87 277
14 29
17 190
185 265
184 200
193 286
91 232
239 272
114 176
16 196
103 129
32 269
41 232
9 140
9 255
100 280
160 202
49 99
44 238
6 37
14 205
57 77
88 270
92 151
31 263
100 152
122 158
4 184
25 113
166 169
275 278
88 268
69 102
21 96
156 274
134 164
147 194
108 181
66 199
83 260
135 251
143 270
40 135
34 134
20 94
200 257
42 201
219 221
46 109
16 217
108 112
126 189
109 262
133 139
0 236
83 88
143 234
35 235
24 141
95 257
218 241
2 192
186 268
123 184
35 117
207 243
105 120
61 226
137 176
107 219
52 220
154 266
23 194
13 91
3 8
215 241
111 117
149 192
193 234
182 285
0 164
129 190
187 230
95 102
149 248
85 101
96 176
12 70
238 243
60 166
44 237
38 211
21 103
36 131
23 41
124 263
28 216
69 113
26 59
37 279
23 223
36 95
103 255
96 175
15 173
114 142
80 112
267 269
77 92
95 119
9 49
14 230
20 120
235 266
25 60
42 54
167 215
146 176
130 159
29 146
210 267
23 193
10 237
31 226
73 264
140 153
198 279
37 51
235 249
247 262
115 120
146 230
208 240
6 46
23 85
43 152
126 168
242 261
77 115
28 273
78 154
214 243
133 233
201 263
1 270
126 193
28 253
1 98
197 236
81 99
86 128
12 202
21 134
1 274
11 267
105 133
71 255
104 231
110 182
144 240
41 43
198 264
168 207
2 269
180 260
78 167
125 247
142 225
33 157
52 61
106 135
3 132
19 99
186 237
193 248
86 147
4 213
72 207
46 47
178 254
129 179
115 164
173 269
12 211
53 94
217 218
163 255
195 210
103 217
173 215
20 262
264 265
53 87
105 242
170 217
100 203
21 192
84 186
25 117
83 124
64 232
79 197
37 112
83 210
49 66
24 262
128 224
11 46
27 219
81 146
43 124
227 264
109 115
63 90
108 151
2 203
31 210
175 211
57 160
42 286
75 138
45 234
156 188
119 235
76 146
60 124
228 263
136 190
16 263
38 62
37 178
54 213
16 280
227 286
79 227
50 201
27 274
50 246
149 230
81 101
32 258
151 191
112 246
23 38
48 197
46 124
51 224
75 169
87 210
51 281
189 279
123 235
207 251
147 184
5 109
100 258
113 158
65 255
106 230
14 198
65 182
25 214
69 101
130 174
60 129
103 144
69 274
216 276
81 178
100 167
196 251
77 150
167 179
38 240
69 186
86 259
53 176
10 54
61 95
23 164
274 285
67 141
34 38
228 284
26 40
5 223
48 130
133 198
91 283
21 203
19 38
101 238
47 154
37 187
45 229
94 193
77 90
64 219
37 194
22 28
40 210
30 151
125 258
194 248
43 270
212 226
35 264
99 138
46 192
165 172
207 215
77 274
54 173
61 121
229 247
252 254
89 236
31 254
111 203
34 42
7 270
137 232
32 204
92 121
59 217
138 202
104 282
177 278
163 227
51 174
210 271
6 40
164 253
60 128
61 169
54 62
185 283
8 239
226 254
152 189
99 245
141 286
81 252
45 152
124 265
194 273
86 278
218 277
63 256
136 287
148 249
28 230
78 160
6 7
43 207
20 106
82 110
31 196
54 71
67 157
144 269
148 234
43 253
87 153
45 235
40 235
57 171
26 98
151 153
104 152
140 206
72 263
112 129
138 175
213 234
30 278
26 221
155 236
172 238
177 199
163 204
8 65
78 89
40 106
64 245
115 195
112 170
91 187
113 286
217 228
188 223
27 94
58 60
49 110
160 189
35 265
120 177
81 103
132 221
225 247
142 268
89 203
140 250
108 226
95 160
114 237
195 286
136 180
57 104
103 279
88 193
14 170
89 284
21 205
106 170
35 253
11 159
21 276
149 271
210 282
157 287
76 152
78 258
144 280
47 69
11 239
67 232
35 260
212 267
73 284
135 276
66 268
213 281
123 229
110 129
181 288
124 180
92 203
51 280
31 186
164 221
243 248
66 280
10 191
31 175
101 216
4 107
104 269
44 53
245 284
21 108
107 184
15 17
13 83
4 122
14 136
59 103
68 121
11 122
78 148
59 201
35 199
70 155
11 65
160 283
141 262
14 175
186 279
41 48
82 178
52 185
47 262
162 244
180 228
2 175
52 136
199 221
36 278
79 217
167 232
198 201
132 256
93 131
14 46
44 173
69 208
160 285
170 183
42 152
134 284
72 96
67 113
65 115
12 80
222 244
83 276
70 102
114 286
111 197
104 240
159 174
39 239
85 156
96 262
169 187
3 115
220 255
184 230
97 169
202 279
88 135
0 33
10 144
90 184
97 106
41 253
5 172
154 284
177 254
211 276
68 95
219 253
20 78
206 238
192 253
169 259
15 133
143 148
95 189
198 219
13 59
68 78
12 248
160 211
32 113
29 145
219 278
42 70
5 51
183 218
185 213
179 204
9 185
229 234
73 94
180 205
84 138
39 56
90 200
80 89
188 258
28 114
8 189
33 179
32 156
84 281
40 66
83 107
105 107
21 232
132 233
178 208
1 150
3 126
159 217
111 228
232 279
107 252
26 113
2 106
89 92
114 250
236 281
166 240
67 214
112 221
49 237
38 45
217 284
202 217
205 236
46 174
164 220
61 232
190 197
14 38
1 61
64 279
51 68
74 212
155 269
55 197
205 257
33 147
174 202
86 145
88 198
17 251
45 248
125 208
232 254
253 268
134 149
150 232
25 89
35 201
119 153
27 167
67 272
196 270
50 90
60 157
53 86
106 258
213 236
27 189
52 194
111 252
62 175
203 270
67 135
106 276
155 257
31 119
152 280
68 129
268 273
61 223
218 227
93 115
46 195
146 251
27 159
9 240
44 268
89 162
91 248
157 230
46 199
37 276
223 250
155 218
148 172
79 111
216 265
78 188
127 156
254 262
169 176
195 277
54 134
118 224
145 199
6 115
15 195
165 270
189 249
233 269
232 271
10 11
37 269
161 199
222 254
196 257
86 99
102 265
36 279
152 188
107 141
82 212
83 141
73 99
26 201
64 138
62 207
167 256
209 226
38 71
87 201
215 259
132 254
18 254
57 242
161 286
75 173
87 250
10 265
131 148
59 158
25 131
50 122
226 247
22 161
179 206
125 279
43 131
164 282
26 270
115 180
203 223
118 274
185 189
147 165
153 216
85 195
226 269
226 256
3 280
6 253
191 283
29 106
14 208
77 151
42 249
33 95
22 271
155 171
46 215
95 190
19 128
18 152
5 232
17 228
52 72
18 123
201 253
66 112
61 194
203 243
87 114
26 53
50 184
164 213
78 238
99 243
97 141
50 175
179 246
151 281
88 288
165 226
230 274
227 248
72 283
158 188
43 220
81 237
179 230
35 94
17 64
250 279
109 139
251 254
10 207
41 138
11 103
88 165
9 125
84 200
184 235
8 228
105 259
92 278
53 191
87 273
227 281
185 206
6 166
249 283
111 274
129 271
209 255
87 205
31 244
69 87
58 75
104 123
102 223
47 114
230 234
136 270
78 195
74 193
63 103
113 123
34 138
64 186
65 235
121 226
19 153
107 175
61 135
63 166
32 73
115 174
73 195
157 211
102 112
46 196
6 215
13 47
61 101
124 229
55 217
30 189
95 288
102 235
61 200
115 255
18 88
47 218
135 194
13 34
69 216
73 270
29 44
105 162
161 249
202 257
197 247
32 49
129 282
17 75
13 277
187 213
129 284
176 218
131 207
57 85
207 239
100 101
67 213
18 191
113 120
217 241
108 250
164 185
121 217
79 158
131 182
109 216
103 230
51 113
2 91
124 237
7 62
5 107
113 203
74 188
17 44
186 265
97 282
103 174
17 56
160 248
95 104
101 103
50 197
51 142
148 219
124 223
191 204
175 192
74 255
22 149
30 207
89 173
54 149
61 248
111 121
97 210
244 280
128 260
256 272
113 262
32 185
150 264
219 229
165 203
18 89
81 120
24 130
111 233
147 155
167 279
181 276
242 288
156 282
79 162
176 210
79 157
77 87
21 132
1 158
104 122
92 239
179 282
39 107
92 100
106 183
0 212
59 244
101 173
30 218
157 258
162 175
110 254
106 227
84 108
149 155
125 277
217 235
45 171
133 250
80 84
61 91
104 211
36 176
209 259
187 217
135 245
183 256
107 286
237 246
271 280
162 242
230 263
10 103
17 137
125 265
44 177
69 88
22 100
88 266
38 49
74 200
120 157
84 184
118 180
112 223
150 192
44 64
22 74
40 279
216 274
25 99
150 173
76 164
60 255
136 153
53 183
163 242
32 262
91 171
158 287
175 268
41 224
246 279
42 129
70 268
149 186
20 272
73 103
234 269
49 163
182 244
0 45
56 131
43 218
36 235
87 143
92 93
58 123
27 275
82 108
76 216
208 251
14 221
54 254
8 262
72 138
8 102
228 247
92 206
129 167
133 195
57 225
152 217
158 288
10 189
124 153
46 283
234 257
92 123
32 158
41 123
10 78
8 211
134 252
15 265
176 265
180 267
25 150
211 246
78 282
257 271
13 103
122 264
27 204
190 252
160 267
72 254
66 160
77 201
59 147
173 256
100 283
58 169
39 177
198 235
75 192
58 222
110 203
244 268
53 277
61 171
8 240
186 247
151 241
84 268
36 102
144 194
12 96
96 256
13 215
26 141
54 103
19 50
9 176
88 194
139 205
168 281
163 246
56 252
204 277
109 253
65 95
72 124
11 88
65 242
36 181
13 121
80 264
36 218
20 142
166 273
128 231
74 197
25 83
87 104
122 171
133 276
18 192
263 272
81 157
32 104
55 242
134 229
84 128
123 185
143 212
128 282
27 50
188 284
51 168
197 241
104 259
90 170
49 96
41 88
22 150
206 267
67 230
199 227
39 50
157 224
26 202
30 106
84 209
116 157
81 95
280 282
157 267
196 275
54 244
102 221
215 279
256 265
12 51
23 31
30 240
20 167
137 192
195 287
59 280
126 166
146 214
104 168
137 246
20 220
228 256
124 130
169 185
15 87
67 282
129 223
125 201
136 194
139 228
155 156
195 275
129 260
117 162
126 275
75 146
8 114
13 172
88 186
86 258
80 261
44 208
81 94
69 156
211 253
72 130
139 284
194 252
92 252
10 239
163 174
38 154
71 146
28 188
63 132
19 91
118 138
82 258
0 254
198 221
158 196
85 116
197 239
88 248
47 233
104 120
168 212
21 142
175 188
122 191
12 94
173 203
131 150
39 220
113 261
32 134
226 275
0 240
36 151
42 72
183 272
92 254
112 199
28 271
67 259
49 175
62 101
53 174
65 201
29 120
154 158
82 195
56 121
17 95
169 253
255 278
83 155
128 129
92 180
234 245
228 272
69 275
126 250
95 196
150 181
11 160
145 212
179 231
209 227
26 30
215 223
29 89
164 283
207 242
67 288
53 134
171 242
53 67
226 271
167 283
22 236
27 89
214 280
133 249
141 192
235 281
122 183
66 126
45 205
38 51
72 137
58 86
132 162
80 198
76 241
127 215
21 197
209 278
156 196
3 174
93 143
78 126
68 286
138 184
120 138
17 280
149 176
20 48
186 238
74 244
13 95
198 238
53 202
169 182
11 14
171 252
208 222
51 232
73 232
77 249
21 267
115 241
129 146
36 91
129 181
24 25
163 185
100 116
208 249
201 211
53 208
6 199
203 260
20 224
95 121
63 115
175 226
146 217
184 288
76 118
27 277
17 66
32 182
63 69
14 155
11 272
122 169
22 199
77 119
103 130
60 135
226 240
66 117
148 228
110 169
77 215
42 185
30 34
45 143
104 209
40 274
74 187
218 255
111 204
46 107
142 144
9 52
194 204
17 265
77 277
153 240
113 138
158 257
23 121
36 185
90 197
122 175
8 233
245 269
50 171
44 189
0 73
30 51
45 75
25 121
108 161
33 213
17 274
231 282
157 207
257 268
36 238
183 215
116 127
71 87
58 149
5 92
157 250
84 141
163 208
257 276
108 245
70 154
20 70
193 265
147 276
166 216
25 186
93 283
3 283
63 204
14 288
130 264
179 242
23 93
32 71
31 130
15 54
62 164
118 146
239 282
193 213
72 262
211 269
134 233
91 212
31 256
101 229
207 269
162 264
12 244
17 188
195 258
126 201
104 173
203 225
14 251
85 146
258 265
33 150
147 163
190 264
82 88
162 193
41 109
29 84
220 235
39 189
110 256
106 287
221 257
71 158
127 285
120 279
60 187
53 114
188 246
225 277
29 217
261 273
284 287
64 209
184 252
121 185
8 48
69 280
127 211
208 275
148 160
178 262
49 115
128 161
23 34
173 176
192 222
229 280
16 90
158 199
7 176
130 161
23 159
89 237
16 237
50 203
49 280
204 252
64 110
13 258
210 246
59 126
93 130
24 215
163 254
110 164
39 168
134 257
180 247
42 81
140 193
9 246
208 215
147 151
270 275
31 120
143 280
175 235
1 92
38 176
75 84
26 112
43 122
102 212
188 279
4 137
20 66
68 271
242 255
227 256
89 106
20 77
13 227
172 268
11 278
133 172
44 279
10 120
23 287
93 191
47 282
149 214
136 185
58 80
40 258
125 266
137 273
29 193
197 203
47 75
77 269
75 163
125 221
159 274
106 259
52 140
85 89
27 234
183 271
196 240
206 228
77 130
73 132
252 261
70 142
32 155
8 152
73 92
127 199
117 214
179 288
84 193
207 250
34 201
240 266
153 260
211 214
74 132
60 171
60 73
200 212
0 182
187 277
1 239
34 87
165 252
4 164
73 228
115 215
149 175
16 106
104 270
24 74
171 181
99 192
31 270
20 62
162 245
8 193
29 171
93 149
9 115
99 228
85 231
30 101
14 27
48 177
112 172
37 50
107 211
217 281
21 181
212 225
52 127
56 115
43 62
119 142
47 253
220 247
189 219
25 257
32 152
17 101
127 163
82 214
157 164
43 204
208 255
214 217
9 55
233 282
11 71
22 42
54 210
25 114
71 193
104 127
30 283
195 224
6 237
54 224
164 263
10 130
197 276
13 244
87 102
58 275
33 267
117 137
116 186
62 240
206 261
49 172
129 143
89 238
206 218
53 270
27 124
200 217
45 96
192 202
41 102
28 220
187 208
65 231
3 97
3 149
4 100
78 280
79 152
5 218
50 57
219 237
120 204
65 173
36 239
141 146
162 223
65 85
98 158
43 65
132 202
95 206
4 172
63 130
44 61
37 265
13 16
65 180
24 70
7 264
3 129
127 278
55 91
64 73
62 286
54 178
13 109
197 232
98 287
95 223
103 140
70 115
66 77
13 228
3 113
108 256
76 87
202 221
202 274
51 208
217 233
18 37
185 260
179 225
30 258
25 270
17 271
72 256
55 79
154 226
127 265
0 172
159 203
65 127
62 272
198 259
73 183
40 285
29 107
34 254
11 259
36 236
194 266
186 227
203 283
51 195
91 266
233 284
210 248
61 87
114 272
65 241
19 263
92 197
122 260
1 205
100 156
84 219
188 264
34 168
152 186
8 161
32 191
52 88
102 178
114 212
210 279
193 262
61 270
50 66
158 253
16 120
31 37
69 164
83 147
46 270
58 191
170 209
204 257
89 101
48 166
7 87
40 139
19 258
38 123
71 227
137 177
117 230
108 123
165 231
128 189
77 186
14 35
143 203
137 155
46 236
164 268
158 255
129 212
25 134
48 136
140 173
137 211
211 250
161 184
164 256
100 189
7 175
50 68
26 188
31 220
101 209
2 113
28 272
29 98
6 171
175 272
111 160
147 192
78 144
8 112
155 176
164 237
118 188
98 236
22 206
4 145
40 243
201 267
59 86
26 200
24 210
171 279
0 90
57 236
74 172
23 192
170 243
206 260
223 237
159 273
141 164
77 160
27 186
127 133
59 252
43 155
20 174
64 215
240 272
175 219
159 186
194 205
85 180
269 270
67 276
261 288
194 217
9 175
128 152
168 183
27 239
209 210
42 175
10 70
24 117
19 33
118 261
99 200
113 271
109 184
161 223
71 114
60 164
48 176
38 141
109 283
243 245
47 247
170 222
78 187
178 277
228 259
46 105
94 171
193 268
12 280
152 282
180 232
162 196
233 245
48 195
31 269
257 288
127 140
2 37
17 38
120 261
218 228
13 125
11 188
63 85
113 219
68 265
154 282
36 125
158 184
65 163
66 145
168 243
73 268
177 273
242 247
80 155
131 252
7 58
2 109
3 269
73 206
119 187
41 92
199 271
100 108
55 106
125 268
268 279
53 214
120 219
45 140
201 282
185 186
34 117
179 182
71 230
99 233
50 156
32 253
53 116
61 285
28 36
22 55
193 255
5 275
213 280
68 125
133 217
70 255
171 193
158 183
135 247
247 256
36 276
211 265
80 235
94 115
18 193
30 33
138 270
98 213
44 126
77 210
25 125
110 138
40 214
15 39
8 12
19 284
162 246
194 215
61 167
17 135
121 164
197 208
20 278
24 208
238 260
5 66
84 137
74 278
25 230
23 207
188 200
240 260
46 132
129 144
97 207
181 283
69 244
138 285
40 267
131 188
188 267
265 281
70 181
21 35
193 249
81 153
149 272
81 229
61 244
82 166
98 273
266 277
21 269
17 163
186 218
200 205
24 30
19 230
168 186
41 108
132 211
22 168
4 231
22 25
201 222
78 108
18 124
41 235
155 283
60 281
253 260
179 240
178 220
168 196
28 59
204 283
82 86
172 186
16 88
45 90
36 82
12 95
38 39
65 248
44 175
124 163
161 269
22 117
146 285
265 278
4 78
17 254
18 227
177 272
29 268
213 225
146 159
32 278
43 197
198 246
7 106
7 11
123 216
83 176
90 253
48 141
41 211
132 281
177 221
164 272
166 219
106 111
129 286
104 150
157 217
44 97
60 63
105 281
178 213
85 179
76 116
52 142
107 150
11 248
6 244
96 284
99 115
24 124
127 188
82 149
7 230
116 166
37 238
119 267
180 193
21 266
44 66
11 26
111 194
93 195
38 161
38 121
6 196
147 223
131 275
248 274
84 135
119 123
101 168
90 282
45 132
61 128
76 168
75 86
141 158
56 81
149 265
147 169
25 223
57 83
68 248
240 243
21 262
53 281
71 269
2 64
0 26
41 57
74 177
204 282
148 209
51 103
67 211
114 179
20 243
265 287
171 250
25 111
21 264
3 63
96 233
107 127
115 135
38 183
82 228
175 231
134 135
7 72
21 224
30 270
13 176
49 121
144 202
75 202
43 129
98 185
9 160
237 283
135 185
58 252
10 109
33 89
14 250
5 186
131 263
5 210
85 92
262 282
9 177
79 254
6 218
151 232
177 227
28 55
107 247
122 133
93 159
143 279
15 154
37 69
56 221
95 127
58 271
7 148
29 49
87 127
47 174
34 171
71 164
17 47
131 168
38 153
241 248
30 104
126 226
219 233
122 160
155 274
162 234
65 234
217 264
33 262
9 83
139 157
119 181
193 235
16 244
204 223
35 67
0 1
126 171
101 266
17 242
111 170
74 103
120 263
25 87
59 155
13 259
126 134
99 211
148 243
210 260
104 280
169 242
4 77
45 172
29 101
42 170
7 210
143 269
207 266
80 131
68 141
61 188
102 157
198 225
48 175
33 185
68 79
157 206
46 72
80 113
96 110
126 266
158 182
46 239
65 227
47 118
53 288
23 204
115 196
110 145
162 233
139 250
1 167
46 230
146 257
72 245
176 253
151 260
10 270
50 102
43 275
80 200
82 273
4 119
11 173
106 179
22 125
121 141
139 259
68 69
137 162
20 51
136 177
26 145
164 187
98 161
28 170
28 120
210 272
181 266
70 256
11 118
70 265
195 271
87 154
30 263
72 273
170 266
78 146
39 74
60 262
78 244
34 56
82 138
145 260
5 136
229 281
17 173
119 261
164 181
29 240
53 154
37 183
10 184
159 212
172 175
6 34
161 162
117 202
129 160
157 233
26 69
133 251
148 222
151 208
22 113
142 211
38 246
109 185
26 143
10 209
16 26
250 281
4 60
63 251
214 262
9 164
49 152
144 249
24 193
157 256
38 257
47 99
8 132
45 224
123 224
132 270
134 271
240 264
100 187
90 243
223 259
16 61
176 198
79 177
198 241
46 214
82 246
160 257
14 18
65 251
80 180
47 223
255 257
48 153
180 230
94 286
116 266
140 168
182 209
37 201
146 240
136 204
132 152
133 158
126 148
118 131
84 254
186 263
83 178
14 95
58 172
15 227
56 188
8 29
117 156
11 180
264 277
92 211
93 186
47 244
63 117
67 274
88 127
75 224
76 213
29 204
256 259
63 167
59 285
204 275
132 186
155 216
161 206
3 266
1 26
172 218
203 267
250 254
212 269
83 204
63 218
207 263
55 200
13 20
185 202
161 246
276 282
128 268
103 213
201 277
84 85
31 52
58 212
47 144
26 99
6 165
83 100
157 227
100 104
35 167
60 98
99 287
104 241
213 274
220 271
21 221
13 186
166 203
82 277
13 35
92 141
81 84
10 243
8 205
31 265
107 251
265 288
41 132
60 185
122 150
119 231
24 151
98 288
27 136
73 151
218 275
141 219
208 230
40 162
218 222
223 264
180 273
56 143
169 272
42 123
236 244
87 186
25 52
154 278
40 98
17 240
160 284
62 85
93 267
35 75
38 189
154 212
125 128
31 207
119 140
48 132
68 237
226 246
165 250
146 197
233 254
100 231
181 271
68 156
86 123
32 255
171 211
13 287
102 144
5 157
46 94
58 124
209 287
51 184
46 56
4 95
75 244
126 222
72 286
276 277
11 80
91 178
152 160
253 258
54 155
55 83
98 279
45 260
156 228
142 234
89 94
18 175
242 268
177 183
268 282
113 214
58 151
84 210
88 104
63 110
69 78
26 89
73 145
56 80
190 255
19 163
46 232
52 166
78 255
27 198
40 109
121 125
51 264
39 288
104 214
226 232
21 127
97 122
70 203
170 226
91 288
45 202
166 181
22 31
57 111
23 169
109 110
44 148
65 211
70 250
192 232
188 263
128 269
36 62
124 172
86 96
70 236
106 233
56 217
45 168
3 282
112 118
91 144
66 124
77 182
106 155
76 181
84 211
194 196
140 159
178 282
21 253
70 266
135 166
89 156
40 207
171 173
21 196
161 171
196 260
14 241
93 256
139 234
132 160
69 276
137 286
137 159
128 192
40 231
151 218
15 182
43 243
40 259
70 153
160 225
16 268
25 59
117 255
15 132
12 104
7 223
98 254
134 148
45 210
0 50
51 86
162 170
189 273
227 261
94 209
184 279
58 282
66 122
1 184
12 285
14 52
87 281
156 263
30 281
16 160
177 244
16 240
50 61
164 176
177 203
8 260
94 199
45 181
192 223
39 174
231 250
73 105
193 272
38 262
49 55
206 259
79 106
128 184
118 216
124 232
38 172
4 222
17 266
20 124
170 273
0 103
103 224
67 273
252 281
67 221
39 51
94 179
123 148
104 220
53 222
124 274
205 256
3 155
88 119
7 211
81 188
230 288
25 76
170 216
51 239
3 165
133 169
176 275
65 142
105 194
3 201
66 156
3 161
107 126
142 286
128 170
167 275
244 270
61 208
166 180
85 114
49 229
33 134
161 248
228 232
39 205
222 277
21 34
78 176
48 118
91 148
123 263
121 207
50 260
31 126
101 278
104 223
115 218
94 147
18 25
207 267
174 182
38 165
102 143
161 260
171 267
45 221
112 121
15 32
153 250
59 274
226 276
167 284
90 232
75 132
169 200
30 45
27 129
79 278
24 131
33 50
165 194
52 192
87 227
139 154
63 286
34 170
124 238
27 28
54 66
100 119
140 269
34 182
7 91
49 251
2 16
5 214
72 168
44 274
156 261
115 257
59 60
155 273
10 268
117 276
10 154
37 282
126 206
60 245
76 203
186 188
168 216
6 280
126 246
249 284
202 285
113 251
39 125
268 286
93 236
19 117
190 226
57 271
20 25
203 211
125 133
9 70
11 17
19 36
16 51
9 15
36 232
9 63
123 222
211 213
36 159
79 283
86 162
254 264
80 212
7 162
176 200
183 216
107 193
2 131
124 282
2 168
228 252
32 137
32 92
207 217
131 213
30 272
15 183
37 199
202 228
17 192
54 78
121 222
49 276
108 270
96 216
100 184
47 164
134 160
81 85
21 250
261 274
250 262
52 123
6 230
137 260
40 206
12 193
58 287
143 159
199 204
49 129
22 102
69 179
186 245
91 209
191 225
56 256
8 86
12 13
23 246
140 260
158 235
88 123
7 140
11 152
67 218
88 276
59 218
134 167
47 261
53 212
62 276
77 145
141 220
147 266
90 190
101 120
11 212
68 111
87 137
30 46
21 147
114 132
138 236
75 122
134 255
211 235
147 218
91 101
146 174
68 108
52 155
237 251
98 149
35 152
211 245
102 205
46 163
37 256
85 222
211 243
39 167
168 221
86 253
117 155
88 230
111 255
1 147
160 169
135 248
111 193
52 249
168 188
141 269
18 134
138 275
16 83
11 260
29 235
98 186
53 55
18 172
118 266
154 175
237 287
152 201
110 248
205 223
174 203
21 258
269 284
37 285
200 278
90 115
177 206
14 178
142 166
186 256
2 264
54 195
34 50
20 107
94 101
233 275
67 186
2 201
153 214
198 210
83 104
85 245
20 206
1 86
13 141
42 265
47 219
48 255
266 267
9 26
19 246
77 240
192 199
92 148
188 256
201 231
144 225
126 239
109 186
257 266
195 205
40 284
15 79
38 48
23 205
23 42
247 277
201 228
5 264
22 140
75 251
71 279
98 229
76 106
71 212
130 208
70 119
10 46
39 267
77 123
187 191
224 264
63 232
78 125
143 167
127 238
108 280
58 138
92 94
200 201
109 255
36 96
216 222
50 63
151 259
80 241
161 219
29 248
200 224
118 167
5 279
57 208
122 230
260 282
8 30
64 174
190 266
26 209
181 236
31 72
206 242
39 97
113 245
56 288
119 204
233 240
11 204
219 255
90 272
179 201
72 169
147 206
169 273
10 168
33 221
41 122
3 119
152 206
32 225
69 237
20 69
193 281
21 284
54 70
78 191
23 182
12 66
4 71
51 138
32 67
94 233
9 215
100 182
76 277
35 181
143 245
75 154
54 234
140 249
89 287
77 222
44 240
92 256
140 271
43 115
13 253
258 282
71 243
167 278
2 47
39 213
121 201
16 176
47 176
149 228
64 80
125 216
144 216
44 106
203 228
93 198
18 160
112 208
93 287
181 270
192 280
214 261
156 276
107 201
208 241
138 199
189 284
69 273
242 278
143 166
92 157
89 186
190 249
179 272
93 212
30 268
112 162
58 125
69 100
196 279
67 96
143 199
42 269
202 272
168 220
188 238
48 143
248 261
86 203
9 170
16 81
2 166
2 188
23 156
97 98
19 262
41 168
51 263
2 241
17 207
146 273
23 144
3 59
109 178
188 261
15 229
52 128
94 183
165 211
197 243
198 206
140 287
30 127
58 157
35 234
46 252
155 199
108 218
73 144
0 166
173 238
188 229
175 215
9 180
97 152
240 241
79 105
78 245
177 202
168 249
67 69
18 142
13 131
48 261
241 246
190 257
42 163
58 154
70 199
106 288
3 228
52 169
1 70
200 280
5 135
105 226
20 215
25 182
136 179
37 216
213 262
264 282
195 200
189 205
35 163
0 234
62 200
236 250
150 253
12 264
138 273
99 101
18 183
153 168
204 205
21 90
75 102
84 224
4 20
171 233
82 184
150 215
56 182
154 258
275 281
62 262
56 170
200 241
169 218
18 109
124 245
12 34
80 242
61 83
54 97
115 230
60 145
38 120
50 264
100 269
12 191
156 193
115 163
274 287
168 279
44 62
17 181
113 239
11 185
89 185
189 238
62 99
12 277
94 241
179 263
103 246
171 261
18 221
64 214
11 216
3 157
138 152
199 283
88 169
31 211
181 268
39 278
83 212
47 148
70 86
115 202
72 95
3 116
172 199
121 278
25 112
26 180
15 60
87 217
183 201
56 139
178 214
204 238
25 92
73 158
106 271
80 199
54 57
116 162
86 109
12 170
18 105
183 206
21 28
59 181
45 48
74 262
80 182
5 28
111 202
14 53
76 128
74 203
155 264
38 287
61 159
19 137
9 258
13 129
59 101
88 211
10 135
37 57
134 150
75 222
67 234
40 205
50 87
198 237
48 287
56 184
157 266
157 245
231 284
77 161
30 70
9 226
267 287
8 63
209 275
9 171
98 147
45 106
145 177
109 173
195 288
71 122
84 115
260 267
13 51
123 186
40 133
51 156
47 179
165 205
24 236
137 267
41 51
201 264
136 232
43 273
61 179
108 210
28 224
252 283
117 223
103 126
183 280
44 52
172 278
47 55
11 126
68 172
33 99
193 209
52 274
214 264
47 201
18 122
27 190
75 221
87 262
102 122
13 25
53 272
172 189
94 192
65 263
47 263
140 279
125 251
131 226
27 99
171 265
126 136
180 188
134 264
226 273
19 129
39 259
46 180
73 216
54 191
80 203
157 187
5 253
17 283
61 71
74 221
22 44
221 234
94 154
145 236
4 35
37 64
108 185
27 229
238 241
90 103
152 177
13 117
64 213
40 288
137 203
16 101
18 230
86 236
125 165
88 149
186 222
138 216
87 103
50 154
72 139
204 240
63 134
8 88
56 269
31 249
43 79
83 95
172 270
4 183
175 178
82 271
64 226
115 211
8 145
95 147
115 176
52 225
1 96
44 96
103 117
19 206
92 259
30 280
219 226
134 221
28 196
149 164
35 278
28 102
48 134
40 249
147 277
99 206
134 200
82 199
21 166
30 95
79 264
188 277
59 127
17 111
133 284
204 285
27 181
11 86
6 220
15 181
11 284
35 270
79 250
88 156
30 222
21 230
7 192
82 209
54 184
92 228
185 278
73 254
120 158
70 186
219 251
23 254
63 248
222 248
141 237
86 151
30 256
35 259
45 170
69 90
86 249
108 236
207 253
77 259
134 279
49 57
122 283
82 115
1 174
55 89
93 111
94 126
58 211
29 93
193 260
146 201
5 82
68 187
105 174
24 122
16 235
85 203
107 133
41 143
153 226
70 108
100 218
14 150
73 211
120 168
55 129
106 203
80 171
23 152
165 241
199 202
240 246
113 145
125 215
54 273
78 284
105 152
75 234
39 280
227 260
190 208
62 177
55 67
64 158
173 278
233 271
120 260
7 141
17 40
144 186
89 278
188 269
103 209
52 171
62 254
248 268
198 233
178 269
231 253
32 281
68 226
21 282
41 205
5 143
229 271
66 279
8 280
101 282
33 243
194 227
159 245
89 150
99 162
42 107
49 50
139 189
25 36
26 97
155 202
15 275
234 249
48 259
17 85
146 186
210 232
212 283
266 285
121 206
101 105
201 275
4 114
59 175
41 274
124 189
42 238
52 256
166 224
249 262
17 28
85 242
46 166
239 276
26 32
84 255
139 215
54 181
145 284
172 214
27 267
97 167
129 225
5 119
9 102
149 181
161 166
109 241
257 280
40 99
87 226
234 253
156 212
36 147
103 235
61 86
237 256
60 110
132 273
139 257
186 254
211 251
124 284
245 278
218 267
225 252
15 220
127 178
32 52
216 263
175 202
78 218
83 272
100 245
113 194
53 90
47 195
59 154
3 141
171 227
8 14
98 118
217 225
123 170
183 252
197 262
171 206
90 175
16 30
13 245
74 127
72 228
11 246
101 201
60 102
190 229
96 258
223 247
129 147
33 166
130 241
97 129
190 214
51 67
149 226
198 285
109 179
49 56
8 203
6 224
167 230
58 179
124 195
15 215
164 255
37 156
35 64
155 214
23 135
148 170
54 67
58 101
29 62
166 230
55 260
132 250
8 47
26 60
60 165
41 262
67 247
54 151
203 240
132 218
180 182
9 25
207 234
161 257
100 267
95 197
92 186
135 196
16 223
79 215
253 288
78 131
53 81
82 253
51 62
176 220
44 116
34 69
89 276
85 281
32 261
167 189
103 167
216 223
167 186
13 238
143 230
44 259
81 93
241 281
189 203
95 176
54 117
25 100
3 173
67 200
63 250
7 200
31 216
149 218
103 245
22 64
160 233
192 242
22 211
128 176
99 284
153 273
19 257
182 208
177 234
204 228
209 223
65 236
87 178
119 177
108 212
111 226
192 215
78 99
66 219
69 165
226 285
42 44
82 224
44 60
228 271
27 92
143 150
39 211
119 256
100 131
38 168
8 194
42 103
182 266
149 232
51 278
91 255
96 162
202 209
46 207
81 112
94 251
10 236
87 276
114 271
86 188
211 239
74 77
3 79
151 279
105 235
125 237
3 106
129 151
48 229
258 286
54 148
200 268
43 208
17 153
26 120
51 222
68 128
3 144
108 193
74 79
127 210
143 174
174 238
15 70
1 79
234 282
239 259
138 245
77 134
69 143
49 108
111 138
101 141
68 238
82 262
164 280
33 85
22 39
64 274
124 134
131 269
23 198
61 162
67 93
63 235
59 215
168 253
160 278
125 273
119 122
6 14
57 114
32 57
228 233
7 272
100 209
68 144
102 278
71 104
166 243
71 106
10 234
97 139
48 163
0 127
183 217
186 208
67 193
77 193
150 165
129 247
113 204
100 125
126 197
246 249
60 84
24 121
27 120
180 216
106 252
12 223
166 271
100 236
144 250
74 248
46 179
70 259
66 86
187 200
232 257
115 131
16 213
75 166
104 221
6 178
10 246
96 122
135 181
248 288
98 217
107 274
2 12
153 285
235 278
44 171
113 130
115 283
200 240
244 260
114 208
54 132
192 210
199 286
12 234
114 246
46 73
11 231
121 213
112 241
60 99
243 279
88 122
93 277
162 171
46 158
99 220
20 152
27 188
146 262
43 215
54 65
62 283
227 287
2 18
100 121
103 283
92 265
25 231
44 278
144 259
106 186
120 136
228 274
80 111
242 263
30 253
31 53
244 248
134 241
24 120
39 59
32 206
170 196
22 216
157 220
58 164
175 217
205 279
128 233
77 226
232 281
4 85
73 83
6 120
172 232
18 35
151 225
98 222
31 195
237 279
82 242
39 179
144 189
126 139
202 242
74 150
23 74
181 192
188 266
72 195
40 128
191 275
84 101
154 196
91 259
10 41
31 51
37 46
75 156
31 230
74 275
19 56
112 226
199 243
9 112
32 160
52 158
83 102
61 279
136 183
102 128
166 253
60 222
27 54
94 223
82 113
38 53
160 196
27 157
197 240
79 256
272 278
142 152
12 262
59 100
274 282
148 204
70 285
102 283
165 245
221 239
85 238
131 158
114 241
39 106
137 235
37 226
39 171
22 29
150 180
84 267
70 222
174 220
64 244
81 186
151 177
32 34
118 196
85 94
79 113
3 17
166 211
129 280
166 228
0 256
32 264
46 154
183 190
146 208
35 146
58 239
108 121
48 191
14 162
23 110
97 166
58 68
26 111
146 182
9 281
51 115
13 67
4 5
33 146
198 270
80 258
29 272
13 15
111 129
31 282
68 231
210 287
211 281
130 137
55 243
130 257
167 252
53 140
199 263
13 135
203 237
134 273
190 267
47 228
154 254
187 233
37 244
203 236
60 115
45 128
190 284
22 65
24 82
4 125
124 212
150 199
8 136
94 95
224 266
20 135
42 122
11 105
228 248
71 213
153 188
54 170
126 137
103 163
77 209
81 172
143 262
151 221
224 247
112 122
109 217
96 271
123 192
90 218
236 252
96 117
27 286
93 135
229 253
207 256
73 263
235 255
57 199
65 99
197 224
139 167
24 147
73 203
131 132
57 248
116 288
24 155
100 201
44 85
99 252
123 161
81 108
50 227
167 271
20 180
116 220
183 267
46 271
78 220
58 99
119 194
63 93
111 240
3 281
80 223
224 244
65 129
40 202
16 119
78 130
137 138
56 75
158 282
182 280
215 243
120 239
4 12
143 194
215 235
84 196
182 240
67 148
24 106
40 42
129 226
49 82
165 166
223 275
75 201
109 171
234 246
113 167
35 175
96 274
285 288
46 84
122 170
94 236
58 160
57 117
87 246
46 279
86 266
67 167
98 116
45 211
108 119
197 226
24 218
31 286
55 88
88 263
64 261
138 168
31 273
224 254
20 238
138 244
177 197
181 241
7 172
43 163
23 231
75 262
18 270
28 149
53 130
108 156
175 194
98 157
179 274
61 76
27 104
74 155
38 124
64 103
225 287
73 81
90 132
62 69
144 205
18 258
34 280
57 181
110 202
56 228
8 267
174 188
120 216
204 287
82 127
6 262
21 74
185 222
133 279
176 231
181 206
184 190
258 275
108 208
33 214
195 222
180 239
22 137
50 101
98 271
28 107
85 103
3 111
60 74
7 249
17 94
100 278
208 232
71 124
69 92
250 267
51 243
182 287
124 218
54 186
20 259
24 68
5 86
41 153
173 241
135 227
5 268
58 280
22 239
18 271
208 220
189 232
93 106
91 233
42 277
94 185
18 209
135 264
175 250
166 259
33 61
142 147
121 162
45 256
74 216
63 171
18 45
36 121
175 283
17 43
45 104
125 238
125 142
201 230
65 136
131 242
189 215
8 172
228 231
78 222
172 237
52 54
2 79
147 243
206 239
77 84
72 109
212 250
23 101
150 227
45 222
46 231
115 130
20 24
62 75
41 142
65 66
33 135
125 200
10 83
85 247
115 119
87 282
0 81
147 187
10 122
42 58
191 240
148 164
27 231
166 255
2 80
25 280
15 202
29 137
155 287
121 239
75 274
180 268
125 211
59 281
127 229
200 260
63 65
27 153
31 118
143 239
174 237
183 229
167 251
139 248
177 190
158 173
25 277
4 264
150 248
61 153
244 278
30 188
39 192
65 154
151 202
255 280
131 273
243 268
122 140
100 112
45 183
155 277
138 144
145 187
169 173
9 168
19 178
63 183
30 109
183 268
120 236
90 120
16 242
67 129
33 88
10 276
177 207
10 22
53 170
117 228
169 208
167 246
64 105
9 148
87 230
2 66
56 99
175 186
47 207
136 226
75 205
66 82
76 257
64 284
15 84
1 238
205 280
153 207
12 233
99 130
46 149
29 199
139 238
203 275
154 198
70 72
56 147
168 277
194 219
38 184
236 251
94 160
210 212
13 88
30 286
134 242
68 145
84 90
44 250
19 234
160 262
224 256
7 144
160 195
66 75
105 190
177 178
76 132
20 198
177 279
26 121
17 125
144 214
56 242
111 257
14 66
193 227
43 209
25 106
7 220
79 108
26 137
81 161
31 281
71 178
58 139
169 228
46 267
109 266
133 220
9 66
22 260
56 112
71 83
111 165
141 153
24 162
124 186
74 140
227 229
220 284
104 148
157 284
43 203
102 254
64 69
38 140
171 174
160 280
90 267
135 217
162 279
208 233
67 283
240 279
90 160
2 167
47 239
234 256
105 274
237 238
99 259
23 177
0 137
173 251
58 251
28 152
281 287
9 268
78 286
56 127
97 194
236 278
3 25
10 165
1 67
63 131
153 225
92 96
27 271
230 284
190 192
76 237
80 263
23 47
60 91
1 218
51 191
231 265
40 282
65 133
67 163
191 216
51 53
201 271
107 156
141 176
131 216
72 202
116 153
35 131
211 224
50 100
88 126
244 288
58 198
36 93
57 127
207 272
31 237
276 286
120 137
93 136
147 208
109 219
89 215
174 261
38 127
145 215
9 72
84 188
92 167
162 220
50 143
201 216
83 171
67 262
246 284
270 282
90 201
14 139
77 227
252 263
119 175
256 261
138 241
37 267
29 122
20 242
175 263
119 242
143 195
115 192
19 172
95 228
66 245
64 167
201 244
32 77
276 288
105 138
240 248
95 123
69 238
227 257
134 227
125 228
137 226
46 171
60 270
16 126
24 159
22 186
161 175
3 236
66 220
39 149
143 254
7 237
224 233
160 209
89 152
141 188
20 170
100 259
107 120
116 119
39 248
22 248
190 210
116 241
154 249
39 178
10 128
55 170
165 262
35 130
73 98
97 203
171 270
40 65
241 270
55 251
18 125
117 212
188 199
148 263
113 280
27 149
191 277
144 279
65 214
183 193
46 102
165 236
119 162
52 180
28 282
44 115
32 46
121 204
69 127
17 244
15 130
123 204
2 100
104 114
47 235
12 68
98 181
182 218
6 78
53 105
133 267
153 160
6 95
52 264
87 256
79 225
99 176
221 240
2 121
81 244
110 179
122 166
185 196
73 237
93 129
183 222
213 265
205 219
27 263
167 184
52 91
66 105
89 99
88 134
21 48
25 63
117 221
49 256
197 287
90 284
198 216
179 284
211 267
21 138
81 218
47 61
223 236
171 253
23 191
170 251
33 196
171 188
37 95
28 54
255 275
93 179
128 150
6 12
237 264
0 180
14 216
127 206
113 276
28 283
1 281
132 154
2 200
40 192
40 69
261 280
107 187
83 207
28 57
12 17
102 277
59 186
64 225
41 107
64 187
1 173
112 220
145 159
46 170
72 272
53 137
93 199
27 96
74 265
43 266
39 94
114 127
53 142
45 58
134 206
245 265
74 99
55 117
18 281
150 153
172 209
27 232
59 194
250 256
23 145
134 172
88 271
23 96
51 99
28 270
57 71
167 259
64 160
78 265
7 86
42 166
76 271
1 103
13 166
50 70
33 84
123 146
48 84
66 142
50 53
32 257
69 213
21 148
122 143
160 259
83 250
27 164
105 159
76 90
62 270
23 56
102 264
248 275
183 258
80 125
251 253
6 282
161 255
57 202
3 34
103 271
53 125
12 50
43 118
243 251
29 281
37 231
61 199
171 194
233 238
0 208
150 272
29 31
37 120
84 166
127 179
6 64
22 284
30 54
4 18
4 37
84 202
167 274
248 276
253 269
228 254
47 128
251 284
19 177
106 182
119 134
42 145
242 273
70 127
42 203
227 231
206 214
64 240
199 272
80 218
43 210
109 285
6 105
91 108
91 235
34 37
94 109
21 238
47 78
31 183
228 251
260 261
53 225
54 264
67 109
45 136
82 84
215 276
85 266
28 256
82 217
31 206
9 211
46 122
179 270
129 257
85 232
139 245
231 254
62 149
116 137
91 119
84 228
60 72
18 79
164 275
75 189
36 89
114 171
139 142
93 217
115 285
32 214
20 133
46 68
33 190
19 189
111 221
110 212
121 211
49 104
117 283
63 128
37 173
217 282
106 283
240 276
45 236
51 128
67 128
36 107
24 39
48 276
48 193
213 256
5 145
78 86
135 224
27 210
103 264
114 231
20 229
181 187
29 226
47 152
19 219
157 192
103 216
6 114
123 268
55 130
40 58
147 172
76 278
262 276
278 283
81 250
31 67
87 89
8 82
237 288
8 265
180 281
44 163
24 209
53 77
3 202
111 239
35 71
105 208
237 284
170 179
207 233
140 270
68 112
158 239
4 143
205 244
63 208
52 234
95 154
25 227
158 249
81 184
14 187
3 118
203 259
246 269
199 278
54 240
130 270
147 230
195 259
93 259
152 218
90 180
200 261
123 277
69 166
148 235
40 100
76 124
18 257
55 206
172 236
30 239
61 201
124 181
24 55
159 269
141 250
42 142
50 174
29 257
128 258
95 284
6 269
102 197
117 247
53 262
246 257
30 78
102 202
5 81
25 66
68 123
248 260
135 235
82 174
46 256
5 91
23 69
81 241
92 179
90 283
26 253
155 198
9 85
154 215
42 206
75 145
91 105
193 267
8 137
80 94
145 285
192 195
4 203
96 246
70 136
44 204
52 229
122 288
83 241
97 171
257 264
132 145
29 76
90 104
81 222
47 259
220 262
11 219
144 275
17 45
134 224
31 209
63 257
9 161
86 186
47 182
50 181
105 134
46 57
40 124
57 209
278 287
87 121
51 153
29 54
97 115
154 236
82 182
111 279
74 220
45 225
221 245
61 148
105 227
54 169
61 214
168 232
94 172
189 228
82 83
75 94
121 194
154 166
64 236
58 178
58 144
129 194
96 121
27 176
154 156
71 252
72 129
150 266
146 185
24 237
83 221
137 285
38 47
108 288
123 232
42 146
47 82
23 24
101 180
121 147
36 262
33 285
34 242
105 248
16 49
187 224
139 148
60 256
178 233
2 213
53 151
37 148
81 177
52 222
228 288
31 163
76 221
9 205
170 233
138 197
191 280
14 186
60 273
125 214
35 122
67 85
59 117
207 261
195 280
11 235
138 209
114 277
70 79
145 175
89 116
128 190
191 214
146 205
97 144
95 112
133 204
74 251
139 267
99 283
15 255
171 203
36 283
176 252
36 179
21 80
48 240
7 173
92 276
152 194
85 167
0 258
83 255
53 150
201 245
77 214
33 168
36 115
25 93
51 230
62 141
12 37
144 211
90 99
7 42
34 121
229 270
99 127
6 186
17 120
121 205
119 138
105 198
179 254
271 272
190 240
205 267
83 224
100 256
201 273
112 231
150 269
72 182
74 95
22 164
3 169
114 235
2 171
17 233
81 235
63 100
53 218
181 265
98 276
176 190
81 216
214 246
2 215
110 177
141 281
12 215
220 258
69 173
29 138
223 269
79 93
19 81
7 30
24 79
4 151
252 277
148 286
12 125
78 234
60 193
97 196
10 40
102 267
23 136
98 202
38 169
68 186
161 250
119 172
160 185
99 187
41 54
0 202
105 130
129 217
37 84
63 206
116 235
158 278
38 227
195 265
161 192
140 212
33 118
99 201
15 167
183 204
9 178
188 206
52 86
182 228
110 231
68 288
144 158
86 283
185 259
30 105
196 267
163 186
73 128
257 287
1 182
124 161
47 272
211 263
120 255
255 288
43 205
182 275
138 191
178 266
114 211
117 132
110 233
122 156
112 175
28 249
41 229
94 277
65 197
97 133
6 137
115 249
10 200
183 275
149 194
0 274
83 123
76 188
173 274
54 95
10 220
11 132
43 184
133 144
23 255
23 185
32 172
11 207
89 266
77 166
37 228
42 57
129 269
106 231
143 240
189 251
25 248
33 96
168 203
203 224
63 153
200 249
74 217
39 147
247 268
35 60
124 198
79 242
71 195
5 71
54 228
2 122
45 77
2 214
40 278
0 80
42 177
145 213
229 242
173 213
220 268
166 274
96 226
42 130
12 61
45 187
13 105
60 111
152 215
25 274
207 209
36 55
105 109
158 205
1 201
68 222
66 136
170 279
43 214
35 170
50 233
232 259
2 235
73 218
31 101
57 177
150 247
5 77
49 183
14 48
99 241
205 237
88 110
159 169
17 97
103 184
177 210
240 242
33 184
106 167
69 155
146 259
189 210
177 200
172 205
161 229
68 240
10 269
20 128
104 160
103 273
10 167
156 158
181 242
150 196
203 247
182 203
197 257
25 48
103 268
117 196
104 251
11 130
165 230
86 90
258 266
253 283
108 249
84 175
21 199
111 178
59 239
52 56
55 147
107 168
187 272
4 65
6 75
57 72
36 71
13 246
175 260
57 182
165 196
137 207
171 228
175 180
57 220
22 210
62 153
17 231
118 271
5 208
259 268
47 54
27 65
43 99
33 123
70 140
119 234
271 273
17 60
170 268
150 235
62 169
85 271
0 280
56 219
89 228
26 173
176 228
76 186
14 121
74 171
16 230
115 266
134 204
14 161
113 131
123 200
13 270
268 280
65 273
15 116
191 223
71 154
228 249
87 280
234 276
75 116
87 99
92 118
81 152
37 218
126 228
43 222
110 281
78 173
65 159
29 90
73 110
85 288
114 122
188 227
149 167
260 279
8 125
65 185
128 196
99 159
18 69
12 105
144 203
164 273
2 182
51 177
28 218
128 160
117 193
29 241
145 191
32 154
158 217
136 148
4 251
92 244
98 191
59 122
122 270
77 109
122 218
42 51
15 113
84 159
6 10
58 219
139 227
106 113
6 92
158 226
6 239
127 129
49 248
4 189
202 226
247 273
71 94
20 144
104 226
65 264
20 249
62 235
259 262
254 284
194 244
32 200
22 212
106 213
62 259
53 250
45 51
49 219
136 200
15 240
12 67
90 234
39 240
84 164
124 182
147 232
168 206
43 139
201 261
155 249
1 146
68 242
151 263
3 264
92 117
76 108
56 275
194 258
173 263
30 231
87 248
31 238
226 233
161 276
95 216
3 68
54 105
85 169
45 55
64 92
69 83
3 88
53 153
114 195
152 225
170 282
151 205
149 158
78 184
190 259
39 44
141 274
130 179
40 245
144 215
57 185
142 221
79 205
81 270
99 125
27 248
2 112
221 235
3 90
201 274
121 139
243 263
64 107
23 82
131 146
87 111
17 21
4 190
231 286
19 45
24 149
149 172
194 222
72 160
92 251
63 216
8 133
73 142
28 44
145 148
83 182
119 216
25 32
141 259
50 127
104 151
121 246
6 21
115 185
82 181
153 268
85 171
6 9
203 205
31 184
60 116
26 133
70 253
29 262
92 178
9 209
118 251
42 50
63 253
227 233
161 226
86 254
174 226
50 85
51 111
24 169
247 285
129 245
13 49
138 271
66 71
36 209
89 286
118 204
30 216
28 115
6 73
47 100
18 110
69 85
121 257
112 254
58 242
52 243
122 276
170 283
93 165
72 80
87 188
136 154
246 264
122 139
77 244
26 103
184 232
245 280
148 199
22 253
9 224
57 76
72 144
195 229
19 256
7 60
159 205
46 130
59 266
28 197
91 194
2 65
153 227
8 113
143 173
126 152
186 286
184 214
232 267
76 231
41 190
109 235
183 249
47 220
197 207
69 189
132 245
161 270
0 107
39 235
32 75
97 178
4 285
13 247
274 276
185 257
102 125
45 81
149 220
54 127
66 277
122 246
8 72
209 238
188 205
88 176
49 52
62 119
86 137
97 126
39 69
154 253
112 126
143 185
86 155
43 252
129 216
90 165
134 174
57 161
32 88
110 240
137 198
6 57
99 262
30 112
35 141
192 288
5 15
52 164
145 179
208 238
70 227
130 224
91 257
0 275
156 183
209 222
14 90
60 207
73 243
45 102
18 70
141 178
85 126
160 182
93 155
123 139
255 259
53 91
253 282
170 215
30 165
40 264
127 161
127 186
222 274
193 246
23 44
38 276
75 255
60 210
72 187
73 167
220 250
229 269
125 276
73 100
132 259
18 139
136 281
190 209
148 200
15 117
151 178
57 122
53 257
233 257
151 166
121 150
191 243
76 174
66 238
125 218
128 238
136 239
68 157
112 163
2 243
153 264
105 131
58 274
142 240
99 166
32 167
79 262
94 272
212 224
111 190
46 118
60 277
134 184
27 160
165 234
69 141
222 225
156 277
15 164
195 253
158 284
92 103
265 269
29 165
24 280
55 74
255 267
65 254
228 258
7 199
20 126
99 169
214 258
207 255
16 271
62 226
113 179
5 286
132 177
39 169
51 187
187 247
71 150
165 243
34 257
109 149
37 171
4 92
140 280
88 197
201 204
99 254
32 196
146 218
73 208
180 283
33 144
43 86
18 236
93 238
156 181
4 162
167 234
104 266
18 261
106 235
52 75
81 126
165 256
101 275
69 132
144 278
43 179
53 78
17 288
66 221
95 105
1 251
9 216
102 164
6 66
56 71
243 262
119 246
213 253
54 287
25 272
82 261
101 200
234 271
42 45
34 84
120 125
0 158
91 265
1 183
21 243
172 259
74 176
212 234
23 171
3 41
238 251
139 282
120 176
103 218
68 82
116 118
208 239
270 276
213 228
139 240
16 227
143 180
88 200
70 178
153 221
2 116
37 123
265 268
121 124
51 95
21 41
62 132
184 222
107 167
94 254
15 259
21 88
144 178
1 99
232 238
28 137
161 221
59 188
264 284
95 138
43 144
30 35
125 256
170 287
179 181
225 245
93 244
128 255
92 188
118 272
4 57
9 217
85 276
84 102
112 151
159 262
73 279
55 225
23 201
147 180
228 250
96 182
87 177
50 274
154 204
199 228
45 209
12 74
10 13
58 87
87 267
113 281
21 261
88 280
180 181
48 239
104 242
185 277
14 85
140 158
167 228
71 132
215 251
128 143
66 132
240 282
143 169
142 251
62 258
103 241
28 241
0 253
125 283
72 140
111 118
108 171
4 58
121 167
117 199
73 226
100 200
49 101
29 182
6 84
121 288
188 248
30 149
109 234
115 274
83 90
101 227
117 262
34 88
152 221
117 122
127 131
35 68
194 224
2 287
87 162
192 263
178 228
176 268
82 172
145 226
98 131
136 152
2 135
71 184
16 222
32 267
107 131
57 179
50 54
29 68
192 264
23 105
180 284
62 202
76 212
146 264
20 47
13 208
133 221
142 196
31 127
0 112
51 112
134 268
170 288
36 264
181 202
75 179
78 133
65 258
0 13
33 116
14 42
70 284
22 250
38 285
54 277
18 286
51 158
54 250
180 226
60 191
44 201
46 265
28 48
49 151
224 288
80 164
144 288
174 229
59 185
190 220
212 274
40 189
51 141
14 134
59 66
46 103
19 90
156 260
213 250
237 259
132 158
53 58
14 75
5 267
108 155
91 111
130 210
213 220
19 124
224 274
40 170
65 168
103 175
2 38
66 163
75 93
199 232
47 199
237 276
9 31
2 77
18 269
4 171
160 228
50 58
41 188
72 203
19 144
9 147
240 259
26 187
136 249
212 278
125 145
56 220
22 78
174 269
123 223
57 212
154 261
136 233
86 231
99 210
125 257
105 273
161 271
7 132
30 125
133 205
93 119
69 116
235 269
71 180
169 203
158 240
20 119
162 200
36 217
72 177
94 270
17 281
142 192
3 234
162 251
167 178
51 117
109 119
29 79
142 263
191 193
59 287
165 213
12 192
3 278
16 87
89 142
34 142
63 161
7 31
190 282
37 224
61 122
120 222
217 258
163 196
44 112
158 228
214 248
137 229
121 232
55 165
11 196
120 196
4 6
106 128
211 231
54 147
48 281
132 216
24 180
4 61
119 149
76 78
36 197
268 283
83 119
213 217
47 204
102 238
187 188
207 260
19 208
134 248
56 133
21 43
43 269
35 179
61 144
47 212
163 191
17 276
146 228
4 141
170 267
247 271
117 130
155 213
135 206
1 178
106 118
12 139
26 161
79 136
130 164
144 207
194 287
79 194
129 281
250 261
162 177
130 288
168 257
60 244
1 279
58 140
128 179
102 189
152 228
94 120
83 154
220 263
35 182
180 224
80 190
231 275
46 198
26 47
88 139
108 273
91 217
145 198
108 281
159 275
1 217
58 193
162 163
115 209
8 206
119 239
109 187
75 110
155 204
179 267
23 55
96 253
153 197
15 53
171 218
139 249
28 153
213 249
37 74
140 242
9 124
37 246
217 247
39 162
45 107
113 230
152 213
73 239
118 173
27 33
12 237
102 208
98 247
167 261
65 246
76 232
23 97
59 213
161 254
155 179
73 285
116 264
61 79
1 94
137 262
33 245
2 195
251 282
83 274
19 170
64 126
110 284
32 122
80 147
34 108
58 89
187 257
116 174
28 185
3 231
165 259
68 165
75 91
34 214
4 17
131 237
71 225
152 171
20 102
115 221
91 134
49 203
15 123
4 94
37 215
24 138
73 136
6 266
112 262
12 93
42 150
247 253
81 209
121 174
43 60
86 122
78 134
50 209
88 249
65 90
257 284
166 205
184 242
77 183
172 228
219 261
7 259
12 186
111 176
32 234
167 172
84 95
221 238
33 167
56 213
142 205
53 233
52 176
57 214
40 118
10 139
54 255
36 203
3 77
87 149
17 151
18 73
57 86
161 194
21 256
74 149
102 255
117 161
39 81
146 246
113 209
112 187
74 270
150 163
22 205
77 81
140 164
145 184
229 264
21 263
58 104
138 186
15 207
47 84
61 66
221 253
133 149
161 165
109 250
85 123
191 194
35 121
55 184
28 159
107 230
139 239
161 243
66 68
83 232
104 247
10 147
132 248
18 64
46 97
70 201
63 229
208 236
74 92
94 177
140 176
118 197
130 198
48 73
45 112
188 193
154 248
54 225
148 260
125 261
119 250
7 278
138 151
172 221
73 143
126 270
53 98
38 221
35 102
114 153
156 208
213 258
140 225
29 286
17 157
24 244
197 282
37 77
96 115
18 199
162 267
142 178
90 222
2 74
99 242
16 96
5 182
125 173
63 211
83 189
51 84
14 92
6 25
106 159
103 157
118 223
61 243
51 63
205 254
81 205
84 288
196 265
243 256
157 236
2 84
72 214
15 127
78 241
132 147
75 204
208 276
19 167
61 272
188 288
48 128
0 173
103 189
1 253
196 274
205 269
144 277
207 213
172 233
3 230
39 58
87 198
46 117
163 228
31 62
62 87
107 232
152 251
144 167
94 275
56 276
101 162
6 19
16 218
272 280
171 238
253 275
149 196
28 228
103 173
151 185
60 82
3 248
90 91
0 206
115 126
137 243
14 93
222 278
87 255
17 118
37 189
23 151
53 152
88 261
163 244
142 195
71 98
132 144
100 191
101 263
10 127
80 156
100 254
66 208
53 84
35 172
113 212
78 269
10 32
52 227
42 89
35 91
68 113
152 252
32 246
68 149
32 248
140 259
156 247
126 181
150 200
7 240
108 216
13 56
47 196
11 149
114 147
88 129
121 241
38 179
232 248
97 151
75 106
69 81
96 194
49 176
26 285
22 217
131 264
42 147
215 271
20 257
244 254
36 256
43 143
48 248
125 193
38 136
210 266
2 13
168 205
14 212
91 127
6 24
69 160
120 198
38 181
3 109
43 49
64 277
44 262
133 173
7 123
67 209
250 288
165 176
174 268
165 282
17 102
130 265
103 165
174 223
60 259
98 269
136 176
45 84
42 259
118 208
109 195
131 172
130 225
4 53
63 86
189 239
25 207
9 192
215 239
174 284
18 107
196 210
141 196
156 213
18 237
195 212
0 156
115 167
30 246
52 207
129 229
205 213
3 186
143 190
136 191
106 250
229 274
8 96
21 104
196 268
132 285
24 111
26 219
111 254
3 64
198 261
96 100
98 167
14 269
94 247
56 251
183 239
115 175
30 103
138 198
47 80
245 283
43 206
230 281
25 260
96 173
44 192
100 229
96 129
69 201
180 254
142 250
174 198
185 253
55 232
26 167
14 20
68 116
213 283
65 122
13 161
261 271
224 229
6 172
160 216
104 121
3 154
54 91
81 143
59 166
148 288
22 173
162 192
45 279
92 204
9 126
39 260
14 235
31 44
192 226
117 197
29 163
48 81
75 104
51 129
199 216
68 225
138 208
45 242
105 184
31 107
41 116
10 87
166 280
54 182
37 115
121 235
136 256
36 191
266 288
100 197
74 120
52 200
234 241
49 267
76 283
0 277
154 180
71 182
278 280
130 247
31 94
197 228
79 122
4 197
109 142
24 146
53 195
12 126
12 84
43 254
42 257
29 228
257 279
137 188
120 174
145 240
205 233
198 265
95 226
79 87
145 181
221 230
229 261
128 246
16 225
108 275
178 225
29 172
136 243
126 288
62 90
155 276
25 259
123 219
73 91
39 203
120 270
172 288
111 188
31 205
80 170
51 70
46 224
164 250
7 219
137 204
45 71
62 268
41 91
34 86
108 188
103 233
162 179
6 242
47 135
47 221
0 106
237 278
197 264
169 186
219 230
80 226
66 121
96 154
21 150
30 56
194 228
206 281
75 125
54 261
19 225
45 98
191 271
96 135
46 121
95 205
105 285
153 195
70 280
133 157
270 287
214 232
106 221
48 157
64 216
85 165
11 89
31 229
0 179
224 282
106 240
218 262
84 117
59 227
79 271
53 124
153 258
179 251
18 150
76 97
128 163
113 256
99 102
162 204
91 120
145 153
122 253
196 201
29 119
134 168
181 185
247 281
34 178
118 201
97 285
46 160
73 178
65 223
82 238
90 183
7 129
151 204
6 144
47 145
15 81
33 47
95 140
19 54
184 273
83 267
13 177
53 171
187 240
264 287
8 191
202 273
71 157
48 238
8 221
129 137
147 238
72 114
81 272
82 186
25 124
139 160
57 166
204 247
73 198
126 268
9 43
5 200
126 191
40 244
105 266
22 259
177 224
161 214
260 277
172 267
211 259
39 108
27 243
185 272
194 260
214 242
55 205
10 214
139 243
6 197
62 146
163 176
71 166
257 270
112 240
93 164
180 225
0 51
170 234
243 259
138 260
53 246
36 200
112 276
69 129
9 249
152 240
167 223
105 286
175 259
67 248
17 204
163 248
120 153
80 133
66 72
170 221
253 264
55 126
171 198
10 229
149 152
30 184
65 181
22 108
68 260
69 181
161 245
245 270
104 199
78 170
5 225
245 250
193 240
43 211
22 281
51 252
71 267
125 281
129 259
57 245
43 64
11 244
241 253
154 208
68 110
163 200
78 81
139 145
151 230
5 282
46 99
85 278
160 229
180 220
13 223
34 94
72 81
75 77
109 218
153 163
44 239
123 217
84 121
144 170
48 264
20 96
157 222
226 281
76 149
4 129
127 141
58 226
112 225
185 273
104 219
3 57
122 231
146 274
125 259
30 176
79 146
31 279
199 260
163 198
124 202
22 49
29 194
231 270
36 70
163 223
198 282
202 215
98 127
225 228
129 220
73 282
114 120
91 253
133 224
193 231
101 267
88 231
82 226
130 253
29 85
113 149
4 169
188 215
149 257
79 121
30 228
34 209
92 98
25 252
33 131
106 137
113 217
8 97
203 229
22 82
44 121
2 40
83 161
82 105
88 98
270 281
189 270
106 279
137 256
10 79
185 231
23 187
44 277
27 266
44 170
97 121
147 191
65 68
1 230
98 130
121 171
186 201
119 218
218 239
68 230
167 255
198 213
38 248
140 197
29 251
84 160
93 172
49 262
54 162
164 235
30 47
0 91
73 102
80 142
114 256
34 110
1 6
52 159
126 190
239 271
102 236
175 183
222 260
200 204
79 144
42 62
104 278
114 287
43 158
70 75
10 88
90 191
109 239
60 175
126 249
33 189
103 284
3 136
79 216
123 150
201 207
135 257
83 126
250 251
104 136
219 234
164 179
214 265
239 280
85 227
121 155
59 278
56 171
106 196
109 181
165 222
163 256
65 249
38 180
78 219
29 110
56 168
20 130
87 122
263 266
194 263
233 234
25 264
61 265
58 204
29 158
164 277
206 278
91 254
186 207
86 201
32 170
72 221
9 96
35 125
74 128
126 215
14 240
173 221
33 183
85 140
38 94
102 187
8 27
66 226
102 222
25 183
129 222
61 245
158 160
185 264
38 57
182 212
105 118
12 27
37 223
30 38
246 286
32 201
109 210
126 160
114 144
192 262
172 243
86 148
10 94
207 241
53 241
41 278
0 15
174 209
14 16
163 175
10 124
113 160
162 250
142 270
130 244
99 229
121 260
243 261
115 150
229 277
79 143
92 137
6 49
166 246
176 284
205 239
76 193
151 187
25 143
68 198
114 160
3 170
213 237
88 144
50 190
36 106
147 153
28 175
0 144
55 288
41 169
68 138
196 199
51 272
229 287
80 136
71 246
168 259
31 108
128 175
19 180
2 92
15 109
186 266
67 284
28 221
4 16
225 280
52 281
51 85
25 127
33 124
110 166
86 210
110 123
34 53
38 288
160 221
52 211
69 137
84 165
3 267
183 245
99 197
125 127
1 76
93 226
160 230
108 240
225 274
88 267
80 134
9 109
77 179
135 175
31 115
132 224
142 190
75 88
244 269
80 238
127 189
60 92
37 235
19 151
165 288
50 81
2 15
125 176
38 81
90 101
9 44
160 218
104 112
86 274
87 192
26 204
96 170
11 223
73 114
104 181
124 184
117 136
135 199
156 224
53 247
151 234
7 269
74 124
108 237
121 161
54 253
54 230
67 151
29 233
71 167
105 200
22 244
115 264
164 225
86 174
88 240
154 238
13 81
164 216
0 250
18 200
14 166
3 39
69 212
32 157
34 149
69 263
90 233
248 267
53 226
172 264
52 269
123 258
100 151
12 225
90 146
36 237
150 187
37 81
115 220
195 248
36 146
18 187
65 131
62 241
2 283
126 271
61 187
90 136
1 31
64 159
102 131
159 196
58 273
82 159
26 271
60 280
1 53
261 281
118 158
3 270
107 203
175 179
22 183
114 130
25 109
217 270
70 257
98 178
85 161
162 197
52 80
122 179
130 202
261 286
16 92
124 154
12 272
239 270
80 209
68 249
194 272
163 165
37 38
283 284
37 119
131 166
78 192
130 213
134 253
164 259
43 148
40 179
131 217
78 203
17 63
28 190
28 132
34 206
91 264
48 66
135 204
117 135
59 176
130 131
224 277
16 109
52 114
224 275
153 249
201 243
47 279
126 276
74 160
94 287
29 288
166 176
30 275
18 252
127 135
87 117
161 281
7 136
163 271
64 130
170 272
155 230
161 258
102 149
153 280
180 257
182 190
107 108
47 213
173 245
99 225
221 263
230 249
96 164
87 244
189 285
62 156
28 30
103 229
86 117
82 106
130 236
0 183
63 179
219 275
58 142
8 282
266 269
15 46
55 85
123 215
163 221
24 192
126 212
21 198
16 279
169 252
174 247
90 118
55 127
90 97
117 201
68 163
242 271
136 234
9 169
64 168
50 109
247 269
35 44
136 143
16 286
73 257
5 116
248 280
79 189
114 129
41 284
104 262
107 192
141 242
245 288
200 214
49 211
173 218
110 253
4 239
23 170
143 247
156 259
208 221
27 208
11 182
245 282
18 48
6 143
118 222
90 255
56 65
129 218
43 181
252 267
104 194
112 176
55 164
98 122
17 70
32 107
35 134
162 235
114 161
85 159
112 116
67 256
17 32
98 241
106 232
49 180
17 277
228 276
56 274
100 110
196 198
16 149
34 101
127 144
90 227
115 147
144 182
211 225
118 202
35 284
47 117
166 190
58 247
205 260
67 173
89 247
137 206
69 177
28 178
90 206
39 222
2 10
141 229
73 155
209 239
127 209
135 281
10 241
176 235
20 105
12 90
4 98
25 61
91 238
59 237
34 268
28 138
34 241
64 191
45 286
122 250
224 239
23 196
156 241
270 272
17 257
67 207
9 135
72 233
139 150
76 83
95 222
139 264
91 186
39 219
220 243
102 161
191 288
53 282
223 286
22 63
14 138
167 193
237 254
48 173
54 204
138 161
7 284
6 158
157 231
174 224
44 67
90 171
134 175
150 263
77 279
57 232
69 269
77 213
206 246
19 93
64 234
176 267
258 274
154 288
31 251
102 200
119 222
181 223
28 68
125 246
64 132
181 194
207 247
23 83
65 108
55 241
26 127
262 286
47 121
144 174
33 133
207 245
81 118
113 236
205 222
78 253
0 105
156 267
106 191
59 259
203 227
8 40
144 239
50 95
125 148
8 44
218 256
110 126
11 79
130 204
68 234
19 39
62 201
20 247
147 272
93 286
188 253
26 129
107 267
203 281
75 265
95 219
16 248
113 247
36 57
209 212
57 137
89 135
181 247
62 256
1 176
125 162
196 214
18 162
89 109
60 247
209 236
237 270
57 264
82 202
71 129
91 169
82 190
72 237
202 245
34 132
60 209
225 257
215 270
91 216
111 127
101 239
114 269
89 180
14 277
123 138
98 275
71 96
12 238
241 266
167 168
29 206
184 229
193 207
113 159
73 116
121 138
6 175
13 170
91 263
102 113
22 73
213 285
187 193
175 196
56 105
94 237
129 199
175 269
119 156
156 169
151 246
21 137
49 226
219 256
2 187
179 196
68 206
89 153
177 214
148 215
113 258
45 230
63 202
13 236
40 287
258 271
141 189
200 221
198 211
3 80
35 283
188 231
152 158
161 280
12 198
17 129
199 276
193 203
29 53
85 268
11 221
253 256
25 120
34 46
63 119
159 184
250 266
97 230
20 63
89 246
49 282
175 205
105 149
52 102
82 143
102 230
276 283
218 237
146 277
8 74
65 114
134 239
41 214
154 218
196 261
104 281
75 161
68 235
16 173
85 158
81 207
107 283
91 185
238 287
28 205
176 269
21 107
29 154
30 132
6 111
15 186
28 172
5 257
79 160
1 212
14 31
33 275
202 281
80 284
244 247
61 152
122 147
73 93
105 209
79 287
41 87
206 211
26 247
43 59
18 20
123 233
30 67
93 209
8 269
98 195
195 237
81 255
78 97
79 230
222 251
22 235
56 250
136 216
27 91
57 68
32 180
91 249
108 192
151 248
5 76
91 280
144 260
16 75
145 287
162 249
6 281
69 72
43 194
48 110
170 257
148 279
86 167
83 220
75 99
11 109
21 113
57 238
148 167
17 68
259 269
21 56
103 171
110 132
146 189
105 251
68 281
99 267
241 256
81 167
41 230
139 220
109 128
14 244
35 168
128 272
130 269
47 77
118 133
18 80
12 69
161 180
43 288
34 167
104 163
198 255
111 219
168 201
26 236
7 88
63 150
67 80
185 188
71 133
101 114
53 184
25 79
130 148
249 266
84 222
76 274
197 259
34 77
115 143
14 140
90 207
283 286
29 152
143 229
13 39
99 247
91 180
1 23
35 116
190 204
202 284
131 243
124 169
92 133
162 164
1 236
141 218
114 274
8 24
128 188
186 231
173 210
74 273
52 143
95 255
140 273
32 241
36 242
4 46
61 217
23 281
136 272
56 180
86 217
99 172
97 247
9 279
177 212
40 78
32 140
14 164
189 212
73 78
36 86
4 132
84 126
134 243
60 190
111 143
29 150
61 80
115 188
112 264
148 273
48 87
82 122
232 234
107 121
150 234
233 280
41 146
4 278
112 141
156 178
121 266
7 227
73 276
214 260
129 272
52 108
155 232
216 282
96 207
102 262
33 234
59 112
189 191
84 278
65 233
13 21
66 182
2 194
17 104
156 243
81 140
0 7
13 45
93 144
203 218
35 236
158 276
6 193
18 215
90 258
29 274
11 208
16 179
76 133
9 79
108 263
24 253
157 214
14 249
8 39
38 164
182 217
221 223
22 46
81 150
54 99
5 74
182 222
13 104
65 102
61 218
157 237
147 190
85 234
215 261
15 134
38 114
69 82
84 204
40 198
94 178
23 45
12 258
89 244
9 218
130 256
170 211
8 81
48 138
131 194
139 210
117 187
164 287
128 237
47 136
215 238
67 178
46 268
119 173
97 156
40 137
29 220
127 267
150 158
8 126
129 189
152 241
18 111
31 110
44 244
73 190
177 185
92 187
23 228
175 251
135 207
223 231
80 271
19 60
108 163
215 281
29 130
115 123
24 258
50 228
24 263
78 227
5 20
244 279
47 275
96 221
13 72
23 216
18 217
256 287
93 138
25 159
89 91
26 67
202 223
98 176
26 105
82 98
80 208
48 284
62 133
86 256
195 226
60 243
1 177
134 256
29 67
42 253
78 87
68 70
160 206
96 276
94 225
119 270
176 243
163 232
213 223
161 183
147 271
80 132
93 109
80 267
162 232
12 227
29 133
1 117
77 172
52 153
171 255
54 84
94 266
78 279
49 260
111 142
133 181
21 151
30 220
141 174
33 58
191 232
57 260
9 202
170 230
178 271
247 260
16 234
13 200
117 173
201 272
2 183
9 28
7 63
136 144
53 228
88 212
16 228
8 272
182 210
180 187
174 235
204 235
11 156
28 187
106 173
70 99
95 279
62 238
172 204
225 229
198 280
89 96
55 262
91 154
199 279
189 288
40 171
194 267
119 227
99 251
24 40
122 210
148 192
225 254
239 242
2 53
19 249
57 79
159 267
162 186
145 163
93 107
185 211
70 224
14 260
88 255
3 256
66 214
15 210
236 268
21 110
87 284
169 235
44 248
53 237
12 219
43 267
100 234
220 232
38 46
59 220
156 232
13 143
188 283
79 222
42 274
13 159
201 225
120 183
228 240
42 168
51 202
204 264
68 77
105 170
58 254
55 102
73 119
64 280
22 116
180 245
90 223
141 214
28 226
101 212
5 265
13 209
117 215
25 43
63 120
24 177
61 203
39 214
37 151
107 195
99 215
119 252
184 283
187 276
152 237
1 85
144 252
95 164
132 278
159 227
47 175
55 95
37 94
195 217
38 174
270 284
44 89
36 136
43 108
181 262
80 247
138 252
275 282
65 228
139 165
153 224
230 273
224 278
67 219
94 274
26 269
178 192
0 154
164 234
156 187
41 70
134 195
13 136
29 260
1 187
174 190
46 185
21 200
180 255
42 256
119 178
96 243
6 47
66 176
80 135
68 160
59 260
15 126
107 147
117 285
130 199
25 206
108 220
148 176
21 22
75 286
8 95
64 124
15 221
124 261
0 138
98 166
134 143
27 261
71 185
94 131
12 220
10 178
86 248
83 180
61 163
130 200
226 234
213 275
23 53
172 183
51 97
205 249
72 226
234 261
127 243
28 287
100 124
22 176
21 124
59 269
20 89
271 284
95 245
107 262
179 264
9 257
175 177
138 250
21 161
11 124
177 218
65 89
114 138
137 216
148 248
223 235
207 274
200 270
69 122
52 228
73 95
76 244
41 254
152 268
30 154
138 217
11 22
153 244
142 148
11 115
86 166
134 210
51 216
143 168
28 176
140 229
37 262
16 236
23 176
121 128
221 276
108 120
68 89
59 209
33 254
39 164
98 248
219 222
88 142
23 278
62 96
145 189
85 213
74 83
24 278
125 236
13 250
139 179
88 237
125 184
115 254
148 149
102 269
49 65
81 151
37 142
43 170
4 139
144 209
11 39
113 141
195 236
49 168
87 101
13 167
216 239
218 226
24 227
40 163
228 262
95 173
46 52
99 271
95 186
121 272
237 286
63 271
189 248
135 176
45 76
94 162
153 239
147 183
241 249
169 224
132 267
143 257
234 251
84 192
42 137
30 150
21 208
208 282
37 53
185 226
126 267
142 151
209 270
35 80
119 189
169 237
58 105
13 144
4 147
44 146
5 60
266 272
74 246
6 71
95 271
7 50
73 248
68 83
125 262
147 201
116 207
105 224
14 274
61 109
158 250
52 235
95 171
215 234
25 189
91 204
10 230
127 197
62 179
2 164
112 130
88 157
218 230
154 163
151 243
169 179
238 264
234 237
55 144
29 103
78 194
32 212
76 151
115 172
3 5
136 167
94 188
92 114
60 61
129 152
216 277
61 286
16 285
3 259
117 235
170 252
42 240
40 112
88 109
105 108
187 275
102 246
102 241
167 208
84 275
152 175
2 208
45 67
17 200
117 191
156 288
8 57
81 107
31 106
199 258
39 61
159 208
40 268
153 205
108 166
69 149
45 180
236 266
14 225
269 286
48 167
80 121
19 125
11 243
85 256
19 58
9 173
122 271
108 268
89 171
58 97
176 209
4 146
33 77
113 277
196 288
137 148
26 151
45 265
212 270
190 276
117 232
204 284
5 241
48 251
159 162
134 202
112 124
100 207
35 55
66 257
18 284
94 210
94 204
180 243
184 237
56 163
167 191
198 220
97 176
101 144
82 286
65 67
20 104
217 239
104 268
74 287
71 261
17 33
16 143
14 89
26 264
34 159
43 120
29 155
10 155
152 204
55 220
50 229
76 280
102 227
221 287
111 157
72 158
31 176
39 245
222 252
24 264
80 108
26 115
117 167
122 134
166 238
116 287
7 194
232 251
60 204
98 105
150 274
210 226
14 43
41 227
92 106
89 264
52 217
0 239
106 141
59 106
8 150
268 285
6 39
136 224
44 124
148 254
101 106
44 169
38 259
165 261
199 253
81 193
55 56
146 187
82 109
25 157
199 250
201 270
108 200
85 190
126 204
140 145
161 274
232 282
31 92
205 240
49 128
252 280
47 177
55 174
128 211
263 284
153 156
112 164
89 200
177 182
21 135
11 285
127 286
161 187
179 188
90 98
83 197
11 20
48 50
168 266
45 92
139 187
164 211
193 214
158 280
9 266
165 190
138 227
207 279
0 95
154 231
23 92
48 283
59 233
50 225
6 31
167 288
39 172
157 201
71 228
167 239
169 279
43 196
64 218
87 92
12 199
25 255
57 146
51 215
182 213
121 286
123 218
184 264
107 144
56 113
21 40
50 140
9 221
69 209
55 153
80 195
40 238
90 185
185 250
193 263
93 150
74 146
57 131
16 166
66 95
9 76
77 263
106 210
44 188
61 211
2 5
7 115
0 152
60 95
1 165
166 178
140 210
1 139
111 230
147 285
22 24
11 236
0 231
160 203
171 180
112 238
191 252
32 90
160 281
39 54
148 257
55 263
97 165
106 266
45 190
194 274
105 214
29 197
51 76
43 189
71 102
82 126
126 264
236 264
252 284
138 155
68 272
39 142
195 211
6 252
178 283
67 110
36 249
17 268
32 135
46 210
27 270
47 230
56 150
17 109
30 85
37 143
165 277
41 58
221 247
127 181
74 237
159 201
166 251
246 253
16 34
60 153
100 272
13 202
94 156
8 188
99 104
152 259
6 63
25 278
120 203
128 185
139 197
181 229
7 231
43 105
85 286
185 199
49 269
96 107
147 264
237 273
15 121
56 201
250 284
152 167
102 213
73 138
26 177
1 155
26 110
151 181
33 230
168 210
43 142
72 264
165 278
24 35
184 245
93 222
43 141
46 173
165 178
129 267
147 287
0 116
162 182
160 224
50 111
44 191
172 213
127 176
49 111
270 278
127 237
24 248
132 182
16 220
98 283
90 199
15 26
18 262
179 215
22 40
54 165
141 147
192 273
179 255
124 222
100 239
118 239
108 173
50 123
170 232
127 132
132 208
2 82
217 245
29 64
52 199
129 156
104 153
34 106
106 243
210 237
113 125
3 75
181 209
93 153
3 167
61 242
61 116
129 263
102 243
111 284
82 243
54 154
226 286
146 162
99 275
137 169
166 248
101 276
159 226
67 98
126 241
13 216
24 101
15 264
133 160
14 23
96 184
73 274
186 269
221 228
29 215
12 60
44 185
156 222
21 245
103 109
63 287
45 165
73 133
41 121
183 262
7 120
66 240
159 265
106 272
2 43
254 277
51 116
91 153
189 204
124 259
1 191
60 158
103 281
276 281
138 156
53 163
140 247
104 156
74 279
218 234
68 243
118 205
11 177
162 190
161 275
73 267
92 122
88 202
143 191
256 285
13 113
140 282
3 176
44 219
157 179
76 207
169 202
69 211
4 230
231 285
56 100
47 147
28 225
105 158
209 273
48 76
195 218
92 164
42 80
164 228
139 279
96 288
121 216
239 243
238 273
145 272
188 252
70 176
13 171
70 230
76 194
9 186
64 200
105 211
101 184
169 199
157 223
30 221
182 219
8 235
187 198
40 168
7 113
110 134
70 171
70 156
47 97
98 189
51 89
134 282
112 196
154 174
139 222
29 174
38 92
32 288
70 234
2 185
87 180
184 217
82 268
17 67
164 210
20 165
32 215
14 135
145 210
64 146
186 242
1 284
232 283
128 220
182 206
15 286
9 188
52 187
28 125
157 196
105 220
65 98
90 264
39 77
253 270
14 76
8 230
122 222
31 267
169 225
177 220
29 183
18 219
2 204
31 95
10 37
22 45
24 158
24 81
15 99
38 109
65 76
5 254
145 258
34 147
2 39
88 213
75 215
225 272
3 261
94 105
114 259
110 218
49 271
136 197
14 141
159 193
162 188
69 277
137 181
144 163
140 213
67 171
6 267
23 90
142 187
8 182
7 100
32 240
180 252
15 52
41 94
2 178
30 214
215 266
133 257
60 184
15 18
70 105
183 213
97 211
49 261
119 133
44 263
15 190
61 266
127 137
4 49
93 272
34 265
56 156
159 224
66 190
121 151
190 219
5 127
164 165
65 94
89 151
58 246
86 197
156 167
181 257
163 177
78 213
16 192
28 126
59 64
85 132
121 230
44 94
46 218
22 155
35 204
145 233
78 127
107 273
116 215
54 141
38 204
90 276
132 225
55 277
167 254
74 94
154 230
235 247
95 103
199 239
154 246
180 186
15 93
28 284
200 277
224 268
201 255
112 142
6 283
172 177
10 51
32 70
155 272
33 136
39 173
70 244
91 189
118 192
48 137
54 139
17 50
101 140
139 244
192 217
36 43
2 141
178 272
27 131
18 115
9 113
11 93
166 214
27 287
70 192
55 221
101 257
218 283
57 253
34 141
49 150
74 167
117 231
106 204
19 68
24 183
100 135
55 213
84 129
19 37
30 175
160 279
133 254
33 66
15 205
169 264
25 118
48 282
88 235
50 206
50 282
0 150
83 196
170 236
272 279
196 271
28 118
15 152
12 184
61 204
39 287
50 254
141 277
152 202
18 157
215 221
74 116
35 229
30 152
17 177
38 69
89 221
76 266
45 258
55 187
61 251
11 215
64 150
104 129
9 163
34 247
209 272
95 126
92 200
13 262
6 109
181 249
181 207
10 260
86 196
40 169
99 141
147 204
76 160
50 133
132 155
162 203
109 288
30 269
90 225
13 123
28 260
200 245
239 288
111 152
26 42
191 257
125 280
63 228
46 64
78 171
77 124
60 261
15 277
68 210
47 70
84 111
43 236
185 191
103 221
30 213
82 97
131 178
7 43
44 76
23 166
91 94
228 267
11 153
40 129
114 166
96 247
82 92
63 70
206 217
124 139
0 108
165 175
53 146
106 224
83 188
107 162
27 79
26 276
13 225
12 180
184 227
64 175
107 153
62 121
114 128
171 175
215 252
112 277
55 128
90 205
0 161
97 99
8 13
112 207
18 205
200 234
165 181
141 190
42 273
91 146
18 121
47 116
124 224
104 261
102 139
163 272
16 140
55 111
102 130
183 253
192 257
142 189
121 259
111 151
230 268
81 158
165 279
29 276
39 272
51 204
160 174
40 64
28 145
87 279
120 244
99 114
143 253
118 242
9 165
20 276
110 288
22 97
17 142
53 256
35 82
145 263
127 244
96 228
187 265
107 237
98 285
6 32
242 259
51 131
62 219
0 269
181 208
12 114
203 210
31 271
26 130
81 233
169 170
41 44
57 222
100 215
186 232
120 127
29 255
67 117
2 32
137 242
110 220
66 110
70 263
21 229
2 149
85 115
133 194
85 174
233 267
142 264
13 196
6 81
67 187
208 229
81 197
55 255
54 163
85 173
136 170
25 95
38 150
57 88
9 207
238 249
97 114
197 199
122 275
60 76
49 199
218 264
131 136
93 189
99 266
11 83
189 220
92 108
210 243
39 186
1 55
35 107
33 268
107 185
119 188
192 238
42 214
50 251
12 109
61 145
60 96
119 228
68 236
63 157
33 119
16 105
72 92
106 134
8 78
19 87
6 182
206 279
153 183
139 196
128 283
38 239
44 199
7 167
57 175
228 282
145 253
147 242
99 105
57 204
122 192
72 284
3 192
94 232
113 270
202 210
144 161
58 174
71 147
32 256
114 268
92 224
4 117
56 126
91 155
96 281
36 145
11 240
9 225
65 176
221 237
135 282
26 45
164 203
70 198
110 115
80 260
130 229
170 177
30 255
149 249
50 164
156 250
56 159
106 262
187 194
63 95
111 120
108 231
39 252
15 233
183 261
69 118
26 234
17 114
23 125
119 233
162 202
73 135
71 95
241 285
168 275
146 148
0 169
51 253
63 169
52 208
6 153
138 269
62 67
105 253
64 86
115 287
38 65
31 199
19 70
61 142
96 174
33 127
78 239
145 190
157 226
4 116
64 106
62 128
240 267
123 242
97 252
12 87
69 232
56 93
169 223
24 196
108 266
86 93
126 174
108 232
275 277
69 288
172 187
52 202
76 259
159 183
115 161
8 128
39 223
106 147
62 123
162 254
40 147
173 198
117 208
77 257
52 205
111 180
28 154
102 231
42 232
31 268
144 155
95 183
31 245
209 266
128 241
216 258
38 84
108 177
27 171
73 286
160 213
25 243
256 281
14 159
72 190
118 275
34 176
4 51
147 268
11 218
136 212
1 257
138 225
65 207
15 64
206 229
113 284
0 10
209 231
60 67
16 146
4 41
95 178
10 204
42 225
25 126
85 104
94 130
117 180
114 253
171 245
49 157
65 162
29 147
1 4
206 275
147 284
55 163
189 235
89 251
163 258
243 278
157 242
24 185
23 129
35 129
66 96
76 262
29 112
30 267
21 168
24 166
148 194
164 249
71 159
114 288
172 184
11 129
22 257
61 126
4 123
72 261
169 271
124 170
191 244
134 258
76 130
14 287
154 164
83 122
20 199
32 82
121 186
80 93
64 196
0 237
152 173
65 143
106 239
80 98
190 201
37 214
10 93
112 271
25 261
58 194
98 270
31 258
215 245
227 283
8 111
38 135
260 284
121 173
26 240
133 260
33 188
104 246
117 179
31 76
193 252
17 78
42 63
87 112
120 182
222 284
184 216
149 256
154 205
106 242
83 280
95 230
150 270
128 267
180 210
181 255
133 165
162 214
39 45
82 220
13 85
7 102
99 183
162 273
85 117
95 109
178 250
208 272
161 193
52 245
130 155
51 108
101 232
45 134
83 288
66 70
2 68
57 251
169 233
8 33
228 268
183 225
149 253
188 216
27 35
11 257
49 131
24 230
224 271
142 186
133 261
92 170
113 216
134 156
4 96
143 274
29 78
15 35
87 263
115 206
96 279
3 172
50 71
17 278
35 255
36 77
20 248
197 283
177 261
21 159
38 238
30 285
19 266
88 275
6 62
73 261
1 3
130 245
136 201
120 225
243 287
200 266
136 145
166 263
21 251
93 263
14 232
34 287
135 192
97 179
28 64
58 183
135 243
2 250
7 47
4 178
62 176
131 229
51 267
192 233
68 152
12 201
80 166
243 272
182 263
39 275
79 259
84 279
51 275
92 215
133 143
136 274
25 115
89 117
40 255
43 183
10 177
58 236
3 220
156 258
58 250
25 192
85 248
155 241
156 197
3 145
5 87
139 184
25 220
148 190
111 241
78 150
131 224
133 237
1 225
58 209
78 259
107 254
100 178
101 215
78 145
48 182
9 58
47 169
58 64
257 263
30 113
47 280
54 276
16 203
55 269
120 130
56 248
95 195
66 130
92 210
187 227
160 273
109 229
183 231
56 258
224 232
38 118
141 268
109 145
244 283
7 51
195 231
121 142
36 157
137 215
111 113
31 145
37 192
104 154
61 237
57 142
57 153
219 287
53 131
143 228
56 212
179 283
57 194
79 219
125 271
269 278
89 255
166 220
11 190
35 271
77 287
172 219
2 254
19 150
4 44
4 10
60 213
180 195
79 231
134 216
58 261
81 124
131 260
69 243
25 132
83 165
54 203
99 122
48 121
112 287
77 200
203 279
95 259
36 213
35 49
18 153
174 215
170 280
51 279
24 261
184 248
113 226
108 234
50 169
97 257
42 231
187 263
44 100
23 153
152 191
31 57
49 228
127 218
97 191
83 237
136 286
118 232
35 65
108 206
55 133
68 215
141 239
196 262
20 158
119 212
253 273
174 222
57 219
10 274
220 277
54 114
92 216
56 196
10 98
119 253
140 253
88 99
123 245
69 94
33 59
224 255
41 272
166 179
111 227
143 235
138 242
50 129
21 215
52 226
195 207
78 250
181 186
10 197
10 33
61 198
48 252
216 228
160 247
5 205
205 266
57 73
9 204
122 188
119 244
81 254
47 51
92 270
133 192
242 260
26 85
169 282
87 97
141 198
153 167
164 265
67 92
40 136
40 158
102 185
87 191
170 199
47 225
197 278
61 189
30 69
62 163
88 125
217 283
0 44
166 222
60 97
177 241
110 277
90 274
53 166
148 226
40 222
129 208
24 217
166 195
28 267
138 247
109 256
55 63
77 112
98 169
175 262
14 206
93 121
124 203
158 281
70 211
55 57
98 128
18 173
44 78
20 195
48 79
3 235
122 199
5 134
110 213
99 185
152 283
193 201
157 282
149 279
131 241
54 63
265 286
114 200
137 186
182 214
88 277
9 146
5 131
21 60
51 136
150 198
71 196
154 202
10 272
141 165
59 222
34 39
39 261
21 149
4 218
249 273
185 281
72 217
212 277
38 258
89 272
148 231
203 257
162 240
128 281
27 122
197 219
73 214
58 173
8 252
43 75
192 224
177 238
232 262
72 103
52 141
27 60
120 284
63 262
66 125
238 272
141 276
132 265
31 38
107 176
131 176
152 180
8 179
1 141
11 28
48 280
84 264
35 123
81 269
46 286
116 276
25 49
190 199
22 254
97 271
74 183
77 94
126 151
146 266
67 279
139 224
71 101
46 63
62 104
100 133
87 109
79 165
155 220
64 79
13 162
12 72
37 191
16 226
88 152
108 204
122 258
175 189
119 245
74 213
22 201
20 265
198 212
142 287
217 220
194 253
181 183
132 163
174 184
19 273
90 239
87 214
91 272
43 287
17 30
49 249
101 205
258 277
56 227
33 195
102 170
3 98
64 281
19 47
204 256
22 120
49 60
61 115
17 136
3 249
93 157
65 283
254 276
38 86
6 209
10 244
74 228
178 218
148 197
251 256
118 148
40 68
6 279
111 238
132 172
130 215
129 182
168 190
204 272
225 261
36 51
85 212
12 75
194 282
174 251
238 247
10 211
81 156
121 176
24 94
151 254
115 265
138 185
233 259
67 227
50 232
51 200
166 202
43 238
62 116
55 69
66 180
108 145
199 201
133 242
29 52
18 174
49 120
9 18
39 115
28 80
54 125
32 282
22 227
54 68
4 202
103 277
62 63
58 113
194 213
161 222
23 36
93 180
243 281
29 111
87 115
10 279
212 237
203 230
66 264
237 243
109 191
187 241
36 65
171 269
116 236
95 268
92 107
76 275
178 185
52 160
66 152
72 170
197 230
54 238
62 151
118 211
105 241
6 160
201 266
114 218
80 248
132 137
42 113
91 167
111 148
169 197
21 228
89 212
102 147
216 227
59 90
112 120
149 193
50 153
81 173
51 233
48 83
66 263
19 184
59 275
100 103
49 215
140 205
11 158
176 186
11 143
180 235
39 90
63 285
99 213
91 195
72 101
21 70
96 168
156 185
187 209
124 166
11 90
166 260
33 125
127 171
68 90
36 69
207 238
79 133
216 230
236 269
25 62
12 265
140 177
204 231
2 238
62 113
78 101
28 70
25 108
43 279
25 228
67 196
55 138
239 255
14 146
40 166
32 213
198 232
127 255
110 136
227 242
110 154
86 268
53 138
195 264
88 233
120 180
48 124
11 114
230 238
215 277
120 124
129 165
119 186
77 190
46 275
65 147
61 106
105 258
71 151
118 285
181 246
71 232
185 237
218 282
238 256
205 258
159 250
155 223
33 251
37 221
67 245
19 49
187 242
4 271
85 118
12 39
125 171
171 273
19 55
107 222
3 251
97 131
115 260
37 212
16 145
8 287
73 281
16 184
179 185
31 143
17 42
256 267
12 35
249 259
44 149
75 230
210 273
91 166
32 169
1 228
16 121
119 137
155 237
83 142
38 156
65 225
5 263
11 69
47 285
97 225
16 67
1 66
270 288
117 164
126 128
14 149
77 169
81 159
82 132
99 124
18 279
169 278
182 193
210 247
29 41
7 146
122 208
110 208
32 203
21 129
226 264
73 165
82 200
52 210
13 60
49 173
108 252
15 71
72 236
219 231
61 130
88 251
169 275
19 201
14 137
244 258
58 228
13 273
159 168
56 114
110 238
24 257
101 262
206 266
79 275
197 248
23 274
11 35
84 223
198 199
58 78
28 58
83 273
230 248
180 221
24 37
126 199
19 95
37 204
115 178
19 164
130 178
162 248
71 108
5 30
109 225
109 237
15 244
49 73
205 220
116 244
12 229
39 103
139 285
61 97
19 77
204 229
50 285
75 254
142 265
131 270
111 173
38 201
45 160
210 268
43 90
129 175
153 228
38 218
24 252
124 256
166 188
130 160
0 252
60 242
98 208
76 205
140 214
72 249
31 159
94 230
0 104
48 170
196 219
0 195
107 134
82 221
221 244
144 241
62 81
154 210
98 129
81 189
38 270
14 217
79 131
59 129
82 104
14 261
82 145
32 95
86 134
116 150
221 243
22 249
73 189
96 229
30 168
83 217
40 84
154 255
37 110
172 285
20 60
100 186
67 184
203 209
212 273
32 117
96 268
30 217
209 233
45 239
88 246
157 253
23 107
216 268
266 271
181 219
71 144
3 66
3 159
123 255
83 245
3 263
51 268
8 135
35 73
17 130
73 85
8 90
81 238
165 200
122 251
145 239
43 83
38 112
8 99
40 86
129 221
4 47
169 227
184 249
145 195
240 269
73 82
181 213
163 211
13 46
84 198
119 220
116 225
126 169
132 179
6 44
78 94
81 249
63 279
81 165
49 266
157 281
54 83
155 203
85 224
39 70
143 238
112 145
40 201
29 161
87 221
27 251
199 226
72 91
59 149
15 223
7 177
50 198
39 47
139 147
13 58
48 183
88 141
33 114
10 278
109 222
219 266
159 271
94 213
44 260
4 174
67 104
88 114
15 41
12 246
100 153
1 19
18 29
226 236
158 215
84 287
122 176
34 192
187 204
161 173
96 187
10 202
138 201
111 213
192 212
62 245
5 273
175 285
41 72
63 121
97 153
45 267
166 170
40 121
25 144
228 286
61 186
92 174
66 191
147 170
146 169
136 228
2 98
128 195
259 288
202 240
243 285
58 284
165 167
79 141
21 39
90 108
153 206
61 175
101 151
66 99
60 269
130 283
52 111
69 281
143 193
119 217
122 272
218 220
183 211
172 246
89 120
38 113
40 85
29 201
102 270
76 123
80 249
12 15
2 160
53 276
1 106
163 243
78 260
115 245
164 207
9 19
90 112
70 158
110 283
78 271
103 201
44 157
59 286
55 204
50 114
5 229
18 247
2 67
53 186
53 113
40 265
58 176
162 256
52 215
105 144
113 218
60 219
77 167
235 245
181 188
180 201
70 237
3 76
27 272
5 285
93 190
31 116
82 248
91 132
24 135
158 233
46 258
76 107
109 192
96 167
66 195
13 193
194 233
51 197
135 182
128 165
151 197
26 123
109 275
139 203
192 240
169 261
189 256
33 65
207 214
148 198
49 144
157 212
59 225
86 170
147 252
11 189
114 283
101 150
139 155
28 182
53 249
141 185
241 276
108 221
19 25
12 111
78 247
1 72
206 285
253 287
127 227
133 161
165 217
30 80
119 184
223 261
102 203
63 223
218 254
15 37
162 201
68 224
187 192
0 235
8 226
138 190
22 273
51 227
102 165
130 254
127 236
91 228
101 287
15 51
13 286
17 103
146 190
143 178
17 84
109 124
162 169
121 177
138 274
130 139
66 67
26 92
22 188
94 229
189 283
91 183
150 186
136 253
0 255
267 286
128 133
10 68
60 123
80 204
1 194
39 176
77 191
5 240
138 153
208 225
83 152
28 179
131 201
8 201
8 22
245 274
86 233
231 261
185 256
214 279
20 261
49 103
0 264
53 231
144 228
139 219
65 124
146 199
88 150
76 140
151 203
7 36
136 236
140 233
57 169
11 264
20 227
178 182
101 124
130 186
112 150
48 207
28 71
112 281
98 259
89 219
118 179
100 109
96 234
54 274
220 286
26 160
198 249
20 55
246 280
58 85
7 121
241 264
178 242
6 203
182 250
156 249
53 161
86 118
59 88
89 114
189 211
165 246
109 240
161 208
82 237
66 89
75 160
257 282
65 145
16 43
251 263
156 281
230 278
2 71
97 170
173 175
70 94
132 150
116 178
55 177
54 76
12 204
171 183
153 178
104 142
123 201
93 227
216 243
198 205
91 267
38 210
18 234
6 129
40 107
117 133
234 268
3 189
60 155
206 258
21 94
55 179
32 89
39 150
137 255
95 185
7 107
7 161
103 143
9 107
73 215
181 196
142 157
22 230
125 132
21 288
83 234
88 262
39 206
174 195
92 288
120 265
7 182
33 62
61 288
140 162
99 145
176 219
44 82
148 247
222 267
45 186
26 164
66 232
70 101
17 195
53 196
30 234
167 235
43 110
8 198
70 143
65 149
193 232
12 222
131 244
203 274
91 173
55 116
44 245
82 240
53 165
53 103
31 193
147 224
7 34
2 8
28 193
85 128
6 122
130 237
104 232
196 282
33 130
3 227
119 127
83 203
186 272
125 174
24 171
5 14
14 82
101 194
4 245
113 136
51 134
146 151
141 248
118 203
125 144
165 273
86 87
63 116
167 194
45 74
67 212
43 272
67 199
137 264
131 287
181 235
151 275
266 284
56 206
86 179
43 239
33 178
14 210
40 252
92 201
108 110
84 99
179 212
256 274
74 115
59 230
29 125
21 193
67 97
49 142
28 250
122 249
171 268
103 191
63 269
10 114
2 21
42 199
72 98
71 123
56 214
43 154
33 81
95 162
18 158
104 192
138 276
116 138
80 152
4 186
90 151
7 243
70 166
150 194
213 224
2 174
172 255
41 80
89 98
180 251
25 241
83 281
57 69
183 237
77 276
222 264
43 93
86 144
17 18
53 205
32 189
155 267
88 188
61 239
145 205
55 94
78 198
185 263
60 103
31 219
59 258
4 258
63 107
39 208
102 224
179 232
139 161
27 246
14 234
72 196
140 194
115 225
133 186
30 232
281 283
116 142
84 225
20 99
194 221
123 281
147 220
109 183
25 282
40 211
156 160
74 259
186 233
66 188
188 189
156 227
115 248
70 246
65 183
0 5
117 268
99 270
123 254
13 265
11 128
83 150
27 200
30 257
26 57
13 263
0 62
39 180
241 263
128 226
19 84
29 56
194 208
1 196
156 251
100 168
14 237
126 141
120 267
179 259
90 176
66 288
233 270
10 17
11 36
247 265
113 121
182 276
49 194
55 246
31 88
81 278
199 266
261 267
259 274
82 120
203 245
36 79
31 179
228 270
123 207
77 118
40 122
69 174
39 43
12 76
235 244
17 86
129 174
101 230
82 141
198 214
12 100
182 272
8 139
49 61
242 257
15 20
24 38
208 284
50 237
33 210
97 227
121 253
92 279
9 256
1 125
43 213
21 226
30 135
248 259
119 128
144 196
21 271
65 75
136 283
89 265
56 90
99 151
3 133
0 120
136 155
112 156
74 271
44 122
92 272
275 279
229 285
74 191
256 283
55 276
77 106
66 177
216 236
15 211
48 152
15 242
90 169
90 213
57 277
152 230
24 212
126 243
219 242
48 51
35 111
62 129
233 277
173 260
206 222
42 85
138 148
29 169
58 117
51 185
131 240
226 255
25 281
118 209
80 91
116 217
149 267
28 237
190 278
143 281
86 237
60 142
0 119
95 120
15 193
157 175
121 243
26 237
98 126
148 268
167 216
4 30
80 230
117 258
116 194
220 279
95 132
64 117
9 206
87 96
194 235
133 137
179 277
234 236
49 212
134 212
128 172
8 66
6 276
82 128
18 21
98 262
12 44
5 24
6 271
74 242
13 48
77 238
14 94
182 284
132 149
34 99
109 153
2 165
122 136
176 188
48 200
112 113
39 268
139 159
48 274
120 273
93 206
136 268
100 111
113 283
158 212
52 209
109 143
209 243
240 283
112 283
188 211
153 236
90 219
120 173
27 133
156 279
135 233
138 164
27 187
180 265
185 203
30 82
34 166
25 232
181 198
49 193
4 9
137 213
10 222
121 129
135 173
85 237
143 149
99 223
49 130
36 214
13 128
144 254
2 51
8 146
24 44
227 270
91 215
37 56
175 288
61 139
91 149
29 118
167 185
85 138
49 51
97 119
82 165
8 45
108 160
50 128
160 288
111 266
89 129
148 251
54 79
10 250
221 256
154 264
9 90
27 139
62 210
155 164
57 62
150 281
87 147
3 226
56 128
153 184
45 93
30 90
137 205
173 187
164 197
111 280
81 163
76 125
66 149
107 129
144 244
135 260
119 277
80 188
29 259
175 256
73 184
182 261
148 205
111 285
103 239
114 174
125 223
66 205
143 209
13 32
165 174
31 247
149 184
51 277
18 40
25 65
32 142
130 249
62 171
21 65
174 286
77 198
99 214
35 190
171 287
30 235
1 7
117 267
16 44
239 245
228 260
46 274
146 200
169 210
124 205
110 159
0 230
61 147
5 226
92 271
120 209
18 50
20 40
110 137
60 254
158 166
40 212
79 107
85 98
222 232
57 227
135 140
0 130
102 133
31 187
20 131
78 147
230 252
28 265
91 129
5 58
69 138
59 98
163 278
91 274
162 166
132 199
118 269
94 284
209 281
27 249
157 203
100 193
43 88
3 185
55 275
151 269
121 134
56 132
37 234
123 124
101 157
155 187
101 181
96 249
29 40
44 155
158 179
144 146
98 156
101 176
26 260
25 273
93 203
24 165
52 70
84 227
234 265
7 26
52 251
42 258
89 163
138 145
51 109
164 262
43 85
57 98
190 245
116 192
218 252
35 239
162 287
11 155
143 144
24 214
220 238
21 106
81 223
101 221
124 173
103 177
23 133
204 255
33 197
8 41
44 147
5 132
30 42
144 169
195 284
191 212
36 271
118 124
92 237
109 155
243 265
117 252
142 258
204 274
127 214
256 280
31 217
9 81
228 287
56 279
36 94
111 234
73 251
112 200
80 99
245 254
10 49
256 286
9 269
7 103
172 182
6 33
24 207
178 244
96 183
159 188
80 210
73 220
34 157
1 219
150 240
61 93
236 237
68 127
103 237
81 128
7 25
103 242
103 261
19 35
7 135
36 241
231 264
54 121
33 220
76 240
17 179
41 117
58 269
9 93
31 197
31 109
196 283
193 220
81 110
78 226
54 229
216 278
22 243
219 257
147 159
14 64
25 247
183 250
97 251
2 56
158 219
176 257
28 40
165 240
119 152
64 197
168 282
20 37
17 237
156 269
201 239
204 288
180 288
58 165
140 195
73 131
49 74
85 215
52 270
184 250
61 260
60 62
33 160
36 207
122 274
153 257
16 193
170 275
4 207
154 233
148 246
2 281
15 105
76 85
180 253
219 258
132 234
1 172
136 263
108 113
24 143
58 141
210 281
178 238
242 245
69 70
29 273
78 275
241 257
32 132
75 118
230 280
79 210
86 185
163 266
198 207
22 255
163 277
272 274
225 240
191 202
78 152
45 72
71 148
48 154
102 253
28 60
58 108
43 255
3 194
168 236
40 199
75 237
111 205
72 181
100 122
68 208
12 24
130 206
74 141
180 217
59 172
62 84
170 188
52 196
20 280
83 162
195 285
40 73
45 185
108 144
57 105
58 62
82 169
40 203
93 98
86 168
76 169
40 242
174 270
142 171
129 131
28 177
182 271
65 288
28 121
85 154
107 158
163 253
152 231
119 174
216 245
27 110
184 266
124 277
17 88
42 207
33 256
82 245
183 273
7 128
37 92
102 190
13 110
160 167
132 227
32 205
57 150
193 194
48 246
125 172
152 219
129 130
58 79
45 188
31 90
152 205
4 108
103 154
153 179
139 162
107 225
80 213
13 213
39 146
112 186
133 210
80 270
109 204
189 287
56 190
198 223
101 175
154 155
146 249
78 251
45 174
140 156
181 232
70 188
13 87
71 287
124 239
62 145
66 97
108 223
45 94
174 212
82 285
50 241
11 107
4 89
163 234
178 179
31 113
85 273
157 184
19 238
4 242
76 177
137 214
0 276
223 284
130 234
210 213
260 263
118 270
189 214
236 239
18 190
64 78
235 268
4 11
138 231
99 217
40 94
115 213
105 268
6 11
44 241
44 224
23 267
30 133
20 100
91 271
19 250
91 140
40 219
130 209
58 185
226 259
116 216
20 50
202 263
69 98
61 82
26 158
203 220
80 215
88 167
97 268
71 125
113 184
0 20
152 208
14 124
164 264
36 99
158 161
61 219
157 174
79 246
52 213
59 192
144 151
90 128
125 207
23 134
97 222
2 6
172 251
116 196
78 129
99 155
50 76
52 278
100 255
128 263
110 130
111 209
209 246
0 186
137 254
141 201
53 56
11 68
237 265
45 212
34 82
21 44
61 85
52 198
1 282
12 48
209 219
105 132
144 198
88 131
63 92
105 230
57 205
204 267
82 250
19 123
126 205
77 273
62 122
169 177
0 24
5 256
97 200
117 209
58 93
25 56
163 178
73 84
164 199
26 281
255 277
18 31
6 154
191 203
202 269
32 265
94 218
44 228
63 89
85 243
62 274
134 137
27 125
92 165
213 286
94 242
204 268
89 271
252 253
112 114
179 229
28 263
175 282
156 262
65 107
34 114
1 157
176 230
2 266
4 93
42 82
9 100
62 131
13 279
8 11
57 164
274 280
3 180
107 172
113 264
122 131
74 225
129 203
26 184
78 92
23 241
203 241
10 12
51 199
70 89
106 163
2 151
51 135
65 117
208 269
37 163
4 69
81 262
31 192
20 87
2 130
34 224
46 233
24 179
22 47
68 189
126 146
92 232
118 175
110 140
68 154
45 274
74 114
41 206
22 26
17 146
19 211
68 203
1 30
158 242
253 278
43 126
33 260
52 69
233 262
214 272
98 251
53 141
102 288
5 29
40 61
40 57
79 232
60 132
0 63
64 134
25 267
30 118
62 106
21 26
50 179
107 146
26 255
104 144
178 239
65 192
10 145
143 277
139 254
148 157
74 254
148 208
179 195
25 205
159 194
81 90
24 47
71 78
1 115
103 288
162 167
20 43
180 270
184 221
253 254
145 165
165 210
116 280
74 284
11 106
164 278
53 178
159 173
127 260
60 218
62 80
155 215
155 196
245 286
34 193
2 161
119 176
95 180
98 258
177 281
105 127
146 272
23 214
93 216
193 223
137 173
47 158
156 186
152 178
156 157
82 153
79 200
158 186
3 286
132 226
154 243
104 106
162 226
120 132
211 278
102 175
26 232
48 62
97 188
87 173
128 201
17 187
67 188
90 114
69 103
26 88
208 283
125 163
86 285
141 216
118 129
130 190
73 191
15 222
13 276
123 191
184 209
118 287
60 276
60 258
112 154
105 150
10 171
21 114
239 264
176 287
88 103
193 208
231 241
74 261
136 238
157 166
201 254
135 148
22 106
20 189
85 277
150 283
10 273
14 108
25 276
95 246
69 170
18 74
33 216
35 251
133 241
14 158
2 221
129 132
27 114
2 95
98 272
72 275
58 195
117 190
33 73
89 190
248 287
222 253
0 251
15 77
1 142
3 252
100 253
108 170
92 181
130 286
58 277
33 111
66 253
124 164
149 239
5 251
44 186
82 276
53 242
8 273
126 216
12 288
13 130
183 278
47 193
98 188
64 178
248 273
0 197
70 114
49 149
135 171
2 136
45 120
127 208
160 192
4 13
34 253
45 59
7 116
26 212
261 262
191 224
85 261
104 128
89 277
104 274
176 254
12 115
120 128
150 271
120 286
7 111
51 87
178 186
152 246
58 109
53 100
152 255
5 61
67 223
17 211
17 246
103 106
159 197
2 227
173 231
210 261
0 238
69 163
149 162
8 162
175 248
233 286
28 110
36 142
87 247
57 155
143 231
19 204
35 41
56 111
182 205
17 156
66 140
105 254
67 134
110 211
1 102
140 251
51 159
43 271
133 141
108 251
113 269
179 262
66 159
176 221
139 169
49 169
182 288
134 244
22 160
11 201
179 271
87 123
226 241
76 183
224 253
145 257
25 97
74 158
167 238
200 208
34 66
80 174
4 158
74 86
59 219
19 240
96 143
184 195
161 282
32 254
37 217
22 282
145 225
121 218
131 154
83 271
83 84
138 284
0 12
154 241
38 182
58 126
20 250
159 216
43 165
101 121
165 215
265 266
157 209
110 196
34 276
131 215
71 162
60 141
53 126
25 27
132 284
152 192
25 141
84 93
54 279
5 155
41 69
128 239
184 259
17 93
86 255
81 208
249 260
246 275
112 209
92 283
9 272
62 111
14 81
180 278
87 134
34 269
145 232
49 202
123 272
85 202
200 238
60 159
168 228
38 235
27 141
101 197
128 243
6 191
69 283
1 27
141 251
236 283
40 146
68 120
36 261
61 110
110 117
175 181
167 260
44 214
214 231
3 53
73 141
263 265
69 236
15 74
87 145
28 32
108 254
89 128
175 208
30 59
171 260
15 75
177 271
163 202
229 286
163 197
255 285
81 275
26 263
113 172
4 83
67 79
14 179
131 236
214 277
112 149
225 239
132 260
91 112
81 225
13 219
85 133
238 283
73 156
67 203
167 214
78 193
250 263
190 193
161 284
10 226
70 185
115 156
157 238
22 193
29 164
195 238
61 129
30 219
21 38
123 264
123 193
18 41
164 184
100 198
161 207
201 203
14 281
3 158
91 199
155 266
43 167
9 222
169 265
32 220
232 274
94 132
56 98
78 165
121 274
149 171
235 273
122 235
253 280
110 266
130 163
4 149
36 201
55 240
10 248
219 280
1 124
67 95
194 283
8 243
114 247
53 144
53 97
33 224
256 258
35 162
140 215
88 203
26 39
267 280
179 180
27 74
179 233
118 281
33 112
171 237
105 156
71 237
174 183
190 265
86 89
280 283
69 142
98 261
77 175
163 180
138 220
129 176
80 169
8 121
133 206
146 178
94 240
99 147
39 264
171 284
32 237
106 150
175 201
153 229
5 31
63 239
186 195
146 157
51 166
92 113
156 195
49 188
197 198
6 87
84 242
4 193
35 104
57 287
20 186
40 227
98 192
114 203
126 138
67 206
218 258
56 125
43 123
30 174
18 57
37 220
51 73
162 278
96 172
121 131
60 138
44 120
155 221
186 205
92 143
119 155
111 161
216 244
147 283
42 151
233 278
66 87
144 281
57 235
20 154
165 171
45 191
50 52
79 183
105 122
95 166
6 104
118 134
18 224
114 205
62 152
47 58
35 135
238 285
11 276
225 262
24 64
54 92
121 175
190 261
65 271
152 159
163 240
93 284
133 154
129 159
87 146
37 73
169 213
130 235
37 62
139 194
0 199
40 79
76 120
102 155
29 212
89 182
48 218
91 206
177 266
19 202
138 142
73 217
51 229
78 174
61 220
59 203
121 275
84 283
142 197
188 275
50 211
114 198
206 224
51 52
51 60
34 148
79 255
45 157
1 39
78 136
84 109
2 286
88 153
14 224
180 191
155 208
37 229
219 239
149 241
36 74
70 93
122 181
43 231
180 262
68 279
140 216
150 197
3 108
2 176
34 216
117 233
62 154
191 219
116 120
72 178
146 154
31 142
62 284
76 230
61 156
46 178
52 121
36 37
9 67
132 268
205 227
6 159
4 136
81 194
177 198
74 97
29 151
54 200
65 274
116 189
92 234
195 279
131 268
209 234
93 118
60 179
162 284
88 206
47 208
176 180
76 81
78 200
127 269
116 237
51 151
62 91
99 148
63 276
110 221
4 130
39 65
16 77
35 70
124 250
199 222
1 190
14 172
36 245
207 278
85 283
8 158
209 244
44 187
14 123
218 229
61 134
20 123
64 223
138 182
23 210
76 94
132 200
57 280
67 191
231 237
215 242
7 16
163 222
230 276
21 179
43 71
109 126
109 134
26 261
63 72
98 152
113 143
28 233
137 179
56 218
251 281
102 240
104 118
0 23
65 175
105 229
0 32
81 190
187 268
0 207
67 101
234 235
85 110
77 102
3 209
90 236
141 231
105 180
61 235
209 279
49 198
270 273
131 170
120 280
54 174
167 188
114 182
17 126
57 263
54 247
122 223
275 283
56 138
51 276
186 244
22 32
246 265
100 273
155 177
238 269
195 230
15 63
69 221
27 169
22 157
87 229
194 279
30 124
127 240
185 279
57 186
200 248
239 244
126 251
83 113
164 260
11 254
118 142
41 113
4 24
107 119
75 270
162 266
111 220
51 59
11 205
44 275
178 209
3 23
42 156
68 142
211 241
1 209
99 203
23 286
31 98
224 228
201 288
168 285
82 167
28 85
60 170
185 197
101 125
91 145
112 288
24 271
112 198
36 263
178 198
126 180
6 241
83 167
231 245
77 79
110 194
52 247
19 80
32 98
9 196
260 264
208 267
37 243
143 172
43 175
16 258
54 137
33 206
138 163
44 194
44 174
62 209
49 79
195 208
144 273
50 73
129 251
3 146
185 284
88 173
23 251
75 184
114 164
156 182
70 243
54 193
137 288
9 157
73 235
217 248
17 31
12 82
205 231
226 257
2 138
5 248
150 255
41 251
128 219
43 128
53 72
184 189
41 85
90 157
221 288
72 271
89 184
8 277
63 181
164 186
25 263
130 166
133 145
0 100
60 136
16 216
128 249
193 242
208 250
57 101
157 204
29 136
38 125
4 52
20 68
219 271
1 252
100 268
77 285
84 249
5 40
198 245
168 218
145 271
10 107
131 191
14 284
126 240
83 128
115 231
8 49
115 183
85 229
57 223
255 270
76 261
138 267
62 78
231 281
70 167
118 273
163 275
55 211
65 206
59 148
135 152
10 182
20 228
17 79
137 230
173 262
126 208
156 192
46 209
120 188
229 254
90 245
20 162
74 234
32 263
97 181
43 157
60 134
96 244
9 14
17 197
0 217
118 263
119 182
75 243
128 276
110 241
2 207
37 126
131 184
10 183
69 107
259 278
10 151
85 265
108 164
35 256
55 273
42 73
130 214
19 231
133 200
72 149
77 111
44 102
148 287
97 160
203 273
4 229
85 249
32 177
110 168
67 222
98 179
65 177
91 205
122 146
182 269
49 227
181 280
166 231
43 284
45 246
71 168
47 89
8 71
199 285
127 282
67 270
157 262
265 272
23 276
48 89
104 244
255 273
217 237
42 61
60 236
111 277
89 127
35 72
168 191
49 156
43 188
135 230
11 222
127 196
259 272
256 284
42 272
15 163
4 118
180 277
54 146
59 212
29 77
156 253
277 288
38 247
100 127
151 161
199 206
0 282
73 192
151 270
40 150
179 276
56 281
84 88
172 282
142 245
38 268
102 124
8 107
19 94
18 103
94 148
106 202
55 233
149 165
13 156
196 211
115 198
31 180
32 103
104 189
81 192
272 281
37 182
4 68
6 74
0 249
258 270
120 181
113 174
38 254
17 71
86 95
9 231
50 150
3 187
81 136
70 113
87 288
3 70
159 222
59 199
87 208
102 150
127 195
75 81
75 277
3 134
62 266
190 215
235 270
119 201
165 276
16 278
10 252
137 185
20 260
205 264
78 132
34 90
13 120
7 261
76 134
84 280
69 247
128 279
33 266
3 197
136 222
150 275
148 186
44 128
122 228
58 208
11 225
85 235
84 277
12 275
137 171
4 14
107 183
99 226
63 280
10 205
66 133
102 249
181 245
218 250
84 171
187 287
173 273
1 14
196 212
17 245
23 224
78 201
27 224
207 258
150 229
119 257
99 108
10 73
108 269
65 106
16 108
53 279
1 203
68 287
23 284
60 288
4 214
28 124
92 131
56 172
39 67
164 177
273 282
151 169
54 201
11 135
198 262
122 256
97 264
119 120
145 241
117 244
159 246
146 203
46 241
125 131
54 124
56 237
202 206
19 175
164 269
77 85
103 231
22 118
130 259
78 104
121 135
122 215
76 178
63 125
53 64
111 281
64 233
61 111
53 227
157 270
131 159
145 278
108 248
14 97
17 213
53 111
74 153
99 133
171 202
6 274
91 102
143 273
118 174
115 145
121 280
74 258
123 197
245 285
45 154
159 231
31 58
61 253
157 234
153 261
217 266
151 189
126 155
82 252
136 235
39 217
66 171
218 247
138 246
136 186
39 286
47 104
71 206
84 285
215 273
261 264
14 263
256 275
43 260
179 250
0 40
204 215
58 159
93 215
37 104
194 259
89 160
82 87
156 235
10 275
37 102
89 193
16 80
138 203
35 77
129 145
63 192
59 92
168 184
75 108
38 272
10 112
5 85
47 124
28 122
6 148
71 244
15 251
40 197
140 152
93 207
137 275
234 266
71 214
11 87
93 268
85 120
5 50
76 166
65 83
46 247
20 36
24 153
45 122
3 196
199 275
235 283
8 127
48 85
39 195
156 174
1 57
174 216
142 184
26 208
63 143
8 199
0 248
187 228
187 288
141 280
113 173
218 268
71 266
47 222
156 273
2 11
9 62
212 276
45 199
166 269
58 283
184 219
24 269
148 270
191 268
30 172
88 172
58 135
68 274
251 269
25 175
72 87
153 251
20 267
137 146
15 38
175 216
109 198
5 243
11 41
134 280
141 287
179 209
97 243
26 199
78 223
4 282
98 172
180 264
85 225
11 255
5 239
3 83
255 269
36 42
22 104
147 273
139 237
100 106
122 132
229 231
29 238
221 267
24 136
82 94
22 86
192 211
46 219
43 225
112 286
70 117
129 238
9 23
35 247
25 253
109 156
36 265
58 244
140 141
61 166
27 209
13 106
190 237
74 147
4 215
143 163
7 73
108 241
205 238
2 278
141 249
164 284
24 139
112 193
68 104
79 181
27 174
33 284
76 253
1 62
4 179
105 121
71 284
52 188
130 274
34 222
28 34
63 185
11 108
83 218
163 214
92 274
109 252
170 172
135 279
39 152
237 269
3 182
199 247
212 279
151 235
16 262
125 249
131 239
143 255
103 170
15 119
41 86
71 217
8 103
12 20
7 197
91 286
71 112
99 202
51 92
4 45
46 221
49 225
119 191
204 245
23 141
20 121
47 268
233 242
66 237
156 239
46 58
175 279
80 116
1 272
206 226
48 230
147 234
27 145
123 195
49 218
13 153
148 218
22 43
238 254
101 154
198 273
13 241
84 229
259 263
33 277
5 57
246 270
98 267
71 142
168 247
22 123
151 239
18 246
144 255
23 236
170 231
24 85
43 201
23 99
106 229
191 269
29 275
79 175
233 250
105 185
43 89
18 235
142 255
161 177
104 193
35 62
98 215
111 186
217 274
112 119
119 254
165 254
84 244
32 284
42 251
157 283
80 153
178 206
159 218
67 277
130 167
19 26
136 198
71 93
34 191
154 279
244 255
149 276
114 201
18 194
123 212
46 62
41 52
94 244
15 283
46 257
151 156
25 105
249 257
28 38
24 259
60 216
246 248
70 135
124 207
72 136
26 178
103 222
6 268
103 275
68 139
42 184
136 221
50 286
187 206
11 96
148 252
121 209
47 210
22 156
74 181
42 60
49 72
166 174
16 250
132 241
140 232
7 137
195 263
223 238
198 208
106 187
64 139
17 210
55 113
29 126
193 269
144 257
127 251
76 138
185 287
58 199
99 253
122 145
111 250
80 269
107 140
21 130
22 135
135 160
33 191
50 134
71 233
4 121
258 259
204 220
225 273
27 113
16 50
30 237
40 172
137 225
222 256
195 276
25 147
95 142
156 179
103 247
8 220
96 180
88 137
65 209
2 252
127 207
129 136
2 30
47 249
20 108
41 219
145 149
163 286
107 235
105 129
58 245
24 228
58 76
132 229
118 144
78 112
100 120
121 256
24 255
44 93
10 163
117 140
3 35
44 58
65 119
217 222
39 85
91 98
185 207
170 242
85 272
52 167
159 185
40 70
33 281
77 203
141 247
269 275
173 284
173 223
2 155
95 202
160 242
0 28
142 155
1 15
193 274
89 121
161 213
104 196
55 96
116 223
31 86
82 150
70 145
102 182
126 253
33 172
31 93
46 204
56 73
56 271
109 245
45 114
143 264
109 224
182 234
47 252
29 35
106 162
49 208
177 243
51 155
2 258
118 277
134 180
12 133
249 263
6 43
90 204
7 114
9 260
247 278
131 139
148 150
102 210
176 191
158 236
61 68
63 182
48 224
64 278
168 242
10 111
144 145
71 205
93 245
85 150
108 114
240 285
147 275
74 75
113 180
63 284
37 147
176 244
48 93
141 213
255 283
40 257
72 155
211 274
34 61
12 230
160 212
189 216
176 179
0 243
149 151
17 162
135 159
22 23
63 207
208 245
73 154
260 286
11 266
176 246
61 103
223 267
106 261
181 254
3 135
5 104
74 164
36 252
126 156
72 253
25 275
96 113
98 250
73 207
128 205
14 36
142 161
164 191
18 273
90 261
91 198
177 251
2 219
7 98
168 213
202 246
50 159
183 233
113 223
211 282
96 214
185 221
132 244
222 266
77 135
112 179
80 162
121 267
22 111
30 37
73 149
116 254
26 76
152 172
94 208
63 198
25 155
159 276
93 221
44 79
133 238
131 208
16 93
8 60
231 268
54 177
59 142
18 240
136 213
186 197
230 231
66 202
24 203
219 262
9 242
78 273
162 286
48 270
64 239
155 212
95 283
108 201
193 224
57 143
83 228
61 224
157 168
77 141
139 192
22 103
66 236
166 173
154 229
21 100
64 133
141 204
62 68
177 283
123 157
22 126
167 269
0 99
228 273
115 133
95 200
180 189
44 57
71 92
75 227
152 212
33 212
156 230
219 247
148 187
94 153
47 173
127 212
171 241
28 242
201 215
76 110
89 130
128 181
183 232
124 255
105 269
236 259
28 87
161 204
26 63
145 146
30 31
94 212
51 235
95 273
125 255
233 247
191 262
119 170
4 217
54 172
160 261
134 265
161 190
197 220
7 151
187 267
41 97
16 65
182 283
47 168
36 58
10 104
208 253
229 265
25 101
182 215
7 133
166 196
8 23
67 159
160 223
36 169
170 200
151 283
6 217
32 55
8 61
109 277
2 271
81 198
55 159
224 230
23 161
19 71
46 61
8 213
79 199
36 246
83 145
17 232
29 249
156 284
81 174
216 254
161 167
236 247
29 253
29 63
114 244
122 128
57 203
32 72
102 273
157 274
8 278
51 169
119 283
37 254
106 247
24 126
200 213
52 67
95 144
99 212
132 193
95 106
186 225
135 158
62 230
98 154
75 214
1 199
74 93
36 75
5 160
15 228
45 269
170 247
151 264
213 252
233 252
42 263
11 43
133 136
82 129
22 178
79 229
5 168
72 200
36 172
62 181
170 239
79 124
265 270
1 206
104 184
61 74
126 207
74 257
167 170
206 232
136 149
39 159
81 175
11 200
135 141
135 195
70 220
43 82
97 143
44 74
77 188
79 123
35 193
15 23
42 116
122 286
133 184
80 228
57 81
30 264
64 211
88 185
13 82
118 135
70 213
225 284
172 200
93 170
34 231
137 281
61 246
89 281
199 249
98 182
67 68
150 166
75 142
150 246
10 264
75 226
49 116
107 271
175 209
110 276
94 127
86 195
108 137
34 51
199 270
83 109
41 170
27 226
65 256
101 142
201 205
102 176
123 127
33 141
153 269
77 89
3 204
61 157
211 228
178 281
156 266
89 188
142 257
203 265
32 273
34 175
230 233
79 221
92 220
209 261
95 237
96 255
77 173
18 32
113 199
107 123
82 232
113 156
126 177
58 276
48 202
255 262
1 266
180 222
83 223
28 116
118 215
167 277
30 32
147 240
23 213
43 249
86 172
193 258
74 205
20 234
150 219
179 184
126 183
9 128
48 122
124 264
217 272
48 146
204 239
24 243
211 284
225 268
34 282
159 163
85 201
157 159
109 167
90 179
46 120
50 218
10 231
32 242
30 192
13 101
208 287
271 274
76 96
185 201
188 286
20 88
87 155
84 147
28 52
1 104
7 221
150 159
148 154
56 230
166 229
140 201
97 140
189 257
38 80
189 237
140 218
48 147
113 207
109 117
1 90
56 198
124 236
193 229
45 162
39 140
62 267
67 255
89 167
19 245
6 55
4 67
99 191
113 114
48 74
57 254
186 200
82 90
19 108
169 180
58 67
64 145
23 179
132 240
159 249
21 220
178 278
46 98
3 52
143 242
52 170
244 286
103 244
45 262
150 261
73 123
59 226
197 288
114 261
24 249
0 145
45 87
136 242
23 195
184 210
37 139
19 223
144 164
83 117
172 201
63 105
34 244
111 242
68 166
43 247
95 277
41 89
109 113
79 128
114 216
149 246
6 188
209 245
126 237
89 110
126 238
17 287
75 240
51 162
10 217
116 126
7 61
13 169
106 228
225 242
135 244
98 221
75 211
187 249
115 281
62 195
138 239
154 242
135 188
168 185
3 151
54 271
170 224
4 219
24 211
102 132
33 239
111 141
107 124
169 220
110 263
139 229
16 112
91 157
216 284
101 196
103 198
47 190
21 160
14 77
6 123
10 187
107 248
28 261
11 282
90 241
88 272
67 122
117 125
147 235
201 248
85 164
222 229
31 147
103 183
144 168
160 163
0 196
54 243
20 153
169 192
10 176
32 42
60 78
265 275
136 140
7 110
70 138
59 164
32 280
68 278
153 189
18 77
98 170
19 48
272 285
5 128
135 278
235 272
125 252
165 255
186 240
214 230
26 244
12 250
28 158
38 88
12 228
111 135
150 168
90 259
3 99
114 170
64 88
47 129
57 130
236 287
112 194
70 219
72 265
246 271
111 153
242 254
140 198
99 231
70 146
42 223
45 91
79 218
163 250
80 222
111 115
46 162
7 180
225 236
186 261
183 284
116 247
85 199
154 221
68 192
98 138
202 252
202 259
117 282
200 286
99 209
153 182
234 250
68 233
7 245
159 207
175 276
143 155
188 233
21 24
79 174
75 92
33 132
6 225
90 116
6 50
80 90
13 230
147 241
50 226
176 251
120 175
18 143
35 133
280 285
116 251
227 271
81 179
8 196
181 201
200 258
80 165
103 243
63 238
176 278
162 276
149 216
173 181
85 181
83 170
243 283
27 254
104 272
49 192
160 238
53 243
12 58
277 283
216 219
152 264
33 101
213 276
123 284
57 67
8 15
251 286
32 78
55 61
98 175
67 145
44 217
77 199
182 255
97 148
60 118
74 263
56 265
41 217
26 36
189 223
116 209
2 69
197 229
34 250
140 196
141 236
62 188
137 156
139 262
89 169
97 134
55 274
58 177
57 138
2 23
226 244
110 119
9 29
18 33
137 150
127 202
35 215
6 285
134 225
37 55
30 271
84 194
29 87
11 197
108 158
121 210
83 222
157 225
18 154
165 227
217 257
17 90
144 195
178 223
213 282
22 151
155 185
7 277
216 234
183 220
11 18
113 186
204 211
110 230
40 131
113 187
231 266
48 97
39 224
60 232
80 268
61 84
201 219
158 203
112 167
61 123
149 258
199 217
53 206
153 165
111 164
100 238
129 273
235 248
18 276
11 137
34 43
47 209
196 273
29 225
46 151
40 90
7 64
73 121
146 268
109 220
187 205
200 259
6 250
128 207
121 165
252 285
56 77
136 164
80 196
207 284
162 262
98 226
89 267
112 140
27 197
115 223
182 233
118 193
191 242
100 233
99 248
53 207
182 200
24 191
198 281
55 261
113 238
161 220
119 151
70 240
76 210
163 257
138 207
192 275
164 247
41 53
22 148
32 94
252 266
93 240
64 94
59 165
90 189
180 199
106 286
189 274
116 121
29 113
30 102
14 80
84 240
127 232
87 90
17 217
128 186
123 210
132 165
175 242
12 23
16 267
17 149
10 175
91 227
186 221
53 156
163 285
17 164
27 140
61 180
67 137
150 233
233 266
144 223
115 191
57 78
182 258
44 257
0 209
82 100
237 257
191 274
27 80
124 193
146 288
42 158
142 203
177 245
3 245
35 272
69 248
89 174
17 113
133 214
259 285
133 274
79 224
14 51
105 212
68 188
92 266
161 182
187 266
53 234
19 146
39 269
98 104
161 196
40 63
89 146
214 237
94 186
260 283
8 274
93 243
123 158
50 82
112 143
110 141
11 60
200 236
158 220
165 228
41 128
153 283
11 78
126 143
68 80
92 163
90 172
205 225
69 285
139 143
132 136
105 106
34 91
37 118
194 223
29 232
40 155
125 167
5 68
72 252
102 121
130 280
38 99
69 184
40 140
76 155
66 175
0 113
66 260
131 173
198 230
151 216
53 104
174 176
143 154
101 126
124 174
125 285
151 265
176 286
169 207
58 241
47 151
55 188
159 241
11 214
20 277
127 205
177 201
142 227
140 227
181 215
4 70
70 276
107 159
155 189
27 34
174 175
108 127
114 154
164 279
135 164
42 117
44 183
276 285
17 273
34 125
229 251
20 254
98 197
213 245
251 274
50 222
127 143
70 274
142 165
41 183
16 252
106 175
39 114
53 157
58 153
125 170
55 139
125 147
70 214
16 183
101 171
85 194
117 238
143 153
44 266
140 274
166 241
64 123
235 252
63 71
132 138
26 214
29 142
58 166
53 82
0 39
53 129
11 168
12 161
140 223
102 195
44 142
223 258
154 214
17 138
45 208
63 283
27 178
47 68
262 271
16 243
92 273
81 267
60 278
14 88
35 200
138 206
9 193
220 264
101 104
112 115
251 278
186 204
158 241
12 40
125 188
168 180
167 225
37 146
233 264
195 196
45 193
16 133
98 232
24 232
39 266
127 231
6 256
62 251
137 237
215 230
101 247
256 260
69 261
133 283
25 242
52 277
70 264
93 124
108 178
3 166
203 271
100 188
44 91
179 197
23 233
183 274
23 165
37 41
191 227
0 284
144 253
37 129
122 174
63 133
262 263
103 114
98 263
70 139
31 202
77 239
52 255
174 282
9 213
12 173
16 191
19 277
37 47
26 229
118 265
56 57
8 248
12 205
32 245
119 232
40 260
158 256
165 268
154 211
97 110
59 187
198 200
208 237
153 161
7 29
109 267
47 234
47 256
97 209
266 287
55 108
95 224
73 277
177 219
13 218
150 280
9 243
106 216
142 220
105 195
149 187
203 232
99 281
186 224
145 223
153 254
175 271
162 184
75 123
252 260
157 183
87 107
9 42
100 102
165 239
28 239
41 61
48 209
46 188
146 265
64 152
25 29
105 237
32 33
76 147
18 206
235 271
79 192
37 275
124 177
129 236
3 91
82 112
146 278
122 214
15 19
63 224
109 163
240 254
167 258
179 234
102 166
240 286
73 201
59 205
118 155
12 106
56 176
108 136
114 251
140 187
141 272
172 280
32 68
11 166
145 204
71 138
149 201
128 169
188 245
91 162
115 148
45 56
89 191
3 258
160 263
98 278
36 212
239 250
43 77
166 221
121 214
45 241
142 224
30 44
184 193
6 243
56 162
85 182
138 222
52 139
94 252
68 214
115 144
121 236
92 233
119 225
149 262
109 125
136 211
9 195
94 103
73 271
69 279
149 153
170 241
68 87
139 178
187 256
142 280
188 280
70 132
77 236
31 275
31 227
246 282
70 202
3 150
241 245
38 220
76 264
9 253
121 183
99 239
128 274
251 258
66 229
14 157
281 282
122 266
132 280
12 276
128 151
142 162
8 183
7 8
14 127
149 200
85 130
248 272
89 223
54 138
26 117
199 281
17 29
66 102
1 154
204 286
13 189
105 261
23 262
67 278
36 227
195 228
178 237
94 176
44 69
108 139
158 218
176 192
105 171
189 242
12 254
197 231
136 166
107 194
186 220
188 265
242 256
62 126
73 87
251 264
82 156
58 77
57 136
21 278
0 124
198 234
56 283
113 233
17 262
43 177
24 239
120 288
142 247
14 107
154 199
53 275
202 288
71 134
146 238
123 250
31 139
140 200
133 227
120 246
126 278
32 102
37 250
3 49
4 159
84 152
139 258
73 205
64 179
230 235
2 240
0 122
30 224
215 282
151 228
38 213
12 282
56 200
135 219
131 227
81 242
63 87
157 275
167 249
200 281
5 278
10 134
73 113
35 108
135 157
92 184
70 251
153 243
21 31
24 60
84 119
34 72
12 235
23 27
3 131
17 54
249 250
62 198
196 277
37 85
125 178
80 109
105 284
79 99
55 120
102 109
66 81
160 179
105 218
115 204
73 224
158 227
281 286
141 243
62 271
36 67
79 202
137 244
63 177
26 35
105 137
6 163
192 248
181 224
121 228
23 202
9 264
173 184
128 254
138 226
26 62
95 131
10 149
3 160
4 191
127 194
66 108
35 61
74 243
59 288
76 88
21 128
30 66
39 207
20 125
83 278
79 164
80 114
3 40
140 163
152 170
252 272
12 256
244 263
6 119
23 146
143 147
126 187
29 114
37 284
6 235
59 79
120 224
94 195
18 244
70 272
33 78
85 142
91 96
50 64
23 68
139 199
163 247
88 181
0 193
59 214
209 249
26 106
43 250
202 258
249 269
102 258
13 119
136 174
147 195
77 99
133 236
180 266
136 218
31 60
113 163
87 142
240 247
169 183
31 234
21 277
128 223
95 217
97 283
61 191
28 144
91 260
123 202
143 237
97 124
80 173
88 91
50 149
35 268
5 49
44 99
16 58
3 247
71 203
135 268
46 110
12 182
178 240
12 18
205 224
60 206
236 253
44 253
49 88
9 238
77 223
164 258
24 184
66 109
232 233
1 214
99 112
151 160
157 186
125 234
121 154
81 139
46 90
15 257
55 236
65 74
13 23
43 234
75 261
19 260
2 73
81 226
27 51
68 136
28 108
74 76
123 165
87 274
1 93
80 202
49 78
24 175
58 229
80 110
109 147
108 118
78 281
119 197
132 176
131 155
125 243
207 273
265 267
160 217
149 225
174 211
14 227
27 182
109 138
59 251
39 232
23 272
71 220
65 103
4 109
89 226
21 157
65 146
44 118
5 141
17 74
126 182
113 134
38 191
177 277
137 161
26 101
28 232
103 150
120 210
43 274
44 127
235 261
84 162
114 280
31 259
22 52
130 191
28 81
9 117
18 59
156 215
145 161
232 242
83 85
83 130
62 178
40 151
151 186
4 196
88 145
23 183
147 210
222 276
59 241
74 107
92 99
126 287
124 273
266 275
168 209
105 288
176 281
101 111
111 275
55 283
12 91
182 268
41 250
59 211
98 228
48 80
264 288
144 176
149 206
87 138
17 219
132 243
101 185
218 276
70 233
26 44
48 144
174 206
27 211
196 209
175 243
8 116
235 253
54 258
200 231
106 246
254 265
27 81
149 229
123 252
51 96
77 234
226 248
28 210
29 166
50 105
124 270
21 239
28 88
171 281
260 288
69 251
204 254
60 86
21 47
38 205
134 165
29 60
16 17
21 33
118 255
26 249
124 137
249 270
128 262
37 236
163 273
42 91
135 241
21 162
6 233
149 150
36 109
10 133
66 144
255 258
119 251
64 195
47 240
46 269
66 227
43 191
56 272
69 183
184 213
177 274
176 223
52 284
85 214
200 273
36 90
75 144
26 284
182 259
117 128
136 139
245 261
116 158
32 81
94 206
19 79
192 203
150 225
133 140
116 278
146 231
230 282
180 250
89 133
113 154
180 196
1 45
66 200
201 285
41 173
46 190
162 253
11 279
168 198
161 186
146 215
91 285
11 24
30 163
61 216
23 265
74 282
127 183
61 230
95 124
56 199
172 262
135 218
134 218
74 163
139 190
112 211
63 237
96 202
1 129
143 215
68 269
0 141
31 77
48 99
110 178
27 142
156 270
121 273
12 267
122 130
18 118
134 281
209 277
167 174
165 283
87 224
106 263
92 175
104 216
66 147
131 286
97 183
102 167
42 276
22 263
38 130
204 271
154 247
10 256
8 259
88 238
179 218
33 38
163 284
7 149
39 284
120 200
68 194
25 233
43 164
165 180
50 117
11 99
117 217
226 280
31 65
16 73
53 143
35 210
184 191
67 89
27 217
92 262
100 206
186 249
138 277
29 108
21 29
237 262
46 128
135 216
31 158
43 45
69 260
74 189
13 150
225 286
80 285
149 285
110 175
64 91
60 274
148 203
185 190
138 165
76 135
50 148
80 205
96 109
29 221
28 96
15 76
2 123
40 215
8 253
8 281
12 167
162 231
165 219
121 153
8 147
10 286
0 261
181 267
144 270
74 219
65 165
107 287
20 31
74 239
86 264
142 146
5 120
40 246
118 165
122 229
148 240
3 277
90 210
11 134
209 256
249 272
6 164
65 140
128 158
71 118
57 237
145 238
35 287
33 86
152 256
55 212
82 107
129 240
39 89
50 217
203 214
96 185
164 201
176 266
134 196
73 117
35 257
13 41
88 252
70 200
5 165
152 239
225 244
173 261
91 276
115 128
59 200
216 242
273 287
204 243
127 169
48 250
164 189
30 99
107 238
81 251
47 85
116 202
41 210
94 246
42 90
170 174
150 157
136 277
226 284
125 168
244 246
15 42
105 161
35 164
196 284
152 243
41 255
66 186
44 181
93 219
32 93
155 160
12 206
144 212
209 220
45 192
169 244
144 274
41 182
34 160
68 155
28 278
110 180
133 258
7 207
100 190
192 235
58 233
149 264
93 229
34 36
45 203
16 102
153 230
132 164
37 48
31 164
61 170
6 170
73 137
122 226
27 268
85 246
171 177
240 261
41 114
38 269
127 271
83 172
26 52
94 231
21 76
4 173
47 227
155 210
62 214
119 240
105 222
84 187
157 243
168 176
3 239
148 189
29 208
12 190
62 173
141 227
118 206
10 156
54 128
50 230
32 136
50 142
143 217
144 286
114 239
233 281
106 284
98 209
199 208
139 269
6 206
1 276
28 75
84 97
7 218
232 247
21 285
14 109
84 91
199 248
52 250
146 165
273 278
225 255
263 277
139 173
41 42
119 185
13 28
72 180
94 216
248 253
61 155
113 222
64 127
94 271
175 193
14 168
115 146
127 166
182 183
32 91
58 218
49 106
76 229
59 104
39 212
7 164
92 246
144 222
50 269
130 223
37 206
1 250
59 162
93 117
74 208
194 270
115 205
28 156
15 141
199 234
24 49
147 161
28 62
58 162
122 152
210 264
4 55
50 178
83 266
53 193
14 257
16 163
235 259
77 116
186 192
212 216
155 178
49 250
5 238
247 250
181 237
45 226
70 160
82 154
134 192
156 268
14 63
167 270
132 197
1 37
21 123
109 144
62 285
65 160
149 188
37 105
22 264
145 200
25 41
21 174
201 218
185 275
40 46
177 239
86 241
50 84
93 94
50 256
111 167
46 255
172 193
163 218
111 182
141 195
127 173
55 156
239 281
92 158
105 136
90 135
228 280
81 181
163 182
75 127
118 123
13 65
5 178
67 185
4 255
7 205
124 210
66 217
114 173
41 177
34 40
19 24
142 231
54 285
105 142
171 196
53 280
180 238
199 240
75 225
23 147
132 272
194 216
26 266
101 134
95 264
25 137
147 175
9 245
62 82
2 54
127 134
121 244
90 235
69 215
90 202
46 177
26 72
26 215
65 109
65 161
223 273
38 128
191 231
144 179
40 123
53 172
39 96
162 243
181 239
9 134
154 187
249 287
47 229
140 230
10 194
13 280
108 179
4 112
66 103
39 49
89 90
22 194
106 178
113 140
156 234
41 213
5 46
3 147
102 136
119 229
38 79
41 261
216 253
114 221
230 257
74 88
158 246
51 206
72 132
180 208
9 251
7 79
64 220
30 123
6 161
124 188
36 49
97 174
237 285
87 252
12 63
128 222
26 182
131 157
225 230
5 103
246 259
81 113
2 9
49 80
42 278
130 239
46 138
82 157
210 224
154 232
20 172
65 171
63 112
11 217
184 225
45 215
47 200
131 204
68 76
3 50
23 48
96 212
114 230
99 181
174 260
253 277
192 274
116 219
75 269
73 124
65 193
47 140
44 288
7 260
28 61
138 204
12 107
139 204
119 230
10 245
14 73
56 194
38 278
26 226
5 272
23 181
267 274
182 251
2 44
61 98
123 270
39 265
33 270
24 284
80 148
58 119
12 64
8 144
118 212
9 77
164 261
15 284
113 254
146 220
62 70
74 85
86 132
202 280
142 244
184 198
51 110
68 181
2 115
20 57
167 242
36 97
204 251
108 190
144 245
48 192
239 267
40 182
38 214
48 68
217 271
181 200
18 62
75 207
25 38
135 274
112 243
145 281
252 264
116 182
4 135
173 257
13 132
28 240
194 269
163 210
141 160
179 183
48 244
82 131
36 166
43 172
61 178
28 160
74 123
15 192
49 288
5 217
155 229
272 288
1 179
96 188
0 260
19 133
47 102
173 179
29 265
1 169
42 172
96 220
120 133
57 268
36 162
114 167
133 207
142 269
35 188
71 141
138 240
239 269
114 202
234 283
162 168
107 231
23 43
2 111
170 261
52 259
7 238
245 287
34 44
37 59
20 72
116 134
31 185
99 208
62 107
106 119
110 201
169 280
122 196
30 130
174 256
52 173
170 256
173 216
17 139
5 146
122 265
126 211
32 222
122 187
81 155
189 262
111 158
56 211
75 98
73 200
80 239
106 142
18 280
171 204
263 268
19 53
179 243
5 167
64 177
6 124
8 234
129 161
11 161
90 149
40 76
53 255
122 261
101 193
134 260
80 140
113 225
82 124
76 153
12 196
113 119
242 266
56 236
19 197
105 151
100 243
21 37
13 210
25 176
97 258
1 18
144 190
14 86
81 224
48 67
123 190
187 248
10 27
46 106
102 188
42 169
136 245
34 271
74 143
123 196
244 250
200 250
7 287
97 154
74 108
175 274
104 236
75 157
118 176
115 280
110 237
155 201
244 273
161 264
61 151
138 176
168 261
79 266
60 125
34 181
67 202
7 158
116 204
33 265
28 31
196 203
26 49
214 244
71 116
109 146
86 103
59 77
227 273
51 189
102 162
154 186
33 252
171 274
26 138
68 140
102 159
55 98
220 267
220 274
148 261
152 176
53 248
202 211
148 207
143 200
108 146
87 238
90 263
11 19
77 216
165 191
281 285
12 286
66 228
239 277
24 251
58 232
121 143
282 284
213 218
89 217
248 271
64 243
33 122
10 102
95 238
91 284
54 257
6 77
131 223
109 114
89 183
101 187
14 174
115 278
89 256
34 248
244 277
191 247
186 251
45 65
46 206
27 101
148 159
37 202
176 285
1 21
3 33
33 153
275 280
111 286
67 143
72 268
182 201
238 282
142 219
194 226
81 256
110 120
42 149
52 58
136 202
39 156
61 137
170 281
29 254
83 98
79 116
72 121
5 54
29 239
13 44
14 59
25 122
41 263
212 259
55 76
26 77
125 189
132 239
43 119
135 187
191 241
66 128
145 151
91 117
36 277
50 173
197 280
86 219
12 247
45 150
43 72
41 231
213 267
25 169
153 154
160 271
124 213
3 15
32 219
54 159
95 232
254 285
41 175
74 129
36 141
137 191
50 56
136 205
114 134
43 78
138 213
224 258
115 240
151 278
50 245
40 154
10 218
0 140
48 90
69 210
136 146
41 155
32 124
150 214
3 262
76 176
76 171
72 219
139 242
205 255
22 144
7 27
123 176
173 174
127 190
133 253
118 243
253 261
54 110
148 158
12 120
86 222
114 140
21 231
152 266
135 155
96 278
66 83
147 288
165 221
69 259
42 160
154 274
120 213
91 121
74 252
215 254
127 256
34 197
91 100
163 274
11 67
165 285
2 60
240 252
235 254
254 256
37 121
111 253
168 286
12 112
183 236
260 276
0 167
5 235
50 165
52 68
241 282
141 210
213 260
92 260
18 272
232 265
18 44
84 271
151 179
33 137
123 149
254 274
40 60
232 288
75 165
23 160
29 168
55 150
98 100
139 251
216 280
22 256
69 120
28 47
109 168
4 160
120 205
104 149
4 167
138 147
121 198
31 99
53 274
187 214
206 225
172 216
98 264
46 104
50 97
6 265
4 138
64 147
70 241
114 152
43 156
157 219
154 173
81 263
61 102
252 270
111 225
116 232
112 202
133 262
26 131
155 256
14 40
164 219
7 233
219 243
209 286
263 286
166 171
117 123
137 283
223 242
15 238
65 78
104 176
55 143
76 115
191 246
173 253
38 256
67 168
84 146
21 186
40 52
129 187
120 251
204 279
67 102
203 264
170 212
25 240
19 101
141 257
1 80
190 263
12 53
95 236
7 130
37 157
23 25
34 173
27 203
28 275
8 17
155 174
168 272
75 186
14 113
172 210
255 276
208 259
44 179
210 256
83 243
86 244
16 167
120 248
190 198
117 146
1 113
28 280
72 118
107 278
232 244
144 175
155 281
185 208
6 131
166 258
82 101
64 163
56 94
222 238
186 246
173 220
83 129
86 275
61 164
158 260
189 240
220 248
86 191
109 170
18 63
44 113
95 97
168 274
146 183
163 172
271 285
158 191
94 146
12 22
134 240
228 283
77 211
250 276
167 244
204 248
51 221
90 265
18 36
20 169
65 170
24 114
112 213
273 281
94 268
4 260
31 165
259 271
43 276
145 207
65 239
25 196
229 237
130 205
269 281
76 224
108 150
202 271
25 200
48 70
27 97
28 109
219 284
68 283
69 278
222 227
184 256
59 72
65 91
272 286
28 147
67 108
25 229
111 177
122 154
81 202
181 251
3 279
10 277
127 216
139 252
164 242
79 257
51 65
72 238
156 275
152 247
1 256
33 90
219 277
173 197
141 155
115 233
50 195
193 245
146 227
95 285
41 111
133 201
149 269
13 257
138 232
123 173
67 266
220 224
241 280
265 276
40 149
16 281
42 180
33 170
195 282
33 67
70 254
141 143
81 258
161 215
0 247
271 282
21 272
93 167
79 81
265 284
218 243
58 107
19 143
72 90
75 129
29 287
23 50
59 257
132 231
186 260
30 157
107 249
87 228
169 286
68 105
31 46
35 285
57 125
36 281
131 265
106 146
87 271
94 203
239 248
72 194
6 68
12 49
12 216
20 225
78 93
79 119
55 209
115 222
66 256
148 169
17 115
64 77
22 114
60 90
166 232
157 264
35 138
214 268
9 236
192 277
87 152
194 264
22 107
191 201
10 113
38 175
117 184
153 265
9 75
168 246
211 229
95 101
159 258
17 275
62 257
59 254
56 183
100 155
58 286
89 187
45 244
165 209
84 195
116 140
34 238
264 269
89 279
179 256
207 244
126 130
50 62
172 247
155 271
10 148
227 267
162 282
7 97
29 109
66 231
191 260
140 245
69 161
63 67
139 198
94 214
130 171
144 199
34 207
193 217
46 205
214 240
56 205
136 173
36 160
269 274
119 205
61 99
55 226
180 200
239 257
168 268
92 217
159 189
30 178
44 141
29 116
46 88
151 267
59 195
111 229
98 216
180 282
11 263
29 246
119 273
234 252
214 254
23 189
107 135
224 226
147 160
21 165
143 261
185 246
56 134
32 208
152 182
127 221
34 146
39 161
43 116
242 262
13 283
131 222
6 139
17 52
132 219
155 225
87 184
44 75
12 195
71 179
69 203
53 122
82 180
101 210
48 75
46 101
138 174
163 201
116 252
50 205
35 128
222 228
23 149
16 42
28 131
99 260
8 26
137 168
253 281
136 258
152 179
86 119
14 111
135 258
183 197
208 258
47 92
43 227
196 269
241 268
164 252
127 147
181 264
41 248
71 117
7 17
153 237
24 58
16 155
123 129
93 233
3 276
34 63
33 228
205 214
59 95
97 189
35 48
181 189
24 77
35 177
65 135
54 60
105 112
205 217
220 275
135 287
54 233
26 34
62 136
13 181
49 235
174 180
54 205
34 285
151 164
33 152
198 267
6 59
3 221
194 195
68 115
47 81
48 286
210 280
25 73
200 216
196 233
125 227
34 185
152 275
127 239
55 279
139 164
79 209
68 124
58 200
89 213
148 174
136 195
91 252
221 232
94 215
234 238
24 276
141 162
9 241
113 252
155 242
117 234
13 55
188 271
72 113
90 248
62 109
25 58
127 157
74 166
89 178
229 275
143 259
42 114
5 270
56 116
102 135
84 231
125 239
31 89
140 220
85 186
95 249
226 260
135 139
73 161
166 185
24 95
16 24
127 168
62 231
12 110
252 262
223 241
91 179
183 198
42 285
15 208
105 219
141 283
222 247
183 244
77 283
113 201
55 105
79 252
131 199
52 154
54 239
215 286
177 246
46 70
78 277
144 227
191 200
111 163
87 275
23 148
173 226
93 162
12 157
83 199
244 274
54 187
19 110
96 211
116 203
107 277
38 273
22 105
39 145
83 202
231 280
16 46
14 84
17 249
78 169
93 201
94 283
138 265
24 186
133 134
137 199
116 184
42 217
206 250
235 238
13 206
202 238
2 114
127 130
232 237
86 234
269 276
94 194
41 95
157 215
8 174
47 251
87 171
155 238
7 150
9 104
116 136
39 263
29 214
51 104
208 243
112 138
77 187
62 117
69 112
92 150
49 153
119 281
146 236
239 284
152 229
122 190
24 80
190 206
224 287
149 202
56 169
122 155
89 112
152 155
37 108
32 236
85 155
51 257
199 256
36 61
51 249
118 227
138 177
63 210
243 280
112 197
216 262
53 254
44 209
209 241
33 36
57 246
206 240
58 180
76 126
31 208
186 191
129 168
119 241
227 254
45 158
136 137
64 250
126 234
79 120
159 287
44 234
101 217
132 275
53 271
6 245
36 195
82 85
112 189
174 244
117 189
185 229
13 69
81 91
87 216
169 247
129 215
37 70
51 154
29 162
203 246
88 243
88 105
28 39
126 179
17 205
67 100
37 82
14 236
124 143
37 140
126 142
49 268
115 182
114 210
127 284
25 90
254 259
144 283
165 212
139 146
11 288
15 170
158 234
10 43
169 212
90 105
176 288
30 284
56 192
14 126
99 165
140 146
243 286
59 198
89 181
10 259
52 177
92 255
45 141
128 164
165 238
137 274
116 268
40 254
4 165
97 255
71 84
178 204
36 130
12 200
34 150
92 284
8 59
59 128
11 102
10 208
203 278
92 161
204 224
39 84
164 248
30 273
47 64
163 217
31 117
141 215
251 276
27 38
19 21
117 151
24 63
4 265
113 162
34 240
74 168
23 52
137 209
32 114
106 153
24 260
30 236
81 191
33 115
57 192
105 275
130 226
32 129
74 170
13 271
121 254
33 71
49 265
169 174
105 270
31 123
174 279
217 252
70 283
10 92
68 148
23 263
173 186
117 226
83 92
202 203
178 261
45 99
53 229
111 185
56 102
163 287
139 286
140 172
75 288
62 185
9 64
77 131
232 269
68 268
79 272
95 153
125 138
96 238
80 275
47 122
65 158
67 139
33 248
126 280
188 234
40 241
13 229
224 241
174 243
230 242
27 163
99 163
77 237
54 82
172 271
262 264
18 98
122 164
181 227
123 285
278 288
198 217
225 231
188 257
127 252
116 261
88 286
91 131
206 245
8 171
41 119
89 274
105 207
107 227
84 253
5 70
148 165
19 198
168 244
110 111
56 253
13 164
74 126
159 278
3 47
59 159
22 91
9 208
143 286
196 241
106 273
115 142
118 168
31 140
165 247
226 277
83 173
65 212
2 28
113 148
2 220
91 138
41 202
131 255
61 132
186 211
82 235
63 84
123 282
37 111
66 76
90 126
211 262
64 96
57 121
35 261
72 244
110 264
66 79
137 180
192 225
123 257
96 252
127 153
217 229
212 243
192 205
46 125
152 235
98 144
38 146
187 246
78 190
20 269
12 218
117 126
211 249
43 98
11 119
221 278
255 271
113 169
94 169
34 184
100 248
18 42
59 231
94 221
67 149
183 221
142 150
90 211
193 218
229 244
0 111
120 220
27 206
212 231
16 117
144 266
108 228
26 152
114 222
236 260
58 230
84 257
2 70
102 111
51 175
46 242
38 134
2 125
87 287
36 165
104 254
179 285
200 239
185 224
116 221
40 178
197 253
29 140
21 218
35 154
60 228
20 202
228 275
32 123
153 266
62 64
53 245
34 112
103 227
25 262
237 248
34 228
0 55
212 286
135 269
128 134
111 236
84 156
6 246
186 196
85 228
56 247
199 259
210 275
129 266
138 224
225 250
120 161
21 191
47 105
197 201
37 166
90 256
3 123
102 215
210 238
81 160
1 283
160 282
92 214
76 156
78 175
68 114
169 188
112 270
58 203
150 195
177 233
132 209
13 80
10 215
2 270
144 184
93 210
48 279
76 279
229 282
156 189
53 189
169 204
0 18
51 240
74 117
155 162
107 229
161 273
56 189
2 139
54 168
38 208
15 156
208 210
131 179
28 104
6 151
247 284
199 267
13 57
130 168
77 207
56 202
77 105
176 273
38 166
67 88
236 262
5 195
35 241
214 287
10 76
140 165
26 211
185 214
7 21
138 248
154 168
104 267
13 284
71 126
20 209
65 220
0 42
119 139
22 225
120 266
149 261
3 12
6 93
63 259
80 257
36 247
32 279
149 177
13 204
74 152
104 265
18 211
9 45
236 242
58 189
192 227
260 272
45 86
76 285
101 115
196 220
160 220
49 171
158 168
54 232
180 213
73 210
147 282
69 74
56 160
92 110
111 171
50 77
0 98
27 228
155 246
225 270
215 264
101 188
166 283
85 170
218 224
66 254
51 270
34 93
49 164
52 237
50 110
68 217
98 135
122 204
66 138
51 164
15 101
12 178
86 150
124 150
100 202
129 231
107 243
58 234
49 160
159 187
146 287
1 280
95 234
43 216
193 257
28 33
78 139
178 188
37 79
37 280
98 204
154 185
167 287
74 122
18 99
241 252
97 220
58 122
174 213
11 242
40 114
264 267
42 76
48 57
15 92
4 86
133 235
37 87
206 236
42 105
14 173
21 64
86 273
20 230
158 162
0 114
136 208
41 249
44 172
13 254
69 214
41 67
16 128
107 223
3 198
253 265
158 237
5 37
38 209
30 64
171 285
62 114
39 100
188 212
176 283
34 83
198 274
195 214
100 251
74 162
154 182
156 236
51 271
9 232
59 68
127 279
137 220
205 276
118 150
201 213
50 182
215 232
81 117
183 260
26 82
103 193
24 198
66 210
62 74
57 154
42 200
170 184
162 210
187 207
167 187
92 185
69 252
21 190
53 85
120 208
178 231
151 240
214 263
191 251
179 217
79 178
172 178
35 47
195 274
91 220
16 273
109 213
56 278
132 161
214 282
11 94
36 253
205 286
86 177
22 275
175 199
97 228
21 25
228 230
202 261
147 231
155 284
182 220
123 246
116 283
166 175
94 245
244 264
42 67
47 198
141 182
231 246
62 205
102 158
91 246
78 113
104 252
33 159
40 89
190 238
70 248
169 283
81 97
127 225
198 228
140 151
106 201
175 273
65 224
120 245
27 202
157 247
32 79
114 276
226 266
109 243
99 177
134 232
3 89
4 73
11 247
132 263
125 264
67 180
141 169
41 172
219 249
80 192
26 78
5 151
50 157
98 153
115 214
15 102
135 240
104 233
39 273
13 73
198 243
5 276
15 85
144 173
97 157
37 60
146 282
227 236
31 284
169 209
32 286
46 197
31 189
12 163
143 152
47 203
10 25
53 258
51 94
65 118
183 270
134 220
110 204
86 242
1 259
249 255
46 165
85 197
13 71
247 264
46 228
25 191
17 201
49 222
124 260
113 183
164 217
86 116
217 280
143 252
34 158
52 122
68 99
41 226
112 137
68 118
218 260
8 156
149 168
81 185
182 198
14 117
147 249
38 91
79 247
92 138
27 107
29 94
61 184
119 262
0 117
70 207
94 158
215 216
106 220
42 183
239 285
136 162
144 160
3 101
119 279
176 212
64 113
63 225
144 262
149 242
158 247
86 101
77 280
111 133
98 224
25 135
6 113
151 244
179 247
136 189
73 255
95 167
67 246
116 231
49 216
165 187
128 250
218 232
180 258
39 109
119 157
68 197
190 241
148 272
115 136
31 287
123 266
105 213
98 240
58 131
95 251
15 143
63 219
96 251
20 241
151 262
43 48
22 252
7 214
201 269
157 232
46 48
87 202
99 174
247 287
81 243
177 287
43 54
59 270
98 256
209 280
175 249
136 158
56 95
75 273
90 95
111 189
137 287
41 238
20 109
84 189
238 288
54 219
210 233
85 105
2 181
101 241
42 243
82 287
218 221
8 16
140 222
38 133
14 143
2 186
49 113
191 259
93 275
203 219
173 219
141 170
55 65
4 36
130 140
178 217
17 107
43 69
117 185
101 228
42 47
101 137
55 266
61 65
100 220
53 80
139 277
80 119
127 266
199 262
129 253
109 265
28 130
82 117
117 134
73 259
86 198
181 191
137 280
17 123
98 163
36 233
161 217
105 244
15 67
159 221
14 67
19 248
74 240
49 214
132 262
21 175
5 164
153 272
54 278
59 153
114 194
28 92
200 255
76 148
100 174
96 160
263 280
133 215
111 169
201 237
8 227
20 93
78 105
81 195
7 170
188 276
259 281
64 115
197 205
19 207
93 269
134 223
25 67
93 174
138 249
139 191
145 222
133 142
86 200
36 240
8 38
95 227
53 213
164 170
81 231
145 244
80 129
173 281
128 257
11 206
78 168
68 229
190 251
10 110
27 42
112 259
97 286
17 223
120 144
169 217
36 189
173 270
27 78
83 183
210 228
254 275
52 262
107 160
119 161
163 170
159 239
10 72
114 279
54 196
120 191
8 224
103 195
185 227
196 197
53 180
47 178
17 189
102 107
74 113
60 104
114 238
18 202
129 211
107 154
38 96
42 167
131 210
13 240
161 218
100 147
136 279
188 239
1 160
81 144
57 285
160 275
72 161
20 251
161 288
19 168
97 145
77 185
117 222
4 84
10 64
228 242
5 96
141 200
1 83
127 235
49 263
53 220
130 197
47 108
156 252
198 283
114 243
77 149
0 147
170 207
248 264
15 217
211 279
181 238
254 282
173 207
196 235
21 143
63 241
79 258
21 265
118 249
3 121
2 263
73 166
43 102
161 251
182 230
131 261
117 165
150 202
110 121
203 256
41 271
147 215
31 166
36 101
194 199
34 219
91 258
135 151
154 192
76 142
148 155
22 214
123 260
64 183
75 147
6 23
130 261
66 225
16 283
26 104
206 216
217 244
11 179
0 121
113 208
240 256
195 234
248 277
150 237
76 190
154 209
158 192
45 111
227 276
31 36
138 229
182 273
182 225
22 163
22 258
245 264
161 238
235 237
249 286
0 160
275 285
137 263
69 199
111 208
49 206
14 68
45 115
150 288
22 170
69 169
126 209
211 285
182 260
98 134
9 203
26 90
202 250
124 167
40 165
210 286
23 98
146 216
130 152
85 258
128 182
36 167
0 132
77 83
33 173
16 157
112 148
151 253
226 237
91 142
37 208
13 256
62 180
181 193
211 233
48 237
165 266
191 211
50 188
4 23
19 116
31 233
26 170
30 287
115 129
109 151
55 162
67 105
1 267
28 206
181 214
253 255
146 173
130 216
13 138
154 225
79 220
238 281
208 211
171 232
149 191
208 217
230 265
36 274
121 287
208 270
49 91
44 137
85 96
18 223
91 130
50 220
166 197
126 248
120 274
28 234
194 288
39 194
108 183
101 129
168 283
6 29
51 254
104 255
10 34
194 211
74 272
19 103
4 110
0 79
33 181
68 134
58 121
87 249
145 172
45 62
118 152
42 239
33 107
234 260
71 229
170 228
263 283
231 249
209 211
111 132
103 115
22 124
39 82
97 287
69 229
77 229
144 154
171 179
133 164
125 203
35 79
134 186
111 278
11 72
111 136
40 142
77 233
73 186
85 91
119 288
22 175
13 17
88 247
34 76
103 259
192 214
110 200
13 194
53 217
142 181
192 287
120 171
37 278
230 241
158 176
61 67
144 197
99 167
209 218
0 6
147 270
83 132
159 191
19 287
37 152
30 81
149 245
28 231
36 110
22 209
134 249
101 234
54 118
47 130
25 168
234 277
86 184
45 207
64 172
201 229
134 181
5 18
2 257
15 146
178 256
125 254
272 287
263 285
113 197
51 78
120 150
154 162
19 109
84 248
21 93
232 264
177 242
49 236
7 56
191 245
37 263
18 249
48 158
110 207
63 137
45 53
141 226
72 145
9 183
31 181
155 170
172 202
14 262
49 138
114 131
14 65
116 177
52 89
4 199
0 187
78 119
73 77
106 145
150 156
52 90
225 237
23 115
50 265
153 286
76 159
32 223
158 211
243 271
202 253
90 242
123 154
238 268
60 272
7 208
15 224
51 198
47 142
238 257
7 10
97 245
123 136
163 264
14 280
184 231
110 148
151 255
12 175
44 114
128 209
15 91
158 170
41 163
102 140
157 268
146 223
18 151
57 120
195 266
29 32
219 244
68 73
0 82
65 213
44 235
50 266
140 144
101 242
204 250
74 159
13 255
61 78
42 186
256 257
17 98
58 260
97 229
5 230
69 202
113 202
84 155
251 273
1 42
139 280
41 74
33 244
225 246
38 222
102 239
60 81
27 127
98 199
206 221
168 169
124 272
108 124
63 126
123 128
22 101
55 191
127 172
175 203
84 241
129 213
49 189
80 252
38 236
236 288
81 96
20 222
55 93
26 183
29 71
6 128
51 140
129 183
174 234
85 184
5 129
66 271
6 101
141 207
70 87
116 151
190 280
171 246
98 280
59 255
37 188
99 258
208 286
13 152
226 249
127 170
50 139
90 279
71 82
99 135
2 249
83 115
36 124
34 111
144 165
75 140
6 15
64 98
154 170
78 262
73 120
201 281
180 233
88 285
30 229
170 260
91 168
112 266
108 271
133 273
61 256
116 253
77 250
221 251
74 130
77 113
20 35
62 144
216 220
101 250
35 156
29 75
10 136
23 221
91 250
52 261
66 247
209 247
31 148
167 245
42 95
88 96
90 271
1 285
185 268
12 172
43 70
118 199
72 106
197 211
107 199
13 96
189 222
76 267
3 184
30 126
112 180
138 180
176 196
7 286
114 169
54 115
259 284
121 234
61 173
204 260
22 81
22 184
79 95
194 257
71 115
203 277
46 137
119 167
96 119
44 165
109 154
76 192
2 288
14 128
67 106
187 252
25 199
47 254
44 46
153 190
43 240
32 65
62 196
19 162
51 160
28 119
51 147
33 149
37 58
54 245
77 224
179 249
40 67
67 82
8 105
16 253
28 69
21 23
242 279
184 287
99 216
20 42
56 69
91 165
40 77
113 151
106 226
66 284
176 255
78 233
51 58
107 173
148 220
180 211
82 274
93 262
247 267
181 258
5 288
196 236
44 84
124 132
205 243
156 194
68 177
21 62
14 19
75 152
118 121
205 281
12 86
125 260
22 38
280 281
79 288
15 176
55 172
142 185
163 199
219 268
249 271
56 266
236 240
9 142
173 287
75 176
39 198
116 135
77 228
134 173
121 262
82 103
77 288
24 113
123 160
21 98
137 279
25 53
106 148
154 171
45 139
84 190
42 193
56 72
97 267
38 148
121 172
68 273
96 265
70 133
30 86
8 73
3 84
14 192
116 285
57 201
121 223
14 34
94 211
181 286
33 72
39 63
111 124
103 137
117 153
35 57
90 215
41 71
19 181
43 182
0 135
162 260
174 227
34 116
143 202
61 90
167 266
116 226
184 267
101 191
1 77
137 284
142 145
114 257
142 238
123 227
259 283
95 134
211 237
31 264
135 252
115 273
115 224
33 87
16 276
27 71
102 152
122 193
0 157
22 61
77 114
114 282
139 186
105 260
196 239
26 228
105 252
75 271
226 242
177 240
126 213
225 253
6 189
118 182
89 269
3 67
117 219
188 249
45 145
24 31
24 134
41 275
201 235
75 79
127 262
145 275
154 184
82 198
66 161
68 167
16 215
12 148
23 35
191 222
62 112
91 275
12 32
49 232
117 124
61 120
46 81
22 121
57 118
217 286
221 252
40 273
167 210
65 277
66 203
18 97
138 192
151 194
132 271
235 277
20 266
1 138
25 85
142 175
278 286
54 249
211 216
109 215
232 256
134 230
125 190
107 122
104 117
223 224
20 283
177 186
25 213
0 219
45 149
134 214
196 287
45 233
103 282
66 266
72 89
168 197
108 282
143 170
175 191
245 281
104 228
121 149
80 244
30 96
86 257
8 80
17 230
153 270
150 217
113 170
230 256
14 202
18 100
141 184
126 198
11 142
178 227
5 59
60 172
49 253
45 173
209 250
4 205
16 261
48 198
185 241
96 153
129 150
199 268
125 164
11 29
108 287
1 101
122 247
110 285
72 150
24 132
213 216
0 265
145 279
275 284
32 161
107 205
121 240
69 176
49 197
4 161
207 271
1 192
18 242
155 268
103 128
57 211
229 272
82 255
132 212
41 187
41 208
180 192
7 282
214 284
179 279
143 187
229 252
212 213
116 255
146 152
29 198
48 60
20 145
88 159
128 131
58 156
96 248
104 213
229 288
174 242
114 229
60 224
15 234
44 86
139 241
5 271
125 242
22 276
18 135
17 116
26 43
165 233
7 165
69 197
214 216
63 81
86 246
88 161
210 219
72 193
137 160
108 152
97 273
19 69
137 210
11 275
7 89
104 204
1 114
147 200
61 250
146 211
20 141
29 127
102 168
85 149
106 199
49 179
193 275
130 181
181 274
184 241
59 182
0 43
129 258
78 172
106 218
164 168
181 261
57 243
239 268
109 226
141 142
97 288
71 263
21 50
236 258
110 286
79 170
82 260
50 257
128 162
141 255
157 194
150 210
1 64
229 248
26 172
115 288
47 194
20 115
162 252
67 125
84 163
24 283
33 43
15 66
126 167
108 230
10 86
42 241
164 206
63 123
1 151
30 166
3 130
114 181
46 191
203 217
18 287
52 93
92 142
147 207
19 155
72 147
69 80
158 265
24 102
105 189
35 218
202 237
52 204
228 245
125 235
104 124
34 233
11 15
113 263
19 237
144 188
40 261
82 96
23 219
262 272
67 205
99 175
130 193
243 250
28 211
20 268
221 285
8 10
21 254
132 274
178 267
53 215
93 184
42 148
53 62
3 78
14 83
152 279
192 276
153 155
72 152
19 23
144 247
77 220
123 249
4 90
90 100
1 44
6 258
159 170
0 66
4 261
35 191
84 243
39 128
227 240
64 164
73 209
145 283
19 214
194 225
18 55
89 155
27 225
18 253
178 248
112 205
177 225
89 253
238 277
129 285
16 107
145 265
196 215
120 154
53 253
71 176
58 70
62 190
97 223
158 171
6 69
60 154
176 272
219 288
51 163
211 248
111 287
254 255
46 193
276 279
194 241
96 264
198 287
200 263
198 278
211 260
155 261
145 206
259 279
262 287
26 217
56 165
87 219
108 274
146 242
75 111
80 115
50 263
114 189
32 53
62 110
145 160
132 264
46 136
38 193
55 223
90 275
0 58
95 201
68 253
208 244
40 228
41 285
188 201
237 245
140 209
169 248
52 201
32 239
126 162
32 283
223 254
69 162
28 164
285 287
212 247
31 240
138 263
108 172
93 104
14 242
104 225
238 259
47 87
130 243
57 132
74 139
150 265
182 239
14 245
43 68
148 202
76 208
50 106
204 209
39 193
137 172
56 120
23 280
2 22
79 140
106 206
159 232
251 268
79 270
90 131
97 238
8 251
116 147
137 158
42 161
196 228
139 156
157 255
53 92
52 82
24 145
29 211
35 120
181 221
60 117
190 248
110 149
118 283
51 130
30 72
188 232
68 183
23 143
30 202
189 241
187 270
119 143
5 152
169 221
153 252
74 156
128 232
27 118
48 263
4 216
152 174
115 279
194 197
157 163
80 163
94 143
90 153
144 261
176 187
105 115
161 277
206 247
191 273
262 268
40 74
6 185
51 245
36 54
120 232
31 274
37 277
25 152
77 159
220 254
169 260
177 269
189 277
132 143
41 84
161 181
14 286
41 124
158 225
77 255
92 192
91 107
7 145
73 246
83 200
154 167
101 177
116 281
185 230
142 283
79 226
80 216
19 195
19 261
171 282
228 279
53 149
199 244
5 169
61 182
26 162
10 198
64 184
191 285
113 235
48 278
184 212
103 141
228 253
30 129
39 68
32 252
12 207
29 81
71 268
183 288
113 288
2 232
36 229
42 252
63 252
18 85
55 119
61 96
96 230
56 68
89 249
2 36
118 170
186 193
98 173
33 100
44 160
18 86
96 99
91 196
143 282
70 170
57 134
37 138
159 235
37 255
3 211
233 261
178 203
6 141
35 43
99 232
39 246
30 107
107 117
108 138
152 216
98 214
80 101
6 278
47 49
51 171
203 204
81 182
141 186
158 159
27 155
128 167
47 150
51 244
186 262
44 206
91 239
19 255
194 206
40 115
4 63
63 78
44 158
162 178
129 235
73 193
182 211
29 148
129 206
132 205
75 208
64 102
18 66
76 101
120 139
112 219
128 245
58 265
130 170
72 148
2 268
89 222
160 260
111 210
54 142
156 221
65 113
143 265
143 263
156 205
6 192
5 163
44 90
84 182
237 239
80 187
59 81
145 155
92 162
190 223
250 286
23 218
124 233
190 231
129 288
17 128
26 148
27 148
132 217
111 134
55 238
82 266
36 186
3 183
238 275
119 255
107 256
45 118
85 109
19 188
25 237
85 163
66 201
27 161
58 110
20 137
55 82
70 116
170 271
75 180
30 122
96 259
35 213
35 46
38 274
77 189
55 58
192 254
53 96
79 276
21 109
68 161
135 146
169 267
54 208
195 242
124 227
130 135
0 220
88 244
39 200
162 224
43 140
189 213
172 245
41 110
3 72
14 203
39 55
19 27
107 118
21 209
23 199
67 127
95 188
195 283
183 191
174 264
54 152
75 242
70 122
264 286
20 201
115 253
195 199
92 261
129 186
29 58
140 157
118 237
90 187
98 234
119 190
81 232
23 66
160 244
108 197
62 66
117 200
110 257
179 192
124 149
217 275
40 157
124 247
70 281
37 209
88 108
55 239
3 148
36 178
138 140
116 197
2 59
125 197
137 139
48 61
211 252
7 84
125 287
175 233
209 253
12 146
140 224
7 117
47 191
143 214
79 148
60 220
159 277
40 95
102 119
82 187
13 261
85 177
47 113
184 194
23 59
192 245
28 173
42 244
60 127
105 256
138 282
160 227
115 227
264 275
182 238
16 113
44 95
3 61
63 273
155 250
70 182
20 221
73 74
201 284
27 147
31 173
27 256
88 170
142 210
30 60
102 233
273 274
105 166
45 204
159 198
127 253
20 150
199 200
212 239
35 207
30 111
23 217
187 235
88 260
1 242
7 96
237 258
50 177
145 158
61 267
190 235
245 268
121 132
195 213
204 216
76 246
65 92
81 154
38 116
55 183
50 235
90 134
40 181
36 116
80 197
48 205
84 213
214 288
188 195
79 193
1 153
23 259
60 221
19 173
86 211
235 258
35 139
70 164
198 272
194 229
11 270
39 285
114 145
89 263
150 258
91 126
224 234
11 165
63 213
187 280
41 49
87 128
122 211
50 199
107 272
108 169
135 203
201 252
75 194
86 281
74 277
49 191
191 281
246 255
58 281
79 269
246 288
4 246
89 268
22 87
66 157
16 134
223 233
59 240
86 163
190 243
54 150
40 174
75 200
171 186
93 169
95 207
135 275
78 115
149 183
5 99
117 254
40 269
56 122
8 50
19 82
82 177
125 160
17 212
231 239
58 148
18 61
9 149
100 225
126 127
13 124
8 32
102 174
71 89
204 258
20 207
101 251
104 243
19 213
99 205
57 74
48 204
20 161
109 247
213 278
115 169
108 196
16 152
75 264
212 262
239 287
96 124
50 253
238 263
54 215
80 288
71 283
173 246
7 139
154 157
108 125
153 176
229 236
202 277
109 268
116 282
47 214
142 222
42 229
60 121
240 287
46 281
69 115
15 150
16 122
4 276
0 262
50 72
257 267
130 136
144 166
88 241
125 153
164 178
34 235
89 122
36 150
110 274
215 257
71 136
177 260
21 188
102 245
104 147
235 241
38 108
68 88
9 137
194 242
89 204
85 175
91 268
48 103
122 135
77 143
76 104
191 276
113 259
152 227
222 236
240 277
60 87
139 208
38 110
100 165
210 274
96 222
24 266
108 189
48 129
46 67
17 269
277 278
248 256
62 228
26 185
59 223
203 231
159 272
175 265
112 217
14 129
34 64
31 191
121 166
142 285
5 246
91 247
13 264
254 257
86 284
29 50
237 240
136 255
7 253
114 236
179 191
112 261
4 43
38 61
106 157
34 153
196 259
60 148
31 239
9 111
12 59
126 185
185 210
163 166
100 166
57 229
162 221
15 24
79 267
50 247
166 194
90 177
42 153
61 127
5 110
5 27
187 258
231 288
115 269
16 180
127 139
27 85
142 204
57 230
103 178
162 209
9 276
218 285
106 236
151 276
44 92
31 100
193 210
176 178
5 180
17 145
143 222
51 283
200 218
12 150
120 227
166 187
185 286
13 269
142 201
24 265
36 59
1 52
96 141
101 219
30 170
42 209
25 287
143 186
68 258
4 221
59 94
207 262
131 153
183 226
22 171
164 230
90 238
39 243
171 275
35 69
23 208
51 75
178 286
13 288
124 279
181 233
147 263
157 288
141 205
8 64
131 211
49 213
132 213
168 263
134 285
41 164
79 80
126 260
69 188
188 192
9 32
128 177
21 240
7 235
19 253
190 285
173 190
24 76
171 266
116 274
62 224
15 243
35 279
66 285
36 255
