293
4
22672
60
530 2
225 2
86 2
244 4
353 2
493 3
108 3
484 1
350 4
227 2
165 1
421 1
387 4
369 1
416 2
424 1
400 3
113 4
80 5
102 3
179 2
257 1
298 3
61 5
459 2
372 1
76 5
184 1
511 3
175 4
223 4
494 1
267 1
129 2
476 1
441 2
122 5
444 1
529 2
62 4
380 4
446 2
492 4
444 2
363 5
138 2
552 2
466 5
219 4
137 4
472 3
458 5
527 2
235 2
107 4
325 2
95 2
306 5
195 3
231 1
316 4
540 2
89 3
285 1
144 2
266 3
341 4
457 2
204 5
538 3
198 2
304 4
294 1
236 1
295 3
305 4
372 3
198 2
314 1
419 3
242 5
284 3
357 4
346 2
291 1
339 5
482 4
483 1
274 1
548 3
121 4
57 2
423 5
338 3
537 3
279 2
136 2
88 4
169 5
276 4
337 2
384 4
55 1
408 4
295 4
450 3
407 5
351 5
400 1
448 2
287 5
169 3
370 3
182 4
349 3
456 3
262 5
464 1
224 4
423 4
61 2
318 1
288 2
472 3
489 4
331 3
272 2
127 3
490 2
270 4
379 4
347 1
430 5
429 5
282 3
341 3
165 5
300 2
249 3
486 5
73 4
484 1
163 4
313 5
234 5
436 4
171 4
334 2
287 4
105 2
543 3
155 4
511 3
252 1
198 1
154 2
266 1
547 2
410 3
517 3
557 1
58 2
397 2
312 2
503 1
105 5
94 1
351 4
311 3
461 2
296 3
538 2
498 3
394 4
363 2
299 5
66 4
301 1
66 2
67 2
250 5
186 4
179 2
535 2
424 2
324 3
143 4
325 3
407 4
419 5
520 3
259 2
150 5
441 4
477 4
305 4
204 1
81 4
335 2
172 2
382 1
222 4
510 3
79 2
117 4
469 1
416 5
163 1
299 5
262 1
57 3
373 2
54 3
305 1
61 1
218 2
466 3
62 2
447 2
452 2
109 1
364 3
178 4
463 1
336 2
494 5
191 3
503 4
440 2
291 5
270 4
80 2
135 3
358 1
114 1
304 4
127 2
206 3
243 5
341 5
409 4
196 2
520 4
209 1
259 3
255 1
219 3
370 4
159 4
159 5
235 4
197 3
101 4
474 5
57 3
301 3
486 4
354 5
542 3
169 4
260 3
334 3
142 4
461 5
230 1
521 1
519 3
238 5
138 5
184 3
241 4
375 1
397 2
515 1
486 5
216 4
250 3
474 5
532 5
270 3
413 1
294 4
487 3
140 4
365 3
373 2
59 2
326 2
87 3
232 3
415 5
381 4
405 1
16 108
12 80
134 218
145 230
112 153
53 125
100 145
71 110
223 258
70 114
106 218
40 192
171 268
11 49
31 41
52 210
32 97
62 254
128 258
9 127
2 152
110 159
34 279
143 249
49 270
68 184
41 144
98 113
61 146
109 130
106 238
97 264
62 196
98 99
113 290
70 139
206 240
81 189
141 289
50 283
24 108
131 134
7 214
3 30
34 170
42 180
48 78
35 58
229 250
137 232
165 253
195 228
158 227
18 256
0 26
56 205
158 203
3 127
94 257
249 262
72 203
86 232
38 82
89 175
139 260
23 193
233 251
76 171
67 126
66 124
5 180
32 231
43 147
95 290
103 256
21 200
67 99
12 292
118 245
52 56
123 229
63 127
49 152
150 207
77 292
134 182
207 232
121 147
36 253
219 223
59 229
266 267
126 210
179 257
30 42
30 241
123 136
17 18
57 288
167 223
125 288
188 204
148 152
66 135
44 152
46 131
185 218
155 171
71 166
92 264
85 184
93 155
217 247
23 248
34 119
91 232
73 116
250 290
95 274
232 291
108 252
58 240
162 179
79 228
81 211
126 232
78 110
26 133
218 244
193 242
122 158
57 161
138 238
154 273
115 242
43 117
28 170
95 259
28 88
112 284
13 211
59 164
61 80
44 259
38 58
5 240
209 239
223 240
205 251
76 216
10 203
105 158
196 266
43 105
183 192
124 144
65 88
136 197
12 156
221 255
106 131
184 204
33 103
34 249
143 161
74 176
184 226
185 244
107 277
0 218
67 112
159 273
149 181
5 227
53 207
145 269
123 200
33 149
143 219
66 95
216 282
85 147
201 270
102 108
79 98
33 214
12 197
1 34
195 216
33 136
9 52
38 191
52 140
62 201
171 206
184 268
91 100
1 292
3 162
202 249
106 252
59 207
29 233
221 284
14 68
22 122
68 153
174 190
27 130
119 292
52 64
18 87
76 194
11 29
53 82
89 272
25 283
82 280
77 241
162 184
128 259
102 137
62 250
269 289
20 84
177 243
41 120
207 214
0 132
104 170
45 93
211 220
58 177
19 272
49 78
98 225
7 96
192 236
34 180
9 138
205 209
182 280
23 69
110 237
197 217
117 180
183 272
32 84
45 275
183 201
26 156
129 164
12 274
146 204
100 166
105 280
138 252
19 141
209 268
3 241
18 169
214 236
187 223
40 41
125 195
20 44
226 270
29 167
167 288
186 216
118 263
82 159
211 265
192 275
24 47
34 101
41 201
70 123
112 225
67 129
29 75
212 243
65 84
125 228
212 258
30 91
110 175
165 210
152 163
25 62
71 139
175 242
60 106
243 279
116 145
92 253
73 164
132 153
107 116
76 87
239 290
105 273
78 135
19 203
17 259
75 292
73 114
190 236
78 255
240 288
28 265
94 264
134 136
35 221
57 116
20 97
212 223
117 244
94 115
128 216
35 73
11 198
28 44
32 42
137 280
136 204
196 259
61 240
81 287
120 150
16 263
33 242
42 171
222 253
42 226
150 286
71 177
31 96
40 84
17 166
81 194
207 292
17 138
138 250
187 275
282 284
168 280
120 153
3 230
6 202
51 239
63 230
14 229
258 264
53 54
4 16
154 217
159 274
190 282
32 132
101 244
129 292
6 107
104 279
56 168
46 51
122 202
124 179
221 254
81 170
43 284
246 268
208 267
88 142
10 229
57 290
37 171
151 230
230 286
195 244
152 203
116 266
120 143
137 227
143 155
60 290
34 140
126 129
15 40
163 243
190 217
102 158
193 205
237 238
172 199
36 221
102 156
176 223
96 285
92 229
45 62
150 153
230 265
1 232
67 116
23 95
9 159
128 177
50 152
84 203
106 260
77 265
149 188
107 173
41 105
17 54
194 247
54 236
80 250
1 3
135 271
63 173
121 146
118 145
86 193
80 202
86 284
234 250
125 216
20 237
258 277
30 219
73 214
4 47
40 208
156 227
15 160
114 121
197 258
151 249
33 52
86 227
102 217
69 104
91 216
158 213
87 198
143 266
145 233
89 102
59 70
29 288
64 271
71 226
30 105
103 287
32 33
81 131
150 274
118 157
223 263
78 171
5 197
203 232
83 288
35 234
127 160
31 189
13 239
137 177
62 236
29 281
8 220
152 174
96 207
72 253
175 241
87 200
111 278
145 232
154 187
105 133
152 279
9 93
46 137
257 282
40 259
6 117
189 227
176 261
52 268
40 127
72 141
95 161
30 141
62 189
181 264
10 251
7 50
133 247
12 211
133 244
141 263
27 218
113 260
12 248
19 225
39 254
25 197
199 254
118 215
217 244
81 187
110 229
155 161
38 141
69 231
72 267
142 207
39 247
31 256
123 133
117 173
106 256
223 290
36 213
178 241
68 205
116 208
146 246
8 120
122 277
256 272
154 287
44 137
74 231
247 291
134 229
121 188
127 179
82 151
5 10
49 55
21 117
30 216
61 86
55 112
229 260
61 87
108 256
22 75
31 201
189 226
169 267
0 88
0 145
84 216
69 212
15 286
158 277
155 225
85 141
4 278
107 185
12 39
24 92
145 288
167 191
112 250
175 189
7 88
32 89
209 266
148 219
214 274
70 94
185 200
16 252
2 267
60 70
28 240
42 95
84 190
2 125
181 271
47 196
221 234
144 165
48 221
87 100
119 287
191 276
95 198
43 103
54 114
84 234
166 275
125 127
10 51
163 172
37 191
3 188
10 153
8 99
140 271
98 210
171 279
29 135
186 275
117 197
116 164
216 231
172 266
211 288
118 139
178 215
116 150
73 260
181 183
94 120
48 63
64 224
1 22
136 159
38 254
36 191
12 185
208 215
14 55
15 214
147 167
77 289
33 253
84 115
103 263
167 218
8 17
46 72
128 217
64 80
91 109
41 44
61 142
45 61
158 286
147 213
95 117
46 74
171 280
20 104
147 252
137 139
241 246
126 271
51 245
10 55
72 108
147 149
132 151
53 276
125 147
103 288
9 196
96 175
195 202
10 39
177 287
98 277
86 209
11 193
59 287
45 162
116 152
182 217
82 108
32 170
135 227
18 200
25 249
159 181
25 281
153 257
189 195
217 252
78 136
35 214
200 235
261 271
46 152
104 183
96 110
44 158
31 34
90 97
47 79
230 260
137 154
46 236
65 139
89 132
26 255
94 252
33 47
0 54
14 209
112 159
227 250
41 157
184 237
172 214
38 175
82 251
88 268
47 125
121 229
33 94
220 224
103 171
92 254
267 280
29 172
175 252
69 252
54 227
34 50
100 199
28 211
119 142
38 190
262 285
215 256
215 219
18 231
174 271
251 257
73 188
6 57
152 241
175 223
113 227
26 66
95 260
142 268
53 110
178 243
92 208
9 85
65 254
97 237
115 233
127 171
81 203
116 260
120 210
70 71
19 267
20 251
169 264
49 125
192 226
192 202
214 279
41 260
92 94
49 82
230 241
129 169
197 221
89 292
72 209
42 91
33 49
63 255
100 221
109 212
8 264
4 243
191 207
8 53
81 140
108 200
90 191
51 90
52 206
41 270
69 118
30 207
62 153
110 141
57 257
126 258
55 201
150 287
15 145
162 207
58 98
146 262
125 279
64 205
21 53
1 32
140 234
114 231
24 135
142 257
40 225
92 107
9 187
26 231
55 256
90 183
81 285
27 242
87 284
104 217
27 138
120 257
10 186
166 216
143 275
42 161
172 292
204 207
186 214
64 286
17 132
110 246
28 172
24 49
1 54
57 132
128 275
171 207
186 248
89 184
131 242
173 189
90 277
192 292
113 159
96 198
138 164
13 198
92 187
3 222
37 228
223 229
105 235
195 265
134 244
27 243
125 200
39 286
209 262
96 231
104 234
110 250
144 279
109 118
148 235
8 147
135 183
113 190
97 199
159 238
7 180
164 215
0 150
216 232
128 288
31 221
140 240
129 198
254 273
15 33
15 291
105 143
130 201
135 155
80 262
65 209
179 226
122 279
17 49
53 72
1 107
90 117
183 236
34 35
67 281
0 200
186 291
60 113
15 203
48 142
169 194
128 190
218 265
104 198
204 247
67 291
11 192
61 200
169 286
54 228
106 128
30 100
197 284
88 277
154 227
140 191
78 90
10 252
77 262
6 244
225 226
133 231
69 140
29 166
138 151
121 279
82 92
12 118
182 291
65 273
161 230
142 255
123 179
143 192
32 159
185 276
130 208
78 180
81 88
131 187
30 202
25 61
116 213
55 58
4 204
120 224
209 233
55 168
77 150
16 74
159 163
24 268
242 256
13 249
177 197
185 207
119 130
0 142
184 209
83 218
51 251
17 232
111 250
104 142
191 209
96 286
217 290
176 251
73 241
57 269
114 208
213 282
78 107
72 280
68 249
172 287
121 274
166 250
85 280
14 52
153 219
125 193
28 155
207 258
42 170
36 284
171 245
39 185
29 49
181 206
19 291
138 268
4 79
221 264
62 257
131 207
210 286
14 257
19 218
207 276
37 147
45 104
38 233
67 191
141 259
2 91
109 168
91 287
11 175
104 216
104 196
192 240
195 218
200 255
5 44
181 290
16 254
144 229
56 78
117 265
102 241
210 238
246 283
7 142
38 77
85 194
181 269
82 232
90 220
209 224
99 213
225 236
62 264
52 172
3 117
125 259
257 258
5 220
210 225
187 259
202 262
82 236
27 100
64 218
17 119
197 281
161 212
62 119
2 132
100 217
48 277
23 85
13 28
179 192
69 229
128 152
10 237
79 135
35 75
147 289
117 278
73 125
179 250
89 200
7 48
45 206
200 213
4 37
198 291
75 92
36 142
65 111
5 247
33 184
3 77
72 161
74 107
70 81
4 256
217 220
162 235
240 291
0 24
107 201
122 134
134 203
151 153
52 118
110 238
130 286
18 32
19 66
226 252
4 150
54 118
0 28
179 237
261 268
124 196
87 181
119 273
223 268
107 156
158 211
88 269
45 264
97 127
57 92
63 92
77 175
245 270
151 252
96 266
186 272
87 231
64 77
29 120
0 164
35 143
3 61
64 129
216 233
0 282
138 262
134 178
12 239
28 188
97 276
171 277
31 188
0 221
89 109
57 105
100 222
37 198
43 61
48 68
17 97
96 101
218 279
22 100
243 255
19 264
17 69
214 216
23 280
35 193
91 286
29 151
238 291
173 277
2 104
37 257
172 185
17 270
182 236
73 86
125 219
145 286
36 111
150 284
17 68
27 75
63 81
59 201
77 167
219 221
8 228
15 163
26 285
188 217
77 261
105 192
39 71
175 274
25 206
61 270
202 235
2 242
134 206
158 198
99 120
184 199
218 282
156 243
59 180
230 273
186 267
182 189
130 191
85 128
29 40
149 265
144 292
66 273
132 189
9 211
241 275
213 235
136 181
49 292
27 99
192 242
11 165
135 166
246 250
12 244
42 58
171 240
180 202
153 245
13 40
32 73
59 100
209 288
174 231
28 129
247 250
113 231
54 126
67 81
178 242
47 253
209 247
228 248
77 116
176 233
21 212
33 178
134 261
173 234
161 250
24 160
168 197
212 240
30 238
146 205
28 269
112 264
26 246
43 80
198 263
33 139
92 192
95 219
264 286
11 51
160 271
46 144
252 260
43 200
158 173
37 266
172 284
84 147
62 247
27 106
104 226
115 259
188 220
47 55
157 226
159 248
119 244
106 263
76 140
112 114
15 59
175 176
39 82
87 224
26 163
132 268
24 31
43 221
30 236
159 292
179 222
46 202
64 122
42 255
93 121
164 236
58 60
108 281
61 150
196 212
239 260
61 149
24 118
36 187
20 224
131 198
75 233
50 281
86 263
231 238
84 260
66 84
158 189
153 167
106 113
112 134
60 178
0 25
195 223
219 255
195 221
44 52
43 240
35 281
85 110
68 142
133 145
133 274
89 257
29 44
136 229
10 106
113 206
129 226
6 100
73 199
207 261
78 262
148 227
82 84
281 282
18 133
64 280
126 255
181 230
235 259
155 237
48 222
47 238
211 245
6 116
56 180
21 147
79 141
97 241
192 272
50 201
39 167
65 107
146 212
141 201
58 201
69 111
80 164
173 198
38 280
148 163
189 205
98 247
153 186
168 183
25 222
194 231
22 276
12 227
130 189
102 265
123 230
51 60
24 243
232 257
105 262
53 282
166 285
108 177
77 147
91 209
192 205
152 189
108 193
33 291
98 292
83 290
12 139
139 181
190 272
162 246
30 170
7 203
23 122
38 50
22 202
20 221
109 194
184 243
92 280
96 190
122 126
65 167
34 282
74 79
235 245
129 154
47 280
72 136
20 278
19 84
61 103
9 33
37 100
68 130
36 144
16 227
148 237
112 121
145 240
28 35
150 238
16 34
115 165
104 188
3 274
53 229
9 98
14 276
157 265
91 223
90 137
230 263
128 267
148 260
122 243
35 106
64 246
37 134
68 263
78 157
122 275
174 200
149 199
75 77
58 109
16 119
6 109
26 158
23 240
18 209
136 137
15 99
51 278
51 223
63 156
61 126
87 151
93 215
6 41
22 130
22 118
181 210
184 283
164 209
88 226
129 263
100 148
60 231
189 229
146 152
3 137
57 258
180 181
96 168
100 119
180 230
76 261
43 69
167 225
3 228
92 255
13 246
123 148
0 215
18 276
1 101
4 181
145 275
110 119
130 254
36 177
47 194
110 220
116 237
141 291
112 182
49 144
38 271
45 183
25 83
70 275
75 214
64 151
128 257
65 202
108 287
10 176
14 220
147 216
206 231
38 120
204 292
161 228
38 269
8 192
65 260
11 17
17 143
169 181
35 228
98 175
89 94
61 140
3 178
48 129
88 275
33 170
104 205
66 244
16 25
108 233
190 195
105 148
141 199
3 202
102 132
35 114
102 193
25 35
120 291
219 274
21 96
173 217
164 228
18 85
25 220
13 203
128 130
22 164
116 222
202 209
100 281
72 75
173 257
157 245
119 156
16 36
56 191
11 128
107 176
80 291
8 139
110 196
207 218
141 187
89 221
28 75
38 53
91 233
112 217
66 270
195 266
55 143
125 186
278 283
170 200
232 279
221 225
133 260
99 170
39 277
45 99
46 280
68 89
11 67
37 118
70 210
128 222
126 252
56 182
199 206
162 228
16 172
188 199
264 268
163 181
99 222
82 118
9 136
256 274
191 282
211 276
97 175
244 289
258 291
81 219
9 116
15 201
5 269
1 204
110 221
216 279
74 185
85 212
132 236
107 127
190 212
11 105
72 191
236 246
110 259
155 206
121 291
73 178
131 280
11 15
73 237
207 208
114 195
49 68
20 194
47 287
81 228
148 192
55 166
73 210
71 274
1 229
217 237
69 259
116 256
15 292
153 214
28 154
122 274
44 218
4 221
125 224
13 149
239 270
132 235
89 268
173 228
79 116
20 132
159 223
141 193
12 143
62 156
229 267
63 133
18 212
117 182
23 231
86 255
18 271
163 283
127 165
0 173
21 237
220 223
46 207
169 200
59 266
99 265
113 151
241 290
124 261
9 30
54 177
124 182
168 250
99 271
51 201
67 289
37 109
12 254
125 217
17 150
165 236
39 159
100 252
0 230
55 213
245 253
29 152
40 235
170 245
101 256
115 230
19 281
9 188
65 115
185 291
170 255
13 171
79 182
159 212
108 121
97 278
110 253
136 253
212 271
180 215
70 159
56 269
24 39
17 269
116 128
7 230
123 248
46 281
46 290
210 262
5 131
31 37
169 173
109 136
68 149
7 259
226 243
103 249
149 206
185 209
96 102
37 181
133 158
153 226
101 241
241 269
23 58
58 141
141 219
89 161
181 261
107 148
262 264
94 100
158 205
51 103
33 80
166 290
81 124
71 121
168 213
16 184
132 283
117 118
98 103
22 109
159 222
95 128
159 197
229 286
197 205
1 90
145 244
77 199
141 148
122 203
5 253
84 205
61 241
168 222
83 277
201 256
70 187
182 262
136 242
50 237
71 266
16 113
12 241
179 228
10 184
206 261
19 104
18 152
202 219
115 275
42 120
126 282
158 169
91 186
80 165
15 132
43 217
86 87
260 282
201 217
63 103
199 224
133 196
24 138
57 104
13 96
75 164
26 85
52 151
152 251
200 278
42 158
118 277
96 131
38 284
56 270
22 225
143 263
195 234
260 290
191 268
133 140
29 201
70 236
94 186
39 240
63 66
40 49
34 164
73 235
27 256
91 284
65 266
45 144
158 266
252 279
117 177
43 232
18 150
165 178
61 117
4 179
201 241
66 145
89 250
216 258
278 287
173 242
162 223
77 263
28 254
57 209
231 290
62 178
32 129
209 217
41 83
31 116
29 78
23 102
14 18
212 239
50 218
60 193
0 126
61 258
150 195
56 285
124 190
86 171
97 112
227 280
38 69
182 276
237 282
193 224
87 110
91 193
99 262
281 286
124 244
151 263
95 163
20 274
22 87
185 281
68 198
40 97
34 117
180 261
90 201
6 67
67 249
80 259
188 250
23 41
11 54
248 270
47 195
107 209
10 149
194 253
137 255
55 124
129 242
43 205
37 108
139 267
6 64
37 273
39 51
101 159
59 104
103 134
48 74
14 117
108 112
45 208
204 268
51 120
157 225
11 285
178 258
221 271
57 173
121 184
32 226
200 230
39 55
142 183
88 286
157 278
171 236
191 290
22 123
101 135
87 167
210 273
19 41
19 34
155 284
9 55
165 185
31 149
124 253
99 184
163 207
116 162
8 196
229 243
92 178
55 173
192 288
244 273
48 200
120 145
170 253
18 160
200 237
140 241
27 273
31 166
19 152
39 142
90 118
10 272
156 260
96 152
196 213
11 143
72 190
72 151
16 224
42 135
112 132
92 232
125 170
62 63
247 288
182 255
79 251
191 255
76 118
43 44
22 208
18 43
45 182
27 211
56 265
9 110
63 288
182 224
5 243
43 166
169 266
57 229
46 127
59 124
8 179
113 202
73 223
231 269
27 226
217 279
86 210
124 156
166 227
146 164
30 226
163 225
20 61
208 274
51 157
117 163
198 212
22 93
37 186
141 204
55 262
153 262
91 99
67 106
111 246
179 217
180 268
227 233
92 181
6 272
171 181
47 82
127 264
90 151
69 253
135 234
164 276
91 280
17 154
36 39
81 236
198 223
177 193
3 135
158 180
122 181
188 228
194 280
27 131
101 120
196 275
51 252
37 120
4 138
17 32
82 286
83 225
3 272
66 74
41 219
25 180
141 253
127 249
127 182
41 129
164 255
34 239
77 189
4 213
143 180
146 239
151 220
90 129
135 224
187 265
46 274
197 249
146 242
1 278
8 184
15 116
155 172
43 206
251 269
36 201
170 225
101 198
199 291
4 23
48 164
140 263
31 160
109 190
10 59
24 87
131 289
7 255
37 163
48 99
58 245
63 216
198 261
169 289
168 283
133 189
95 176
27 82
8 155
155 229
91 241
141 143
56 159
45 82
158 241
57 286
128 154
27 30
49 224
50 52
114 168
136 270
163 164
189 230
224 272
110 187
155 178
176 234
200 264
96 248
193 250
123 201
97 103
30 158
192 262
51 115
115 267
205 269
103 240
17 292
274 281
97 109
132 195
197 237
10 96
54 81
31 113
39 290
55 131
178 252
192 268
41 164
6 140
30 69
223 239
31 75
51 135
53 172
89 178
3 219
72 277
10 290
39 116
3 201
7 74
221 246
14 45
161 234
5 267
13 279
84 263
74 166
131 141
1 176
29 94
105 136
168 221
117 252
30 203
71 219
28 250
40 90
130 261
118 204
40 108
190 197
216 264
10 41
41 158
124 238
20 204
87 115
72 269
188 247
37 165
3 260
49 65
34 212
250 288
173 199
79 281
166 251
125 233
148 243
61 234
58 99
125 287
138 212
27 53
45 217
2 43
107 232
51 286
191 278
86 136
94 242
19 193
123 227
35 63
46 73
153 154
179 292
74 290
242 246
6 172
171 183
231 283
44 265
175 240
112 276
41 61
23 176
90 157
49 276
81 227
75 281
41 67
99 188
74 226
249 259
77 210
6 127
77 117
8 59
36 226
174 260
173 207
75 175
5 88
71 288
55 189
19 268
3 49
92 150
61 188
9 78
110 136
96 150
31 179
217 283
49 190
43 168
0 138
4 223
211 242
122 201
193 204
245 277
109 129
73 132
116 197
89 103
34 112
53 146
100 151
90 119
117 285
29 91
42 53
29 35
4 171
152 255
181 218
5 126
126 167
51 269
71 238
68 191
61 274
49 123
224 278
268 274
8 127
43 192
35 96
137 145
63 232
268 288
77 157
46 130
18 180
24 101
254 256
192 282
79 246
102 285
199 270
191 214
53 280
103 219
100 172
163 285
37 279
140 152
112 211
1 230
39 162
51 97
90 120
95 105
73 190
122 278
0 124
24 123
92 118
125 276
29 65
39 120
78 121
154 182
87 90
5 164
90 288
263 286
160 237
43 81
170 188
210 235
11 139
152 243
43 102
128 180
132 192
187 234
21 287
27 63
46 112
58 277
121 288
18 191
120 170
70 112
3 211
108 268
60 159
28 29
49 136
28 189
161 264
1 159
24 281
236 288
39 96
234 287
159 194
36 273
95 152
17 24
167 172
231 235
80 238
72 236
45 58
112 172
8 71
170 271
9 118
212 251
93 149
129 157
251 260
82 166
160 277
76 274
14 131
143 226
84 247
46 114
71 186
113 200
76 188
111 281
180 278
165 287
55 122
19 136
191 264
23 83
195 237
47 224
89 230
13 172
14 165
35 89
1 143
119 174
71 85
152 195
7 273
138 200
74 224
24 28
103 266
16 277
99 176
147 285
111 227
106 207
37 268
282 291
184 228
179 254
84 89
79 90
14 221
198 259
13 89
113 223
42 54
140 189
21 125
23 192
108 152
101 128
110 287
101 161
163 226
1 39
164 285
157 248
197 260
74 205
157 233
35 48
95 124
123 291
109 146
79 230
87 261
105 175
116 119
187 231
4 292
60 205
121 225
90 241
26 103
70 99
54 65
59 85
285 290
22 223
136 148
167 281
147 290
37 55
75 109
29 148
270 273
168 214
75 180
101 126
25 168
65 248
59 128
185 215
88 125
50 54
46 148
98 131
195 278
46 241
17 179
261 276
198 271
215 216
26 176
53 205
106 154
153 185
47 91
208 268
28 132
35 44
62 165
209 270
124 275
26 136
43 53
2 131
93 278
255 275
98 270
151 274
207 274
226 258
75 260
117 159
81 150
62 242
71 285
39 97
54 116
107 124
76 154
4 207
169 199
41 70
123 191
77 89
163 173
101 178
56 263
42 235
127 211
146 170
96 234
56 181
17 153
32 183
144 247
170 243
45 176
250 280
33 250
94 177
145 185
49 120
83 278
15 205
81 278
85 126
277 285
47 165
165 241
203 272
78 163
96 236
107 215
62 191
19 251
100 140
117 282
36 183
2 74
27 98
167 247
19 254
202 221
61 134
194 285
189 292
24 211
186 281
92 237
36 198
202 270
239 282
76 208
72 251
123 210
18 69
71 153
226 278
127 138
10 50
43 286
98 100
52 101
17 125
153 241
29 190
1 272
190 288
63 277
250 270
106 278
10 12
10 72
191 206
138 278
97 219
141 264
230 232
40 176
65 201
78 131
12 271
236 239
17 84
87 229
48 108
177 238
31 255
232 282
33 204
170 199
16 210
118 209
151 177
148 213
98 280
48 247
30 172
131 156
2 56
287 288
55 278
140 228
90 177
43 134
24 61
151 204
27 212
260 275
113 174
100 159
211 259
50 197
220 237
108 123
184 186
124 220
131 273
87 246
82 212
127 253
76 148
17 209
8 76
205 291
73 270
15 179
179 220
44 225
62 159
30 227
84 133
189 256
219 266
10 202
132 263
80 106
147 242
244 247
34 218
146 147
51 177
84 266
63 121
35 196
199 208
187 261
17 208
16 133
51 55
68 255
86 169
173 221
57 74
12 273
133 283
109 289
255 271
11 276
107 289
114 292
68 69
90 283
217 226
31 269
119 165
120 123
107 131
142 278
5 265
65 257
214 286
102 162
90 259
171 237
78 246
116 140
212 254
21 185
196 224
69 271
21 44
146 165
117 188
10 29
214 242
90 115
77 105
192 217
13 53
125 172
23 225
210 249
128 278
18 63
19 233
137 290
53 75
1 175
66 233
77 84
71 87
235 290
204 227
59 130
110 274
116 147
22 198
262 287
21 292
40 291
111 139
120 169
128 188
2 102
55 183
19 134
16 158
42 131
104 236
55 229
54 107
13 65
53 69
54 59
39 285
11 243
206 215
20 42
12 66
190 213
118 289
87 144
85 177
42 276
152 204
134 165
144 210
87 159
64 158
10 222
95 173
86 122
161 243
36 64
1 213
28 131
115 210
90 239
9 130
3 195
86 236
95 228
28 31
80 173
0 144
116 204
182 216
1 76
11 109
83 191
45 130
8 221
153 188
96 255
58 243
131 204
36 46
200 285
206 247
44 62
167 239
68 157
122 149
48 208
11 147
2 48
25 82
122 255
93 194
38 270
106 141
73 148
197 264
139 232
137 144
282 288
44 277
73 243
1 291
112 169
144 213
71 247
41 290
40 124
41 277
21 47
46 118
238 274
112 281
53 249
89 233
55 77
61 66
39 279
153 191
19 88
83 101
38 208
33 238
27 183
160 216
7 28
222 231
162 278
92 117
224 250
137 223
168 195
131 182
201 273
3 153
93 265
174 245
92 281
19 160
89 222
167 199
117 255
14 233
104 106
206 230
107 184
38 162
36 290
75 149
45 168
2 135
7 275
62 112
65 223
10 267
75 254
62 285
37 111
120 134
137 260
69 183
31 63
113 189
35 43
143 222
63 236
46 113
152 250
90 174
229 271
95 115
45 234
140 227
118 233
280 281
148 175
146 163
105 135
18 164
225 248
52 184
163 281
66 231
0 141
8 30
105 212
5 170
128 161
166 260
86 189
162 236
214 232
200 228
54 106
69 110
15 218
22 101
185 280
134 249
35 278
83 118
53 181
236 258
59 158
180 183
170 210
64 260
101 195
276 291
183 196
150 264
48 287
198 265
3 255
84 210
32 246
149 282
76 160
134 214
151 282
134 172
261 289
278 281
216 273
30 129
74 203
181 189
169 261
71 80
137 183
67 160
56 211
1 26
108 285
88 208
183 268
18 287
36 235
103 226
31 61
92 214
28 164
39 128
71 152
120 185
38 88
126 287
138 189
153 244
50 214
134 223
22 72
151 256
155 235
157 238
168 236
35 39
148 287
111 234
151 258
59 111
143 267
83 177
59 125
51 94
119 133
144 290
91 262
109 159
234 280
37 52
170 235
138 244
56 90
158 182
47 251
174 266
5 97
203 283
198 243
39 253
7 263
44 73
78 281
275 291
72 270
64 237
42 138
40 144
63 140
62 186
94 290
275 277
64 85
203 291
80 117
64 227
234 268
18 281
103 177
21 31
10 128
93 151
45 66
100 160
76 114
11 291
112 245
133 199
194 237
30 54
197 252
20 199
43 101
142 233
76 123
256 268
90 250
6 291
72 254
170 286
48 119
193 232
60 98
130 290
62 255
85 204
80 119
184 219
112 176
66 99
24 122
167 284
188 271
26 122
122 265
112 150
146 288
184 241
1 279
152 222
236 278
105 272
79 118
228 270
4 132
54 179
134 200
33 263
43 56
30 196
90 95
85 221
107 136
108 215
44 285
0 204
25 79
165 283
7 279
8 34
144 282
75 106
252 265
177 242
84 126
7 246
237 288
65 263
24 166
193 196
102 104
32 161
27 208
240 287
67 155
9 22
66 275
220 243
60 288
103 156
111 146
121 245
95 191
60 124
120 228
155 157
124 133
89 177
46 210
36 102
67 201
168 201
71 101
79 120
171 281
139 240
140 153
114 213
51 65
156 208
15 77
158 185
54 225
31 156
94 247
190 198
156 280
124 260
166 223
24 245
90 197
107 115
98 191
87 165
1 109
36 56
147 262
47 128
125 227
66 69
6 153
156 288
212 278
185 242
5 151
99 165
43 230
14 65
134 163
36 182
236 287
58 263
145 252
195 207
76 86
44 209
111 259
5 85
146 202
10 197
118 244
158 207
116 220
61 112
141 222
52 266
107 179
105 144
71 114
23 135
121 189
95 202
111 253
59 215
56 190
225 288
1 94
12 249
257 286
4 123
44 149
106 152
29 261
172 177
114 160
50 121
68 272
188 231
251 280
76 80
155 230
65 229
20 281
129 211
112 204
57 277
149 216
169 252
169 258
21 159
141 245
27 129
117 198
111 290
54 90
100 276
117 193
52 132
91 182
201 277
12 177
76 236
120 165
46 246
95 119
198 215
101 243
23 82
23 173
223 242
13 254
19 276
153 264
68 110
179 255
188 244
110 158
3 208
61 160
164 216
229 232
42 117
23 124
124 178
228 276
14 240
129 250
171 251
101 231
105 257
36 197
4 264
219 238
100 126
130 239
42 186
92 146
275 288
126 165
117 120
63 181
20 206
97 275
11 95
95 244
13 213
135 264
196 203
27 288
97 131
4 248
49 175
229 265
160 289
19 73
29 218
143 209
165 169
203 262
84 238
28 233
7 97
111 130
74 87
205 252
162 280
63 292
55 151
45 149
18 103
179 223
29 197
184 270
65 203
107 272
190 261
57 222
206 251
264 265
26 102
215 287
157 213
57 58
13 88
167 181
45 189
120 245
32 283
33 258
206 238
104 275
138 146
62 78
23 266
185 236
59 149
46 149
70 273
115 178
10 168
19 119
124 257
43 220
77 227
60 132
7 124
218 249
32 36
56 185
51 214
223 262
1 139
115 166
10 32
196 211
158 238
3 15
12 112
17 90
37 209
44 205
145 216
218 291
74 82
87 136
3 155
122 207
253 274
200 279
209 264
163 290
115 240
129 145
57 85
64 253
8 236
98 153
23 213
98 221
79 152
9 83
243 290
208 209
124 250
59 92
50 274
138 222
84 251
204 283
31 62
72 229
14 82
101 286
104 249
9 23
11 163
23 164
128 255
7 10
34 82
91 171
72 194
63 150
9 261
148 273
72 245
178 220
80 153
254 260
79 142
5 202
103 196
63 100
208 244
204 290
59 252
207 281
134 201
102 220
92 243
281 288
59 256
202 242
32 210
71 175
92 240
43 73
179 248
18 284
82 90
9 71
18 179
216 290
6 174
163 217
189 255
134 158
95 134
96 230
197 290
78 247
4 232
25 49
61 97
36 65
237 292
166 171
75 135
206 277
229 251
13 204
90 290
186 266
135 247
203 284
9 203
85 244
141 286
116 279
0 71
163 221
72 86
122 235
0 212
8 211
194 227
149 252
60 73
156 290
131 148
207 290
96 243
68 221
6 27
29 115
58 271
111 191
76 103
181 235
180 277
127 247
93 267
91 189
226 245
24 184
199 269
58 145
137 141
10 136
46 145
40 66
64 176
37 114
224 236
101 250
70 271
53 89
138 256
203 216
74 132
5 158
35 120
0 236
108 138
42 121
35 279
18 204
37 77
129 217
111 151
26 86
140 210
32 277
69 87
47 136
205 230
99 209
235 237
58 173
82 271
63 111
212 245
10 280
104 271
8 67
108 157
43 176
18 229
86 285
151 168
109 138
70 172
3 220
45 287
127 290
247 283
59 244
165 290
127 291
48 110
199 260
72 248
202 239
64 139
34 179
125 238
47 60
81 175
67 278
140 193
111 189
15 103
72 137
55 152
18 136
15 67
61 65
21 128
102 286
60 195
79 264
158 234
121 240
106 266
44 150
98 124
86 222
187 233
9 152
19 92
25 246
29 242
88 204
62 103
234 246
138 209
99 156
12 117
129 222
71 204
188 288
119 161
232 275
134 159
99 143
177 230
29 84
13 205
61 154
52 133
11 84
161 231
22 273
277 283
30 76
78 201
32 284
74 286
48 250
7 135
177 212
166 228
77 188
57 123
71 259
103 139
226 274
65 244
36 105
140 276
222 262
41 117
98 212
191 223
83 87
183 207
267 291
145 241
19 258
67 69
84 174
155 193
3 5
44 115
9 76
33 42
81 136
169 193
38 170
49 99
69 161
106 235
34 240
19 139
133 255
160 265
75 234
140 242
24 231
150 248
262 276
106 153
35 163
196 250
39 276
140 269
76 177
41 66
15 253
41 93
92 199
150 247
99 227
28 61
40 164
121 166
194 217
246 266
33 174
187 239
142 197
23 276
88 126
69 75
67 74
21 278
186 192
153 284
3 86
116 228
22 262
72 104
159 285
69 100
187 227
90 111
102 174
151 246
45 121
153 203
26 54
74 178
3 157
79 260
195 212
165 275
84 240
163 180
39 261
4 116
156 193
53 91
162 256
10 37
126 241
102 135
67 247
29 47
81 243
23 42
38 199
5 87
69 217
190 239
241 273
155 221
56 114
173 283
126 233
35 186
68 79
184 256
73 182
201 248
82 197
238 254
2 188
40 247
1 265
81 286
67 143
88 104
185 219
72 239
37 69
165 220
147 174
140 268
172 218
49 146
13 107
187 235
142 201
237 264
78 129
29 139
19 95
5 104
103 262
19 109
262 273
100 173
60 244
232 277
175 184
7 13
76 173
72 122
83 182
149 271
101 252
54 130
166 197
94 198
40 187
20 273
51 141
38 253
103 178
58 206
67 196
9 89
274 291
3 169
126 263
20 215
128 157
13 140
164 239
52 158
208 234
141 154
50 62
40 57
18 252
68 86
45 134
59 196
28 153
101 191
102 148
119 275
48 64
120 122
190 231
78 94
22 170
178 203
141 202
20 34
3 192
76 119
10 216
138 246
23 220
55 290
0 58
22 183
142 189
61 175
72 256
131 161
74 104
108 148
33 197
50 108
23 277
63 122
95 250
286 289
65 259
63 190
1 199
165 199
109 145
170 252
118 144
245 259
87 143
62 75
76 271
120 187
45 142
167 251
217 268
8 245
135 143
211 244
99 151
18 117
20 103
194 229
79 101
83 85
182 248
108 269
53 68
87 89
70 72
244 259
69 149
46 126
39 288
224 225
12 283
195 211
20 24
39 129
50 154
151 219
103 168
30 116
39 200
37 263
32 221
57 272
180 243
95 211
39 43
56 188
115 237
23 221
86 266
21 34
186 197
92 113
120 259
100 123
237 286
87 180
121 263
40 248
67 85
33 271
160 223
75 291
92 144
104 186
58 64
45 266
67 113
14 84
87 277
187 222
261 266
26 119
28 215
13 54
86 254
47 152
38 85
38 248
155 205
0 98
58 65
54 62
139 179
180 269
200 211
164 175
205 222
69 223
27 70
208 276
16 278
131 132
222 252
202 263
219 286
104 221
87 288
141 271
288 291
81 221
11 85
199 214
242 253
131 176
24 91
27 283
255 269
93 137
67 266
59 202
123 214
119 157
23 52
68 282
219 292
65 283
43 198
58 116
121 212
21 133
64 163
19 287
14 259
111 287
52 243
60 80
178 260
153 281
44 181
2 95
43 275
178 188
72 81
33 276
216 276
8 68
171 182
226 267
0 169
103 202
251 258
51 66
51 52
174 176
162 286
164 232
107 161
31 247
4 63
68 257
5 290
59 255
109 162
75 146
125 175
83 173
214 226
75 115
44 243
75 220
149 160
93 119
177 184
111 145
131 135
42 59
81 283
20 239
39 193
55 241
106 273
38 221
188 257
127 234
90 116
181 213
83 114
21 211
215 275
54 202
87 108
115 273
18 219
65 286
23 288
31 85
41 150
197 206
114 174
44 85
43 194
116 212
76 265
101 192
85 190
207 267
30 102
95 280
41 255
184 191
73 265
97 161
34 159
37 180
39 139
37 264
27 39
67 207
161 252
30 121
108 280
39 98
77 281
26 71
13 284
145 217
29 133
8 143
159 178
182 209
199 229
198 199
157 240
80 175
37 90
94 285
66 205
2 27
67 123
67 172
81 289
4 192
182 191
152 187
116 255
51 262
120 171
30 101
241 251
133 265
36 104
140 257
37 43
188 239
14 128
244 285
59 182
90 233
128 138
30 58
47 85
117 202
132 225
230 280
33 181
0 40
186 265
21 108
38 41
221 244
251 270
144 148
8 20
0 275
147 215
5 241
190 221
75 108
60 267
50 182
102 247
128 235
65 147
50 153
19 47
171 202
139 251
82 109
6 275
124 258
41 78
1 144
183 275
94 269
5 187
92 169
111 221
78 81
71 112
34 173
78 286
101 291
9 253
158 275
197 211
137 213
85 214
142 208
199 223
192 255
44 280
90 245
183 185
223 265
13 118
50 199
225 256
203 215
167 233
26 34
198 284
157 178
34 88
31 162
19 33
116 245
122 205
221 277
174 212
5 34
24 218
239 248
60 218
123 223
58 194
140 291
164 196
158 279
67 222
31 181
41 59
11 183
91 120
146 226
188 290
75 212
21 113
281 292
82 207
137 209
7 280
81 138
29 292
159 266
74 251
107 139
71 244
15 285
62 125
50 72
14 289
178 278
153 292
71 207
170 244
8 291
92 198
72 288
92 291
205 281
1 100
99 285
65 153
55 211
40 290
253 260
118 286
24 177
96 153
81 266
129 251
1 7
0 196
204 209
44 47
7 189
62 195
80 81
117 148
132 146
177 275
2 5
123 147
199 245
112 282
205 279
172 251
115 146
154 234
41 207
147 233
131 287
45 229
26 279
223 237
191 237
153 183
190 237
33 188
262 271
57 118
60 180
205 280
123 144
53 83
88 175
96 210
16 135
168 190
88 108
108 114
137 153
120 146
251 259
87 220
58 143
107 244
56 61
228 254
57 267
8 145
33 79
6 199
122 200
18 97
6 191
195 291
92 202
62 290
30 234
74 254
23 125
43 77
11 40
137 179
186 217
154 257
101 155
141 176
248 273
54 259
127 148
175 268
263 269
58 259
134 252
93 126
158 192
1 268
102 145
150 184
63 96
213 272
59 225
78 244
116 131
22 194
39 144
280 289
11 272
55 227
46 245
13 70
44 136
218 286
82 224
110 194
136 189
178 274
58 229
109 187
97 154
165 180
131 137
2 53
249 266
18 194
271 286
4 24
178 247
49 263
180 245
48 159
94 132
64 210
9 95
119 164
63 135
86 119
7 254
20 66
181 200
182 288
94 162
97 277
109 272
25 191
90 210
181 219
255 262
24 271
130 282
0 251
23 146
39 141
35 108
35 276
99 196
74 261
63 129
40 133
98 213
225 239
138 191
13 200
168 181
64 90
79 270
36 185
48 165
114 139
116 252
73 167
95 112
156 285
122 139
90 198
103 283
125 292
45 55
99 114
125 212
30 275
191 258
39 92
191 243
85 281
92 174
102 227
14 34
88 113
101 148
137 230
210 214
6 187
0 271
27 171
42 127
23 32
82 111
123 125
155 223
38 268
41 162
144 278
10 192
145 183
67 98
4 64
96 109
12 174
71 131
43 113
15 221
133 209
16 120
148 178
264 279
135 200
106 203
41 90
206 246
236 265
218 223
230 240
122 161
89 166
17 103
52 155
101 202
35 151
94 214
52 78
76 183
85 201
52 205
104 197
10 156
170 206
121 282
47 266
2 76
51 232
65 177
164 235
233 265
72 90
148 232
69 220
253 272
164 243
38 169
40 286
198 235
207 250
7 290
13 219
119 139
132 222
56 189
31 141
25 240
50 277
168 211
17 50
102 114
24 239
11 81
37 123
38 96
11 86
39 257
203 292
0 183
136 180
87 164
191 232
83 287
173 291
51 64
169 171
146 228
103 223
159 282
137 237
230 247
64 161
5 263
44 155
53 221
198 227
57 192
9 201
41 202
63 87
67 163
38 117
100 170
38 70
198 249
243 273
234 273
75 280
48 244
16 242
222 272
16 124
113 182
82 263
153 168
88 210
48 51
132 230
27 266
17 40
112 255
257 268
33 50
207 280
1 86
108 234
115 122
50 266
116 254
214 234
205 283
15 216
15 90
117 268
1 239
23 252
78 130
153 225
70 207
23 168
152 165
69 273
17 264
64 160
115 158
69 141
11 251
63 280
116 153
117 243
148 254
281 284
34 196
93 237
205 241
48 88
28 180
30 218
50 192
0 278
198 260
58 289
46 192
145 161
46 197
2 22
31 93
72 78
67 283
232 241
35 119
10 277
36 77
208 279
24 121
13 157
96 163
85 203
58 78
143 270
21 155
18 286
94 144
211 264
88 109
162 290
28 85
250 275
1 42
9 90
132 196
53 59
103 273
172 213
74 131
131 275
41 244
9 96
12 64
77 204
6 79
69 164
137 263
217 248
149 186
209 283
124 232
39 75
238 290
32 268
9 251
7 55
74 130
48 148
257 270
19 219
65 232
249 256
30 53
76 81
189 232
20 127
0 8
137 152
42 283
68 121
205 256
20 169
148 220
178 225
114 150
113 215
227 267
203 251
67 104
98 149
79 236
193 235
227 254
12 29
6 252
50 102
180 288
15 262
97 251
121 123
46 110
113 257
76 78
149 251
100 186
188 260
201 285
133 184
52 76
17 169
127 292
248 282
5 201
253 269
34 256
103 133
1 187
24 40
46 229
265 272
154 173
134 243
151 259
133 261
0 193
130 245
166 262
52 213
5 163
104 250
267 287
54 222
39 47
153 212
26 92
8 42
78 152
27 292
82 105
246 288
43 178
85 116
53 211
100 240
18 39
0 101
128 238
100 137
14 97
87 205
43 246
8 12
119 280
57 252
57 247
66 164
169 190
154 183
88 256
13 161
134 176
121 257
67 195
101 167
31 165
21 85
95 201
35 69
91 269
43 70
99 276
94 259
81 143
37 241
113 173
24 78
60 176
24 100
74 80
135 161
81 246
189 280
203 237
146 243
90 160
42 256
46 180
119 282
40 175
188 253
122 182
69 130
58 217
78 161
171 273
75 211
23 154
4 165
33 290
45 233
37 278
132 292
132 164
67 189
186 231
225 282
200 263
4 46
42 199
129 202
122 141
182 258
114 184
184 188
156 236
202 234
2 157
91 114
123 228
10 172
184 255
65 79
38 242
134 266
60 137
3 66
181 277
263 291
65 274
89 245
93 102
42 149
30 247
258 283
72 258
110 273
117 247
100 164
124 221
146 287
208 286
67 223
223 241
5 130
158 201
13 131
36 204
44 247
66 176
13 71
58 135
52 114
60 245
98 218
65 106
239 244
11 131
125 157
32 125
14 248
14 151
23 174
112 179
212 261
53 137
148 286
169 189
153 285
108 201
247 289
15 246
226 231
143 198
117 155
90 150
138 264
6 124
59 212
169 226
218 220
116 247
32 117
9 173
66 251
90 285
164 177
4 22
118 126
188 284
66 156
36 95
0 31
215 229
59 65
71 160
84 162
192 284
63 241
104 180
66 193
251 272
30 41
13 116
127 286
251 289
38 282
143 281
33 115
16 67
2 73
214 278
138 227
27 219
91 249
244 284
164 185
106 112
77 268
29 42
156 228
33 122
144 170
148 223
114 134
113 207
86 275
132 284
141 161
140 219
54 158
249 288
146 186
90 98
49 159
121 280
63 283
17 261
158 216
132 138
71 241
108 246
267 279
164 284
51 190
16 266
146 173
22 137
128 196
84 186
6 118
5 156
90 159
129 190
24 163
4 164
38 275
88 141
45 171
183 235
84 140
198 224
198 239
50 239
50 74
77 158
16 183
148 159
184 249
66 109
144 180
203 249
178 181
150 157
135 290
73 234
91 170
101 118
207 211
172 188
123 160
165 249
120 121
149 167
52 131
208 280
207 257
71 182
65 134
15 93
22 44
43 199
32 86
69 160
137 205
237 261
85 273
61 84
121 204
39 59
213 261
72 249
30 59
22 143
129 281
148 234
106 122
135 255
29 154
109 204
165 265
39 228
47 139
19 288
70 171
5 55
167 198
58 260
270 290
83 289
139 237
12 142
7 202
78 159
19 156
90 248
43 204
157 217
19 285
89 211
75 154
105 187
50 183
116 282
80 190
160 251
134 251
30 282
240 260
48 180
219 259
79 151
26 261
76 149
179 271
62 205
60 86
62 182
9 10
114 264
50 134
89 90
184 292
35 142
118 217
52 112
72 264
27 86
38 292
270 271
78 183
27 31
84 191
64 273
127 220
81 153
211 213
190 242
24 274
17 290
47 261
40 72
22 286
117 184
109 292
56 213
56 255
29 216
179 185
167 206
92 266
202 241
62 117
14 126
50 81
38 161
51 277
95 288
34 184
80 95
70 169
71 195
60 61
120 125
67 118
52 156
110 249
31 154
137 229
17 89
65 100
74 242
117 267
148 251
92 177
12 260
40 262
140 265
43 237
12 223
39 265
31 108
188 272
31 289
180 262
72 224
93 178
65 206
5 94
116 261
214 243
123 283
93 218
93 193
146 213
64 79
182 226
158 231
62 84
143 211
49 121
25 119
176 260
70 107
26 272
101 165
153 199
192 289
264 276
121 155
254 267
63 146
240 274
26 150
102 229
47 115
177 292
38 138
5 81
77 120
38 181
188 235
165 238
13 187
49 253
51 238
129 278
156 276
60 223
19 51
44 199
14 197
171 195
13 81
189 228
98 167
56 212
23 232
175 272
115 170
61 201
18 138
185 259
28 290
48 264
135 141
75 222
7 187
161 284
92 120
13 241
81 257
70 262
134 174
93 205
89 96
182 252
139 278
34 259
79 159
0 257
15 243
29 289
185 269
161 276
92 263
148 263
77 198
213 264
207 209
140 173
90 96
6 95
69 90
183 193
159 265
3 82
90 275
76 156
156 254
154 226
84 131
78 288
170 226
30 268
37 166
3 93
102 201
40 79
209 238
170 267
63 266
84 138
110 242
68 227
206 253
18 241
111 210
7 144
47 163
91 102
9 288
148 233
78 105
27 90
31 105
102 258
49 148
80 289
92 259
93 181
52 159
183 265
153 274
142 147
164 234
213 280
88 230
83 165
55 81
146 273
136 217
50 290
28 41
61 104
4 119
62 146
64 290
131 212
155 272
70 202
100 237
10 185
123 235
182 220
81 141
26 220
156 219
1 41
169 263
13 212
33 209
50 289
5 118
25 205
45 67
108 236
186 287
74 193
198 281
19 65
123 181
97 233
30 250
111 267
185 212
127 202
276 277
184 230
132 203
130 225
0 159
39 143
53 160
125 241
25 172
79 156
8 288
40 180
200 280
235 267
53 159
204 282
92 179
23 152
29 36
220 277
72 128
99 218
55 261
15 106
87 107
207 272
162 261
181 214
196 272
199 261
76 163
161 249
17 155
30 289
57 167
9 183
135 277
131 201
20 190
5 137
84 201
258 281
181 211
161 291
179 247
15 35
97 150
98 269
79 201
67 231
207 246
27 72
136 160
126 173
240 253
33 190
6 248
71 118
34 252
212 255
100 209
65 131
187 241
13 290
43 238
36 132
34 74
36 120
75 238
86 175
33 40
59 276
232 266
18 216
135 146
158 166
60 152
12 105
108 154
86 278
21 251
1 135
42 86
69 107
55 59
168 231
77 129
19 274
17 59
103 276
72 197
212 270
137 286
116 178
89 220
78 220
55 269
158 232
114 143
99 220
74 115
226 249
1 75
20 99
59 162
18 162
23 148
97 138
270 287
95 235
111 166
209 242
165 234
57 166
101 140
56 155
78 174
211 235
89 164
77 118
151 234
196 215
36 220
100 289
95 264
176 187
136 138
58 250
92 145
10 241
74 156
50 288
123 287
39 135
209 282
165 263
63 225
65 230
93 183
157 195
55 202
10 104
94 184
51 139
137 197
36 147
18 22
18 110
111 187
91 104
73 143
241 258
254 280
61 231
128 179
169 241
272 287
66 117
41 130
38 92
2 129
157 184
6 254
101 173
211 275
230 258
176 288
89 265
155 282
120 226
207 289
168 186
10 200
55 257
51 280
0 62
12 272
117 185
282 287
33 231
47 242
52 201
37 183
74 186
84 99
98 227
124 252
59 273
25 182
80 207
38 87
25 33
93 263
100 188
103 220
76 179
22 82
217 269
38 152
187 290
41 133
154 276
8 225
12 19
2 270
133 216
173 267
217 265
127 180
10 292
14 129
197 273
3 50
105 176
148 200
139 288
132 197
15 182
82 115
155 290
116 249
64 156
120 196
19 238
104 143
7 81
112 235
50 213
221 250
74 252
141 150
51 265
150 158
140 147
119 175
23 272
196 242
2 98
96 162
20 258
29 182
96 256
190 267
94 153
91 129
183 262
47 227
62 127
84 270
227 256
165 187
41 231
246 271
23 212
39 90
126 192
1 211
271 280
32 146
17 156
55 111
161 238
241 264
228 274
101 223
23 287
162 279
209 261
153 192
120 164
132 133
31 209
2 265
101 219
16 111
240 268
53 76
177 228
4 195
117 208
43 164
158 235
159 262
68 164
16 258
48 288
151 216
189 290
146 270
56 223
43 270
48 265
84 245
11 186
59 116
199 273
61 156
200 236
118 122
21 234
70 213
75 143
59 258
163 274
18 225
13 33
166 199
2 261
30 109
2 280
38 225
145 234
151 231
101 154
97 180
41 80
104 244
6 261
7 235
125 235
161 197
76 184
36 207
107 164
70 143
48 279
44 220
81 240
167 201
164 282
143 271
24 165
199 241
72 139
253 277
30 32
157 282
173 287
100 232
84 256
137 284
100 150
181 272
69 89
211 280
219 291
27 236
57 81
247 268
60 225
132 201
56 127
33 288
50 259
189 240
199 233
177 229
52 94
69 135
93 279
128 265
66 82
266 288
238 289
36 203
176 274
69 292
86 135
217 285
149 205
15 283
110 261
169 253
17 170
12 108
117 172
92 235
164 176
9 202
56 154
5 38
2 224
0 121
35 285
159 221
186 259
181 208
64 114
159 224
84 244
115 212
23 155
86 168
49 280
156 287
38 55
10 49
61 204
54 161
18 155
85 119
230 289
108 222
187 237
79 249
135 223
211 252
245 268
145 242
52 224
29 118
109 167
165 184
60 196
23 24
18 159
22 110
192 287
153 216
137 221
75 240
47 232
108 203
51 268
163 259
130 172
63 144
39 271
96 214
169 282
204 212
74 190
173 202
68 133
124 147
108 254
149 212
34 230
171 222
172 268
247 256
100 202
70 147
101 163
255 267
165 262
13 154
65 253
74 255
45 63
80 288
128 210
89 242
98 248
21 188
75 208
89 114
162 182
52 218
171 275
34 250
14 194
103 126
82 291
129 236
15 211
69 117
16 68
18 98
120 249
97 163
269 279
171 174
9 165
16 84
169 187
131 214
185 252
23 246
114 190
78 253
93 99
24 52
130 247
166 278
251 254
1 21
143 153
70 168
130 260
169 214
215 280
12 251
232 240
85 242
20 198
228 289
7 191
42 290
181 286
232 276
131 222
194 200
20 37
62 179
1 146
185 221
51 154
87 154
6 177
45 74
126 268
168 237
161 204
243 254
84 124
58 105
93 281
162 195
248 261
203 280
2 77
263 265
17 220
230 287
37 223
167 249
181 274
40 48
155 244
230 239
149 176
56 73
115 123
73 120
25 69
48 284
156 188
87 192
39 178
30 123
260 278
95 248
77 187
34 188
73 284
69 144
87 218
92 275
136 161
100 184
44 79
55 250
101 199
135 239
229 270
188 201
42 228
20 288
30 291
38 90
4 15
128 195
109 180
177 285
171 264
25 268
88 266
98 160
99 160
49 173
93 160
89 196
164 257
66 186
87 101
39 150
130 194
15 270
67 108
148 180
49 191
52 232
145 235
152 248
67 93
60 270
151 270
43 218
32 252
275 292
189 223
150 161
63 78
206 223
82 206
66 194
204 262
27 185
31 138
98 141
1 222
130 243
219 273
123 255
65 246
0 235
206 245
195 290
152 214
108 272
48 86
4 280
47 260
20 287
40 75
9 273
163 204
53 192
102 203
110 172
140 223
48 241
20 138
9 185
60 167
186 219
165 208
11 265
79 268
126 218
136 234
78 106
176 179
70 157
126 292
39 183
76 195
166 280
12 128
273 277
216 261
206 290
134 267
199 255
80 280
84 139
206 209
21 84
1 78
123 173
69 291
153 213
14 21
237 257
61 94
107 172
139 188
141 160
150 201
14 282
172 274
59 211
156 172
46 119
107 229
148 181
83 145
98 117
69 74
44 69
80 195
50 127
269 280
42 183
63 290
24 238
15 43
38 163
97 166
191 267
93 176
124 174
127 276
6 194
16 248
54 142
73 288
118 251
132 213
5 252
22 179
159 289
139 141
9 80
68 83
21 33
180 207
71 120
42 87
143 156
39 224
184 254
4 189
257 271
22 48
43 94
29 284
166 188
68 273
260 274
167 184
164 252
14 54
28 125
5 7
175 224
125 255
45 135
109 283
38 204
55 78
122 169
15 170
49 166
161 254
228 286
200 281
71 86
139 266
206 234
36 195
197 216
29 205
101 169
205 221
40 274
13 232
41 221
221 223
30 66
155 233
81 160
21 253
68 290
190 194
118 165
46 115
234 276
179 278
27 88
42 268
16 195
248 278
155 168
49 150
99 113
1 183
9 157
11 90
36 108
198 222
54 191
90 228
172 234
166 239
54 100
56 219
183 244
34 193
206 258
146 157
74 142
169 274
22 249
62 109
91 146
247 255
142 205
230 276
158 229
14 278
127 156
127 246
109 135
46 269
66 118
150 214
98 188
138 145
75 256
93 235
155 186
67 215
186 256
31 56
2 212
4 34
99 257
155 268
3 156
118 247
16 93
236 280
3 39
57 80
146 256
237 239
184 207
87 222
38 134
110 244
172 193
24 201
74 213
116 286
16 173
6 186
34 124
212 291
148 272
88 139
28 51
32 292
63 67
68 238
275 286
71 150
154 256
8 33
120 230
91 126
49 129
75 278
66 101
66 224
186 268
241 254
10 162
35 93
156 184
75 189
87 271
194 257
189 276
30 266
2 103
159 278
13 236
14 60
66 132
77 248
256 271
170 189
83 230
38 75
25 37
171 216
192 248
74 75
123 146
115 155
59 242
63 88
14 266
73 187
0 156
185 233
16 213
272 273
4 245
120 258
57 262
82 245
148 171
206 259
106 182
49 155
88 120
111 153
188 234
154 238
104 287
36 83
113 181
114 119
91 111
163 176
72 150
6 16
209 260
36 267
223 235
98 271
224 290
58 153
24 225
187 232
9 264
11 263
25 36
24 188
22 88
25 181
117 284
98 283
62 169
31 223
164 165
61 226
70 244
85 207
108 169
117 169
145 283
136 196
200 290
172 244
17 73
163 212
112 257
202 254
64 234
198 203
118 156
75 128
133 228
196 238
24 261
2 92
260 281
86 113
74 266
81 249
48 59
125 243
127 203
59 286
38 64
72 85
211 267
243 248
10 230
41 106
189 244
68 131
160 233
169 236
78 226
18 187
26 199
61 237
208 272
185 191
204 276
6 86
206 264
130 160
138 235
143 171
34 209
49 160
107 227
109 250
222 273
130 221
181 220
265 278
160 213
146 229
10 113
156 167
233 242
189 210
10 227
86 109
89 95
81 122
22 31
27 187
106 124
165 195
139 217
32 262
120 252
184 263
34 73
95 196
59 155
85 198
63 248
128 280
3 176
79 279
139 149
151 226
159 226
139 165
79 170
83 117
93 292
23 196
145 263
159 162
199 230
77 276
4 26
49 101
37 231
186 209
71 279
76 182
114 288
193 227
23 209
89 203
133 246
61 180
17 95
137 216
81 220
19 182
124 216
144 167
26 125
34 274
128 245
213 287
77 149
115 140
220 289
95 263
33 221
193 263
141 281
16 245
242 251
9 195
230 255
133 150
0 65
207 236
189 246
150 160
83 141
1 191
149 150
106 274
63 93
133 178
92 176
54 281
92 162
11 92
105 233
156 268
209 273
53 94
140 260
17 239
90 144
124 207
168 217
150 189
201 286
83 175
37 265
19 116
128 147
10 43
45 91
42 123
122 196
32 228
144 150
12 81
102 175
110 203
177 204
153 172
2 25
180 231
39 235
136 256
62 70
15 66
217 277
66 263
231 280
26 183
99 146
56 158
52 165
23 263
27 284
48 84
202 251
180 221
235 257
149 222
107 210
167 270
92 188
195 209
34 151
132 254
82 152
62 102
3 249
240 250
171 261
63 174
37 88
42 249
22 131
22 254
91 103
101 186
85 103
0 5
127 265
5 207
99 131
16 19
95 137
186 285
67 269
124 138
180 267
27 78
99 139
88 124
264 289
143 255
222 228
81 93
170 184
89 130
145 196
152 235
14 42
137 195
69 240
128 237
54 217
69 245
29 59
121 211
80 177
226 282
259 288
190 289
71 242
76 157
187 260
5 15
122 216
50 198
61 267
206 271
155 260
25 151
154 204
4 55
25 261
60 174
39 289
98 130
6 237
242 264
43 257
58 196
12 111
107 134
51 211
273 287
107 225
134 212
240 267
25 270
43 215
134 231
145 218
128 266
44 89
258 270
1 247
30 147
208 249
238 280
174 273
261 286
102 257
12 22
23 64
41 191
13 15
21 87
52 241
33 105
139 283
11 176
170 238
218 287
17 47
60 184
82 268
0 20
10 142
182 283
44 65
19 199
187 267
64 231
130 168
41 249
203 243
51 287
47 243
91 290
54 60
31 100
158 270
27 149
192 239
58 119
149 287
77 203
98 284
20 94
159 279
105 279
107 158
193 198
226 228
14 25
170 284
3 266
200 247
236 242
68 147
17 286
12 36
118 216
131 196
105 174
132 152
44 235
85 291
36 189
189 279
61 210
59 143
140 238
55 190
107 140
73 282
9 27
81 272
151 272
65 291
85 289
60 114
225 258
23 211
118 177
14 227
104 135
39 151
172 240
34 152
218 219
80 188
213 236
178 205
108 185
67 204
7 148
43 45
39 203
36 192
147 165
80 223
25 107
49 141
121 176
42 207
147 264
55 184
16 235
98 150
154 214
50 135
91 292
226 261
162 163
9 126
8 188
80 231
7 134
141 260
215 264
181 202
53 197
71 133
141 177
127 199
9 17
26 194
183 220
75 218
72 102
51 259
154 166
205 232
24 116
67 80
259 263
1 4
105 173
121 143
136 274
28 159
7 283
87 239
187 255
185 271
84 209
43 180
217 250
14 145
11 16
26 81
99 232
216 238
103 207
38 104
20 236
29 196
54 55
86 251
74 116
171 243
205 227
145 273
138 175
68 80
42 241
84 228
180 205
121 141
104 282
5 189
24 232
114 192
8 122
16 89
210 265
75 253
41 222
51 109
62 278
143 195
202 284
55 170
17 105
48 231
135 184
110 185
123 277
26 75
64 121
117 274
98 267
19 284
27 37
139 157
60 216
89 148
188 275
38 148
250 273
113 167
18 207
50 89
164 278
152 281
19 24
3 114
178 239
120 281
126 188
156 192
1 241
53 279
48 160
106 261
226 283
121 154
148 276
133 161
78 273
90 264
153 206
20 105
142 174
110 199
78 128
49 226
254 269
73 109
53 180
103 129
144 252
31 238
106 212
103 148
84 120
81 183
152 292
101 285
42 63
7 266
182 251
60 250
20 35
57 289
152 193
167 217
134 275
206 275
142 266
133 162
121 289
142 227
40 177
156 246
245 285
241 265
82 290
21 250
54 134
142 148
80 90
18 142
59 250
128 207
26 227
60 126
62 134
192 274
6 205
137 268
49 71
152 277
242 248
120 270
153 209
60 286
68 150
61 148
42 225
28 60
24 187
261 269
93 142
3 10
28 114
168 179
94 241
4 286
20 69
33 224
28 54
56 94
23 76
83 209
9 128
26 214
268 292
140 155
84 129
224 256
33 150
279 284
70 282
66 183
135 147
124 248
165 173
126 134
59 96
106 276
278 285
2 223
15 158
201 206
27 280
33 86
84 97
12 238
140 280
92 173
241 255
171 265
152 209
140 267
203 268
25 187
62 76
21 121
8 233
72 88
98 181
55 272
93 187
129 185
200 266
234 275
53 106
139 252
71 191
56 92
203 273
25 209
122 155
29 185
15 37
91 127
73 250
141 216
193 234
148 264
57 142
7 39
131 172
147 270
243 291
62 240
2 121
122 133
155 285
46 194
227 269
153 250
160 256
162 227
52 88
127 269
78 204
22 162
124 130
32 289
61 81
75 152
177 224
44 139
162 194
18 132
66 79
243 264
119 124
252 292
29 290
200 223
97 216
77 152
126 262
282 283
126 283
73 202
4 227
219 253
22 73
66 240
144 194
134 242
14 207
101 280
10 38
103 259
53 132
2 214
164 291
204 269
8 138
19 191
153 215
47 120
173 182
65 170
123 124
45 218
127 151
87 93
41 76
111 222
118 176
83 161
81 281
74 99
108 188
7 79
78 179
34 102
69 210
19 132
140 275
199 247
78 212
117 261
108 262
39 91
36 96
45 278
277 284
200 262
41 52
138 226
211 250
267 282
86 190
138 153
158 243
142 188
10 112
221 236
206 221
265 286
103 118
155 201
215 231
229 273
181 268
17 196
108 265
121 186
8 128
12 191
26 223
222 289
13 59
36 254
1 68
140 243
31 212
123 226
134 166
18 56
98 279
127 210
21 223
17 163
54 96
173 218
160 255
149 224
159 171
108 248
109 221
77 287
155 269
44 166
30 125
114 267
202 289
135 261
31 279
138 213
28 195
138 169
86 102
153 270
30 228
23 189
119 163
128 263
227 251
186 254
34 60
154 243
248 285
104 219
147 201
72 284
63 249
128 181
160 253
55 75
52 231
105 219
27 57
47 137
221 268
16 168
110 219
166 189
174 238
34 67
150 292
26 107
45 49
193 268
144 173
32 182
17 81
13 176
93 146
17 266
178 209
146 167
104 140
65 110
10 64
87 279
45 157
234 271
188 238
95 174
95 255
178 183
135 174
11 267
80 161
58 82
208 269
118 203
136 155
26 291
219 227
107 211
251 285
67 135
103 105
187 230
168 249
83 168
47 192
98 209
45 258
64 272
59 199
97 229
6 213
139 218
83 116
59 118
266 273
109 165
39 264
12 51
34 92
222 248
106 223
228 291
175 279
35 46
47 64
89 101
201 271
248 264
3 289
103 122
97 256
61 83
93 221
49 291
0 140
47 133
110 226
51 193
136 273
272 292
5 116
39 234
47 186
70 141
61 155
195 283
124 131
7 244
146 201
111 152
257 274
35 85
266 291
183 266
0 170
101 267
13 244
88 195
95 178
39 225
148 195
48 71
28 274
64 276
178 227
44 190
264 271
40 250
88 94
148 156
154 219
17 213
65 187
124 233
42 60
81 121
26 180
20 89
151 265
215 249
239 279
90 291
75 263
217 239
89 249
169 196
191 277
97 282
112 236
21 68
190 204
56 162
43 174
208 251
176 200
181 188
155 198
142 215
43 72
134 193
86 120
109 257
0 254
113 289
56 60
34 265
9 20
29 101
3 80
185 288
62 110
125 273
88 284
6 164
58 216
17 237
233 252
14 264
37 252
116 132
12 135
107 248
122 244
32 141
129 200
132 139
27 116
83 263
54 223
166 282
131 142
143 273
146 181
219 228
166 226
94 237
28 291
77 230
140 156
275 284
19 178
43 136
174 241
105 270
43 195
84 175
58 165
2 23
154 179
142 146
8 111
0 69
207 243
180 237
257 273
75 89
31 235
93 162
80 194
104 111
72 101
6 129
262 270
108 156
191 279
82 210
11 195
28 207
85 290
71 262
27 34
14 61
25 231
8 283
158 272
62 143
59 254
6 217
100 238
88 93
127 238
63 199
34 262
80 82
77 101
48 136
47 138
70 209
54 200
55 130
63 170
27 102
20 172
56 86
150 179
27 28
144 288
81 268
89 258
17 41
25 117
43 208
206 249
135 251
44 179
119 205
57 185
59 179
67 186
74 184
60 157
9 160
75 124
37 167
117 199
88 133
87 207
0 74
103 261
208 214
219 251
236 243
110 151
54 113
213 258
62 97
85 211
4 77
141 196
95 221
31 118
211 222
125 277
171 208
1 141
80 162
92 262
97 186
105 159
103 212
211 268
85 131
103 271
178 199
79 106
29 246
93 127
40 91
176 275
55 207
193 279
151 186
185 284
235 275
42 232
262 269
15 112
83 208
137 238
12 157
184 287
119 127
4 273
1 19
39 218
57 271
185 223
2 80
32 128
56 148
11 273
167 173
14 268
160 244
128 292
16 154
255 259
63 90
79 179
244 281
175 247
188 205
12 47
87 234
140 213
52 200
150 242
128 276
3 270
119 187
91 257
2 11
9 250
48 111
219 233
52 84
76 234
188 203
163 165
32 111
44 262
116 173
7 123
78 98
101 103
167 187
36 100
169 239
11 248
55 199
123 233
129 291
145 159
11 116
87 113
173 259
168 245
0 163
211 238
194 234
78 245
0 53
134 153
237 280
167 183
83 254
40 173
75 268
8 151
65 77
121 193
8 85
50 271
190 266
162 276
3 191
5 159
119 148
31 64
55 70
65 132
108 205
27 145
167 224
35 202
111 261
174 195
131 213
78 224
137 276
95 111
101 187
245 267
55 103
153 267
71 108
48 134
87 225
107 168
145 231
126 219
52 61
10 13
146 179
100 105
122 178
88 234
97 235
185 237
190 219
41 266
130 156
10 164
46 244
99 110
54 131
1 208
80 198
204 271
288 292
119 289
85 238
15 76
2 143
203 209
132 200
207 240
44 182
14 77
200 251
3 112
225 274
243 275
16 130
122 180
289 290
16 139
119 140
102 161
115 243
209 274
105 229
53 86
189 248
171 225
27 248
8 230
53 138
193 291
42 211
149 209
73 117
96 257
266 285
190 245
44 173
52 139
18 236
111 276
75 76
162 259
48 171
11 188
170 229
171 193
29 213
30 287
205 239
70 73
7 68
72 127
191 251
3 226
66 185
13 142
84 264
168 212
25 38
175 269
86 258
4 130
40 268
124 229
61 70
103 198
68 139
202 204
37 254
189 236
44 174
19 138
140 201
31 199
138 180
245 288
33 256
83 261
96 250
78 166
17 176
27 125
33 71
18 48
23 282
5 234
190 247
157 185
152 213
101 164
123 165
22 30
199 211
112 248
84 211
42 142
138 197
15 252
166 279
10 270
75 285
125 239
89 136
124 193
39 154
132 290
159 287
8 229
71 105
66 211
62 148
97 167
60 224
166 273
136 150
17 194
141 262
96 206
252 254
138 149
63 143
88 178
11 120
182 260
196 288
156 185
118 149
225 283
66 243
96 172
23 149
4 182
137 207
73 278
100 233
46 201
149 279
67 128
83 216
157 263
58 117
183 198
36 167
267 272
14 113
168 286
220 238
61 75
95 253
217 274
138 188
73 98
74 170
121 133
143 253
26 100
1 85
126 183
74 289
93 107
144 191
40 239
80 146
75 88
70 235
49 111
84 246
16 136
178 248
16 129
48 104
244 275
102 259
37 187
119 149
264 272
127 278
6 22
71 256
83 94
2 162
93 167
174 234
13 72
135 201
81 162
30 159
130 213
229 236
79 93
38 71
132 140
2 176
68 101
275 285
77 195
80 185
225 292
60 242
85 98
7 40
14 292
246 252
143 243
242 263
60 251
5 208
172 273
44 102
158 161
69 289
35 192
23 145
18 274
239 280
165 232
33 116
208 246
148 249
44 281
53 66
30 119
172 261
44 117
147 166
169 202
150 183
61 105
81 276
55 118
149 254
240 248
7 186
157 189
227 263
31 259
79 199
203 241
97 227
166 211
125 284
144 155
144 197
116 137
37 291
93 174
15 19
55 142
94 222
47 141
19 135
160 247
130 161
134 247
132 229
48 117
33 202
102 181
151 195
25 32
74 223
20 266
150 221
42 64
57 215
68 268
97 266
161 266
162 226
184 216
69 185
67 149
48 149
78 290
157 253
202 285
26 137
93 192
181 243
141 200
148 154
209 243
60 110
7 183
112 238
231 241
40 155
75 224
44 93
50 240
62 164
177 231
24 190
37 205
82 257
185 230
16 269
88 222
19 121
79 209
28 94
68 141
180 240
32 91
191 195
56 292
121 243
33 62
88 282
2 51
1 258
62 142
176 227
69 174
147 148
38 72
28 186
41 215
35 267
12 32
125 131
172 226
92 277
79 86
185 226
0 274
5 224
137 243
42 77
20 48
65 211
5 285
180 248
25 251
198 214
73 264
68 283
208 221
34 122
63 286
108 120
146 168
126 212
161 210
123 172
76 225
110 251
176 262
142 165
100 107
32 115
76 257
175 249
4 142
147 200
118 246
97 283
4 267
9 166
160 286
29 144
69 198
80 102
10 119
85 199
46 78
265 281
23 185
77 185
75 251
128 272
136 221
208 223
31 131
130 151
123 170
29 277
20 140
88 89
204 288
28 97
80 167
195 215
25 259
15 189
7 67
98 122
6 131
108 238
14 135
134 189
92 252
11 184
191 241
103 257
58 211
131 227
83 242
186 206
160 195
33 189
21 55
110 281
168 220
27 264
136 169
15 98
109 116
180 251
225 265
110 132
97 195
147 163
150 253
53 99
50 87
30 178
137 283
167 267
167 248
12 45
3 99
188 189
78 92
34 72
260 271
15 192
138 167
139 233
52 179
144 284
35 231
19 236
48 157
44 46
25 265
183 289
25 149
255 280
5 39
37 226
177 274
202 269
85 132
235 270
200 205
26 77
181 238
26 47
62 177
32 263
66 262
56 57
89 151
79 194
209 235
15 257
13 186
213 259
134 210
122 154
109 202
169 216
96 174
64 255
14 212
200 289
23 111
203 250
181 212
161 178
36 288
44 228
216 230
236 256
72 121
31 219
242 250
138 196
5 14
18 130
74 159
65 222
2 269
154 267
10 271
121 276
161 195
25 141
132 172
201 274
73 276
91 213
44 195
29 183
57 190
170 266
214 249
144 216
20 217
66 123
159 189
29 193
167 194
82 98
22 157
229 248
196 268
97 100
19 124
122 233
120 266
220 252
43 228
95 192
14 78
103 265
250 268
217 288
153 243
174 248
89 116
6 277
57 244
34 81
69 91
82 94
152 262
67 73
195 268
281 289
5 69
240 254
47 92
58 255
27 136
2 40
117 145
42 263
82 183
54 109
104 223
159 261
163 185
101 283
67 274
107 217
23 166
89 119
131 186
121 175
49 151
25 56
220 235
94 279
147 204
130 188
101 288
42 189
94 137
8 248
23 31
230 250
145 239
95 266
17 288
81 106
11 19
145 172
58 174
48 177
85 99
35 176
1 62
102 212
58 189
254 291
126 182
147 182
163 229
31 200
181 259
81 128
116 174
156 238
80 256
2 96
45 169
72 177
44 80
18 171
40 55
87 112
144 285
144 220
10 155
12 178
277 280
141 246
121 285
20 262
234 278
87 122
55 114
34 277
21 46
258 276
170 259
78 218
114 116
133 256
59 246
23 204
131 173
33 270
12 233
41 165
77 288
58 146
80 128
39 148
60 148
181 245
117 241
10 126
32 194
79 278
79 147
52 102
43 253
52 119
214 238
39 177
31 111
54 187
35 103
35 185
171 252
82 211
204 249
113 168
56 209
100 201
143 199
27 64
102 248
228 245
112 274
149 285
175 185
208 289
75 81
44 151
58 106
38 256
128 162
237 272
33 73
31 46
144 146
0 93
10 158
4 135
163 279
27 45
19 86
46 182
36 222
130 236
58 68
90 205
197 231
159 173
88 260
52 236
67 277
95 187
19 43
85 105
79 154
13 194
11 48
252 286
36 155
235 271
120 161
107 147
89 199
8 246
99 255
134 284
1 198
90 135
136 214
101 160
92 96
76 200
56 149
10 62
186 224
104 256
51 271
95 237
217 291
53 215
108 167
119 190
139 234
4 75
31 171
110 192
0 157
57 242
19 113
151 214
83 285
43 160
94 248
143 261
45 228
31 86
224 240
100 207
196 227
84 227
147 292
225 237
32 62
66 97
59 165
180 252
117 266
72 106
83 169
64 251
115 163
47 182
166 276
163 220
139 212
64 223
14 67
68 250
24 206
242 281
140 205
5 6
162 251
143 183
175 280
81 202
185 188
45 185
74 135
186 280
36 223
40 54
163 261
282 285
95 197
131 149
62 133
102 199
55 263
62 151
43 280
56 273
145 207
150 196
42 237
15 42
112 256
131 215
98 244
28 121
29 82
85 144
99 233
213 291
35 168
28 260
140 283
51 236
154 211
55 254
11 269
29 66
269 281
93 289
1 184
62 203
65 112
107 224
205 211
174 219
38 211
180 281
20 178
74 278
14 166
198 204
215 283
94 111
24 185
212 232
92 206
27 62
109 176
167 204
233 237
56 258
155 275
68 215
7 155
83 224
0 224
114 159
107 188
12 17
57 150
128 144
234 290
70 101
206 210
79 277
250 251
242 258
46 55
103 165
5 185
38 178
216 256
1 58
76 101
112 146
50 136
8 108
78 198
214 247
160 234
66 226
17 279
53 100
120 132
38 247
113 133
24 25
114 149
146 235
40 254
166 224
43 122
182 187
6 21
3 68
53 142
20 267
101 276
21 246
91 159
207 247
245 271
54 171
182 228
113 262
194 245
50 126
3 44
104 109
95 104
21 80
88 101
73 181
153 279
98 125
43 107
41 50
10 204
76 210
100 256
71 132
76 82
140 254
22 247
109 115
180 190
60 186
22 119
162 187
42 159
120 272
32 256
21 229
200 273
42 252
44 260
183 274
18 237
145 224
234 242
1 102
146 153
169 177
172 192
138 245
126 144
159 232
40 190
68 72
89 108
107 150
242 286
154 274
158 224
141 184
38 279
150 215
61 245
48 256
184 214
218 272
45 96
234 285
49 262
20 230
49 256
122 280
10 211
37 174
182 250
137 240
61 121
58 138
180 263
14 83
124 215
157 269
153 221
34 70
101 234
18 59
3 91
155 256
84 157
118 207
249 255
208 245
77 155
37 276
23 206
11 122
117 150
261 267
20 53
33 287
222 242
190 223
65 233
70 261
151 221
247 292
43 202
158 280
1 188
0 166
76 77
136 218
150 177
5 270
6 287
184 194
110 169
51 191
212 216
164 279
253 282
102 204
49 207
121 129
186 234
135 206
69 275
8 121
32 142
24 205
15 167
76 196
246 256
7 241
33 63
146 233
143 173
209 222
186 252
149 154
107 237
116 126
170 222
114 124
254 290
84 218
263 274
60 149
47 103
36 138
61 72
169 206
48 60
10 135
172 227
74 88
121 209
63 106
227 235
82 218
109 240
40 251
105 162
155 191
11 25
87 190
11 44
37 107
109 269
52 209
6 134
66 196
70 100
81 118
103 238
188 259
64 254
153 259
209 251
53 147
110 245
114 276
29 58
53 58
125 191
257 288
206 288
159 188
202 246
41 97
66 141
30 139
139 274
207 253
121 178
65 118
17 289
47 187
48 172
6 223
131 268
67 208
156 282
18 181
54 215
284 292
29 79
210 246
132 277
186 249
236 244
16 26
42 239
183 273
91 133
52 144
80 104
30 271
242 290
28 105
180 264
43 65
67 183
178 281
124 155
1 234
2 177
54 184
188 264
0 226
201 219
169 228
93 202
94 262
5 282
73 180
194 249
24 46
30 65
71 83
36 126
77 247
140 174
12 225
14 107
23 129
7 136
202 222
104 266
233 276
32 275
4 236
166 257
256 290
95 108
226 232
57 86
152 275
0 233
69 97
32 253
26 239
15 232
4 50
115 224
27 158
119 270
23 172
100 147
195 213
223 277
111 231
204 226
17 51
19 237
166 274
206 291
49 60
61 278
55 98
119 262
194 209
206 214
127 256
54 143
178 197
19 210
179 259
83 93
114 210
262 292
36 87
86 187
229 259
86 148
7 9
185 265
117 273
217 280
73 113
82 221
116 288
39 127
43 181
147 192
208 237
159 277
21 134
32 154
130 155
149 290
40 132
15 119
17 251
6 26
126 193
248 267
136 282
167 271
21 62
11 257
39 180
136 239
161 203
7 224
107 263
93 144
159 218
4 263
140 150
43 63
181 275
23 40
202 276
117 210
60 260
7 288
31 241
9 16
104 272
231 240
75 119
59 208
21 89
100 121
50 111
51 253
19 108
196 199
158 188
53 71
97 211
176 246
219 247
50 93
51 272
109 177
201 204
31 214
279 291
186 247
270 278
192 223
1 149
62 68
61 107
98 264
46 84
182 194
141 166
81 132
185 282
3 150
127 152
80 121
114 200
22 205
129 158
148 275
157 215
66 258
189 242
75 203
38 165
128 229
279 281
214 259
16 151
1 214
60 268
28 292
115 168
26 282
96 269
133 191
12 218
102 113
83 127
32 38
7 218
109 143
264 270
57 169
163 256
98 119
2 110
141 250
4 131
10 183
182 253
131 185
13 84
58 121
52 135
78 278
34 94
24 55
5 250
134 207
82 238
185 267
64 169
59 87
202 283
16 271
6 161
124 279
61 236
31 236
72 230
166 249
147 187
30 49
162 208
154 199
111 236
72 216
79 275
23 238
102 209
57 240
195 208
94 210
32 136
103 170
13 16
49 237
82 192
120 251
140 282
47 153
136 188
213 267
40 258
33 39
8 22
250 276
164 290
167 202
84 236
175 197
128 168
63 155
149 196
62 139
132 143
186 250
272 286
106 196
217 284
60 140
10 137
69 287
216 247
124 273
77 259
22 29
11 23
1 79
194 221
5 110
83 96
52 189
84 224
55 107
107 145
56 132
129 183
124 181
144 179
122 194
130 144
20 175
33 240
92 141
92 257
155 231
19 79
20 248
60 101
19 171
20 218
48 156
166 284
0 133
116 236
261 279
173 248
275 279
103 195
64 249
4 148
102 251
44 223
176 190
205 282
45 87
92 210
61 202
113 169
221 257
70 135
38 142
236 292
29 69
69 200
112 287
32 134
27 77
30 240
26 238
74 285
175 284
160 274
106 210
66 181
85 200
179 264
89 194
0 21
114 224
84 285
11 217
182 286
64 127
233 240
212 248
191 253
64 188
36 186
110 269
21 203
151 223
270 284
14 103
150 288
105 236
239 255
14 74
77 128
142 290
132 281
22 37
63 109
238 288
19 131
45 237
249 280
189 275
2 194
105 130
113 271
101 278
74 182
252 275
131 231
3 186
41 49
140 144
107 123
112 156
33 54
54 220
24 212
102 171
27 169
39 219
43 115
187 258
179 215
144 182
95 273
66 171
171 258
59 62
122 286
114 240
23 46
124 274
47 129
2 16
26 59
26 53
54 233
98 194
18 264
46 287
83 244
0 86
104 265
88 128
88 134
50 224
39 232
1 173
248 255
58 59
89 125
109 213
106 108
135 188
70 121
110 137
11 12
218 256
128 268
181 282
33 274
24 252
38 266
42 97
210 251
48 292
34 90
38 156
156 197
152 238
244 246
92 147
33 134
237 251
70 250
78 162
203 222
61 264
258 278
71 250
112 205
71 255
3 132
165 240
222 232
66 159
87 291
49 284
35 154
21 263
59 238
16 199
7 84
128 281
19 158
133 186
66 98
147 191
60 65
43 127
61 272
14 92
16 85
9 35
71 276
56 118
101 114
224 244
8 97
2 44
1 29
69 138
123 244
147 199
22 285
84 114
3 187
38 183
47 167
138 195
75 173
128 174
58 190
15 207
121 145
129 262
44 250
160 272
56 289
3 18
129 225
13 229
90 196
185 189
54 199
173 290
97 236
88 259
57 198
208 260
102 221
130 209
33 92
152 245
165 281
15 142
156 263
6 242
41 185
56 58
183 246
41 118
116 146
104 193
12 41
96 186
18 126
51 199
140 285
141 151
37 115
23 275
93 98
2 28
189 257
203 276
101 269
74 126
42 155
10 11
8 240
138 267
27 230
204 220
62 81
31 35
122 256
26 63
99 214
43 216
69 112
40 156
213 269
20 225
110 262
44 276
210 261
167 243
9 241
139 148
131 247
33 266
170 182
247 269
112 139
141 173
99 252
197 268
70 144
63 265
79 285
130 279
274 279
3 161
111 229
56 288
18 81
199 251
99 128
32 266
93 262
119 173
124 187
159 191
93 208
157 181
69 281
47 229
155 204
145 186
158 176
21 106
46 271
7 188
149 231
27 81
75 99
116 167
32 172
36 289
92 180
183 259
0 6
34 205
54 128
125 268
105 111
7 111
94 256
64 198
84 171
17 183
13 25
121 192
48 109
10 121
183 200
26 99
41 200
219 275
51 233
160 176
93 95
33 241
143 186
126 204
22 25
118 240
122 249
83 258
211 256
60 97
203 204
158 223
176 279
18 203
165 193
60 204
61 88
20 200
125 180
16 152
13 291
131 209
55 285
37 89
119 281
190 250
138 230
8 27
98 275
78 282
33 59
92 260
241 245
112 291
29 198
131 228
75 225
42 182
165 269
85 234
171 187
76 189
249 291
32 57
144 188
126 176
229 231
116 225
71 115
221 279
34 187
41 112
29 200
25 185
14 64
113 244
41 101
38 79
49 254
7 87
216 269
32 204
218 225
66 70
12 137
206 229
268 282
9 154
8 200
109 207
207 283
104 213
162 202
169 272
28 201
129 201
16 232
12 153
171 220
69 279
126 184
32 224
64 86
140 169
20 145
51 275
139 175
3 209
227 288
75 162
25 194
140 175
72 97
121 182
101 158
30 264
164 268
161 190
89 107
102 139
155 176
151 181
64 264
185 193
124 149
15 39
142 178
58 91
162 263
40 56
90 272
88 213
47 149
251 282
41 206
36 219
7 221
16 61
127 191
93 244
171 232
167 283
149 189
57 270
133 149
217 222
17 175
70 179
140 255
65 150
54 229
127 271
110 166
59 291
169 229
167 262
245 274
148 162
259 274
101 105
116 291
62 73
67 142
243 280
27 240
7 119
82 169
46 87
9 182
29 253
228 277
79 283
151 191
221 227
123 256
30 37
98 222
95 145
196 277
197 257
33 257
156 186
17 98
130 271
133 164
284 288
102 230
106 208
58 72
27 178
2 97
39 70
49 100
162 196
179 244
256 257
32 87
231 284
98 154
172 223
122 172
112 199
17 247
26 260
41 193
9 240
189 219
131 279
106 193
163 282
122 283
178 207
208 235
104 264
77 238
79 193
200 270
140 251
85 167
181 203
56 195
63 196
90 237
25 128
43 227
97 137
128 200
140 253
40 249
34 86
111 177
211 273
202 278
116 143
186 289
76 109
183 189
99 288
160 163
183 284
226 271
107 166
155 277
62 66
24 267
89 163
137 279
74 175
101 137
73 203
132 266
260 265
137 265
61 151
198 280
139 210
92 234
126 138
35 197
158 291
193 243
99 115
148 167
103 157
33 220
52 55
106 116
231 257
75 188
109 216
52 197
81 182
33 37
7 200
154 212
203 264
169 237
148 190
132 271
0 203
71 149
11 104
13 216
95 133
59 66
25 229
29 110
89 182
118 274
83 256
6 141
25 136
48 153
127 161
77 234
2 275
138 247
181 284
92 196
261 292
198 251
194 246
58 209
42 90
49 131
43 252
150 156
26 60
66 173
140 258
175 254
80 166
36 149
103 218
205 285
99 102
125 208
32 103
95 98
15 74
92 95
16 35
94 192
85 247
97 212
221 252
137 264
57 77
41 128
12 229
214 250
128 194
98 185
6 75
16 205
54 204
76 192
94 134
120 235
38 176
135 229
32 280
226 284
69 207
83 84
46 273
90 212
84 265
194 266
150 265
36 81
97 165
132 154
272 275
161 269
263 285
160 161
210 242
121 136
24 117
111 199
47 185
73 171
2 262
93 223
194 256
59 176
125 145
105 161
59 283
57 82
58 74
221 247
37 232
119 250
155 292
17 171
38 159
111 216
8 202
224 279
45 277
46 132
8 260
73 106
204 211
131 290
35 56
123 130
127 283
61 224
111 137
20 68
21 66
21 222
64 283
68 262
33 285
105 260
147 202
190 203
22 203
8 210
14 125
76 207
36 160
6 128
81 89
253 288
55 185
192 231
103 159
52 96
253 273
216 229
60 122
178 256
155 276
93 273
183 219
52 259
40 93
79 226
19 25
32 78
2 286
61 222
63 228
13 255
52 188
48 204
69 84
28 192
131 184
19 90
143 264
104 252
40 178
224 259
4 215
7 72
1 181
174 247
78 169
0 75
154 175
43 251
78 177
262 284
194 198
75 144
76 193
119 172
2 217
224 285
6 90
72 247
195 226
27 238
103 191
95 285
104 164
21 39
91 201
94 190
63 242
10 26
178 285
89 143
19 31
17 42
177 278
95 143
204 252
216 226
71 291
223 269
21 105
2 277
19 97
83 176
11 250
26 97
134 238
95 242
74 140
81 253
157 221
74 257
63 159
29 111
151 250
69 152
175 275
78 292
19 249
127 277
214 262
89 243
92 276
83 126
162 249
179 289
83 156
204 206
224 292
117 183
62 223
124 268
108 158
46 199
87 259
107 126
39 201
53 96
1 171
199 246
172 202
4 125
22 67
35 137
30 40
145 219
86 176
208 265
105 110
199 292
16 219
167 252
41 171
153 288
3 239
196 248
49 62
29 46
73 128
71 146
189 217
80 144
195 200
163 200
102 289
96 123
117 194
140 221
245 291
71 275
223 226
64 275
10 180
118 285
38 154
95 157
124 272
118 151
98 240
39 137
183 208
149 226
87 240
194 282
20 193
61 229
94 284
20 208
87 145
29 279
107 142
145 201
268 273
33 278
262 263
95 172
106 220
217 257
171 284
37 59
2 183
72 144
172 178
186 193
94 204
162 169
1 182
20 131
68 183
38 259
214 291
162 166
21 122
77 144
142 282
159 270
211 260
2 67
190 243
180 226
139 280
243 281
170 197
80 111
145 147
142 219
224 281
265 288
169 280
48 254
24 48
15 68
15 159
64 157
156 216
261 265
60 243
99 191
155 266
179 235
32 71
77 135
235 289
109 166
95 261
127 281
18 182
199 213
70 160
124 291
226 285
46 138
185 238
19 50
1 257
179 269
201 255
195 210
117 154
54 180
90 113
176 241
49 174
4 249
74 258
211 251
254 277
101 189
42 187
46 213
229 261
15 259
57 278
33 156
142 243
120 276
72 213
224 270
178 213
153 187
171 278
17 113
144 145
154 216
85 262
71 240
22 71
215 244
214 219
153 268
68 280
17 20
190 270
242 262
27 29
158 242
85 143
87 184
35 233
69 178
26 139
54 207
146 284
7 27
15 49
173 213
34 128
8 41
178 185
23 226
64 208
97 213
17 185
145 181
152 191
21 36
51 95
115 235
145 229
41 65
186 222
141 165
9 139
232 281
49 93
31 248
80 270
69 126
31 178
77 280
81 282
261 278
114 166
171 217
21 98
201 242
10 159
29 282
141 226
48 185
190 265
152 176
130 204
35 42
34 149
34 235
26 114
202 224
7 166
58 101
66 113
40 288
176 255
124 154
234 243
51 267
37 128
131 225
88 137
75 125
53 266
12 269
0 184
76 96
32 192
120 176
201 223
94 215
20 188
6 28
212 288
35 218
141 155
62 113
156 205
82 287
48 170
181 258
48 266
10 225
13 166
61 169
136 209
63 152
17 226
42 231
85 283
119 220
192 193
46 224
84 166
58 132
50 132
76 288
78 143
41 252
58 204
2 239
98 156
58 231
180 273
60 241
70 280
21 149
215 222
238 269
100 139
199 250
94 200
143 240
208 232
22 243
50 292
53 252
36 217
114 122
128 291
15 20
113 186
43 104
33 128
5 64
99 231
103 267
188 246
182 211
129 216
89 106
221 260
134 190
91 118
170 194
252 288
134 226
109 173
108 134
0 63
163 257
217 267
195 284
222 235
282 290
7 268
47 225
48 194
77 81
74 232
16 105
17 271
28 73
80 181
94 232
107 241
141 278
42 221
56 116
55 216
60 91
10 116
19 106
24 90
249 258
24 150
161 270
140 278
213 238
174 226
88 251
35 212
78 227
48 97
106 282
8 253
168 272
145 205
163 254
38 151
47 113
76 199
40 78
115 211
20 136
105 239
183 194
47 220
127 284
5 25
183 264
16 182
87 191
81 262
34 61
28 287
141 217
52 235
112 240
205 266
81 223
35 224
40 265
176 213
57 110
67 153
29 251
34 227
22 206
168 202
118 146
204 238
119 211
149 170
20 214
127 242
73 81
75 190
8 278
154 284
106 272
64 94
3 215
237 291
153 236
111 126
247 285
90 107
42 227
43 156
146 171
72 129
47 218
177 194
19 140
52 182
152 218
79 235
113 188
10 71
138 170
54 198
57 115
56 130
6 54
74 216
221 292
112 147
259 268
85 139
164 244
206 212
35 201
32 153
65 250
128 187
21 199
71 72
13 221
33 159
124 259
50 142
0 29
38 180
2 235
38 265
187 199
30 128
79 245
138 203
105 215
100 277
57 265
40 209
149 221
114 291
149 232
11 196
70 75
133 195
175 183
203 245
125 236
239 250
108 274
216 266
3 126
115 203
135 209
147 194
25 95
16 192
5 203
159 257
72 215
208 287
27 123
132 207
47 95
34 192
78 83
219 240
119 252
128 236
155 222
57 94
87 243
177 208
142 272
40 82
164 189
164 264
74 133
88 112
153 223
35 123
43 276
54 119
11 78
209 254
78 233
8 158
31 177
141 257
127 223
86 206
17 249
18 42
188 215
101 116
80 129
97 125
102 292
218 259
101 226
79 143
144 230
115 161
41 151
89 215
44 156
138 181
17 202
49 185
67 95
76 83
127 196
104 290
21 194
93 257
97 115
117 165
38 187
26 124
12 130
13 189
23 250
98 215
197 248
12 259
81 98
9 58
79 139
192 241
79 127
75 134
139 193
20 197
123 231
93 164
55 165
0 245
88 106
126 194
55 271
71 111
228 252
93 270
153 287
19 54
23 94
16 144
64 279
139 170
54 83
102 183
65 117
128 206
225 234
205 289
254 271
21 27
89 171
38 262
112 263
265 290
80 241
29 37
207 259
15 82
28 103
83 122
45 272
50 187
13 129
15 264
172 271
38 255
68 171
113 176
69 258
224 267
105 182
4 188
40 83
166 270
60 217
2 199
92 274
122 160
86 269
122 159
146 149
89 238
148 215
248 268
69 250
13 276
48 236
13 58
253 290
103 155
165 194
70 241
48 161
133 210
54 267
23 117
189 238
129 240
7 169
222 261
185 187
108 219
198 256
114 175
181 291
168 248
110 286
127 183
92 241
44 252
250 282
227 276
190 205
173 176
50 204
92 104
56 253
248 249
143 203
133 217
82 181
131 147
151 283
129 284
130 214
47 146
121 131
9 62
88 164
81 206
13 124
182 282
6 233
70 252
199 216
18 290
223 287
51 208
16 233
10 131
21 119
91 242
11 280
144 251
238 249
157 211
5 153
34 141
21 145
78 164
169 179
197 292
9 219
127 167
23 265
81 261
129 176
57 68
142 167
197 229
158 178
31 89
75 187
137 215
82 125
17 139
93 275
133 238
25 137
100 124
23 254
200 209
97 133
36 257
72 160
165 224
42 238
160 241
225 252
237 277
101 261
70 184
69 115
184 212
180 216
146 272
207 251
259 278
51 148
123 178
70 253
203 234
155 253
84 152
7 175
144 274
79 261
83 219
154 254
22 121
40 45
81 215
53 114
88 237
53 290
115 128
61 219
22 79
96 227
118 192
193 217
64 125
96 196
30 138
181 242
82 184
11 172
14 182
14 290
83 124
211 289
56 163
195 230
83 115
78 237
62 238
76 143
68 152
128 139
202 208
196 270
170 180
208 253
100 179
34 183
6 65
19 85
87 96
20 216
28 81
243 261
157 203
41 168
145 215
36 94
134 271
91 219
91 143
189 282
175 221
111 128
28 136
11 62
212 230
102 157
16 186
218 241
107 250
18 183
25 282
6 260
125 210
150 178
14 158
16 91
164 269
183 240
10 77
30 232
175 288
144 228
272 279
22 174
92 222
113 130
74 143
136 176
237 255
111 167
31 124
143 148
99 263
40 98
137 272
186 243
115 156
71 98
158 269
192 254
17 242
10 152
20 46
164 274
74 174
2 251
35 275
132 161
73 244
118 265
155 283
139 273
127 209
143 188
3 281
37 197
61 100
17 274
48 193
142 287
227 292
3 97
136 240
39 65
138 224
222 226
100 267
7 172
72 227
115 189
220 239
116 263
105 266
205 240
104 222
190 206
37 230
153 164
67 239
167 189
163 230
100 171
84 253
136 219
19 68
126 216
121 171
205 228
214 237
118 173
119 150
67 107
143 169
21 127
101 181
90 287
49 103
15 136
215 291
87 111
14 258
198 270
150 230
9 262
17 74
173 255
93 128
117 181
66 206
34 47
36 43
130 140
19 286
52 130
138 176
33 95
175 204
89 133
129 279
27 272
181 248
218 264
19 107
214 235
158 239
16 262
217 262
48 143
58 195
72 89
87 251
37 211
153 210
129 206
54 226
125 187
85 252
43 114
68 231
192 228
107 129
126 267
40 62
41 203
119 171
92 190
197 278
194 252
269 273
167 254
109 254
183 228
56 172
19 211
69 239
21 285
41 283
44 242
30 154
118 193
22 125
57 233
52 221
139 182
201 259
240 257
249 253
206 208
139 248
89 279
48 69
94 254
184 279
28 203
115 263
76 145
103 163
73 165
39 165
195 286
166 244
77 271
113 217
119 179
65 133
28 187
0 66
250 260
245 275
26 283
2 268
114 131
42 165
132 134
139 172
31 58
24 113
126 197
61 238
179 275
77 88
41 267
22 63
112 278
14 39
124 177
156 289
155 190
66 184
43 144
164 204
4 285
132 223
203 267
160 182
13 266
97 279
225 255
57 69
8 130
24 287
26 120
17 282
65 251
92 99
88 91
227 238
75 136
92 269
104 126
55 163
8 165
61 85
28 237
33 90
166 168
63 269
166 183
54 195
73 111
170 213
26 58
5 210
54 252
31 244
182 185
112 230
120 167
257 280
147 218
44 257
181 281
94 121
227 234
157 209
5 133
30 269
174 235
53 231
81 154
106 192
113 124
218 270
208 275
221 231
196 276
15 233
106 114
113 166
167 260
206 220
3 143
9 12
33 230
33 140
5 139
86 127
38 166
75 266
71 165
28 160
39 187
33 82
69 103
15 176
238 251
74 122
159 290
82 157
84 197
179 262
75 168
74 195
92 165
37 137
289 292
33 218
169 231
81 133
210 280
36 110
167 192
171 215
39 133
68 135
287 290
219 283
72 265
25 233
124 199
45 213
61 281
0 139
113 128
65 173
145 210
24 227
191 245
0 131
87 137
197 256
174 290
101 266
26 79
142 153
116 198
37 57
129 174
84 184
58 198
45 243
82 222
90 226
156 199
14 214
238 260
113 114
0 84
255 261
131 200
134 270
221 290
6 212
155 196
79 80
85 109
133 262
127 267
42 43
100 220
17 191
49 94
29 106
191 202
55 284
0 80
53 220
23 223
34 264
205 243
189 272
108 275
194 269
145 285
62 222
23 210
15 287
50 103
126 170
135 189
40 221
117 217
24 262
41 243
41 126
37 200
111 170
86 230
11 221
193 281
75 269
89 197
32 260
196 209
244 287
256 264
170 233
113 210
162 221
187 191
25 266
76 202
160 164
130 287
88 240
62 239
173 230
152 156
252 258
188 245
89 165
143 234
79 89
172 221
210 290
3 53
105 292
2 185
84 243
51 170
43 95
184 202
83 188
63 223
30 185
127 146
106 120
11 216
71 273
98 189
13 83
118 186
41 47
53 194
80 255
91 139
30 284
53 257
105 213
24 265
143 202
80 99
37 256
43 255
17 23
140 261
145 163
74 114
66 138
211 292
136 226
25 166
7 42
40 226
56 135
15 109
13 274
66 242
80 229
46 169
33 148
64 239
237 240
271 272
71 208
0 205
34 203
229 240
31 164
89 100
128 142
188 198
133 202
179 231
218 277
90 278
82 180
55 217
44 66
25 235
89 131
236 263
45 227
123 259
41 73
79 189
128 149
0 96
194 196
68 123
249 283
63 235
72 166
117 289
104 159
18 173
0 81
155 163
102 225
114 236
133 248
102 246
29 191
33 87
109 184
103 136
45 122
62 129
42 124
193 214
200 225
20 56
17 207
42 145
130 210
1 49
58 247
170 237
64 187
195 276
151 155
65 127
36 140
56 192
191 284
145 290
149 191
178 263
87 278
12 193
158 159
115 151
64 98
110 252
39 287
137 222
94 163
41 256
161 255
82 149
75 110
11 218
77 251
72 146
16 237
28 243
43 236
235 236
209 292
238 241
72 148
76 245
152 160
125 211
180 233
131 263
142 171
115 141
171 204
208 229
85 237
119 249
43 187
60 156
157 242
27 139
196 244
220 276
80 269
92 287
122 124
6 51
45 292
92 271
37 92
48 272
117 170
151 201
128 182
38 214
136 140
61 145
28 90
238 244
9 131
124 164
70 292
16 178
204 208
30 173
249 254
113 230
24 84
21 213
117 253
9 87
9 144
59 157
77 153
253 259
49 57
219 222
40 279
37 102
78 87
155 259
83 166
105 231
25 215
173 215
177 199
160 198
48 218
239 262
91 161
68 169
136 173
220 261
23 218
7 150
143 252
25 74
158 283
61 173
73 193
170 219
115 270
242 287
170 263
126 156
103 253
126 234
172 232
129 182
91 270
8 258
183 288
15 52
165 186
9 141
71 181
40 60
10 122
72 149
17 28
41 279
18 285
24 178
38 133
245 290
83 158
15 230
74 196
150 217
33 91
109 142
112 123
38 103
6 112
57 136
239 259
133 292
59 253
128 260
80 124
126 142
45 102
218 224
45 137
120 204
65 267
26 206
141 203
83 270
264 282
135 181
191 286
53 243
60 151
65 262
152 162
55 218
216 249
115 279
27 35
73 93
36 247
267 271
103 215
124 236
72 155
3 130
7 45
119 216
123 157
104 231
128 189
67 84
247 259
34 59
64 88
192 261
162 270
45 81
188 254
61 184
191 256
81 137
80 158
61 68
82 143
44 201
90 185
192 283
243 258
184 227
21 74
80 246
2 45
63 74
231 282
164 166
128 208
134 141
114 144
48 72
116 161
100 239
148 226
152 182
12 204
39 188
41 163
37 87
145 246
19 102
142 199
75 205
193 225
39 211
205 231
116 235
166 184
44 254
244 279
99 163
60 74
200 216
117 204
64 132
84 141
238 268
161 211
213 285
49 273
107 269
102 177
188 267
94 286
37 283
59 174
60 168
21 191
5 41
238 261
223 233
173 252
111 169
152 212
214 256
25 212
206 267
113 247
192 208
143 217
106 171
54 147
75 200
96 233
107 198
40 107
77 278
46 85
154 241
220 240
201 232
59 73
10 103
8 92
31 252
7 16
102 274
1 93
156 200
132 166
64 82
122 123
39 103
131 168
79 167
193 256
227 260
53 103
40 282
129 133
82 277
29 239
145 170
171 212
175 229
189 208
19 112
46 186
103 234
132 216
148 217
25 161
103 151
82 142
29 146
14 273
105 246
36 276
50 208
52 222
184 264
64 112
63 64
130 187
67 276
0 30
41 223
51 169
77 132
168 266
254 288
31 161
83 119
116 253
213 221
101 215
168 208
20 141
74 292
170 242
95 204
243 252
124 148
111 136
101 182
29 125
188 262
119 279
189 213
112 161
120 262
160 185
2 4
285 286
39 236
85 233
261 280
40 278
71 92
9 56
106 118
15 199
253 283
82 231
40 243
3 103
18 175
116 283
175 283
4 25
60 257
55 159
237 259
111 195
24 37
36 107
142 246
3 237
57 248
41 56
19 67
213 266
96 185
37 104
46 140
145 261
194 283
15 92
32 75
204 219
66 154
15 75
256 292
2 21
79 233
58 76
134 161
224 247
125 159
130 176
0 270
36 123
141 164
14 70
197 279
130 251
132 156
159 215
275 287
209 211
80 186
100 157
191 203
89 216
91 266
133 259
126 198
125 251
90 125
84 214
228 281
7 231
71 289
153 195
178 208
82 226
4 68
50 253
35 191
113 122
45 267
18 263
101 254
64 146
223 247
273 288
27 177
91 155
207 237
64 72
75 215
28 65
24 105
2 128
108 213
123 204
36 244
28 190
120 133
201 287
62 210
38 62
84 107
149 177
225 278
217 261
16 127
168 210
118 123
7 250
46 116
48 207
33 252
40 148
92 292
51 59
37 280
26 244
98 200
73 196
31 237
96 272
193 260
9 260
60 123
51 172
152 246
3 244
16 181
200 214
18 143
67 259
93 197
81 269
50 95
31 283
103 248
196 230
158 250
31 74
80 196
120 223
141 194
16 132
24 224
39 78
65 66
210 270
28 150
48 267
270 289
157 163
57 210
90 244
172 290
108 195
62 118
164 184
264 277
171 256
22 169
10 243
17 254
82 213
94 159
94 188
39 111
12 187
15 18
7 32
75 259
147 228
154 156
164 214
162 240
47 274
45 253
77 257
77 252
97 194
163 195
61 198
64 215
86 259
136 283
116 155
118 184
38 182
92 242
271 274
258 279
70 279
191 220
104 128
47 290
91 98
18 96
228 280
90 182
38 100
171 210
128 287
115 174
117 263
190 246
143 204
62 262
9 247
62 233
230 249
157 286
43 132
110 126
47 75
218 221
112 162
152 229
24 173
101 121
58 234
13 69
210 272
1 248
209 250
156 224
65 135
162 222
148 173
133 282
138 285
194 278
112 201
22 235
81 275
143 172
119 145
85 159
176 183
21 254
93 115
133 258
240 292
214 245
228 239
60 99
162 214
146 263
207 224
37 44
252 283
17 229
166 193
214 267
117 222
16 31
41 92
3 148
168 194
7 284
108 194
50 209
116 292
10 226
54 248
120 158
127 233
178 255
107 245
101 115
153 233
188 276
139 250
169 212
36 212
0 52
174 269
280 291
56 88
78 267
209 259
0 248
94 166
163 284
28 108
192 265
5 16
148 228
60 142
133 252
148 158
32 273
259 284
55 219
29 243
19 273
88 97
5 89
139 268
14 159
5 260
94 169
51 152
96 138
158 164
170 173
3 72
1 145
22 251
172 225
191 194
12 216
108 180
99 291
90 164
125 261
244 291
110 111
87 264
70 109
41 148
120 168
95 162
37 286
14 26
8 201
81 164
43 290
63 185
150 190
209 236
142 286
13 48
81 163
21 240
65 86
151 277
141 243
192 233
136 286
65 140
38 258
16 270
41 254
58 221
136 237
65 241
230 269
24 132
208 255
60 253
35 247
21 63
108 173
21 192
87 258
108 230
58 232
133 176
58 89
210 271
88 179
36 205
140 198
236 271
86 231
125 264
105 190
57 291
54 283
238 273
24 256
43 120
68 97
236 259
48 191
28 64
212 233
60 181
64 104
14 134
116 230
155 184
12 116
45 120
1 193
158 179
256 283
171 172
67 100
147 257
122 237
223 267
139 281
93 132
183 227
7 176
202 215
136 228
117 248
44 97
155 218
263 272
246 264
37 184
215 234
49 84
268 269
38 78
14 184
97 101
34 204
133 224
104 192
145 255
10 81
9 50
81 252
122 199
23 163
43 135
180 284
30 161
0 185
130 233
87 204
13 49
51 74
96 158
208 256
128 244
137 147
110 230
31 210
52 257
206 276
100 163
132 186
82 278
73 273
171 288
31 40
44 98
100 183
153 163
37 103
198 242
27 50
22 59
69 268
236 285
61 137
86 243
41 257
145 168
39 160
11 135
7 213
79 266
40 228
22 140
151 173
27 156
63 160
19 197
19 266
68 265
6 49
12 209
64 87
190 216
136 287
69 70
176 219
262 288
45 155
32 239
152 259
126 141
2 292
111 168
127 274
126 266
30 230
17 162
104 125
18 210
167 186
46 282
26 36
77 115
46 159
20 154
174 249
146 208
252 289
54 219
13 99
102 207
232 251
82 150
55 110
144 214
195 264
175 181
121 242
129 221
154 280
110 113
62 275
85 232
41 149
66 208
37 213
257 264
71 284
217 289
133 227
19 29
205 259
123 196
108 257
154 239
108 218
57 180
62 87
174 280
13 285
12 74
240 270
88 224
154 193
62 193
214 263
96 192
36 214
112 186
1 128
18 221
27 282
290 292
13 80
2 266
260 263
216 268
177 200
27 46
91 220
34 226
139 196
197 218
247 264
29 237
101 230
222 238
96 281
185 195
14 206
219 250
72 73
163 268
202 244
170 281
202 214
147 161
18 292
5 93
121 164
143 260
24 70
58 96
141 236
153 247
42 140
28 82
90 186
76 219
114 245
186 205
51 88
56 264
31 36
140 146
17 46
18 123
132 258
49 282
91 207
29 280
66 250
17 235
33 68
79 257
83 205
7 30
81 157
88 114
67 213
52 137
33 222
26 52
72 196
76 215
200 268
155 208
3 60
25 94
145 209
30 36
13 46
220 233
82 276
73 97
3 252
59 198
61 124
120 239
114 129
196 261
46 50
35 217
214 260
75 182
157 219
86 191
36 75
193 201
97 274
91 131
36 159
67 275
129 161
194 268
59 173
28 255
257 260
57 151
188 270
110 146
173 232
109 183
185 186
25 195
80 281
22 142
205 242
258 260
143 216
144 221
166 206
157 182
162 234
119 203
49 149
106 133
155 209
192 204
15 241
46 146
219 270
239 288
256 260
118 152
88 110
40 69
30 223
239 277
215 266
277 291
129 243
112 138
119 183
215 237
156 257
99 132
146 148
56 227
121 217
122 224
13 158
18 29
77 140
20 196
80 245
210 268
5 124
38 111
56 134
1 242
121 254
184 205
44 76
17 99
64 96
6 89
126 290
97 262
114 188
7 77
8 140
25 156
54 149
164 241
30 251
211 284
110 204
12 212
216 285
149 261
17 195
23 121
31 281
54 79
107 220
28 99
27 79
203 208
228 262
48 262
138 206
102 167
16 238
143 292
35 118
110 200
89 152
27 215
59 292
168 246
92 189
113 218
183 287
2 278
72 219
117 130
73 159
42 68
186 270
65 226
63 105
66 146
21 189
238 266
1 69
33 119
48 217
16 176
146 236
133 156
5 211
155 271
7 107
110 276
38 160
192 234
45 71
161 292
206 226
88 173
151 182
5 225
104 243
79 265
52 233
56 111
76 110
23 197
1 133
143 265
204 273
21 142
236 266
80 100
44 291
172 222
139 253
22 207
56 240
77 180
80 199
160 166
229 276
138 201
38 245
125 151
3 87
60 191
67 97
45 271
109 182
265 291
59 185
100 162
147 284
157 271
90 170
64 204
106 205
48 224
170 208
58 124
70 98
112 135
133 179
61 205
246 286
226 250
133 207
14 110
192 201
176 290
231 256
55 197
174 224
173 204
14 238
125 154
2 12
79 140
0 167
44 224
80 267
147 249
49 56
3 216
20 153
62 244
200 208
96 129
1 70
169 183
221 248
10 117
71 184
39 221
15 250
194 281
168 188
110 156
153 170
89 217
60 192
143 221
157 190
124 284
233 290
117 176
195 248
58 95
133 153
200 203
192 285
184 239
10 253
104 232
209 277
156 191
86 218
11 244
0 113
138 147
276 290
65 90
110 174
26 152
7 51
47 213
22 173
30 89
173 247
5 186
208 231
225 242
86 223
118 242
108 276
126 238
26 182
185 261
153 217
33 275
75 111
23 228
33 183
9 290
15 151
180 191
140 222
76 141
46 107
98 136
84 273
115 180
11 68
201 239
66 160
132 175
43 225
201 272
19 144
126 200
153 218
73 175
228 260
84 221
21 23
112 227
137 143
121 281
132 232
55 264
103 111
54 256
65 154
136 291
21 169
70 268
5 60
142 159
237 278
91 221
66 153
61 99
146 194
196 251
70 117
142 256
55 80
179 234
19 212
197 280
92 203
109 181
61 187
259 267
52 281
90 271
174 186
105 171
132 204
155 250
12 101
169 251
8 178
148 207
15 166
42 93
125 183
36 101
51 105
8 159
143 283
256 289
8 243
37 143
155 219
96 117
206 289
102 110
249 264
194 222
38 68
47 211
124 262
38 174
0 225
29 268
30 160
108 255
180 203
241 253
230 275
21 220
28 273
236 257
179 239
184 222
65 261
199 228
30 82
97 98
125 280
218 242
133 213
216 272
258 285
43 285
68 165
64 197
46 90
224 288
72 162
77 102
73 154
88 262
65 137
20 65
0 39
26 127
95 206
117 146
22 96
98 276
113 254
27 250
167 275
239 273
76 243
156 198
95 240
72 279
161 179
42 270
22 128
46 226
45 57
31 109
42 271
100 229
103 243
22 135
34 125
163 191
70 247
17 83
145 149
225 243
156 251
272 278
9 236
131 158
44 246
22 166
158 194
114 177
12 214
104 117
16 283
30 212
171 235
207 249
62 251
126 174
5 209
109 226
208 262
163 190
51 234
150 197
26 202
200 260
131 145
21 267
22 269
130 133
144 231
3 81
129 141
195 270
148 288
81 259
115 184
185 253
111 235
32 270
29 60
91 206
112 261
32 83
45 204
258 287
179 266
239 240
89 142
53 178
229 288
28 128
107 203
35 171
147 247
164 180
146 264
132 136
13 105
34 165
118 223
34 143
26 200
46 96
63 118
96 178
185 285
60 141
57 204
85 115
34 129
81 201
48 57
21 204
47 126
215 254
90 178
78 203
264 275
0 82
248 265
20 102
16 50
28 96
24 103
161 166
159 169
228 288
152 202
164 222
103 137
244 266
117 287
18 100
100 116
85 112
23 147
108 170
170 275
227 279
11 262
7 272
145 248
22 108
66 128
116 127
172 277
71 163
9 113
77 110
32 287
51 175
258 274
198 221
149 194
106 241
15 197
64 133
20 202
17 64
252 278
18 67
156 162
2 189
83 262
206 255
241 244
218 262
124 245
45 191
121 248
145 278
43 79
15 185
126 177
42 65
271 291
56 128
133 212
32 255
39 52
238 250
126 244
93 190
113 261
75 202
14 100
100 130
4 27
134 245
209 253
69 155
147 154
144 163
102 216
221 226
167 170
182 271
102 124
27 258
18 230
141 144
104 207
13 123
152 172
7 92
50 186
199 234
79 165
28 102
37 229
102 198
34 247
186 282
235 243
125 129
212 268
115 268
49 222
90 93
34 233
48 85
19 201
122 220
15 16
50 56
46 94
82 241
175 215
130 228
59 166
115 246
32 53
86 270
238 277
69 280
24 161
159 225
270 276
170 249
116 169
27 47
189 197
260 286
61 228
272 283
113 276
10 274
162 245
21 79
79 217
179 280
42 51
198 253
149 225
129 224
158 276
170 179
61 174
178 204
125 214
80 225
75 104
198 276
177 236
92 227
76 212
222 280
122 267
7 282
231 268
152 200
13 190
100 282
18 93
240 282
28 130
210 228
196 247
86 183
1 45
33 118
81 129
76 285
169 255
70 258
35 290
223 254
5 222
7 276
182 246
273 286
217 282
58 220
119 184
35 246
61 132
67 184
7 223
23 27
189 284
244 288
87 262
11 154
193 265
64 148
9 63
264 266
144 186
98 228
99 192
27 54
121 284
107 181
157 268
57 146
64 243
144 237
161 188
254 285
49 51
49 259
194 225
11 231
7 91
39 40
241 249
43 130
80 286
241 267
131 272
94 147
210 267
93 224
29 90
86 131
151 237
62 184
188 285
38 67
185 289
90 105
0 232
125 167
133 208
269 290
87 158
131 189
64 102
150 243
60 271
65 116
48 100
4 247
179 191
189 264
47 216
134 208
34 283
215 236
28 184
89 158
202 253
42 219
19 227
33 55
153 261
110 224
12 34
179 210
93 243
41 111
51 110
178 240
173 289
162 167
48 232
19 228
123 149
28 224
65 165
33 268
15 248
7 193
102 173
87 248
253 263
80 254
89 190
189 235
88 245
86 233
59 148
15 73
42 78
108 217
105 151
135 215
58 272
71 269
50 178
117 292
18 165
41 138
95 215
78 254
2 89
1 97
92 152
82 138
9 43
260 277
230 290
225 263
227 271
196 265
173 205
78 228
10 254
202 264
113 172
120 254
15 195
59 90
18 255
1 113
133 197
24 137
212 265
93 252
155 263
125 143
147 186
35 248
68 109
101 211
61 123
138 148
78 223
64 282
119 259
23 224
53 209
205 208
108 244
116 259
162 274
199 215
56 242
96 134
106 245
189 251
39 72
235 253
70 140
106 189
42 257
204 223
12 203
52 138
10 265
9 70
13 208
76 186
95 110
36 256
59 200
34 111
158 197
162 250
195 198
140 279
182 285
78 79
174 220
165 196
3 140
100 263
188 193
11 59
74 101
74 154
39 53
91 95
56 95
130 173
131 144
88 100
5 169
33 292
39 79
71 190
56 248
79 128
137 271
164 167
244 252
116 223
96 261
113 239
9 270
52 225
57 275
153 178
53 186
4 58
71 78
94 103
53 134
50 202
29 250
134 235
101 129
113 161
128 228
31 253
3 19
27 36
150 164
152 285
258 286
197 201
107 175
23 140
22 258
167 182
72 189
282 292
154 220
235 277
117 276
226 272
39 73
17 135
232 242
93 104
187 196
105 172
6 270
98 272
151 184
23 93
24 111
88 273
46 174
167 226
48 141
148 253
85 197
147 234
30 214
76 131
62 234
100 156
194 274
162 213
154 251
59 288
122 261
133 281
96 219
72 98
15 55
245 250
148 236
208 210
7 162
221 240
201 210
6 42
89 206
40 121
253 258
45 173
83 231
103 121
110 263
12 147
80 283
21 221
15 169
105 183
76 153
115 187
46 100
68 206
177 254
104 242
12 228
111 212
210 275
58 92
41 113
234 238
59 74
4 162
69 286
61 255
90 261
75 97
161 256
91 150
164 205
29 278
67 194
13 272
274 286
202 212
124 128
57 243
40 145
108 111
58 167
73 138
34 131
116 287
139 145
78 134
111 156
157 167
36 225
46 77
106 230
48 205
149 185
37 272
106 163
80 182
96 173
21 202
183 282
119 197
8 234
246 263
71 268
138 207
244 245
102 206
14 89
98 177
31 125
201 202
29 179
96 148
115 216
50 164
102 166
113 252
214 266
78 238
115 232
142 238
142 259
97 135
19 161
124 208
65 235
25 173
57 71
34 284
15 265
37 224
23 229
54 244
81 192
16 43
38 171
40 179
162 186
81 91
53 150
131 217
204 239
3 273
60 111
96 156
54 271
30 286
35 280
99 173
190 286
1 14
51 203
55 115
22 214
21 256
201 229
94 143
28 228
103 280
11 164
85 172
134 246
84 192
4 283
62 188
149 256
67 152
255 284
231 249
13 42
58 267
239 249
59 245
166 181
208 258
41 48
68 136
15 266
38 146
8 118
117 226
20 207
92 116
143 187
34 157
106 158
38 205
121 266
173 180
194 238
1 281
37 130
66 78
57 128
66 96
98 187
137 277
26 91
11 93
36 249
75 122
14 274
141 168
19 244
217 221
78 80
33 144
130 222
213 229
58 122
105 256
87 91
183 239
231 285
35 257
275 282
77 283
198 202
31 137
221 273
114 279
18 68
34 194
159 288
145 267
16 97
24 26
228 253
124 278
115 250
96 204
255 291
102 130
198 262
29 54
62 194
231 233
201 265
82 175
189 209
220 258
42 177
108 228
10 255
86 262
42 130
83 135
93 253
81 144
21 248
60 210
253 289
82 227
187 243
96 274
9 197
72 243
60 183
21 252
80 278
27 154
49 138
46 222
81 85
197 288
124 289
232 243
74 152
45 153
221 229
184 220
114 171
29 32
210 227
41 91
84 179
225 262
96 145
248 292
170 178
20 146
6 224
2 148
155 217
66 81
150 151
237 285
100 133
19 271
139 194
133 200
5 155
28 199
18 35
187 218
191 257
36 250
135 237
233 288
102 243
23 61
180 209
103 181
115 274
59 145
96 188
56 161
50 179
118 269
75 265
105 220
102 106
58 137
76 162
19 159
123 155
122 241
22 151
41 89
4 97
50 256
52 276
136 260
146 218
73 207
113 284
188 208
180 292
1 65
7 113
169 257
59 224
46 160
22 245
94 238
112 218
82 119
41 139
45 265
230 259
26 190
247 263
32 98
25 48
25 153
17 127
108 214
105 107
4 170
20 260
94 202
58 158
62 217
94 174
36 243
156 271
20 259
208 226
7 116
69 249
214 272
86 182
47 273
53 213
216 281
112 209
46 235
29 219
136 238
121 169
13 277
56 121
241 257
4 134
58 83
84 172
83 184
53 107
52 99
54 99
63 70
125 257
261 272
164 218
211 237
8 186
33 104
257 259
27 207
142 269
125 137
27 287
108 220
17 94
27 95
38 60
47 267
192 221
1 5
186 239
20 229
143 152
77 258
30 157
131 133
147 205
8 154
81 291
53 285
98 262
67 92
30 248
140 166
31 91
179 196
162 216
52 253
228 242
95 144
224 257
122 164
9 109
9 218
127 163
68 271
270 272
194 275
72 263
198 290
67 192
101 238
42 287
26 161
196 279
63 128
91 151
121 250
130 178
180 214
8 266
154 252
32 245
85 93
264 288
149 235
119 219
181 201
168 238
130 284
0 92
85 185
96 146
8 167
125 254
150 212
224 264
214 233
39 242
100 208
37 80
69 81
124 137
165 211
10 247
248 274
120 261
7 242
168 225
34 75
260 285
16 150
191 275
93 210
140 256
91 239
17 205
18 227
92 131
62 124
121 265
131 248
1 167
55 167
2 178
127 260
81 123
119 198
165 218
0 231
50 279
45 178
15 51
12 175
86 163
55 268
46 129
93 189
60 187
66 165
31 174
20 290
140 154
58 93
79 113
140 203
257 269
155 213
46 68
9 65
122 135
60 147
66 143
103 158
117 231
157 274
29 95
111 264
51 224
34 63
74 199
11 94
160 184
157 252
178 262
129 235
132 177
23 236
36 282
30 132
239 292
26 208
81 146
76 211
2 248
4 103
5 100
124 256
69 166
114 191
48 188
95 154
67 250
132 261
163 228
45 110
55 222
5 194
72 223
1 40
185 194
46 270
47 200
141 232
47 288
21 22
25 138
72 292
43 116
228 290
80 154
28 277
250 285
68 180
32 169
152 224
22 229
34 91
56 178
96 252
28 193
11 35
90 279
28 204
134 283
71 100
3 229
136 257
146 182
93 133
168 171
227 281
174 258
74 280
51 202
233 283
2 82
188 224
26 186
130 252
73 194
83 192
104 209
103 108
65 172
202 228
68 269
86 121
102 190
199 263
43 197
122 166
135 243
86 192
206 292
189 204
138 274
68 158
68 96
22 145
90 103
10 240
101 284
43 142
5 214
64 116
174 257
204 237
78 144
183 281
148 289
101 209
5 238
37 277
33 34
9 19
243 257
130 197
7 37
103 173
88 154
127 181
50 227
234 264
57 191
78 199
69 228
36 99
8 47
83 146
17 188
54 156
64 145
52 121
15 273
27 167
50 63
50 157
153 179
102 277
28 169
79 169
100 219
47 74
82 254
232 272
53 251
85 107
209 226
98 249
80 222
141 214
2 233
128 191
25 219
85 215
149 223
27 109
142 176
165 250
48 182
5 35
149 184
44 141
33 187
112 141
8 176
42 136
62 228
117 256
54 75
189 241
14 127
37 244
64 265
0 79
147 203
13 184
22 58
146 207
258 262
143 246
20 203
41 135
39 54
67 286
48 275
194 279
76 268
114 132
242 243
103 242
64 263
27 175
51 227
149 151
2 33
8 77
97 117
24 250
32 185
24 110
68 204
14 16
163 208
136 152
93 131
25 252
20 263
26 134
82 144
8 219
67 272
16 38
223 250
85 155
152 244
141 225
31 153
103 176
128 176
73 147
171 211
116 123
33 234
54 253
32 220
1 168
147 180
256 259
57 144
39 89
102 226
8 82
20 264
23 162
118 261
45 47
19 37
7 292
24 54
108 224
255 265
9 28
20 279
30 288
116 272
5 248
56 145
230 278
180 186
40 59
22 255
128 233
151 273
46 76
114 275
117 215
179 246
42 244
33 198
107 242
80 125
13 37
12 151
40 135
142 225
4 13
94 96
149 159
68 239
173 195
2 230
27 274
124 150
20 59
63 124
15 61
148 250
26 128
12 234
83 150
79 212
103 225
6 280
38 197
39 145
124 231
16 60
24 242
130 179
42 202
194 276
19 243
197 274
203 233
183 256
144 257
2 155
2 145
43 177
25 135
94 101
79 218
29 257
92 251
36 61
192 267
49 153
35 64
29 209
130 166
145 173
80 149
159 239
28 275
6 81
24 182
28 135
1 288
167 278
248 277
283 287
47 277
83 186
250 271
65 146
127 254
218 280
27 56
157 250
207 238
96 113
143 288
47 265
27 164
161 193
64 189
197 285
85 241
145 155
118 183
2 234
38 121
9 199
157 251
148 239
61 233
15 226
66 175
19 63
16 174
198 245
143 269
232 246
94 194
109 147
131 260
251 288
91 125
196 249
85 231
168 240
110 164
37 250
21 30
68 243
28 234
60 208
142 160
89 244
93 251
156 284
54 169
46 242
40 112
54 287
91 264
48 186
57 129
35 121
220 283
9 287
11 110
46 162
84 158
72 123
4 226
89 239
78 101
145 174
145 204
161 227
50 55
204 261
57 263
47 148
181 236
18 41
156 163
17 144
31 202
47 71
15 79
119 226
100 225
12 109
92 161
25 263
6 47
80 180
223 234
79 186
143 164
115 135
171 231
30 190
43 163
288 289
65 67
53 201
20 39
120 162
35 53
73 269
50 269
153 202
77 154
135 160
47 160
39 125
18 258
84 148
52 289
58 252
168 170
56 224
36 122
22 40
82 164
143 168
92 278
205 207
147 274
115 223
60 102
83 283
86 128
20 93
21 57
198 264
220 236
89 185
100 167
196 223
40 167
71 117
20 62
88 203
8 96
82 107
57 211
141 240
5 145
52 54
116 156
106 246
137 188
22 112
44 112
175 245
51 206
23 159
225 228
111 175
126 205
60 285
193 223
90 145
14 223
74 172
5 72
240 249
165 242
218 275
128 254
140 206
44 135
107 194
214 223
101 265
7 141
153 197
181 255
12 202
92 159
122 128
133 157
93 195
145 260
1 201
143 189
100 279
21 110
57 156
97 201
62 282
54 261
119 213
200 243
114 212
183 203
33 210
162 175
57 259
45 133
145 259
149 269
110 198
2 10
17 227
21 277
115 129
46 238
184 286
80 171
23 142
158 208
1 66
24 65
158 174
201 237
106 110
138 150
33 157
135 216
63 282
239 284
169 230
191 227
150 262
26 130
135 138
93 231
23 161
99 256
24 196
85 285
152 290
190 274
112 292
88 127
220 231
47 174
134 194
233 253
15 172
100 273
15 96
15 23
3 57
79 262
17 93
138 202
43 146
164 190
196 235
8 223
54 112
53 230
69 125
27 163
127 228
269 271
187 204
143 178
45 190
102 120
133 218
234 258
113 212
99 243
100 111
169 254
165 189
109 241
90 122
275 281
23 251
24 186
125 253
35 134
51 226
2 101
172 186
20 139
35 288
103 208
55 150
119 180
79 117
5 213
65 92
4 231
76 263
146 203
104 195
13 141
142 184
196 218
43 50
127 231
135 187
40 140
260 288
86 283
24 81
202 288
71 212
195 201
208 290
25 30
59 171
224 283
193 264
79 100
135 226
68 118
25 169
245 282
18 154
194 204
119 135
151 257
175 237
67 127
40 172
151 185
104 153
91 285
76 128
78 138
67 157
74 282
28 168
114 169
18 257
11 138
263 281
62 226
51 99
52 292
125 136
50 169
123 164
25 52
148 206
162 209
123 289
86 164
164 231
92 230
47 108
44 289
126 185
13 127
240 262
198 274
255 288
165 271
101 143
0 292
54 110
19 204
97 134
20 30
129 150
119 276
57 235
6 218
99 195
95 231
81 115
128 282
55 117
211 272
106 222
209 248
136 139
75 96
35 40
10 169
76 279
31 220
121 260
12 124
20 168
108 161
32 229
31 39
21 76
192 207
66 219
140 274
100 191
63 113
41 122
151 190
4 6
239 283
22 280
61 242
107 268
8 25
174 252
262 277
49 210
210 282
135 252
69 145
175 290
8 195
203 253
17 129
111 184
72 287
119 200
200 291
234 265
90 234
96 226
28 69
105 265
139 241
121 124
52 239
144 203
114 247
168 233
114 126
86 186
47 264
142 169
33 137
74 160
10 283
257 261
158 252
18 90
30 44
30 244
7 158
111 263
51 114
46 198
167 257
148 261
9 168
142 241
51 71
249 284
14 198
23 286
151 176
86 279
69 179
90 229
182 234
159 272
85 261
112 154
87 161
248 256
70 165
92 126
6 91
84 116
241 285
8 101
116 285
44 256
98 251
120 203
18 23
197 226
36 208
21 219
94 152
69 73
164 221
140 142
66 111
184 197
87 242
226 236
36 137
167 227
145 258
158 177
258 290
267 289
58 85
86 253
8 199
90 192
102 131
154 269
129 287
13 151
115 190
134 269
205 212
1 104
170 250
80 252
38 212
28 239
44 132
132 274
23 103
46 125
90 132
26 38
138 219
92 194
16 164
1 206
30 163
105 106
109 209
64 135
202 211
88 140
5 172
36 53
6 197
170 241
131 288
232 259
67 185
78 252
15 161
68 217
47 198
56 283
212 236
32 227
139 271
189 274
73 92
18 224
53 93
225 257
25 160
89 236
101 184
65 179
1 185
59 153
24 71
101 139
72 238
40 232
117 233
196 254
49 53
50 168
97 111
59 226
220 226
93 171
106 234
66 87
201 215
176 292
161 215
13 119
108 251
74 194
11 88
139 169
33 153
85 150
230 243
37 62
105 289
134 217
114 183
21 67
186 253
77 256
143 205
2 58
242 254
85 272
90 251
60 179
106 188
43 154
150 268
3 234
100 185
44 58
125 139
86 246
195 260
87 166
92 103
169 198
99 140
123 194
192 196
202 274
40 120
132 253
46 69
53 286
2 171
5 66
69 190
23 141
107 137
102 115
28 220
137 251
29 141
205 260
28 71
144 226
142 192
51 69
110 291
28 84
70 116
25 272
61 71
133 194
140 200
78 202
89 256
44 217
146 150
87 285
210 222
35 256
65 190
88 117
86 194
122 251
8 110
86 125
17 240
27 150
40 200
219 284
54 70
59 243
33 191
157 227
209 221
129 212
65 270
40 160
70 265
114 226
1 31
51 288
200 201
68 277
252 274
20 244
46 277
89 288
11 211
98 178
18 253
121 174
6 193
46 250
48 206
10 193
57 256
51 146
126 206
145 280
66 90
100 235
105 216
46 81
146 185
226 251
269 287
0 111
54 279
123 168
52 245
54 258
16 260
137 239
45 114
140 292
137 253
64 69
74 181
25 260
128 199
216 262
6 119
75 157
74 191
106 215
180 195
16 259
18 197
198 211
193 222
68 172
121 210
33 196
77 78
133 142
20 119
265 267
74 250
35 95
142 274
6 249
101 194
106 200
35 269
145 238
5 239
117 166
242 244
108 209
36 125
164 169
87 228
102 127
212 246
166 230
164 248
93 185
204 235
146 245
233 289
102 239
59 105
51 260
143 278
158 222
198 229
99 141
37 292
81 158
38 48
119 208
149 187
256 276
102 105
30 81
52 230
15 81
27 40
207 248
183 225
1 99
103 127
119 153
141 223
20 167
6 198
9 209
154 177
30 93
89 225
28 115
84 119
47 109
12 290
238 246
32 166
10 94
121 151
26 253
57 238
8 32
117 164
31 150
63 149
142 222
69 187
150 173
240 255
32 147
156 164
8 18
69 120
15 150
162 268
169 192
6 165
163 239
69 150
47 166
73 233
61 118
7 270
81 116
144 153
6 38
143 151
206 218
74 246
120 178
174 193
33 213
11 115
105 191
158 254
80 272
131 164
152 171
6 114
154 200
175 234
68 173
5 284
40 154
66 249
156 214
49 257
51 284
78 150
38 109
208 247
77 143
68 170
205 270
179 208
53 287
13 133
21 135
122 257
118 170
126 250
103 258
9 249
141 287
97 146
60 66
168 200
178 234
98 183
59 150
23 132
119 134
82 285
36 48
41 58
35 213
100 236
70 223
277 290
156 226
1 114
154 164
244 257
39 67
142 177
15 123
43 97
117 125
190 281
74 256
163 222
0 217
143 162
28 47
46 99
3 28
88 223
30 206
7 256
59 142
40 198
36 233
94 235
1 138
45 73
61 285
121 198
44 90
99 126
115 199
93 125
141 188
15 17
84 151
55 215
96 245
76 159
219 237
36 124
68 162
209 252
76 127
159 205
10 100
100 112
121 199
239 289
166 187
42 167
184 189
14 203
49 163
162 272
11 20
179 224
54 289
73 272
25 28
39 161
48 226
81 213
127 245
186 255
72 76
42 292
121 208
56 250
13 92
15 146
149 157
61 218
200 207
223 227
58 115
106 236
104 292
103 245
90 139
192 270
131 175
67 175
74 137
225 235
94 273
15 143
138 142
71 231
84 217
45 200
67 270
224 234
131 251
129 159
42 205
0 155
52 162
151 162
122 282
29 267
50 188
109 171
113 120
48 252
62 279
179 213
62 105
61 257
35 124
13 238
240 261
3 145
85 210
21 216
106 178
121 153
70 238
52 275
7 210
167 287
126 277
6 29
148 193
38 177
186 195
167 265
138 214
61 283
43 131
15 31
190 215
45 219
203 214
10 250
86 260
37 106
55 74
19 269
156 170
233 248
122 212
149 264
100 131
13 215
8 29
99 212
39 105
138 184
49 188
36 156
72 168
103 255
48 96
103 179
214 224
75 276
78 167
32 232
132 159
40 212
115 271
50 238
57 236
66 203
175 212
32 124
35 94
49 74
11 45
173 177
219 252
174 191
46 150
110 272
255 268
12 219
30 43
12 168
86 291
43 152
42 73
9 158
33 109
8 112
20 254
16 236
14 161
88 218
74 85
36 163
87 199
83 252
146 279
15 120
68 179
9 171
22 190
157 158
76 239
155 199
109 285
256 285
87 140
69 246
64 168
145 167
101 145
70 111
11 150
138 218
66 155
16 137
179 277
19 74
68 242
188 273
72 290
163 193
84 127
96 127
189 245
239 274
7 167
209 228
5 103
40 165
114 151
178 236
124 140
57 241
59 72
9 53
78 96
260 280
80 85
177 284
42 234
13 147
9 146
33 208
89 241
38 277
62 202
111 186
59 270
175 292
19 292
62 252
189 259
238 248
39 172
178 230
237 244
23 89
127 230
85 249
263 266
0 223
103 277
65 82
68 102
91 141
13 175
237 247
64 177
186 271
8 79
93 283
207 269
54 84
182 242
55 102
52 110
160 287
100 259
15 208
139 216
276 280
140 249
36 252
177 241
201 268
127 200
101 131
163 277
59 197
123 253
48 152
85 259
22 192
153 258
18 25
3 253
125 196
153 255
4 32
118 129
22 227
54 275
5 80
136 202
172 241
16 110
21 152
107 236
213 220
98 261
241 282
115 142
195 241
145 212
180 224
17 164
241 268
130 171
145 282
194 219
93 266
129 153
233 257
34 197
122 204
13 250
79 176
138 193
95 276
70 90
104 276
105 210
5 264
102 143
125 221
221 267
55 108
129 181
9 232
62 185
283 292
13 24
169 244
7 257
18 190
192 235
20 179
104 204
42 230
194 284
112 113
9 26
129 258
215 246
70 225
144 166
18 45
23 44
83 160
61 89
86 272
35 88
10 233
41 141
174 217
41 57
45 51
115 193
167 207
17 80
12 54
91 240
180 238
139 189
78 243
153 269
150 188
208 241
42 288
11 22
6 203
22 222
59 262
65 102
26 269
55 56
15 239
22 117
56 152
11 132
195 269
13 73
4 14
119 191
90 256
107 178
5 165
89 124
2 123
227 245
85 169
161 214
59 168
24 50
22 275
56 245
1 131
55 83
133 242
99 223
60 266
75 79
19 70
113 238
52 226
69 257
40 103
30 166
91 236
47 158
106 288
21 70
154 205
9 228
29 244
56 66
100 114
23 97
142 263
49 137
29 143
54 170
74 215
21 244
112 271
85 175
107 212
82 155
226 253
3 22
240 242
148 201
91 225
109 189
28 63
239 256
119 254
3 278
34 109
7 198
225 261
50 88
43 261
22 35
38 118
153 256
6 182
48 49
51 168
146 276
26 172
157 243
52 269
22 91
27 173
141 147
87 179
10 89
106 176
157 170
6 215
164 266
29 238
104 224
115 205
6 61
218 236
263 288
141 191
21 50
156 222
12 63
168 253
125 203
68 71
140 262
49 133
16 47
194 208
98 252
186 274
152 180
131 274
12 132
4 184
18 260
168 268
35 129
3 38
103 231
123 171
65 208
12 170
88 232
69 95
146 188
27 254
85 264
148 222
96 97
25 224
43 162
36 292
155 160
32 269
99 284
138 186
42 277
101 220
130 199
62 152
154 283
116 262
62 213
6 201
41 146
159 241
76 104
2 124
176 235
16 123
40 206
245 262
45 187
73 256
47 66
104 239
33 246
52 163
53 226
11 72
52 227
42 160
94 191
49 271
14 283
19 231
182 265
49 234
129 152
214 248
2 88
163 264
7 127
267 283
200 250
54 209
36 52
107 261
58 133
2 222
155 187
8 270
121 222
21 286
103 279
71 119
79 221
37 113
27 67
45 77
42 245
30 47
34 58
37 79
250 284
107 138
48 130
118 221
101 201
188 255
0 102
118 135
42 217
248 269
262 268
136 208
6 231
105 134
2 161
108 249
195 285
1 190
166 174
53 127
17 61
73 157
72 195
60 201
74 283
257 283
230 245
188 211
164 188
90 276
37 74
26 94
114 118
152 232
193 239
92 182
170 262
32 37
213 253
170 239
238 259
27 92
21 123
59 257
214 239
118 158
88 216
124 183
76 242
24 277
67 82
154 169
56 275
0 287
143 166
156 207
62 274
85 255
35 240
153 177
9 25
43 161
48 216
147 212
125 198
76 282
23 208
115 286
104 147
26 235
11 233
154 178
188 242
46 79
147 207
172 182
97 209
137 140
224 258
47 159
7 17
145 162
105 211
135 220
7 62
128 289
49 187
1 48
12 73
236 245
115 213
93 147
71 252
215 268
231 261
18 228
167 286
35 91
10 201
235 240
65 252
113 287
35 175
117 254
42 137
59 186
94 167
177 185
122 269
129 165
69 168
50 115
9 72
44 197
136 183
12 97
28 209
113 144
162 289
120 256
26 44
23 73
112 222
214 288
10 199
46 240
126 143
9 255
136 266
67 168
60 67
20 51
76 187
82 102
199 265
57 179
56 229
34 113
82 237
94 151
29 159
88 265
95 222
164 172
109 279
230 268
87 215
197 222
64 73
67 173
57 268
28 144
106 240
257 276
127 237
34 83
203 210
191 283
169 207
179 233
29 264
97 158
0 243
96 118
100 230
33 284
101 200
35 50
70 82
249 287
150 186
48 93
88 247
124 228
71 194
79 225
177 214
230 272
110 217
49 184
63 274
134 183
93 280
159 182
75 93
65 214
62 140
89 240
28 45
51 156
80 192
153 271
217 278
137 199
40 141
5 27
100 176
10 16
53 258
46 171
154 275
22 188
218 273
89 91
114 115
6 12
97 129
156 230
45 220
37 122
148 246
31 70
223 225
88 271
45 188
134 204
264 274
164 178
99 217
58 279
139 209
71 144
80 83
195 239
178 211
74 233
141 178
102 233
42 128
128 132
21 264
170 282
144 195
157 166
6 33
41 268
148 210
86 139
50 172
189 225
119 240
161 220
105 217
63 130
170 192
156 261
3 179
285 287
40 163
172 262
235 278
38 281
141 290
75 165
3 35
61 109
25 200
58 183
12 49
52 108
217 245
56 268
48 203
34 51
218 253
83 197
214 215
28 258
11 264
220 254
179 182
1 269
193 286
10 110
246 277
92 236
254 278
67 228
52 234
42 72
119 257
193 226
132 214
135 203
22 216
266 282
90 270
116 160
113 178
133 141
85 269
120 268
204 234
12 286
67 188
5 281
107 255
114 215
163 214
80 91
67 68
9 206
70 146
28 98
137 167
49 182
186 190
9 42
13 197
260 261
65 73
42 260
21 52
118 182
69 224
126 155
148 230
143 201
73 254
186 235
58 276
26 251
21 260
83 92
11 27
96 268
97 280
147 286
24 33
278 279
115 241
28 139
84 169
175 263
148 241
138 174
19 42
14 202
185 254
73 151
114 127
163 182
53 112
116 201
166 191
32 137
12 256
8 75
56 230
13 237
44 95
48 52
93 285
149 273
71 94
79 105
64 171
87 148
14 286
127 282
3 12
118 291
0 44
178 267
64 68
239 272
3 147
95 181
134 265
166 263
166 194
199 286
172 291
156 265
122 262
3 182
113 267
34 118
122 263
47 144
44 231
57 78
9 224
67 79
155 238
144 175
177 234
29 137
78 215
138 266
30 146
160 240
2 17
69 148
104 150
46 123
216 289
8 289
24 195
72 250
72 285
191 233
112 232
83 214
229 245
36 236
45 225
39 121
34 200
106 221
151 281
226 230
89 235
153 200
49 86
175 233
215 286
224 239
182 290
34 127
25 118
93 156
58 257
25 290
84 181
4 54
31 271
71 96
179 197
19 26
10 221
190 278
255 285
25 100
132 220
157 264
163 198
221 249
0 90
43 288
110 277
100 284
153 165
131 243
41 196
61 199
129 277
58 224
142 143
112 242
228 261
283 289
117 189
172 189
4 52
25 225
164 193
0 280
123 262
2 245
110 222
205 217
187 252
5 176
11 151
74 102
201 213
176 240
212 282
198 241
0 276
106 206
30 68
51 147
117 119
66 210
12 99
71 130
172 211
68 105
116 209
109 224
29 188
230 288
6 121
37 284
173 246
124 205
156 157
192 266
37 234
139 155
46 228
183 280
108 247
191 236
118 228
37 233
29 285
182 199
85 218
0 22
290 291
40 47
0 154
140 141
147 259
11 102
89 104
46 239
26 115
100 290
110 278
117 290
118 210
54 164
152 228
150 275
17 231
52 161
85 225
18 270
3 258
179 285
101 153
3 95
9 214
38 65
119 186
14 284
158 168
116 142
71 193
220 251
181 278
78 205
98 184
165 172
60 85
6 159
18 198
122 148
64 175
66 212
84 135
113 191
120 194
36 215
126 157
12 88
167 197
84 235
266 283
235 248
143 210
37 93
259 283
56 196
218 243
2 218
136 259
15 260
157 161
75 166
63 219
63 257
112 118
52 152
59 101
226 291
164 191
51 140
174 192
59 108
88 263
36 63
155 188
41 107
170 246
143 233
3 116
127 149
79 188
0 152
4 31
148 166
66 100
132 255
159 187
15 177
188 190
94 244
271 281
106 213
23 181
182 204
12 94
233 273
13 104
48 282
4 175
140 250
22 180
142 289
33 219
144 205
47 124
86 95
6 151
49 279
151 260
5 115
122 290
9 163
86 248
118 131
2 208
11 271
84 117
73 212
167 250
59 284
63 289
2 150
125 181
165 247
224 289
73 83
102 168
54 82
126 235
230 231
202 260
246 251
111 280
188 269
31 207
56 201
103 260
91 144
52 148
47 177
4 41
62 158
177 195
86 124
39 114
5 173
132 160
25 26
68 194
91 277
53 131
46 136
37 61
173 231
65 176
29 158
149 260
60 130
179 186
78 149
214 244
263 270
19 196
181 241
17 260
128 171
8 64
51 91
173 206
9 48
114 165
102 219
48 83
101 229
120 177
106 172
40 70
73 90
25 162
35 209
65 242
160 194
98 260
64 240
229 263
215 252
203 260
68 200
18 192
57 134
97 261
91 230
187 257
67 282
91 169
59 271
37 182
28 86
38 56
4 180
132 194
85 118
58 212
106 136
11 246
223 292
114 202
36 57
53 126
99 228
61 92
236 249
9 125
192 211
81 256
151 202
131 181
8 39
81 292
175 264
9 248
36 232
80 237
80 122
55 126
128 129
34 243
1 46
176 270
75 271
143 194
55 92
139 173
124 266
17 246
80 287
104 169
25 129
257 267
168 288
255 287
64 91
105 181
132 202
179 229
152 186
76 164
231 278
59 248
25 63
75 177
225 246
17 145
35 51
17 136
56 165
16 274
135 149
3 33
98 144
83 170
92 109
145 211
75 249
40 123
152 157
174 201
130 157
106 224
80 135
97 155
33 212
59 119
177 205
83 220
108 176
42 61
3 111
161 248
34 275
80 152
64 209
132 260
125 222
79 173
215 220
8 224
1 27
40 118
126 275
174 288
29 230
92 250
40 96
54 183
265 277
31 72
166 271
148 256
112 167
31 264
78 141
97 108
25 243
278 286
13 18
238 255
224 227
165 197
124 166
66 182
113 125
156 264
222 287
237 276
20 201
68 88
74 240
34 158
26 286
58 292
163 267
21 97
14 271
103 199
161 182
16 240
135 194
95 226
187 249
89 286
137 288
232 269
3 158
50 261
93 103
164 219
61 135
60 235
150 226
33 43
123 154
114 217
25 154
244 276
60 229
257 291
213 216
43 214
23 35
127 134
128 250
223 230
99 269
116 196
18 208
136 178
215 263
46 82
68 251
73 100
112 231
113 138
9 289
124 141
156 272
24 197
97 200
123 162
16 106
0 284
115 148
15 128
147 250
10 21
70 199
44 146
168 215
19 172
128 212
35 183
138 273
118 276
18 31
141 218
66 119
5 8
144 243
93 165
219 268
161 184
121 221
85 180
124 132
10 66
28 270
117 260
98 214
220 281
178 189
43 267
34 64
227 266
240 271
78 103
85 89
15 46
88 193
38 235
131 240
5 258
62 227
88 200
22 102
116 246
205 286
163 174
41 152
24 60
87 117
11 212
86 167
99 152
47 226
108 264
50 174
105 261
161 268
110 223
42 113
4 166
96 253
16 56
93 182
117 142
53 151
73 108
98 161
146 292
68 208
27 186
64 220
38 155
22 23
105 115
208 292
28 34
142 277
18 21
79 92
50 116
110 150
159 228
143 245
134 213
118 288
2 227
139 164
199 218
182 238
91 279
10 67
29 252
37 242
193 244
239 269
56 239
58 84
120 260
79 107
57 261
141 275
20 268
144 183
230 283
84 144
40 223
141 233
40 253
171 223
196 290
45 70
148 198
161 198
27 216
29 275
54 154
53 171
150 175
66 209
77 168
46 278
195 281
210 212
127 288
121 177
5 28
74 277
164 245
11 208
44 75
84 92
190 230
209 231
168 282
36 150
2 109
168 229
141 192
17 241
184 280
162 229
175 198
117 240
153 249
30 120
215 235
75 185
113 179
39 74
67 75
182 207
248 251
130 242
212 241
20 73
150 228
27 135
176 205
71 237
121 290
128 218
83 221
9 276
34 174
59 103
17 278
30 229
141 162
53 166
25 80
55 128
111 230
112 224
86 205
5 95
56 169
114 229
31 90
129 144
74 158
60 292
126 246
26 212
8 89
192 260
131 165
25 67
150 249
131 162
115 234
157 164
71 196
188 261
139 147
1 236
161 258
140 199
183 276
100 286
24 280
235 280
273 289
147 277
70 270
81 92
14 96
120 184
93 184
215 228
14 211
159 208
37 145
241 291
39 56
160 291
111 174
51 153
132 286
55 82
4 101
25 218
30 145
82 174
102 255
68 219
75 277
37 58
47 219
216 234
81 245
20 125
7 205
187 208
137 261
22 97
74 148
144 159
67 87
62 246
119 274
125 265
79 82
138 243
224 266
40 182
81 216
42 251
44 214
135 190
7 21
139 256
200 206
65 95
47 117
54 108
207 260
57 130
212 222
76 92
137 163
80 230
161 222
87 250
114 249
7 222
60 163
169 210
123 219
141 229
106 138
133 172
59 230
10 36
76 220
123 284
223 256
144 255
107 114
106 144
31 132
146 162
21 238
230 282
87 172
207 235
57 67
45 128
190 233
109 271
222 251
108 204
7 228
91 94
223 273
43 262
135 145
232 239
15 26
53 238
143 145
251 284
33 44
198 206
141 283
12 129
223 232
100 215
62 245
274 277
26 256
14 265
35 100
19 213
251 274
57 122
121 135
30 263
131 220
61 183
151 261
54 243
56 120
169 278
184 252
81 166
92 140
105 139
75 91
5 24
67 248
98 192
215 284
69 154
1 262
91 289
173 288
56 194
12 21
153 232
199 200
39 186
30 75
31 99
155 185
119 215
114 253
90 258
79 214
71 173
52 174
156 195
57 99
11 148
12 30
84 248
14 215
9 192
235 261
3 90
230 281
0 114
86 215
135 287
284 289
203 290
57 102
68 276
124 217
78 120
51 195
133 223
25 174
3 204
180 241
116 216
87 195
48 158
73 240
5 168
53 182
30 258
228 292
80 215
173 224
114 239
64 109
85 120
115 169
117 234
143 163
205 229
87 214
118 178
141 285
237 274
189 288
57 152
179 204
6 70
5 62
109 219
156 178
104 132
212 269
21 177
114 237
142 150
55 104
18 139
25 130
148 238
23 180
64 274
119 232
99 249
73 197
17 70
19 206
173 282
172 245
166 217
119 242
122 153
113 282
13 168
124 282
166 203
26 222
39 191
112 246
162 220
102 283
58 233
126 161
8 274
193 273
4 113
106 255
183 233
185 203
147 206
174 225
3 276
1 186
207 216
35 156
169 182
70 264
217 228
25 247
69 225
222 247
19 125
2 106
1 37
10 123
90 92
84 272
242 257
229 291
143 176
202 203
126 148
128 163
43 272
34 191
154 225
140 190
47 67
127 226
88 228
3 11
44 100
121 244
9 140
113 152
21 158
112 221
32 238
34 123
179 276
58 269
71 198
266 281
37 173
280 283
75 216
45 92
18 76
234 252
170 176
141 149
200 292
156 270
133 272
73 267
169 172
157 262
229 282
135 283
204 275
176 273
175 286
10 60
151 248
86 220
106 198
86 261
154 248
76 97
157 239
35 133
3 85
194 251
92 226
68 146
15 247
44 94
73 110
91 274
103 239
12 53
192 224
77 138
103 246
8 271
216 242
53 108
197 250
71 84
176 263
8 247
0 78
45 212
0 160
111 214
246 265
191 289
88 119
112 143
26 105
148 270
127 176
123 198
86 226
66 266
7 25
53 234
23 268
8 13
3 73
8 31
62 168
107 169
57 155
14 80
247 282
62 199
30 224
93 163
7 58
83 152
176 259
52 98
98 265
260 269
85 151
185 224
196 239
203 229
102 151
48 127
85 228
75 169
12 131
90 281
121 137
35 110
171 255
111 196
21 92
162 176
64 289
170 207
230 253
85 87
198 238
130 190
108 116
202 230
120 280
59 63
227 286
229 252
127 268
15 117
51 254
78 256
85 129
167 190
100 227
242 270
96 288
47 162
14 109
124 152
268 279
66 139
121 201
62 225
100 287
28 120
96 122
48 243
152 208
41 108
50 251
152 170
265 276
223 285
130 281
137 244
257 275
66 283
102 264
50 112
84 254
15 244
17 101
160 246
41 228
106 219
154 224
12 198
248 258
67 133
86 116
246 278
49 225
55 109
124 165
224 229
281 285
34 155
4 90
88 235
35 174
113 221
88 278
106 217
53 260
55 191
46 184
166 253
148 179
27 168
2 38
10 101
238 242
28 194
2 138
113 259
76 185
63 83
0 209
179 261
70 89
219 220
80 115
56 187
121 270
246 282
13 223
104 201
212 228
14 272
147 219
152 236
104 283
81 173
45 215
120 148
107 133
43 98
116 217
61 289
96 280
57 98
83 136
25 65
93 233
136 158
8 133
7 60
250 277
45 205
68 202
92 135
13 41
153 229
51 96
83 125
244 254
89 179
3 25
50 101
77 169
73 228
134 175
93 129
3 29
20 246
25 164
119 168
42 62
123 161
83 103
11 149
114 182
124 202
39 156
15 56
11 282
15 130
63 207
90 136
0 46
20 232
21 165
115 290
160 257
17 219
42 104
60 209
27 83
93 264
1 152
75 90
14 181
22 185
6 113
55 252
212 217
116 158
99 250
9 200
17 228
200 238
87 236
25 288
72 222
124 219
29 231
209 225
61 208
45 148
24 228
123 216
88 212
211 247
179 287
47 62
272 276
39 284
212 252
185 292
148 189
132 212
254 262
68 281
89 229
36 218
57 79
201 240
110 168
149 255
202 255
87 97
92 221
21 271
149 217
107 163
15 194
148 205
237 253
106 119
30 175
58 273
39 158
20 269
259 279
29 192
48 140
178 287
152 240
6 132
69 232
240 278
94 253
22 47
166 286
135 276
165 167
97 145
183 271
39 58
15 138
70 102
150 279
138 158
24 180
116 211
44 68
99 211
0 178
97 168
61 254
82 137
124 214
50 114
39 189
26 258
18 34
7 197
161 263
31 206
36 255
41 189
41 291
18 49
114 220
188 278
78 182
4 271
86 274
144 264
93 204
42 55
18 36
213 231
164 208
88 118
4 140
138 221
136 224
76 150
183 257
10 238
0 190
244 272
67 96
113 160
174 207
153 254
70 119
36 40
72 80
51 218
23 47
68 177
44 123
33 171
36 139
9 121
107 221
68 122
47 269
16 104
149 213
177 239
72 208
10 282
22 45
7 154
54 92
174 267
64 288
252 277
110 115
46 284
162 172
43 179
128 219
135 208
92 153
125 209
73 130
150 194
36 231
213 279
196 205
56 228
24 260
36 227
176 252
214 221
72 205
80 131
8 62
21 245
75 147
60 252
11 241
13 178
165 170
274 278
193 249
23 33
35 82
80 217
31 158
215 272
48 137
232 237
83 247
70 249
80 243
268 281
3 221
187 292
127 139
234 251
130 146
75 217
23 202
143 181
23 188
173 241
146 155
200 227
76 283
48 229
206 216
182 259
35 243
90 188
164 287
101 134
74 264
126 220
35 261
92 128
205 261
26 89
247 278
100 177
63 212
124 129
123 264
109 193
58 213
149 272
31 215
69 151
113 256
155 156
108 172
142 168
133 135
76 106
224 241
91 194
38 145
0 262
9 283
137 159
241 247
60 283
10 58
111 226
135 136
96 223
45 283
6 130
31 66
85 101
134 285
250 265
93 256
84 277
145 221
173 211
57 101
56 177
43 175
31 288
145 253
27 205
163 292
8 252
104 156
4 44
81 265
146 210
122 209
101 107
2 279
123 281
146 223
36 50
241 292
17 86
190 211
5 52
200 271
215 269
44 178
68 235
24 240
16 99
36 291
30 131
161 173
201 284
57 187
7 286
110 152
84 168
3 67
25 237
100 261
97 269
199 287
71 197
61 195
165 291
38 135
8 52
58 69
2 62
6 102
105 167
191 281
138 182
50 149
158 175
188 221
90 99
119 194
166 259
163 224
8 156
2 31
177 253
131 216
122 223
130 215
19 230
129 168
47 285
1 203
56 125
107 287
89 227
125 202
49 209
161 260
21 65
5 273
87 273
43 201
59 138
29 202
77 253
220 225
166 210
22 186
65 221
103 286
9 281
2 263
213 277
165 255
25 276
216 284
136 216
13 181
39 173
90 134
98 250
113 157
181 196
16 58
8 242
34 198
171 270
40 106
183 218
279 280
77 277
234 277
72 246
199 242
48 114
10 125
265 292
106 244
74 128
100 153
56 217
87 94
4 128
91 288
41 99
11 83
106 257
10 132
127 229
69 194
112 267
18 44
5 113
28 68
167 240
2 169
222 249
101 279
137 173
2 111
60 200
51 138
2 93
66 277
16 70
32 288
68 90
136 201
51 76
241 250
8 104
137 281
8 95
75 235
104 119
44 153
122 245
34 266
200 256
90 100
0 4
178 182
13 23
27 209
67 130
2 19
70 283
35 81
170 291
10 97
26 288
26 191
177 264
245 247
137 226
52 123
21 124
202 287
29 81
127 175
21 261
65 70
31 284
11 89
205 273
10 107
73 124
205 272
47 237
197 275
12 184
137 246
63 250
77 172
172 205
47 93
81 237
203 255
19 22
12 48
66 158
184 213
104 162
84 202
6 45
92 102
16 220
31 43
42 267
6 99
174 188
3 75
116 172
12 72
92 191
102 141
68 74
119 209
120 287
32 214
55 172
102 261
123 126
56 105
203 242
95 182
104 262
29 245
59 247
41 154
148 214
18 158
73 271
12 134
11 50
26 174
150 240
125 234
169 268
123 285
97 159
21 146
60 226
66 252
127 162
9 231
66 213
33 155
65 247
10 258
33 77
103 164
104 163
47 214
221 286
83 249
133 268
193 236
101 228
42 47
91 256
132 257
1 44
56 179
74 78
102 267
76 241
165 258
74 106
91 167
76 165
45 159
28 30
266 270
75 117
172 235
99 204
11 236
96 225
131 211
23 88
67 139
13 206
53 218
76 284
16 18
96 275
146 277
138 251
102 189
77 226
108 171
161 170
76 125
135 148
35 80
39 205
65 83
51 241
201 258
193 233
18 262
132 259
19 56
11 213
68 181
139 270
10 75
58 187
154 259
45 126
28 101
65 158
115 159
135 162
30 189
12 162
169 262
13 275
97 224
177 281
93 150
218 235
3 138
134 177
68 240
21 228
160 262
112 168
70 212
165 235
44 244
103 154
161 275
167 178
121 246
34 231
132 251
35 152
110 288
56 204
50 113
168 292
0 61
209 218
81 204
32 39
60 284
54 249
81 102
180 242
98 288
227 275
238 252
85 196
59 91
168 291
161 219
103 152
152 276
81 103
90 247
12 140
87 280
74 204
128 198
53 128
263 276
187 215
59 205
19 75
101 138
54 151
46 176
124 173
70 219
23 120
4 200
35 66
112 286
120 269
146 178
71 271
108 183
41 230
9 132
138 277
153 272
63 71
94 122
86 276
137 224
228 264
197 203
57 159
83 147
87 170
36 266
80 292
11 190
39 280
87 289
194 206
146 281
104 171
182 214
119 229
5 229
252 271
85 270
106 226
187 288
108 196
129 255
43 277
194 215
237 242
278 289
16 82
17 262
40 183
167 219
45 235
46 109
14 187
25 146
99 183
161 217
24 51
63 268
22 257
228 244
164 192
68 259
28 264
59 220
61 290
76 258
262 283
69 88
22 38
47 130
62 85
18 89
161 272
24 223
213 254
56 271
30 262
206 285
86 213
252 280
90 207
99 248
53 239
150 256
84 130
50 165
122 289
8 113
17 111
79 197
10 150
86 93
28 80
13 262
78 146
45 166
73 172
180 256
20 71
225 277
32 168
76 209
16 23
74 108
193 230
198 213
71 75
104 238
198 272
61 225
45 285
94 148
143 167
104 130
60 71
248 279
123 246
59 189
116 273
207 263
0 64
61 143
157 289
127 189
29 112
11 210
50 241
73 177
58 256
79 273
42 99
160 177
104 154
94 181
6 108
140 184
53 175
54 135
115 152
99 259
2 126
76 276
157 171
79 185
175 287
132 199
31 144
136 250
15 272
178 279
66 285
36 259
111 291
38 222
173 279
110 256
163 232
42 110
45 127
270 292
149 233
94 230
94 157
195 220
73 245
164 197
64 92
1 210
121 272
178 184
37 160
245 272
41 161
41 95
175 258
135 197
218 285
77 104
52 95
238 272
112 290
75 237
56 84
29 228
41 204
64 250
221 272
254 268
211 290
160 230
12 120
47 127
119 283
43 189
81 209
31 54
179 221
77 233
107 214
197 253
146 222
108 253
105 238
24 146
21 102
207 229
90 172
212 256
91 197
37 86
163 211
96 179
88 220
134 215
91 162
36 202
62 286
9 150
2 200
114 257
220 272
64 66
119 253
79 132
38 129
30 290
41 217
122 271
210 231
4 291
21 41
77 177
41 140
69 196
18 50
105 132
83 91
36 152
47 69
84 183
181 246
220 232
140 252
89 169
24 292
7 192
1 202
2 154
147 244
20 173
107 152
56 150
52 93
49 180
32 188
79 290
94 154
37 178
30 209
48 225
130 177
27 193
20 81
29 39
23 139
44 187
80 220
94 165
20 212
210 277
5 140
128 215
22 139
80 201
177 179
163 189
125 163
83 130
107 132
95 209
114 252
58 128
14 59
124 134
146 249
199 266
207 242
118 174
54 89
261 288
44 192
204 218
49 281
22 49
57 199
226 235
103 228
229 244
31 263
91 275
144 181
64 225
60 104
14 124
250 272
135 273
6 167
53 240
0 194
44 238
89 149
153 239
117 175
126 190
48 81
80 163
239 241
84 156
195 236
8 45
53 62
175 285
147 178
25 109
63 246
193 252
80 248
30 57
113 242
109 203
120 243
123 211
120 159
47 58
34 261
105 240
82 202
90 128
215 247
90 131
249 263
56 251
147 235
147 246
147 248
141 279
85 106
9 271
125 142
164 217
60 269
48 271
6 175
68 289
38 193
38 234
265 285
119 128
72 134
88 243
28 146
70 105
84 150
115 257
14 213
52 250
110 153
163 249
80 179
143 262
54 124
104 148
27 61
18 134
95 195
255 260
216 277
50 250
0 137
79 172
258 266
8 290
131 223
30 259
125 281
85 229
94 193
74 206
11 178
46 253
148 186
84 259
218 248
75 82
30 221
13 152
112 166
37 121
127 197
67 78
131 239
59 277
78 95
28 281
15 144
39 85
166 234
3 269
72 235
25 254
228 282
33 151
222 243
10 278
31 193
159 160
66 218
147 168
20 101
7 236
175 270
62 71
55 283
85 223
40 110
65 141
51 200
246 258
14 140
185 262
83 276
87 162
27 153
13 31
132 180
41 245
206 222
129 171
84 165
13 143
121 152
63 95
215 242
138 254
50 129
23 158
101 258
146 159
120 282
117 152
150 202
90 109
7 61
70 161
0 45
95 116
146 290
142 291
58 282
151 158
114 274
56 156
107 113
136 179
73 201
192 291
20 249
62 204
36 285
93 134
1 126
152 274
100 272
84 275
118 219
128 247
146 257
228 269
102 222
8 141
215 241
96 149
223 259
102 269
116 121
51 122
12 90
273 285
178 202
192 271
171 190
67 285
162 247
14 24
95 166
74 212
218 281
120 199
68 196
207 254
144 224
89 139
215 288
30 151
171 173
29 273
112 119
40 151
168 191
25 291
248 271
120 217
13 165
123 127
20 29
96 276
88 285
195 256
22 287
121 205
31 196
115 197
47 256
5 261
133 138
122 239
49 157
115 137
117 160
30 114
47 244
135 280
13 39
55 212
52 168
176 189
194 233
33 106
6 59
113 269
40 88
151 290
205 255
150 227
88 279
45 111
161 199
185 272
168 196
68 100
23 53
258 268
143 215
51 216
211 281
158 261
155 181
214 290
246 249
100 275
56 119
170 193
113 235
93 113
160 188
232 267
77 148
116 124
13 60
140 159
20 22
208 259
192 281
189 212
88 158
25 255
128 140
21 144
209 223
66 67
86 143
4 93
68 103
55 194
211 225
7 178
202 243
170 274
65 120
220 256
25 44
153 235
30 277
265 269
2 184
113 143
120 285
1 289
46 256
16 69
47 101
43 49
100 101
8 208
58 149
33 99
167 277
37 185
118 252
204 231
87 196
3 291
121 249
120 147
145 152
180 266
208 266
45 186
45 158
32 95
193 246
222 233
10 115
192 222
6 7
166 202
37 218
48 125
37 71
3 42
102 155
84 122
46 177
12 237
96 224
22 274
151 183
192 210
6 196
217 272
152 282
199 271
143 182
88 225
177 216
81 271
182 208
168 187
210 257
211 241
38 127
24 244
169 249
76 198
169 283
8 212
194 197
21 197
164 254
24 254
260 272
84 106
80 110
50 161
46 185
20 45
136 285
128 227
51 228
134 276
168 265
206 224
139 168
146 271
89 186
32 285
88 199
134 239
104 227
75 204
113 216
205 258
76 291
126 279
270 277
53 148
128 262
252 273
68 117
91 134
61 127
195 206
60 81
230 271
163 251
136 177
8 251
75 236
188 266
142 195
128 290
38 210
213 227
16 285
30 156
134 289
15 281
62 219
74 125
19 105
185 278
92 272
229 290
21 88
189 285
68 87
114 211
153 211
55 242
91 253
186 198
89 146
20 213
117 153
173 258
222 250
172 204
83 222
12 87
170 209
109 246
85 276
137 208
91 145
25 85
32 76
62 248
8 249
44 162
43 121
68 73
102 144
92 93
282 289
129 237
18 129
31 159
7 8
28 221
4 230
5 90
22 27
94 146
65 103
6 62
19 69
20 286
36 166
121 213
38 107
59 178
42 208
211 282
52 187
39 227
94 258
25 86
126 153
42 57
129 199
222 265
199 281
203 238
223 276
35 104
192 203
76 100
166 266
77 100
58 127
74 149
92 215
113 204
96 222
66 259
20 116
246 275
96 169
62 89
18 109
32 218
207 226
54 160
51 187
115 264
248 266
14 31
151 264
179 265
161 277
146 258
65 237
93 234
163 218
195 292
72 259
106 109
209 215
222 279
55 157
36 179
39 149
242 271
54 129
126 189
214 261
129 248
167 244
120 275
117 212
133 239
11 47
5 166
57 196
274 287
110 189
99 155
225 268
255 279
25 216
47 51
22 237
120 183
2 241
137 161
97 142
55 181
159 176
149 165
246 285
5 111
120 267
125 150
117 144
52 177
118 271
44 86
220 260
135 182
50 268
111 123
54 87
184 229
66 72
78 271
186 262
47 246
271 276
108 241
141 186
74 238
143 231
79 224
188 291
53 64
252 263
32 64
17 79
118 179
139 202
136 157
116 182
28 286
190 208
75 94
53 90
149 253
140 264
22 270
99 107
81 83
85 102
34 77
87 149
48 87
103 224
87 269
152 220
14 114
95 120
13 30
57 72
49 227
146 289
16 62
111 159
218 257
106 137
220 247
34 38
19 261
64 170
126 253
84 155
231 286
4 212
17 106
9 221
18 168
82 171
74 91
94 227
164 251
160 273
23 105
195 203
33 114
124 267
51 61
7 41
50 122
137 257
229 262
92 123
48 181
15 200
85 227
178 249
1 235
126 151
53 109
144 266
172 209
157 259
68 228
38 74
98 206
73 198
160 224
30 70
200 221
134 228
2 198
191 229
99 206
55 76
86 238
18 57
64 219
174 265
90 106
205 235
12 122
145 150
157 208
103 282
67 254
28 117
116 185
140 177
267 281
81 181
137 201
43 119
40 102
131 153
65 74
176 238
146 234
227 237
152 269
184 282
28 257
201 291
201 247
48 76
222 263
57 260
6 10
116 215
49 198
132 218
157 290
89 168
1 172
95 203
39 270
105 180
74 229
114 230
14 29
93 269
237 290
88 280
174 242
65 69
53 232
131 278
183 251
57 96
54 185
48 269
8 50
127 255
4 39
74 253
47 143
44 129
154 215
180 201
17 22
10 154
68 197
68 210
41 142
4 201
166 291
68 113
171 292
181 233
99 112
1 266
193 240
46 227
208 225
14 53
52 175
180 193
63 220
38 285
48 50
170 254
94 161
43 54
144 184
124 255
49 63
28 112
19 62
176 185
87 169
67 227
147 283
42 223
104 133
35 62
71 129
51 107
195 247
88 238
259 292
24 222
11 167
78 214
76 124
52 58
79 119
164 256
90 194
157 236
187 282
61 217
48 162
201 280
84 223
66 75
70 239
4 114
101 249
18 211
179 184
272 285
49 261
14 262
6 241
156 273
44 101
45 69
14 123
3 144
8 149
115 119
76 108
44 203
170 177
145 180
62 249
75 126
29 274
194 201
32 77
15 196
31 217
125 249
135 219
106 147
138 234
161 288
28 165
62 64
33 164
197 291
26 80
100 234
28 267
0 127
60 89
48 73
172 212
191 269
42 162
44 172
103 106
17 168
178 272
29 161
82 243
148 172
0 285
28 91
85 114
136 153
244 263
145 169
40 117
88 90
116 117
231 288
10 264
3 193
60 240
155 166
113 281
100 255
144 171
57 163
27 114
55 84
17 184
207 222
228 236
112 198
136 272
76 117
22 204
11 106
97 189
224 232
88 267
268 278
72 183
156 259
110 179
15 222
79 276
134 292
181 231
8 152
193 254
52 154
11 166
104 215
45 172
243 251
78 265
99 158
49 278
92 219
88 244
31 95
138 139
40 114
123 156
14 50
220 285
120 192
94 142
160 178
9 111
34 48
17 275
30 108
144 256
141 258
73 189
11 237
42 246
51 119
49 140
265 279
226 277
163 252
120 225
135 186
165 284
209 284
102 112
143 213
154 247
164 277
76 176
58 228
7 157
2 207
127 145
29 208
86 162
61 181
94 283
52 194
17 151
24 219
47 205
185 234
80 260
165 231
47 49
118 283
37 179
114 251
50 212
107 167
135 172
215 253
55 286
263 284
15 135
73 150
272 288
105 185
84 215
38 257
25 227
114 185
15 41
39 263
68 92
176 286
111 217
235 279
91 163
120 278
116 200
27 234
10 175
195 246
100 257
159 240
88 161
1 260
21 210
3 55
191 215
193 251
34 172
136 268
2 274
83 86
6 256
105 254
134 259
171 219
132 252
99 178
96 239
90 133
19 55
63 221
90 168
88 148
34 126
132 141
130 232
68 248
11 28
19 246
177 221
179 201
6 170
192 216
168 232
107 153
83 98
112 212
216 244
174 230
91 244
197 234
184 291
266 271
207 255
137 254
11 259
8 187
7 66
89 277
133 204
52 267
93 248
150 154
117 200
105 126
72 131
43 229
57 195
123 132
144 269
20 155
10 82
254 281
127 150
145 176
190 225
54 73
194 240
131 146
66 108
126 132
69 98
11 258
204 255
173 197
111 200
4 105
138 183
40 222
101 147
121 234
94 263
66 178
7 35
135 284
69 123
75 181
72 114
111 183
101 190
9 189
72 147
141 270
59 275
116 221
139 244
81 86
136 143
32 72
64 235
93 110
17 256
29 174
55 203
95 138
14 250
60 287
213 281
5 289
188 237
76 227
152 175
24 134
24 131
143 200
18 102
245 279
162 219
4 241
174 213
62 268
8 16
189 252
40 195
16 143
8 181
3 167
11 157
123 137
108 124
89 127
87 98
83 194
17 197
9 267
84 164
185 198
110 267
35 198
63 188
107 251
49 238
236 284
100 158
102 160
160 206
9 103
2 219
127 285
74 267
99 108
38 73
27 140
176 264
162 258
49 285
80 101
255 266
155 274
172 183
87 130
236 279
133 225
18 58
116 133
92 124
203 288
151 188
79 243
173 284
162 215
77 264
41 238
158 214
108 266
35 136
10 166
2 137
276 282
17 141
200 248
73 209
82 114
286 292
22 253
67 102
165 181
4 65
158 187
269 283
19 98
18 166
82 217
38 140
37 260
24 285
158 233
98 176
176 272
28 126
80 174
27 48
52 261
245 266
41 195
116 239
78 82
52 116
93 219
19 189
227 247
64 193
17 76
52 69
185 277
57 186
145 179
251 290
160 232
111 198
126 203
53 73
57 158
226 269
146 254
58 136
218 227
85 213
197 246
187 263
7 65
120 207
139 162
191 216
90 94
176 180
79 231
80 156
133 203
110 127
133 147
66 187
125 271
179 242
227 262
3 110
137 203
143 250
39 272
215 218
67 178
109 229
126 274
4 136
144 168
259 260
25 55
21 72
137 149
27 194
175 206
71 176
9 44
6 225
43 213
185 290
38 136
89 97
48 168
69 254
119 238
12 38
98 142
80 249
44 116
151 197
129 274
19 214
26 138
67 166
65 163
133 185
76 139
53 118
90 102
5 212
79 250
32 74
5 109
57 182
59 64
99 203
42 151
118 255
122 232
40 51
70 284
70 137
151 288
159 251
259 273
170 278
171 205
165 257
172 228
85 265
10 17
87 263
14 141
108 277
12 16
145 206
137 266
117 134
182 275
158 186
67 111
159 199
28 148
3 122
147 239
90 138
56 143
115 266
104 199
243 269
25 278
97 206
7 83
190 257
9 32
140 225
236 264
6 50
87 168
1 121
10 79
30 168
101 109
97 171
100 125
17 222
125 223
142 253
68 285
209 279
24 145
5 128
224 277
62 99
85 188
146 216
3 262
165 243
269 275
6 23
65 238
98 223
28 40
180 249
60 264
107 273
142 181
251 267
112 223
202 266
113 145
4 269
20 67
22 83
276 286
80 89
138 240
6 149
66 169
170 223
126 131
110 255
110 123
23 256
58 223
139 174
155 179
129 136
42 192
60 203
43 209
92 133
12 89
74 141
70 232
166 229
46 142
10 99
60 171
202 272
101 214
61 261
215 289
141 215
31 192
103 275
12 103
50 76
92 138
55 73
106 157
37 289
38 172
15 237
88 115
66 127
175 179
120 201
200 275
44 191
25 93
130 200
7 170
203 218
216 280
192 244
46 190
231 267
15 165
51 116
66 260
27 110
176 258
22 233
159 177
108 240
111 194
102 196
32 162
99 199
75 118
190 196
172 200
162 165
135 179
49 90
136 246
99 179
80 120
23 222
92 136
77 284
62 135
71 220
84 206
8 51
16 122
156 158
136 262
61 190
82 229
139 224
59 249
221 235
157 214
64 81
90 108
159 214
40 104
26 178
127 258
40 202
82 273
218 255
155 267
18 226
48 278
46 151
48 139
86 245
178 265
210 248
24 230
112 145
190 290
31 205
64 256
150 255
234 283
133 137
108 278
28 205
80 242
226 289
32 271
210 232
197 247
36 135
171 185
6 154
0 36
196 243
86 166
105 119
45 248
23 137
47 56
97 243
166 289
9 234
32 241
16 212
63 278
92 112
69 203
144 152
102 224
79 155
3 196
35 78
256 273
22 281
140 212
207 291
155 197
51 225
173 226
78 154
118 164
152 216
75 198
45 88
29 221
126 195
155 257
110 142
21 190
259 286
27 228
238 275
3 248
171 249
68 193
75 232
142 223
50 143
41 292
88 227
21 176
129 148
280 288
12 163
154 208
23 183
23 98
0 85
242 289
111 289
233 281
51 117
188 218
42 146
87 152
57 254
87 119
33 162
227 274
104 185
109 286
114 265
162 283
158 210
24 156
141 209
42 116
221 256
154 289
218 274
231 263
206 268
1 61
147 190
70 266
259 280
8 136
6 255
101 151
154 195
168 189
1 192
146 158
21 280
57 237
96 221
95 213
36 114
3 54
15 220
66 268
238 264
127 241
254 261
2 24
104 173
36 129
106 139
52 247
89 126
97 231
80 232
202 268
117 219
150 290
127 132
46 288
154 172
76 259
245 281
9 60
11 121
86 142
47 116
124 286
58 184
41 287
187 269
65 182
31 275
193 255
87 208
177 223
124 198
65 125
115 226
115 231
152 257
106 237
186 227
169 234
18 202
62 292
11 13
15 187
82 189
80 261
205 264
162 243
51 192
78 207
81 188
52 271
160 210
38 276
78 239
3 225
31 246
59 261
14 170
40 161
205 277
103 130
111 247
2 213
156 245
19 126
154 279
218 260
174 233
193 259
210 256
70 267
199 225
70 246
183 255
60 211
168 198
140 287
16 107
21 61
64 76
112 196
101 233
52 256
172 276
133 237
28 196
36 264
148 257
142 264
66 247
213 240
216 292
54 155
43 140
29 256
158 204
79 254
25 277
88 264
150 192
243 270
77 92
124 170
95 135
53 169
12 113
4 208
246 281
198 200
60 68
120 155
38 167
213 268
183 190
98 243
156 229
9 243
48 286
33 289
72 202
14 224
33 199
147 195
36 178
21 225
178 192
27 206
47 73
55 192
61 249
65 289
252 262
177 196
25 101
52 215
3 7
24 241
177 266
66 85
32 150
27 189
15 278
60 169
72 268
7 19
30 237
71 281
32 48
86 196
27 124
35 178
103 144
25 196
15 164
212 218
21 109
48 281
98 233
86 106
126 187
61 248
48 175
85 240
127 194
108 286
60 164
63 116
101 242
191 248
25 170
105 141
130 237
22 199
58 151
77 196
63 200
37 60
171 282
191 228
214 292
6 37
173 185
0 13
9 277
121 227
10 163
28 116
121 196
53 145
245 261
216 263
112 283
40 267
264 267
103 112
18 146
179 249
83 102
134 196
84 110
185 279
156 266
142 179
9 258
108 151
251 278
197 230
84 90
117 158
8 206
210 245
183 238
235 288
126 224
8 9
128 239
97 182
128 131
55 147
5 160
45 238
23 160
24 141
42 163
97 184
1 110
185 205
46 292
12 65
97 260
21 78
199 257
110 193
209 281
35 250
29 235
38 91
10 76
86 101
17 160
13 217
198 255
78 213
145 245
141 153
144 161
121 190
10 105
46 276
100 127
39 68
142 261
55 277
196 246
22 160
79 177
43 196
60 112
96 100
77 220
108 191
142 251
180 188
220 229
9 265
174 284
111 176
62 287
159 192
142 254
109 276
5 11
56 231
34 208
151 218
54 242
144 176
245 276
191 234
47 132
139 289
29 131
201 257
28 222
60 87
110 283
205 247
93 203
63 142
2 190
179 253
114 283
30 115
156 190
97 141
53 255
38 126
36 41
181 263
79 274
29 160
38 95
6 139
95 125
62 131
152 291
102 140
149 204
132 163
160 167
50 223
25 236
28 122
18 62
66 217
62 253
24 276
157 212
115 183
24 32
109 245
40 185
195 289
209 285
24 192
145 262
221 274
5 32
16 96
71 82
31 148
48 146
117 168
76 253
132 191
83 243
26 33
28 109
221 259
4 252
176 186
27 214
125 152
144 261
215 245
80 155
197 233
263 264
103 270
238 265
42 172
185 197
62 114
82 99
246 290
45 89
47 275
52 167
69 189
157 175
85 178
274 282
198 267
172 250
97 203
36 42
4 84
29 104
62 82
18 20
63 234
147 267
107 143
261 275
49 145
157 255
182 244
121 122
99 264
60 237
73 169
173 286
70 269
251 256
135 267
31 123
5 82
119 239
40 142
187 284
50 58
56 232
29 136
5 215
131 163
222 288
108 122
87 104
13 61
63 247
31 195
155 255
81 190
54 66
23 77
153 181
120 190
4 38
69 243
194 288
217 259
32 181
23 157
147 157
97 242
1 92
116 193
135 207
168 287
177 219
253 271
98 256
94 250
47 97
284 285
41 235
147 240
112 184
54 245
56 91
149 161
104 220
23 37
8 170
18 145
60 232
15 277
108 132
0 242
111 142
59 264
133 273
58 237
61 90
5 91
55 62
216 248
22 211
77 171
84 163
192 220
130 186
54 94
43 85
187 287
10 160
37 96
172 179
75 179
61 244
159 198
82 244
195 288
187 205
102 186
23 78
6 125
9 170
96 258
148 218
233 234
51 133
154 163
53 198
92 160
113 184
24 45
231 262
44 248
108 260
187 193
143 220
75 245
168 278
152 253
142 162
34 110
19 89
133 270
35 205
90 195
34 78
56 80
3 173
64 150
77 151
47 231
41 209
160 222
186 188
63 205
131 155
170 273
51 106
121 125
89 224
18 119
190 253
79 153
57 178
45 84
114 186
167 264
126 202
85 88
121 157
76 102
75 248
24 282
81 96
22 51
123 282
22 85
141 159
69 267
168 263
5 256
158 191
22 171
6 69
93 198
25 90
23 191
72 201
0 228
201 238
10 263
72 116
161 287
18 95
153 204
143 259
57 139
35 173
71 206
147 152
201 281
27 38
246 289
108 163
183 187
119 160
165 246
54 132
11 194
120 244
159 166
48 131
81 198
24 209
50 232
6 92
31 182
77 80
149 192
109 266
243 267
10 208
141 158
121 142
33 97
4 95
44 128
190 269
29 107
149 195
193 197
3 254
172 265
23 239
27 43
124 249
35 105
93 282
57 232
28 253
137 172
32 92
32 44
12 78
21 255
123 225
45 177
246 291
176 256
54 240
17 147
64 119
204 233
115 261
162 210
225 266
14 138
113 205
7 34
152 254
178 284
116 244
2 229
53 273
56 216
134 198
69 76
4 214
161 267
75 286
44 121
165 177
52 252
144 253
30 127
199 277
6 63
9 94
147 254
68 203
58 284
130 278
106 199
26 116
40 201
112 269
224 262
88 236
24 68
104 237
28 242
199 282
48 196
196 234
157 207
95 96
130 159
54 239
9 226
188 286
45 150
29 76
67 103
97 185
104 108
2 20
53 97
65 124
26 42
64 141
1 170
157 292
185 246
14 112
33 265
9 145
121 167
14 28
8 197
123 150
287 289
137 270
76 190
108 140
129 228
25 178
75 155
89 141
63 237
62 101
18 91
76 136
102 138
16 187
44 170
7 78
35 147
104 240
70 230
94 249
37 275
33 141
206 213
105 232
11 289
18 206
69 204
8 287
14 63
32 247
26 276
176 195
23 144
233 270
82 178
35 184
31 176
113 148
147 226
43 254
130 181
83 238
33 83
50 83
28 181
173 233
45 282
9 259
100 118
57 245
59 190
84 95
78 156
73 140
81 263
183 261
156 179
16 98
160 279
156 212
152 283
109 281
49 61
115 153
3 235
246 284
21 195
31 67
14 136
35 144
182 256
104 168
209 212
188 210
242 269
25 232
62 172
4 260
89 214
80 139
133 169
26 142
157 232
11 247
37 220
6 78
101 292
119 218
142 262
61 223
32 279
107 270
30 257
242 252
130 150
174 253
231 274
138 237
29 156
188 196
56 69
22 182
253 286
105 201
63 65
3 59
25 289
169 233
117 286
124 243
208 257
115 131
82 292
172 187
98 145
94 203
50 194
116 289
108 110
115 251
42 224
35 238
149 263
69 230
80 290
166 254
167 169
79 175
124 281
31 218
2 283
71 253
33 117
45 123
61 114
24 215
27 142
28 111
173 268
69 197
221 287
212 244
107 235
86 219
70 259
61 193
181 194
37 222
216 251
49 168
85 183
96 103
74 236
11 279
85 268
71 154
12 145
31 152
169 208
214 225
156 180
50 285
137 176
130 257
60 234
146 191
97 114
101 263
76 95
76 248
154 155
37 64
35 223
100 165
261 277
0 116
132 221
129 246
76 170
31 82
176 243
106 231
33 229
22 163
52 262
179 252
183 216
196 233
55 174
11 232
122 240
79 97
56 109
82 228
67 292
74 221
82 239
64 174
104 151
104 212
68 253
180 199
13 132
181 227
158 220
180 282
90 143
21 130
7 182
71 134
254 270
19 239
1 55
49 165
62 147
124 161
30 167
134 233
5 148
40 77
178 193
18 172
129 282
188 200
207 273
9 14
160 193
65 162
41 225
49 108
49 255
44 200
31 52
99 251
66 290
63 117
44 103
124 168
138 263
29 222
10 189
132 170
157 197
42 46
34 62
105 116
51 81
80 263
4 146
25 104
22 209
9 238
46 163
250 253
138 159
188 277
139 287
16 177
13 29
161 191
259 282
35 265
33 76
182 227
198 252
262 279
54 139
208 263
18 240
2 272
90 171
190 280
33 145
5 20
23 81
30 191
154 181
37 95
10 127
114 193
196 221
159 211
45 109
129 180
13 148
38 287
82 269
20 95
29 71
23 80
12 171
5 84
87 232
65 160
38 112
25 112
25 88
36 229
87 265
161 218
159 216
80 142
6 20
136 211
234 245
7 289
71 143
19 149
64 115
56 256
188 233
16 289
43 62
252 267
3 56
193 215
79 108
75 86
8 279
226 247
93 213
62 273
207 271
58 144
42 196
43 100
119 120
61 98
29 169
55 88
251 277
13 135
240 264
0 198
46 178
178 210
115 218
26 56
77 97
259 272
9 99
56 112
30 80
26 95
83 223
172 259
117 137
186 204
21 116
28 107
50 110
60 248
28 248
75 282
149 258
194 220
101 132
154 190
56 81
41 172
142 211
77 111
73 105
82 121
124 223
153 266
43 291
234 289
92 201
26 273
186 228
185 210
82 256
275 276
20 171
76 262
119 235
71 172
70 181
22 56
92 238
45 224
47 201
8 28
150 159
19 169
47 80
30 83
200 241
249 271
111 251
8 173
33 138
16 162
13 97
4 194
1 129
12 201
15 48
90 218
9 108
16 101
219 265
100 129
108 159
15 95
36 90
105 198
88 254
126 225
139 171
132 239
44 145
125 201
69 172
149 257
166 233
136 165
33 249
136 244
114 258
170 251
101 251
30 184
202 258
125 140
104 182
73 217
217 263
266 289
155 289
24 214
126 154
89 275
55 260
141 221
69 146
47 282
145 195
94 291
276 287
51 98
93 96
115 191
39 94
6 31
147 224
39 107
37 190
63 206
71 222
22 191
159 185
3 96
136 168
181 197
20 70
172 254
189 222
52 67
51 266
7 185
182 219
41 278
59 234
42 243
166 170
238 282
41 276
16 228
110 149
107 226
126 178
34 251
222 275
66 292
65 130
2 192
56 96
53 165
169 188
50 280
132 171
2 287
123 267
56 107
27 196
121 194
227 258
63 202
124 158
12 37
212 286
4 59
264 273
162 232
7 238
80 148
209 246
53 136
99 124
28 280
30 292
5 36
40 197
233 284
172 238
46 260
32 171
13 265
225 260
73 99
45 249
2 144
221 261
156 291
16 198
137 185
164 259
17 21
3 13
151 167
50 78
190 244
63 132
87 237
93 141
102 291
150 170
108 184
83 190
62 220
117 270
51 291
120 156
131 143
116 159
238 270
201 250
105 113
244 262
206 282
212 214
16 102
162 292
125 173
38 289
139 262
33 185
24 36
60 136
51 56
54 95
57 112
46 53
257 281
95 233
232 254
95 247
28 162
122 242
40 169
103 274
69 80
117 230
119 152
23 195
46 154
79 85
91 179
3 124
58 169
121 181
188 207
7 234
70 214
134 282
132 137
26 159
74 262
17 253
51 243
50 177
12 195
165 216
7 269
107 205
32 81
32 225
46 56
90 154
29 249
48 260
184 253
45 232
146 184
201 252
33 237
16 52
157 216
59 183
170 261
118 160
52 166
7 99
68 178
151 169
50 61
190 268
73 145
103 188
98 157
80 213
115 143
191 265
254 276
125 250
241 277
222 264
79 125
152 201
145 202
247 271
7 80
66 189
23 259
174 239
11 277
110 279
15 122
194 292
75 140
62 86
45 246
41 153
93 159
128 283
203 223
129 146
34 287
214 254
141 265
80 137
153 275
12 119
89 98
162 217
22 242
126 249
6 236
237 256
16 267
189 234
175 262
83 241
83 109
127 252
62 209
66 195
46 173
171 197
41 184
52 193
11 127
41 136
49 223
13 155
121 165
148 292
43 234
114 140
151 164
38 196
167 230
147 210
167 176
65 265
73 163
37 290
38 40
63 262
17 199
32 52
176 250
126 211
133 165
25 157
92 108
118 280
19 265
138 144
44 175
262 275
129 204
61 138
5 138
151 225
3 285
5 152
109 210
46 179
96 263
96 170
23 96
97 120
39 197
173 214
60 117
12 215
82 170
116 271
104 277
15 210
36 281
57 93
30 72
13 251
20 150
157 257
137 138
208 250
225 250
8 91
165 285
49 269
143 179
88 250
10 286
161 209
98 197
208 282
53 183
49 199
108 250
1 154
195 254
142 270
81 172
59 279
14 22
261 264
78 208
58 79
66 282
271 283
3 32
223 257
144 151
81 126
32 118
45 196
44 222
79 145
53 157
122 230
99 180
68 234
131 205
68 264
6 171
98 193
5 54
71 213
42 81
143 282
83 204
104 229
169 204
197 266
227 242
236 247
184 248
49 76
25 245
11 96
35 60
131 235
134 280
20 160
156 244
19 187
25 234
139 243
218 263
11 64
244 255
145 194
29 150
116 136
53 288
21 209
136 205
92 164
82 223
34 185
21 99
255 258
21 291
243 288
46 89
149 243
62 215
109 284
85 158
48 116
74 188
159 236
194 242
54 206
246 276
26 204
22 289
36 200
135 163
176 284
31 92
254 264
47 230
199 239
224 245
5 71
160 248
69 285
74 153
38 39
123 199
111 132
61 179
66 214
122 215
102 238
182 201
10 42
12 70
109 273
116 148
139 235
54 77
144 185
114 163
97 170
171 276
61 64
39 259
122 268
104 278
172 206
8 43
88 192
200 245
53 261
45 131
100 138
163 287
181 207
42 70
105 129
83 202
10 256
15 124
98 170
42 126
122 219
8 267
117 245
148 280
115 280
113 163
209 267
60 282
5 77
23 91
170 198
29 83
55 258
123 239
135 257
45 143
135 230
165 183
41 258
52 272
44 130
6 290
48 230
139 264
124 185
11 266
25 132
66 269
132 215
65 290
158 260
174 274
101 281
3 175
58 168
97 179
247 261
54 69
80 187
220 246
141 208
6 152
46 181
85 95
38 149
2 211
200 257
9 216
9 184
73 246
170 227
271 284
135 292
285 288
8 24
2 15
116 265
165 174
142 275
115 204
14 33
115 182
121 127
81 97
2 168
27 152
3 180
3 290
129 137
166 180
214 217
7 56
125 266
243 276
63 183
104 274
66 288
173 262
18 120
4 218
17 134
140 186
42 118
146 214
70 175
29 254
116 154
43 78
41 194
76 107
34 106
69 162
210 244
65 288
124 212
166 277
117 190
5 65
63 148
28 138
126 139
151 253
69 274
232 263
152 289
76 147
54 125
19 35
156 201
125 215
155 243
11 112
20 176
142 190
248 290
64 221
65 207
273 290
87 282
98 162
43 118
236 291
63 227
36 239
211 249
104 139
129 230
129 147
64 266
72 274
51 73
179 181
232 287
0 227
21 59
119 158
32 68
27 179
58 262
123 169
71 90
83 138
13 19
28 272
257 262
102 249
49 286
86 158
141 292
156 173
229 272
133 146
126 273
47 255
197 262
273 274
96 254
15 184
174 218
156 209
26 209
22 155
2 164
12 243
240 284
44 118
59 132
48 190
170 283
74 207
2 41
77 125
202 236
101 150
99 221
39 291
78 102
89 170
255 257
173 183
203 224
102 159
273 292
165 202
44 249
36 68
102 170
222 240
35 155
41 64
111 190
4 72
203 217
132 234
97 258
57 97
208 285
116 233
30 174
96 247
23 258
142 242
113 115
173 292
74 230
33 255
134 258
131 152
102 188
37 42
77 184
25 43
125 148
158 200
150 166
23 70
15 44
117 207
66 248
40 170
151 242
65 126
134 187
149 244
206 274
173 280
58 254
98 241
164 195
121 264
165 223
29 176
48 70
73 213
40 181
89 210
160 191
22 277
36 164
104 161
24 129
50 203
112 214
111 118
4 172
4 216
153 190
14 252
165 230
29 119
3 217
8 185
112 251
213 260
99 287
98 204
249 267
4 5
75 139
22 136
219 231
85 271
171 175
123 193
16 141
57 83
165 228
180 285
123 266
225 232
14 115
132 168
87 121
110 268
7 122
4 259
105 195
60 197
97 217
135 142
7 253
184 257
249 250
129 195
277 292
74 163
15 149
53 116
43 151
18 147
66 253
180 291
61 279
193 257
106 180
117 279
73 285
95 97
158 284
185 240
137 171
251 263
49 244
1 132
52 204
95 291
164 263
57 206
212 220
79 178
285 289
136 149
17 287
142 217
125 220
78 270
20 135
131 190
98 237
172 207
128 160
52 217
16 157
11 65
19 100
10 214
3 245
37 146
5 228
50 146
197 241
34 210
151 212
7 31
66 131
0 186
87 183
26 224
99 144
184 218
91 255
33 201
113 263
107 110
69 188
120 250
116 168
0 11
243 247
155 207
49 91
37 188
156 253
117 203
163 278
248 263
24 289
183 291
2 282
72 143
219 235
185 220
105 245
130 216
56 138
94 105
160 270
77 213
171 177
29 140
57 143
61 62
46 106
100 136
64 258
152 258
93 105
15 215
92 244
11 179
45 141
50 73
186 251
88 180
115 219
31 101
24 198
214 264
54 133
27 289
132 288
195 259
231 243
39 230
53 275
7 24
75 197
39 256
77 87
102 223
3 268
49 169
70 287
1 16
138 231
78 145
95 218
4 98
73 219
76 79
180 286
103 146
8 209
24 174
28 48
62 120
138 260
193 277
170 224
117 139
137 192
60 273
76 168
21 183
48 113
52 87
0 210
83 151
128 240
103 119
164 253
17 25
156 211
35 204
217 235
47 63
55 226
209 269
0 60
88 270
82 136
160 249
73 127
217 246
10 151
43 96
171 198
100 120
177 256
221 269
65 256
53 92
194 213
156 223
102 152
71 283
16 94
32 156
154 263
137 191
113 156
167 291
65 239
32 200
36 157
16 239
99 241
155 242
165 286
39 95
60 88
189 291
60 182
140 170
136 261
75 142
175 228
43 292
77 165
57 264
163 245
85 182
111 134
143 144
213 284
1 166
22 238
15 118
268 272
112 285
191 240
144 158
83 196
119 122
182 218
51 212
57 171
6 145
1 215
202 231
236 237
50 190
229 264
97 284
38 76
7 23
30 280
193 258
38 63
237 275
47 59
38 198
39 60
152 169
57 224
74 77
41 60
47 105
117 209
113 131
91 237
16 273
123 221
232 235
189 254
104 134
45 115
8 23
38 203
23 101
5 198
14 200
36 176
139 184
67 245
197 212
56 278
104 285
103 272
130 249
69 121
187 242
200 283
42 119
193 202
48 290
235 269
48 112
49 217
244 286
183 197
32 65
87 257
118 214
54 221
229 280
204 243
2 250
169 201
55 249
52 128
93 100
43 264
26 171
69 251
64 232
155 286
130 230
52 274
56 97
64 159
77 239
73 115
72 207
97 239
130 205
225 279
44 161
26 78
56 160
82 190
116 240
219 254
5 78
137 206
114 152
54 201
89 228
86 154
123 224
157 159
144 192
2 34
18 196
64 165
134 248
116 206
184 206
60 291
68 115
47 52
188 248
111 173
278 280
220 234
39 106
4 35
207 231
122 173
55 204
58 179
65 183
80 251
204 222
88 221
34 148
100 245
26 211
50 68
84 136
98 282
89 120
201 216
217 287
26 126
250 289
84 182
134 225
136 172
45 146
0 290
10 109
154 292
201 230
238 292
5 271
54 115
109 148
201 228
179 189
108 267
189 196
27 239
137 292
147 251
40 194
245 258
108 135
16 200
269 277
252 268
100 110
179 198
183 263
51 188
149 168
249 285
157 256
127 154
20 110
135 240
210 217
152 158
34 258
186 236
97 105
1 23
253 284
57 177
70 289
73 281
140 181
233 262
122 140
159 268
45 107
236 250
23 118
3 250
104 289
35 169
121 202
148 187
132 167
20 50
210 250
40 89
106 264
53 277
13 225
0 171
179 225
190 264
56 236
146 199
4 272
96 124
72 200
217 281
23 62
0 146
222 225
138 288
96 176
81 205
27 103
156 218
176 216
28 266
127 141
17 118
118 234
96 283
72 184
36 230
43 145
109 235
3 16
181 237
114 173
178 180
177 280
19 96
51 155
9 101
251 281
194 195
64 259
17 291
258 265
174 244
71 249
107 197
147 172
28 197
19 53
6 19
16 193
76 88
61 147
100 265
34 138
16 272
172 237
8 81
111 260
20 189
112 165
145 171
201 269
48 66
177 181
32 155
83 95
46 121
145 213
242 291
244 265
44 122
25 131
37 221
168 258
139 213
208 211
95 278
193 261
19 28
39 212
136 245
80 276
234 254
218 290
22 95
94 289
43 289
149 259
65 180
59 163
73 96
79 267
166 256
133 143
18 65
43 210
268 275
106 151
41 155
245 255
181 288
145 156
9 77
97 151
8 65
13 82
10 111
199 264
54 284
135 256
93 228
68 225
122 186
104 141
235 256
36 71
104 291
199 252
208 220
211 262
4 220
91 203
15 65
71 174
63 171
61 246
139 167
146 265
220 228
23 214
193 238
81 217
162 177
66 177
122 183
9 161
92 186
21 49
189 192
9 180
91 217
52 180
65 249
28 217
180 289
98 173
228 285
157 280
140 207
218 292
28 214
88 215
136 275
63 76
72 130
1 261
53 233
106 254
35 83
94 274
180 255
167 263
15 288
165 251
223 248
96 260
30 231
2 50
150 220
126 291
61 280
203 212
167 216
0 10
46 48
28 79
101 117
3 271
25 99
170 260
169 184
131 284
86 160
38 186
38 131
58 100
95 127
19 64
223 255
51 84
104 146
89 105
48 53
163 169
149 197
20 270
126 172
128 234
0 247
224 243
70 234
132 217
100 292
194 228
93 97
191 201
120 273
131 257
10 266
217 230
86 134
2 72
114 278
240 277
96 249
20 272
11 146
148 211
38 150
117 235
141 227
0 264
99 194
40 171
38 267
149 288
31 239
109 230
2 18
142 193
193 285
68 98
29 220
165 252
59 187
148 252
61 220
195 277
242 247
164 182
1 25
190 258
112 191
3 205
111 223
163 263
110 161
239 264
44 109
57 76
38 189
78 132
4 265
56 82
173 178
26 218
43 84
151 227
134 164
9 57
163 203
11 130
174 276
45 161
0 72
98 242
65 191
72 226
171 176
197 200
259 271
53 217
32 196
176 181
119 271
173 271
73 220
139 146
214 281
13 163
171 259
1 240
166 200
117 186
139 228
247 273
9 169
59 84
87 153
240 272
51 290
166 198
119 182
65 204
194 267
140 216
50 160
64 261
129 223
63 203
24 86
53 167
109 243
40 85
55 85
166 246
67 261
199 202
16 17
232 234
109 223
42 168
68 254
1 277
16 261
0 136
238 256
185 201
199 279
133 263
49 202
219 256
21 24
26 236
45 167
130 218
198 273
192 213
48 77
235 239
96 237
61 133
131 136
20 234
52 63
82 216
113 253
44 107
20 58
60 135
62 79
70 125
78 142
10 92
153 162
105 253
11 31
48 220
72 120
231 245
80 219
28 76
44 125
14 235
0 192
151 222
57 266
52 73
16 28
97 123
100 204
33 261
89 147
151 232
128 224
160 180
42 164
58 157
187 248
4 107
150 276
82 186
136 269
50 167
129 229
140 239
31 77
50 59
34 160
8 90
36 55
220 268
66 133
11 278
54 176
217 227
142 161
84 225
68 120
218 234
6 220
129 207
106 281
102 210
3 131
25 175
35 251
122 270
138 232
110 231
124 269
105 142
14 72
131 177
42 111
178 268
182 261
75 219
92 143
55 144
61 213
40 136
147 227
59 193
63 85
78 168
264 281
213 224
134 230
75 244
20 151
90 155
27 147
61 182
63 163
116 238
63 136
76 247
102 118
86 180
169 225
219 242
23 271
19 277
62 291
75 130
112 239
109 113
55 106
32 145
36 44
89 207
14 91
62 167
8 146
117 174
80 274
195 197
91 252
242 267
14 56
181 192
144 241
42 284
16 201
100 247
147 276
279 289
53 77
42 281
143 229
27 252
67 288
211 232
103 206
11 214
158 190
192 290
107 202
75 195
178 226
217 223
44 99
25 271
68 104
196 284
130 196
49 260
15 276
210 237
10 269
93 199
32 195
150 235
35 160
6 96
70 92
93 277
32 120
28 285
35 253
34 133
279 282
138 171
196 271
38 192
90 217
57 221
38 240
29 286
43 287
129 276
67 262
32 61
93 227
40 53
32 240
79 216
15 219
210 236
48 91
47 236
33 175
150 205
26 263
49 142
26 290
92 119
190 193
66 137
167 210
102 187
99 101
182 200
102 288
226 248
103 174
7 110
32 34
21 226
104 235
17 45
95 230
30 177
8 40
95 129
10 260
24 94
220 282
181 184
184 200
92 212
37 199
49 215
15 34
73 126
71 254
104 184
102 268
106 228
13 214
41 100
162 269
138 279
130 135
167 273
146 275
16 165
108 166
26 30
47 68
6 93
101 146
123 128
219 264
201 261
276 289
160 278
83 213
115 269
135 191
51 213
71 161
22 219
228 243
78 231
45 59
53 237
141 280
154 240
56 291
128 248
13 231
2 142
212 292
153 189
41 183
70 154
74 218
52 278
208 254
217 266
5 47
157 223
203 205
135 213
141 230
120 236
193 245
106 107
202 207
39 176
229 256
233 274
160 285
213 214
171 189
26 257
22 284
67 76
78 194
178 289
30 71
179 187
51 285
74 86
66 192
245 263
92 267
155 273
265 274
204 250
147 261
127 216
125 171
7 137
53 228
3 141
119 288
283 291
101 170
188 263
66 255
93 120
216 288
74 138
65 96
50 118
70 192
81 108
232 286
126 140
41 55
8 105
0 179
54 251
221 280
140 246
265 280
7 226
36 170
180 220
201 236
182 206
88 135
154 282
16 255
21 71
52 198
165 244
6 110
212 284
81 212
212 287
11 34
98 216
99 157
246 279
89 285
72 212
35 37
108 118
145 154
82 104
105 114
286 291
84 276
73 94
97 148
19 133
19 194
82 281
123 271
121 162
60 194
49 290
42 109
103 230
159 201
31 112
104 247
2 260
42 156
40 205
160 192
146 291
36 237
17 34
113 177
70 108
27 192
114 221
65 225
78 185
26 248
14 108
74 235
52 288
231 287
62 230
57 287
123 258
37 219
88 281
102 252
127 244
66 265
134 173
5 45
109 133
27 267
93 188
29 168
39 283
15 47
83 237
128 192
6 11
90 253
76 144
98 238
0 56
239 254
87 189
101 104
65 243
32 176
12 242
183 283
191 285
1 47
145 146
1 20
45 284
98 111
46 49
122 238
175 203
67 210
170 288
70 191
101 180
58 90
122 179
133 193
82 188
21 232
45 95
101 221
116 179
59 82
157 285
82 253
266 280
83 274
131 246
90 219
82 88
17 109
80 282
33 192
175 259
7 237
150 225
84 280
92 156
163 262
64 143
145 160
58 97
92 158
83 111
206 207
131 157
95 254
172 236
10 245
5 102
103 278
92 228
160 288
234 262
196 273
98 226
265 284
147 193
109 121
17 92
78 264
82 145
98 106
89 278
84 231
215 265
65 200
175 276
125 156
256 282
18 82
159 260
15 174
201 222
106 225
182 269
4 122
54 166
118 272
21 54
1 140
70 132
115 194
31 120
72 257
168 223
52 279
78 115
196 260
110 117
70 93
3 242
3 238
223 231
111 252
66 107
111 215
241 281
10 28
24 154
7 70
150 213
62 90
178 254
128 197
38 184
133 187
118 141
30 205
59 289
176 197
14 204
6 178
7 227
123 238
32 109
144 172
110 147
133 168
17 123
112 192
183 292
103 214
37 169
113 142
202 226
6 176
65 255
168 228
109 222
29 214
98 180
159 252
129 151
47 197
151 172
114 270
15 30
104 167
161 232
84 177
221 241
22 264
84 198
112 163
63 77
99 104
1 290
159 204
50 175
97 292
52 90
29 62
102 150
13 258
55 270
9 285
212 231
110 207
1 284
211 269
72 135
111 245
110 195
1 217
17 26
60 259
51 250
111 285
59 141
38 216
81 110
1 276
66 144
63 182
79 191
16 265
61 91
142 212
42 152
14 201
13 43
110 124
161 221
82 103
13 283
93 242
45 119
112 260
226 238
51 173
110 233
16 286
100 226
189 211
166 215
101 218
64 179
263 287
2 196
103 289
116 277
80 105
40 158
81 139
26 243
7 138
9 66
37 261
33 283
183 247
156 189
85 130
135 285
23 30
169 186
11 287
154 210
149 239
260 262
96 181
146 286
164 233
193 212
139 183
43 155
29 73
174 202
234 261
50 109
138 233
112 288
118 275
80 123
205 265
138 289
5 242
149 228
188 241
184 277
28 78
39 64
95 220
21 86
51 183
218 276
63 134
83 207
10 228
9 237
12 26
74 220
40 105
70 274
240 265
81 255
23 150
18 114
89 282
18 51
51 63
44 54
69 218
15 80
106 270
26 287
16 75
26 35
122 165
29 272
39 281
99 273
15 147
199 278
9 229
113 117
64 130
82 205
54 208
0 177
10 174
31 172
102 218
80 84
153 283
128 279
198 201
216 240
89 274
41 81
0 119
146 240
234 263
189 258
168 205
73 247
259 285
142 156
105 196
2 172
204 263
5 75
78 139
150 209
56 262
161 162
30 274
198 283
49 127
99 266
28 288
3 101
189 263
28 263
83 267
76 85
150 283
24 216
157 276
215 262
126 213
183 186
150 203
193 280
56 153
167 259
98 205
161 241
242 273
90 121
161 169
52 229
115 202
72 99
11 76
25 96
100 146
149 284
113 136
7 22
105 218
68 116
131 138
37 105
176 266
31 142
120 130
64 83
217 232
91 110
134 145
36 143
151 198
174 185
4 174
188 223
250 283
2 187
148 229
74 103
84 249
10 195
31 145
17 258
135 196
146 282
31 130
58 275
100 291
161 223
149 267
92 167
207 270
82 148
13 45
63 104
279 286
135 173
97 288
108 131
197 265
8 74
48 178
17 215
67 180
176 239
76 266
51 263
115 228
6 158
100 264
18 38
264 290
120 135
212 221
43 207
5 136
198 232
36 238
182 279
141 254
195 249
2 52
53 63
71 257
35 122
162 200
175 271
83 181
73 179
69 226
151 240
27 244
29 226
98 174
79 241
175 235
133 174
153 282
53 129
27 101
67 217
55 89
188 226
142 209
55 244
71 123
22 220
81 270
109 185
66 116
123 180
83 273
15 63
157 267
126 168
204 257
223 224
233 238
159 245
16 140
162 284
26 131
163 266
4 161
136 144
36 283
79 163
64 181
6 264
92 231
134 184
68 287
49 58
40 128
18 193
89 134
102 215
211 263
64 183
24 149
29 187
91 157
219 277
0 100
64 211
195 229
108 279
41 216
195 199
138 253
140 161
94 229
226 287
1 105
165 270
194 277
51 258
93 211
154 203
67 263
15 113
177 286
6 207
33 64
125 197
27 73
55 193
107 271
19 32
227 283
271 290
107 274
174 214
17 230
189 191
121 138
86 292
168 173
46 91
173 260
129 142
79 222
80 127
31 227
99 190
224 284
56 259
26 118
198 269
73 129
132 262
31 245
15 261
96 246
37 66
153 169
4 244
35 287
181 244
171 274
168 256
5 96
140 259
193 207
35 84
25 267
43 76
191 273
77 194
38 42
18 64
35 260
28 167
76 233
61 101
70 173
107 111
31 51
47 104
82 193
23 201
78 186
46 289
53 259
140 148
83 250
96 240
47 199
68 199
95 236
48 219
3 181
91 115
106 175
169 250
89 254
44 258
100 198
21 289
194 223
121 278
89 193
122 208
9 45
7 100
150 218
186 211
166 236
118 140
89 180
224 274
248 257
87 193
35 148
81 120
106 183
13 179
40 95
89 121
84 96
68 140
174 203
76 256
72 132
112 151
28 213
58 281
130 193
197 235
13 91
101 183
175 180
142 292
77 232
69 143
215 227
113 245
150 289
77 179
65 284
176 207
140 236
43 223
122 229
151 179
84 93
22 147
83 239
56 141
54 276
57 145
220 230
147 236
46 158
5 67
21 236
124 189
123 240
128 269
146 174
24 220
13 27
274 280
124 227
134 156
252 256
21 168
90 231
52 192
167 236
0 208
6 46
174 287
96 228
18 101
225 285
160 235
46 62
169 273
8 116
28 223
214 246
77 91
120 292
264 280
2 141
64 137
75 255
1 282
109 124
78 99
19 200
171 262
34 290
45 116
213 278
196 201
194 214
16 51
18 108
50 196
11 255
4 137
41 74
163 253
6 155
47 249
169 175
37 124
23 249
109 275
173 245
105 200
149 230
55 281
121 185
172 269
45 85
101 174
63 112
127 261
85 235
117 280
19 283
97 257
100 205
127 172
119 230
103 125
233 245
42 204
45 163
50 99
170 236
94 128
4 51
131 151
220 291
226 292
256 269
155 183
211 216
66 77
103 115
70 167
45 207
1 216
15 29
4 186
22 50
18 279
155 280
73 230
85 163
83 148
20 107
109 150
224 246
107 157
177 255
93 191
43 158
52 228
86 159
45 255
22 33
78 190
131 206
58 77
60 213
0 115
163 275
210 263
68 175
128 220
41 85
18 188
9 257
22 278
9 227
152 230
187 214
256 258
154 196
156 202
19 226
100 203
77 113
165 239
153 176
214 220
6 133
223 291
45 239
63 99
43 244
63 86
44 186
26 274
97 222
26 112
103 203
27 180
86 184
70 91
24 189
150 165
26 88
101 217
107 180
45 175
28 198
62 206
133 192
121 149
219 281
18 267
265 289
152 221
86 277
129 261
33 163
46 266
86 257
191 259
132 184
142 154
28 176
35 255
7 287
113 180
127 279
13 183
9 208
39 210
47 110
19 279
95 214
123 174
203 282
206 281
217 242
239 257
163 270
84 173
4 225
72 234
194 248
217 276
27 291
232 289
95 256
137 151
72 172
0 283
17 277
230 292
90 249
81 167
139 236
51 125
227 289
135 272
47 98
46 58
42 266
46 83
5 46
118 241
39 267
217 229
47 284
82 83
169 232
58 218
102 281
35 150
0 202
79 220
216 250
0 134
149 211
33 61
108 144
160 268
30 260
49 77
182 202
29 212
91 147
137 170
102 256
201 233
93 114
122 198
0 129
240 246
173 193
46 65
104 160
130 241
188 240
183 249
34 85
23 281
155 195
2 69
37 216
180 223
69 78
63 176
214 258
160 200
65 81
113 272
26 101
166 287
140 235
27 134
176 283
28 157
41 282
160 205
