295
7
14310
60
94 2
102 2
99 2
98 4
96 2
101 3
99 3
97 1
97 4
94 2
93 1
94 1
101 4
101 1
102 2
93 1
98 3
95 4
99 5
103 3
93 2
98 1
103 3
94 5
99 2
96 1
95 5
103 1
102 3
101 4
100 4
101 1
96 1
93 2
95 1
100 2
98 5
95 1
95 2
102 4
99 4
95 2
101 4
100 2
102 5
97 2
94 2
96 5
98 4
102 4
101 3
99 5
94 2
103 2
98 4
96 2
93 2
100 5
103 3
93 1
98 4
98 2
101 3
98 1
95 2
93 3
103 4
96 2
95 5
93 3
99 2
102 4
96 1
93 1
96 3
102 4
100 3
95 2
102 1
99 3
94 5
98 3
99 4
99 2
96 1
99 5
97 4
100 1
99 1
99 3
94 4
99 2
101 5
98 3
95 3
96 2
93 2
96 4
93 5
93 4
98 2
96 4
96 1
102 4
101 4
103 3
93 5
103 5
98 1
98 2
95 5
101 3
96 3
100 4
103 3
100 3
98 5
97 1
103 4
95 4
95 2
98 1
101 2
97 3
93 4
103 3
93 2
96 3
103 2
93 4
103 4
96 1
100 5
103 5
98 3
98 3
95 5
95 2
99 3
100 5
103 4
98 1
98 4
103 5
93 5
93 4
98 4
103 2
96 4
100 2
101 3
97 4
98 3
101 1
101 1
97 2
98 1
103 2
98 3
100 3
96 1
102 2
94 2
96 2
95 1
97 5
98 1
97 4
96 3
98 2
97 3
100 2
99 3
98 4
93 2
99 5
100 4
102 1
100 2
93 2
98 5
97 4
93 2
94 2
95 2
95 3
103 4
99 3
98 4
100 5
93 3
97 2
98 5
99 4
93 4
93 4
103 1
95 4
100 2
98 2
95 1
93 4
101 3
100 2
97 4
95 1
98 5
102 1
97 5
98 1
94 3
103 2
103 3
97 1
100 1
98 2
103 3
93 2
102 2
94 2
97 1
99 3
98 4
96 1
102 2
99 5
96 3
103 4
103 2
93 5
97 4
101 2
96 3
95 1
100 1
101 4
96 2
96 3
103 5
95 5
99 4
101 2
96 4
95 1
98 3
102 1
101 3
96 4
95 4
102 5
93 4
96 3
98 4
96 5
97 3
101 3
98 4
96 5
95 3
96 4
101 3
95 3
101 4
94 5
97 1
94 1
99 3
94 5
101 5
102 3
96 4
97 1
101 2
96 1
94 5
98 4
99 3
101 5
95 5
103 3
93 1
101 4
103 3
98 4
99 3
103 2
103 2
95 2
99 3
94 3
97 5
103 4
95 1
103 3
97 3
146 178
100 127
18 212
142 291
134 280
133 260
99 118
53 172
6 239
208 210
156 186
62 245
132 261
155 196
30 243
25 254
76 231
73 172
272 281
101 160
52 133
243 245
84 251
141 163
201 287
41 47
25 53
249 292
60 244
158 274
212 267
96 242
61 285
15 19
161 192
184 195
147 260
1 280
149 255
45 91
96 255
111 245
1 250
110 178
34 105
235 271
37 239
69 262
222 239
135 196
93 280
14 101
51 113
167 249
200 287
56 78
118 145
9 36
45 172
238 281
72 76
160 275
118 289
129 160
22 270
32 33
190 226
75 248
263 286
65 215
108 133
131 267
43 54
113 226
24 209
27 45
107 219
12 136
82 151
121 281
229 254
52 121
9 39
191 243
77 141
132 168
107 191
139 141
36 186
213 215
210 262
88 266
124 256
181 258
87 107
90 184
247 283
16 252
174 286
200 269
124 166
122 262
131 285
21 51
22 65
202 204
152 174
29 61
55 84
35 253
84 226
72 240
105 267
90 110
27 142
69 264
189 230
240 244
86 268
225 271
68 196
58 111
15 90
47 125
139 291
82 180
174 242
29 186
31 110
230 268
120 232
136 194
85 270
162 192
160 287
42 275
98 278
169 226
24 196
11 47
184 241
156 291
60 180
67 251
132 223
62 256
49 225
66 79
79 268
175 215
13 114
103 282
105 264
127 129
115 219
44 84
134 163
159 239
2 86
139 218
3 142
60 211
29 261
140 230
13 198
73 261
70 211
134 284
106 209
6 229
156 276
91 243
133 229
19 199
106 286
81 239
114 156
52 65
140 286
60 79
48 146
92 149
197 223
219 233
18 284
38 216
103 267
24 135
19 177
56 83
212 237
53 110
56 151
17 139
265 284
34 78
64 201
8 157
15 267
105 183
56 201
59 74
150 178
215 262
17 100
22 71
67 248
170 261
4 190
96 215
53 120
7 148
68 72
148 253
139 293
88 286
1 107
82 117
55 125
159 204
116 226
37 76
62 107
16 256
24 159
13 187
40 276
192 214
35 173
15 53
100 293
253 292
45 72
14 122
48 216
83 139
2 30
125 258
108 113
11 245
41 95
179 182
77 284
117 125
161 170
115 276
56 220
1 202
28 116
179 214
187 291
127 208
164 257
18 263
55 284
104 216
136 208
77 195
204 290
52 243
157 224
208 292
269 270
39 208
46 146
219 280
174 285
23 243
182 221
101 133
77 99
26 171
206 251
188 244
39 69
7 69
23 146
217 259
111 160
89 212
95 125
207 224
213 248
202 238
47 109
188 243
162 215
242 264
218 292
208 211
80 123
70 241
234 235
165 243
114 263
71 100
130 147
99 251
67 85
75 162
64 91
18 190
29 265
19 152
17 282
16 205
186 209
72 206
9 77
183 249
28 208
132 134
229 276
63 237
56 230
9 78
206 291
116 166
94 220
62 279
34 265
35 249
12 17
135 244
237 254
36 93
192 258
166 278
208 227
152 243
91 199
25 237
46 245
200 278
42 135
26 66
93 130
5 156
63 115
19 141
80 250
25 96
195 248
118 143
257 291
58 239
43 50
118 231
18 124
10 237
51 128
8 159
11 140
245 289
61 280
62 249
59 102
204 213
0 166
229 238
50 137
128 164
43 129
103 210
13 52
120 274
130 250
122 225
111 268
130 258
15 88
236 256
98 134
100 247
121 274
57 157
5 251
223 276
204 209
149 247
151 293
269 272
152 159
225 260
291 293
0 45
108 238
5 67
160 260
149 169
62 69
130 290
228 288
195 262
45 169
243 251
172 274
211 221
29 56
240 260
44 218
4 193
52 159
17 177
29 99
178 260
15 225
126 217
79 251
105 191
146 223
9 52
10 100
216 259
33 174
135 254
82 169
54 117
38 241
4 78
62 263
119 220
55 241
76 145
46 214
31 66
165 262
226 283
79 179
95 267
68 125
96 271
212 242
153 235
110 184
139 215
180 253
47 106
193 239
7 128
103 139
79 262
70 269
192 281
49 216
10 165
123 158
86 195
38 163
58 236
86 94
29 227
64 130
137 200
102 227
65 100
148 154
149 240
2 208
66 269
217 237
81 186
99 263
84 264
74 246
35 134
96 275
35 237
135 281
170 262
62 93
74 272
262 280
190 258
171 292
99 139
83 232
176 221
198 268
4 46
18 121
77 196
116 133
4 213
0 231
245 271
35 293
5 269
44 248
17 26
82 210
39 294
156 185
94 157
178 244
177 279
155 182
8 168
255 271
30 70
227 286
147 159
50 87
11 101
19 174
17 61
15 96
200 275
4 85
169 275
106 157
211 272
3 97
152 170
31 172
141 166
216 283
72 140
92 223
64 175
121 195
173 222
105 187
31 196
107 177
170 203
44 53
117 120
156 225
80 173
25 292
169 216
37 62
122 156
171 287
237 271
42 193
119 264
125 221
4 282
94 234
14 267
279 291
157 289
122 216
5 64
222 257
60 220
103 284
16 156
5 135
185 209
107 244
73 253
13 281
7 65
49 266
15 194
152 236
54 268
181 216
26 165
29 184
106 119
0 213
281 287
164 178
9 287
171 244
160 255
59 205
146 255
204 288
209 241
73 92
181 205
46 213
76 257
5 43
93 294
71 269
63 156
7 187
45 228
29 88
141 221
215 216
48 112
2 87
7 123
203 241
89 264
85 206
62 154
165 212
107 262
0 192
116 203
82 256
79 103
77 244
4 211
138 217
240 283
168 248
97 185
20 144
227 231
58 274
50 92
210 269
9 54
50 285
96 165
43 214
1 189
95 123
265 277
92 135
93 123
53 132
133 289
9 247
198 242
108 121
36 124
160 211
203 238
144 212
4 114
112 128
9 245
29 253
143 198
163 247
180 259
45 217
21 69
126 275
169 182
90 113
111 231
60 240
156 162
79 273
94 109
141 197
133 286
55 227
58 290
36 114
26 174
54 135
105 212
214 282
144 196
130 145
20 242
53 163
171 237
74 222
5 252
66 157
95 166
90 95
57 260
5 40
131 225
38 40
72 151
92 123
53 61
28 189
214 274
81 161
133 205
88 214
62 283
57 163
51 290
79 191
11 137
2 249
236 237
77 199
196 198
87 174
72 250
125 168
102 144
35 187
18 179
164 215
46 219
134 277
223 248
172 233
82 125
88 142
77 178
11 182
103 269
141 188
8 289
144 225
91 206
104 153
180 246
98 212
89 194
5 250
53 63
135 143
149 210
81 266
46 206
102 117
90 176
33 43
231 236
75 79
42 215
73 214
40 189
172 251
151 291
44 97
40 213
73 147
227 269
0 1
209 261
71 133
240 252
69 187
12 292
171 274
79 245
29 70
78 174
117 288
45 247
233 274
16 139
38 141
25 202
4 185
122 248
233 288
125 213
15 209
20 28
151 243
34 46
24 37
20 202
166 235
185 230
46 147
13 30
7 211
83 111
41 165
63 153
22 214
113 287
184 223
247 285
26 283
72 82
27 152
27 124
108 134
2 73
145 172
7 154
186 285
246 263
137 250
80 192
243 249
127 265
0 172
41 175
273 276
68 218
96 261
104 224
124 289
125 135
206 225
15 104
91 165
178 180
77 88
1 210
85 89
95 239
32 245
2 27
78 232
90 154
87 230
181 246
51 123
40 138
91 116
2 230
14 146
206 262
95 261
72 74
76 230
257 262
169 278
119 162
125 203
163 214
9 225
34 150
142 230
199 242
182 219
21 66
182 284
109 177
120 219
23 262
186 238
13 178
168 170
182 255
150 262
35 74
225 254
119 186
4 87
193 272
87 291
135 282
54 232
98 256
65 174
91 198
62 228
216 278
12 220
231 255
22 176
127 171
123 248
37 55
148 211
230 286
168 237
265 294
145 273
200 247
257 264
5 11
99 173
175 293
26 248
59 244
161 211
160 223
74 274
31 240
41 113
93 153
156 216
113 170
73 173
86 278
65 69
172 257
28 266
126 294
64 289
37 53
60 209
87 164
33 232
9 201
52 202
14 104
16 276
13 252
214 268
67 148
119 127
172 231
7 203
251 262
166 169
46 103
157 192
49 293
161 270
199 274
67 158
166 257
76 175
104 252
259 261
24 220
178 210
136 168
138 143
7 81
114 148
77 153
43 71
83 183
15 203
218 255
41 74
68 240
23 40
135 230
225 282
130 271
4 99
28 44
135 148
97 248
123 278
124 177
181 287
128 226
78 231
77 189
124 169
113 196
30 139
133 244
220 241
131 147
4 13
73 110
18 211
92 268
257 266
156 172
76 218
50 222
233 239
21 44
131 236
51 258
36 174
180 218
2 148
163 240
51 140
164 211
2 51
163 232
186 289
174 266
173 183
13 105
37 134
97 214
65 205
55 71
132 153
155 189
55 157
78 268
193 266
16 269
74 174
85 111
5 216
49 88
34 205
168 261
113 254
168 208
180 260
42 138
177 219
136 224
111 188
245 247
77 135
215 242
143 209
104 250
9 11
205 279
97 240
238 246
74 207
106 226
44 260
230 288
66 283
107 274
67 240
87 241
91 96
175 203
100 170
22 168
162 258
110 127
178 193
141 293
19 64
14 138
17 67
290 292
194 264
24 175
205 241
132 167
13 23
2 131
199 234
27 48
173 181
207 285
204 236
218 265
62 123
27 177
23 157
101 125
101 152
244 292
183 262
17 138
198 219
57 126
107 141
6 117
12 154
158 231
56 225
109 134
100 177
99 194
83 204
63 205
105 166
168 269
123 192
9 38
145 183
53 205
220 293
181 196
34 267
116 202
2 277
113 233
88 218
141 265
195 278
6 173
75 229
42 104
28 37
108 263
151 229
41 84
33 121
37 242
257 260
100 143
68 145
211 246
87 249
175 244
6 181
106 135
148 174
69 119
93 95
33 168
129 133
129 221
139 211
42 152
40 211
52 83
45 157
175 270
1 277
247 286
84 88
33 197
86 205
117 183
173 176
74 271
87 280
205 244
25 176
83 180
156 170
78 178
235 270
172 211
228 251
30 33
28 217
86 255
10 89
176 223
8 95
75 219
192 239
161 288
210 271
22 185
105 216
123 213
14 38
168 246
4 131
21 180
64 103
23 246
152 286
58 234
153 261
137 220
81 280
238 239
94 285
90 256
78 80
233 275
142 272
38 208
40 104
208 272
35 195
61 226
215 272
49 211
91 218
160 205
168 278
13 247
178 247
9 281
143 192
148 164
238 290
98 168
36 42
151 213
59 291
62 169
87 101
181 190
37 151
6 37
16 179
184 212
86 104
204 251
34 64
38 243
72 96
183 273
27 285
132 188
155 210
117 158
16 202
180 206
231 285
212 284
32 145
40 244
19 20
49 86
148 173
145 170
122 160
84 168
82 132
124 281
130 189
170 288
118 226
139 294
36 132
45 142
49 187
106 274
25 159
16 18
16 113
235 294
177 291
82 246
34 198
45 271
76 267
117 239
6 281
156 265
143 162
74 209
68 141
4 120
41 249
174 281
156 177
173 272
47 144
41 205
218 283
11 119
76 184
21 161
173 261
170 195
158 265
48 179
165 179
61 239
4 74
32 228
30 175
28 212
51 229
90 206
117 182
150 256
82 154
7 215
94 209
157 283
66 260
11 125
45 291
16 197
37 133
44 175
98 164
139 153
53 266
83 184
58 121
46 209
154 223
14 112
72 90
80 135
15 31
30 50
72 168
86 113
257 274
203 271
14 42
131 142
174 260
41 133
157 226
145 247
110 142
23 76
52 76
87 191
85 233
13 99
61 72
43 98
61 95
107 206
86 176
169 236
159 257
17 175
26 212
53 138
63 185
200 293
36 120
27 181
4 72
10 45
19 158
28 184
38 143
65 177
16 212
35 246
145 224
47 110
194 283
162 284
213 249
2 36
69 163
70 197
72 247
74 76
131 272
15 247
229 260
188 274
40 163
132 288
138 289
112 142
127 266
145 265
51 193
137 238
143 199
128 129
159 184
81 137
138 245
177 247
152 248
42 292
81 174
177 228
177 224
203 225
78 154
206 227
111 125
260 261
136 229
78 197
62 241
7 94
39 84
49 139
215 269
187 263
30 236
169 287
109 283
27 117
94 188
150 205
152 164
165 167
63 231
283 284
216 233
22 223
210 272
282 284
83 226
61 221
48 95
108 178
104 196
12 58
225 229
169 172
106 289
32 54
48 256
187 278
232 293
107 118
14 250
6 174
136 294
183 271
13 34
186 247
159 264
62 253
85 141
51 251
79 221
25 182
103 217
108 114
180 252
29 252
26 254
113 153
158 184
32 136
9 50
41 177
62 186
287 290
62 84
130 192
13 275
106 244
22 222
49 156
171 259
126 184
143 148
34 236
147 266
14 213
46 256
10 72
84 217
14 249
113 281
9 117
35 226
31 157
12 141
249 266
27 120
213 273
90 233
134 248
163 237
6 17
73 236
96 205
1 130
94 160
80 263
68 134
39 256
83 132
191 231
197 264
210 288
168 189
4 77
133 269
155 236
57 66
54 170
12 62
39 229
201 204
129 194
60 224
8 72
86 177
177 225
53 92
77 186
180 294
264 288
54 163
20 149
143 202
12 80
60 98
65 236
97 262
222 262
136 209
8 165
26 288
98 289
24 266
164 212
95 124
76 112
273 277
59 293
91 264
51 187
52 67
14 177
51 119
141 204
11 294
139 263
52 58
85 134
109 151
36 108
121 213
174 178
48 248
287 288
76 139
166 192
9 99
85 196
55 204
161 272
128 254
107 212
29 276
16 237
16 208
148 198
174 227
38 43
158 247
24 142
12 186
280 294
33 54
65 123
130 182
38 255
2 113
41 119
88 197
233 270
266 269
40 257
103 134
15 260
277 287
132 137
97 111
97 243
150 216
133 232
92 215
5 42
100 286
38 153
164 169
279 287
119 194
86 241
16 293
13 138
99 103
128 163
85 108
42 90
52 221
107 182
47 88
53 200
99 252
88 203
96 107
35 99
71 168
142 150
56 64
124 129
104 277
27 129
179 251
80 134
126 268
44 170
55 214
95 193
111 167
90 243
111 152
1 224
96 279
140 143
102 122
4 276
131 157
244 293
41 219
28 177
176 225
39 192
46 177
11 38
21 276
1 19
89 114
37 47
125 129
252 269
159 248
134 207
29 257
184 196
160 192
163 233
2 245
2 31
0 155
156 284
39 240
183 229
229 243
235 240
7 263
204 216
7 253
29 248
91 267
3 157
28 277
164 225
211 228
35 236
26 154
186 187
116 259
181 252
79 206
16 192
20 139
128 143
76 225
64 229
74 80
1 289
83 161
98 240
48 109
9 228
48 206
47 178
155 163
6 48
80 284
198 288
76 105
74 110
56 279
221 237
43 189
76 190
67 161
49 244
121 169
111 142
28 53
151 249
216 225
91 168
12 235
58 267
170 191
8 205
65 142
18 167
139 284
12 224
61 245
35 65
21 41
62 221
115 278
155 181
194 239
160 292
125 207
95 292
36 204
260 287
213 287
80 217
98 179
63 227
112 237
98 241
232 284
123 142
58 266
57 276
0 187
0 36
98 247
43 64
64 215
120 247
67 156
47 159
59 290
241 289
52 204
224 235
27 170
13 98
2 270
198 274
29 91
40 148
100 222
65 197
198 252
215 217
66 194
24 294
105 124
41 287
85 91
106 233
170 220
96 256
29 133
176 234
159 167
207 254
264 287
56 142
59 197
189 280
72 159
8 291
72 97
4 186
37 223
127 267
112 124
205 263
107 246
30 239
16 285
223 251
67 244
30 211
259 294
207 227
194 202
72 81
43 260
27 35
23 234
51 259
124 277
27 71
221 286
74 254
135 213
59 206
64 252
33 186
248 268
18 189
163 284
263 269
58 221
179 255
171 281
139 219
87 173
70 223
12 86
163 289
0 197
94 135
46 195
143 152
143 153
222 283
15 85
48 99
88 188
229 250
103 234
38 207
51 96
83 242
2 124
197 199
178 275
202 258
29 49
153 276
100 253
11 189
126 188
2 186
29 78
18 105
103 179
32 186
180 271
65 118
165 222
41 281
32 49
46 163
60 155
140 160
143 193
9 221
43 128
194 282
131 192
57 244
138 210
3 21
153 268
40 79
149 291
44 280
122 180
216 253
28 283
12 14
58 288
141 175
229 246
49 54
2 68
8 182
3 238
131 134
76 99
17 285
54 252
25 31
0 271
166 206
93 189
53 250
46 47
58 120
200 233
140 229
32 289
118 140
197 247
77 252
241 277
88 223
162 179
84 263
6 193
69 96
97 119
182 216
20 179
88 264
170 207
11 52
82 160
21 197
1 75
56 282
172 270
61 267
220 261
32 62
19 34
36 203
68 183
152 201
160 183
47 136
207 220
59 294
13 282
102 113
42 88
76 94
56 162
29 127
0 132
178 291
118 194
194 240
1 180
229 273
71 247
27 196
125 248
42 198
257 285
12 22
37 94
175 218
76 291
7 249
176 280
37 276
85 262
105 148
39 248
25 171
63 207
86 186
147 193
175 185
80 102
78 138
106 143
58 275
79 281
217 288
89 287
109 160
137 225
44 70
43 114
4 52
36 294
61 140
16 104
38 223
30 226
11 82
242 287
27 62
96 189
45 109
41 239
161 162
246 276
8 124
26 122
24 226
210 246
119 260
11 117
6 142
154 281
38 227
32 198
125 218
80 162
13 31
36 260
52 229
242 268
42 65
86 191
22 42
115 227
58 210
244 249
123 136
160 216
31 88
92 103
60 146
49 124
7 145
52 285
63 245
14 142
234 281
118 223
18 113
177 270
122 162
132 271
196 200
16 73
193 245
10 245
122 242
89 119
97 152
41 204
54 219
24 272
86 102
192 206
113 248
261 277
126 239
157 230
123 218
15 274
23 270
229 237
37 138
187 230
266 275
24 144
79 96
279 288
5 283
45 83
103 213
178 235
44 293
90 118
40 196
126 278
56 281
10 145
26 132
15 48
42 281
83 287
112 134
104 181
192 207
143 216
224 254
62 163
182 290
222 240
160 238
19 284
213 282
45 140
127 249
167 261
175 193
139 142
193 291
121 168
67 87
258 272
13 212
90 101
175 250
21 123
9 17
104 263
220 232
78 198
57 106
254 276
96 293
25 284
175 239
122 170
58 286
50 206
55 217
71 233
3 42
282 283
155 180
172 179
80 292
138 190
213 218
112 250
165 187
24 148
99 280
173 188
192 268
68 150
50 196
37 49
169 273
55 251
87 207
143 211
19 247
65 167
92 141
187 245
189 232
34 239
122 218
151 159
32 217
148 279
23 47
188 255
62 204
143 292
183 268
170 218
71 92
1 9
113 261
278 291
4 71
152 154
1 50
26 276
240 270
59 193
6 291
155 272
222 278
95 227
167 275
147 231
108 110
129 291
204 225
24 32
7 276
29 53
210 232
142 148
35 68
43 69
58 289
165 265
75 277
152 242
163 182
9 227
6 81
102 125
34 112
90 253
24 91
55 272
187 191
236 249
108 171
35 207
20 114
266 289
134 200
5 41
185 213
117 260
2 159
82 213
67 246
57 197
93 220
121 253
189 243
50 264
127 179
36 104
172 290
65 280
113 212
114 205
179 294
160 224
110 168
64 238
181 235
107 207
3 64
2 212
18 30
174 293
103 138
242 288
41 67
52 197
168 191
169 213
216 290
51 277
190 235
53 59
190 288
120 201
9 263
37 81
11 98
34 228
72 150
215 228
88 139
15 87
101 166
55 175
177 218
51 227
105 106
103 254
165 207
39 59
29 35
116 174
78 153
50 278
231 267
115 199
38 275
116 290
163 221
0 161
26 244
41 61
26 98
128 265
12 206
3 147
184 240
118 286
114 231
80 129
72 142
18 75
240 242
70 216
77 235
5 111
79 124
136 164
61 99
5 225
6 190
94 128
54 224
26 263
44 255
183 189
162 273
97 202
161 268
121 279
126 174
129 254
199 278
3 294
60 127
151 286
186 194
242 289
282 289
75 193
223 239
224 266
106 189
147 287
26 129
35 161
6 221
1 14
49 171
0 43
40 263
216 229
180 287
1 37
217 289
173 228
171 194
100 139
178 276
57 159
22 105
208 251
49 195
57 239
74 253
232 279
0 39
98 244
127 175
186 292
53 130
176 261
84 100
14 145
49 83
138 254
4 158
34 203
188 272
84 167
88 222
30 123
200 226
81 85
119 133
115 134
54 62
72 226
99 124
155 247
69 244
150 153
79 235
177 235
69 279
30 220
59 149
112 261
19 54
51 158
156 289
74 141
181 209
191 219
170 188
68 129
141 240
158 164
125 191
18 255
22 290
204 259
50 274
104 157
28 54
115 121
84 197
27 100
242 281
12 15
125 270
102 165
102 159
160 294
87 187
118 294
222 284
13 123
111 146
8 214
68 174
120 203
89 121
99 224
121 173
76 191
216 251
132 251
151 204
217 238
41 104
76 159
55 288
52 289
29 96
157 241
15 46
166 285
191 208
149 289
3 81
3 120
215 256
25 278
103 199
79 155
98 222
29 51
5 167
75 101
45 259
120 190
54 285
38 79
63 124
5 266
12 51
121 128
59 260
69 211
158 281
110 175
28 132
91 146
84 135
23 35
11 169
1 96
118 282
16 258
13 53
61 108
52 123
215 245
249 251
159 187
104 107
62 76
135 167
139 178
37 264
119 235
207 234
157 291
68 139
42 140
36 90
3 82
81 217
68 292
77 272
45 261
246 264
112 132
110 215
86 206
205 230
65 77
71 180
153 202
81 188
109 201
14 88
191 232
115 293
88 248
141 246
7 120
49 80
3 211
39 238
76 232
7 85
30 242
87 138
211 293
93 190
108 213
164 208
2 213
117 192
67 167
86 225
231 289
47 167
92 119
54 178
10 208
83 130
138 141
76 79
41 209
74 205
120 189
86 204
117 215
99 286
154 247
56 65
9 231
161 291
124 271
40 124
237 260
114 144
193 241
13 196
122 167
224 255
59 230
4 21
234 292
23 71
183 234
9 244
114 235
44 135
79 166
58 218
92 240
64 273
19 253
15 32
23 65
258 285
164 272
49 120
64 211
10 34
222 252
45 200
25 234
166 256
74 187
99 284
47 173
122 256
59 60
65 109
93 118
103 231
0 211
53 222
195 265
54 266
81 91
14 94
87 169
247 294
45 120
104 278
61 112
187 241
155 267
101 169
18 294
72 92
78 148
78 129
123 156
28 201
116 151
42 211
44 105
8 270
257 288
249 270
243 290
29 81
219 270
84 247
65 78
62 99
177 264
80 202
3 26
166 262
53 241
148 186
35 162
121 243
111 249
165 182
143 222
100 144
44 171
56 136
125 255
142 159
53 90
82 207
0 81
69 273
132 231
36 202
139 150
131 213
51 85
239 288
53 174
8 147
48 258
80 90
92 225
42 131
22 209
128 225
218 284
84 166
109 212
106 149
5 150
145 220
32 225
32 240
134 268
42 192
164 238
13 186
95 237
175 243
184 193
8 77
185 275
2 271
70 200
34 188
131 283
76 113
167 237
161 294
198 225
239 285
85 200
38 93
27 214
20 195
219 292
140 278
86 155
96 272
40 161
92 143
129 204
186 265
77 240
216 231
6 51
105 211
239 280
49 164
139 198
19 235
77 213
159 183
51 110
56 270
63 89
222 289
153 216
80 219
113 161
46 96
184 201
86 253
34 94
154 230
148 202
122 128
176 265
9 138
67 114
33 141
71 95
97 249
129 273
61 224
84 157
69 294
30 109
24 94
137 217
86 226
94 106
122 263
270 291
73 182
33 112
32 101
111 288
247 264
134 260
227 255
60 74
242 280
82 239
39 48
21 160
29 254
126 129
8 195
81 261
15 138
11 133
1 159
97 126
143 206
21 204
93 159
185 239
129 265
102 244
130 261
2 275
20 70
52 182
3 114
234 253
14 71
121 248
55 93
51 64
62 211
263 278
183 264
41 63
177 272
104 221
78 240
79 153
65 138
112 217
10 144
68 126
23 113
83 88
65 68
118 246
18 41
243 286
113 223
25 26
140 202
3 104
73 168
118 201
117 263
15 77
93 119
37 158
40 280
168 200
144 216
77 144
6 95
193 230
39 230
190 270
44 76
151 164
126 151
121 180
67 290
115 284
118 205
25 120
187 292
102 235
123 220
23 170
11 78
135 250
113 257
64 214
191 221
10 290
21 267
14 124
197 224
225 230
14 244
154 280
0 186
76 152
199 260
12 237
70 187
157 188
6 258
109 251
110 190
118 249
17 55
40 154
7 143
55 64
16 163
10 65
118 160
171 203
55 108
181 260
5 248
18 29
150 228
39 200
32 70
21 246
7 119
191 227
8 30
26 101
103 226
44 49
194 220
49 213
45 94
137 236
169 246
122 224
57 181
94 169
108 279
82 144
188 271
78 162
219 259
28 74
69 223
19 166
90 214
109 122
85 267
178 229
80 200
27 240
125 283
150 207
119 173
70 250
23 230
78 186
94 190
138 235
95 246
47 70
34 122
37 235
196 238
18 132
20 134
42 75
58 83
16 195
247 251
71 139
91 237
25 27
21 113
41 228
134 267
116 191
49 109
40 51
193 253
87 139
258 261
72 242
44 186
126 214
31 73
16 130
80 271
101 284
38 179
233 261
2 40
47 63
202 232
230 255
79 139
108 203
83 119
61 200
143 281
12 228
244 285
1 281
159 289
58 254
249 257
219 283
69 204
17 188
18 200
165 177
177 290
202 234
66 183
264 268
251 265
54 218
18 94
225 248
183 213
96 285
88 240
1 228
6 152
191 251
279 285
96 207
201 261
90 202
38 83
15 154
25 140
89 234
198 280
64 283
65 292
135 224
80 169
90 238
30 48
137 272
183 287
42 168
21 248
61 115
232 237
30 267
10 287
34 235
138 179
145 211
88 198
94 107
50 290
214 249
133 294
257 267
92 126
6 120
19 65
160 290
71 196
7 171
4 202
123 181
152 182
4 12
126 201
163 260
58 157
57 76
81 249
16 83
4 45
208 286
53 231
181 291
219 242
65 186
172 188
122 238
39 181
259 282
190 214
167 178
21 150
64 278
283 293
49 224
18 281
256 260
269 294
183 253
76 258
47 249
132 198
4 109
94 213
6 214
51 183
12 264
89 154
156 160
101 281
25 29
164 193
211 220
59 211
230 294
34 174
2 200
36 175
107 210
23 27
8 86
243 287
75 153
201 276
38 204
121 130
0 260
12 42
34 81
100 165
30 265
8 24
158 174
46 237
151 263
154 237
28 239
146 179
15 141
142 158
26 95
37 281
141 179
116 182
153 174
132 285
181 282
34 231
85 144
229 268
164 267
58 231
217 244
132 181
136 200
58 92
228 255
155 188
227 242
210 238
67 189
41 188
47 142
162 176
54 279
72 273
12 210
38 50
39 168
22 98
54 236
55 250
255 284
85 256
64 96
133 222
274 279
46 181
124 217
184 276
255 268
106 198
199 238
133 162
129 248
14 46
92 245
227 232
67 137
31 86
266 283
223 259
176 246
38 258
50 150
111 180
36 74
29 89
15 231
29 255
34 132
154 201
102 278
66 207
167 250
13 294
184 233
139 266
47 254
189 225
41 46
91 131
180 226
67 259
59 146
14 230
96 166
184 260
79 176
47 205
10 282
1 133
173 209
180 250
102 206
242 292
104 206
37 284
67 247
115 225
37 250
136 170
58 204
89 106
171 269
235 260
188 195
29 190
31 137
107 142
112 171
28 271
122 202
81 265
124 165
100 119
13 75
86 290
130 155
8 260
206 276
184 247
241 265
11 260
75 180
188 264
229 279
2 6
181 236
269 278
137 147
32 96
232 246
10 12
18 99
66 247
214 229
152 168
273 287
8 217
78 185
178 242
163 189
29 256
38 47
269 279
165 183
94 216
238 257
74 273
168 250
174 202
118 287
37 230
21 100
146 250
70 203
50 199
23 53
127 257
108 281
185 281
9 294
118 253
30 218
134 282
105 233
24 190
22 165
198 210
14 235
44 208
22 41
174 234
4 107
29 202
12 179
192 231
30 285
181 249
199 263
98 129
0 176
143 160
49 190
1 278
38 260
7 16
50 240
228 284
209 262
136 193
35 197
208 215
110 191
18 108
139 160
179 261
117 159
163 273
105 239
131 287
103 262
106 113
9 91
29 289
23 82
149 154
28 63
112 244
110 185
69 218
68 211
164 174
219 240
205 234
176 197
104 276
23 201
245 275
65 82
0 98
112 260
184 224
108 261
17 229
22 114
160 163
20 232
242 270
77 242
194 226
166 225
268 279
10 26
43 147
141 294
12 92
27 173
210 236
116 120
92 179
100 287
171 221
33 235
226 264
124 285
2 100
12 275
234 248
220 259
169 227
150 277
94 111
146 190
72 149
65 202
67 273
123 259
175 288
66 238
68 89
108 270
179 215
88 150
123 134
108 282
16 225
76 164
221 285
33 233
32 194
168 216
127 290
85 119
40 209
16 174
10 154
207 286
16 101
32 209
57 117
72 128
50 277
42 95
90 216
104 271
12 276
62 271
115 226
144 247
211 262
149 232
181 283
27 204
0 59
35 277
191 294
158 169
32 195
165 272
164 167
23 267
82 186
16 122
183 293
29 102
110 120
2 163
272 275
147 198
160 162
113 131
200 276
175 256
54 269
244 289
183 209
16 261
49 96
96 259
28 168
124 130
59 89
117 225
7 122
7 146
40 115
249 277
222 225
210 245
56 170
4 293
119 150
147 223
20 184
65 244
49 82
155 185
181 243
201 267
1 285
229 230
45 227
63 211
27 219
148 157
123 138
33 202
16 126
21 79
25 136
101 243
223 287
20 138
70 126
106 240
76 163
160 203
7 262
21 28
142 277
62 215
192 204
52 56
38 283
4 18
18 285
29 36
1 232
9 278
227 279
206 250
0 195
59 67
118 135
196 232
242 261
88 153
23 282
96 282
204 286
269 288
120 279
128 179
23 48
118 290
122 176
136 176
105 268
10 146
72 293
14 41
203 232
50 167
15 107
69 112
103 180
200 224
34 275
236 253
31 261
4 247
205 284
146 163
0 94
127 146
158 256
28 55
90 181
174 253
165 263
11 212
17 93
43 161
102 127
95 155
59 279
122 254
72 118
10 231
28 47
122 197
13 210
184 215
101 181
159 235
22 101
1 164
257 287
2 122
197 287
6 209
89 209
149 156
65 149
69 186
16 57
12 37
160 226
160 283
108 173
54 168
111 194
22 225
87 204
16 142
91 185
83 99
193 275
2 84
17 122
79 277
145 186
229 283
87 140
133 223
182 273
139 222
11 17
100 228
226 258
112 287
125 194
76 122
160 234
146 287
115 212
84 284
56 58
277 294
3 79
224 241
217 282
18 47
59 174
48 122
113 157
1 5
45 108
34 80
95 236
176 294
11 155
68 90
263 283
181 251
125 291
167 273
44 233
75 178
138 234
90 199
239 289
77 109
36 71
70 80
42 69
90 284
136 212
18 260
78 258
131 271
13 175
126 223
57 245
6 228
21 169
16 157
23 193
18 157
3 25
30 82
73 223
33 261
48 51
109 265
35 212
157 245
82 135
26 31
54 276
49 95
32 214
255 277
1 167
172 209
227 258
84 178
44 235
106 269
207 226
57 234
107 249
57 84
120 209
107 248
264 272
61 116
150 186
16 176
94 126
162 289
237 263
126 167
69 271
81 134
117 132
9 212
58 153
54 191
123 290
138 145
75 289
93 293
219 235
125 257
110 121
34 294
254 258
130 232
134 154
57 186
155 248
31 131
38 158
101 247
60 62
105 199
120 140
75 141
85 250
212 250
96 101
44 277
53 96
85 253
30 273
25 191
28 99
124 141
148 216
66 103
237 240
123 238
226 279
127 264
14 226
173 267
65 136
29 268
117 259
225 253
178 240
3 71
42 272
60 252
21 164
51 262
72 113
118 257
46 192
20 214
189 270
79 105
59 188
32 161
139 286
30 224
11 128
101 277
74 153
104 131
76 254
27 159
90 160
185 200
122 284
202 218
179 222
35 294
27 235
34 155
147 211
16 143
82 133
227 294
271 284
73 139
186 190
4 212
26 146
58 222
43 272
20 222
19 88
45 73
152 271
157 275
107 289
157 250
54 256
24 95
252 258
34 173
3 151
73 84
138 215
29 176
73 79
101 257
103 182
112 170
18 49
40 224
22 215
16 173
9 92
177 262
130 282
98 201
8 230
119 240
36 169
236 254
183 242
27 143
1 155
32 151
71 120
50 213
182 199
111 153
9 128
156 290
23 255
248 291
33 244
24 289
169 255
183 230
210 218
73 114
101 135
31 219
163 217
8 234
120 155
12 260
18 81
103 184
58 272
153 209
30 89
37 99
125 160
107 213
159 272
69 139
219 225
109 294
167 177
109 244
61 145
2 47
152 232
77 286
26 64
175 187
130 234
190 286
9 284
89 218
22 108
13 171
63 201
186 202
40 62
82 261
129 261
25 243
83 223
13 258
71 153
230 235
98 218
124 157
72 276
43 117
22 129
81 129
162 229
0 102
142 203
18 254
148 288
183 238
242 282
48 284
183 251
40 207
105 256
44 165
229 253
13 159
3 286
1 38
55 189
1 51
229 293
118 197
79 131
101 288
203 214
225 259
55 210
96 119
80 183
100 218
26 45
53 253
156 281
93 199
109 204
68 82
68 95
158 245
46 283
34 36
27 29
49 76
138 247
151 273
126 197
89 112
17 54
18 203
59 289
118 252
55 115
3 49
28 192
39 224
155 200
32 219
130 180
101 109
73 118
118 185
139 140
120 259
17 86
120 236
35 261
202 269
76 209
238 248
77 157
81 164
90 290
190 250
39 117
266 278
53 218
166 178
129 169
28 155
27 121
187 231
64 226
34 117
20 25
23 222
85 106
57 114
26 150
114 187
148 241
51 114
20 67
22 294
18 238
58 177
116 236
77 254
134 186
59 176
132 276
164 244
254 266
17 77
96 110
76 124
211 294
109 178
107 255
95 138
178 259
80 117
184 275
113 289
178 222
123 287
32 106
181 221
234 265
86 115
113 213
133 180
148 258
140 265
36 68
217 265
45 69
5 137
76 129
31 258
49 291
29 151
253 268
206 240
108 168
95 201
7 113
76 229
94 201
146 286
32 188
38 215
114 171
8 18
24 98
86 87
148 245
212 261
185 242
157 223
197 249
229 277
107 150
151 235
35 163
41 130
81 254
57 165
66 273
11 145
75 148
67 155
71 115
102 138
142 283
108 207
26 205
247 284
59 157
1 82
129 250
136 292
176 286
147 213
20 268
192 241
18 244
53 187
21 58
31 193
1 206
195 274
261 263
11 224
224 231
103 152
94 193
216 226
30 282
95 188
181 248
106 176
42 164
71 150
99 265
33 78
23 25
116 269
80 115
24 123
15 275
123 235
6 119
243 280
16 162
87 163
22 263
252 274
17 251
77 258
126 150
165 241
119 286
63 283
54 67
63 254
175 180
110 221
15 292
32 91
174 221
154 225
43 232
79 217
18 46
44 90
111 215
60 150
13 174
67 183
65 157
280 282
45 122
81 144
170 249
160 166
2 274
60 121
256 285
72 199
94 171
48 217
35 220
11 264
41 240
146 195
18 215
66 124
0 84
68 128
41 191
32 88
231 257
128 165
192 293
190 204
265 274
167 189
18 70
150 272
5 165
102 241
33 189
61 206
184 248
82 104
113 280
93 196
89 268
212 247
28 119
57 208
89 125
68 163
22 143
210 231
50 52
114 211
32 273
41 53
179 269
112 276
2 190
85 278
192 294
142 178
7 24
100 158
16 125
200 202
180 200
76 118
84 232
202 293
61 171
45 184
54 119
74 123
37 277
158 267
74 229
274 284
119 134
26 249
40 109
140 277
7 39
256 263
157 199
134 212
278 283
5 249
47 168
10 224
65 252
261 284
11 243
195 208
64 163
74 102
50 279
75 151
149 231
27 98
36 276
108 255
18 171
154 180
138 203
16 260
118 251
65 173
56 137
89 170
53 183
184 232
70 112
57 202
235 236
102 214
45 96
167 276
25 249
25 216
97 140
165 230
116 126
42 191
144 260
223 268
46 98
261 289
29 210
48 211
215 226
50 162
105 138
117 258
127 180
97 283
38 94
224 228
37 289
60 136
137 209
50 75
115 228
127 128
47 147
37 146
20 225
118 171
179 290
75 103
10 63
4 19
85 176
163 291
153 288
250 290
85 244
196 271
91 180
207 209
139 292
21 272
4 86
174 231
259 289
78 133
188 224
146 240
179 198
92 93
84 254
15 92
31 92
191 271
52 116
217 239
228 249
218 285
18 257
8 244
96 103
215 247
75 237
194 267
170 281
76 111
46 173
48 210
186 290
11 93
218 260
121 273
123 265
9 219
143 276
39 118
94 195
115 272
180 233
93 113
97 210
89 148
86 220
73 247
248 287
7 43
57 134
6 118
257 289
79 159
122 158
15 244
105 257
71 245
151 174
95 197
222 236
20 252
201 252
12 43
167 212
49 207
12 194
106 220
81 224
24 29
84 231
98 141
50 114
34 41
92 98
170 276
71 86
4 227
51 292
55 92
1 25
24 122
95 195
95 144
40 94
19 89
59 185
113 206
177 178
120 199
6 135
120 133
49 150
115 248
163 277
204 232
44 215
133 246
36 293
107 152
234 264
195 206
23 148
32 75
85 259
134 236
187 210
208 241
4 59
18 217
216 288
114 223
49 107
145 176
45 46
56 232
125 294
15 288
201 215
129 178
60 126
87 194
43 284
11 132
50 130
203 257
37 128
240 254
215 222
127 199
86 130
269 275
55 174
64 270
184 197
6 27
120 272
24 180
264 276
50 186
82 116
217 242
191 288
31 247
138 269
203 265
1 177
42 235
31 259
36 283
135 139
74 121
19 148
132 232
136 285
147 214
170 202
126 193
200 284
248 294
111 177
184 267
20 128
219 289
27 165
106 112
12 74
59 92
91 256
208 248
26 224
114 247
22 182
257 275
134 155
180 251
183 205
175 192
7 75
109 125
26 251
123 203
154 222
162 181
173 268
39 154
96 142
261 264
153 290
72 203
238 285
163 215
43 233
57 158
47 269
108 161
48 50
128 261
12 190
178 250
0 171
150 174
179 192
53 217
271 277
142 198
151 152
108 200
27 189
93 165
225 238
128 294
237 274
23 254
79 169
83 134
64 180
139 288
65 148
38 110
108 243
1 71
171 181
140 171
114 256
250 291
113 220
15 148
124 254
48 190
153 289
14 232
55 275
154 170
18 164
71 276
43 151
21 107
36 118
124 170
7 197
152 167
17 118
149 288
76 194
77 81
187 218
19 165
20 37
135 194
63 277
35 215
53 116
94 207
100 112
87 130
152 234
45 280
95 132
4 273
97 168
205 225
203 235
121 187
54 260
25 30
114 234
82 209
38 187
105 279
188 289
21 230
105 172
95 96
144 243
2 157
59 161
93 252
101 248
4 6
89 130
44 153
63 289
249 287
70 233
115 274
148 232
169 294
201 275
223 228
86 161
88 180
100 168
166 194
103 126
159 215
131 281
266 271
167 174
198 211
124 207
67 73
75 256
161 235
147 210
24 274
133 208
167 199
38 217
161 241
49 60
25 272
193 234
122 258
8 152
242 259
37 41
91 101
24 187
39 83
155 167
140 255
117 237
165 197
138 268
3 146
25 185
36 100
116 125
53 293
132 157
17 103
66 272
4 294
143 278
64 265
39 172
184 284
144 232
13 204
27 108
122 150
45 74
201 288
136 145
86 111
81 153
22 34
24 210
37 90
38 149
96 185
63 252
42 83
209 256
44 64
41 105
226 231
51 269
33 255
182 266
37 96
233 289
4 235
150 187
116 289
37 249
152 265
31 178
216 246
124 159
112 114
142 206
115 129
71 126
112 281
43 115
87 232
10 275
111 190
142 196
34 230
201 280
245 257
107 287
60 109
86 200
66 248
145 294
37 69
208 288
244 281
115 165
116 192
178 186
89 258
61 70
36 40
73 209
77 193
45 148
5 139
109 146
64 73
61 202
191 199
32 120
77 138
0 40
97 106
170 246
31 287
73 227
257 283
88 251
17 250
213 240
166 282
221 272
222 241
194 235
94 271
93 290
8 40
5 38
98 258
54 115
39 93
115 189
40 269
224 284
188 197
24 66
64 246
41 110
236 267
204 212
95 154
62 213
117 276
135 255
160 172
107 151
57 128
93 147
1 188
62 216
28 227
27 294
169 187
13 190
57 108
146 221
121 186
41 149
15 178
39 253
62 236
209 222
175 205
120 210
141 168
124 139
153 242
211 274
53 58
10 185
19 168
155 281
230 273
106 207
33 246
100 163
5 17
134 275
185 215
65 91
238 277
21 78
228 290
80 91
9 121
100 255
23 99
75 154
124 261
146 283
200 280
112 252
67 212
79 270
7 38
220 270
68 213
198 291
66 155
16 137
69 91
82 193
91 109
19 285
49 237
136 246
36 135
118 196
61 278
125 238
131 180
103 143
35 194
141 256
26 195
91 209
9 34
114 164
11 187
101 271
8 27
41 87
149 155
9 288
62 158
32 241
117 264
36 211
141 180
250 261
161 232
163 262
57 172
4 170
20 88
206 246
18 162
89 280
37 280
101 287
251 284
34 170
74 268
115 205
48 161
77 112
26 39
61 77
40 227
137 260
97 173
9 211
131 294
118 207
90 188
99 110
249 262
5 128
32 242
9 144
165 293
14 197
114 181
74 288
6 176
137 166
65 255
63 256
17 181
132 239
82 253
69 141
54 63
161 172
2 233
5 144
6 89
31 106
90 281
217 223
53 77
67 197
49 206
12 172
4 249
185 263
201 238
15 149
20 231
127 241
122 140
15 221
113 278
184 244
88 268
139 173
20 180
120 254
168 242
60 275
166 268
8 191
37 101
116 279
61 124
92 213
68 230
6 285
14 253
74 289
203 255
27 203
105 109
178 271
219 234
97 287
210 254
37 59
112 284
144 223
274 281
42 248
48 63
197 273
54 93
142 262
192 256
218 280
207 271
29 123
83 213
74 120
7 117
59 238
154 192
112 164
93 142
5 199
242 272
60 167
240 282
24 126
2 254
122 273
30 72
100 147
260 277
55 85
61 147
75 170
195 260
216 292
53 175
67 88
253 258
103 275
1 111
203 206
65 267
97 191
196 231
212 221
99 131
63 187
45 192
21 130
11 77
7 107
32 58
111 112
8 267
166 226
119 160
21 76
207 244
136 220
99 270
17 127
74 261
34 62
52 79
89 151
87 105
11 222
101 210
2 107
138 291
25 100
212 232
6 266
115 180
24 243
106 147
237 290
137 257
116 220
64 141
55 87
45 292
142 194
72 245
149 261
209 269
3 37
162 164
8 51
75 109
69 221
4 277
91 289
104 126
70 222
127 181
223 275
162 174
156 227
98 176
58 292
161 181
104 234
286 287
117 282
101 122
90 261
122 287
174 224
30 201
239 291
143 238
138 173
77 117
63 233
5 159
33 59
30 81
240 261
13 94
213 252
53 283
239 256
89 101
120 182
57 78
67 204
5 186
0 288
69 151
152 285
14 131
110 280
251 276
169 276
116 285
67 211
0 113
71 116
204 271
145 240
214 259
127 232
179 246
14 262
181 274
11 143
90 98
105 189
195 267
9 48
44 102
65 83
180 258
194 205
49 209
269 290
128 157
80 242
80 227
88 281
61 225
198 289
119 290
7 291
53 213
99 278
117 290
84 207
112 274
118 199
1 197
202 241
73 107
245 276
165 200
61 96
14 87
79 97
202 285
135 223
101 282
129 286
164 245
83 95
13 27
6 63
119 278
63 106
199 203
81 209
68 279
104 244
15 75
108 126
48 66
84 213
73 234
79 173
97 252
176 263
46 279
137 193
120 123
10 22
127 197
46 151
58 133
253 261
124 235
129 220
117 160
83 122
26 108
89 249
113 137
45 152
181 182
157 259
6 278
258 287
30 257
226 270
181 211
117 126
132 257
68 143
32 125
197 257
176 190
102 196
65 291
30 223
11 69
110 156
61 271
188 285
39 175
116 157
128 274
93 180
49 271
88 102
149 272
186 204
191 285
149 151
149 248
25 141
9 270
40 63
49 51
186 217
26 241
64 132
83 228
31 284
0 191
205 287
193 249
94 158
108 222
115 280
211 289
121 228
56 128
181 269
28 114
28 190
70 226
232 235
115 263
88 156
9 98
84 122
31 223
51 166
193 273
188 284
50 123
2 224
145 289
118 203
98 211
201 266
94 224
50 203
131 146
138 211
15 65
114 191
85 103
59 154
57 65
32 263
37 210
91 233
32 247
111 165
74 107
119 292
144 161
5 146
22 162
56 261
86 240
31 224
122 159
156 213
178 237
216 221
115 194
229 286
79 185
66 240
92 226
107 201
192 215
4 239
5 192
24 99
35 202
107 117
188 258
24 152
119 257
261 293
76 140
197 290
174 211
34 284
272 290
48 204
174 179
78 266
96 249
46 84
184 228
150 264
124 154
38 61
43 219
144 157
22 199
128 152
4 97
20 213
167 284
117 146
185 211
121 143
259 290
57 95
88 176
3 220
72 135
132 274
42 80
56 108
68 244
0 180
56 181
25 65
62 193
70 266
156 242
128 175
8 206
107 268
178 263
241 248
34 106
49 131
146 153
136 226
54 288
109 130
151 167
113 134
159 160
97 265
227 251
35 201
219 239
4 205
156 266
162 222
91 272
179 206
151 244
225 288
82 226
24 92
225 264
135 185
73 287
73 264
167 194
63 101
57 287
117 244
8 83
27 43
49 226
117 286
174 232
59 172
78 135
38 74
145 271
109 173
53 64
208 221
39 195
142 238
136 291
53 123
47 54
88 183
68 96
69 176
150 289
70 209
15 286
53 219
220 265
179 280
63 73
48 286
31 44
2 256
134 181
124 255
80 132
40 290
21 245
91 177
131 219
208 256
264 280
41 60
148 289
37 293
126 251
117 204
67 282
83 167
178 231
22 100
121 287
21 154
99 212
106 136
109 226
136 159
231 265
10 162
166 198
70 77
204 221
51 247
77 289
44 191
73 93
60 181
23 149
167 251
121 237
21 167
56 133
181 219
123 147
110 199
108 272
10 92
1 32
97 165
174 198
255 286
68 224
152 205
29 234
11 67
69 150
63 225
52 288
0 24
18 106
229 266
17 211
142 188
110 201
106 214
227 288
154 184
193 238
21 190
235 283
124 189
198 276
28 244
161 282
100 178
86 133
101 250
133 255
103 107
129 207
195 236
30 164
29 225
104 119
164 199
30 83
175 280
62 136
169 230
72 189
131 255
75 93
136 187
11 174
63 87
65 243
96 138
135 214
54 190
83 124
1 220
9 76
67 98
34 256
102 228
9 82
9 204
271 280
73 179
109 152
207 238
216 235
70 156
31 234
173 230
135 258
38 236
42 243
138 278
57 290
38 113
117 208
17 150
58 243
12 262
105 246
55 135
171 255
274 283
165 217
99 231
45 76
135 248
65 95
187 207
25 139
67 187
35 112
142 259
37 143
76 142
37 196
153 166
55 249
88 238
140 263
110 202
130 209
102 142
217 235
226 230
79 189
188 213
68 276
101 146
43 158
96 126
164 189
94 225
12 26
9 79
100 104
23 112
62 273
204 258
45 125
23 51
7 20
206 217
67 163
29 95
99 260
109 231
76 186
50 268
58 119
122 163
130 281
166 172
91 156
5 198
50 181
19 87
32 191
41 85
85 112
65 89
205 213
191 249
91 100
5 110
225 252
252 265
42 220
21 101
47 112
110 119
18 116
80 266
30 67
126 219
232 262
167 289
243 254
71 89
254 257
22 138
223 225
126 266
168 231
24 84
37 271
120 264
100 106
111 197
223 246
63 272
75 223
119 177
90 197
6 159
84 87
203 226
5 228
283 294
47 279
218 241
0 174
16 250
4 15
155 207
194 234
35 171
101 150
29 54
199 217
77 132
140 246
151 290
85 150
82 143
73 275
37 256
79 264
204 280
15 291
57 183
131 214
115 198
95 289
141 282
47 148
112 177
146 192
8 202
24 263
49 270
31 99
130 195
21 112
81 90
98 266
80 151
80 221
71 101
213 222
216 245
46 160
147 188
219 275
115 182
100 273
41 170
7 83
137 259
240 268
177 180
30 277
28 64
116 258
77 223
97 134
100 176
154 197
124 187
94 101
88 260
108 186
159 223
23 97
109 266
116 277
88 236
162 253
90 137
12 89
67 154
74 173
159 197
203 211
124 236
186 291
166 245
45 274
150 209
179 283
28 186
86 243
54 229
255 260
232 236
130 131
29 140
117 250
67 205
104 283
116 139
173 265
37 189
133 214
106 288
71 130
40 289
144 170
31 143
166 294
56 70
189 238
116 204
196 247
107 197
277 289
29 94
109 206
167 231
101 189
86 187
188 249
81 110
2 29
48 158
11 100
93 168
16 289
34 84
83 286
195 246
70 237
51 291
147 257
176 203
21 238
28 172
2 218
9 16
17 66
15 78
74 221
23 289
50 228
100 120
119 171
41 154
178 280
196 215
141 183
206 278
66 150
21 119
12 122
9 153
3 288
69 134
154 285
91 226
187 209
70 83
170 180
75 97
135 246
15 132
22 148
81 83
195 218
20 81
7 229
53 227
124 227
133 160
266 274
36 94
130 199
70 163
213 281
8 43
15 285
34 51
185 223
159 247
66 78
208 254
43 243
6 80
84 181
35 102
18 45
102 221
195 212
73 80
103 165
111 260
87 199
251 260
96 183
32 99
103 289
67 120
36 192
162 244
110 230
36 136
147 168
156 220
69 167
84 94
8 220
177 221
91 244
36 123
131 237
16 213
33 200
57 194
12 30
17 23
19 97
205 246
27 77
35 218
16 262
34 287
0 70
98 153
49 175
210 222
161 184
95 131
14 202
183 240
99 167
33 222
55 244
14 27
6 60
235 268
162 183
90 128
17 29
79 94
90 183
56 73
188 256
99 207
95 182
24 200
267 289
78 131
158 177
160 272
104 140
159 282
146 245
2 176
84 195
19 74
6 109
169 291
39 186
178 194
229 270
21 27
28 205
83 258
0 53
55 233
81 287
67 249
160 285
251 257
226 236
39 77
34 186
42 71
81 185
94 124
243 278
12 178
136 205
62 262
97 219
0 88
159 202
168 244
60 151
250 258
141 225
61 104
37 221
77 294
201 230
55 216
127 276
26 136
110 150
3 258
4 219
119 154
269 289
65 122
182 228
181 261
9 136
140 222
121 161
252 263
85 107
38 206
163 274
30 124
13 87
67 157
97 238
166 187
89 124
159 230
44 291
36 221
191 239
171 177
153 187
179 189
2 204
113 267
204 277
221 279
215 253
24 131
84 282
98 120
48 166
6 236
189 293
93 171
109 275
20 24
102 189
20 148
166 287
28 87
72 221
10 267
130 239
44 230
36 148
166 263
76 275
146 211
11 99
237 293
200 238
164 242
28 59
61 128
49 228
50 80
117 222
266 281
48 156
67 202
117 196
71 208
159 210
113 235
156 279
40 162
28 216
10 204
16 286
133 291
27 58
70 245
47 101
72 212
21 223
267 288
27 231
192 200
15 39
32 233
91 284
184 198
59 84
43 236
78 143
101 260
222 271
107 286
230 238
43 271
126 241
197 215
27 83
52 81
44 180
215 285
97 133
85 205
13 42
121 190
68 252
16 158
214 221
92 168
10 30
18 198
103 142
147 203
266 291
5 205
65 254
193 276
199 223
108 111
57 238
73 276
202 207
31 36
62 208
108 115
9 217
125 265
79 146
112 201
16 181
5 261
92 130
139 235
122 133
246 258
38 230
14 252
31 167
158 178
51 69
69 88
65 107
25 183
46 70
53 97
130 206
65 127
87 294
12 184
103 141
147 175
152 206
65 278
7 272
53 79
59 94
48 134
162 213
68 102
61 143
34 273
172 234
19 190
0 5
107 121
156 261
125 171
180 229
163 276
117 172
187 214
77 169
158 176
161 223
39 101
23 126
114 282
74 216
211 214
225 232
53 155
195 230
159 285
93 116
8 76
145 217
170 240
71 255
110 149
29 76
145 206
34 266
71 185
14 106
106 161
83 102
141 212
253 270
11 97
99 159
55 278
58 175
249 278
114 120
28 111
93 192
172 205
131 153
252 278
207 214
68 168
79 252
25 88
16 292
96 154
130 207
49 229
136 250
106 258
158 238
68 177
18 278
53 267
43 72
93 228
76 269
35 63
64 123
129 149
19 28
221 282
7 178
73 161
53 105
67 174
9 163
43 173
12 240
14 132
183 223
55 131
72 243
156 193
150 184
29 223
45 87
73 240
102 137
225 256
157 244
155 251
68 144
275 277
158 271
43 231
166 247
45 294
36 238
38 125
49 59
58 260
26 44
196 234
152 244
83 275
22 274
4 204
57 229
92 114
193 205
81 204
234 278
21 236
185 279
6 268
59 113
182 234
58 235
18 130
68 181
0 159
133 287
84 141
116 165
102 256
213 254
14 288
192 220
26 233
62 134
74 263
113 198
44 271
18 74
154 169
156 241
89 229
55 264
110 272
107 233
166 243
103 294
53 225
119 176
83 117
67 281
147 242
27 112
17 154
202 203
93 94
148 239
157 196
12 53
219 269
223 264
93 250
151 157
39 79
20 32
98 178
97 163
212 235
156 258
182 261
50 263
144 156
132 254
162 186
34 252
12 108
98 229
189 275
226 228
195 269
50 77
180 216
17 196
33 289
53 102
56 192
58 252
168 292
98 158
4 135
244 273
119 141
147 169
151 268
60 202
35 206
97 99
6 69
114 236
37 236
35 122
84 107
108 292
110 276
23 248
120 128
63 131
55 183
148 282
113 224
166 283
30 278
34 180
80 267
16 121
29 290
152 279
232 258
185 259
98 99
90 112
6 16
144 263
65 154
87 88
37 115
98 132
7 153
74 269
10 256
30 207
6 249
250 260
66 236
244 268
45 270
77 97
47 143
145 207
69 160
3 213
154 186
113 271
67 230
202 278
133 293
151 250
73 124
253 281
75 244
64 105
105 117
30 190
21 24
17 145
136 157
226 272
97 289
199 220
87 212
198 258
35 269
112 159
53 208
112 149
19 60
90 115
273 292
187 198
35 272
168 203
217 222
63 92
216 286
204 282
115 155
30 159
20 257
122 226
2 133
28 174
20 169
11 232
167 229
278 287
106 281
68 151
20 42
174 258
198 256
20 47
46 62
72 287
31 164
49 176
95 234
87 141
22 37
131 228
111 192
117 221
160 240
77 175
198 209
151 247
44 256
24 206
127 259
141 292
49 278
175 247
9 102
247 268
125 247
102 252
157 235
23 61
185 227
6 253
86 128
0 19
206 253
143 229
140 240
42 233
30 167
161 234
23 165
99 145
3 208
67 224
78 230
128 188
104 138
5 89
102 182
268 287
177 237
56 107
38 273
2 20
49 53
28 85
9 132
175 211
115 185
129 253
242 286
250 267
120 271
26 236
26 170
16 270
171 213
104 248
225 283
34 190
8 117
180 274
106 206
102 104
80 174
136 258
20 101
46 242
30 193
136 276
181 218
98 157
57 130
76 125
128 219
126 264
84 238
12 277
8 290
141 174
5 16
79 122
71 277
91 197
200 229
93 97
102 186
94 236
51 161
141 223
76 153
135 178
202 243
77 125
109 240
146 270
40 83
85 273
170 182
60 278
45 238
29 32
97 250
138 178
72 177
9 273
71 240
66 99
126 156
150 156
147 190
39 163
51 94
214 283
131 144
178 223
274 280
4 182
19 124
185 229
95 163
51 87
136 265
145 226
105 207
90 222
34 37
43 45
89 266
10 273
196 204
82 187
39 188
53 144
125 199
174 270
11 154
209 292
77 162
165 203
82 103
97 228
24 253
95 111
20 21
76 134
129 144
1 153
197 243
124 191
25 33
173 245
32 63
120 268
176 250
54 272
32 105
15 161
28 43
54 223
7 48
72 176
94 219
38 183
82 206
46 109
238 254
106 222
22 45
26 76
176 240
218 262
122 194
25 37
147 241
51 294
18 240
4 117
28 223
130 265
8 58
86 109
152 171
42 171
227 278
226 288
206 272
121 241
211 235
67 83
2 237
49 220
25 174
90 245
81 203
22 203
73 294
142 234
107 275
126 141
275 291
115 143
19 77
1 60
74 146
142 257
53 91
94 131
54 209
206 228
120 257
149 281
166 281
135 179
91 271
92 283
250 251
32 44
55 266
210 268
211 251
19 194
24 212
55 167
105 139
64 241
127 130
154 202
56 284
155 215
16 111
220 222
41 226
26 147
69 117
69 84
162 236
122 174
29 126
41 255
16 187
131 175
56 143
113 253
90 185
98 204
97 101
209 226
87 165
142 279
233 243
50 292
261 262
46 188
32 256
88 134
13 156
133 194
31 237
83 112
14 268
231 286
68 91
97 164
90 123
18 155
156 181
55 134
43 246
15 86
208 261
245 293
137 243
230 259
53 55
203 270
248 256
167 206
185 274
17 18
23 108
17 277
52 130
18 129
205 256
11 59
19 255
14 163
14 270
23 129
183 270
128 194
42 213
108 287
82 107
124 263
128 168
4 20
100 239
19 217
198 283
156 280
125 146
69 184
157 228
28 42
260 267
250 294
186 205
25 294
188 266
167 248
33 144
41 266
4 252
81 133
74 217
219 248
52 151
102 162
63 280
46 99
104 114
117 129
71 198
37 272
46 61
66 128
90 131
194 216
269 274
17 65
24 141
61 75
93 271
54 147
26 160
38 292
152 259
221 252
134 165
105 288
102 261
144 165
80 293
137 214
218 287
155 162
130 198
73 155
3 166
107 108
49 94
39 68
24 104
206 208
208 283
231 263
131 174
214 272
278 282
42 203
60 129
20 265
72 196
119 252
62 240
61 250
227 235
139 194
33 99
100 288
41 99
183 221
177 215
52 57
43 144
57 286
9 156
76 98
62 164
136 277
151 188
20 136
93 133
125 243
136 151
79 290
175 194
233 286
104 208
132 155
189 294
154 194
42 144
51 148
3 182
222 268
99 279
172 202
52 241
48 152
183 258
246 269
160 225
261 279
178 184
152 172
232 294
12 274
9 68
107 109
102 153
137 161
211 276
204 239
60 283
168 206
81 289
85 136
150 252
6 61
120 233
51 102
3 17
33 155
222 250
94 229
90 175
140 264
44 66
144 173
15 223
115 238
128 169
181 259
13 261
20 254
41 125
38 268
34 98
96 147
142 189
9 200
18 191
6 148
136 266
121 141
198 241
157 285
83 233
239 253
29 208
185 220
184 264
220 263
100 234
44 120
59 264
144 181
150 258
88 160
18 234
271 274
38 140
89 129
3 285
29 282
78 265
124 232
119 184
150 229
217 274
139 258
1 191
13 207
77 228
119 228
42 289
120 285
31 275
44 128
1 147
137 152
149 262
46 126
4 201
68 255
2 280
101 267
54 291
97 256
105 147
45 251
53 67
77 191
55 230
142 199
149 237
140 194
43 52
63 284
164 202
63 247
67 105
193 282
151 179
13 41
65 213
28 52
62 135
139 234
112 143
35 179
37 258
56 127
133 230
1 134
84 89
160 291
71 160
5 179
61 219
150 165
23 95
53 259
126 255
27 207
60 139
146 246
24 286
90 94
91 293
131 251
97 105
140 239
196 217
232 292
11 86
5 20
93 202
60 246
238 286
85 135
164 292
79 98
92 131
78 82
53 182
117 274
146 210
137 267
179 259
49 146
20 129
26 262
44 225
81 106
110 260
23 56
13 224
185 268
8 132
39 215
82 255
149 274
14 217
124 178
105 209
51 222
20 46
70 167
25 206
149 195
100 141
138 213
36 55
149 257
72 239
70 161
168 232
106 261
48 94
25 138
243 271
83 136
134 166
135 177
115 204
204 281
93 287
53 228
71 110
87 293
38 254
24 198
46 190
13 84
139 154
99 216
24 225
30 192
206 283
52 275
3 54
115 131
199 214
22 232
32 149
153 159
259 264
181 192
189 227
122 213
17 238
56 254
234 249
62 97
120 162
125 190
23 212
54 290
33 290
103 104
79 175
220 272
98 226
126 145
185 258
32 124
27 163
21 219
108 128
159 216
92 227
52 292
14 186
7 217
186 237
77 271
32 226
200 218
3 279
188 239
21 243
125 139
90 273
132 222
195 284
19 68
118 161
123 225
127 292
20 65
213 247
76 220
3 176
92 246
195 281
234 288
72 111
35 64
15 113
70 141
103 280
169 269
38 127
103 288
206 218
10 213
138 156
125 195
8 272
21 258
96 160
86 98
55 253
129 142
116 268
145 193
30 216
24 258
65 193
95 256
150 266
41 242
15 63
136 180
54 146
66 218
93 243
144 217
142 184
253 286
48 113
94 252
152 208
256 270
69 87
77 279
75 179
79 223
159 271
77 104
51 242
177 287
47 229
37 198
26 164
59 165
107 188
199 253
16 114
138 191
21 52
209 273
220 285
76 86
183 187
2 13
53 261
146 259
4 257
235 285
90 164
69 177
157 263
49 192
10 186
49 222
210 240
0 274
92 211
35 61
184 251
13 228
224 291
150 285
35 160
99 169
47 197
23 98
84 171
134 170
32 146
7 292
2 199
96 232
144 246
24 118
272 292
35 264
95 235
16 71
182 259
103 150
34 76
127 148
220 248
174 268
95 165
191 261
18 20
238 265
148 172
56 221
48 228
141 231
5 290
239 261
171 178
12 70
129 262
52 120
31 153
26 267
102 168
86 221
34 251
112 207
173 286
128 137
7 40
12 20
189 265
28 39
97 182
266 290
11 116
80 208
0 93
50 216
92 154
213 272
123 189
66 85
3 229
7 259
133 285
145 248
94 243
20 95
58 91
68 286
57 185
145 256
186 199
106 145
112 158
123 129
165 235
79 218
203 290
194 223
14 118
10 122
241 245
0 117
66 227
139 207
150 232
45 159
59 66
30 42
8 169
170 200
48 92
2 62
172 216
54 173
49 251
118 227
118 148
178 190
216 220
221 281
128 149
67 95
142 292
162 226
41 221
134 245
31 210
188 235
31 127
43 167
230 256
109 216
109 157
117 246
2 146
155 261
20 177
39 124
122 173
44 176
145 229
86 114
171 196
10 131
197 212
9 282
191 282
58 143
6 292
61 284
2 121
8 136
245 259
16 251
126 198
24 55
42 284
45 100
47 208
174 256
16 53
85 243
30 177
149 159
190 220
8 41
29 125
122 285
5 140
82 270
5 214
121 257
102 240
252 293
47 119
32 274
61 194
166 171
187 252
35 170
231 248
209 293
50 260
263 264
96 260
89 226
150 208
14 139
190 246
36 182
59 105
15 61
113 218
59 184
27 96
81 257
120 147
9 59
54 208
51 84
200 237
24 111
182 189
76 162
85 157
89 90
61 199
30 222
87 175
52 84
189 212
76 201
141 185
130 133
67 164
3 219
64 249
21 286
225 291
230 282
127 238
163 278
98 187
45 151
214 263
27 91
163 224
32 76
113 237
90 102
133 292
83 96
49 233
202 260
38 194
104 204
55 285
23 276
67 288
5 93
46 249
176 256
77 79
124 203
214 228
244 269
57 200
83 203
83 212
110 173
30 35
201 274
140 221
131 288
54 142
67 129
202 271
27 118
27 131
92 170
19 115
155 284
4 50
88 97
248 274
64 139
20 168
10 73
77 80
81 259
181 212
4 90
85 121
17 108
11 42
7 227
58 102
58 148
69 126
62 291
39 251
56 97
16 39
103 247
106 212
76 187
159 191
100 133
118 242
72 130
133 227
6 28
111 120
35 104
109 120
33 76
122 214
2 53
127 234
100 270
44 154
39 71
74 92
143 228
103 238
68 158
48 59
44 88
154 284
102 201
227 275
213 214
99 191
148 151
88 101
234 261
261 286
86 231
213 245
168 227
117 123
53 216
272 291
275 285
215 289
230 270
92 234
160 182
6 93
135 159
48 292
41 54
52 252
191 195
102 211
230 258
96 174
173 203
10 192
114 240
111 281
146 282
0 147
164 263
182 183
28 153
205 264
29 185
117 206
55 88
180 212
181 185
138 242
43 77
61 170
118 174
228 232
25 220
37 246
153 177
17 95
117 223
24 52
163 292
7 243
159 283
147 270
16 240
180 270
172 180
115 292
138 165
149 236
90 186
184 202
49 93
88 89
132 291
30 268
121 201
25 259
118 166
44 216
78 239
112 144
67 139
74 163
117 279
206 224
47 246
184 200
126 253
213 225
154 293
19 117
90 262
34 248
261 271
102 160
14 164
45 150
47 64
32 143
121 285
89 222
219 229
48 101
173 263
165 231
273 290
69 190
171 202
91 241
53 98
46 95
169 184
86 139
190 221
84 113
29 178
73 232
156 286
163 169
117 232
229 271
44 160
159 292
64 195
29 84
114 142
76 263
21 89
36 38
107 132
121 134
135 240
202 273
26 209
50 94
64 220
58 233
144 283
187 213
146 238
111 275
142 193
25 255
164 236
94 103
80 159
25 98
122 250
230 274
83 185
82 101
134 243
269 280
54 127
86 249
93 206
70 234
162 219
140 233
107 216
13 276
153 212
78 126
113 232
126 200
181 272
235 291
116 199
55 277
103 149
29 217
48 249
66 122
14 54
253 285
200 210
6 269
103 229
74 286
211 215
3 159
198 253
13 257
233 291
262 279
106 150
143 257
23 266
36 199
18 118
51 141
259 272
13 163
39 276
40 267
114 177
20 288
25 200
190 234
24 72
115 197
204 294
129 152
204 287
122 212
270 289
126 144
90 170
95 248
106 182
167 282
66 81
48 120
60 291
246 270
62 70
70 86
29 55
54 187
12 230
187 226
46 234
55 237
172 206
59 108
151 241
6 217
67 219
13 61
152 226
51 239
34 221
122 281
138 153
136 138
86 260
185 219
162 217
164 251
50 230
171 197
104 111
146 272
13 200
127 155
76 102
235 286
35 80
103 177
170 268
187 255
56 273
165 292
161 240
36 285
31 140
83 94
120 137
102 164
48 100
121 225
18 250
41 73
104 237
56 197
41 260
189 278
130 242
78 100
194 291
127 279
23 225
83 250
139 196
35 133
160 191
16 180
126 263
40 219
74 184
103 159
133 197
1 136
60 71
110 151
153 203
56 287
82 284
235 252
211 273
51 234
62 231
123 226
28 199
141 196
70 207
129 277
47 100
28 197
37 38
2 80
42 225
3 106
116 197
47 175
6 276
81 181
155 165
3 223
141 165
208 293
66 134
171 239
73 258
192 267
28 241
141 255
200 271
79 219
229 278
81 123
94 241
9 97
95 152
97 205
8 213
163 269
68 162
43 122
89 165
88 244
27 44
174 289
14 49
227 264
31 151
73 255
15 246
55 165
50 129
81 162
234 283
100 154
130 253
133 171
248 289
171 176
43 85
117 205
117 247
71 201
21 196
43 256
22 254
85 185
62 112
38 63
61 153
47 59
96 203
90 264
221 293
264 289
10 94
93 173
6 26
28 233
28 204
255 276
13 65
21 22
219 244
145 287
236 238
130 266
169 245
79 242
9 101
60 118
25 173
264 277
99 273
129 240
126 182
10 180
146 289
116 222
178 216
198 236
169 231
166 175
38 172
118 144
8 89
33 156
141 211
119 281
265 292
284 294
111 213
52 245
41 269
152 238
118 250
46 278
93 240
193 214
220 264
9 180
120 152
52 135
104 269
198 281
220 225
290 291
148 228
155 183
5 58
81 269
49 282
114 253
143 288
92 182
127 210
93 223
76 280
112 185
9 170
30 132
164 261
35 190
151 207
158 283
129 161
123 263
159 246
58 261
138 293
96 244
46 129
26 175
53 158
47 284
8 126
17 217
106 185
112 245
33 58
8 207
66 241
202 264
65 164
47 82
99 161
82 166
99 137
4 281
219 288
117 291
36 62
61 253
181 237
107 113
224 232
50 133
114 280
6 287
75 98
58 269
247 269
186 273
2 239
94 276
110 263
10 289
46 138
2 191
47 73
3 73
43 275
136 231
67 234
52 257
94 282
17 226
46 83
37 144
132 235
5 120
13 251
181 233
189 274
117 180
37 251
39 153
70 166
143 220
10 153
91 286
104 213
229 248
54 220
18 269
19 228
155 288
87 203
173 212
31 199
173 180
122 196
194 195
127 209
88 137
76 120
100 248
172 182
65 228
36 138
156 236
99 213
262 273
82 88
81 117
98 277
163 219
159 265
95 104
117 161
268 284
12 225
291 294
196 259
76 108
58 194
95 229
64 190
148 234
29 271
142 181
78 243
21 149
50 122
132 259
21 183
218 245
238 268
201 273
65 234
152 273
162 262
94 149
203 244
84 119
179 187
87 110
46 78
0 104
75 195
191 216
102 195
187 216
98 292
79 226
125 138
174 206
182 213
28 75
144 210
89 265
176 270
134 197
26 232
45 49
107 224
28 220
64 217
224 289
27 264
108 242
151 222
21 181
93 291
27 85
133 134
25 133
164 260
8 129
41 237
137 189
184 186
12 39
114 270
30 115
81 198
23 120
51 179
107 154
91 211
49 72
47 212
62 188
192 261
247 260
125 274
113 239
42 54
93 232
20 165
192 203
177 255
46 152
235 247
174 203
35 164
30 135
89 208
218 234
135 229
144 285
220 226
132 192
195 270
156 199
56 210
146 175
70 76
30 99
214 240
43 103
66 129
32 200
177 227
274 287
3 247
83 173
158 197
136 152
92 266
79 151
196 242
182 251
44 169
120 249
62 64
234 285
40 291
15 33
2 175
16 103
233 235
91 97
62 224
46 202
26 119
27 179
17 40
144 249
120 178
81 220
167 228
156 192
73 116
22 92
128 240
173 262
197 231
132 218
90 221
123 277
14 80
44 109
102 187
102 108
19 25
146 207
87 268
35 119
86 190
261 282
140 141
222 237
102 205
94 140
171 188
88 103
81 151
15 219
167 175
15 169
126 232
43 270
239 278
57 111
231 261
95 186
83 198
212 219
161 182
37 294
55 178
156 262
164 243
20 233
22 247
127 137
81 82
99 183
92 214
107 234
245 280
34 49
3 59
78 272
106 151
15 265
57 190
6 54
69 250
13 100
48 261
22 139
186 222
141 238
142 233
5 279
214 219
54 111
28 171
182 272
60 163
78 192
35 153
31 291
214 236
56 98
191 245
21 156
149 202
223 240
78 202
87 176
163 263
62 108
19 69
101 173
160 242
80 158
1 106
237 262
27 164
64 146
79 285
100 217
76 155
167 252
186 188
149 172
64 173
183 279
115 253
41 174
144 276
113 115
2 221
50 288
178 192
158 289
37 50
106 266
9 145
54 253
256 264
27 153
53 112
131 258
13 268
129 177
38 259
227 240
112 220
83 146
226 240
16 108
246 249
44 52
187 215
2 101
111 116
180 275
57 251
130 246
75 235
61 227
4 176
54 58
44 150
118 152
140 268
61 79
22 133
118 292
53 196
26 289
7 29
77 276
77 108
105 198
17 173
1 85
73 105
17 280
171 236
111 282
56 82
189 209
63 152
35 36
101 213
221 235
0 21
56 205
139 149
1 158
266 294
0 175
15 282
19 49
37 247
160 288
129 168
82 153
229 261
19 26
35 204
63 145
74 161
147 286
41 42
57 169
46 81
104 166
47 240
169 290
31 169
79 289
260 262
95 294
48 173
53 71
36 96
94 181
105 265
48 230
67 175
152 195
67 146
118 241
115 254
3 265
74 89
134 158
227 292
259 287
38 214
212 257
182 229
60 183
30 221
18 40
55 262
133 262
141 173
15 103
43 51
106 130
51 160
140 253
190 198
121 222
109 121
129 140
57 109
110 290
99 271
34 254
37 107
39 62
52 173
5 143
170 216
92 153
93 245
94 183
137 258
157 294
219 221
156 271
19 212
92 101
106 294
211 271
192 226
140 252
163 272
148 285
120 277
67 238
69 289
5 220
137 190
106 257
113 279
105 240
42 63
93 264
181 193
8 96
137 142
105 228
113 180
182 287
147 226
149 286
53 212
34 139
129 159
125 254
134 188
129 188
39 108
80 258
35 217
179 183
90 121
5 131
129 219
55 142
138 225
36 156
14 234
118 181
7 174
106 164
97 215
39 265
25 46
66 271
101 276
228 261
3 283
28 92
71 145
27 239
93 115
21 231
44 250
177 181
182 262
10 264
93 128
50 96
54 108
73 281
46 236
64 198
166 219
17 246
152 290
46 74
4 37
22 135
107 282
11 41
1 94
36 83
38 244
193 283
75 210
162 245
16 253
44 241
14 260
81 247
115 214
223 238
177 236
2 286
64 268
167 211
42 258
57 113
30 32
56 262
68 84
102 111
33 50
88 115
78 108
32 97
227 254
201 237
15 121
2 179
79 120
31 109
206 288
40 271
68 223
89 144
136 247
130 264
7 63
95 150
95 285
34 175
254 284
163 220
52 228
66 91
77 265
149 269
35 178
46 149
0 6
44 237
178 239
4 169
178 208
142 252
120 169
52 270
215 275
123 239
17 21
110 220
26 59
84 249
175 221
112 198
202 277
49 261
175 253
269 284
84 184
117 228
142 214
87 120
3 48
28 228
42 265
48 61
142 285
151 240
25 166
20 126
93 108
65 199
8 248
2 58
76 181
131 238
3 222
54 284
1 152
5 209
196 222
151 288
74 90
102 183
16 36
240 251
138 277
24 216
155 240
25 162
65 116
163 185
226 277
92 165
39 112
50 66
88 118
13 271
178 201
52 287
84 143
27 137
84 237
7 180
202 237
178 261
21 284
137 184
176 282
42 86
34 92
58 163
41 88
225 267
49 151
37 79
32 110
122 267
211 252
33 194
88 120
83 199
102 148
88 161
154 282
100 200
15 294
93 222
126 284
17 228
148 260
19 131
5 253
42 224
56 238
83 194
119 207
84 201
24 160
203 266
19 248
5 148
17 152
215 294
129 134
99 105
12 221
80 96
189 276
1 248
131 139
205 291
31 45
161 279
3 51
203 287
101 280
26 80
73 115
182 239
8 103
121 234
146 189
112 209
240 275
49 153
9 249
242 271
112 270
194 245
205 218
39 131
236 242
182 257
30 97
97 142
192 290
106 171
161 275
211 237
79 181
105 280
9 139
133 241
166 179
204 234
152 196
73 216
61 111
175 241
8 46
169 201
104 123
115 275
95 127
148 273
121 188
56 156
42 204
103 292
220 234
258 268
7 106
184 285
98 126
0 122
36 53
157 278
142 212
277 285
184 250
72 91
127 167
74 277
43 93
100 189
102 176
30 149
101 285
66 154
18 52
88 259
24 130
128 131
40 58
1 114
51 159
61 264
87 89
238 263
267 273
26 77
86 110
73 282
198 201
202 235
78 250
64 204
51 212
130 275
28 105
202 281
4 55
158 268
38 170
38 222
179 288
168 255
146 182
153 168
230 237
0 239
21 194
33 67
6 101
29 87
95 189
211 265
122 199
28 149
72 225
150 194
58 60
30 122
166 203
86 228
7 275
9 240
112 141
20 50
86 173
66 275
248 261
26 278
31 76
163 207
33 106
93 259
111 164
92 210
36 77
172 177
150 163
63 84
175 231
82 275
91 291
45 82
73 211
161 280
197 261
29 131
93 216
50 153
218 264
43 73
111 273
226 251
11 179
219 250
112 235
131 245
48 246
256 290
13 241
64 219
120 167
168 290
62 160
163 270
32 190
32 215
110 165
101 108
217 249
34 194
191 214
95 291
142 242
175 292
48 198
30 240
234 290
86 180
47 80
150 239
168 251
113 127
201 241
1 215
78 112
100 117
147 178
156 278
77 253
15 131
248 290
82 139
148 249
24 222
113 178
85 181
16 17
212 220
156 229
138 150
74 94
60 94
90 286
134 205
87 109
20 69
12 176
45 161
203 260
1 175
134 174
45 212
1 272
5 14
94 186
147 291
103 167
220 283
220 273
58 276
73 130
215 283
43 65
14 161
20 40
46 88
16 48
92 152
53 135
11 287
155 198
217 220
116 134
107 217
198 235
121 226
79 257
174 249
6 160
61 258
129 162
98 291
34 184
51 142
93 278
29 30
7 126
205 231
191 292
213 241
175 289
188 192
24 176
146 165
196 248
64 150
77 214
257 265
252 294
97 235
181 293
18 64
5 200
75 233
65 222
35 89
121 200
113 117
65 114
185 225
22 169
127 200
0 80
80 184
177 230
13 146
1 103
72 106
89 261
138 146
1 56
24 245
126 287
45 102
236 282
16 95
129 222
149 179
69 185
96 208
74 283
198 200
69 92
270 274
18 271
129 187
14 160
14 91
171 277
171 242
82 173
50 266
53 193
0 157
9 230
8 125
144 230
33 271
60 243
14 191
51 264
128 228
74 113
35 105
13 209
53 276
49 55
123 160
78 123
272 285
177 238
159 224
81 285
241 270
19 86
125 215
25 275
240 273
9 226
104 199
152 221
212 229
87 254
57 107
30 174
98 261
54 151
58 164
146 229
236 257
1 22
93 211
119 156
46 291
203 293
106 156
8 225
116 211
15 185
130 137
81 241
63 221
119 224
239 284
114 182
82 106
30 126
137 242
211 261
166 182
138 166
59 276
111 121
179 185
19 92
123 154
225 280
212 224
37 238
36 131
52 268
141 191
69 140
210 285
146 166
99 157
169 198
0 136
41 274
59 129
11 58
54 225
74 162
128 176
120 266
38 133
4 197
216 228
105 202
8 67
171 284
163 280
88 157
38 104
221 251
91 266
163 222
170 213
150 220
68 169
179 287
30 275
47 285
52 215
210 242
134 279
255 270
64 108
150 259
75 145
188 280
42 270
148 293
65 101
276 278
82 278
94 100
35 192
221 254
93 183
70 291
36 246
111 222
105 145
197 230
35 51
16 33
19 80
30 253
148 168
179 190
89 271
148 262
113 143
47 188
102 152
187 228
88 210
94 96
84 240
17 71
201 268
117 173
3 263
46 246
84 120
130 279
225 281
59 61
35 42
150 214
71 202
177 252
141 280
62 63
25 73
230 289
56 223
41 156
25 246
132 281
221 280
129 239
230 271
239 246
29 40
100 244
105 241
32 157
48 259
184 231
19 133
55 221
167 203
175 248
19 181
57 174
121 192
30 235
54 103
37 108
9 47
138 168
73 269
94 257
88 148
50 259
292 294
121 179
169 248
97 260
44 198
47 211
7 86
103 196
179 235
138 282
16 155
97 169
17 156
20 285
128 155
26 34
22 212
25 222
12 174
3 256
104 230
9 255
53 114
237 283
178 183
111 149
159 201
81 282
72 237
133 139
8 265
13 120
62 100
94 293
235 243
212 266
43 111
144 207
104 266
26 41
71 131
113 144
58 71
25 235
154 220
130 177
18 141
179 219
38 77
30 80
33 283
208 217
162 247
111 211
65 180
24 177
111 140
130 164
104 183
246 251
131 182
215 284
7 151
137 228
65 253
70 125
87 108
144 244
38 98
138 288
15 279
71 128
14 246
88 179
59 166
68 119
114 196
42 285
4 256
248 285
57 277
99 276
20 99
24 27
47 293
117 188
142 224
45 66
197 201
18 63
51 126
47 58
6 188
5 182
102 246
28 232
217 236
45 196
128 136
90 120
77 158
22 122
170 245
97 122
122 220
153 275
27 199
89 201
269 291
156 221
96 216
92 265
30 209
44 266
151 197
45 98
161 179
103 122
165 204
131 253
21 25
195 209
40 274
22 56
112 151
0 263
110 207
8 176
142 240
152 169
2 104
8 14
68 225
117 252
12 67
279 292
50 93
74 202
19 45
6 183
38 190
92 104
79 171
30 259
115 132
58 264
13 129
42 286
121 149
61 181
36 292
167 223
58 171
32 135
276 284
164 232
129 255
50 218
73 217
166 277
33 133
175 234
65 165
26 38
2 63
30 55
110 217
237 249
110 253
81 138
68 212
39 126
0 116
18 276
180 249
72 139
111 168
193 255
110 163
23 162
122 233
115 210
45 199
166 248
27 84
29 120
76 119
163 192
117 269
69 243
138 284
14 47
49 217
4 115
92 216
17 283
76 213
179 272
59 116
64 165
47 241
5 163
91 269
67 168
14 143
83 190
99 123
124 150
95 175
2 217
42 195
118 270
33 240
28 221
168 175
93 253
47 244
236 291
83 221
48 87
3 99
83 208
105 292
200 225
184 287
260 265
124 250
108 232
178 278
38 294
23 138
218 276
125 167
53 170
115 176
42 230
59 198
136 184
3 252
46 102
123 228
95 196
46 259
83 251
186 225
65 86
66 70
170 260
21 133
118 189
7 152
94 284
23 74
91 162
9 216
47 133
6 52
167 272
93 258
27 145
266 273
31 158
38 240
189 217
78 127
56 235
135 151
124 220
11 74
0 240
26 208
36 107
209 246
6 12
98 228
190 293
36 189
63 215
65 231
75 262
254 280
128 183
71 210
148 274
119 153
8 57
74 180
207 246
103 144
81 278
166 241
21 68
64 223
50 88
70 217
41 167
96 276
137 281
152 277
136 288
26 196
113 284
124 228
283 291
137 285
203 220
10 202
148 206
29 222
4 24
2 10
48 135
14 82
57 124
157 162
51 164
110 148
158 211
119 258
100 124
37 192
116 243
96 291
122 191
211 277
1 40
2 257
128 213
95 242
88 149
8 109
152 239
16 290
28 109
71 190
56 95
89 275
87 277
189 215
115 259
164 274
182 190
125 235
142 200
9 113
93 167
62 255
76 278
101 274
5 119
49 221
186 236
61 218
56 252
5 52
126 147
211 248
243 259
64 236
148 222
258 270
235 276
133 183
104 220
3 215
64 271
40 43
108 125
93 184
162 218
156 157
115 224
103 175
0 52
203 280
27 82
91 167
25 66
221 271
104 135
131 156
103 194
84 137
269 285
14 278
90 138
79 126
105 143
65 84
56 61
192 270
101 191
57 173
72 251
159 218
15 163
50 217
32 95
25 194
81 184
20 39
169 197
96 163
97 127
69 136
163 294
37 178
120 246
138 199
244 262
16 246
24 96
161 209
9 35
46 150
12 181
114 215
11 238
176 195
61 160
58 283
113 202
119 215
43 133
24 97
144 180
56 68
203 258
133 193
55 90
10 258
222 259
79 246
179 202
52 200
109 293
40 160
43 138
55 176
78 204
31 245
108 141
5 84
72 285
68 236
114 259
145 203
265 287
209 232
15 99
11 256
4 25
160 173
14 103
16 81
104 151
124 240
56 293
0 76
124 182
25 114
188 227
151 230
247 252
102 105
67 216
104 238
209 280
66 138
108 138
37 100
113 266
36 263
113 230
137 222
177 184
50 211
39 217
116 229
224 244
52 86
120 245
166 170
122 178
52 131
36 219
80 234
4 144
8 52
101 156
18 274
147 186
85 146
178 185
69 210
19 102
125 205
14 179
59 127
88 200
20 30
3 5
70 188
2 111
32 147
70 251
42 50
96 187
34 224
41 247
248 262
170 210
28 33
0 14
69 108
32 180
10 25
132 169
135 228
123 258
52 218
28 46
19 43
46 134
28 178
29 288
55 291
62 244
33 39
51 129
197 285
151 221
150 274
215 232
133 207
110 214
13 223
24 71
24 284
186 248
24 228
21 105
209 219
19 112
150 157
41 116
75 166
206 263
157 159
22 89
251 258
203 233
89 215
136 243
32 52
24 188
39 80
108 294
190 263
119 256
253 283
82 283
84 98
119 210
157 202
75 281
42 257
249 273
41 258
21 225
116 227
205 245
121 294
139 254
153 195
156 184
190 257
22 256
188 245
57 87
83 143
72 253
66 198
7 66
22 183
9 198
71 75
10 221
13 139
52 62
45 279
64 263
126 159
170 198
109 249
36 241
130 196
202 210
90 124
66 196
153 241
170 172
20 157
64 142
6 42
88 109
76 197
3 112
148 171
5 70
188 200
69 209
118 276
246 248
28 120
179 230
83 229
61 166
209 214
27 227
242 277
78 98
75 280
20 87
32 68
118 258
210 267
131 231
15 80
58 294
242 255
54 106
52 150
61 87
168 193
19 84
60 152
4 98
27 215
167 279
17 45
38 218
55 117
222 232
19 239
0 127
217 291
94 146
111 141
39 123
115 175
68 180
166 193
245 268
117 150
105 258
165 232
189 291
282 293
125 210
76 103
148 219
230 280
23 219
1 88
174 195
191 235
44 292
162 166
75 266
26 281
53 220
90 209
10 84
4 7
132 216
47 166
47 280
15 56
72 120
19 71
8 134
94 139
68 239
28 285
24 46
11 165
80 163
77 167
172 212
26 266
74 219
60 285
1 171
74 256
213 284
13 214
71 164
176 204
126 153
191 254
153 205
114 268
30 92
94 208
97 156
139 201
10 19
110 170
209 233
98 177
86 276
47 198
129 196
94 187
60 76
61 66
197 209
151 170
242 284
61 118
103 228
86 283
175 269
183 197
2 273
112 131
239 247
123 257
28 58
3 190
2 181
99 237
26 33
103 106
31 276
138 175
85 209
35 70
16 119
197 244
37 114
146 261
86 262
18 86
21 34
24 183
19 280
211 219
115 290
205 208
177 281
0 146
122 237
152 260
12 288
83 230
210 257
101 139
97 211
72 222
39 174
179 229
61 62
19 216
31 77
96 195
194 210
204 238
82 234
179 232
200 213
190 287
105 155
84 97
171 179
140 206
86 171
251 290
61 163
102 232
69 182
7 10
206 237
45 248
142 179
159 180
11 280
104 227
89 186
0 162
30 198
93 205
17 174
200 281
148 161
13 74
51 168
38 131
56 182
33 137
163 172
166 253
210 230
22 145
90 129
73 215
269 273
13 73
92 287
218 235
46 51
175 268
250 273
0 261
26 42
61 217
98 220
98 161
94 122
36 256
206 230
42 113
230 251
177 208
126 157
20 41
30 197
181 245
7 22
17 231
228 244
113 214
63 274
172 294
240 266
123 254
195 196
20 71
11 211
21 293
74 291
141 203
8 236
151 245
12 96
55 118
68 214
79 254
8 79
121 178
150 283
206 233
57 145
100 167
45 267
9 185
50 173
68 247
54 280
140 147
158 242
36 125
192 283
112 272
108 152
104 173
186 245
66 251
23 174
1 203
62 210
70 102
7 213
3 80
233 241
85 281
92 125
258 290
93 260
73 248
112 147
10 222
149 235
28 98
77 92
142 236
109 194
73 260
63 177
70 263
30 101
68 85
1 78
35 211
196 223
135 137
182 227
33 218
34 61
68 282
86 135
96 277
54 76
139 164
73 177
18 166
168 180
19 42
173 281
73 120
112 264
251 255
31 281
114 160
143 233
121 142
31 91
151 285
196 282
248 250
77 127
48 76
29 150
201 283
173 187
265 268
26 279
51 191
92 292
201 206
125 282
96 265
197 263
196 228
5 29
5 28
33 257
220 249
153 217
73 289
51 156
71 136
29 108
135 219
87 156
51 293
177 273
69 256
134 173
6 153
164 179
91 135
209 271
16 72
74 201
272 273
45 214
115 177
129 156
111 182
12 144
70 232
151 161
187 266
12 280
49 110
0 200
57 280
154 198
176 290
12 138
46 121
74 150
60 101
46 164
41 157
154 218
122 290
97 129
24 163
6 178
37 203
149 222
139 251
13 142
49 186
64 151
39 271
99 112
150 211
83 129
64 275
158 226
28 175
72 234
112 224
102 207
127 170
50 185
115 287
196 285
152 294
193 232
265 283
166 291
127 254
0 134
145 252
13 37
146 232
88 116
215 238
160 270
14 126
222 249
84 219
72 87
187 235
112 236
148 213
224 272
215 251
103 108
228 235
44 197
258 263
25 153
21 251
62 260
24 275
19 189
75 146
192 211
121 284
102 202
11 196
164 265
170 291
32 246
111 225
59 192
65 92
89 149
117 131
238 279
74 99
158 209
166 250
112 129
48 226
48 165
207 294
117 162
60 213
157 248
52 125
13 168
163 213
164 254
11 221
46 255
42 176
67 287
115 161
13 243
114 143
29 45
145 156
77 136
278 286
37 244
194 251
239 255
34 68
15 217
6 67
86 215
58 147
216 227
71 157
81 103
150 253
200 290
21 239
235 253
95 145
0 86
56 224
29 115
116 238
273 280
105 205
118 125
149 220
164 253
28 94
120 241
57 250
70 105
3 209
225 262
148 209
153 264
135 286
8 284
5 213
112 195
72 220
30 206
91 174
52 225
45 89
55 206
53 76
176 275
42 128
86 256
112 120
149 250
21 270
107 134
150 280
82 84
54 81
200 217
140 179
79 80
78 278
99 170
0 265
126 227
82 244
146 267
133 277
123 140
97 160
219 228
65 111
33 207
183 202
70 170
74 83
9 151
151 287
92 129
171 234
117 144
120 262
139 177
252 277
181 250
133 181
26 293
5 60
5 264
156 256
2 248
79 90
36 111
18 261
4 48
68 293
177 278
130 203
198 285
158 235
56 175
94 259
116 201
276 291
156 197
86 273
130 245
173 247
46 233
19 195
83 280
20 240
161 185
72 145
11 170
221 255
6 186
63 268
110 242
100 173
238 276
75 259
0 233
106 178
86 267
72 88
27 134
30 125
23 102
57 82
136 169
24 69
84 289
173 216
146 184
184 210
15 67
191 230
79 113
113 217
35 56
261 294
101 249
204 276
3 116
85 237
113 208
31 130
29 238
10 120
125 200
66 190
2 94
109 222
44 112
113 277
78 199
46 244
145 216
2 195
68 256
3 251
24 101
137 149
106 118
14 45
66 187
20 187
188 210
24 87
69 173
21 54
75 158
43 78
121 283
136 263
22 234
34 121
161 262
130 260
42 107
124 238
57 154
80 150
78 195
38 128
142 249
121 174
92 172
55 150
48 58
87 135
31 49
13 91
98 156
92 276
121 151
83 163
82 95
13 44
62 156
72 163
52 230
218 256
218 263
36 119
75 203
111 198
152 231
188 277
44 101
250 277
89 270
174 200
49 122
7 73
48 199
69 93
10 78
202 287
163 266
80 86
120 207
111 290
98 101
92 247
218 225
248 269
17 168
156 215
164 290
120 234
79 167
19 176
69 100
51 79
162 191
5 87
131 208
154 277
125 284
177 223
226 278
185 221
83 106
28 248
70 73
16 76
263 275
101 143
242 279
207 232
6 33
103 110
39 218
107 133
224 271
109 217
149 175
125 227
5 286
194 231
64 104
164 207
171 207
222 255
129 157
239 290
91 250
136 175
56 126
220 235
237 275
50 97
129 193
179 184
162 250
44 129
213 286
53 54
200 294
33 220
31 56
11 257
10 103
113 175
28 101
20 137
21 291
165 244
25 132
281 293
96 140
73 184
113 270
155 178
80 262
58 200
60 217
55 166
103 249
21 106
61 236
128 231
125 209
91 128
1 17
14 140
24 194
101 200
127 273
193 277
24 234
146 258
56 180
77 229
144 172
199 209
157 247
242 248
53 74
141 252
158 180
119 131
162 233
29 181
28 107
92 239
151 168
79 279
80 233
195 272
74 267
25 268
104 265
18 265
218 281
130 262
17 104
48 151
48 203
63 96
36 190
112 184
233 292
46 191
31 58
134 242
37 200
30 280
55 57
5 113
251 252
147 191
17 81
103 113
177 259
183 201
27 76
228 241
135 149
79 104
148 275
98 214
113 246
125 142
197 214
0 196
63 216
112 239
154 242
72 75
24 257
98 172
127 278
199 251
55 276
69 146
19 214
126 179
206 275
238 256
179 205
128 289
54 162
173 224
66 197
133 140
171 199
63 206
171 272
157 179
233 281
147 208
185 265
203 272
75 220
77 177
56 117
34 113
44 133
94 250
119 211
56 131
197 236
90 151
66 92
83 293
10 108
118 255
177 206
123 260
173 278
46 204
80 114
203 273
26 75
53 82
145 283
59 80
8 120
10 27
38 44
127 149
131 149
32 208
134 210
253 289
63 232
89 274
111 244
103 241
214 246
153 155
127 277
118 149
98 237
105 130
130 159
137 231
117 185
110 196
38 118
220 257
163 279
20 152
46 220
274 288
270 288
136 178
11 50
67 209
125 253
22 219
69 101
45 244
239 258
29 38
33 245
150 183
129 184
48 84
60 200
73 257
114 204
175 279
58 156
104 200
134 183
80 107
215 274
38 237
73 117
191 269
214 225
73 178
5 102
185 284
0 112
115 196
49 275
147 258
75 114
189 205
83 181
124 262
53 113
35 47
43 241
80 141
97 157
67 106
178 214
96 248
72 148
162 196
200 258
56 110
271 291
26 252
80 203
135 292
32 123
66 199
64 182
37 95
89 217
210 249
60 69
86 137
231 293
177 265
128 174
41 81
269 281
118 219
92 136
83 84
118 129
66 71
19 233
13 230
38 178
194 256
36 248
9 63
20 31
212 274
47 278
1 214
75 142
111 223
113 251
15 95
175 191
211 288
105 247
22 285
40 176
86 275
173 259
74 128
50 68
42 73
79 291
67 97
148 180
108 180
265 281
101 204
84 292
117 267
103 200
61 212
68 100
190 253
193 267
88 194
228 283
87 209
120 131
102 263
26 227
185 192
16 40
121 154
180 290
38 232
127 172
26 215
107 187
25 62
231 274
102 109
142 164
92 156
216 248
276 282
93 251
0 7
197 284
6 45
69 196
214 269
69 113
8 111
39 82
153 291
6 41
119 287
117 275
66 114
176 194
239 270
216 267
75 224
163 181
39 170
31 174
121 196
82 236
122 223
130 217
61 103
69 106
128 288
114 152
11 57
67 236
119 163
106 190
15 249
234 242
91 215
49 73
76 156
38 261
29 132
65 275
91 169
213 264
20 249
93 273
33 178
83 150
23 215
198 204
118 228
59 73
139 210
162 293
7 58
42 278
143 273
44 195
54 281
165 274
91 278
131 204
8 162
70 132
111 247
35 71
177 202
133 136
5 231
108 233
3 107
3 242
118 247
28 150
136 191
116 164
67 294
117 140
180 221
149 251
116 263
14 63
245 269
105 217
44 166
160 187
104 236
62 115
148 178
224 279
35 285
84 165
55 163
102 238
130 228
111 280
7 88
50 275
204 206
72 231
8 145
157 180
19 294
170 244
16 211
33 170
13 149
30 283
41 264
139 261
55 225
53 260
181 239
52 64
29 41
32 234
137 154
66 118
168 178
142 271
121 171
48 280
83 234
3 126
182 237
259 274
182 275
225 244
125 165
5 35
68 98
47 149
1 127
213 277
39 50
46 89
187 220
244 254
15 134
62 159
153 213
50 246
67 228
214 276
54 71
128 199
34 97
100 232
5 95
58 117
148 280
162 184
86 163
259 275
150 282
58 67
22 287
89 227
239 265
110 254
168 199
88 177
132 179
131 264
79 110
230 239
107 250
267 280
81 271
243 268
222 242
7 157
97 212
63 219
99 184
153 292
11 71
107 230
185 255
206 286
48 232
228 279
34 148
110 144
137 172
35 90
35 103
53 107
68 171
239 279
23 183
75 83
109 213
10 52
97 294
115 117
163 255
275 294
59 101
200 279
123 214
183 259
243 289
60 257
125 164
116 221
11 228
34 107
235 238
183 194
19 155
85 261
125 173
11 240
10 161
170 193
211 292
119 157
184 238
7 265
117 148
129 166
7 188
82 170
169 195
63 246
98 294
60 187
87 202
112 230
24 237
116 172
15 232
45 153
111 179
104 242
205 283
102 120
190 192
26 130
78 151
28 263
193 204
138 207
4 141
2 279
27 140
116 276
92 195
40 264
10 48
150 166
106 134
145 205
53 81
149 280
35 48
30 225
22 195
96 283
59 215
80 98
71 146
10 96
56 196
64 88
43 166
32 189
74 186
28 89
79 158
160 256
121 182
23 189
264 275
9 142
33 152
131 200
23 190
182 242
161 276
5 25
228 292
73 205
166 212
217 251
82 287
111 124
7 133
12 85
88 193
122 135
206 226
86 118
39 228
55 96
73 265
1 187
242 252
126 189
4 63
158 280
102 242
228 268
248 251
19 161
189 289
215 267
42 206
193 196
83 153
152 163
211 263
146 170
22 233
67 214
143 196
108 204
143 182
162 260
180 225
34 67
189 191
128 230
7 173
126 154
82 190
47 97
90 274
21 63
21 250
18 100
195 288
52 77
135 186
37 286
97 143
88 122
30 254
200 231
25 187
67 138
99 115
94 270
3 216
109 183
96 251
32 100
21 175
11 81
113 263
41 161
39 160
158 170
79 156
43 174
176 252
158 220
154 241
129 267
145 208
161 200
102 210
56 177
92 161
26 126
68 117
199 248
44 211
41 89
134 227
108 187
148 236
47 123
205 221
46 184
46 292
113 255
110 166
165 188
104 139
12 205
93 112
132 262
203 250
127 135
123 197
90 252
179 275
12 180
113 123
92 94
81 126
46 200
68 99
140 276
255 285
141 160
37 44
64 209
98 139
44 137
32 168
28 249
229 289
227 259
10 250
9 196
238 275
114 277
67 68
55 107
51 101
125 226
77 263
134 141
4 263
74 164
65 250
94 168
51 99
189 192
111 224
166 249
77 292
3 7
129 268
40 195
242 254
36 101
17 135
180 269
34 101
186 272
18 235
90 171
214 253
120 227
192 201
116 288
124 200
264 294
92 169
124 280
85 210
162 185
34 73
127 224
10 147
58 64
204 261
114 149
63 174
71 91
180 247
67 277
94 174
28 113
5 136
86 140
123 157
104 162
23 227
107 252
10 104
47 114
154 203
46 196
56 75
16 44
77 102
173 189
219 279
259 291
36 269
237 288
132 225
56 248
70 283
71 244
39 96
231 232
86 160
28 195
12 169
24 103
66 252
212 236
119 219
92 107
209 239
196 293
59 278
13 117
15 42
59 252
137 144
27 116
35 203
103 162
189 242
45 111
77 84
137 212
49 198
210 287
121 217
3 67
251 270
188 230
143 251
284 290
19 287
244 245
237 239
108 174
1 119
37 169
217 221
29 197
180 236
188 252
94 130
128 273
18 54
8 133
143 154
60 168
79 211
83 259
157 232
15 71
255 259
0 100
44 110
186 268
39 241
112 246
74 82
184 277
239 241
105 121
3 186
197 286
99 214
15 60
102 255
58 213
34 196
169 229
51 275
65 277
102 288
54 154
12 16
224 233
98 127
197 271
234 287
50 106
38 157
67 115
115 170
180 257
106 201
184 258
156 195
2 162
34 44
56 178
147 273
230 247
150 294
83 178
61 71
55 287
23 121
135 249
51 54
137 196
145 290
109 285
257 259
129 170
29 221
216 284
183 241
28 278
114 283
25 157
148 163
3 9
209 227
19 107
29 245
26 48
125 261
34 281
95 226
142 231
2 41
16 151
243 291
63 91
145 253
101 235
200 255
47 52
234 280
167 268
43 193
171 280
144 215
14 16
16 159
111 233
43 145
185 193
36 282
139 277
189 259
115 218
30 291
99 241
267 277
163 249
101 289
40 171
154 196
104 182
46 85
1 62
189 234
43 89
84 164
8 146
84 281
139 148
10 188
19 269
71 156
97 102
240 294
26 114
50 101
285 289
81 193
2 177
240 278
167 210
23 145
86 88
1 81
190 268
157 183
29 145
169 220
243 260
115 186
82 83
130 244
59 187
98 133
87 125
100 148
66 244
118 187
47 96
11 88
150 172
7 26
64 144
104 240
200 221
104 209
207 216
258 281
184 249
200 245
97 236
15 25
256 281
166 272
166 239
248 252
118 123
0 232
93 218
55 281
50 120
13 239
110 125
115 216
28 265
54 277
85 164
60 171
54 294
87 263
3 115
109 200
28 207
138 257
82 262
160 194
36 45
30 116
208 238
203 223
54 251
30 53
252 261
57 177
279 283
199 250
93 146
15 266
113 215
65 245
151 271
28 56
217 283
48 86
16 233
186 281
128 249
11 64
271 276
58 61
174 239
24 191
255 278
124 244
162 270
201 211
59 131
154 188
40 173
12 44
35 185
88 234
221 273
67 134
17 94
19 261
13 101
8 74
39 173
164 241
23 49
12 148
111 236
104 223
45 127
69 105
53 236
81 273
107 140
24 261
217 219
40 166
130 222
90 165
1 47
8 137
74 122
169 204
85 127
202 265
14 130
169 212
72 127
38 164
95 167
24 45
20 284
26 137
15 124
4 146
21 170
225 284
161 245
129 186
127 293
36 47
91 245
24 78
97 175
92 273
67 263
50 193
48 260
155 262
103 188
174 230
55 122
189 261
7 147
168 201
98 124
129 175
209 288
112 205
89 210
196 249
37 268
211 222
47 259
95 247
202 250
26 169
90 213
237 256
133 236
27 209
105 122
89 96
107 120
21 182
64 152
85 276
57 79
166 174
20 292
61 207
143 232
38 111
61 74
63 181
19 114
163 167
44 239
233 256
96 177
249 285
168 280
1 115
134 253
49 163
256 269
48 57
3 36
160 206
91 141
55 172
32 69
130 171
124 233
36 89
66 262
267 293
81 286
60 75
79 137
64 74
122 206
116 274
168 207
28 185
154 289
11 44
137 246
223 237
114 273
39 275
186 221
56 161
135 217
228 239
147 212
149 275
70 284
0 65
35 110
132 214
62 121
108 236
120 283
42 237
44 139
108 201
157 172
142 282
46 215
86 134
120 194
164 205
131 280
50 142
159 242
239 283
58 105
102 130
156 260
22 267
216 243
134 273
124 211
205 269
6 115
141 254
108 198
111 136
4 76
204 268
90 114
237 282
159 232
190 285
15 273
117 243
229 256
36 49
50 166
221 229
0 220
59 200
90 278
10 113
14 294
185 214
40 250
98 135
209 286
23 89
155 192
241 281
147 217
19 275
202 248
149 150
236 264
166 185
2 194
77 90
51 214
54 129
37 75
195 240
7 62
60 219
3 179
205 240
204 237
173 178
15 181
188 216
188 234
16 147
257 277
88 233
39 52
33 260
13 249
12 282
181 292
139 224
128 197
93 169
34 187
158 262
190 267
104 179
70 215
55 98
218 230
68 79
59 195
55 126
9 126
87 116
219 247
169 199
63 209
182 210
221 258
137 192
0 96
130 154
13 229
91 151
156 169
98 199
29 79
98 269
41 51
154 232
2 57
107 253
67 257
67 269
28 287
66 192
58 130
39 293
174 252
59 159
113 260
5 223
188 202
101 172
250 264
2 7
27 111
44 87
19 156
111 128
80 216
229 245
200 235
204 250
37 253
22 204
79 250
131 170
7 186
121 148
64 181
113 158
40 279
232 259
201 240
35 278
25 135
53 257
128 271
16 92
203 274
179 191
108 250
74 118
124 146
142 166
164 217
137 207
159 236
87 198
15 84
1 129
126 148
264 282
112 167
98 242
104 294
97 203
24 48
25 42
112 291
154 190
19 250
228 264
208 219
207 212
201 271
36 240
159 267
148 278
109 162
55 101
112 191
25 93
20 34
46 180
83 279
244 282
81 192
217 241
245 272
5 229
122 274
116 168
236 252
88 262
30 237
134 172
54 104
183 283
128 285
23 141
48 222
41 76
251 288
268 291
115 231
174 223
129 176
77 255
13 133
78 94
73 200
19 137
214 250
107 270
42 293
99 244
76 247
179 271
130 289
109 161
142 229
81 95
24 65
151 195
197 205
148 196
35 182
99 136
88 96
54 91
75 159
58 152
79 133
77 110
99 156
202 221
57 58
55 228
36 145
75 209
125 236
196 221
52 267
134 257
27 125
228 282
39 279
49 81
164 195
28 254
186 191
38 85
223 249
24 221
48 283
152 292
14 67
157 262
143 260
96 220
134 244
195 203
8 279
100 261
69 144
147 285
75 278
125 143
92 237
17 140
25 205
248 286
133 196
151 294
132 217
228 281
261 269
86 211
68 164
171 232
50 192
184 242
17 272
5 287
203 245
44 279
102 131
99 285
79 199
146 243
12 193
110 264
241 287
120 142
71 249
224 292
246 268
56 266
142 275
201 216
248 275
171 212
81 201
46 247
80 177
11 144
27 89
150 238
247 265
7 241
212 217
66 73
84 272
245 253
39 278
51 217
51 150
91 124
178 224
71 94
35 254
173 241
8 212
34 278
70 113
22 49
18 266
13 267
144 208
0 118
13 76
15 187
2 227
5 141
9 33
259 278
12 64
40 60
62 203
38 284
139 172
247 250
100 196
0 198
0 254
18 59
27 205
15 79
193 207
21 81
23 261
237 248
234 247
78 105
24 121
119 238
119 125
175 285
198 199
36 67
2 211
0 33
8 54
129 275
22 123
60 277
60 292
57 104
89 193
48 205
71 166
13 170
79 259
26 103
29 90
75 243
58 207
39 100
58 228
39 63
75 290
78 120
90 215
115 237
132 202
16 278
21 224
2 182
14 60
66 117
118 178
123 206
128 134
82 249
40 251
90 247
58 129
7 8
67 78
165 180
23 178
214 217
12 102
57 246
41 78
119 144
171 257
75 288
105 201
20 245
224 282
45 197
141 285
154 173
89 190
138 286
1 290
29 260
50 67
209 231
56 140
250 284
90 139
119 223
9 291
52 273
75 249
20 141
190 269
10 15
36 265
276 281
184 289
244 294
159 256
109 164
74 101
61 129
143 200
155 258
57 112
252 285
229 232
175 200
15 278
80 124
245 285
71 257
113 227
17 232
15 155
45 293
147 219
216 242
28 164
109 243
36 122
68 228
93 139
100 181
17 258
231 244
4 155
206 261
36 185
147 265
120 292
13 38
103 163
180 214
109 154
121 278
116 122
90 268
67 128
122 294
82 184
29 250
138 152
55 149
8 160
161 239
205 267
18 78
112 288
138 219
200 265
133 284
136 158
162 182
110 288
109 135
1 139
70 117
44 80
133 209
3 33
105 218
24 241
24 151
27 193
134 293
79 195
211 234
118 215
12 77
82 218
33 102
4 243
256 265
180 188
31 82
61 183
12 123
14 102
29 167
25 45
17 244
6 261
182 277
82 254
149 190
66 146
282 291
131 150
14 162
91 200
228 237
58 107
115 236
141 177
233 252
113 262
10 176
185 293
159 174
84 290
230 245
109 207
103 176
5 122
5 247
18 264
23 77
4 92
95 122
3 241
219 251
137 211
7 27
56 105
36 224
62 162
116 181
9 186
55 224
201 257
20 209
52 122
130 230
1 194
131 181
111 119
1 58
79 108
200 212
102 110
70 131
180 207
150 291
0 152
44 200
99 259
111 199
54 270
222 243
264 290
177 220
167 176
172 223
144 235
99 218
79 256
74 228
69 157
144 294
180 282
131 133
57 227
62 72
226 274
110 249
111 129
196 230
236 276
113 181
265 275
169 293
7 45
86 124
15 64
123 202
12 81
37 92
150 189
23 52
154 181
162 266
41 179
85 96
147 234
84 198
195 225
98 200
62 101
180 262
87 227
61 73
37 290
116 185
138 241
59 79
108 268
215 230
141 210
14 24
2 25
70 243
43 118
88 187
208 243
180 248
90 260
188 254
57 293
115 270
23 116
204 207
41 192
34 147
30 250
19 93
234 291
92 204
101 126
226 267
36 105
108 286
59 178
119 294
20 205
217 218
132 270
70 103
139 259
91 157
85 249
62 194
26 85
15 250
48 130
176 214
137 292
213 265
150 235
218 271
54 75
102 116
6 149
17 264
220 229
53 75
125 264
71 125
51 253
5 240
52 96
97 109
89 176
38 250
10 280
180 232
7 268
86 196
84 99
124 246
143 246
6 13
59 267
134 191
180 293
140 184
52 223
197 229
95 105
101 253
75 218
203 221
84 215
62 202
5 81
32 257
59 72
83 260
145 241
64 240
157 198
41 168
57 164
85 126
149 182
0 22
109 132
141 195
72 197
229 269
170 257
62 272
11 37
11 171
8 114
152 230
6 105
47 140
77 277
69 70
165 258
193 269
79 233
280 289
102 188
7 257
246 273
104 122
9 182
141 201
42 129
150 292
56 59
103 223
17 28
166 276
87 237
101 290
176 226
40 64
153 234
253 272
31 79
47 102
244 288
238 283
51 170
190 213
145 268
103 266
169 240
98 225
9 179
89 110
45 256
1 4
250 275
104 184
93 233
202 294
124 160
185 276
55 146
251 279
228 262
86 121
89 232
10 285
212 246
85 155
38 56
64 120
6 78
123 215
63 286
52 231
29 283
25 28
8 193
126 240
164 266
97 245
76 236
73 90
189 264
130 224
33 252
102 172
31 96
33 74
142 145
56 111
134 152
60 247
231 240
156 253
29 64
160 202
155 204
46 123
72 248
70 153
76 92
29 148
129 232
136 171
127 285
41 212
21 60
168 247
100 280
168 198
142 143
138 244
159 188
72 152
123 127
32 249
51 219
108 150
124 218
22 177
82 288
152 207
149 279
0 244
128 282
43 247
22 160
70 208
165 174
88 288
22 170
18 286
202 279
186 286
56 271
144 164
42 85
253 256
89 200
55 116
36 196
44 104
209 294
110 167
81 107
15 204
15 55
94 246
86 126
3 95
111 196
93 261
106 137
89 252
45 105
27 146
28 194
157 168
88 154
42 74
45 114
77 93
32 182
10 97
20 273
80 167
10 175
89 250
2 193
67 239
149 211
35 49
57 73
21 220
201 236
153 227
52 271
17 130
71 188
44 113
158 181
82 224
143 156
5 270
151 181
89 185
126 172
74 139
114 290
197 293
249 283
11 285
146 227
8 141
14 114
112 160
176 229
223 241
111 187
81 251
40 287
37 259
78 147
91 234
49 121
17 267
169 249
220 282
52 167
34 293
143 184
21 134
14 95
212 215
94 115
99 291
57 160
163 191
12 149
121 122
181 256
30 65
19 270
108 156
10 39
7 100
92 255
63 224
246 247
239 251
123 128
87 270
123 146
59 286
58 202
120 148
154 291
232 252
87 182
206 221
66 156
98 253
261 268
253 279
124 290
138 237
70 195
26 243
170 293
168 259
95 153
45 237
204 228
38 121
103 136
14 257
65 67
81 178
101 177
245 246
175 223
50 256
126 196
214 285
145 282
99 294
27 281
3 259
4 32
27 151
104 116
135 225
182 289
135 272
21 254
31 134
148 255
37 188
50 79
125 237
171 268
156 222
58 232
84 269
61 272
47 220
249 253
2 267
128 250
5 239
95 219
184 243
174 294
45 239
28 84
70 204
89 180
174 184
11 230
85 124
177 192
86 286
170 226
11 156
192 219
172 256
1 68
86 91
146 217
193 206
61 244
80 116
63 191
253 293
173 273
40 241
15 251
34 154
59 203
3 74
62 257
31 262
123 264
161 194
128 221
31 43
60 272
36 280
84 267
39 41
103 161
51 281
12 188
39 272
89 95
56 109
33 126
194 257
37 60
91 236
107 215
10 205
232 289
28 286
138 230
252 275
40 197
111 279
17 60
69 269
56 278
193 228
126 292
192 246
154 265
76 259
142 149
185 267
119 120
268 271
254 279
31 256
38 107
34 257
60 230
76 138
114 155
65 98
260 280
83 193
83 149
141 206
97 199
106 115
160 241
49 90
0 67
135 264
96 284
43 283
148 276
45 139
107 272
28 61
63 147
196 264
89 172
24 185
108 244
88 278
44 189
129 236
192 217
31 226
44 221
226 246
38 182
205 260
129 189
19 57
193 217
74 91
1 237
59 189
17 208
230 232
175 224
42 153
216 237
124 161
60 189
141 258
185 247
70 104
8 71
252 286
101 238
73 187
119 204
31 68
64 202
243 265
208 275
35 248
174 277
80 121
61 220
65 224
39 260
195 273
109 155
8 285
101 175
126 272
89 155
152 229
106 148
99 199
55 130
4 56
121 209
21 87
102 271
98 239
8 209
38 203
74 279
133 195
2 145
48 189
124 152
146 160
107 144
22 293
151 253
94 155
0 212
1 227
91 205
87 260
88 206
74 140
32 173
5 151
18 35
212 269
104 125
58 145
16 267
134 202
39 94
115 203
264 270
22 210
67 71
19 227
65 198
186 264
120 224
100 198
107 263
190 232
220 274
98 279
223 280
247 266
15 239
111 286
81 189
209 223
37 176
15 144
180 189
198 221
190 278
16 144
49 214
208 267
77 293
11 151
75 228
149 243
34 181
92 260
53 288
216 276
21 240
224 267
118 175
55 112
62 125
57 218
67 200
65 201
138 221
25 123
10 194
200 242
206 294
163 236
55 283
176 259
51 167
195 198
52 95
82 87
55 144
35 258
167 292
227 274
162 193
25 125
124 155
4 181
12 23
51 137
96 274
184 190
128 241
55 171
96 194
56 237
137 148
150 197
22 72
63 192
99 238
27 206
90 93
161 165
67 143
55 208
46 176
3 109
46 208
193 212
147 194
55 265
49 169
32 201
37 161
163 173
55 121
124 210
27 156
182 270
9 164
14 190
196 225
151 236
149 184
223 270
115 162
206 222
0 241
163 199
53 73
30 37
154 268
52 262
75 86
13 81
23 275
189 290
111 143
57 168
31 218
8 261
3 31
106 218
125 149
19 27
101 214
95 161
176 191
246 259
172 287
258 265
69 135
219 284
116 200
194 214
82 212
32 199
77 208
228 234
1 141
15 98
134 176
205 280
80 281
87 284
93 161
34 38
206 220
274 275
143 277
259 273
179 245
49 272
24 107
39 210
30 213
16 64
62 166
15 111
40 136
235 246
5 274
30 74
118 139
95 212
175 183
33 120
173 287
215 220
196 252
13 238
129 150
62 232
8 178
106 211
27 141
142 270
77 260
50 253
242 245
204 262
40 72
270 276
193 268
31 70
30 40
89 107
161 199
158 273
62 82
9 229
111 203
220 250
24 44
136 254
96 217
5 280
54 254
169 238
32 129
75 230
106 225
217 280
226 273
84 185
75 254
68 170
109 124
255 258
48 187
132 213
197 255
126 244
91 281
47 250
234 256
69 161
74 177
226 256
189 195
115 220
108 159
4 164
170 290
71 98
121 262
47 251
140 170
147 263
77 197
13 62
234 251
159 196
30 256
101 167
56 233
108 271
80 137
6 248
52 248
19 119
18 102
2 219
196 246
43 59
8 60
70 99
90 275
108 210
112 188
121 236
105 278
7 124
31 249
94 289
209 237
217 294
6 274
159 206
66 195
100 201
47 190
33 157
109 140
87 147
54 125
146 291
0 258
69 240
186 263
53 238
53 124
132 226
98 137
59 212
199 268
92 148
50 195
80 248
127 283
23 37
87 273
138 193
225 266
26 93
54 233
79 294
5 206
74 178
42 169
173 192
61 277
46 289
95 97
19 188
39 207
171 249
55 58
21 91
56 88
1 101
122 142
147 253
136 149
84 214
104 158
89 230
104 282
230 285
138 261
192 193
19 196
8 235
8 215
116 150
24 62
120 168
130 151
76 117
23 210
106 200
12 97
21 90
190 231
17 91
52 112
26 255
135 175
136 271
179 250
54 174
14 26
65 187
38 130
10 132
1 241
107 227
57 225
60 288
175 207
77 142
85 142
106 256
46 254
101 286
14 58
29 281
76 210
95 221
86 117
224 268
95 134
91 136
99 227
193 281
78 122
221 241
33 254
108 293
102 249
229 280
201 212
69 285
75 125
45 286
228 253
71 147
280 288
194 237
55 99
116 255
244 260
45 265
223 288
145 164
102 226
183 246
174 257
24 102
43 223
3 249
207 289
3 202
58 87
52 186
127 161
44 132
152 228
114 202
150 173
111 207
103 272
120 124
152 281
48 276
117 118
166 271
162 198
19 110
28 141
182 188
121 205
224 286
44 50
56 79
60 293
131 196
97 280
31 129
211 245
11 233
218 293
83 245
8 22
176 228
44 61
187 232
17 24
249 280
10 24
78 255
89 92
102 123
143 268
67 254
0 3
266 270
66 135
16 110
75 121
22 104
104 156
54 213
41 215
24 145
86 172
44 294
55 274
226 265
177 190
121 215
114 224
73 106
29 44
63 161
91 189
58 160
52 91
15 127
126 149
61 270
43 84
51 121
18 168
37 164
51 107
75 122
11 248
170 230
207 249
136 287
7 23
50 175
0 158
79 202
34 219
92 155
39 249
27 269
145 272
10 254
10 20
143 293
4 133
63 239
105 237
51 241
35 198
71 206
23 269
200 246
15 284
55 83
34 191
8 12
41 108
93 203
60 165
72 210
85 229
164 209
84 191
53 93
187 265
63 162
152 215
23 198
11 159
25 131
211 230
24 33
159 168
55 234
111 191
111 265
144 250
191 268
66 96
69 194
34 149
83 225
55 231
131 289
99 154
46 116
33 118
54 144
39 140
188 190
206 219
247 290
129 141
266 272
249 254
8 104
54 292
77 165
80 264
78 218
65 117
94 152
83 222
60 199
27 138
5 118
162 223
159 234
42 151
25 226
140 142
3 293
22 253
256 275
220 271
18 127
33 259
77 107
17 128
6 141
10 274
263 280
3 119
26 28
95 172
147 240
72 134
38 197
161 244
252 290
128 202
34 218
54 255
86 257
76 268
120 150
129 131
34 127
194 277
13 293
24 170
57 132
192 274
55 293
16 207
90 276
137 213
99 163
7 105
124 136
131 274
122 179
72 136
97 103
1 292
42 163
29 161
121 249
199 283
165 211
63 214
77 181
187 250
92 258
119 166
54 189
94 182
226 259
81 264
17 294
66 239
3 61
77 283
82 294
186 252
145 188
61 213
165 260
247 274
5 238
152 222
162 227
92 218
91 138
86 120
33 192
57 285
17 133
154 273
47 267
69 236
13 63
176 273
29 213
9 277
154 249
6 124
30 233
20 271
68 208
59 288
267 278
193 260
157 212
65 188
43 155
44 242
7 282
9 45
175 182
8 122
54 274
68 268
130 179
16 102
36 149
1 43
78 171
112 203
38 176
49 268
30 249
111 253
20 62
123 173
69 219
49 218
112 197
130 259
135 253
207 221
30 45
97 291
82 227
115 269
228 285
7 219
223 292
181 199
39 259
126 236
9 279
7 31
101 192
80 198
12 278
16 271
5 217
143 234
156 203
75 284
3 101
185 212
199 237
123 139
76 244
107 165
134 225
118 278
61 198
130 157
35 109
71 113
19 231
171 192
136 214
70 172
47 150
230 242
164 284
72 94
14 276
19 221
118 130
79 243
26 194
32 64
14 127
103 140
26 191
240 276
52 283
46 75
135 154
136 230
169 264
58 174
89 150
112 186
34 48
146 181
124 131
9 60
43 253
185 189
114 225
101 151
83 255
136 215
11 112
33 209
120 240
22 208
65 281
94 280
74 147
180 182
195 238
174 182
51 60
100 250
85 223
132 207
121 140
68 140
91 213
31 209
97 268
105 224
67 153
48 186
199 266
233 277
229 234
0 83
30 121
126 218
8 241
98 102
58 262
195 243
3 175
77 207
134 151
5 178
85 272
53 192
139 152
6 280
111 287
40 169
268 276
227 228
238 272
85 266
78 236
63 236
53 281
73 164
68 203
67 69
158 168
134 194
199 229
43 46
144 248
18 180
162 290
44 111
127 256
162 255
81 120
88 111
78 227
40 117
22 97
82 89
95 130
21 188
34 141
74 148
2 278
168 281
12 36
110 255
62 85
211 284
26 258
27 175
185 283
4 232
20 147
144 251
81 250
33 185
6 165
64 124
137 156
105 242
81 292
156 245
43 136
73 239
188 219
92 137
95 119
149 166
71 239
0 222
116 210
157 273
245 287
31 252
2 78
88 167
277 293
23 175
51 116
12 146
184 281
126 170
62 238
4 230
75 131
120 129
5 196
117 262
15 152
104 177
168 274
38 106
221 232
38 120
274 290
32 181
66 126
190 194
68 275
110 134
42 132
9 289
140 269
94 211
0 217
81 195
15 143
18 21
22 51
135 227
202 284
50 254
114 239
259 269
56 256
2 215
43 196
45 186
88 273
268 281
244 264
80 238
2 151
17 284
47 61
144 201
22 275
67 142
97 131
55 258
93 185
243 276
81 131
29 109
210 279
223 266
36 91
13 270
31 204
126 293
238 240
85 100
47 158
164 235
5 184
48 285
38 291
2 247
142 169
20 220
31 236
58 278
8 116
174 188
158 286
17 268
93 99
144 259
77 124
56 234
194 276
122 283
172 243
3 170
108 177
128 171
5 57
89 248
84 227
261 291
0 238
145 169
28 73
14 228
153 274
120 244
78 183
119 267
188 236
51 144
22 125
87 161
23 240
193 263
84 203
154 226
91 253
21 165
220 231
15 164
57 96
160 280
221 278
91 260
30 284
145 277
53 226
274 277
5 71
101 107
28 262
141 181
169 239
63 133
238 255
84 242
137 141
199 279
258 271
97 255
212 282
14 282
16 34
95 98
33 166
72 121
107 218
152 291
64 79
90 271
9 206
38 278
99 193
5 53
139 246
74 230
170 192
166 201
2 42
42 188
72 80
72 283
24 63
206 248
72 228
29 194
74 278
262 287
6 24
44 261
39 290
0 79
142 265
93 197
90 133
105 274
7 181
35 262
13 145
199 241
283 288
84 259
86 107
159 269
105 270
88 258
46 144
69 284
48 127
48 129
9 127
187 257
91 159
34 129
153 176
42 179
214 277
204 208
108 118
36 234
22 238
19 66
25 146
89 276
85 122
41 231
128 151
101 263
109 214
212 245
251 253
6 216
250 266
30 172
128 279
125 266
44 123
27 213
53 224
99 202
146 274
22 26
167 257
106 122
91 186
137 262
91 172
271 285
140 213
113 247
5 175
81 139
119 196
259 266
209 236
210 264
268 283
125 212
63 140
60 263
45 118
191 281
131 195
153 190
24 49
57 247
58 123
139 176
76 77
64 161
30 152
100 226
33 70
76 222
223 282
13 134
135 152
145 182
119 251
114 157
45 252
22 28
233 260
39 46
148 237
172 178
23 123
263 268
115 261
85 163
103 119
120 223
160 259
31 64
97 176
66 170
39 54
5 63
113 272
143 168
32 291
140 258
109 291
109 268
102 171
9 83
101 180
2 14
14 25
121 259
60 154
8 121
59 93
23 80
104 149
51 243
89 164
231 268
191 255
30 120
35 177
93 181
231 245
43 292
73 268
147 280
120 200
80 155
59 204
179 218
213 274
51 274
6 237
99 250
155 172
113 129
155 218
111 159
44 126
147 290
118 127
53 285
165 214
171 191
109 150
16 96
150 201
29 244
39 288
192 251
57 196
136 293
104 232
116 209
12 101
62 176
113 241
153 258
130 142
187 200
60 156
92 121
88 125
173 205
109 248
27 274
271 288
132 182
186 249
127 204
91 227
79 230
62 212
33 172
60 265
52 75
124 209
79 92
59 65
226 284
7 164
53 161
78 274
214 215
71 193
70 271
32 192
159 277
99 246
71 289
42 210
4 288
0 207
1 137
105 192
9 268
131 218
76 130
17 22
223 269
87 121
119 183
41 139
220 236
88 199
100 274
160 237
241 244
176 205
54 110
98 215
19 171
139 268
0 201
98 281
112 150
9 238
2 170
133 155
42 173
103 124
255 272
40 111
160 253
36 286
130 213
47 152
203 218
41 222
32 243
16 118
20 259
27 55
148 215
64 178
231 235
18 65
148 212
125 286
149 153
104 189
40 54
103 258
78 175
5 211
125 182
38 53
171 290
0 60
76 114
58 271
11 66
27 220
102 275
275 293
218 237
208 231
114 192
235 282
45 264
112 238
32 279
39 44
19 180
190 193
206 235
142 222
11 289
34 182
145 262
15 235
61 106
30 150
45 77
123 182
9 93
91 94
110 268
161 233
48 253
25 229
33 108
149 252
33 293
129 234
24 173
83 137
16 42
253 282
29 209
28 246
108 224
161 248
116 167
74 241
168 179
60 269
265 285
188 269
107 159
85 197
60 157
182 269
109 126
40 246
127 192
194 255
206 270
128 229
25 193
125 157
43 56
36 230
62 206
101 270
34 171
57 193
205 270
97 254
185 198
56 141
187 280
272 276
119 199
37 162
86 251
45 135
135 193
156 270
10 66
204 266
18 22
125 230
251 271
62 201
141 267
2 9
99 166
76 132
28 269
84 239
59 254
137 197
169 272
36 58
243 257
231 254
162 207
99 117
14 280
6 163
4 278
41 162
146 290
205 275
140 227
155 264
86 250
198 293
41 50
52 80
32 93
119 198
59 173
103 279
46 280
40 259
9 207
15 43
10 251
19 24
52 128
10 195
227 233
106 158
72 83
164 250
51 201
126 190
212 241
178 245
85 219
13 69
38 144
173 288
60 169
209 266
69 148
16 21
92 257
2 140
151 246
71 141
239 250
5 164
30 244
143 166
90 240
82 279
56 263
88 151
125 223
133 150
84 103
81 262
189 287
27 279
122 253
180 204
141 198
118 281
123 249
185 218
4 264
75 293
164 214
199 201
62 177
113 182
90 254
30 59
217 234
15 94
193 215
95 148
21 30
237 289
116 176
219 254
96 181
4 173
90 246
128 220
1 233
147 215
137 194
251 286
44 51
246 261
86 101
16 224
160 293
81 207
103 287
23 33
65 196
13 29
51 147
23 128
3 130
200 244
89 135
87 171
208 249
278 284
248 273
0 209
137 229
60 289
29 236
112 175
1 55
95 181
52 153
63 226
13 21
18 227
193 208
187 281
56 130
98 184
197 235
48 77
6 251
74 134
225 231
57 192
56 160
100 109
8 288
81 284
66 277
176 253
100 150
150 158
78 99
109 190
136 280
59 175
68 86
140 274
98 180
84 202
76 161
107 174
78 286
168 267
148 150
222 274
26 193
22 36
9 56
101 201
54 207
38 266
87 166
107 223
96 192
153 188
77 118
89 269
38 57
101 262
7 130
19 94
13 166
99 229
30 54
114 183
142 288
73 290
134 292
60 196
63 264
62 75
166 173
45 54
130 249
78 251
41 199
5 195
16 27
139 276
108 164
6 76
77 105
17 281
0 279
72 147
122 280
96 229
119 121
85 275
114 246
91 112
66 87
48 175
197 213
116 187
208 252
192 260
198 231
17 287
235 255
264 266
108 167
23 132
151 190
9 262
18 36
4 221
85 86
89 207
224 239
129 200
8 216
35 96
115 159
40 125
13 264
63 189
24 75
43 290
88 270
71 117
68 294
39 99
91 287
87 100
43 184
17 148
87 134
143 186
279 284
126 270
120 121
187 233
85 225
151 256
113 145
0 95
125 276
62 124
50 291
32 251
184 219
20 281
30 173
55 211
266 279
135 218
3 70
97 153
221 230
78 83
89 93
57 123
3 88
124 252
25 175
9 194
76 147
19 279
5 145
136 183
16 228
195 215
270 272
99 210
58 223
10 23
35 251
220 276
19 241
176 218
196 244
231 259
75 241
206 287
143 208
28 76
52 134
188 287
126 245
62 157
63 160
17 149
28 166
15 184
66 232
86 182
65 99
130 190
189 207
119 284
191 293
260 286
24 260
105 135
63 110
242 274
1 126
161 167
107 136
110 241
100 160
74 233
79 197
99 272
160 165
155 238
133 212
51 207
241 294
268 275
76 146
13 45
68 274
236 274
143 183
29 263
89 156
274 285
51 189
124 164
136 286
106 249
242 285
199 264
8 148
179 236
16 241
225 275
41 248
28 100
57 213
111 284
14 229
8 233
16 41
112 271
0 291
94 162
140 154
158 160
235 279
11 209
98 287
153 157
72 154
63 154
53 265
127 159
56 149
245 288
51 58
102 254
52 178
93 162
140 220
8 211
2 136
31 132
10 109
112 139
11 213
166 167
115 260
88 231
62 239
201 218
153 232
171 243
15 220
108 190
148 221
149 205
55 73
60 100
19 58
33 274
66 136
157 274
20 121
50 272
45 163
56 184
195 242
28 279
32 258
72 267
16 46
24 248
97 247
66 258
169 210
87 159
176 255
92 253
53 87
36 167
201 245
113 130
77 209
36 76
110 164
53 88
56 165
26 43
65 155
68 254
148 187
31 35
118 230
42 130
174 271
29 173
135 169
106 186
151 186
222 275
67 266
32 175
8 164
37 285
201 203
19 76
203 268
21 288
77 215
11 162
67 208
78 121
96 134
52 156
194 272
82 286
17 259
243 277
245 286
131 227
11 205
97 207
164 221
142 174
283 292
82 175
256 278
43 224
30 227
246 250
138 283
39 105
15 22
54 131
105 196
15 73
16 22
64 230
25 117
11 146
199 265
156 204
87 236
15 16
41 227
36 43
44 124
235 258
2 231
27 93
151 217
7 114
54 200
146 186
40 113
12 294
172 269
114 131
87 211
92 132
180 198
213 229
23 139
31 194
188 233
159 290
31 39
206 256
34 261
58 167
8 170
12 226
108 283
78 156
3 173
255 267
4 101
47 216
204 272
36 179
125 289
75 236
53 133
22 79
135 256
32 287
119 282
1 219
201 210
31 175
20 172
31 98
95 173
16 219
207 245
69 212
69 191
113 160
160 213
118 150
216 274
0 44
23 94
105 112
80 211
74 167
33 171
73 145
27 265
145 227
43 218
261 281
175 246
50 95
134 162
56 289
121 175
66 267
55 147
4 231
52 157
193 222
83 256
136 166
173 256
185 260
111 234
223 261
12 256
147 150
164 278
154 263
24 235
6 132
125 186
0 51
18 95
231 278
195 283
48 110
71 261
283 289
99 147
29 159
113 186
115 125
197 216
118 293
68 118
84 250
44 287
