298
6
16373
60
149 2
133 2
86 2
150 4
126 2
178 3
216 3
91 1
175 4
207 2
212 1
86 1
109 4
126 1
106 2
143 1
169 3
137 4
144 5
133 3
151 2
94 1
118 3
94 5
226 2
158 1
196 5
225 1
123 3
85 4
205 4
77 1
145 1
121 2
125 1
116 2
226 5
224 1
135 2
171 4
227 4
182 2
222 4
106 2
186 5
118 2
221 2
179 5
206 4
102 4
210 3
208 5
194 2
135 2
181 4
209 2
152 2
201 5
99 3
110 1
145 4
192 2
214 3
80 1
220 2
171 3
106 4
216 2
89 5
173 3
124 2
100 4
96 1
154 1
225 3
113 4
154 3
221 2
222 1
214 3
165 5
183 3
87 4
176 2
187 1
86 5
185 4
116 1
128 1
188 3
106 4
211 2
178 5
77 3
135 3
90 2
139 2
227 4
83 5
195 4
168 2
112 4
87 1
135 4
173 4
127 3
100 5
192 5
197 1
143 2
103 5
81 3
132 3
189 4
140 3
118 3
114 5
122 1
150 4
174 4
128 2
220 1
196 2
128 3
79 4
99 3
79 2
213 3
158 2
170 4
206 4
219 1
153 5
100 5
129 3
194 3
153 5
174 2
160 3
119 5
89 4
171 1
143 4
186 5
176 5
155 4
147 4
155 2
178 4
219 2
224 3
186 4
182 3
121 1
156 1
168 2
169 1
148 2
197 3
175 3
98 1
153 2
100 2
225 2
223 1
134 5
126 1
194 4
184 3
183 2
200 3
184 2
130 3
116 4
192 2
173 5
166 4
122 1
97 2
96 2
81 5
126 4
192 2
102 2
221 2
86 3
165 4
187 3
201 4
97 5
207 3
201 2
176 5
82 4
176 4
130 4
83 1
80 4
226 2
100 2
85 1
176 4
96 3
95 2
128 4
90 1
102 5
178 1
128 5
186 1
158 3
201 2
224 3
138 1
77 1
198 2
208 3
131 2
112 2
146 2
189 1
195 3
212 4
158 1
124 2
220 5
220 3
160 4
118 2
211 5
79 4
181 2
89 3
209 1
136 1
193 4
181 2
114 3
95 5
143 5
178 4
137 2
141 4
227 1
194 3
151 1
98 3
89 4
225 4
126 5
113 4
171 3
213 4
203 5
145 3
154 3
90 4
191 5
206 3
140 4
213 3
136 3
119 4
140 5
155 1
160 1
155 3
157 5
136 5
203 3
125 4
202 1
202 2
118 1
211 5
133 4
132 3
178 5
186 5
182 3
219 1
212 4
155 3
155 4
100 3
175 2
165 2
81 2
212 3
132 3
225 5
119 4
86 1
107 3
214 3
195 1
162 1
176 3
143 196
98 222
15 288
140 176
132 205
131 190
97 218
52 257
6 209
201 230
152 288
61 294
130 196
152 160
30 153
25 179
75 224
72 177
249 293
99 250
51 222
255 277
83 212
261 265
195 275
40 180
24 250
236 247
60 64
155 220
205 247
95 155
61 102
3 196
157 259
179 218
144 272
270 288
146 255
44 208
95 168
109 285
4 219
108 223
33 266
225 231
37 128
68 283
213 284
132 280
92 205
0 245
50 206
163 274
194 284
55 151
116 150
2 87
44 289
227 271
71 85
157 209
116 294
126 280
22 204
31 202
185 201
74 245
245 262
64 252
106 188
129 207
42 179
111 256
24 137
26 234
105 279
12 94
81 120
119 271
219 292
51 210
8 288
186 210
76 130
129 270
105 251
136 201
36 78
205 276
203 262
87 211
256 281
257 275
85 267
89 121
234 270
16 200
170 262
194 266
122 141
120 247
129 225
20 260
21 272
195 284
149 156
28 242
54 161
35 148
83 187
71 249
104 144
88 255
27 61
68 285
184 213
228 274
270 275
216 280
67 221
57 176
9 120
46 234
137 191
81 149
170 218
29 99
30 283
220 293
118 227
133 272
84 227
158 252
157 221
42 149
97 183
165 237
24 124
8 249
179 264
153 249
59 237
66 280
130 158
62 70
49 78
65 112
78 249
171 184
7 161
102 167
104 141
124 261
113 239
43 205
131 253
156 179
13 191
266 295
2 46
59 268
29 174
137 284
8 126
72 266
69 228
132 209
104 274
5 210
153 234
90 176
131 159
3 145
105 159
80 212
112 181
51 154
138 181
59 136
47 251
90 284
191 247
211 228
2 230
38 102
102 152
24 63
15 235
55 156
205 217
52 195
55 224
19 280
246 268
33 239
63 242
9 75
8 105
103 253
55 274
58 135
267 274
208 212
8 55
21 278
66 277
285 287
8 203
95 128
52 205
14 268
67 97
145 259
137 193
87 231
16 119
81 86
54 202
155 285
114 241
36 225
61 156
16 204
24 87
13 144
40 156
186 283
35 68
12 85
99 190
239 240
44 189
9 281
48 72
82 104
11 163
123 228
106 168
13 219
40 228
174 245
76 273
115 135
157 237
113 296
55 293
10 191
28 32
174 277
182 290
125 168
161 167
19 136
55 119
102 291
133 286
76 184
198 251
52 87
154 176
202 217
248 261
39 91
45 259
211 275
170 261
23 174
177 260
99 223
76 88
26 93
199 291
183 235
38 210
7 44
23 77
209 276
109 200
88 153
93 245
200 254
206 218
196 217
46 218
183 234
158 275
230 264
211 212
201 231
79 100
69 258
223 281
161 282
112 288
70 113
127 261
98 152
66 114
74 159
63 132
17 53
29 178
19 93
21 99
10 62
181 216
71 215
11 186
178 280
28 124
129 236
220 237
62 282
56 62
0 239
200 234
114 181
93 141
62 93
34 163
35 144
8 282
133 164
226 258
35 246
187 217
163 176
201 247
149 225
90 132
25 162
46 107
194 275
41 264
25 259
91 260
14 271
62 160
1 78
79 227
24 293
189 290
116 148
241 280
58 65
42 175
116 236
18 178
6 134
50 221
11 97
264 297
233 244
61 97
62 63
58 163
197 273
9 164
219 276
49 234
125 290
42 254
101 290
13 39
118 269
128 195
120 210
110 121
128 203
15 39
225 274
96 239
99 144
119 264
56 226
1 52
215 227
197 269
146 247
148 281
248 263
148 289
216 269
255 266
10 75
106 293
11 123
157 194
146 169
61 118
128 235
219 261
190 197
44 286
231 236
168 264
204 211
28 237
228 290
44 86
8 61
51 248
21 27
28 280
174 208
1 216
124 182
78 232
103 261
143 241
9 222
6 46
208 287
33 75
133 174
81 138
53 198
38 127
0 51
62 77
117 220
55 76
75 138
46 76
30 239
162 166
217 280
78 160
94 184
67 150
95 184
205 222
150 211
108 229
136 275
176 187
46 215
188 190
12 235
101 219
78 243
69 286
187 240
49 69
8 141
121 138
85 148
38 49
58 62
84 259
29 140
63 171
134 272
101 116
64 137
145 160
146 240
4 164
66 71
209 254
80 159
98 164
83 225
73 247
34 291
95 188
35 132
133 201
166 266
61 142
73 273
244 277
185 233
167 289
97 239
82 197
172 183
192 283
18 63
10 284
76 185
114 148
5 242
1 73
232 290
35 188
11 74
44 116
8 279
81 179
39 177
152 287
92 282
174 192
173 234
151 291
12 132
240 241
29 247
218 271
144 171
49 184
11 230
19 115
13 96
15 47
194 272
8 9
165 286
104 222
204 262
1 190
149 152
31 79
138 214
209 223
71 149
91 152
63 216
119 185
169 205
103 257
31 103
105 237
166 207
43 174
115 130
153 183
79 150
25 217
165 227
36 211
120 141
167 284
226 275
42 67
117 264
123 191
10 53
93 155
14 221
252 291
154 241
120 201
11 281
214 219
59 277
102 169
16 104
17 41
180 224
106 113
72 258
6 171
15 72
49 119
6 29
149 218
54 106
176 263
26 87
29 97
104 184
15 226
253 270
160 224
9 128
167 241
157 189
58 266
143 273
198 249
202 251
72 97
176 252
46 75
75 250
18 70
92 219
70 282
62 201
14 74
45 93
28 269
138 269
207 255
47 217
4 98
10 296
197 211
265 292
84 163
61 203
161 251
106 131
3 138
114 218
81 225
78 84
76 233
1 213
135 283
229 245
164 266
95 295
0 277
217 295
58 100
49 189
203 269
19 49
50 135
94 280
43 85
2 199
93 243
246 261
90 270
91 253
52 217
131 219
289 296
192 257
106 176
35 277
156 285
197 208
141 242
9 117
270 281
17 20
29 166
140 234
160 163
176 193
45 82
20 278
124 240
165 193
88 258
109 271
59 297
152 264
78 254
92 234
138 245
131 216
55 62
58 116
35 267
26 96
53 216
103 282
207 242
141 226
127 259
19 245
52 248
167 234
73 223
8 168
65 190
93 286
88 240
57 89
11 119
129 165
37 185
71 160
90 258
52 146
28 105
207 234
80 134
131 135
87 159
62 97
56 232
51 137
78 172
1 29
22 78
225 255
76 188
190 231
86 123
71 259
123 138
100 229
35 82
16 212
160 261
46 81
132 202
214 281
168 223
81 94
86 297
76 167
12 95
102 154
138 236
19 140
141 255
90 139
102 228
176 180
270 286
88 135
15 118
52 148
132 227
146 210
80 239
46 68
100 202
89 113
32 208
221 248
74 76
42 89
72 219
40 69
168 241
148 279
43 218
40 93
72 152
218 254
0 280
202 271
265 270
228 282
68 208
6 65
167 271
78 226
28 251
77 159
116 117
45 112
223 260
3 249
37 286
25 127
13 38
120 233
223 274
123 183
19 241
8 155
148 231
33 207
273 297
20 138
162 267
180 245
45 260
1 131
10 295
81 291
41 42
62 198
22 148
112 132
179 246
234 272
26 205
71 91
27 71
27 43
106 189
7 71
142 196
6 136
181 292
233 266
135 160
79 169
231 234
125 225
11 274
41 52
250 262
67 243
287 297
103 105
122 264
122 279
199 265
13 62
90 98
173 251
76 77
1 204
83 259
94 156
32 149
3 41
77 217
89 91
86 179
176 293
50 216
39 275
89 256
5 274
5 102
200 205
94 178
71 83
75 223
241 251
165 289
117 162
123 173
159 267
9 89
34 48
139 272
193 248
177 258
10 43
178 204
107 227
118 214
23 193
181 245
16 166
164 188
177 294
147 256
34 231
216 263
117 186
0 152
188 223
86 240
133 202
54 70
97 161
64 211
90 131
61 277
209 218
7 207
221 267
8 244
125 131
121 228
36 204
145 217
221 235
164 255
246 278
142 297
194 244
241 253
19 51
97 273
171 262
26 170
59 67
157 278
156 297
73 275
31 147
40 246
91 283
153 174
111 200
72 178
85 231
64 106
168 247
28 182
124 259
64 97
36 202
59 266
86 113
33 133
15 171
51 291
16 224
18 158
7 287
207 228
66 177
117 127
168 221
16 143
237 244
162 201
45 216
153 287
49 146
158 198
193 280
66 187
162 289
75 168
103 133
242 266
24 148
173 281
133 246
135 209
0 118
112 173
76 142
42 196
82 148
261 266
210 261
40 207
67 265
22 245
133 150
216 291
128 216
5 121
27 229
132 232
96 157
121 258
122 152
177 214
126 181
77 216
76 178
122 144
111 226
30 49
131 174
212 225
128 255
2 184
72 115
11 282
91 197
241 255
152 274
75 211
50 72
223 225
20 230
129 176
51 105
36 66
175 273
21 197
159 293
50 233
160 257
20 191
159 285
181 296
170 242
168 294
13 41
36 283
96 123
64 242
54 148
129 255
152 153
54 234
77 253
256 262
7 286
73 175
83 281
7 274
48 189
34 103
164 279
111 284
164 226
176 194
257 283
173 174
134 139
109 228
232 266
76 124
207 281
140 245
103 131
1 58
199 231
96 149
292 296
73 208
104 291
44 128
221 237
66 85
106 143
66 269
86 190
89 236
171 172
98 265
273 281
159 180
108 172
173 264
139 183
18 283
16 292
2 54
255 262
189 207
24 103
198 291
129 269
2 214
1 129
193 240
26 237
168 292
201 219
197 296
210 271
61 172
27 96
23 88
99 215
99 242
232 262
178 293
16 37
192 234
56 195
105 201
17 279
2 218
155 177
56 57
107 184
98 272
97 294
82 169
62 250
103 236
164 287
121 172
3 188
142 207
52 290
212 277
176 243
34 165
263 288
1 296
111 263
87 163
139 155
190 213
3 37
74 226
41 233
27 222
107 128
148 217
40 217
32 286
37 131
241 249
98 238
67 170
204 236
86 198
171 213
5 65
104 200
145 180
68 140
91 225
33 69
126 253
127 171
136 271
41 281
40 91
51 172
44 274
171 239
11 188
234 273
82 263
33 98
85 158
115 193
168 287
73 272
86 229
198 294
25 101
82 145
152 272
77 163
225 230
168 201
219 224
29 210
28 133
85 208
14 53
172 185
14 190
74 216
187 198
158 216
203 271
22 119
103 286
121 193
15 130
164 264
7 57
14 267
63 144
23 177
149 268
58 60
150 237
134 292
80 253
227 229
93 206
89 193
76 285
223 261
140 157
38 94
39 241
201 292
35 90
60 279
208 222
49 64
90 151
156 279
164 296
12 126
174 195
6 43
140 228
145 170
227 280
96 273
35 195
148 201
59 114
61 218
85 261
176 237
37 40
0 273
10 262
179 235
84 269
198 212
33 225
38 129
71 105
179 186
27 204
129 290
152 174
115 168
7 106
175 261
221 297
205 264
32 49
40 124
3 280
48 187
145 179
142 194
120 145
83 129
81 101
122 256
128 134
166 292
116 231
137 194
35 285
44 259
48 288
105 147
25 84
0 122
4 29
225 254
173 246
81 215
34 96
45 136
75 260
115 249
11 146
153 223
140 198
73 210
67 166
12 152
41 126
170 257
152 279
169 255
46 253
41 82
210 289
7 197
75 177
12 123
169 244
166 199
155 211
47 284
161 218
60 292
19 96
32 132
30 85
28 128
51 76
89 143
115 192
147 250
81 123
17 114
93 130
154 235
65 293
18 108
45 156
13 135
36 282
43 296
96 269
136 213
53 107
82 149
57 186
46 71
151 193
1 6
71 99
79 112
18 36
29 227
71 177
84 278
241 263
197 241
9 131
128 250
170 236
40 266
154 178
142 271
108 187
22 281
51 165
86 140
84 190
10 175
60 125
42 223
60 148
105 266
85 129
165 247
156 197
16 77
26 134
52 223
62 230
194 290
35 273
27 100
273 287
19 99
20 243
28 100
37 288
64 214
10 12
35 141
282 296
46 219
258 285
159 206
206 219
13 71
68 184
69 214
71 256
73 77
129 212
1 21
220 221
183 265
40 43
130 223
136 194
110 177
125 226
142 289
50 286
135 148
140 235
125 255
279 282
80 110
136 150
173 202
149 230
42 166
80 147
173 183
173 179
196 295
77 139
199 267
109 165
243 246
134 144
77 182
61 290
1 14
38 225
48 240
208 219
182 262
30 146
166 167
108 144
27 36
93 109
147 199
148 294
161 206
62 276
253 290
208 261
22 157
203 272
253 279
82 191
60 274
47 200
106 233
102 271
5 190
216 238
165 183
105 162
31 223
261 284
182 277
222 292
105 178
11 167
1 76
134 209
179 184
17 103
181 254
264 276
62 67
84 98
51 98
78 202
25 107
101 297
106 169
176 186
29 165
26 176
111 183
154 272
32 40
19 98
41 54
61 235
254 287
61 133
128 137
13 75
105 117
22 156
48 257
167 256
124 149
140 184
34 134
144 278
16 58
46 118
19 286
83 178
18 198
112 126
14 191
35 121
31 64
7 160
235 282
27 39
206 243
89 170
132 173
159 290
0 281
72 241
95 118
19 266
92 285
79 240
67 159
39 139
82 97
186 198
191 288
203 288
164 207
3 205
131 199
152 200
289 293
53 251
6 248
39 112
194 294
127 144
59 281
15 112
85 130
173 180
52 177
76 175
176 228
245 294
53 244
4 210
140 238
3 237
59 155
64 273
96 171
214 224
133 287
5 247
26 210
97 194
24 194
160 258
93 244
75 105
250 263
59 116
90 197
50 280
51 156
14 270
50 212
138 252
20 45
137 163
51 147
84 91
107 201
35 261
119 203
169 281
48 104
254 285
75 132
162 224
7 180
84 153
54 281
158 200
126 209
105 272
29 189
16 156
20 44
145 204
170 203
37 188
155 193
24 70
8 182
253 264
32 219
64 160
127 296
38 141
267 275
40 252
87 142
223 256
246 281
40 137
101 214
14 71
252 256
129 239
260 263
96 152
147 210
131 162
91 144
7 273
99 183
38 39
160 215
252 287
117 194
85 194
261 287
7 224
97 203
125 289
83 278
41 219
52 65
105 242
46 197
52 285
98 153
87 148
94 222
34 256
70 181
139 192
55 137
121 279
103 158
27 48
175 192
79 111
124 233
43 291
54 291
94 110
109 207
89 180
109 192
18 125
95 192
137 197
100 207
1 198
128 265
232 263
41 96
28 93
172 187
39 75
45 290
5 172
3 192
2 143
87 264
36 196
122 273
237 293
156 188
131 297
29 170
179 219
156 266
159 286
1 134
15 244
18 30
153 242
39 123
178 260
219 281
224 272
15 111
197 276
10 32
29 161
90 200
15 153
28 193
264 294
204 218
35 131
26 76
181 194
114 274
177 179
78 187
7 176
18 285
125 269
75 218
63 270
73 81
2 252
82 126
97 145
47 214
22 45
48 62
46 287
151 272
8 74
79 261
193 199
75 98
73 111
56 111
273 288
43 60
75 183
66 190
49 97
119 159
109 182
27 238
148 237
208 253
90 101
12 64
58 93
166 195
18 109
64 179
1 236
137 184
16 193
61 62
34 222
7 294
61 270
114 115
151 290
188 290
157 226
276 286
94 209
36 96
243 272
206 257
79 194
96 284
62 272
110 272
97 146
222 283
121 122
58 92
57 105
0 296
13 181
97 152
42 189
63 256
118 242
66 185
256 258
59 113
230 237
51 293
215 256
27 89
10 40
2 297
192 289
28 272
39 285
99 119
64 234
192 267
207 256
65 227
24 222
103 194
41 164
83 261
105 106
166 224
95 169
29 46
172 196
155 248
200 284
245 293
55 215
58 258
184 263
71 168
7 278
71 106
13 255
37 112
125 227
110 159
199 215
106 115
30 149
13 174
214 284
66 273
30 121
243 245
200 257
188 253
71 90
43 131
26 224
23 165
51 106
122 252
26 260
213 259
73 255
132 297
58 267
63 293
33 87
235 239
11 112
160 200
244 297
57 286
175 196
167 278
136 279
86 122
69 240
0 3
160 205
15 64
92 260
46 57
140 188
140 189
214 245
8 87
47 204
87 133
219 288
102 119
38 93
50 189
82 207
19 82
191 223
174 223
196 237
28 230
150 252
99 150
9 274
124 153
12 199
28 259
0 226
101 259
32 90
176 205
64 155
161 261
262 264
31 218
45 276
59 212
137 214
140 229
15 85
42 253
189 225
129 132
57 73
135 276
2 55
150 244
39 216
146 291
44 148
120 165
208 281
28 199
16 71
58 114
138 223
219 284
48 155
3 193
9 51
10 44
128 242
75 92
8 199
54 90
24 228
19 224
162 238
92 114
53 91
45 160
57 185
194 230
137 283
32 193
116 145
191 271
76 241
229 292
87 168
158 239
83 224
14 236
68 117
95 229
177 255
15 292
87 209
166 211
1 261
81 129
11 116
20 92
56 114
168 260
61 84
212 245
31 231
0 7
36 95
67 208
149 183
156 257
46 245
200 250
59 117
13 224
100 198
41 217
75 87
55 235
29 40
12 49
174 239
116 199
256 293
12 287
220 234
70 260
27 115
123 218
42 72
241 274
1 106
36 243
171 187
75 284
17 124
172 242
37 165
84 219
103 218
39 131
25 96
62 252
85 139
144 205
170 280
78 297
77 123
104 208
58 101
78 262
210 218
88 228
107 210
134 297
43 191
42 239
11 88
36 186
60 193
2 245
38 109
30 136
15 173
230 287
26 251
95 102
44 226
41 116
157 229
233 279
19 287
26 44
24 154
203 246
117 260
17 294
19 90
268 281
38 113
32 102
123 188
79 139
16 242
36 152
52 73
230 268
41 194
85 144
14 109
113 247
57 275
231 284
120 292
156 290
30 261
279 293
59 203
48 225
18 137
52 129
62 290
19 257
224 254
116 228
10 203
173 225
120 147
130 206
190 233
12 172
188 196
16 273
120 227
87 269
95 262
41 81
54 57
24 200
84 267
186 275
111 278
243 295
124 204
293 296
121 198
11 66
23 201
219 275
36 287
182 229
246 287
24 72
77 296
252 288
0 265
44 200
101 293
174 183
44 161
88 263
40 76
124 243
56 113
15 182
26 54
21 91
42 155
82 252
110 169
102 256
186 276
140 252
271 289
61 212
178 210
213 285
157 172
19 225
206 252
44 257
125 209
163 286
170 288
136 202
188 242
119 158
66 116
241 297
20 216
88 246
171 219
12 241
11 239
103 144
212 216
77 183
56 175
239 264
95 206
25 209
171 208
120 155
58 112
50 56
54 294
70 246
10 89
253 278
151 289
168 169
79 269
135 256
205 279
110 285
161 226
24 76
98 181
169 171
187 227
67 175
256 273
36 198
165 284
55 86
86 156
140 247
11 115
64 204
90 276
182 244
184 215
34 137
120 203
147 296
32 121
145 285
22 252
183 246
61 253
141 172
179 181
166 222
70 105
6 93
111 291
252 276
13 271
148 284
7 201
26 198
229 232
58 254
17 177
152 236
214 240
94 144
164 167
144 243
106 165
127 241
197 285
23 233
6 71
28 234
203 232
139 190
34 225
42 194
58 115
162 169
74 274
149 224
159 235
267 292
6 51
100 210
33 273
89 190
23 292
55 107
182 190
225 267
106 226
35 102
10 118
247 251
131 290
0 73
180 228
115 270
6 109
81 182
66 275
56 266
92 145
119 243
184 226
50 114
125 139
35 257
168 280
65 85
111 242
112 230
175 235
157 158
108 213
63 279
176 282
105 267
17 108
5 64
8 273
170 269
101 218
230 288
40 200
51 286
164 209
165 224
209 230
271 297
185 210
52 144
185 263
118 196
10 154
36 230
15 202
34 126
71 159
207 267
86 294
17 163
99 256
54 252
172 297
51 74
103 176
102 139
161 246
38 200
28 216
114 189
77 138
50 128
221 279
113 219
38 161
115 123
159 274
15 137
26 166
40 194
25 291
126 220
21 163
16 88
179 263
116 291
112 256
79 106
71 151
3 285
228 272
69 233
76 224
12 151
78 105
133 242
60 152
16 144
19 168
92 253
54 62
26 185
44 123
178 220
159 195
96 111
158 196
119 269
124 139
127 204
193 284
21 24
59 184
148 274
181 201
230 289
253 284
74 190
214 272
215 287
104 254
145 147
26 51
35 56
5 128
8 215
48 272
3 66
40 143
208 257
176 221
11 125
210 219
169 211
167 191
98 234
174 224
56 228
5 223
201 271
48 296
57 68
73 254
222 278
18 134
97 149
125 135
182 184
52 215
172 223
82 275
13 201
48 184
136 159
19 120
34 101
183 263
83 128
278 287
30 33
194 223
79 275
117 133
113 154
53 143
71 235
97 224
152 211
68 265
146 297
78 216
173 190
69 72
30 130
58 210
110 296
7 140
50 251
153 247
73 142
176 256
185 297
166 192
67 154
138 288
154 252
123 161
18 169
22 224
198 220
50 124
102 232
27 239
113 141
83 158
26 289
230 281
5 214
123 240
100 250
100 244
157 228
86 136
117 119
214 246
5 258
109 186
1 104
67 199
118 198
87 271
98 125
119 163
75 184
208 279
130 186
148 192
209 255
40 237
75 152
55 123
52 133
28 277
154 193
3 122
163 183
185 286
146 289
20 181
19 279
207 295
25 203
101 279
78 136
97 127
28 232
15 294
74 98
45 124
118 185
54 123
37 224
62 169
9 150
11 210
118 296
59 83
68 232
155 227
108 220
28 48
89 286
83 96
22 240
7 84
16 206
116 287
6 220
16 73
60 161
51 212
207 284
235 267
155 268
102 182
61 125
132 251
136 238
37 153
117 235
200 264
154 243
67 164
41 269
35 243
17 63
80 190
68 88
76 261
45 126
233 267
110 167
108 260
85 159
198 280
64 114
70 193
150 178
80 161
107 251
8 230
186 199
114 130
87 193
138 294
1 161
48 181
13 241
262 281
75 225
5 211
30 152
86 87
204 283
92 115
106 268
160 254
21 156
115 202
66 196
85 178
222 226
46 276
90 254
53 259
0 89
82 95
135 207
74 294
41 86
73 206
118 184
85 157
115 225
98 187
151 217
55 138
21 219
158 219
122 246
39 261
226 264
112 169
188 192
4 12
120 152
215 276
58 291
19 167
224 265
22 276
178 265
12 96
112 260
43 256
78 147
57 283
91 169
64 81
8 250
1 293
22 270
242 255
161 182
48 221
63 252
0 248
213 297
45 65
25 159
162 288
73 188
98 185
46 282
120 241
58 121
64 146
91 248
102 116
6 79
53 63
190 200
54 104
79 281
22 41
86 118
234 281
44 237
103 159
60 165
182 240
152 231
99 259
11 180
71 101
77 133
77 114
121 136
28 117
114 166
42 85
43 226
15 25
241 277
235 286
231 275
28 262
211 265
83 208
64 115
61 148
173 219
79 179
3 221
162 294
53 82
145 192
35 57
119 233
109 289
161 221
140 258
98 239
43 292
55 209
123 225
139 201
52 175
81 176
7 186
68 294
130 166
36 94
136 210
129 153
50 178
228 264
52 259
5 31
48 114
78 285
91 154
41 260
22 143
126 180
210 290
83 127
107 262
104 214
19 139
142 244
32 129
32 144
132 193
42 66
160 284
9 264
94 154
171 212
179 216
9 266
180 290
7 52
69 217
34 86
129 223
75 106
163 262
158 222
192 240
228 261
84 157
37 238
27 133
14 50
211 287
138 173
85 108
95 185
40 41
90 278
127 154
181 272
76 229
208 259
1 221
103 281
228 256
48 265
136 258
18 29
76 202
155 264
50 203
56 102
62 134
214 251
150 192
79 196
111 191
45 209
179 224
85 206
33 255
151 200
145 208
119 290
172 227
19 143
66 143
33 42
70 108
96 158
127 223
60 277
83 118
69 87
29 286
23 295
134 289
85 179
92 231
120 248
249 258
72 187
32 277
31 270
110 141
234 251
132 185
218 240
59 131
230 280
81 208
38 189
12 229
29 167
123 267
14 66
80 234
6 83
9 284
1 20
95 236
140 242
9 227
91 289
180 254
127 215
101 133
128 206
4 40
1 67
51 271
16 87
224 226
5 148
119 238
54 170
50 157
61 260
245 254
178 295
40 196
173 227
102 296
77 225
78 134
64 175
110 252
4 113
67 151
23 44
81 268
64 105
116 251
20 77
231 271
111 253
24 223
137 256
15 196
72 173
116 206
115 273
12 70
91 249
37 47
40 160
164 218
141 246
76 133
17 106
187 290
39 113
185 245
43 197
148 152
123 289
119 170
67 89
114 121
116 210
25 45
182 291
101 124
121 200
23 101
19 123
133 170
111 287
63 255
186 188
21 202
13 287
15 140
191 248
216 239
14 58
151 250
5 170
75 145
193 266
21 174
69 204
153 283
16 237
108 112
108 235
116 254
13 205
39 291
10 119
54 141
5 203
13 141
288 295
167 200
54 185
177 187
17 252
14 199
147 222
39 83
31 239
8 193
3 243
186 194
4 273
25 294
102 111
43 170
188 271
49 66
44 211
135 146
165 257
120 209
56 250
92 294
107 144
81 113
183 262
77 147
211 254
27 259
68 244
8 176
89 151
107 172
84 224
174 177
79 177
27 159
123 253
147 201
117 173
69 267
23 161
77 171
93 111
136 140
94 163
46 179
33 283
37 124
190 271
17 49
21 147
41 204
57 148
21 271
234 238
70 152
90 170
24 224
9 49
41 105
132 192
114 206
48 210
39 188
188 204
86 88
241 286
71 251
44 54
124 179
30 246
12 20
79 248
100 177
38 65
223 247
0 288
46 172
196 211
220 280
78 120
106 258
82 84
60 253
141 161
1 205
232 255
10 180
156 229
58 80
235 273
211 278
68 225
10 105
6 15
161 216
173 245
196 213
65 216
260 268
237 247
54 56
19 255
216 257
178 244
95 198
87 185
5 191
16 136
186 218
252 285
95 120
195 249
89 139
37 228
0 91
25 65
88 175
192 295
64 91
65 97
133 144
79 146
89 175
29 225
135 182
179 200
41 297
5 199
60 168
222 236
30 177
21 211
34 133
135 245
142 235
87 143
92 232
50 140
207 209
131 224
241 256
90 261
19 132
16 31
157 224
70 209
4 183
11 38
121 161
149 164
17 87
124 166
160 176
57 222
56 145
80 222
10 81
0 231
202 211
53 72
177 218
211 237
64 223
168 178
120 223
39 64
242 287
185 189
163 203
15 95
64 86
254 256
49 77
12 27
240 268
248 285
178 284
75 251
47 108
130 133
12 222
93 134
3 54
50 276
1 277
88 95
152 262
100 174
24 226
160 239
204 210
58 272
221 243
34 72
6 27
36 67
105 270
22 232
11 283
231 272
74 150
195 264
38 90
119 120
6 21
18 180
33 242
98 260
30 175
6 297
154 262
46 99
148 251
151 207
28 155
143 197
3 242
139 200
25 288
37 170
138 227
114 197
149 297
130 220
177 209
34 129
84 101
220 229
161 177
57 296
209 261
129 283
133 278
57 157
219 228
151 297
218 227
203 238
66 218
41 65
46 251
158 236
282 293
71 282
11 151
37 195
39 51
4 208
54 74
55 85
240 254
84 213
63 137
131 152
250 285
45 294
122 192
180 182
239 295
104 263
193 244
130 258
127 198
19 73
91 174
217 296
66 166
30 259
246 295
214 292
172 208
38 144
49 247
109 220
35 227
28 270
18 69
29 168
33 293
151 171
101 167
65 240
163 275
15 190
179 256
137 166
47 113
184 208
40 179
89 271
175 281
66 288
58 207
6 86
94 281
179 283
78 157
47 64
2 105
12 183
169 192
176 184
100 291
230 292
102 281
37 173
66 276
113 245
37 139
133 248
57 269
87 256
167 266
224 292
183 186
29 103
31 44
105 202
110 206
28 187
120 187
80 238
122 140
98 214
11 219
85 243
127 269
4 140
200 219
179 270
229 280
6 59
74 177
183 255
220 240
20 198
176 283
248 269
134 219
31 265
222 245
291 294
6 270
65 280
206 279
149 150
250 273
9 132
77 170
174 190
159 242
29 169
37 192
248 270
161 222
93 137
227 247
73 274
164 268
170 178
275 294
37 119
12 286
143 268
69 220
49 296
22 258
125 217
107 146
180 296
2 233
116 258
30 128
132 207
104 110
24 118
9 216
192 225
3 14
44 76
2 110
170 210
7 189
264 293
6 194
187 190
30 195
176 296
193 269
96 234
17 145
140 196
48 291
12 66
38 146
17 74
50 90
219 257
202 272
133 271
35 92
201 235
108 236
0 12
136 220
175 202
115 169
160 189
104 116
129 227
102 147
104 178
1 96
29 202
22 287
146 154
27 248
110 279
108 230
68 239
67 236
160 220
211 235
198 284
171 284
103 157
23 132
232 294
64 119
15 63
110 295
179 247
107 126
20 199
20 168
156 237
13 23
230 270
76 231
188 277
162 257
247 294
11 223
42 272
139 184
13 117
27 92
203 236
114 135
91 108
99 184
167 218
33 136
217 261
122 260
15 249
15 146
223 294
268 297
165 238
147 271
92 236
143 208
71 158
64 239
67 72
121 239
171 257
65 271
67 114
107 135
174 278
87 95
120 290
107 147
5 142
75 157
213 258
33 134
32 98
164 234
125 250
83 289
40 89
13 73
3 36
201 220
10 210
32 113
56 186
71 137
50 127
41 224
89 153
103 152
21 109
62 85
113 246
141 277
204 252
146 232
177 210
27 123
8 274
35 172
186 261
154 257
32 99
162 176
160 213
23 198
81 155
5 32
276 280
28 283
108 165
1 235
249 287
144 210
156 236
111 161
194 273
171 225
54 107
232 259
178 240
17 276
48 197
95 172
28 84
121 280
58 150
115 235
20 234
4 51
39 252
235 293
213 270
203 245
55 243
10 156
117 150
144 235
17 263
64 281
48 183
151 294
176 290
195 255
4 25
219 268
45 92
62 256
27 138
145 163
120 294
33 103
0 293
19 212
25 61
100 136
215 238
0 237
69 143
105 113
75 156
156 277
9 56
16 272
140 162
61 264
186 273
51 145
38 169
18 229
5 80
28 217
14 69
0 203
218 264
199 290
16 244
58 128
116 140
190 265
230 261
87 98
23 213
95 195
198 247
248 279
118 274
126 134
22 253
116 295
120 161
133 254
104 145
3 82
72 77
5 168
197 202
49 264
6 266
68 133
101 260
194 221
34 173
225 271
31 168
7 212
199 236
143 181
19 211
124 278
155 202
27 240
89 118
170 229
162 167
10 102
16 252
42 286
100 212
93 275
59 102
120 239
71 127
8 146
27 232
120 182
20 172
179 238
99 271
156 175
4 16
17 160
241 276
21 190
192 206
19 42
88 150
146 156
64 186
68 207
10 25
16 172
157 160
157 217
106 228
53 249
109 234
22 159
86 153
8 138
90 118
81 279
188 226
3 148
21 48
78 258
142 210
220 244
86 89
131 153
178 193
280 290
3 67
99 125
217 255
111 136
123 164
75 115
157 168
144 152
113 232
83 245
55 131
252 263
16 100
215 262
210 212
18 228
58 235
47 227
111 187
7 151
44 225
256 260
258 284
262 296
1 69
67 115
245 259
283 289
123 261
164 165
44 101
74 175
136 139
89 136
228 265
76 98
35 224
69 97
41 198
89 221
133 290
4 288
77 243
261 282
20 63
124 188
57 74
21 104
18 99
21 223
23 124
14 245
1 10
29 259
72 228
33 162
47 156
108 126
35 107
154 197
81 104
25 224
54 114
48 196
32 118
240 247
5 16
168 199
218 243
83 139
44 103
105 142
200 256
57 63
106 118
56 153
118 204
106 117
245 278
60 169
147 180
21 73
92 251
159 211
226 267
124 132
68 292
80 107
115 142
7 248
57 218
53 272
121 270
135 211
74 286
92 218
211 230
123 227
108 166
34 192
239 246
128 177
131 244
56 255
266 270
31 38
38 44
100 140
59 119
103 269
118 135
74 138
84 207
205 230
94 216
44 145
52 181
84 210
30 183
25 116
27 284
121 291
145 222
65 136
226 244
121 218
217 276
125 224
266 267
169 250
64 173
29 181
115 269
216 262
174 188
1 91
42 146
60 72
20 73
51 109
71 122
116 262
46 54
3 78
184 253
280 281
58 249
32 65
137 186
30 134
10 132
100 170
73 154
102 206
75 247
27 78
89 97
180 215
120 269
196 197
174 285
35 189
27 154
34 53
144 223
7 296
81 102
218 279
249 274
72 144
181 197
14 227
26 68
57 287
43 143
19 251
20 255
44 190
149 253
154 227
106 158
154 202
54 94
23 296
237 282
34 71
13 245
72 89
135 281
29 89
72 84
100 150
101 262
110 205
2 59
40 104
22 149
10 237
17 274
173 217
128 227
97 106
8 213
117 240
36 61
225 272
178 273
27 62
14 168
32 55
70 133
50 63
177 238
109 193
18 102
153 248
23 186
235 262
33 145
24 217
165 266
178 261
203 218
72 119
99 225
31 126
159 270
269 285
118 150
15 248
17 245
101 264
58 98
150 185
29 266
36 248
123 130
105 273
156 212
68 160
211 220
108 155
163 202
107 294
60 198
4 186
149 214
76 275
25 257
170 282
128 179
185 261
13 128
88 159
13 239
4 172
62 246
181 209
39 199
81 230
127 211
25 168
82 188
21 89
70 166
220 260
97 123
122 132
71 285
42 242
8 139
80 102
158 289
15 65
139 245
20 159
145 294
178 269
230 282
48 140
178 282
40 87
104 133
43 286
219 291
2 239
14 201
12 115
54 266
19 263
220 254
116 202
78 112
100 181
196 284
216 268
54 287
94 234
79 160
99 115
25 238
53 94
153 239
92 124
107 254
67 107
67 120
155 191
46 145
33 197
26 218
48 177
136 152
148 261
124 162
87 262
18 147
4 185
59 112
116 257
54 192
0 9
28 108
39 107
152 164
32 123
127 294
99 199
72 123
116 190
136 200
118 254
5 177
118 231
35 156
196 248
75 202
227 238
76 146
80 137
89 227
185 225
38 258
246 290
53 59
162 210
126 289
28 71
27 40
182 230
63 267
33 278
14 198
23 153
83 276
56 183
26 72
112 212
145 247
50 207
15 236
22 228
17 28
268 292
114 251
76 243
131 276
58 237
130 211
160 290
239 254
4 271
94 225
75 117
204 284
107 228
106 124
93 258
174 207
79 94
180 181
112 134
173 293
261 296
31 275
176 268
224 238
84 280
111 243
130 276
145 264
138 160
35 221
209 282
44 186
8 20
75 122
31 165
49 144
29 64
238 274
199 280
106 223
94 118
18 227
75 222
93 122
144 151
32 92
38 101
112 196
14 161
24 26
84 252
145 251
205 241
272 281
154 175
191 273
220 238
105 210
148 223
35 58
40 263
80 227
56 234
66 75
21 231
74 145
66 184
70 128
100 223
140 168
106 262
26 127
234 271
282 288
7 252
270 279
134 207
172 248
144 225
16 63
187 200
11 81
52 272
0 189
31 100
9 63
190 209
243 281
18 127
215 252
101 232
93 114
208 254
30 192
94 105
176 295
104 241
41 293
70 163
98 166
32 243
22 230
114 284
79 92
24 51
4 151
121 215
9 141
231 265
0 181
86 112
22 197
238 239
11 295
76 247
123 288
161 280
117 286
63 94
53 148
63 65
170 275
108 266
22 87
31 260
170 197
151 195
43 103
78 198
19 292
43 211
109 255
59 207
2 129
66 212
64 194
278 297
44 239
80 117
166 253
156 240
3 169
59 178
240 293
71 208
92 296
48 73
35 115
10 141
269 288
143 213
20 153
65 157
21 120
67 153
41 68
31 257
221 269
125 291
187 252
184 291
246 258
163 214
1 212
147 266
8 277
101 130
33 90
60 259
179 271
80 289
112 125
92 121
88 209
205 227
28 35
56 277
87 275
67 188
16 134
203 231
49 149
112 236
32 177
40 186
175 210
111 125
0 37
84 235
187 253
139 220
16 181
98 253
13 227
194 199
175 255
75 111
83 193
196 272
60 224
45 49
53 200
73 124
37 166
155 213
73 230
250 290
117 134
26 171
39 246
138 172
2 200
240 271
153 294
132 137
252 268
15 18
46 277
0 70
64 289
244 249
19 75
189 250
63 204
73 103
50 129
74 148
146 231
26 287
36 168
107 120
16 208
150 296
135 269
15 280
116 256
64 210
55 210
88 111
52 268
179 255
69 129
56 271
224 268
101 103
44 213
164 168
25 174
270 271
95 250
161 269
114 141
42 65
255 282
215 219
45 211
244 254
29 123
48 67
207 265
49 259
103 208
115 268
125 140
96 192
37 239
215 249
37 178
59 193
268 275
49 172
113 248
124 260
46 256
36 295
15 26
116 176
175 231
74 100
7 166
15 177
84 133
160 207
150 264
236 289
84 201
191 198
90 113
200 239
137 192
6 184
14 94
170 207
242 294
77 118
183 215
143 258
174 261
90 228
83 215
17 88
30 265
186 238
51 205
209 256
219 222
210 291
22 88
18 252
94 218
207 286
74 234
189 210
166 285
75 104
45 286
48 66
181 297
2 172
210 266
119 263
121 245
17 156
141 156
38 259
93 116
113 292
175 288
91 243
96 119
88 89
85 173
72 252
235 258
15 100
56 203
15 195
241 278
78 140
120 143
5 175
104 134
70 258
148 162
94 114
213 281
273 280
195 240
6 67
163 237
49 60
12 291
104 285
80 197
23 230
83 192
96 246
49 211
33 202
90 233
166 280
70 99
12 223
51 139
54 169
1 143
24 50
94 112
93 264
39 231
10 49
58 246
111 236
172 257
118 194
12 227
118 128
48 251
113 268
160 193
197 292
44 83
131 176
36 185
105 212
224 237
189 248
23 79
31 244
84 216
132 161
182 209
201 261
13 267
20 156
209 228
112 248
48 208
142 200
44 163
56 64
123 264
10 227
195 203
127 128
59 183
86 143
43 155
261 281
49 227
197 227
36 277
228 284
207 261
125 159
84 295
248 266
54 251
64 78
179 220
16 164
118 267
24 108
245 282
49 283
81 85
209 259
186 255
31 154
136 174
197 235
2 264
42 109
31 166
36 175
132 223
73 122
6 206
130 167
134 200
259 271
166 206
124 158
194 281
235 265
109 217
179 290
13 88
211 284
27 84
104 177
11 158
58 153
90 189
201 268
26 146
112 272
22 116
262 269
131 245
176 185
178 236
170 287
16 262
107 175
26 173
121 183
151 192
158 241
169 251
38 295
94 257
243 282
150 266
71 212
227 275
159 268
43 104
56 227
47 128
106 216
47 155
126 216
8 54
174 198
9 238
147 168
174 255
53 58
249 267
139 240
147 289
106 255
27 108
91 295
216 247
126 249
226 278
23 185
78 150
82 99
63 221
137 188
64 185
37 255
107 108
18 66
167 178
137 225
112 281
236 290
111 250
15 32
122 229
47 295
150 265
14 206
55 110
150 286
21 40
70 289
42 276
2 106
255 295
122 145
19 150
148 297
1 193
146 288
75 187
75 291
182 217
269 274
6 16
132 278
63 88
35 110
52 201
93 128
98 207
85 290
149 216
287 295
93 252
10 54
95 278
198 275
197 205
119 177
54 98
24 227
112 259
81 178
38 73
104 156
183 280
16 67
103 242
93 216
141 273
18 232
58 222
92 177
100 141
0 205
87 280
43 274
63 100
236 242
69 250
113 294
145 238
166 174
195 263
214 261
85 114
87 125
98 263
162 226
101 206
155 296
129 221
246 283
163 199
192 226
122 182
66 102
74 253
158 163
144 222
24 202
131 138
163 224
38 103
158 169
48 161
25 197
187 294
120 243
19 119
230 259
36 190
89 241
24 115
38 224
151 276
138 150
115 247
161 236
136 173
13 110
25 110
35 253
114 140
53 134
129 259
17 77
66 74
13 293
141 158
64 73
39 55
180 190
141 262
21 67
26 297
120 135
44 191
195 276
133 223
84 276
80 126
2 122
24 138
36 239
37 294
95 98
62 297
41 212
202 266
43 185
40 238
217 228
51 116
33 156
178 186
36 245
223 275
11 267
147 181
115 122
37 138
149 247
31 85
208 274
122 134
110 149
139 248
113 149
70 139
111 130
42 240
86 181
14 209
109 230
139 238
34 128
195 268
232 276
106 156
59 166
85 153
65 281
143 164
36 218
202 213
232 251
113 185
114 207
173 257
88 199
60 123
35 193
72 214
76 182
44 265
7 290
107 196
63 114
60 255
185 277
31 289
76 127
16 187
95 216
166 250
31 194
72 232
241 272
87 196
15 156
206 210
163 180
213 245
213 286
188 286
93 192
92 215
9 289
5 267
97 163
53 196
38 234
113 209
255 281
216 224
183 188
23 267
63 287
40 243
225 285
197 272
93 274
61 262
115 286
133 175
156 246
105 211
56 197
91 277
19 206
61 265
28 143
27 213
165 198
11 102
56 177
143 239
119 176
40 282
3 47
39 136
61 285
202 232
171 174
118 205
138 216
121 289
150 218
204 264
52 143
19 109
18 218
152 245
221 222
104 272
33 147
98 258
4 272
132 200
180 230
64 128
227 267
10 129
219 263
78 286
15 204
99 152
23 30
74 151
122 236
144 148
194 277
110 287
66 241
78 251
21 112
212 254
67 238
193 202
65 188
1 260
277 278
81 162
89 249
5 197
49 90
134 161
35 288
116 201
61 95
123 208
128 288
101 223
35 89
139 146
26 117
90 142
7 34
112 189
8 12
100 164
5 224
40 220
146 155
2 94
61 207
32 145
115 274
36 103
138 228
236 260
158 160
160 178
56 241
6 229
14 210
199 286
13 59
88 221
37 169
100 180
237 266
34 68
73 269
113 225
47 266
76 101
25 232
60 130
40 107
135 170
95 283
1 70
129 234
116 212
89 125
97 210
235 278
2 193
32 146
11 280
162 197
21 205
112 206
73 289
10 16
134 238
261 285
63 67
10 171
130 174
81 222
68 162
53 144
157 239
15 199
11 212
12 110
30 279
89 218
209 240
52 162
66 226
49 59
279 289
13 138
180 278
195 226
5 87
276 285
125 201
257 290
17 175
112 123
179 267
87 213
136 233
5 289
118 249
164 260
60 95
163 166
11 106
36 250
114 294
60 177
91 142
67 255
1 149
7 172
73 290
197 225
27 122
103 179
174 219
211 229
96 196
203 254
36 208
111 133
141 253
250 287
42 122
47 168
191 297
53 174
140 147
275 290
210 286
201 205
29 36
82 178
73 121
19 32
59 61
151 162
110 199
91 272
15 293
230 272
59 224
229 244
24 54
13 137
120 258
29 249
98 242
243 262
54 162
60 200
74 167
190 195
209 232
52 260
66 117
277 296
102 160
3 55
196 276
65 72
96 100
190 264
204 293
97 231
62 232
45 57
1 203
2 217
21 204
31 227
109 152
3 283
162 258
117 160
2 202
200 274
134 135
98 171
18 80
73 262
33 223
51 168
88 92
85 265
8 27
100 103
15 96
136 196
24 297
205 212
9 96
113 200
24 171
104 212
226 294
135 167
114 235
63 182
54 164
45 157
139 236
71 254
146 261
202 279
7 95
158 224
8 173
74 106
68 242
0 185
90 222
102 201
69 239
125 141
272 293
158 234
153 185
96 281
58 118
284 289
103 115
280 289
115 292
99 212
89 198
120 272
170 200
30 111
228 267
140 274
135 239
255 285
62 278
17 132
32 224
29 258
228 291
2 38
206 222
53 124
228 232
87 251
118 177
56 147
66 233
8 95
6 174
68 172
149 267
22 84
109 137
237 258
165 287
115 118
66 240
2 132
70 129
198 232
142 264
207 219
125 192
175 187
8 266
177 201
17 138
88 243
103 259
190 202
7 200
43 223
64 120
176 192
188 256
49 62
248 281
125 283
79 219
79 204
87 226
60 278
193 200
117 290
5 143
53 54
98 179
116 119
83 168
111 123
116 204
12 292
196 220
72 112
232 295
161 239
60 149
3 161
77 297
196 264
133 143
100 175
127 236
160 291
81 275
19 269
3 168
117 278
62 151
193 209
80 182
68 75
103 125
3 195
106 181
47 171
261 293
72 239
78 154
96 161
172 225
46 141
134 265
117 297
8 32
125 157
45 264
57 198
238 267
274 286
127 170
115 170
82 87
26 30
88 190
111 167
44 269
176 229
154 211
6 32
242 257
30 167
217 267
176 258
264 275
130 192
67 168
31 294
191 281
171 277
100 281
65 96
30 133
17 112
108 201
61 88
183 276
39 58
114 172
126 229
92 105
49 124
86 257
146 272
181 211
186 252
146 151
146 248
25 66
10 160
39 200
48 152
181 224
26 163
63 173
82 193
31 191
7 188
199 239
188 200
92 283
106 277
114 117
204 279
119 218
55 201
177 196
28 30
28 106
69 243
222 234
113 283
87 101
19 162
82 297
31 130
50 259
188 224
183 275
49 220
2 112
143 159
116 208
97 116
195 254
93 145
50 53
128 254
135 277
4 121
112 216
83 273
58 215
56 134
32 167
37 99
90 166
32 151
109 205
73 108
272 296
141 191
1 63
17 32
56 93
85 193
31 131
120 144
153 171
174 185
208 249
113 214
220 247
78 166
65 273
91 155
105 261
186 284
10 192
3 110
24 27
35 97
105 177
183 249
24 80
117 257
244 258
75 133
192 209
170 187
34 182
250 255
48 60
169 282
77 251
95 162
45 197
179 251
147 258
122 129
37 206
43 90
141 187
22 133
125 278
0 30
16 27
164 176
115 156
180 226
119 133
242 295
56 164
87 121
16 201
71 144
130 209
41 209
55 181
67 269
8 190
55 254
24 262
61 242
69 283
153 200
126 130
13 156
106 137
174 211
229 263
33 267
48 232
143 171
134 141
54 126
107 180
148 155
111 164
155 241
96 174
218 236
35 96
211 234
19 77
153 224
158 282
90 205
174 269
148 232
216 297
81 195
23 293
216 273
132 269
72 292
72 269
163 219
62 146
57 116
115 254
19 100
26 232
49 79
115 296
170 208
58 233
77 120
37 219
142 295
107 223
52 149
201 241
39 78
139 280
134 206
52 208
46 163
87 128
67 121
68 197
147 283
69 226
0 187
53 60
212 249
175 221
62 118
48 142
30 217
14 259
131 271
122 230
79 109
40 170
14 102
90 110
129 159
201 276
245 286
40 193
145 295
37 182
124 216
115 214
67 81
82 132
174 179
6 117
119 277
12 99
98 113
104 201
107 276
133 237
221 277
6 225
162 230
69 94
197 281
51 94
256 284
44 59
72 98
59 238
23 80
163 276
119 227
11 89
55 206
176 266
121 127
108 244
107 137
8 120
15 270
95 275
170 174
240 256
67 249
149 187
29 147
7 277
68 171
62 270
52 132
1 240
7 27
220 227
11 19
139 230
108 246
104 279
218 273
151 154
262 286
0 83
225 243
122 164
192 291
28 160
158 210
98 273
85 86
100 143
131 185
101 187
127 157
189 278
30 74
29 138
102 194
160 245
29 260
171 249
61 185
165 241
71 198
129 195
74 90
133 265
12 288
62 132
64 280
94 253
133 134
53 271
82 89
9 205
12 253
66 127
34 154
101 117
1 12
5 124
249 270
72 184
107 202
200 268
208 263
69 173
31 141
169 213
133 178
38 122
42 117
136 183
57 119
37 258
115 218
12 112
58 69
21 222
104 123
54 212
167 252
250 289
161 256
98 132
44 193
133 168
64 132
182 206
25 64
66 216
34 269
140 144
36 292
75 135
37 85
149 289
55 84
87 183
138 158
108 247
128 154
100 227
209 252
217 227
78 170
183 204
68 72
99 236
42 283
94 241
160 235
93 146
4 287
8 31
98 199
23 43
62 87
198 219
44 242
22 256
12 53
199 257
66 192
28 276
98 161
107 281
75 179
50 118
57 184
120 148
128 226
162 204
89 296
20 206
49 278
6 50
32 95
40 218
83 282
64 126
198 263
186 216
89 240
21 34
216 261
237 289
42 94
6 281
46 221
108 164
8 293
79 243
29 244
124 184
222 261
164 181
259 287
70 102
239 245
9 272
214 258
124 231
164 249
275 285
37 160
118 259
98 201
109 237
214 279
63 83
74 220
117 177
89 134
0 19
82 262
196 296
10 222
254 257
47 138
210 247
9 171
278 291
10 244
152 171
188 285
35 66
99 240
28 235
193 223
76 121
138 141
148 278
84 107
81 112
72 280
37 145
78 245
198 241
12 13
56 252
129 154
113 218
94 206
139 172
46 257
110 212
269 282
9 210
24 191
49 123
30 272
128 140
18 160
79 280
97 171
79 128
79 198
70 114
205 283
208 273
45 273
144 200
211 270
113 202
99 170
41 47
7 11
135 169
229 230
172 259
30 187
27 249
114 273
76 212
95 244
98 271
151 167
122 162
92 226
87 205
106 241
156 163
23 28
108 127
114 292
87 181
159 175
88 282
13 42
66 183
73 174
155 278
196 281
122 211
182 183
162 277
45 139
147 203
175 224
28 102
85 196
54 67
239 287
222 235
127 245
29 53
115 260
66 234
103 164
114 154
169 248
37 78
131 144
105 161
70 143
40 169
141 200
31 50
163 192
55 143
184 221
114 219
190 280
105 257
252 258
28 275
107 256
163 256
99 279
85 140
183 240
80 83
13 116
47 263
21 116
92 93
2 18
33 245
82 251
189 288
69 254
51 138
144 269
171 290
3 287
28 88
3 89
14 32
13 189
0 4
73 222
23 220
50 78
98 215
117 171
40 287
174 228
190 248
138 231
200 221
65 183
6 188
11 99
264 277
4 72
68 155
151 255
90 159
182 208
69 100
166 184
74 94
133 166
11 129
20 129
79 273
189 260
11 220
13 178
53 68
122 202
130 256
246 286
35 247
128 144
69 180
206 251
3 38
11 79
33 212
180 238
156 187
65 111
201 274
43 114
14 65
258 262
34 259
3 29
101 110
189 254
72 85
101 245
110 113
86 148
237 242
95 96
31 268
102 174
66 149
36 84
159 166
108 275
35 289
144 180
153 178
68 188
82 269
12 271
173 176
90 177
35 276
129 177
7 275
33 101
56 263
7 53
15 287
11 294
198 296
26 266
35 113
13 66
34 185
18 56
96 258
48 276
203 222
157 251
93 251
15 265
178 271
97 267
33 123
55 79
2 140
11 224
225 228
158 243
88 273
19 128
77 294
89 120
55 146
183 247
98 108
94 99
24 128
247 278
77 116
154 265
157 206
102 215
156 222
143 263
9 105
83 156
11 118
20 207
166 171
39 69
173 265
220 231
20 36
28 121
82 223
1 88
55 68
80 260
66 278
157 219
237 239
217 233
38 218
34 84
256 266
80 158
92 249
231 263
17 62
133 283
62 76
96 128
18 111
155 283
164 262
59 208
236 257
138 273
60 157
37 110
76 283
195 218
54 293
125 236
26 58
108 195
7 66
10 61
117 154
248 280
64 159
177 267
177 188
8 195
137 276
119 151
237 287
83 277
38 92
160 190
30 34
2 262
66 186
96 147
162 219
87 274
156 170
44 159
36 113
186 206
167 174
150 163
174 252
10 99
277 290
198 238
213 252
207 292
24 59
83 243
96 225
47 271
19 237
184 276
92 96
108 136
5 97
100 274
21 121
163 185
27 272
71 230
9 223
128 184
44 98
36 40
162 295
75 268
143 229
15 165
226 297
194 235
160 288
27 244
60 181
49 81
49 177
115 232
246 293
47 261
66 231
115 206
70 221
155 291
111 265
153 237
40 42
28 132
15 231
8 115
131 221
26 247
69 262
46 210
71 221
291 296
247 277
27 150
186 269
9 84
32 137
90 217
179 221
58 145
43 107
77 128
100 153
214 233
106 155
220 263
43 142
124 206
191 239
26 272
51 170
44 48
208 235
95 243
84 162
1 254
119 180
67 277
4 262
206 271
91 97
20 214
17 100
101 222
144 215
247 253
7 159
64 291
188 227
193 229
106 166
57 67
72 281
195 287
30 209
61 257
106 170
15 46
123 235
78 127
110 236
12 239
259 290
90 265
136 295
119 295
233 261
38 116
20 78
31 74
154 266
50 162
68 109
64 144
25 108
45 183
52 182
128 151
64 164
86 243
17 197
101 221
260 273
149 188
65 83
11 170
52 164
58 155
47 239
158 273
67 127
60 196
34 171
168 224
20 90
7 150
105 181
153 219
123 141
175 284
160 192
115 182
182 213
76 158
154 264
157 290
38 242
23 57
113 123
73 217
203 297
216 241
52 240
189 272
156 225
91 246
21 206
142 241
166 244
70 268
108 194
28 257
142 230
34 164
70 198
14 281
104 226
81 282
138 260
238 276
4 251
97 259
55 113
57 240
235 294
112 145
27 296
92 117
168 195
128 261
238 243
200 244
263 292
78 233
24 285
12 289
94 269
128 152
49 82
134 165
105 131
155 184
67 202
16 198
53 108
42 197
92 153
75 262
34 220
63 164
126 269
11 111
213 255
20 285
72 166
52 190
66 203
267 287
43 44
12 206
12 23
178 254
54 208
71 252
152 295
147 178
29 136
44 204
72 245
100 222
216 265
154 196
152 215
67 169
251 256
155 217
43 102
162 279
45 159
36 130
37 270
48 160
58 86
25 237
190 267
149 226
82 240
22 208
15 38
57 58
90 249
187 265
80 177
224 251
16 110
180 294
2 3
58 174
177 273
58 61
12 265
67 206
12 224
131 217
83 102
114 180
101 145
206 224
20 210
186 289
26 155
61 183
73 264
111 228
44 139
21 133
150 285
153 199
88 170
55 99
109 129
105 293
162 275
102 179
53 66
117 176
81 297
67 80
144 254
27 31
4 202
195 283
91 224
145 245
272 285
8 53
211 264
214 297
92 175
147 294
38 220
17 153
96 283
95 273
205 215
268 285
178 181
50 113
141 186
130 189
158 246
34 150
283 293
97 134
184 258
217 225
190 204
49 174
175 271
9 182
33 190
52 187
55 265
58 78
165 178
96 263
5 131
232 243
117 141
144 181
148 256
59 259
35 101
95 209
15 275
112 261
37 125
34 279
82 282
107 157
109 133
23 179
118 123
62 176
54 260
145 288
111 254
163 181
30 188
34 78
79 244
9 291
271 280
149 261
222 257
180 274
96 204
88 257
289 291
141 293
64 191
85 248
36 264
96 237
12 278
73 270
7 184
30 117
2 74
236 259
65 269
232 238
45 135
76 86
46 252
142 231
68 181
0 76
151 156
112 116
66 259
196 257
131 223
148 238
72 129
238 287
74 241
63 146
103 187
30 100
6 195
12 276
133 235
217 269
96 198
193 226
86 161
192 273
35 164
110 194
52 293
110 184
8 41
88 260
250 278
182 197
35 167
164 221
209 239
62 137
209 226
198 243
113 175
30 69
18 265
120 211
13 288
28 90
12 84
0 241
163 254
252 272
105 154
67 176
5 153
170 234
192 271
19 135
45 175
71 296
31 71
48 277
94 151
86 90
3 268
129 168
109 232
115 231
157 174
76 164
192 224
148 235
44 124
24 134
125 219
139 182
49 131
171 216
20 112
234 255
123 217
101 141
154 187
22 266
180 242
11 25
84 293
11 31
199 293
140 265
137 294
42 107
30 77
158 162
23 96
97 245
17 267
66 253
77 215
126 143
102 213
4 176
100 267
248 253
173 192
55 180
38 159
5 222
48 154
27 270
4 275
171 180
113 205
127 203
230 286
236 266
118 266
26 158
26 92
20 223
167 210
103 129
216 292
34 88
13 173
176 208
104 271
100 189
79 151
134 173
20 276
46 104
30 103
134 191
176 265
96 262
56 199
75 118
126 174
124 229
83 199
2 13
0 141
138 222
19 38
78 103
70 290
90 130
194 226
91 227
100 271
93 157
50 254
138 271
75 146
132 262
196 222
76 114
107 290
143 288
39 220
84 230
166 186
60 98
45 103
28 213
96 159
135 244
71 186
14 204
70 253
65 132
123 294
147 150
144 202
39 46
265 297
207 243
128 252
173 294
250 286
13 231
1 183
180 244
93 283
50 180
134 180
142 250
263 270
89 159
33 198
42 170
88 207
20 142
190 237
81 156
39 71
52 229
123 169
170 246
15 158
203 208
76 151
161 242
80 288
96 137
24 181
93 231
3 4
75 127
126 264
15 116
191 267
122 166
24 230
169 228
31 232
118 263
172 212
54 110
31 274
21 296
27 228
54 61
15 191
71 185
93 140
38 69
81 175
45 222
227 244
104 287
20 48
25 269
172 202
210 268
120 179
24 234
264 283
51 141
17 70
12 246
28 139
128 210
14 202
84 274
149 153
262 266
218 263
217 285
200 215
119 231
204 225
66 112
17 269
49 73
25 99
89 182
80 176
22 137
73 75
139 276
106 144
123 279
251 270
113 163
7 31
22 46
73 147
140 142
52 176
92 256
53 290
199 268
118 252
146 281
163 179
132 263
90 204
91 212
236 250
31 213
55 101
203 268
204 241
18 93
24 140
54 244
103 209
63 282
124 262
151 172
56 116
152 179
21 158
211 291
41 103
26 69
68 138
68 105
158 296
120 159
29 39
41 132
21 82
128 283
55 216
111 283
89 122
97 109
95 211
202 236
86 114
140 164
223 229
50 142
243 280
46 50
32 160
86 289
12 19
130 290
31 144
271 295
10 176
222 223
67 116
95 274
88 268
4 149
152 283
54 211
43 117
10 255
201 281
233 248
135 153
220 284
52 140
197 240
234 289
163 231
180 289
8 289
23 39
11 288
51 219
9 71
199 208
3 257
2 39
19 259
5 71
23 60
179 183
126 149
42 87
107 152
80 292
122 238
125 294
18 276
99 136
2 263
193 194
153 238
122 290
68 205
154 180
27 227
243 252
236 293
181 212
25 219
183 257
163 273
33 45
41 143
2 104
80 106
73 218
211 243
51 240
100 247
63 91
45 212
102 189
115 139
70 211
37 161
45 174
65 161
88 276
188 267
248 265
1 230
24 69
60 128
92 196
53 228
26 82
38 178
149 241
213 225
131 255
104 165
101 150
141 195
79 270
134 286
210 293
151 271
128 143
72 160
15 52
105 168
48 195
38 209
24 32
199 248
202 208
221 275
128 282
207 232
252 267
42 77
59 186
20 204
71 205
117 252
61 289
61 67
218 220
136 254
32 264
99 185
40 232
178 252
172 294
51 146
42 269
57 115
7 247
75 91
61 213
134 192
148 176
15 87
91 263
123 213
133 229
78 271
170 289
223 272
102 283
129 257
184 277
151 164
41 273
50 241
12 147
214 230
98 180
269 278
52 85
47 257
178 289
233 272
157 159
243 297
260 288
149 154
222 293
3 119
2 256
105 169
100 238
134 233
204 266
198 200
60 103
164 224
80 262
84 93
147 246
6 55
118 228
50 195
17 226
33 56
213 295
93 150
89 112
138 159
43 187
141 203
8 45
113 258
125 295
177 186
16 42
16 131
40 258
38 154
33 259
94 262
139 231
21 71
2 182
8 262
134 181
119 131
192 256
154 237
82 198
228 229
29 121
180 235
179 287
212 247
99 131
43 241
59 87
141 211
147 252
87 105
8 90
249 264
37 285
87 279
18 167
29 195
77 250
122 207
117 184
147 223
209 291
137 158
17 281
6 257
76 217
117 228
42 163
118 280
31 182
43 249
15 104
134 224
146 262
45 239
10 73
67 280
5 265
100 160
54 129
96 165
103 217
45 116
52 152
76 180
55 65
139 241
146 237
137 248
42 177
63 95
160 248
62 292
66 134
188 233
148 167
9 146
64 250
27 237
61 184
136 294
110 178
35 74
269 297
55 200
131 160
16 82
82 264
157 225
70 173
16 275
60 272
147 159
23 26
53 100
124 220
27 126
59 196
143 264
24 214
88 239
90 226
129 191
95 215
137 293
190 250
222 291
16 149
5 105
92 127
60 66
227 276
84 92
161 202
78 79
90 266
76 287
52 267
115 284
143 228
135 177
175 200
48 247
1 102
291 293
44 93
79 296
109 117
22 261
5 84
180 283
3 265
39 98
81 224
146 274
6 157
122 153
103 279
51 69
1 122
69 184
25 131
146 195
98 236
135 279
35 208
146 257
71 248
69 178
164 250
105 134
47 199
25 63
231 256
82 101
131 256
132 261
113 224
198 242
92 212
53 69
70 123
86 242
38 140
24 126
46 52
13 123
136 214
98 117
24 153
30 102
200 226
52 119
9 155
113 151
193 220
22 166
32 53
149 282
242 269
176 239
184 210
120 198
6 185
56 86
223 295
61 146
118 157
123 160
23 143
54 128
33 191
101 184
78 156
212 256
97 131
123 283
180 273
31 293
27 82
19 149
106 183
155 297
91 156
52 136
0 114
4 150
181 244
76 260
32 130
194 215
10 292
183 230
2 126
122 283
89 210
130 157
190 219
7 272
116 166
121 205
125 252
11 173
206 217
75 213
270 293
91 175
190 216
224 261
71 120
34 221
21 62
69 158
102 165
165 280
37 272
102 173
199 258
21 52
135 222
123 165
2 30
21 242
94 275
84 263
55 88
126 262
114 283
142 217
281 285
24 186
64 230
94 173
147 260
41 119
7 50
133 258
53 227
65 251
92 168
141 247
139 226
238 292
47 218
93 173
149 190
240 278
272 276
76 268
74 176
78 204
156 211
76 93
51 89
173 242
47 88
37 87
26 86
58 226
105 248
193 259
16 150
135 257
18 196
202 283
212 269
75 79
178 218
11 142
53 102
143 277
19 80
225 245
89 101
68 198
154 215
48 293
0 264
49 75
203 240
1 74
91 140
34 218
179 274
17 47
216 231
147 279
35 55
97 269
47 56
23 29
258 289
131 260
32 50
10 252
0 116
95 145
141 276
276 295
250 257
35 159
94 152
19 254
178 179
101 230
33 237
124 280
212 232
170 244
93 285
186 228
8 169
227 255
145 178
55 294
48 84
138 279
7 213
228 237
167 175
2 272
127 212
51 209
31 60
26 189
100 253
85 174
34 149
110 242
169 269
125 263
4 234
8 10
184 248
27 224
95 292
247 252
16 19
285 295
8 231
50 66
90 289
206 242
121 169
65 118
4 89
13 192
131 215
142 272
93 164
12 15
57 156
68 82
56 254
142 280
181 206
104 210
110 193
120 285
161 274
78 199
197 260
188 274
14 207
15 283
229 260
19 68
65 260
136 267
147 226
44 276
58 127
29 219
0 256
166 204
47 197
19 277
168 206
53 254
49 104
116 232
116 153
173 261
208 248
213 254
125 275
66 124
140 177
158 286
41 98
132 170
31 117
183 226
31 34
42 292
220 281
107 266
107 207
115 256
2 76
152 225
10 90
38 265
120 158
43 297
142 253
84 279
167 193
7 74
191 236
18 262
186 249
57 208
10 228
61 101
0 78
6 64
232 278
20 117
124 163
23 256
42 158
44 217
47 67
170 232
5 260
84 200
30 87
146 159
185 195
11 86
29 38
120 270
13 163
81 239
3 31
119 247
101 129
238 258
46 228
32 178
60 247
162 203
182 251
35 65
221 260
203 209
50 110
244 292
95 173
88 167
147 202
6 284
185 221
268 270
58 166
6 164
111 248
58 245
26 285
80 230
118 142
9 20
53 289
50 177
194 234
24 39
177 228
75 155
84 114
87 240
60 252
30 132
86 124
51 173
184 195
75 194
138 233
127 247
66 193
20 271
63 290
11 277
217 220
221 231
125 198
160 194
279 296
44 268
207 223
26 280
159 277
31 245
111 267
88 247
131 222
81 276
49 86
196 239
38 80
102 279
55 120
23 207
67 87
10 230
46 111
172 218
75 289
122 178
206 278
232 239
56 269
82 168
82 177
108 218
29 212
195 262
137 275
129 228
53 223
66 158
196 250
27 37
27 50
91 99
21 233
152 248
14 119
86 252
235 245
63 180
11 21
0 266
269 290
80 232
176 259
4 169
83 291
4 200
14 46
257 264
57 167
57 213
68 147
62 105
39 134
55 170
8 147
102 132
104 277
75 180
155 272
98 228
116 247
71 139
131 157
4 64
109 160
34 261
107 170
32 241
120 199
14 297
125 194
99 167
43 275
38 212
73 93
140 264
102 123
67 183
47 164
43 209
151 254
100 286
218 260
205 275
97 291
145 157
86 256
224 234
244 251
85 184
206 215
164 245
115 133
53 57
250 256
251 264
208 239
220 295
91 163
156 256
9 109
132 243
48 148
40 187
52 96
185 273
100 296
220 283
94 289
169 186
2 72
112 265
110 134
144 147
2 281
161 173
177 222
28 69
199 216
29 98
115 216
54 165
175 267
176 232
136 147
42 202
60 223
116 179
218 283
25 145
37 135
150 153
17 40
115 233
23 253
160 208
1 264
156 223
144 282
16 188
176 204
168 170
114 129
135 231
146 236
89 123
179 225
48 194
86 244
130 226
30 178
119 191
25 184
116 171
44 84
77 224
110 179
66 168
73 164
115 289
199 264
47 105
179 223
124 218
205 286
151 263
21 168
89 199
34 146
243 289
100 245
0 40
44 267
46 173
32 47
119 275
88 163
211 224
47 206
169 246
161 270
250 276
68 211
167 199
90 174
52 183
45 208
165 195
85 92
185 196
82 288
29 91
72 237
153 244
159 222
115 242
220 232
43 281
156 232
63 236
28 265
112 167
75 256
11 243
35 191
105 192
119 124
133 160
196 252
26 131
49 191
63 261
58 59
142 158
182 212
143 256
110 128
139 235
25 180
160 282
92 228
79 136
24 295
120 235
221 223
82 150
80 286
132 168
248 271
53 208
85 202
92 131
69 251
158 279
137 287
105 276
7 157
150 188
77 111
111 262
124 165
177 199
225 251
114 214
55 112
101 229
29 130
48 105
65 155
4 49
238 291
194 207
2 75
102 114
73 287
204 205
8 110
192 268
18 217
223 277
244 276
104 215
140 293
23 197
36 91
12 75
50 234
242 277
0 96
39 159
40 147
112 202
1 247
25 125
185 209
23 273
113 217
198 255
126 272
198 248
120 197
249 256
123 282
89 107
94 165
104 247
164 174
65 114
47 225
60 111
233 273
61 119
69 103
290 297
53 268
9 189
182 225
46 96
279 297
168 196
58 169
148 229
9 53
66 248
10 257
149 208
51 86
34 119
120 266
135 219
133 216
85 213
180 234
158 277
160 297
50 80
167 194
102 186
143 290
2 246
263 268
75 95
225 246
34 237
101 257
166 272
182 254
56 105
162 196
158 168
36 177
31 47
81 274
118 132
100 249
47 205
119 215
4 233
40 206
103 118
55 270
41 137
184 261
128 187
77 85
189 234
125 239
23 156
82 215
136 256
34 290
156 265
8 271
124 228
40 99
73 185
101 239
130 293
9 118
59 128
108 196
150 179
56 119
81 253
224 284
204 263
51 81
61 280
121 206
28 115
138 244
69 224
127 227
46 209
28 113
36 187
256 290
42 99
20 288
114 212
46 284
2 191
80 154
151 274
18 281
138 213
202 218
65 167
167 236
72 263
187 226
28 157
139 145
194 268
78 200
220 239
80 96
93 162
5 127
93 272
96 114
6 9
160 185
67 187
42 247
88 106
87 189
26 233
170 265
14 291
218 249
31 58
72 260
6 45
54 242
49 226
80 135
224 256
98 249
128 198
130 267
235 260
167 173
42 210
115 215
115 257
70 214
19 296
43 127
22 188
84 142
61 161
37 208
60 206
46 168
95 116
89 201
213 266
245 295
5 257
92 98
14 60
28 149
28 120
240 246
0 77
19 55
211 239
143 157
225 256
128 211
165 256
78 223
18 82
59 175
25 98
245 283
98 174
127 190
124 147
6 246
144 154
114 237
173 287
192 251
165 242
162 207
38 58
116 149
11 245
33 57
138 259
117 281
246 276
254 267
109 253
52 89
41 146
149 220
116 255
46 140
92 165
187 274
212 248
15 211
118 147
51 224
103 150
192 296
264 290
255 261
145 234
151 292
3 289
80 242
49 135
112 278
141 168
91 111
125 170
92 148
270 291
110 220
9 240
30 42
161 171
35 85
148 195
155 229
126 281
121 243
156 186
58 87
136 198
95 157
45 242
26 97
52 243
47 143
9 81
3 229
104 250
110 280
32 223
4 177
65 274
196 243
64 201
46 191
97 261
81 135
97 237
20 33
211 283
116 120
35 215
61 70
176 284
105 173
215 253
49 230
113 121
13 168
74 95
58 95
234 256
181 280
16 227
93 197
109 120
10 247
45 251
20 83
46 182
12 140
43 146
134 146
66 263
52 101
93 203
3 22
45 196
36 293
130 170
21 126
20 85
176 280
184 257
115 190
37 140
38 294
69 183
140 256
4 77
90 219
102 288
219 286
54 58
15 159
5 173
152 252
86 152
169 195
31 106
168 291
120 181
188 246
125 169
86 292
75 113
99 145
168 172
64 265
35 291
256 269
98 114
244 270
80 273
80 90
97 182
159 272
156 205
93 224
115 171
248 250
1 145
255 267
190 292
75 101
57 259
94 146
63 231
145 240
29 184
255 280
77 228
21 279
49 219
130 194
21 118
210 251
227 258
195 261
64 271
149 255
159 184
92 274
197 214
82 294
174 250
85 270
45 191
4 95
74 192
185 294
100 280
182 215
97 197
78 207
122 282
170 182
177 252
27 260
265 295
88 206
172 232
131 287
26 154
44 166
105 284
28 136
63 258
216 229
27 183
106 297
148 210
3 118
92 216
26 274
130 230
25 58
161 170
21 207
41 114
134 261
179 209
14 76
112 295
29 292
80 171
23 51
50 272
105 214
90 144
48 173
47 71
61 237
187 220
234 247
123 244
111 269
41 183
92 157
9 28
186 272
173 210
45 265
224 279
170 179
35 59
30 45
88 149
210 240
133 149
142 160
211 295
129 294
190 205
153 157
55 283
143 193
69 93
29 276
206 290
42 228
65 162
32 104
173 182
250 293
9 37
82 138
154 285
133 230
91 195
78 132
190 275
177 290
43 290
118 244
61 113
224 258
40 171
9 194
8 258
6 82
222 295
274 279
61 273
46 64
26 41
27 98
5 62
141 279
118 173
80 193
163 253
152 294
72 121
15 128
276 283
169 245
191 255
130 153
89 158
255 275
2 36
43 230
100 272
100 193
1 164
143 225
86 217
34 276
85 143
244 247
137 195
213 282
100 290
92 265
167 185
86 258
80 124
6 116
163 200
2 37
124 197
43 141
228 254
56 180
221 273
94 103
82 163
204 291
157 249
37 183
54 255
153 220
160 289
9 39
22 181
124 269
79 272
97 283
91 143
105 294
233 235
33 210
14 275
77 257
104 216
14 163
56 259
4 69
68 271
7 174
48 117
4 30
181 229
138 286
139 275
19 234
206 269
53 192
28 87
178 192
59 220
77 177
35 48
31 198
206 286
55 171
186 212
16 197
146 202
214 273
262 280
86 125
160 179
61 157
11 289
99 263
157 176
79 135
5 192
226 266
27 83
63 187
78 266
260 278
75 148
163 277
181 195
146 172
63 214
179 192
113 273
41 51
142 151
111 145
14 147
50 138
285 292
155 235
36 199
105 139
10 241
54 91
240 272
27 72
52 197
129 198
263 267
126 297
38 145
218 225
110 255
82 111
217 237
21 49
233 252
43 173
182 214
22 33
109 156
176 209
57 80
264 268
74 232
60 280
22 109
53 139
43 271
116 157
138 163
60 132
22 65
116 297
52 281
26 211
2 5
76 265
76 97
103 268
18 294
9 30
72 110
7 190
167 233
110 135
55 155
184 192
62 197
34 193
100 106
212 292
18 211
55 278
136 209
7 171
247 256
21 221
6 199
1 249
37 136
157 222
126 288
81 122
220 222
9 27
35 99
62 190
73 162
145 146
40 175
56 238
45 194
102 241
47 99
166 170
31 76
78 270
243 247
94 211
47 278
52 156
35 249
93 102
104 142
48 86
66 204
149 177
66 175
116 246
113 274
10 215
73 90
131 248
218 277
242 292
38 100
205 237
177 268
59 240
30 131
15 132
55 97
131 192
138 221
17 217
42 176
104 195
50 253
138 148
184 285
119 212
107 171
126 260
56 178
109 147
98 172
34 152
36 256
38 203
51 262
2 146
166 220
90 288
92 170
93 104
135 168
154 246
211 216
153 229
19 153
90 236
105 167
204 261
186 295
138 147
160 188
145 291
118 272
278 294
69 82
6 161
134 262
105 130
112 124
104 117
41 192
92 189
176 240
16 271
134 214
104 105
111 210
178 207
144 238
146 286
52 297
34 37
126 279
123 224
131 278
127 138
38 249
79 235
35 112
174 246
88 266
9 270
127 169
54 219
135 291
36 48
0 87
116 186
13 27
104 229
96 124
39 148
24 243
66 73
100 169
219 234
18 64
27 277
70 158
27 158
91 245
10 162
44 118
172 260
178 182
8 284
91 258
49 193
53 189
72 286
46 98
63 239
162 251
6 247
149 272
45 187
19 270
5 287
106 151
16 72
5 106
35 236
38 130
188 234
74 207
159 167
0 289
44 109
11 136
80 220
113 234
214 271
173 191
0 260
64 76
163 236
42 132
56 182
29 209
56 94
67 109
100 196
32 215
86 270
77 93
31 266
218 239
195 225
17 39
8 256
78 101
30 282
200 231
40 151
67 248
87 294
134 162
128 209
6 78
93 270
94 202
34 73
239 272
159 273
52 72
65 124
76 254
146 269
35 73
45 262
15 161
44 105
174 187
14 40
173 279
139 294
118 164
52 114
208 225
121 219
18 247
108 265
25 252
83 210
171 190
110 233
196 256
49 114
171 222
248 275
83 145
115 238
139 256
85 280
5 286
28 144
42 139
47 166
140 170
148 228
25 91
9 262
91 238
64 236
19 108
14 112
75 174
289 294
8 263
54 122
11 168
21 128
190 255
148 276
276 288
100 268
0 63
228 281
136 182
24 144
152 204
25 87
64 153
159 238
217 274
91 94
38 253
49 163
86 273
4 293
173 272
52 131
83 104
27 56
83 198
5 271
196 216
174 209
6 244
134 256
172 244
41 215
33 253
57 228
40 221
216 276
48 252
36 228
31 279
120 252
204 242
33 95
86 275
82 164
100 233
87 106
151 252
98 295
21 86
92 147
124 249
18 238
145 266
2 33
19 164
42 98
56 70
82 159
117 207
83 162
24 88
197 236
0 225
7 191
6 213
208 244
126 254
97 205
8 188
78 291
184 259
8 56
128 247
199 243
30 218
158 207
2 81
197 257
100 173
25 273
72 120
177 278
2 295
119 224
143 207
110 244
229 237
48 254
4 91
230 271
111 119
188 296
198 268
38 272
225 260
177 296
29 274
95 252
187 249
104 236
158 203
204 227
78 162
104 157
11 161
131 171
162 211
197 294
149 178
72 221
60 164
171 210
21 285
165 212
102 198
270 285
93 247
145 279
119 178
55 229
42 78
102 177
212 218
241 293
3 216
180 191
96 231
3 95
35 206
154 230
139 254
252 254
179 273
71 100
125 127
73 278
42 218
98 284
100 261
30 59
100 178
65 187
7 192
87 204
24 58
125 257
39 195
4 253
50 252
61 81
85 249
227 253
247 262
25 270
84 275
72 287
192 216
196 214
77 235
63 245
51 59
128 220
27 290
196 260
21 59
155 214
38 56
38 108
175 229
164 273
143 200
149 291
220 262
20 51
21 110
32 232
5 126
28 268
94 106
204 255
120 184
28 65
71 234
147 188
57 125
30 32
162 235
85 181
282 295
8 180
110 176
0 155
85 126
66 77
234 294
26 200
30 249
159 260
32 271
92 184
109 204
91 139
35 230
167 296
147 157
62 129
171 200
81 244
90 224
44 199
72 216
259 281
191 285
29 44
92 141
49 250
210 270
42 198
110 126
217 248
11 162
211 245
110 270
129 185
48 102
241 242
0 102
63 260
118 162
165 176
61 209
160 186
32 94
32 119
108 210
99 198
209 266
34 92
185 292
94 208
139 284
171 261
48 54
30 150
224 263
85 133
46 189
147 233
164 269
111 157
195 229
2 171
257 268
98 212
144 190
153 236
76 242
13 121
235 261
81 108
145 255
24 150
111 208
84 138
19 174
204 292
153 187
135 216
73 95
59 151
89 223
131 295
85 269
2 48
13 99
44 278
197 230
14 251
131 264
45 77
18 117
4 71
93 107
145 151
101 247
212 267
212 257
58 102
72 135
208 233
42 190
17 147
19 85
45 201
2 95
90 287
52 220
20 205
152 162
209 237
114 149
105 277
192 250
273 279
78 238
170 225
12 130
61 75
126 282
97 196
34 82
50 235
92 203
28 211
0 188
198 281
186 259
206 211
171 258
182 297
24 104
143 183
190 281
63 191
76 203
241 254
238 259
96 144
177 220
14 200
5 228
74 230
64 259
34 246
119 190
111 147
64 151
180 240
264 272
125 160
273 278
272 277
173 185
21 157
18 110
71 115
277 287
135 212
15 88
24 173
124 252
44 219
226 229
8 150
127 172
146 179
68 206
95 121
73 284
192 215
68 113
248 289
18 184
127 137
14 55
15 227
167 274
167 239
81 142
50 116
52 278
1 42
1 214
2 204
141 260
33 172
60 63
20 209
51 111
126 183
73 114
34 262
13 93
53 117
48 156
121 140
77 108
249 297
173 193
156 164
80 258
229 285
19 27
123 185
25 200
229 235
18 188
102 274
149 203
205 209
86 203
56 176
30 84
97 166
53 232
57 229
143 247
225 275
14 244
92 136
117 156
46 153
197 263
104 221
14 170
114 226
9 61
127 251
80 214
62 266
117 224
228 260
112 207
80 291
30 36
135 152
204 251
162 214
135 232
59 99
109 161
174 248
0 279
121 134
258 263
204 296
37 127
35 284
52 112
138 239
68 161
203 285
143 184
267 271
165 209
22 72
41 151
58 190
7 120
54 63
73 163
126 131
118 261
37 278
21 29
208 256
103 272
6 68
167 281
160 196
87 102
37 249
213 224
90 199
159 275
166 217
147 214
67 194
175 228
30 185
47 144
52 59
203 242
132 204
239 297
63 149
258 280
74 142
183 271
42 144
146 148
64 138
251 275
81 247
92 225
35 87
213 227
92 108
70 81
36 138
109 262
103 215
191 254
34 208
19 144
17 286
30 163
145 174
174 253
88 212
145 268
111 173
282 284
100 237
182 227
87 155
92 221
83 201
7 127
195 256
115 183
21 165
46 108
82 295
128 224
216 290
58 122
34 199
147 208
70 215
173 207
139 170
61 112
24 270
221 238
55 296
40 289
25 171
130 216
213 253
127 189
220 296
227 291
28 221
99 141
104 118
32 61
48 115
179 254
11 20
55 56
163 228
171 217
0 14
56 243
119 182
30 145
53 184
36 257
1 158
135 234
72 274
93 178
87 93
50 109
255 269
119 169
165 259
96 169
44 66
47 70
4 238
101 276
175 176
136 187
10 109
95 279
9 226
12 264
125 281
25 227
22 146
25 147
9 87
10 55
103 111
3 109
52 199
226 287
173 254
109 189
155 282
80 255
71 246
130 235
20 111
22 35
61 149
93 214
224 275
205 246
42 236
141 237
103 147
25 234
70 144
111 174
57 136
25 160
151 190
127 291
0 108
174 282
37 222
29 257
33 184
266 287
159 169
109 251
276 292
24 105
109 180
127 278
102 258
233 254
128 290
208 234
16 105
135 138
64 290
69 142
85 268
141 274
261 294
136 193
18 77
70 141
6 268
87 124
58 227
67 144
112 221
42 159
11 160
235 256
57 106
98 177
2 80
23 228
47 152
115 198
139 266
44 183
191 225
0 20
50 219
46 167
0 111
12 61
101 135
28 148
209 253
45 61
125 262
88 265
76 147
8 76
166 249
95 232
120 205
150 251
27 118
88 142
248 282
153 179
95 129
91 194
30 119
44 134
260 261
44 215
157 246
101 202
161 243
129 193
263 282
189 251
40 154
5 186
110 186
4 22
108 252
7 65
139 282
149 151
13 86
1 133
67 250
115 262
1 265
252 292
49 190
73 203
4 165
3 264
38 76
90 239
78 152
30 169
113 152
58 90
18 38
42 160
119 139
60 234
36 184
163 248
57 236
32 39
251 281
160 278
127 205
50 68
72 222
163 175
33 34
171 203
64 202
25 231
19 186
29 232
108 262
260 297
109 110
80 111
67 237
38 267
9 170
18 194
269 287
71 148
109 208
188 206
108 208
23 93
120 218
113 230
45 64
162 280
26 273
29 33
75 112
159 245
115 279
68 264
136 189
21 131
49 70
7 78
91 145
17 230
75 206
175 213
58 177
63 206
47 100
11 138
90 202
66 197
0 45
82 155
97 223
122 125
93 295
3 154
42 69
116 275
33 141
28 137
164 193
92 178
47 103
226 238
82 186
47 192
7 263
82 173
104 169
194 222
180 193
243 250
122 225
106 287
174 226
38 180
23 69
210 282
123 137
256 280
113 196
42 104
58 259
133 262
12 216
45 215
121 208
94 113
46 121
82 216
181 232
64 123
65 103
166 264
18 76
116 194
20 125
93 205
22 279
90 95
21 145
46 242
1 179
163 297
92 183
27 64
246 285
31 65
38 126
184 200
77 112
56 67
132 235
122 195
5 70
11 240
26 130
35 260
202 256
20 162
97 133
185 268
36 81
62 260
64 268
74 259
239 268
126 138
70 223
145 280
117 153
1 86
73 181
200 276
101 224
80 251
162 273
17 290
63 264
49 185
69 234
41 44
95 189
135 191
149 259
134 203
26 118
112 129
122 203
253 297
135 195
196 290
4 237
145 212
29 135
14 129
14 258
47 240
3 64
56 193
153 257
50 257
108 193
155 157
117 258
98 219
37 81
114 258
95 204
271 281
204 267
2 234
7 177
126 168
94 159
87 94
14 143
149 221
11 152
27 294
70 203
55 168
88 216
86 226
184 198
113 279
161 184
177 229
123 205
139 242
15 179
91 297
62 69
75 271
100 167
6 168
49 74
181 243
60 271
56 84
1 227
123 285
204 238
231 244
63 277
145 228
241 295
225 236
130 279
102 295
7 112
64 79
39 180
106 180
92 109
158 278
152 259
113 244
101 255
8 174
197 250
26 271
90 100
24 263
213 244
102 210
128 264
101 274
83 98
248 276
263 284
88 283
78 107
103 213
64 121
55 134
187 229
99 281
56 242
71 260
156 158
17 101
50 67
31 264
25 119
80 157
12 134
165 208
94 278
95 237
68 157
160 210
37 67
118 241
135 265
231 297
11 61
23 297
157 276
16 182
45 263
7 203
112 240
3 263
171 282
60 213
58 109
111 232
117 215
42 258
24 25
141 210
55 141
197 228
130 289
54 167
12 258
214 221
78 227
174 265
51 289
108 154
39 297
42 263
54 253
77 189
31 152
106 196
7 222
71 294
67 261
112 284
142 227
246 271
202 242
16 145
17 115
5 269
156 247
2 60
13 153
102 226
122 215
56 125
10 101
122 157
25 39
183 218
148 218
234 239
100 190
66 245
103 119
202 290
65 171
106 193
36 249
111 296
36 155
111 260
134 294
172 263
50 61
39 100
114 244
215 265
51 175
118 240
162 202
287 293
51 220
36 111
79 211
16 45
7 86
99 246
16 186
144 198
84 103
173 256
68 231
8 179
123 175
12 164
58 188
87 145
6 236
6 227
69 205
8 13
32 51
69 268
41 179
95 100
34 122
41 124
234 295
166 214
27 218
17 146
68 129
32 84
9 229
129 271
133 148
121 238
52 62
27 231
18 123
45 247
28 94
275 279
55 126
61 293
32 204
50 222
192 204
148 209
147 268
207 271
131 137
108 259
3 6
23 272
24 212
181 255
24 156
1 31
202 229
19 53
147 151
40 249
74 163
200 206
153 254
16 81
237 240
197 203
88 156
134 158
31 221
24 116
38 221
107 159
185 238
117 256
238 289
81 252
82 273
117 210
153 297
74 278
42 131
235 289
41 135
11 122
114 242
198 295
119 284
137 154
150 171
152 286
185 232
22 190
183 236
56 156
82 108
71 262
65 231
11 278
22 117
9 52
70 88
16 289
4 217
51 151
45 144
64 71
123 297
166 202
108 110
36 133
128 141
195 290
88 269
65 229
150 217
166 176
16 116
63 183
18 91
86 264
75 190
14 231
145 177
1 276
183 191
68 230
116 281
233 251
28 36
174 293
82 194
60 219
202 224
27 146
230 277
77 83
74 277
15 120
31 237
116 263
203 267
129 171
3 208
58 120
230 255
53 187
51 239
60 140
164 211
8 66
59 209
22 75
27 134
164 171
18 61
38 104
54 194
213 277
18 131
22 54
210 221
92 271
109 181
38 264
113 195
255 287
162 225
232 287
115 160
104 135
161 271
184 274
253 288
123 180
75 96
145 225
221 229
23 150
16 30
170 171
186 202
44 160
158 226
74 263
26 203
53 61
89 146
9 287
20 123
130 151
46 275
47 139
14 289
71 129
9 176
8 71
92 264
67 264
28 201
23 247
4 193
79 140
76 156
168 202
26 188
73 220
60 105
0 142
73 257
206 254
21 175
70 177
171 291
123 291
186 221
150 181
112 293
29 269
93 129
95 266
136 261
2 156
108 215
202 243
96 282
85 229
47 57
127 146
93 108
59 133
60 119
191 233
148 158
230 284
60 171
255 279
85 236
171 238
178 228
9 173
110 166
227 292
121 237
27 243
6 148
4 108
98 138
25 226
101 186
31 183
135 241
84 166
34 227
264 291
191 268
36 263
143 279
85 215
2 196
19 106
24 111
5 283
204 209
114 127
198 258
173 236
1 228
120 222
149 242
6 239
82 195
203 257
99 229
96 120
71 231
39 57
174 292
60 115
19 157
30 250
95 108
262 270
198 199
81 203
174 295
194 210
185 262
103 225
82 272
167 176
137 260
85 124
237 272
60 216
101 121
68 203
8 109
199 277
45 113
139 221
155 261
17 71
103 108
88 127
4 215
30 108
92 130
6 272
194 278
145 167
0 81
50 261
37 276
55 255
33 38
159 225
162 285
203 230
279 288
88 274
72 220
248 264
17 92
91 216
258 267
45 164
171 237
236 272
17 236
25 235
60 270
97 125
96 266
92 247
36 148
199 270
41 242
220 276
172 287
123 295
19 204
30 107
176 292
4 236
20 269
218 295
268 273
63 85
168 284
228 296
121 234
189 238
15 142
21 114
2 47
73 292
138 251
0 99
148 233
2 155
54 195
67 239
78 235
18 122
119 168
147 277
199 273
56 214
98 262
45 132
10 57
49 270
67 272
54 118
137 201
155 188
35 278
187 242
111 121
258 261
102 248
181 252
65 284
23 105
8 47
61 259
69 119
281 295
18 286
223 227
84 238
90 260
242 260
92 185
72 253
110 182
22 110
146 235
277 284
76 81
139 278
107 244
72 265
62 222
258 292
29 278
67 110
5 266
35 106
190 256
132 221
177 266
33 119
33 222
68 78
85 88
95 190
53 157
136 224
72 182
18 267
164 198
8 294
169 264
72 125
111 113
236 297
31 188
112 185
140 269
119 132
30 264
148 273
191 209
234 283
76 116
47 181
29 63
195 271
169 170
246 252
26 201
50 284
91 221
194 296
123 252
95 178
191 287
190 261
4 31
15 282
33 158
212 233
150 193
72 294
50 249
70 149
28 289
133 139
86 105
264 274
173 228
68 277
131 263
1 22
160 225
89 275
202 281
14 167
73 202
249 285
45 79
113 197
274 297
109 222
0 294
69 249
148 149
182 265
6 74
48 211
5 41
57 109
151 168
172 252
15 69
262 295
73 151
59 158
45 277
40 290
151 188
120 275
95 239
24 91
15 289
37 92
146 222
137 151
20 161
48 287
63 192
39 154
97 212
258 277
82 94
64 83
155 172
28 91
71 243
110 259
100 292
125 130
49 282
114 124
191 212
149 276
187 292
246 267
163 189
125 214
4 213
142 276
4 167
143 250
86 271
207 277
157 204
19 218
213 294
83 180
71 96
182 234
110 271
145 219
215 293
207 290
101 188
218 286
44 65
241 288
25 78
21 250
62 74
24 203
17 19
74 143
186 280
119 274
100 287
20 137
161 175
166 295
32 150
109 265
58 253
64 129
88 90
115 141
227 269
73 100
154 297
162 282
110 164
48 82
47 270
201 228
115 172
59 270
154 200
51 214
1 284
159 266
161 164
5 78
46 117
42 50
67 86
113 181
10 278
112 168
28 226
142 180
76 125
252 271
37 133
189 194
228 231
33 229
15 93
5 167
85 168
57 212
208 255
70 170
79 293
147 247
194 287
22 81
224 285
93 265
9 225
55 297
28 296
114 253
250 266
103 275
116 130
146 220
161 163
27 279
118 236
57 79
69 122
3 149
216 271
145 215
150 240
133 206
21 257
3 48
110 230
256 271
30 116
90 107
52 69
44 206
54 283
52 161
172 237
41 257
85 209
110 155
146 250
8 119
105 194
147 274
80 269
53 162
194 214
137 233
77 280
77 263
97 270
11 236
124 192
81 213
143 285
131 207
120 296
95 270
211 223
64 148
257 297
178 233
69 187
73 84
9 123
148 275
90 264
167 231
115 154
118 257
136 237
238 242
176 297
130 277
26 215
1 288
5 116
153 214
19 265
77 290
35 264
21 75
21 210
68 89
173 233
128 148
193 196
155 181
55 248
93 180
114 216
251 288
153 155
85 226
128 190
169 230
46 95
12 207
82 245
4 268
157 252
71 154
11 190
213 228
10 261
63 79
108 287
98 268
227 266
74 256
8 241
104 243
85 220
281 296
27 53
30 35
23 33
56 151
133 247
23 270
83 250
169 199
143 202
179 233
2 266
186 197
78 94
111 247
34 213
244 259
100 142
198 237
20 80
84 194
111 238
31 37
29 151
15 135
123 170
65 223
7 131
107 272
43 233
112 122
77 184
46 106
142 240
10 287
67 281
5 54
24 29
134 221
104 183
17 266
65 220
12 50
183 201
23 288
68 194
22 53
74 155
42 203
119 273
134 178
22 168
33 282
158 190
128 205
41 236
122 213
56 223
79 127
77 180
37 273
139 291
119 164
91 101
54 227
47 163
85 295
30 222
16 191
96 261
91 205
119 141
82 128
80 280
18 275
61 205
71 172
52 74
210 262
210 269
281 283
74 200
109 238
149 213
183 268
43 222
236 276
88 211
170 176
48 223
9 44
48 55
68 114
12 189
196 266
281 297
78 281
118 202
110 143
96 206
91 176
210 231
235 240
10 146
153 173
161 200
118 229
78 148
19 194
68 121
50 172
158 251
14 34
129 148
151 247
123 254
173 178
217 275
180 236
81 286
28 164
69 90
16 98
245 251
99 233
230 279
200 262
11 250
101 190
39 101
105 193
215 292
107 267
146 175
123 197
9 157
188 282
63 145
160 253
167 204
214 217
126 277
228 266
90 183
133 253
55 199
212 219
226 279
49 194
127 143
174 247
159 172
43 250
206 256
52 139
194 291
33 121
30 229
8 51
14 238
111 205
27 286
4 274
21 226
161 283
25 57
253 276
94 255
72 189
112 115
151 287
79 239
57 265
59 274
54 243
102 134
5 280
60 289
126 186
123 179
89 268
5 171
17 79
24 122
99 290
125 233
188 228
24 162
143 276
55 253
76 218
141 202
193 215
154 199
230 248
52 159
139 142
154 268
117 131
158 293
29 94
27 292
91 168
148 156
78 260
79 210
190 207
73 268
268 295
103 146
19 72
210 287
128 207
20 121
47 256
48 59
62 141
36 82
110 219
223 278
46 53
30 231
132 167
37 89
30 190
54 134
2 137
236 294
144 203
17 26
101 193
173 214
178 232
26 265
218 292
132 233
78 85
145 281
97 119
111 276
122 286
191 238
13 97
62 261
110 274
261 264
71 84
24 185
96 277
125 238
193 257
55 111
68 167
16 199
124 144
200 218
227 246
174 268
126 244
53 243
169 207
65 230
130 236
167 196
62 251
167 269
153 274
223 267
144 220
180 280
197 242
74 217
76 166
55 190
33 274
43 254
93 171
117 211
55 204
191 260
88 296
65 125
82 258
13 158
116 260
172 285
121 240
169 261
46 66
79 91
197 243
25 268
52 167
143 153
58 141
2 45
4 36
37 189
124 281
128 257
32 112
132 135
238 295
62 277
88 215
109 284
102 126
206 296
149 278
125 237
116 154
97 142
103 200
127 273
135 141
115 195
108 241
37 263
212 241
265 279
20 88
46 82
250 294
249 255
133 256
17 283
66 238
123 223
22 153
68 122
45 109
228 234
28 219
33 146
147 177
127 134
47 189
59 257
72 262
112 229
171 248
57 221
277 283
131 273
79 84
208 224
38 123
257 291
186 236
206 275
72 183
18 235
181 183
9 162
113 216
49 128
144 270
74 111
184 188
82 146
122 237
52 198
34 204
43 112
79 118
95 267
66 135
173 285
95 161
71 157
158 256
194 255
55 183
249 281
26 174
79 180
133 212
31 292
65 232
63 223
36 244
262 285
203 249
278 279
85 90
222 230
173 220
126 129
40 214
248 272
116 224
90 271
81 264
116 134
65 104
2 115
10 96
38 64
189 199
36 140
19 41
4 256
205 254
47 137
5 225
74 139
109 263
111 281
8 239
170 286
204 278
104 124
22 219
40 56
85 228
169 242
73 129
49 165
41 202
78 272
66 126
145 186
106 235
246 265
99 294
83 253
115 277
101 280
258 294
67 125
185 228
188 218
87 139
219 256
86 158
118 126
101 152
26 149
180 207
6 137
119 144
176 224
38 118
125 132
26 137
105 247
24 259
221 286
100 194
139 206
90 291
208 276
251 279
92 176
16 107
192 203
17 27
68 217
207 229
68 134
16 118
38 223
150 267
12 254
117 287
115 285
65 147
171 281
228 246
208 295
74 221
159 234
39 53
31 81
119 186
81 205
120 208
128 162
60 156
68 127
126 243
262 272
3 11
66 265
117 163
104 255
20 135
223 288
256 292
48 174
75 149
38 147
29 45
65 80
90 102
206 234
20 130
92 198
33 79
82 115
23 146
192 219
116 233
58 134
136 270
159 215
16 261
42 152
141 153
44 63
54 119
162 178
90 211
129 144
6 36
69 149
109 287
34 228
172 281
130 232
1 25
106 288
21 214
4 190
116 252
270 292
133 269
114 179
67 93
115 150
175 276
146 251
114 278
3 250
232 288
103 287
43 287
156 261
103 117
61 164
145 184
216 219
35 180
83 126
54 240
101 127
128 173
110 133
13 269
50 125
197 266
71 240
13 246
153 275
10 76
166 248
2 25
33 71
14 214
30 193
41 141
137 161
55 60
53 101
176 286
51 153
28 222
32 138
134 226
65 151
164 196
140 156
119 161
48 136
82 199
16 277
177 276
242 279
178 195
216 253
123 135
3 76
67 123
46 258
9 255
206 247
38 191
273 294
182 219
231 289
12 296
61 208
150 189
50 96
66 257
207 236
53 152
126 154
33 258
99 129
20 183
57 182
145 286
158 244
85 116
242 280
147 276
57 132
22 221
88 168
228 241
109 111
164 217
87 122
129 281
129 204
78 91
220 264
106 119
247 269
80 244
231 253
213 287
14 173
96 121
62 264
97 284
150 268
21 287
105 290
180 270
200 229
48 88
219 252
34 46
108 189
134 244
34 247
34 260
52 192
67 196
228 255
23 114
74 80
107 263
20 164
96 203
113 137
160 171
251 273
58 162
271 290
121 194
178 290
231 274
60 77
123 134
114 236
16 59
33 268
224 270
178 225
7 92
84 218
123 143
18 154
8 194
166 197
204 282
117 157
179 261
16 40
115 158
126 286
19 190
81 139
165 206
62 291
97 199
59 244
86 151
110 265
24 165
114 187
15 267
44 270
109 219
103 123
199 235
100 205
184 279
26 52
77 136
28 179
187 264
135 273
20 257
15 35
27 59
114 291
91 124
40 144
15 168
147 160
104 199
142 229
52 166
146 280
34 205
271 277
22 129
95 196
58 276
78 293
70 159
3 87
55 269
63 129
42 291
32 93
73 187
27 274
78 139
157 190
119 172
23 120
245 281
3 79
33 53
271 288
23 121
177 281
158 204
17 119
219 265
72 210
269 280
209 268
81 256
109 164
2 49
9 68
87 138
119 297
199 266
84 283
39 111
54 173
72 270
18 57
230 252
124 154
0 145
155 226
101 131
219 241
234 284
21 43
184 272
208 217
42 80
187 256
82 118
148 293
204 253
143 188
22 167
66 243
140 232
106 259
140 218
159 182
175 280
33 228
183 287
126 185
10 91
123 292
81 159
46 206
89 211
11 271
10 195
11 233
190 223
51 166
132 270
37 175
95 253
86 277
30 164
194 228
25 112
66 167
97 215
93 191
11 91
107 233
95 164
31 269
22 70
11 269
111 293
40 294
39 43
154 258
78 137
43 45
172 214
155 166
151 211
127 217
142 232
157 267
100 295
55 250
90 296
26 48
67 142
193 254
44 79
40 222
132 152
106 242
145 242
46 232
198 271
45 297
46 154
111 285
108 211
161 227
102 214
14 75
91 242
130 197
197 220
124 267
121 177
89 189
175 216
10 93
111 153
90 229
80 99
46 62
67 124
138 171
240 255
138 208
36 193
63 250
96 244
43 258
32 72
28 165
220 250
218 244
6 129
5 50
227 265
113 118
66 97
54 184
50 194
123 196
76 252
261 290
15 94
73 165
64 287
92 293
50 192
183 288
109 264
162 281
76 281
8 159
127 218
40 75
230 254
35 254
0 57
176 203
33 262
181 279
12 128
89 108
207 213
118 222
186 270
115 121
122 175
246 249
91 98
122 255
84 167
158 245
33 234
125 184
1 124
57 129
198 222
112 174
62 219
70 104
176 181
67 76
93 95
28 29
2 253
85 93
121 137
102 237
23 158
106 121
8 48
46 223
151 173
46 58
55 148
6 177
76 91
169 172
211 274
242 296
36 161
226 292
130 160
56 80
70 73
70 257
38 237
221 244
85 113
28 111
21 171
24 31
65 285
205 216
117 219
90 242
202 249
191 220
59 101
5 264
9 29
59 75
134 216
27 35
35 98
101 242
184 225
44 228
75 294
134 284
49 51
203 287
119 207
4 192
237 252
183 221
140 287
254 263
12 105
231 280
226 243
106 229
7 100
37 58
209 238
29 110
175 291
183 243
92 255
126 228
1 255
20 30
140 190
59 225
78 192
82 224
154 184
15 286
239 286
11 39
43 231
181 275
39 124
110 281
73 83
180 183
227 286
103 191
21 79
192 205
98 115
17 223
101 144
57 278
34 94
165 240
260 265
65 82
101 177
53 235
14 175
215 254
96 232
191 295
224 260
49 203
38 43
66 144
113 190
176 191
104 266
179 281
284 291
7 250
33 205
55 251
144 285
220 272
147 288
82 143
60 124
55 122
23 52
133 169
50 147
134 268
143 160
108 146
241 248
126 290
29 134
209 224
178 272
28 194
113 124
25 82
145 169
12 68
202 237
18 40
29 158
25 241
123 231
34 179
94 143
139 273
0 200
14 19
231 276
62 136
142 277
100 128
194 252
46 161
224 253
163 293
43 64
167 277
141 245
8 34
12 39
109 273
42 270
180 208
36 174
137 177
184 242
113 238
30 201
98 142
247 266
160 165
100 182
40 51
151 166
102 257
45 198
0 243
184 217
42 214
83 125
0 171
83 242
136 208
6 263
7 227
70 169
95 212
229 256
26 36
49 198
254 271
80 166
266 269
229 240
163 235
23 76
84 253
5 57
185 243
153 278
29 58
165 231
231 245
113 206
80 268
128 189
58 248
96 238
85 285
98 243
65 277
116 192
46 205
13 134
147 166
2 97
63 185
103 121
194 218
102 284
200 246
242 251
179 272
194 242
96 145
5 162
240 289
163 170
162 271
234 285
116 128
13 281
92 143
55 116
49 217
17 149
108 170
113 236
28 181
54 115
84 121
59 228
54 132
86 212
0 35
107 250
28 123
136 162
81 231
156 268
35 198
29 293
201 258
196 293
54 89
29 230
237 285
56 246
252 283
193 256
91 276
270 277
111 245
64 282
148 259
27 241
210 213
47 191
4 189
181 288
126 204
19 184
249 266
57 126
170 215
24 119
240 248
122 219
159 192
195 199
58 192
151 158
40 53
9 197
35 80
87 179
213 246
66 163
1 98
10 273
0 162
7 179
39 56
160 287
22 254
10 68
109 276
103 104
44 244
68 126
53 77
80 246
105 200
24 189
209 236
40 46
128 167
89 102
18 289
2 238
73 123
165 215
83 297
196 244
1 187
165 223
71 136
258 266
93 287
23 246
14 17
26 59
15 75
13 47
14 217
216 293
158 173
127 136
125 253
35 200
90 178
23 279
95 285
91 202
66 292
49 290
48 116
152 226
101 268
170 206
54 199
184 244
1 148
164 219
96 229
126 295
203 204
110 240
88 151
190 282
37 157
204 212
47 118
94 164
196 229
26 91
257 282
226 260
275 296
27 128
103 192
87 246
105 180
8 140
63 193
84 233
56 148
162 206
1 68
60 260
140 268
37 256
60 127
62 226
21 183
159 220
44 107
223 242
94 292
236 240
165 166
19 89
132 178
48 264
240 277
47 162
0 224
156 280
89 281
54 249
31 238
127 285
122 208
35 242
65 295
247 282
80 259
59 132
78 118
63 115
120 191
114 289
164 225
28 101
151 259
19 28
135 156
214 270
113 114
39 158
181 228
55 234
133 137
218 290
144 224
146 275
70 74
3 191
34 267
130 149
61 170
106 291
118 278
260 272
43 260
106 256
153 267
140 167
46 77
85 87
118 189
160 251
129 220
49 239
156 182
228 259
57 170
100 215
153 218
22 201
208 271
132 198
122 186
199 221
17 46
139 144
106 253
109 176
4 246
198 229
88 259
226 286
156 172
185 260
0 23
115 253
219 294
35 202
49 263
212 286
5 158
58 261
89 215
7 101
20 148
180 229
40 130
96 240
202 296
22 294
294 296
229 296
144 229
19 146
196 227
146 150
225 282
162 217
15 71
76 79
51 61
53 210
36 224
189 282
272 294
59 276
18 264
198 290
197 297
168 289
15 145
183 207
183 225
15 22
241 266
87 178
38 193
33 161
19 59
8 216
177 219
136 284
126 152
92 94
34 85
155 208
185 242
102 254
69 232
54 175
210 236
67 104
58 256
54 203
0 202
85 276
211 242
165 210
62 254
177 249
213 231
134 264
3 91
265 282
4 136
89 291
152 271
97 104
28 260
97 174
40 184
151 202
19 214
106 122
66 286
67 68
28 203
65 225
57 195
39 176
170 228
58 220
111 290
1 54
183 193
99 262
236 263
17 60
27 30
43 208
19 97
109 168
79 193
219 283
194 232
198 211
37 142
22 138
78 231
128 278
7 246
119 138
63 222
265 291
40 159
222 258
195 228
35 173
25 60
53 98
265 275
3 17
197 244
174 254
107 115
73 119
121 296
139 208
160 263
134 279
156 176
86 147
1 186
10 88
123 286
245 288
110 202
97 147
103 175
96 112
23 249
24 239
111 140
151 160
20 133
219 237
201 239
200 242
195 259
36 132
156 207
145 284
107 212
54 178
110 226
24 290
4 173
45 293
82 244
232 252
80 165
209 258
232 291
5 76
120 259
114 183
225 270
87 207
30 147
131 262
53 185
179 196
126 240
23 72
48 78
40 209
237 270
248 257
113 251
170 199
126 296
76 244
3 224
77 79
72 205
14 222
207 210
106 139
42 167
98 145
75 240
175 212
128 234
107 211
139 271
79 285
23 266
148 183
191 229
145 202
35 77
97 236
86 251
53 172
74 156
57 217
78 114
76 99
97 256
196 200
56 127
55 63
36 37
74 206
123 206
190 254
52 111
132 182
27 44
219 255
39 162
48 182
160 241
28 170
181 198
37 230
214 282
24 149
48 139
149 274
22 100
154 214
140 296
95 133
132 169
189 245
0 124
99 158
68 165
144 297
74 275
122 287
91 166
8 15
25 130
235 257
130 292
148 282
130 152
219 254
243 287
85 164
67 189
167 229
49 289
179 265
2 99
3 183
197 215
44 147
100 216
98 186
78 180
143 261
19 199
109 121
230 235
118 137
70 262
216 232
233 271
56 98
140 160
195 204
235 246
167 209
80 174
46 109
79 154
0 64
26 278
147 232
234 252
11 189
204 289
65 106
83 233
232 272
39 161
51 64
50 243
89 264
173 295
70 107
35 149
169 224
12 268
34 176
69 130
9 235
14 253
11 262
141 238
20 165
4 122
16 137
10 272
21 185
10 294
242 283
11 275
39 197
61 252
38 170
136 232
234 237
98 291
9 271
8 60
5 154
284 292
8 143
187 267
9 19
23 192
226 252
223 293
77 90
24 49
117 238
117 125
171 254
192 214
35 220
10 193
12 45
12 71
127 225
20 64
60 97
60 112
56 173
88 134
48 61
70 179
5 295
78 240
25 296
28 271
74 240
57 272
38 241
57 293
38 204
74 287
77 105
89 152
113 257
130 137
16 226
16 24
3 181
12 146
65 150
116 183
121 186
125 260
81 218
40 131
89 184
57 194
16 203
66 107
161 219
23 109
206 267
18 35
57 75
40 211
117 144
167 254
74 285
103 271
6 216
216 222
45 62
139 175
150 289
260 290
136 191
15 121
29 173
49 164
202 241
55 213
236 283
88 284
117 223
12 272
52 117
74 246
5 246
185 244
7 262
36 157
251 278
180 195
232 264
156 196
107 214
73 102
60 182
140 236
152 222
56 181
238 250
219 270
170 295
17 211
79 101
233 240
70 270
111 257
6 17
1 188
45 158
144 231
208 270
28 80
107 293
35 275
67 253
91 269
98 276
15 134
221 256
19 189
200 204
36 77
144 277
118 287
19 163
101 243
175 269
107 204
119 268
114 137
89 205
66 157
120 279
81 153
29 163
135 218
54 226
16 240
158 167
199 219
0 168
111 137
135 285
194 262
131 214
133 236
158 242
109 145
107 185
3 214
69 134
43 201
131 139
14 79
103 288
24 169
24 79
27 112
132 218
78 176
204 224
116 220
17 232
81 187
32 267
15 66
240 273
175 243
30 255
60 236
17 256
7 256
29 80
24 242
19 50
12 290
178 197
81 223
146 190
65 179
253 286
128 258
0 139
90 133
218 288
57 172
113 256
138 225
223 238
111 292
7 110
181 192
155 255
83 251
220 270
107 257
101 256
6 153
16 288
1 125
22 282
4 68
93 242
14 296
211 246
134 283
7 102
55 178
36 116
61 211
114 196
13 198
55 59
195 245
18 51
51 211
128 175
18 74
128 289
109 159
19 258
78 89
194 209
100 195
69 148
175 262
147 285
15 126
44 68
98 160
109 239
54 108
213 288
245 296
173 175
163 201
168 213
141 265
98 119
78 237
73 229
68 178
142 169
176 216
128 241
56 296
61 121
217 271
108 294
109 169
190 263
225 294
111 211
246 259
260 275
19 203
84 289
12 231
121 182
1 141
36 241
147 183
22 257
150 297
159 188
41 56
83 266
144 246
83 159
189 267
97 105
61 150
176 196
86 176
60 126
37 179
114 200
136 146
58 140
107 133
207 269
138 258
21 192
13 35
69 260
42 243
87 132
201 263
176 182
89 197
183 245
274 289
113 290
23 47
197 267
41 69
34 45
30 160
11 215
224 264
91 133
99 216
217 264
35 258
107 151
58 239
117 294
4 106
209 235
130 205
69 120
137 159
89 297
84 206
61 243
25 278
17 123
47 235
172 176
135 202
206 235
147 229
210 277
53 156
100 201
6 111
1 56
212 213
52 160
123 234
70 138
51 100
8 183
51 185
95 219
88 117
38 136
18 104
175 287
19 34
85 149
82 274
122 221
140 282
12 136
59 90
131 281
176 227
137 238
52 67
191 253
93 225
100 146
74 215
196 291
83 176
61 251
8 204
32 161
58 133
82 225
142 265
63 281
153 293
41 45
56 233
279 285
146 182
13 232
107 182
138 243
71 206
220 230
166 261
62 86
9 140
15 27
0 186
149 212
22 49
46 249
76 266
68 91
161 297
188 220
78 214
253 259
100 273
2 163
233 276
102 197
12 261
138 249
41 258
147 286
55 132
102 108
20 240
264 287
86 186
100 183
172 188
39 201
150 210
238 278
30 252
46 211
232 258
227 273
50 263
185 188
142 292
102 151
165 251
97 130
19 124
87 260
45 121
14 178
236 274
102 259
92 158
196 273
122 135
180 291
54 223
237 261
219 235
84 286
88 173
17 224
205 226
84 112
37 201
63 161
257 273
121 195
63 97
52 75
29 196
24 225
10 248
124 205
161 176
96 154
75 229
72 95
184 247
128 169
33 153
100 257
30 269
32 239
139 187
55 184
131 242
60 67
221 252
153 211
28 245
156 276
152 168
45 236
71 257
69 170
75 85
29 61
127 182
133 249
125 245
41 89
3 44
164 265
99 177
164 216
139 185
136 149
155 269
71 161
257 296
32 153
51 66
106 205
122 193
2 198
81 257
149 189
146 279
0 117
126 237
43 118
10 144
69 225
161 213
87 233
9 100
16 268
196 258
181 293
56 103
141 194
41 214
238 262
88 141
54 193
36 88
43 225
203 210
108 212
79 297
19 219
2 127
93 167
84 291
12 273
109 236
92 186
104 202
88 193
44 222
27 65
28 110
153 263
87 99
41 203
44 231
76 82
32 86
15 181
12 26
79 144
15 210
88 191
6 212
66 268
146 211
34 206
56 142
19 65
195 224
150 203
52 115
0 269
70 201
43 234
154 269
81 193
140 192
6 275
148 169
88 126
124 137
73 140
113 131
192 212
236 238
14 37
143 245
9 152
21 141
110 195
172 191
214 274
109 227
80 224
40 167
37 148
77 132
90 167
48 222
21 199
165 260
212 266
51 256
34 191
140 220
12 40
2 43
204 287
92 240
98 192
56 229
159 244
2 139
118 290
177 183
29 242
11 30
106 211
19 78
12 42
91 184
62 269
233 250
227 296
120 284
86 219
121 126
59 109
57 267
118 143
151 261
222 251
86 131
199 261
65 189
97 158
243 286
238 285
122 265
136 142
69 212
26 165
166 297
164 277
93 273
45 102
197 288
37 266
101 216
14 211
64 104
80 151
99 267
232 265
171 192
50 106
124 161
207 245
143 152
98 195
27 200
14 276
271 275
27 70
102 191
133 145
178 209
133 192
2 26
266 280
145 261
37 77
49 176
123 207
272 280
153 180
57 297
83 230
61 89
47 79
235 269
262 294
126 205
19 275
94 136
179 266
170 270
45 104
27 269
260 267
88 121
169 287
2 29
83 294
172 271
85 239
166 230
14 287
186 288
168 246
17 228
84 256
143 235
187 266
60 297
79 93
62 236
239 241
169 256
40 121
13 52
34 52
58 264
7 59
62 71
31 169
121 244
157 261
126 176
30 216
60 92
36 172
83 228
38 182
101 241
51 128
19 233
39 155
87 245
55 182
32 291
189 200
36 209
90 169
105 275
4 17
222 288
28 202
135 296
238 240
40 77
110 132
6 87
68 290
56 110
187 288
124 257
187 205
151 235
75 252
139 191
180 282
117 120
247 286
239 267
31 163
37 252
34 155
59 287
75 131
112 180
64 135
243 265
82 158
82 114
138 254
96 108
104 180
157 175
48 191
3 9
133 184
95 197
43 154
145 282
44 256
106 141
27 246
62 192
190 297
88 113
24 113
107 109
87 223
44 57
287 289
186 286
31 133
44 89
217 243
38 68
199 212
127 139
4 250
187 277
73 92
6 292
58 250
18 216
220 257
171 193
41 282
208 265
122 136
59 246
139 148
180 262
69 121
14 248
238 251
265 284
72 192
117 204
30 241
63 243
231 250
201 295
35 143
170 253
79 98
60 273
64 261
39 143
190 208
107 205
12 69
99 265
124 237
88 96
149 211
104 213
98 100
54 207
0 113
119 199
14 108
101 160
97 144
13 151
38 89
73 280
130 291
4 214
47 294
122 127
143 178
105 204
22 227
148 241
92 280
11 213
2 117
90 138
86 209
87 151
73 141
32 77
18 185
9 282
205 249
102 200
57 210
14 68
131 292
38 235
113 223
245 276
22 144
66 100
9 102
64 235
181 271
118 219
98 293
106 132
185 207
212 258
97 184
215 231
234 253
19 181
110 139
80 162
202 233
37 65
4 188
175 244
192 236
185 253
19 260
49 67
201 287
76 282
2 21
74 225
146 243
34 79
91 189
53 129
209 216
12 141
215 288
116 180
54 189
61 174
56 287
66 229
64 238
135 287
25 48
5 205
263 275
200 237
159 289
55 118
172 221
50 260
189 240
51 184
80 272
54 221
35 153
164 184
218 259
158 253
25 50
122 130
13 161
21 47
50 230
95 187
179 213
126 196
54 248
95 107
56 69
134 220
147 191
4 114
62 237
98 139
27 125
88 238
157 232
66 172
54 285
45 289
11 183
46 70
187 272
144 206
55 100
48 270
32 105
37 50
159 226
54 198
122 185
27 75
178 190
14 266
16 152
190 258
148 224
146 184
215 221
113 182
199 262
1 33
159 252
52 158
29 214
151 238
52 106
74 83
9 58
23 206
184 273
109 183
56 237
31 125
3 103
13 256
104 283
122 293
5 113
100 107
93 281
171 278
233 262
168 277
241 290
68 156
211 279
114 215
188 265
81 181
32 103
76 197
218 285
1 83
10 41
131 266
199 232
79 258
86 233
91 291
33 199
199 260
250 281
141 157
242 278
175 186
49 125
24 35
39 93
30 123
5 44
61 215
13 124
39 273
224 278
9 99
29 251
116 144
94 129
170 278
32 285
169 270
207 259
190 285
1 49
126 270
61 281
7 146
104 276
27 60
140 155
76 249
50 103
230 245
198 223
39 209
248 291
188 219
30 243
29 217
87 257
157 266
155 219
61 131
11 33
109 243
212 234
23 245
134 169
95 130
19 187
54 92
165 249
32 33
74 227
104 290
209 297
217 270
83 146
74 251
67 195
107 174
239 285
47 292
130 148
191 279
124 209
90 214
47 109
224 229
68 182
73 178
217 253
183 291
113 240
106 214
2 279
166 294
70 111
119 252
47 110
137 224
144 275
76 186
4 137
223 297
155 277
30 166
99 257
56 65
107 136
79 114
13 277
52 92
6 240
21 284
8 132
190 279
42 184
11 256
278 281
89 212
106 265
110 223
119 226
104 155
16 173
31 156
93 210
275 286
210 224
0 177
155 287
65 228
98 296
47 49
33 58
107 190
86 96
53 206
144 156
5 26
68 261
286 294
53 79
52 209
130 161
96 242
58 273
193 274
90 283
49 292
79 225
125 243
22 242
86 222
135 259
216 275
25 286
54 71
78 275
10 264
73 179
42 43
169 175
61 94
46 151
93 217
13 242
39 90
167 246
54 135
10 254
55 161
22 44
120 127
144 265
133 227
83 175
102 233
88 171
103 163
221 234
136 166
186 262
19 137
6 156
0 5
114 165
23 263
118 163
127 265
75 110
23 141
104 265
7 122
4 198
185 206
21 100
51 201
26 177
132 259
134 186
175 191
53 255
1 151
64 224
37 275
2 134
19 84
105 287
56 294
60 108
171 176
76 131
84 99
105 129
46 116
100 179
20 102
29 194
75 203
94 138
84 282
215 289
93 254
89 276
98 128
188 232
77 107
213 214
33 155
107 158
101 138
220 241
195 200
69 78
74 122
45 151
219 226
70 160
253 258
188 288
54 176
114 270
231 295
45 130
215 239
142 188
101 115
178 277
170 233
24 30
43 94
20 28
201 223
18 54
57 152
51 275
124 293
43 253
149 210
112 227
147 167
109 247
102 157
118 119
149 263
261 263
115 128
163 169
158 258
2 270
28 57
177 227
119 195
216 226
43 171
55 152
60 113
129 136
96 189
31 36
204 235
21 269
211 213
82 210
3 297
172 190
43 182
182 231
13 82
235 296
14 81
77 240
87 242
100 208
141 148
66 283
15 218
246 282
65 168
5 20
74 118
3 258
102 231
53 294
41 92
24 73
85 125
44 162
55 109
217 262
172 269
119 205
112 249
72 111
28 225
62 206
90 122
57 225
51 180
1 97
123 287
61 87
42 209
50 214
19 284
37 53
50 200
74 119
4 20
166 234
200 279
134 202
17 179
49 272
21 191
78 183
34 117
90 290
39 132
27 188
142 296
6 251
8 181
141 173
4 260
62 284
104 114
51 88
35 93
70 219
23 200
194 243
12 266
54 160
34 89
10 145
40 241
92 128
59 222
71 219
84 186
160 255
83 152
52 178
182 264
62 207
149 197
23 129
16 184
25 56
204 220
23 234
155 249
55 69
109 231
110 118
141 280
186 235
65 129
68 215
34 47
82 190
55 66
129 229
97 254
45 229
32 283
53 225
38 281
182 295
199 259
234 277
126 261
246 284
235 270
19 227
54 130
278 290
79 241
77 203
64 154
92 277
82 187
59 256
27 57
8 75
158 283
156 174
41 280
25 151
137 196
14 203
22 187
240 283
212 255
21 111
33 160
76 96
12 213
9 258
17 159
245 256
10 46
25 221
93 292
144 252
71 143
38 83
158 172
238 255
126 157
34 116
54 93
85 210
75 261
118 145
126 251
33 288
260 276
271 282
24 98
56 201
187 233
55 128
4 292
89 213
134 285
256 294
12 238
121 286
129 214
120 164
71 145
95 213
17 246
41 292
29 74
119 239
193 289
161 250
62 259
76 170
182 249
91 187
117 166
53 270
93 103
217 256
80 237
4 258
65 272
20 104
76 272
81 263
181 259
142 212
60 266
162 164
234 261
17 249
149 204
158 287
91 147
89 278
84 285
33 93
57 114
3 26
151 243
47 126
68 257
13 18
172 235
29 126
21 78
151 219
16 35
30 143
0 95
67 233
59 111
247 267
188 211
154 164
64 225
42 280
44 110
20 277
18 19
170 277
0 104
54 112
67 293
127 293
13 183
36 41
1 8
77 156
110 238
38 62
49 121
30 159
109 293
5 27
121 153
68 240
49 71
110 232
128 204
133 173
200 251
29 222
96 200
81 196
113 289
219 258
6 154
215 243
176 246
39 142
124 201
3 50
0 291
99 282
79 175
9 246
6 232
11 14
140 270
153 161
74 281
11 193
180 227
193 243
120 295
75 237
105 225
132 150
116 283
60 251
127 271
34 266
70 126
21 265
167 189
133 292
69 189
46 259
220 267
161 194
71 103
17 174
9 125
116 135
78 224
26 116
31 233
7 87
101 220
26 113
229 238
52 127
45 188
132 238
134 145
165 275
57 239
88 91
110 221
33 209
143 199
121 281
12 131
43 124
180 204
112 250
99 241
82 220
133 293
5 245
33 110
118 235
22 142
65 86
93 201
73 148
175 237
189 280
169 285
50 153
99 147
84 180
130 142
119 130
67 165
90 146
31 116
96 177
103 294
66 182
47 291
193 272
223 263
219 272
15 151
30 31
124 183
6 26
96 207
58 88
189 285
20 43
76 196
131 241
3 184
84 229
52 277
136 212
2 249
110 140
40 49
247 291
217 292
227 262
84 223
77 221
62 281
53 122
72 169
67 228
66 98
154 256
131 284
193 235
42 171
141 278
0 227
159 212
43 232
125 216
159 177
80 93
86 266
77 212
39 254
13 132
80 274
93 250
1 66
34 39
73 149
5 122
165 167
3 77
109 112
61 134
204 274
26 180
27 94
181 182
2 278
15 186
141 281
255 284
33 86
12 247
63 165
134 228
104 119
80 265
153 203
42 261
72 244
183 210
90 272
93 239
146 166
70 252
5 174
114 225
154 225
233 242
31 159
18 236
87 112
252 262
23 106
50 209
21 50
180 187
124 135
61 287
4 26
74 128
118 124
8 92
285 290
4 269
102 252
164 292
37 251
212 289
37 265
250 296
32 85
65 159
184 281
68 71
108 179
41 261
16 65
138 164
93 132
4 105
80 168
18 243
17 244
12 83
133 147
196 263
50 104
112 264
242 274
56 88
20 253
43 67
45 51
87 218
247 296
232 234
79 215
6 104
17 251
46 170
141 231
22 209
66 171
95 241
55 93
92 110
231 261
256 279
28 290
203 279
215 217
35 244
17 225
31 111
124 258
227 230
83 270
46 267
160 281
286 296
48 141
38 177
12 180
139 211
20 212
31 143
58 104
18 24
169 291
155 232
0 257
91 229
141 289
76 113
56 66
189 219
120 268
168 233
3 174
106 232
125 297
16 247
88 189
83 188
244 256
5 272
142 193
27 258
11 121
150 250
118 239
77 168
117 267
183 227
50 237
22 57
86 110
23 171
188 214
83 164
151 196
90 186
11 73
212 215
2 7
56 165
157 214
213 251
90 193
259 293
143 147
53 67
250 283
7 236
99 197
28 178
138 229
165 250
62 178
227 245
83 203
134 213
193 285
241 296
96 164
205 262
19 249
15 263
93 218
33 67
71 130
105 278
149 273
63 120
89 208
8 296
38 164
97 293
10 14
137 146
73 231
166 196
162 233
1 126
42 62
71 89
71 292
23 264
199 288
71 237
29 107
73 279
244 284
4 223
44 129
39 173
15 45
140 150
92 122
88 278
104 151
20 180
35 157
8 217
193 247
253 294
83 220
84 272
156 209
104 147
87 203
45 257
69 77
47 232
47 234
17 214
182 256
90 92
33 290
150 152
42 53
207 237
197 268
106 173
36 126
22 172
20 267
25 71
88 217
83 292
41 108
125 277
100 156
107 264
205 225
236 295
9 212
236 265
30 82
126 234
123 236
43 244
27 132
53 65
98 103
143 292
5 15
163 282
104 187
90 119
135 172
90 105
249 275
137 267
111 277
16 99
80 112
117 196
242 271
202 246
203 264
248 249
123 182
62 185
60 83
44 235
186 248
129 135
150 166
23 250
57 76
57 188
136 236
74 292
63 202
30 62
99 123
32 235
75 215
215 233
16 23
132 236
142 206
117 251
112 182
45 117
6 96
223 246
38 187
145 243
167 297
23 54
244 296
113 281
84 120
101 199
118 218
157 193
30 237
95 286
65 203
38 195
3 39
112 117
140 204
32 195
138 153
108 152
108 129
100 256
6 115
99 270
21 297
2 118
119 249
59 211
265 278
58 154
22 285
102 224
51 90
88 105
221 280
186 222
29 297
35 72
92 106
221 257
43 163
72 273
144 292
118 195
79 132
58 265
174 281
206 244
51 121
16 64
98 151
151 281
111 159
152 182
109 199
43 247
145 150
116 132
53 126
161 253
167 188
107 200
17 105
147 195
29 157
39 171
187 210
56 265
134 208
103 113
114 224
2 77
61 225
111 271
150 234
127 256
182 199
59 213
90 256
86 280
169 188
108 109
27 193
249 278
129 284
181 256
125 164
90 160
78 211
61 261
33 73
60 85
51 164
122 184
77 292
58 126
217 281
10 27
52 246
77 259
206 265
70 206
69 288
32 96
156 217
98 147
71 76
42 84
5 98
21 160
1 279
103 262
13 291
129 158
75 123
13 223
215 220
85 281
117 183
40 272
212 220
87 144
99 171
157 171
229 259
255 290
53 191
97 120
15 257
137 168
14 56
97 186
110 185
13 243
17 275
130 251
42 47
101 204
240 242
39 248
157 187
36 178
128 158
46 261
196 288
41 99
32 147
1 92
14 265
26 244
145 221
63 219
221 247
6 48
145 218
123 256
146 153
102 264
39 191
102 143
77 160
17 205
265 277
37 198
167 287
20 74
75 107
58 97
4 96
27 139
101 164
251 272
210 243
201 251
112 217
225 242
45 129
110 273
32 183
38 185
19 121
184 280
199 275
139 264
3 120
34 80
142 286
4 10
60 159
30 60
44 194
121 162
4 5
89 234
109 125
158 161
48 109
25 154
32 273
146 252
33 194
127 184
24 101
82 102
5 89
238 288
29 122
28 162
106 279
158 176
114 182
73 242
164 197
60 89
246 269
183 260
105 219
84 154
59 214
178 189
107 176
40 126
125 152
189 198
262 278
126 184
25 118
123 127
42 181
36 122
61 255
100 163
34 69
56 262
199 222
96 163
180 213
55 214
182 279
249 288
117 199
37 51
85 204
44 252
132 277
153 228
20 120
198 227
6 94
123 200
237 253
61 250
139 157
9 276
97 266
75 125
28 185
83 200
59 77
134 269
165 283
35 211
231 242
221 266
158 267
97 217
10 11
15 92
21 161
40 295
144 155
199 227
137 281
152 228
85 203
193 204
40 183
51 169
31 262
117 198
58 234
102 164
46 142
40 139
5 226
17 203
3 49
21 276
51 217
7 234
217 297
255 289
71 92
160 296
50 294
124 155
205 221
174 193
84 176
13 24
37 289
169 271
59 226
202 276
68 169
18 105
91 186
9 18
148 234
70 154
227 295
3 201
30 154
140 202
89 177
81 248
56 95
87 96
123 193
130 246
82 278
80 235
184 270
27 198
120 238
175 259
138 246
116 286
121 229
180 233
17 129
74 290
160 260
193 207
61 226
111 212
89 191
29 236
209 251
1 23
187 275
93 268
2 212
226 293
114 191
211 249
94 296
256 289
89 183
126 175
20 81
144 227
134 266
237 268
43 172
233 264
84 266
13 146
157 227
80 180
102 172
22 238
64 233
4 221
50 240
23 59
3 291
194 241
87 285
86 120
201 269
252 269
235 244
1 170
135 139
60 109
29 149
110 210
17 45
94 98
51 242
62 271
15 129
3 127
187 268
182 280
55 203
272 278
191 259
47 182
0 242
73 135
216 240
56 261
55 233
98 204
4 212
80 257
66 79
172 215
98 245
147 152
77 84
107 240
134 195
58 236
67 111
138 169
96 285
83 163
75 154
105 234
77 271
164 285
145 156
214 236
26 115
4 148
11 36
99 291
53 288
38 152
86 115
105 283
95 105
150 164
76 107
88 210
37 202
100 155
13 46
20 128
19 71
98 130
29 231
112 208
140 173
72 295
132 217
59 253
63 75
61 124
162 205
44 171
128 194
77 236
41 76
16 269
18 288
137 176
106 219
11 254
76 94
0 58
7 155
71 156
120 265
95 142
117 121
84 232
112 271
89 252
65 120
47 280
191 237
114 202
201 272
187 219
192 246
17 234
224 287
245 272
106 222
23 63
148 178
11 187
3 53
9 278
83 256
88 148
215 260
127 150
17 284
34 253
113 179
39 262
19 64
62 234
23 276
43 161
87 215
70 130
68 90
38 240
90 220
85 260
43 55
13 108
85 294
140 222
252 284
124 235
117 295
182 232
84 182
148 244
111 175
11 205
123 246
61 173
50 141
32 155
179 242
6 274
30 83
54 288
246 291
133 138
10 277
95 263
212 287
76 288
87 243
56 192
6 107
122 227
25 100
19 230
75 140
15 150
14 174
133 261
20 99
189 257
248 287
98 111
57 288
13 74
35 146
212 260
15 271
172 180
190 277
221 271
74 238
200 230
140 244
27 261
51 223
183 278
124 210
61 206
62 205
18 39
28 82
20 84
65 265
85 135
64 136
128 135
184 190
117 284
186 260
243 271
24 188
267 284
62 155
230 274
6 264
157 234
105 196
108 286
98 255
73 234
78 178
98 173
156 239
152 202
131 142
51 54
230 242
247 290
75 139
17 253
68 70
225 292
140 219
29 176
88 97
250 291
50 282
122 139
134 201
105 122
230 285
193 270
14 247
175 177
2 128
216 284
41 125
27 285
262 284
110 137
3 267
13 139
5 7
111 120
6 176
92 287
137 208
154 248
225 239
17 169
97 192
149 280
71 163
62 199
53 106
124 291
55 222
233 243
50 151
101 143
51 267
91 292
137 274
9 32
0 179
31 39
6 90
110 174
18 67
281 289
113 280
87 176
61 288
262 287
150 208
167 240
14 35
106 245
145 227
146 205
54 150
59 157
4 242
33 175
65 169
154 226
2 67
50 122
44 280
55 257
189 284
28 195
32 162
71 276
4 97
24 176
96 156
65 291
165 221
86 108
172 217
91 182
52 172
36 59
195 233
111 160
76 198
35 229
108 209
52 173
55 238
25 236
64 192
67 279
145 193
30 208
116 235
41 259
170 247
29 86
132 253
104 251
148 174
280 292
66 295
32 79
16 159
37 174
194 293
20 25
197 238
0 191
76 204
16 254
66 237
77 106
94 249
51 245
189 215
81 255
0 297
231 262
233 241
129 167
18 207
96 116
160 267
139 216
254 255
81 144
240 286
43 95
30 137
233 253
136 188
38 246
21 228
53 212
103 266
14 218
15 251
63 271
25 42
14 195
193 271
153 162
86 185
14 249
41 104
35 196
43 245
224 290
0 71
26 282
148 205
0 90
53 281
261 267
39 250
10 48
168 259
112 156
86 160
90 267
175 253
205 290
23 70
31 101
183 224
156 230
30 212
199 296
34 159
57 232
13 229
7 13
107 148
77 141
19 22
239 294
9 43
47 75
198 233
36 71
123 259
74 233
52 218
21 274
133 176
32 191
117 282
14 105
195 198
31 82
2 89
30 271
93 293
11 284
200 275
68 233
68 212
111 190
156 287
116 155
209 214
1 268
23 25
103 182
79 188
73 168
33 72
72 150
27 184
142 251
43 89
244 246
171 215
49 192
131 252
56 121
119 165
66 69
54 224
5 187
51 246
187 282
82 221
133 244
169 239
180 275
109 274
214 294
1 175
144 162
161 188
151 233
24 163
17 140
123 156
7 139
276 294
221 290
190 218
47 215
70 274
253 295
97 247
29 72
111 216
113 145
191 240
117 118
67 143
83 211
44 155
1 195
87 292
178 208
7 21
186 278
48 216
113 130
97 287
196 247
100 278
81 245
127 267
69 128
56 81
100 206
97 204
254 295
30 91
10 181
100 265
38 173
216 296
71 150
36 76
142 146
87 158
102 142
45 137
56 170
82 98
39 150
35 140
168 173
151 152
80 211
202 205
70 241
150 269
21 28
149 186
110 136
42 123
183 264
108 151
91 266
54 229
83 247
189 291
83 97
30 89
57 181
30 46
8 118
135 262
12 185
133 250
125 179
8 234
85 151
148 269
112 143
224 267
48 292
116 147
75 244
142 173
64 103
267 288
20 113
171 283
66 160
180 297
32 186
58 119
15 44
179 285
132 195
86 137
156 278
148 285
230 244
170 249
67 71
232 254
275 277
99 168
28 61
240 265
21 291
215 280
53 250
191 258
93 234
157 164
86 164
195 292
35 122
19 294
68 142
174 206
121 278
112 239
89 187
161 249
151 240
155 168
198 201
72 264
43 272
248 294
61 108
16 291
16 286
16 92
210 276
130 212
101 104
123 270
4 283
78 121
44 156
139 269
122 274
185 241
182 237
135 263
11 159
114 248
220 256
154 255
33 54
22 241
41 229
175 184
15 169
265 268
4 156
88 294
139 288
129 138
168 271
194 206
141 256
177 213
159 276
19 268
60 88
119 293
14 93
98 137
140 158
7 33
12 255
140 224
253 268
79 110
58 125
92 235
121 224
105 259
158 159
8 264
33 249
25 282
4 245
11 96
165 228
4 39
109 281
0 131
219 264
45 180
107 246
83 92
57 87
201 284
174 221
92 286
51 62
186 205
42 221
7 48
33 148
138 196
201 214
260 291
222 265
39 293
186 203
17 135
100 117
259 280
59 176
10 224
78 177
162 247
161 255
129 279
67 163
90 227
189 205
45 243
15 133
183 195
26 258
135 290
44 224
1 165
51 183
132 229
92 150
144 230
13 19
24 96
154 278
6 237
26 238
125 258
91 280
134 217
88 223
107 288
244 280
160 238
4 265
84 294
15 42
57 201
185 270
178 278
94 235
35 181
29 92
0 128
60 141
63 141
7 206
118 226
84 258
25 137
144 207
123 239
167 260
53 269
38 125
163 232
75 220
41 142
10 111
39 99
8 38
108 149
34 272
10 92
63 229
32 70
48 235
155 179
27 235
89 219
76 235
203 239
104 125
16 84
129 184
32 165
86 287
212 226
186 237
35 186
2 131
77 229
55 191
176 257
71 108
2 216
97 100
3 107
122 240
250 272
152 275
136 291
93 160
26 145
2 107
61 195
117 145
25 202
6 75
147 263
57 203
92 197
43 101
141 206
201 262
189 297
168 270
157 260
7 265
15 123
24 232
45 97
40 141
109 246
45 87
150 281
102 294
225 290
11 40
21 216
77 92
284 286
148 225
21 55
192 199
2 290
211 297
162 284
84 171
12 279
58 148
81 143
39 49
265 276
107 217
188 241
103 181
45 244
94 254
30 225
96 127
9 187
1 223
64 183
25 55
104 167
154 194
50 266
63 124
9 218
140 276
59 98
85 156
75 295
49 84
57 219
14 85
205 220
178 201
68 100
107 138
142 202
3 177
96 132
65 121
52 261
122 276
100 260
156 244
184 286
13 54
153 165
133 241
85 297
105 183
158 280
11 139
66 191
5 213
153 198
48 249
82 156
16 179
66 137
123 232
40 157
92 245
266 292
146 258
79 232
168 274
106 212
88 94
238 290
60 294
98 281
60 295
97 229
140 257
10 136
83 265
237 275
111 128
73 285
14 261
15 20
17 78
50 108
224 294
44 45
83 150
15 55
48 147
16 28
62 279
172 197
42 134
55 260
203 215
21 248
107 245
9 74
26 182
60 275
47 179
252 277
104 258
35 232
37 98
14 45
249 296
221 249
51 108
152 257
23 242
127 152
10 281
202 227
224 227
237 264
13 244
72 134
202 228
47 154
116 143
36 180
116 133
53 146
183 212
131 180
183 284
81 103
20 134
206 280
68 187
123 210
274 284
156 249
11 238
58 164
245 275
59 264
77 266
13 177
114 250
227 237
86 255
48 79
8 175
128 153
10 225
2 226
179 231
235 243
39 204
154 198
47 241
67 146
115 164
26 255
223 248
126 201
88 220
110 257
145 149
73 131
185 251
24 197
161 203
241 285
120 214
7 219
212 253
152 165
108 178
59 108
148 188
287 288
114 265
93 297
19 290
13 175
139 265
184 189
55 221
101 158
151 182
185 271
95 139
47 124
142 260
41 133
69 123
160 203
43 162
60 117
151 273
70 93
268 296
18 114
6 197
71 104
11 209
90 274
269 294
51 167
2 220
9 115
129 219
23 55
39 230
69 186
163 197
238 269
52 232
64 267
166 218
6 163
44 236
147 212
45 270
158 260
119 210
131 239
112 225
104 207
89 255
111 270
112 170
58 81
73 110
40 242
219 227
52 265
38 243
30 54
215 269
108 141
79 249
114 193
170 230
27 147
113 186
69 179
36 206
110 222
138 272
32 63
13 273
130 178
76 123
110 111
123 284
69 188
10 232
205 278
115 226
213 283
53 105
267 285
20 294
112 241
123 229
73 225
37 241
202 265
94 95
61 292
55 175
144 228
1 156
67 297
216 245
103 241
138 293
171 235
183 273
121 285
200 208
182 255
59 202
120 253
123 251
31 272
214 289
91 241
163 280
149 279
88 120
169 236
168 219
30 180
80 233
23 181
177 217
67 212
232 280
19 173
101 233
100 258
40 285
26 99
57 82
42 271
2 192
146 170
103 250
9 245
20 273
86 211
130 275
154 254
26 267
22 63
113 171
60 282
214 293
69 201
39 85
70 245
63 103
245 247
45 249
91 215
137 282
87 199
66 146
211 292
268 287
68 204
134 237
204 290
271 273
87 141
14 57
147 292
40 195
212 252
73 172
128 273
79 138
48 167
92 134
245 277
41 197
214 264
23 190
210 239
250 267
209 212
17 250
150 249
127 263
56 169
268 291
31 145
136 286
77 295
247 250
61 279
22 183
155 185
235 288
163 187
186 201
179 232
165 201
67 207
26 75
34 249
93 133
110 262
16 109
114 243
187 232
38 142
52 295
36 79
127 257
64 229
40 216
75 134
77 89
80 87
159 164
185 293
59 96
84 141
269 273
67 278
126 135
209 211
63 292
102 289
249 261
14 63
39 146
23 215
10 22
218 248
42 182
34 219
17 137
66 247
73 113
0 109
118 206
73 244
71 181
51 104
22 112
81 210
48 74
74 168
137 253
184 202
138 165
96 243
231 237
156 226
112 135
32 44
110 145
102 156
117 152
23 291
40 208
19 58
67 181
177 236
4 58
284 294
93 196
28 146
24 229
21 220
70 295
13 78
80 210
34 110
150 262
78 191
66 170
133 210
33 193
114 287
226 296
102 131
187 297
159 256
9 72
234 235
37 141
173 270
15 225
24 45
192 290
129 143
95 171
5 81
177 190
68 266
145 203
167 224
37 129
33 143
117 221
35 282
201 275
27 267
239 244
36 267
43 236
46 199
205 284
161 217
68 124
44 112
195 274
202 263
191 234
138 281
3 175
82 113
34 114
166 258
66 147
16 111
44 119
56 73
65 164
195 196
9 199
63 73
165 270
125 145
49 83
100 252
13 187
169 254
123 126
111 186
144 267
73 136
125 241
93 96
124 225
80 130
21 268
12 234
77 277
5 221
12 52
46 262
146 173
55 263
63 224
50 229
94 270
26 128
77 144
53 168
19 66
182 205
0 166
30 251
214 268
164 170
11 15
167 283
74 202
19 63
6 286
66 236
169 225
204 228
10 266
89 117
97 274
42 296
60 248
210 245
4 132
52 108
171 199
17 165
1 11
52 264
73 286
5 82
196 249
181 260
67 275
5 244
209 294
50 169
129 215
168 185
229 251
53 215
159 210
127 201
75 150
114 120
200 225
40 259
34 200
9 59
82 183
86 146
11 279
48 176
157 256
32 127
149 193
89 232
36 192
165 172
148 255
82 179
23 211
57 160
181 231
47 172
213 226
56 61
31 97
64 82
107 203
242 243
33 230
34 226
149 290
122 126
44 196
39 185
78 288
19 205
169 196
72 225
132 142
53 99
40 136
165 196
142 179
139 292
129 237
20 202
248 292
166 215
141 183
49 295
120 240
105 230
14 228
65 245
135 163
29 243
111 217
106 284
77 137
19 297
140 239
215 229
238 272
0 60
128 147
108 111
12 187
144 251
73 259
0 86
121 272
151 277
6 256
7 279
139 214
44 106
82 136
174 212
243 284
86 247
10 164
121 204
115 129
46 247
67 247
49 249
83 219
229 283
40 140
7 204
9 24
15 83
255 272
58 297
122 275
126 170
158 233
168 181
218 272
248 290
57 281
20 190
23 204
108 281
22 246
206 287
116 280
160 230
234 288
63 249
58 247
118 217
14 113
34 201
138 195
116 237
99 140
153 191
146 163
45 185
87 278
7 25
40 254
53 199
157 254
10 233
82 137
26 98
166 267
192 210
60 79
111 275
1 168
152 292
163 239
140 215
233 288
157 233
185 200
128 196
83 171
243 249
139 159
14 120
1 217
57 274
86 223
123 163
173 288
54 174
116 160
102 127
10 250
116 175
84 192
61 179
119 126
208 282
35 133
268 288
130 264
154 162
72 171
116 125
35 37
238 277
135 254
59 92
124 263
173 275
108 185
60 231
11 126
60 65
9 93
28 150
227 272
2 22
119 173
48 175
31 61
74 184
15 185
26 279
68 79
184 235
157 179
25 139
81 163
15 241
130 146
38 213
122 128
69 197
84 234
62 195
99 219
260 296
42 100
161 241
81 228
27 114
70 200
76 115
40 280
87 212
108 131
55 147
71 250
98 131
92 270
46 177
33 168
156 283
86 92
141 181
23 283
40 132
62 99
96 209
91 282
2 277
39 190
20 218
50 239
30 227
73 201
92 233
38 98
17 81
89 226
200 255
124 176
31 254
26 264
18 88
26 187
103 177
48 212
15 90
184 295
260 294
202 223
22 154
44 64
4 278
89 259
95 246
52 107
206 231
96 140
147 227
75 210
139 143
230 246
178 291
134 282
41 95
41 77
64 140
33 169
107 260
107 218
9 177
135 150
115 228
13 157
58 199
69 269
32 294
127 133
53 123
21 181
89 116
1 232
182 285
43 96
102 242
82 196
69 274
190 242
159 265
61 284
1 245
100 149
0 138
37 48
59 249
83 119
208 280
101 178
5 216
124 134
219 229
26 159
59 262
76 143
131 240
50 59
41 263
171 233
10 78
111 138
3 210
130 215
79 289
146 185
135 240
112 161
80 108
51 237
61 69
83 262
233 295
120 277
11 258
108 188
193 261
143 168
186 204
9 181
167 226
252 282
49 94
79 107
231 291
253 263
17 94
103 234
210 281
195 239
40 163
10 238
78 236
94 220
155 209
129 162
2 205
156 255
68 152
74 187
232 267
89 258
53 76
73 256
13 127
66 152
269 283
57 290
154 294
124 215
33 203
133 209
18 25
54 200
5 215
63 109
78 171
49 197
10 163
36 260
22 233
100 251
271 278
32 173
47 255
8 226
49 253
0 69
4 264
117 245
109 140
138 248
224 297
198 234
144 266
124 284
150 274
13 214
32 180
145 201
157 212
24 179
94 217
154 289
209 284
100 228
21 169
61 79
155 174
5 229
21 84
167 235
178 283
220 228
103 130
146 224
24 125
164 284
252 295
29 77
147 290
30 220
87 234
156 293
175 289
27 140
98 283
50 176
15 276
13 143
71 280
59 159
216 252
81 269
100 213
0 174
95 170
66 159
59 153
29 277
17 293
90 230
120 168
139 197
17 164
97 150
201 208
189 191
198 210
251 263
30 232
41 172
50 250
20 127
109 206
109 292
66 82
161 240
39 205
41 97
105 209
201 291
226 283
17 56
60 110
145 155
113 203
221 239
154 291
194 286
39 152
67 147
21 263
87 258
152 201
123 242
115 205
70 283
1 9
18 118
71 201
271 296
57 86
66 250
196 277
1 263
72 161
55 74
87 115
174 237
18 53
114 199
0 133
141 224
207 233
171 250
187 263
44 177
66 156
120 157
222 225
56 158
51 192
17 73
155 231
190 201
233 297
13 126
138 207
19 175
90 150
5 107
30 50
52 71
22 83
195 211
48 193
107 222
32 174
69 106
85 96
22 42
7 24
34 62
73 198
52 233
138 289
104 225
8 297
193 296
27 247
43 84
197 295
12 215
104 238
107 127
184 241
103 235
49 236
37 269
18 59
106 295
49 141
3 90
39 61
259 260
136 297
214 228
63 118
246 257
127 206
22 59
83 227
128 217
201 279
242 289
79 212
60 96
184 222
89 228
5 22
9 57
155 165
4 54
60 176
186 219
80 140
111 202
135 280
217 277
8 116
225 252
130 296
93 237
158 171
37 155
49 168
17 268
280 291
181 210
27 51
144 268
9 279
106 135
45 288
4 63
220 279
161 254
83 226
41 225
46 157
109 259
34 142
186 247
63 154
3 21
91 177
37 223
133 135
198 273
158 175
162 168
47 277
168 250
23 126
113 269
178 251
126 225
181 268
154 174
88 281
143 278
146 282
226 281
5 219
202 287
114 201
150 273
121 251
118 187
63 134
12 267
43 212
20 279
52 113
65 200
66 198
142 197
134 171
64 95
193 279
149 246
73 266
20 175
135 217
48 128
18 31
122 267
125 146
93 209
49 98
72 143
179 275
155 221
27 69
150 230
138 144
9 202
7 244
203 226
73 239
67 85
95 127
163 198
79 222
128 295
42 119
25 37
43 193
154 259
37 82
45 169
117 234
185 281
71 265
243 254
263 269
221 250
177 287
119 196
98 169
32 218
69 208
133 279
45 220
84 225
67 126
80 218
91 123
246 275
50 133
32 37
84 95
2 248
65 163
99 260
54 152
153 289
11 272
61 111
29 59
66 88
52 141
69 162
128 222
79 233
61 152
190 284
165 217
33 47
28 43
88 155
104 297
241 275
181 215
140 250
74 129
12 87
75 249
228 249
155 187
3 186
162 215
65 212
5 252
145 159
195 296
47 236
119 259
132 199
224 282
103 143
2 144
38 82
8 154
70 167
137 270
79 251
76 183
60 249
20 261
130 213
26 31
100 277
63 207
117 232
145 213
20 151
192 279
77 190
42 213
129 261
136 185
246 294
143 248
10 246
52 121
39 62
85 152
51 136
41 128
215 223
252 270
18 233
81 270
32 148
5 147
63 262
293 295
171 288
56 225
209 262
49 158
160 209
29 85
216 220
82 239
252 281
7 79
162 283
75 221
66 235
185 250
188 236
89 250
78 102
5 36
7 183
44 294
5 77
107 216
106 172
9 136
18 145
56 91
150 187
94 267
267 297
91 207
95 235
139 171
95 277
2 79
157 162
11 216
75 230
43 57
103 140
5 235
220 285
154 224
121 143
79 195
93 290
89 238
12 135
88 200
193 246
16 294
129 291
258 273
73 170
64 177
269 289
172 222
137 286
78 130
56 184
38 158
169 227
51 272
233 257
57 94
2 224
239 269
100 120
67 285
174 234
74 219
105 151
242 249
56 157
152 197
101 155
6 259
166 191
118 134
146 160
136 296
93 226
138 212
206 268
215 286
69 292
180 286
128 178
85 172
76 172
115 197
39 282
53 75
129 242
62 245
28 130
114 173
114 285
192 198
73 245
12 170
11 276
43 56
175 236
43 76
178 274
220 226
76 248
54 140
11 113
206 282
77 81
95 218
89 128
123 146
45 119
200 282
97 126
33 291
35 292
177 203
44 53
126 128
156 180
153 215
175 185
207 250
101 189
68 273
110 142
76 87
28 134
79 190
58 161
165 191
162 189
126 257
191 226
42 226
19 207
55 292
56 244
167 288
21 194
37 158
60 286
10 98
27 99
67 131
152 227
24 282
118 285
122 198
190 206
29 256
15 205
116 289
152 243
122 167
248 256
35 75
204 246
124 168
48 106
18 170
36 213
103 290
38 183
48 214
9 285
110 120
164 179
212 293
172 266
118 139
210 214
4 129
148 246
32 60
43 203
131 189
29 108
253 287
176 231
162 177
245 246
71 284
63 99
46 186
12 256
105 133
41 234
178 266
241 258
263 289
27 252
64 127
67 92
167 261
103 203
114 145
13 83
40 189
106 148
49 162
217 282
20 262
111 204
1 202
214 241
3 43
194 211
168 182
56 207
90 273
171 242
28 51
101 270
53 197
25 261
138 190
12 251
11 198
19 156
2 162
226 268
17 65
274 296
213 219
182 261
189 275
41 278
51 67
26 45
73 224
197 253
111 286
144 221
65 234
187 289
25 242
39 133
112 137
40 296
20 32
38 120
75 199
85 296
169 174
102 246
174 196
10 235
71 211
154 284
37 225
5 151
70 266
176 278
110 231
107 163
106 247
158 295
114 146
65 166
164 231
53 114
126 200
195 266
164 240
48 168
39 76
54 196
26 292
155 275
172 219
89 209
44 238
155 286
102 219
165 186
234 245
239 260
45 90
245 257
196 223
152 196
187 201
2 229
63 189
12 281
190 273
41 270
220 249
241 279
11 179
64 180
83 272
236 249
188 268
139 260
73 248
48 68
116 123
223 233
148 230
222 274
222 244
98 105
118 294
49 61
11 259
87 171
105 288
34 293
98 159
132 254
237 278
100 129
142 239
10 263
203 250
90 153
249 254
149 215
11 55
52 130
23 85
100 122
71 153
236 264
92 171
120 194
133 213
99 218
87 297
53 151
11 251
42 173
156 248
37 215
84 199
106 136
141 294
133 281
55 117
213 233
2 51
44 273
155 262
75 246
224 289
209 286
49 281
86 199
91 109
106 290
59 261
101 210
166 212
240 281
24 271
33 55
228 269
229 291
27 195
75 172
104 296
54 290
122 242
67 218
220 248
225 286
118 167
113 243
130 260
56 149
55 212
46 202
18 254
38 52
7 240
0 39
99 230
49 262
25 233
23 27
28 210
75 126
38 256
58 186
129 295
3 128
26 175
7 259
99 118
73 191
173 241
112 151
113 176
32 287
42 222
51 273
22 60
98 203
3 71
60 183
81 295
17 139
120 273
115 181
47 213
52 118
154 217
138 264
122 218
223 236
20 38
224 271
62 92
158 268
17 184
227 233
3 260
44 132
86 139
33 214
85 251
288 296
87 289
142 247
67 242
80 287
66 178
65 117
207 264
14 38
81 118
43 92
45 224
76 141
118 208
78 209
72 106
6 226
180 284
123 158
171 289
111 225
41 247
74 254
142 199
24 219
